2025-12-05 15:31:46,678 - INFO - 限制转换数量: 100 个文件
2025-12-05 15:31:46,678 - INFO - 找到 100 个.rep文件
2025-12-05 15:31:46,678 - INFO - 输出目录: game_records
2025-12-05 15:31:46,678 - INFO - 优先选择获胜玩家: True
2025-12-05 15:31:46,678 - INFO - ============================================================
2025-12-05 15:31:46,678 - INFO - [1/100] 跳过已转换: szqjl_2023-12-26_12_55_13_.rep
2025-12-05 15:31:46,678 - INFO - [2/100] 跳过已转换: szqjl_2023-12-26_12_58_47_.rep
2025-12-05 15:31:46,678 - INFO - [3/100] 跳过已转换: szqjl_2023-12-26_13_02_18_.rep
2025-12-05 15:31:46,694 - INFO - [4/100] 跳过已转换: szqjl_2023-12-26_13_05_29_.rep
2025-12-05 15:31:46,694 - INFO - [5/100] 跳过已转换: szqjl_2023-12-26_13_08_42_.rep
2025-12-05 15:31:46,695 - INFO - [6/100] 跳过已转换: szqjl_2023-12-26_13_12_15_.rep
2025-12-05 15:31:46,695 - INFO - [7/100] 跳过已转换: szqjl_2023-12-26_13_15_13_.rep
2025-12-05 15:31:46,696 - INFO - [8/100] 跳过已转换: szqjl_2023-12-26_13_17_55_.rep
2025-12-05 15:31:46,696 - INFO - [9/100] 跳过已转换: szqjl_2023-12-26_13_21_34_.rep
2025-12-05 15:31:46,697 - INFO - [10/100] 跳过已转换: szqjl_2023-12-26_13_26_15_.rep
2025-12-05 15:31:46,697 - INFO - [11/100] 跳过已转换: szqjl_2023-12-26_13_30_14_.rep
2025-12-05 15:31:46,697 - INFO - [12/100] 跳过已转换: szqjl_2023-12-26_13_32_47_.rep
2025-12-05 15:31:46,698 - INFO - [13/100] 跳过已转换: szqjl_2023-12-26_13_35_34_.rep
2025-12-05 15:31:46,698 - INFO - [14/100] 跳过已转换: szqjl_2023-12-26_13_40_54_.rep
2025-12-05 15:31:46,698 - INFO - [15/100] 跳过已转换: szqjl_2023-12-26_13_44_09_.rep
2025-12-05 15:31:46,698 - INFO - [16/100] 跳过已转换: szqjl_2023-12-26_13_47_29_.rep
2025-12-05 15:31:46,698 - INFO - [17/100] 跳过已转换: szqjl_2023-12-26_13_50_51_.rep
2025-12-05 15:31:46,698 - INFO - [18/100] 跳过已转换: szqjl_2023-12-26_13_54_03_.rep
2025-12-05 15:31:46,698 - INFO - [19/100] 跳过已转换: szqjl_2023-12-26_13_57_55_.rep
2025-12-05 15:31:46,698 - INFO - [20/100] 跳过已转换: szqjl_2023-12-26_14_01_39_.rep
2025-12-05 15:31:46,698 - INFO - [21/100] 跳过已转换: szqjl_2023-12-26_14_05_12_.rep
2025-12-05 15:31:46,698 - INFO - [22/100] 跳过已转换: szqjl_2023-12-26_14_09_24_.rep
2025-12-05 15:31:46,698 - INFO - [23/100] 跳过已转换: szqjl_2023-12-26_14_12_30_.rep
2025-12-05 15:31:46,698 - INFO - [24/100] 跳过已转换: szqjl_2023-12-26_14_15_41_.rep
2025-12-05 15:31:46,698 - INFO - [25/100] 跳过已转换: szqjl_2023-12-28_11_56_44_.rep
2025-12-05 15:31:46,698 - INFO - [26/100] 跳过已转换: szqjl_2023-12-28_12_01_00_.rep
2025-12-05 15:31:46,698 - INFO - [27/100] 跳过已转换: szqjl_2023-12-28_12_04_42_.rep
2025-12-05 15:31:46,698 - INFO - [28/100] 跳过已转换: szqjl_2023-12-28_12_08_29_.rep
2025-12-05 15:31:46,698 - INFO - [29/100] 跳过已转换: szqjl_2023-12-28_12_12_10_.rep
2025-12-05 15:31:46,698 - INFO - [30/100] 跳过已转换: szqjl_2023-12-28_12_16_33_.rep
2025-12-05 15:31:46,698 - INFO - [31/100] 跳过已转换: szqjl_2024-01-12_12_16_24_.rep
2025-12-05 15:31:46,698 - INFO - [32/100] 跳过已转换: szqjl_2024-01-12_12_19_28_.rep
2025-12-05 15:31:46,698 - INFO - [33/100] 跳过已转换: szqjl_2024-01-12_12_24_20_.rep
2025-12-05 15:31:46,698 - INFO - [34/100] 跳过已转换: szqjl_2024-01-12_12_35_38_.rep
2025-12-05 15:31:46,698 - INFO - [35/100] 跳过已转换: szqjl_2024-01-12_12_40_09_.rep
2025-12-05 15:31:46,698 - INFO - [36/100] 跳过已转换: szqjl_2024-01-12_13_05_35_.rep
2025-12-05 15:31:46,698 - INFO - [37/100] 跳过已转换: szqjl_2024-01-12_13_09_16_.rep
2025-12-05 15:31:46,698 - INFO - [38/100] 跳过已转换: szqjl_2024-01-12_13_14_21_.rep
2025-12-05 15:31:46,698 - INFO - [39/100] 跳过已转换: szqjl_2024-01-12_13_17_56_.rep
2025-12-05 15:31:46,698 - INFO - [40/100] 跳过已转换: szqjl_2024-01-12_13_24_10_.rep
2025-12-05 15:31:46,698 - INFO - [41/100] 跳过已转换: szqjl_2024-01-12_13_29_17_.rep
2025-12-05 15:31:46,698 - INFO - [42/100] 跳过已转换: szqjl_2024-01-12_13_33_55_.rep
2025-12-05 15:31:46,698 - INFO - [43/100] 跳过已转换: szqjl_2024-01-12_13_38_06_.rep
2025-12-05 15:31:46,698 - INFO - [44/100] 跳过已转换: szqjl_2024-01-12_13_45_01_.rep
2025-12-05 15:31:46,698 - INFO - [45/100] 跳过已转换: szqjl_2024-01-12_13_50_10_.rep
2025-12-05 15:31:46,698 - INFO - [46/100] 跳过已转换: szqjl_2024-01-12_13_54_07_.rep
2025-12-05 15:31:46,698 - INFO - [47/100] 跳过已转换: szqjl_2024-01-12_14_03_17_.rep
2025-12-05 15:31:46,698 - INFO - [48/100] 跳过已转换: szqjl_2024-01-12_16_21_35_.rep
2025-12-05 15:31:46,714 - INFO - [49/100] 跳过已转换: szqjl_2024-01-12_16_25_15_.rep
2025-12-05 15:31:46,714 - INFO - [50/100] 跳过已转换: szqjl_2024-01-12_16_29_40_.rep
2025-12-05 15:31:46,714 - INFO - [51/100] 跳过已转换: szqjl_2024-01-12_16_33_27_.rep
2025-12-05 15:31:46,714 - INFO - [52/100] 跳过已转换: szqjl_2024-01-12_16_36_28_.rep
2025-12-05 15:31:46,714 - INFO - [53/100] 跳过已转换: szqjl_2024-01-12_16_40_09_.rep
2025-12-05 15:31:46,714 - INFO - [54/100] 跳过已转换: szqjl_2024-01-12_16_43_42_.rep
2025-12-05 15:31:46,714 - INFO - [55/100] 跳过已转换: szqjl_2024-01-12_16_48_57_.rep
2025-12-05 15:31:46,714 - INFO - [56/100] 跳过已转换: szqjl_2024-01-12_16_52_28_.rep
2025-12-05 15:31:46,714 - INFO - [57/100] 跳过已转换: szqjl_2024-01-12_16_56_24_.rep
2025-12-05 15:31:46,714 - INFO - [58/100] 转换: szqjl_2024-01-12_16_59_44_.rep
2025-12-05 15:31:46,714 - INFO -   ✓ 成功: 12 个样本, 1 个玩家
2025-12-05 15:31:46,714 - INFO - [59/100] 跳过已转换: szqjl_2024-01-12_17_03_29_.rep
2025-12-05 15:31:46,714 - INFO - [60/100] 转换: szqjl_2024-01-15_09_21_24_.rep
2025-12-05 15:31:46,714 - INFO -   ✓ 成功: 13 个样本, 1 个玩家
2025-12-05 15:31:46,714 - INFO - [61/100] 转换: szqjl_2024-01-15_09_24_40_.rep
2025-12-05 15:31:46,714 - INFO -   ✓ 成功: 12 个样本, 1 个玩家
2025-12-05 15:31:46,714 - INFO - [62/100] 转换: szqjl_2024-01-15_09_28_17_.rep
2025-12-05 15:31:46,714 - INFO -   ✓ 成功: 8 个样本, 1 个玩家
2025-12-05 15:31:46,714 - INFO - [63/100] 转换: szqjl_2024-01-15_09_32_39_.rep
2025-12-05 15:31:46,714 - INFO -   ✓ 成功: 10 个样本, 1 个玩家
2025-12-05 15:31:46,714 - INFO - [64/100] 转换: szqjl_2024-01-15_09_36_05_.rep
2025-12-05 15:31:46,730 - INFO -   ✓ 成功: 8 个样本, 1 个玩家
2025-12-05 15:31:46,730 - INFO - [65/100] 转换: szqjl_2024-01-15_09_40_01_.rep
2025-12-05 15:31:46,730 - INFO -   ✓ 成功: 10 个样本, 1 个玩家
2025-12-05 15:31:46,730 - INFO - [66/100] 转换: szqjl_2024-01-15_09_43_25_.rep
2025-12-05 15:31:46,730 - INFO -   ✓ 成功: 10 个样本, 1 个玩家
2025-12-05 15:31:46,730 - INFO - [67/100] 转换: szqjl_2024-01-15_09_49_14_.rep
2025-12-05 15:31:46,730 - INFO -   ✓ 成功: 9 个样本, 1 个玩家
2025-12-05 15:31:46,730 - INFO - [68/100] 转换: szqjl_2024-01-15_09_54_15_.rep
2025-12-05 15:31:46,730 - INFO -   ✓ 成功: 13 个样本, 1 个玩家
2025-12-05 15:31:46,730 - INFO - [69/100] 转换: szqjl_2024-01-15_09_58_18_.rep
2025-12-05 15:31:46,730 - INFO -   ✓ 成功: 10 个样本, 1 个玩家
2025-12-05 15:31:46,730 - INFO - [70/100] 转换: szqjl_2024-01-15_12_19_30_.rep
2025-12-05 15:31:46,730 - INFO -   ✓ 成功: 12 个样本, 1 个玩家
2025-12-05 15:31:46,730 - INFO - [71/100] 转换: szqjl_2024-01-15_12_23_04_.rep
2025-12-05 15:31:46,730 - INFO -   ✓ 成功: 9 个样本, 1 个玩家
2025-12-05 15:31:46,730 - INFO - [72/100] 转换: szqjl_2024-01-15_12_32_49_.rep
2025-12-05 15:31:46,730 - INFO -   ✓ 成功: 13 个样本, 1 个玩家
2025-12-05 15:31:46,745 - INFO - [73/100] 转换: szqjl_2024-01-15_12_38_30_.rep
2025-12-05 15:31:46,745 - INFO -   ✓ 成功: 11 个样本, 1 个玩家
2025-12-05 15:31:46,745 - INFO - [74/100] 转换: szqjl_2024-01-15_12_44_46_.rep
2025-12-05 15:31:46,745 - INFO -   ✓ 成功: 13 个样本, 1 个玩家
2025-12-05 15:31:46,745 - INFO - [75/100] 转换: szqjl_2024-01-15_12_48_05_.rep
2025-12-05 15:31:46,745 - INFO -   ✓ 成功: 11 个样本, 1 个玩家
2025-12-05 15:31:46,745 - INFO - [76/100] 转换: szqjl_2024-01-15_12_51_41_.rep
2025-12-05 15:31:46,745 - INFO -   ✓ 成功: 12 个样本, 1 个玩家
2025-12-05 15:31:46,745 - INFO - [77/100] 转换: szqjl_2024-01-15_12_55_02_.rep
2025-12-05 15:31:46,745 - INFO -   ✓ 成功: 11 个样本, 1 个玩家
2025-12-05 15:31:46,745 - INFO - [78/100] 转换: szqjl_2024-01-15_12_57_53_.rep
2025-12-05 15:31:46,745 - INFO -   ✓ 成功: 11 个样本, 1 个玩家
2025-12-05 15:31:46,745 - INFO - [79/100] 跳过已转换: szqjl_2024-01-15_13_00_53_.rep
2025-12-05 15:31:46,761 - INFO - [80/100] 跳过已转换: szqjl_2024-01-15_13_03_20_.rep
2025-12-05 15:31:46,761 - INFO - [81/100] 跳过已转换: szqjl_2024-01-15_13_07_10_.rep
2025-12-05 15:31:46,761 - INFO - [82/100] 跳过已转换: szqjl_2024-01-15_13_10_38_.rep
2025-12-05 15:31:46,761 - INFO - [83/100] 转换: szqjl_2024-01-15_13_13_28_.rep
2025-12-05 15:31:46,761 - INFO -   ✓ 成功: 9 个样本, 1 个玩家
2025-12-05 15:31:46,761 - INFO - [84/100] 转换: szqjl_2024-01-15_13_16_53_.rep
2025-12-05 15:31:46,761 - INFO -   ✓ 成功: 8 个样本, 1 个玩家
2025-12-05 15:31:46,761 - INFO - [85/100] 转换: szqjl_2024-01-15_13_19_46_.rep
2025-12-05 15:31:46,761 - INFO -   ✓ 成功: 9 个样本, 1 个玩家
2025-12-05 15:31:46,761 - INFO - [86/100] 转换: szqjl_2024-01-15_13_23_18_.rep
2025-12-05 15:31:46,761 - INFO -   ✓ 成功: 10 个样本, 1 个玩家
2025-12-05 15:31:46,761 - INFO - [87/100] 转换: szqjl_2024-01-15_13_26_40_.rep
2025-12-05 15:31:46,761 - INFO -   ✓ 成功: 11 个样本, 1 个玩家
2025-12-05 15:31:46,761 - INFO - [88/100] 转换: szqjl_2024-01-15_13_32_15_.rep
2025-12-05 15:31:46,761 - INFO -   ✓ 成功: 11 个样本, 1 个玩家
2025-12-05 15:31:46,761 - INFO - [89/100] 转换: szqjl_2024-01-15_13_35_24_.rep
2025-12-05 15:31:46,761 - INFO -   ✓ 成功: 9 个样本, 1 个玩家
2025-12-05 15:31:46,777 - INFO - [90/100] 转换: szqjl_2024-01-15_13_38_40_.rep
2025-12-05 15:31:46,777 - INFO -   ✓ 成功: 10 个样本, 1 个玩家
2025-12-05 15:31:46,777 - INFO - [91/100] 转换: szqjl_2024-01-15_13_41_40_.rep
2025-12-05 15:31:46,777 - INFO -   ✓ 成功: 10 个样本, 1 个玩家
2025-12-05 15:31:46,777 - INFO - [92/100] 转换: szqjl_2024-01-15_13_45_22_.rep
2025-12-05 15:31:46,777 - INFO -   ✓ 成功: 9 个样本, 1 个玩家
2025-12-05 15:31:46,777 - INFO - [93/100] 转换: szqjl_2024-01-15_13_49_36_.rep
2025-12-05 15:31:46,777 - INFO -   ✓ 成功: 11 个样本, 1 个玩家
2025-12-05 15:31:46,777 - INFO - [94/100] 转换: szqjl_2024-01-15_13_53_06_.rep
2025-12-05 15:31:46,777 - INFO -   ✓ 成功: 9 个样本, 1 个玩家
2025-12-05 15:31:46,777 - INFO - [95/100] 转换: szqjl_2024-01-15_13_56_41_.rep
2025-12-05 15:31:46,777 - INFO -   ✓ 成功: 12 个样本, 1 个玩家
2025-12-05 15:31:46,777 - INFO - [96/100] 转换: szqjl_2024-01-15_14_00_52_.rep
2025-12-05 15:31:46,777 - INFO -   ✓ 成功: 9 个样本, 1 个玩家
2025-12-05 15:31:46,777 - INFO - [97/100] 转换: szqjl_2024-01-15_14_05_23_.rep
2025-12-05 15:31:46,777 - INFO -   ✓ 成功: 13 个样本, 1 个玩家
2025-12-05 15:31:46,792 - INFO - [98/100] 转换: szqjl_2024-01-15_14_09_48_.rep
2025-12-05 15:31:46,792 - INFO -   ✓ 成功: 12 个样本, 1 个玩家
2025-12-05 15:31:46,792 - INFO - [99/100] 转换: szqjl_2024-01-15_14_13_05_.rep
2025-12-05 15:31:46,792 - INFO -   ✓ 成功: 9 个样本, 1 个玩家
2025-12-05 15:31:46,792 - INFO - [100/100] 转换: szqjl_2024-01-15_14_15_57_.rep
2025-12-05 15:31:46,792 - INFO -   ✓ 成功: 10 个样本, 1 个玩家
2025-12-05 15:31:46,792 - INFO - ============================================================
2025-12-05 15:31:46,792 - INFO - 进度: 38/10119 (跳过: 62, 失败: 0)
2025-12-05 15:31:46,792 - INFO - 已转换样本: 399 个
2025-12-05 15:31:46,792 - INFO - 转换速度: 333.9 文件/秒
2025-12-05 15:31:46,792 - INFO - 预计剩余时间: 0.5 分钟
2025-12-05 15:31:46,792 - INFO - ============================================================
2025-12-05 15:31:46,792 - INFO - 
2025-12-05 15:31:46,792 - INFO - ============================================================
2025-12-05 15:31:46,792 - INFO - 批量转换完成！
2025-12-05 15:31:46,792 - INFO - ============================================================
2025-12-05 15:31:46,792 - INFO - 总文件数: 10119
2025-12-05 15:31:46,792 - INFO - 成功转换: 38
2025-12-05 15:31:46,792 - INFO - 跳过文件: 62
2025-12-05 15:31:46,792 - INFO - 失败文件: 0
2025-12-05 15:31:46,792 - INFO - 总训练样本: 399 个
2025-12-05 15:31:46,792 - INFO - 总耗时: 0.0 分钟
2025-12-05 15:31:46,792 - INFO - 平均速度: 333.9 文件/秒
2025-12-05 15:31:46,792 - INFO - ============================================================
2025-12-05 15:32:15,923 - INFO - 限制转换数量: 800 个文件
2025-12-05 15:32:15,923 - INFO - 找到 800 个.rep文件
2025-12-05 15:32:15,923 - INFO - 输出目录: game_records
2025-12-05 15:32:15,923 - INFO - 优先选择获胜玩家: True
2025-12-05 15:32:15,923 - INFO - ============================================================
2025-12-05 15:32:15,923 - INFO - [1/800] 跳过已转换: szqjl_2023-12-26_12_55_13_.rep
2025-12-05 15:32:15,923 - INFO - [2/800] 跳过已转换: szqjl_2023-12-26_12_58_47_.rep
2025-12-05 15:32:15,923 - INFO - [3/800] 跳过已转换: szqjl_2023-12-26_13_02_18_.rep
2025-12-05 15:32:15,923 - INFO - [4/800] 跳过已转换: szqjl_2023-12-26_13_05_29_.rep
2025-12-05 15:32:15,923 - INFO - [5/800] 跳过已转换: szqjl_2023-12-26_13_08_42_.rep
2025-12-05 15:32:15,923 - INFO - [6/800] 跳过已转换: szqjl_2023-12-26_13_12_15_.rep
2025-12-05 15:32:15,923 - INFO - [7/800] 跳过已转换: szqjl_2023-12-26_13_15_13_.rep
2025-12-05 15:32:15,923 - INFO - [8/800] 跳过已转换: szqjl_2023-12-26_13_17_55_.rep
2025-12-05 15:32:15,923 - INFO - [9/800] 跳过已转换: szqjl_2023-12-26_13_21_34_.rep
2025-12-05 15:32:15,923 - INFO - [10/800] 跳过已转换: szqjl_2023-12-26_13_26_15_.rep
2025-12-05 15:32:15,923 - INFO - [11/800] 跳过已转换: szqjl_2023-12-26_13_30_14_.rep
2025-12-05 15:32:15,923 - INFO - [12/800] 跳过已转换: szqjl_2023-12-26_13_32_47_.rep
2025-12-05 15:32:15,923 - INFO - [13/800] 跳过已转换: szqjl_2023-12-26_13_35_34_.rep
2025-12-05 15:32:15,923 - INFO - [14/800] 跳过已转换: szqjl_2023-12-26_13_40_54_.rep
2025-12-05 15:32:15,923 - INFO - [15/800] 跳过已转换: szqjl_2023-12-26_13_44_09_.rep
2025-12-05 15:32:15,923 - INFO - [16/800] 跳过已转换: szqjl_2023-12-26_13_47_29_.rep
2025-12-05 15:32:15,923 - INFO - [17/800] 跳过已转换: szqjl_2023-12-26_13_50_51_.rep
2025-12-05 15:32:15,923 - INFO - [18/800] 跳过已转换: szqjl_2023-12-26_13_54_03_.rep
2025-12-05 15:32:15,923 - INFO - [19/800] 跳过已转换: szqjl_2023-12-26_13_57_55_.rep
2025-12-05 15:32:15,923 - INFO - [20/800] 跳过已转换: szqjl_2023-12-26_14_01_39_.rep
2025-12-05 15:32:15,923 - INFO - [21/800] 跳过已转换: szqjl_2023-12-26_14_05_12_.rep
2025-12-05 15:32:15,939 - INFO - [22/800] 跳过已转换: szqjl_2023-12-26_14_09_24_.rep
2025-12-05 15:32:15,939 - INFO - [23/800] 跳过已转换: szqjl_2023-12-26_14_12_30_.rep
2025-12-05 15:32:15,939 - INFO - [24/800] 跳过已转换: szqjl_2023-12-26_14_15_41_.rep
2025-12-05 15:32:15,939 - INFO - [25/800] 跳过已转换: szqjl_2023-12-28_11_56_44_.rep
2025-12-05 15:32:15,939 - INFO - [26/800] 跳过已转换: szqjl_2023-12-28_12_01_00_.rep
2025-12-05 15:32:15,939 - INFO - [27/800] 跳过已转换: szqjl_2023-12-28_12_04_42_.rep
2025-12-05 15:32:15,939 - INFO - [28/800] 跳过已转换: szqjl_2023-12-28_12_08_29_.rep
2025-12-05 15:32:15,939 - INFO - [29/800] 跳过已转换: szqjl_2023-12-28_12_12_10_.rep
2025-12-05 15:32:15,939 - INFO - [30/800] 跳过已转换: szqjl_2023-12-28_12_16_33_.rep
2025-12-05 15:32:15,939 - INFO - [31/800] 跳过已转换: szqjl_2024-01-12_12_16_24_.rep
2025-12-05 15:32:15,939 - INFO - [32/800] 跳过已转换: szqjl_2024-01-12_12_19_28_.rep
2025-12-05 15:32:15,939 - INFO - [33/800] 跳过已转换: szqjl_2024-01-12_12_24_20_.rep
2025-12-05 15:32:15,939 - INFO - [34/800] 跳过已转换: szqjl_2024-01-12_12_35_38_.rep
2025-12-05 15:32:15,939 - INFO - [35/800] 跳过已转换: szqjl_2024-01-12_12_40_09_.rep
2025-12-05 15:32:15,939 - INFO - [36/800] 跳过已转换: szqjl_2024-01-12_13_05_35_.rep
2025-12-05 15:32:15,939 - INFO - [37/800] 跳过已转换: szqjl_2024-01-12_13_09_16_.rep
2025-12-05 15:32:15,939 - INFO - [38/800] 跳过已转换: szqjl_2024-01-12_13_14_21_.rep
2025-12-05 15:32:15,939 - INFO - [39/800] 跳过已转换: szqjl_2024-01-12_13_17_56_.rep
2025-12-05 15:32:15,939 - INFO - [40/800] 跳过已转换: szqjl_2024-01-12_13_24_10_.rep
2025-12-05 15:32:15,939 - INFO - [41/800] 跳过已转换: szqjl_2024-01-12_13_29_17_.rep
2025-12-05 15:32:15,939 - INFO - [42/800] 跳过已转换: szqjl_2024-01-12_13_33_55_.rep
2025-12-05 15:32:15,939 - INFO - [43/800] 跳过已转换: szqjl_2024-01-12_13_38_06_.rep
2025-12-05 15:32:15,939 - INFO - [44/800] 跳过已转换: szqjl_2024-01-12_13_45_01_.rep
2025-12-05 15:32:15,939 - INFO - [45/800] 跳过已转换: szqjl_2024-01-12_13_50_10_.rep
2025-12-05 15:32:15,939 - INFO - [46/800] 跳过已转换: szqjl_2024-01-12_13_54_07_.rep
2025-12-05 15:32:15,939 - INFO - [47/800] 跳过已转换: szqjl_2024-01-12_14_03_17_.rep
2025-12-05 15:32:15,939 - INFO - [48/800] 跳过已转换: szqjl_2024-01-12_16_21_35_.rep
2025-12-05 15:32:15,939 - INFO - [49/800] 跳过已转换: szqjl_2024-01-12_16_25_15_.rep
2025-12-05 15:32:15,939 - INFO - [50/800] 跳过已转换: szqjl_2024-01-12_16_29_40_.rep
2025-12-05 15:32:15,939 - INFO - [51/800] 跳过已转换: szqjl_2024-01-12_16_33_27_.rep
2025-12-05 15:32:15,939 - INFO - [52/800] 跳过已转换: szqjl_2024-01-12_16_36_28_.rep
2025-12-05 15:32:15,939 - INFO - [53/800] 跳过已转换: szqjl_2024-01-12_16_40_09_.rep
2025-12-05 15:32:15,939 - INFO - [54/800] 跳过已转换: szqjl_2024-01-12_16_43_42_.rep
2025-12-05 15:32:15,939 - INFO - [55/800] 跳过已转换: szqjl_2024-01-12_16_48_57_.rep
2025-12-05 15:32:15,939 - INFO - [56/800] 跳过已转换: szqjl_2024-01-12_16_52_28_.rep
2025-12-05 15:32:15,939 - INFO - [57/800] 跳过已转换: szqjl_2024-01-12_16_56_24_.rep
2025-12-05 15:32:15,939 - INFO - [58/800] 跳过已转换: szqjl_2024-01-12_16_59_44_.rep
2025-12-05 15:32:15,939 - INFO - [59/800] 跳过已转换: szqjl_2024-01-12_17_03_29_.rep
2025-12-05 15:32:15,939 - INFO - [60/800] 跳过已转换: szqjl_2024-01-15_09_21_24_.rep
2025-12-05 15:32:15,939 - INFO - [61/800] 跳过已转换: szqjl_2024-01-15_09_24_40_.rep
2025-12-05 15:32:15,939 - INFO - [62/800] 跳过已转换: szqjl_2024-01-15_09_28_17_.rep
2025-12-05 15:32:15,954 - INFO - [63/800] 跳过已转换: szqjl_2024-01-15_09_32_39_.rep
2025-12-05 15:32:15,954 - INFO - [64/800] 跳过已转换: szqjl_2024-01-15_09_36_05_.rep
2025-12-05 15:32:15,954 - INFO - [65/800] 跳过已转换: szqjl_2024-01-15_09_40_01_.rep
2025-12-05 15:32:15,954 - INFO - [66/800] 跳过已转换: szqjl_2024-01-15_09_43_25_.rep
2025-12-05 15:32:15,954 - INFO - [67/800] 跳过已转换: szqjl_2024-01-15_09_49_14_.rep
2025-12-05 15:32:15,954 - INFO - [68/800] 跳过已转换: szqjl_2024-01-15_09_54_15_.rep
2025-12-05 15:32:15,954 - INFO - [69/800] 跳过已转换: szqjl_2024-01-15_09_58_18_.rep
2025-12-05 15:32:15,954 - INFO - [70/800] 跳过已转换: szqjl_2024-01-15_12_19_30_.rep
2025-12-05 15:32:15,954 - INFO - [71/800] 跳过已转换: szqjl_2024-01-15_12_23_04_.rep
2025-12-05 15:32:15,954 - INFO - [72/800] 跳过已转换: szqjl_2024-01-15_12_32_49_.rep
2025-12-05 15:32:15,954 - INFO - [73/800] 跳过已转换: szqjl_2024-01-15_12_38_30_.rep
2025-12-05 15:32:15,954 - INFO - [74/800] 跳过已转换: szqjl_2024-01-15_12_44_46_.rep
2025-12-05 15:32:15,954 - INFO - [75/800] 跳过已转换: szqjl_2024-01-15_12_48_05_.rep
2025-12-05 15:32:15,954 - INFO - [76/800] 跳过已转换: szqjl_2024-01-15_12_51_41_.rep
2025-12-05 15:32:15,954 - INFO - [77/800] 跳过已转换: szqjl_2024-01-15_12_55_02_.rep
2025-12-05 15:32:15,954 - INFO - [78/800] 跳过已转换: szqjl_2024-01-15_12_57_53_.rep
2025-12-05 15:32:15,954 - INFO - [79/800] 跳过已转换: szqjl_2024-01-15_13_00_53_.rep
2025-12-05 15:32:15,954 - INFO - [80/800] 跳过已转换: szqjl_2024-01-15_13_03_20_.rep
2025-12-05 15:32:15,954 - INFO - [81/800] 跳过已转换: szqjl_2024-01-15_13_07_10_.rep
2025-12-05 15:32:15,954 - INFO - [82/800] 跳过已转换: szqjl_2024-01-15_13_10_38_.rep
2025-12-05 15:32:15,954 - INFO - [83/800] 跳过已转换: szqjl_2024-01-15_13_13_28_.rep
2025-12-05 15:32:15,954 - INFO - [84/800] 跳过已转换: szqjl_2024-01-15_13_16_53_.rep
2025-12-05 15:32:15,954 - INFO - [85/800] 跳过已转换: szqjl_2024-01-15_13_19_46_.rep
2025-12-05 15:32:15,954 - INFO - [86/800] 跳过已转换: szqjl_2024-01-15_13_23_18_.rep
2025-12-05 15:32:15,954 - INFO - [87/800] 跳过已转换: szqjl_2024-01-15_13_26_40_.rep
2025-12-05 15:32:15,954 - INFO - [88/800] 跳过已转换: szqjl_2024-01-15_13_32_15_.rep
2025-12-05 15:32:15,954 - INFO - [89/800] 跳过已转换: szqjl_2024-01-15_13_35_24_.rep
2025-12-05 15:32:15,954 - INFO - [90/800] 跳过已转换: szqjl_2024-01-15_13_38_40_.rep
2025-12-05 15:32:15,954 - INFO - [91/800] 跳过已转换: szqjl_2024-01-15_13_41_40_.rep
2025-12-05 15:32:15,954 - INFO - [92/800] 跳过已转换: szqjl_2024-01-15_13_45_22_.rep
2025-12-05 15:32:15,954 - INFO - [93/800] 跳过已转换: szqjl_2024-01-15_13_49_36_.rep
2025-12-05 15:32:15,954 - INFO - [94/800] 跳过已转换: szqjl_2024-01-15_13_53_06_.rep
2025-12-05 15:32:15,954 - INFO - [95/800] 跳过已转换: szqjl_2024-01-15_13_56_41_.rep
2025-12-05 15:32:15,954 - INFO - [96/800] 跳过已转换: szqjl_2024-01-15_14_00_52_.rep
2025-12-05 15:32:15,954 - INFO - [97/800] 跳过已转换: szqjl_2024-01-15_14_05_23_.rep
2025-12-05 15:32:15,954 - INFO - [98/800] 跳过已转换: szqjl_2024-01-15_14_09_48_.rep
2025-12-05 15:32:15,954 - INFO - [99/800] 跳过已转换: szqjl_2024-01-15_14_13_05_.rep
2025-12-05 15:32:15,954 - INFO - [100/800] 跳过已转换: szqjl_2024-01-15_14_15_57_.rep
2025-12-05 15:32:15,970 - INFO - [101/800] 转换: szqjl_2024-01-15_14_19_28_.rep
2025-12-05 15:32:15,970 - INFO -   ✓ 成功: 8 个样本, 1 个玩家
2025-12-05 15:32:15,970 - INFO - [102/800] 转换: szqjl_2024-01-15_14_22_43_.rep
2025-12-05 15:32:15,970 - INFO -   ✓ 成功: 10 个样本, 1 个玩家
2025-12-05 15:32:15,970 - INFO - [103/800] 转换: szqjl_2024-01-15_14_26_00_.rep
2025-12-05 15:32:15,970 - INFO -   ✓ 成功: 10 个样本, 1 个玩家
2025-12-05 15:32:15,970 - INFO - [104/800] 转换: szqjl_2024-01-15_14_29_07_.rep
2025-12-05 15:32:15,970 - INFO -   ✓ 成功: 10 个样本, 1 个玩家
2025-12-05 15:32:15,970 - INFO - [105/800] 转换: szqjl_2024-01-15_16_06_22_.rep
2025-12-05 15:32:15,970 - INFO -   ✓ 成功: 9 个样本, 1 个玩家
2025-12-05 15:32:15,970 - INFO - [106/800] 转换: szqjl_2024-01-15_16_09_51_.rep
2025-12-05 15:32:15,970 - INFO -   ✓ 成功: 10 个样本, 1 个玩家
2025-12-05 15:32:15,970 - INFO - [107/800] 转换: szqjl_2024-01-15_16_12_22_.rep
2025-12-05 15:32:15,970 - INFO -   ✓ 成功: 11 个样本, 1 个玩家
2025-12-05 15:32:15,970 - INFO - [108/800] 转换: szqjl_2024-01-15_16_14_58_.rep
2025-12-05 15:32:15,986 - INFO -   ✓ 成功: 13 个样本, 1 个玩家
2025-12-05 15:32:15,986 - INFO - [109/800] 转换: szqjl_2024-01-15_16_17_53_.rep
2025-12-05 15:32:15,986 - INFO -   ✓ 成功: 9 个样本, 1 个玩家
2025-12-05 15:32:15,986 - INFO - [110/800] 转换: szqjl_2024-01-15_16_23_04_.rep
2025-12-05 15:32:15,986 - INFO -   ✓ 成功: 10 个样本, 1 个玩家
2025-12-05 15:32:15,986 - INFO - [111/800] 转换: szqjl_2024-01-15_16_26_29_.rep
2025-12-05 15:32:15,986 - INFO -   ✓ 成功: 12 个样本, 1 个玩家
2025-12-05 15:32:16,001 - INFO - [112/800] 转换: szqjl_2024-01-15_16_29_58_.rep
2025-12-05 15:32:16,001 - INFO -   ✓ 成功: 12 个样本, 1 个玩家
2025-12-05 15:32:16,001 - INFO - [113/800] 转换: szqjl_2024-01-15_16_33_47_.rep
2025-12-05 15:32:16,001 - INFO -   ✓ 成功: 12 个样本, 1 个玩家
2025-12-05 15:32:16,001 - INFO - [114/800] 转换: szqjl_2024-01-15_16_38_14_.rep
2025-12-05 15:32:16,001 - INFO -   ✓ 成功: 9 个样本, 1 个玩家
2025-12-05 15:32:16,001 - INFO - [115/800] 转换: szqjl_2024-01-15_16_42_55_.rep
2025-12-05 15:32:16,001 - INFO -   ✓ 成功: 9 个样本, 1 个玩家
2025-12-05 15:32:16,001 - INFO - [116/800] 转换: szqjl_2024-01-15_16_47_11_.rep
2025-12-05 15:32:16,001 - INFO -   ✓ 成功: 8 个样本, 1 个玩家
2025-12-05 15:32:16,001 - INFO - [117/800] 转换: szqjl_2024-01-15_16_50_53_.rep
2025-12-05 15:32:16,001 - INFO -   ✓ 成功: 12 个样本, 1 个玩家
2025-12-05 15:32:16,001 - INFO - [118/800] 转换: szqjl_2024-01-15_16_54_56_.rep
2025-12-05 15:32:16,017 - INFO -   ✓ 成功: 12 个样本, 1 个玩家
2025-12-05 15:32:16,017 - INFO - [119/800] 转换: szqjl_2024-01-17_11_08_40_.rep
2025-12-05 15:32:16,017 - INFO -   ✓ 成功: 12 个样本, 1 个玩家
2025-12-05 15:32:16,017 - INFO - [120/800] 转换: szqjl_2024-01-17_11_12_30_.rep
2025-12-05 15:32:16,017 - INFO -   ✓ 成功: 11 个样本, 1 个玩家
2025-12-05 15:32:16,017 - INFO - [121/800] 转换: szqjl_2024-01-17_11_18_04_.rep
2025-12-05 15:32:16,017 - INFO -   ✓ 成功: 10 个样本, 1 个玩家
2025-12-05 15:32:16,017 - INFO - [122/800] 转换: szqjl_2024-01-17_11_22_10_.rep
2025-12-05 15:32:16,017 - INFO -   ✓ 成功: 11 个样本, 1 个玩家
2025-12-05 15:32:16,017 - INFO - [123/800] 转换: szqjl_2024-01-17_11_26_10_.rep
2025-12-05 15:32:16,017 - INFO -   ✓ 成功: 10 个样本, 1 个玩家
2025-12-05 15:32:16,017 - INFO - [124/800] 转换: szqjl_2024-01-17_11_32_54_.rep
2025-12-05 15:32:16,017 - INFO -   ✓ 成功: 10 个样本, 1 个玩家
2025-12-05 15:32:16,017 - INFO - [125/800] 转换: szqjl_2024-01-17_11_37_35_.rep
2025-12-05 15:32:16,017 - INFO -   ✓ 成功: 7 个样本, 1 个玩家
2025-12-05 15:32:16,033 - INFO - [126/800] 转换: szqjl_2024-01-17_12_15_29_.rep
2025-12-05 15:32:16,033 - INFO -   ✓ 成功: 11 个样本, 1 个玩家
2025-12-05 15:32:16,033 - INFO - [127/800] 转换: szqjl_2024-01-17_12_19_09_.rep
2025-12-05 15:32:16,033 - INFO -   ✓ 成功: 12 个样本, 1 个玩家
2025-12-05 15:32:16,033 - INFO - [128/800] 转换: szqjl_2024-01-17_12_23_14_.rep
2025-12-05 15:32:16,033 - INFO -   ✓ 成功: 8 个样本, 1 个玩家
2025-12-05 15:32:16,033 - INFO - [129/800] 转换: szqjl_2024-01-17_12_27_33_.rep
2025-12-05 15:32:16,033 - INFO -   ✓ 成功: 9 个样本, 1 个玩家
2025-12-05 15:32:16,033 - INFO - [130/800] 转换: szqjl_2024-01-17_12_34_09_.rep
2025-12-05 15:32:16,033 - INFO -   ✓ 成功: 15 个样本, 1 个玩家
2025-12-05 15:32:16,033 - INFO - [131/800] 转换: szqjl_2024-01-17_12_39_19_.rep
2025-12-05 15:32:16,033 - INFO -   ✓ 成功: 7 个样本, 1 个玩家
2025-12-05 15:32:16,033 - INFO - [132/800] 转换: szqjl_2024-01-17_12_42_35_.rep
2025-12-05 15:32:16,033 - INFO -   ✓ 成功: 10 个样本, 1 个玩家
2025-12-05 15:32:16,033 - INFO - [133/800] 转换: szqjl_2024-01-17_12_46_57_.rep
2025-12-05 15:32:16,048 - INFO -   ✓ 成功: 9 个样本, 1 个玩家
2025-12-05 15:32:16,048 - INFO - [134/800] 转换: szqjl_2024-01-17_12_52_15_.rep
2025-12-05 15:32:16,048 - INFO -   ✓ 成功: 12 个样本, 1 个玩家
2025-12-05 15:32:16,048 - INFO - [135/800] 转换: szqjl_2024-01-17_12_56_29_.rep
2025-12-05 15:32:16,048 - INFO -   ✓ 成功: 10 个样本, 1 个玩家
2025-12-05 15:32:16,048 - INFO - [136/800] 转换: szqjl_2024-01-17_13_00_13_.rep
2025-12-05 15:32:16,048 - INFO -   ✓ 成功: 10 个样本, 1 个玩家
2025-12-05 15:32:16,048 - INFO - [137/800] 转换: szqjl_2024-01-17_13_08_52_.rep
2025-12-05 15:32:16,048 - INFO -   ✓ 成功: 11 个样本, 1 个玩家
2025-12-05 15:32:16,048 - INFO - [138/800] 转换: szqjl_2024-01-17_13_13_23_.rep
2025-12-05 15:32:16,048 - INFO -   ✓ 成功: 7 个样本, 1 个玩家
2025-12-05 15:32:16,048 - INFO - [139/800] 转换: szqjl_2024-01-17_13_18_15_.rep
2025-12-05 15:32:16,048 - INFO -   ✓ 成功: 9 个样本, 1 个玩家
2025-12-05 15:32:16,048 - INFO - [140/800] 转换: szqjl_2024-01-17_13_25_20_.rep
2025-12-05 15:32:16,064 - INFO -   ✓ 成功: 17 个样本, 1 个玩家
2025-12-05 15:32:16,064 - INFO - [141/800] 转换: szqjl_2024-01-17_13_29_45_.rep
2025-12-05 15:32:16,064 - INFO -   ✓ 成功: 7 个样本, 1 个玩家
2025-12-05 15:32:16,064 - INFO - [142/800] 转换: szqjl_2024-01-17_13_38_36_.rep
2025-12-05 15:32:16,064 - INFO -   ✓ 成功: 12 个样本, 1 个玩家
2025-12-05 15:32:16,064 - INFO - [143/800] 转换: szqjl_2024-01-17_13_42_36_.rep
2025-12-05 15:32:16,064 - INFO -   ✓ 成功: 11 个样本, 1 个玩家
2025-12-05 15:32:16,064 - INFO - [144/800] 转换: szqjl_2024-01-17_13_46_14_.rep
2025-12-05 15:32:16,064 - INFO -   ✓ 成功: 9 个样本, 1 个玩家
2025-12-05 15:32:16,064 - INFO - [145/800] 转换: szqjl_2024-01-17_13_50_49_.rep
2025-12-05 15:32:16,064 - INFO -   ✓ 成功: 11 个样本, 1 个玩家
2025-12-05 15:32:16,064 - INFO - [146/800] 转换: szqjl_2024-01-17_13_54_51_.rep
2025-12-05 15:32:16,064 - INFO -   ✓ 成功: 11 个样本, 1 个玩家
2025-12-05 15:32:16,079 - INFO - [147/800] 转换: szqjl_2024-01-17_13_59_23_.rep
2025-12-05 15:32:16,079 - INFO -   ✓ 成功: 9 个样本, 1 个玩家
2025-12-05 15:32:16,079 - INFO - [148/800] 转换: szqjl_2024-01-17_14_03_46_.rep
2025-12-05 15:32:16,079 - INFO -   ✓ 成功: 12 个样本, 1 个玩家
2025-12-05 15:32:16,079 - INFO - [149/800] 转换: szqjl_2024-01-17_14_08_27_.rep
2025-12-05 15:32:16,079 - INFO -   ✓ 成功: 13 个样本, 1 个玩家
2025-12-05 15:32:16,079 - INFO - [150/800] 转换: szqjl_2024-01-17_14_12_25_.rep
2025-12-05 15:32:16,079 - INFO -   ✓ 成功: 10 个样本, 1 个玩家
2025-12-05 15:32:16,079 - INFO - [151/800] 转换: szqjl_2024-01-17_14_17_57_.rep
2025-12-05 15:32:16,079 - INFO -   ✓ 成功: 10 个样本, 1 个玩家
2025-12-05 15:32:16,079 - INFO - [152/800] 转换: szqjl_2024-01-17_14_20_55_.rep
2025-12-05 15:32:16,079 - INFO -   ✓ 成功: 9 个样本, 1 个玩家
2025-12-05 15:32:16,095 - INFO - [153/800] 转换: szqjl_2024-01-17_14_23_38_.rep
2025-12-05 15:32:16,095 - INFO -   ✓ 成功: 9 个样本, 1 个玩家
2025-12-05 15:32:16,095 - INFO - [154/800] 转换: szqjl_2024-01-17_14_26_34_.rep
2025-12-05 15:32:16,095 - INFO -   ✓ 成功: 6 个样本, 1 个玩家
2025-12-05 15:32:16,095 - INFO - [155/800] 转换: szqjl_2024-01-17_14_29_37_.rep
2025-12-05 15:32:16,095 - INFO -   ✓ 成功: 10 个样本, 1 个玩家
2025-12-05 15:32:16,095 - INFO - [156/800] 转换: szqjl_2024-01-17_14_33_15_.rep
2025-12-05 15:32:16,095 - INFO -   ✓ 成功: 6 个样本, 1 个玩家
2025-12-05 15:32:16,095 - INFO - [157/800] 转换: szqjl_2024-01-17_14_35_49_.rep
2025-12-05 15:32:16,095 - INFO -   ✓ 成功: 10 个样本, 1 个玩家
2025-12-05 15:32:16,095 - INFO - [158/800] 转换: szqjl_2024-01-18_09_31_52_.rep
2025-12-05 15:32:16,095 - INFO -   ✓ 成功: 11 个样本, 1 个玩家
2025-12-05 15:32:16,095 - INFO - [159/800] 转换: szqjl_2024-01-18_09_36_56_.rep
2025-12-05 15:32:16,111 - INFO -   ✓ 成功: 9 个样本, 1 个玩家
2025-12-05 15:32:16,111 - INFO - [160/800] 转换: szqjl_2024-01-18_09_43_57_.rep
2025-12-05 15:32:16,111 - INFO -   ✓ 成功: 14 个样本, 1 个玩家
2025-12-05 15:32:16,111 - INFO - [161/800] 转换: szqjl_2024-01-18_09_47_09_.rep
2025-12-05 15:32:16,111 - INFO -   ✓ 成功: 11 个样本, 1 个玩家
2025-12-05 15:32:16,111 - INFO - [162/800] 转换: szqjl_2024-01-18_09_50_59_.rep
2025-12-05 15:32:16,111 - INFO -   ✓ 成功: 12 个样本, 1 个玩家
2025-12-05 15:32:16,111 - INFO - [163/800] 转换: szqjl_2024-01-18_09_55_30_.rep
2025-12-05 15:32:16,111 - INFO -   ✓ 成功: 8 个样本, 1 个玩家
2025-12-05 15:32:16,111 - INFO - [164/800] 转换: szqjl_2024-01-18_09_58_18_.rep
2025-12-05 15:32:16,111 - INFO -   ✓ 成功: 8 个样本, 1 个玩家
2025-12-05 15:32:16,111 - INFO - [165/800] 转换: szqjl_2024-01-18_10_01_23_.rep
2025-12-05 15:32:16,111 - INFO -   ✓ 成功: 9 个样本, 1 个玩家
2025-12-05 15:32:16,126 - INFO - [166/800] 转换: szqjl_2024-01-18_10_05_22_.rep
2025-12-05 15:32:16,126 - INFO -   ✓ 成功: 9 个样本, 1 个玩家
2025-12-05 15:32:16,126 - INFO - [167/800] 转换: szqjl_2024-01-18_10_07_46_.rep
2025-12-05 15:32:16,126 - INFO -   ✓ 成功: 8 个样本, 1 个玩家
2025-12-05 15:32:16,126 - INFO - [168/800] 转换: szqjl_2024-01-18_10_10_32_.rep
2025-12-05 15:32:16,126 - INFO -   ✓ 成功: 7 个样本, 1 个玩家
2025-12-05 15:32:16,126 - INFO - [169/800] 转换: szqjl_2024-01-18_10_13_40_.rep
2025-12-05 15:32:16,126 - INFO -   ✓ 成功: 8 个样本, 1 个玩家
2025-12-05 15:32:16,126 - INFO - [170/800] 转换: szqjl_2024-01-18_10_17_50_.rep
2025-12-05 15:32:16,126 - INFO -   ✓ 成功: 8 个样本, 1 个玩家
2025-12-05 15:32:16,126 - INFO - [171/800] 转换: szqjl_2024-01-18_10_21_47_.rep
2025-12-05 15:32:16,126 - INFO -   ✓ 成功: 10 个样本, 1 个玩家
2025-12-05 15:32:16,126 - INFO - [172/800] 转换: szqjl_2024-01-18_10_27_49_.rep
2025-12-05 15:32:16,126 - INFO -   ✓ 成功: 11 个样本, 1 个玩家
2025-12-05 15:32:16,142 - INFO - [173/800] 转换: szqjl_2024-01-18_10_31_26_.rep
2025-12-05 15:32:16,142 - INFO -   ✓ 成功: 12 个样本, 1 个玩家
2025-12-05 15:32:16,142 - INFO - [174/800] 转换: szqjl_2024-01-18_10_35_00_.rep
2025-12-05 15:32:16,142 - INFO -   ✓ 成功: 10 个样本, 1 个玩家
2025-12-05 15:32:16,142 - INFO - [175/800] 转换: szqjl_2024-01-18_10_39_04_.rep
2025-12-05 15:32:16,142 - INFO -   ✓ 成功: 15 个样本, 1 个玩家
2025-12-05 15:32:16,142 - INFO - [176/800] 转换: szqjl_2024-01-18_10_42_15_.rep
2025-12-05 15:32:16,142 - INFO -   ✓ 成功: 9 个样本, 1 个玩家
2025-12-05 15:32:16,142 - INFO - [177/800] 转换: szqjl_2024-01-18_10_45_06_.rep
2025-12-05 15:32:16,142 - INFO -   ✓ 成功: 9 个样本, 1 个玩家
2025-12-05 15:32:16,142 - INFO - [178/800] 转换: szqjl_2024-01-18_10_48_16_.rep
2025-12-05 15:32:16,142 - INFO -   ✓ 成功: 11 个样本, 1 个玩家
2025-12-05 15:32:16,142 - INFO - [179/800] 转换: szqjl_2024-01-18_10_53_49_.rep
2025-12-05 15:32:16,142 - INFO -   ✓ 成功: 12 个样本, 1 个玩家
2025-12-05 15:32:16,158 - INFO - [180/800] 转换: szqjl_2024-01-18_14_08_15_.rep
2025-12-05 15:32:16,158 - INFO -   ✓ 成功: 9 个样本, 1 个玩家
2025-12-05 15:32:16,158 - INFO - [181/800] 转换: szqjl_2024-01-18_14_12_39_.rep
2025-12-05 15:32:16,158 - INFO -   ✓ 成功: 12 个样本, 1 个玩家
2025-12-05 15:32:16,158 - INFO - [182/800] 转换: szqjl_2024-01-18_14_16_43_.rep
2025-12-05 15:32:16,158 - INFO -   ✓ 成功: 9 个样本, 1 个玩家
2025-12-05 15:32:16,158 - INFO - [183/800] 转换: szqjl_2024-01-18_14_21_51_.rep
2025-12-05 15:32:16,158 - INFO -   ✓ 成功: 11 个样本, 1 个玩家
2025-12-05 15:32:16,158 - INFO - [184/800] 转换: szqjl_2024-01-19_12_07_49_.rep
2025-12-05 15:32:16,158 - INFO -   ✓ 成功: 14 个样本, 1 个玩家
2025-12-05 15:32:16,158 - INFO - [185/800] 转换: szqjl_2024-01-19_12_12_14_.rep
2025-12-05 15:32:16,158 - INFO -   ✓ 成功: 12 个样本, 1 个玩家
2025-12-05 15:32:16,158 - INFO - [186/800] 转换: szqjl_2024-01-19_12_18_23_.rep
2025-12-05 15:32:16,158 - INFO -   ✓ 成功: 11 个样本, 1 个玩家
2025-12-05 15:32:16,158 - INFO - [187/800] 转换: szqjl_2024-01-19_12_22_53_.rep
2025-12-05 15:32:16,173 - INFO -   ✓ 成功: 13 个样本, 1 个玩家
2025-12-05 15:32:16,173 - INFO - [188/800] 转换: szqjl_2024-01-19_12_26_24_.rep
2025-12-05 15:32:16,173 - INFO -   ✓ 成功: 9 个样本, 1 个玩家
2025-12-05 15:32:16,173 - INFO - [189/800] 转换: szqjl_2024-01-19_12_31_10_.rep
2025-12-05 15:32:16,173 - INFO -   ✓ 成功: 8 个样本, 1 个玩家
2025-12-05 15:32:16,173 - INFO - [190/800] 转换: szqjl_2024-01-19_12_39_22_.rep
2025-12-05 15:32:16,173 - INFO -   ✓ 成功: 9 个样本, 1 个玩家
2025-12-05 15:32:16,173 - INFO - [191/800] 转换: szqjl_2024-01-19_12_43_04_.rep
2025-12-05 15:32:16,173 - INFO -   ✓ 成功: 9 个样本, 1 个玩家
2025-12-05 15:32:16,173 - INFO - [192/800] 转换: szqjl_2024-01-19_12_46_39_.rep
2025-12-05 15:32:16,173 - INFO -   ✓ 成功: 14 个样本, 1 个玩家
2025-12-05 15:32:16,173 - INFO - [193/800] 转换: szqjl_2024-01-19_12_50_45_.rep
2025-12-05 15:32:16,173 - INFO -   ✓ 成功: 11 个样本, 1 个玩家
2025-12-05 15:32:16,173 - INFO - [194/800] 转换: szqjl_2024-01-19_12_55_32_.rep
2025-12-05 15:32:16,173 - INFO -   ✓ 成功: 9 个样本, 1 个玩家
2025-12-05 15:32:16,189 - INFO - [195/800] 转换: szqjl_2024-01-19_12_59_38_.rep
2025-12-05 15:32:16,189 - INFO -   ✓ 成功: 9 个样本, 1 个玩家
2025-12-05 15:32:16,189 - INFO - [196/800] 转换: szqjl_2024-01-19_13_03_38_.rep
2025-12-05 15:32:16,189 - INFO -   ✓ 成功: 11 个样本, 1 个玩家
2025-12-05 15:32:16,189 - INFO - [197/800] 转换: szqjl_2024-01-19_13_07_12_.rep
2025-12-05 15:32:16,189 - INFO -   ✓ 成功: 11 个样本, 1 个玩家
2025-12-05 15:32:16,189 - INFO - [198/800] 转换: szqjl_2024-01-19_13_10_03_.rep
2025-12-05 15:32:16,189 - INFO -   ✓ 成功: 9 个样本, 1 个玩家
2025-12-05 15:32:16,189 - INFO - [199/800] 转换: szqjl_2024-01-19_13_13_10_.rep
2025-12-05 15:32:16,189 - INFO -   ✓ 成功: 9 个样本, 1 个玩家
2025-12-05 15:32:16,189 - INFO - [200/800] 转换: szqjl_2024-01-19_13_19_11_.rep
2025-12-05 15:32:16,189 - INFO -   ✓ 成功: 11 个样本, 1 个玩家
2025-12-05 15:32:16,189 - INFO - ============================================================
2025-12-05 15:32:16,189 - INFO - 进度: 100/10119 (跳过: 100, 失败: 0)
2025-12-05 15:32:16,189 - INFO - 已转换样本: 1020 个
2025-12-05 15:32:16,189 - INFO - 转换速度: 376.5 文件/秒
2025-12-05 15:32:16,189 - INFO - 预计剩余时间: 0.4 分钟
2025-12-05 15:32:16,189 - INFO - ============================================================
2025-12-05 15:32:16,189 - INFO - [201/800] 转换: szqjl_2024-01-19_13_22_58_.rep
2025-12-05 15:32:16,189 - INFO -   ✓ 成功: 11 个样本, 1 个玩家
2025-12-05 15:32:16,204 - INFO - [202/800] 转换: szqjl_2024-01-19_13_27_27_.rep
2025-12-05 15:32:16,204 - INFO -   ✓ 成功: 10 个样本, 1 个玩家
2025-12-05 15:32:16,204 - INFO - [203/800] 转换: szqjl_2024-01-19_13_30_59_.rep
2025-12-05 15:32:16,204 - INFO -   ✓ 成功: 8 个样本, 1 个玩家
2025-12-05 15:32:16,204 - INFO - [204/800] 转换: szqjl_2024-01-19_13_34_28_.rep
2025-12-05 15:32:16,204 - INFO -   ✓ 成功: 10 个样本, 1 个玩家
2025-12-05 15:32:16,204 - INFO - [205/800] 转换: szqjl_2024-01-19_13_38_23_.rep
2025-12-05 15:32:16,204 - INFO -   ✓ 成功: 10 个样本, 1 个玩家
2025-12-05 15:32:16,204 - INFO - [206/800] 转换: szqjl_2024-01-19_13_41_07_.rep
2025-12-05 15:32:16,204 - INFO -   ✓ 成功: 8 个样本, 1 个玩家
2025-12-05 15:32:16,204 - INFO - [207/800] 转换: szqjl_2024-01-19_13_44_53_.rep
2025-12-05 15:32:16,204 - INFO -   ✓ 成功: 10 个样本, 1 个玩家
2025-12-05 15:32:16,204 - INFO - [208/800] 转换: szqjl_2024-01-19_13_47_53_.rep
2025-12-05 15:32:16,204 - INFO -   ✓ 成功: 9 个样本, 1 个玩家
2025-12-05 15:32:16,204 - INFO - [209/800] 转换: szqjl_2024-01-19_13_51_46_.rep
2025-12-05 15:32:16,220 - INFO -   ✓ 成功: 8 个样本, 1 个玩家
2025-12-05 15:32:16,220 - INFO - [210/800] 转换: szqjl_2024-01-19_13_56_20_.rep
2025-12-05 15:32:16,220 - INFO -   ✓ 成功: 10 个样本, 1 个玩家
2025-12-05 15:32:16,220 - INFO - [211/800] 转换: szqjl_2024-01-19_13_59_25_.rep
2025-12-05 15:32:16,220 - INFO -   ✓ 成功: 11 个样本, 1 个玩家
2025-12-05 15:32:16,220 - INFO - [212/800] 转换: szqjl_2024-01-19_14_03_01_.rep
2025-12-05 15:32:16,220 - INFO -   ✓ 成功: 9 个样本, 1 个玩家
2025-12-05 15:32:16,220 - INFO - [213/800] 转换: szqjl_2024-01-23_12_15_24_.rep
2025-12-05 15:32:16,220 - INFO -   ✓ 成功: 12 个样本, 1 个玩家
2025-12-05 15:32:16,220 - INFO - [214/800] 转换: szqjl_2024-01-23_12_21_49_.rep
2025-12-05 15:32:16,220 - INFO -   ✓ 成功: 10 个样本, 1 个玩家
2025-12-05 15:32:16,220 - INFO - [215/800] 转换: szqjl_2024-01-23_12_24_27_.rep
2025-12-05 15:32:16,220 - INFO -   ✓ 成功: 10 个样本, 1 个玩家
2025-12-05 15:32:16,220 - INFO - [216/800] 转换: szqjl_2024-01-23_12_28_26_.rep
2025-12-05 15:32:16,220 - INFO -   ✓ 成功: 14 个样本, 1 个玩家
2025-12-05 15:32:16,236 - INFO - [217/800] 转换: szqjl_2024-01-23_12_31_41_.rep
2025-12-05 15:32:16,236 - INFO -   ✓ 成功: 11 个样本, 1 个玩家
2025-12-05 15:32:16,236 - INFO - [218/800] 转换: szqjl_2024-01-23_12_35_19_.rep
2025-12-05 15:32:16,236 - INFO -   ✓ 成功: 12 个样本, 1 个玩家
2025-12-05 15:32:16,236 - INFO - [219/800] 转换: szqjl_2024-01-23_12_38_01_.rep
2025-12-05 15:32:16,236 - INFO -   ✓ 成功: 10 个样本, 1 个玩家
2025-12-05 15:32:16,236 - INFO - [220/800] 转换: szqjl_2024-01-23_12_41_07_.rep
2025-12-05 15:32:16,236 - INFO -   ✓ 成功: 10 个样本, 1 个玩家
2025-12-05 15:32:16,236 - INFO - [221/800] 转换: szqjl_2024-01-23_12_44_37_.rep
2025-12-05 15:32:16,236 - INFO -   ✓ 成功: 9 个样本, 1 个玩家
2025-12-05 15:32:16,236 - INFO - [222/800] 转换: szqjl_2024-01-23_12_49_19_.rep
2025-12-05 15:32:16,236 - INFO -   ✓ 成功: 12 个样本, 1 个玩家
2025-12-05 15:32:16,236 - INFO - [223/800] 转换: szqjl_2024-01-23_12_53_44_.rep
2025-12-05 15:32:16,236 - INFO -   ✓ 成功: 10 个样本, 1 个玩家
2025-12-05 15:32:16,251 - INFO - [224/800] 转换: szqjl_2024-01-23_12_57_17_.rep
2025-12-05 15:32:16,251 - INFO -   ✓ 成功: 10 个样本, 1 个玩家
2025-12-05 15:32:16,251 - INFO - [225/800] 转换: szqjl_2024-01-23_13_01_43_.rep
2025-12-05 15:32:16,251 - INFO -   ✓ 成功: 11 个样本, 1 个玩家
2025-12-05 15:32:16,251 - INFO - [226/800] 转换: szqjl_2024-01-23_13_05_29_.rep
2025-12-05 15:32:16,251 - INFO -   ✓ 成功: 11 个样本, 1 个玩家
2025-12-05 15:32:16,251 - INFO - [227/800] 转换: szqjl_2024-01-23_13_09_19_.rep
2025-12-05 15:32:16,251 - INFO -   ✓ 成功: 9 个样本, 1 个玩家
2025-12-05 15:32:16,251 - INFO - [228/800] 转换: szqjl_2024-01-23_13_14_53_.rep
2025-12-05 15:32:16,251 - INFO -   ✓ 成功: 15 个样本, 1 个玩家
2025-12-05 15:32:16,251 - INFO - [229/800] 转换: szqjl_2024-01-23_13_18_31_.rep
2025-12-05 15:32:16,251 - INFO -   ✓ 成功: 9 个样本, 1 个玩家
2025-12-05 15:32:16,251 - INFO - [230/800] 转换: szqjl_2024-01-23_13_22_51_.rep
2025-12-05 15:32:16,251 - INFO -   ✓ 成功: 12 个样本, 1 个玩家
2025-12-05 15:32:16,267 - INFO - [231/800] 转换: szqjl_2024-01-23_13_25_57_.rep
2025-12-05 15:32:16,267 - INFO -   ✓ 成功: 10 个样本, 1 个玩家
2025-12-05 15:32:16,267 - INFO - [232/800] 转换: szqjl_2024-01-23_13_30_48_.rep
2025-12-05 15:32:16,267 - INFO -   ✓ 成功: 9 个样本, 1 个玩家
2025-12-05 15:32:16,267 - INFO - [233/800] 转换: szqjl_2024-01-23_13_34_20_.rep
2025-12-05 15:32:16,267 - INFO -   ✓ 成功: 10 个样本, 1 个玩家
2025-12-05 15:32:16,267 - INFO - [234/800] 转换: szqjl_2024-01-23_13_39_24_.rep
2025-12-05 15:32:16,267 - INFO -   ✓ 成功: 11 个样本, 1 个玩家
2025-12-05 15:32:16,267 - INFO - [235/800] 转换: szqjl_2024-01-23_13_43_04_.rep
2025-12-05 15:32:16,267 - INFO -   ✓ 成功: 11 个样本, 1 个玩家
2025-12-05 15:32:16,267 - INFO - [236/800] 转换: szqjl_2024-01-23_13_46_29_.rep
2025-12-05 15:32:16,267 - INFO -   ✓ 成功: 9 个样本, 1 个玩家
2025-12-05 15:32:16,267 - INFO - [237/800] 转换: szqjl_2024-01-23_13_50_57_.rep
2025-12-05 15:32:16,267 - INFO -   ✓ 成功: 12 个样本, 1 个玩家
2025-12-05 15:32:16,283 - INFO - [238/800] 转换: szqjl_2024-01-24_12_23_03_.rep
2025-12-05 15:32:16,283 - INFO -   ✓ 成功: 10 个样本, 1 个玩家
2025-12-05 15:32:16,283 - INFO - [239/800] 转换: szqjl_2024-01-24_12_26_31_.rep
2025-12-05 15:32:16,283 - INFO -   ✓ 成功: 13 个样本, 1 个玩家
2025-12-05 15:32:16,283 - INFO - [240/800] 转换: szqjl_2024-01-24_12_30_20_.rep
2025-12-05 15:32:16,283 - INFO -   ✓ 成功: 12 个样本, 1 个玩家
2025-12-05 15:32:16,283 - INFO - [241/800] 转换: szqjl_2024-01-24_12_33_33_.rep
2025-12-05 15:32:16,283 - INFO -   ✓ 成功: 10 个样本, 1 个玩家
2025-12-05 15:32:16,283 - INFO - [242/800] 转换: szqjl_2024-01-24_12_36_53_.rep
2025-12-05 15:32:16,283 - INFO -   ✓ 成功: 10 个样本, 1 个玩家
2025-12-05 15:32:16,283 - INFO - [243/800] 转换: szqjl_2024-01-24_12_39_52_.rep
2025-12-05 15:32:16,283 - INFO -   ✓ 成功: 9 个样本, 1 个玩家
2025-12-05 15:32:16,283 - INFO - [244/800] 转换: szqjl_2024-01-24_12_43_52_.rep
2025-12-05 15:32:16,283 - INFO -   ✓ 成功: 13 个样本, 1 个玩家
2025-12-05 15:32:16,283 - INFO - [245/800] 转换: szqjl_2024-01-24_12_47_33_.rep
2025-12-05 15:32:16,298 - INFO -   ✓ 成功: 11 个样本, 1 个玩家
2025-12-05 15:32:16,298 - INFO - [246/800] 转换: szqjl_2024-01-24_12_51_24_.rep
2025-12-05 15:32:16,298 - INFO -   ✓ 成功: 10 个样本, 1 个玩家
2025-12-05 15:32:16,298 - INFO - [247/800] 转换: szqjl_2024-01-24_12_54_30_.rep
2025-12-05 15:32:16,298 - INFO -   ✓ 成功: 11 个样本, 1 个玩家
2025-12-05 15:32:16,298 - INFO - [248/800] 转换: szqjl_2024-01-24_12_57_13_.rep
2025-12-05 15:32:16,298 - INFO -   ✓ 成功: 8 个样本, 1 个玩家
2025-12-05 15:32:16,298 - INFO - [249/800] 转换: szqjl_2024-01-24_13_00_34_.rep
2025-12-05 15:32:16,298 - INFO -   ✓ 成功: 10 个样本, 1 个玩家
2025-12-05 15:32:16,298 - INFO - [250/800] 转换: szqjl_2024-01-24_13_04_11_.rep
2025-12-05 15:32:16,298 - INFO -   ✓ 成功: 10 个样本, 1 个玩家
2025-12-05 15:32:16,298 - INFO - [251/800] 转换: szqjl_2024-01-24_13_08_54_.rep
2025-12-05 15:32:16,298 - INFO -   ✓ 成功: 10 个样本, 1 个玩家
2025-12-05 15:32:16,314 - INFO - [252/800] 转换: szqjl_2024-01-24_13_12_19_.rep
2025-12-05 15:32:16,314 - INFO -   ✓ 成功: 10 个样本, 1 个玩家
2025-12-05 15:32:16,314 - INFO - [253/800] 转换: szqjl_2024-01-24_13_19_08_.rep
2025-12-05 15:32:16,314 - INFO -   ✓ 成功: 14 个样本, 1 个玩家
2025-12-05 15:32:16,314 - INFO - [254/800] 转换: szqjl_2024-01-24_15_24_40_.rep
2025-12-05 15:32:16,314 - INFO -   ✓ 成功: 10 个样本, 1 个玩家
2025-12-05 15:32:16,314 - INFO - [255/800] 转换: szqjl_2024-01-24_15_28_40_.rep
2025-12-05 15:32:16,314 - INFO -   ✓ 成功: 11 个样本, 1 个玩家
2025-12-05 15:32:16,314 - INFO - [256/800] 转换: szqjl_2024-01-24_15_33_27_.rep
2025-12-05 15:32:16,314 - INFO -   ✓ 成功: 9 个样本, 1 个玩家
2025-12-05 15:32:16,314 - INFO - [257/800] 转换: szqjl_2024-01-24_15_38_17_.rep
2025-12-05 15:32:16,314 - INFO -   ✓ 成功: 12 个样本, 1 个玩家
2025-12-05 15:32:16,314 - INFO - [258/800] 转换: szqjl_2024-01-24_15_42_46_.rep
2025-12-05 15:32:16,314 - INFO -   ✓ 成功: 8 个样本, 1 个玩家
2025-12-05 15:32:16,329 - INFO - [259/800] 转换: szqjl_2024-01-24_15_46_43_.rep
2025-12-05 15:32:16,329 - INFO -   ✓ 成功: 12 个样本, 1 个玩家
2025-12-05 15:32:16,329 - INFO - [260/800] 转换: szqjl_2024-01-24_15_50_37_.rep
2025-12-05 15:32:16,329 - INFO -   ✓ 成功: 9 个样本, 1 个玩家
2025-12-05 15:32:16,329 - INFO - [261/800] 转换: szqjl_2024-01-24_15_56_13_.rep
2025-12-05 15:32:16,329 - INFO -   ✓ 成功: 12 个样本, 1 个玩家
2025-12-05 15:32:16,329 - INFO - [262/800] 转换: szqjl_2024-01-24_16_00_49_.rep
2025-12-05 15:32:16,329 - INFO -   ✓ 成功: 9 个样本, 1 个玩家
2025-12-05 15:32:16,329 - INFO - [263/800] 转换: szqjl_2024-01-24_16_05_31_.rep
2025-12-05 15:32:16,329 - INFO -   ✓ 成功: 13 个样本, 1 个玩家
2025-12-05 15:32:16,329 - INFO - [264/800] 转换: szqjl_2024-01-24_16_10_05_.rep
2025-12-05 15:32:16,329 - INFO -   ✓ 成功: 12 个样本, 1 个玩家
2025-12-05 15:32:16,329 - INFO - [265/800] 转换: szqjl_2024-01-24_16_14_46_.rep
2025-12-05 15:32:16,329 - INFO -   ✓ 成功: 11 个样本, 1 个玩家
2025-12-05 15:32:16,345 - INFO - [266/800] 转换: szqjl_2024-01-24_16_17_10_.rep
2025-12-05 15:32:16,345 - INFO -   ✓ 成功: 9 个样本, 1 个玩家
2025-12-05 15:32:16,345 - INFO - [267/800] 转换: szqjl_2024-01-24_16_20_30_.rep
2025-12-05 15:32:16,345 - INFO -   ✓ 成功: 9 个样本, 1 个玩家
2025-12-05 15:32:16,345 - INFO - [268/800] 转换: szqjl_2024-01-24_16_23_48_.rep
2025-12-05 15:32:16,345 - INFO -   ✓ 成功: 10 个样本, 1 个玩家
2025-12-05 15:32:16,345 - INFO - [269/800] 转换: szqjl_2024-01-24_16_26_19_.rep
2025-12-05 15:32:16,345 - INFO -   ✓ 成功: 9 个样本, 1 个玩家
2025-12-05 15:32:16,345 - INFO - [270/800] 转换: szqjl_2024-01-24_16_29_25_.rep
2025-12-05 15:32:16,345 - INFO -   ✓ 成功: 9 个样本, 1 个玩家
2025-12-05 15:32:16,345 - INFO - [271/800] 转换: szqjl_2024-01-24_16_32_13_.rep
2025-12-05 15:32:16,345 - INFO -   ✓ 成功: 10 个样本, 1 个玩家
2025-12-05 15:32:16,345 - INFO - [272/800] 转换: szqjl_2024-01-24_16_35_52_.rep
2025-12-05 15:32:16,361 - INFO -   ✓ 成功: 12 个样本, 1 个玩家
2025-12-05 15:32:16,361 - INFO - [273/800] 转换: szqjl_2024-01-24_16_39_16_.rep
2025-12-05 15:32:16,361 - INFO -   ✓ 成功: 8 个样本, 1 个玩家
2025-12-05 15:32:16,361 - INFO - [274/800] 转换: szqjl_2024-01-24_16_41_30_.rep
2025-12-05 15:32:16,361 - INFO -   ✓ 成功: 10 个样本, 1 个玩家
2025-12-05 15:32:16,361 - INFO - [275/800] 转换: szqjl_2024-01-24_16_43_52_.rep
2025-12-05 15:32:16,361 - INFO -   ✓ 成功: 10 个样本, 1 个玩家
2025-12-05 15:32:16,361 - INFO - [276/800] 转换: szqjl_2024-01-24_16_46_33_.rep
2025-12-05 15:32:16,361 - INFO -   ✓ 成功: 12 个样本, 1 个玩家
2025-12-05 15:32:16,361 - INFO - [277/800] 转换: szqjl_2024-01-24_16_49_48_.rep
2025-12-05 15:32:16,361 - INFO -   ✓ 成功: 9 个样本, 1 个玩家
2025-12-05 15:32:16,361 - INFO - [278/800] 转换: szqjl_2024-01-24_16_53_17_.rep
2025-12-05 15:32:16,361 - INFO -   ✓ 成功: 9 个样本, 1 个玩家
2025-12-05 15:32:16,361 - INFO - [279/800] 转换: szqjl_2024-01-24_16_56_44_.rep
2025-12-05 15:32:16,376 - INFO -   ✓ 成功: 10 个样本, 1 个玩家
2025-12-05 15:32:16,376 - INFO - [280/800] 转换: szqjl_2024-01-24_17_00_17_.rep
2025-12-05 15:32:16,376 - INFO -   ✓ 成功: 10 个样本, 1 个玩家
2025-12-05 15:32:16,376 - INFO - [281/800] 转换: szqjl_2024-01-25_12_25_36_.rep
2025-12-05 15:32:16,376 - INFO -   ✓ 成功: 10 个样本, 1 个玩家
2025-12-05 15:32:16,376 - INFO - [282/800] 转换: szqjl_2024-01-25_12_29_39_.rep
2025-12-05 15:32:16,376 - INFO -   ✓ 成功: 10 个样本, 1 个玩家
2025-12-05 15:32:16,376 - INFO - [283/800] 转换: szqjl_2024-01-25_12_33_14_.rep
2025-12-05 15:32:16,376 - INFO -   ✓ 成功: 10 个样本, 1 个玩家
2025-12-05 15:32:16,376 - INFO - [284/800] 转换: szqjl_2024-01-25_12_35_48_.rep
2025-12-05 15:32:16,376 - INFO -   ✓ 成功: 10 个样本, 1 个玩家
2025-12-05 15:32:16,376 - INFO - [285/800] 转换: szqjl_2024-01-25_12_38_34_.rep
2025-12-05 15:32:16,392 - INFO -   ✓ 成功: 10 个样本, 1 个玩家
2025-12-05 15:32:16,392 - INFO - [286/800] 转换: szqjl_2024-01-25_12_42_39_.rep
2025-12-05 15:32:16,392 - INFO -   ✓ 成功: 12 个样本, 1 个玩家
2025-12-05 15:32:16,392 - INFO - [287/800] 转换: szqjl_2024-01-25_12_45_09_.rep
2025-12-05 15:32:16,392 - INFO -   ✓ 成功: 8 个样本, 1 个玩家
2025-12-05 15:32:16,392 - INFO - [288/800] 转换: szqjl_2024-01-25_12_53_04_.rep
2025-12-05 15:32:16,392 - INFO -   ✓ 成功: 12 个样本, 1 个玩家
2025-12-05 15:32:16,392 - INFO - [289/800] 转换: szqjl_2024-01-25_12_56_17_.rep
2025-12-05 15:32:16,392 - INFO -   ✓ 成功: 12 个样本, 1 个玩家
2025-12-05 15:32:16,392 - INFO - [290/800] 转换: szqjl_2024-01-25_12_59_02_.rep
2025-12-05 15:32:16,392 - INFO -   ✓ 成功: 9 个样本, 1 个玩家
2025-12-05 15:32:16,392 - INFO - [291/800] 转换: szqjl_2024-01-25_13_02_09_.rep
2025-12-05 15:32:16,392 - INFO -   ✓ 成功: 12 个样本, 1 个玩家
2025-12-05 15:32:16,392 - INFO - [292/800] 转换: szqjl_2024-01-25_13_05_24_.rep
2025-12-05 15:32:16,408 - INFO -   ✓ 成功: 8 个样本, 1 个玩家
2025-12-05 15:32:16,408 - INFO - [293/800] 转换: szqjl_2024-01-25_13_12_32_.rep
2025-12-05 15:32:16,408 - INFO -   ✓ 成功: 8 个样本, 1 个玩家
2025-12-05 15:32:16,408 - INFO - [294/800] 转换: szqjl_2024-01-25_13_16_13_.rep
2025-12-05 15:32:16,408 - INFO -   ✓ 成功: 9 个样本, 1 个玩家
2025-12-05 15:32:16,408 - INFO - [295/800] 转换: szqjl_2024-01-25_13_19_31_.rep
2025-12-05 15:32:16,408 - INFO -   ✓ 成功: 10 个样本, 1 个玩家
2025-12-05 15:32:16,408 - INFO - [296/800] 转换: szqjl_2024-01-25_13_22_35_.rep
2025-12-05 15:32:16,408 - INFO -   ✓ 成功: 6 个样本, 1 个玩家
2025-12-05 15:32:16,408 - INFO - [297/800] 转换: szqjl_2024-01-25_13_26_14_.rep
2025-12-05 15:32:16,408 - INFO -   ✓ 成功: 11 个样本, 1 个玩家
2025-12-05 15:32:16,408 - INFO - [298/800] 转换: szqjl_2024-01-25_13_29_37_.rep
2025-12-05 15:32:16,408 - INFO -   ✓ 成功: 14 个样本, 1 个玩家
2025-12-05 15:32:16,408 - INFO - [299/800] 转换: szqjl_2024-01-25_13_33_33_.rep
2025-12-05 15:32:16,423 - INFO -   ✓ 成功: 9 个样本, 1 个玩家
2025-12-05 15:32:16,423 - INFO - [300/800] 转换: szqjl_2024-01-25_13_37_08_.rep
2025-12-05 15:32:16,423 - INFO -   ✓ 成功: 13 个样本, 1 个玩家
2025-12-05 15:32:16,423 - INFO - ============================================================
2025-12-05 15:32:16,423 - INFO - 进度: 200/10119 (跳过: 100, 失败: 0)
2025-12-05 15:32:16,423 - INFO - 已转换样本: 2051 个
2025-12-05 15:32:16,423 - INFO - 转换速度: 400.0 文件/秒
2025-12-05 15:32:16,423 - INFO - 预计剩余时间: 0.4 分钟
2025-12-05 15:32:16,423 - INFO - ============================================================
2025-12-05 15:32:16,423 - INFO - [301/800] 转换: szqjl_2024-01-25_13_39_38_.rep
2025-12-05 15:32:16,423 - INFO -   ✓ 成功: 8 个样本, 1 个玩家
2025-12-05 15:32:16,423 - INFO - [302/800] 转换: szqjl_2024-01-25_13_41_47_.rep
2025-12-05 15:32:16,423 - INFO -   ✓ 成功: 6 个样本, 1 个玩家
2025-12-05 15:32:16,423 - INFO - [303/800] 转换: szqjl_2024-01-25_13_45_21_.rep
2025-12-05 15:32:16,423 - INFO -   ✓ 成功: 11 个样本, 1 个玩家
2025-12-05 15:32:16,423 - INFO - [304/800] 转换: szqjl_2024-01-25_13_47_50_.rep
2025-12-05 15:32:16,423 - INFO -   ✓ 成功: 8 个样本, 1 个玩家
2025-12-05 15:32:16,423 - INFO - [305/800] 转换: szqjl_2024-01-25_13_50_16_.rep
2025-12-05 15:32:16,423 - INFO -   ✓ 成功: 10 个样本, 1 个玩家
2025-12-05 15:32:16,439 - INFO - [306/800] 转换: szqjl_2024-01-25_13_52_23_.rep
2025-12-05 15:32:16,439 - INFO -   ✓ 成功: 7 个样本, 1 个玩家
2025-12-05 15:32:16,439 - INFO - [307/800] 转换: szqjl_2024-01-25_13_54_57_.rep
2025-12-05 15:32:16,439 - INFO -   ✓ 成功: 12 个样本, 1 个玩家
2025-12-05 15:32:16,439 - INFO - [308/800] 转换: szqjl_2024-01-25_13_57_16_.rep
2025-12-05 15:32:16,439 - INFO -   ✓ 成功: 10 个样本, 1 个玩家
2025-12-05 15:32:16,439 - INFO - [309/800] 转换: szqjl_2024-01-25_13_59_37_.rep
2025-12-05 15:32:16,439 - INFO -   ✓ 成功: 9 个样本, 1 个玩家
2025-12-05 15:32:16,439 - INFO - [310/800] 转换: szqjl_2024-01-25_14_02_07_.rep
2025-12-05 15:32:16,439 - INFO -   ✓ 成功: 12 个样本, 1 个玩家
2025-12-05 15:32:16,439 - INFO - [311/800] 转换: szqjl_2024-01-25_14_27_56_.rep
2025-12-05 15:32:16,439 - INFO -   ✓ 成功: 10 个样本, 1 个玩家
2025-12-05 15:32:16,439 - INFO - [312/800] 转换: szqjl_2024-01-25_14_34_26_.rep
2025-12-05 15:32:16,454 - INFO -   ✓ 成功: 11 个样本, 1 个玩家
2025-12-05 15:32:16,454 - INFO - [313/800] 转换: szqjl_2024-01-25_14_41_42_.rep
2025-12-05 15:32:16,454 - INFO -   ✓ 成功: 9 个样本, 1 个玩家
2025-12-05 15:32:16,454 - INFO - [314/800] 转换: szqjl_2024-01-25_14_46_52_.rep
2025-12-05 15:32:16,454 - INFO -   ✓ 成功: 11 个样本, 1 个玩家
2025-12-05 15:32:16,454 - INFO - [315/800] 转换: szqjl_2024-01-25_14_52_32_.rep
2025-12-05 15:32:16,454 - INFO -   ✓ 成功: 10 个样本, 1 个玩家
2025-12-05 15:32:16,454 - INFO - [316/800] 转换: szqjl_2024-01-25_14_57_21_.rep
2025-12-05 15:32:16,454 - INFO -   ✓ 成功: 12 个样本, 1 个玩家
2025-12-05 15:32:16,454 - INFO - [317/800] 转换: szqjl_2024-01-25_15_03_15_.rep
2025-12-05 15:32:16,454 - INFO -   ✓ 成功: 8 个样本, 1 个玩家
2025-12-05 15:32:16,454 - INFO - [318/800] 转换: szqjl_2024-01-25_15_08_36_.rep
2025-12-05 15:32:16,454 - INFO -   ✓ 成功: 11 个样本, 1 个玩家
2025-12-05 15:32:16,454 - INFO - [319/800] 转换: szqjl_2024-01-25_15_14_16_.rep
2025-12-05 15:32:16,470 - INFO -   ✓ 成功: 9 个样本, 1 个玩家
2025-12-05 15:32:16,470 - INFO - [320/800] 转换: szqjl_2024-01-26_14_58_23_.rep
2025-12-05 15:32:16,470 - INFO -   ✓ 成功: 12 个样本, 1 个玩家
2025-12-05 15:32:16,470 - INFO - [321/800] 转换: szqjl_2024-01-26_15_01_07_.rep
2025-12-05 15:32:16,470 - INFO -   ✓ 成功: 12 个样本, 1 个玩家
2025-12-05 15:32:16,470 - INFO - [322/800] 转换: szqjl_2024-01-26_15_04_08_.rep
2025-12-05 15:32:16,470 - INFO -   ✓ 成功: 12 个样本, 1 个玩家
2025-12-05 15:32:16,470 - INFO - [323/800] 转换: szqjl_2024-01-26_15_07_37_.rep
2025-12-05 15:32:16,470 - INFO -   ✓ 成功: 11 个样本, 1 个玩家
2025-12-05 15:32:16,470 - INFO - [324/800] 转换: szqjl_2024-01-26_15_11_45_.rep
2025-12-05 15:32:16,470 - INFO -   ✓ 成功: 12 个样本, 1 个玩家
2025-12-05 15:32:16,470 - INFO - [325/800] 转换: szqjl_2024-01-26_15_15_45_.rep
2025-12-05 15:32:16,470 - INFO -   ✓ 成功: 12 个样本, 1 个玩家
2025-12-05 15:32:16,486 - INFO - [326/800] 转换: szqjl_2024-01-26_15_18_41_.rep
2025-12-05 15:32:16,486 - INFO -   ✓ 成功: 8 个样本, 1 个玩家
2025-12-05 15:32:16,486 - INFO - [327/800] 转换: szqjl_2024-01-26_15_23_04_.rep
2025-12-05 15:32:16,486 - INFO -   ✓ 成功: 10 个样本, 1 个玩家
2025-12-05 15:32:16,486 - INFO - [328/800] 转换: szqjl_2024-01-26_15_26_32_.rep
2025-12-05 15:32:16,486 - INFO -   ✓ 成功: 9 个样本, 1 个玩家
2025-12-05 15:32:16,486 - INFO - [329/800] 转换: szqjl_2024-01-26_15_30_05_.rep
2025-12-05 15:32:16,486 - INFO -   ✓ 成功: 12 个样本, 1 个玩家
2025-12-05 15:32:16,486 - INFO - [330/800] 转换: szqjl_2024-01-26_15_35_00_.rep
2025-12-05 15:32:16,486 - INFO -   ✓ 成功: 13 个样本, 1 个玩家
2025-12-05 15:32:16,486 - INFO - [331/800] 转换: szqjl_2024-01-26_15_39_12_.rep
2025-12-05 15:32:16,486 - INFO -   ✓ 成功: 9 个样本, 1 个玩家
2025-12-05 15:32:16,486 - INFO - [332/800] 转换: szqjl_2024-01-26_15_43_20_.rep
2025-12-05 15:32:16,501 - INFO -   ✓ 成功: 10 个样本, 1 个玩家
2025-12-05 15:32:16,501 - INFO - [333/800] 转换: szqjl_2024-01-26_15_47_47_.rep
2025-12-05 15:32:16,501 - INFO -   ✓ 成功: 11 个样本, 1 个玩家
2025-12-05 15:32:16,501 - INFO - [334/800] 转换: szqjl_2024-01-26_15_52_47_.rep
2025-12-05 15:32:16,501 - INFO -   ✓ 成功: 14 个样本, 1 个玩家
2025-12-05 15:32:16,501 - INFO - [335/800] 转换: szqjl_2024-01-26_15_57_41_.rep
2025-12-05 15:32:16,501 - INFO -   ✓ 成功: 7 个样本, 1 个玩家
2025-12-05 15:32:16,501 - INFO - [336/800] 转换: szqjl_2024-01-26_16_03_02_.rep
2025-12-05 15:32:16,501 - INFO -   ✓ 成功: 9 个样本, 1 个玩家
2025-12-05 15:32:16,501 - INFO - [337/800] 转换: szqjl_2024-01-26_16_07_43_.rep
2025-12-05 15:32:16,501 - INFO -   ✓ 成功: 10 个样本, 1 个玩家
2025-12-05 15:32:16,501 - INFO - [338/800] 转换: szqjl_2024-01-26_16_37_11_.rep
2025-12-05 15:32:16,501 - INFO -   ✓ 成功: 10 个样本, 1 个玩家
2025-12-05 15:32:16,517 - INFO - [339/800] 转换: szqjl_2024-01-26_16_41_21_.rep
2025-12-05 15:32:16,517 - INFO -   ✓ 成功: 12 个样本, 1 个玩家
2025-12-05 15:32:16,517 - INFO - [340/800] 转换: szqjl_2024-01-26_16_44_30_.rep
2025-12-05 15:32:16,517 - INFO -   ✓ 成功: 9 个样本, 1 个玩家
2025-12-05 15:32:16,517 - INFO - [341/800] 转换: szqjl_2024-01-26_16_47_52_.rep
2025-12-05 15:32:16,517 - INFO -   ✓ 成功: 8 个样本, 1 个玩家
2025-12-05 15:32:16,517 - INFO - [342/800] 转换: szqjl_2024-01-26_16_51_53_.rep
2025-12-05 15:32:16,517 - INFO -   ✓ 成功: 10 个样本, 1 个玩家
2025-12-05 15:32:16,517 - INFO - [343/800] 转换: szqjl_2024-01-26_16_54_49_.rep
2025-12-05 15:32:16,517 - INFO -   ✓ 成功: 8 个样本, 1 个玩家
2025-12-05 15:32:16,517 - INFO - [344/800] 转换: szqjl_2024-01-26_16_58_36_.rep
2025-12-05 15:32:16,517 - INFO -   ✓ 成功: 11 个样本, 1 个玩家
2025-12-05 15:32:16,517 - INFO - [345/800] 转换: szqjl_2024-01-26_17_01_51_.rep
2025-12-05 15:32:16,533 - INFO -   ✓ 成功: 9 个样本, 1 个玩家
2025-12-05 15:32:16,533 - INFO - [346/800] 转换: szqjl_2024-01-26_17_04_58_.rep
2025-12-05 15:32:16,533 - INFO -   ✓ 成功: 9 个样本, 1 个玩家
2025-12-05 15:32:16,533 - INFO - [347/800] 转换: szqjl_2024-01-31_12_34_02_.rep
2025-12-05 15:32:16,533 - INFO -   ✓ 成功: 9 个样本, 1 个玩家
2025-12-05 15:32:16,533 - INFO - [348/800] 转换: szqjl_2024-01-31_12_36_46_.rep
2025-12-05 15:32:16,533 - INFO -   ✓ 成功: 11 个样本, 1 个玩家
2025-12-05 15:32:16,533 - INFO - [349/800] 转换: szqjl_2024-01-31_12_39_10_.rep
2025-12-05 15:32:16,533 - INFO -   ✓ 成功: 9 个样本, 1 个玩家
2025-12-05 15:32:16,533 - INFO - [350/800] 转换: szqjl_2024-01-31_12_42_39_.rep
2025-12-05 15:32:16,533 - INFO -   ✓ 成功: 8 个样本, 1 个玩家
2025-12-05 15:32:16,533 - INFO - [351/800] 转换: szqjl_2024-01-31_12_45_17_.rep
2025-12-05 15:32:16,533 - INFO -   ✓ 成功: 9 个样本, 1 个玩家
2025-12-05 15:32:16,548 - INFO - [352/800] 转换: szqjl_2024-01-31_12_48_57_.rep
2025-12-05 15:32:16,548 - INFO -   ✓ 成功: 10 个样本, 1 个玩家
2025-12-05 15:32:16,548 - INFO - [353/800] 转换: szqjl_2024-01-31_12_52_03_.rep
2025-12-05 15:32:16,548 - INFO -   ✓ 成功: 10 个样本, 1 个玩家
2025-12-05 15:32:16,548 - INFO - [354/800] 转换: szqjl_2024-01-31_12_57_24_.rep
2025-12-05 15:32:16,548 - INFO -   ✓ 成功: 9 个样本, 1 个玩家
2025-12-05 15:32:16,548 - INFO - [355/800] 转换: szqjl_2024-01-31_13_04_55_.rep
2025-12-05 15:32:16,548 - INFO -   ✓ 成功: 10 个样本, 1 个玩家
2025-12-05 15:32:16,548 - INFO - [356/800] 转换: szqjl_2024-01-31_13_08_29_.rep
2025-12-05 15:32:16,548 - INFO -   ✓ 成功: 8 个样本, 1 个玩家
2025-12-05 15:32:16,548 - INFO - [357/800] 转换: szqjl_2024-01-31_13_11_55_.rep
2025-12-05 15:32:16,564 - INFO -   ✓ 成功: 10 个样本, 1 个玩家
2025-12-05 15:32:16,564 - INFO - [358/800] 转换: szqjl_2024-01-31_13_15_25_.rep
2025-12-05 15:32:16,564 - INFO -   ✓ 成功: 9 个样本, 1 个玩家
2025-12-05 15:32:16,564 - INFO - [359/800] 转换: szqjl_2024-01-31_13_18_53_.rep
2025-12-05 15:32:16,564 - INFO -   ✓ 成功: 9 个样本, 1 个玩家
2025-12-05 15:32:16,564 - INFO - [360/800] 转换: szqjl_2024-01-31_13_21_55_.rep
2025-12-05 15:32:16,564 - INFO -   ✓ 成功: 9 个样本, 1 个玩家
2025-12-05 15:32:16,564 - INFO - [361/800] 转换: szqjl_2024-01-31_13_25_11_.rep
2025-12-05 15:32:16,564 - INFO -   ✓ 成功: 11 个样本, 1 个玩家
2025-12-05 15:32:16,564 - INFO - [362/800] 转换: szqjl_2024-01-31_13_28_51_.rep
2025-12-05 15:32:16,564 - INFO -   ✓ 成功: 12 个样本, 1 个玩家
2025-12-05 15:32:16,564 - INFO - [363/800] 转换: szqjl_2024-01-31_13_32_06_.rep
2025-12-05 15:32:16,579 - INFO -   ✓ 成功: 9 个样本, 1 个玩家
2025-12-05 15:32:16,579 - INFO - [364/800] 转换: szqjl_2024-01-31_13_35_20_.rep
2025-12-05 15:32:16,579 - INFO -   ✓ 成功: 12 个样本, 1 个玩家
2025-12-05 15:32:16,579 - INFO - [365/800] 转换: szqjl_2024-02-01_13_07_14_.rep
2025-12-05 15:32:16,579 - INFO -   ✓ 成功: 9 个样本, 1 个玩家
2025-12-05 15:32:16,579 - INFO - [366/800] 转换: szqjl_2024-02-01_13_10_04_.rep
2025-12-05 15:32:16,579 - INFO -   ✓ 成功: 8 个样本, 1 个玩家
2025-12-05 15:32:16,579 - INFO - [367/800] 转换: szqjl_2024-02-01_13_13_11_.rep
2025-12-05 15:32:16,579 - INFO -   ✓ 成功: 9 个样本, 1 个玩家
2025-12-05 15:32:16,579 - INFO - [368/800] 转换: szqjl_2024-02-01_13_16_30_.rep
2025-12-05 15:32:16,579 - INFO -   ✓ 成功: 11 个样本, 1 个玩家
2025-12-05 15:32:16,579 - INFO - [369/800] 转换: szqjl_2024-02-01_13_19_46_.rep
2025-12-05 15:32:16,595 - INFO -   ✓ 成功: 9 个样本, 1 个玩家
2025-12-05 15:32:16,595 - INFO - [370/800] 转换: szqjl_2024-02-01_13_23_56_.rep
2025-12-05 15:32:16,595 - INFO -   ✓ 成功: 10 个样本, 1 个玩家
2025-12-05 15:32:16,595 - INFO - [371/800] 转换: szqjl_2024-02-01_13_28_13_.rep
2025-12-05 15:32:16,595 - INFO -   ✓ 成功: 9 个样本, 1 个玩家
2025-12-05 15:32:16,595 - INFO - [372/800] 转换: szqjl_2024-02-01_13_31_50_.rep
2025-12-05 15:32:16,595 - INFO -   ✓ 成功: 11 个样本, 1 个玩家
2025-12-05 15:32:16,595 - INFO - [373/800] 转换: szqjl_2024-02-01_13_36_00_.rep
2025-12-05 15:32:16,595 - INFO -   ✓ 成功: 10 个样本, 1 个玩家
2025-12-05 15:32:16,595 - INFO - [374/800] 转换: szqjl_2024-02-02_12_52_37_.rep
2025-12-05 15:32:16,611 - INFO -   ✓ 成功: 10 个样本, 1 个玩家
2025-12-05 15:32:16,611 - INFO - [375/800] 转换: szqjl_2024-02-02_12_55_48_.rep
2025-12-05 15:32:16,611 - INFO -   ✓ 成功: 8 个样本, 1 个玩家
2025-12-05 15:32:16,611 - INFO - [376/800] 转换: szqjl_2024-02-02_13_00_05_.rep
2025-12-05 15:32:16,611 - INFO -   ✓ 成功: 11 个样本, 1 个玩家
2025-12-05 15:32:16,611 - INFO - [377/800] 转换: szqjl_2024-02-02_13_02_54_.rep
2025-12-05 15:32:16,611 - INFO -   ✓ 成功: 9 个样本, 1 个玩家
2025-12-05 15:32:16,611 - INFO - [378/800] 转换: szqjl_2024-02-02_13_07_24_.rep
2025-12-05 15:32:16,611 - INFO -   ✓ 成功: 10 个样本, 1 个玩家
2025-12-05 15:32:16,611 - INFO - [379/800] 转换: szqjl_2024-02-02_13_10_55_.rep
2025-12-05 15:32:16,627 - INFO -   ✓ 成功: 11 个样本, 1 个玩家
2025-12-05 15:32:16,628 - INFO - [380/800] 转换: szqjl_2024-02-02_13_15_33_.rep
2025-12-05 15:32:16,630 - INFO -   ✓ 成功: 15 个样本, 1 个玩家
2025-12-05 15:32:16,631 - INFO - [381/800] 转换: szqjl_2024-02-02_13_19_07_.rep
2025-12-05 15:32:16,631 - INFO -   ✓ 成功: 7 个样本, 1 个玩家
2025-12-05 15:32:16,631 - INFO - [382/800] 转换: szqjl_2024-02-02_13_22_53_.rep
2025-12-05 15:32:16,631 - INFO -   ✓ 成功: 11 个样本, 1 个玩家
2025-12-05 15:32:16,631 - INFO - [383/800] 转换: szqjl_2024-02-02_13_26_33_.rep
2025-12-05 15:32:16,631 - INFO -   ✓ 成功: 9 个样本, 1 个玩家
2025-12-05 15:32:16,631 - INFO - [384/800] 跳过已转换: _2024-02-04_12_15_56.rep
2025-12-05 15:32:16,631 - INFO - [385/800] 跳过已转换: _2024-02-04_12_20_27.rep
2025-12-05 15:32:16,631 - INFO - [386/800] 跳过已转换: _2024-02-04_12_23_47.rep
2025-12-05 15:32:16,631 - INFO - [387/800] 跳过已转换: _2024-02-04_12_29_03.rep
2025-12-05 15:32:16,631 - INFO - [388/800] 跳过已转换: _2024-02-04_12_35_09.rep
2025-12-05 15:32:16,646 - INFO - [389/800] 转换: szqjl_2024-02-04_13_42_56_.rep
2025-12-05 15:32:16,646 - INFO -   ✓ 成功: 8 个样本, 1 个玩家
2025-12-05 15:32:16,646 - INFO - [390/800] 转换: szqjl_2024-02-04_13_46_38_.rep
2025-12-05 15:32:16,646 - INFO -   ✓ 成功: 7 个样本, 1 个玩家
2025-12-05 15:32:16,646 - INFO - [391/800] 转换: szqjl_2024-02-04_13_50_35_.rep
2025-12-05 15:32:16,646 - INFO -   ✓ 成功: 14 个样本, 1 个玩家
2025-12-05 15:32:16,646 - INFO - [392/800] 转换: szqjl_2024-02-04_13_54_26_.rep
2025-12-05 15:32:16,646 - INFO -   ✓ 成功: 12 个样本, 1 个玩家
2025-12-05 15:32:16,646 - INFO - [393/800] 转换: szqjl_2024-02-04_13_58_00_.rep
2025-12-05 15:32:16,646 - INFO -   ✓ 成功: 11 个样本, 1 个玩家
2025-12-05 15:32:16,662 - INFO - [394/800] 转换: szqjl_2024-02-04_14_02_01_.rep
2025-12-05 15:32:16,662 - INFO -   ✓ 成功: 12 个样本, 1 个玩家
2025-12-05 15:32:16,662 - INFO - [395/800] 转换: szqjl_2024-02-04_14_04_54_.rep
2025-12-05 15:32:16,662 - INFO -   ✓ 成功: 12 个样本, 1 个玩家
2025-12-05 15:32:16,662 - INFO - [396/800] 转换: szqjl_2024-02-04_14_08_15_.rep
2025-12-05 15:32:16,662 - INFO -   ✓ 成功: 10 个样本, 1 个玩家
2025-12-05 15:32:16,662 - INFO - [397/800] 转换: szqjl_2024-02-04_14_10_54_.rep
2025-12-05 15:32:16,662 - INFO -   ✓ 成功: 9 个样本, 1 个玩家
2025-12-05 15:32:16,662 - INFO - [398/800] 转换: szqjl_2024-02-04_14_13_58_.rep
2025-12-05 15:32:16,662 - INFO -   ✓ 成功: 8 个样本, 1 个玩家
2025-12-05 15:32:16,662 - INFO - [399/800] 转换: szqjl_2024-02-04_14_18_24_.rep
2025-12-05 15:32:16,678 - INFO -   ✓ 成功: 9 个样本, 1 个玩家
2025-12-05 15:32:16,678 - INFO - [400/800] 转换: szqjl_2024-02-04_14_20_50_.rep
2025-12-05 15:32:16,678 - INFO -   ✓ 成功: 12 个样本, 1 个玩家
2025-12-05 15:32:16,678 - INFO - ============================================================
2025-12-05 15:32:16,678 - INFO - 进度: 295/10119 (跳过: 105, 失败: 0)
2025-12-05 15:32:16,678 - INFO - 已转换样本: 2999 个
2025-12-05 15:32:16,678 - INFO - 转换速度: 391.0 文件/秒
2025-12-05 15:32:16,678 - INFO - 预计剩余时间: 0.4 分钟
2025-12-05 15:32:16,678 - INFO - ============================================================
2025-12-05 15:32:16,678 - INFO - [401/800] 转换: szqjl_2024-02-04_14_23_46_.rep
2025-12-05 15:32:16,678 - INFO -   ✓ 成功: 13 个样本, 1 个玩家
2025-12-05 15:32:16,678 - INFO - [402/800] 转换: szqjl_2024-02-04_15_01_43_.rep
2025-12-05 15:32:16,678 - INFO -   ✓ 成功: 11 个样本, 1 个玩家
2025-12-05 15:32:16,678 - INFO - [403/800] 转换: szqjl_2024-02-04_15_04_11_.rep
2025-12-05 15:32:16,678 - INFO -   ✓ 成功: 11 个样本, 1 个玩家
2025-12-05 15:32:16,678 - INFO - [404/800] 转换: szqjl_2024-02-04_15_07_27_.rep
2025-12-05 15:32:16,693 - INFO -   ✓ 成功: 12 个样本, 1 个玩家
2025-12-05 15:32:16,693 - INFO - [405/800] 转换: szqjl_2024-02-04_15_10_46_.rep
2025-12-05 15:32:16,693 - INFO -   ✓ 成功: 10 个样本, 1 个玩家
2025-12-05 15:32:16,693 - INFO - [406/800] 转换: szqjl_2024-02-04_15_13_35_.rep
2025-12-05 15:32:16,693 - INFO -   ✓ 成功: 9 个样本, 1 个玩家
2025-12-05 15:32:16,693 - INFO - [407/800] 转换: szqjl_2024-02-04_15_17_07_.rep
2025-12-05 15:32:16,693 - INFO -   ✓ 成功: 10 个样本, 1 个玩家
2025-12-05 15:32:16,693 - INFO - [408/800] 转换: szqjl_2024-02-04_15_19_43_.rep
2025-12-05 15:32:16,693 - INFO -   ✓ 成功: 11 个样本, 1 个玩家
2025-12-05 15:32:16,693 - INFO - [409/800] 转换: szqjl_2024-02-04_15_23_13_.rep
2025-12-05 15:32:16,693 - INFO -   ✓ 成功: 12 个样本, 1 个玩家
2025-12-05 15:32:16,693 - INFO - [410/800] 转换: szqjl_2024-02-04_15_26_21_.rep
2025-12-05 15:32:16,709 - INFO -   ✓ 成功: 9 个样本, 1 个玩家
2025-12-05 15:32:16,709 - INFO - [411/800] 转换: szqjl_2024-02-04_15_29_37_.rep
2025-12-05 15:32:16,709 - INFO -   ✓ 成功: 10 个样本, 1 个玩家
2025-12-05 15:32:16,709 - INFO - [412/800] 转换: szqjl_2024-02-04_15_32_43_.rep
2025-12-05 15:32:16,709 - INFO -   ✓ 成功: 10 个样本, 1 个玩家
2025-12-05 15:32:16,709 - INFO - [413/800] 转换: szqjl_2024-02-04_15_35_53_.rep
2025-12-05 15:32:16,709 - INFO -   ✓ 成功: 11 个样本, 1 个玩家
2025-12-05 15:32:16,709 - INFO - [414/800] 转换: szqjl_2024-02-04_15_38_38_.rep
2025-12-05 15:32:16,709 - INFO -   ✓ 成功: 7 个样本, 1 个玩家
2025-12-05 15:32:16,709 - INFO - [415/800] 转换: szqjl_2024-02-05_10_06_47_.rep
2025-12-05 15:32:16,709 - INFO -   ✓ 成功: 13 个样本, 1 个玩家
2025-12-05 15:32:16,709 - INFO - [416/800] 转换: szqjl_2024-02-05_10_09_54_.rep
2025-12-05 15:32:16,725 - INFO -   ✓ 成功: 10 个样本, 1 个玩家
2025-12-05 15:32:16,725 - INFO - [417/800] 转换: szqjl_2024-02-05_10_13_20_.rep
2025-12-05 15:32:16,725 - INFO -   ✓ 成功: 8 个样本, 1 个玩家
2025-12-05 15:32:16,725 - INFO - [418/800] 转换: szqjl_2024-02-05_10_16_07_.rep
2025-12-05 15:32:16,725 - INFO -   ✓ 成功: 9 个样本, 1 个玩家
2025-12-05 15:32:16,725 - INFO - [419/800] 转换: szqjl_2024-02-05_10_18_12_.rep
2025-12-05 15:32:16,725 - INFO -   ✓ 成功: 8 个样本, 1 个玩家
2025-12-05 15:32:16,725 - INFO - [420/800] 转换: szqjl_2024-02-05_10_21_31_.rep
2025-12-05 15:32:16,725 - INFO -   ✓ 成功: 9 个样本, 1 个玩家
2025-12-05 15:32:16,725 - INFO - [421/800] 转换: szqjl_2024-02-05_10_23_39_.rep
2025-12-05 15:32:16,725 - INFO -   ✓ 成功: 12 个样本, 1 个玩家
2025-12-05 15:32:16,740 - INFO - [422/800] 转换: szqjl_2024-02-05_10_27_19_.rep
2025-12-05 15:32:16,740 - INFO -   ✓ 成功: 13 个样本, 1 个玩家
2025-12-05 15:32:16,740 - INFO - [423/800] 转换: szqjl_2024-02-05_10_31_35_.rep
2025-12-05 15:32:16,740 - INFO -   ✓ 成功: 10 个样本, 1 个玩家
2025-12-05 15:32:16,740 - INFO - [424/800] 转换: szqjl_2024-02-05_10_40_18_.rep
2025-12-05 15:32:16,740 - INFO -   ✓ 成功: 12 个样本, 1 个玩家
2025-12-05 15:32:16,740 - INFO - [425/800] 转换: szqjl_2024-02-05_10_47_22_.rep
2025-12-05 15:32:16,740 - INFO -   ✓ 成功: 7 个样本, 1 个玩家
2025-12-05 15:32:16,740 - INFO - [426/800] 转换: szqjl_2024-02-05_10_58_17_.rep
2025-12-05 15:32:16,740 - INFO -   ✓ 成功: 9 个样本, 1 个玩家
2025-12-05 15:32:16,740 - INFO - [427/800] 转换: szqjl_2024-02-06_11_01_24_.rep
2025-12-05 15:32:16,740 - INFO -   ✓ 成功: 11 个样本, 1 个玩家
2025-12-05 15:32:16,756 - INFO - [428/800] 转换: szqjl_2024-02-06_11_04_29_.rep
2025-12-05 15:32:16,756 - INFO -   ✓ 成功: 11 个样本, 1 个玩家
2025-12-05 15:32:16,756 - INFO - [429/800] 转换: szqjl_2024-02-06_11_08_30_.rep
2025-12-05 15:32:16,756 - INFO -   ✓ 成功: 10 个样本, 1 个玩家
2025-12-05 15:32:16,756 - INFO - [430/800] 转换: szqjl_2024-02-06_11_11_24_.rep
2025-12-05 15:32:16,756 - INFO -   ✓ 成功: 8 个样本, 1 个玩家
2025-12-05 15:32:16,756 - INFO - [431/800] 转换: szqjl_2024-02-06_11_16_10_.rep
2025-12-05 15:32:16,756 - INFO -   ✓ 成功: 10 个样本, 1 个玩家
2025-12-05 15:32:16,756 - INFO - [432/800] 转换: szqjl_2024-02-06_11_19_19_.rep
2025-12-05 15:32:16,756 - INFO -   ✓ 成功: 8 个样本, 1 个玩家
2025-12-05 15:32:16,756 - INFO - [433/800] 转换: szqjl_2024-02-06_11_22_46_.rep
2025-12-05 15:32:16,756 - INFO -   ✓ 成功: 12 个样本, 1 个玩家
2025-12-05 15:32:16,756 - INFO - [434/800] 转换: szqjl_2024-02-06_11_26_44_.rep
2025-12-05 15:32:16,771 - INFO -   ✓ 成功: 11 个样本, 1 个玩家
2025-12-05 15:32:16,771 - INFO - [435/800] 转换: szqjl_2024-02-06_11_31_06_.rep
2025-12-05 15:32:16,771 - INFO -   ✓ 成功: 9 个样本, 1 个玩家
2025-12-05 15:32:16,771 - INFO - [436/800] 转换: szqjl_2024-02-06_11_34_54_.rep
2025-12-05 15:32:16,771 - INFO -   ✓ 成功: 10 个样本, 1 个玩家
2025-12-05 15:32:16,771 - INFO - [437/800] 转换: szqjl_2024-02-06_11_38_43_.rep
2025-12-05 15:32:16,771 - INFO -   ✓ 成功: 8 个样本, 1 个玩家
2025-12-05 15:32:16,771 - INFO - [438/800] 转换: szqjl_2024-02-06_11_42_55_.rep
2025-12-05 15:32:16,771 - INFO -   ✓ 成功: 14 个样本, 1 个玩家
2025-12-05 15:32:16,771 - INFO - [439/800] 转换: szqjl_2024-02-06_12_26_26_.rep
2025-12-05 15:32:16,771 - INFO -   ✓ 成功: 8 个样本, 1 个玩家
2025-12-05 15:32:16,787 - INFO - [440/800] 转换: szqjl_2024-02-06_12_29_54_.rep
2025-12-05 15:32:16,787 - INFO -   ✓ 成功: 8 个样本, 1 个玩家
2025-12-05 15:32:16,787 - INFO - [441/800] 转换: szqjl_2024-02-06_12_33_04_.rep
2025-12-05 15:32:16,787 - INFO -   ✓ 成功: 9 个样本, 1 个玩家
2025-12-05 15:32:16,787 - INFO - [442/800] 转换: szqjl_2024-02-06_12_36_28_.rep
2025-12-05 15:32:16,787 - INFO -   ✓ 成功: 11 个样本, 1 个玩家
2025-12-05 15:32:16,787 - INFO - [443/800] 转换: szqjl_2024-02-06_12_41_13_.rep
2025-12-05 15:32:16,787 - INFO -   ✓ 成功: 11 个样本, 1 个玩家
2025-12-05 15:32:16,787 - INFO - [444/800] 转换: szqjl_2024-02-06_12_45_33_.rep
2025-12-05 15:32:16,787 - INFO -   ✓ 成功: 9 个样本, 1 个玩家
2025-12-05 15:32:16,787 - INFO - [445/800] 转换: szqjl_2024-02-06_12_50_31_.rep
2025-12-05 15:32:16,803 - INFO -   ✓ 成功: 12 个样本, 1 个玩家
2025-12-05 15:32:16,803 - INFO - [446/800] 转换: szqjl_2024-02-06_12_54_46_.rep
2025-12-05 15:32:16,803 - INFO -   ✓ 成功: 10 个样本, 1 个玩家
2025-12-05 15:32:16,803 - INFO - [447/800] 转换: szqjl_2024-02-06_12_57_52_.rep
2025-12-05 15:32:16,803 - INFO -   ✓ 成功: 8 个样本, 1 个玩家
2025-12-05 15:32:16,803 - INFO - [448/800] 转换: szqjl_2024-02-06_13_01_24_.rep
2025-12-05 15:32:16,803 - INFO -   ✓ 成功: 14 个样本, 1 个玩家
2025-12-05 15:32:16,803 - INFO - [449/800] 转换: szqjl_2024-02-06_13_08_34_.rep
2025-12-05 15:32:16,803 - INFO -   ✓ 成功: 11 个样本, 1 个玩家
2025-12-05 15:32:16,803 - INFO - [450/800] 转换: szqjl_2024-02-06_14_49_03_.rep
2025-12-05 15:32:16,803 - INFO -   ✓ 成功: 7 个样本, 1 个玩家
2025-12-05 15:32:16,818 - INFO - [451/800] 转换: szqjl_2024-02-06_14_55_08_.rep
2025-12-05 15:32:16,818 - INFO -   ✓ 成功: 8 个样本, 1 个玩家
2025-12-05 15:32:16,818 - INFO - [452/800] 转换: szqjl_2024-02-06_15_13_48_.rep
2025-12-05 15:32:16,818 - INFO -   ✓ 成功: 10 个样本, 1 个玩家
2025-12-05 15:32:16,818 - INFO - [453/800] 转换: szqjl_2024-02-06_15_17_16_.rep
2025-12-05 15:32:16,818 - INFO -   ✓ 成功: 12 个样本, 1 个玩家
2025-12-05 15:32:16,818 - INFO - [454/800] 转换: szqjl_2024-02-06_15_22_43_.rep
2025-12-05 15:32:16,818 - INFO -   ✓ 成功: 8 个样本, 1 个玩家
2025-12-05 15:32:16,818 - INFO - [455/800] 转换: szqjl_2024-02-06_15_26_39_.rep
2025-12-05 15:32:16,818 - INFO -   ✓ 成功: 7 个样本, 1 个玩家
2025-12-05 15:32:16,834 - INFO - [456/800] 转换: szqjl_2024-02-06_15_30_12_.rep
2025-12-05 15:32:16,834 - INFO -   ✓ 成功: 9 个样本, 1 个玩家
2025-12-05 15:32:16,834 - INFO - [457/800] 转换: szqjl_2024-02-06_16_08_45_.rep
2025-12-05 15:32:16,834 - INFO -   ✓ 成功: 7 个样本, 1 个玩家
2025-12-05 15:32:16,834 - INFO - [458/800] 转换: szqjl_2024-02-06_16_12_15_.rep
2025-12-05 15:32:16,834 - INFO -   ✓ 成功: 12 个样本, 1 个玩家
2025-12-05 15:32:16,834 - INFO - [459/800] 转换: szqjl_2024-02-06_16_14_37_.rep
2025-12-05 15:32:16,834 - INFO -   ✓ 成功: 11 个样本, 1 个玩家
2025-12-05 15:32:16,834 - INFO - [460/800] 转换: szqjl_2024-02-06_16_19_13_.rep
2025-12-05 15:32:16,834 - INFO -   ✓ 成功: 12 个样本, 1 个玩家
2025-12-05 15:32:16,834 - INFO - [461/800] 转换: szqjl_2024-02-06_16_22_54_.rep
2025-12-05 15:32:16,834 - INFO -   ✓ 成功: 8 个样本, 1 个玩家
2025-12-05 15:32:16,850 - INFO - [462/800] 转换: szqjl_2024-02-07_10_16_08_.rep
2025-12-05 15:32:16,850 - INFO -   ✓ 成功: 8 个样本, 1 个玩家
2025-12-05 15:32:16,850 - INFO - [463/800] 转换: szqjl_2024-02-07_10_22_31_.rep
2025-12-05 15:32:16,850 - INFO -   ✓ 成功: 10 个样本, 1 个玩家
2025-12-05 15:32:16,850 - INFO - [464/800] 转换: szqjl_2024-02-07_10_25_54_.rep
2025-12-05 15:32:16,850 - INFO -   ✓ 成功: 9 个样本, 1 个玩家
2025-12-05 15:32:16,850 - INFO - [465/800] 转换: szqjl_2024-02-07_10_28_57_.rep
2025-12-05 15:32:16,850 - INFO -   ✓ 成功: 9 个样本, 1 个玩家
2025-12-05 15:32:16,850 - INFO - [466/800] 转换: szqjl_2024-02-07_10_32_39_.rep
2025-12-05 15:32:16,850 - INFO -   ✓ 成功: 11 个样本, 1 个玩家
2025-12-05 15:32:16,850 - INFO - [467/800] 转换: szqjl_2024-02-07_10_36_05_.rep
2025-12-05 15:32:16,865 - INFO -   ✓ 成功: 10 个样本, 1 个玩家
2025-12-05 15:32:16,865 - INFO - [468/800] 转换: szqjl_2024-02-07_10_38_50_.rep
2025-12-05 15:32:16,865 - INFO -   ✓ 成功: 11 个样本, 1 个玩家
2025-12-05 15:32:16,865 - INFO - [469/800] 转换: szqjl_2024-02-07_10_41_37_.rep
2025-12-05 15:32:16,865 - INFO -   ✓ 成功: 12 个样本, 1 个玩家
2025-12-05 15:32:16,865 - INFO - [470/800] 转换: szqjl_2024-02-07_10_45_11_.rep
2025-12-05 15:32:16,865 - INFO -   ✓ 成功: 12 个样本, 1 个玩家
2025-12-05 15:32:16,865 - INFO - [471/800] 转换: szqjl_2024-02-07_10_48_35_.rep
2025-12-05 15:32:16,865 - INFO -   ✓ 成功: 9 个样本, 1 个玩家
2025-12-05 15:32:16,865 - INFO - [472/800] 转换: szqjl_2024-02-07_10_53_57_.rep
2025-12-05 15:32:16,865 - INFO -   ✓ 成功: 12 个样本, 1 个玩家
2025-12-05 15:32:16,865 - INFO - [473/800] 转换: szqjl_2024-02-07_10_56_36_.rep
2025-12-05 15:32:16,881 - INFO -   ✓ 成功: 11 个样本, 1 个玩家
2025-12-05 15:32:16,881 - INFO - [474/800] 转换: szqjl_2024-02-07_11_01_16_.rep
2025-12-05 15:32:16,881 - INFO -   ✓ 成功: 12 个样本, 1 个玩家
2025-12-05 15:32:16,881 - INFO - [475/800] 转换: szqjl_2024-02-07_11_04_33_.rep
2025-12-05 15:32:16,881 - INFO -   ✓ 成功: 14 个样本, 1 个玩家
2025-12-05 15:32:16,881 - INFO - [476/800] 转换: szqjl_2024-02-07_11_08_46_.rep
2025-12-05 15:32:16,881 - INFO -   ✓ 成功: 10 个样本, 1 个玩家
2025-12-05 15:32:16,881 - INFO - [477/800] 转换: szqjl_2024-02-07_15_08_43_.rep
2025-12-05 15:32:16,881 - INFO -   ✓ 成功: 12 个样本, 1 个玩家
2025-12-05 15:32:16,881 - INFO - [478/800] 转换: szqjl_2024-02-07_15_12_31_.rep
2025-12-05 15:32:16,881 - INFO -   ✓ 成功: 14 个样本, 1 个玩家
2025-12-05 15:32:16,896 - INFO - [479/800] 转换: szqjl_2024-02-07_15_16_12_.rep
2025-12-05 15:32:16,896 - INFO -   ✓ 成功: 9 个样本, 1 个玩家
2025-12-05 15:32:16,896 - INFO - [480/800] 转换: szqjl_2024-02-07_15_19_34_.rep
2025-12-05 15:32:16,896 - INFO -   ✓ 成功: 11 个样本, 1 个玩家
2025-12-05 15:32:16,896 - INFO - [481/800] 转换: szqjl_2024-02-07_15_22_55_.rep
2025-12-05 15:32:16,896 - INFO -   ✓ 成功: 9 个样本, 1 个玩家
2025-12-05 15:32:16,896 - INFO - [482/800] 转换: szqjl_2024-02-07_15_25_48_.rep
2025-12-05 15:32:16,896 - INFO -   ✓ 成功: 10 个样本, 1 个玩家
2025-12-05 15:32:16,896 - INFO - [483/800] 转换: szqjl_2024-02-07_15_30_34_.rep
2025-12-05 15:32:16,896 - INFO -   ✓ 成功: 13 个样本, 1 个玩家
2025-12-05 15:32:16,912 - INFO - [484/800] 转换: szqjl_2024-02-07_15_35_02_.rep
2025-12-05 15:32:16,912 - INFO -   ✓ 成功: 12 个样本, 1 个玩家
2025-12-05 15:32:16,912 - INFO - [485/800] 转换: szqjl_2024-02-07_15_37_44_.rep
2025-12-05 15:32:16,912 - INFO -   ✓ 成功: 6 个样本, 1 个玩家
2025-12-05 15:32:16,912 - INFO - [486/800] 转换: szqjl_2024-02-07_15_41_35_.rep
2025-12-05 15:32:16,912 - INFO -   ✓ 成功: 9 个样本, 1 个玩家
2025-12-05 15:32:16,912 - INFO - [487/800] 转换: szqjl_2024-02-07_15_44_11_.rep
2025-12-05 15:32:16,912 - INFO -   ✓ 成功: 8 个样本, 1 个玩家
2025-12-05 15:32:16,912 - INFO - [488/800] 转换: szqjl_2024-02-08_12_50_10_.rep
2025-12-05 15:32:16,912 - INFO -   ✓ 成功: 12 个样本, 1 个玩家
2025-12-05 15:32:16,928 - INFO - [489/800] 转换: szqjl_2024-02-08_12_54_43_.rep
2025-12-05 15:32:16,928 - INFO -   ✓ 成功: 8 个样本, 1 个玩家
2025-12-05 15:32:16,928 - INFO - [490/800] 转换: szqjl_2024-02-08_12_59_17_.rep
2025-12-05 15:32:16,928 - INFO -   ✓ 成功: 12 个样本, 1 个玩家
2025-12-05 15:32:16,928 - INFO - [491/800] 转换: szqjl_2024-02-08_13_03_48_.rep
2025-12-05 15:32:16,928 - INFO -   ✓ 成功: 10 个样本, 1 个玩家
2025-12-05 15:32:16,928 - INFO - [492/800] 转换: szqjl_2024-02-08_13_07_49_.rep
2025-12-05 15:32:16,928 - INFO -   ✓ 成功: 12 个样本, 1 个玩家
2025-12-05 15:32:16,928 - INFO - [493/800] 转换: szqjl_2024-02-08_13_11_26_.rep
2025-12-05 15:32:16,928 - INFO -   ✓ 成功: 8 个样本, 1 个玩家
2025-12-05 15:32:16,928 - INFO - [494/800] 转换: szqjl_2024-02-08_13_14_48_.rep
2025-12-05 15:32:16,943 - INFO -   ✓ 成功: 10 个样本, 1 个玩家
2025-12-05 15:32:16,943 - INFO - [495/800] 转换: szqjl_2024-02-08_13_19_00_.rep
2025-12-05 15:32:16,943 - INFO -   ✓ 成功: 13 个样本, 1 个玩家
2025-12-05 15:32:16,943 - INFO - [496/800] 转换: szqjl_2024-02-08_13_24_07_.rep
2025-12-05 15:32:16,943 - INFO -   ✓ 成功: 9 个样本, 1 个玩家
2025-12-05 15:32:16,943 - INFO - [497/800] 转换: szqjl_2024-02-08_13_27_57_.rep
2025-12-05 15:32:16,943 - INFO -   ✓ 成功: 10 个样本, 1 个玩家
2025-12-05 15:32:16,943 - INFO - [498/800] 转换: szqjl_2024-02-18_12_55_25_.rep
2025-12-05 15:32:16,943 - INFO -   ✓ 成功: 13 个样本, 1 个玩家
2025-12-05 15:32:16,943 - INFO - [499/800] 转换: szqjl_2024-02-18_12_58_38_.rep
2025-12-05 15:32:16,943 - INFO -   ✓ 成功: 9 个样本, 1 个玩家
2025-12-05 15:32:16,959 - INFO - [500/800] 转换: szqjl_2024-02-18_13_01_50_.rep
2025-12-05 15:32:16,959 - INFO -   ✓ 成功: 10 个样本, 1 个玩家
2025-12-05 15:32:16,959 - INFO - ============================================================
2025-12-05 15:32:16,959 - INFO - 进度: 395/10119 (跳过: 105, 失败: 0)
2025-12-05 15:32:16,975 - INFO - 已转换样本: 4018 个
2025-12-05 15:32:16,975 - INFO - 转换速度: 381.4 文件/秒
2025-12-05 15:32:16,990 - INFO - 预计剩余时间: 0.4 分钟
2025-12-05 15:32:16,990 - INFO - ============================================================
2025-12-05 15:32:16,990 - INFO - [501/800] 转换: szqjl_2024-02-18_13_06_05_.rep
2025-12-05 15:32:16,990 - INFO -   ✓ 成功: 12 个样本, 1 个玩家
2025-12-05 15:32:16,990 - INFO - [502/800] 转换: szqjl_2024-02-18_13_09_56_.rep
2025-12-05 15:32:16,990 - INFO -   ✓ 成功: 13 个样本, 1 个玩家
2025-12-05 15:32:16,990 - INFO - [503/800] 转换: szqjl_2024-02-18_13_13_32_.rep
2025-12-05 15:32:16,990 - INFO -   ✓ 成功: 11 个样本, 1 个玩家
2025-12-05 15:32:16,990 - INFO - [504/800] 转换: szqjl_2024-02-18_15_40_26_.rep
2025-12-05 15:32:17,006 - INFO -   ✓ 成功: 10 个样本, 1 个玩家
2025-12-05 15:32:17,006 - INFO - [505/800] 转换: szqjl_2024-02-18_15_44_57_.rep
2025-12-05 15:32:17,006 - INFO -   ✓ 成功: 8 个样本, 1 个玩家
2025-12-05 15:32:17,010 - INFO - [506/800] 转换: szqjl_2024-02-18_15_49_01_.rep
2025-12-05 15:32:17,012 - INFO -   ✓ 成功: 8 个样本, 1 个玩家
2025-12-05 15:32:17,013 - INFO - [507/800] 转换: szqjl_2024-02-18_15_56_32_.rep
2025-12-05 15:32:17,015 - INFO -   ✓ 成功: 13 个样本, 1 个玩家
2025-12-05 15:32:17,016 - INFO - [508/800] 转换: szqjl_2024-02-18_16_00_13_.rep
2025-12-05 15:32:17,018 - INFO -   ✓ 成功: 9 个样本, 1 个玩家
2025-12-05 15:32:17,019 - INFO - [509/800] 转换: szqjl_2024-02-18_16_08_28_.rep
2025-12-05 15:32:17,021 - INFO -   ✓ 成功: 12 个样本, 1 个玩家
2025-12-05 15:32:17,022 - INFO - [510/800] 转换: szqjl_2024-02-18_16_11_54_.rep
2025-12-05 15:32:17,024 - INFO -   ✓ 成功: 11 个样本, 1 个玩家
2025-12-05 15:32:17,026 - INFO - [511/800] 转换: szqjl_2024-02-18_16_15_38_.rep
2025-12-05 15:32:17,028 - INFO -   ✓ 成功: 13 个样本, 1 个玩家
2025-12-05 15:32:17,029 - INFO - [512/800] 转换: szqjl_2024-02-18_16_18_32_.rep
2025-12-05 15:32:17,031 - INFO -   ✓ 成功: 9 个样本, 1 个玩家
2025-12-05 15:32:17,032 - INFO - [513/800] 转换: szqjl_2024-02-18_16_21_52_.rep
2025-12-05 15:32:17,034 - INFO -   ✓ 成功: 11 个样本, 1 个玩家
2025-12-05 15:32:17,035 - INFO - [514/800] 转换: szqjl_2024-02-18_16_25_27_.rep
2025-12-05 15:32:17,037 - INFO -   ✓ 成功: 10 个样本, 1 个玩家
2025-12-05 15:32:17,038 - INFO - [515/800] 转换: szqjl_2024-02-19_12_26_05_.rep
2025-12-05 15:32:17,040 - INFO -   ✓ 成功: 11 个样本, 1 个玩家
2025-12-05 15:32:17,041 - INFO - [516/800] 转换: szqjl_2024-02-19_12_29_36_.rep
2025-12-05 15:32:17,043 - INFO -   ✓ 成功: 12 个样本, 1 个玩家
2025-12-05 15:32:17,044 - INFO - [517/800] 转换: szqjl_2024-02-19_12_33_29_.rep
2025-12-05 15:32:17,045 - INFO -   ✓ 成功: 11 个样本, 1 个玩家
2025-12-05 15:32:17,047 - INFO - [518/800] 转换: szqjl_2024-02-19_12_37_05_.rep
2025-12-05 15:32:17,049 - INFO -   ✓ 成功: 9 个样本, 1 个玩家
2025-12-05 15:32:17,050 - INFO - [519/800] 转换: szqjl_2024-02-19_12_40_55_.rep
2025-12-05 15:32:17,052 - INFO -   ✓ 成功: 10 个样本, 1 个玩家
2025-12-05 15:32:17,053 - INFO - [520/800] 转换: szqjl_2024-02-19_12_43_51_.rep
2025-12-05 15:32:17,054 - INFO -   ✓ 成功: 10 个样本, 1 个玩家
2025-12-05 15:32:17,064 - INFO - [521/800] 转换: szqjl_2024-02-19_12_48_19_.rep
2025-12-05 15:32:17,066 - INFO -   ✓ 成功: 9 个样本, 1 个玩家
2025-12-05 15:32:17,067 - INFO - [522/800] 转换: szqjl_2024-02-19_12_51_21_.rep
2025-12-05 15:32:17,068 - INFO -   ✓ 成功: 7 个样本, 1 个玩家
2025-12-05 15:32:17,070 - INFO - [523/800] 转换: szqjl_2024-02-19_12_55_24_.rep
2025-12-05 15:32:17,072 - INFO -   ✓ 成功: 11 个样本, 1 个玩家
2025-12-05 15:32:17,073 - INFO - [524/800] 转换: szqjl_2024-02-19_12_59_15_.rep
2025-12-05 15:32:17,074 - INFO -   ✓ 成功: 11 个样本, 1 个玩家
2025-12-05 15:32:17,077 - INFO - [525/800] 转换: szqjl_2024-02-19_13_02_53_.rep
2025-12-05 15:32:17,078 - INFO -   ✓ 成功: 6 个样本, 1 个玩家
2025-12-05 15:32:17,080 - INFO - [526/800] 转换: szqjl_2024-02-19_13_07_35_.rep
2025-12-05 15:32:17,081 - INFO -   ✓ 成功: 8 个样本, 1 个玩家
2025-12-05 15:32:17,083 - INFO - [527/800] 转换: szqjl_2024-02-19_15_20_06_.rep
2025-12-05 15:32:17,085 - INFO -   ✓ 成功: 18 个样本, 1 个玩家
2025-12-05 15:32:17,086 - INFO - [528/800] 转换: szqjl_2024-02-19_15_24_13_.rep
2025-12-05 15:32:17,088 - INFO -   ✓ 成功: 9 个样本, 1 个玩家
2025-12-05 15:32:17,089 - INFO - [529/800] 转换: szqjl_2024-02-19_15_27_47_.rep
2025-12-05 15:32:17,093 - INFO -   ✓ 成功: 10 个样本, 1 个玩家
2025-12-05 15:32:17,094 - INFO - [530/800] 转换: szqjl_2024-02-19_15_32_30_.rep
2025-12-05 15:32:17,095 - INFO -   ✓ 成功: 12 个样本, 1 个玩家
2025-12-05 15:32:17,097 - INFO - [531/800] 转换: szqjl_2024-02-19_15_37_35_.rep
2025-12-05 15:32:17,100 - INFO -   ✓ 成功: 9 个样本, 1 个玩家
2025-12-05 15:32:17,106 - INFO - [532/800] 转换: szqjl_2024-02-19_15_41_37_.rep
2025-12-05 15:32:17,108 - INFO -   ✓ 成功: 11 个样本, 1 个玩家
2025-12-05 15:32:17,112 - INFO - [533/800] 转换: szqjl_2024-02-19_15_46_08_.rep
2025-12-05 15:32:17,114 - INFO -   ✓ 成功: 9 个样本, 1 个玩家
2025-12-05 15:32:17,115 - INFO - [534/800] 转换: szqjl_2024-02-19_15_49_52_.rep
2025-12-05 15:32:17,117 - INFO -   ✓ 成功: 9 个样本, 1 个玩家
2025-12-05 15:32:17,118 - INFO - [535/800] 转换: szqjl_2024-02-20_13_39_04_.rep
2025-12-05 15:32:17,126 - INFO -   ✓ 成功: 10 个样本, 1 个玩家
2025-12-05 15:32:17,131 - INFO - [536/800] 转换: szqjl_2024-02-20_13_42_38_.rep
2025-12-05 15:32:17,133 - INFO -   ✓ 成功: 11 个样本, 1 个玩家
2025-12-05 15:32:17,134 - INFO - [537/800] 转换: szqjl_2024-02-20_13_46_13_.rep
2025-12-05 15:32:17,137 - INFO -   ✓ 成功: 16 个样本, 1 个玩家
2025-12-05 15:32:17,141 - INFO - [538/800] 转换: szqjl_2024-02-20_13_49_11_.rep
2025-12-05 15:32:17,145 - INFO -   ✓ 成功: 8 个样本, 1 个玩家
2025-12-05 15:32:17,147 - INFO - [539/800] 转换: szqjl_2024-02-20_13_52_22_.rep
2025-12-05 15:32:17,148 - INFO -   ✓ 成功: 11 个样本, 1 个玩家
2025-12-05 15:32:17,150 - INFO - [540/800] 转换: szqjl_2024-02-20_13_54_50_.rep
2025-12-05 15:32:17,151 - INFO -   ✓ 成功: 8 个样本, 1 个玩家
2025-12-05 15:32:17,153 - INFO - [541/800] 转换: szqjl_2024-02-20_13_58_03_.rep
2025-12-05 15:32:17,154 - INFO -   ✓ 成功: 9 个样本, 1 个玩家
2025-12-05 15:32:17,156 - INFO - [542/800] 转换: szqjl_2024-02-20_14_00_39_.rep
2025-12-05 15:32:17,157 - INFO -   ✓ 成功: 10 个样本, 1 个玩家
2025-12-05 15:32:17,159 - INFO - [543/800] 转换: szqjl_2024-02-20_14_03_24_.rep
2025-12-05 15:32:17,161 - INFO -   ✓ 成功: 10 个样本, 1 个玩家
2025-12-05 15:32:17,163 - INFO - [544/800] 转换: szqjl_2024-02-20_14_21_10_.rep
2025-12-05 15:32:17,164 - INFO -   ✓ 成功: 10 个样本, 1 个玩家
2025-12-05 15:32:17,166 - INFO - [545/800] 转换: szqjl_2024-02-20_14_25_26_.rep
2025-12-05 15:32:17,167 - INFO -   ✓ 成功: 12 个样本, 1 个玩家
2025-12-05 15:32:17,169 - INFO - [546/800] 转换: szqjl_2024-02-20_14_29_45_.rep
2025-12-05 15:32:17,184 - INFO -   ✓ 成功: 12 个样本, 1 个玩家
2025-12-05 15:32:17,185 - INFO - [547/800] 转换: szqjl_2024-02-20_14_32_42_.rep
2025-12-05 15:32:17,187 - INFO -   ✓ 成功: 10 个样本, 1 个玩家
2025-12-05 15:32:17,188 - INFO - [548/800] 转换: szqjl_2024-02-20_14_35_56_.rep
2025-12-05 15:32:17,190 - INFO -   ✓ 成功: 9 个样本, 1 个玩家
2025-12-05 15:32:17,191 - INFO - [549/800] 转换: szqjl_2024-02-20_14_38_15_.rep
2025-12-05 15:32:17,193 - INFO -   ✓ 成功: 8 个样本, 1 个玩家
2025-12-05 15:32:17,195 - INFO - [550/800] 转换: szqjl_2024-02-20_14_41_10_.rep
2025-12-05 15:32:17,197 - INFO -   ✓ 成功: 12 个样本, 1 个玩家
2025-12-05 15:32:17,204 - INFO - [551/800] 转换: szqjl_2024-02-20_14_43_58_.rep
2025-12-05 15:32:17,206 - INFO -   ✓ 成功: 9 个样本, 1 个玩家
2025-12-05 15:32:17,207 - INFO - [552/800] 转换: szqjl_2024-02-20_14_48_03_.rep
2025-12-05 15:32:17,209 - INFO -   ✓ 成功: 9 个样本, 1 个玩家
2025-12-05 15:32:17,211 - INFO - [553/800] 转换: szqjl_2024-02-20_14_50_56_.rep
2025-12-05 15:32:17,213 - INFO -   ✓ 成功: 11 个样本, 1 个玩家
2025-12-05 15:32:17,214 - INFO - [554/800] 跳过已转换: _2024-02-20_14_52_59.rep
2025-12-05 15:32:17,219 - INFO - [555/800] 转换: szqjl_2024-02-21_11_20_47_.rep
2025-12-05 15:32:17,221 - INFO -   ✓ 成功: 9 个样本, 1 个玩家
2025-12-05 15:32:17,222 - INFO - [556/800] 转换: szqjl_2024-02-21_11_27_13_.rep
2025-12-05 15:32:17,224 - INFO -   ✓ 成功: 11 个样本, 1 个玩家
2025-12-05 15:32:17,225 - INFO - [557/800] 转换: szqjl_2024-02-21_15_09_56_.rep
2025-12-05 15:32:17,228 - INFO -   ✓ 成功: 10 个样本, 1 个玩家
2025-12-05 15:32:17,229 - INFO - [558/800] 转换: szqjl_2024-02-21_15_13_19_.rep
2025-12-05 15:32:17,231 - INFO -   ✓ 成功: 11 个样本, 1 个玩家
2025-12-05 15:32:17,232 - INFO - [559/800] 转换: szqjl_2024-02-21_15_16_29_.rep
2025-12-05 15:32:17,234 - INFO -   ✓ 成功: 8 个样本, 1 个玩家
2025-12-05 15:32:17,235 - INFO - [560/800] 转换: szqjl_2024-02-21_15_20_39_.rep
2025-12-05 15:32:17,237 - INFO -   ✓ 成功: 12 个样本, 1 个玩家
2025-12-05 15:32:17,238 - INFO - [561/800] 转换: szqjl_2024-02-21_15_24_32_.rep
2025-12-05 15:32:17,240 - INFO -   ✓ 成功: 9 个样本, 1 个玩家
2025-12-05 15:32:17,241 - INFO - [562/800] 转换: szqjl_2024-02-21_15_27_14_.rep
2025-12-05 15:32:17,243 - INFO -   ✓ 成功: 9 个样本, 1 个玩家
2025-12-05 15:32:17,244 - INFO - [563/800] 转换: szqjl_2024-02-21_15_30_26_.rep
2025-12-05 15:32:17,245 - INFO -   ✓ 成功: 13 个样本, 1 个玩家
2025-12-05 15:32:17,247 - INFO - [564/800] 转换: szqjl_2024-02-21_15_34_15_.rep
2025-12-05 15:32:17,248 - INFO -   ✓ 成功: 10 个样本, 1 个玩家
2025-12-05 15:32:17,250 - INFO - [565/800] 转换: szqjl_2024-02-21_15_37_52_.rep
2025-12-05 15:32:17,251 - INFO -   ✓ 成功: 11 个样本, 1 个玩家
2025-12-05 15:32:17,253 - INFO - [566/800] 转换: szqjl_2024-02-21_15_41_34_.rep
2025-12-05 15:32:17,254 - INFO -   ✓ 成功: 7 个样本, 1 个玩家
2025-12-05 15:32:17,255 - INFO - [567/800] 转换: szqjl_2024-02-21_15_44_49_.rep
2025-12-05 15:32:17,257 - INFO -   ✓ 成功: 8 个样本, 1 个玩家
2025-12-05 15:32:17,258 - INFO - [568/800] 转换: szqjl_2024-02-21_15_48_01_.rep
2025-12-05 15:32:17,260 - INFO -   ✓ 成功: 10 个样本, 1 个玩家
2025-12-05 15:32:17,262 - INFO - [569/800] 转换: szqjl_2024-02-21_15_51_34_.rep
2025-12-05 15:32:17,263 - INFO -   ✓ 成功: 11 个样本, 1 个玩家
2025-12-05 15:32:17,265 - INFO - [570/800] 转换: szqjl_2024-02-21_15_55_26_.rep
2025-12-05 15:32:17,266 - INFO -   ✓ 成功: 9 个样本, 1 个玩家
2025-12-05 15:32:17,268 - INFO - [571/800] 转换: szqjl_2024-02-21_15_59_48_.rep
2025-12-05 15:32:17,269 - INFO -   ✓ 成功: 13 个样本, 1 个玩家
2025-12-05 15:32:17,271 - INFO - [572/800] 转换: szqjl_2024-02-21_16_04_56_.rep
2025-12-05 15:32:17,272 - INFO -   ✓ 成功: 9 个样本, 1 个玩家
2025-12-05 15:32:17,273 - INFO - [573/800] 转换: szqjl_2024-02-21_16_11_39_.rep
2025-12-05 15:32:17,275 - INFO -   ✓ 成功: 12 个样本, 1 个玩家
2025-12-05 15:32:17,276 - INFO - [574/800] 转换: szqjl_2024-02-21_16_22_09_.rep
2025-12-05 15:32:17,278 - INFO -   ✓ 成功: 11 个样本, 1 个玩家
2025-12-05 15:32:17,280 - INFO - [575/800] 转换: szqjl_2024-02-21_16_26_12_.rep
2025-12-05 15:32:17,281 - INFO -   ✓ 成功: 10 个样本, 1 个玩家
2025-12-05 15:32:17,282 - INFO - [576/800] 跳过已转换: _2024-02-27_12_28_27.rep
2025-12-05 15:32:17,284 - INFO - [577/800] 转换: szqjl_2024-02-27_12_36_21_.rep
2025-12-05 15:32:17,285 - INFO -   ✓ 成功: 11 个样本, 1 个玩家
2025-12-05 15:32:17,286 - INFO - [578/800] 转换: szqjl_2024-02-27_12_41_04_.rep
2025-12-05 15:32:17,288 - INFO -   ✓ 成功: 12 个样本, 1 个玩家
2025-12-05 15:32:17,289 - INFO - [579/800] 转换: szqjl_2024-02-27_12_45_32_.rep
2025-12-05 15:32:17,291 - INFO -   ✓ 成功: 10 个样本, 1 个玩家
2025-12-05 15:32:17,292 - INFO - [580/800] 转换: szqjl_2024-02-27_12_48_49_.rep
2025-12-05 15:32:17,294 - INFO -   ✓ 成功: 13 个样本, 1 个玩家
2025-12-05 15:32:17,296 - INFO - [581/800] 转换: szqjl_2024-02-27_12_52_27_.rep
2025-12-05 15:32:17,297 - INFO -   ✓ 成功: 9 个样本, 1 个玩家
2025-12-05 15:32:17,299 - INFO - [582/800] 转换: szqjl_2024-02-27_12_55_41_.rep
2025-12-05 15:32:17,300 - INFO -   ✓ 成功: 11 个样本, 1 个玩家
2025-12-05 15:32:17,302 - INFO - [583/800] 转换: szqjl_2024-02-27_12_58_02_.rep
2025-12-05 15:32:17,303 - INFO -   ✓ 成功: 10 个样本, 1 个玩家
2025-12-05 15:32:17,305 - INFO - [584/800] 转换: szqjl_2024-02-27_15_43_08_.rep
2025-12-05 15:32:17,306 - INFO -   ✓ 成功: 14 个样本, 1 个玩家
2025-12-05 15:32:17,308 - INFO - [585/800] 转换: szqjl_2024-02-27_15_46_23_.rep
2025-12-05 15:32:17,309 - INFO -   ✓ 成功: 12 个样本, 1 个玩家
2025-12-05 15:32:17,310 - INFO - [586/800] 转换: szqjl_2024-02-27_15_49_47_.rep
2025-12-05 15:32:17,312 - INFO -   ✓ 成功: 9 个样本, 1 个玩家
2025-12-05 15:32:17,313 - INFO - [587/800] 转换: szqjl_2024-02-27_15_53_02_.rep
2025-12-05 15:32:17,315 - INFO -   ✓ 成功: 9 个样本, 1 个玩家
2025-12-05 15:32:17,316 - INFO - [588/800] 转换: szqjl_2024-02-27_15_57_56_.rep
2025-12-05 15:32:17,318 - INFO -   ✓ 成功: 10 个样本, 1 个玩家
2025-12-05 15:32:17,320 - INFO - [589/800] 转换: szqjl_2024-02-27_16_03_27_.rep
2025-12-05 15:32:17,321 - INFO -   ✓ 成功: 13 个样本, 1 个玩家
2025-12-05 15:32:17,323 - INFO - [590/800] 转换: szqjl_2024-02-27_16_07_38_.rep
2025-12-05 15:32:17,324 - INFO -   ✓ 成功: 9 个样本, 1 个玩家
2025-12-05 15:32:17,326 - INFO - [591/800] 转换: szqjl_2024-02-27_16_11_18_.rep
2025-12-05 15:32:17,328 - INFO -   ✓ 成功: 12 个样本, 1 个玩家
2025-12-05 15:32:17,329 - INFO - [592/800] 转换: szqjl_2024-02-27_16_15_39_.rep
2025-12-05 15:32:17,331 - INFO -   ✓ 成功: 11 个样本, 1 个玩家
2025-12-05 15:32:17,332 - INFO - [593/800] 转换: szqjl_2024-02-27_16_19_24_.rep
2025-12-05 15:32:17,334 - INFO -   ✓ 成功: 11 个样本, 1 个玩家
2025-12-05 15:32:17,334 - INFO - [594/800] 转换: szqjl_2024-02-27_16_23_38_.rep
2025-12-05 15:32:17,334 - INFO -   ✓ 成功: 11 个样本, 1 个玩家
2025-12-05 15:32:17,334 - INFO - [595/800] 转换: szqjl_2024-02-27_16_27_17_.rep
2025-12-05 15:32:17,334 - INFO -   ✓ 成功: 9 个样本, 1 个玩家
2025-12-05 15:32:17,334 - INFO - [596/800] 转换: szqjl_2024-02-27_16_30_55_.rep
2025-12-05 15:32:17,345 - INFO -   ✓ 成功: 10 个样本, 1 个玩家
2025-12-05 15:32:17,347 - INFO - [597/800] 转换: szqjl_2024-02-27_16_34_05_.rep
2025-12-05 15:32:17,349 - INFO -   ✓ 成功: 10 个样本, 1 个玩家
2025-12-05 15:32:17,351 - INFO - [598/800] 转换: szqjl_2024-02-27_16_36_56_.rep
2025-12-05 15:32:17,352 - INFO -   ✓ 成功: 12 个样本, 1 个玩家
2025-12-05 15:32:17,354 - INFO - [599/800] 转换: szqjl_2024-02-27_16_39_58_.rep
2025-12-05 15:32:17,355 - INFO -   ✓ 成功: 9 个样本, 1 个玩家
2025-12-05 15:32:17,357 - INFO - [600/800] 转换: szqjl_2024-02-27_16_44_16_.rep
2025-12-05 15:32:17,359 - INFO -   ✓ 成功: 15 个样本, 1 个玩家
2025-12-05 15:32:17,359 - INFO - ============================================================
2025-12-05 15:32:17,359 - INFO - 进度: 493/10119 (跳过: 107, 失败: 0)
2025-12-05 15:32:17,359 - INFO - 已转换样本: 5040 个
2025-12-05 15:32:17,359 - INFO - 转换速度: 343.5 文件/秒
2025-12-05 15:32:17,359 - INFO - 预计剩余时间: 0.5 分钟
2025-12-05 15:32:17,360 - INFO - ============================================================
2025-12-05 15:32:17,361 - INFO - [601/800] 转换: szqjl_2024-02-28_10_14_55_.rep
2025-12-05 15:32:17,363 - INFO -   ✓ 成功: 11 个样本, 1 个玩家
2025-12-05 15:32:17,364 - INFO - [602/800] 转换: szqjl_2024-02-28_10_18_43_.rep
2025-12-05 15:32:17,366 - INFO -   ✓ 成功: 12 个样本, 1 个玩家
2025-12-05 15:32:17,367 - INFO - [603/800] 转换: szqjl_2024-02-28_10_21_54_.rep
2025-12-05 15:32:17,369 - INFO -   ✓ 成功: 11 个样本, 1 个玩家
2025-12-05 15:32:17,371 - INFO - [604/800] 转换: szqjl_2024-02-28_10_24_03_.rep
2025-12-05 15:32:17,372 - INFO -   ✓ 成功: 8 个样本, 1 个玩家
2025-12-05 15:32:17,373 - INFO - [605/800] 转换: szqjl_2024-02-28_10_27_18_.rep
2025-12-05 15:32:17,375 - INFO -   ✓ 成功: 9 个样本, 1 个玩家
2025-12-05 15:32:17,376 - INFO - [606/800] 转换: szqjl_2024-02-28_10_35_37_.rep
2025-12-05 15:32:17,376 - INFO -   ✓ 成功: 8 个样本, 1 个玩家
2025-12-05 15:32:17,376 - INFO - [607/800] 转换: szqjl_2024-02-28_10_38_23_.rep
2025-12-05 15:32:17,376 - INFO -   ✓ 成功: 8 个样本, 1 个玩家
2025-12-05 15:32:17,376 - INFO - [608/800] 转换: szqjl_2024-02-28_10_42_07_.rep
2025-12-05 15:32:17,376 - INFO -   ✓ 成功: 13 个样本, 1 个玩家
2025-12-05 15:32:17,376 - INFO - [609/800] 转换: szqjl_2024-02-28_10_46_04_.rep
2025-12-05 15:32:17,376 - INFO -   ✓ 成功: 11 个样本, 1 个玩家
2025-12-05 15:32:17,376 - INFO - [610/800] 转换: szqjl_2024-02-28_10_49_00_.rep
2025-12-05 15:32:17,376 - INFO -   ✓ 成功: 8 个样本, 1 个玩家
2025-12-05 15:32:17,392 - INFO - [611/800] 转换: szqjl_2024-02-28_10_52_03_.rep
2025-12-05 15:32:17,392 - INFO -   ✓ 成功: 12 个样本, 1 个玩家
2025-12-05 15:32:17,392 - INFO - [612/800] 转换: szqjl_2024-02-28_10_54_18_.rep
2025-12-05 15:32:17,392 - INFO -   ✓ 成功: 8 个样本, 1 个玩家
2025-12-05 15:32:17,392 - INFO - [613/800] 转换: szqjl_2024-02-28_10_57_39_.rep
2025-12-05 15:32:17,392 - INFO -   ✓ 成功: 11 个样本, 1 个玩家
2025-12-05 15:32:17,392 - INFO - [614/800] 转换: szqjl_2024-02-28_11_00_43_.rep
2025-12-05 15:32:17,392 - INFO -   ✓ 成功: 8 个样本, 1 个玩家
2025-12-05 15:32:17,392 - INFO - [615/800] 转换: szqjl_2024-02-28_11_03_08_.rep
2025-12-05 15:32:17,392 - INFO -   ✓ 成功: 10 个样本, 1 个玩家
2025-12-05 15:32:17,407 - INFO - [616/800] 转换: szqjl_2024-02-28_11_06_54_.rep
2025-12-05 15:32:17,407 - INFO -   ✓ 成功: 11 个样本, 1 个玩家
2025-12-05 15:32:17,407 - INFO - [617/800] 转换: szqjl_2024-02-28_11_09_57_.rep
2025-12-05 15:32:17,407 - INFO -   ✓ 成功: 11 个样本, 1 个玩家
2025-12-05 15:32:17,407 - INFO - [618/800] 转换: szqjl_2024-03-01_13_59_52_.rep
2025-12-05 15:32:17,407 - INFO -   ✓ 成功: 11 个样本, 1 个玩家
2025-12-05 15:32:17,407 - INFO - [619/800] 转换: szqjl_2024-03-01_14_03_25_.rep
2025-12-05 15:32:17,407 - INFO -   ✓ 成功: 11 个样本, 1 个玩家
2025-12-05 15:32:17,407 - INFO - [620/800] 转换: szqjl_2024-03-01_14_06_11_.rep
2025-12-05 15:32:17,407 - INFO -   ✓ 成功: 8 个样本, 1 个玩家
2025-12-05 15:32:17,423 - INFO - [621/800] 转换: szqjl_2024-03-01_14_09_51_.rep
2025-12-05 15:32:17,423 - INFO -   ✓ 成功: 10 个样本, 1 个玩家
2025-12-05 15:32:17,426 - INFO - [622/800] 转换: szqjl_2024-03-01_14_13_28_.rep
2025-12-05 15:32:17,427 - INFO -   ✓ 成功: 7 个样本, 1 个玩家
2025-12-05 15:32:17,429 - INFO - [623/800] 转换: szqjl_2024-03-01_14_17_01_.rep
2025-12-05 15:32:17,430 - INFO -   ✓ 成功: 11 个样本, 1 个玩家
2025-12-05 15:32:17,432 - INFO - [624/800] 转换: szqjl_2024-03-01_14_21_07_.rep
2025-12-05 15:32:17,434 - INFO -   ✓ 成功: 7 个样本, 1 个玩家
2025-12-05 15:32:17,435 - INFO - [625/800] 转换: szqjl_2024-03-01_14_24_16_.rep
2025-12-05 15:32:17,437 - INFO -   ✓ 成功: 9 个样本, 1 个玩家
2025-12-05 15:32:17,438 - INFO - [626/800] 转换: szqjl_2024-03-01_14_27_14_.rep
2025-12-05 15:32:17,440 - INFO -   ✓ 成功: 10 个样本, 1 个玩家
2025-12-05 15:32:17,441 - INFO - [627/800] 转换: szqjl_2024-03-01_14_30_16_.rep
2025-12-05 15:32:17,444 - INFO -   ✓ 成功: 10 个样本, 1 个玩家
2025-12-05 15:32:17,445 - INFO - [628/800] 转换: szqjl_2024-03-01_14_33_48_.rep
2025-12-05 15:32:17,447 - INFO -   ✓ 成功: 13 个样本, 1 个玩家
2025-12-05 15:32:17,448 - INFO - [629/800] 转换: szqjl_2024-03-01_14_37_59_.rep
2025-12-05 15:32:17,450 - INFO -   ✓ 成功: 13 个样本, 1 个玩家
2025-12-05 15:32:17,451 - INFO - [630/800] 转换: szqjl_2024-03-01_14_42_14_.rep
2025-12-05 15:32:17,453 - INFO -   ✓ 成功: 14 个样本, 1 个玩家
2025-12-05 15:32:17,454 - INFO - [631/800] 转换: szqjl_2024-03-01_14_45_05_.rep
2025-12-05 15:32:17,456 - INFO -   ✓ 成功: 10 个样本, 1 个玩家
2025-12-05 15:32:17,457 - INFO - [632/800] 转换: szqjl_2024-03-01_14_48_31_.rep
2025-12-05 15:32:17,458 - INFO -   ✓ 成功: 10 个样本, 1 个玩家
2025-12-05 15:32:17,460 - INFO - [633/800] 转换: szqjl_2024-03-01_14_51_14_.rep
2025-12-05 15:32:17,461 - INFO -   ✓ 成功: 9 个样本, 1 个玩家
2025-12-05 15:32:17,462 - INFO - [634/800] 转换: szqjl_2024-03-01_14_54_19_.rep
2025-12-05 15:32:17,465 - INFO -   ✓ 成功: 8 个样本, 1 个玩家
2025-12-05 15:32:17,467 - INFO - [635/800] 转换: szqjl_2024-03-01_14_57_05_.rep
2025-12-05 15:32:17,468 - INFO -   ✓ 成功: 13 个样本, 1 个玩家
2025-12-05 15:32:17,470 - INFO - [636/800] 转换: szqjl_2024-03-01_14_59_42_.rep
2025-12-05 15:32:17,471 - INFO -   ✓ 成功: 7 个样本, 1 个玩家
2025-12-05 15:32:17,473 - INFO - [637/800] 转换: szqjl_2024-03-01_15_02_50_.rep
2025-12-05 15:32:17,474 - INFO -   ✓ 成功: 9 个样本, 1 个玩家
2025-12-05 15:32:17,476 - INFO - [638/800] 转换: szqjl_2024-03-01_15_05_26_.rep
2025-12-05 15:32:17,478 - INFO -   ✓ 成功: 9 个样本, 1 个玩家
2025-12-05 15:32:17,479 - INFO - [639/800] 转换: szqjl_2024-03-01_15_08_06_.rep
2025-12-05 15:32:17,480 - INFO -   ✓ 成功: 11 个样本, 1 个玩家
2025-12-05 15:32:17,482 - INFO - [640/800] 转换: szqjl_2024-03-01_15_10_35_.rep
2025-12-05 15:32:17,483 - INFO -   ✓ 成功: 11 个样本, 1 个玩家
2025-12-05 15:32:17,485 - INFO - [641/800] 转换: szqjl_2024-03-01_15_13_17_.rep
2025-12-05 15:32:17,486 - INFO -   ✓ 成功: 10 个样本, 1 个玩家
2025-12-05 15:32:17,488 - INFO - [642/800] 转换: szqjl_2024-03-01_15_16_36_.rep
2025-12-05 15:32:17,490 - INFO -   ✓ 成功: 10 个样本, 1 个玩家
2025-12-05 15:32:17,491 - INFO - [643/800] 转换: szqjl_2024-03-01_15_19_41_.rep
2025-12-05 15:32:17,494 - INFO -   ✓ 成功: 9 个样本, 1 个玩家
2025-12-05 15:32:17,495 - INFO - [644/800] 转换: szqjl_2024-03-05_16_16_36_.rep
2025-12-05 15:32:17,497 - INFO -   ✓ 成功: 9 个样本, 1 个玩家
2025-12-05 15:32:17,498 - INFO - [645/800] 转换: szqjl_2024-03-05_16_20_02_.rep
2025-12-05 15:32:17,500 - INFO -   ✓ 成功: 11 个样本, 1 个玩家
2025-12-05 15:32:17,501 - INFO - [646/800] 转换: szqjl_2024-03-05_16_24_04_.rep
2025-12-05 15:32:17,503 - INFO -   ✓ 成功: 10 个样本, 1 个玩家
2025-12-05 15:32:17,504 - INFO - [647/800] 转换: szqjl_2024-03-05_16_27_48_.rep
2025-12-05 15:32:17,506 - INFO -   ✓ 成功: 12 个样本, 1 个玩家
2025-12-05 15:32:17,507 - INFO - [648/800] 转换: szqjl_2024-03-05_16_32_04_.rep
2025-12-05 15:32:17,509 - INFO -   ✓ 成功: 11 个样本, 1 个玩家
2025-12-05 15:32:17,510 - INFO - [649/800] 转换: szqjl_2024-03-05_16_36_39_.rep
2025-12-05 15:32:17,511 - INFO -   ✓ 成功: 12 个样本, 1 个玩家
2025-12-05 15:32:17,513 - INFO - [650/800] 转换: szqjl_2024-03-05_16_40_39_.rep
2025-12-05 15:32:17,515 - INFO -   ✓ 成功: 10 个样本, 1 个玩家
2025-12-05 15:32:17,517 - INFO - [651/800] 转换: szqjl_2024-03-05_16_44_28_.rep
2025-12-05 15:32:17,518 - INFO -   ✓ 成功: 14 个样本, 1 个玩家
2025-12-05 15:32:17,520 - INFO - [652/800] 转换: szqjl_2024-03-06_12_42_20_.rep
2025-12-05 15:32:17,521 - INFO -   ✓ 成功: 10 个样本, 1 个玩家
2025-12-05 15:32:17,523 - INFO - [653/800] 转换: szqjl_2024-03-06_12_45_01_.rep
2025-12-05 15:32:17,524 - INFO -   ✓ 成功: 10 个样本, 1 个玩家
2025-12-05 15:32:17,526 - INFO - [654/800] 转换: szqjl_2024-03-06_12_48_51_.rep
2025-12-05 15:32:17,527 - INFO -   ✓ 成功: 11 个样本, 1 个玩家
2025-12-05 15:32:17,529 - INFO - [655/800] 转换: szqjl_2024-03-06_12_52_51_.rep
2025-12-05 15:32:17,530 - INFO -   ✓ 成功: 11 个样本, 1 个玩家
2025-12-05 15:32:17,532 - INFO - [656/800] 转换: szqjl_2024-03-06_12_56_07_.rep
2025-12-05 15:32:17,533 - INFO -   ✓ 成功: 8 个样本, 1 个玩家
2025-12-05 15:32:17,535 - INFO - [657/800] 转换: szqjl_2024-03-06_12_59_44_.rep
2025-12-05 15:32:17,536 - INFO -   ✓ 成功: 8 个样本, 1 个玩家
2025-12-05 15:32:17,537 - INFO - [658/800] 转换: szqjl_2024-03-06_13_05_02_.rep
2025-12-05 15:32:17,539 - INFO -   ✓ 成功: 9 个样本, 1 个玩家
2025-12-05 15:32:17,541 - INFO - [659/800] 转换: szqjl_2024-03-06_13_09_11_.rep
2025-12-05 15:32:17,543 - INFO -   ✓ 成功: 13 个样本, 1 个玩家
2025-12-05 15:32:17,545 - INFO - [660/800] 转换: szqjl_2024-03-06_13_13_34_.rep
2025-12-05 15:32:17,546 - INFO -   ✓ 成功: 11 个样本, 1 个玩家
2025-12-05 15:32:17,548 - INFO - [661/800] 转换: szqjl_2024-03-06_13_16_54_.rep
2025-12-05 15:32:17,549 - INFO -   ✓ 成功: 9 个样本, 1 个玩家
2025-12-05 15:32:17,551 - INFO - [662/800] 转换: szqjl_2024-03-06_14_55_37_.rep
2025-12-05 15:32:17,552 - INFO -   ✓ 成功: 10 个样本, 1 个玩家
2025-12-05 15:32:17,553 - INFO - [663/800] 转换: szqjl_2024-03-06_14_58_20_.rep
2025-12-05 15:32:17,555 - INFO -   ✓ 成功: 11 个样本, 1 个玩家
2025-12-05 15:32:17,556 - INFO - [664/800] 转换: szqjl_2024-03-06_15_00_52_.rep
2025-12-05 15:32:17,558 - INFO -   ✓ 成功: 10 个样本, 1 个玩家
2025-12-05 15:32:17,559 - INFO - [665/800] 转换: szqjl_2024-03-06_15_04_04_.rep
2025-12-05 15:32:17,560 - INFO -   ✓ 成功: 11 个样本, 1 个玩家
2025-12-05 15:32:17,562 - INFO - [666/800] 转换: szqjl_2024-03-06_15_07_22_.rep
2025-12-05 15:32:17,564 - INFO -   ✓ 成功: 11 个样本, 1 个玩家
2025-12-05 15:32:17,566 - INFO - [667/800] 转换: szqjl_2024-03-06_15_10_31_.rep
2025-12-05 15:32:17,581 - INFO -   ✓ 成功: 9 个样本, 1 个玩家
2025-12-05 15:32:17,582 - INFO - [668/800] 转换: szqjl_2024-03-06_15_13_10_.rep
2025-12-05 15:32:17,584 - INFO -   ✓ 成功: 9 个样本, 1 个玩家
2025-12-05 15:32:17,585 - INFO - [669/800] 转换: szqjl_2024-03-06_15_17_09_.rep
2025-12-05 15:32:17,587 - INFO -   ✓ 成功: 10 个样本, 1 个玩家
2025-12-05 15:32:17,589 - INFO - [670/800] 转换: szqjl_2024-03-06_15_20_30_.rep
2025-12-05 15:32:17,590 - INFO -   ✓ 成功: 11 个样本, 1 个玩家
2025-12-05 15:32:17,592 - INFO - [671/800] 转换: szqjl_2024-03-06_15_23_01_.rep
2025-12-05 15:32:17,594 - INFO -   ✓ 成功: 11 个样本, 1 个玩家
2025-12-05 15:32:17,595 - INFO - [672/800] 转换: szqjl_2024-03-06_15_27_48_.rep
2025-12-05 15:32:17,597 - INFO -   ✓ 成功: 9 个样本, 1 个玩家
2025-12-05 15:32:17,598 - INFO - [673/800] 转换: szqjl_2024-03-06_15_30_21_.rep
2025-12-05 15:32:17,600 - INFO -   ✓ 成功: 7 个样本, 1 个玩家
2025-12-05 15:32:17,601 - INFO - [674/800] 转换: szqjl_2024-03-06_15_35_32_.rep
2025-12-05 15:32:17,603 - INFO -   ✓ 成功: 13 个样本, 1 个玩家
2025-12-05 15:32:17,605 - INFO - [675/800] 转换: szqjl_2024-03-06_15_38_03_.rep
2025-12-05 15:32:17,606 - INFO -   ✓ 成功: 7 个样本, 1 个玩家
2025-12-05 15:32:17,608 - INFO - [676/800] 转换: szqjl_2024-03-06_15_40_53_.rep
2025-12-05 15:32:17,610 - INFO -   ✓ 成功: 10 个样本, 1 个玩家
2025-12-05 15:32:17,611 - INFO - [677/800] 转换: szqjl_2024-03-06_15_45_56_.rep
2025-12-05 15:32:17,612 - INFO -   ✓ 成功: 12 个样本, 1 个玩家
2025-12-05 15:32:17,615 - INFO - [678/800] 转换: szqjl_2024-03-06_15_48_33_.rep
2025-12-05 15:32:17,616 - INFO -   ✓ 成功: 8 个样本, 1 个玩家
2025-12-05 15:32:17,618 - INFO - [679/800] 转换: szqjl_2024-03-06_15_52_54_.rep
2025-12-05 15:32:17,620 - INFO -   ✓ 成功: 8 个样本, 1 个玩家
2025-12-05 15:32:17,621 - INFO - [680/800] 转换: szqjl_2024-03-06_15_56_47_.rep
2025-12-05 15:32:17,623 - INFO -   ✓ 成功: 11 个样本, 1 个玩家
2025-12-05 15:32:17,624 - INFO - [681/800] 转换: szqjl_2024-03-06_16_00_09_.rep
2025-12-05 15:32:17,626 - INFO -   ✓ 成功: 8 个样本, 1 个玩家
2025-12-05 15:32:17,628 - INFO - [682/800] 转换: szqjl_2024-03-06_16_02_38_.rep
2025-12-05 15:32:17,630 - INFO -   ✓ 成功: 12 个样本, 1 个玩家
2025-12-05 15:32:17,632 - INFO - [683/800] 转换: szqjl_2024-03-06_16_06_03_.rep
2025-12-05 15:32:17,633 - INFO -   ✓ 成功: 10 个样本, 1 个玩家
2025-12-05 15:32:17,635 - INFO - [684/800] 转换: szqjl_2024-03-06_16_10_44_.rep
2025-12-05 15:32:17,636 - INFO -   ✓ 成功: 12 个样本, 1 个玩家
2025-12-05 15:32:17,638 - INFO - [685/800] 转换: szqjl_2024-03-06_16_13_26_.rep
2025-12-05 15:32:17,640 - INFO -   ✓ 成功: 9 个样本, 1 个玩家
2025-12-05 15:32:17,641 - INFO - [686/800] 转换: szqjl_2024-03-06_16_16_40_.rep
2025-12-05 15:32:17,643 - INFO -   ✓ 成功: 8 个样本, 1 个玩家
2025-12-05 15:32:17,645 - INFO - [687/800] 转换: szqjl_2024-03-06_16_19_56_.rep
2025-12-05 15:32:17,646 - INFO -   ✓ 成功: 11 个样本, 1 个玩家
2025-12-05 15:32:17,648 - INFO - [688/800] 转换: szqjl_2024-03-06_16_23_14_.rep
2025-12-05 15:32:17,649 - INFO -   ✓ 成功: 11 个样本, 1 个玩家
2025-12-05 15:32:17,651 - INFO - [689/800] 转换: szqjl_2024-03-06_16_26_14_.rep
2025-12-05 15:32:17,652 - INFO -   ✓ 成功: 9 个样本, 1 个玩家
2025-12-05 15:32:17,654 - INFO - [690/800] 转换: szqjl_2024-03-06_16_29_07_.rep
2025-12-05 15:32:17,656 - INFO -   ✓ 成功: 9 个样本, 1 个玩家
2025-12-05 15:32:17,657 - INFO - [691/800] 转换: szqjl_2024-03-06_16_31_30_.rep
2025-12-05 15:32:17,659 - INFO -   ✓ 成功: 7 个样本, 1 个玩家
2025-12-05 15:32:17,660 - INFO - [692/800] 转换: szqjl_2024-03-11_10_13_59_.rep
2025-12-05 15:32:17,662 - INFO -   ✓ 成功: 7 个样本, 1 个玩家
2025-12-05 15:32:17,663 - INFO - [693/800] 转换: szqjl_2024-03-11_10_19_38_.rep
2025-12-05 15:32:17,665 - INFO -   ✓ 成功: 8 个样本, 1 个玩家
2025-12-05 15:32:17,667 - INFO - [694/800] 转换: szqjl_2024-03-11_10_29_36_.rep
2025-12-05 15:32:17,668 - INFO -   ✓ 成功: 12 个样本, 1 个玩家
2025-12-05 15:32:17,670 - INFO - [695/800] 转换: szqjl_2024-03-11_10_33_43_.rep
2025-12-05 15:32:17,672 - INFO -   ✓ 成功: 12 个样本, 1 个玩家
2025-12-05 15:32:17,673 - INFO - [696/800] 转换: szqjl_2024-03-11_10_38_25_.rep
2025-12-05 15:32:17,675 - INFO -   ✓ 成功: 11 个样本, 1 个玩家
2025-12-05 15:32:17,678 - INFO - [697/800] 转换: szqjl_2024-03-11_10_42_56_.rep
2025-12-05 15:32:17,679 - INFO -   ✓ 成功: 9 个样本, 1 个玩家
2025-12-05 15:32:17,681 - INFO - [698/800] 转换: szqjl_2024-03-11_10_47_33_.rep
2025-12-05 15:32:17,683 - INFO -   ✓ 成功: 9 个样本, 1 个玩家
2025-12-05 15:32:17,685 - INFO - [699/800] 转换: szqjl_2024-03-11_10_51_48_.rep
2025-12-05 15:32:17,686 - INFO -   ✓ 成功: 13 个样本, 1 个玩家
2025-12-05 15:32:17,688 - INFO - [700/800] 转换: szqjl_2024-03-11_10_56_35_.rep
2025-12-05 15:32:17,689 - INFO -   ✓ 成功: 10 个样本, 1 个玩家
2025-12-05 15:32:17,690 - INFO - ============================================================
2025-12-05 15:32:17,690 - INFO - 进度: 593/10119 (跳过: 107, 失败: 0)
2025-12-05 15:32:17,691 - INFO - 已转换样本: 6044 个
2025-12-05 15:32:17,691 - INFO - 转换速度: 335.9 文件/秒
2025-12-05 15:32:17,691 - INFO - 预计剩余时间: 0.5 分钟
2025-12-05 15:32:17,691 - INFO - ============================================================
2025-12-05 15:32:17,693 - INFO - [701/800] 转换: szqjl_2024-03-11_11_00_22_.rep
2025-12-05 15:32:17,694 - INFO -   ✓ 成功: 8 个样本, 1 个玩家
2025-12-05 15:32:17,698 - INFO - [702/800] 转换: szqjl_2024-03-11_11_05_18_.rep
2025-12-05 15:32:17,699 - INFO -   ✓ 成功: 9 个样本, 1 个玩家
2025-12-05 15:32:17,701 - INFO - [703/800] 转换: szqjl_2024-03-11_11_09_39_.rep
2025-12-05 15:32:17,701 - INFO -   ✓ 成功: 10 个样本, 1 个玩家
2025-12-05 15:32:17,701 - INFO - [704/800] 转换: szqjl_2024-03-11_11_12_35_.rep
2025-12-05 15:32:17,701 - INFO -   ✓ 成功: 11 个样本, 1 个玩家
2025-12-05 15:32:17,701 - INFO - [705/800] 转换: szqjl_2024-03-11_11_15_34_.rep
2025-12-05 15:32:17,714 - INFO -   ✓ 成功: 14 个样本, 1 个玩家
2025-12-05 15:32:17,717 - INFO - [706/800] 转换: szqjl_2024-03-11_11_18_53_.rep
2025-12-05 15:32:17,719 - INFO -   ✓ 成功: 13 个样本, 1 个玩家
2025-12-05 15:32:17,720 - INFO - [707/800] 转换: szqjl_2024-03-11_11_21_19_.rep
2025-12-05 15:32:17,722 - INFO -   ✓ 成功: 7 个样本, 1 个玩家
2025-12-05 15:32:17,723 - INFO - [708/800] 转换: szqjl_2024-03-11_11_25_00_.rep
2025-12-05 15:32:17,725 - INFO -   ✓ 成功: 8 个样本, 1 个玩家
2025-12-05 15:32:17,727 - INFO - [709/800] 转换: szqjl_2024-03-11_11_27_58_.rep
2025-12-05 15:32:17,727 - INFO -   ✓ 成功: 10 个样本, 1 个玩家
2025-12-05 15:32:17,727 - INFO - [710/800] 转换: szqjl_2024-03-11_12_11_48_.rep
2025-12-05 15:32:17,727 - INFO -   ✓ 成功: 14 个样本, 1 个玩家
2025-12-05 15:32:17,727 - INFO - [711/800] 转换: szqjl_2024-03-11_12_14_42_.rep
2025-12-05 15:32:17,727 - INFO -   ✓ 成功: 9 个样本, 1 个玩家
2025-12-05 15:32:17,727 - INFO - [712/800] 转换: szqjl_2024-03-11_12_17_35_.rep
2025-12-05 15:32:17,727 - INFO -   ✓ 成功: 11 个样本, 1 个玩家
2025-12-05 15:32:17,727 - INFO - [713/800] 转换: szqjl_2024-03-11_12_22_19_.rep
2025-12-05 15:32:17,743 - INFO -   ✓ 成功: 10 个样本, 1 个玩家
2025-12-05 15:32:17,745 - INFO - [714/800] 转换: szqjl_2024-03-11_12_26_17_.rep
2025-12-05 15:32:17,746 - INFO -   ✓ 成功: 10 个样本, 1 个玩家
2025-12-05 15:32:17,748 - INFO - [715/800] 转换: szqjl_2024-03-11_12_29_38_.rep
2025-12-05 15:32:17,750 - INFO -   ✓ 成功: 9 个样本, 1 个玩家
2025-12-05 15:32:17,751 - INFO - [716/800] 转换: szqjl_2024-03-11_12_33_55_.rep
2025-12-05 15:32:17,753 - INFO -   ✓ 成功: 10 个样本, 1 个玩家
2025-12-05 15:32:17,754 - INFO - [717/800] 转换: szqjl_2024-03-11_12_38_01_.rep
2025-12-05 15:32:17,756 - INFO -   ✓ 成功: 12 个样本, 1 个玩家
2025-12-05 15:32:17,757 - INFO - [718/800] 转换: szqjl_2024-03-11_12_42_51_.rep
2025-12-05 15:32:17,759 - INFO -   ✓ 成功: 8 个样本, 1 个玩家
2025-12-05 15:32:17,761 - INFO - [719/800] 转换: szqjl_2024-03-11_12_49_40_.rep
2025-12-05 15:32:17,763 - INFO -   ✓ 成功: 12 个样本, 1 个玩家
2025-12-05 15:32:17,765 - INFO - [720/800] 转换: szqjl_2024-03-11_12_54_26_.rep
2025-12-05 15:32:17,766 - INFO -   ✓ 成功: 9 个样本, 1 个玩家
2025-12-05 15:32:17,768 - INFO - [721/800] 转换: szqjl_2024-03-12_11_55_08_.rep
2025-12-05 15:32:17,769 - INFO -   ✓ 成功: 9 个样本, 1 个玩家
2025-12-05 15:32:17,771 - INFO - [722/800] 转换: szqjl_2024-03-12_11_58_31_.rep
2025-12-05 15:32:17,772 - INFO -   ✓ 成功: 9 个样本, 1 个玩家
2025-12-05 15:32:17,774 - INFO - [723/800] 转换: szqjl_2024-03-12_12_01_55_.rep
2025-12-05 15:32:17,775 - INFO -   ✓ 成功: 11 个样本, 1 个玩家
2025-12-05 15:32:17,782 - INFO - [724/800] 转换: szqjl_2024-03-12_12_07_21_.rep
2025-12-05 15:32:17,783 - INFO -   ✓ 成功: 10 个样本, 1 个玩家
2025-12-05 15:32:17,785 - INFO - [725/800] 转换: szqjl_2024-03-12_12_13_33_.rep
2025-12-05 15:32:17,786 - INFO -   ✓ 成功: 11 个样本, 1 个玩家
2025-12-05 15:32:17,788 - INFO - [726/800] 转换: szqjl_2024-03-12_12_17_52_.rep
2025-12-05 15:32:17,789 - INFO -   ✓ 成功: 7 个样本, 1 个玩家
2025-12-05 15:32:17,791 - INFO - [727/800] 转换: szqjl_2024-03-12_12_34_15_.rep
2025-12-05 15:32:17,792 - INFO -   ✓ 成功: 10 个样本, 1 个玩家
2025-12-05 15:32:17,794 - INFO - [728/800] 转换: szqjl_2024-03-12_12_37_53_.rep
2025-12-05 15:32:17,796 - INFO -   ✓ 成功: 11 个样本, 1 个玩家
2025-12-05 15:32:17,798 - INFO - [729/800] 转换: szqjl_2024-03-12_12_41_36_.rep
2025-12-05 15:32:17,800 - INFO -   ✓ 成功: 13 个样本, 1 个玩家
2025-12-05 15:32:17,802 - INFO - [730/800] 转换: szqjl_2024-03-12_12_44_10_.rep
2025-12-05 15:32:17,803 - INFO -   ✓ 成功: 9 个样本, 1 个玩家
2025-12-05 15:32:17,805 - INFO - [731/800] 转换: szqjl_2024-03-12_12_48_17_.rep
2025-12-05 15:32:17,806 - INFO -   ✓ 成功: 13 个样本, 1 个玩家
2025-12-05 15:32:17,808 - INFO - [732/800] 转换: szqjl_2024-03-12_12_51_35_.rep
2025-12-05 15:32:17,810 - INFO -   ✓ 成功: 9 个样本, 1 个玩家
2025-12-05 15:32:17,813 - INFO - [733/800] 转换: szqjl_2024-03-12_12_55_45_.rep
2025-12-05 15:32:17,815 - INFO -   ✓ 成功: 11 个样本, 1 个玩家
2025-12-05 15:32:17,817 - INFO - [734/800] 转换: szqjl_2024-03-12_14_25_21_.rep
2025-12-05 15:32:17,819 - INFO -   ✓ 成功: 11 个样本, 1 个玩家
2025-12-05 15:32:17,820 - INFO - [735/800] 转换: szqjl_2024-03-12_14_28_52_.rep
2025-12-05 15:32:17,822 - INFO -   ✓ 成功: 8 个样本, 1 个玩家
2025-12-05 15:32:17,823 - INFO - [736/800] 转换: szqjl_2024-03-12_14_31_13_.rep
2025-12-05 15:32:17,825 - INFO -   ✓ 成功: 11 个样本, 1 个玩家
2025-12-05 15:32:17,827 - INFO - [737/800] 转换: szqjl_2024-03-12_14_33_52_.rep
2025-12-05 15:32:17,828 - INFO -   ✓ 成功: 9 个样本, 1 个玩家
2025-12-05 15:32:17,830 - INFO - [738/800] 转换: szqjl_2024-03-12_14_36_01_.rep
2025-12-05 15:32:17,831 - INFO -   ✓ 成功: 7 个样本, 1 个玩家
2025-12-05 15:32:17,833 - INFO - [739/800] 转换: szqjl_2024-03-12_14_39_20_.rep
2025-12-05 15:32:17,834 - INFO -   ✓ 成功: 10 个样本, 1 个玩家
2025-12-05 15:32:17,836 - INFO - [740/800] 转换: szqjl_2024-03-12_14_42_34_.rep
2025-12-05 15:32:17,837 - INFO -   ✓ 成功: 12 个样本, 1 个玩家
2025-12-05 15:32:17,839 - INFO - [741/800] 转换: szqjl_2024-03-12_14_45_42_.rep
2025-12-05 15:32:17,841 - INFO -   ✓ 成功: 11 个样本, 1 个玩家
2025-12-05 15:32:17,842 - INFO - [742/800] 转换: szqjl_2024-03-12_14_49_25_.rep
2025-12-05 15:32:17,844 - INFO -   ✓ 成功: 11 个样本, 1 个玩家
2025-12-05 15:32:17,846 - INFO - [743/800] 转换: szqjl_2024-03-12_14_52_28_.rep
2025-12-05 15:32:17,847 - INFO -   ✓ 成功: 9 个样本, 1 个玩家
2025-12-05 15:32:17,849 - INFO - [744/800] 转换: szqjl_2024-03-12_14_55_31_.rep
2025-12-05 15:32:17,850 - INFO -   ✓ 成功: 10 个样本, 1 个玩家
2025-12-05 15:32:17,852 - INFO - [745/800] 转换: szqjl_2024-03-12_14_57_54_.rep
2025-12-05 15:32:17,853 - INFO -   ✓ 成功: 9 个样本, 1 个玩家
2025-12-05 15:32:17,855 - INFO - [746/800] 转换: szqjl_2024-03-12_15_01_16_.rep
2025-12-05 15:32:17,857 - INFO -   ✓ 成功: 14 个样本, 1 个玩家
2025-12-05 15:32:17,858 - INFO - [747/800] 转换: szqjl_2024-03-12_15_03_47_.rep
2025-12-05 15:32:17,860 - INFO -   ✓ 成功: 9 个样本, 1 个玩家
2025-12-05 15:32:17,862 - INFO - [748/800] 转换: szqjl_2024-03-12_15_07_13_.rep
2025-12-05 15:32:17,864 - INFO -   ✓ 成功: 12 个样本, 1 个玩家
2025-12-05 15:32:17,865 - INFO - [749/800] 转换: szqjl_2024-03-12_15_09_44_.rep
2025-12-05 15:32:17,867 - INFO -   ✓ 成功: 10 个样本, 1 个玩家
2025-12-05 15:32:17,869 - INFO - [750/800] 转换: szqjl_2024-03-12_15_12_26_.rep
2025-12-05 15:32:17,870 - INFO -   ✓ 成功: 15 个样本, 1 个玩家
2025-12-05 15:32:17,872 - INFO - [751/800] 转换: szqjl_2024-03-12_15_15_03_.rep
2025-12-05 15:32:17,873 - INFO -   ✓ 成功: 9 个样本, 1 个玩家
2025-12-05 15:32:17,875 - INFO - [752/800] 转换: szqjl_2024-03-12_15_17_37_.rep
2025-12-05 15:32:17,876 - INFO -   ✓ 成功: 10 个样本, 1 个玩家
2025-12-05 15:32:17,879 - INFO - [753/800] 转换: szqjl_2024-03-13_11_49_32_.rep
2025-12-05 15:32:17,880 - INFO -   ✓ 成功: 11 个样本, 1 个玩家
2025-12-05 15:32:17,882 - INFO - [754/800] 转换: szqjl_2024-03-13_11_52_41_.rep
2025-12-05 15:32:17,884 - INFO -   ✓ 成功: 11 个样本, 1 个玩家
2025-12-05 15:32:17,885 - INFO - [755/800] 转换: szqjl_2024-03-13_11_55_33_.rep
2025-12-05 15:32:17,887 - INFO -   ✓ 成功: 8 个样本, 1 个玩家
2025-12-05 15:32:17,889 - INFO - [756/800] 转换: szqjl_2024-03-13_11_58_00_.rep
2025-12-05 15:32:17,890 - INFO -   ✓ 成功: 9 个样本, 1 个玩家
2025-12-05 15:32:17,892 - INFO - [757/800] 转换: szqjl_2024-03-13_12_02_11_.rep
2025-12-05 15:32:17,893 - INFO -   ✓ 成功: 11 个样本, 1 个玩家
2025-12-05 15:32:17,895 - INFO - [758/800] 转换: szqjl_2024-03-13_12_06_01_.rep
2025-12-05 15:32:17,896 - INFO -   ✓ 成功: 10 个样本, 1 个玩家
2025-12-05 15:32:17,898 - INFO - [759/800] 转换: szqjl_2024-03-13_12_09_18_.rep
2025-12-05 15:32:17,899 - INFO -   ✓ 成功: 8 个样本, 1 个玩家
2025-12-05 15:32:17,901 - INFO - [760/800] 转换: szqjl_2024-03-13_12_12_30_.rep
2025-12-05 15:32:17,902 - INFO -   ✓ 成功: 11 个样本, 1 个玩家
2025-12-05 15:32:17,904 - INFO - [761/800] 转换: szqjl_2024-03-13_12_14_38_.rep
2025-12-05 15:32:17,906 - INFO -   ✓ 成功: 9 个样本, 1 个玩家
2025-12-05 15:32:17,907 - INFO - [762/800] 转换: szqjl_2024-03-13_12_25_38_.rep
2025-12-05 15:32:17,909 - INFO -   ✓ 成功: 11 个样本, 1 个玩家
2025-12-05 15:32:17,911 - INFO - [763/800] 转换: szqjl_2024-03-13_12_28_55_.rep
2025-12-05 15:32:17,913 - INFO -   ✓ 成功: 9 个样本, 1 个玩家
2025-12-05 15:32:17,914 - INFO - [764/800] 转换: szqjl_2024-03-13_12_33_06_.rep
2025-12-05 15:32:17,916 - INFO -   ✓ 成功: 10 个样本, 1 个玩家
2025-12-05 15:32:17,918 - INFO - [765/800] 转换: szqjl_2024-03-13_12_36_31_.rep
2025-12-05 15:32:17,919 - INFO -   ✓ 成功: 10 个样本, 1 个玩家
2025-12-05 15:32:17,921 - INFO - [766/800] 转换: szqjl_2024-03-13_12_39_52_.rep
2025-12-05 15:32:17,922 - INFO -   ✓ 成功: 8 个样本, 1 个玩家
2025-12-05 15:32:17,924 - INFO - [767/800] 转换: szqjl_2024-03-13_12_42_56_.rep
2025-12-05 15:32:17,926 - INFO -   ✓ 成功: 11 个样本, 1 个玩家
2025-12-05 15:32:17,927 - INFO - [768/800] 转换: szqjl_2024-03-13_12_46_39_.rep
2025-12-05 15:32:17,928 - INFO -   ✓ 成功: 11 个样本, 1 个玩家
2025-12-05 15:32:17,930 - INFO - [769/800] 转换: szqjl_2024-03-13_12_49_54_.rep
2025-12-05 15:32:17,931 - INFO -   ✓ 成功: 9 个样本, 1 个玩家
2025-12-05 15:32:17,933 - INFO - [770/800] 转换: szqjl_2024-03-13_12_52_54_.rep
2025-12-05 15:32:17,935 - INFO -   ✓ 成功: 7 个样本, 1 个玩家
2025-12-05 15:32:17,937 - INFO - [771/800] 转换: szqjl_2024-03-13_12_58_11_.rep
2025-12-05 15:32:17,938 - INFO -   ✓ 成功: 8 个样本, 1 个玩家
2025-12-05 15:32:17,940 - INFO - [772/800] 转换: szqjl_2024-03-13_13_02_33_.rep
2025-12-05 15:32:17,942 - INFO -   ✓ 成功: 12 个样本, 1 个玩家
2025-12-05 15:32:17,944 - INFO - [773/800] 转换: szqjl_2024-03-13_13_05_55_.rep
2025-12-05 15:32:17,945 - INFO -   ✓ 成功: 9 个样本, 1 个玩家
2025-12-05 15:32:17,947 - INFO - [774/800] 转换: szqjl_2024-03-13_13_09_33_.rep
2025-12-05 15:32:17,949 - INFO -   ✓ 成功: 9 个样本, 1 个玩家
2025-12-05 15:32:17,950 - INFO - [775/800] 转换: szqjl_2024-03-13_13_13_54_.rep
2025-12-05 15:32:17,952 - INFO -   ✓ 成功: 14 个样本, 1 个玩家
2025-12-05 15:32:17,954 - INFO - [776/800] 转换: szqjl_2024-03-13_13_17_58_.rep
2025-12-05 15:32:17,955 - INFO -   ✓ 成功: 13 个样本, 1 个玩家
2025-12-05 15:32:17,957 - INFO - [777/800] 转换: szqjl_2024-03-13_13_21_35_.rep
2025-12-05 15:32:17,959 - INFO -   ✓ 成功: 12 个样本, 1 个玩家
2025-12-05 15:32:17,961 - INFO - [778/800] 转换: szqjl_2024-03-13_13_25_10_.rep
2025-12-05 15:32:17,963 - INFO -   ✓ 成功: 8 个样本, 1 个玩家
2025-12-05 15:32:17,965 - INFO - [779/800] 转换: szqjl_2024-03-15_12_04_12_.rep
2025-12-05 15:32:17,966 - INFO -   ✓ 成功: 9 个样本, 1 个玩家
2025-12-05 15:32:17,968 - INFO - [780/800] 转换: szqjl_2024-03-15_12_08_36_.rep
2025-12-05 15:32:17,970 - INFO -   ✓ 成功: 11 个样本, 1 个玩家
2025-12-05 15:32:17,972 - INFO - [781/800] 转换: szqjl_2024-03-15_12_12_08_.rep
2025-12-05 15:32:17,973 - INFO -   ✓ 成功: 7 个样本, 1 个玩家
2025-12-05 15:32:17,975 - INFO - [782/800] 转换: szqjl_2024-03-15_12_15_55_.rep
2025-12-05 15:32:17,977 - INFO -   ✓ 成功: 10 个样本, 1 个玩家
2025-12-05 15:32:17,979 - INFO - [783/800] 转换: szqjl_2024-03-15_12_18_48_.rep
2025-12-05 15:32:17,981 - INFO -   ✓ 成功: 10 个样本, 1 个玩家
2025-12-05 15:32:17,983 - INFO - [784/800] 转换: szqjl_2024-03-15_12_22_07_.rep
2025-12-05 15:32:17,984 - INFO -   ✓ 成功: 12 个样本, 1 个玩家
2025-12-05 15:32:17,986 - INFO - [785/800] 转换: szqjl_2024-03-15_12_24_57_.rep
2025-12-05 15:32:17,988 - INFO -   ✓ 成功: 11 个样本, 1 个玩家
2025-12-05 15:32:17,990 - INFO - [786/800] 转换: szqjl_2024-03-15_12_27_46_.rep
2025-12-05 15:32:17,991 - INFO -   ✓ 成功: 10 个样本, 1 个玩家
2025-12-05 15:32:17,993 - INFO - [787/800] 转换: szqjl_2024-03-15_12_32_46_.rep
2025-12-05 15:32:17,994 - INFO -   ✓ 成功: 13 个样本, 1 个玩家
2025-12-05 15:32:17,996 - INFO - [788/800] 转换: szqjl_2024-03-15_12_36_53_.rep
2025-12-05 15:32:17,998 - INFO -   ✓ 成功: 12 个样本, 1 个玩家
2025-12-05 15:32:18,000 - INFO - [789/800] 转换: szqjl_2024-03-15_12_40_54_.rep
2025-12-05 15:32:18,001 - INFO -   ✓ 成功: 10 个样本, 1 个玩家
2025-12-05 15:32:18,003 - INFO - [790/800] 转换: szqjl_2024-03-15_12_44_39_.rep
2025-12-05 15:32:18,005 - INFO -   ✓ 成功: 10 个样本, 1 个玩家
2025-12-05 15:32:18,007 - INFO - [791/800] 转换: szqjl_2024-03-15_12_49_13_.rep
2025-12-05 15:32:18,009 - INFO -   ✓ 成功: 11 个样本, 1 个玩家
2025-12-05 15:32:18,011 - INFO - [792/800] 转换: szqjl_2024-03-15_12_52_43_.rep
2025-12-05 15:32:18,013 - INFO -   ✓ 成功: 9 个样本, 1 个玩家
2025-12-05 15:32:18,015 - INFO - [793/800] 转换: szqjl_2024-03-15_12_58_47_.rep
2025-12-05 15:32:18,016 - INFO -   ✓ 成功: 10 个样本, 1 个玩家
2025-12-05 15:32:18,018 - INFO - [794/800] 转换: szqjl_2024-03-15_13_01_46_.rep
2025-12-05 15:32:18,020 - INFO -   ✓ 成功: 12 个样本, 1 个玩家
2025-12-05 15:32:18,022 - INFO - [795/800] 转换: szqjl_2024-03-15_13_04_07_.rep
2025-12-05 15:32:18,023 - INFO -   ✓ 成功: 11 个样本, 1 个玩家
2025-12-05 15:32:18,025 - INFO - [796/800] 转换: szqjl_2024-03-15_13_06_39_.rep
2025-12-05 15:32:18,026 - INFO -   ✓ 成功: 8 个样本, 1 个玩家
2025-12-05 15:32:18,028 - INFO - [797/800] 转换: szqjl_2024-03-15_13_08_52_.rep
2025-12-05 15:32:18,030 - INFO -   ✓ 成功: 8 个样本, 1 个玩家
2025-12-05 15:32:18,032 - INFO - [798/800] 转换: szqjl_2024-03-15_13_12_12_.rep
2025-12-05 15:32:18,033 - INFO -   ✓ 成功: 11 个样本, 1 个玩家
2025-12-05 15:32:18,035 - INFO - [799/800] 转换: szqjl_2024-03-15_13_14_55_.rep
2025-12-05 15:32:18,037 - INFO -   ✓ 成功: 9 个样本, 1 个玩家
2025-12-05 15:32:18,038 - INFO - [800/800] 转换: szqjl_2024-03-15_13_17_05_.rep
2025-12-05 15:32:18,040 - INFO -   ✓ 成功: 10 个样本, 1 个玩家
2025-12-05 15:32:18,040 - INFO - ============================================================
2025-12-05 15:32:18,040 - INFO - 进度: 693/10119 (跳过: 107, 失败: 0)
2025-12-05 15:32:18,040 - INFO - 已转换样本: 7061 个
2025-12-05 15:32:18,040 - INFO - 转换速度: 327.4 文件/秒
2025-12-05 15:32:18,041 - INFO - 预计剩余时间: 0.5 分钟
2025-12-05 15:32:18,041 - INFO - ============================================================
2025-12-05 15:32:18,041 - INFO - 
2025-12-05 15:32:18,041 - INFO - ============================================================
2025-12-05 15:32:18,041 - INFO - 批量转换完成！
2025-12-05 15:32:18,041 - INFO - ============================================================
2025-12-05 15:32:18,041 - INFO - 总文件数: 10119
2025-12-05 15:32:18,042 - INFO - 成功转换: 693
2025-12-05 15:32:18,042 - INFO - 跳过文件: 107
2025-12-05 15:32:18,042 - INFO - 失败文件: 0
2025-12-05 15:32:18,042 - INFO - 总训练样本: 7061 个
2025-12-05 15:32:18,042 - INFO - 总耗时: 0.0 分钟
2025-12-05 15:32:18,042 - INFO - 平均速度: 327.3 文件/秒
2025-12-05 15:32:18,042 - INFO - ============================================================
2025-12-05 15:33:18,584 - INFO - 限制转换数量: 500 个文件
2025-12-05 15:33:18,584 - INFO - 找到 500 个.rep文件
2025-12-05 15:33:18,584 - INFO - 输出目录: game_records
2025-12-05 15:33:18,584 - INFO - 优先选择获胜玩家: True
2025-12-05 15:33:18,584 - INFO - ============================================================
2025-12-05 15:33:18,584 - INFO - [1/500] 跳过已转换: szqjl_2023-12-26_12_55_13_.rep
2025-12-05 15:33:18,584 - INFO - [2/500] 跳过已转换: szqjl_2023-12-26_12_58_47_.rep
2025-12-05 15:33:18,599 - INFO - [3/500] 跳过已转换: szqjl_2023-12-26_13_02_18_.rep
2025-12-05 15:33:18,599 - INFO - [4/500] 跳过已转换: szqjl_2023-12-26_13_05_29_.rep
2025-12-05 15:33:18,599 - INFO - [5/500] 跳过已转换: szqjl_2023-12-26_13_08_42_.rep
2025-12-05 15:33:18,599 - INFO - [6/500] 跳过已转换: szqjl_2023-12-26_13_12_15_.rep
2025-12-05 15:33:18,599 - INFO - [7/500] 跳过已转换: szqjl_2023-12-26_13_15_13_.rep
2025-12-05 15:33:18,599 - INFO - [8/500] 跳过已转换: szqjl_2023-12-26_13_17_55_.rep
2025-12-05 15:33:18,599 - INFO - [9/500] 跳过已转换: szqjl_2023-12-26_13_21_34_.rep
2025-12-05 15:33:18,599 - INFO - [10/500] 跳过已转换: szqjl_2023-12-26_13_26_15_.rep
2025-12-05 15:33:18,599 - INFO - [11/500] 跳过已转换: szqjl_2023-12-26_13_30_14_.rep
2025-12-05 15:33:18,599 - INFO - [12/500] 跳过已转换: szqjl_2023-12-26_13_32_47_.rep
2025-12-05 15:33:18,599 - INFO - [13/500] 跳过已转换: szqjl_2023-12-26_13_35_34_.rep
2025-12-05 15:33:18,615 - INFO - [14/500] 跳过已转换: szqjl_2023-12-26_13_40_54_.rep
2025-12-05 15:33:18,615 - INFO - [15/500] 跳过已转换: szqjl_2023-12-26_13_44_09_.rep
2025-12-05 15:33:18,615 - INFO - [16/500] 跳过已转换: szqjl_2023-12-26_13_47_29_.rep
2025-12-05 15:33:18,615 - INFO - [17/500] 跳过已转换: szqjl_2023-12-26_13_50_51_.rep
2025-12-05 15:33:18,615 - INFO - [18/500] 跳过已转换: szqjl_2023-12-26_13_54_03_.rep
2025-12-05 15:33:18,615 - INFO - [19/500] 跳过已转换: szqjl_2023-12-26_13_57_55_.rep
2025-12-05 15:33:18,615 - INFO - [20/500] 跳过已转换: szqjl_2023-12-26_14_01_39_.rep
2025-12-05 15:33:18,615 - INFO - [21/500] 跳过已转换: szqjl_2023-12-26_14_05_12_.rep
2025-12-05 15:33:18,615 - INFO - [22/500] 跳过已转换: szqjl_2023-12-26_14_09_24_.rep
2025-12-05 15:33:18,615 - INFO - [23/500] 跳过已转换: szqjl_2023-12-26_14_12_30_.rep
2025-12-05 15:33:18,615 - INFO - [24/500] 跳过已转换: szqjl_2023-12-26_14_15_41_.rep
2025-12-05 15:33:18,631 - INFO - [25/500] 跳过已转换: szqjl_2023-12-28_11_56_44_.rep
2025-12-05 15:33:18,631 - INFO - [26/500] 跳过已转换: szqjl_2023-12-28_12_01_00_.rep
2025-12-05 15:33:18,631 - INFO - [27/500] 跳过已转换: szqjl_2023-12-28_12_04_42_.rep
2025-12-05 15:33:18,631 - INFO - [28/500] 跳过已转换: szqjl_2023-12-28_12_08_29_.rep
2025-12-05 15:33:18,631 - INFO - [29/500] 跳过已转换: szqjl_2023-12-28_12_12_10_.rep
2025-12-05 15:33:18,631 - INFO - [30/500] 跳过已转换: szqjl_2023-12-28_12_16_33_.rep
2025-12-05 15:33:18,631 - INFO - [31/500] 跳过已转换: szqjl_2024-01-12_12_16_24_.rep
2025-12-05 15:33:18,631 - INFO - [32/500] 跳过已转换: szqjl_2024-01-12_12_19_28_.rep
2025-12-05 15:33:18,631 - INFO - [33/500] 跳过已转换: szqjl_2024-01-12_12_24_20_.rep
2025-12-05 15:33:18,631 - INFO - [34/500] 跳过已转换: szqjl_2024-01-12_12_35_38_.rep
2025-12-05 15:33:18,631 - INFO - [35/500] 跳过已转换: szqjl_2024-01-12_12_40_09_.rep
2025-12-05 15:33:18,631 - INFO - [36/500] 跳过已转换: szqjl_2024-01-12_13_05_35_.rep
2025-12-05 15:33:18,631 - INFO - [37/500] 跳过已转换: szqjl_2024-01-12_13_09_16_.rep
2025-12-05 15:33:18,646 - INFO - [38/500] 跳过已转换: szqjl_2024-01-12_13_14_21_.rep
2025-12-05 15:33:18,646 - INFO - [39/500] 跳过已转换: szqjl_2024-01-12_13_17_56_.rep
2025-12-05 15:33:18,646 - INFO - [40/500] 跳过已转换: szqjl_2024-01-12_13_24_10_.rep
2025-12-05 15:33:18,646 - INFO - [41/500] 跳过已转换: szqjl_2024-01-12_13_29_17_.rep
2025-12-05 15:33:18,646 - INFO - [42/500] 跳过已转换: szqjl_2024-01-12_13_33_55_.rep
2025-12-05 15:33:18,646 - INFO - [43/500] 跳过已转换: szqjl_2024-01-12_13_38_06_.rep
2025-12-05 15:33:18,646 - INFO - [44/500] 跳过已转换: szqjl_2024-01-12_13_45_01_.rep
2025-12-05 15:33:18,646 - INFO - [45/500] 跳过已转换: szqjl_2024-01-12_13_50_10_.rep
2025-12-05 15:33:18,646 - INFO - [46/500] 跳过已转换: szqjl_2024-01-12_13_54_07_.rep
2025-12-05 15:33:18,646 - INFO - [47/500] 跳过已转换: szqjl_2024-01-12_14_03_17_.rep
2025-12-05 15:33:18,646 - INFO - [48/500] 跳过已转换: szqjl_2024-01-12_16_21_35_.rep
2025-12-05 15:33:18,646 - INFO - [49/500] 跳过已转换: szqjl_2024-01-12_16_25_15_.rep
2025-12-05 15:33:18,662 - INFO - [50/500] 跳过已转换: szqjl_2024-01-12_16_29_40_.rep
2025-12-05 15:33:18,662 - INFO - [51/500] 跳过已转换: szqjl_2024-01-12_16_33_27_.rep
2025-12-05 15:33:18,662 - INFO - [52/500] 跳过已转换: szqjl_2024-01-12_16_36_28_.rep
2025-12-05 15:33:18,662 - INFO - [53/500] 跳过已转换: szqjl_2024-01-12_16_40_09_.rep
2025-12-05 15:33:18,662 - INFO - [54/500] 跳过已转换: szqjl_2024-01-12_16_43_42_.rep
2025-12-05 15:33:18,662 - INFO - [55/500] 跳过已转换: szqjl_2024-01-12_16_48_57_.rep
2025-12-05 15:33:18,662 - INFO - [56/500] 跳过已转换: szqjl_2024-01-12_16_52_28_.rep
2025-12-05 15:33:18,662 - INFO - [57/500] 跳过已转换: szqjl_2024-01-12_16_56_24_.rep
2025-12-05 15:33:18,662 - INFO - [58/500] 跳过已转换: szqjl_2024-01-12_16_59_44_.rep
2025-12-05 15:33:18,662 - INFO - [59/500] 跳过已转换: szqjl_2024-01-12_17_03_29_.rep
2025-12-05 15:33:18,662 - INFO - [60/500] 跳过已转换: szqjl_2024-01-15_09_21_24_.rep
2025-12-05 15:33:18,662 - INFO - [61/500] 跳过已转换: szqjl_2024-01-15_09_24_40_.rep
2025-12-05 15:33:18,678 - INFO - [62/500] 跳过已转换: szqjl_2024-01-15_09_28_17_.rep
2025-12-05 15:33:18,678 - INFO - [63/500] 跳过已转换: szqjl_2024-01-15_09_32_39_.rep
2025-12-05 15:33:18,678 - INFO - [64/500] 跳过已转换: szqjl_2024-01-15_09_36_05_.rep
2025-12-05 15:33:18,678 - INFO - [65/500] 跳过已转换: szqjl_2024-01-15_09_40_01_.rep
2025-12-05 15:33:18,678 - INFO - [66/500] 跳过已转换: szqjl_2024-01-15_09_43_25_.rep
2025-12-05 15:33:18,678 - INFO - [67/500] 跳过已转换: szqjl_2024-01-15_09_49_14_.rep
2025-12-05 15:33:18,678 - INFO - [68/500] 跳过已转换: szqjl_2024-01-15_09_54_15_.rep
2025-12-05 15:33:18,678 - INFO - [69/500] 跳过已转换: szqjl_2024-01-15_09_58_18_.rep
2025-12-05 15:33:18,678 - INFO - [70/500] 跳过已转换: szqjl_2024-01-15_12_19_30_.rep
2025-12-05 15:33:18,678 - INFO - [71/500] 跳过已转换: szqjl_2024-01-15_12_23_04_.rep
2025-12-05 15:33:18,678 - INFO - [72/500] 跳过已转换: szqjl_2024-01-15_12_32_49_.rep
2025-12-05 15:33:18,678 - INFO - [73/500] 跳过已转换: szqjl_2024-01-15_12_38_30_.rep
2025-12-05 15:33:18,678 - INFO - [74/500] 跳过已转换: szqjl_2024-01-15_12_44_46_.rep
2025-12-05 15:33:18,693 - INFO - [75/500] 跳过已转换: szqjl_2024-01-15_12_48_05_.rep
2025-12-05 15:33:18,693 - INFO - [76/500] 跳过已转换: szqjl_2024-01-15_12_51_41_.rep
2025-12-05 15:33:18,693 - INFO - [77/500] 跳过已转换: szqjl_2024-01-15_12_55_02_.rep
2025-12-05 15:33:18,693 - INFO - [78/500] 跳过已转换: szqjl_2024-01-15_12_57_53_.rep
2025-12-05 15:33:18,693 - INFO - [79/500] 跳过已转换: szqjl_2024-01-15_13_00_53_.rep
2025-12-05 15:33:18,693 - INFO - [80/500] 跳过已转换: szqjl_2024-01-15_13_03_20_.rep
2025-12-05 15:33:18,693 - INFO - [81/500] 跳过已转换: szqjl_2024-01-15_13_07_10_.rep
2025-12-05 15:33:18,693 - INFO - [82/500] 跳过已转换: szqjl_2024-01-15_13_10_38_.rep
2025-12-05 15:33:18,693 - INFO - [83/500] 跳过已转换: szqjl_2024-01-15_13_13_28_.rep
2025-12-05 15:33:18,693 - INFO - [84/500] 跳过已转换: szqjl_2024-01-15_13_16_53_.rep
2025-12-05 15:33:18,693 - INFO - [85/500] 跳过已转换: szqjl_2024-01-15_13_19_46_.rep
2025-12-05 15:33:18,693 - INFO - [86/500] 跳过已转换: szqjl_2024-01-15_13_23_18_.rep
2025-12-05 15:33:18,693 - INFO - [87/500] 跳过已转换: szqjl_2024-01-15_13_26_40_.rep
2025-12-05 15:33:18,709 - INFO - [88/500] 跳过已转换: szqjl_2024-01-15_13_32_15_.rep
2025-12-05 15:33:18,709 - INFO - [89/500] 跳过已转换: szqjl_2024-01-15_13_35_24_.rep
2025-12-05 15:33:18,709 - INFO - [90/500] 跳过已转换: szqjl_2024-01-15_13_38_40_.rep
2025-12-05 15:33:18,709 - INFO - [91/500] 跳过已转换: szqjl_2024-01-15_13_41_40_.rep
2025-12-05 15:33:18,709 - INFO - [92/500] 跳过已转换: szqjl_2024-01-15_13_45_22_.rep
2025-12-05 15:33:18,709 - INFO - [93/500] 跳过已转换: szqjl_2024-01-15_13_49_36_.rep
2025-12-05 15:33:18,709 - INFO - [94/500] 跳过已转换: szqjl_2024-01-15_13_53_06_.rep
2025-12-05 15:33:18,709 - INFO - [95/500] 跳过已转换: szqjl_2024-01-15_13_56_41_.rep
2025-12-05 15:33:18,709 - INFO - [96/500] 跳过已转换: szqjl_2024-01-15_14_00_52_.rep
2025-12-05 15:33:18,709 - INFO - [97/500] 跳过已转换: szqjl_2024-01-15_14_05_23_.rep
2025-12-05 15:33:18,709 - INFO - [98/500] 跳过已转换: szqjl_2024-01-15_14_09_48_.rep
2025-12-05 15:33:18,709 - INFO - [99/500] 跳过已转换: szqjl_2024-01-15_14_13_05_.rep
2025-12-05 15:33:18,725 - INFO - [100/500] 跳过已转换: szqjl_2024-01-15_14_15_57_.rep
2025-12-05 15:33:18,725 - INFO - [101/500] 跳过已转换: szqjl_2024-01-15_14_19_28_.rep
2025-12-05 15:33:18,725 - INFO - [102/500] 跳过已转换: szqjl_2024-01-15_14_22_43_.rep
2025-12-05 15:33:18,725 - INFO - [103/500] 跳过已转换: szqjl_2024-01-15_14_26_00_.rep
2025-12-05 15:33:18,725 - INFO - [104/500] 跳过已转换: szqjl_2024-01-15_14_29_07_.rep
2025-12-05 15:33:18,725 - INFO - [105/500] 跳过已转换: szqjl_2024-01-15_16_06_22_.rep
2025-12-05 15:33:18,725 - INFO - [106/500] 跳过已转换: szqjl_2024-01-15_16_09_51_.rep
2025-12-05 15:33:18,725 - INFO - [107/500] 跳过已转换: szqjl_2024-01-15_16_12_22_.rep
2025-12-05 15:33:18,725 - INFO - [108/500] 跳过已转换: szqjl_2024-01-15_16_14_58_.rep
2025-12-05 15:33:18,725 - INFO - [109/500] 跳过已转换: szqjl_2024-01-15_16_17_53_.rep
2025-12-05 15:33:18,725 - INFO - [110/500] 跳过已转换: szqjl_2024-01-15_16_23_04_.rep
2025-12-05 15:33:18,725 - INFO - [111/500] 跳过已转换: szqjl_2024-01-15_16_26_29_.rep
2025-12-05 15:33:18,725 - INFO - [112/500] 跳过已转换: szqjl_2024-01-15_16_29_58_.rep
2025-12-05 15:33:18,740 - INFO - [113/500] 跳过已转换: szqjl_2024-01-15_16_33_47_.rep
2025-12-05 15:33:18,740 - INFO - [114/500] 跳过已转换: szqjl_2024-01-15_16_38_14_.rep
2025-12-05 15:33:18,740 - INFO - [115/500] 跳过已转换: szqjl_2024-01-15_16_42_55_.rep
2025-12-05 15:33:18,740 - INFO - [116/500] 跳过已转换: szqjl_2024-01-15_16_47_11_.rep
2025-12-05 15:33:18,740 - INFO - [117/500] 跳过已转换: szqjl_2024-01-15_16_50_53_.rep
2025-12-05 15:33:18,740 - INFO - [118/500] 跳过已转换: szqjl_2024-01-15_16_54_56_.rep
2025-12-05 15:33:18,740 - INFO - [119/500] 跳过已转换: szqjl_2024-01-17_11_08_40_.rep
2025-12-05 15:33:18,740 - INFO - [120/500] 跳过已转换: szqjl_2024-01-17_11_12_30_.rep
2025-12-05 15:33:18,740 - INFO - [121/500] 跳过已转换: szqjl_2024-01-17_11_18_04_.rep
2025-12-05 15:33:18,740 - INFO - [122/500] 跳过已转换: szqjl_2024-01-17_11_22_10_.rep
2025-12-05 15:33:18,740 - INFO - [123/500] 跳过已转换: szqjl_2024-01-17_11_26_10_.rep
2025-12-05 15:33:18,740 - INFO - [124/500] 跳过已转换: szqjl_2024-01-17_11_32_54_.rep
2025-12-05 15:33:18,756 - INFO - [125/500] 跳过已转换: szqjl_2024-01-17_11_37_35_.rep
2025-12-05 15:33:18,756 - INFO - [126/500] 跳过已转换: szqjl_2024-01-17_12_15_29_.rep
2025-12-05 15:33:18,756 - INFO - [127/500] 跳过已转换: szqjl_2024-01-17_12_19_09_.rep
2025-12-05 15:33:18,756 - INFO - [128/500] 跳过已转换: szqjl_2024-01-17_12_23_14_.rep
2025-12-05 15:33:18,756 - INFO - [129/500] 跳过已转换: szqjl_2024-01-17_12_27_33_.rep
2025-12-05 15:33:18,756 - INFO - [130/500] 跳过已转换: szqjl_2024-01-17_12_34_09_.rep
2025-12-05 15:33:18,756 - INFO - [131/500] 跳过已转换: szqjl_2024-01-17_12_39_19_.rep
2025-12-05 15:33:18,756 - INFO - [132/500] 跳过已转换: szqjl_2024-01-17_12_42_35_.rep
2025-12-05 15:33:18,756 - INFO - [133/500] 跳过已转换: szqjl_2024-01-17_12_46_57_.rep
2025-12-05 15:33:18,756 - INFO - [134/500] 跳过已转换: szqjl_2024-01-17_12_52_15_.rep
2025-12-05 15:33:18,756 - INFO - [135/500] 跳过已转换: szqjl_2024-01-17_12_56_29_.rep
2025-12-05 15:33:18,756 - INFO - [136/500] 跳过已转换: szqjl_2024-01-17_13_00_13_.rep
2025-12-05 15:33:18,771 - INFO - [137/500] 跳过已转换: szqjl_2024-01-17_13_08_52_.rep
2025-12-05 15:33:18,771 - INFO - [138/500] 跳过已转换: szqjl_2024-01-17_13_13_23_.rep
2025-12-05 15:33:18,771 - INFO - [139/500] 跳过已转换: szqjl_2024-01-17_13_18_15_.rep
2025-12-05 15:33:18,771 - INFO - [140/500] 跳过已转换: szqjl_2024-01-17_13_25_20_.rep
2025-12-05 15:33:18,771 - INFO - [141/500] 跳过已转换: szqjl_2024-01-17_13_29_45_.rep
2025-12-05 15:33:18,771 - INFO - [142/500] 跳过已转换: szqjl_2024-01-17_13_38_36_.rep
2025-12-05 15:33:18,771 - INFO - [143/500] 跳过已转换: szqjl_2024-01-17_13_42_36_.rep
2025-12-05 15:33:18,771 - INFO - [144/500] 跳过已转换: szqjl_2024-01-17_13_46_14_.rep
2025-12-05 15:33:18,771 - INFO - [145/500] 跳过已转换: szqjl_2024-01-17_13_50_49_.rep
2025-12-05 15:33:18,771 - INFO - [146/500] 跳过已转换: szqjl_2024-01-17_13_54_51_.rep
2025-12-05 15:33:18,771 - INFO - [147/500] 跳过已转换: szqjl_2024-01-17_13_59_23_.rep
2025-12-05 15:33:18,771 - INFO - [148/500] 跳过已转换: szqjl_2024-01-17_14_03_46_.rep
2025-12-05 15:33:18,771 - INFO - [149/500] 跳过已转换: szqjl_2024-01-17_14_08_27_.rep
2025-12-05 15:33:18,787 - INFO - [150/500] 跳过已转换: szqjl_2024-01-17_14_12_25_.rep
2025-12-05 15:33:18,787 - INFO - [151/500] 跳过已转换: szqjl_2024-01-17_14_17_57_.rep
2025-12-05 15:33:18,787 - INFO - [152/500] 跳过已转换: szqjl_2024-01-17_14_20_55_.rep
2025-12-05 15:33:18,787 - INFO - [153/500] 跳过已转换: szqjl_2024-01-17_14_23_38_.rep
2025-12-05 15:33:18,787 - INFO - [154/500] 跳过已转换: szqjl_2024-01-17_14_26_34_.rep
2025-12-05 15:33:18,787 - INFO - [155/500] 跳过已转换: szqjl_2024-01-17_14_29_37_.rep
2025-12-05 15:33:18,787 - INFO - [156/500] 跳过已转换: szqjl_2024-01-17_14_33_15_.rep
2025-12-05 15:33:18,787 - INFO - [157/500] 跳过已转换: szqjl_2024-01-17_14_35_49_.rep
2025-12-05 15:33:18,787 - INFO - [158/500] 跳过已转换: szqjl_2024-01-18_09_31_52_.rep
2025-12-05 15:33:18,787 - INFO - [159/500] 跳过已转换: szqjl_2024-01-18_09_36_56_.rep
2025-12-05 15:33:18,787 - INFO - [160/500] 跳过已转换: szqjl_2024-01-18_09_43_57_.rep
2025-12-05 15:33:18,787 - INFO - [161/500] 跳过已转换: szqjl_2024-01-18_09_47_09_.rep
2025-12-05 15:33:18,803 - INFO - [162/500] 跳过已转换: szqjl_2024-01-18_09_50_59_.rep
2025-12-05 15:33:18,803 - INFO - [163/500] 跳过已转换: szqjl_2024-01-18_09_55_30_.rep
2025-12-05 15:33:18,803 - INFO - [164/500] 跳过已转换: szqjl_2024-01-18_09_58_18_.rep
2025-12-05 15:33:18,803 - INFO - [165/500] 跳过已转换: szqjl_2024-01-18_10_01_23_.rep
2025-12-05 15:33:18,803 - INFO - [166/500] 跳过已转换: szqjl_2024-01-18_10_05_22_.rep
2025-12-05 15:33:18,803 - INFO - [167/500] 跳过已转换: szqjl_2024-01-18_10_07_46_.rep
2025-12-05 15:33:18,803 - INFO - [168/500] 跳过已转换: szqjl_2024-01-18_10_10_32_.rep
2025-12-05 15:33:18,803 - INFO - [169/500] 跳过已转换: szqjl_2024-01-18_10_13_40_.rep
2025-12-05 15:33:18,803 - INFO - [170/500] 跳过已转换: szqjl_2024-01-18_10_17_50_.rep
2025-12-05 15:33:18,803 - INFO - [171/500] 跳过已转换: szqjl_2024-01-18_10_21_47_.rep
2025-12-05 15:33:18,803 - INFO - [172/500] 跳过已转换: szqjl_2024-01-18_10_27_49_.rep
2025-12-05 15:33:18,818 - INFO - [173/500] 跳过已转换: szqjl_2024-01-18_10_31_26_.rep
2025-12-05 15:33:18,818 - INFO - [174/500] 跳过已转换: szqjl_2024-01-18_10_35_00_.rep
2025-12-05 15:33:18,818 - INFO - [175/500] 跳过已转换: szqjl_2024-01-18_10_39_04_.rep
2025-12-05 15:33:18,818 - INFO - [176/500] 跳过已转换: szqjl_2024-01-18_10_42_15_.rep
2025-12-05 15:33:18,818 - INFO - [177/500] 跳过已转换: szqjl_2024-01-18_10_45_06_.rep
2025-12-05 15:33:18,818 - INFO - [178/500] 跳过已转换: szqjl_2024-01-18_10_48_16_.rep
2025-12-05 15:33:18,818 - INFO - [179/500] 跳过已转换: szqjl_2024-01-18_10_53_49_.rep
2025-12-05 15:33:18,818 - INFO - [180/500] 跳过已转换: szqjl_2024-01-18_14_08_15_.rep
2025-12-05 15:33:18,818 - INFO - [181/500] 跳过已转换: szqjl_2024-01-18_14_12_39_.rep
2025-12-05 15:33:18,818 - INFO - [182/500] 跳过已转换: szqjl_2024-01-18_14_16_43_.rep
2025-12-05 15:33:18,818 - INFO - [183/500] 跳过已转换: szqjl_2024-01-18_14_21_51_.rep
2025-12-05 15:33:18,818 - INFO - [184/500] 跳过已转换: szqjl_2024-01-19_12_07_49_.rep
2025-12-05 15:33:18,818 - INFO - [185/500] 跳过已转换: szqjl_2024-01-19_12_12_14_.rep
2025-12-05 15:33:18,834 - INFO - [186/500] 跳过已转换: szqjl_2024-01-19_12_18_23_.rep
2025-12-05 15:33:18,834 - INFO - [187/500] 跳过已转换: szqjl_2024-01-19_12_22_53_.rep
2025-12-05 15:33:18,834 - INFO - [188/500] 跳过已转换: szqjl_2024-01-19_12_26_24_.rep
2025-12-05 15:33:18,834 - INFO - [189/500] 跳过已转换: szqjl_2024-01-19_12_31_10_.rep
2025-12-05 15:33:18,834 - INFO - [190/500] 跳过已转换: szqjl_2024-01-19_12_39_22_.rep
2025-12-05 15:33:18,834 - INFO - [191/500] 跳过已转换: szqjl_2024-01-19_12_43_04_.rep
2025-12-05 15:33:18,834 - INFO - [192/500] 跳过已转换: szqjl_2024-01-19_12_46_39_.rep
2025-12-05 15:33:18,834 - INFO - [193/500] 跳过已转换: szqjl_2024-01-19_12_50_45_.rep
2025-12-05 15:33:18,834 - INFO - [194/500] 跳过已转换: szqjl_2024-01-19_12_55_32_.rep
2025-12-05 15:33:18,834 - INFO - [195/500] 跳过已转换: szqjl_2024-01-19_12_59_38_.rep
2025-12-05 15:33:18,834 - INFO - [196/500] 跳过已转换: szqjl_2024-01-19_13_03_38_.rep
2025-12-05 15:33:18,834 - INFO - [197/500] 跳过已转换: szqjl_2024-01-19_13_07_12_.rep
2025-12-05 15:33:18,850 - INFO - [198/500] 跳过已转换: szqjl_2024-01-19_13_10_03_.rep
2025-12-05 15:33:18,850 - INFO - [199/500] 跳过已转换: szqjl_2024-01-19_13_13_10_.rep
2025-12-05 15:33:18,850 - INFO - [200/500] 跳过已转换: szqjl_2024-01-19_13_19_11_.rep
2025-12-05 15:33:18,850 - INFO - [201/500] 跳过已转换: szqjl_2024-01-19_13_22_58_.rep
2025-12-05 15:33:18,850 - INFO - [202/500] 跳过已转换: szqjl_2024-01-19_13_27_27_.rep
2025-12-05 15:33:18,850 - INFO - [203/500] 跳过已转换: szqjl_2024-01-19_13_30_59_.rep
2025-12-05 15:33:18,850 - INFO - [204/500] 跳过已转换: szqjl_2024-01-19_13_34_28_.rep
2025-12-05 15:33:18,850 - INFO - [205/500] 跳过已转换: szqjl_2024-01-19_13_38_23_.rep
2025-12-05 15:33:18,850 - INFO - [206/500] 跳过已转换: szqjl_2024-01-19_13_41_07_.rep
2025-12-05 15:33:18,850 - INFO - [207/500] 跳过已转换: szqjl_2024-01-19_13_44_53_.rep
2025-12-05 15:33:18,850 - INFO - [208/500] 跳过已转换: szqjl_2024-01-19_13_47_53_.rep
2025-12-05 15:33:18,850 - INFO - [209/500] 跳过已转换: szqjl_2024-01-19_13_51_46_.rep
2025-12-05 15:33:18,850 - INFO - [210/500] 跳过已转换: szqjl_2024-01-19_13_56_20_.rep
2025-12-05 15:33:18,865 - INFO - [211/500] 跳过已转换: szqjl_2024-01-19_13_59_25_.rep
2025-12-05 15:33:18,865 - INFO - [212/500] 跳过已转换: szqjl_2024-01-19_14_03_01_.rep
2025-12-05 15:33:18,865 - INFO - [213/500] 跳过已转换: szqjl_2024-01-23_12_15_24_.rep
2025-12-05 15:33:18,865 - INFO - [214/500] 跳过已转换: szqjl_2024-01-23_12_21_49_.rep
2025-12-05 15:33:18,865 - INFO - [215/500] 跳过已转换: szqjl_2024-01-23_12_24_27_.rep
2025-12-05 15:33:18,865 - INFO - [216/500] 跳过已转换: szqjl_2024-01-23_12_28_26_.rep
2025-12-05 15:33:18,865 - INFO - [217/500] 跳过已转换: szqjl_2024-01-23_12_31_41_.rep
2025-12-05 15:33:18,865 - INFO - [218/500] 跳过已转换: szqjl_2024-01-23_12_35_19_.rep
2025-12-05 15:33:18,865 - INFO - [219/500] 跳过已转换: szqjl_2024-01-23_12_38_01_.rep
2025-12-05 15:33:18,865 - INFO - [220/500] 跳过已转换: szqjl_2024-01-23_12_41_07_.rep
2025-12-05 15:33:18,865 - INFO - [221/500] 跳过已转换: szqjl_2024-01-23_12_44_37_.rep
2025-12-05 15:33:18,865 - INFO - [222/500] 跳过已转换: szqjl_2024-01-23_12_49_19_.rep
2025-12-05 15:33:18,865 - INFO - [223/500] 跳过已转换: szqjl_2024-01-23_12_53_44_.rep
2025-12-05 15:33:18,881 - INFO - [224/500] 跳过已转换: szqjl_2024-01-23_12_57_17_.rep
2025-12-05 15:33:18,881 - INFO - [225/500] 跳过已转换: szqjl_2024-01-23_13_01_43_.rep
2025-12-05 15:33:18,881 - INFO - [226/500] 跳过已转换: szqjl_2024-01-23_13_05_29_.rep
2025-12-05 15:33:18,881 - INFO - [227/500] 跳过已转换: szqjl_2024-01-23_13_09_19_.rep
2025-12-05 15:33:18,881 - INFO - [228/500] 跳过已转换: szqjl_2024-01-23_13_14_53_.rep
2025-12-05 15:33:18,881 - INFO - [229/500] 跳过已转换: szqjl_2024-01-23_13_18_31_.rep
2025-12-05 15:33:18,881 - INFO - [230/500] 跳过已转换: szqjl_2024-01-23_13_22_51_.rep
2025-12-05 15:33:18,881 - INFO - [231/500] 跳过已转换: szqjl_2024-01-23_13_25_57_.rep
2025-12-05 15:33:18,881 - INFO - [232/500] 跳过已转换: szqjl_2024-01-23_13_30_48_.rep
2025-12-05 15:33:18,881 - INFO - [233/500] 跳过已转换: szqjl_2024-01-23_13_34_20_.rep
2025-12-05 15:33:18,881 - INFO - [234/500] 跳过已转换: szqjl_2024-01-23_13_39_24_.rep
2025-12-05 15:33:18,896 - INFO - [235/500] 跳过已转换: szqjl_2024-01-23_13_43_04_.rep
2025-12-05 15:33:18,896 - INFO - [236/500] 跳过已转换: szqjl_2024-01-23_13_46_29_.rep
2025-12-05 15:33:18,896 - INFO - [237/500] 跳过已转换: szqjl_2024-01-23_13_50_57_.rep
2025-12-05 15:33:18,896 - INFO - [238/500] 跳过已转换: szqjl_2024-01-24_12_23_03_.rep
2025-12-05 15:33:18,896 - INFO - [239/500] 跳过已转换: szqjl_2024-01-24_12_26_31_.rep
2025-12-05 15:33:18,896 - INFO - [240/500] 跳过已转换: szqjl_2024-01-24_12_30_20_.rep
2025-12-05 15:33:18,896 - INFO - [241/500] 跳过已转换: szqjl_2024-01-24_12_33_33_.rep
2025-12-05 15:33:18,896 - INFO - [242/500] 跳过已转换: szqjl_2024-01-24_12_36_53_.rep
2025-12-05 15:33:18,896 - INFO - [243/500] 跳过已转换: szqjl_2024-01-24_12_39_52_.rep
2025-12-05 15:33:18,896 - INFO - [244/500] 跳过已转换: szqjl_2024-01-24_12_43_52_.rep
2025-12-05 15:33:18,896 - INFO - [245/500] 跳过已转换: szqjl_2024-01-24_12_47_33_.rep
2025-12-05 15:33:18,912 - INFO - [246/500] 跳过已转换: szqjl_2024-01-24_12_51_24_.rep
2025-12-05 15:33:18,912 - INFO - [247/500] 跳过已转换: szqjl_2024-01-24_12_54_30_.rep
2025-12-05 15:33:18,912 - INFO - [248/500] 跳过已转换: szqjl_2024-01-24_12_57_13_.rep
2025-12-05 15:33:18,912 - INFO - [249/500] 跳过已转换: szqjl_2024-01-24_13_00_34_.rep
2025-12-05 15:33:18,912 - INFO - [250/500] 跳过已转换: szqjl_2024-01-24_13_04_11_.rep
2025-12-05 15:33:18,912 - INFO - [251/500] 跳过已转换: szqjl_2024-01-24_13_08_54_.rep
2025-12-05 15:33:18,912 - INFO - [252/500] 跳过已转换: szqjl_2024-01-24_13_12_19_.rep
2025-12-05 15:33:18,912 - INFO - [253/500] 跳过已转换: szqjl_2024-01-24_13_19_08_.rep
2025-12-05 15:33:18,912 - INFO - [254/500] 跳过已转换: szqjl_2024-01-24_15_24_40_.rep
2025-12-05 15:33:18,912 - INFO - [255/500] 跳过已转换: szqjl_2024-01-24_15_28_40_.rep
2025-12-05 15:33:18,912 - INFO - [256/500] 跳过已转换: szqjl_2024-01-24_15_33_27_.rep
2025-12-05 15:33:18,912 - INFO - [257/500] 跳过已转换: szqjl_2024-01-24_15_38_17_.rep
2025-12-05 15:33:18,928 - INFO - [258/500] 跳过已转换: szqjl_2024-01-24_15_42_46_.rep
2025-12-05 15:33:18,928 - INFO - [259/500] 跳过已转换: szqjl_2024-01-24_15_46_43_.rep
2025-12-05 15:33:18,928 - INFO - [260/500] 跳过已转换: szqjl_2024-01-24_15_50_37_.rep
2025-12-05 15:33:18,928 - INFO - [261/500] 跳过已转换: szqjl_2024-01-24_15_56_13_.rep
2025-12-05 15:33:18,928 - INFO - [262/500] 跳过已转换: szqjl_2024-01-24_16_00_49_.rep
2025-12-05 15:33:18,928 - INFO - [263/500] 跳过已转换: szqjl_2024-01-24_16_05_31_.rep
2025-12-05 15:33:18,928 - INFO - [264/500] 跳过已转换: szqjl_2024-01-24_16_10_05_.rep
2025-12-05 15:33:18,928 - INFO - [265/500] 跳过已转换: szqjl_2024-01-24_16_14_46_.rep
2025-12-05 15:33:18,928 - INFO - [266/500] 跳过已转换: szqjl_2024-01-24_16_17_10_.rep
2025-12-05 15:33:18,928 - INFO - [267/500] 跳过已转换: szqjl_2024-01-24_16_20_30_.rep
2025-12-05 15:33:18,928 - INFO - [268/500] 跳过已转换: szqjl_2024-01-24_16_23_48_.rep
2025-12-05 15:33:18,928 - INFO - [269/500] 跳过已转换: szqjl_2024-01-24_16_26_19_.rep
2025-12-05 15:33:18,943 - INFO - [270/500] 跳过已转换: szqjl_2024-01-24_16_29_25_.rep
2025-12-05 15:33:18,943 - INFO - [271/500] 跳过已转换: szqjl_2024-01-24_16_32_13_.rep
2025-12-05 15:33:18,943 - INFO - [272/500] 跳过已转换: szqjl_2024-01-24_16_35_52_.rep
2025-12-05 15:33:18,943 - INFO - [273/500] 跳过已转换: szqjl_2024-01-24_16_39_16_.rep
2025-12-05 15:33:18,943 - INFO - [274/500] 跳过已转换: szqjl_2024-01-24_16_41_30_.rep
2025-12-05 15:33:18,943 - INFO - [275/500] 跳过已转换: szqjl_2024-01-24_16_43_52_.rep
2025-12-05 15:33:18,943 - INFO - [276/500] 跳过已转换: szqjl_2024-01-24_16_46_33_.rep
2025-12-05 15:33:18,943 - INFO - [277/500] 跳过已转换: szqjl_2024-01-24_16_49_48_.rep
2025-12-05 15:33:18,943 - INFO - [278/500] 跳过已转换: szqjl_2024-01-24_16_53_17_.rep
2025-12-05 15:33:18,943 - INFO - [279/500] 跳过已转换: szqjl_2024-01-24_16_56_44_.rep
2025-12-05 15:33:18,943 - INFO - [280/500] 跳过已转换: szqjl_2024-01-24_17_00_17_.rep
2025-12-05 15:33:18,943 - INFO - [281/500] 跳过已转换: szqjl_2024-01-25_12_25_36_.rep
2025-12-05 15:33:18,959 - INFO - [282/500] 跳过已转换: szqjl_2024-01-25_12_29_39_.rep
2025-12-05 15:33:18,959 - INFO - [283/500] 跳过已转换: szqjl_2024-01-25_12_33_14_.rep
2025-12-05 15:33:18,959 - INFO - [284/500] 跳过已转换: szqjl_2024-01-25_12_35_48_.rep
2025-12-05 15:33:18,959 - INFO - [285/500] 跳过已转换: szqjl_2024-01-25_12_38_34_.rep
2025-12-05 15:33:18,959 - INFO - [286/500] 跳过已转换: szqjl_2024-01-25_12_42_39_.rep
2025-12-05 15:33:18,959 - INFO - [287/500] 跳过已转换: szqjl_2024-01-25_12_45_09_.rep
2025-12-05 15:33:18,959 - INFO - [288/500] 跳过已转换: szqjl_2024-01-25_12_53_04_.rep
2025-12-05 15:33:18,959 - INFO - [289/500] 跳过已转换: szqjl_2024-01-25_12_56_17_.rep
2025-12-05 15:33:18,959 - INFO - [290/500] 跳过已转换: szqjl_2024-01-25_12_59_02_.rep
2025-12-05 15:33:18,959 - INFO - [291/500] 跳过已转换: szqjl_2024-01-25_13_02_09_.rep
2025-12-05 15:33:18,959 - INFO - [292/500] 跳过已转换: szqjl_2024-01-25_13_05_24_.rep
2025-12-05 15:33:18,959 - INFO - [293/500] 跳过已转换: szqjl_2024-01-25_13_12_32_.rep
2025-12-05 15:33:18,975 - INFO - [294/500] 跳过已转换: szqjl_2024-01-25_13_16_13_.rep
2025-12-05 15:33:18,975 - INFO - [295/500] 跳过已转换: szqjl_2024-01-25_13_19_31_.rep
2025-12-05 15:33:18,975 - INFO - [296/500] 跳过已转换: szqjl_2024-01-25_13_22_35_.rep
2025-12-05 15:33:18,975 - INFO - [297/500] 跳过已转换: szqjl_2024-01-25_13_26_14_.rep
2025-12-05 15:33:18,975 - INFO - [298/500] 跳过已转换: szqjl_2024-01-25_13_29_37_.rep
2025-12-05 15:33:18,975 - INFO - [299/500] 跳过已转换: szqjl_2024-01-25_13_33_33_.rep
2025-12-05 15:33:18,975 - INFO - [300/500] 跳过已转换: szqjl_2024-01-25_13_37_08_.rep
2025-12-05 15:33:18,975 - INFO - [301/500] 跳过已转换: szqjl_2024-01-25_13_39_38_.rep
2025-12-05 15:33:18,975 - INFO - [302/500] 跳过已转换: szqjl_2024-01-25_13_41_47_.rep
2025-12-05 15:33:18,975 - INFO - [303/500] 跳过已转换: szqjl_2024-01-25_13_45_21_.rep
2025-12-05 15:33:18,975 - INFO - [304/500] 跳过已转换: szqjl_2024-01-25_13_47_50_.rep
2025-12-05 15:33:18,975 - INFO - [305/500] 跳过已转换: szqjl_2024-01-25_13_50_16_.rep
2025-12-05 15:33:18,990 - INFO - [306/500] 跳过已转换: szqjl_2024-01-25_13_52_23_.rep
2025-12-05 15:33:18,990 - INFO - [307/500] 跳过已转换: szqjl_2024-01-25_13_54_57_.rep
2025-12-05 15:33:18,990 - INFO - [308/500] 跳过已转换: szqjl_2024-01-25_13_57_16_.rep
2025-12-05 15:33:18,990 - INFO - [309/500] 跳过已转换: szqjl_2024-01-25_13_59_37_.rep
2025-12-05 15:33:18,990 - INFO - [310/500] 跳过已转换: szqjl_2024-01-25_14_02_07_.rep
2025-12-05 15:33:18,990 - INFO - [311/500] 跳过已转换: szqjl_2024-01-25_14_27_56_.rep
2025-12-05 15:33:18,990 - INFO - [312/500] 跳过已转换: szqjl_2024-01-25_14_34_26_.rep
2025-12-05 15:33:18,990 - INFO - [313/500] 跳过已转换: szqjl_2024-01-25_14_41_42_.rep
2025-12-05 15:33:18,990 - INFO - [314/500] 跳过已转换: szqjl_2024-01-25_14_46_52_.rep
2025-12-05 15:33:18,990 - INFO - [315/500] 跳过已转换: szqjl_2024-01-25_14_52_32_.rep
2025-12-05 15:33:18,990 - INFO - [316/500] 跳过已转换: szqjl_2024-01-25_14_57_21_.rep
2025-12-05 15:33:18,990 - INFO - [317/500] 跳过已转换: szqjl_2024-01-25_15_03_15_.rep
2025-12-05 15:33:19,006 - INFO - [318/500] 跳过已转换: szqjl_2024-01-25_15_08_36_.rep
2025-12-05 15:33:19,006 - INFO - [319/500] 跳过已转换: szqjl_2024-01-25_15_14_16_.rep
2025-12-05 15:33:19,006 - INFO - [320/500] 跳过已转换: szqjl_2024-01-26_14_58_23_.rep
2025-12-05 15:33:19,006 - INFO - [321/500] 跳过已转换: szqjl_2024-01-26_15_01_07_.rep
2025-12-05 15:33:19,006 - INFO - [322/500] 跳过已转换: szqjl_2024-01-26_15_04_08_.rep
2025-12-05 15:33:19,006 - INFO - [323/500] 跳过已转换: szqjl_2024-01-26_15_07_37_.rep
2025-12-05 15:33:19,006 - INFO - [324/500] 跳过已转换: szqjl_2024-01-26_15_11_45_.rep
2025-12-05 15:33:19,006 - INFO - [325/500] 跳过已转换: szqjl_2024-01-26_15_15_45_.rep
2025-12-05 15:33:19,006 - INFO - [326/500] 跳过已转换: szqjl_2024-01-26_15_18_41_.rep
2025-12-05 15:33:19,006 - INFO - [327/500] 跳过已转换: szqjl_2024-01-26_15_23_04_.rep
2025-12-05 15:33:19,006 - INFO - [328/500] 跳过已转换: szqjl_2024-01-26_15_26_32_.rep
2025-12-05 15:33:19,006 - INFO - [329/500] 跳过已转换: szqjl_2024-01-26_15_30_05_.rep
2025-12-05 15:33:19,021 - INFO - [330/500] 跳过已转换: szqjl_2024-01-26_15_35_00_.rep
2025-12-05 15:33:19,021 - INFO - [331/500] 跳过已转换: szqjl_2024-01-26_15_39_12_.rep
2025-12-05 15:33:19,021 - INFO - [332/500] 跳过已转换: szqjl_2024-01-26_15_43_20_.rep
2025-12-05 15:33:19,021 - INFO - [333/500] 跳过已转换: szqjl_2024-01-26_15_47_47_.rep
2025-12-05 15:33:19,021 - INFO - [334/500] 跳过已转换: szqjl_2024-01-26_15_52_47_.rep
2025-12-05 15:33:19,021 - INFO - [335/500] 跳过已转换: szqjl_2024-01-26_15_57_41_.rep
2025-12-05 15:33:19,021 - INFO - [336/500] 跳过已转换: szqjl_2024-01-26_16_03_02_.rep
2025-12-05 15:33:19,021 - INFO - [337/500] 跳过已转换: szqjl_2024-01-26_16_07_43_.rep
2025-12-05 15:33:19,021 - INFO - [338/500] 跳过已转换: szqjl_2024-01-26_16_37_11_.rep
2025-12-05 15:33:19,021 - INFO - [339/500] 跳过已转换: szqjl_2024-01-26_16_41_21_.rep
2025-12-05 15:33:19,021 - INFO - [340/500] 跳过已转换: szqjl_2024-01-26_16_44_30_.rep
2025-12-05 15:33:19,021 - INFO - [341/500] 跳过已转换: szqjl_2024-01-26_16_47_52_.rep
2025-12-05 15:33:19,037 - INFO - [342/500] 跳过已转换: szqjl_2024-01-26_16_51_53_.rep
2025-12-05 15:33:19,037 - INFO - [343/500] 跳过已转换: szqjl_2024-01-26_16_54_49_.rep
2025-12-05 15:33:19,037 - INFO - [344/500] 跳过已转换: szqjl_2024-01-26_16_58_36_.rep
2025-12-05 15:33:19,037 - INFO - [345/500] 跳过已转换: szqjl_2024-01-26_17_01_51_.rep
2025-12-05 15:33:19,037 - INFO - [346/500] 跳过已转换: szqjl_2024-01-26_17_04_58_.rep
2025-12-05 15:33:19,037 - INFO - [347/500] 跳过已转换: szqjl_2024-01-31_12_34_02_.rep
2025-12-05 15:33:19,037 - INFO - [348/500] 跳过已转换: szqjl_2024-01-31_12_36_46_.rep
2025-12-05 15:33:19,037 - INFO - [349/500] 跳过已转换: szqjl_2024-01-31_12_39_10_.rep
2025-12-05 15:33:19,037 - INFO - [350/500] 跳过已转换: szqjl_2024-01-31_12_42_39_.rep
2025-12-05 15:33:19,037 - INFO - [351/500] 跳过已转换: szqjl_2024-01-31_12_45_17_.rep
2025-12-05 15:33:19,037 - INFO - [352/500] 跳过已转换: szqjl_2024-01-31_12_48_57_.rep
2025-12-05 15:33:19,053 - INFO - [353/500] 跳过已转换: szqjl_2024-01-31_12_52_03_.rep
2025-12-05 15:33:19,053 - INFO - [354/500] 跳过已转换: szqjl_2024-01-31_12_57_24_.rep
2025-12-05 15:33:19,053 - INFO - [355/500] 跳过已转换: szqjl_2024-01-31_13_04_55_.rep
2025-12-05 15:33:19,053 - INFO - [356/500] 跳过已转换: szqjl_2024-01-31_13_08_29_.rep
2025-12-05 15:33:19,053 - INFO - [357/500] 跳过已转换: szqjl_2024-01-31_13_11_55_.rep
2025-12-05 15:33:19,053 - INFO - [358/500] 跳过已转换: szqjl_2024-01-31_13_15_25_.rep
2025-12-05 15:33:19,053 - INFO - [359/500] 跳过已转换: szqjl_2024-01-31_13_18_53_.rep
2025-12-05 15:33:19,053 - INFO - [360/500] 跳过已转换: szqjl_2024-01-31_13_21_55_.rep
2025-12-05 15:33:19,053 - INFO - [361/500] 跳过已转换: szqjl_2024-01-31_13_25_11_.rep
2025-12-05 15:33:19,053 - INFO - [362/500] 跳过已转换: szqjl_2024-01-31_13_28_51_.rep
2025-12-05 15:33:19,053 - INFO - [363/500] 跳过已转换: szqjl_2024-01-31_13_32_06_.rep
2025-12-05 15:33:19,068 - INFO - [364/500] 跳过已转换: szqjl_2024-01-31_13_35_20_.rep
2025-12-05 15:33:19,068 - INFO - [365/500] 跳过已转换: szqjl_2024-02-01_13_07_14_.rep
2025-12-05 15:33:19,068 - INFO - [366/500] 跳过已转换: szqjl_2024-02-01_13_10_04_.rep
2025-12-05 15:33:19,068 - INFO - [367/500] 跳过已转换: szqjl_2024-02-01_13_13_11_.rep
2025-12-05 15:33:19,068 - INFO - [368/500] 跳过已转换: szqjl_2024-02-01_13_16_30_.rep
2025-12-05 15:33:19,068 - INFO - [369/500] 跳过已转换: szqjl_2024-02-01_13_19_46_.rep
2025-12-05 15:33:19,068 - INFO - [370/500] 跳过已转换: szqjl_2024-02-01_13_23_56_.rep
2025-12-05 15:33:19,068 - INFO - [371/500] 跳过已转换: szqjl_2024-02-01_13_28_13_.rep
2025-12-05 15:33:19,068 - INFO - [372/500] 跳过已转换: szqjl_2024-02-01_13_31_50_.rep
2025-12-05 15:33:19,068 - INFO - [373/500] 跳过已转换: szqjl_2024-02-01_13_36_00_.rep
2025-12-05 15:33:19,068 - INFO - [374/500] 跳过已转换: szqjl_2024-02-02_12_52_37_.rep
2025-12-05 15:33:19,084 - INFO - [375/500] 跳过已转换: szqjl_2024-02-02_12_55_48_.rep
2025-12-05 15:33:19,084 - INFO - [376/500] 跳过已转换: szqjl_2024-02-02_13_00_05_.rep
2025-12-05 15:33:19,084 - INFO - [377/500] 跳过已转换: szqjl_2024-02-02_13_02_54_.rep
2025-12-05 15:33:19,084 - INFO - [378/500] 跳过已转换: szqjl_2024-02-02_13_07_24_.rep
2025-12-05 15:33:19,084 - INFO - [379/500] 跳过已转换: szqjl_2024-02-02_13_10_55_.rep
2025-12-05 15:33:19,084 - INFO - [380/500] 跳过已转换: szqjl_2024-02-02_13_15_33_.rep
2025-12-05 15:33:19,084 - INFO - [381/500] 跳过已转换: szqjl_2024-02-02_13_19_07_.rep
2025-12-05 15:33:19,084 - INFO - [382/500] 跳过已转换: szqjl_2024-02-02_13_22_53_.rep
2025-12-05 15:33:19,084 - INFO - [383/500] 跳过已转换: szqjl_2024-02-02_13_26_33_.rep
2025-12-05 15:33:19,084 - INFO - [384/500] 跳过已转换: _2024-02-04_12_15_56.rep
2025-12-05 15:33:19,084 - INFO - [385/500] 跳过已转换: _2024-02-04_12_20_27.rep
2025-12-05 15:33:19,100 - INFO - [386/500] 跳过已转换: _2024-02-04_12_23_47.rep
2025-12-05 15:33:19,100 - INFO - [387/500] 跳过已转换: _2024-02-04_12_29_03.rep
2025-12-05 15:33:19,100 - INFO - [388/500] 跳过已转换: _2024-02-04_12_35_09.rep
2025-12-05 15:33:19,100 - INFO - [389/500] 跳过已转换: szqjl_2024-02-04_13_42_56_.rep
2025-12-05 15:33:19,100 - INFO - [390/500] 跳过已转换: szqjl_2024-02-04_13_46_38_.rep
2025-12-05 15:33:19,100 - INFO - [391/500] 跳过已转换: szqjl_2024-02-04_13_50_35_.rep
2025-12-05 15:33:19,100 - INFO - [392/500] 跳过已转换: szqjl_2024-02-04_13_54_26_.rep
2025-12-05 15:33:19,100 - INFO - [393/500] 跳过已转换: szqjl_2024-02-04_13_58_00_.rep
2025-12-05 15:33:19,100 - INFO - [394/500] 跳过已转换: szqjl_2024-02-04_14_02_01_.rep
2025-12-05 15:33:19,100 - INFO - [395/500] 跳过已转换: szqjl_2024-02-04_14_04_54_.rep
2025-12-05 15:33:19,100 - INFO - [396/500] 跳过已转换: szqjl_2024-02-04_14_08_15_.rep
2025-12-05 15:33:19,100 - INFO - [397/500] 跳过已转换: szqjl_2024-02-04_14_10_54_.rep
2025-12-05 15:33:19,100 - INFO - [398/500] 跳过已转换: szqjl_2024-02-04_14_13_58_.rep
2025-12-05 15:33:19,115 - INFO - [399/500] 跳过已转换: szqjl_2024-02-04_14_18_24_.rep
2025-12-05 15:33:19,115 - INFO - [400/500] 跳过已转换: szqjl_2024-02-04_14_20_50_.rep
2025-12-05 15:33:19,115 - INFO - [401/500] 跳过已转换: szqjl_2024-02-04_14_23_46_.rep
2025-12-05 15:33:19,115 - INFO - [402/500] 跳过已转换: szqjl_2024-02-04_15_01_43_.rep
2025-12-05 15:33:19,115 - INFO - [403/500] 跳过已转换: szqjl_2024-02-04_15_04_11_.rep
2025-12-05 15:33:19,115 - INFO - [404/500] 跳过已转换: szqjl_2024-02-04_15_07_27_.rep
2025-12-05 15:33:19,115 - INFO - [405/500] 跳过已转换: szqjl_2024-02-04_15_10_46_.rep
2025-12-05 15:33:19,115 - INFO - [406/500] 跳过已转换: szqjl_2024-02-04_15_13_35_.rep
2025-12-05 15:33:19,115 - INFO - [407/500] 跳过已转换: szqjl_2024-02-04_15_17_07_.rep
2025-12-05 15:33:19,115 - INFO - [408/500] 跳过已转换: szqjl_2024-02-04_15_19_43_.rep
2025-12-05 15:33:19,115 - INFO - [409/500] 跳过已转换: szqjl_2024-02-04_15_23_13_.rep
2025-12-05 15:33:19,131 - INFO - [410/500] 跳过已转换: szqjl_2024-02-04_15_26_21_.rep
2025-12-05 15:33:19,131 - INFO - [411/500] 跳过已转换: szqjl_2024-02-04_15_29_37_.rep
2025-12-05 15:33:19,131 - INFO - [412/500] 跳过已转换: szqjl_2024-02-04_15_32_43_.rep
2025-12-05 15:33:19,131 - INFO - [413/500] 跳过已转换: szqjl_2024-02-04_15_35_53_.rep
2025-12-05 15:33:19,131 - INFO - [414/500] 跳过已转换: szqjl_2024-02-04_15_38_38_.rep
2025-12-05 15:33:19,131 - INFO - [415/500] 跳过已转换: szqjl_2024-02-05_10_06_47_.rep
2025-12-05 15:33:19,131 - INFO - [416/500] 跳过已转换: szqjl_2024-02-05_10_09_54_.rep
2025-12-05 15:33:19,131 - INFO - [417/500] 跳过已转换: szqjl_2024-02-05_10_13_20_.rep
2025-12-05 15:33:19,131 - INFO - [418/500] 跳过已转换: szqjl_2024-02-05_10_16_07_.rep
2025-12-05 15:33:19,131 - INFO - [419/500] 跳过已转换: szqjl_2024-02-05_10_18_12_.rep
2025-12-05 15:33:19,131 - INFO - [420/500] 跳过已转换: szqjl_2024-02-05_10_21_31_.rep
2025-12-05 15:33:19,131 - INFO - [421/500] 跳过已转换: szqjl_2024-02-05_10_23_39_.rep
2025-12-05 15:33:19,146 - INFO - [422/500] 跳过已转换: szqjl_2024-02-05_10_27_19_.rep
2025-12-05 15:33:19,146 - INFO - [423/500] 跳过已转换: szqjl_2024-02-05_10_31_35_.rep
2025-12-05 15:33:19,146 - INFO - [424/500] 跳过已转换: szqjl_2024-02-05_10_40_18_.rep
2025-12-05 15:33:19,146 - INFO - [425/500] 跳过已转换: szqjl_2024-02-05_10_47_22_.rep
2025-12-05 15:33:19,146 - INFO - [426/500] 跳过已转换: szqjl_2024-02-05_10_58_17_.rep
2025-12-05 15:33:19,146 - INFO - [427/500] 跳过已转换: szqjl_2024-02-06_11_01_24_.rep
2025-12-05 15:33:19,146 - INFO - [428/500] 跳过已转换: szqjl_2024-02-06_11_04_29_.rep
2025-12-05 15:33:19,146 - INFO - [429/500] 跳过已转换: szqjl_2024-02-06_11_08_30_.rep
2025-12-05 15:33:19,146 - INFO - [430/500] 跳过已转换: szqjl_2024-02-06_11_11_24_.rep
2025-12-05 15:33:19,146 - INFO - [431/500] 跳过已转换: szqjl_2024-02-06_11_16_10_.rep
2025-12-05 15:33:19,162 - INFO - [432/500] 跳过已转换: szqjl_2024-02-06_11_19_19_.rep
2025-12-05 15:33:19,162 - INFO - [433/500] 跳过已转换: szqjl_2024-02-06_11_22_46_.rep
2025-12-05 15:33:19,162 - INFO - [434/500] 跳过已转换: szqjl_2024-02-06_11_26_44_.rep
2025-12-05 15:33:19,162 - INFO - [435/500] 跳过已转换: szqjl_2024-02-06_11_31_06_.rep
2025-12-05 15:33:19,162 - INFO - [436/500] 跳过已转换: szqjl_2024-02-06_11_34_54_.rep
2025-12-05 15:33:19,162 - INFO - [437/500] 跳过已转换: szqjl_2024-02-06_11_38_43_.rep
2025-12-05 15:33:19,162 - INFO - [438/500] 跳过已转换: szqjl_2024-02-06_11_42_55_.rep
2025-12-05 15:33:19,162 - INFO - [439/500] 跳过已转换: szqjl_2024-02-06_12_26_26_.rep
2025-12-05 15:33:19,162 - INFO - [440/500] 跳过已转换: szqjl_2024-02-06_12_29_54_.rep
2025-12-05 15:33:19,162 - INFO - [441/500] 跳过已转换: szqjl_2024-02-06_12_33_04_.rep
2025-12-05 15:33:19,162 - INFO - [442/500] 跳过已转换: szqjl_2024-02-06_12_36_28_.rep
2025-12-05 15:33:19,162 - INFO - [443/500] 跳过已转换: szqjl_2024-02-06_12_41_13_.rep
2025-12-05 15:33:19,178 - INFO - [444/500] 跳过已转换: szqjl_2024-02-06_12_45_33_.rep
2025-12-05 15:33:19,178 - INFO - [445/500] 跳过已转换: szqjl_2024-02-06_12_50_31_.rep
2025-12-05 15:33:19,178 - INFO - [446/500] 跳过已转换: szqjl_2024-02-06_12_54_46_.rep
2025-12-05 15:33:19,178 - INFO - [447/500] 跳过已转换: szqjl_2024-02-06_12_57_52_.rep
2025-12-05 15:33:19,178 - INFO - [448/500] 跳过已转换: szqjl_2024-02-06_13_01_24_.rep
2025-12-05 15:33:19,178 - INFO - [449/500] 跳过已转换: szqjl_2024-02-06_13_08_34_.rep
2025-12-05 15:33:19,178 - INFO - [450/500] 跳过已转换: szqjl_2024-02-06_14_49_03_.rep
2025-12-05 15:33:19,178 - INFO - [451/500] 跳过已转换: szqjl_2024-02-06_14_55_08_.rep
2025-12-05 15:33:19,178 - INFO - [452/500] 跳过已转换: szqjl_2024-02-06_15_13_48_.rep
2025-12-05 15:33:19,178 - INFO - [453/500] 跳过已转换: szqjl_2024-02-06_15_17_16_.rep
2025-12-05 15:33:19,178 - INFO - [454/500] 跳过已转换: szqjl_2024-02-06_15_22_43_.rep
2025-12-05 15:33:19,178 - INFO - [455/500] 跳过已转换: szqjl_2024-02-06_15_26_39_.rep
2025-12-05 15:33:19,193 - INFO - [456/500] 跳过已转换: szqjl_2024-02-06_15_30_12_.rep
2025-12-05 15:33:19,193 - INFO - [457/500] 跳过已转换: szqjl_2024-02-06_16_08_45_.rep
2025-12-05 15:33:19,193 - INFO - [458/500] 跳过已转换: szqjl_2024-02-06_16_12_15_.rep
2025-12-05 15:33:19,193 - INFO - [459/500] 跳过已转换: szqjl_2024-02-06_16_14_37_.rep
2025-12-05 15:33:19,193 - INFO - [460/500] 跳过已转换: szqjl_2024-02-06_16_19_13_.rep
2025-12-05 15:33:19,193 - INFO - [461/500] 跳过已转换: szqjl_2024-02-06_16_22_54_.rep
2025-12-05 15:33:19,193 - INFO - [462/500] 跳过已转换: szqjl_2024-02-07_10_16_08_.rep
2025-12-05 15:33:19,193 - INFO - [463/500] 跳过已转换: szqjl_2024-02-07_10_22_31_.rep
2025-12-05 15:33:19,193 - INFO - [464/500] 跳过已转换: szqjl_2024-02-07_10_25_54_.rep
2025-12-05 15:33:19,193 - INFO - [465/500] 跳过已转换: szqjl_2024-02-07_10_28_57_.rep
2025-12-05 15:33:19,193 - INFO - [466/500] 跳过已转换: szqjl_2024-02-07_10_32_39_.rep
2025-12-05 15:33:19,209 - INFO - [467/500] 跳过已转换: szqjl_2024-02-07_10_36_05_.rep
2025-12-05 15:33:19,209 - INFO - [468/500] 跳过已转换: szqjl_2024-02-07_10_38_50_.rep
2025-12-05 15:33:19,209 - INFO - [469/500] 跳过已转换: szqjl_2024-02-07_10_41_37_.rep
2025-12-05 15:33:19,209 - INFO - [470/500] 跳过已转换: szqjl_2024-02-07_10_45_11_.rep
2025-12-05 15:33:19,209 - INFO - [471/500] 跳过已转换: szqjl_2024-02-07_10_48_35_.rep
2025-12-05 15:33:19,209 - INFO - [472/500] 跳过已转换: szqjl_2024-02-07_10_53_57_.rep
2025-12-05 15:33:19,209 - INFO - [473/500] 跳过已转换: szqjl_2024-02-07_10_56_36_.rep
2025-12-05 15:33:19,209 - INFO - [474/500] 跳过已转换: szqjl_2024-02-07_11_01_16_.rep
2025-12-05 15:33:19,209 - INFO - [475/500] 跳过已转换: szqjl_2024-02-07_11_04_33_.rep
2025-12-05 15:33:19,209 - INFO - [476/500] 跳过已转换: szqjl_2024-02-07_11_08_46_.rep
2025-12-05 15:33:19,209 - INFO - [477/500] 跳过已转换: szqjl_2024-02-07_15_08_43_.rep
2025-12-05 15:33:19,209 - INFO - [478/500] 跳过已转换: szqjl_2024-02-07_15_12_31_.rep
2025-12-05 15:33:19,225 - INFO - [479/500] 跳过已转换: szqjl_2024-02-07_15_16_12_.rep
2025-12-05 15:33:19,225 - INFO - [480/500] 跳过已转换: szqjl_2024-02-07_15_19_34_.rep
2025-12-05 15:33:19,225 - INFO - [481/500] 跳过已转换: szqjl_2024-02-07_15_22_55_.rep
2025-12-05 15:33:19,225 - INFO - [482/500] 跳过已转换: szqjl_2024-02-07_15_25_48_.rep
2025-12-05 15:33:19,225 - INFO - [483/500] 跳过已转换: szqjl_2024-02-07_15_30_34_.rep
2025-12-05 15:33:19,225 - INFO - [484/500] 跳过已转换: szqjl_2024-02-07_15_35_02_.rep
2025-12-05 15:33:19,225 - INFO - [485/500] 跳过已转换: szqjl_2024-02-07_15_37_44_.rep
2025-12-05 15:33:19,225 - INFO - [486/500] 跳过已转换: szqjl_2024-02-07_15_41_35_.rep
2025-12-05 15:33:19,225 - INFO - [487/500] 跳过已转换: szqjl_2024-02-07_15_44_11_.rep
2025-12-05 15:33:19,225 - INFO - [488/500] 跳过已转换: szqjl_2024-02-08_12_50_10_.rep
2025-12-05 15:33:19,225 - INFO - [489/500] 跳过已转换: szqjl_2024-02-08_12_54_43_.rep
2025-12-05 15:33:19,240 - INFO - [490/500] 跳过已转换: szqjl_2024-02-08_12_59_17_.rep
2025-12-05 15:33:19,240 - INFO - [491/500] 跳过已转换: szqjl_2024-02-08_13_03_48_.rep
2025-12-05 15:33:19,240 - INFO - [492/500] 跳过已转换: szqjl_2024-02-08_13_07_49_.rep
2025-12-05 15:33:19,240 - INFO - [493/500] 跳过已转换: szqjl_2024-02-08_13_11_26_.rep
2025-12-05 15:33:19,240 - INFO - [494/500] 跳过已转换: szqjl_2024-02-08_13_14_48_.rep
2025-12-05 15:33:19,240 - INFO - [495/500] 跳过已转换: szqjl_2024-02-08_13_19_00_.rep
2025-12-05 15:33:19,240 - INFO - [496/500] 跳过已转换: szqjl_2024-02-08_13_24_07_.rep
2025-12-05 15:33:19,240 - INFO - [497/500] 跳过已转换: szqjl_2024-02-08_13_27_57_.rep
2025-12-05 15:33:19,240 - INFO - [498/500] 跳过已转换: szqjl_2024-02-18_12_55_25_.rep
2025-12-05 15:33:19,240 - INFO - [499/500] 跳过已转换: szqjl_2024-02-18_12_58_38_.rep
2025-12-05 15:33:19,240 - INFO - [500/500] 跳过已转换: szqjl_2024-02-18_13_01_50_.rep
2025-12-05 15:33:19,240 - INFO - 
2025-12-05 15:33:19,240 - INFO - ============================================================
2025-12-05 15:33:19,240 - INFO - 批量转换完成！
2025-12-05 15:33:19,240 - INFO - ============================================================
2025-12-05 15:33:19,240 - INFO - 总文件数: 10119
2025-12-05 15:33:19,240 - INFO - 成功转换: 0
2025-12-05 15:33:19,240 - INFO - 跳过文件: 500
2025-12-05 15:33:19,240 - INFO - 失败文件: 0
2025-12-05 15:33:19,240 - INFO - 总训练样本: 0 个
2025-12-05 15:33:19,240 - INFO - 总耗时: 0.0 分钟
2025-12-05 15:33:19,240 - INFO - 平均速度: 0.0 文件/秒
2025-12-05 15:33:19,240 - INFO - ============================================================
2025-12-05 15:33:43,681 - INFO - 限制转换数量: 300 个文件
2025-12-05 15:33:43,681 - INFO - 找到 300 个.rep文件
2025-12-05 15:33:43,681 - INFO - 输出目录: game_records
2025-12-05 15:33:43,697 - INFO - 优先选择获胜玩家: True
2025-12-05 15:33:43,697 - INFO - ============================================================
2025-12-05 15:33:43,697 - INFO - [1/300] 跳过已转换: szqjl_2023-12-26_12_55_13_.rep
2025-12-05 15:33:43,697 - INFO - [2/300] 跳过已转换: szqjl_2023-12-26_12_58_47_.rep
2025-12-05 15:33:43,697 - INFO - [3/300] 跳过已转换: szqjl_2023-12-26_13_02_18_.rep
2025-12-05 15:33:43,697 - INFO - [4/300] 跳过已转换: szqjl_2023-12-26_13_05_29_.rep
2025-12-05 15:33:43,697 - INFO - [5/300] 跳过已转换: szqjl_2023-12-26_13_08_42_.rep
2025-12-05 15:33:43,697 - INFO - [6/300] 跳过已转换: szqjl_2023-12-26_13_12_15_.rep
2025-12-05 15:33:43,697 - INFO - [7/300] 跳过已转换: szqjl_2023-12-26_13_15_13_.rep
2025-12-05 15:33:43,697 - INFO - [8/300] 跳过已转换: szqjl_2023-12-26_13_17_55_.rep
2025-12-05 15:33:43,697 - INFO - [9/300] 跳过已转换: szqjl_2023-12-26_13_21_34_.rep
2025-12-05 15:33:43,697 - INFO - [10/300] 跳过已转换: szqjl_2023-12-26_13_26_15_.rep
2025-12-05 15:33:43,697 - INFO - [11/300] 跳过已转换: szqjl_2023-12-26_13_30_14_.rep
2025-12-05 15:33:43,713 - INFO - [12/300] 跳过已转换: szqjl_2023-12-26_13_32_47_.rep
2025-12-05 15:33:43,713 - INFO - [13/300] 跳过已转换: szqjl_2023-12-26_13_35_34_.rep
2025-12-05 15:33:43,713 - INFO - [14/300] 跳过已转换: szqjl_2023-12-26_13_40_54_.rep
2025-12-05 15:33:43,713 - INFO - [15/300] 跳过已转换: szqjl_2023-12-26_13_44_09_.rep
2025-12-05 15:33:43,713 - INFO - [16/300] 跳过已转换: szqjl_2023-12-26_13_47_29_.rep
2025-12-05 15:33:43,713 - INFO - [17/300] 跳过已转换: szqjl_2023-12-26_13_50_51_.rep
2025-12-05 15:33:43,713 - INFO - [18/300] 跳过已转换: szqjl_2023-12-26_13_54_03_.rep
2025-12-05 15:33:43,713 - INFO - [19/300] 跳过已转换: szqjl_2023-12-26_13_57_55_.rep
2025-12-05 15:33:43,713 - INFO - [20/300] 跳过已转换: szqjl_2023-12-26_14_01_39_.rep
2025-12-05 15:33:43,713 - INFO - [21/300] 跳过已转换: szqjl_2023-12-26_14_05_12_.rep
2025-12-05 15:33:43,713 - INFO - [22/300] 跳过已转换: szqjl_2023-12-26_14_09_24_.rep
2025-12-05 15:33:43,713 - INFO - [23/300] 跳过已转换: szqjl_2023-12-26_14_12_30_.rep
2025-12-05 15:33:43,728 - INFO - [24/300] 跳过已转换: szqjl_2023-12-26_14_15_41_.rep
2025-12-05 15:33:43,728 - INFO - [25/300] 跳过已转换: szqjl_2023-12-28_11_56_44_.rep
2025-12-05 15:33:43,728 - INFO - [26/300] 跳过已转换: szqjl_2023-12-28_12_01_00_.rep
2025-12-05 15:33:43,728 - INFO - [27/300] 跳过已转换: szqjl_2023-12-28_12_04_42_.rep
2025-12-05 15:33:43,728 - INFO - [28/300] 跳过已转换: szqjl_2023-12-28_12_08_29_.rep
2025-12-05 15:33:43,728 - INFO - [29/300] 跳过已转换: szqjl_2023-12-28_12_12_10_.rep
2025-12-05 15:33:43,728 - INFO - [30/300] 跳过已转换: szqjl_2023-12-28_12_16_33_.rep
2025-12-05 15:33:43,728 - INFO - [31/300] 跳过已转换: szqjl_2024-01-12_12_16_24_.rep
2025-12-05 15:33:43,728 - INFO - [32/300] 跳过已转换: szqjl_2024-01-12_12_19_28_.rep
2025-12-05 15:33:43,728 - INFO - [33/300] 跳过已转换: szqjl_2024-01-12_12_24_20_.rep
2025-12-05 15:33:43,728 - INFO - [34/300] 跳过已转换: szqjl_2024-01-12_12_35_38_.rep
2025-12-05 15:33:43,728 - INFO - [35/300] 跳过已转换: szqjl_2024-01-12_12_40_09_.rep
2025-12-05 15:33:43,728 - INFO - [36/300] 跳过已转换: szqjl_2024-01-12_13_05_35_.rep
2025-12-05 15:33:43,744 - INFO - [37/300] 跳过已转换: szqjl_2024-01-12_13_09_16_.rep
2025-12-05 15:33:43,744 - INFO - [38/300] 跳过已转换: szqjl_2024-01-12_13_14_21_.rep
2025-12-05 15:33:43,744 - INFO - [39/300] 跳过已转换: szqjl_2024-01-12_13_17_56_.rep
2025-12-05 15:33:43,744 - INFO - [40/300] 跳过已转换: szqjl_2024-01-12_13_24_10_.rep
2025-12-05 15:33:43,744 - INFO - [41/300] 跳过已转换: szqjl_2024-01-12_13_29_17_.rep
2025-12-05 15:33:43,744 - INFO - [42/300] 跳过已转换: szqjl_2024-01-12_13_33_55_.rep
2025-12-05 15:33:43,744 - INFO - [43/300] 跳过已转换: szqjl_2024-01-12_13_38_06_.rep
2025-12-05 15:33:43,744 - INFO - [44/300] 跳过已转换: szqjl_2024-01-12_13_45_01_.rep
2025-12-05 15:33:43,744 - INFO - [45/300] 跳过已转换: szqjl_2024-01-12_13_50_10_.rep
2025-12-05 15:33:43,744 - INFO - [46/300] 跳过已转换: szqjl_2024-01-12_13_54_07_.rep
2025-12-05 15:33:43,744 - INFO - [47/300] 跳过已转换: szqjl_2024-01-12_14_03_17_.rep
2025-12-05 15:33:43,744 - INFO - [48/300] 跳过已转换: szqjl_2024-01-12_16_21_35_.rep
2025-12-05 15:33:43,744 - INFO - [49/300] 跳过已转换: szqjl_2024-01-12_16_25_15_.rep
2025-12-05 15:33:43,759 - INFO - [50/300] 跳过已转换: szqjl_2024-01-12_16_29_40_.rep
2025-12-05 15:33:43,759 - INFO - [51/300] 跳过已转换: szqjl_2024-01-12_16_33_27_.rep
2025-12-05 15:33:43,759 - INFO - [52/300] 跳过已转换: szqjl_2024-01-12_16_36_28_.rep
2025-12-05 15:33:43,759 - INFO - [53/300] 跳过已转换: szqjl_2024-01-12_16_40_09_.rep
2025-12-05 15:33:43,759 - INFO - [54/300] 跳过已转换: szqjl_2024-01-12_16_43_42_.rep
2025-12-05 15:33:43,759 - INFO - [55/300] 跳过已转换: szqjl_2024-01-12_16_48_57_.rep
2025-12-05 15:33:43,759 - INFO - [56/300] 跳过已转换: szqjl_2024-01-12_16_52_28_.rep
2025-12-05 15:33:43,759 - INFO - [57/300] 跳过已转换: szqjl_2024-01-12_16_56_24_.rep
2025-12-05 15:33:43,759 - INFO - [58/300] 跳过已转换: szqjl_2024-01-12_16_59_44_.rep
2025-12-05 15:33:43,759 - INFO - [59/300] 跳过已转换: szqjl_2024-01-12_17_03_29_.rep
2025-12-05 15:33:43,759 - INFO - [60/300] 跳过已转换: szqjl_2024-01-15_09_21_24_.rep
2025-12-05 15:33:43,759 - INFO - [61/300] 跳过已转换: szqjl_2024-01-15_09_24_40_.rep
2025-12-05 15:33:43,759 - INFO - [62/300] 跳过已转换: szqjl_2024-01-15_09_28_17_.rep
2025-12-05 15:33:43,775 - INFO - [63/300] 跳过已转换: szqjl_2024-01-15_09_32_39_.rep
2025-12-05 15:33:43,775 - INFO - [64/300] 跳过已转换: szqjl_2024-01-15_09_36_05_.rep
2025-12-05 15:33:43,775 - INFO - [65/300] 跳过已转换: szqjl_2024-01-15_09_40_01_.rep
2025-12-05 15:33:43,775 - INFO - [66/300] 跳过已转换: szqjl_2024-01-15_09_43_25_.rep
2025-12-05 15:33:43,775 - INFO - [67/300] 跳过已转换: szqjl_2024-01-15_09_49_14_.rep
2025-12-05 15:33:43,775 - INFO - [68/300] 跳过已转换: szqjl_2024-01-15_09_54_15_.rep
2025-12-05 15:33:43,775 - INFO - [69/300] 跳过已转换: szqjl_2024-01-15_09_58_18_.rep
2025-12-05 15:33:43,775 - INFO - [70/300] 跳过已转换: szqjl_2024-01-15_12_19_30_.rep
2025-12-05 15:33:43,775 - INFO - [71/300] 跳过已转换: szqjl_2024-01-15_12_23_04_.rep
2025-12-05 15:33:43,775 - INFO - [72/300] 跳过已转换: szqjl_2024-01-15_12_32_49_.rep
2025-12-05 15:33:43,775 - INFO - [73/300] 跳过已转换: szqjl_2024-01-15_12_38_30_.rep
2025-12-05 15:33:43,775 - INFO - [74/300] 跳过已转换: szqjl_2024-01-15_12_44_46_.rep
2025-12-05 15:33:43,775 - INFO - [75/300] 跳过已转换: szqjl_2024-01-15_12_48_05_.rep
2025-12-05 15:33:43,791 - INFO - [76/300] 跳过已转换: szqjl_2024-01-15_12_51_41_.rep
2025-12-05 15:33:43,791 - INFO - [77/300] 跳过已转换: szqjl_2024-01-15_12_55_02_.rep
2025-12-05 15:33:43,791 - INFO - [78/300] 跳过已转换: szqjl_2024-01-15_12_57_53_.rep
2025-12-05 15:33:43,791 - INFO - [79/300] 跳过已转换: szqjl_2024-01-15_13_00_53_.rep
2025-12-05 15:33:43,791 - INFO - [80/300] 跳过已转换: szqjl_2024-01-15_13_03_20_.rep
2025-12-05 15:33:43,791 - INFO - [81/300] 跳过已转换: szqjl_2024-01-15_13_07_10_.rep
2025-12-05 15:33:43,791 - INFO - [82/300] 跳过已转换: szqjl_2024-01-15_13_10_38_.rep
2025-12-05 15:33:43,791 - INFO - [83/300] 跳过已转换: szqjl_2024-01-15_13_13_28_.rep
2025-12-05 15:33:43,791 - INFO - [84/300] 跳过已转换: szqjl_2024-01-15_13_16_53_.rep
2025-12-05 15:33:43,791 - INFO - [85/300] 跳过已转换: szqjl_2024-01-15_13_19_46_.rep
2025-12-05 15:33:43,791 - INFO - [86/300] 跳过已转换: szqjl_2024-01-15_13_23_18_.rep
2025-12-05 15:33:43,791 - INFO - [87/300] 跳过已转换: szqjl_2024-01-15_13_26_40_.rep
2025-12-05 15:33:43,791 - INFO - [88/300] 跳过已转换: szqjl_2024-01-15_13_32_15_.rep
2025-12-05 15:33:43,791 - INFO - [89/300] 跳过已转换: szqjl_2024-01-15_13_35_24_.rep
2025-12-05 15:33:43,806 - INFO - [90/300] 跳过已转换: szqjl_2024-01-15_13_38_40_.rep
2025-12-05 15:33:43,806 - INFO - [91/300] 跳过已转换: szqjl_2024-01-15_13_41_40_.rep
2025-12-05 15:33:43,806 - INFO - [92/300] 跳过已转换: szqjl_2024-01-15_13_45_22_.rep
2025-12-05 15:33:43,806 - INFO - [93/300] 跳过已转换: szqjl_2024-01-15_13_49_36_.rep
2025-12-05 15:33:43,806 - INFO - [94/300] 跳过已转换: szqjl_2024-01-15_13_53_06_.rep
2025-12-05 15:33:43,806 - INFO - [95/300] 跳过已转换: szqjl_2024-01-15_13_56_41_.rep
2025-12-05 15:33:43,806 - INFO - [96/300] 跳过已转换: szqjl_2024-01-15_14_00_52_.rep
2025-12-05 15:33:43,806 - INFO - [97/300] 跳过已转换: szqjl_2024-01-15_14_05_23_.rep
2025-12-05 15:33:43,806 - INFO - [98/300] 跳过已转换: szqjl_2024-01-15_14_09_48_.rep
2025-12-05 15:33:43,806 - INFO - [99/300] 跳过已转换: szqjl_2024-01-15_14_13_05_.rep
2025-12-05 15:33:43,806 - INFO - [100/300] 跳过已转换: szqjl_2024-01-15_14_15_57_.rep
2025-12-05 15:33:43,806 - INFO - [101/300] 跳过已转换: szqjl_2024-01-15_14_19_28_.rep
2025-12-05 15:33:43,806 - INFO - [102/300] 跳过已转换: szqjl_2024-01-15_14_22_43_.rep
2025-12-05 15:33:43,822 - INFO - [103/300] 跳过已转换: szqjl_2024-01-15_14_26_00_.rep
2025-12-05 15:33:43,822 - INFO - [104/300] 跳过已转换: szqjl_2024-01-15_14_29_07_.rep
2025-12-05 15:33:43,822 - INFO - [105/300] 跳过已转换: szqjl_2024-01-15_16_06_22_.rep
2025-12-05 15:33:43,822 - INFO - [106/300] 跳过已转换: szqjl_2024-01-15_16_09_51_.rep
2025-12-05 15:33:43,822 - INFO - [107/300] 跳过已转换: szqjl_2024-01-15_16_12_22_.rep
2025-12-05 15:33:43,822 - INFO - [108/300] 跳过已转换: szqjl_2024-01-15_16_14_58_.rep
2025-12-05 15:33:43,822 - INFO - [109/300] 跳过已转换: szqjl_2024-01-15_16_17_53_.rep
2025-12-05 15:33:43,822 - INFO - [110/300] 跳过已转换: szqjl_2024-01-15_16_23_04_.rep
2025-12-05 15:33:43,822 - INFO - [111/300] 跳过已转换: szqjl_2024-01-15_16_26_29_.rep
2025-12-05 15:33:43,822 - INFO - [112/300] 跳过已转换: szqjl_2024-01-15_16_29_58_.rep
2025-12-05 15:33:43,822 - INFO - [113/300] 跳过已转换: szqjl_2024-01-15_16_33_47_.rep
2025-12-05 15:33:43,822 - INFO - [114/300] 跳过已转换: szqjl_2024-01-15_16_38_14_.rep
2025-12-05 15:33:43,822 - INFO - [115/300] 跳过已转换: szqjl_2024-01-15_16_42_55_.rep
2025-12-05 15:33:43,822 - INFO - [116/300] 跳过已转换: szqjl_2024-01-15_16_47_11_.rep
2025-12-05 15:33:43,838 - INFO - [117/300] 跳过已转换: szqjl_2024-01-15_16_50_53_.rep
2025-12-05 15:33:43,838 - INFO - [118/300] 跳过已转换: szqjl_2024-01-15_16_54_56_.rep
2025-12-05 15:33:43,838 - INFO - [119/300] 跳过已转换: szqjl_2024-01-17_11_08_40_.rep
2025-12-05 15:33:43,838 - INFO - [120/300] 跳过已转换: szqjl_2024-01-17_11_12_30_.rep
2025-12-05 15:33:43,838 - INFO - [121/300] 跳过已转换: szqjl_2024-01-17_11_18_04_.rep
2025-12-05 15:33:43,838 - INFO - [122/300] 跳过已转换: szqjl_2024-01-17_11_22_10_.rep
2025-12-05 15:33:43,838 - INFO - [123/300] 跳过已转换: szqjl_2024-01-17_11_26_10_.rep
2025-12-05 15:33:43,838 - INFO - [124/300] 跳过已转换: szqjl_2024-01-17_11_32_54_.rep
2025-12-05 15:33:43,838 - INFO - [125/300] 跳过已转换: szqjl_2024-01-17_11_37_35_.rep
2025-12-05 15:33:43,838 - INFO - [126/300] 跳过已转换: szqjl_2024-01-17_12_15_29_.rep
2025-12-05 15:33:43,838 - INFO - [127/300] 跳过已转换: szqjl_2024-01-17_12_19_09_.rep
2025-12-05 15:33:43,838 - INFO - [128/300] 跳过已转换: szqjl_2024-01-17_12_23_14_.rep
2025-12-05 15:33:43,838 - INFO - [129/300] 跳过已转换: szqjl_2024-01-17_12_27_33_.rep
2025-12-05 15:33:43,838 - INFO - [130/300] 跳过已转换: szqjl_2024-01-17_12_34_09_.rep
2025-12-05 15:33:43,853 - INFO - [131/300] 跳过已转换: szqjl_2024-01-17_12_39_19_.rep
2025-12-05 15:33:43,853 - INFO - [132/300] 跳过已转换: szqjl_2024-01-17_12_42_35_.rep
2025-12-05 15:33:43,853 - INFO - [133/300] 跳过已转换: szqjl_2024-01-17_12_46_57_.rep
2025-12-05 15:33:43,853 - INFO - [134/300] 跳过已转换: szqjl_2024-01-17_12_52_15_.rep
2025-12-05 15:33:43,853 - INFO - [135/300] 跳过已转换: szqjl_2024-01-17_12_56_29_.rep
2025-12-05 15:33:43,853 - INFO - [136/300] 跳过已转换: szqjl_2024-01-17_13_00_13_.rep
2025-12-05 15:33:43,853 - INFO - [137/300] 跳过已转换: szqjl_2024-01-17_13_08_52_.rep
2025-12-05 15:33:43,853 - INFO - [138/300] 跳过已转换: szqjl_2024-01-17_13_13_23_.rep
2025-12-05 15:33:43,853 - INFO - [139/300] 跳过已转换: szqjl_2024-01-17_13_18_15_.rep
2025-12-05 15:33:43,853 - INFO - [140/300] 跳过已转换: szqjl_2024-01-17_13_25_20_.rep
2025-12-05 15:33:43,853 - INFO - [141/300] 跳过已转换: szqjl_2024-01-17_13_29_45_.rep
2025-12-05 15:33:43,853 - INFO - [142/300] 跳过已转换: szqjl_2024-01-17_13_38_36_.rep
2025-12-05 15:33:43,853 - INFO - [143/300] 跳过已转换: szqjl_2024-01-17_13_42_36_.rep
2025-12-05 15:33:43,853 - INFO - [144/300] 跳过已转换: szqjl_2024-01-17_13_46_14_.rep
2025-12-05 15:33:43,869 - INFO - [145/300] 跳过已转换: szqjl_2024-01-17_13_50_49_.rep
2025-12-05 15:33:43,869 - INFO - [146/300] 跳过已转换: szqjl_2024-01-17_13_54_51_.rep
2025-12-05 15:33:43,869 - INFO - [147/300] 跳过已转换: szqjl_2024-01-17_13_59_23_.rep
2025-12-05 15:33:43,869 - INFO - [148/300] 跳过已转换: szqjl_2024-01-17_14_03_46_.rep
2025-12-05 15:33:43,869 - INFO - [149/300] 跳过已转换: szqjl_2024-01-17_14_08_27_.rep
2025-12-05 15:33:43,869 - INFO - [150/300] 跳过已转换: szqjl_2024-01-17_14_12_25_.rep
2025-12-05 15:33:43,869 - INFO - [151/300] 跳过已转换: szqjl_2024-01-17_14_17_57_.rep
2025-12-05 15:33:43,869 - INFO - [152/300] 跳过已转换: szqjl_2024-01-17_14_20_55_.rep
2025-12-05 15:33:43,869 - INFO - [153/300] 跳过已转换: szqjl_2024-01-17_14_23_38_.rep
2025-12-05 15:33:43,869 - INFO - [154/300] 跳过已转换: szqjl_2024-01-17_14_26_34_.rep
2025-12-05 15:33:43,869 - INFO - [155/300] 跳过已转换: szqjl_2024-01-17_14_29_37_.rep
2025-12-05 15:33:43,869 - INFO - [156/300] 跳过已转换: szqjl_2024-01-17_14_33_15_.rep
2025-12-05 15:33:43,869 - INFO - [157/300] 跳过已转换: szqjl_2024-01-17_14_35_49_.rep
2025-12-05 15:33:43,869 - INFO - [158/300] 跳过已转换: szqjl_2024-01-18_09_31_52_.rep
2025-12-05 15:33:43,884 - INFO - [159/300] 跳过已转换: szqjl_2024-01-18_09_36_56_.rep
2025-12-05 15:33:43,884 - INFO - [160/300] 跳过已转换: szqjl_2024-01-18_09_43_57_.rep
2025-12-05 15:33:43,884 - INFO - [161/300] 跳过已转换: szqjl_2024-01-18_09_47_09_.rep
2025-12-05 15:33:43,884 - INFO - [162/300] 跳过已转换: szqjl_2024-01-18_09_50_59_.rep
2025-12-05 15:33:43,884 - INFO - [163/300] 跳过已转换: szqjl_2024-01-18_09_55_30_.rep
2025-12-05 15:33:43,884 - INFO - [164/300] 跳过已转换: szqjl_2024-01-18_09_58_18_.rep
2025-12-05 15:33:43,884 - INFO - [165/300] 跳过已转换: szqjl_2024-01-18_10_01_23_.rep
2025-12-05 15:33:43,884 - INFO - [166/300] 跳过已转换: szqjl_2024-01-18_10_05_22_.rep
2025-12-05 15:33:43,884 - INFO - [167/300] 跳过已转换: szqjl_2024-01-18_10_07_46_.rep
2025-12-05 15:33:43,884 - INFO - [168/300] 跳过已转换: szqjl_2024-01-18_10_10_32_.rep
2025-12-05 15:33:43,884 - INFO - [169/300] 跳过已转换: szqjl_2024-01-18_10_13_40_.rep
2025-12-05 15:33:43,884 - INFO - [170/300] 跳过已转换: szqjl_2024-01-18_10_17_50_.rep
2025-12-05 15:33:43,884 - INFO - [171/300] 跳过已转换: szqjl_2024-01-18_10_21_47_.rep
2025-12-05 15:33:43,900 - INFO - [172/300] 跳过已转换: szqjl_2024-01-18_10_27_49_.rep
2025-12-05 15:33:43,900 - INFO - [173/300] 跳过已转换: szqjl_2024-01-18_10_31_26_.rep
2025-12-05 15:33:43,900 - INFO - [174/300] 跳过已转换: szqjl_2024-01-18_10_35_00_.rep
2025-12-05 15:33:43,900 - INFO - [175/300] 跳过已转换: szqjl_2024-01-18_10_39_04_.rep
2025-12-05 15:33:43,900 - INFO - [176/300] 跳过已转换: szqjl_2024-01-18_10_42_15_.rep
2025-12-05 15:33:43,900 - INFO - [177/300] 跳过已转换: szqjl_2024-01-18_10_45_06_.rep
2025-12-05 15:33:43,900 - INFO - [178/300] 跳过已转换: szqjl_2024-01-18_10_48_16_.rep
2025-12-05 15:33:43,900 - INFO - [179/300] 跳过已转换: szqjl_2024-01-18_10_53_49_.rep
2025-12-05 15:33:43,900 - INFO - [180/300] 跳过已转换: szqjl_2024-01-18_14_08_15_.rep
2025-12-05 15:33:43,900 - INFO - [181/300] 跳过已转换: szqjl_2024-01-18_14_12_39_.rep
2025-12-05 15:33:43,900 - INFO - [182/300] 跳过已转换: szqjl_2024-01-18_14_16_43_.rep
2025-12-05 15:33:43,900 - INFO - [183/300] 跳过已转换: szqjl_2024-01-18_14_21_51_.rep
2025-12-05 15:33:43,900 - INFO - [184/300] 跳过已转换: szqjl_2024-01-19_12_07_49_.rep
2025-12-05 15:33:43,900 - INFO - [185/300] 跳过已转换: szqjl_2024-01-19_12_12_14_.rep
2025-12-05 15:33:43,916 - INFO - [186/300] 跳过已转换: szqjl_2024-01-19_12_18_23_.rep
2025-12-05 15:33:43,916 - INFO - [187/300] 跳过已转换: szqjl_2024-01-19_12_22_53_.rep
2025-12-05 15:33:43,916 - INFO - [188/300] 跳过已转换: szqjl_2024-01-19_12_26_24_.rep
2025-12-05 15:33:43,916 - INFO - [189/300] 跳过已转换: szqjl_2024-01-19_12_31_10_.rep
2025-12-05 15:33:43,916 - INFO - [190/300] 跳过已转换: szqjl_2024-01-19_12_39_22_.rep
2025-12-05 15:33:43,916 - INFO - [191/300] 跳过已转换: szqjl_2024-01-19_12_43_04_.rep
2025-12-05 15:33:43,916 - INFO - [192/300] 跳过已转换: szqjl_2024-01-19_12_46_39_.rep
2025-12-05 15:33:43,916 - INFO - [193/300] 跳过已转换: szqjl_2024-01-19_12_50_45_.rep
2025-12-05 15:33:43,916 - INFO - [194/300] 跳过已转换: szqjl_2024-01-19_12_55_32_.rep
2025-12-05 15:33:43,916 - INFO - [195/300] 跳过已转换: szqjl_2024-01-19_12_59_38_.rep
2025-12-05 15:33:43,916 - INFO - [196/300] 跳过已转换: szqjl_2024-01-19_13_03_38_.rep
2025-12-05 15:33:43,916 - INFO - [197/300] 跳过已转换: szqjl_2024-01-19_13_07_12_.rep
2025-12-05 15:33:43,916 - INFO - [198/300] 跳过已转换: szqjl_2024-01-19_13_10_03_.rep
2025-12-05 15:33:43,916 - INFO - [199/300] 跳过已转换: szqjl_2024-01-19_13_13_10_.rep
2025-12-05 15:33:43,931 - INFO - [200/300] 跳过已转换: szqjl_2024-01-19_13_19_11_.rep
2025-12-05 15:33:43,931 - INFO - [201/300] 跳过已转换: szqjl_2024-01-19_13_22_58_.rep
2025-12-05 15:33:43,931 - INFO - [202/300] 跳过已转换: szqjl_2024-01-19_13_27_27_.rep
2025-12-05 15:33:43,931 - INFO - [203/300] 跳过已转换: szqjl_2024-01-19_13_30_59_.rep
2025-12-05 15:33:43,931 - INFO - [204/300] 跳过已转换: szqjl_2024-01-19_13_34_28_.rep
2025-12-05 15:33:43,931 - INFO - [205/300] 跳过已转换: szqjl_2024-01-19_13_38_23_.rep
2025-12-05 15:33:43,931 - INFO - [206/300] 跳过已转换: szqjl_2024-01-19_13_41_07_.rep
2025-12-05 15:33:43,931 - INFO - [207/300] 跳过已转换: szqjl_2024-01-19_13_44_53_.rep
2025-12-05 15:33:43,931 - INFO - [208/300] 跳过已转换: szqjl_2024-01-19_13_47_53_.rep
2025-12-05 15:33:43,931 - INFO - [209/300] 跳过已转换: szqjl_2024-01-19_13_51_46_.rep
2025-12-05 15:33:43,931 - INFO - [210/300] 跳过已转换: szqjl_2024-01-19_13_56_20_.rep
2025-12-05 15:33:43,931 - INFO - [211/300] 跳过已转换: szqjl_2024-01-19_13_59_25_.rep
2025-12-05 15:33:43,931 - INFO - [212/300] 跳过已转换: szqjl_2024-01-19_14_03_01_.rep
2025-12-05 15:33:43,931 - INFO - [213/300] 跳过已转换: szqjl_2024-01-23_12_15_24_.rep
2025-12-05 15:33:43,947 - INFO - [214/300] 跳过已转换: szqjl_2024-01-23_12_21_49_.rep
2025-12-05 15:33:43,947 - INFO - [215/300] 跳过已转换: szqjl_2024-01-23_12_24_27_.rep
2025-12-05 15:33:43,947 - INFO - [216/300] 跳过已转换: szqjl_2024-01-23_12_28_26_.rep
2025-12-05 15:33:43,947 - INFO - [217/300] 跳过已转换: szqjl_2024-01-23_12_31_41_.rep
2025-12-05 15:33:43,947 - INFO - [218/300] 跳过已转换: szqjl_2024-01-23_12_35_19_.rep
2025-12-05 15:33:43,947 - INFO - [219/300] 跳过已转换: szqjl_2024-01-23_12_38_01_.rep
2025-12-05 15:33:43,947 - INFO - [220/300] 跳过已转换: szqjl_2024-01-23_12_41_07_.rep
2025-12-05 15:33:43,947 - INFO - [221/300] 跳过已转换: szqjl_2024-01-23_12_44_37_.rep
2025-12-05 15:33:43,947 - INFO - [222/300] 跳过已转换: szqjl_2024-01-23_12_49_19_.rep
2025-12-05 15:33:43,947 - INFO - [223/300] 跳过已转换: szqjl_2024-01-23_12_53_44_.rep
2025-12-05 15:33:43,947 - INFO - [224/300] 跳过已转换: szqjl_2024-01-23_12_57_17_.rep
2025-12-05 15:33:43,947 - INFO - [225/300] 跳过已转换: szqjl_2024-01-23_13_01_43_.rep
2025-12-05 15:33:43,947 - INFO - [226/300] 跳过已转换: szqjl_2024-01-23_13_05_29_.rep
2025-12-05 15:33:43,963 - INFO - [227/300] 跳过已转换: szqjl_2024-01-23_13_09_19_.rep
2025-12-05 15:33:43,963 - INFO - [228/300] 跳过已转换: szqjl_2024-01-23_13_14_53_.rep
2025-12-05 15:33:43,963 - INFO - [229/300] 跳过已转换: szqjl_2024-01-23_13_18_31_.rep
2025-12-05 15:33:43,963 - INFO - [230/300] 跳过已转换: szqjl_2024-01-23_13_22_51_.rep
2025-12-05 15:33:43,963 - INFO - [231/300] 跳过已转换: szqjl_2024-01-23_13_25_57_.rep
2025-12-05 15:33:43,963 - INFO - [232/300] 跳过已转换: szqjl_2024-01-23_13_30_48_.rep
2025-12-05 15:33:43,963 - INFO - [233/300] 跳过已转换: szqjl_2024-01-23_13_34_20_.rep
2025-12-05 15:33:43,963 - INFO - [234/300] 跳过已转换: szqjl_2024-01-23_13_39_24_.rep
2025-12-05 15:33:43,963 - INFO - [235/300] 跳过已转换: szqjl_2024-01-23_13_43_04_.rep
2025-12-05 15:33:43,963 - INFO - [236/300] 跳过已转换: szqjl_2024-01-23_13_46_29_.rep
2025-12-05 15:33:43,963 - INFO - [237/300] 跳过已转换: szqjl_2024-01-23_13_50_57_.rep
2025-12-05 15:33:43,963 - INFO - [238/300] 跳过已转换: szqjl_2024-01-24_12_23_03_.rep
2025-12-05 15:33:43,978 - INFO - [239/300] 跳过已转换: szqjl_2024-01-24_12_26_31_.rep
2025-12-05 15:33:43,978 - INFO - [240/300] 跳过已转换: szqjl_2024-01-24_12_30_20_.rep
2025-12-05 15:33:43,978 - INFO - [241/300] 跳过已转换: szqjl_2024-01-24_12_33_33_.rep
2025-12-05 15:33:43,978 - INFO - [242/300] 跳过已转换: szqjl_2024-01-24_12_36_53_.rep
2025-12-05 15:33:43,978 - INFO - [243/300] 跳过已转换: szqjl_2024-01-24_12_39_52_.rep
2025-12-05 15:33:43,978 - INFO - [244/300] 跳过已转换: szqjl_2024-01-24_12_43_52_.rep
2025-12-05 15:33:43,978 - INFO - [245/300] 跳过已转换: szqjl_2024-01-24_12_47_33_.rep
2025-12-05 15:33:43,978 - INFO - [246/300] 跳过已转换: szqjl_2024-01-24_12_51_24_.rep
2025-12-05 15:33:43,978 - INFO - [247/300] 跳过已转换: szqjl_2024-01-24_12_54_30_.rep
2025-12-05 15:33:43,978 - INFO - [248/300] 跳过已转换: szqjl_2024-01-24_12_57_13_.rep
2025-12-05 15:33:43,978 - INFO - [249/300] 跳过已转换: szqjl_2024-01-24_13_00_34_.rep
2025-12-05 15:33:43,978 - INFO - [250/300] 跳过已转换: szqjl_2024-01-24_13_04_11_.rep
2025-12-05 15:33:43,978 - INFO - [251/300] 跳过已转换: szqjl_2024-01-24_13_08_54_.rep
2025-12-05 15:33:43,978 - INFO - [252/300] 跳过已转换: szqjl_2024-01-24_13_12_19_.rep
2025-12-05 15:33:43,994 - INFO - [253/300] 跳过已转换: szqjl_2024-01-24_13_19_08_.rep
2025-12-05 15:33:43,994 - INFO - [254/300] 跳过已转换: szqjl_2024-01-24_15_24_40_.rep
2025-12-05 15:33:43,994 - INFO - [255/300] 跳过已转换: szqjl_2024-01-24_15_28_40_.rep
2025-12-05 15:33:43,994 - INFO - [256/300] 跳过已转换: szqjl_2024-01-24_15_33_27_.rep
2025-12-05 15:33:43,994 - INFO - [257/300] 跳过已转换: szqjl_2024-01-24_15_38_17_.rep
2025-12-05 15:33:43,994 - INFO - [258/300] 跳过已转换: szqjl_2024-01-24_15_42_46_.rep
2025-12-05 15:33:43,994 - INFO - [259/300] 跳过已转换: szqjl_2024-01-24_15_46_43_.rep
2025-12-05 15:33:43,994 - INFO - [260/300] 跳过已转换: szqjl_2024-01-24_15_50_37_.rep
2025-12-05 15:33:43,994 - INFO - [261/300] 跳过已转换: szqjl_2024-01-24_15_56_13_.rep
2025-12-05 15:33:43,994 - INFO - [262/300] 跳过已转换: szqjl_2024-01-24_16_00_49_.rep
2025-12-05 15:33:43,994 - INFO - [263/300] 跳过已转换: szqjl_2024-01-24_16_05_31_.rep
2025-12-05 15:33:43,994 - INFO - [264/300] 跳过已转换: szqjl_2024-01-24_16_10_05_.rep
2025-12-05 15:33:43,994 - INFO - [265/300] 跳过已转换: szqjl_2024-01-24_16_14_46_.rep
2025-12-05 15:33:44,009 - INFO - [266/300] 跳过已转换: szqjl_2024-01-24_16_17_10_.rep
2025-12-05 15:33:44,009 - INFO - [267/300] 跳过已转换: szqjl_2024-01-24_16_20_30_.rep
2025-12-05 15:33:44,009 - INFO - [268/300] 跳过已转换: szqjl_2024-01-24_16_23_48_.rep
2025-12-05 15:33:44,009 - INFO - [269/300] 跳过已转换: szqjl_2024-01-24_16_26_19_.rep
2025-12-05 15:33:44,009 - INFO - [270/300] 跳过已转换: szqjl_2024-01-24_16_29_25_.rep
2025-12-05 15:33:44,009 - INFO - [271/300] 跳过已转换: szqjl_2024-01-24_16_32_13_.rep
2025-12-05 15:33:44,009 - INFO - [272/300] 跳过已转换: szqjl_2024-01-24_16_35_52_.rep
2025-12-05 15:33:44,009 - INFO - [273/300] 跳过已转换: szqjl_2024-01-24_16_39_16_.rep
2025-12-05 15:33:44,009 - INFO - [274/300] 跳过已转换: szqjl_2024-01-24_16_41_30_.rep
2025-12-05 15:33:44,009 - INFO - [275/300] 跳过已转换: szqjl_2024-01-24_16_43_52_.rep
2025-12-05 15:33:44,009 - INFO - [276/300] 跳过已转换: szqjl_2024-01-24_16_46_33_.rep
2025-12-05 15:33:44,009 - INFO - [277/300] 跳过已转换: szqjl_2024-01-24_16_49_48_.rep
2025-12-05 15:33:44,009 - INFO - [278/300] 跳过已转换: szqjl_2024-01-24_16_53_17_.rep
2025-12-05 15:33:44,009 - INFO - [279/300] 跳过已转换: szqjl_2024-01-24_16_56_44_.rep
2025-12-05 15:33:44,025 - INFO - [280/300] 跳过已转换: szqjl_2024-01-24_17_00_17_.rep
2025-12-05 15:33:44,025 - INFO - [281/300] 跳过已转换: szqjl_2024-01-25_12_25_36_.rep
2025-12-05 15:33:44,025 - INFO - [282/300] 跳过已转换: szqjl_2024-01-25_12_29_39_.rep
2025-12-05 15:33:44,025 - INFO - [283/300] 跳过已转换: szqjl_2024-01-25_12_33_14_.rep
2025-12-05 15:33:44,025 - INFO - [284/300] 跳过已转换: szqjl_2024-01-25_12_35_48_.rep
2025-12-05 15:33:44,025 - INFO - [285/300] 跳过已转换: szqjl_2024-01-25_12_38_34_.rep
2025-12-05 15:33:44,025 - INFO - [286/300] 跳过已转换: szqjl_2024-01-25_12_42_39_.rep
2025-12-05 15:33:44,025 - INFO - [287/300] 跳过已转换: szqjl_2024-01-25_12_45_09_.rep
2025-12-05 15:33:44,025 - INFO - [288/300] 跳过已转换: szqjl_2024-01-25_12_53_04_.rep
2025-12-05 15:33:44,025 - INFO - [289/300] 跳过已转换: szqjl_2024-01-25_12_56_17_.rep
2025-12-05 15:33:44,025 - INFO - [290/300] 跳过已转换: szqjl_2024-01-25_12_59_02_.rep
2025-12-05 15:33:44,025 - INFO - [291/300] 跳过已转换: szqjl_2024-01-25_13_02_09_.rep
2025-12-05 15:33:44,025 - INFO - [292/300] 跳过已转换: szqjl_2024-01-25_13_05_24_.rep
2025-12-05 15:33:44,025 - INFO - [293/300] 跳过已转换: szqjl_2024-01-25_13_12_32_.rep
2025-12-05 15:33:44,041 - INFO - [294/300] 跳过已转换: szqjl_2024-01-25_13_16_13_.rep
2025-12-05 15:33:44,041 - INFO - [295/300] 跳过已转换: szqjl_2024-01-25_13_19_31_.rep
2025-12-05 15:33:44,041 - INFO - [296/300] 跳过已转换: szqjl_2024-01-25_13_22_35_.rep
2025-12-05 15:33:44,041 - INFO - [297/300] 跳过已转换: szqjl_2024-01-25_13_26_14_.rep
2025-12-05 15:33:44,041 - INFO - [298/300] 跳过已转换: szqjl_2024-01-25_13_29_37_.rep
2025-12-05 15:33:44,041 - INFO - [299/300] 跳过已转换: szqjl_2024-01-25_13_33_33_.rep
2025-12-05 15:33:44,041 - INFO - [300/300] 跳过已转换: szqjl_2024-01-25_13_37_08_.rep
2025-12-05 15:33:44,041 - INFO - 
2025-12-05 15:33:44,041 - INFO - ============================================================
2025-12-05 15:33:44,041 - INFO - 批量转换完成！
2025-12-05 15:33:44,041 - INFO - ============================================================
2025-12-05 15:33:44,041 - INFO - 总文件数: 10119
2025-12-05 15:33:44,041 - INFO - 成功转换: 0
2025-12-05 15:33:44,041 - INFO - 跳过文件: 300
2025-12-05 15:33:44,041 - INFO - 失败文件: 0
2025-12-05 15:33:44,041 - INFO - 总训练样本: 0 个
2025-12-05 15:33:44,041 - INFO - 总耗时: 0.0 分钟
2025-12-05 15:33:44,041 - INFO - 平均速度: 0.0 文件/秒
2025-12-05 15:33:44,041 - INFO - ============================================================
2025-12-05 15:34:20,493 - INFO - 限制转换数量: 500 个文件
2025-12-05 15:34:20,493 - INFO - 找到 500 个.rep文件
2025-12-05 15:34:20,493 - INFO - 输出目录: game_records
2025-12-05 15:34:20,493 - INFO - 优先选择获胜玩家: True
2025-12-05 15:34:20,493 - INFO - ============================================================
2025-12-05 15:34:20,493 - INFO - [1/500] 跳过已转换: szqjl_2023-12-26_12_55_13_.rep
2025-12-05 15:34:20,493 - INFO - [2/500] 跳过已转换: szqjl_2023-12-26_12_58_47_.rep
2025-12-05 15:34:20,493 - INFO - [3/500] 跳过已转换: szqjl_2023-12-26_13_02_18_.rep
2025-12-05 15:34:20,509 - INFO - [4/500] 跳过已转换: szqjl_2023-12-26_13_05_29_.rep
2025-12-05 15:34:20,509 - INFO - [5/500] 跳过已转换: szqjl_2023-12-26_13_08_42_.rep
2025-12-05 15:34:20,509 - INFO - [6/500] 跳过已转换: szqjl_2023-12-26_13_12_15_.rep
2025-12-05 15:34:20,509 - INFO - [7/500] 跳过已转换: szqjl_2023-12-26_13_15_13_.rep
2025-12-05 15:34:20,509 - INFO - [8/500] 跳过已转换: szqjl_2023-12-26_13_17_55_.rep
2025-12-05 15:34:20,509 - INFO - [9/500] 跳过已转换: szqjl_2023-12-26_13_21_34_.rep
2025-12-05 15:34:20,509 - INFO - [10/500] 跳过已转换: szqjl_2023-12-26_13_26_15_.rep
2025-12-05 15:34:20,509 - INFO - [11/500] 跳过已转换: szqjl_2023-12-26_13_30_14_.rep
2025-12-05 15:34:20,509 - INFO - [12/500] 跳过已转换: szqjl_2023-12-26_13_32_47_.rep
2025-12-05 15:34:20,509 - INFO - [13/500] 跳过已转换: szqjl_2023-12-26_13_35_34_.rep
2025-12-05 15:34:20,509 - INFO - [14/500] 跳过已转换: szqjl_2023-12-26_13_40_54_.rep
2025-12-05 15:34:20,509 - INFO - [15/500] 跳过已转换: szqjl_2023-12-26_13_44_09_.rep
2025-12-05 15:34:20,525 - INFO - [16/500] 跳过已转换: szqjl_2023-12-26_13_47_29_.rep
2025-12-05 15:34:20,525 - INFO - [17/500] 跳过已转换: szqjl_2023-12-26_13_50_51_.rep
2025-12-05 15:34:20,525 - INFO - [18/500] 跳过已转换: szqjl_2023-12-26_13_54_03_.rep
2025-12-05 15:34:20,525 - INFO - [19/500] 跳过已转换: szqjl_2023-12-26_13_57_55_.rep
2025-12-05 15:34:20,525 - INFO - [20/500] 跳过已转换: szqjl_2023-12-26_14_01_39_.rep
2025-12-05 15:34:20,525 - INFO - [21/500] 跳过已转换: szqjl_2023-12-26_14_05_12_.rep
2025-12-05 15:34:20,525 - INFO - [22/500] 跳过已转换: szqjl_2023-12-26_14_09_24_.rep
2025-12-05 15:34:20,525 - INFO - [23/500] 跳过已转换: szqjl_2023-12-26_14_12_30_.rep
2025-12-05 15:34:20,525 - INFO - [24/500] 跳过已转换: szqjl_2023-12-26_14_15_41_.rep
2025-12-05 15:34:20,525 - INFO - [25/500] 跳过已转换: szqjl_2023-12-28_11_56_44_.rep
2025-12-05 15:34:20,525 - INFO - [26/500] 跳过已转换: szqjl_2023-12-28_12_01_00_.rep
2025-12-05 15:34:20,540 - INFO - [27/500] 跳过已转换: szqjl_2023-12-28_12_04_42_.rep
2025-12-05 15:34:20,540 - INFO - [28/500] 跳过已转换: szqjl_2023-12-28_12_08_29_.rep
2025-12-05 15:34:20,540 - INFO - [29/500] 跳过已转换: szqjl_2023-12-28_12_12_10_.rep
2025-12-05 15:34:20,540 - INFO - [30/500] 跳过已转换: szqjl_2023-12-28_12_16_33_.rep
2025-12-05 15:34:20,540 - INFO - [31/500] 跳过已转换: szqjl_2024-01-12_12_16_24_.rep
2025-12-05 15:34:20,540 - INFO - [32/500] 跳过已转换: szqjl_2024-01-12_12_19_28_.rep
2025-12-05 15:34:20,540 - INFO - [33/500] 跳过已转换: szqjl_2024-01-12_12_24_20_.rep
2025-12-05 15:34:20,540 - INFO - [34/500] 跳过已转换: szqjl_2024-01-12_12_35_38_.rep
2025-12-05 15:34:20,540 - INFO - [35/500] 跳过已转换: szqjl_2024-01-12_12_40_09_.rep
2025-12-05 15:34:20,540 - INFO - [36/500] 跳过已转换: szqjl_2024-01-12_13_05_35_.rep
2025-12-05 15:34:20,540 - INFO - [37/500] 跳过已转换: szqjl_2024-01-12_13_09_16_.rep
2025-12-05 15:34:20,540 - INFO - [38/500] 跳过已转换: szqjl_2024-01-12_13_14_21_.rep
2025-12-05 15:34:20,540 - INFO - [39/500] 跳过已转换: szqjl_2024-01-12_13_17_56_.rep
2025-12-05 15:34:20,556 - INFO - [40/500] 跳过已转换: szqjl_2024-01-12_13_24_10_.rep
2025-12-05 15:34:20,556 - INFO - [41/500] 跳过已转换: szqjl_2024-01-12_13_29_17_.rep
2025-12-05 15:34:20,556 - INFO - [42/500] 跳过已转换: szqjl_2024-01-12_13_33_55_.rep
2025-12-05 15:34:20,556 - INFO - [43/500] 跳过已转换: szqjl_2024-01-12_13_38_06_.rep
2025-12-05 15:34:20,556 - INFO - [44/500] 跳过已转换: szqjl_2024-01-12_13_45_01_.rep
2025-12-05 15:34:20,556 - INFO - [45/500] 跳过已转换: szqjl_2024-01-12_13_50_10_.rep
2025-12-05 15:34:20,556 - INFO - [46/500] 跳过已转换: szqjl_2024-01-12_13_54_07_.rep
2025-12-05 15:34:20,556 - INFO - [47/500] 跳过已转换: szqjl_2024-01-12_14_03_17_.rep
2025-12-05 15:34:20,556 - INFO - [48/500] 跳过已转换: szqjl_2024-01-12_16_21_35_.rep
2025-12-05 15:34:20,556 - INFO - [49/500] 跳过已转换: szqjl_2024-01-12_16_25_15_.rep
2025-12-05 15:34:20,556 - INFO - [50/500] 跳过已转换: szqjl_2024-01-12_16_29_40_.rep
2025-12-05 15:34:20,572 - INFO - [51/500] 跳过已转换: szqjl_2024-01-12_16_33_27_.rep
2025-12-05 15:34:20,572 - INFO - [52/500] 跳过已转换: szqjl_2024-01-12_16_36_28_.rep
2025-12-05 15:34:20,572 - INFO - [53/500] 跳过已转换: szqjl_2024-01-12_16_40_09_.rep
2025-12-05 15:34:20,572 - INFO - [54/500] 跳过已转换: szqjl_2024-01-12_16_43_42_.rep
2025-12-05 15:34:20,572 - INFO - [55/500] 跳过已转换: szqjl_2024-01-12_16_48_57_.rep
2025-12-05 15:34:20,572 - INFO - [56/500] 跳过已转换: szqjl_2024-01-12_16_52_28_.rep
2025-12-05 15:34:20,572 - INFO - [57/500] 跳过已转换: szqjl_2024-01-12_16_56_24_.rep
2025-12-05 15:34:20,572 - INFO - [58/500] 跳过已转换: szqjl_2024-01-12_16_59_44_.rep
2025-12-05 15:34:20,572 - INFO - [59/500] 跳过已转换: szqjl_2024-01-12_17_03_29_.rep
2025-12-05 15:34:20,572 - INFO - [60/500] 跳过已转换: szqjl_2024-01-15_09_21_24_.rep
2025-12-05 15:34:20,572 - INFO - [61/500] 跳过已转换: szqjl_2024-01-15_09_24_40_.rep
2025-12-05 15:34:20,572 - INFO - [62/500] 跳过已转换: szqjl_2024-01-15_09_28_17_.rep
2025-12-05 15:34:20,572 - INFO - [63/500] 跳过已转换: szqjl_2024-01-15_09_32_39_.rep
2025-12-05 15:34:20,587 - INFO - [64/500] 跳过已转换: szqjl_2024-01-15_09_36_05_.rep
2025-12-05 15:34:20,587 - INFO - [65/500] 跳过已转换: szqjl_2024-01-15_09_40_01_.rep
2025-12-05 15:34:20,587 - INFO - [66/500] 跳过已转换: szqjl_2024-01-15_09_43_25_.rep
2025-12-05 15:34:20,587 - INFO - [67/500] 跳过已转换: szqjl_2024-01-15_09_49_14_.rep
2025-12-05 15:34:20,587 - INFO - [68/500] 跳过已转换: szqjl_2024-01-15_09_54_15_.rep
2025-12-05 15:34:20,587 - INFO - [69/500] 跳过已转换: szqjl_2024-01-15_09_58_18_.rep
2025-12-05 15:34:20,587 - INFO - [70/500] 跳过已转换: szqjl_2024-01-15_12_19_30_.rep
2025-12-05 15:34:20,587 - INFO - [71/500] 跳过已转换: szqjl_2024-01-15_12_23_04_.rep
2025-12-05 15:34:20,587 - INFO - [72/500] 跳过已转换: szqjl_2024-01-15_12_32_49_.rep
2025-12-05 15:34:20,587 - INFO - [73/500] 跳过已转换: szqjl_2024-01-15_12_38_30_.rep
2025-12-05 15:34:20,587 - INFO - [74/500] 跳过已转换: szqjl_2024-01-15_12_44_46_.rep
2025-12-05 15:34:20,603 - INFO - [75/500] 跳过已转换: szqjl_2024-01-15_12_48_05_.rep
2025-12-05 15:34:20,603 - INFO - [76/500] 跳过已转换: szqjl_2024-01-15_12_51_41_.rep
2025-12-05 15:34:20,603 - INFO - [77/500] 跳过已转换: szqjl_2024-01-15_12_55_02_.rep
2025-12-05 15:34:20,603 - INFO - [78/500] 跳过已转换: szqjl_2024-01-15_12_57_53_.rep
2025-12-05 15:34:20,603 - INFO - [79/500] 跳过已转换: szqjl_2024-01-15_13_00_53_.rep
2025-12-05 15:34:20,603 - INFO - [80/500] 跳过已转换: szqjl_2024-01-15_13_03_20_.rep
2025-12-05 15:34:20,603 - INFO - [81/500] 跳过已转换: szqjl_2024-01-15_13_07_10_.rep
2025-12-05 15:34:20,603 - INFO - [82/500] 跳过已转换: szqjl_2024-01-15_13_10_38_.rep
2025-12-05 15:34:20,603 - INFO - [83/500] 跳过已转换: szqjl_2024-01-15_13_13_28_.rep
2025-12-05 15:34:20,603 - INFO - [84/500] 跳过已转换: szqjl_2024-01-15_13_16_53_.rep
2025-12-05 15:34:20,603 - INFO - [85/500] 跳过已转换: szqjl_2024-01-15_13_19_46_.rep
2025-12-05 15:34:20,603 - INFO - [86/500] 跳过已转换: szqjl_2024-01-15_13_23_18_.rep
2025-12-05 15:34:20,603 - INFO - [87/500] 跳过已转换: szqjl_2024-01-15_13_26_40_.rep
2025-12-05 15:34:20,618 - INFO - [88/500] 跳过已转换: szqjl_2024-01-15_13_32_15_.rep
2025-12-05 15:34:20,618 - INFO - [89/500] 跳过已转换: szqjl_2024-01-15_13_35_24_.rep
2025-12-05 15:34:20,618 - INFO - [90/500] 跳过已转换: szqjl_2024-01-15_13_38_40_.rep
2025-12-05 15:34:20,618 - INFO - [91/500] 跳过已转换: szqjl_2024-01-15_13_41_40_.rep
2025-12-05 15:34:20,618 - INFO - [92/500] 跳过已转换: szqjl_2024-01-15_13_45_22_.rep
2025-12-05 15:34:20,618 - INFO - [93/500] 跳过已转换: szqjl_2024-01-15_13_49_36_.rep
2025-12-05 15:34:20,618 - INFO - [94/500] 跳过已转换: szqjl_2024-01-15_13_53_06_.rep
2025-12-05 15:34:20,618 - INFO - [95/500] 跳过已转换: szqjl_2024-01-15_13_56_41_.rep
2025-12-05 15:34:20,618 - INFO - [96/500] 跳过已转换: szqjl_2024-01-15_14_00_52_.rep
2025-12-05 15:34:20,618 - INFO - [97/500] 跳过已转换: szqjl_2024-01-15_14_05_23_.rep
2025-12-05 15:34:20,618 - INFO - [98/500] 跳过已转换: szqjl_2024-01-15_14_09_48_.rep
2025-12-05 15:34:20,618 - INFO - [99/500] 跳过已转换: szqjl_2024-01-15_14_13_05_.rep
2025-12-05 15:34:20,634 - INFO - [100/500] 跳过已转换: szqjl_2024-01-15_14_15_57_.rep
2025-12-05 15:34:20,634 - INFO - [101/500] 跳过已转换: szqjl_2024-01-15_14_19_28_.rep
2025-12-05 15:34:20,634 - INFO - [102/500] 跳过已转换: szqjl_2024-01-15_14_22_43_.rep
2025-12-05 15:34:20,634 - INFO - [103/500] 跳过已转换: szqjl_2024-01-15_14_26_00_.rep
2025-12-05 15:34:20,634 - INFO - [104/500] 跳过已转换: szqjl_2024-01-15_14_29_07_.rep
2025-12-05 15:34:20,634 - INFO - [105/500] 跳过已转换: szqjl_2024-01-15_16_06_22_.rep
2025-12-05 15:34:20,634 - INFO - [106/500] 跳过已转换: szqjl_2024-01-15_16_09_51_.rep
2025-12-05 15:34:20,634 - INFO - [107/500] 跳过已转换: szqjl_2024-01-15_16_12_22_.rep
2025-12-05 15:34:20,634 - INFO - [108/500] 跳过已转换: szqjl_2024-01-15_16_14_58_.rep
2025-12-05 15:34:20,634 - INFO - [109/500] 跳过已转换: szqjl_2024-01-15_16_17_53_.rep
2025-12-05 15:34:20,634 - INFO - [110/500] 跳过已转换: szqjl_2024-01-15_16_23_04_.rep
2025-12-05 15:34:20,634 - INFO - [111/500] 跳过已转换: szqjl_2024-01-15_16_26_29_.rep
2025-12-05 15:34:20,650 - INFO - [112/500] 跳过已转换: szqjl_2024-01-15_16_29_58_.rep
2025-12-05 15:34:20,650 - INFO - [113/500] 跳过已转换: szqjl_2024-01-15_16_33_47_.rep
2025-12-05 15:34:20,650 - INFO - [114/500] 跳过已转换: szqjl_2024-01-15_16_38_14_.rep
2025-12-05 15:34:20,650 - INFO - [115/500] 跳过已转换: szqjl_2024-01-15_16_42_55_.rep
2025-12-05 15:34:20,650 - INFO - [116/500] 跳过已转换: szqjl_2024-01-15_16_47_11_.rep
2025-12-05 15:34:20,650 - INFO - [117/500] 跳过已转换: szqjl_2024-01-15_16_50_53_.rep
2025-12-05 15:34:20,650 - INFO - [118/500] 跳过已转换: szqjl_2024-01-15_16_54_56_.rep
2025-12-05 15:34:20,650 - INFO - [119/500] 跳过已转换: szqjl_2024-01-17_11_08_40_.rep
2025-12-05 15:34:20,650 - INFO - [120/500] 跳过已转换: szqjl_2024-01-17_11_12_30_.rep
2025-12-05 15:34:20,650 - INFO - [121/500] 跳过已转换: szqjl_2024-01-17_11_18_04_.rep
2025-12-05 15:34:20,650 - INFO - [122/500] 跳过已转换: szqjl_2024-01-17_11_22_10_.rep
2025-12-05 15:34:20,650 - INFO - [123/500] 跳过已转换: szqjl_2024-01-17_11_26_10_.rep
2025-12-05 15:34:20,665 - INFO - [124/500] 跳过已转换: szqjl_2024-01-17_11_32_54_.rep
2025-12-05 15:34:20,665 - INFO - [125/500] 跳过已转换: szqjl_2024-01-17_11_37_35_.rep
2025-12-05 15:34:20,665 - INFO - [126/500] 跳过已转换: szqjl_2024-01-17_12_15_29_.rep
2025-12-05 15:34:20,665 - INFO - [127/500] 跳过已转换: szqjl_2024-01-17_12_19_09_.rep
2025-12-05 15:34:20,665 - INFO - [128/500] 跳过已转换: szqjl_2024-01-17_12_23_14_.rep
2025-12-05 15:34:20,665 - INFO - [129/500] 跳过已转换: szqjl_2024-01-17_12_27_33_.rep
2025-12-05 15:34:20,665 - INFO - [130/500] 跳过已转换: szqjl_2024-01-17_12_34_09_.rep
2025-12-05 15:34:20,665 - INFO - [131/500] 跳过已转换: szqjl_2024-01-17_12_39_19_.rep
2025-12-05 15:34:20,665 - INFO - [132/500] 跳过已转换: szqjl_2024-01-17_12_42_35_.rep
2025-12-05 15:34:20,665 - INFO - [133/500] 跳过已转换: szqjl_2024-01-17_12_46_57_.rep
2025-12-05 15:34:20,665 - INFO - [134/500] 跳过已转换: szqjl_2024-01-17_12_52_15_.rep
2025-12-05 15:34:20,665 - INFO - [135/500] 跳过已转换: szqjl_2024-01-17_12_56_29_.rep
2025-12-05 15:34:20,681 - INFO - [136/500] 跳过已转换: szqjl_2024-01-17_13_00_13_.rep
2025-12-05 15:34:20,681 - INFO - [137/500] 跳过已转换: szqjl_2024-01-17_13_08_52_.rep
2025-12-05 15:34:20,681 - INFO - [138/500] 跳过已转换: szqjl_2024-01-17_13_13_23_.rep
2025-12-05 15:34:20,681 - INFO - [139/500] 跳过已转换: szqjl_2024-01-17_13_18_15_.rep
2025-12-05 15:34:20,681 - INFO - [140/500] 跳过已转换: szqjl_2024-01-17_13_25_20_.rep
2025-12-05 15:34:20,681 - INFO - [141/500] 跳过已转换: szqjl_2024-01-17_13_29_45_.rep
2025-12-05 15:34:20,681 - INFO - [142/500] 跳过已转换: szqjl_2024-01-17_13_38_36_.rep
2025-12-05 15:34:20,681 - INFO - [143/500] 跳过已转换: szqjl_2024-01-17_13_42_36_.rep
2025-12-05 15:34:20,681 - INFO - [144/500] 跳过已转换: szqjl_2024-01-17_13_46_14_.rep
2025-12-05 15:34:20,681 - INFO - [145/500] 跳过已转换: szqjl_2024-01-17_13_50_49_.rep
2025-12-05 15:34:20,681 - INFO - [146/500] 跳过已转换: szqjl_2024-01-17_13_54_51_.rep
2025-12-05 15:34:20,681 - INFO - [147/500] 跳过已转换: szqjl_2024-01-17_13_59_23_.rep
2025-12-05 15:34:20,681 - INFO - [148/500] 跳过已转换: szqjl_2024-01-17_14_03_46_.rep
2025-12-05 15:34:20,697 - INFO - [149/500] 跳过已转换: szqjl_2024-01-17_14_08_27_.rep
2025-12-05 15:34:20,697 - INFO - [150/500] 跳过已转换: szqjl_2024-01-17_14_12_25_.rep
2025-12-05 15:34:20,697 - INFO - [151/500] 跳过已转换: szqjl_2024-01-17_14_17_57_.rep
2025-12-05 15:34:20,697 - INFO - [152/500] 跳过已转换: szqjl_2024-01-17_14_20_55_.rep
2025-12-05 15:34:20,697 - INFO - [153/500] 跳过已转换: szqjl_2024-01-17_14_23_38_.rep
2025-12-05 15:34:20,697 - INFO - [154/500] 跳过已转换: szqjl_2024-01-17_14_26_34_.rep
2025-12-05 15:34:20,697 - INFO - [155/500] 跳过已转换: szqjl_2024-01-17_14_29_37_.rep
2025-12-05 15:34:20,697 - INFO - [156/500] 跳过已转换: szqjl_2024-01-17_14_33_15_.rep
2025-12-05 15:34:20,697 - INFO - [157/500] 跳过已转换: szqjl_2024-01-17_14_35_49_.rep
2025-12-05 15:34:20,697 - INFO - [158/500] 跳过已转换: szqjl_2024-01-18_09_31_52_.rep
2025-12-05 15:34:20,697 - INFO - [159/500] 跳过已转换: szqjl_2024-01-18_09_36_56_.rep
2025-12-05 15:34:20,697 - INFO - [160/500] 跳过已转换: szqjl_2024-01-18_09_43_57_.rep
2025-12-05 15:34:20,712 - INFO - [161/500] 跳过已转换: szqjl_2024-01-18_09_47_09_.rep
2025-12-05 15:34:20,712 - INFO - [162/500] 跳过已转换: szqjl_2024-01-18_09_50_59_.rep
2025-12-05 15:34:20,712 - INFO - [163/500] 跳过已转换: szqjl_2024-01-18_09_55_30_.rep
2025-12-05 15:34:20,712 - INFO - [164/500] 跳过已转换: szqjl_2024-01-18_09_58_18_.rep
2025-12-05 15:34:20,712 - INFO - [165/500] 跳过已转换: szqjl_2024-01-18_10_01_23_.rep
2025-12-05 15:34:20,712 - INFO - [166/500] 跳过已转换: szqjl_2024-01-18_10_05_22_.rep
2025-12-05 15:34:20,712 - INFO - [167/500] 跳过已转换: szqjl_2024-01-18_10_07_46_.rep
2025-12-05 15:34:20,712 - INFO - [168/500] 跳过已转换: szqjl_2024-01-18_10_10_32_.rep
2025-12-05 15:34:20,712 - INFO - [169/500] 跳过已转换: szqjl_2024-01-18_10_13_40_.rep
2025-12-05 15:34:20,712 - INFO - [170/500] 跳过已转换: szqjl_2024-01-18_10_17_50_.rep
2025-12-05 15:34:20,712 - INFO - [171/500] 跳过已转换: szqjl_2024-01-18_10_21_47_.rep
2025-12-05 15:34:20,728 - INFO - [172/500] 跳过已转换: szqjl_2024-01-18_10_27_49_.rep
2025-12-05 15:34:20,728 - INFO - [173/500] 跳过已转换: szqjl_2024-01-18_10_31_26_.rep
2025-12-05 15:34:20,728 - INFO - [174/500] 跳过已转换: szqjl_2024-01-18_10_35_00_.rep
2025-12-05 15:34:20,728 - INFO - [175/500] 跳过已转换: szqjl_2024-01-18_10_39_04_.rep
2025-12-05 15:34:20,728 - INFO - [176/500] 跳过已转换: szqjl_2024-01-18_10_42_15_.rep
2025-12-05 15:34:20,728 - INFO - [177/500] 跳过已转换: szqjl_2024-01-18_10_45_06_.rep
2025-12-05 15:34:20,728 - INFO - [178/500] 跳过已转换: szqjl_2024-01-18_10_48_16_.rep
2025-12-05 15:34:20,728 - INFO - [179/500] 跳过已转换: szqjl_2024-01-18_10_53_49_.rep
2025-12-05 15:34:20,728 - INFO - [180/500] 跳过已转换: szqjl_2024-01-18_14_08_15_.rep
2025-12-05 15:34:20,728 - INFO - [181/500] 跳过已转换: szqjl_2024-01-18_14_12_39_.rep
2025-12-05 15:34:20,728 - INFO - [182/500] 跳过已转换: szqjl_2024-01-18_14_16_43_.rep
2025-12-05 15:34:20,728 - INFO - [183/500] 跳过已转换: szqjl_2024-01-18_14_21_51_.rep
2025-12-05 15:34:20,728 - INFO - [184/500] 跳过已转换: szqjl_2024-01-19_12_07_49_.rep
2025-12-05 15:34:20,743 - INFO - [185/500] 跳过已转换: szqjl_2024-01-19_12_12_14_.rep
2025-12-05 15:34:20,743 - INFO - [186/500] 跳过已转换: szqjl_2024-01-19_12_18_23_.rep
2025-12-05 15:34:20,743 - INFO - [187/500] 跳过已转换: szqjl_2024-01-19_12_22_53_.rep
2025-12-05 15:34:20,743 - INFO - [188/500] 跳过已转换: szqjl_2024-01-19_12_26_24_.rep
2025-12-05 15:34:20,743 - INFO - [189/500] 跳过已转换: szqjl_2024-01-19_12_31_10_.rep
2025-12-05 15:34:20,743 - INFO - [190/500] 跳过已转换: szqjl_2024-01-19_12_39_22_.rep
2025-12-05 15:34:20,743 - INFO - [191/500] 跳过已转换: szqjl_2024-01-19_12_43_04_.rep
2025-12-05 15:34:20,743 - INFO - [192/500] 跳过已转换: szqjl_2024-01-19_12_46_39_.rep
2025-12-05 15:34:20,743 - INFO - [193/500] 跳过已转换: szqjl_2024-01-19_12_50_45_.rep
2025-12-05 15:34:20,743 - INFO - [194/500] 跳过已转换: szqjl_2024-01-19_12_55_32_.rep
2025-12-05 15:34:20,743 - INFO - [195/500] 跳过已转换: szqjl_2024-01-19_12_59_38_.rep
2025-12-05 15:34:20,743 - INFO - [196/500] 跳过已转换: szqjl_2024-01-19_13_03_38_.rep
2025-12-05 15:34:20,759 - INFO - [197/500] 跳过已转换: szqjl_2024-01-19_13_07_12_.rep
2025-12-05 15:34:20,759 - INFO - [198/500] 跳过已转换: szqjl_2024-01-19_13_10_03_.rep
2025-12-05 15:34:20,759 - INFO - [199/500] 跳过已转换: szqjl_2024-01-19_13_13_10_.rep
2025-12-05 15:34:20,759 - INFO - [200/500] 跳过已转换: szqjl_2024-01-19_13_19_11_.rep
2025-12-05 15:34:20,759 - INFO - [201/500] 跳过已转换: szqjl_2024-01-19_13_22_58_.rep
2025-12-05 15:34:20,759 - INFO - [202/500] 跳过已转换: szqjl_2024-01-19_13_27_27_.rep
2025-12-05 15:34:20,759 - INFO - [203/500] 跳过已转换: szqjl_2024-01-19_13_30_59_.rep
2025-12-05 15:34:20,759 - INFO - [204/500] 跳过已转换: szqjl_2024-01-19_13_34_28_.rep
2025-12-05 15:34:20,759 - INFO - [205/500] 跳过已转换: szqjl_2024-01-19_13_38_23_.rep
2025-12-05 15:34:20,759 - INFO - [206/500] 跳过已转换: szqjl_2024-01-19_13_41_07_.rep
2025-12-05 15:34:20,759 - INFO - [207/500] 跳过已转换: szqjl_2024-01-19_13_44_53_.rep
2025-12-05 15:34:20,759 - INFO - [208/500] 跳过已转换: szqjl_2024-01-19_13_47_53_.rep
2025-12-05 15:34:20,759 - INFO - [209/500] 跳过已转换: szqjl_2024-01-19_13_51_46_.rep
2025-12-05 15:34:20,775 - INFO - [210/500] 跳过已转换: szqjl_2024-01-19_13_56_20_.rep
2025-12-05 15:34:20,775 - INFO - [211/500] 跳过已转换: szqjl_2024-01-19_13_59_25_.rep
2025-12-05 15:34:20,775 - INFO - [212/500] 跳过已转换: szqjl_2024-01-19_14_03_01_.rep
2025-12-05 15:34:20,775 - INFO - [213/500] 跳过已转换: szqjl_2024-01-23_12_15_24_.rep
2025-12-05 15:34:20,775 - INFO - [214/500] 跳过已转换: szqjl_2024-01-23_12_21_49_.rep
2025-12-05 15:34:20,775 - INFO - [215/500] 跳过已转换: szqjl_2024-01-23_12_24_27_.rep
2025-12-05 15:34:20,775 - INFO - [216/500] 跳过已转换: szqjl_2024-01-23_12_28_26_.rep
2025-12-05 15:34:20,775 - INFO - [217/500] 跳过已转换: szqjl_2024-01-23_12_31_41_.rep
2025-12-05 15:34:20,775 - INFO - [218/500] 跳过已转换: szqjl_2024-01-23_12_35_19_.rep
2025-12-05 15:34:20,775 - INFO - [219/500] 跳过已转换: szqjl_2024-01-23_12_38_01_.rep
2025-12-05 15:34:20,775 - INFO - [220/500] 跳过已转换: szqjl_2024-01-23_12_41_07_.rep
2025-12-05 15:34:20,775 - INFO - [221/500] 跳过已转换: szqjl_2024-01-23_12_44_37_.rep
2025-12-05 15:34:20,790 - INFO - [222/500] 跳过已转换: szqjl_2024-01-23_12_49_19_.rep
2025-12-05 15:34:20,790 - INFO - [223/500] 跳过已转换: szqjl_2024-01-23_12_53_44_.rep
2025-12-05 15:34:20,790 - INFO - [224/500] 跳过已转换: szqjl_2024-01-23_12_57_17_.rep
2025-12-05 15:34:20,790 - INFO - [225/500] 跳过已转换: szqjl_2024-01-23_13_01_43_.rep
2025-12-05 15:34:20,790 - INFO - [226/500] 跳过已转换: szqjl_2024-01-23_13_05_29_.rep
2025-12-05 15:34:20,790 - INFO - [227/500] 跳过已转换: szqjl_2024-01-23_13_09_19_.rep
2025-12-05 15:34:20,790 - INFO - [228/500] 跳过已转换: szqjl_2024-01-23_13_14_53_.rep
2025-12-05 15:34:20,790 - INFO - [229/500] 跳过已转换: szqjl_2024-01-23_13_18_31_.rep
2025-12-05 15:34:20,790 - INFO - [230/500] 跳过已转换: szqjl_2024-01-23_13_22_51_.rep
2025-12-05 15:34:20,790 - INFO - [231/500] 跳过已转换: szqjl_2024-01-23_13_25_57_.rep
2025-12-05 15:34:20,790 - INFO - [232/500] 跳过已转换: szqjl_2024-01-23_13_30_48_.rep
2025-12-05 15:34:20,790 - INFO - [233/500] 跳过已转换: szqjl_2024-01-23_13_34_20_.rep
2025-12-05 15:34:20,806 - INFO - [234/500] 跳过已转换: szqjl_2024-01-23_13_39_24_.rep
2025-12-05 15:34:20,806 - INFO - [235/500] 跳过已转换: szqjl_2024-01-23_13_43_04_.rep
2025-12-05 15:34:20,806 - INFO - [236/500] 跳过已转换: szqjl_2024-01-23_13_46_29_.rep
2025-12-05 15:34:20,806 - INFO - [237/500] 跳过已转换: szqjl_2024-01-23_13_50_57_.rep
2025-12-05 15:34:20,806 - INFO - [238/500] 跳过已转换: szqjl_2024-01-24_12_23_03_.rep
2025-12-05 15:34:20,806 - INFO - [239/500] 跳过已转换: szqjl_2024-01-24_12_26_31_.rep
2025-12-05 15:34:20,806 - INFO - [240/500] 跳过已转换: szqjl_2024-01-24_12_30_20_.rep
2025-12-05 15:34:20,806 - INFO - [241/500] 跳过已转换: szqjl_2024-01-24_12_33_33_.rep
2025-12-05 15:34:20,806 - INFO - [242/500] 跳过已转换: szqjl_2024-01-24_12_36_53_.rep
2025-12-05 15:34:20,806 - INFO - [243/500] 跳过已转换: szqjl_2024-01-24_12_39_52_.rep
2025-12-05 15:34:20,806 - INFO - [244/500] 跳过已转换: szqjl_2024-01-24_12_43_52_.rep
2025-12-05 15:34:20,822 - INFO - [245/500] 跳过已转换: szqjl_2024-01-24_12_47_33_.rep
2025-12-05 15:34:20,822 - INFO - [246/500] 跳过已转换: szqjl_2024-01-24_12_51_24_.rep
2025-12-05 15:34:20,822 - INFO - [247/500] 跳过已转换: szqjl_2024-01-24_12_54_30_.rep
2025-12-05 15:34:20,822 - INFO - [248/500] 跳过已转换: szqjl_2024-01-24_12_57_13_.rep
2025-12-05 15:34:20,822 - INFO - [249/500] 跳过已转换: szqjl_2024-01-24_13_00_34_.rep
2025-12-05 15:34:20,822 - INFO - [250/500] 跳过已转换: szqjl_2024-01-24_13_04_11_.rep
2025-12-05 15:34:20,822 - INFO - [251/500] 跳过已转换: szqjl_2024-01-24_13_08_54_.rep
2025-12-05 15:34:20,822 - INFO - [252/500] 跳过已转换: szqjl_2024-01-24_13_12_19_.rep
2025-12-05 15:34:20,822 - INFO - [253/500] 跳过已转换: szqjl_2024-01-24_13_19_08_.rep
2025-12-05 15:34:20,822 - INFO - [254/500] 跳过已转换: szqjl_2024-01-24_15_24_40_.rep
2025-12-05 15:34:20,822 - INFO - [255/500] 跳过已转换: szqjl_2024-01-24_15_28_40_.rep
2025-12-05 15:34:20,822 - INFO - [256/500] 跳过已转换: szqjl_2024-01-24_15_33_27_.rep
2025-12-05 15:34:20,837 - INFO - [257/500] 跳过已转换: szqjl_2024-01-24_15_38_17_.rep
2025-12-05 15:34:20,837 - INFO - [258/500] 跳过已转换: szqjl_2024-01-24_15_42_46_.rep
2025-12-05 15:34:20,837 - INFO - [259/500] 跳过已转换: szqjl_2024-01-24_15_46_43_.rep
2025-12-05 15:34:20,837 - INFO - [260/500] 跳过已转换: szqjl_2024-01-24_15_50_37_.rep
2025-12-05 15:34:20,837 - INFO - [261/500] 跳过已转换: szqjl_2024-01-24_15_56_13_.rep
2025-12-05 15:34:20,837 - INFO - [262/500] 跳过已转换: szqjl_2024-01-24_16_00_49_.rep
2025-12-05 15:34:20,837 - INFO - [263/500] 跳过已转换: szqjl_2024-01-24_16_05_31_.rep
2025-12-05 15:34:20,837 - INFO - [264/500] 跳过已转换: szqjl_2024-01-24_16_10_05_.rep
2025-12-05 15:34:20,837 - INFO - [265/500] 跳过已转换: szqjl_2024-01-24_16_14_46_.rep
2025-12-05 15:34:20,837 - INFO - [266/500] 跳过已转换: szqjl_2024-01-24_16_17_10_.rep
2025-12-05 15:34:20,837 - INFO - [267/500] 跳过已转换: szqjl_2024-01-24_16_20_30_.rep
2025-12-05 15:34:20,837 - INFO - [268/500] 跳过已转换: szqjl_2024-01-24_16_23_48_.rep
2025-12-05 15:34:20,853 - INFO - [269/500] 跳过已转换: szqjl_2024-01-24_16_26_19_.rep
2025-12-05 15:34:20,853 - INFO - [270/500] 跳过已转换: szqjl_2024-01-24_16_29_25_.rep
2025-12-05 15:34:20,853 - INFO - [271/500] 跳过已转换: szqjl_2024-01-24_16_32_13_.rep
2025-12-05 15:34:20,853 - INFO - [272/500] 跳过已转换: szqjl_2024-01-24_16_35_52_.rep
2025-12-05 15:34:20,853 - INFO - [273/500] 跳过已转换: szqjl_2024-01-24_16_39_16_.rep
2025-12-05 15:34:20,853 - INFO - [274/500] 跳过已转换: szqjl_2024-01-24_16_41_30_.rep
2025-12-05 15:34:20,853 - INFO - [275/500] 跳过已转换: szqjl_2024-01-24_16_43_52_.rep
2025-12-05 15:34:20,853 - INFO - [276/500] 跳过已转换: szqjl_2024-01-24_16_46_33_.rep
2025-12-05 15:34:20,853 - INFO - [277/500] 跳过已转换: szqjl_2024-01-24_16_49_48_.rep
2025-12-05 15:34:20,853 - INFO - [278/500] 跳过已转换: szqjl_2024-01-24_16_53_17_.rep
2025-12-05 15:34:20,853 - INFO - [279/500] 跳过已转换: szqjl_2024-01-24_16_56_44_.rep
2025-12-05 15:34:20,853 - INFO - [280/500] 跳过已转换: szqjl_2024-01-24_17_00_17_.rep
2025-12-05 15:34:20,868 - INFO - [281/500] 跳过已转换: szqjl_2024-01-25_12_25_36_.rep
2025-12-05 15:34:20,868 - INFO - [282/500] 跳过已转换: szqjl_2024-01-25_12_29_39_.rep
2025-12-05 15:34:20,868 - INFO - [283/500] 跳过已转换: szqjl_2024-01-25_12_33_14_.rep
2025-12-05 15:34:20,868 - INFO - [284/500] 跳过已转换: szqjl_2024-01-25_12_35_48_.rep
2025-12-05 15:34:20,868 - INFO - [285/500] 跳过已转换: szqjl_2024-01-25_12_38_34_.rep
2025-12-05 15:34:20,868 - INFO - [286/500] 跳过已转换: szqjl_2024-01-25_12_42_39_.rep
2025-12-05 15:34:20,868 - INFO - [287/500] 跳过已转换: szqjl_2024-01-25_12_45_09_.rep
2025-12-05 15:34:20,868 - INFO - [288/500] 跳过已转换: szqjl_2024-01-25_12_53_04_.rep
2025-12-05 15:34:20,868 - INFO - [289/500] 跳过已转换: szqjl_2024-01-25_12_56_17_.rep
2025-12-05 15:34:20,868 - INFO - [290/500] 跳过已转换: szqjl_2024-01-25_12_59_02_.rep
2025-12-05 15:34:20,868 - INFO - [291/500] 跳过已转换: szqjl_2024-01-25_13_02_09_.rep
2025-12-05 15:34:20,868 - INFO - [292/500] 跳过已转换: szqjl_2024-01-25_13_05_24_.rep
2025-12-05 15:34:20,884 - INFO - [293/500] 跳过已转换: szqjl_2024-01-25_13_12_32_.rep
2025-12-05 15:34:20,884 - INFO - [294/500] 跳过已转换: szqjl_2024-01-25_13_16_13_.rep
2025-12-05 15:34:20,884 - INFO - [295/500] 跳过已转换: szqjl_2024-01-25_13_19_31_.rep
2025-12-05 15:34:20,884 - INFO - [296/500] 跳过已转换: szqjl_2024-01-25_13_22_35_.rep
2025-12-05 15:34:20,884 - INFO - [297/500] 跳过已转换: szqjl_2024-01-25_13_26_14_.rep
2025-12-05 15:34:20,884 - INFO - [298/500] 跳过已转换: szqjl_2024-01-25_13_29_37_.rep
2025-12-05 15:34:20,884 - INFO - [299/500] 跳过已转换: szqjl_2024-01-25_13_33_33_.rep
2025-12-05 15:34:20,884 - INFO - [300/500] 跳过已转换: szqjl_2024-01-25_13_37_08_.rep
2025-12-05 15:34:20,884 - INFO - [301/500] 跳过已转换: szqjl_2024-01-25_13_39_38_.rep
2025-12-05 15:34:20,884 - INFO - [302/500] 跳过已转换: szqjl_2024-01-25_13_41_47_.rep
2025-12-05 15:34:20,884 - INFO - [303/500] 跳过已转换: szqjl_2024-01-25_13_45_21_.rep
2025-12-05 15:34:20,884 - INFO - [304/500] 跳过已转换: szqjl_2024-01-25_13_47_50_.rep
2025-12-05 15:34:20,900 - INFO - [305/500] 跳过已转换: szqjl_2024-01-25_13_50_16_.rep
2025-12-05 15:34:20,900 - INFO - [306/500] 跳过已转换: szqjl_2024-01-25_13_52_23_.rep
2025-12-05 15:34:20,900 - INFO - [307/500] 跳过已转换: szqjl_2024-01-25_13_54_57_.rep
2025-12-05 15:34:20,900 - INFO - [308/500] 跳过已转换: szqjl_2024-01-25_13_57_16_.rep
2025-12-05 15:34:20,900 - INFO - [309/500] 跳过已转换: szqjl_2024-01-25_13_59_37_.rep
2025-12-05 15:34:20,900 - INFO - [310/500] 跳过已转换: szqjl_2024-01-25_14_02_07_.rep
2025-12-05 15:34:20,900 - INFO - [311/500] 跳过已转换: szqjl_2024-01-25_14_27_56_.rep
2025-12-05 15:34:20,900 - INFO - [312/500] 跳过已转换: szqjl_2024-01-25_14_34_26_.rep
2025-12-05 15:34:20,900 - INFO - [313/500] 跳过已转换: szqjl_2024-01-25_14_41_42_.rep
2025-12-05 15:34:20,900 - INFO - [314/500] 跳过已转换: szqjl_2024-01-25_14_46_52_.rep
2025-12-05 15:34:20,900 - INFO - [315/500] 跳过已转换: szqjl_2024-01-25_14_52_32_.rep
2025-12-05 15:34:20,915 - INFO - [316/500] 跳过已转换: szqjl_2024-01-25_14_57_21_.rep
2025-12-05 15:34:20,915 - INFO - [317/500] 跳过已转换: szqjl_2024-01-25_15_03_15_.rep
2025-12-05 15:34:20,915 - INFO - [318/500] 跳过已转换: szqjl_2024-01-25_15_08_36_.rep
2025-12-05 15:34:20,915 - INFO - [319/500] 跳过已转换: szqjl_2024-01-25_15_14_16_.rep
2025-12-05 15:34:20,915 - INFO - [320/500] 跳过已转换: szqjl_2024-01-26_14_58_23_.rep
2025-12-05 15:34:20,915 - INFO - [321/500] 跳过已转换: szqjl_2024-01-26_15_01_07_.rep
2025-12-05 15:34:20,915 - INFO - [322/500] 跳过已转换: szqjl_2024-01-26_15_04_08_.rep
2025-12-05 15:34:20,915 - INFO - [323/500] 跳过已转换: szqjl_2024-01-26_15_07_37_.rep
2025-12-05 15:34:20,915 - INFO - [324/500] 跳过已转换: szqjl_2024-01-26_15_11_45_.rep
2025-12-05 15:34:20,915 - INFO - [325/500] 跳过已转换: szqjl_2024-01-26_15_15_45_.rep
2025-12-05 15:34:20,915 - INFO - [326/500] 跳过已转换: szqjl_2024-01-26_15_18_41_.rep
2025-12-05 15:34:20,915 - INFO - [327/500] 跳过已转换: szqjl_2024-01-26_15_23_04_.rep
2025-12-05 15:34:20,931 - INFO - [328/500] 跳过已转换: szqjl_2024-01-26_15_26_32_.rep
2025-12-05 15:34:20,931 - INFO - [329/500] 跳过已转换: szqjl_2024-01-26_15_30_05_.rep
2025-12-05 15:34:20,931 - INFO - [330/500] 跳过已转换: szqjl_2024-01-26_15_35_00_.rep
2025-12-05 15:34:20,931 - INFO - [331/500] 跳过已转换: szqjl_2024-01-26_15_39_12_.rep
2025-12-05 15:34:20,931 - INFO - [332/500] 跳过已转换: szqjl_2024-01-26_15_43_20_.rep
2025-12-05 15:34:20,931 - INFO - [333/500] 跳过已转换: szqjl_2024-01-26_15_47_47_.rep
2025-12-05 15:34:20,931 - INFO - [334/500] 跳过已转换: szqjl_2024-01-26_15_52_47_.rep
2025-12-05 15:34:20,931 - INFO - [335/500] 跳过已转换: szqjl_2024-01-26_15_57_41_.rep
2025-12-05 15:34:20,931 - INFO - [336/500] 跳过已转换: szqjl_2024-01-26_16_03_02_.rep
2025-12-05 15:34:20,931 - INFO - [337/500] 跳过已转换: szqjl_2024-01-26_16_07_43_.rep
2025-12-05 15:34:20,931 - INFO - [338/500] 跳过已转换: szqjl_2024-01-26_16_37_11_.rep
2025-12-05 15:34:20,931 - INFO - [339/500] 跳过已转换: szqjl_2024-01-26_16_41_21_.rep
2025-12-05 15:34:20,947 - INFO - [340/500] 跳过已转换: szqjl_2024-01-26_16_44_30_.rep
2025-12-05 15:34:20,947 - INFO - [341/500] 跳过已转换: szqjl_2024-01-26_16_47_52_.rep
2025-12-05 15:34:20,947 - INFO - [342/500] 跳过已转换: szqjl_2024-01-26_16_51_53_.rep
2025-12-05 15:34:20,947 - INFO - [343/500] 跳过已转换: szqjl_2024-01-26_16_54_49_.rep
2025-12-05 15:34:20,947 - INFO - [344/500] 跳过已转换: szqjl_2024-01-26_16_58_36_.rep
2025-12-05 15:34:20,947 - INFO - [345/500] 跳过已转换: szqjl_2024-01-26_17_01_51_.rep
2025-12-05 15:34:20,947 - INFO - [346/500] 跳过已转换: szqjl_2024-01-26_17_04_58_.rep
2025-12-05 15:34:20,947 - INFO - [347/500] 跳过已转换: szqjl_2024-01-31_12_34_02_.rep
2025-12-05 15:34:20,947 - INFO - [348/500] 跳过已转换: szqjl_2024-01-31_12_36_46_.rep
2025-12-05 15:34:20,947 - INFO - [349/500] 跳过已转换: szqjl_2024-01-31_12_39_10_.rep
2025-12-05 15:34:20,947 - INFO - [350/500] 跳过已转换: szqjl_2024-01-31_12_42_39_.rep
2025-12-05 15:34:20,947 - INFO - [351/500] 跳过已转换: szqjl_2024-01-31_12_45_17_.rep
2025-12-05 15:34:20,962 - INFO - [352/500] 跳过已转换: szqjl_2024-01-31_12_48_57_.rep
2025-12-05 15:34:20,962 - INFO - [353/500] 跳过已转换: szqjl_2024-01-31_12_52_03_.rep
2025-12-05 15:34:20,962 - INFO - [354/500] 跳过已转换: szqjl_2024-01-31_12_57_24_.rep
2025-12-05 15:34:20,962 - INFO - [355/500] 跳过已转换: szqjl_2024-01-31_13_04_55_.rep
2025-12-05 15:34:20,962 - INFO - [356/500] 跳过已转换: szqjl_2024-01-31_13_08_29_.rep
2025-12-05 15:34:20,962 - INFO - [357/500] 跳过已转换: szqjl_2024-01-31_13_11_55_.rep
2025-12-05 15:34:20,962 - INFO - [358/500] 跳过已转换: szqjl_2024-01-31_13_15_25_.rep
2025-12-05 15:34:20,962 - INFO - [359/500] 跳过已转换: szqjl_2024-01-31_13_18_53_.rep
2025-12-05 15:34:20,962 - INFO - [360/500] 跳过已转换: szqjl_2024-01-31_13_21_55_.rep
2025-12-05 15:34:20,962 - INFO - [361/500] 跳过已转换: szqjl_2024-01-31_13_25_11_.rep
2025-12-05 15:34:20,962 - INFO - [362/500] 跳过已转换: szqjl_2024-01-31_13_28_51_.rep
2025-12-05 15:34:20,978 - INFO - [363/500] 跳过已转换: szqjl_2024-01-31_13_32_06_.rep
2025-12-05 15:34:20,978 - INFO - [364/500] 跳过已转换: szqjl_2024-01-31_13_35_20_.rep
2025-12-05 15:34:20,978 - INFO - [365/500] 跳过已转换: szqjl_2024-02-01_13_07_14_.rep
2025-12-05 15:34:20,978 - INFO - [366/500] 跳过已转换: szqjl_2024-02-01_13_10_04_.rep
2025-12-05 15:34:20,978 - INFO - [367/500] 跳过已转换: szqjl_2024-02-01_13_13_11_.rep
2025-12-05 15:34:20,978 - INFO - [368/500] 跳过已转换: szqjl_2024-02-01_13_16_30_.rep
2025-12-05 15:34:20,978 - INFO - [369/500] 跳过已转换: szqjl_2024-02-01_13_19_46_.rep
2025-12-05 15:34:20,978 - INFO - [370/500] 跳过已转换: szqjl_2024-02-01_13_23_56_.rep
2025-12-05 15:34:20,978 - INFO - [371/500] 跳过已转换: szqjl_2024-02-01_13_28_13_.rep
2025-12-05 15:34:20,978 - INFO - [372/500] 跳过已转换: szqjl_2024-02-01_13_31_50_.rep
2025-12-05 15:34:20,978 - INFO - [373/500] 跳过已转换: szqjl_2024-02-01_13_36_00_.rep
2025-12-05 15:34:20,993 - INFO - [374/500] 跳过已转换: szqjl_2024-02-02_12_52_37_.rep
2025-12-05 15:34:20,993 - INFO - [375/500] 跳过已转换: szqjl_2024-02-02_12_55_48_.rep
2025-12-05 15:34:20,993 - INFO - [376/500] 跳过已转换: szqjl_2024-02-02_13_00_05_.rep
2025-12-05 15:34:20,993 - INFO - [377/500] 跳过已转换: szqjl_2024-02-02_13_02_54_.rep
2025-12-05 15:34:20,993 - INFO - [378/500] 跳过已转换: szqjl_2024-02-02_13_07_24_.rep
2025-12-05 15:34:20,993 - INFO - [379/500] 跳过已转换: szqjl_2024-02-02_13_10_55_.rep
2025-12-05 15:34:20,993 - INFO - [380/500] 跳过已转换: szqjl_2024-02-02_13_15_33_.rep
2025-12-05 15:34:20,993 - INFO - [381/500] 跳过已转换: szqjl_2024-02-02_13_19_07_.rep
2025-12-05 15:34:20,993 - INFO - [382/500] 跳过已转换: szqjl_2024-02-02_13_22_53_.rep
2025-12-05 15:34:20,993 - INFO - [383/500] 跳过已转换: szqjl_2024-02-02_13_26_33_.rep
2025-12-05 15:34:20,993 - INFO - [384/500] 跳过已转换: _2024-02-04_12_15_56.rep
2025-12-05 15:34:20,993 - INFO - [385/500] 跳过已转换: _2024-02-04_12_20_27.rep
2025-12-05 15:34:21,009 - INFO - [386/500] 跳过已转换: _2024-02-04_12_23_47.rep
2025-12-05 15:34:21,009 - INFO - [387/500] 跳过已转换: _2024-02-04_12_29_03.rep
2025-12-05 15:34:21,009 - INFO - [388/500] 跳过已转换: _2024-02-04_12_35_09.rep
2025-12-05 15:34:21,009 - INFO - [389/500] 跳过已转换: szqjl_2024-02-04_13_42_56_.rep
2025-12-05 15:34:21,009 - INFO - [390/500] 跳过已转换: szqjl_2024-02-04_13_46_38_.rep
2025-12-05 15:34:21,009 - INFO - [391/500] 跳过已转换: szqjl_2024-02-04_13_50_35_.rep
2025-12-05 15:34:21,009 - INFO - [392/500] 跳过已转换: szqjl_2024-02-04_13_54_26_.rep
2025-12-05 15:34:21,009 - INFO - [393/500] 跳过已转换: szqjl_2024-02-04_13_58_00_.rep
2025-12-05 15:34:21,009 - INFO - [394/500] 跳过已转换: szqjl_2024-02-04_14_02_01_.rep
2025-12-05 15:34:21,009 - INFO - [395/500] 跳过已转换: szqjl_2024-02-04_14_04_54_.rep
2025-12-05 15:34:21,009 - INFO - [396/500] 跳过已转换: szqjl_2024-02-04_14_08_15_.rep
2025-12-05 15:34:21,009 - INFO - [397/500] 跳过已转换: szqjl_2024-02-04_14_10_54_.rep
2025-12-05 15:34:21,025 - INFO - [398/500] 跳过已转换: szqjl_2024-02-04_14_13_58_.rep
2025-12-05 15:34:21,025 - INFO - [399/500] 跳过已转换: szqjl_2024-02-04_14_18_24_.rep
2025-12-05 15:34:21,025 - INFO - [400/500] 跳过已转换: szqjl_2024-02-04_14_20_50_.rep
2025-12-05 15:34:21,025 - INFO - [401/500] 跳过已转换: szqjl_2024-02-04_14_23_46_.rep
2025-12-05 15:34:21,025 - INFO - [402/500] 跳过已转换: szqjl_2024-02-04_15_01_43_.rep
2025-12-05 15:34:21,025 - INFO - [403/500] 跳过已转换: szqjl_2024-02-04_15_04_11_.rep
2025-12-05 15:34:21,025 - INFO - [404/500] 跳过已转换: szqjl_2024-02-04_15_07_27_.rep
2025-12-05 15:34:21,025 - INFO - [405/500] 跳过已转换: szqjl_2024-02-04_15_10_46_.rep
2025-12-05 15:34:21,025 - INFO - [406/500] 跳过已转换: szqjl_2024-02-04_15_13_35_.rep
2025-12-05 15:34:21,025 - INFO - [407/500] 跳过已转换: szqjl_2024-02-04_15_17_07_.rep
2025-12-05 15:34:21,025 - INFO - [408/500] 跳过已转换: szqjl_2024-02-04_15_19_43_.rep
2025-12-05 15:34:21,025 - INFO - [409/500] 跳过已转换: szqjl_2024-02-04_15_23_13_.rep
2025-12-05 15:34:21,040 - INFO - [410/500] 跳过已转换: szqjl_2024-02-04_15_26_21_.rep
2025-12-05 15:34:21,040 - INFO - [411/500] 跳过已转换: szqjl_2024-02-04_15_29_37_.rep
2025-12-05 15:34:21,040 - INFO - [412/500] 跳过已转换: szqjl_2024-02-04_15_32_43_.rep
2025-12-05 15:34:21,040 - INFO - [413/500] 跳过已转换: szqjl_2024-02-04_15_35_53_.rep
2025-12-05 15:34:21,040 - INFO - [414/500] 跳过已转换: szqjl_2024-02-04_15_38_38_.rep
2025-12-05 15:34:21,040 - INFO - [415/500] 跳过已转换: szqjl_2024-02-05_10_06_47_.rep
2025-12-05 15:34:21,040 - INFO - [416/500] 跳过已转换: szqjl_2024-02-05_10_09_54_.rep
2025-12-05 15:34:21,040 - INFO - [417/500] 跳过已转换: szqjl_2024-02-05_10_13_20_.rep
2025-12-05 15:34:21,040 - INFO - [418/500] 跳过已转换: szqjl_2024-02-05_10_16_07_.rep
2025-12-05 15:34:21,040 - INFO - [419/500] 跳过已转换: szqjl_2024-02-05_10_18_12_.rep
2025-12-05 15:34:21,040 - INFO - [420/500] 跳过已转换: szqjl_2024-02-05_10_21_31_.rep
2025-12-05 15:34:21,040 - INFO - [421/500] 跳过已转换: szqjl_2024-02-05_10_23_39_.rep
2025-12-05 15:34:21,056 - INFO - [422/500] 跳过已转换: szqjl_2024-02-05_10_27_19_.rep
2025-12-05 15:34:21,056 - INFO - [423/500] 跳过已转换: szqjl_2024-02-05_10_31_35_.rep
2025-12-05 15:34:21,056 - INFO - [424/500] 跳过已转换: szqjl_2024-02-05_10_40_18_.rep
2025-12-05 15:34:21,056 - INFO - [425/500] 跳过已转换: szqjl_2024-02-05_10_47_22_.rep
2025-12-05 15:34:21,056 - INFO - [426/500] 跳过已转换: szqjl_2024-02-05_10_58_17_.rep
2025-12-05 15:34:21,056 - INFO - [427/500] 跳过已转换: szqjl_2024-02-06_11_01_24_.rep
2025-12-05 15:34:21,056 - INFO - [428/500] 跳过已转换: szqjl_2024-02-06_11_04_29_.rep
2025-12-05 15:34:21,056 - INFO - [429/500] 跳过已转换: szqjl_2024-02-06_11_08_30_.rep
2025-12-05 15:34:21,056 - INFO - [430/500] 跳过已转换: szqjl_2024-02-06_11_11_24_.rep
2025-12-05 15:34:21,056 - INFO - [431/500] 跳过已转换: szqjl_2024-02-06_11_16_10_.rep
2025-12-05 15:34:21,056 - INFO - [432/500] 跳过已转换: szqjl_2024-02-06_11_19_19_.rep
2025-12-05 15:34:21,072 - INFO - [433/500] 跳过已转换: szqjl_2024-02-06_11_22_46_.rep
2025-12-05 15:34:21,072 - INFO - [434/500] 跳过已转换: szqjl_2024-02-06_11_26_44_.rep
2025-12-05 15:34:21,072 - INFO - [435/500] 跳过已转换: szqjl_2024-02-06_11_31_06_.rep
2025-12-05 15:34:21,072 - INFO - [436/500] 跳过已转换: szqjl_2024-02-06_11_34_54_.rep
2025-12-05 15:34:21,072 - INFO - [437/500] 跳过已转换: szqjl_2024-02-06_11_38_43_.rep
2025-12-05 15:34:21,072 - INFO - [438/500] 跳过已转换: szqjl_2024-02-06_11_42_55_.rep
2025-12-05 15:34:21,072 - INFO - [439/500] 跳过已转换: szqjl_2024-02-06_12_26_26_.rep
2025-12-05 15:34:21,072 - INFO - [440/500] 跳过已转换: szqjl_2024-02-06_12_29_54_.rep
2025-12-05 15:34:21,072 - INFO - [441/500] 跳过已转换: szqjl_2024-02-06_12_33_04_.rep
2025-12-05 15:34:21,072 - INFO - [442/500] 跳过已转换: szqjl_2024-02-06_12_36_28_.rep
2025-12-05 15:34:21,072 - INFO - [443/500] 跳过已转换: szqjl_2024-02-06_12_41_13_.rep
2025-12-05 15:34:21,087 - INFO - [444/500] 跳过已转换: szqjl_2024-02-06_12_45_33_.rep
2025-12-05 15:34:21,087 - INFO - [445/500] 跳过已转换: szqjl_2024-02-06_12_50_31_.rep
2025-12-05 15:34:21,087 - INFO - [446/500] 跳过已转换: szqjl_2024-02-06_12_54_46_.rep
2025-12-05 15:34:21,087 - INFO - [447/500] 跳过已转换: szqjl_2024-02-06_12_57_52_.rep
2025-12-05 15:34:21,087 - INFO - [448/500] 跳过已转换: szqjl_2024-02-06_13_01_24_.rep
2025-12-05 15:34:21,087 - INFO - [449/500] 跳过已转换: szqjl_2024-02-06_13_08_34_.rep
2025-12-05 15:34:21,087 - INFO - [450/500] 跳过已转换: szqjl_2024-02-06_14_49_03_.rep
2025-12-05 15:34:21,087 - INFO - [451/500] 跳过已转换: szqjl_2024-02-06_14_55_08_.rep
2025-12-05 15:34:21,087 - INFO - [452/500] 跳过已转换: szqjl_2024-02-06_15_13_48_.rep
2025-12-05 15:34:21,087 - INFO - [453/500] 跳过已转换: szqjl_2024-02-06_15_17_16_.rep
2025-12-05 15:34:21,087 - INFO - [454/500] 跳过已转换: szqjl_2024-02-06_15_22_43_.rep
2025-12-05 15:34:21,087 - INFO - [455/500] 跳过已转换: szqjl_2024-02-06_15_26_39_.rep
2025-12-05 15:34:21,103 - INFO - [456/500] 跳过已转换: szqjl_2024-02-06_15_30_12_.rep
2025-12-05 15:34:21,103 - INFO - [457/500] 跳过已转换: szqjl_2024-02-06_16_08_45_.rep
2025-12-05 15:34:21,103 - INFO - [458/500] 跳过已转换: szqjl_2024-02-06_16_12_15_.rep
2025-12-05 15:34:21,103 - INFO - [459/500] 跳过已转换: szqjl_2024-02-06_16_14_37_.rep
2025-12-05 15:34:21,103 - INFO - [460/500] 跳过已转换: szqjl_2024-02-06_16_19_13_.rep
2025-12-05 15:34:21,103 - INFO - [461/500] 跳过已转换: szqjl_2024-02-06_16_22_54_.rep
2025-12-05 15:34:21,103 - INFO - [462/500] 跳过已转换: szqjl_2024-02-07_10_16_08_.rep
2025-12-05 15:34:21,103 - INFO - [463/500] 跳过已转换: szqjl_2024-02-07_10_22_31_.rep
2025-12-05 15:34:21,103 - INFO - [464/500] 跳过已转换: szqjl_2024-02-07_10_25_54_.rep
2025-12-05 15:34:21,103 - INFO - [465/500] 跳过已转换: szqjl_2024-02-07_10_28_57_.rep
2025-12-05 15:34:21,103 - INFO - [466/500] 跳过已转换: szqjl_2024-02-07_10_32_39_.rep
2025-12-05 15:34:21,118 - INFO - [467/500] 跳过已转换: szqjl_2024-02-07_10_36_05_.rep
2025-12-05 15:34:21,118 - INFO - [468/500] 跳过已转换: szqjl_2024-02-07_10_38_50_.rep
2025-12-05 15:34:21,118 - INFO - [469/500] 跳过已转换: szqjl_2024-02-07_10_41_37_.rep
2025-12-05 15:34:21,118 - INFO - [470/500] 跳过已转换: szqjl_2024-02-07_10_45_11_.rep
2025-12-05 15:34:21,118 - INFO - [471/500] 跳过已转换: szqjl_2024-02-07_10_48_35_.rep
2025-12-05 15:34:21,118 - INFO - [472/500] 跳过已转换: szqjl_2024-02-07_10_53_57_.rep
2025-12-05 15:34:21,118 - INFO - [473/500] 跳过已转换: szqjl_2024-02-07_10_56_36_.rep
2025-12-05 15:34:21,118 - INFO - [474/500] 跳过已转换: szqjl_2024-02-07_11_01_16_.rep
2025-12-05 15:34:21,118 - INFO - [475/500] 跳过已转换: szqjl_2024-02-07_11_04_33_.rep
2025-12-05 15:34:21,118 - INFO - [476/500] 跳过已转换: szqjl_2024-02-07_11_08_46_.rep
2025-12-05 15:34:21,118 - INFO - [477/500] 跳过已转换: szqjl_2024-02-07_15_08_43_.rep
2025-12-05 15:34:21,118 - INFO - [478/500] 跳过已转换: szqjl_2024-02-07_15_12_31_.rep
2025-12-05 15:34:21,134 - INFO - [479/500] 跳过已转换: szqjl_2024-02-07_15_16_12_.rep
2025-12-05 15:34:21,134 - INFO - [480/500] 跳过已转换: szqjl_2024-02-07_15_19_34_.rep
2025-12-05 15:34:21,134 - INFO - [481/500] 跳过已转换: szqjl_2024-02-07_15_22_55_.rep
2025-12-05 15:34:21,134 - INFO - [482/500] 跳过已转换: szqjl_2024-02-07_15_25_48_.rep
2025-12-05 15:34:21,134 - INFO - [483/500] 跳过已转换: szqjl_2024-02-07_15_30_34_.rep
2025-12-05 15:34:21,134 - INFO - [484/500] 跳过已转换: szqjl_2024-02-07_15_35_02_.rep
2025-12-05 15:34:21,134 - INFO - [485/500] 跳过已转换: szqjl_2024-02-07_15_37_44_.rep
2025-12-05 15:34:21,134 - INFO - [486/500] 跳过已转换: szqjl_2024-02-07_15_41_35_.rep
2025-12-05 15:34:21,134 - INFO - [487/500] 跳过已转换: szqjl_2024-02-07_15_44_11_.rep
2025-12-05 15:34:21,134 - INFO - [488/500] 跳过已转换: szqjl_2024-02-08_12_50_10_.rep
2025-12-05 15:34:21,134 - INFO - [489/500] 跳过已转换: szqjl_2024-02-08_12_54_43_.rep
2025-12-05 15:34:21,150 - INFO - [490/500] 跳过已转换: szqjl_2024-02-08_12_59_17_.rep
2025-12-05 15:34:21,150 - INFO - [491/500] 跳过已转换: szqjl_2024-02-08_13_03_48_.rep
2025-12-05 15:34:21,150 - INFO - [492/500] 跳过已转换: szqjl_2024-02-08_13_07_49_.rep
2025-12-05 15:34:21,150 - INFO - [493/500] 跳过已转换: szqjl_2024-02-08_13_11_26_.rep
2025-12-05 15:34:21,150 - INFO - [494/500] 跳过已转换: szqjl_2024-02-08_13_14_48_.rep
2025-12-05 15:34:21,150 - INFO - [495/500] 跳过已转换: szqjl_2024-02-08_13_19_00_.rep
2025-12-05 15:34:21,150 - INFO - [496/500] 跳过已转换: szqjl_2024-02-08_13_24_07_.rep
2025-12-05 15:34:21,150 - INFO - [497/500] 跳过已转换: szqjl_2024-02-08_13_27_57_.rep
2025-12-05 15:34:21,150 - INFO - [498/500] 跳过已转换: szqjl_2024-02-18_12_55_25_.rep
2025-12-05 15:34:21,150 - INFO - [499/500] 跳过已转换: szqjl_2024-02-18_12_58_38_.rep
2025-12-05 15:34:21,150 - INFO - [500/500] 跳过已转换: szqjl_2024-02-18_13_01_50_.rep
2025-12-05 15:34:21,150 - INFO - 
2025-12-05 15:34:21,150 - INFO - ============================================================
2025-12-05 15:34:21,150 - INFO - 批量转换完成！
2025-12-05 15:34:21,150 - INFO - ============================================================
2025-12-05 15:34:21,165 - INFO - 总文件数: 10119
2025-12-05 15:34:21,165 - INFO - 成功转换: 0
2025-12-05 15:34:21,165 - INFO - 跳过文件: 500
2025-12-05 15:34:21,165 - INFO - 失败文件: 0
2025-12-05 15:34:21,165 - INFO - 总训练样本: 0 个
2025-12-05 15:34:21,165 - INFO - 总耗时: 0.0 分钟
2025-12-05 15:34:21,165 - INFO - 平均速度: 0.0 文件/秒
2025-12-05 15:34:21,165 - INFO - ============================================================
2025-12-05 15:36:54,006 - INFO - 限制转换数量: 500 个文件（跳过已转换的文件不计入）
2025-12-05 15:36:54,006 - INFO - 找到 10119 个.rep文件
2025-12-05 15:36:54,006 - INFO - 输出目录: game_records
2025-12-05 15:36:54,006 - INFO - 优先选择获胜玩家: True
2025-12-05 15:36:54,006 - INFO - ============================================================
2025-12-05 15:36:54,006 - INFO - [1/10119] 跳过已转换: szqjl_2023-12-26_12_55_13_.rep
2025-12-05 15:36:54,006 - INFO - [2/10119] 跳过已转换: szqjl_2023-12-26_12_58_47_.rep
2025-12-05 15:36:54,006 - INFO - [3/10119] 跳过已转换: szqjl_2023-12-26_13_02_18_.rep
2025-12-05 15:36:54,006 - INFO - [4/10119] 跳过已转换: szqjl_2023-12-26_13_05_29_.rep
2025-12-05 15:36:54,006 - INFO - [5/10119] 跳过已转换: szqjl_2023-12-26_13_08_42_.rep
2025-12-05 15:36:54,006 - INFO - [6/10119] 跳过已转换: szqjl_2023-12-26_13_12_15_.rep
2025-12-05 15:36:54,006 - INFO - [7/10119] 跳过已转换: szqjl_2023-12-26_13_15_13_.rep
2025-12-05 15:36:54,022 - INFO - [8/10119] 跳过已转换: szqjl_2023-12-26_13_17_55_.rep
2025-12-05 15:36:54,022 - INFO - [9/10119] 跳过已转换: szqjl_2023-12-26_13_21_34_.rep
2025-12-05 15:36:54,022 - INFO - [10/10119] 跳过已转换: szqjl_2023-12-26_13_26_15_.rep
2025-12-05 15:36:54,022 - INFO - [11/10119] 跳过已转换: szqjl_2023-12-26_13_30_14_.rep
2025-12-05 15:36:54,022 - INFO - [12/10119] 跳过已转换: szqjl_2023-12-26_13_32_47_.rep
2025-12-05 15:36:54,022 - INFO - [13/10119] 跳过已转换: szqjl_2023-12-26_13_35_34_.rep
2025-12-05 15:36:54,022 - INFO - [14/10119] 跳过已转换: szqjl_2023-12-26_13_40_54_.rep
2025-12-05 15:36:54,022 - INFO - [15/10119] 跳过已转换: szqjl_2023-12-26_13_44_09_.rep
2025-12-05 15:36:54,022 - INFO - [16/10119] 跳过已转换: szqjl_2023-12-26_13_47_29_.rep
2025-12-05 15:36:54,022 - INFO - [17/10119] 跳过已转换: szqjl_2023-12-26_13_50_51_.rep
2025-12-05 15:36:54,022 - INFO - [18/10119] 跳过已转换: szqjl_2023-12-26_13_54_03_.rep
2025-12-05 15:36:54,022 - INFO - [19/10119] 跳过已转换: szqjl_2023-12-26_13_57_55_.rep
2025-12-05 15:36:54,037 - INFO - [20/10119] 跳过已转换: szqjl_2023-12-26_14_01_39_.rep
2025-12-05 15:36:54,037 - INFO - [21/10119] 跳过已转换: szqjl_2023-12-26_14_05_12_.rep
2025-12-05 15:36:54,037 - INFO - [22/10119] 跳过已转换: szqjl_2023-12-26_14_09_24_.rep
2025-12-05 15:36:54,037 - INFO - [23/10119] 跳过已转换: szqjl_2023-12-26_14_12_30_.rep
2025-12-05 15:36:54,037 - INFO - [24/10119] 跳过已转换: szqjl_2023-12-26_14_15_41_.rep
2025-12-05 15:36:54,037 - INFO - [25/10119] 跳过已转换: szqjl_2023-12-28_11_56_44_.rep
2025-12-05 15:36:54,037 - INFO - [26/10119] 跳过已转换: szqjl_2023-12-28_12_01_00_.rep
2025-12-05 15:36:54,037 - INFO - [27/10119] 跳过已转换: szqjl_2023-12-28_12_04_42_.rep
2025-12-05 15:36:54,037 - INFO - [28/10119] 跳过已转换: szqjl_2023-12-28_12_08_29_.rep
2025-12-05 15:36:54,037 - INFO - [29/10119] 跳过已转换: szqjl_2023-12-28_12_12_10_.rep
2025-12-05 15:36:54,037 - INFO - [30/10119] 跳过已转换: szqjl_2023-12-28_12_16_33_.rep
2025-12-05 15:36:54,053 - INFO - [31/10119] 跳过已转换: szqjl_2024-01-12_12_16_24_.rep
2025-12-05 15:36:54,053 - INFO - [32/10119] 跳过已转换: szqjl_2024-01-12_12_19_28_.rep
2025-12-05 15:36:54,053 - INFO - [33/10119] 跳过已转换: szqjl_2024-01-12_12_24_20_.rep
2025-12-05 15:36:54,053 - INFO - [34/10119] 跳过已转换: szqjl_2024-01-12_12_35_38_.rep
2025-12-05 15:36:54,053 - INFO - [35/10119] 跳过已转换: szqjl_2024-01-12_12_40_09_.rep
2025-12-05 15:36:54,053 - INFO - [36/10119] 跳过已转换: szqjl_2024-01-12_13_05_35_.rep
2025-12-05 15:36:54,053 - INFO - [37/10119] 跳过已转换: szqjl_2024-01-12_13_09_16_.rep
2025-12-05 15:36:54,053 - INFO - [38/10119] 跳过已转换: szqjl_2024-01-12_13_14_21_.rep
2025-12-05 15:36:54,053 - INFO - [39/10119] 跳过已转换: szqjl_2024-01-12_13_17_56_.rep
2025-12-05 15:36:54,053 - INFO - [40/10119] 跳过已转换: szqjl_2024-01-12_13_24_10_.rep
2025-12-05 15:36:54,053 - INFO - [41/10119] 跳过已转换: szqjl_2024-01-12_13_29_17_.rep
2025-12-05 15:36:54,053 - INFO - [42/10119] 跳过已转换: szqjl_2024-01-12_13_33_55_.rep
2025-12-05 15:36:54,053 - INFO - [43/10119] 跳过已转换: szqjl_2024-01-12_13_38_06_.rep
2025-12-05 15:36:54,069 - INFO - [44/10119] 跳过已转换: szqjl_2024-01-12_13_45_01_.rep
2025-12-05 15:36:54,069 - INFO - [45/10119] 跳过已转换: szqjl_2024-01-12_13_50_10_.rep
2025-12-05 15:36:54,069 - INFO - [46/10119] 跳过已转换: szqjl_2024-01-12_13_54_07_.rep
2025-12-05 15:36:54,069 - INFO - [47/10119] 跳过已转换: szqjl_2024-01-12_14_03_17_.rep
2025-12-05 15:36:54,069 - INFO - [48/10119] 跳过已转换: szqjl_2024-01-12_16_21_35_.rep
2025-12-05 15:36:54,069 - INFO - [49/10119] 跳过已转换: szqjl_2024-01-12_16_25_15_.rep
2025-12-05 15:36:54,069 - INFO - [50/10119] 跳过已转换: szqjl_2024-01-12_16_29_40_.rep
2025-12-05 15:36:54,069 - INFO - [51/10119] 跳过已转换: szqjl_2024-01-12_16_33_27_.rep
2025-12-05 15:36:54,069 - INFO - [52/10119] 跳过已转换: szqjl_2024-01-12_16_36_28_.rep
2025-12-05 15:36:54,069 - INFO - [53/10119] 跳过已转换: szqjl_2024-01-12_16_40_09_.rep
2025-12-05 15:36:54,069 - INFO - [54/10119] 跳过已转换: szqjl_2024-01-12_16_43_42_.rep
2025-12-05 15:36:54,069 - INFO - [55/10119] 跳过已转换: szqjl_2024-01-12_16_48_57_.rep
2025-12-05 15:36:54,084 - INFO - [56/10119] 跳过已转换: szqjl_2024-01-12_16_52_28_.rep
2025-12-05 15:36:54,084 - INFO - [57/10119] 跳过已转换: szqjl_2024-01-12_16_56_24_.rep
2025-12-05 15:36:54,084 - INFO - [58/10119] 跳过已转换: szqjl_2024-01-12_16_59_44_.rep
2025-12-05 15:36:54,084 - INFO - [59/10119] 跳过已转换: szqjl_2024-01-12_17_03_29_.rep
2025-12-05 15:36:54,084 - INFO - [60/10119] 跳过已转换: szqjl_2024-01-15_09_21_24_.rep
2025-12-05 15:36:54,084 - INFO - [61/10119] 跳过已转换: szqjl_2024-01-15_09_24_40_.rep
2025-12-05 15:36:54,084 - INFO - [62/10119] 跳过已转换: szqjl_2024-01-15_09_28_17_.rep
2025-12-05 15:36:54,084 - INFO - [63/10119] 跳过已转换: szqjl_2024-01-15_09_32_39_.rep
2025-12-05 15:36:54,084 - INFO - [64/10119] 跳过已转换: szqjl_2024-01-15_09_36_05_.rep
2025-12-05 15:36:54,084 - INFO - [65/10119] 跳过已转换: szqjl_2024-01-15_09_40_01_.rep
2025-12-05 15:36:54,084 - INFO - [66/10119] 跳过已转换: szqjl_2024-01-15_09_43_25_.rep
2025-12-05 15:36:54,084 - INFO - [67/10119] 跳过已转换: szqjl_2024-01-15_09_49_14_.rep
2025-12-05 15:36:54,100 - INFO - [68/10119] 跳过已转换: szqjl_2024-01-15_09_54_15_.rep
2025-12-05 15:36:54,100 - INFO - [69/10119] 跳过已转换: szqjl_2024-01-15_09_58_18_.rep
2025-12-05 15:36:54,100 - INFO - [70/10119] 跳过已转换: szqjl_2024-01-15_12_19_30_.rep
2025-12-05 15:36:54,100 - INFO - [71/10119] 跳过已转换: szqjl_2024-01-15_12_23_04_.rep
2025-12-05 15:36:54,100 - INFO - [72/10119] 跳过已转换: szqjl_2024-01-15_12_32_49_.rep
2025-12-05 15:36:54,100 - INFO - [73/10119] 跳过已转换: szqjl_2024-01-15_12_38_30_.rep
2025-12-05 15:36:54,100 - INFO - [74/10119] 跳过已转换: szqjl_2024-01-15_12_44_46_.rep
2025-12-05 15:36:54,100 - INFO - [75/10119] 跳过已转换: szqjl_2024-01-15_12_48_05_.rep
2025-12-05 15:36:54,100 - INFO - [76/10119] 跳过已转换: szqjl_2024-01-15_12_51_41_.rep
2025-12-05 15:36:54,100 - INFO - [77/10119] 跳过已转换: szqjl_2024-01-15_12_55_02_.rep
2025-12-05 15:36:54,100 - INFO - [78/10119] 跳过已转换: szqjl_2024-01-15_12_57_53_.rep
2025-12-05 15:36:54,100 - INFO - [79/10119] 跳过已转换: szqjl_2024-01-15_13_00_53_.rep
2025-12-05 15:36:54,115 - INFO - [80/10119] 跳过已转换: szqjl_2024-01-15_13_03_20_.rep
2025-12-05 15:36:54,115 - INFO - [81/10119] 跳过已转换: szqjl_2024-01-15_13_07_10_.rep
2025-12-05 15:36:54,115 - INFO - [82/10119] 跳过已转换: szqjl_2024-01-15_13_10_38_.rep
2025-12-05 15:36:54,115 - INFO - [83/10119] 跳过已转换: szqjl_2024-01-15_13_13_28_.rep
2025-12-05 15:36:54,115 - INFO - [84/10119] 跳过已转换: szqjl_2024-01-15_13_16_53_.rep
2025-12-05 15:36:54,115 - INFO - [85/10119] 跳过已转换: szqjl_2024-01-15_13_19_46_.rep
2025-12-05 15:36:54,115 - INFO - [86/10119] 跳过已转换: szqjl_2024-01-15_13_23_18_.rep
2025-12-05 15:36:54,115 - INFO - [87/10119] 跳过已转换: szqjl_2024-01-15_13_26_40_.rep
2025-12-05 15:36:54,115 - INFO - [88/10119] 跳过已转换: szqjl_2024-01-15_13_32_15_.rep
2025-12-05 15:36:54,115 - INFO - [89/10119] 跳过已转换: szqjl_2024-01-15_13_35_24_.rep
2025-12-05 15:36:54,115 - INFO - [90/10119] 跳过已转换: szqjl_2024-01-15_13_38_40_.rep
2025-12-05 15:36:54,115 - INFO - [91/10119] 跳过已转换: szqjl_2024-01-15_13_41_40_.rep
2025-12-05 15:36:54,131 - INFO - [92/10119] 跳过已转换: szqjl_2024-01-15_13_45_22_.rep
2025-12-05 15:36:54,131 - INFO - [93/10119] 跳过已转换: szqjl_2024-01-15_13_49_36_.rep
2025-12-05 15:36:54,131 - INFO - [94/10119] 跳过已转换: szqjl_2024-01-15_13_53_06_.rep
2025-12-05 15:36:54,131 - INFO - [95/10119] 跳过已转换: szqjl_2024-01-15_13_56_41_.rep
2025-12-05 15:36:54,131 - INFO - [96/10119] 跳过已转换: szqjl_2024-01-15_14_00_52_.rep
2025-12-05 15:36:54,131 - INFO - [97/10119] 跳过已转换: szqjl_2024-01-15_14_05_23_.rep
2025-12-05 15:36:54,131 - INFO - [98/10119] 跳过已转换: szqjl_2024-01-15_14_09_48_.rep
2025-12-05 15:36:54,131 - INFO - [99/10119] 跳过已转换: szqjl_2024-01-15_14_13_05_.rep
2025-12-05 15:36:54,131 - INFO - [100/10119] 跳过已转换: szqjl_2024-01-15_14_15_57_.rep
2025-12-05 15:36:54,131 - INFO - [101/10119] 跳过已转换: szqjl_2024-01-15_14_19_28_.rep
2025-12-05 15:36:54,131 - INFO - [102/10119] 跳过已转换: szqjl_2024-01-15_14_22_43_.rep
2025-12-05 15:36:54,131 - INFO - [103/10119] 跳过已转换: szqjl_2024-01-15_14_26_00_.rep
2025-12-05 15:36:54,147 - INFO - [104/10119] 跳过已转换: szqjl_2024-01-15_14_29_07_.rep
2025-12-05 15:36:54,147 - INFO - [105/10119] 跳过已转换: szqjl_2024-01-15_16_06_22_.rep
2025-12-05 15:36:54,147 - INFO - [106/10119] 跳过已转换: szqjl_2024-01-15_16_09_51_.rep
2025-12-05 15:36:54,147 - INFO - [107/10119] 跳过已转换: szqjl_2024-01-15_16_12_22_.rep
2025-12-05 15:36:54,147 - INFO - [108/10119] 跳过已转换: szqjl_2024-01-15_16_14_58_.rep
2025-12-05 15:36:54,147 - INFO - [109/10119] 跳过已转换: szqjl_2024-01-15_16_17_53_.rep
2025-12-05 15:36:54,147 - INFO - [110/10119] 跳过已转换: szqjl_2024-01-15_16_23_04_.rep
2025-12-05 15:36:54,147 - INFO - [111/10119] 跳过已转换: szqjl_2024-01-15_16_26_29_.rep
2025-12-05 15:36:54,147 - INFO - [112/10119] 跳过已转换: szqjl_2024-01-15_16_29_58_.rep
2025-12-05 15:36:54,147 - INFO - [113/10119] 跳过已转换: szqjl_2024-01-15_16_33_47_.rep
2025-12-05 15:36:54,147 - INFO - [114/10119] 跳过已转换: szqjl_2024-01-15_16_38_14_.rep
2025-12-05 15:36:54,147 - INFO - [115/10119] 跳过已转换: szqjl_2024-01-15_16_42_55_.rep
2025-12-05 15:36:54,162 - INFO - [116/10119] 跳过已转换: szqjl_2024-01-15_16_47_11_.rep
2025-12-05 15:36:54,162 - INFO - [117/10119] 跳过已转换: szqjl_2024-01-15_16_50_53_.rep
2025-12-05 15:36:54,162 - INFO - [118/10119] 跳过已转换: szqjl_2024-01-15_16_54_56_.rep
2025-12-05 15:36:54,162 - INFO - [119/10119] 跳过已转换: szqjl_2024-01-17_11_08_40_.rep
2025-12-05 15:36:54,162 - INFO - [120/10119] 跳过已转换: szqjl_2024-01-17_11_12_30_.rep
2025-12-05 15:36:54,162 - INFO - [121/10119] 跳过已转换: szqjl_2024-01-17_11_18_04_.rep
2025-12-05 15:36:54,162 - INFO - [122/10119] 跳过已转换: szqjl_2024-01-17_11_22_10_.rep
2025-12-05 15:36:54,162 - INFO - [123/10119] 跳过已转换: szqjl_2024-01-17_11_26_10_.rep
2025-12-05 15:36:54,162 - INFO - [124/10119] 跳过已转换: szqjl_2024-01-17_11_32_54_.rep
2025-12-05 15:36:54,162 - INFO - [125/10119] 跳过已转换: szqjl_2024-01-17_11_37_35_.rep
2025-12-05 15:36:54,162 - INFO - [126/10119] 跳过已转换: szqjl_2024-01-17_12_15_29_.rep
2025-12-05 15:36:54,162 - INFO - [127/10119] 跳过已转换: szqjl_2024-01-17_12_19_09_.rep
2025-12-05 15:36:54,162 - INFO - [128/10119] 跳过已转换: szqjl_2024-01-17_12_23_14_.rep
2025-12-05 15:36:54,178 - INFO - [129/10119] 跳过已转换: szqjl_2024-01-17_12_27_33_.rep
2025-12-05 15:36:54,178 - INFO - [130/10119] 跳过已转换: szqjl_2024-01-17_12_34_09_.rep
2025-12-05 15:36:54,178 - INFO - [131/10119] 跳过已转换: szqjl_2024-01-17_12_39_19_.rep
2025-12-05 15:36:54,178 - INFO - [132/10119] 跳过已转换: szqjl_2024-01-17_12_42_35_.rep
2025-12-05 15:36:54,178 - INFO - [133/10119] 跳过已转换: szqjl_2024-01-17_12_46_57_.rep
2025-12-05 15:36:54,178 - INFO - [134/10119] 跳过已转换: szqjl_2024-01-17_12_52_15_.rep
2025-12-05 15:36:54,178 - INFO - [135/10119] 跳过已转换: szqjl_2024-01-17_12_56_29_.rep
2025-12-05 15:36:54,178 - INFO - [136/10119] 跳过已转换: szqjl_2024-01-17_13_00_13_.rep
2025-12-05 15:36:54,178 - INFO - [137/10119] 跳过已转换: szqjl_2024-01-17_13_08_52_.rep
2025-12-05 15:36:54,178 - INFO - [138/10119] 跳过已转换: szqjl_2024-01-17_13_13_23_.rep
2025-12-05 15:36:54,178 - INFO - [139/10119] 跳过已转换: szqjl_2024-01-17_13_18_15_.rep
2025-12-05 15:36:54,194 - INFO - [140/10119] 跳过已转换: szqjl_2024-01-17_13_25_20_.rep
2025-12-05 15:36:54,194 - INFO - [141/10119] 跳过已转换: szqjl_2024-01-17_13_29_45_.rep
2025-12-05 15:36:54,194 - INFO - [142/10119] 跳过已转换: szqjl_2024-01-17_13_38_36_.rep
2025-12-05 15:36:54,194 - INFO - [143/10119] 跳过已转换: szqjl_2024-01-17_13_42_36_.rep
2025-12-05 15:36:54,194 - INFO - [144/10119] 跳过已转换: szqjl_2024-01-17_13_46_14_.rep
2025-12-05 15:36:54,194 - INFO - [145/10119] 跳过已转换: szqjl_2024-01-17_13_50_49_.rep
2025-12-05 15:36:54,194 - INFO - [146/10119] 跳过已转换: szqjl_2024-01-17_13_54_51_.rep
2025-12-05 15:36:54,194 - INFO - [147/10119] 跳过已转换: szqjl_2024-01-17_13_59_23_.rep
2025-12-05 15:36:54,194 - INFO - [148/10119] 跳过已转换: szqjl_2024-01-17_14_03_46_.rep
2025-12-05 15:36:54,194 - INFO - [149/10119] 跳过已转换: szqjl_2024-01-17_14_08_27_.rep
2025-12-05 15:36:54,194 - INFO - [150/10119] 跳过已转换: szqjl_2024-01-17_14_12_25_.rep
2025-12-05 15:36:54,194 - INFO - [151/10119] 跳过已转换: szqjl_2024-01-17_14_17_57_.rep
2025-12-05 15:36:54,209 - INFO - [152/10119] 跳过已转换: szqjl_2024-01-17_14_20_55_.rep
2025-12-05 15:36:54,209 - INFO - [153/10119] 跳过已转换: szqjl_2024-01-17_14_23_38_.rep
2025-12-05 15:36:54,209 - INFO - [154/10119] 跳过已转换: szqjl_2024-01-17_14_26_34_.rep
2025-12-05 15:36:54,209 - INFO - [155/10119] 跳过已转换: szqjl_2024-01-17_14_29_37_.rep
2025-12-05 15:36:54,209 - INFO - [156/10119] 跳过已转换: szqjl_2024-01-17_14_33_15_.rep
2025-12-05 15:36:54,209 - INFO - [157/10119] 跳过已转换: szqjl_2024-01-17_14_35_49_.rep
2025-12-05 15:36:54,209 - INFO - [158/10119] 跳过已转换: szqjl_2024-01-18_09_31_52_.rep
2025-12-05 15:36:54,209 - INFO - [159/10119] 跳过已转换: szqjl_2024-01-18_09_36_56_.rep
2025-12-05 15:36:54,209 - INFO - [160/10119] 跳过已转换: szqjl_2024-01-18_09_43_57_.rep
2025-12-05 15:36:54,209 - INFO - [161/10119] 跳过已转换: szqjl_2024-01-18_09_47_09_.rep
2025-12-05 15:36:54,209 - INFO - [162/10119] 跳过已转换: szqjl_2024-01-18_09_50_59_.rep
2025-12-05 15:36:54,209 - INFO - [163/10119] 跳过已转换: szqjl_2024-01-18_09_55_30_.rep
2025-12-05 15:36:54,225 - INFO - [164/10119] 跳过已转换: szqjl_2024-01-18_09_58_18_.rep
2025-12-05 15:36:54,225 - INFO - [165/10119] 跳过已转换: szqjl_2024-01-18_10_01_23_.rep
2025-12-05 15:36:54,225 - INFO - [166/10119] 跳过已转换: szqjl_2024-01-18_10_05_22_.rep
2025-12-05 15:36:54,225 - INFO - [167/10119] 跳过已转换: szqjl_2024-01-18_10_07_46_.rep
2025-12-05 15:36:54,225 - INFO - [168/10119] 跳过已转换: szqjl_2024-01-18_10_10_32_.rep
2025-12-05 15:36:54,225 - INFO - [169/10119] 跳过已转换: szqjl_2024-01-18_10_13_40_.rep
2025-12-05 15:36:54,225 - INFO - [170/10119] 跳过已转换: szqjl_2024-01-18_10_17_50_.rep
2025-12-05 15:36:54,225 - INFO - [171/10119] 跳过已转换: szqjl_2024-01-18_10_21_47_.rep
2025-12-05 15:36:54,225 - INFO - [172/10119] 跳过已转换: szqjl_2024-01-18_10_27_49_.rep
2025-12-05 15:36:54,225 - INFO - [173/10119] 跳过已转换: szqjl_2024-01-18_10_31_26_.rep
2025-12-05 15:36:54,225 - INFO - [174/10119] 跳过已转换: szqjl_2024-01-18_10_35_00_.rep
2025-12-05 15:36:54,225 - INFO - [175/10119] 跳过已转换: szqjl_2024-01-18_10_39_04_.rep
2025-12-05 15:36:54,240 - INFO - [176/10119] 跳过已转换: szqjl_2024-01-18_10_42_15_.rep
2025-12-05 15:36:54,240 - INFO - [177/10119] 跳过已转换: szqjl_2024-01-18_10_45_06_.rep
2025-12-05 15:36:54,240 - INFO - [178/10119] 跳过已转换: szqjl_2024-01-18_10_48_16_.rep
2025-12-05 15:36:54,240 - INFO - [179/10119] 跳过已转换: szqjl_2024-01-18_10_53_49_.rep
2025-12-05 15:36:54,240 - INFO - [180/10119] 跳过已转换: szqjl_2024-01-18_14_08_15_.rep
2025-12-05 15:36:54,240 - INFO - [181/10119] 跳过已转换: szqjl_2024-01-18_14_12_39_.rep
2025-12-05 15:36:54,240 - INFO - [182/10119] 跳过已转换: szqjl_2024-01-18_14_16_43_.rep
2025-12-05 15:36:54,240 - INFO - [183/10119] 跳过已转换: szqjl_2024-01-18_14_21_51_.rep
2025-12-05 15:36:54,240 - INFO - [184/10119] 跳过已转换: szqjl_2024-01-19_12_07_49_.rep
2025-12-05 15:36:54,240 - INFO - [185/10119] 跳过已转换: szqjl_2024-01-19_12_12_14_.rep
2025-12-05 15:36:54,240 - INFO - [186/10119] 跳过已转换: szqjl_2024-01-19_12_18_23_.rep
2025-12-05 15:36:54,240 - INFO - [187/10119] 跳过已转换: szqjl_2024-01-19_12_22_53_.rep
2025-12-05 15:36:54,256 - INFO - [188/10119] 跳过已转换: szqjl_2024-01-19_12_26_24_.rep
2025-12-05 15:36:54,256 - INFO - [189/10119] 跳过已转换: szqjl_2024-01-19_12_31_10_.rep
2025-12-05 15:36:54,256 - INFO - [190/10119] 跳过已转换: szqjl_2024-01-19_12_39_22_.rep
2025-12-05 15:36:54,256 - INFO - [191/10119] 跳过已转换: szqjl_2024-01-19_12_43_04_.rep
2025-12-05 15:36:54,256 - INFO - [192/10119] 跳过已转换: szqjl_2024-01-19_12_46_39_.rep
2025-12-05 15:36:54,256 - INFO - [193/10119] 跳过已转换: szqjl_2024-01-19_12_50_45_.rep
2025-12-05 15:36:54,256 - INFO - [194/10119] 跳过已转换: szqjl_2024-01-19_12_55_32_.rep
2025-12-05 15:36:54,256 - INFO - [195/10119] 跳过已转换: szqjl_2024-01-19_12_59_38_.rep
2025-12-05 15:36:54,256 - INFO - [196/10119] 跳过已转换: szqjl_2024-01-19_13_03_38_.rep
2025-12-05 15:36:54,256 - INFO - [197/10119] 跳过已转换: szqjl_2024-01-19_13_07_12_.rep
2025-12-05 15:36:54,256 - INFO - [198/10119] 跳过已转换: szqjl_2024-01-19_13_10_03_.rep
2025-12-05 15:36:54,256 - INFO - [199/10119] 跳过已转换: szqjl_2024-01-19_13_13_10_.rep
2025-12-05 15:36:54,272 - INFO - [200/10119] 跳过已转换: szqjl_2024-01-19_13_19_11_.rep
2025-12-05 15:36:54,272 - INFO - [201/10119] 跳过已转换: szqjl_2024-01-19_13_22_58_.rep
2025-12-05 15:36:54,272 - INFO - [202/10119] 跳过已转换: szqjl_2024-01-19_13_27_27_.rep
2025-12-05 15:36:54,272 - INFO - [203/10119] 跳过已转换: szqjl_2024-01-19_13_30_59_.rep
2025-12-05 15:36:54,272 - INFO - [204/10119] 跳过已转换: szqjl_2024-01-19_13_34_28_.rep
2025-12-05 15:36:54,272 - INFO - [205/10119] 跳过已转换: szqjl_2024-01-19_13_38_23_.rep
2025-12-05 15:36:54,272 - INFO - [206/10119] 跳过已转换: szqjl_2024-01-19_13_41_07_.rep
2025-12-05 15:36:54,272 - INFO - [207/10119] 跳过已转换: szqjl_2024-01-19_13_44_53_.rep
2025-12-05 15:36:54,272 - INFO - [208/10119] 跳过已转换: szqjl_2024-01-19_13_47_53_.rep
2025-12-05 15:36:54,272 - INFO - [209/10119] 跳过已转换: szqjl_2024-01-19_13_51_46_.rep
2025-12-05 15:36:54,272 - INFO - [210/10119] 跳过已转换: szqjl_2024-01-19_13_56_20_.rep
2025-12-05 15:36:54,272 - INFO - [211/10119] 跳过已转换: szqjl_2024-01-19_13_59_25_.rep
2025-12-05 15:36:54,272 - INFO - [212/10119] 跳过已转换: szqjl_2024-01-19_14_03_01_.rep
2025-12-05 15:36:54,287 - INFO - [213/10119] 跳过已转换: szqjl_2024-01-23_12_15_24_.rep
2025-12-05 15:36:54,287 - INFO - [214/10119] 跳过已转换: szqjl_2024-01-23_12_21_49_.rep
2025-12-05 15:36:54,287 - INFO - [215/10119] 跳过已转换: szqjl_2024-01-23_12_24_27_.rep
2025-12-05 15:36:54,287 - INFO - [216/10119] 跳过已转换: szqjl_2024-01-23_12_28_26_.rep
2025-12-05 15:36:54,287 - INFO - [217/10119] 跳过已转换: szqjl_2024-01-23_12_31_41_.rep
2025-12-05 15:36:54,287 - INFO - [218/10119] 跳过已转换: szqjl_2024-01-23_12_35_19_.rep
2025-12-05 15:36:54,287 - INFO - [219/10119] 跳过已转换: szqjl_2024-01-23_12_38_01_.rep
2025-12-05 15:36:54,287 - INFO - [220/10119] 跳过已转换: szqjl_2024-01-23_12_41_07_.rep
2025-12-05 15:36:54,287 - INFO - [221/10119] 跳过已转换: szqjl_2024-01-23_12_44_37_.rep
2025-12-05 15:36:54,287 - INFO - [222/10119] 跳过已转换: szqjl_2024-01-23_12_49_19_.rep
2025-12-05 15:36:54,287 - INFO - [223/10119] 跳过已转换: szqjl_2024-01-23_12_53_44_.rep
2025-12-05 15:36:54,303 - INFO - [224/10119] 跳过已转换: szqjl_2024-01-23_12_57_17_.rep
2025-12-05 15:36:54,303 - INFO - [225/10119] 跳过已转换: szqjl_2024-01-23_13_01_43_.rep
2025-12-05 15:36:54,303 - INFO - [226/10119] 跳过已转换: szqjl_2024-01-23_13_05_29_.rep
2025-12-05 15:36:54,303 - INFO - [227/10119] 跳过已转换: szqjl_2024-01-23_13_09_19_.rep
2025-12-05 15:36:54,303 - INFO - [228/10119] 跳过已转换: szqjl_2024-01-23_13_14_53_.rep
2025-12-05 15:36:54,303 - INFO - [229/10119] 跳过已转换: szqjl_2024-01-23_13_18_31_.rep
2025-12-05 15:36:54,303 - INFO - [230/10119] 跳过已转换: szqjl_2024-01-23_13_22_51_.rep
2025-12-05 15:36:54,303 - INFO - [231/10119] 跳过已转换: szqjl_2024-01-23_13_25_57_.rep
2025-12-05 15:36:54,303 - INFO - [232/10119] 跳过已转换: szqjl_2024-01-23_13_30_48_.rep
2025-12-05 15:36:54,303 - INFO - [233/10119] 跳过已转换: szqjl_2024-01-23_13_34_20_.rep
2025-12-05 15:36:54,303 - INFO - [234/10119] 跳过已转换: szqjl_2024-01-23_13_39_24_.rep
2025-12-05 15:36:54,319 - INFO - [235/10119] 跳过已转换: szqjl_2024-01-23_13_43_04_.rep
2025-12-05 15:36:54,319 - INFO - [236/10119] 跳过已转换: szqjl_2024-01-23_13_46_29_.rep
2025-12-05 15:36:54,319 - INFO - [237/10119] 跳过已转换: szqjl_2024-01-23_13_50_57_.rep
2025-12-05 15:36:54,319 - INFO - [238/10119] 跳过已转换: szqjl_2024-01-24_12_23_03_.rep
2025-12-05 15:36:54,319 - INFO - [239/10119] 跳过已转换: szqjl_2024-01-24_12_26_31_.rep
2025-12-05 15:36:54,319 - INFO - [240/10119] 跳过已转换: szqjl_2024-01-24_12_30_20_.rep
2025-12-05 15:36:54,319 - INFO - [241/10119] 跳过已转换: szqjl_2024-01-24_12_33_33_.rep
2025-12-05 15:36:54,319 - INFO - [242/10119] 跳过已转换: szqjl_2024-01-24_12_36_53_.rep
2025-12-05 15:36:54,319 - INFO - [243/10119] 跳过已转换: szqjl_2024-01-24_12_39_52_.rep
2025-12-05 15:36:54,319 - INFO - [244/10119] 跳过已转换: szqjl_2024-01-24_12_43_52_.rep
2025-12-05 15:36:54,334 - INFO - [245/10119] 跳过已转换: szqjl_2024-01-24_12_47_33_.rep
2025-12-05 15:36:54,334 - INFO - [246/10119] 跳过已转换: szqjl_2024-01-24_12_51_24_.rep
2025-12-05 15:36:54,334 - INFO - [247/10119] 跳过已转换: szqjl_2024-01-24_12_54_30_.rep
2025-12-05 15:36:54,334 - INFO - [248/10119] 跳过已转换: szqjl_2024-01-24_12_57_13_.rep
2025-12-05 15:36:54,334 - INFO - [249/10119] 跳过已转换: szqjl_2024-01-24_13_00_34_.rep
2025-12-05 15:36:54,334 - INFO - [250/10119] 跳过已转换: szqjl_2024-01-24_13_04_11_.rep
2025-12-05 15:36:54,334 - INFO - [251/10119] 跳过已转换: szqjl_2024-01-24_13_08_54_.rep
2025-12-05 15:36:54,334 - INFO - [252/10119] 跳过已转换: szqjl_2024-01-24_13_12_19_.rep
2025-12-05 15:36:54,334 - INFO - [253/10119] 跳过已转换: szqjl_2024-01-24_13_19_08_.rep
2025-12-05 15:36:54,334 - INFO - [254/10119] 跳过已转换: szqjl_2024-01-24_15_24_40_.rep
2025-12-05 15:36:54,334 - INFO - [255/10119] 跳过已转换: szqjl_2024-01-24_15_28_40_.rep
2025-12-05 15:36:54,334 - INFO - [256/10119] 跳过已转换: szqjl_2024-01-24_15_33_27_.rep
2025-12-05 15:36:54,334 - INFO - [257/10119] 跳过已转换: szqjl_2024-01-24_15_38_17_.rep
2025-12-05 15:36:54,350 - INFO - [258/10119] 跳过已转换: szqjl_2024-01-24_15_42_46_.rep
2025-12-05 15:36:54,350 - INFO - [259/10119] 跳过已转换: szqjl_2024-01-24_15_46_43_.rep
2025-12-05 15:36:54,350 - INFO - [260/10119] 跳过已转换: szqjl_2024-01-24_15_50_37_.rep
2025-12-05 15:36:54,350 - INFO - [261/10119] 跳过已转换: szqjl_2024-01-24_15_56_13_.rep
2025-12-05 15:36:54,350 - INFO - [262/10119] 跳过已转换: szqjl_2024-01-24_16_00_49_.rep
2025-12-05 15:36:54,350 - INFO - [263/10119] 跳过已转换: szqjl_2024-01-24_16_05_31_.rep
2025-12-05 15:36:54,350 - INFO - [264/10119] 跳过已转换: szqjl_2024-01-24_16_10_05_.rep
2025-12-05 15:36:54,350 - INFO - [265/10119] 跳过已转换: szqjl_2024-01-24_16_14_46_.rep
2025-12-05 15:36:54,350 - INFO - [266/10119] 跳过已转换: szqjl_2024-01-24_16_17_10_.rep
2025-12-05 15:36:54,350 - INFO - [267/10119] 跳过已转换: szqjl_2024-01-24_16_20_30_.rep
2025-12-05 15:36:54,350 - INFO - [268/10119] 跳过已转换: szqjl_2024-01-24_16_23_48_.rep
2025-12-05 15:36:54,350 - INFO - [269/10119] 跳过已转换: szqjl_2024-01-24_16_26_19_.rep
2025-12-05 15:36:54,365 - INFO - [270/10119] 跳过已转换: szqjl_2024-01-24_16_29_25_.rep
2025-12-05 15:36:54,365 - INFO - [271/10119] 跳过已转换: szqjl_2024-01-24_16_32_13_.rep
2025-12-05 15:36:54,365 - INFO - [272/10119] 跳过已转换: szqjl_2024-01-24_16_35_52_.rep
2025-12-05 15:36:54,365 - INFO - [273/10119] 跳过已转换: szqjl_2024-01-24_16_39_16_.rep
2025-12-05 15:36:54,365 - INFO - [274/10119] 跳过已转换: szqjl_2024-01-24_16_41_30_.rep
2025-12-05 15:36:54,365 - INFO - [275/10119] 跳过已转换: szqjl_2024-01-24_16_43_52_.rep
2025-12-05 15:36:54,365 - INFO - [276/10119] 跳过已转换: szqjl_2024-01-24_16_46_33_.rep
2025-12-05 15:36:54,365 - INFO - [277/10119] 跳过已转换: szqjl_2024-01-24_16_49_48_.rep
2025-12-05 15:36:54,365 - INFO - [278/10119] 跳过已转换: szqjl_2024-01-24_16_53_17_.rep
2025-12-05 15:36:54,365 - INFO - [279/10119] 跳过已转换: szqjl_2024-01-24_16_56_44_.rep
2025-12-05 15:36:54,365 - INFO - [280/10119] 跳过已转换: szqjl_2024-01-24_17_00_17_.rep
2025-12-05 15:36:54,365 - INFO - [281/10119] 跳过已转换: szqjl_2024-01-25_12_25_36_.rep
2025-12-05 15:36:54,381 - INFO - [282/10119] 跳过已转换: szqjl_2024-01-25_12_29_39_.rep
2025-12-05 15:36:54,381 - INFO - [283/10119] 跳过已转换: szqjl_2024-01-25_12_33_14_.rep
2025-12-05 15:36:54,381 - INFO - [284/10119] 跳过已转换: szqjl_2024-01-25_12_35_48_.rep
2025-12-05 15:36:54,381 - INFO - [285/10119] 跳过已转换: szqjl_2024-01-25_12_38_34_.rep
2025-12-05 15:36:54,381 - INFO - [286/10119] 跳过已转换: szqjl_2024-01-25_12_42_39_.rep
2025-12-05 15:36:54,381 - INFO - [287/10119] 跳过已转换: szqjl_2024-01-25_12_45_09_.rep
2025-12-05 15:36:54,381 - INFO - [288/10119] 跳过已转换: szqjl_2024-01-25_12_53_04_.rep
2025-12-05 15:36:54,381 - INFO - [289/10119] 跳过已转换: szqjl_2024-01-25_12_56_17_.rep
2025-12-05 15:36:54,381 - INFO - [290/10119] 跳过已转换: szqjl_2024-01-25_12_59_02_.rep
2025-12-05 15:36:54,381 - INFO - [291/10119] 跳过已转换: szqjl_2024-01-25_13_02_09_.rep
2025-12-05 15:36:54,381 - INFO - [292/10119] 跳过已转换: szqjl_2024-01-25_13_05_24_.rep
2025-12-05 15:36:54,381 - INFO - [293/10119] 跳过已转换: szqjl_2024-01-25_13_12_32_.rep
2025-12-05 15:36:54,397 - INFO - [294/10119] 跳过已转换: szqjl_2024-01-25_13_16_13_.rep
2025-12-05 15:36:54,397 - INFO - [295/10119] 跳过已转换: szqjl_2024-01-25_13_19_31_.rep
2025-12-05 15:36:54,397 - INFO - [296/10119] 跳过已转换: szqjl_2024-01-25_13_22_35_.rep
2025-12-05 15:36:54,397 - INFO - [297/10119] 跳过已转换: szqjl_2024-01-25_13_26_14_.rep
2025-12-05 15:36:54,397 - INFO - [298/10119] 跳过已转换: szqjl_2024-01-25_13_29_37_.rep
2025-12-05 15:36:54,397 - INFO - [299/10119] 跳过已转换: szqjl_2024-01-25_13_33_33_.rep
2025-12-05 15:36:54,397 - INFO - [300/10119] 跳过已转换: szqjl_2024-01-25_13_37_08_.rep
2025-12-05 15:36:54,397 - INFO - [301/10119] 跳过已转换: szqjl_2024-01-25_13_39_38_.rep
2025-12-05 15:36:54,397 - INFO - [302/10119] 跳过已转换: szqjl_2024-01-25_13_41_47_.rep
2025-12-05 15:36:54,397 - INFO - [303/10119] 跳过已转换: szqjl_2024-01-25_13_45_21_.rep
2025-12-05 15:36:54,397 - INFO - [304/10119] 跳过已转换: szqjl_2024-01-25_13_47_50_.rep
2025-12-05 15:36:54,397 - INFO - [305/10119] 跳过已转换: szqjl_2024-01-25_13_50_16_.rep
2025-12-05 15:36:54,397 - INFO - [306/10119] 跳过已转换: szqjl_2024-01-25_13_52_23_.rep
2025-12-05 15:36:54,412 - INFO - [307/10119] 跳过已转换: szqjl_2024-01-25_13_54_57_.rep
2025-12-05 15:36:54,412 - INFO - [308/10119] 跳过已转换: szqjl_2024-01-25_13_57_16_.rep
2025-12-05 15:36:54,412 - INFO - [309/10119] 跳过已转换: szqjl_2024-01-25_13_59_37_.rep
2025-12-05 15:36:54,412 - INFO - [310/10119] 跳过已转换: szqjl_2024-01-25_14_02_07_.rep
2025-12-05 15:36:54,412 - INFO - [311/10119] 跳过已转换: szqjl_2024-01-25_14_27_56_.rep
2025-12-05 15:36:54,412 - INFO - [312/10119] 跳过已转换: szqjl_2024-01-25_14_34_26_.rep
2025-12-05 15:36:54,412 - INFO - [313/10119] 跳过已转换: szqjl_2024-01-25_14_41_42_.rep
2025-12-05 15:36:54,412 - INFO - [314/10119] 跳过已转换: szqjl_2024-01-25_14_46_52_.rep
2025-12-05 15:36:54,412 - INFO - [315/10119] 跳过已转换: szqjl_2024-01-25_14_52_32_.rep
2025-12-05 15:36:54,412 - INFO - [316/10119] 跳过已转换: szqjl_2024-01-25_14_57_21_.rep
2025-12-05 15:36:54,412 - INFO - [317/10119] 跳过已转换: szqjl_2024-01-25_15_03_15_.rep
2025-12-05 15:36:54,428 - INFO - [318/10119] 跳过已转换: szqjl_2024-01-25_15_08_36_.rep
2025-12-05 15:36:54,428 - INFO - [319/10119] 跳过已转换: szqjl_2024-01-25_15_14_16_.rep
2025-12-05 15:36:54,428 - INFO - [320/10119] 跳过已转换: szqjl_2024-01-26_14_58_23_.rep
2025-12-05 15:36:54,428 - INFO - [321/10119] 跳过已转换: szqjl_2024-01-26_15_01_07_.rep
2025-12-05 15:36:54,428 - INFO - [322/10119] 跳过已转换: szqjl_2024-01-26_15_04_08_.rep
2025-12-05 15:36:54,428 - INFO - [323/10119] 跳过已转换: szqjl_2024-01-26_15_07_37_.rep
2025-12-05 15:36:54,428 - INFO - [324/10119] 跳过已转换: szqjl_2024-01-26_15_11_45_.rep
2025-12-05 15:36:54,428 - INFO - [325/10119] 跳过已转换: szqjl_2024-01-26_15_15_45_.rep
2025-12-05 15:36:54,428 - INFO - [326/10119] 跳过已转换: szqjl_2024-01-26_15_18_41_.rep
2025-12-05 15:36:54,428 - INFO - [327/10119] 跳过已转换: szqjl_2024-01-26_15_23_04_.rep
2025-12-05 15:36:54,428 - INFO - [328/10119] 跳过已转换: szqjl_2024-01-26_15_26_32_.rep
2025-12-05 15:36:54,428 - INFO - [329/10119] 跳过已转换: szqjl_2024-01-26_15_30_05_.rep
2025-12-05 15:36:54,444 - INFO - [330/10119] 跳过已转换: szqjl_2024-01-26_15_35_00_.rep
2025-12-05 15:36:54,444 - INFO - [331/10119] 跳过已转换: szqjl_2024-01-26_15_39_12_.rep
2025-12-05 15:36:54,444 - INFO - [332/10119] 跳过已转换: szqjl_2024-01-26_15_43_20_.rep
2025-12-05 15:36:54,444 - INFO - [333/10119] 跳过已转换: szqjl_2024-01-26_15_47_47_.rep
2025-12-05 15:36:54,444 - INFO - [334/10119] 跳过已转换: szqjl_2024-01-26_15_52_47_.rep
2025-12-05 15:36:54,444 - INFO - [335/10119] 跳过已转换: szqjl_2024-01-26_15_57_41_.rep
2025-12-05 15:36:54,444 - INFO - [336/10119] 跳过已转换: szqjl_2024-01-26_16_03_02_.rep
2025-12-05 15:36:54,444 - INFO - [337/10119] 跳过已转换: szqjl_2024-01-26_16_07_43_.rep
2025-12-05 15:36:54,444 - INFO - [338/10119] 跳过已转换: szqjl_2024-01-26_16_37_11_.rep
2025-12-05 15:36:54,444 - INFO - [339/10119] 跳过已转换: szqjl_2024-01-26_16_41_21_.rep
2025-12-05 15:36:54,444 - INFO - [340/10119] 跳过已转换: szqjl_2024-01-26_16_44_30_.rep
2025-12-05 15:36:54,444 - INFO - [341/10119] 跳过已转换: szqjl_2024-01-26_16_47_52_.rep
2025-12-05 15:36:54,459 - INFO - [342/10119] 跳过已转换: szqjl_2024-01-26_16_51_53_.rep
2025-12-05 15:36:54,459 - INFO - [343/10119] 跳过已转换: szqjl_2024-01-26_16_54_49_.rep
2025-12-05 15:36:54,459 - INFO - [344/10119] 跳过已转换: szqjl_2024-01-26_16_58_36_.rep
2025-12-05 15:36:54,459 - INFO - [345/10119] 跳过已转换: szqjl_2024-01-26_17_01_51_.rep
2025-12-05 15:36:54,459 - INFO - [346/10119] 跳过已转换: szqjl_2024-01-26_17_04_58_.rep
2025-12-05 15:36:54,459 - INFO - [347/10119] 跳过已转换: szqjl_2024-01-31_12_34_02_.rep
2025-12-05 15:36:54,459 - INFO - [348/10119] 跳过已转换: szqjl_2024-01-31_12_36_46_.rep
2025-12-05 15:36:54,459 - INFO - [349/10119] 跳过已转换: szqjl_2024-01-31_12_39_10_.rep
2025-12-05 15:36:54,459 - INFO - [350/10119] 跳过已转换: szqjl_2024-01-31_12_42_39_.rep
2025-12-05 15:36:54,459 - INFO - [351/10119] 跳过已转换: szqjl_2024-01-31_12_45_17_.rep
2025-12-05 15:36:54,459 - INFO - [352/10119] 跳过已转换: szqjl_2024-01-31_12_48_57_.rep
2025-12-05 15:36:54,459 - INFO - [353/10119] 跳过已转换: szqjl_2024-01-31_12_52_03_.rep
2025-12-05 15:36:54,475 - INFO - [354/10119] 跳过已转换: szqjl_2024-01-31_12_57_24_.rep
2025-12-05 15:36:54,475 - INFO - [355/10119] 跳过已转换: szqjl_2024-01-31_13_04_55_.rep
2025-12-05 15:36:54,475 - INFO - [356/10119] 跳过已转换: szqjl_2024-01-31_13_08_29_.rep
2025-12-05 15:36:54,475 - INFO - [357/10119] 跳过已转换: szqjl_2024-01-31_13_11_55_.rep
2025-12-05 15:36:54,475 - INFO - [358/10119] 跳过已转换: szqjl_2024-01-31_13_15_25_.rep
2025-12-05 15:36:54,475 - INFO - [359/10119] 跳过已转换: szqjl_2024-01-31_13_18_53_.rep
2025-12-05 15:36:54,475 - INFO - [360/10119] 跳过已转换: szqjl_2024-01-31_13_21_55_.rep
2025-12-05 15:36:54,475 - INFO - [361/10119] 跳过已转换: szqjl_2024-01-31_13_25_11_.rep
2025-12-05 15:36:54,475 - INFO - [362/10119] 跳过已转换: szqjl_2024-01-31_13_28_51_.rep
2025-12-05 15:36:54,475 - INFO - [363/10119] 跳过已转换: szqjl_2024-01-31_13_32_06_.rep
2025-12-05 15:36:54,475 - INFO - [364/10119] 跳过已转换: szqjl_2024-01-31_13_35_20_.rep
2025-12-05 15:36:54,490 - INFO - [365/10119] 跳过已转换: szqjl_2024-02-01_13_07_14_.rep
2025-12-05 15:36:54,490 - INFO - [366/10119] 跳过已转换: szqjl_2024-02-01_13_10_04_.rep
2025-12-05 15:36:54,490 - INFO - [367/10119] 跳过已转换: szqjl_2024-02-01_13_13_11_.rep
2025-12-05 15:36:54,490 - INFO - [368/10119] 跳过已转换: szqjl_2024-02-01_13_16_30_.rep
2025-12-05 15:36:54,490 - INFO - [369/10119] 跳过已转换: szqjl_2024-02-01_13_19_46_.rep
2025-12-05 15:36:54,490 - INFO - [370/10119] 跳过已转换: szqjl_2024-02-01_13_23_56_.rep
2025-12-05 15:36:54,490 - INFO - [371/10119] 跳过已转换: szqjl_2024-02-01_13_28_13_.rep
2025-12-05 15:36:54,490 - INFO - [372/10119] 跳过已转换: szqjl_2024-02-01_13_31_50_.rep
2025-12-05 15:36:54,490 - INFO - [373/10119] 跳过已转换: szqjl_2024-02-01_13_36_00_.rep
2025-12-05 15:36:54,490 - INFO - [374/10119] 跳过已转换: szqjl_2024-02-02_12_52_37_.rep
2025-12-05 15:36:54,490 - INFO - [375/10119] 跳过已转换: szqjl_2024-02-02_12_55_48_.rep
2025-12-05 15:36:54,506 - INFO - [376/10119] 跳过已转换: szqjl_2024-02-02_13_00_05_.rep
2025-12-05 15:36:54,506 - INFO - [377/10119] 跳过已转换: szqjl_2024-02-02_13_02_54_.rep
2025-12-05 15:36:54,506 - INFO - [378/10119] 跳过已转换: szqjl_2024-02-02_13_07_24_.rep
2025-12-05 15:36:54,506 - INFO - [379/10119] 跳过已转换: szqjl_2024-02-02_13_10_55_.rep
2025-12-05 15:36:54,506 - INFO - [380/10119] 跳过已转换: szqjl_2024-02-02_13_15_33_.rep
2025-12-05 15:36:54,506 - INFO - [381/10119] 跳过已转换: szqjl_2024-02-02_13_19_07_.rep
2025-12-05 15:36:54,506 - INFO - [382/10119] 跳过已转换: szqjl_2024-02-02_13_22_53_.rep
2025-12-05 15:36:54,506 - INFO - [383/10119] 跳过已转换: szqjl_2024-02-02_13_26_33_.rep
2025-12-05 15:36:54,506 - INFO - [384/10119] 跳过已转换: _2024-02-04_12_15_56.rep
2025-12-05 15:36:54,506 - INFO - [385/10119] 跳过已转换: _2024-02-04_12_20_27.rep
2025-12-05 15:36:54,506 - INFO - [386/10119] 跳过已转换: _2024-02-04_12_23_47.rep
2025-12-05 15:36:54,506 - INFO - [387/10119] 跳过已转换: _2024-02-04_12_29_03.rep
2025-12-05 15:36:54,522 - INFO - [388/10119] 跳过已转换: _2024-02-04_12_35_09.rep
2025-12-05 15:36:54,522 - INFO - [389/10119] 跳过已转换: szqjl_2024-02-04_13_42_56_.rep
2025-12-05 15:36:54,522 - INFO - [390/10119] 跳过已转换: szqjl_2024-02-04_13_46_38_.rep
2025-12-05 15:36:54,522 - INFO - [391/10119] 跳过已转换: szqjl_2024-02-04_13_50_35_.rep
2025-12-05 15:36:54,522 - INFO - [392/10119] 跳过已转换: szqjl_2024-02-04_13_54_26_.rep
2025-12-05 15:36:54,522 - INFO - [393/10119] 跳过已转换: szqjl_2024-02-04_13_58_00_.rep
2025-12-05 15:36:54,522 - INFO - [394/10119] 跳过已转换: szqjl_2024-02-04_14_02_01_.rep
2025-12-05 15:36:54,522 - INFO - [395/10119] 跳过已转换: szqjl_2024-02-04_14_04_54_.rep
2025-12-05 15:36:54,522 - INFO - [396/10119] 跳过已转换: szqjl_2024-02-04_14_08_15_.rep
2025-12-05 15:36:54,522 - INFO - [397/10119] 跳过已转换: szqjl_2024-02-04_14_10_54_.rep
2025-12-05 15:36:54,522 - INFO - [398/10119] 跳过已转换: szqjl_2024-02-04_14_13_58_.rep
2025-12-05 15:36:54,522 - INFO - [399/10119] 跳过已转换: szqjl_2024-02-04_14_18_24_.rep
2025-12-05 15:36:54,537 - INFO - [400/10119] 跳过已转换: szqjl_2024-02-04_14_20_50_.rep
2025-12-05 15:36:54,537 - INFO - [401/10119] 跳过已转换: szqjl_2024-02-04_14_23_46_.rep
2025-12-05 15:36:54,537 - INFO - [402/10119] 跳过已转换: szqjl_2024-02-04_15_01_43_.rep
2025-12-05 15:36:54,537 - INFO - [403/10119] 跳过已转换: szqjl_2024-02-04_15_04_11_.rep
2025-12-05 15:36:54,537 - INFO - [404/10119] 跳过已转换: szqjl_2024-02-04_15_07_27_.rep
2025-12-05 15:36:54,537 - INFO - [405/10119] 跳过已转换: szqjl_2024-02-04_15_10_46_.rep
2025-12-05 15:36:54,537 - INFO - [406/10119] 跳过已转换: szqjl_2024-02-04_15_13_35_.rep
2025-12-05 15:36:54,537 - INFO - [407/10119] 跳过已转换: szqjl_2024-02-04_15_17_07_.rep
2025-12-05 15:36:54,537 - INFO - [408/10119] 跳过已转换: szqjl_2024-02-04_15_19_43_.rep
2025-12-05 15:36:54,537 - INFO - [409/10119] 跳过已转换: szqjl_2024-02-04_15_23_13_.rep
2025-12-05 15:36:54,553 - INFO - [410/10119] 跳过已转换: szqjl_2024-02-04_15_26_21_.rep
2025-12-05 15:36:54,553 - INFO - [411/10119] 跳过已转换: szqjl_2024-02-04_15_29_37_.rep
2025-12-05 15:36:54,553 - INFO - [412/10119] 跳过已转换: szqjl_2024-02-04_15_32_43_.rep
2025-12-05 15:36:54,553 - INFO - [413/10119] 跳过已转换: szqjl_2024-02-04_15_35_53_.rep
2025-12-05 15:36:54,553 - INFO - [414/10119] 跳过已转换: szqjl_2024-02-04_15_38_38_.rep
2025-12-05 15:36:54,553 - INFO - [415/10119] 跳过已转换: szqjl_2024-02-05_10_06_47_.rep
2025-12-05 15:36:54,553 - INFO - [416/10119] 跳过已转换: szqjl_2024-02-05_10_09_54_.rep
2025-12-05 15:36:54,553 - INFO - [417/10119] 跳过已转换: szqjl_2024-02-05_10_13_20_.rep
2025-12-05 15:36:54,553 - INFO - [418/10119] 跳过已转换: szqjl_2024-02-05_10_16_07_.rep
2025-12-05 15:36:54,553 - INFO - [419/10119] 跳过已转换: szqjl_2024-02-05_10_18_12_.rep
2025-12-05 15:36:54,553 - INFO - [420/10119] 跳过已转换: szqjl_2024-02-05_10_21_31_.rep
2025-12-05 15:36:54,553 - INFO - [421/10119] 跳过已转换: szqjl_2024-02-05_10_23_39_.rep
2025-12-05 15:36:54,569 - INFO - [422/10119] 跳过已转换: szqjl_2024-02-05_10_27_19_.rep
2025-12-05 15:36:54,569 - INFO - [423/10119] 跳过已转换: szqjl_2024-02-05_10_31_35_.rep
2025-12-05 15:36:54,569 - INFO - [424/10119] 跳过已转换: szqjl_2024-02-05_10_40_18_.rep
2025-12-05 15:36:54,569 - INFO - [425/10119] 跳过已转换: szqjl_2024-02-05_10_47_22_.rep
2025-12-05 15:36:54,569 - INFO - [426/10119] 跳过已转换: szqjl_2024-02-05_10_58_17_.rep
2025-12-05 15:36:54,569 - INFO - [427/10119] 跳过已转换: szqjl_2024-02-06_11_01_24_.rep
2025-12-05 15:36:54,569 - INFO - [428/10119] 跳过已转换: szqjl_2024-02-06_11_04_29_.rep
2025-12-05 15:36:54,569 - INFO - [429/10119] 跳过已转换: szqjl_2024-02-06_11_08_30_.rep
2025-12-05 15:36:54,569 - INFO - [430/10119] 跳过已转换: szqjl_2024-02-06_11_11_24_.rep
2025-12-05 15:36:54,569 - INFO - [431/10119] 跳过已转换: szqjl_2024-02-06_11_16_10_.rep
2025-12-05 15:36:54,587 - INFO - [432/10119] 跳过已转换: szqjl_2024-02-06_11_19_19_.rep
2025-12-05 15:36:54,588 - INFO - [433/10119] 跳过已转换: szqjl_2024-02-06_11_22_46_.rep
2025-12-05 15:36:54,589 - INFO - [434/10119] 跳过已转换: szqjl_2024-02-06_11_26_44_.rep
2025-12-05 15:36:54,591 - INFO - [435/10119] 跳过已转换: szqjl_2024-02-06_11_31_06_.rep
2025-12-05 15:36:54,592 - INFO - [436/10119] 跳过已转换: szqjl_2024-02-06_11_34_54_.rep
2025-12-05 15:36:54,593 - INFO - [437/10119] 跳过已转换: szqjl_2024-02-06_11_38_43_.rep
2025-12-05 15:36:54,593 - INFO - [438/10119] 跳过已转换: szqjl_2024-02-06_11_42_55_.rep
2025-12-05 15:36:54,593 - INFO - [439/10119] 跳过已转换: szqjl_2024-02-06_12_26_26_.rep
2025-12-05 15:36:54,593 - INFO - [440/10119] 跳过已转换: szqjl_2024-02-06_12_29_54_.rep
2025-12-05 15:36:54,593 - INFO - [441/10119] 跳过已转换: szqjl_2024-02-06_12_33_04_.rep
2025-12-05 15:36:54,593 - INFO - [442/10119] 跳过已转换: szqjl_2024-02-06_12_36_28_.rep
2025-12-05 15:36:54,593 - INFO - [443/10119] 跳过已转换: szqjl_2024-02-06_12_41_13_.rep
2025-12-05 15:36:54,593 - INFO - [444/10119] 跳过已转换: szqjl_2024-02-06_12_45_33_.rep
2025-12-05 15:36:54,593 - INFO - [445/10119] 跳过已转换: szqjl_2024-02-06_12_50_31_.rep
2025-12-05 15:36:54,593 - INFO - [446/10119] 跳过已转换: szqjl_2024-02-06_12_54_46_.rep
2025-12-05 15:36:54,593 - INFO - [447/10119] 跳过已转换: szqjl_2024-02-06_12_57_52_.rep
2025-12-05 15:36:54,593 - INFO - [448/10119] 跳过已转换: szqjl_2024-02-06_13_01_24_.rep
2025-12-05 15:36:54,609 - INFO - [449/10119] 跳过已转换: szqjl_2024-02-06_13_08_34_.rep
2025-12-05 15:36:54,609 - INFO - [450/10119] 跳过已转换: szqjl_2024-02-06_14_49_03_.rep
2025-12-05 15:36:54,609 - INFO - [451/10119] 跳过已转换: szqjl_2024-02-06_14_55_08_.rep
2025-12-05 15:36:54,609 - INFO - [452/10119] 跳过已转换: szqjl_2024-02-06_15_13_48_.rep
2025-12-05 15:36:54,609 - INFO - [453/10119] 跳过已转换: szqjl_2024-02-06_15_17_16_.rep
2025-12-05 15:36:54,609 - INFO - [454/10119] 跳过已转换: szqjl_2024-02-06_15_22_43_.rep
2025-12-05 15:36:54,609 - INFO - [455/10119] 跳过已转换: szqjl_2024-02-06_15_26_39_.rep
2025-12-05 15:36:54,609 - INFO - [456/10119] 跳过已转换: szqjl_2024-02-06_15_30_12_.rep
2025-12-05 15:36:54,609 - INFO - [457/10119] 跳过已转换: szqjl_2024-02-06_16_08_45_.rep
2025-12-05 15:36:54,609 - INFO - [458/10119] 跳过已转换: szqjl_2024-02-06_16_12_15_.rep
2025-12-05 15:36:54,609 - INFO - [459/10119] 跳过已转换: szqjl_2024-02-06_16_14_37_.rep
2025-12-05 15:36:54,609 - INFO - [460/10119] 跳过已转换: szqjl_2024-02-06_16_19_13_.rep
2025-12-05 15:36:54,624 - INFO - [461/10119] 跳过已转换: szqjl_2024-02-06_16_22_54_.rep
2025-12-05 15:36:54,624 - INFO - [462/10119] 跳过已转换: szqjl_2024-02-07_10_16_08_.rep
2025-12-05 15:36:54,624 - INFO - [463/10119] 跳过已转换: szqjl_2024-02-07_10_22_31_.rep
2025-12-05 15:36:54,624 - INFO - [464/10119] 跳过已转换: szqjl_2024-02-07_10_25_54_.rep
2025-12-05 15:36:54,624 - INFO - [465/10119] 跳过已转换: szqjl_2024-02-07_10_28_57_.rep
2025-12-05 15:36:54,624 - INFO - [466/10119] 跳过已转换: szqjl_2024-02-07_10_32_39_.rep
2025-12-05 15:36:54,624 - INFO - [467/10119] 跳过已转换: szqjl_2024-02-07_10_36_05_.rep
2025-12-05 15:36:54,624 - INFO - [468/10119] 跳过已转换: szqjl_2024-02-07_10_38_50_.rep
2025-12-05 15:36:54,624 - INFO - [469/10119] 跳过已转换: szqjl_2024-02-07_10_41_37_.rep
2025-12-05 15:36:54,624 - INFO - [470/10119] 跳过已转换: szqjl_2024-02-07_10_45_11_.rep
2025-12-05 15:36:54,640 - INFO - [471/10119] 跳过已转换: szqjl_2024-02-07_10_48_35_.rep
2025-12-05 15:36:54,640 - INFO - [472/10119] 跳过已转换: szqjl_2024-02-07_10_53_57_.rep
2025-12-05 15:36:54,640 - INFO - [473/10119] 跳过已转换: szqjl_2024-02-07_10_56_36_.rep
2025-12-05 15:36:54,640 - INFO - [474/10119] 跳过已转换: szqjl_2024-02-07_11_01_16_.rep
2025-12-05 15:36:54,640 - INFO - [475/10119] 跳过已转换: szqjl_2024-02-07_11_04_33_.rep
2025-12-05 15:36:54,640 - INFO - [476/10119] 跳过已转换: szqjl_2024-02-07_11_08_46_.rep
2025-12-05 15:36:54,640 - INFO - [477/10119] 跳过已转换: szqjl_2024-02-07_15_08_43_.rep
2025-12-05 15:36:54,640 - INFO - [478/10119] 跳过已转换: szqjl_2024-02-07_15_12_31_.rep
2025-12-05 15:36:54,640 - INFO - [479/10119] 跳过已转换: szqjl_2024-02-07_15_16_12_.rep
2025-12-05 15:36:54,640 - INFO - [480/10119] 跳过已转换: szqjl_2024-02-07_15_19_34_.rep
2025-12-05 15:36:54,640 - INFO - [481/10119] 跳过已转换: szqjl_2024-02-07_15_22_55_.rep
2025-12-05 15:36:54,640 - INFO - [482/10119] 跳过已转换: szqjl_2024-02-07_15_25_48_.rep
2025-12-05 15:36:54,655 - INFO - [483/10119] 跳过已转换: szqjl_2024-02-07_15_30_34_.rep
2025-12-05 15:36:54,655 - INFO - [484/10119] 跳过已转换: szqjl_2024-02-07_15_35_02_.rep
2025-12-05 15:36:54,655 - INFO - [485/10119] 跳过已转换: szqjl_2024-02-07_15_37_44_.rep
2025-12-05 15:36:54,655 - INFO - [486/10119] 跳过已转换: szqjl_2024-02-07_15_41_35_.rep
2025-12-05 15:36:54,663 - INFO - [487/10119] 跳过已转换: szqjl_2024-02-07_15_44_11_.rep
2025-12-05 15:36:54,665 - INFO - [488/10119] 跳过已转换: szqjl_2024-02-08_12_50_10_.rep
2025-12-05 15:36:54,665 - INFO - [489/10119] 跳过已转换: szqjl_2024-02-08_12_54_43_.rep
2025-12-05 15:36:54,665 - INFO - [490/10119] 跳过已转换: szqjl_2024-02-08_12_59_17_.rep
2025-12-05 15:36:54,665 - INFO - [491/10119] 跳过已转换: szqjl_2024-02-08_13_03_48_.rep
2025-12-05 15:36:54,665 - INFO - [492/10119] 跳过已转换: szqjl_2024-02-08_13_07_49_.rep
2025-12-05 15:36:54,665 - INFO - [493/10119] 跳过已转换: szqjl_2024-02-08_13_11_26_.rep
2025-12-05 15:36:54,665 - INFO - [494/10119] 跳过已转换: szqjl_2024-02-08_13_14_48_.rep
2025-12-05 15:36:54,665 - INFO - [495/10119] 跳过已转换: szqjl_2024-02-08_13_19_00_.rep
2025-12-05 15:36:54,665 - INFO - [496/10119] 跳过已转换: szqjl_2024-02-08_13_24_07_.rep
2025-12-05 15:36:54,665 - INFO - [497/10119] 跳过已转换: szqjl_2024-02-08_13_27_57_.rep
2025-12-05 15:36:54,665 - INFO - [498/10119] 跳过已转换: szqjl_2024-02-18_12_55_25_.rep
2025-12-05 15:36:54,665 - INFO - [499/10119] 跳过已转换: szqjl_2024-02-18_12_58_38_.rep
2025-12-05 15:36:54,680 - INFO - [500/10119] 跳过已转换: szqjl_2024-02-18_13_01_50_.rep
2025-12-05 15:36:54,680 - INFO - [501/10119] 跳过已转换: szqjl_2024-02-18_13_06_05_.rep
2025-12-05 15:36:54,680 - INFO - [502/10119] 跳过已转换: szqjl_2024-02-18_13_09_56_.rep
2025-12-05 15:36:54,680 - INFO - [503/10119] 跳过已转换: szqjl_2024-02-18_13_13_32_.rep
2025-12-05 15:36:54,680 - INFO - [504/10119] 跳过已转换: szqjl_2024-02-18_15_40_26_.rep
2025-12-05 15:36:54,680 - INFO - [505/10119] 跳过已转换: szqjl_2024-02-18_15_44_57_.rep
2025-12-05 15:36:54,680 - INFO - [506/10119] 跳过已转换: szqjl_2024-02-18_15_49_01_.rep
2025-12-05 15:36:54,680 - INFO - [507/10119] 跳过已转换: szqjl_2024-02-18_15_56_32_.rep
2025-12-05 15:36:54,680 - INFO - [508/10119] 跳过已转换: szqjl_2024-02-18_16_00_13_.rep
2025-12-05 15:36:54,680 - INFO - [509/10119] 跳过已转换: szqjl_2024-02-18_16_08_28_.rep
2025-12-05 15:36:54,680 - INFO - [510/10119] 跳过已转换: szqjl_2024-02-18_16_11_54_.rep
2025-12-05 15:36:54,680 - INFO - [511/10119] 跳过已转换: szqjl_2024-02-18_16_15_38_.rep
2025-12-05 15:36:54,696 - INFO - [512/10119] 跳过已转换: szqjl_2024-02-18_16_18_32_.rep
2025-12-05 15:36:54,696 - INFO - [513/10119] 跳过已转换: szqjl_2024-02-18_16_21_52_.rep
2025-12-05 15:36:54,696 - INFO - [514/10119] 跳过已转换: szqjl_2024-02-18_16_25_27_.rep
2025-12-05 15:36:54,696 - INFO - [515/10119] 跳过已转换: szqjl_2024-02-19_12_26_05_.rep
2025-12-05 15:36:54,696 - INFO - [516/10119] 跳过已转换: szqjl_2024-02-19_12_29_36_.rep
2025-12-05 15:36:54,696 - INFO - [517/10119] 跳过已转换: szqjl_2024-02-19_12_33_29_.rep
2025-12-05 15:36:54,696 - INFO - [518/10119] 跳过已转换: szqjl_2024-02-19_12_37_05_.rep
2025-12-05 15:36:54,696 - INFO - [519/10119] 跳过已转换: szqjl_2024-02-19_12_40_55_.rep
2025-12-05 15:36:54,696 - INFO - [520/10119] 跳过已转换: szqjl_2024-02-19_12_43_51_.rep
2025-12-05 15:36:54,696 - INFO - [521/10119] 跳过已转换: szqjl_2024-02-19_12_48_19_.rep
2025-12-05 15:36:54,696 - INFO - [522/10119] 跳过已转换: szqjl_2024-02-19_12_51_21_.rep
2025-12-05 15:36:54,696 - INFO - [523/10119] 跳过已转换: szqjl_2024-02-19_12_55_24_.rep
2025-12-05 15:36:54,711 - INFO - [524/10119] 跳过已转换: szqjl_2024-02-19_12_59_15_.rep
2025-12-05 15:36:54,711 - INFO - [525/10119] 跳过已转换: szqjl_2024-02-19_13_02_53_.rep
2025-12-05 15:36:54,711 - INFO - [526/10119] 跳过已转换: szqjl_2024-02-19_13_07_35_.rep
2025-12-05 15:36:54,711 - INFO - [527/10119] 跳过已转换: szqjl_2024-02-19_15_20_06_.rep
2025-12-05 15:36:54,711 - INFO - [528/10119] 跳过已转换: szqjl_2024-02-19_15_24_13_.rep
2025-12-05 15:36:54,711 - INFO - [529/10119] 跳过已转换: szqjl_2024-02-19_15_27_47_.rep
2025-12-05 15:36:54,711 - INFO - [530/10119] 跳过已转换: szqjl_2024-02-19_15_32_30_.rep
2025-12-05 15:36:54,711 - INFO - [531/10119] 跳过已转换: szqjl_2024-02-19_15_37_35_.rep
2025-12-05 15:36:54,711 - INFO - [532/10119] 跳过已转换: szqjl_2024-02-19_15_41_37_.rep
2025-12-05 15:36:54,711 - INFO - [533/10119] 跳过已转换: szqjl_2024-02-19_15_46_08_.rep
2025-12-05 15:36:54,711 - INFO - [534/10119] 跳过已转换: szqjl_2024-02-19_15_49_52_.rep
2025-12-05 15:36:54,727 - INFO - [535/10119] 跳过已转换: szqjl_2024-02-20_13_39_04_.rep
2025-12-05 15:36:54,727 - INFO - [536/10119] 跳过已转换: szqjl_2024-02-20_13_42_38_.rep
2025-12-05 15:36:54,727 - INFO - [537/10119] 跳过已转换: szqjl_2024-02-20_13_46_13_.rep
2025-12-05 15:36:54,727 - INFO - [538/10119] 跳过已转换: szqjl_2024-02-20_13_49_11_.rep
2025-12-05 15:36:54,727 - INFO - [539/10119] 跳过已转换: szqjl_2024-02-20_13_52_22_.rep
2025-12-05 15:36:54,727 - INFO - [540/10119] 跳过已转换: szqjl_2024-02-20_13_54_50_.rep
2025-12-05 15:36:54,727 - INFO - [541/10119] 跳过已转换: szqjl_2024-02-20_13_58_03_.rep
2025-12-05 15:36:54,727 - INFO - [542/10119] 跳过已转换: szqjl_2024-02-20_14_00_39_.rep
2025-12-05 15:36:54,727 - INFO - [543/10119] 跳过已转换: szqjl_2024-02-20_14_03_24_.rep
2025-12-05 15:36:54,743 - INFO - [544/10119] 跳过已转换: szqjl_2024-02-20_14_21_10_.rep
2025-12-05 15:36:54,743 - INFO - [545/10119] 跳过已转换: szqjl_2024-02-20_14_25_26_.rep
2025-12-05 15:36:54,743 - INFO - [546/10119] 跳过已转换: szqjl_2024-02-20_14_29_45_.rep
2025-12-05 15:36:54,743 - INFO - [547/10119] 跳过已转换: szqjl_2024-02-20_14_32_42_.rep
2025-12-05 15:36:54,743 - INFO - [548/10119] 跳过已转换: szqjl_2024-02-20_14_35_56_.rep
2025-12-05 15:36:54,743 - INFO - [549/10119] 跳过已转换: szqjl_2024-02-20_14_38_15_.rep
2025-12-05 15:36:54,743 - INFO - [550/10119] 跳过已转换: szqjl_2024-02-20_14_41_10_.rep
2025-12-05 15:36:54,743 - INFO - [551/10119] 跳过已转换: szqjl_2024-02-20_14_43_58_.rep
2025-12-05 15:36:54,743 - INFO - [552/10119] 跳过已转换: szqjl_2024-02-20_14_48_03_.rep
2025-12-05 15:36:54,743 - INFO - [553/10119] 跳过已转换: szqjl_2024-02-20_14_50_56_.rep
2025-12-05 15:36:54,743 - INFO - [554/10119] 跳过已转换: _2024-02-20_14_52_59.rep
2025-12-05 15:36:54,743 - INFO - [555/10119] 跳过已转换: szqjl_2024-02-21_11_20_47_.rep
2025-12-05 15:36:54,758 - INFO - [556/10119] 跳过已转换: szqjl_2024-02-21_11_27_13_.rep
2025-12-05 15:36:54,758 - INFO - [557/10119] 跳过已转换: szqjl_2024-02-21_15_09_56_.rep
2025-12-05 15:36:54,758 - INFO - [558/10119] 跳过已转换: szqjl_2024-02-21_15_13_19_.rep
2025-12-05 15:36:54,758 - INFO - [559/10119] 跳过已转换: szqjl_2024-02-21_15_16_29_.rep
2025-12-05 15:36:54,758 - INFO - [560/10119] 跳过已转换: szqjl_2024-02-21_15_20_39_.rep
2025-12-05 15:36:54,758 - INFO - [561/10119] 跳过已转换: szqjl_2024-02-21_15_24_32_.rep
2025-12-05 15:36:54,758 - INFO - [562/10119] 跳过已转换: szqjl_2024-02-21_15_27_14_.rep
2025-12-05 15:36:54,758 - INFO - [563/10119] 跳过已转换: szqjl_2024-02-21_15_30_26_.rep
2025-12-05 15:36:54,758 - INFO - [564/10119] 跳过已转换: szqjl_2024-02-21_15_34_15_.rep
2025-12-05 15:36:54,758 - INFO - [565/10119] 跳过已转换: szqjl_2024-02-21_15_37_52_.rep
2025-12-05 15:36:54,774 - INFO - [566/10119] 跳过已转换: szqjl_2024-02-21_15_41_34_.rep
2025-12-05 15:36:54,774 - INFO - [567/10119] 跳过已转换: szqjl_2024-02-21_15_44_49_.rep
2025-12-05 15:36:54,774 - INFO - [568/10119] 跳过已转换: szqjl_2024-02-21_15_48_01_.rep
2025-12-05 15:36:54,774 - INFO - [569/10119] 跳过已转换: szqjl_2024-02-21_15_51_34_.rep
2025-12-05 15:36:54,774 - INFO - [570/10119] 跳过已转换: szqjl_2024-02-21_15_55_26_.rep
2025-12-05 15:36:54,774 - INFO - [571/10119] 跳过已转换: szqjl_2024-02-21_15_59_48_.rep
2025-12-05 15:36:54,774 - INFO - [572/10119] 跳过已转换: szqjl_2024-02-21_16_04_56_.rep
2025-12-05 15:36:54,774 - INFO - [573/10119] 跳过已转换: szqjl_2024-02-21_16_11_39_.rep
2025-12-05 15:36:54,774 - INFO - [574/10119] 跳过已转换: szqjl_2024-02-21_16_22_09_.rep
2025-12-05 15:36:54,774 - INFO - [575/10119] 跳过已转换: szqjl_2024-02-21_16_26_12_.rep
2025-12-05 15:36:54,774 - INFO - [576/10119] 跳过已转换: _2024-02-27_12_28_27.rep
2025-12-05 15:36:54,790 - INFO - [577/10119] 跳过已转换: szqjl_2024-02-27_12_36_21_.rep
2025-12-05 15:36:54,790 - INFO - [578/10119] 跳过已转换: szqjl_2024-02-27_12_41_04_.rep
2025-12-05 15:36:54,790 - INFO - [579/10119] 跳过已转换: szqjl_2024-02-27_12_45_32_.rep
2025-12-05 15:36:54,790 - INFO - [580/10119] 跳过已转换: szqjl_2024-02-27_12_48_49_.rep
2025-12-05 15:36:54,790 - INFO - [581/10119] 跳过已转换: szqjl_2024-02-27_12_52_27_.rep
2025-12-05 15:36:54,790 - INFO - [582/10119] 跳过已转换: szqjl_2024-02-27_12_55_41_.rep
2025-12-05 15:36:54,790 - INFO - [583/10119] 跳过已转换: szqjl_2024-02-27_12_58_02_.rep
2025-12-05 15:36:54,790 - INFO - [584/10119] 跳过已转换: szqjl_2024-02-27_15_43_08_.rep
2025-12-05 15:36:54,790 - INFO - [585/10119] 跳过已转换: szqjl_2024-02-27_15_46_23_.rep
2025-12-05 15:36:54,790 - INFO - [586/10119] 跳过已转换: szqjl_2024-02-27_15_49_47_.rep
2025-12-05 15:36:54,790 - INFO - [587/10119] 跳过已转换: szqjl_2024-02-27_15_53_02_.rep
2025-12-05 15:36:54,805 - INFO - [588/10119] 跳过已转换: szqjl_2024-02-27_15_57_56_.rep
2025-12-05 15:36:54,805 - INFO - [589/10119] 跳过已转换: szqjl_2024-02-27_16_03_27_.rep
2025-12-05 15:36:54,805 - INFO - [590/10119] 跳过已转换: szqjl_2024-02-27_16_07_38_.rep
2025-12-05 15:36:54,805 - INFO - [591/10119] 跳过已转换: szqjl_2024-02-27_16_11_18_.rep
2025-12-05 15:36:54,805 - INFO - [592/10119] 跳过已转换: szqjl_2024-02-27_16_15_39_.rep
2025-12-05 15:36:54,805 - INFO - [593/10119] 跳过已转换: szqjl_2024-02-27_16_19_24_.rep
2025-12-05 15:36:54,805 - INFO - [594/10119] 跳过已转换: szqjl_2024-02-27_16_23_38_.rep
2025-12-05 15:36:54,805 - INFO - [595/10119] 跳过已转换: szqjl_2024-02-27_16_27_17_.rep
2025-12-05 15:36:54,805 - INFO - [596/10119] 跳过已转换: szqjl_2024-02-27_16_30_55_.rep
2025-12-05 15:36:54,805 - INFO - [597/10119] 跳过已转换: szqjl_2024-02-27_16_34_05_.rep
2025-12-05 15:36:54,805 - INFO - [598/10119] 跳过已转换: szqjl_2024-02-27_16_36_56_.rep
2025-12-05 15:36:54,821 - INFO - [599/10119] 跳过已转换: szqjl_2024-02-27_16_39_58_.rep
2025-12-05 15:36:54,821 - INFO - [600/10119] 跳过已转换: szqjl_2024-02-27_16_44_16_.rep
2025-12-05 15:36:54,821 - INFO - [601/10119] 跳过已转换: szqjl_2024-02-28_10_14_55_.rep
2025-12-05 15:36:54,821 - INFO - [602/10119] 跳过已转换: szqjl_2024-02-28_10_18_43_.rep
2025-12-05 15:36:54,821 - INFO - [603/10119] 跳过已转换: szqjl_2024-02-28_10_21_54_.rep
2025-12-05 15:36:54,821 - INFO - [604/10119] 跳过已转换: szqjl_2024-02-28_10_24_03_.rep
2025-12-05 15:36:54,821 - INFO - [605/10119] 跳过已转换: szqjl_2024-02-28_10_27_18_.rep
2025-12-05 15:36:54,821 - INFO - [606/10119] 跳过已转换: szqjl_2024-02-28_10_35_37_.rep
2025-12-05 15:36:54,821 - INFO - [607/10119] 跳过已转换: szqjl_2024-02-28_10_38_23_.rep
2025-12-05 15:36:54,821 - INFO - [608/10119] 跳过已转换: szqjl_2024-02-28_10_42_07_.rep
2025-12-05 15:36:54,821 - INFO - [609/10119] 跳过已转换: szqjl_2024-02-28_10_46_04_.rep
2025-12-05 15:36:54,821 - INFO - [610/10119] 跳过已转换: szqjl_2024-02-28_10_49_00_.rep
2025-12-05 15:36:54,836 - INFO - [611/10119] 跳过已转换: szqjl_2024-02-28_10_52_03_.rep
2025-12-05 15:36:54,836 - INFO - [612/10119] 跳过已转换: szqjl_2024-02-28_10_54_18_.rep
2025-12-05 15:36:54,836 - INFO - [613/10119] 跳过已转换: szqjl_2024-02-28_10_57_39_.rep
2025-12-05 15:36:54,836 - INFO - [614/10119] 跳过已转换: szqjl_2024-02-28_11_00_43_.rep
2025-12-05 15:36:54,836 - INFO - [615/10119] 跳过已转换: szqjl_2024-02-28_11_03_08_.rep
2025-12-05 15:36:54,836 - INFO - [616/10119] 跳过已转换: szqjl_2024-02-28_11_06_54_.rep
2025-12-05 15:36:54,836 - INFO - [617/10119] 跳过已转换: szqjl_2024-02-28_11_09_57_.rep
2025-12-05 15:36:54,836 - INFO - [618/10119] 跳过已转换: szqjl_2024-03-01_13_59_52_.rep
2025-12-05 15:36:54,836 - INFO - [619/10119] 跳过已转换: szqjl_2024-03-01_14_03_25_.rep
2025-12-05 15:36:54,836 - INFO - [620/10119] 跳过已转换: szqjl_2024-03-01_14_06_11_.rep
2025-12-05 15:36:54,852 - INFO - [621/10119] 跳过已转换: szqjl_2024-03-01_14_09_51_.rep
2025-12-05 15:36:54,852 - INFO - [622/10119] 跳过已转换: szqjl_2024-03-01_14_13_28_.rep
2025-12-05 15:36:54,852 - INFO - [623/10119] 跳过已转换: szqjl_2024-03-01_14_17_01_.rep
2025-12-05 15:36:54,852 - INFO - [624/10119] 跳过已转换: szqjl_2024-03-01_14_21_07_.rep
2025-12-05 15:36:54,852 - INFO - [625/10119] 跳过已转换: szqjl_2024-03-01_14_24_16_.rep
2025-12-05 15:36:54,852 - INFO - [626/10119] 跳过已转换: szqjl_2024-03-01_14_27_14_.rep
2025-12-05 15:36:54,852 - INFO - [627/10119] 跳过已转换: szqjl_2024-03-01_14_30_16_.rep
2025-12-05 15:36:54,852 - INFO - [628/10119] 跳过已转换: szqjl_2024-03-01_14_33_48_.rep
2025-12-05 15:36:54,852 - INFO - [629/10119] 跳过已转换: szqjl_2024-03-01_14_37_59_.rep
2025-12-05 15:36:54,852 - INFO - [630/10119] 跳过已转换: szqjl_2024-03-01_14_42_14_.rep
2025-12-05 15:36:54,852 - INFO - [631/10119] 跳过已转换: szqjl_2024-03-01_14_45_05_.rep
2025-12-05 15:36:54,868 - INFO - [632/10119] 跳过已转换: szqjl_2024-03-01_14_48_31_.rep
2025-12-05 15:36:54,868 - INFO - [633/10119] 跳过已转换: szqjl_2024-03-01_14_51_14_.rep
2025-12-05 15:36:54,868 - INFO - [634/10119] 跳过已转换: szqjl_2024-03-01_14_54_19_.rep
2025-12-05 15:36:54,868 - INFO - [635/10119] 跳过已转换: szqjl_2024-03-01_14_57_05_.rep
2025-12-05 15:36:54,868 - INFO - [636/10119] 跳过已转换: szqjl_2024-03-01_14_59_42_.rep
2025-12-05 15:36:54,868 - INFO - [637/10119] 跳过已转换: szqjl_2024-03-01_15_02_50_.rep
2025-12-05 15:36:54,868 - INFO - [638/10119] 跳过已转换: szqjl_2024-03-01_15_05_26_.rep
2025-12-05 15:36:54,868 - INFO - [639/10119] 跳过已转换: szqjl_2024-03-01_15_08_06_.rep
2025-12-05 15:36:54,868 - INFO - [640/10119] 跳过已转换: szqjl_2024-03-01_15_10_35_.rep
2025-12-05 15:36:54,868 - INFO - [641/10119] 跳过已转换: szqjl_2024-03-01_15_13_17_.rep
2025-12-05 15:36:54,868 - INFO - [642/10119] 跳过已转换: szqjl_2024-03-01_15_16_36_.rep
2025-12-05 15:36:54,868 - INFO - [643/10119] 跳过已转换: szqjl_2024-03-01_15_19_41_.rep
2025-12-05 15:36:54,883 - INFO - [644/10119] 跳过已转换: szqjl_2024-03-05_16_16_36_.rep
2025-12-05 15:36:54,883 - INFO - [645/10119] 跳过已转换: szqjl_2024-03-05_16_20_02_.rep
2025-12-05 15:36:54,883 - INFO - [646/10119] 跳过已转换: szqjl_2024-03-05_16_24_04_.rep
2025-12-05 15:36:54,883 - INFO - [647/10119] 跳过已转换: szqjl_2024-03-05_16_27_48_.rep
2025-12-05 15:36:54,883 - INFO - [648/10119] 跳过已转换: szqjl_2024-03-05_16_32_04_.rep
2025-12-05 15:36:54,883 - INFO - [649/10119] 跳过已转换: szqjl_2024-03-05_16_36_39_.rep
2025-12-05 15:36:54,883 - INFO - [650/10119] 跳过已转换: szqjl_2024-03-05_16_40_39_.rep
2025-12-05 15:36:54,883 - INFO - [651/10119] 跳过已转换: szqjl_2024-03-05_16_44_28_.rep
2025-12-05 15:36:54,883 - INFO - [652/10119] 跳过已转换: szqjl_2024-03-06_12_42_20_.rep
2025-12-05 15:36:54,883 - INFO - [653/10119] 跳过已转换: szqjl_2024-03-06_12_45_01_.rep
2025-12-05 15:36:54,883 - INFO - [654/10119] 跳过已转换: szqjl_2024-03-06_12_48_51_.rep
2025-12-05 15:36:54,899 - INFO - [655/10119] 跳过已转换: szqjl_2024-03-06_12_52_51_.rep
2025-12-05 15:36:54,899 - INFO - [656/10119] 跳过已转换: szqjl_2024-03-06_12_56_07_.rep
2025-12-05 15:36:54,899 - INFO - [657/10119] 跳过已转换: szqjl_2024-03-06_12_59_44_.rep
2025-12-05 15:36:54,899 - INFO - [658/10119] 跳过已转换: szqjl_2024-03-06_13_05_02_.rep
2025-12-05 15:36:54,899 - INFO - [659/10119] 跳过已转换: szqjl_2024-03-06_13_09_11_.rep
2025-12-05 15:36:54,899 - INFO - [660/10119] 跳过已转换: szqjl_2024-03-06_13_13_34_.rep
2025-12-05 15:36:54,899 - INFO - [661/10119] 跳过已转换: szqjl_2024-03-06_13_16_54_.rep
2025-12-05 15:36:54,899 - INFO - [662/10119] 跳过已转换: szqjl_2024-03-06_14_55_37_.rep
2025-12-05 15:36:54,899 - INFO - [663/10119] 跳过已转换: szqjl_2024-03-06_14_58_20_.rep
2025-12-05 15:36:54,899 - INFO - [664/10119] 跳过已转换: szqjl_2024-03-06_15_00_52_.rep
2025-12-05 15:36:54,899 - INFO - [665/10119] 跳过已转换: szqjl_2024-03-06_15_04_04_.rep
2025-12-05 15:36:54,915 - INFO - [666/10119] 跳过已转换: szqjl_2024-03-06_15_07_22_.rep
2025-12-05 15:36:54,915 - INFO - [667/10119] 跳过已转换: szqjl_2024-03-06_15_10_31_.rep
2025-12-05 15:36:54,915 - INFO - [668/10119] 跳过已转换: szqjl_2024-03-06_15_13_10_.rep
2025-12-05 15:36:54,915 - INFO - [669/10119] 跳过已转换: szqjl_2024-03-06_15_17_09_.rep
2025-12-05 15:36:54,915 - INFO - [670/10119] 跳过已转换: szqjl_2024-03-06_15_20_30_.rep
2025-12-05 15:36:54,915 - INFO - [671/10119] 跳过已转换: szqjl_2024-03-06_15_23_01_.rep
2025-12-05 15:36:54,915 - INFO - [672/10119] 跳过已转换: szqjl_2024-03-06_15_27_48_.rep
2025-12-05 15:36:54,915 - INFO - [673/10119] 跳过已转换: szqjl_2024-03-06_15_30_21_.rep
2025-12-05 15:36:54,915 - INFO - [674/10119] 跳过已转换: szqjl_2024-03-06_15_35_32_.rep
2025-12-05 15:36:54,915 - INFO - [675/10119] 跳过已转换: szqjl_2024-03-06_15_38_03_.rep
2025-12-05 15:36:54,915 - INFO - [676/10119] 跳过已转换: szqjl_2024-03-06_15_40_53_.rep
2025-12-05 15:36:54,930 - INFO - [677/10119] 跳过已转换: szqjl_2024-03-06_15_45_56_.rep
2025-12-05 15:36:54,930 - INFO - [678/10119] 跳过已转换: szqjl_2024-03-06_15_48_33_.rep
2025-12-05 15:36:54,930 - INFO - [679/10119] 跳过已转换: szqjl_2024-03-06_15_52_54_.rep
2025-12-05 15:36:54,930 - INFO - [680/10119] 跳过已转换: szqjl_2024-03-06_15_56_47_.rep
2025-12-05 15:36:54,930 - INFO - [681/10119] 跳过已转换: szqjl_2024-03-06_16_00_09_.rep
2025-12-05 15:36:54,930 - INFO - [682/10119] 跳过已转换: szqjl_2024-03-06_16_02_38_.rep
2025-12-05 15:36:54,930 - INFO - [683/10119] 跳过已转换: szqjl_2024-03-06_16_06_03_.rep
2025-12-05 15:36:54,930 - INFO - [684/10119] 跳过已转换: szqjl_2024-03-06_16_10_44_.rep
2025-12-05 15:36:54,930 - INFO - [685/10119] 跳过已转换: szqjl_2024-03-06_16_13_26_.rep
2025-12-05 15:36:54,930 - INFO - [686/10119] 跳过已转换: szqjl_2024-03-06_16_16_40_.rep
2025-12-05 15:36:54,930 - INFO - [687/10119] 跳过已转换: szqjl_2024-03-06_16_19_56_.rep
2025-12-05 15:36:54,946 - INFO - [688/10119] 跳过已转换: szqjl_2024-03-06_16_23_14_.rep
2025-12-05 15:36:54,946 - INFO - [689/10119] 跳过已转换: szqjl_2024-03-06_16_26_14_.rep
2025-12-05 15:36:54,946 - INFO - [690/10119] 跳过已转换: szqjl_2024-03-06_16_29_07_.rep
2025-12-05 15:36:54,946 - INFO - [691/10119] 跳过已转换: szqjl_2024-03-06_16_31_30_.rep
2025-12-05 15:36:54,946 - INFO - [692/10119] 跳过已转换: szqjl_2024-03-11_10_13_59_.rep
2025-12-05 15:36:54,946 - INFO - [693/10119] 跳过已转换: szqjl_2024-03-11_10_19_38_.rep
2025-12-05 15:36:54,946 - INFO - [694/10119] 跳过已转换: szqjl_2024-03-11_10_29_36_.rep
2025-12-05 15:36:54,946 - INFO - [695/10119] 跳过已转换: szqjl_2024-03-11_10_33_43_.rep
2025-12-05 15:36:54,946 - INFO - [696/10119] 跳过已转换: szqjl_2024-03-11_10_38_25_.rep
2025-12-05 15:36:54,946 - INFO - [697/10119] 跳过已转换: szqjl_2024-03-11_10_42_56_.rep
2025-12-05 15:36:54,946 - INFO - [698/10119] 跳过已转换: szqjl_2024-03-11_10_47_33_.rep
2025-12-05 15:36:54,946 - INFO - [699/10119] 跳过已转换: szqjl_2024-03-11_10_51_48_.rep
2025-12-05 15:36:54,962 - INFO - [700/10119] 跳过已转换: szqjl_2024-03-11_10_56_35_.rep
2025-12-05 15:36:54,963 - INFO - [701/10119] 跳过已转换: szqjl_2024-03-11_11_00_22_.rep
2025-12-05 15:36:54,963 - INFO - [702/10119] 跳过已转换: szqjl_2024-03-11_11_05_18_.rep
2025-12-05 15:36:54,963 - INFO - [703/10119] 跳过已转换: szqjl_2024-03-11_11_09_39_.rep
2025-12-05 15:36:54,963 - INFO - [704/10119] 跳过已转换: szqjl_2024-03-11_11_12_35_.rep
2025-12-05 15:36:54,963 - INFO - [705/10119] 跳过已转换: szqjl_2024-03-11_11_15_34_.rep
2025-12-05 15:36:54,963 - INFO - [706/10119] 跳过已转换: szqjl_2024-03-11_11_18_53_.rep
2025-12-05 15:36:54,963 - INFO - [707/10119] 跳过已转换: szqjl_2024-03-11_11_21_19_.rep
2025-12-05 15:36:54,963 - INFO - [708/10119] 跳过已转换: szqjl_2024-03-11_11_25_00_.rep
2025-12-05 15:36:54,963 - INFO - [709/10119] 跳过已转换: szqjl_2024-03-11_11_27_58_.rep
2025-12-05 15:36:54,963 - INFO - [710/10119] 跳过已转换: szqjl_2024-03-11_12_11_48_.rep
2025-12-05 15:36:54,963 - INFO - [711/10119] 跳过已转换: szqjl_2024-03-11_12_14_42_.rep
2025-12-05 15:36:54,979 - INFO - [712/10119] 跳过已转换: szqjl_2024-03-11_12_17_35_.rep
2025-12-05 15:36:54,979 - INFO - [713/10119] 跳过已转换: szqjl_2024-03-11_12_22_19_.rep
2025-12-05 15:36:54,979 - INFO - [714/10119] 跳过已转换: szqjl_2024-03-11_12_26_17_.rep
2025-12-05 15:36:54,979 - INFO - [715/10119] 跳过已转换: szqjl_2024-03-11_12_29_38_.rep
2025-12-05 15:36:54,979 - INFO - [716/10119] 跳过已转换: szqjl_2024-03-11_12_33_55_.rep
2025-12-05 15:36:54,979 - INFO - [717/10119] 跳过已转换: szqjl_2024-03-11_12_38_01_.rep
2025-12-05 15:36:54,979 - INFO - [718/10119] 跳过已转换: szqjl_2024-03-11_12_42_51_.rep
2025-12-05 15:36:54,979 - INFO - [719/10119] 跳过已转换: szqjl_2024-03-11_12_49_40_.rep
2025-12-05 15:36:54,979 - INFO - [720/10119] 跳过已转换: szqjl_2024-03-11_12_54_26_.rep
2025-12-05 15:36:54,979 - INFO - [721/10119] 跳过已转换: szqjl_2024-03-12_11_55_08_.rep
2025-12-05 15:36:54,979 - INFO - [722/10119] 跳过已转换: szqjl_2024-03-12_11_58_31_.rep
2025-12-05 15:36:54,995 - INFO - [723/10119] 跳过已转换: szqjl_2024-03-12_12_01_55_.rep
2025-12-05 15:36:54,995 - INFO - [724/10119] 跳过已转换: szqjl_2024-03-12_12_07_21_.rep
2025-12-05 15:36:54,995 - INFO - [725/10119] 跳过已转换: szqjl_2024-03-12_12_13_33_.rep
2025-12-05 15:36:54,995 - INFO - [726/10119] 跳过已转换: szqjl_2024-03-12_12_17_52_.rep
2025-12-05 15:36:54,995 - INFO - [727/10119] 跳过已转换: szqjl_2024-03-12_12_34_15_.rep
2025-12-05 15:36:54,995 - INFO - [728/10119] 跳过已转换: szqjl_2024-03-12_12_37_53_.rep
2025-12-05 15:36:54,995 - INFO - [729/10119] 跳过已转换: szqjl_2024-03-12_12_41_36_.rep
2025-12-05 15:36:54,995 - INFO - [730/10119] 跳过已转换: szqjl_2024-03-12_12_44_10_.rep
2025-12-05 15:36:54,995 - INFO - [731/10119] 跳过已转换: szqjl_2024-03-12_12_48_17_.rep
2025-12-05 15:36:54,995 - INFO - [732/10119] 跳过已转换: szqjl_2024-03-12_12_51_35_.rep
2025-12-05 15:36:54,995 - INFO - [733/10119] 跳过已转换: szqjl_2024-03-12_12_55_45_.rep
2025-12-05 15:36:55,010 - INFO - [734/10119] 跳过已转换: szqjl_2024-03-12_14_25_21_.rep
2025-12-05 15:36:55,010 - INFO - [735/10119] 跳过已转换: szqjl_2024-03-12_14_28_52_.rep
2025-12-05 15:36:55,010 - INFO - [736/10119] 跳过已转换: szqjl_2024-03-12_14_31_13_.rep
2025-12-05 15:36:55,010 - INFO - [737/10119] 跳过已转换: szqjl_2024-03-12_14_33_52_.rep
2025-12-05 15:36:55,010 - INFO - [738/10119] 跳过已转换: szqjl_2024-03-12_14_36_01_.rep
2025-12-05 15:36:55,010 - INFO - [739/10119] 跳过已转换: szqjl_2024-03-12_14_39_20_.rep
2025-12-05 15:36:55,010 - INFO - [740/10119] 跳过已转换: szqjl_2024-03-12_14_42_34_.rep
2025-12-05 15:36:55,010 - INFO - [741/10119] 跳过已转换: szqjl_2024-03-12_14_45_42_.rep
2025-12-05 15:36:55,010 - INFO - [742/10119] 跳过已转换: szqjl_2024-03-12_14_49_25_.rep
2025-12-05 15:36:55,010 - INFO - [743/10119] 跳过已转换: szqjl_2024-03-12_14_52_28_.rep
2025-12-05 15:36:55,010 - INFO - [744/10119] 跳过已转换: szqjl_2024-03-12_14_55_31_.rep
2025-12-05 15:36:55,026 - INFO - [745/10119] 跳过已转换: szqjl_2024-03-12_14_57_54_.rep
2025-12-05 15:36:55,026 - INFO - [746/10119] 跳过已转换: szqjl_2024-03-12_15_01_16_.rep
2025-12-05 15:36:55,026 - INFO - [747/10119] 跳过已转换: szqjl_2024-03-12_15_03_47_.rep
2025-12-05 15:36:55,026 - INFO - [748/10119] 跳过已转换: szqjl_2024-03-12_15_07_13_.rep
2025-12-05 15:36:55,026 - INFO - [749/10119] 跳过已转换: szqjl_2024-03-12_15_09_44_.rep
2025-12-05 15:36:55,026 - INFO - [750/10119] 跳过已转换: szqjl_2024-03-12_15_12_26_.rep
2025-12-05 15:36:55,026 - INFO - [751/10119] 跳过已转换: szqjl_2024-03-12_15_15_03_.rep
2025-12-05 15:36:55,026 - INFO - [752/10119] 跳过已转换: szqjl_2024-03-12_15_17_37_.rep
2025-12-05 15:36:55,026 - INFO - [753/10119] 跳过已转换: szqjl_2024-03-13_11_49_32_.rep
2025-12-05 15:36:55,026 - INFO - [754/10119] 跳过已转换: szqjl_2024-03-13_11_52_41_.rep
2025-12-05 15:36:55,026 - INFO - [755/10119] 跳过已转换: szqjl_2024-03-13_11_55_33_.rep
2025-12-05 15:36:55,041 - INFO - [756/10119] 跳过已转换: szqjl_2024-03-13_11_58_00_.rep
2025-12-05 15:36:55,041 - INFO - [757/10119] 跳过已转换: szqjl_2024-03-13_12_02_11_.rep
2025-12-05 15:36:55,041 - INFO - [758/10119] 跳过已转换: szqjl_2024-03-13_12_06_01_.rep
2025-12-05 15:36:55,041 - INFO - [759/10119] 跳过已转换: szqjl_2024-03-13_12_09_18_.rep
2025-12-05 15:36:55,041 - INFO - [760/10119] 跳过已转换: szqjl_2024-03-13_12_12_30_.rep
2025-12-05 15:36:55,041 - INFO - [761/10119] 跳过已转换: szqjl_2024-03-13_12_14_38_.rep
2025-12-05 15:36:55,041 - INFO - [762/10119] 跳过已转换: szqjl_2024-03-13_12_25_38_.rep
2025-12-05 15:36:55,041 - INFO - [763/10119] 跳过已转换: szqjl_2024-03-13_12_28_55_.rep
2025-12-05 15:36:55,041 - INFO - [764/10119] 跳过已转换: szqjl_2024-03-13_12_33_06_.rep
2025-12-05 15:36:55,041 - INFO - [765/10119] 跳过已转换: szqjl_2024-03-13_12_36_31_.rep
2025-12-05 15:36:55,041 - INFO - [766/10119] 跳过已转换: szqjl_2024-03-13_12_39_52_.rep
2025-12-05 15:36:55,057 - INFO - [767/10119] 跳过已转换: szqjl_2024-03-13_12_42_56_.rep
2025-12-05 15:36:55,057 - INFO - [768/10119] 跳过已转换: szqjl_2024-03-13_12_46_39_.rep
2025-12-05 15:36:55,057 - INFO - [769/10119] 跳过已转换: szqjl_2024-03-13_12_49_54_.rep
2025-12-05 15:36:55,057 - INFO - [770/10119] 跳过已转换: szqjl_2024-03-13_12_52_54_.rep
2025-12-05 15:36:55,057 - INFO - [771/10119] 跳过已转换: szqjl_2024-03-13_12_58_11_.rep
2025-12-05 15:36:55,057 - INFO - [772/10119] 跳过已转换: szqjl_2024-03-13_13_02_33_.rep
2025-12-05 15:36:55,057 - INFO - [773/10119] 跳过已转换: szqjl_2024-03-13_13_05_55_.rep
2025-12-05 15:36:55,057 - INFO - [774/10119] 跳过已转换: szqjl_2024-03-13_13_09_33_.rep
2025-12-05 15:36:55,057 - INFO - [775/10119] 跳过已转换: szqjl_2024-03-13_13_13_54_.rep
2025-12-05 15:36:55,057 - INFO - [776/10119] 跳过已转换: szqjl_2024-03-13_13_17_58_.rep
2025-12-05 15:36:55,057 - INFO - [777/10119] 跳过已转换: szqjl_2024-03-13_13_21_35_.rep
2025-12-05 15:36:55,073 - INFO - [778/10119] 跳过已转换: szqjl_2024-03-13_13_25_10_.rep
2025-12-05 15:36:55,073 - INFO - [779/10119] 跳过已转换: szqjl_2024-03-15_12_04_12_.rep
2025-12-05 15:36:55,073 - INFO - [780/10119] 跳过已转换: szqjl_2024-03-15_12_08_36_.rep
2025-12-05 15:36:55,073 - INFO - [781/10119] 跳过已转换: szqjl_2024-03-15_12_12_08_.rep
2025-12-05 15:36:55,073 - INFO - [782/10119] 跳过已转换: szqjl_2024-03-15_12_15_55_.rep
2025-12-05 15:36:55,073 - INFO - [783/10119] 跳过已转换: szqjl_2024-03-15_12_18_48_.rep
2025-12-05 15:36:55,073 - INFO - [784/10119] 跳过已转换: szqjl_2024-03-15_12_22_07_.rep
2025-12-05 15:36:55,073 - INFO - [785/10119] 跳过已转换: szqjl_2024-03-15_12_24_57_.rep
2025-12-05 15:36:55,073 - INFO - [786/10119] 跳过已转换: szqjl_2024-03-15_12_27_46_.rep
2025-12-05 15:36:55,073 - INFO - [787/10119] 跳过已转换: szqjl_2024-03-15_12_32_46_.rep
2025-12-05 15:36:55,073 - INFO - [788/10119] 跳过已转换: szqjl_2024-03-15_12_36_53_.rep
2025-12-05 15:36:55,073 - INFO - [789/10119] 跳过已转换: szqjl_2024-03-15_12_40_54_.rep
2025-12-05 15:36:55,088 - INFO - [790/10119] 跳过已转换: szqjl_2024-03-15_12_44_39_.rep
2025-12-05 15:36:55,088 - INFO - [791/10119] 跳过已转换: szqjl_2024-03-15_12_49_13_.rep
2025-12-05 15:36:55,088 - INFO - [792/10119] 跳过已转换: szqjl_2024-03-15_12_52_43_.rep
2025-12-05 15:36:55,088 - INFO - [793/10119] 跳过已转换: szqjl_2024-03-15_12_58_47_.rep
2025-12-05 15:36:55,088 - INFO - [794/10119] 跳过已转换: szqjl_2024-03-15_13_01_46_.rep
2025-12-05 15:36:55,088 - INFO - [795/10119] 跳过已转换: szqjl_2024-03-15_13_04_07_.rep
2025-12-05 15:36:55,088 - INFO - [796/10119] 跳过已转换: szqjl_2024-03-15_13_06_39_.rep
2025-12-05 15:36:55,088 - INFO - [797/10119] 跳过已转换: szqjl_2024-03-15_13_08_52_.rep
2025-12-05 15:36:55,088 - INFO - [798/10119] 跳过已转换: szqjl_2024-03-15_13_12_12_.rep
2025-12-05 15:36:55,088 - INFO - [799/10119] 跳过已转换: szqjl_2024-03-15_13_14_55_.rep
2025-12-05 15:36:55,104 - INFO - [800/10119] 跳过已转换: szqjl_2024-03-15_13_17_05_.rep
2025-12-05 15:36:55,104 - INFO - [801/10119] 转换: szqjl_2024-03-15_13_19_32_.rep (已处理: 1, 已转换: 0)
2025-12-05 15:36:55,104 - INFO -   ✓ 成功: 11 个样本, 1 个玩家
2025-12-05 15:36:55,104 - INFO - [802/10119] 转换: szqjl_2024-03-15_13_22_05_.rep (已处理: 2, 已转换: 1)
2025-12-05 15:36:55,104 - INFO -   ✓ 成功: 11 个样本, 1 个玩家
2025-12-05 15:36:55,104 - INFO - [803/10119] 转换: szqjl_2024-03-15_15_29_32_.rep (已处理: 3, 已转换: 2)
2025-12-05 15:36:55,104 - INFO -   ✓ 成功: 8 个样本, 1 个玩家
2025-12-05 15:36:55,104 - INFO - [804/10119] 转换: szqjl_2024-03-15_15_32_48_.rep (已处理: 4, 已转换: 3)
2025-12-05 15:36:55,119 - INFO -   ✓ 成功: 12 个样本, 1 个玩家
2025-12-05 15:36:55,119 - INFO - [805/10119] 转换: szqjl_2024-03-15_15_36_41_.rep (已处理: 5, 已转换: 4)
2025-12-05 15:36:55,119 - INFO -   ✓ 成功: 14 个样本, 1 个玩家
2025-12-05 15:36:55,119 - INFO - [806/10119] 转换: szqjl_2024-03-15_15_40_48_.rep (已处理: 6, 已转换: 5)
2025-12-05 15:36:55,119 - INFO -   ✓ 成功: 12 个样本, 1 个玩家
2025-12-05 15:36:55,119 - INFO - [807/10119] 转换: szqjl_2024-03-15_15_44_15_.rep (已处理: 7, 已转换: 6)
2025-12-05 15:36:55,119 - INFO -   ✓ 成功: 9 个样本, 1 个玩家
2025-12-05 15:36:55,119 - INFO - [808/10119] 转换: szqjl_2024-03-15_15_47_00_.rep (已处理: 8, 已转换: 7)
2025-12-05 15:36:55,135 - INFO -   ✓ 成功: 11 个样本, 1 个玩家
2025-12-05 15:36:55,135 - INFO - [809/10119] 转换: szqjl_2024-03-15_15_50_17_.rep (已处理: 9, 已转换: 8)
2025-12-05 15:36:55,135 - INFO -   ✓ 成功: 13 个样本, 1 个玩家
2025-12-05 15:36:55,135 - INFO - [810/10119] 转换: szqjl_2024-03-15_15_54_33_.rep (已处理: 10, 已转换: 9)
2025-12-05 15:36:55,135 - INFO -   ✓ 成功: 12 个样本, 1 个玩家
2025-12-05 15:36:55,135 - INFO - [811/10119] 转换: szqjl_2024-03-15_15_58_26_.rep (已处理: 11, 已转换: 10)
2025-12-05 15:36:55,135 - INFO -   ✓ 成功: 11 个样本, 1 个玩家
2025-12-05 15:36:55,135 - INFO - [812/10119] 转换: szqjl_2024-03-15_16_02_54_.rep (已处理: 12, 已转换: 11)
2025-12-05 15:36:55,151 - INFO -   ✓ 成功: 9 个样本, 1 个玩家
2025-12-05 15:36:55,151 - INFO - [813/10119] 转换: szqjl_2024-03-15_16_11_38_.rep (已处理: 13, 已转换: 12)
2025-12-05 15:36:55,151 - INFO -   ✓ 成功: 10 个样本, 1 个玩家
2025-12-05 15:36:55,151 - INFO - [814/10119] 转换: szqjl_2024-03-15_16_16_26_.rep (已处理: 14, 已转换: 13)
2025-12-05 15:36:55,151 - INFO -   ✓ 成功: 8 个样本, 1 个玩家
2025-12-05 15:36:55,151 - INFO - [815/10119] 转换: szqjl_2024-03-15_16_20_40_.rep (已处理: 15, 已转换: 14)
2025-12-05 15:36:55,151 - INFO -   ✓ 成功: 11 个样本, 1 个玩家
2025-12-05 15:36:55,151 - INFO - [816/10119] 转换: szqjl_2024-03-15_16_25_01_.rep (已处理: 16, 已转换: 15)
2025-12-05 15:36:55,166 - INFO -   ✓ 成功: 10 个样本, 1 个玩家
2025-12-05 15:36:55,166 - INFO - [817/10119] 转换: szqjl_2024-03-15_16_29_34_.rep (已处理: 17, 已转换: 16)
2025-12-05 15:36:55,166 - INFO -   ✓ 成功: 9 个样本, 1 个玩家
2025-12-05 15:36:55,166 - INFO - [818/10119] 转换: szqjl_2024-03-15_16_33_00_.rep (已处理: 18, 已转换: 17)
2025-12-05 15:36:55,166 - INFO -   ✓ 成功: 10 个样本, 1 个玩家
2025-12-05 15:36:55,166 - INFO - [819/10119] 转换: szqjl_2024-03-19_09_32_49_.rep (已处理: 19, 已转换: 18)
2025-12-05 15:36:55,166 - INFO -   ✓ 成功: 9 个样本, 1 个玩家
2025-12-05 15:36:55,166 - INFO - [820/10119] 转换: szqjl_2024-03-19_09_39_12_.rep (已处理: 20, 已转换: 19)
2025-12-05 15:36:55,182 - INFO -   ✓ 成功: 10 个样本, 1 个玩家
2025-12-05 15:36:55,182 - INFO - [821/10119] 转换: szqjl_2024-03-19_09_45_21_.rep (已处理: 21, 已转换: 20)
2025-12-05 15:36:55,182 - INFO -   ✓ 成功: 9 个样本, 1 个玩家
2025-12-05 15:36:55,182 - INFO - [822/10119] 转换: szqjl_2024-03-19_09_52_42_.rep (已处理: 22, 已转换: 21)
2025-12-05 15:36:55,182 - INFO -   ✓ 成功: 9 个样本, 1 个玩家
2025-12-05 15:36:55,182 - INFO - [823/10119] 转换: szqjl_2024-03-19_10_40_15_.rep (已处理: 23, 已转换: 22)
2025-12-05 15:36:55,182 - INFO -   ✓ 成功: 8 个样本, 1 个玩家
2025-12-05 15:36:55,198 - INFO - [824/10119] 转换: szqjl_2024-03-19_10_43_39_.rep (已处理: 24, 已转换: 23)
2025-12-05 15:36:55,198 - INFO -   ✓ 成功: 9 个样本, 1 个玩家
2025-12-05 15:36:55,198 - INFO - [825/10119] 转换: szqjl_2024-03-19_10_48_55_.rep (已处理: 25, 已转换: 24)
2025-12-05 15:36:55,198 - INFO -   ✓ 成功: 12 个样本, 1 个玩家
2025-12-05 15:36:55,198 - INFO - [826/10119] 转换: szqjl_2024-03-19_10_52_41_.rep (已处理: 26, 已转换: 25)
2025-12-05 15:36:55,198 - INFO -   ✓ 成功: 8 个样本, 1 个玩家
2025-12-05 15:36:55,198 - INFO - [827/10119] 转换: szqjl_2024-03-19_10_57_56_.rep (已处理: 27, 已转换: 26)
2025-12-05 15:36:55,198 - INFO -   ✓ 成功: 13 个样本, 1 个玩家
2025-12-05 15:36:55,213 - INFO - [828/10119] 转换: szqjl_2024-03-19_11_02_56_.rep (已处理: 28, 已转换: 27)
2025-12-05 15:36:55,213 - INFO -   ✓ 成功: 11 个样本, 1 个玩家
2025-12-05 15:36:55,213 - INFO - [829/10119] 转换: szqjl_2024-03-19_11_07_06_.rep (已处理: 29, 已转换: 28)
2025-12-05 15:36:55,213 - INFO -   ✓ 成功: 11 个样本, 1 个玩家
2025-12-05 15:36:55,213 - INFO - [830/10119] 转换: szqjl_2024-03-19_11_11_21_.rep (已处理: 30, 已转换: 29)
2025-12-05 15:36:55,213 - INFO -   ✓ 成功: 9 个样本, 1 个玩家
2025-12-05 15:36:55,213 - INFO - [831/10119] 转换: szqjl_2024-03-19_11_15_27_.rep (已处理: 31, 已转换: 30)
2025-12-05 15:36:55,213 - INFO -   ✓ 成功: 11 个样本, 1 个玩家
2025-12-05 15:36:55,229 - INFO - [832/10119] 转换: szqjl_2024-03-19_11_20_27_.rep (已处理: 32, 已转换: 31)
2025-12-05 15:36:55,229 - INFO -   ✓ 成功: 10 个样本, 1 个玩家
2025-12-05 15:36:55,229 - INFO - [833/10119] 转换: szqjl_2024-03-19_11_24_33_.rep (已处理: 33, 已转换: 32)
2025-12-05 15:36:55,229 - INFO -   ✓ 成功: 11 个样本, 1 个玩家
2025-12-05 15:36:55,229 - INFO - [834/10119] 转换: szqjl_2024-03-19_11_27_59_.rep (已处理: 34, 已转换: 33)
2025-12-05 15:36:55,229 - INFO -   ✓ 成功: 14 个样本, 1 个玩家
2025-12-05 15:36:55,229 - INFO - [835/10119] 转换: szqjl_2024-03-19_11_32_12_.rep (已处理: 35, 已转换: 34)
2025-12-05 15:36:55,229 - INFO -   ✓ 成功: 11 个样本, 1 个玩家
2025-12-05 15:36:55,245 - INFO - [836/10119] 转换: szqjl_2024-03-19_11_35_30_.rep (已处理: 36, 已转换: 35)
2025-12-05 15:36:55,245 - INFO -   ✓ 成功: 11 个样本, 1 个玩家
2025-12-05 15:36:55,245 - INFO - [837/10119] 转换: szqjl_2024-03-19_11_39_26_.rep (已处理: 37, 已转换: 36)
2025-12-05 15:36:55,245 - INFO -   ✓ 成功: 10 个样本, 1 个玩家
2025-12-05 15:36:55,245 - INFO - [838/10119] 转换: szqjl_2024-03-19_11_43_11_.rep (已处理: 38, 已转换: 37)
2025-12-05 15:36:55,245 - INFO -   ✓ 成功: 12 个样本, 1 个玩家
2025-12-05 15:36:55,245 - INFO - [839/10119] 转换: szqjl_2024-03-19_11_46_31_.rep (已处理: 39, 已转换: 38)
2025-12-05 15:36:55,245 - INFO -   ✓ 成功: 8 个样本, 1 个玩家
2025-12-05 15:36:55,260 - INFO - [840/10119] 转换: szqjl_2024-03-19_11_49_40_.rep (已处理: 40, 已转换: 39)
2025-12-05 15:36:55,260 - INFO -   ✓ 成功: 9 个样本, 1 个玩家
2025-12-05 15:36:55,260 - INFO - [841/10119] 转换: szqjl_2024-03-19_11_52_59_.rep (已处理: 41, 已转换: 40)
2025-12-05 15:36:55,260 - INFO -   ✓ 成功: 12 个样本, 1 个玩家
2025-12-05 15:36:55,260 - INFO - [842/10119] 转换: szqjl_2024-03-19_12_13_47_.rep (已处理: 42, 已转换: 41)
2025-12-05 15:36:55,260 - INFO -   ✓ 成功: 10 个样本, 1 个玩家
2025-12-05 15:36:55,260 - INFO - [843/10119] 转换: szqjl_2024-03-19_12_18_14_.rep (已处理: 43, 已转换: 42)
2025-12-05 15:36:55,260 - INFO -   ✓ 成功: 16 个样本, 1 个玩家
2025-12-05 15:36:55,276 - INFO - [844/10119] 转换: szqjl_2024-03-19_12_21_37_.rep (已处理: 44, 已转换: 43)
2025-12-05 15:36:55,276 - INFO -   ✓ 成功: 10 个样本, 1 个玩家
2025-12-05 15:36:55,276 - INFO - [845/10119] 转换: szqjl_2024-03-19_12_24_36_.rep (已处理: 45, 已转换: 44)
2025-12-05 15:36:55,276 - INFO -   ✓ 成功: 11 个样本, 1 个玩家
2025-12-05 15:36:55,276 - INFO - [846/10119] 转换: szqjl_2024-03-19_12_28_12_.rep (已处理: 46, 已转换: 45)
2025-12-05 15:36:55,276 - INFO -   ✓ 成功: 12 个样本, 1 个玩家
2025-12-05 15:36:55,276 - INFO - [847/10119] 转换: szqjl_2024-03-19_12_31_41_.rep (已处理: 47, 已转换: 46)
2025-12-05 15:36:55,276 - INFO -   ✓ 成功: 10 个样本, 1 个玩家
2025-12-05 15:36:55,291 - INFO - [848/10119] 转换: szqjl_2024-03-19_12_35_19_.rep (已处理: 48, 已转换: 47)
2025-12-05 15:36:55,291 - INFO -   ✓ 成功: 11 个样本, 1 个玩家
2025-12-05 15:36:55,291 - INFO - [849/10119] 转换: szqjl_2024-03-19_12_38_38_.rep (已处理: 49, 已转换: 48)
2025-12-05 15:36:55,291 - INFO -   ✓ 成功: 11 个样本, 1 个玩家
2025-12-05 15:36:55,291 - INFO - [850/10119] 转换: szqjl_2024-03-19_12_42_20_.rep (已处理: 50, 已转换: 49)
2025-12-05 15:36:55,291 - INFO -   ✓ 成功: 10 个样本, 1 个玩家
2025-12-05 15:36:55,291 - INFO - [851/10119] 转换: szqjl_2024-03-19_12_46_02_.rep (已处理: 51, 已转换: 50)
2025-12-05 15:36:55,291 - INFO -   ✓ 成功: 11 个样本, 1 个玩家
2025-12-05 15:36:55,307 - INFO - [852/10119] 转换: szqjl_2024-03-19_12_49_48_.rep (已处理: 52, 已转换: 51)
2025-12-05 15:36:55,307 - INFO -   ✓ 成功: 13 个样本, 1 个玩家
2025-12-05 15:36:55,307 - INFO - [853/10119] 转换: szqjl_2024-03-19_12_54_19_.rep (已处理: 53, 已转换: 52)
2025-12-05 15:36:55,307 - INFO -   ✓ 成功: 10 个样本, 1 个玩家
2025-12-05 15:36:55,307 - INFO - [854/10119] 转换: szqjl_2024-03-19_12_58_28_.rep (已处理: 54, 已转换: 53)
2025-12-05 15:36:55,307 - INFO -   ✓ 成功: 10 个样本, 1 个玩家
2025-12-05 15:36:55,307 - INFO - [855/10119] 转换: szqjl_2024-03-19_13_02_32_.rep (已处理: 55, 已转换: 54)
2025-12-05 15:36:55,307 - INFO -   ✓ 成功: 7 个样本, 1 个玩家
2025-12-05 15:36:55,323 - INFO - [856/10119] 转换: szqjl_2024-03-19_13_06_33_.rep (已处理: 56, 已转换: 55)
2025-12-05 15:36:55,323 - INFO -   ✓ 成功: 12 个样本, 1 个玩家
2025-12-05 15:36:55,323 - INFO - [857/10119] 转换: szqjl_2024-03-19_13_11_03_.rep (已处理: 57, 已转换: 56)
2025-12-05 15:36:55,323 - INFO -   ✓ 成功: 14 个样本, 1 个玩家
2025-12-05 15:36:55,323 - INFO - [858/10119] 转换: szqjl_2024-03-19_13_14_19_.rep (已处理: 58, 已转换: 57)
2025-12-05 15:36:55,323 - INFO -   ✓ 成功: 10 个样本, 1 个玩家
2025-12-05 15:36:55,323 - INFO - [859/10119] 转换: szqjl_2024-03-19_13_17_35_.rep (已处理: 59, 已转换: 58)
2025-12-05 15:36:55,323 - INFO -   ✓ 成功: 10 个样本, 1 个玩家
2025-12-05 15:36:55,338 - INFO - [860/10119] 转换: szqjl_2024-03-19_13_20_00_.rep (已处理: 60, 已转换: 59)
2025-12-05 15:36:55,338 - INFO -   ✓ 成功: 7 个样本, 1 个玩家
2025-12-05 15:36:55,338 - INFO - [861/10119] 转换: szqjl_2024-03-19_13_23_07_.rep (已处理: 61, 已转换: 60)
2025-12-05 15:36:55,338 - INFO -   ✓ 成功: 10 个样本, 1 个玩家
2025-12-05 15:36:55,338 - INFO - [862/10119] 转换: szqjl_2024-03-19_13_28_08_.rep (已处理: 62, 已转换: 61)
2025-12-05 15:36:55,338 - INFO -   ✓ 成功: 11 个样本, 1 个玩家
2025-12-05 15:36:55,338 - INFO - [863/10119] 转换: szqjl_2024-03-19_13_32_07_.rep (已处理: 63, 已转换: 62)
2025-12-05 15:36:55,338 - INFO -   ✓ 成功: 12 个样本, 1 个玩家
2025-12-05 15:36:55,354 - INFO - [864/10119] 转换: szqjl_2024-03-19_13_36_29_.rep (已处理: 64, 已转换: 63)
2025-12-05 15:36:55,354 - INFO -   ✓ 成功: 14 个样本, 1 个玩家
2025-12-05 15:36:55,354 - INFO - [865/10119] 转换: szqjl_2024-03-19_13_38_57_.rep (已处理: 65, 已转换: 64)
2025-12-05 15:36:55,354 - INFO -   ✓ 成功: 12 个样本, 1 个玩家
2025-12-05 15:36:55,354 - INFO - [866/10119] 转换: szqjl_2024-03-19_13_42_22_.rep (已处理: 66, 已转换: 65)
2025-12-05 15:36:55,354 - INFO -   ✓ 成功: 12 个样本, 1 个玩家
2025-12-05 15:36:55,354 - INFO - [867/10119] 转换: szqjl_2024-03-19_13_45_33_.rep (已处理: 67, 已转换: 66)
2025-12-05 15:36:55,354 - INFO -   ✓ 成功: 9 个样本, 1 个玩家
2025-12-05 15:36:55,370 - INFO - [868/10119] 转换: szqjl_2024-03-19_13_47_53_.rep (已处理: 68, 已转换: 67)
2025-12-05 15:36:55,370 - INFO -   ✓ 成功: 9 个样本, 1 个玩家
2025-12-05 15:36:55,370 - INFO - [869/10119] 转换: szqjl_2024-03-19_13_50_17_.rep (已处理: 69, 已转换: 68)
2025-12-05 15:36:55,370 - INFO -   ✓ 成功: 11 个样本, 1 个玩家
2025-12-05 15:36:55,370 - INFO - [870/10119] 转换: szqjl_2024-03-19_13_53_15_.rep (已处理: 70, 已转换: 69)
2025-12-05 15:36:55,370 - INFO -   ✓ 成功: 11 个样本, 1 个玩家
2025-12-05 15:36:55,370 - INFO - [871/10119] 转换: szqjl_2024-03-19_13_55_50_.rep (已处理: 71, 已转换: 70)
2025-12-05 15:36:55,370 - INFO -   ✓ 成功: 11 个样本, 1 个玩家
2025-12-05 15:36:55,385 - INFO - [872/10119] 转换: szqjl_2024-03-19_13_58_37_.rep (已处理: 72, 已转换: 71)
2025-12-05 15:36:55,385 - INFO -   ✓ 成功: 8 个样本, 1 个玩家
2025-12-05 15:36:55,385 - INFO - [873/10119] 转换: szqjl_2024-03-19_14_01_47_.rep (已处理: 73, 已转换: 72)
2025-12-05 15:36:55,385 - INFO -   ✓ 成功: 8 个样本, 1 个玩家
2025-12-05 15:36:55,385 - INFO - [874/10119] 转换: szqjl_2024-03-19_14_04_30_.rep (已处理: 74, 已转换: 73)
2025-12-05 15:36:55,385 - INFO -   ✓ 成功: 9 个样本, 1 个玩家
2025-12-05 15:36:55,385 - INFO - [875/10119] 转换: szqjl_2024-03-19_14_07_06_.rep (已处理: 75, 已转换: 74)
2025-12-05 15:36:55,401 - INFO -   ✓ 成功: 10 个样本, 1 个玩家
2025-12-05 15:36:55,401 - INFO - [876/10119] 转换: szqjl_2024-03-20_12_38_29_.rep (已处理: 76, 已转换: 75)
2025-12-05 15:36:55,401 - INFO -   ✓ 成功: 12 个样本, 1 个玩家
2025-12-05 15:36:55,401 - INFO - [877/10119] 转换: szqjl_2024-03-20_12_42_07_.rep (已处理: 77, 已转换: 76)
2025-12-05 15:36:55,401 - INFO -   ✓ 成功: 9 个样本, 1 个玩家
2025-12-05 15:36:55,401 - INFO - [878/10119] 转换: szqjl_2024-03-20_12_45_17_.rep (已处理: 78, 已转换: 77)
2025-12-05 15:36:55,401 - INFO -   ✓ 成功: 11 个样本, 1 个玩家
2025-12-05 15:36:55,416 - INFO - [879/10119] 转换: szqjl_2024-03-20_12_47_56_.rep (已处理: 79, 已转换: 78)
2025-12-05 15:36:55,416 - INFO -   ✓ 成功: 7 个样本, 1 个玩家
2025-12-05 15:36:55,416 - INFO - [880/10119] 转换: szqjl_2024-03-20_12_52_04_.rep (已处理: 80, 已转换: 79)
2025-12-05 15:36:55,416 - INFO -   ✓ 成功: 8 个样本, 1 个玩家
2025-12-05 15:36:55,416 - INFO - [881/10119] 转换: szqjl_2024-03-20_12_55_46_.rep (已处理: 81, 已转换: 80)
2025-12-05 15:36:55,416 - INFO -   ✓ 成功: 9 个样本, 1 个玩家
2025-12-05 15:36:55,416 - INFO - [882/10119] 转换: szqjl_2024-03-20_12_58_45_.rep (已处理: 82, 已转换: 81)
2025-12-05 15:36:55,416 - INFO -   ✓ 成功: 12 个样本, 1 个玩家
2025-12-05 15:36:55,432 - INFO - [883/10119] 转换: szqjl_2024-03-20_13_02_38_.rep (已处理: 83, 已转换: 82)
2025-12-05 15:36:55,432 - INFO -   ✓ 成功: 14 个样本, 1 个玩家
2025-12-05 15:36:55,432 - INFO - [884/10119] 转换: szqjl_2024-03-20_13_05_54_.rep (已处理: 84, 已转换: 83)
2025-12-05 15:36:55,432 - INFO -   ✓ 成功: 12 个样本, 1 个玩家
2025-12-05 15:36:55,432 - INFO - [885/10119] 转换: szqjl_2024-03-20_13_08_43_.rep (已处理: 85, 已转换: 84)
2025-12-05 15:36:55,432 - INFO -   ✓ 成功: 8 个样本, 1 个玩家
2025-12-05 15:36:55,432 - INFO - [886/10119] 转换: szqjl_2024-03-20_13_11_46_.rep (已处理: 86, 已转换: 85)
2025-12-05 15:36:55,448 - INFO -   ✓ 成功: 10 个样本, 1 个玩家
2025-12-05 15:36:55,448 - INFO - [887/10119] 转换: szqjl_2024-03-20_13_15_12_.rep (已处理: 87, 已转换: 86)
2025-12-05 15:36:55,448 - INFO -   ✓ 成功: 10 个样本, 1 个玩家
2025-12-05 15:36:55,448 - INFO - [888/10119] 转换: szqjl_2024-03-20_13_18_18_.rep (已处理: 88, 已转换: 87)
2025-12-05 15:36:55,448 - INFO -   ✓ 成功: 8 个样本, 1 个玩家
2025-12-05 15:36:55,448 - INFO - [889/10119] 转换: szqjl_2024-03-20_13_21_47_.rep (已处理: 89, 已转换: 88)
2025-12-05 15:36:55,448 - INFO -   ✓ 成功: 9 个样本, 1 个玩家
2025-12-05 15:36:55,463 - INFO - [890/10119] 转换: szqjl_2024-03-20_13_25_06_.rep (已处理: 90, 已转换: 89)
2025-12-05 15:36:55,463 - INFO -   ✓ 成功: 9 个样本, 1 个玩家
2025-12-05 15:36:55,463 - INFO - [891/10119] 转换: szqjl_2024-03-20_13_28_33_.rep (已处理: 91, 已转换: 90)
2025-12-05 15:36:55,463 - INFO -   ✓ 成功: 13 个样本, 1 个玩家
2025-12-05 15:36:55,463 - INFO - [892/10119] 转换: szqjl_2024-03-20_16_03_10_.rep (已处理: 92, 已转换: 91)
2025-12-05 15:36:55,463 - INFO -   ✓ 成功: 10 个样本, 1 个玩家
2025-12-05 15:36:55,463 - INFO - [893/10119] 转换: szqjl_2024-03-20_16_08_18_.rep (已处理: 93, 已转换: 92)
2025-12-05 15:36:55,479 - INFO -   ✓ 成功: 12 个样本, 1 个玩家
2025-12-05 15:36:55,479 - INFO - [894/10119] 转换: szqjl_2024-03-20_16_12_25_.rep (已处理: 94, 已转换: 93)
2025-12-05 15:36:55,479 - INFO -   ✓ 成功: 10 个样本, 1 个玩家
2025-12-05 15:36:55,479 - INFO - [895/10119] 转换: szqjl_2024-03-20_16_16_58_.rep (已处理: 95, 已转换: 94)
2025-12-05 15:36:55,479 - INFO -   ✓ 成功: 9 个样本, 1 个玩家
2025-12-05 15:36:55,479 - INFO - [896/10119] 转换: szqjl_2024-03-20_16_20_26_.rep (已处理: 96, 已转换: 95)
2025-12-05 15:36:55,479 - INFO -   ✓ 成功: 9 个样本, 1 个玩家
2025-12-05 15:36:55,479 - INFO - [897/10119] 转换: szqjl_2024-03-20_16_25_21_.rep (已处理: 97, 已转换: 96)
2025-12-05 15:36:55,495 - INFO -   ✓ 成功: 13 个样本, 1 个玩家
2025-12-05 15:36:55,495 - INFO - [898/10119] 转换: szqjl_2024-03-20_16_29_12_.rep (已处理: 98, 已转换: 97)
2025-12-05 15:36:55,495 - INFO -   ✓ 成功: 11 个样本, 1 个玩家
2025-12-05 15:36:55,495 - INFO - [899/10119] 转换: szqjl_2024-03-20_16_33_21_.rep (已处理: 99, 已转换: 98)
2025-12-05 15:36:55,495 - INFO -   ✓ 成功: 10 个样本, 1 个玩家
2025-12-05 15:36:55,495 - INFO - [900/10119] 转换: szqjl_2024-03-21_09_50_45_.rep (已处理: 100, 已转换: 99)
2025-12-05 15:36:55,495 - INFO -   ✓ 成功: 10 个样本, 1 个玩家
2025-12-05 15:36:55,495 - INFO - ============================================================
2025-12-05 15:36:55,495 - INFO - 进度: 成功转换 100 个, 跳过 800 个, 失败 0 个
2025-12-05 15:36:55,495 - INFO - 已转换样本: 1045 个
2025-12-05 15:36:55,495 - INFO - 转换速度: 67.2 文件/秒
2025-12-05 15:36:55,495 - INFO - 预计剩余时间: 2.3 分钟
2025-12-05 15:36:55,495 - INFO - ============================================================
2025-12-05 15:36:55,510 - INFO - [901/10119] 转换: szqjl_2024-03-21_09_53_35_.rep (已处理: 101, 已转换: 100)
2025-12-05 15:36:55,510 - INFO -   ✓ 成功: 10 个样本, 1 个玩家
2025-12-05 15:36:55,510 - INFO - [902/10119] 转换: szqjl_2024-03-21_09_57_14_.rep (已处理: 102, 已转换: 101)
2025-12-05 15:36:55,510 - INFO -   ✓ 成功: 8 个样本, 1 个玩家
2025-12-05 15:36:55,510 - INFO - [903/10119] 转换: szqjl_2024-03-21_10_00_25_.rep (已处理: 103, 已转换: 102)
2025-12-05 15:36:55,510 - INFO -   ✓ 成功: 13 个样本, 1 个玩家
2025-12-05 15:36:55,510 - INFO - [904/10119] 转换: szqjl_2024-03-21_10_04_03_.rep (已处理: 104, 已转换: 103)
2025-12-05 15:36:55,510 - INFO -   ✓ 成功: 10 个样本, 1 个玩家
2025-12-05 15:36:55,526 - INFO - [905/10119] 转换: szqjl_2024-03-21_10_07_10_.rep (已处理: 105, 已转换: 104)
2025-12-05 15:36:55,526 - INFO -   ✓ 成功: 8 个样本, 1 个玩家
2025-12-05 15:36:55,526 - INFO - [906/10119] 转换: szqjl_2024-03-21_10_10_04_.rep (已处理: 106, 已转换: 105)
2025-12-05 15:36:55,526 - INFO -   ✓ 成功: 8 个样本, 1 个玩家
2025-12-05 15:36:55,526 - INFO - [907/10119] 转换: szqjl_2024-03-21_10_57_13_.rep (已处理: 107, 已转换: 106)
2025-12-05 15:36:55,526 - INFO -   ✓ 成功: 10 个样本, 1 个玩家
2025-12-05 15:36:55,526 - INFO - [908/10119] 转换: szqjl_2024-03-21_10_59_20_.rep (已处理: 108, 已转换: 107)
2025-12-05 15:36:55,526 - INFO -   ✓ 成功: 7 个样本, 1 个玩家
2025-12-05 15:36:55,541 - INFO - [909/10119] 转换: szqjl_2024-03-21_11_03_06_.rep (已处理: 109, 已转换: 108)
2025-12-05 15:36:55,541 - INFO -   ✓ 成功: 10 个样本, 1 个玩家
2025-12-05 15:36:55,541 - INFO - [910/10119] 转换: szqjl_2024-03-21_11_06_50_.rep (已处理: 110, 已转换: 109)
2025-12-05 15:36:55,541 - INFO -   ✓ 成功: 11 个样本, 1 个玩家
2025-12-05 15:36:55,541 - INFO - [911/10119] 转换: szqjl_2024-03-21_11_09_25_.rep (已处理: 111, 已转换: 110)
2025-12-05 15:36:55,541 - INFO -   ✓ 成功: 10 个样本, 1 个玩家
2025-12-05 15:36:55,541 - INFO - [912/10119] 转换: szqjl_2024-03-21_11_13_15_.rep (已处理: 112, 已转换: 111)
2025-12-05 15:36:55,541 - INFO -   ✓ 成功: 11 个样本, 1 个玩家
2025-12-05 15:36:55,557 - INFO - [913/10119] 转换: szqjl_2024-03-21_11_15_33_.rep (已处理: 113, 已转换: 112)
2025-12-05 15:36:55,557 - INFO -   ✓ 成功: 10 个样本, 1 个玩家
2025-12-05 15:36:55,557 - INFO - [914/10119] 转换: szqjl_2024-03-21_11_18_22_.rep (已处理: 114, 已转换: 113)
2025-12-05 15:36:55,557 - INFO -   ✓ 成功: 11 个样本, 1 个玩家
2025-12-05 15:36:55,557 - INFO - [915/10119] 转换: szqjl_2024-03-21_11_22_29_.rep (已处理: 115, 已转换: 114)
2025-12-05 15:36:55,557 - INFO -   ✓ 成功: 7 个样本, 1 个玩家
2025-12-05 15:36:55,557 - INFO - [916/10119] 转换: szqjl_2024-03-21_11_25_42_.rep (已处理: 116, 已转换: 115)
2025-12-05 15:36:55,557 - INFO -   ✓ 成功: 7 个样本, 1 个玩家
2025-12-05 15:36:55,573 - INFO - [917/10119] 转换: szqjl_2024-03-21_11_29_06_.rep (已处理: 117, 已转换: 116)
2025-12-05 15:36:55,573 - INFO -   ✓ 成功: 9 个样本, 1 个玩家
2025-12-05 15:36:55,573 - INFO - [918/10119] 转换: szqjl_2024-03-21_12_12_20_.rep (已处理: 118, 已转换: 117)
2025-12-05 15:36:55,573 - INFO -   ✓ 成功: 9 个样本, 1 个玩家
2025-12-05 15:36:55,573 - INFO - [919/10119] 转换: szqjl_2024-03-21_12_15_44_.rep (已处理: 119, 已转换: 118)
2025-12-05 15:36:55,573 - INFO -   ✓ 成功: 13 个样本, 1 个玩家
2025-12-05 15:36:55,573 - INFO - [920/10119] 转换: szqjl_2024-03-21_12_19_57_.rep (已处理: 120, 已转换: 119)
2025-12-05 15:36:55,573 - INFO -   ✓ 成功: 12 个样本, 1 个玩家
2025-12-05 15:36:55,588 - INFO - [921/10119] 转换: szqjl_2024-03-21_12_24_05_.rep (已处理: 121, 已转换: 120)
2025-12-05 15:36:55,588 - INFO -   ✓ 成功: 12 个样本, 1 个玩家
2025-12-05 15:36:55,588 - INFO - [922/10119] 转换: szqjl_2024-03-21_12_27_17_.rep (已处理: 122, 已转换: 121)
2025-12-05 15:36:55,588 - INFO -   ✓ 成功: 11 个样本, 1 个玩家
2025-12-05 15:36:55,588 - INFO - [923/10119] 转换: szqjl_2024-03-21_12_30_35_.rep (已处理: 123, 已转换: 122)
2025-12-05 15:36:55,588 - INFO -   ✓ 成功: 11 个样本, 1 个玩家
2025-12-05 15:36:55,588 - INFO - [924/10119] 转换: szqjl_2024-03-21_12_33_06_.rep (已处理: 124, 已转换: 123)
2025-12-05 15:36:55,588 - INFO -   ✓ 成功: 9 个样本, 1 个玩家
2025-12-05 15:36:55,604 - INFO - [925/10119] 转换: szqjl_2024-03-21_12_37_15_.rep (已处理: 125, 已转换: 124)
2025-12-05 15:36:55,604 - INFO -   ✓ 成功: 10 个样本, 1 个玩家
2025-12-05 15:36:55,604 - INFO - [926/10119] 转换: szqjl_2024-03-21_12_41_20_.rep (已处理: 126, 已转换: 125)
2025-12-05 15:36:55,604 - INFO -   ✓ 成功: 11 个样本, 1 个玩家
2025-12-05 15:36:55,604 - INFO - [927/10119] 转换: szqjl_2024-03-21_12_45_34_.rep (已处理: 127, 已转换: 126)
2025-12-05 15:36:55,604 - INFO -   ✓ 成功: 10 个样本, 1 个玩家
2025-12-05 15:36:55,604 - INFO - [928/10119] 转换: szqjl_2024-03-21_12_48_01_.rep (已处理: 128, 已转换: 127)
2025-12-05 15:36:55,604 - INFO -   ✓ 成功: 9 个样本, 1 个玩家
2025-12-05 15:36:55,620 - INFO - [929/10119] 转换: szqjl_2024-03-21_12_52_31_.rep (已处理: 129, 已转换: 128)
2025-12-05 15:36:55,620 - INFO -   ✓ 成功: 12 个样本, 1 个玩家
2025-12-05 15:36:55,620 - INFO - [930/10119] 转换: szqjl_2024-03-21_12_56_04_.rep (已处理: 130, 已转换: 129)
2025-12-05 15:36:55,620 - INFO -   ✓ 成功: 8 个样本, 1 个玩家
2025-12-05 15:36:55,620 - INFO - [931/10119] 转换: szqjl_2024-03-21_13_00_21_.rep (已处理: 131, 已转换: 130)
2025-12-05 15:36:55,620 - INFO -   ✓ 成功: 11 个样本, 1 个玩家
2025-12-05 15:36:55,620 - INFO - [932/10119] 转换: szqjl_2024-03-21_13_03_35_.rep (已处理: 132, 已转换: 131)
2025-12-05 15:36:55,620 - INFO -   ✓ 成功: 10 个样本, 1 个玩家
2025-12-05 15:36:55,635 - INFO - [933/10119] 转换: szqjl_2024-03-21_13_07_37_.rep (已处理: 133, 已转换: 132)
2025-12-05 15:36:55,635 - INFO -   ✓ 成功: 9 个样本, 1 个玩家
2025-12-05 15:36:55,635 - INFO - [934/10119] 转换: szqjl_2024-03-21_13_11_24_.rep (已处理: 134, 已转换: 133)
2025-12-05 15:36:55,635 - INFO -   ✓ 成功: 13 个样本, 1 个玩家
2025-12-05 15:36:55,635 - INFO - [935/10119] 转换: szqjl_2024-03-21_15_05_55_.rep (已处理: 135, 已转换: 134)
2025-12-05 15:36:55,635 - INFO -   ✓ 成功: 10 个样本, 1 个玩家
2025-12-05 15:36:55,635 - INFO - [936/10119] 转换: szqjl_2024-03-21_15_09_23_.rep (已处理: 136, 已转换: 135)
2025-12-05 15:36:55,635 - INFO -   ✓ 成功: 11 个样本, 1 个玩家
2025-12-05 15:36:55,651 - INFO - [937/10119] 转换: szqjl_2024-03-21_15_13_04_.rep (已处理: 137, 已转换: 136)
2025-12-05 15:36:55,651 - INFO -   ✓ 成功: 11 个样本, 1 个玩家
2025-12-05 15:36:55,651 - INFO - [938/10119] 转换: szqjl_2024-03-21_15_18_24_.rep (已处理: 138, 已转换: 137)
2025-12-05 15:36:55,651 - INFO -   ✓ 成功: 10 个样本, 1 个玩家
2025-12-05 15:36:55,651 - INFO - [939/10119] 转换: szqjl_2024-03-21_15_21_44_.rep (已处理: 139, 已转换: 138)
2025-12-05 15:36:55,651 - INFO -   ✓ 成功: 7 个样本, 1 个玩家
2025-12-05 15:36:55,651 - INFO - [940/10119] 转换: szqjl_2024-03-21_15_24_30_.rep (已处理: 140, 已转换: 139)
2025-12-05 15:36:55,651 - INFO -   ✓ 成功: 8 个样本, 1 个玩家
2025-12-05 15:36:55,666 - INFO - [941/10119] 转换: szqjl_2024-03-21_15_27_15_.rep (已处理: 141, 已转换: 140)
2025-12-05 15:36:55,666 - INFO -   ✓ 成功: 9 个样本, 1 个玩家
2025-12-05 15:36:55,666 - INFO - [942/10119] 转换: szqjl_2024-03-21_15_30_16_.rep (已处理: 142, 已转换: 141)
2025-12-05 15:36:55,666 - INFO -   ✓ 成功: 11 个样本, 1 个玩家
2025-12-05 15:36:55,666 - INFO - [943/10119] 转换: szqjl_2024-03-21_15_32_55_.rep (已处理: 143, 已转换: 142)
2025-12-05 15:36:55,666 - INFO -   ✓ 成功: 10 个样本, 1 个玩家
2025-12-05 15:36:55,666 - INFO - [944/10119] 转换: szqjl_2024-03-21_15_36_56_.rep (已处理: 144, 已转换: 143)
2025-12-05 15:36:55,666 - INFO -   ✓ 成功: 8 个样本, 1 个玩家
2025-12-05 15:36:55,682 - INFO - [945/10119] 转换: szqjl_2024-03-21_15_40_04_.rep (已处理: 145, 已转换: 144)
2025-12-05 15:36:55,682 - INFO -   ✓ 成功: 9 个样本, 1 个玩家
2025-12-05 15:36:55,682 - INFO - [946/10119] 转换: szqjl_2024-03-21_15_43_58_.rep (已处理: 146, 已转换: 145)
2025-12-05 15:36:55,682 - INFO -   ✓ 成功: 10 个样本, 1 个玩家
2025-12-05 15:36:55,682 - INFO - [947/10119] 转换: szqjl_2024-03-21_15_47_29_.rep (已处理: 147, 已转换: 146)
2025-12-05 15:36:55,682 - INFO -   ✓ 成功: 12 个样本, 1 个玩家
2025-12-05 15:36:55,682 - INFO - [948/10119] 转换: szqjl_2024-03-21_15_51_21_.rep (已处理: 148, 已转换: 147)
2025-12-05 15:36:55,682 - INFO -   ✓ 成功: 11 个样本, 1 个玩家
2025-12-05 15:36:55,698 - INFO - [949/10119] 转换: szqjl_2024-03-21_15_54_21_.rep (已处理: 149, 已转换: 148)
2025-12-05 15:36:55,698 - INFO -   ✓ 成功: 10 个样本, 1 个玩家
2025-12-05 15:36:55,698 - INFO - [950/10119] 转换: szqjl_2024-03-21_15_58_13_.rep (已处理: 150, 已转换: 149)
2025-12-05 15:36:55,698 - INFO -   ✓ 成功: 9 个样本, 1 个玩家
2025-12-05 15:36:55,698 - INFO - [951/10119] 转换: szqjl_2024-03-21_16_02_59_.rep (已处理: 151, 已转换: 150)
2025-12-05 15:36:55,698 - INFO -   ✓ 成功: 12 个样本, 1 个玩家
2025-12-05 15:36:55,713 - INFO - [952/10119] 转换: szqjl_2024-03-21_16_06_32_.rep (已处理: 152, 已转换: 151)
2025-12-05 15:36:55,713 - INFO -   ✓ 成功: 10 个样本, 1 个玩家
2025-12-05 15:36:55,713 - INFO - [953/10119] 转换: szqjl_2024-03-21_16_10_29_.rep (已处理: 153, 已转换: 152)
2025-12-05 15:36:55,713 - INFO -   ✓ 成功: 11 个样本, 1 个玩家
2025-12-05 15:36:55,713 - INFO - [954/10119] 转换: szqjl_2024-03-21_16_13_32_.rep (已处理: 154, 已转换: 153)
2025-12-05 15:36:55,713 - INFO -   ✓ 成功: 10 个样本, 1 个玩家
2025-12-05 15:36:55,713 - INFO - [955/10119] 转换: szqjl_2024-03-21_16_16_53_.rep (已处理: 155, 已转换: 154)
2025-12-05 15:36:55,713 - INFO -   ✓ 成功: 11 个样本, 1 个玩家
2025-12-05 15:36:55,729 - INFO - [956/10119] 转换: szqjl_2024-03-21_16_21_04_.rep (已处理: 156, 已转换: 155)
2025-12-05 15:36:55,729 - INFO -   ✓ 成功: 10 个样本, 1 个玩家
2025-12-05 15:36:55,729 - INFO - [957/10119] 转换: szqjl_2024-03-21_16_24_36_.rep (已处理: 157, 已转换: 156)
2025-12-05 15:36:55,729 - INFO -   ✓ 成功: 8 个样本, 1 个玩家
2025-12-05 15:36:55,729 - INFO - [958/10119] 转换: szqjl_2024-03-21_16_28_00_.rep (已处理: 158, 已转换: 157)
2025-12-05 15:36:55,729 - INFO -   ✓ 成功: 12 个样本, 1 个玩家
2025-12-05 15:36:55,729 - INFO - [959/10119] 转换: szqjl_2024-03-25_10_02_31_.rep (已处理: 159, 已转换: 158)
2025-12-05 15:36:55,729 - INFO -   ✓ 成功: 11 个样本, 1 个玩家
2025-12-05 15:36:55,744 - INFO - [960/10119] 转换: szqjl_2024-03-25_10_06_08_.rep (已处理: 160, 已转换: 159)
2025-12-05 15:36:55,744 - INFO -   ✓ 成功: 7 个样本, 1 个玩家
2025-12-05 15:36:55,744 - INFO - [961/10119] 转换: szqjl_2024-03-25_10_10_20_.rep (已处理: 161, 已转换: 160)
2025-12-05 15:36:55,744 - INFO -   ✓ 成功: 12 个样本, 1 个玩家
2025-12-05 15:36:55,744 - INFO - [962/10119] 转换: szqjl_2024-03-25_10_13_14_.rep (已处理: 162, 已转换: 161)
2025-12-05 15:36:55,744 - INFO -   ✓ 成功: 10 个样本, 1 个玩家
2025-12-05 15:36:55,744 - INFO - [963/10119] 转换: szqjl_2024-03-25_10_16_00_.rep (已处理: 163, 已转换: 162)
2025-12-05 15:36:55,760 - INFO -   ✓ 成功: 11 个样本, 1 个玩家
2025-12-05 15:36:55,760 - INFO - [964/10119] 转换: szqjl_2024-03-25_10_20_07_.rep (已处理: 164, 已转换: 163)
2025-12-05 15:36:55,760 - INFO -   ✓ 成功: 11 个样本, 1 个玩家
2025-12-05 15:36:55,760 - INFO - [965/10119] 转换: szqjl_2024-03-25_10_23_25_.rep (已处理: 165, 已转换: 164)
2025-12-05 15:36:55,770 - INFO -   ✓ 成功: 10 个样本, 1 个玩家
2025-12-05 15:36:55,771 - INFO - [966/10119] 转换: szqjl_2024-03-25_10_28_47_.rep (已处理: 166, 已转换: 165)
2025-12-05 15:36:55,771 - INFO -   ✓ 成功: 10 个样本, 1 个玩家
2025-12-05 15:36:55,771 - INFO - [967/10119] 转换: szqjl_2024-03-25_10_32_22_.rep (已处理: 167, 已转换: 166)
2025-12-05 15:36:55,771 - INFO -   ✓ 成功: 8 个样本, 1 个玩家
2025-12-05 15:36:55,771 - INFO - [968/10119] 转换: szqjl_2024-03-25_10_37_22_.rep (已处理: 168, 已转换: 167)
2025-12-05 15:36:55,771 - INFO -   ✓ 成功: 12 个样本, 1 个玩家
2025-12-05 15:36:55,771 - INFO - [969/10119] 转换: szqjl_2024-03-25_10_42_04_.rep (已处理: 169, 已转换: 168)
2025-12-05 15:36:55,771 - INFO -   ✓ 成功: 11 个样本, 1 个玩家
2025-12-05 15:36:55,787 - INFO - [970/10119] 转换: szqjl_2024-03-25_10_45_52_.rep (已处理: 170, 已转换: 169)
2025-12-05 15:36:55,787 - INFO -   ✓ 成功: 9 个样本, 1 个玩家
2025-12-05 15:36:55,787 - INFO - [971/10119] 转换: szqjl_2024-03-25_10_50_07_.rep (已处理: 171, 已转换: 170)
2025-12-05 15:36:55,787 - INFO -   ✓ 成功: 10 个样本, 1 个玩家
2025-12-05 15:36:55,787 - INFO - [972/10119] 转换: szqjl_2024-03-25_10_54_21_.rep (已处理: 172, 已转换: 171)
2025-12-05 15:36:55,787 - INFO -   ✓ 成功: 11 个样本, 1 个玩家
2025-12-05 15:36:55,787 - INFO - [973/10119] 转换: szqjl_2024-03-25_12_19_03_.rep (已处理: 173, 已转换: 172)
2025-12-05 15:36:55,803 - INFO -   ✓ 成功: 11 个样本, 1 个玩家
2025-12-05 15:36:55,803 - INFO - [974/10119] 转换: szqjl_2024-03-25_12_22_17_.rep (已处理: 174, 已转换: 173)
2025-12-05 15:36:55,803 - INFO -   ✓ 成功: 7 个样本, 1 个玩家
2025-12-05 15:36:55,803 - INFO - [975/10119] 转换: szqjl_2024-03-25_12_26_34_.rep (已处理: 175, 已转换: 174)
2025-12-05 15:36:55,803 - INFO -   ✓ 成功: 10 个样本, 1 个玩家
2025-12-05 15:36:55,803 - INFO - [976/10119] 转换: szqjl_2024-03-25_12_30_08_.rep (已处理: 176, 已转换: 175)
2025-12-05 15:36:55,803 - INFO -   ✓ 成功: 10 个样本, 1 个玩家
2025-12-05 15:36:55,818 - INFO - [977/10119] 转换: szqjl_2024-03-25_12_33_27_.rep (已处理: 177, 已转换: 176)
2025-12-05 15:36:55,818 - INFO -   ✓ 成功: 10 个样本, 1 个玩家
2025-12-05 15:36:55,818 - INFO - [978/10119] 转换: szqjl_2024-03-25_12_37_00_.rep (已处理: 178, 已转换: 177)
2025-12-05 15:36:55,818 - INFO -   ✓ 成功: 11 个样本, 1 个玩家
2025-12-05 15:36:55,818 - INFO - [979/10119] 转换: szqjl_2024-03-25_12_40_52_.rep (已处理: 179, 已转换: 178)
2025-12-05 15:36:55,818 - INFO -   ✓ 成功: 9 个样本, 1 个玩家
2025-12-05 15:36:55,818 - INFO - [980/10119] 转换: szqjl_2024-03-25_12_44_52_.rep (已处理: 180, 已转换: 179)
2025-12-05 15:36:55,818 - INFO -   ✓ 成功: 11 个样本, 1 个玩家
2025-12-05 15:36:55,834 - INFO - [981/10119] 转换: szqjl_2024-03-25_12_48_25_.rep (已处理: 181, 已转换: 180)
2025-12-05 15:36:55,834 - INFO -   ✓ 成功: 9 个样本, 1 个玩家
2025-12-05 15:36:55,834 - INFO - [982/10119] 转换: szqjl_2024-03-25_12_51_26_.rep (已处理: 182, 已转换: 181)
2025-12-05 15:36:55,834 - INFO -   ✓ 成功: 9 个样本, 1 个玩家
2025-12-05 15:36:55,834 - INFO - [983/10119] 转换: szqjl_2024-03-25_12_54_34_.rep (已处理: 183, 已转换: 182)
2025-12-05 15:36:55,834 - INFO -   ✓ 成功: 10 个样本, 1 个玩家
2025-12-05 15:36:55,834 - INFO - [984/10119] 转换: szqjl_2024-03-25_12_58_04_.rep (已处理: 184, 已转换: 183)
2025-12-05 15:36:55,850 - INFO -   ✓ 成功: 10 个样本, 1 个玩家
2025-12-05 15:36:55,850 - INFO - [985/10119] 转换: szqjl_2024-03-26_12_14_26_.rep (已处理: 185, 已转换: 184)
2025-12-05 15:36:55,850 - INFO -   ✓ 成功: 12 个样本, 1 个玩家
2025-12-05 15:36:55,850 - INFO - [986/10119] 转换: szqjl_2024-03-26_12_17_29_.rep (已处理: 186, 已转换: 185)
2025-12-05 15:36:55,850 - INFO -   ✓ 成功: 10 个样本, 1 个玩家
2025-12-05 15:36:55,850 - INFO - [987/10119] 转换: szqjl_2024-03-26_12_20_58_.rep (已处理: 187, 已转换: 186)
2025-12-05 15:36:55,850 - INFO -   ✓ 成功: 10 个样本, 1 个玩家
2025-12-05 15:36:55,865 - INFO - [988/10119] 转换: szqjl_2024-03-26_12_24_09_.rep (已处理: 188, 已转换: 187)
2025-12-05 15:36:55,865 - INFO -   ✓ 成功: 11 个样本, 1 个玩家
2025-12-05 15:36:55,865 - INFO - [989/10119] 转换: szqjl_2024-03-26_12_26_12_.rep (已处理: 189, 已转换: 188)
2025-12-05 15:36:55,865 - INFO -   ✓ 成功: 8 个样本, 1 个玩家
2025-12-05 15:36:55,865 - INFO - [990/10119] 转换: szqjl_2024-03-26_12_29_05_.rep (已处理: 190, 已转换: 189)
2025-12-05 15:36:55,865 - INFO -   ✓ 成功: 11 个样本, 1 个玩家
2025-12-05 15:36:55,865 - INFO - [991/10119] 转换: szqjl_2024-03-26_12_32_21_.rep (已处理: 191, 已转换: 190)
2025-12-05 15:36:55,865 - INFO -   ✓ 成功: 10 个样本, 1 个玩家
2025-12-05 15:36:55,881 - INFO - [992/10119] 转换: szqjl_2024-03-26_12_35_05_.rep (已处理: 192, 已转换: 191)
2025-12-05 15:36:55,881 - INFO -   ✓ 成功: 9 个样本, 1 个玩家
2025-12-05 15:36:55,881 - INFO - [993/10119] 转换: szqjl_2024-03-26_12_38_08_.rep (已处理: 193, 已转换: 192)
2025-12-05 15:36:55,881 - INFO -   ✓ 成功: 11 个样本, 1 个玩家
2025-12-05 15:36:55,881 - INFO - [994/10119] 转换: szqjl_2024-03-26_12_41_24_.rep (已处理: 194, 已转换: 193)
2025-12-05 15:36:55,881 - INFO -   ✓ 成功: 16 个样本, 1 个玩家
2025-12-05 15:36:55,881 - INFO - [995/10119] 转换: szqjl_2024-03-26_12_44_08_.rep (已处理: 195, 已转换: 194)
2025-12-05 15:36:55,881 - INFO -   ✓ 成功: 10 个样本, 1 个玩家
2025-12-05 15:36:55,896 - INFO - [996/10119] 转换: szqjl_2024-03-26_12_46_28_.rep (已处理: 196, 已转换: 195)
2025-12-05 15:36:55,896 - INFO -   ✓ 成功: 9 个样本, 1 个玩家
2025-12-05 15:36:55,896 - INFO - [997/10119] 转换: szqjl_2024-03-26_12_50_09_.rep (已处理: 197, 已转换: 196)
2025-12-05 15:36:55,896 - INFO -   ✓ 成功: 11 个样本, 1 个玩家
2025-12-05 15:36:55,896 - INFO - [998/10119] 转换: szqjl_2024-03-26_12_54_49_.rep (已处理: 198, 已转换: 197)
2025-12-05 15:36:55,896 - INFO -   ✓ 成功: 11 个样本, 1 个玩家
2025-12-05 15:36:55,896 - INFO - [999/10119] 转换: szqjl_2024-03-26_12_58_57_.rep (已处理: 199, 已转换: 198)
2025-12-05 15:36:55,912 - INFO -   ✓ 成功: 9 个样本, 1 个玩家
2025-12-05 15:36:55,912 - INFO - [1000/10119] 转换: szqjl_2024-03-26_13_49_19_.rep (已处理: 200, 已转换: 199)
2025-12-05 15:36:55,912 - INFO -   ✓ 成功: 9 个样本, 1 个玩家
2025-12-05 15:36:55,912 - INFO - ============================================================
2025-12-05 15:36:55,912 - INFO - 进度: 成功转换 200 个, 跳过 800 个, 失败 0 个
2025-12-05 15:36:55,912 - INFO - 已转换样本: 2052 个
2025-12-05 15:36:55,912 - INFO - 转换速度: 104.9 文件/秒
2025-12-05 15:36:55,912 - INFO - 预计剩余时间: 1.4 分钟
2025-12-05 15:36:55,912 - INFO - ============================================================
2025-12-05 15:36:55,912 - INFO - [1001/10119] 转换: szqjl_2024-03-26_13_52_19_.rep (已处理: 201, 已转换: 200)
2025-12-05 15:36:55,912 - INFO -   ✓ 成功: 10 个样本, 1 个玩家
2025-12-05 15:36:55,912 - INFO - [1002/10119] 转换: szqjl_2024-03-26_13_55_15_.rep (已处理: 202, 已转换: 201)
2025-12-05 15:36:55,912 - INFO -   ✓ 成功: 10 个样本, 1 个玩家
2025-12-05 15:36:55,928 - INFO - [1003/10119] 转换: szqjl_2024-03-26_13_58_12_.rep (已处理: 203, 已转换: 202)
2025-12-05 15:36:55,928 - INFO -   ✓ 成功: 8 个样本, 1 个玩家
2025-12-05 15:36:55,928 - INFO - [1004/10119] 转换: szqjl_2024-03-26_14_02_42_.rep (已处理: 204, 已转换: 203)
2025-12-05 15:36:55,928 - INFO -   ✓ 成功: 12 个样本, 1 个玩家
2025-12-05 15:36:55,928 - INFO - [1005/10119] 转换: szqjl_2024-03-26_14_05_54_.rep (已处理: 205, 已转换: 204)
2025-12-05 15:36:55,928 - INFO -   ✓ 成功: 8 个样本, 1 个玩家
2025-12-05 15:36:55,943 - INFO - [1006/10119] 转换: szqjl_2024-03-26_14_08_53_.rep (已处理: 206, 已转换: 205)
2025-12-05 15:36:55,943 - INFO -   ✓ 成功: 10 个样本, 1 个玩家
2025-12-05 15:36:55,943 - INFO - [1007/10119] 转换: szqjl_2024-03-26_14_12_42_.rep (已处理: 207, 已转换: 206)
2025-12-05 15:36:55,943 - INFO -   ✓ 成功: 14 个样本, 1 个玩家
2025-12-05 15:36:55,943 - INFO - [1008/10119] 转换: szqjl_2024-03-26_14_16_04_.rep (已处理: 208, 已转换: 207)
2025-12-05 15:36:55,943 - INFO -   ✓ 成功: 10 个样本, 1 个玩家
2025-12-05 15:36:55,959 - INFO - [1009/10119] 转换: szqjl_2024-03-26_14_21_13_.rep (已处理: 209, 已转换: 208)
2025-12-05 15:36:55,959 - INFO -   ✓ 成功: 9 个样本, 1 个玩家
2025-12-05 15:36:55,959 - INFO - [1010/10119] 转换: szqjl_2024-03-26_14_24_32_.rep (已处理: 210, 已转换: 209)
2025-12-05 15:36:55,959 - INFO -   ✓ 成功: 9 个样本, 1 个玩家
2025-12-05 15:36:55,959 - INFO - [1011/10119] 转换: szqjl_2024-03-26_14_29_12_.rep (已处理: 211, 已转换: 210)
2025-12-05 15:36:56,006 - INFO -   ✓ 成功: 7 个样本, 1 个玩家
2025-12-05 15:36:56,006 - INFO - [1012/10119] 转换: szqjl_2024-03-26_15_52_34_.rep (已处理: 212, 已转换: 211)
2025-12-05 15:36:56,037 - INFO -   ✓ 成功: 11 个样本, 1 个玩家
2025-12-05 15:36:56,053 - INFO - [1013/10119] 转换: szqjl_2024-03-26_15_56_28_.rep (已处理: 213, 已转换: 212)
2025-12-05 15:36:56,053 - INFO -   ✓ 成功: 10 个样本, 1 个玩家
2025-12-05 15:36:56,084 - INFO - [1014/10119] 转换: szqjl_2024-03-26_16_00_32_.rep (已处理: 214, 已转换: 213)
2025-12-05 15:36:56,115 - INFO -   ✓ 成功: 9 个样本, 1 个玩家
2025-12-05 15:36:56,115 - INFO - [1015/10119] 转换: szqjl_2024-03-26_16_03_35_.rep (已处理: 215, 已转换: 214)
2025-12-05 15:36:56,115 - INFO -   ✓ 成功: 7 个样本, 1 个玩家
2025-12-05 15:36:56,115 - INFO - [1016/10119] 转换: szqjl_2024-03-26_16_07_19_.rep (已处理: 216, 已转换: 215)
2025-12-05 15:36:56,115 - INFO -   ✓ 成功: 14 个样本, 1 个玩家
2025-12-05 15:36:56,131 - INFO - [1017/10119] 转换: szqjl_2024-03-27_10_10_46_.rep (已处理: 217, 已转换: 216)
2025-12-05 15:36:56,131 - INFO -   ✓ 成功: 9 个样本, 1 个玩家
2025-12-05 15:36:56,131 - INFO - [1018/10119] 转换: szqjl_2024-03-27_10_14_32_.rep (已处理: 218, 已转换: 217)
2025-12-05 15:36:56,131 - INFO -   ✓ 成功: 8 个样本, 1 个玩家
2025-12-05 15:36:56,131 - INFO - [1019/10119] 转换: szqjl_2024-03-27_10_18_16_.rep (已处理: 219, 已转换: 218)
2025-12-05 15:36:56,131 - INFO -   ✓ 成功: 17 个样本, 1 个玩家
2025-12-05 15:36:56,131 - INFO - [1020/10119] 转换: szqjl_2024-03-27_10_22_15_.rep (已处理: 220, 已转换: 219)
2025-12-05 15:36:56,146 - INFO -   ✓ 成功: 12 个样本, 1 个玩家
2025-12-05 15:36:56,146 - INFO - [1021/10119] 转换: szqjl_2024-03-27_10_28_23_.rep (已处理: 221, 已转换: 220)
2025-12-05 15:36:56,146 - INFO -   ✓ 成功: 9 个样本, 1 个玩家
2025-12-05 15:36:56,146 - INFO - [1022/10119] 转换: szqjl_2024-03-27_10_32_34_.rep (已处理: 222, 已转换: 221)
2025-12-05 15:36:56,146 - INFO -   ✓ 成功: 11 个样本, 1 个玩家
2025-12-05 15:36:56,146 - INFO - [1023/10119] 转换: szqjl_2024-03-27_10_36_53_.rep (已处理: 223, 已转换: 222)
2025-12-05 15:36:56,146 - INFO -   ✓ 成功: 10 个样本, 1 个玩家
2025-12-05 15:36:56,162 - INFO - [1024/10119] 转换: szqjl_2024-03-27_10_39_56_.rep (已处理: 224, 已转换: 223)
2025-12-05 15:36:56,166 - INFO -   ✓ 成功: 11 个样本, 1 个玩家
2025-12-05 15:36:56,166 - INFO - [1025/10119] 转换: szqjl_2024-03-27_10_42_40_.rep (已处理: 225, 已转换: 224)
2025-12-05 15:36:56,166 - INFO -   ✓ 成功: 10 个样本, 1 个玩家
2025-12-05 15:36:56,166 - INFO - [1026/10119] 转换: szqjl_2024-03-27_10_47_58_.rep (已处理: 226, 已转换: 225)
2025-12-05 15:36:56,166 - INFO -   ✓ 成功: 15 个样本, 1 个玩家
2025-12-05 15:36:56,166 - INFO - [1027/10119] 转换: szqjl_2024-03-27_10_54_03_.rep (已处理: 227, 已转换: 226)
2025-12-05 15:36:56,182 - INFO -   ✓ 成功: 13 个样本, 1 个玩家
2025-12-05 15:36:56,182 - INFO - [1028/10119] 转换: szqjl_2024-03-27_10_57_52_.rep (已处理: 228, 已转换: 227)
2025-12-05 15:36:56,182 - INFO -   ✓ 成功: 10 个样本, 1 个玩家
2025-12-05 15:36:56,182 - INFO - [1029/10119] 转换: szqjl_2024-03-27_11_02_45_.rep (已处理: 229, 已转换: 228)
2025-12-05 15:36:56,182 - INFO -   ✓ 成功: 8 个样本, 1 个玩家
2025-12-05 15:36:56,182 - INFO - [1030/10119] 转换: szqjl_2024-03-27_11_33_56_.rep (已处理: 230, 已转换: 229)
2025-12-05 15:36:56,198 - INFO -   ✓ 成功: 8 个样本, 1 个玩家
2025-12-05 15:36:56,198 - INFO - [1031/10119] 转换: szqjl_2024-03-27_11_37_31_.rep (已处理: 231, 已转换: 230)
2025-12-05 15:36:56,198 - INFO -   ✓ 成功: 12 个样本, 1 个玩家
2025-12-05 15:36:56,198 - INFO - [1032/10119] 转换: szqjl_2024-03-27_11_42_16_.rep (已处理: 232, 已转换: 231)
2025-12-05 15:36:56,198 - INFO -   ✓ 成功: 9 个样本, 1 个玩家
2025-12-05 15:36:56,198 - INFO - [1033/10119] 转换: szqjl_2024-03-27_11_46_05_.rep (已处理: 233, 已转换: 232)
2025-12-05 15:36:56,198 - INFO -   ✓ 成功: 9 个样本, 1 个玩家
2025-12-05 15:36:56,213 - INFO - [1034/10119] 转换: szqjl_2024-03-27_11_50_06_.rep (已处理: 234, 已转换: 233)
2025-12-05 15:36:56,213 - INFO -   ✓ 成功: 12 个样本, 1 个玩家
2025-12-05 15:36:56,213 - INFO - [1035/10119] 转换: szqjl_2024-03-27_11_53_42_.rep (已处理: 235, 已转换: 234)
2025-12-05 15:36:56,229 - INFO -   ✓ 成功: 11 个样本, 1 个玩家
2025-12-05 15:36:56,229 - INFO - [1036/10119] 转换: szqjl_2024-03-27_11_57_15_.rep (已处理: 236, 已转换: 235)
2025-12-05 15:36:56,229 - INFO -   ✓ 成功: 12 个样本, 1 个玩家
2025-12-05 15:36:56,245 - INFO - [1037/10119] 转换: szqjl_2024-03-27_12_00_24_.rep (已处理: 237, 已转换: 236)
2025-12-05 15:36:56,260 - INFO -   ✓ 成功: 8 个样本, 1 个玩家
2025-12-05 15:36:56,260 - INFO - [1038/10119] 转换: szqjl_2024-03-27_12_03_24_.rep (已处理: 238, 已转换: 237)
2025-12-05 15:36:56,260 - INFO -   ✓ 成功: 12 个样本, 1 个玩家
2025-12-05 15:36:56,260 - INFO - [1039/10119] 转换: szqjl_2024-03-27_12_07_43_.rep (已处理: 239, 已转换: 238)
2025-12-05 15:36:56,260 - INFO -   ✓ 成功: 10 个样本, 1 个玩家
2025-12-05 15:36:56,271 - INFO - [1040/10119] 转换: szqjl_2024-03-27_12_12_22_.rep (已处理: 240, 已转换: 239)
2025-12-05 15:36:56,273 - INFO -   ✓ 成功: 11 个样本, 1 个玩家
2025-12-05 15:36:56,275 - INFO - [1041/10119] 转换: szqjl_2024-03-27_12_16_22_.rep (已处理: 241, 已转换: 240)
2025-12-05 15:36:56,277 - INFO -   ✓ 成功: 10 个样本, 1 个玩家
2025-12-05 15:36:56,281 - INFO - [1042/10119] 转换: szqjl_2024-03-27_12_20_10_.rep (已处理: 242, 已转换: 241)
2025-12-05 15:36:56,283 - INFO -   ✓ 成功: 10 个样本, 1 个玩家
2025-12-05 15:36:56,285 - INFO - [1043/10119] 转换: szqjl_2024-03-27_12_28_46_.rep (已处理: 243, 已转换: 242)
2025-12-05 15:36:56,286 - INFO -   ✓ 成功: 12 个样本, 1 个玩家
2025-12-05 15:36:56,289 - INFO - [1044/10119] 转换: szqjl_2024-03-27_12_33_26_.rep (已处理: 244, 已转换: 243)
2025-12-05 15:36:56,290 - INFO -   ✓ 成功: 14 个样本, 1 个玩家
2025-12-05 15:36:56,292 - INFO - [1045/10119] 转换: szqjl_2024-03-27_12_36_49_.rep (已处理: 245, 已转换: 244)
2025-12-05 15:36:56,294 - INFO -   ✓ 成功: 12 个样本, 1 个玩家
2025-12-05 15:36:56,296 - INFO - [1046/10119] 转换: szqjl_2024-03-27_12_40_27_.rep (已处理: 246, 已转换: 245)
2025-12-05 15:36:56,297 - INFO -   ✓ 成功: 11 个样本, 1 个玩家
2025-12-05 15:36:56,300 - INFO - [1047/10119] 转换: szqjl_2024-03-27_12_44_06_.rep (已处理: 247, 已转换: 246)
2025-12-05 15:36:56,301 - INFO -   ✓ 成功: 11 个样本, 1 个玩家
2025-12-05 15:36:56,303 - INFO - [1048/10119] 转换: szqjl_2024-03-27_12_47_56_.rep (已处理: 248, 已转换: 247)
2025-12-05 15:36:56,309 - INFO -   ✓ 成功: 11 个样本, 1 个玩家
2025-12-05 15:36:56,312 - INFO - [1049/10119] 转换: szqjl_2024-03-27_12_50_41_.rep (已处理: 249, 已转换: 248)
2025-12-05 15:36:56,313 - INFO -   ✓ 成功: 10 个样本, 1 个玩家
2025-12-05 15:36:56,315 - INFO - [1050/10119] 转换: szqjl_2024-03-27_12_53_33_.rep (已处理: 250, 已转换: 249)
2025-12-05 15:36:56,316 - INFO -   ✓ 成功: 11 个样本, 1 个玩家
2025-12-05 15:36:56,319 - INFO - [1051/10119] 转换: szqjl_2024-03-28_11_31_25_.rep (已处理: 251, 已转换: 250)
2025-12-05 15:36:56,322 - INFO -   ✓ 成功: 10 个样本, 1 个玩家
2025-12-05 15:36:56,325 - INFO - [1052/10119] 转换: szqjl_2024-03-28_11_35_13_.rep (已处理: 252, 已转换: 251)
2025-12-05 15:36:56,327 - INFO -   ✓ 成功: 11 个样本, 1 个玩家
2025-12-05 15:36:56,329 - INFO - [1053/10119] 转换: szqjl_2024-03-28_11_38_21_.rep (已处理: 253, 已转换: 252)
2025-12-05 15:36:56,330 - INFO -   ✓ 成功: 10 个样本, 1 个玩家
2025-12-05 15:36:56,332 - INFO - [1054/10119] 转换: szqjl_2024-03-28_11_42_13_.rep (已处理: 254, 已转换: 253)
2025-12-05 15:36:56,334 - INFO -   ✓ 成功: 8 个样本, 1 个玩家
2025-12-05 15:36:56,336 - INFO - [1055/10119] 转换: szqjl_2024-03-28_11_45_32_.rep (已处理: 255, 已转换: 254)
2025-12-05 15:36:56,338 - INFO -   ✓ 成功: 12 个样本, 1 个玩家
2025-12-05 15:36:56,341 - INFO - [1056/10119] 转换: szqjl_2024-03-28_11_48_49_.rep (已处理: 256, 已转换: 255)
2025-12-05 15:36:56,342 - INFO -   ✓ 成功: 9 个样本, 1 个玩家
2025-12-05 15:36:56,344 - INFO - [1057/10119] 转换: szqjl_2024-03-28_11_52_14_.rep (已处理: 257, 已转换: 256)
2025-12-05 15:36:56,346 - INFO -   ✓ 成功: 10 个样本, 1 个玩家
2025-12-05 15:36:56,348 - INFO - [1058/10119] 转换: szqjl_2024-03-28_11_57_34_.rep (已处理: 258, 已转换: 257)
2025-12-05 15:36:56,352 - INFO -   ✓ 成功: 10 个样本, 1 个玩家
2025-12-05 15:36:56,354 - INFO - [1059/10119] 转换: szqjl_2024-03-28_12_03_09_.rep (已处理: 259, 已转换: 258)
2025-12-05 15:36:56,356 - INFO -   ✓ 成功: 10 个样本, 1 个玩家
2025-12-05 15:36:56,358 - INFO - [1060/10119] 转换: szqjl_2024-03-28_12_06_58_.rep (已处理: 260, 已转换: 259)
2025-12-05 15:36:56,360 - INFO -   ✓ 成功: 8 个样本, 1 个玩家
2025-12-05 15:36:56,362 - INFO - [1061/10119] 转换: szqjl_2024-03-28_12_10_58_.rep (已处理: 261, 已转换: 260)
2025-12-05 15:36:56,363 - INFO -   ✓ 成功: 9 个样本, 1 个玩家
2025-12-05 15:36:56,366 - INFO - [1062/10119] 转换: szqjl_2024-03-28_12_14_17_.rep (已处理: 262, 已转换: 261)
2025-12-05 15:36:56,370 - INFO -   ✓ 成功: 9 个样本, 1 个玩家
2025-12-05 15:36:56,373 - INFO - [1063/10119] 转换: szqjl_2024-03-28_12_18_30_.rep (已处理: 263, 已转换: 262)
2025-12-05 15:36:56,374 - INFO -   ✓ 成功: 9 个样本, 1 个玩家
2025-12-05 15:36:56,376 - INFO - [1064/10119] 转换: szqjl_2024-03-28_12_22_09_.rep (已处理: 264, 已转换: 263)
2025-12-05 15:36:56,378 - INFO -   ✓ 成功: 9 个样本, 1 个玩家
2025-12-05 15:36:56,380 - INFO - [1065/10119] 转换: szqjl_2024-03-28_12_26_09_.rep (已处理: 265, 已转换: 264)
2025-12-05 15:36:56,382 - INFO -   ✓ 成功: 6 个样本, 1 个玩家
2025-12-05 15:36:56,386 - INFO - [1066/10119] 转换: szqjl_2024-03-28_12_29_53_.rep (已处理: 266, 已转换: 265)
2025-12-05 15:36:56,389 - INFO -   ✓ 成功: 6 个样本, 1 个玩家
2025-12-05 15:36:56,391 - INFO - [1067/10119] 转换: szqjl_2024-03-28_12_32_30_.rep (已处理: 267, 已转换: 266)
2025-12-05 15:36:56,393 - INFO -   ✓ 成功: 9 个样本, 1 个玩家
2025-12-05 15:36:56,395 - INFO - [1068/10119] 转换: szqjl_2024-03-28_12_38_46_.rep (已处理: 268, 已转换: 267)
2025-12-05 15:36:56,397 - INFO -   ✓ 成功: 12 个样本, 1 个玩家
2025-12-05 15:36:56,401 - INFO - [1069/10119] 转换: szqjl_2024-03-28_12_42_07_.rep (已处理: 269, 已转换: 268)
2025-12-05 15:36:56,403 - INFO -   ✓ 成功: 8 个样本, 1 个玩家
2025-12-05 15:36:56,405 - INFO - [1070/10119] 转换: szqjl_2024-03-28_12_46_03_.rep (已处理: 270, 已转换: 269)
2025-12-05 15:36:56,406 - INFO -   ✓ 成功: 12 个样本, 1 个玩家
2025-12-05 15:36:56,409 - INFO - [1071/10119] 转换: szqjl_2024-03-28_12_50_28_.rep (已处理: 271, 已转换: 270)
2025-12-05 15:36:56,410 - INFO -   ✓ 成功: 13 个样本, 1 个玩家
2025-12-05 15:36:56,413 - INFO - [1072/10119] 转换: szqjl_2024-03-28_12_54_39_.rep (已处理: 272, 已转换: 271)
2025-12-05 15:36:56,416 - INFO -   ✓ 成功: 13 个样本, 1 个玩家
2025-12-05 15:36:56,418 - INFO - [1073/10119] 转换: szqjl_2024-03-28_12_58_56_.rep (已处理: 273, 已转换: 272)
2025-12-05 15:36:56,420 - INFO -   ✓ 成功: 10 个样本, 1 个玩家
2025-12-05 15:36:56,422 - INFO - [1074/10119] 转换: szqjl_2024-03-28_13_04_10_.rep (已处理: 274, 已转换: 273)
2025-12-05 15:36:56,424 - INFO -   ✓ 成功: 9 个样本, 1 个玩家
2025-12-05 15:36:56,426 - INFO - [1075/10119] 转换: szqjl_2024-03-28_13_14_45_.rep (已处理: 275, 已转换: 274)
2025-12-05 15:36:56,428 - INFO -   ✓ 成功: 9 个样本, 1 个玩家
2025-12-05 15:36:56,432 - INFO - [1076/10119] 转换: szqjl_2024-03-28_13_19_04_.rep (已处理: 276, 已转换: 275)
2025-12-05 15:36:56,434 - INFO -   ✓ 成功: 12 个样本, 1 个玩家
2025-12-05 15:36:56,436 - INFO - [1077/10119] 转换: szqjl_2024-03-28_13_21_39_.rep (已处理: 277, 已转换: 276)
2025-12-05 15:36:56,437 - INFO -   ✓ 成功: 8 个样本, 1 个玩家
2025-12-05 15:36:56,440 - INFO - [1078/10119] 转换: szqjl_2024-03-28_13_24_47_.rep (已处理: 278, 已转换: 277)
2025-12-05 15:36:56,441 - INFO -   ✓ 成功: 13 个样本, 1 个玩家
2025-12-05 15:36:56,444 - INFO - [1079/10119] 转换: szqjl_2024-03-28_13_27_16_.rep (已处理: 279, 已转换: 278)
2025-12-05 15:36:56,445 - INFO -   ✓ 成功: 9 个样本, 1 个玩家
2025-12-05 15:36:56,447 - INFO - [1080/10119] 转换: szqjl_2024-03-28_13_29_57_.rep (已处理: 280, 已转换: 279)
2025-12-05 15:36:56,449 - INFO -   ✓ 成功: 12 个样本, 1 个玩家
2025-12-05 15:36:56,451 - INFO - [1081/10119] 转换: szqjl_2024-03-28_13_33_10_.rep (已处理: 281, 已转换: 280)
2025-12-05 15:36:56,454 - INFO -   ✓ 成功: 10 个样本, 1 个玩家
2025-12-05 15:36:56,459 - INFO - [1082/10119] 转换: szqjl_2024-03-28_13_37_00_.rep (已处理: 282, 已转换: 281)
2025-12-05 15:36:56,461 - INFO -   ✓ 成功: 10 个样本, 1 个玩家
2025-12-05 15:36:56,463 - INFO - [1083/10119] 转换: szqjl_2024-03-28_14_56_58_.rep (已处理: 283, 已转换: 282)
2025-12-05 15:36:56,465 - INFO -   ✓ 成功: 10 个样本, 1 个玩家
2025-12-05 15:36:56,467 - INFO - [1084/10119] 转换: szqjl_2024-03-28_15_01_00_.rep (已处理: 284, 已转换: 283)
2025-12-05 15:36:56,468 - INFO -   ✓ 成功: 7 个样本, 1 个玩家
2025-12-05 15:36:56,471 - INFO - [1085/10119] 转换: szqjl_2024-03-28_15_04_43_.rep (已处理: 285, 已转换: 284)
2025-12-05 15:36:56,474 - INFO -   ✓ 成功: 12 个样本, 1 个玩家
2025-12-05 15:36:56,477 - INFO - [1086/10119] 转换: szqjl_2024-03-28_15_08_38_.rep (已处理: 286, 已转换: 285)
2025-12-05 15:36:56,478 - INFO -   ✓ 成功: 8 个样本, 1 个玩家
2025-12-05 15:36:56,480 - INFO - [1087/10119] 跳过已转换: _2024-04-01_10_14_17.rep
2025-12-05 15:36:56,482 - INFO - [1088/10119] 跳过已转换: _2024-04-01_10_19_22.rep
2025-12-05 15:36:56,484 - INFO - [1089/10119] 转换: szqjl_2024-04-01_10_26_54_.rep (已处理: 287, 已转换: 286)
2025-12-05 15:36:56,486 - INFO -   ✓ 成功: 11 个样本, 1 个玩家
2025-12-05 15:36:56,489 - INFO - [1090/10119] 转换: szqjl_2024-04-01_10_30_46_.rep (已处理: 288, 已转换: 287)
2025-12-05 15:36:56,491 - INFO -   ✓ 成功: 9 个样本, 1 个玩家
2025-12-05 15:36:56,494 - INFO - [1091/10119] 转换: szqjl_2024-04-01_10_34_25_.rep (已处理: 289, 已转换: 288)
2025-12-05 15:36:56,495 - INFO -   ✓ 成功: 11 个样本, 1 个玩家
2025-12-05 15:36:56,498 - INFO - [1092/10119] 转换: szqjl_2024-04-01_10_38_13_.rep (已处理: 290, 已转换: 289)
2025-12-05 15:36:56,499 - INFO -   ✓ 成功: 14 个样本, 1 个玩家
2025-12-05 15:36:56,502 - INFO - [1093/10119] 转换: szqjl_2024-04-01_10_40_38_.rep (已处理: 291, 已转换: 290)
2025-12-05 15:36:56,503 - INFO -   ✓ 成功: 9 个样本, 1 个玩家
2025-12-05 15:36:56,506 - INFO - [1094/10119] 转换: szqjl_2024-04-01_10_43_58_.rep (已处理: 292, 已转换: 291)
2025-12-05 15:36:56,510 - INFO -   ✓ 成功: 10 个样本, 1 个玩家
2025-12-05 15:36:56,512 - INFO - [1095/10119] 转换: szqjl_2024-04-01_10_47_35_.rep (已处理: 293, 已转换: 292)
2025-12-05 15:36:56,514 - INFO -   ✓ 成功: 7 个样本, 1 个玩家
2025-12-05 15:36:56,517 - INFO - [1096/10119] 转换: szqjl_2024-04-01_10_51_59_.rep (已处理: 294, 已转换: 293)
2025-12-05 15:36:56,519 - INFO -   ✓ 成功: 9 个样本, 1 个玩家
2025-12-05 15:36:56,522 - INFO - [1097/10119] 转换: szqjl_2024-04-01_10_58_28_.rep (已处理: 295, 已转换: 294)
2025-12-05 15:36:56,525 - INFO -   ✓ 成功: 13 个样本, 1 个玩家
2025-12-05 15:36:56,528 - INFO - [1098/10119] 转换: szqjl_2024-04-01_11_03_06_.rep (已处理: 296, 已转换: 295)
2025-12-05 15:36:56,530 - INFO -   ✓ 成功: 10 个样本, 1 个玩家
2025-12-05 15:36:56,530 - INFO - [1099/10119] 转换: szqjl_2024-04-01_11_07_03_.rep (已处理: 297, 已转换: 296)
2025-12-05 15:36:56,530 - INFO -   ✓ 成功: 9 个样本, 1 个玩家
2025-12-05 15:36:56,543 - INFO - [1100/10119] 转换: szqjl_2024-04-01_11_09_42_.rep (已处理: 298, 已转换: 297)
2025-12-05 15:36:56,545 - INFO -   ✓ 成功: 9 个样本, 1 个玩家
2025-12-05 15:36:56,547 - INFO - [1101/10119] 转换: szqjl_2024-04-01_12_10_42_.rep (已处理: 299, 已转换: 298)
2025-12-05 15:36:56,549 - INFO -   ✓ 成功: 12 个样本, 1 个玩家
2025-12-05 15:36:56,551 - INFO - [1102/10119] 转换: szqjl_2024-04-01_12_14_06_.rep (已处理: 300, 已转换: 299)
2025-12-05 15:36:56,553 - INFO -   ✓ 成功: 10 个样本, 1 个玩家
2025-12-05 15:36:56,553 - INFO - ============================================================
2025-12-05 15:36:56,553 - INFO - 进度: 成功转换 300 个, 跳过 802 个, 失败 0 个
2025-12-05 15:36:56,554 - INFO - 已转换样本: 3074 个
2025-12-05 15:36:56,554 - INFO - 转换速度: 117.8 文件/秒
2025-12-05 15:36:56,555 - INFO - 预计剩余时间: 1.3 分钟
2025-12-05 15:36:56,555 - INFO - ============================================================
2025-12-05 15:36:56,555 - INFO - [1103/10119] 转换: szqjl_2024-04-01_12_17_11_.rep (已处理: 301, 已转换: 300)
2025-12-05 15:36:56,555 - INFO -   ✓ 成功: 10 个样本, 1 个玩家
2025-12-05 15:36:56,555 - INFO - [1104/10119] 转换: szqjl_2024-04-01_12_21_45_.rep (已处理: 302, 已转换: 301)
2025-12-05 15:36:56,555 - INFO -   ✓ 成功: 9 个样本, 1 个玩家
2025-12-05 15:36:56,555 - INFO - [1105/10119] 转换: szqjl_2024-04-01_12_24_41_.rep (已处理: 303, 已转换: 302)
2025-12-05 15:36:56,555 - INFO -   ✓ 成功: 9 个样本, 1 个玩家
2025-12-05 15:36:56,571 - INFO - [1106/10119] 转换: szqjl_2024-04-01_12_26_59_.rep (已处理: 304, 已转换: 303)
2025-12-05 15:36:56,571 - INFO -   ✓ 成功: 8 个样本, 1 个玩家
2025-12-05 15:36:56,571 - INFO - [1107/10119] 转换: szqjl_2024-04-01_12_31_27_.rep (已处理: 305, 已转换: 304)
2025-12-05 15:36:56,571 - INFO -   ✓ 成功: 11 个样本, 1 个玩家
2025-12-05 15:36:56,571 - INFO - [1108/10119] 转换: szqjl_2024-04-01_12_35_22_.rep (已处理: 306, 已转换: 305)
2025-12-05 15:36:56,571 - INFO -   ✓ 成功: 9 个样本, 1 个玩家
2025-12-05 15:36:56,571 - INFO - [1109/10119] 转换: szqjl_2024-04-01_12_39_50_.rep (已处理: 307, 已转换: 306)
2025-12-05 15:36:56,571 - INFO -   ✓ 成功: 13 个样本, 1 个玩家
2025-12-05 15:36:56,588 - INFO - [1110/10119] 转换: szqjl_2024-04-01_12_43_15_.rep (已处理: 308, 已转换: 307)
2025-12-05 15:36:56,588 - INFO -   ✓ 成功: 11 个样本, 1 个玩家
2025-12-05 15:36:56,588 - INFO - [1111/10119] 转换: szqjl_2024-04-01_12_46_40_.rep (已处理: 309, 已转换: 308)
2025-12-05 15:36:56,588 - INFO -   ✓ 成功: 9 个样本, 1 个玩家
2025-12-05 15:36:56,588 - INFO - [1112/10119] 转换: szqjl_2024-04-01_12_49_32_.rep (已处理: 310, 已转换: 309)
2025-12-05 15:36:56,588 - INFO -   ✓ 成功: 11 个样本, 1 个玩家
2025-12-05 15:36:56,588 - INFO - [1113/10119] 转换: szqjl_2024-04-01_12_54_06_.rep (已处理: 311, 已转换: 310)
2025-12-05 15:36:56,588 - INFO -   ✓ 成功: 12 个样本, 1 个玩家
2025-12-05 15:36:56,605 - INFO - [1114/10119] 转换: szqjl_2024-04-01_12_58_56_.rep (已处理: 312, 已转换: 311)
2025-12-05 15:36:56,605 - INFO -   ✓ 成功: 12 个样本, 1 个玩家
2025-12-05 15:36:56,605 - INFO - [1115/10119] 转换: szqjl_2024-04-01_13_02_11_.rep (已处理: 313, 已转换: 312)
2025-12-05 15:36:56,605 - INFO -   ✓ 成功: 9 个样本, 1 个玩家
2025-12-05 15:36:56,605 - INFO - [1116/10119] 转换: szqjl_2024-04-01_13_06_43_.rep (已处理: 314, 已转换: 313)
2025-12-05 15:36:56,605 - INFO -   ✓ 成功: 8 个样本, 1 个玩家
2025-12-05 15:36:56,605 - INFO - [1117/10119] 转换: szqjl_2024-04-01_13_10_38_.rep (已处理: 315, 已转换: 314)
2025-12-05 15:36:56,605 - INFO -   ✓ 成功: 9 个样本, 1 个玩家
2025-12-05 15:36:56,622 - INFO - [1118/10119] 转换: szqjl_2024-04-01_13_13_42_.rep (已处理: 316, 已转换: 315)
2025-12-05 15:36:56,622 - INFO -   ✓ 成功: 9 个样本, 1 个玩家
2025-12-05 15:36:56,622 - INFO - [1119/10119] 转换: szqjl_2024-04-01_14_44_24_.rep (已处理: 317, 已转换: 316)
2025-12-05 15:36:56,622 - INFO -   ✓ 成功: 7 个样本, 1 个玩家
2025-12-05 15:36:56,622 - INFO - [1120/10119] 转换: szqjl_2024-04-01_14_48_58_.rep (已处理: 318, 已转换: 317)
2025-12-05 15:36:56,622 - INFO -   ✓ 成功: 12 个样本, 1 个玩家
2025-12-05 15:36:56,622 - INFO - [1121/10119] 转换: szqjl_2024-04-01_14_53_04_.rep (已处理: 319, 已转换: 318)
2025-12-05 15:36:56,622 - INFO -   ✓ 成功: 9 个样本, 1 个玩家
2025-12-05 15:36:56,640 - INFO - [1122/10119] 转换: szqjl_2024-04-01_15_00_46_.rep (已处理: 320, 已转换: 319)
2025-12-05 15:36:56,642 - INFO -   ✓ 成功: 11 个样本, 1 个玩家
2025-12-05 15:36:56,642 - INFO - [1123/10119] 转换: szqjl_2024-04-01_15_05_32_.rep (已处理: 321, 已转换: 320)
2025-12-05 15:36:56,642 - INFO -   ✓ 成功: 11 个样本, 1 个玩家
2025-12-05 15:36:56,642 - INFO - [1124/10119] 转换: szqjl_2024-04-01_15_08_44_.rep (已处理: 322, 已转换: 321)
2025-12-05 15:36:56,642 - INFO -   ✓ 成功: 9 个样本, 1 个玩家
2025-12-05 15:36:56,642 - INFO - [1125/10119] 转换: szqjl_2024-04-01_15_12_57_.rep (已处理: 323, 已转换: 322)
2025-12-05 15:36:56,656 - INFO -   ✓ 成功: 9 个样本, 1 个玩家
2025-12-05 15:36:56,660 - INFO - [1126/10119] 转换: szqjl_2024-04-01_15_16_16_.rep (已处理: 324, 已转换: 323)
2025-12-05 15:36:56,662 - INFO -   ✓ 成功: 9 个样本, 1 个玩家
2025-12-05 15:36:56,664 - INFO - [1127/10119] 转换: szqjl_2024-04-01_15_22_59_.rep (已处理: 325, 已转换: 324)
2025-12-05 15:36:56,666 - INFO -   ✓ 成功: 9 个样本, 1 个玩家
2025-12-05 15:36:56,668 - INFO - [1128/10119] 转换: szqjl_2024-04-01_15_26_21_.rep (已处理: 326, 已转换: 325)
2025-12-05 15:36:56,669 - INFO -   ✓ 成功: 8 个样本, 1 个玩家
2025-12-05 15:36:56,671 - INFO - [1129/10119] 转换: szqjl_2024-04-01_15_29_36_.rep (已处理: 327, 已转换: 326)
2025-12-05 15:36:56,675 - INFO -   ✓ 成功: 9 个样本, 1 个玩家
2025-12-05 15:36:56,677 - INFO - [1130/10119] 转换: szqjl_2024-04-01_15_33_45_.rep (已处理: 328, 已转换: 327)
2025-12-05 15:36:56,679 - INFO -   ✓ 成功: 13 个样本, 1 个玩家
2025-12-05 15:36:56,681 - INFO - [1131/10119] 转换: szqjl_2024-04-01_15_38_32_.rep (已处理: 329, 已转换: 328)
2025-12-05 15:36:56,682 - INFO -   ✓ 成功: 10 个样本, 1 个玩家
2025-12-05 15:36:56,685 - INFO - [1132/10119] 转换: szqjl_2024-04-01_15_42_03_.rep (已处理: 330, 已转换: 329)
2025-12-05 15:36:56,686 - INFO -   ✓ 成功: 12 个样本, 1 个玩家
2025-12-05 15:36:56,688 - INFO - [1133/10119] 转换: szqjl_2024-04-01_15_45_04_.rep (已处理: 331, 已转换: 330)
2025-12-05 15:36:56,688 - INFO -   ✓ 成功: 8 个样本, 1 个玩家
2025-12-05 15:36:56,688 - INFO - [1134/10119] 转换: szqjl_2024-04-01_15_48_24_.rep (已处理: 332, 已转换: 331)
2025-12-05 15:36:56,688 - INFO -   ✓ 成功: 9 个样本, 1 个玩家
2025-12-05 15:36:56,688 - INFO - [1135/10119] 转换: szqjl_2024-04-01_15_52_20_.rep (已处理: 333, 已转换: 332)
2025-12-05 15:36:56,688 - INFO -   ✓ 成功: 9 个样本, 1 个玩家
2025-12-05 15:36:56,688 - INFO - [1136/10119] 转换: szqjl_2024-04-01_15_56_42_.rep (已处理: 334, 已转换: 333)
2025-12-05 15:36:56,703 - INFO -   ✓ 成功: 11 个样本, 1 个玩家
2025-12-05 15:36:56,703 - INFO - [1137/10119] 转换: szqjl_2024-04-01_15_59_52_.rep (已处理: 335, 已转换: 334)
2025-12-05 15:36:56,703 - INFO -   ✓ 成功: 11 个样本, 1 个玩家
2025-12-05 15:36:56,703 - INFO - [1138/10119] 转换: szqjl_2024-04-01_16_26_31_.rep (已处理: 336, 已转换: 335)
2025-12-05 15:36:56,703 - INFO -   ✓ 成功: 12 个样本, 1 个玩家
2025-12-05 15:36:56,703 - INFO - [1139/10119] 转换: szqjl_2024-04-01_16_29_41_.rep (已处理: 337, 已转换: 336)
2025-12-05 15:36:56,703 - INFO -   ✓ 成功: 12 个样本, 1 个玩家
2025-12-05 15:36:56,719 - INFO - [1140/10119] 转换: szqjl_2024-04-01_16_34_10_.rep (已处理: 338, 已转换: 337)
2025-12-05 15:36:56,719 - INFO -   ✓ 成功: 15 个样本, 1 个玩家
2025-12-05 15:36:56,719 - INFO - [1141/10119] 转换: szqjl_2024-04-01_16_36_40_.rep (已处理: 339, 已转换: 338)
2025-12-05 15:36:56,719 - INFO -   ✓ 成功: 8 个样本, 1 个玩家
2025-12-05 15:36:56,719 - INFO - [1142/10119] 转换: szqjl_2024-04-01_16_39_35_.rep (已处理: 340, 已转换: 339)
2025-12-05 15:36:56,719 - INFO -   ✓ 成功: 10 个样本, 1 个玩家
2025-12-05 15:36:56,719 - INFO - [1143/10119] 转换: szqjl_2024-04-01_16_42_57_.rep (已处理: 341, 已转换: 340)
2025-12-05 15:36:56,735 - INFO -   ✓ 成功: 11 个样本, 1 个玩家
2025-12-05 15:36:56,735 - INFO - [1144/10119] 转换: szqjl_2024-04-01_16_46_22_.rep (已处理: 342, 已转换: 341)
2025-12-05 15:36:56,735 - INFO -   ✓ 成功: 12 个样本, 1 个玩家
2025-12-05 15:36:56,735 - INFO - [1145/10119] 转换: szqjl_2024-04-02_09_00_32_.rep (已处理: 343, 已转换: 342)
2025-12-05 15:36:56,735 - INFO -   ✓ 成功: 8 个样本, 1 个玩家
2025-12-05 15:36:56,735 - INFO - [1146/10119] 转换: szqjl_2024-04-02_09_03_16_.rep (已处理: 344, 已转换: 343)
2025-12-05 15:36:56,735 - INFO -   ✓ 成功: 8 个样本, 1 个玩家
2025-12-05 15:36:56,750 - INFO - [1147/10119] 转换: szqjl_2024-04-02_09_06_18_.rep (已处理: 345, 已转换: 344)
2025-12-05 15:36:56,750 - INFO -   ✓ 成功: 9 个样本, 1 个玩家
2025-12-05 15:36:56,750 - INFO - [1148/10119] 转换: szqjl_2024-04-02_09_09_10_.rep (已处理: 346, 已转换: 345)
2025-12-05 15:36:56,750 - INFO -   ✓ 成功: 8 个样本, 1 个玩家
2025-12-05 15:36:56,750 - INFO - [1149/10119] 转换: szqjl_2024-04-02_09_12_41_.rep (已处理: 347, 已转换: 346)
2025-12-05 15:36:56,750 - INFO -   ✓ 成功: 11 个样本, 1 个玩家
2025-12-05 15:36:56,750 - INFO - [1150/10119] 转换: szqjl_2024-04-02_09_16_11_.rep (已处理: 348, 已转换: 347)
2025-12-05 15:36:56,766 - INFO -   ✓ 成功: 12 个样本, 1 个玩家
2025-12-05 15:36:56,766 - INFO - [1151/10119] 转换: szqjl_2024-04-02_09_19_39_.rep (已处理: 349, 已转换: 348)
2025-12-05 15:36:56,766 - INFO -   ✓ 成功: 10 个样本, 1 个玩家
2025-12-05 15:36:56,766 - INFO - [1152/10119] 转换: szqjl_2024-04-02_09_22_56_.rep (已处理: 350, 已转换: 349)
2025-12-05 15:36:56,766 - INFO -   ✓ 成功: 13 个样本, 1 个玩家
2025-12-05 15:36:56,766 - INFO - [1153/10119] 转换: szqjl_2024-04-02_09_27_45_.rep (已处理: 351, 已转换: 350)
2025-12-05 15:36:56,766 - INFO -   ✓ 成功: 10 个样本, 1 个玩家
2025-12-05 15:36:56,781 - INFO - [1154/10119] 转换: szqjl_2024-04-02_09_29_59_.rep (已处理: 352, 已转换: 351)
2025-12-05 15:36:56,781 - INFO -   ✓ 成功: 10 个样本, 1 个玩家
2025-12-05 15:36:56,781 - INFO - [1155/10119] 转换: szqjl_2024-04-02_09_35_01_.rep (已处理: 353, 已转换: 352)
2025-12-05 15:36:56,781 - INFO -   ✓ 成功: 9 个样本, 1 个玩家
2025-12-05 15:36:56,781 - INFO - [1156/10119] 转换: szqjl_2024-04-02_09_39_47_.rep (已处理: 354, 已转换: 353)
2025-12-05 15:36:56,781 - INFO -   ✓ 成功: 12 个样本, 1 个玩家
2025-12-05 15:36:56,781 - INFO - [1157/10119] 转换: szqjl_2024-04-02_09_43_47_.rep (已处理: 355, 已转换: 354)
2025-12-05 15:36:56,797 - INFO -   ✓ 成功: 9 个样本, 1 个玩家
2025-12-05 15:36:56,797 - INFO - [1158/10119] 转换: szqjl_2024-04-02_09_48_54_.rep (已处理: 356, 已转换: 355)
2025-12-05 15:36:56,797 - INFO -   ✓ 成功: 11 个样本, 1 个玩家
2025-12-05 15:36:56,797 - INFO - [1159/10119] 转换: szqjl_2024-04-02_09_54_51_.rep (已处理: 357, 已转换: 356)
2025-12-05 15:36:56,797 - INFO -   ✓ 成功: 12 个样本, 1 个玩家
2025-12-05 15:36:56,797 - INFO - [1160/10119] 转换: szqjl_2024-04-02_09_58_57_.rep (已处理: 358, 已转换: 357)
2025-12-05 15:36:56,797 - INFO -   ✓ 成功: 13 个样本, 1 个玩家
2025-12-05 15:36:56,813 - INFO - [1161/10119] 转换: szqjl_2024-04-02_10_03_23_.rep (已处理: 359, 已转换: 358)
2025-12-05 15:36:56,813 - INFO -   ✓ 成功: 12 个样本, 1 个玩家
2025-12-05 15:36:56,813 - INFO - [1162/10119] 转换: szqjl_2024-04-02_10_07_38_.rep (已处理: 360, 已转换: 359)
2025-12-05 15:36:56,813 - INFO -   ✓ 成功: 11 个样本, 1 个玩家
2025-12-05 15:36:56,813 - INFO - [1163/10119] 转换: szqjl_2024-04-02_10_10_53_.rep (已处理: 361, 已转换: 360)
2025-12-05 15:36:56,813 - INFO -   ✓ 成功: 10 个样本, 1 个玩家
2025-12-05 15:36:56,828 - INFO - [1164/10119] 转换: szqjl_2024-04-02_10_15_40_.rep (已处理: 362, 已转换: 361)
2025-12-05 15:36:56,828 - INFO -   ✓ 成功: 12 个样本, 1 个玩家
2025-12-05 15:36:56,828 - INFO - [1165/10119] 转换: szqjl_2024-04-02_10_19_30_.rep (已处理: 363, 已转换: 362)
2025-12-05 15:36:56,828 - INFO -   ✓ 成功: 9 个样本, 1 个玩家
2025-12-05 15:36:56,839 - INFO - [1166/10119] 转换: szqjl_2024-04-02_12_05_21_.rep (已处理: 364, 已转换: 363)
2025-12-05 15:36:56,839 - INFO -   ✓ 成功: 9 个样本, 1 个玩家
2025-12-05 15:36:56,839 - INFO - [1167/10119] 转换: szqjl_2024-04-02_12_08_50_.rep (已处理: 365, 已转换: 364)
2025-12-05 15:36:56,839 - INFO -   ✓ 成功: 7 个样本, 1 个玩家
2025-12-05 15:36:56,839 - INFO - [1168/10119] 转换: szqjl_2024-04-02_12_13_41_.rep (已处理: 366, 已转换: 365)
2025-12-05 15:36:56,839 - INFO -   ✓ 成功: 9 个样本, 1 个玩家
2025-12-05 15:36:56,839 - INFO - [1169/10119] 转换: szqjl_2024-04-02_12_17_56_.rep (已处理: 367, 已转换: 366)
2025-12-05 15:36:56,855 - INFO -   ✓ 成功: 9 个样本, 1 个玩家
2025-12-05 15:36:56,855 - INFO - [1170/10119] 转换: szqjl_2024-04-02_12_22_20_.rep (已处理: 368, 已转换: 367)
2025-12-05 15:36:56,855 - INFO -   ✓ 成功: 12 个样本, 1 个玩家
2025-12-05 15:36:56,855 - INFO - [1171/10119] 转换: szqjl_2024-04-02_12_25_58_.rep (已处理: 369, 已转换: 368)
2025-12-05 15:36:56,855 - INFO -   ✓ 成功: 12 个样本, 1 个玩家
2025-12-05 15:36:56,855 - INFO - [1172/10119] 转换: szqjl_2024-04-02_12_28_16_.rep (已处理: 370, 已转换: 369)
2025-12-05 15:36:56,855 - INFO -   ✓ 成功: 9 个样本, 1 个玩家
2025-12-05 15:36:56,871 - INFO - [1173/10119] 转换: szqjl_2024-04-02_12_31_19_.rep (已处理: 371, 已转换: 370)
2025-12-05 15:36:56,871 - INFO -   ✓ 成功: 10 个样本, 1 个玩家
2025-12-05 15:36:56,871 - INFO - [1174/10119] 转换: szqjl_2024-04-02_12_35_18_.rep (已处理: 372, 已转换: 371)
2025-12-05 15:36:56,871 - INFO -   ✓ 成功: 12 个样本, 1 个玩家
2025-12-05 15:36:56,871 - INFO - [1175/10119] 转换: szqjl_2024-04-02_12_40_11_.rep (已处理: 373, 已转换: 372)
2025-12-05 15:36:56,871 - INFO -   ✓ 成功: 10 个样本, 1 个玩家
2025-12-05 15:36:56,871 - INFO - [1176/10119] 转换: szqjl_2024-04-02_12_42_51_.rep (已处理: 374, 已转换: 373)
2025-12-05 15:36:56,886 - INFO -   ✓ 成功: 10 个样本, 1 个玩家
2025-12-05 15:36:56,886 - INFO - [1177/10119] 转换: szqjl_2024-04-02_12_44_58_.rep (已处理: 375, 已转换: 374)
2025-12-05 15:36:56,886 - INFO -   ✓ 成功: 8 个样本, 1 个玩家
2025-12-05 15:36:56,886 - INFO - [1178/10119] 转换: szqjl_2024-04-02_12_47_52_.rep (已处理: 376, 已转换: 375)
2025-12-05 15:36:56,886 - INFO -   ✓ 成功: 9 个样本, 1 个玩家
2025-12-05 15:36:56,886 - INFO - [1179/10119] 转换: szqjl_2024-04-02_12_51_02_.rep (已处理: 377, 已转换: 376)
2025-12-05 15:36:56,886 - INFO -   ✓ 成功: 9 个样本, 1 个玩家
2025-12-05 15:36:56,902 - INFO - [1180/10119] 转换: szqjl_2024-04-02_12_53_39_.rep (已处理: 378, 已转换: 377)
2025-12-05 15:36:56,902 - INFO -   ✓ 成功: 8 个样本, 1 个玩家
2025-12-05 15:36:56,902 - INFO - [1181/10119] 转换: szqjl_2024-04-02_12_56_39_.rep (已处理: 379, 已转换: 378)
2025-12-05 15:36:56,902 - INFO -   ✓ 成功: 11 个样本, 1 个玩家
2025-12-05 15:36:56,902 - INFO - [1182/10119] 转换: szqjl_2024-04-02_13_00_54_.rep (已处理: 380, 已转换: 379)
2025-12-05 15:36:56,902 - INFO -   ✓ 成功: 10 个样本, 1 个玩家
2025-12-05 15:36:56,902 - INFO - [1183/10119] 转换: szqjl_2024-04-02_15_46_43_.rep (已处理: 381, 已转换: 380)
2025-12-05 15:36:56,917 - INFO -   ✓ 成功: 10 个样本, 1 个玩家
2025-12-05 15:36:56,917 - INFO - [1184/10119] 转换: szqjl_2024-04-02_15_50_30_.rep (已处理: 382, 已转换: 381)
2025-12-05 15:36:56,917 - INFO -   ✓ 成功: 10 个样本, 1 个玩家
2025-12-05 15:36:56,917 - INFO - [1185/10119] 转换: szqjl_2024-04-02_15_54_07_.rep (已处理: 383, 已转换: 382)
2025-12-05 15:36:56,917 - INFO -   ✓ 成功: 10 个样本, 1 个玩家
2025-12-05 15:36:56,917 - INFO - [1186/10119] 转换: szqjl_2024-04-02_15_56_35_.rep (已处理: 384, 已转换: 383)
2025-12-05 15:36:56,917 - INFO -   ✓ 成功: 7 个样本, 1 个玩家
2025-12-05 15:36:56,933 - INFO - [1187/10119] 转换: szqjl_2024-04-02_16_00_35_.rep (已处理: 385, 已转换: 384)
2025-12-05 15:36:56,933 - INFO -   ✓ 成功: 7 个样本, 1 个玩家
2025-12-05 15:36:56,933 - INFO - [1188/10119] 转换: szqjl_2024-04-02_16_04_35_.rep (已处理: 386, 已转换: 385)
2025-12-05 15:36:56,933 - INFO -   ✓ 成功: 12 个样本, 1 个玩家
2025-12-05 15:36:56,933 - INFO - [1189/10119] 转换: szqjl_2024-04-02_16_07_42_.rep (已处理: 387, 已转换: 386)
2025-12-05 15:36:56,933 - INFO -   ✓ 成功: 10 个样本, 1 个玩家
2025-12-05 15:36:56,949 - INFO - [1190/10119] 转换: szqjl_2024-04-02_16_10_35_.rep (已处理: 388, 已转换: 387)
2025-12-05 15:36:56,949 - INFO -   ✓ 成功: 11 个样本, 1 个玩家
2025-12-05 15:36:56,949 - INFO - [1191/10119] 转换: szqjl_2024-04-02_16_13_42_.rep (已处理: 389, 已转换: 388)
2025-12-05 15:36:56,949 - INFO -   ✓ 成功: 8 个样本, 1 个玩家
2025-12-05 15:36:56,949 - INFO - [1192/10119] 转换: szqjl_2024-04-03_12_27_13_.rep (已处理: 390, 已转换: 389)
2025-12-05 15:36:56,949 - INFO -   ✓ 成功: 10 个样本, 1 个玩家
2025-12-05 15:36:56,949 - INFO - [1193/10119] 转换: szqjl_2024-04-03_12_29_58_.rep (已处理: 391, 已转换: 390)
2025-12-05 15:36:56,964 - INFO -   ✓ 成功: 8 个样本, 1 个玩家
2025-12-05 15:36:56,964 - INFO - [1194/10119] 转换: szqjl_2024-04-03_12_35_27_.rep (已处理: 392, 已转换: 391)
2025-12-05 15:36:56,964 - INFO -   ✓ 成功: 10 个样本, 1 个玩家
2025-12-05 15:36:56,964 - INFO - [1195/10119] 转换: szqjl_2024-04-03_12_39_18_.rep (已处理: 393, 已转换: 392)
2025-12-05 15:36:56,964 - INFO -   ✓ 成功: 10 个样本, 1 个玩家
2025-12-05 15:36:56,964 - INFO - [1196/10119] 转换: szqjl_2024-04-03_12_42_01_.rep (已处理: 394, 已转换: 393)
2025-12-05 15:36:56,964 - INFO -   ✓ 成功: 9 个样本, 1 个玩家
2025-12-05 15:36:56,980 - INFO - [1197/10119] 转换: szqjl_2024-04-03_12_44_39_.rep (已处理: 395, 已转换: 394)
2025-12-05 15:36:56,980 - INFO -   ✓ 成功: 9 个样本, 1 个玩家
2025-12-05 15:36:56,980 - INFO - [1198/10119] 转换: szqjl_2024-04-03_12_48_05_.rep (已处理: 396, 已转换: 395)
2025-12-05 15:36:56,980 - INFO -   ✓ 成功: 11 个样本, 1 个玩家
2025-12-05 15:36:56,980 - INFO - [1199/10119] 转换: szqjl_2024-04-03_12_51_22_.rep (已处理: 397, 已转换: 396)
2025-12-05 15:36:56,980 - INFO -   ✓ 成功: 10 个样本, 1 个玩家
2025-12-05 15:36:56,980 - INFO - [1200/10119] 转换: szqjl_2024-04-03_12_54_13_.rep (已处理: 398, 已转换: 397)
2025-12-05 15:36:56,996 - INFO -   ✓ 成功: 10 个样本, 1 个玩家
2025-12-05 15:36:56,996 - INFO - [1201/10119] 转换: szqjl_2024-04-03_12_57_33_.rep (已处理: 399, 已转换: 398)
2025-12-05 15:36:56,996 - INFO -   ✓ 成功: 9 个样本, 1 个玩家
2025-12-05 15:36:56,996 - INFO - [1202/10119] 转换: szqjl_2024-04-03_13_04_43_.rep (已处理: 400, 已转换: 399)
2025-12-05 15:36:56,996 - INFO -   ✓ 成功: 11 个样本, 1 个玩家
2025-12-05 15:36:56,996 - INFO - ============================================================
2025-12-05 15:36:56,996 - INFO - 进度: 成功转换 400 个, 跳过 802 个, 失败 0 个
2025-12-05 15:36:56,996 - INFO - 已转换样本: 4074 个
2025-12-05 15:36:56,996 - INFO - 转换速度: 133.8 文件/秒
2025-12-05 15:36:56,996 - INFO - 预计剩余时间: 1.1 分钟
2025-12-05 15:36:56,996 - INFO - ============================================================
2025-12-05 15:36:56,996 - INFO - [1203/10119] 转换: szqjl_2024-04-03_13_07_57_.rep (已处理: 401, 已转换: 400)
2025-12-05 15:36:57,011 - INFO -   ✓ 成功: 9 个样本, 1 个玩家
2025-12-05 15:36:57,011 - INFO - [1204/10119] 转换: szqjl_2024-04-03_13_12_11_.rep (已处理: 402, 已转换: 401)
2025-12-05 15:36:57,011 - INFO -   ✓ 成功: 11 个样本, 1 个玩家
2025-12-05 15:36:57,011 - INFO - [1205/10119] 转换: szqjl_2024-04-03_13_15_19_.rep (已处理: 403, 已转换: 402)
2025-12-05 15:36:57,011 - INFO -   ✓ 成功: 13 个样本, 1 个玩家
2025-12-05 15:36:57,011 - INFO - [1206/10119] 转换: szqjl_2024-04-03_13_18_39_.rep (已处理: 404, 已转换: 403)
2025-12-05 15:36:57,011 - INFO -   ✓ 成功: 8 个样本, 1 个玩家
2025-12-05 15:36:57,027 - INFO - [1207/10119] 转换: szqjl_2024-04-03_13_22_00_.rep (已处理: 405, 已转换: 404)
2025-12-05 15:36:57,027 - INFO -   ✓ 成功: 9 个样本, 1 个玩家
2025-12-05 15:36:57,027 - INFO - [1208/10119] 转换: szqjl_2024-04-03_13_25_48_.rep (已处理: 406, 已转换: 405)
2025-12-05 15:36:57,027 - INFO -   ✓ 成功: 12 个样本, 1 个玩家
2025-12-05 15:36:57,027 - INFO - [1209/10119] 转换: szqjl_2024-04-03_13_29_21_.rep (已处理: 407, 已转换: 406)
2025-12-05 15:36:57,027 - INFO -   ✓ 成功: 9 个样本, 1 个玩家
2025-12-05 15:36:57,042 - INFO - [1210/10119] 转换: szqjl_2024-04-03_13_32_44_.rep (已处理: 408, 已转换: 407)
2025-12-05 15:36:57,042 - INFO -   ✓ 成功: 10 个样本, 1 个玩家
2025-12-05 15:36:57,042 - INFO - [1211/10119] 转换: szqjl_2024-04-03_13_36_03_.rep (已处理: 409, 已转换: 408)
2025-12-05 15:36:57,042 - INFO -   ✓ 成功: 8 个样本, 1 个玩家
2025-12-05 15:36:57,042 - INFO - [1212/10119] 转换: szqjl_2024-04-03_13_40_13_.rep (已处理: 410, 已转换: 409)
2025-12-05 15:36:57,042 - INFO -   ✓ 成功: 12 个样本, 1 个玩家
2025-12-05 15:36:57,058 - INFO - [1213/10119] 转换: szqjl_2024-04-03_13_42_53_.rep (已处理: 411, 已转换: 410)
2025-12-05 15:36:57,058 - INFO -   ✓ 成功: 10 个样本, 1 个玩家
2025-12-05 15:36:57,058 - INFO - [1214/10119] 转换: szqjl_2024-04-03_13_46_39_.rep (已处理: 412, 已转换: 411)
2025-12-05 15:36:57,058 - INFO -   ✓ 成功: 11 个样本, 1 个玩家
2025-12-05 15:36:57,058 - INFO - [1215/10119] 转换: szqjl_2024-04-03_13_50_09_.rep (已处理: 413, 已转换: 412)
2025-12-05 15:36:57,058 - INFO -   ✓ 成功: 10 个样本, 1 个玩家
2025-12-05 15:36:57,058 - INFO - [1216/10119] 转换: szqjl_2024-04-03_13_53_37_.rep (已处理: 414, 已转换: 413)
2025-12-05 15:36:57,074 - INFO -   ✓ 成功: 11 个样本, 1 个玩家
2025-12-05 15:36:57,074 - INFO - [1217/10119] 转换: szqjl_2024-04-03_13_56_31_.rep (已处理: 415, 已转换: 414)
2025-12-05 15:36:57,074 - INFO -   ✓ 成功: 9 个样本, 1 个玩家
2025-12-05 15:36:57,074 - INFO - [1218/10119] 转换: szqjl_2024-04-03_13_59_11_.rep (已处理: 416, 已转换: 415)
2025-12-05 15:36:57,074 - INFO -   ✓ 成功: 12 个样本, 1 个玩家
2025-12-05 15:36:57,074 - INFO - [1219/10119] 转换: szqjl_2024-04-03_16_06_10_.rep (已处理: 417, 已转换: 416)
2025-12-05 15:36:57,089 - INFO -   ✓ 成功: 11 个样本, 1 个玩家
2025-12-05 15:36:57,089 - INFO - [1220/10119] 转换: szqjl_2024-04-03_16_09_10_.rep (已处理: 418, 已转换: 417)
2025-12-05 15:36:57,089 - INFO -   ✓ 成功: 12 个样本, 1 个玩家
2025-12-05 15:36:57,089 - INFO - [1221/10119] 转换: szqjl_2024-04-03_16_12_07_.rep (已处理: 419, 已转换: 418)
2025-12-05 15:36:57,089 - INFO -   ✓ 成功: 9 个样本, 1 个玩家
2025-12-05 15:36:57,089 - INFO - [1222/10119] 转换: szqjl_2024-04-03_16_15_12_.rep (已处理: 420, 已转换: 419)
2025-12-05 15:36:57,089 - INFO -   ✓ 成功: 14 个样本, 1 个玩家
2025-12-05 15:36:57,105 - INFO - [1223/10119] 转换: szqjl_2024-04-03_16_19_15_.rep (已处理: 421, 已转换: 420)
2025-12-05 15:36:57,105 - INFO -   ✓ 成功: 10 个样本, 1 个玩家
2025-12-05 15:36:57,105 - INFO - [1224/10119] 转换: szqjl_2024-04-03_16_22_18_.rep (已处理: 422, 已转换: 421)
2025-12-05 15:36:57,105 - INFO -   ✓ 成功: 7 个样本, 1 个玩家
2025-12-05 15:36:57,105 - INFO - [1225/10119] 转换: szqjl_2024-04-03_16_25_24_.rep (已处理: 423, 已转换: 422)
2025-12-05 15:36:57,105 - INFO -   ✓ 成功: 10 个样本, 1 个玩家
2025-12-05 15:36:57,121 - INFO - [1226/10119] 转换: szqjl_2024-04-03_16_28_49_.rep (已处理: 424, 已转换: 423)
2025-12-05 15:36:57,124 - INFO -   ✓ 成功: 10 个样本, 1 个玩家
2025-12-05 15:36:57,127 - INFO - [1227/10119] 转换: szqjl_2024-04-03_16_32_32_.rep (已处理: 425, 已转换: 424)
2025-12-05 15:36:57,128 - INFO -   ✓ 成功: 10 个样本, 1 个玩家
2025-12-05 15:36:57,131 - INFO - [1228/10119] 转换: szqjl_2024-04-03_16_35_33_.rep (已处理: 426, 已转换: 425)
2025-12-05 15:36:57,132 - INFO -   ✓ 成功: 10 个样本, 1 个玩家
2025-12-05 15:36:57,135 - INFO - [1229/10119] 转换: szqjl_2024-04-12_12_39_02_.rep (已处理: 427, 已转换: 426)
2025-12-05 15:36:57,140 - INFO -   ✓ 成功: 13 个样本, 1 个玩家
2025-12-05 15:36:57,143 - INFO - [1230/10119] 转换: szqjl_2024-04-12_12_43_58_.rep (已处理: 428, 已转换: 427)
2025-12-05 15:36:57,145 - INFO -   ✓ 成功: 13 个样本, 1 个玩家
2025-12-05 15:36:57,147 - INFO - [1231/10119] 转换: szqjl_2024-04-12_12_48_40_.rep (已处理: 429, 已转换: 428)
2025-12-05 15:36:57,149 - INFO -   ✓ 成功: 13 个样本, 1 个玩家
2025-12-05 15:36:57,152 - INFO - [1232/10119] 转换: szqjl_2024-04-12_12_52_41_.rep (已处理: 430, 已转换: 429)
2025-12-05 15:36:57,156 - INFO -   ✓ 成功: 12 个样本, 1 个玩家
2025-12-05 15:36:57,157 - INFO - [1233/10119] 转换: szqjl_2024-04-12_12_56_03_.rep (已处理: 431, 已转换: 430)
2025-12-05 15:36:57,157 - INFO -   ✓ 成功: 9 个样本, 1 个玩家
2025-12-05 15:36:57,157 - INFO - [1234/10119] 转换: szqjl_2024-04-12_12_58_41_.rep (已处理: 432, 已转换: 431)
2025-12-05 15:36:57,157 - INFO -   ✓ 成功: 6 个样本, 1 个玩家
2025-12-05 15:36:57,157 - INFO - [1235/10119] 转换: szqjl_2024-04-12_13_08_09_.rep (已处理: 433, 已转换: 432)
2025-12-05 15:36:57,157 - INFO -   ✓ 成功: 11 个样本, 1 个玩家
2025-12-05 15:36:57,173 - INFO - [1236/10119] 转换: szqjl_2024-04-12_13_11_59_.rep (已处理: 434, 已转换: 433)
2025-12-05 15:36:57,176 - INFO -   ✓ 成功: 10 个样本, 1 个玩家
2025-12-05 15:36:57,179 - INFO - [1237/10119] 转换: szqjl_2024-04-12_13_15_39_.rep (已处理: 435, 已转换: 434)
2025-12-05 15:36:57,180 - INFO -   ✓ 成功: 10 个样本, 1 个玩家
2025-12-05 15:36:57,183 - INFO - [1238/10119] 转换: szqjl_2024-04-12_13_19_19_.rep (已处理: 436, 已转换: 435)
2025-12-05 15:36:57,184 - INFO -   ✓ 成功: 12 个样本, 1 个玩家
2025-12-05 15:36:57,187 - INFO - [1239/10119] 转换: szqjl_2024-04-12_13_22_46_.rep (已处理: 437, 已转换: 436)
2025-12-05 15:36:57,188 - INFO -   ✓ 成功: 8 个样本, 1 个玩家
2025-12-05 15:36:57,192 - INFO - [1240/10119] 转换: szqjl_2024-04-12_13_26_16_.rep (已处理: 438, 已转换: 437)
2025-12-05 15:36:57,194 - INFO -   ✓ 成功: 10 个样本, 1 个玩家
2025-12-05 15:36:57,196 - INFO - [1241/10119] 转换: szqjl_2024-04-12_13_30_36_.rep (已处理: 439, 已转换: 438)
2025-12-05 15:36:57,198 - INFO -   ✓ 成功: 11 个样本, 1 个玩家
2025-12-05 15:36:57,201 - INFO - [1242/10119] 转换: szqjl_2024-04-12_13_34_23_.rep (已处理: 440, 已转换: 439)
2025-12-05 15:36:57,202 - INFO -   ✓ 成功: 12 个样本, 1 个玩家
2025-12-05 15:36:57,208 - INFO - [1243/10119] 转换: szqjl_2024-04-12_13_38_36_.rep (已处理: 441, 已转换: 440)
2025-12-05 15:36:57,209 - INFO -   ✓ 成功: 8 个样本, 1 个玩家
2025-12-05 15:36:57,212 - INFO - [1244/10119] 转换: szqjl_2024-04-12_13_42_48_.rep (已处理: 442, 已转换: 441)
2025-12-05 15:36:57,214 - INFO -   ✓ 成功: 11 个样本, 1 个玩家
2025-12-05 15:36:57,216 - INFO - [1245/10119] 转换: szqjl_2024-04-12_13_46_34_.rep (已处理: 443, 已转换: 442)
2025-12-05 15:36:57,218 - INFO -   ✓ 成功: 8 个样本, 1 个玩家
2025-12-05 15:36:57,220 - INFO - [1246/10119] 转换: szqjl_2024-04-12_13_52_23_.rep (已处理: 444, 已转换: 443)
2025-12-05 15:36:57,222 - INFO -   ✓ 成功: 10 个样本, 1 个玩家
2025-12-05 15:36:57,225 - INFO - [1247/10119] 转换: szqjl_2024-04-12_13_56_18_.rep (已处理: 445, 已转换: 444)
2025-12-05 15:36:57,226 - INFO -   ✓ 成功: 11 个样本, 1 个玩家
2025-12-05 15:36:57,229 - INFO - [1248/10119] 转换: szqjl_2024-04-12_13_59_33_.rep (已处理: 446, 已转换: 445)
2025-12-05 15:36:57,230 - INFO -   ✓ 成功: 11 个样本, 1 个玩家
2025-12-05 15:36:57,233 - INFO - [1249/10119] 转换: szqjl_2024-04-12_14_36_08_.rep (已处理: 447, 已转换: 446)
2025-12-05 15:36:57,234 - INFO -   ✓ 成功: 11 个样本, 1 个玩家
2025-12-05 15:36:57,237 - INFO - [1250/10119] 转换: szqjl_2024-04-12_14_40_15_.rep (已处理: 448, 已转换: 447)
2025-12-05 15:36:57,241 - INFO -   ✓ 成功: 9 个样本, 1 个玩家
2025-12-05 15:36:57,244 - INFO - [1251/10119] 转换: szqjl_2024-04-12_14_45_38_.rep (已处理: 449, 已转换: 448)
2025-12-05 15:36:57,245 - INFO -   ✓ 成功: 12 个样本, 1 个玩家
2025-12-05 15:36:57,248 - INFO - [1252/10119] 转换: szqjl_2024-04-12_14_49_44_.rep (已处理: 450, 已转换: 449)
2025-12-05 15:36:57,250 - INFO -   ✓ 成功: 10 个样本, 1 个玩家
2025-12-05 15:36:57,252 - INFO - [1253/10119] 转换: szqjl_2024-04-12_14_52_55_.rep (已处理: 451, 已转换: 450)
2025-12-05 15:36:57,254 - INFO -   ✓ 成功: 9 个样本, 1 个玩家
2025-12-05 15:36:57,258 - INFO - [1254/10119] 转换: szqjl_2024-04-12_14_57_22_.rep (已处理: 452, 已转换: 451)
2025-12-05 15:36:57,260 - INFO -   ✓ 成功: 10 个样本, 1 个玩家
2025-12-05 15:36:57,263 - INFO - [1255/10119] 转换: szqjl_2024-04-12_15_01_47_.rep (已处理: 453, 已转换: 452)
2025-12-05 15:36:57,264 - INFO -   ✓ 成功: 8 个样本, 1 个玩家
2025-12-05 15:36:57,267 - INFO - [1256/10119] 转换: szqjl_2024-04-12_15_05_57_.rep (已处理: 454, 已转换: 453)
2025-12-05 15:36:57,268 - INFO -   ✓ 成功: 11 个样本, 1 个玩家
2025-12-05 15:36:57,271 - INFO - [1257/10119] 转换: szqjl_2024-04-12_15_11_23_.rep (已处理: 455, 已转换: 454)
2025-12-05 15:36:57,273 - INFO -   ✓ 成功: 10 个样本, 1 个玩家
2025-12-05 15:36:57,276 - INFO - [1258/10119] 转换: szqjl_2024-04-12_15_15_08_.rep (已处理: 456, 已转换: 455)
2025-12-05 15:36:57,277 - INFO -   ✓ 成功: 11 个样本, 1 个玩家
2025-12-05 15:36:57,280 - INFO - [1259/10119] 转换: szqjl_2024-04-12_15_18_21_.rep (已处理: 457, 已转换: 456)
2025-12-05 15:36:57,281 - INFO -   ✓ 成功: 9 个样本, 1 个玩家
2025-12-05 15:36:57,284 - INFO - [1260/10119] 转换: szqjl_2024-04-12_15_21_40_.rep (已处理: 458, 已转换: 457)
2025-12-05 15:36:57,287 - INFO -   ✓ 成功: 11 个样本, 1 个玩家
2025-12-05 15:36:57,290 - INFO - [1261/10119] 转换: szqjl_2024-04-12_15_24_57_.rep (已处理: 459, 已转换: 458)
2025-12-05 15:36:57,291 - INFO -   ✓ 成功: 8 个样本, 1 个玩家
2025-12-05 15:36:57,294 - INFO - [1262/10119] 转换: szqjl_2024-04-15_10_03_00_.rep (已处理: 460, 已转换: 459)
2025-12-05 15:36:57,296 - INFO -   ✓ 成功: 10 个样本, 1 个玩家
2025-12-05 15:36:57,298 - INFO - [1263/10119] 转换: szqjl_2024-04-15_10_06_01_.rep (已处理: 461, 已转换: 460)
2025-12-05 15:36:57,300 - INFO -   ✓ 成功: 10 个样本, 1 个玩家
2025-12-05 15:36:57,302 - INFO - [1264/10119] 转换: szqjl_2024-04-15_10_08_33_.rep (已处理: 462, 已转换: 461)
2025-12-05 15:36:57,304 - INFO -   ✓ 成功: 9 个样本, 1 个玩家
2025-12-05 15:36:57,310 - INFO - [1265/10119] 转换: szqjl_2024-04-15_10_17_39_.rep (已处理: 463, 已转换: 462)
2025-12-05 15:36:57,311 - INFO -   ✓ 成功: 7 个样本, 1 个玩家
2025-12-05 15:36:57,314 - INFO - [1266/10119] 转换: szqjl_2024-04-15_10_22_14_.rep (已处理: 464, 已转换: 463)
2025-12-05 15:36:57,316 - INFO -   ✓ 成功: 9 个样本, 1 个玩家
2025-12-05 15:36:57,318 - INFO - [1267/10119] 转换: szqjl_2024-04-15_10_27_45_.rep (已处理: 465, 已转换: 464)
2025-12-05 15:36:57,320 - INFO -   ✓ 成功: 11 个样本, 1 个玩家
2025-12-05 15:36:57,325 - INFO - [1268/10119] 转换: szqjl_2024-04-15_10_34_04_.rep (已处理: 466, 已转换: 465)
2025-12-05 15:36:57,326 - INFO -   ✓ 成功: 10 个样本, 1 个玩家
2025-12-05 15:36:57,329 - INFO - [1269/10119] 转换: szqjl_2024-04-15_10_40_10_.rep (已处理: 467, 已转换: 466)
2025-12-05 15:36:57,330 - INFO -   ✓ 成功: 9 个样本, 1 个玩家
2025-12-05 15:36:57,333 - INFO - [1270/10119] 转换: szqjl_2024-04-15_10_45_09_.rep (已处理: 468, 已转换: 467)
2025-12-05 15:36:57,335 - INFO -   ✓ 成功: 11 个样本, 1 个玩家
2025-12-05 15:36:57,337 - INFO - [1271/10119] 转换: szqjl_2024-04-15_11_43_42_.rep (已处理: 469, 已转换: 468)
2025-12-05 15:36:57,340 - INFO -   ✓ 成功: 9 个样本, 1 个玩家
2025-12-05 15:36:57,342 - INFO - [1272/10119] 转换: szqjl_2024-04-15_11_46_35_.rep (已处理: 470, 已转换: 469)
2025-12-05 15:36:57,344 - INFO -   ✓ 成功: 12 个样本, 1 个玩家
2025-12-05 15:36:57,347 - INFO - [1273/10119] 转换: szqjl_2024-04-15_11_49_42_.rep (已处理: 471, 已转换: 470)
2025-12-05 15:36:57,348 - INFO -   ✓ 成功: 9 个样本, 1 个玩家
2025-12-05 15:36:57,351 - INFO - [1274/10119] 转换: szqjl_2024-04-15_11_52_29_.rep (已处理: 472, 已转换: 471)
2025-12-05 15:36:57,354 - INFO -   ✓ 成功: 11 个样本, 1 个玩家
2025-12-05 15:36:57,357 - INFO - [1275/10119] 转换: szqjl_2024-04-15_11_56_11_.rep (已处理: 473, 已转换: 472)
2025-12-05 15:36:57,359 - INFO -   ✓ 成功: 8 个样本, 1 个玩家
2025-12-05 15:36:57,361 - INFO - [1276/10119] 转换: szqjl_2024-04-15_12_00_12_.rep (已处理: 474, 已转换: 473)
2025-12-05 15:36:57,363 - INFO -   ✓ 成功: 11 个样本, 1 个玩家
2025-12-05 15:36:57,365 - INFO - [1277/10119] 转换: szqjl_2024-04-15_12_03_58_.rep (已处理: 475, 已转换: 474)
2025-12-05 15:36:57,369 - INFO -   ✓ 成功: 12 个样本, 1 个玩家
2025-12-05 15:36:57,372 - INFO - [1278/10119] 转换: szqjl_2024-04-15_12_07_42_.rep (已处理: 476, 已转换: 475)
2025-12-05 15:36:57,374 - INFO -   ✓ 成功: 9 个样本, 1 个玩家
2025-12-05 15:36:57,376 - INFO - [1279/10119] 转换: szqjl_2024-04-15_12_11_27_.rep (已处理: 477, 已转换: 476)
2025-12-05 15:36:57,378 - INFO -   ✓ 成功: 9 个样本, 1 个玩家
2025-12-05 15:36:57,381 - INFO - [1280/10119] 转换: szqjl_2024-04-15_12_15_30_.rep (已处理: 478, 已转换: 477)
2025-12-05 15:36:57,383 - INFO -   ✓ 成功: 11 个样本, 1 个玩家
2025-12-05 15:36:57,387 - INFO - [1281/10119] 转换: szqjl_2024-04-15_12_18_46_.rep (已处理: 479, 已转换: 478)
2025-12-05 15:36:57,388 - INFO -   ✓ 成功: 11 个样本, 1 个玩家
2025-12-05 15:36:57,391 - INFO - [1282/10119] 转换: szqjl_2024-04-15_12_23_03_.rep (已处理: 480, 已转换: 479)
2025-12-05 15:36:57,393 - INFO -   ✓ 成功: 9 个样本, 1 个玩家
2025-12-05 15:36:57,396 - INFO - [1283/10119] 转换: szqjl_2024-04-15_12_27_29_.rep (已处理: 481, 已转换: 480)
2025-12-05 15:36:57,397 - INFO -   ✓ 成功: 9 个样本, 1 个玩家
2025-12-05 15:36:57,401 - INFO - [1284/10119] 转换: szqjl_2024-04-15_12_31_18_.rep (已处理: 482, 已转换: 481)
2025-12-05 15:36:57,403 - INFO -   ✓ 成功: 8 个样本, 1 个玩家
2025-12-05 15:36:57,406 - INFO - [1285/10119] 转换: szqjl_2024-04-15_12_34_22_.rep (已处理: 483, 已转换: 482)
2025-12-05 15:36:57,407 - INFO -   ✓ 成功: 8 个样本, 1 个玩家
2025-12-05 15:36:57,410 - INFO - [1286/10119] 转换: szqjl_2024-04-15_12_37_53_.rep (已处理: 484, 已转换: 483)
2025-12-05 15:36:57,411 - INFO -   ✓ 成功: 11 个样本, 1 个玩家
2025-12-05 15:36:57,414 - INFO - [1287/10119] 转换: szqjl_2024-04-15_12_41_49_.rep (已处理: 485, 已转换: 484)
2025-12-05 15:36:57,417 - INFO -   ✓ 成功: 10 个样本, 1 个玩家
2025-12-05 15:36:57,420 - INFO - [1288/10119] 转换: szqjl_2024-04-15_12_46_03_.rep (已处理: 486, 已转换: 485)
2025-12-05 15:36:57,421 - INFO -   ✓ 成功: 7 个样本, 1 个玩家
2025-12-05 15:36:57,424 - INFO - [1289/10119] 转换: szqjl_2024-04-15_12_49_43_.rep (已处理: 487, 已转换: 486)
2025-12-05 15:36:57,426 - INFO -   ✓ 成功: 10 个样本, 1 个玩家
2025-12-05 15:36:57,428 - INFO - [1290/10119] 转换: szqjl_2024-04-15_15_23_25_.rep (已处理: 488, 已转换: 487)
2025-12-05 15:36:57,430 - INFO -   ✓ 成功: 7 个样本, 1 个玩家
2025-12-05 15:36:57,434 - INFO - [1291/10119] 转换: szqjl_2024-04-15_15_27_22_.rep (已处理: 489, 已转换: 488)
2025-12-05 15:36:57,435 - INFO -   ✓ 成功: 12 个样本, 1 个玩家
2025-12-05 15:36:57,438 - INFO - [1292/10119] 转换: szqjl_2024-04-15_15_30_07_.rep (已处理: 490, 已转换: 489)
2025-12-05 15:36:57,439 - INFO -   ✓ 成功: 8 个样本, 1 个玩家
2025-12-05 15:36:57,442 - INFO - [1293/10119] 转换: szqjl_2024-04-15_15_33_30_.rep (已处理: 491, 已转换: 490)
2025-12-05 15:36:57,444 - INFO -   ✓ 成功: 12 个样本, 1 个玩家
2025-12-05 15:36:57,447 - INFO - [1294/10119] 转换: szqjl_2024-04-15_15_36_24_.rep (已处理: 492, 已转换: 491)
2025-12-05 15:36:57,448 - INFO -   ✓ 成功: 8 个样本, 1 个玩家
2025-12-05 15:36:57,451 - INFO - [1295/10119] 转换: szqjl_2024-04-15_15_39_30_.rep (已处理: 493, 已转换: 492)
2025-12-05 15:36:57,452 - INFO -   ✓ 成功: 11 个样本, 1 个玩家
2025-12-05 15:36:57,455 - INFO - [1296/10119] 转换: szqjl_2024-04-15_15_42_58_.rep (已处理: 494, 已转换: 493)
2025-12-05 15:36:57,460 - INFO -   ✓ 成功: 10 个样本, 1 个玩家
2025-12-05 15:36:57,462 - INFO - [1297/10119] 转换: szqjl_2024-04-15_15_46_50_.rep (已处理: 495, 已转换: 494)
2025-12-05 15:36:57,464 - INFO -   ✓ 成功: 11 个样本, 1 个玩家
2025-12-05 15:36:57,466 - INFO - [1298/10119] 转换: szqjl_2024-04-15_15_49_32_.rep (已处理: 496, 已转换: 495)
2025-12-05 15:36:57,468 - INFO -   ✓ 成功: 9 个样本, 1 个玩家
2025-12-05 15:36:57,471 - INFO - [1299/10119] 转换: szqjl_2024-04-15_15_53_28_.rep (已处理: 497, 已转换: 496)
2025-12-05 15:36:57,473 - INFO -   ✓ 成功: 11 个样本, 1 个玩家
2025-12-05 15:36:57,473 - INFO - [1300/10119] 转换: szqjl_2024-04-15_15_56_15_.rep (已处理: 498, 已转换: 497)
2025-12-05 15:36:57,473 - INFO -   ✓ 成功: 11 个样本, 1 个玩家
2025-12-05 15:36:57,473 - INFO - [1301/10119] 转换: szqjl_2024-04-15_16_00_17_.rep (已处理: 499, 已转换: 498)
2025-12-05 15:36:57,473 - INFO -   ✓ 成功: 10 个样本, 1 个玩家
2025-12-05 15:36:57,473 - INFO - [1302/10119] 转换: szqjl_2024-04-15_16_03_28_.rep (已处理: 500, 已转换: 499)
2025-12-05 15:36:57,473 - INFO -   ✓ 成功: 8 个样本, 1 个玩家
2025-12-05 15:36:57,473 - INFO - ============================================================
2025-12-05 15:36:57,488 - INFO - 进度: 成功转换 500 个, 跳过 802 个, 失败 0 个
2025-12-05 15:36:57,492 - INFO - 已转换样本: 5077 个
2025-12-05 15:36:57,492 - INFO - 转换速度: 144.2 文件/秒
2025-12-05 15:36:57,492 - INFO - 预计剩余时间: 1.0 分钟
2025-12-05 15:36:57,492 - INFO - ============================================================
2025-12-05 15:36:57,493 - INFO - 已达到转换目标（500个），停止转换
2025-12-05 15:36:57,493 - INFO - 
2025-12-05 15:36:57,493 - INFO - ============================================================
2025-12-05 15:36:57,493 - INFO - 批量转换完成！
2025-12-05 15:36:57,493 - INFO - ============================================================
2025-12-05 15:36:57,493 - INFO - 总文件数: 10119
2025-12-05 15:36:57,493 - INFO - 成功转换: 500
2025-12-05 15:36:57,493 - INFO - 跳过文件: 802
2025-12-05 15:36:57,493 - INFO - 失败文件: 0
2025-12-05 15:36:57,493 - INFO - 总训练样本: 5077 个
2025-12-05 15:36:57,493 - INFO - 总耗时: 0.1 分钟
2025-12-05 15:36:57,493 - INFO - 平均速度: 143.4 文件/秒
2025-12-05 15:36:57,493 - INFO - ============================================================
2025-12-08 15:19:19,965 - INFO - 限制转换数量: 1000 个文件（跳过已转换的文件不计入）
2025-12-08 15:19:19,967 - INFO - 找到 10119 个.rep文件
2025-12-08 15:19:19,969 - INFO - 输出目录: game_records
2025-12-08 15:19:19,970 - INFO - 优先选择获胜玩家: True
2025-12-08 15:19:19,970 - INFO - ============================================================
2025-12-08 15:19:19,972 - INFO - [1/10119] 跳过已转换: szqjl_2023-12-26_12_55_13_.rep
2025-12-08 15:19:19,973 - INFO - [2/10119] 跳过已转换: szqjl_2023-12-26_12_58_47_.rep
2025-12-08 15:19:19,975 - INFO - [3/10119] 跳过已转换: szqjl_2023-12-26_13_02_18_.rep
2025-12-08 15:19:19,977 - INFO - [4/10119] 跳过已转换: szqjl_2023-12-26_13_05_29_.rep
2025-12-08 15:19:19,978 - INFO - [5/10119] 跳过已转换: szqjl_2023-12-26_13_08_42_.rep
2025-12-08 15:19:19,980 - INFO - [6/10119] 跳过已转换: szqjl_2023-12-26_13_12_15_.rep
2025-12-08 15:19:19,982 - INFO - [7/10119] 跳过已转换: szqjl_2023-12-26_13_15_13_.rep
2025-12-08 15:19:19,984 - INFO - [8/10119] 跳过已转换: szqjl_2023-12-26_13_17_55_.rep
2025-12-08 15:19:19,988 - INFO - [9/10119] 跳过已转换: szqjl_2023-12-26_13_21_34_.rep
2025-12-08 15:19:19,990 - INFO - [10/10119] 跳过已转换: szqjl_2023-12-26_13_26_15_.rep
2025-12-08 15:19:19,993 - INFO - [11/10119] 跳过已转换: szqjl_2023-12-26_13_30_14_.rep
2025-12-08 15:19:19,995 - INFO - [12/10119] 跳过已转换: szqjl_2023-12-26_13_32_47_.rep
2025-12-08 15:19:19,998 - INFO - [13/10119] 跳过已转换: szqjl_2023-12-26_13_35_34_.rep
2025-12-08 15:19:20,001 - INFO - [14/10119] 跳过已转换: szqjl_2023-12-26_13_40_54_.rep
2025-12-08 15:19:20,002 - INFO - [15/10119] 跳过已转换: szqjl_2023-12-26_13_44_09_.rep
2025-12-08 15:19:20,004 - INFO - [16/10119] 跳过已转换: szqjl_2023-12-26_13_47_29_.rep
2025-12-08 15:19:20,007 - INFO - [17/10119] 跳过已转换: szqjl_2023-12-26_13_50_51_.rep
2025-12-08 15:19:20,008 - INFO - [18/10119] 跳过已转换: szqjl_2023-12-26_13_54_03_.rep
2025-12-08 15:19:20,010 - INFO - [19/10119] 跳过已转换: szqjl_2023-12-26_13_57_55_.rep
2025-12-08 15:19:20,012 - INFO - [20/10119] 跳过已转换: szqjl_2023-12-26_14_01_39_.rep
2025-12-08 15:19:20,014 - INFO - [21/10119] 跳过已转换: szqjl_2023-12-26_14_05_12_.rep
2025-12-08 15:19:20,016 - INFO - [22/10119] 跳过已转换: szqjl_2023-12-26_14_09_24_.rep
2025-12-08 15:19:20,018 - INFO - [23/10119] 跳过已转换: szqjl_2023-12-26_14_12_30_.rep
2025-12-08 15:19:20,021 - INFO - [24/10119] 跳过已转换: szqjl_2023-12-26_14_15_41_.rep
2025-12-08 15:19:20,023 - INFO - [25/10119] 跳过已转换: szqjl_2023-12-28_11_56_44_.rep
2025-12-08 15:19:20,024 - INFO - [26/10119] 跳过已转换: szqjl_2023-12-28_12_01_00_.rep
2025-12-08 15:19:20,026 - INFO - [27/10119] 跳过已转换: szqjl_2023-12-28_12_04_42_.rep
2025-12-08 15:19:20,028 - INFO - [28/10119] 跳过已转换: szqjl_2023-12-28_12_08_29_.rep
2025-12-08 15:19:20,029 - INFO - [29/10119] 跳过已转换: szqjl_2023-12-28_12_12_10_.rep
2025-12-08 15:19:20,031 - INFO - [30/10119] 跳过已转换: szqjl_2023-12-28_12_16_33_.rep
2025-12-08 15:19:20,034 - INFO - [31/10119] 跳过已转换: szqjl_2024-01-12_12_16_24_.rep
2025-12-08 15:19:20,036 - INFO - [32/10119] 跳过已转换: szqjl_2024-01-12_12_19_28_.rep
2025-12-08 15:19:20,038 - INFO - [33/10119] 跳过已转换: szqjl_2024-01-12_12_24_20_.rep
2025-12-08 15:19:20,039 - INFO - [34/10119] 跳过已转换: szqjl_2024-01-12_12_35_38_.rep
2025-12-08 15:19:20,041 - INFO - [35/10119] 跳过已转换: szqjl_2024-01-12_12_40_09_.rep
2025-12-08 15:19:20,043 - INFO - [36/10119] 跳过已转换: szqjl_2024-01-12_13_05_35_.rep
2025-12-08 15:19:20,044 - INFO - [37/10119] 跳过已转换: szqjl_2024-01-12_13_09_16_.rep
2025-12-08 15:19:20,046 - INFO - [38/10119] 跳过已转换: szqjl_2024-01-12_13_14_21_.rep
2025-12-08 15:19:20,048 - INFO - [39/10119] 跳过已转换: szqjl_2024-01-12_13_17_56_.rep
2025-12-08 15:19:20,049 - INFO - [40/10119] 跳过已转换: szqjl_2024-01-12_13_24_10_.rep
2025-12-08 15:19:20,052 - INFO - [41/10119] 跳过已转换: szqjl_2024-01-12_13_29_17_.rep
2025-12-08 15:19:20,054 - INFO - [42/10119] 跳过已转换: szqjl_2024-01-12_13_33_55_.rep
2025-12-08 15:19:20,056 - INFO - [43/10119] 跳过已转换: szqjl_2024-01-12_13_38_06_.rep
2025-12-08 15:19:20,057 - INFO - [44/10119] 跳过已转换: szqjl_2024-01-12_13_45_01_.rep
2025-12-08 15:19:20,059 - INFO - [45/10119] 跳过已转换: szqjl_2024-01-12_13_50_10_.rep
2025-12-08 15:19:20,061 - INFO - [46/10119] 跳过已转换: szqjl_2024-01-12_13_54_07_.rep
2025-12-08 15:19:20,063 - INFO - [47/10119] 跳过已转换: szqjl_2024-01-12_14_03_17_.rep
2025-12-08 15:19:20,066 - INFO - [48/10119] 跳过已转换: szqjl_2024-01-12_16_21_35_.rep
2025-12-08 15:19:20,068 - INFO - [49/10119] 跳过已转换: szqjl_2024-01-12_16_25_15_.rep
2025-12-08 15:19:20,069 - INFO - [50/10119] 跳过已转换: szqjl_2024-01-12_16_29_40_.rep
2025-12-08 15:19:20,071 - INFO - [51/10119] 跳过已转换: szqjl_2024-01-12_16_33_27_.rep
2025-12-08 15:19:20,072 - INFO - [52/10119] 跳过已转换: szqjl_2024-01-12_16_36_28_.rep
2025-12-08 15:19:20,074 - INFO - [53/10119] 跳过已转换: szqjl_2024-01-12_16_40_09_.rep
2025-12-08 15:19:20,076 - INFO - [54/10119] 跳过已转换: szqjl_2024-01-12_16_43_42_.rep
2025-12-08 15:19:20,077 - INFO - [55/10119] 跳过已转换: szqjl_2024-01-12_16_48_57_.rep
2025-12-08 15:19:20,079 - INFO - [56/10119] 跳过已转换: szqjl_2024-01-12_16_52_28_.rep
2025-12-08 15:19:20,082 - INFO - [57/10119] 跳过已转换: szqjl_2024-01-12_16_56_24_.rep
2025-12-08 15:19:20,083 - INFO - [58/10119] 跳过已转换: szqjl_2024-01-12_16_59_44_.rep
2025-12-08 15:19:20,085 - INFO - [59/10119] 跳过已转换: szqjl_2024-01-12_17_03_29_.rep
2025-12-08 15:19:20,088 - INFO - [60/10119] 跳过已转换: szqjl_2024-01-15_09_21_24_.rep
2025-12-08 15:19:20,090 - INFO - [61/10119] 跳过已转换: szqjl_2024-01-15_09_24_40_.rep
2025-12-08 15:19:20,091 - INFO - [62/10119] 跳过已转换: szqjl_2024-01-15_09_28_17_.rep
2025-12-08 15:19:20,093 - INFO - [63/10119] 跳过已转换: szqjl_2024-01-15_09_32_39_.rep
2025-12-08 15:19:20,095 - INFO - [64/10119] 跳过已转换: szqjl_2024-01-15_09_36_05_.rep
2025-12-08 15:19:20,096 - INFO - [65/10119] 跳过已转换: szqjl_2024-01-15_09_40_01_.rep
2025-12-08 15:19:20,099 - INFO - [66/10119] 跳过已转换: szqjl_2024-01-15_09_43_25_.rep
2025-12-08 15:19:20,100 - INFO - [67/10119] 跳过已转换: szqjl_2024-01-15_09_49_14_.rep
2025-12-08 15:19:20,102 - INFO - [68/10119] 跳过已转换: szqjl_2024-01-15_09_54_15_.rep
2025-12-08 15:19:20,103 - INFO - [69/10119] 跳过已转换: szqjl_2024-01-15_09_58_18_.rep
2025-12-08 15:19:20,105 - INFO - [70/10119] 跳过已转换: szqjl_2024-01-15_12_19_30_.rep
2025-12-08 15:19:20,106 - INFO - [71/10119] 跳过已转换: szqjl_2024-01-15_12_23_04_.rep
2025-12-08 15:19:20,109 - INFO - [72/10119] 跳过已转换: szqjl_2024-01-15_12_32_49_.rep
2025-12-08 15:19:20,111 - INFO - [73/10119] 跳过已转换: szqjl_2024-01-15_12_38_30_.rep
2025-12-08 15:19:20,113 - INFO - [74/10119] 跳过已转换: szqjl_2024-01-15_12_44_46_.rep
2025-12-08 15:19:20,115 - INFO - [75/10119] 跳过已转换: szqjl_2024-01-15_12_48_05_.rep
2025-12-08 15:19:20,117 - INFO - [76/10119] 跳过已转换: szqjl_2024-01-15_12_51_41_.rep
2025-12-08 15:19:20,119 - INFO - [77/10119] 跳过已转换: szqjl_2024-01-15_12_55_02_.rep
2025-12-08 15:19:20,120 - INFO - [78/10119] 跳过已转换: szqjl_2024-01-15_12_57_53_.rep
2025-12-08 15:19:20,122 - INFO - [79/10119] 跳过已转换: szqjl_2024-01-15_13_00_53_.rep
2025-12-08 15:19:20,124 - INFO - [80/10119] 跳过已转换: szqjl_2024-01-15_13_03_20_.rep
2025-12-08 15:19:20,126 - INFO - [81/10119] 跳过已转换: szqjl_2024-01-15_13_07_10_.rep
2025-12-08 15:19:20,127 - INFO - [82/10119] 跳过已转换: szqjl_2024-01-15_13_10_38_.rep
2025-12-08 15:19:20,129 - INFO - [83/10119] 跳过已转换: szqjl_2024-01-15_13_13_28_.rep
2025-12-08 15:19:20,131 - INFO - [84/10119] 跳过已转换: szqjl_2024-01-15_13_16_53_.rep
2025-12-08 15:19:20,133 - INFO - [85/10119] 跳过已转换: szqjl_2024-01-15_13_19_46_.rep
2025-12-08 15:19:20,135 - INFO - [86/10119] 跳过已转换: szqjl_2024-01-15_13_23_18_.rep
2025-12-08 15:19:20,136 - INFO - [87/10119] 跳过已转换: szqjl_2024-01-15_13_26_40_.rep
2025-12-08 15:19:20,138 - INFO - [88/10119] 跳过已转换: szqjl_2024-01-15_13_32_15_.rep
2025-12-08 15:19:20,140 - INFO - [89/10119] 跳过已转换: szqjl_2024-01-15_13_35_24_.rep
2025-12-08 15:19:20,142 - INFO - [90/10119] 跳过已转换: szqjl_2024-01-15_13_38_40_.rep
2025-12-08 15:19:20,144 - INFO - [91/10119] 跳过已转换: szqjl_2024-01-15_13_41_40_.rep
2025-12-08 15:19:20,146 - INFO - [92/10119] 跳过已转换: szqjl_2024-01-15_13_45_22_.rep
2025-12-08 15:19:20,147 - INFO - [93/10119] 跳过已转换: szqjl_2024-01-15_13_49_36_.rep
2025-12-08 15:19:20,149 - INFO - [94/10119] 跳过已转换: szqjl_2024-01-15_13_53_06_.rep
2025-12-08 15:19:20,151 - INFO - [95/10119] 跳过已转换: szqjl_2024-01-15_13_56_41_.rep
2025-12-08 15:19:20,153 - INFO - [96/10119] 跳过已转换: szqjl_2024-01-15_14_00_52_.rep
2025-12-08 15:19:20,155 - INFO - [97/10119] 跳过已转换: szqjl_2024-01-15_14_05_23_.rep
2025-12-08 15:19:20,156 - INFO - [98/10119] 跳过已转换: szqjl_2024-01-15_14_09_48_.rep
2025-12-08 15:19:20,158 - INFO - [99/10119] 跳过已转换: szqjl_2024-01-15_14_13_05_.rep
2025-12-08 15:19:20,161 - INFO - [100/10119] 跳过已转换: szqjl_2024-01-15_14_15_57_.rep
2025-12-08 15:19:20,163 - INFO - [101/10119] 跳过已转换: szqjl_2024-01-15_14_19_28_.rep
2025-12-08 15:19:20,165 - INFO - [102/10119] 跳过已转换: szqjl_2024-01-15_14_22_43_.rep
2025-12-08 15:19:20,166 - INFO - [103/10119] 跳过已转换: szqjl_2024-01-15_14_26_00_.rep
2025-12-08 15:19:20,168 - INFO - [104/10119] 跳过已转换: szqjl_2024-01-15_14_29_07_.rep
2025-12-08 15:19:20,169 - INFO - [105/10119] 跳过已转换: szqjl_2024-01-15_16_06_22_.rep
2025-12-08 15:19:20,171 - INFO - [106/10119] 跳过已转换: szqjl_2024-01-15_16_09_51_.rep
2025-12-08 15:19:20,174 - INFO - [107/10119] 跳过已转换: szqjl_2024-01-15_16_12_22_.rep
2025-12-08 15:19:20,175 - INFO - [108/10119] 跳过已转换: szqjl_2024-01-15_16_14_58_.rep
2025-12-08 15:19:20,177 - INFO - [109/10119] 跳过已转换: szqjl_2024-01-15_16_17_53_.rep
2025-12-08 15:19:20,180 - INFO - [110/10119] 跳过已转换: szqjl_2024-01-15_16_23_04_.rep
2025-12-08 15:19:20,182 - INFO - [111/10119] 跳过已转换: szqjl_2024-01-15_16_26_29_.rep
2025-12-08 15:19:20,183 - INFO - [112/10119] 跳过已转换: szqjl_2024-01-15_16_29_58_.rep
2025-12-08 15:19:20,185 - INFO - [113/10119] 跳过已转换: szqjl_2024-01-15_16_33_47_.rep
2025-12-08 15:19:20,187 - INFO - [114/10119] 跳过已转换: szqjl_2024-01-15_16_38_14_.rep
2025-12-08 15:19:20,189 - INFO - [115/10119] 跳过已转换: szqjl_2024-01-15_16_42_55_.rep
2025-12-08 15:19:20,191 - INFO - [116/10119] 跳过已转换: szqjl_2024-01-15_16_47_11_.rep
2025-12-08 15:19:20,193 - INFO - [117/10119] 跳过已转换: szqjl_2024-01-15_16_50_53_.rep
2025-12-08 15:19:20,194 - INFO - [118/10119] 跳过已转换: szqjl_2024-01-15_16_54_56_.rep
2025-12-08 15:19:20,196 - INFO - [119/10119] 跳过已转换: szqjl_2024-01-17_11_08_40_.rep
2025-12-08 15:19:20,198 - INFO - [120/10119] 跳过已转换: szqjl_2024-01-17_11_12_30_.rep
2025-12-08 15:19:20,199 - INFO - [121/10119] 跳过已转换: szqjl_2024-01-17_11_18_04_.rep
2025-12-08 15:19:20,201 - INFO - [122/10119] 跳过已转换: szqjl_2024-01-17_11_22_10_.rep
2025-12-08 15:19:20,203 - INFO - [123/10119] 跳过已转换: szqjl_2024-01-17_11_26_10_.rep
2025-12-08 15:19:20,205 - INFO - [124/10119] 跳过已转换: szqjl_2024-01-17_11_32_54_.rep
2025-12-08 15:19:20,207 - INFO - [125/10119] 跳过已转换: szqjl_2024-01-17_11_37_35_.rep
2025-12-08 15:19:20,208 - INFO - [126/10119] 跳过已转换: szqjl_2024-01-17_12_15_29_.rep
2025-12-08 15:19:20,210 - INFO - [127/10119] 跳过已转换: szqjl_2024-01-17_12_19_09_.rep
2025-12-08 15:19:20,212 - INFO - [128/10119] 跳过已转换: szqjl_2024-01-17_12_23_14_.rep
2025-12-08 15:19:20,214 - INFO - [129/10119] 跳过已转换: szqjl_2024-01-17_12_27_33_.rep
2025-12-08 15:19:20,216 - INFO - [130/10119] 跳过已转换: szqjl_2024-01-17_12_34_09_.rep
2025-12-08 15:19:20,218 - INFO - [131/10119] 跳过已转换: szqjl_2024-01-17_12_39_19_.rep
2025-12-08 15:19:20,220 - INFO - [132/10119] 跳过已转换: szqjl_2024-01-17_12_42_35_.rep
2025-12-08 15:19:20,222 - INFO - [133/10119] 跳过已转换: szqjl_2024-01-17_12_46_57_.rep
2025-12-08 15:19:20,223 - INFO - [134/10119] 跳过已转换: szqjl_2024-01-17_12_52_15_.rep
2025-12-08 15:19:20,225 - INFO - [135/10119] 跳过已转换: szqjl_2024-01-17_12_56_29_.rep
2025-12-08 15:19:20,227 - INFO - [136/10119] 跳过已转换: szqjl_2024-01-17_13_00_13_.rep
2025-12-08 15:19:20,229 - INFO - [137/10119] 跳过已转换: szqjl_2024-01-17_13_08_52_.rep
2025-12-08 15:19:20,231 - INFO - [138/10119] 跳过已转换: szqjl_2024-01-17_13_13_23_.rep
2025-12-08 15:19:20,233 - INFO - [139/10119] 跳过已转换: szqjl_2024-01-17_13_18_15_.rep
2025-12-08 15:19:20,235 - INFO - [140/10119] 跳过已转换: szqjl_2024-01-17_13_25_20_.rep
2025-12-08 15:19:20,236 - INFO - [141/10119] 跳过已转换: szqjl_2024-01-17_13_29_45_.rep
2025-12-08 15:19:20,238 - INFO - [142/10119] 跳过已转换: szqjl_2024-01-17_13_38_36_.rep
2025-12-08 15:19:20,240 - INFO - [143/10119] 跳过已转换: szqjl_2024-01-17_13_42_36_.rep
2025-12-08 15:19:20,241 - INFO - [144/10119] 跳过已转换: szqjl_2024-01-17_13_46_14_.rep
2025-12-08 15:19:20,243 - INFO - [145/10119] 跳过已转换: szqjl_2024-01-17_13_50_49_.rep
2025-12-08 15:19:20,245 - INFO - [146/10119] 跳过已转换: szqjl_2024-01-17_13_54_51_.rep
2025-12-08 15:19:20,247 - INFO - [147/10119] 跳过已转换: szqjl_2024-01-17_13_59_23_.rep
2025-12-08 15:19:20,249 - INFO - [148/10119] 跳过已转换: szqjl_2024-01-17_14_03_46_.rep
2025-12-08 15:19:20,251 - INFO - [149/10119] 跳过已转换: szqjl_2024-01-17_14_08_27_.rep
2025-12-08 15:19:20,253 - INFO - [150/10119] 跳过已转换: szqjl_2024-01-17_14_12_25_.rep
2025-12-08 15:19:20,255 - INFO - [151/10119] 跳过已转换: szqjl_2024-01-17_14_17_57_.rep
2025-12-08 15:19:20,257 - INFO - [152/10119] 跳过已转换: szqjl_2024-01-17_14_20_55_.rep
2025-12-08 15:19:20,260 - INFO - [153/10119] 跳过已转换: szqjl_2024-01-17_14_23_38_.rep
2025-12-08 15:19:20,261 - INFO - [154/10119] 跳过已转换: szqjl_2024-01-17_14_26_34_.rep
2025-12-08 15:19:20,263 - INFO - [155/10119] 跳过已转换: szqjl_2024-01-17_14_29_37_.rep
2025-12-08 15:19:20,264 - INFO - [156/10119] 跳过已转换: szqjl_2024-01-17_14_33_15_.rep
2025-12-08 15:19:20,266 - INFO - [157/10119] 跳过已转换: szqjl_2024-01-17_14_35_49_.rep
2025-12-08 15:19:20,267 - INFO - [158/10119] 跳过已转换: szqjl_2024-01-18_09_31_52_.rep
2025-12-08 15:19:20,270 - INFO - [159/10119] 跳过已转换: szqjl_2024-01-18_09_36_56_.rep
2025-12-08 15:19:20,272 - INFO - [160/10119] 跳过已转换: szqjl_2024-01-18_09_43_57_.rep
2025-12-08 15:19:20,274 - INFO - [161/10119] 跳过已转换: szqjl_2024-01-18_09_47_09_.rep
2025-12-08 15:19:20,276 - INFO - [162/10119] 跳过已转换: szqjl_2024-01-18_09_50_59_.rep
2025-12-08 15:19:20,278 - INFO - [163/10119] 跳过已转换: szqjl_2024-01-18_09_55_30_.rep
2025-12-08 15:19:20,279 - INFO - [164/10119] 跳过已转换: szqjl_2024-01-18_09_58_18_.rep
2025-12-08 15:19:20,281 - INFO - [165/10119] 跳过已转换: szqjl_2024-01-18_10_01_23_.rep
2025-12-08 15:19:20,283 - INFO - [166/10119] 跳过已转换: szqjl_2024-01-18_10_05_22_.rep
2025-12-08 15:19:20,286 - INFO - [167/10119] 跳过已转换: szqjl_2024-01-18_10_07_46_.rep
2025-12-08 15:19:20,288 - INFO - [168/10119] 跳过已转换: szqjl_2024-01-18_10_10_32_.rep
2025-12-08 15:19:20,290 - INFO - [169/10119] 跳过已转换: szqjl_2024-01-18_10_13_40_.rep
2025-12-08 15:19:20,292 - INFO - [170/10119] 跳过已转换: szqjl_2024-01-18_10_17_50_.rep
2025-12-08 15:19:20,294 - INFO - [171/10119] 跳过已转换: szqjl_2024-01-18_10_21_47_.rep
2025-12-08 15:19:20,296 - INFO - [172/10119] 跳过已转换: szqjl_2024-01-18_10_27_49_.rep
2025-12-08 15:19:20,298 - INFO - [173/10119] 跳过已转换: szqjl_2024-01-18_10_31_26_.rep
2025-12-08 15:19:20,300 - INFO - [174/10119] 跳过已转换: szqjl_2024-01-18_10_35_00_.rep
2025-12-08 15:19:20,302 - INFO - [175/10119] 跳过已转换: szqjl_2024-01-18_10_39_04_.rep
2025-12-08 15:19:20,303 - INFO - [176/10119] 跳过已转换: szqjl_2024-01-18_10_42_15_.rep
2025-12-08 15:19:20,304 - INFO - [177/10119] 跳过已转换: szqjl_2024-01-18_10_45_06_.rep
2025-12-08 15:19:20,307 - INFO - [178/10119] 跳过已转换: szqjl_2024-01-18_10_48_16_.rep
2025-12-08 15:19:20,308 - INFO - [179/10119] 跳过已转换: szqjl_2024-01-18_10_53_49_.rep
2025-12-08 15:19:20,310 - INFO - [180/10119] 跳过已转换: szqjl_2024-01-18_14_08_15_.rep
2025-12-08 15:19:20,311 - INFO - [181/10119] 跳过已转换: szqjl_2024-01-18_14_12_39_.rep
2025-12-08 15:19:20,313 - INFO - [182/10119] 跳过已转换: szqjl_2024-01-18_14_16_43_.rep
2025-12-08 15:19:20,315 - INFO - [183/10119] 跳过已转换: szqjl_2024-01-18_14_21_51_.rep
2025-12-08 15:19:20,317 - INFO - [184/10119] 跳过已转换: szqjl_2024-01-19_12_07_49_.rep
2025-12-08 15:19:20,319 - INFO - [185/10119] 跳过已转换: szqjl_2024-01-19_12_12_14_.rep
2025-12-08 15:19:20,321 - INFO - [186/10119] 跳过已转换: szqjl_2024-01-19_12_18_23_.rep
2025-12-08 15:19:20,323 - INFO - [187/10119] 跳过已转换: szqjl_2024-01-19_12_22_53_.rep
2025-12-08 15:19:20,325 - INFO - [188/10119] 跳过已转换: szqjl_2024-01-19_12_26_24_.rep
2025-12-08 15:19:20,327 - INFO - [189/10119] 跳过已转换: szqjl_2024-01-19_12_31_10_.rep
2025-12-08 15:19:20,330 - INFO - [190/10119] 跳过已转换: szqjl_2024-01-19_12_39_22_.rep
2025-12-08 15:19:20,332 - INFO - [191/10119] 跳过已转换: szqjl_2024-01-19_12_43_04_.rep
2025-12-08 15:19:20,334 - INFO - [192/10119] 跳过已转换: szqjl_2024-01-19_12_46_39_.rep
2025-12-08 15:19:20,335 - INFO - [193/10119] 跳过已转换: szqjl_2024-01-19_12_50_45_.rep
2025-12-08 15:19:20,337 - INFO - [194/10119] 跳过已转换: szqjl_2024-01-19_12_55_32_.rep
2025-12-08 15:19:20,339 - INFO - [195/10119] 跳过已转换: szqjl_2024-01-19_12_59_38_.rep
2025-12-08 15:19:20,341 - INFO - [196/10119] 跳过已转换: szqjl_2024-01-19_13_03_38_.rep
2025-12-08 15:19:20,342 - INFO - [197/10119] 跳过已转换: szqjl_2024-01-19_13_07_12_.rep
2025-12-08 15:19:20,344 - INFO - [198/10119] 跳过已转换: szqjl_2024-01-19_13_10_03_.rep
2025-12-08 15:19:20,346 - INFO - [199/10119] 跳过已转换: szqjl_2024-01-19_13_13_10_.rep
2025-12-08 15:19:20,347 - INFO - [200/10119] 跳过已转换: szqjl_2024-01-19_13_19_11_.rep
2025-12-08 15:19:20,350 - INFO - [201/10119] 跳过已转换: szqjl_2024-01-19_13_22_58_.rep
2025-12-08 15:19:20,352 - INFO - [202/10119] 跳过已转换: szqjl_2024-01-19_13_27_27_.rep
2025-12-08 15:19:20,353 - INFO - [203/10119] 跳过已转换: szqjl_2024-01-19_13_30_59_.rep
2025-12-08 15:19:20,356 - INFO - [204/10119] 跳过已转换: szqjl_2024-01-19_13_34_28_.rep
2025-12-08 15:19:20,358 - INFO - [205/10119] 跳过已转换: szqjl_2024-01-19_13_38_23_.rep
2025-12-08 15:19:20,360 - INFO - [206/10119] 跳过已转换: szqjl_2024-01-19_13_41_07_.rep
2025-12-08 15:19:20,362 - INFO - [207/10119] 跳过已转换: szqjl_2024-01-19_13_44_53_.rep
2025-12-08 15:19:20,365 - INFO - [208/10119] 跳过已转换: szqjl_2024-01-19_13_47_53_.rep
2025-12-08 15:19:20,367 - INFO - [209/10119] 跳过已转换: szqjl_2024-01-19_13_51_46_.rep
2025-12-08 15:19:20,368 - INFO - [210/10119] 跳过已转换: szqjl_2024-01-19_13_56_20_.rep
2025-12-08 15:19:20,370 - INFO - [211/10119] 跳过已转换: szqjl_2024-01-19_13_59_25_.rep
2025-12-08 15:19:20,372 - INFO - [212/10119] 跳过已转换: szqjl_2024-01-19_14_03_01_.rep
2025-12-08 15:19:20,373 - INFO - [213/10119] 跳过已转换: szqjl_2024-01-23_12_15_24_.rep
2025-12-08 15:19:20,375 - INFO - [214/10119] 跳过已转换: szqjl_2024-01-23_12_21_49_.rep
2025-12-08 15:19:20,377 - INFO - [215/10119] 跳过已转换: szqjl_2024-01-23_12_24_27_.rep
2025-12-08 15:19:20,379 - INFO - [216/10119] 跳过已转换: szqjl_2024-01-23_12_28_26_.rep
2025-12-08 15:19:20,381 - INFO - [217/10119] 跳过已转换: szqjl_2024-01-23_12_31_41_.rep
2025-12-08 15:19:20,384 - INFO - [218/10119] 跳过已转换: szqjl_2024-01-23_12_35_19_.rep
2025-12-08 15:19:20,385 - INFO - [219/10119] 跳过已转换: szqjl_2024-01-23_12_38_01_.rep
2025-12-08 15:19:20,387 - INFO - [220/10119] 跳过已转换: szqjl_2024-01-23_12_41_07_.rep
2025-12-08 15:19:20,389 - INFO - [221/10119] 跳过已转换: szqjl_2024-01-23_12_44_37_.rep
2025-12-08 15:19:20,391 - INFO - [222/10119] 跳过已转换: szqjl_2024-01-23_12_49_19_.rep
2025-12-08 15:19:20,393 - INFO - [223/10119] 跳过已转换: szqjl_2024-01-23_12_53_44_.rep
2025-12-08 15:19:20,395 - INFO - [224/10119] 跳过已转换: szqjl_2024-01-23_12_57_17_.rep
2025-12-08 15:19:20,398 - INFO - [225/10119] 跳过已转换: szqjl_2024-01-23_13_01_43_.rep
2025-12-08 15:19:20,399 - INFO - [226/10119] 跳过已转换: szqjl_2024-01-23_13_05_29_.rep
2025-12-08 15:19:20,401 - INFO - [227/10119] 跳过已转换: szqjl_2024-01-23_13_09_19_.rep
2025-12-08 15:19:20,403 - INFO - [228/10119] 跳过已转换: szqjl_2024-01-23_13_14_53_.rep
2025-12-08 15:19:20,404 - INFO - [229/10119] 跳过已转换: szqjl_2024-01-23_13_18_31_.rep
2025-12-08 15:19:20,407 - INFO - [230/10119] 跳过已转换: szqjl_2024-01-23_13_22_51_.rep
2025-12-08 15:19:20,409 - INFO - [231/10119] 跳过已转换: szqjl_2024-01-23_13_25_57_.rep
2025-12-08 15:19:20,410 - INFO - [232/10119] 跳过已转换: szqjl_2024-01-23_13_30_48_.rep
2025-12-08 15:19:20,413 - INFO - [233/10119] 跳过已转换: szqjl_2024-01-23_13_34_20_.rep
2025-12-08 15:19:20,415 - INFO - [234/10119] 跳过已转换: szqjl_2024-01-23_13_39_24_.rep
2025-12-08 15:19:20,417 - INFO - [235/10119] 跳过已转换: szqjl_2024-01-23_13_43_04_.rep
2025-12-08 15:19:20,419 - INFO - [236/10119] 跳过已转换: szqjl_2024-01-23_13_46_29_.rep
2025-12-08 15:19:20,421 - INFO - [237/10119] 跳过已转换: szqjl_2024-01-23_13_50_57_.rep
2025-12-08 15:19:20,424 - INFO - [238/10119] 跳过已转换: szqjl_2024-01-24_12_23_03_.rep
2025-12-08 15:19:20,426 - INFO - [239/10119] 跳过已转换: szqjl_2024-01-24_12_26_31_.rep
2025-12-08 15:19:20,428 - INFO - [240/10119] 跳过已转换: szqjl_2024-01-24_12_30_20_.rep
2025-12-08 15:19:20,430 - INFO - [241/10119] 跳过已转换: szqjl_2024-01-24_12_33_33_.rep
2025-12-08 15:19:20,432 - INFO - [242/10119] 跳过已转换: szqjl_2024-01-24_12_36_53_.rep
2025-12-08 15:19:20,434 - INFO - [243/10119] 跳过已转换: szqjl_2024-01-24_12_39_52_.rep
2025-12-08 15:19:20,436 - INFO - [244/10119] 跳过已转换: szqjl_2024-01-24_12_43_52_.rep
2025-12-08 15:19:20,438 - INFO - [245/10119] 跳过已转换: szqjl_2024-01-24_12_47_33_.rep
2025-12-08 15:19:20,440 - INFO - [246/10119] 跳过已转换: szqjl_2024-01-24_12_51_24_.rep
2025-12-08 15:19:20,443 - INFO - [247/10119] 跳过已转换: szqjl_2024-01-24_12_54_30_.rep
2025-12-08 15:19:20,444 - INFO - [248/10119] 跳过已转换: szqjl_2024-01-24_12_57_13_.rep
2025-12-08 15:19:20,446 - INFO - [249/10119] 跳过已转换: szqjl_2024-01-24_13_00_34_.rep
2025-12-08 15:19:20,448 - INFO - [250/10119] 跳过已转换: szqjl_2024-01-24_13_04_11_.rep
2025-12-08 15:19:20,449 - INFO - [251/10119] 跳过已转换: szqjl_2024-01-24_13_08_54_.rep
2025-12-08 15:19:20,451 - INFO - [252/10119] 跳过已转换: szqjl_2024-01-24_13_12_19_.rep
2025-12-08 15:19:20,453 - INFO - [253/10119] 跳过已转换: szqjl_2024-01-24_13_19_08_.rep
2025-12-08 15:19:20,455 - INFO - [254/10119] 跳过已转换: szqjl_2024-01-24_15_24_40_.rep
2025-12-08 15:19:20,458 - INFO - [255/10119] 跳过已转换: szqjl_2024-01-24_15_28_40_.rep
2025-12-08 15:19:20,459 - INFO - [256/10119] 跳过已转换: szqjl_2024-01-24_15_33_27_.rep
2025-12-08 15:19:20,461 - INFO - [257/10119] 跳过已转换: szqjl_2024-01-24_15_38_17_.rep
2025-12-08 15:19:20,463 - INFO - [258/10119] 跳过已转换: szqjl_2024-01-24_15_42_46_.rep
2025-12-08 15:19:20,466 - INFO - [259/10119] 跳过已转换: szqjl_2024-01-24_15_46_43_.rep
2025-12-08 15:19:20,467 - INFO - [260/10119] 跳过已转换: szqjl_2024-01-24_15_50_37_.rep
2025-12-08 15:19:20,470 - INFO - [261/10119] 跳过已转换: szqjl_2024-01-24_15_56_13_.rep
2025-12-08 15:19:20,471 - INFO - [262/10119] 跳过已转换: szqjl_2024-01-24_16_00_49_.rep
2025-12-08 15:19:20,473 - INFO - [263/10119] 跳过已转换: szqjl_2024-01-24_16_05_31_.rep
2025-12-08 15:19:20,474 - INFO - [264/10119] 跳过已转换: szqjl_2024-01-24_16_10_05_.rep
2025-12-08 15:19:20,476 - INFO - [265/10119] 跳过已转换: szqjl_2024-01-24_16_14_46_.rep
2025-12-08 15:19:20,478 - INFO - [266/10119] 跳过已转换: szqjl_2024-01-24_16_17_10_.rep
2025-12-08 15:19:20,480 - INFO - [267/10119] 跳过已转换: szqjl_2024-01-24_16_20_30_.rep
2025-12-08 15:19:20,482 - INFO - [268/10119] 跳过已转换: szqjl_2024-01-24_16_23_48_.rep
2025-12-08 15:19:20,484 - INFO - [269/10119] 跳过已转换: szqjl_2024-01-24_16_26_19_.rep
2025-12-08 15:19:20,486 - INFO - [270/10119] 跳过已转换: szqjl_2024-01-24_16_29_25_.rep
2025-12-08 15:19:20,487 - INFO - [271/10119] 跳过已转换: szqjl_2024-01-24_16_32_13_.rep
2025-12-08 15:19:20,488 - INFO - [272/10119] 跳过已转换: szqjl_2024-01-24_16_35_52_.rep
2025-12-08 15:19:20,489 - INFO - [273/10119] 跳过已转换: szqjl_2024-01-24_16_39_16_.rep
2025-12-08 15:19:20,492 - INFO - [274/10119] 跳过已转换: szqjl_2024-01-24_16_41_30_.rep
2025-12-08 15:19:20,493 - INFO - [275/10119] 跳过已转换: szqjl_2024-01-24_16_43_52_.rep
2025-12-08 15:19:20,496 - INFO - [276/10119] 跳过已转换: szqjl_2024-01-24_16_46_33_.rep
2025-12-08 15:19:20,497 - INFO - [277/10119] 跳过已转换: szqjl_2024-01-24_16_49_48_.rep
2025-12-08 15:19:20,499 - INFO - [278/10119] 跳过已转换: szqjl_2024-01-24_16_53_17_.rep
2025-12-08 15:19:20,501 - INFO - [279/10119] 跳过已转换: szqjl_2024-01-24_16_56_44_.rep
2025-12-08 15:19:20,503 - INFO - [280/10119] 跳过已转换: szqjl_2024-01-24_17_00_17_.rep
2025-12-08 15:19:20,505 - INFO - [281/10119] 跳过已转换: szqjl_2024-01-25_12_25_36_.rep
2025-12-08 15:19:20,508 - INFO - [282/10119] 跳过已转换: szqjl_2024-01-25_12_29_39_.rep
2025-12-08 15:19:20,509 - INFO - [283/10119] 跳过已转换: szqjl_2024-01-25_12_33_14_.rep
2025-12-08 15:19:20,511 - INFO - [284/10119] 跳过已转换: szqjl_2024-01-25_12_35_48_.rep
2025-12-08 15:19:20,513 - INFO - [285/10119] 跳过已转换: szqjl_2024-01-25_12_38_34_.rep
2025-12-08 15:19:20,515 - INFO - [286/10119] 跳过已转换: szqjl_2024-01-25_12_42_39_.rep
2025-12-08 15:19:20,517 - INFO - [287/10119] 跳过已转换: szqjl_2024-01-25_12_45_09_.rep
2025-12-08 15:19:20,518 - INFO - [288/10119] 跳过已转换: szqjl_2024-01-25_12_53_04_.rep
2025-12-08 15:19:20,520 - INFO - [289/10119] 跳过已转换: szqjl_2024-01-25_12_56_17_.rep
2025-12-08 15:19:20,522 - INFO - [290/10119] 跳过已转换: szqjl_2024-01-25_12_59_02_.rep
2025-12-08 15:19:20,524 - INFO - [291/10119] 跳过已转换: szqjl_2024-01-25_13_02_09_.rep
2025-12-08 15:19:20,526 - INFO - [292/10119] 跳过已转换: szqjl_2024-01-25_13_05_24_.rep
2025-12-08 15:19:20,528 - INFO - [293/10119] 跳过已转换: szqjl_2024-01-25_13_12_32_.rep
2025-12-08 15:19:20,530 - INFO - [294/10119] 跳过已转换: szqjl_2024-01-25_13_16_13_.rep
2025-12-08 15:19:20,533 - INFO - [295/10119] 跳过已转换: szqjl_2024-01-25_13_19_31_.rep
2025-12-08 15:19:20,534 - INFO - [296/10119] 跳过已转换: szqjl_2024-01-25_13_22_35_.rep
2025-12-08 15:19:20,537 - INFO - [297/10119] 跳过已转换: szqjl_2024-01-25_13_26_14_.rep
2025-12-08 15:19:20,538 - INFO - [298/10119] 跳过已转换: szqjl_2024-01-25_13_29_37_.rep
2025-12-08 15:19:20,540 - INFO - [299/10119] 跳过已转换: szqjl_2024-01-25_13_33_33_.rep
2025-12-08 15:19:20,542 - INFO - [300/10119] 跳过已转换: szqjl_2024-01-25_13_37_08_.rep
2025-12-08 15:19:20,543 - INFO - [301/10119] 跳过已转换: szqjl_2024-01-25_13_39_38_.rep
2025-12-08 15:19:20,545 - INFO - [302/10119] 跳过已转换: szqjl_2024-01-25_13_41_47_.rep
2025-12-08 15:19:20,547 - INFO - [303/10119] 跳过已转换: szqjl_2024-01-25_13_45_21_.rep
2025-12-08 15:19:20,549 - INFO - [304/10119] 跳过已转换: szqjl_2024-01-25_13_47_50_.rep
2025-12-08 15:19:20,551 - INFO - [305/10119] 跳过已转换: szqjl_2024-01-25_13_50_16_.rep
2025-12-08 15:19:20,553 - INFO - [306/10119] 跳过已转换: szqjl_2024-01-25_13_52_23_.rep
2025-12-08 15:19:20,555 - INFO - [307/10119] 跳过已转换: szqjl_2024-01-25_13_54_57_.rep
2025-12-08 15:19:20,557 - INFO - [308/10119] 跳过已转换: szqjl_2024-01-25_13_57_16_.rep
2025-12-08 15:19:20,558 - INFO - [309/10119] 跳过已转换: szqjl_2024-01-25_13_59_37_.rep
2025-12-08 15:19:20,560 - INFO - [310/10119] 跳过已转换: szqjl_2024-01-25_14_02_07_.rep
2025-12-08 15:19:20,562 - INFO - [311/10119] 跳过已转换: szqjl_2024-01-25_14_27_56_.rep
2025-12-08 15:19:20,563 - INFO - [312/10119] 跳过已转换: szqjl_2024-01-25_14_34_26_.rep
2025-12-08 15:19:20,565 - INFO - [313/10119] 跳过已转换: szqjl_2024-01-25_14_41_42_.rep
2025-12-08 15:19:20,566 - INFO - [314/10119] 跳过已转换: szqjl_2024-01-25_14_46_52_.rep
2025-12-08 15:19:20,570 - INFO - [315/10119] 跳过已转换: szqjl_2024-01-25_14_52_32_.rep
2025-12-08 15:19:20,572 - INFO - [316/10119] 跳过已转换: szqjl_2024-01-25_14_57_21_.rep
2025-12-08 15:19:20,574 - INFO - [317/10119] 跳过已转换: szqjl_2024-01-25_15_03_15_.rep
2025-12-08 15:19:20,576 - INFO - [318/10119] 跳过已转换: szqjl_2024-01-25_15_08_36_.rep
2025-12-08 15:19:20,576 - INFO - [319/10119] 跳过已转换: szqjl_2024-01-25_15_14_16_.rep
2025-12-08 15:19:20,580 - INFO - [320/10119] 跳过已转换: szqjl_2024-01-26_14_58_23_.rep
2025-12-08 15:19:20,582 - INFO - [321/10119] 跳过已转换: szqjl_2024-01-26_15_01_07_.rep
2025-12-08 15:19:20,584 - INFO - [322/10119] 跳过已转换: szqjl_2024-01-26_15_04_08_.rep
2025-12-08 15:19:20,585 - INFO - [323/10119] 跳过已转换: szqjl_2024-01-26_15_07_37_.rep
2025-12-08 15:19:20,587 - INFO - [324/10119] 跳过已转换: szqjl_2024-01-26_15_11_45_.rep
2025-12-08 15:19:20,589 - INFO - [325/10119] 跳过已转换: szqjl_2024-01-26_15_15_45_.rep
2025-12-08 15:19:20,590 - INFO - [326/10119] 跳过已转换: szqjl_2024-01-26_15_18_41_.rep
2025-12-08 15:19:20,592 - INFO - [327/10119] 跳过已转换: szqjl_2024-01-26_15_23_04_.rep
2025-12-08 15:19:20,595 - INFO - [328/10119] 跳过已转换: szqjl_2024-01-26_15_26_32_.rep
2025-12-08 15:19:20,597 - INFO - [329/10119] 跳过已转换: szqjl_2024-01-26_15_30_05_.rep
2025-12-08 15:19:20,599 - INFO - [330/10119] 跳过已转换: szqjl_2024-01-26_15_35_00_.rep
2025-12-08 15:19:20,601 - INFO - [331/10119] 跳过已转换: szqjl_2024-01-26_15_39_12_.rep
2025-12-08 15:19:20,602 - INFO - [332/10119] 跳过已转换: szqjl_2024-01-26_15_43_20_.rep
2025-12-08 15:19:20,604 - INFO - [333/10119] 跳过已转换: szqjl_2024-01-26_15_47_47_.rep
2025-12-08 15:19:20,606 - INFO - [334/10119] 跳过已转换: szqjl_2024-01-26_15_52_47_.rep
2025-12-08 15:19:20,608 - INFO - [335/10119] 跳过已转换: szqjl_2024-01-26_15_57_41_.rep
2025-12-08 15:19:20,610 - INFO - [336/10119] 跳过已转换: szqjl_2024-01-26_16_03_02_.rep
2025-12-08 15:19:20,612 - INFO - [337/10119] 跳过已转换: szqjl_2024-01-26_16_07_43_.rep
2025-12-08 15:19:20,614 - INFO - [338/10119] 跳过已转换: szqjl_2024-01-26_16_37_11_.rep
2025-12-08 15:19:20,616 - INFO - [339/10119] 跳过已转换: szqjl_2024-01-26_16_41_21_.rep
2025-12-08 15:19:20,617 - INFO - [340/10119] 跳过已转换: szqjl_2024-01-26_16_44_30_.rep
2025-12-08 15:19:20,619 - INFO - [341/10119] 跳过已转换: szqjl_2024-01-26_16_47_52_.rep
2025-12-08 15:19:20,620 - INFO - [342/10119] 跳过已转换: szqjl_2024-01-26_16_51_53_.rep
2025-12-08 15:19:20,622 - INFO - [343/10119] 跳过已转换: szqjl_2024-01-26_16_54_49_.rep
2025-12-08 15:19:20,624 - INFO - [344/10119] 跳过已转换: szqjl_2024-01-26_16_58_36_.rep
2025-12-08 15:19:20,626 - INFO - [345/10119] 跳过已转换: szqjl_2024-01-26_17_01_51_.rep
2025-12-08 15:19:20,628 - INFO - [346/10119] 跳过已转换: szqjl_2024-01-26_17_04_58_.rep
2025-12-08 15:19:20,630 - INFO - [347/10119] 跳过已转换: szqjl_2024-01-31_12_34_02_.rep
2025-12-08 15:19:20,633 - INFO - [348/10119] 跳过已转换: szqjl_2024-01-31_12_36_46_.rep
2025-12-08 15:19:20,635 - INFO - [349/10119] 跳过已转换: szqjl_2024-01-31_12_39_10_.rep
2025-12-08 15:19:20,638 - INFO - [350/10119] 跳过已转换: szqjl_2024-01-31_12_42_39_.rep
2025-12-08 15:19:20,641 - INFO - [351/10119] 跳过已转换: szqjl_2024-01-31_12_45_17_.rep
2025-12-08 15:19:20,643 - INFO - [352/10119] 跳过已转换: szqjl_2024-01-31_12_48_57_.rep
2025-12-08 15:19:20,645 - INFO - [353/10119] 跳过已转换: szqjl_2024-01-31_12_52_03_.rep
2025-12-08 15:19:20,647 - INFO - [354/10119] 跳过已转换: szqjl_2024-01-31_12_57_24_.rep
2025-12-08 15:19:20,650 - INFO - [355/10119] 跳过已转换: szqjl_2024-01-31_13_04_55_.rep
2025-12-08 15:19:20,652 - INFO - [356/10119] 跳过已转换: szqjl_2024-01-31_13_08_29_.rep
2025-12-08 15:19:20,653 - INFO - [357/10119] 跳过已转换: szqjl_2024-01-31_13_11_55_.rep
2025-12-08 15:19:20,656 - INFO - [358/10119] 跳过已转换: szqjl_2024-01-31_13_15_25_.rep
2025-12-08 15:19:20,659 - INFO - [359/10119] 跳过已转换: szqjl_2024-01-31_13_18_53_.rep
2025-12-08 15:19:20,661 - INFO - [360/10119] 跳过已转换: szqjl_2024-01-31_13_21_55_.rep
2025-12-08 15:19:20,664 - INFO - [361/10119] 跳过已转换: szqjl_2024-01-31_13_25_11_.rep
2025-12-08 15:19:20,667 - INFO - [362/10119] 跳过已转换: szqjl_2024-01-31_13_28_51_.rep
2025-12-08 15:19:20,669 - INFO - [363/10119] 跳过已转换: szqjl_2024-01-31_13_32_06_.rep
2025-12-08 15:19:20,671 - INFO - [364/10119] 跳过已转换: szqjl_2024-01-31_13_35_20_.rep
2025-12-08 15:19:20,673 - INFO - [365/10119] 跳过已转换: szqjl_2024-02-01_13_07_14_.rep
2025-12-08 15:19:20,676 - INFO - [366/10119] 跳过已转换: szqjl_2024-02-01_13_10_04_.rep
2025-12-08 15:19:20,678 - INFO - [367/10119] 跳过已转换: szqjl_2024-02-01_13_13_11_.rep
2025-12-08 15:19:20,680 - INFO - [368/10119] 跳过已转换: szqjl_2024-02-01_13_16_30_.rep
2025-12-08 15:19:20,684 - INFO - [369/10119] 跳过已转换: szqjl_2024-02-01_13_19_46_.rep
2025-12-08 15:19:20,687 - INFO - [370/10119] 跳过已转换: szqjl_2024-02-01_13_23_56_.rep
2025-12-08 15:19:20,689 - INFO - [371/10119] 跳过已转换: szqjl_2024-02-01_13_28_13_.rep
2025-12-08 15:19:20,692 - INFO - [372/10119] 跳过已转换: szqjl_2024-02-01_13_31_50_.rep
2025-12-08 15:19:20,694 - INFO - [373/10119] 跳过已转换: szqjl_2024-02-01_13_36_00_.rep
2025-12-08 15:19:20,697 - INFO - [374/10119] 跳过已转换: szqjl_2024-02-02_12_52_37_.rep
2025-12-08 15:19:20,699 - INFO - [375/10119] 跳过已转换: szqjl_2024-02-02_12_55_48_.rep
2025-12-08 15:19:20,702 - INFO - [376/10119] 跳过已转换: szqjl_2024-02-02_13_00_05_.rep
2025-12-08 15:19:20,704 - INFO - [377/10119] 跳过已转换: szqjl_2024-02-02_13_02_54_.rep
2025-12-08 15:19:20,706 - INFO - [378/10119] 跳过已转换: szqjl_2024-02-02_13_07_24_.rep
2025-12-08 15:19:20,708 - INFO - [379/10119] 跳过已转换: szqjl_2024-02-02_13_10_55_.rep
2025-12-08 15:19:20,710 - INFO - [380/10119] 跳过已转换: szqjl_2024-02-02_13_15_33_.rep
2025-12-08 15:19:20,713 - INFO - [381/10119] 跳过已转换: szqjl_2024-02-02_13_19_07_.rep
2025-12-08 15:19:20,715 - INFO - [382/10119] 跳过已转换: szqjl_2024-02-02_13_22_53_.rep
2025-12-08 15:19:20,717 - INFO - [383/10119] 跳过已转换: szqjl_2024-02-02_13_26_33_.rep
2025-12-08 15:19:20,720 - INFO - [384/10119] 跳过已转换: _2024-02-04_12_15_56.rep
2025-12-08 15:19:20,722 - INFO - [385/10119] 跳过已转换: _2024-02-04_12_20_27.rep
2025-12-08 15:19:20,724 - INFO - [386/10119] 跳过已转换: _2024-02-04_12_23_47.rep
2025-12-08 15:19:20,726 - INFO - [387/10119] 跳过已转换: _2024-02-04_12_29_03.rep
2025-12-08 15:19:20,727 - INFO - [388/10119] 跳过已转换: _2024-02-04_12_35_09.rep
2025-12-08 15:19:20,729 - INFO - [389/10119] 跳过已转换: szqjl_2024-02-04_13_42_56_.rep
2025-12-08 15:19:20,731 - INFO - [390/10119] 跳过已转换: szqjl_2024-02-04_13_46_38_.rep
2025-12-08 15:19:20,732 - INFO - [391/10119] 跳过已转换: szqjl_2024-02-04_13_50_35_.rep
2025-12-08 15:19:20,735 - INFO - [392/10119] 跳过已转换: szqjl_2024-02-04_13_54_26_.rep
2025-12-08 15:19:20,736 - INFO - [393/10119] 跳过已转换: szqjl_2024-02-04_13_58_00_.rep
2025-12-08 15:19:20,738 - INFO - [394/10119] 跳过已转换: szqjl_2024-02-04_14_02_01_.rep
2025-12-08 15:19:20,741 - INFO - [395/10119] 跳过已转换: szqjl_2024-02-04_14_04_54_.rep
2025-12-08 15:19:20,742 - INFO - [396/10119] 跳过已转换: szqjl_2024-02-04_14_08_15_.rep
2025-12-08 15:19:20,745 - INFO - [397/10119] 跳过已转换: szqjl_2024-02-04_14_10_54_.rep
2025-12-08 15:19:20,747 - INFO - [398/10119] 跳过已转换: szqjl_2024-02-04_14_13_58_.rep
2025-12-08 15:19:20,748 - INFO - [399/10119] 跳过已转换: szqjl_2024-02-04_14_18_24_.rep
2025-12-08 15:19:20,750 - INFO - [400/10119] 跳过已转换: szqjl_2024-02-04_14_20_50_.rep
2025-12-08 15:19:20,753 - INFO - [401/10119] 跳过已转换: szqjl_2024-02-04_14_23_46_.rep
2025-12-08 15:19:20,755 - INFO - [402/10119] 跳过已转换: szqjl_2024-02-04_15_01_43_.rep
2025-12-08 15:19:20,757 - INFO - [403/10119] 跳过已转换: szqjl_2024-02-04_15_04_11_.rep
2025-12-08 15:19:20,759 - INFO - [404/10119] 跳过已转换: szqjl_2024-02-04_15_07_27_.rep
2025-12-08 15:19:20,761 - INFO - [405/10119] 跳过已转换: szqjl_2024-02-04_15_10_46_.rep
2025-12-08 15:19:20,762 - INFO - [406/10119] 跳过已转换: szqjl_2024-02-04_15_13_35_.rep
2025-12-08 15:19:20,764 - INFO - [407/10119] 跳过已转换: szqjl_2024-02-04_15_17_07_.rep
2025-12-08 15:19:20,767 - INFO - [408/10119] 跳过已转换: szqjl_2024-02-04_15_19_43_.rep
2025-12-08 15:19:20,768 - INFO - [409/10119] 跳过已转换: szqjl_2024-02-04_15_23_13_.rep
2025-12-08 15:19:20,770 - INFO - [410/10119] 跳过已转换: szqjl_2024-02-04_15_26_21_.rep
2025-12-08 15:19:20,772 - INFO - [411/10119] 跳过已转换: szqjl_2024-02-04_15_29_37_.rep
2025-12-08 15:19:20,774 - INFO - [412/10119] 跳过已转换: szqjl_2024-02-04_15_32_43_.rep
2025-12-08 15:19:20,776 - INFO - [413/10119] 跳过已转换: szqjl_2024-02-04_15_35_53_.rep
2025-12-08 15:19:20,778 - INFO - [414/10119] 跳过已转换: szqjl_2024-02-04_15_38_38_.rep
2025-12-08 15:19:20,780 - INFO - [415/10119] 跳过已转换: szqjl_2024-02-05_10_06_47_.rep
2025-12-08 15:19:20,782 - INFO - [416/10119] 跳过已转换: szqjl_2024-02-05_10_09_54_.rep
2025-12-08 15:19:20,783 - INFO - [417/10119] 跳过已转换: szqjl_2024-02-05_10_13_20_.rep
2025-12-08 15:19:20,785 - INFO - [418/10119] 跳过已转换: szqjl_2024-02-05_10_16_07_.rep
2025-12-08 15:19:20,787 - INFO - [419/10119] 跳过已转换: szqjl_2024-02-05_10_18_12_.rep
2025-12-08 15:19:20,789 - INFO - [420/10119] 跳过已转换: szqjl_2024-02-05_10_21_31_.rep
2025-12-08 15:19:20,790 - INFO - [421/10119] 跳过已转换: szqjl_2024-02-05_10_23_39_.rep
2025-12-08 15:19:20,792 - INFO - [422/10119] 跳过已转换: szqjl_2024-02-05_10_27_19_.rep
2025-12-08 15:19:20,794 - INFO - [423/10119] 跳过已转换: szqjl_2024-02-05_10_31_35_.rep
2025-12-08 15:19:20,797 - INFO - [424/10119] 跳过已转换: szqjl_2024-02-05_10_40_18_.rep
2025-12-08 15:19:20,799 - INFO - [425/10119] 跳过已转换: szqjl_2024-02-05_10_47_22_.rep
2025-12-08 15:19:20,802 - INFO - [426/10119] 跳过已转换: szqjl_2024-02-05_10_58_17_.rep
2025-12-08 15:19:20,804 - INFO - [427/10119] 跳过已转换: szqjl_2024-02-06_11_01_24_.rep
2025-12-08 15:19:20,806 - INFO - [428/10119] 跳过已转换: szqjl_2024-02-06_11_04_29_.rep
2025-12-08 15:19:20,808 - INFO - [429/10119] 跳过已转换: szqjl_2024-02-06_11_08_30_.rep
2025-12-08 15:19:20,810 - INFO - [430/10119] 跳过已转换: szqjl_2024-02-06_11_11_24_.rep
2025-12-08 15:19:20,812 - INFO - [431/10119] 跳过已转换: szqjl_2024-02-06_11_16_10_.rep
2025-12-08 15:19:20,814 - INFO - [432/10119] 跳过已转换: szqjl_2024-02-06_11_19_19_.rep
2025-12-08 15:19:20,816 - INFO - [433/10119] 跳过已转换: szqjl_2024-02-06_11_22_46_.rep
2025-12-08 15:19:20,819 - INFO - [434/10119] 跳过已转换: szqjl_2024-02-06_11_26_44_.rep
2025-12-08 15:19:20,820 - INFO - [435/10119] 跳过已转换: szqjl_2024-02-06_11_31_06_.rep
2025-12-08 15:19:20,823 - INFO - [436/10119] 跳过已转换: szqjl_2024-02-06_11_34_54_.rep
2025-12-08 15:19:20,824 - INFO - [437/10119] 跳过已转换: szqjl_2024-02-06_11_38_43_.rep
2025-12-08 15:19:20,826 - INFO - [438/10119] 跳过已转换: szqjl_2024-02-06_11_42_55_.rep
2025-12-08 15:19:20,828 - INFO - [439/10119] 跳过已转换: szqjl_2024-02-06_12_26_26_.rep
2025-12-08 15:19:20,830 - INFO - [440/10119] 跳过已转换: szqjl_2024-02-06_12_29_54_.rep
2025-12-08 15:19:20,831 - INFO - [441/10119] 跳过已转换: szqjl_2024-02-06_12_33_04_.rep
2025-12-08 15:19:20,834 - INFO - [442/10119] 跳过已转换: szqjl_2024-02-06_12_36_28_.rep
2025-12-08 15:19:20,836 - INFO - [443/10119] 跳过已转换: szqjl_2024-02-06_12_41_13_.rep
2025-12-08 15:19:20,838 - INFO - [444/10119] 跳过已转换: szqjl_2024-02-06_12_45_33_.rep
2025-12-08 15:19:20,840 - INFO - [445/10119] 跳过已转换: szqjl_2024-02-06_12_50_31_.rep
2025-12-08 15:19:20,842 - INFO - [446/10119] 跳过已转换: szqjl_2024-02-06_12_54_46_.rep
2025-12-08 15:19:20,844 - INFO - [447/10119] 跳过已转换: szqjl_2024-02-06_12_57_52_.rep
2025-12-08 15:19:20,846 - INFO - [448/10119] 跳过已转换: szqjl_2024-02-06_13_01_24_.rep
2025-12-08 15:19:20,847 - INFO - [449/10119] 跳过已转换: szqjl_2024-02-06_13_08_34_.rep
2025-12-08 15:19:20,849 - INFO - [450/10119] 跳过已转换: szqjl_2024-02-06_14_49_03_.rep
2025-12-08 15:19:20,851 - INFO - [451/10119] 跳过已转换: szqjl_2024-02-06_14_55_08_.rep
2025-12-08 15:19:20,853 - INFO - [452/10119] 跳过已转换: szqjl_2024-02-06_15_13_48_.rep
2025-12-08 15:19:20,855 - INFO - [453/10119] 跳过已转换: szqjl_2024-02-06_15_17_16_.rep
2025-12-08 15:19:20,857 - INFO - [454/10119] 跳过已转换: szqjl_2024-02-06_15_22_43_.rep
2025-12-08 15:19:20,859 - INFO - [455/10119] 跳过已转换: szqjl_2024-02-06_15_26_39_.rep
2025-12-08 15:19:20,860 - INFO - [456/10119] 跳过已转换: szqjl_2024-02-06_15_30_12_.rep
2025-12-08 15:19:20,862 - INFO - [457/10119] 跳过已转换: szqjl_2024-02-06_16_08_45_.rep
2025-12-08 15:19:20,864 - INFO - [458/10119] 跳过已转换: szqjl_2024-02-06_16_12_15_.rep
2025-12-08 15:19:20,867 - INFO - [459/10119] 跳过已转换: szqjl_2024-02-06_16_14_37_.rep
2025-12-08 15:19:20,869 - INFO - [460/10119] 跳过已转换: szqjl_2024-02-06_16_19_13_.rep
2025-12-08 15:19:20,871 - INFO - [461/10119] 跳过已转换: szqjl_2024-02-06_16_22_54_.rep
2025-12-08 15:19:20,873 - INFO - [462/10119] 跳过已转换: szqjl_2024-02-07_10_16_08_.rep
2025-12-08 15:19:20,876 - INFO - [463/10119] 跳过已转换: szqjl_2024-02-07_10_22_31_.rep
2025-12-08 15:19:20,878 - INFO - [464/10119] 跳过已转换: szqjl_2024-02-07_10_25_54_.rep
2025-12-08 15:19:20,880 - INFO - [465/10119] 跳过已转换: szqjl_2024-02-07_10_28_57_.rep
2025-12-08 15:19:20,882 - INFO - [466/10119] 跳过已转换: szqjl_2024-02-07_10_32_39_.rep
2025-12-08 15:19:20,884 - INFO - [467/10119] 跳过已转换: szqjl_2024-02-07_10_36_05_.rep
2025-12-08 15:19:20,886 - INFO - [468/10119] 跳过已转换: szqjl_2024-02-07_10_38_50_.rep
2025-12-08 15:19:20,887 - INFO - [469/10119] 跳过已转换: szqjl_2024-02-07_10_41_37_.rep
2025-12-08 15:19:20,889 - INFO - [470/10119] 跳过已转换: szqjl_2024-02-07_10_45_11_.rep
2025-12-08 15:19:20,891 - INFO - [471/10119] 跳过已转换: szqjl_2024-02-07_10_48_35_.rep
2025-12-08 15:19:20,893 - INFO - [472/10119] 跳过已转换: szqjl_2024-02-07_10_53_57_.rep
2025-12-08 15:19:20,894 - INFO - [473/10119] 跳过已转换: szqjl_2024-02-07_10_56_36_.rep
2025-12-08 15:19:20,896 - INFO - [474/10119] 跳过已转换: szqjl_2024-02-07_11_01_16_.rep
2025-12-08 15:19:20,899 - INFO - [475/10119] 跳过已转换: szqjl_2024-02-07_11_04_33_.rep
2025-12-08 15:19:20,901 - INFO - [476/10119] 跳过已转换: szqjl_2024-02-07_11_08_46_.rep
2025-12-08 15:19:20,902 - INFO - [477/10119] 跳过已转换: szqjl_2024-02-07_15_08_43_.rep
2025-12-08 15:19:20,905 - INFO - [478/10119] 跳过已转换: szqjl_2024-02-07_15_12_31_.rep
2025-12-08 15:19:20,906 - INFO - [479/10119] 跳过已转换: szqjl_2024-02-07_15_16_12_.rep
2025-12-08 15:19:20,908 - INFO - [480/10119] 跳过已转换: szqjl_2024-02-07_15_19_34_.rep
2025-12-08 15:19:20,910 - INFO - [481/10119] 跳过已转换: szqjl_2024-02-07_15_22_55_.rep
2025-12-08 15:19:20,912 - INFO - [482/10119] 跳过已转换: szqjl_2024-02-07_15_25_48_.rep
2025-12-08 15:19:20,915 - INFO - [483/10119] 跳过已转换: szqjl_2024-02-07_15_30_34_.rep
2025-12-08 15:19:20,918 - INFO - [484/10119] 跳过已转换: szqjl_2024-02-07_15_35_02_.rep
2025-12-08 15:19:20,920 - INFO - [485/10119] 跳过已转换: szqjl_2024-02-07_15_37_44_.rep
2025-12-08 15:19:20,922 - INFO - [486/10119] 跳过已转换: szqjl_2024-02-07_15_41_35_.rep
2025-12-08 15:19:20,924 - INFO - [487/10119] 跳过已转换: szqjl_2024-02-07_15_44_11_.rep
2025-12-08 15:19:20,926 - INFO - [488/10119] 跳过已转换: szqjl_2024-02-08_12_50_10_.rep
2025-12-08 15:19:20,927 - INFO - [489/10119] 跳过已转换: szqjl_2024-02-08_12_54_43_.rep
2025-12-08 15:19:20,930 - INFO - [490/10119] 跳过已转换: szqjl_2024-02-08_12_59_17_.rep
2025-12-08 15:19:20,931 - INFO - [491/10119] 跳过已转换: szqjl_2024-02-08_13_03_48_.rep
2025-12-08 15:19:20,934 - INFO - [492/10119] 跳过已转换: szqjl_2024-02-08_13_07_49_.rep
2025-12-08 15:19:20,935 - INFO - [493/10119] 跳过已转换: szqjl_2024-02-08_13_11_26_.rep
2025-12-08 15:19:20,937 - INFO - [494/10119] 跳过已转换: szqjl_2024-02-08_13_14_48_.rep
2025-12-08 15:19:20,939 - INFO - [495/10119] 跳过已转换: szqjl_2024-02-08_13_19_00_.rep
2025-12-08 15:19:20,941 - INFO - [496/10119] 跳过已转换: szqjl_2024-02-08_13_24_07_.rep
2025-12-08 15:19:20,944 - INFO - [497/10119] 跳过已转换: szqjl_2024-02-08_13_27_57_.rep
2025-12-08 15:19:20,945 - INFO - [498/10119] 跳过已转换: szqjl_2024-02-18_12_55_25_.rep
2025-12-08 15:19:20,947 - INFO - [499/10119] 跳过已转换: szqjl_2024-02-18_12_58_38_.rep
2025-12-08 15:19:20,949 - INFO - [500/10119] 跳过已转换: szqjl_2024-02-18_13_01_50_.rep
2025-12-08 15:19:20,951 - INFO - [501/10119] 跳过已转换: szqjl_2024-02-18_13_06_05_.rep
2025-12-08 15:19:20,952 - INFO - [502/10119] 跳过已转换: szqjl_2024-02-18_13_09_56_.rep
2025-12-08 15:19:20,954 - INFO - [503/10119] 跳过已转换: szqjl_2024-02-18_13_13_32_.rep
2025-12-08 15:19:20,956 - INFO - [504/10119] 跳过已转换: szqjl_2024-02-18_15_40_26_.rep
2025-12-08 15:19:20,958 - INFO - [505/10119] 跳过已转换: szqjl_2024-02-18_15_44_57_.rep
2025-12-08 15:19:20,960 - INFO - [506/10119] 跳过已转换: szqjl_2024-02-18_15_49_01_.rep
2025-12-08 15:19:20,962 - INFO - [507/10119] 跳过已转换: szqjl_2024-02-18_15_56_32_.rep
2025-12-08 15:19:20,964 - INFO - [508/10119] 跳过已转换: szqjl_2024-02-18_16_00_13_.rep
2025-12-08 15:19:20,966 - INFO - [509/10119] 跳过已转换: szqjl_2024-02-18_16_08_28_.rep
2025-12-08 15:19:20,967 - INFO - [510/10119] 跳过已转换: szqjl_2024-02-18_16_11_54_.rep
2025-12-08 15:19:20,969 - INFO - [511/10119] 跳过已转换: szqjl_2024-02-18_16_15_38_.rep
2025-12-08 15:19:20,971 - INFO - [512/10119] 跳过已转换: szqjl_2024-02-18_16_18_32_.rep
2025-12-08 15:19:20,973 - INFO - [513/10119] 跳过已转换: szqjl_2024-02-18_16_21_52_.rep
2025-12-08 15:19:20,975 - INFO - [514/10119] 跳过已转换: szqjl_2024-02-18_16_25_27_.rep
2025-12-08 15:19:20,977 - INFO - [515/10119] 跳过已转换: szqjl_2024-02-19_12_26_05_.rep
2025-12-08 15:19:20,979 - INFO - [516/10119] 跳过已转换: szqjl_2024-02-19_12_29_36_.rep
2025-12-08 15:19:20,981 - INFO - [517/10119] 跳过已转换: szqjl_2024-02-19_12_33_29_.rep
2025-12-08 15:19:20,983 - INFO - [518/10119] 跳过已转换: szqjl_2024-02-19_12_37_05_.rep
2025-12-08 15:19:20,985 - INFO - [519/10119] 跳过已转换: szqjl_2024-02-19_12_40_55_.rep
2025-12-08 15:19:20,986 - INFO - [520/10119] 跳过已转换: szqjl_2024-02-19_12_43_51_.rep
2025-12-08 15:19:20,988 - INFO - [521/10119] 跳过已转换: szqjl_2024-02-19_12_48_19_.rep
2025-12-08 15:19:20,989 - INFO - [522/10119] 跳过已转换: szqjl_2024-02-19_12_51_21_.rep
2025-12-08 15:19:20,991 - INFO - [523/10119] 跳过已转换: szqjl_2024-02-19_12_55_24_.rep
2025-12-08 15:19:20,993 - INFO - [524/10119] 跳过已转换: szqjl_2024-02-19_12_59_15_.rep
2025-12-08 15:19:20,995 - INFO - [525/10119] 跳过已转换: szqjl_2024-02-19_13_02_53_.rep
2025-12-08 15:19:20,997 - INFO - [526/10119] 跳过已转换: szqjl_2024-02-19_13_07_35_.rep
2025-12-08 15:19:20,999 - INFO - [527/10119] 跳过已转换: szqjl_2024-02-19_15_20_06_.rep
2025-12-08 15:19:21,001 - INFO - [528/10119] 跳过已转换: szqjl_2024-02-19_15_24_13_.rep
2025-12-08 15:19:21,003 - INFO - [529/10119] 跳过已转换: szqjl_2024-02-19_15_27_47_.rep
2025-12-08 15:19:21,006 - INFO - [530/10119] 跳过已转换: szqjl_2024-02-19_15_32_30_.rep
2025-12-08 15:19:21,008 - INFO - [531/10119] 跳过已转换: szqjl_2024-02-19_15_37_35_.rep
2025-12-08 15:19:21,010 - INFO - [532/10119] 跳过已转换: szqjl_2024-02-19_15_41_37_.rep
2025-12-08 15:19:21,012 - INFO - [533/10119] 跳过已转换: szqjl_2024-02-19_15_46_08_.rep
2025-12-08 15:19:21,015 - INFO - [534/10119] 跳过已转换: szqjl_2024-02-19_15_49_52_.rep
2025-12-08 15:19:21,017 - INFO - [535/10119] 跳过已转换: szqjl_2024-02-20_13_39_04_.rep
2025-12-08 15:19:21,019 - INFO - [536/10119] 跳过已转换: szqjl_2024-02-20_13_42_38_.rep
2025-12-08 15:19:21,021 - INFO - [537/10119] 跳过已转换: szqjl_2024-02-20_13_46_13_.rep
2025-12-08 15:19:21,023 - INFO - [538/10119] 跳过已转换: szqjl_2024-02-20_13_49_11_.rep
2025-12-08 15:19:21,026 - INFO - [539/10119] 跳过已转换: szqjl_2024-02-20_13_52_22_.rep
2025-12-08 15:19:21,028 - INFO - [540/10119] 跳过已转换: szqjl_2024-02-20_13_54_50_.rep
2025-12-08 15:19:21,030 - INFO - [541/10119] 跳过已转换: szqjl_2024-02-20_13_58_03_.rep
2025-12-08 15:19:21,033 - INFO - [542/10119] 跳过已转换: szqjl_2024-02-20_14_00_39_.rep
2025-12-08 15:19:21,035 - INFO - [543/10119] 跳过已转换: szqjl_2024-02-20_14_03_24_.rep
2025-12-08 15:19:21,038 - INFO - [544/10119] 跳过已转换: szqjl_2024-02-20_14_21_10_.rep
2025-12-08 15:19:21,040 - INFO - [545/10119] 跳过已转换: szqjl_2024-02-20_14_25_26_.rep
2025-12-08 15:19:21,042 - INFO - [546/10119] 跳过已转换: szqjl_2024-02-20_14_29_45_.rep
2025-12-08 15:19:21,044 - INFO - [547/10119] 跳过已转换: szqjl_2024-02-20_14_32_42_.rep
2025-12-08 15:19:21,045 - INFO - [548/10119] 跳过已转换: szqjl_2024-02-20_14_35_56_.rep
2025-12-08 15:19:21,047 - INFO - [549/10119] 跳过已转换: szqjl_2024-02-20_14_38_15_.rep
2025-12-08 15:19:21,049 - INFO - [550/10119] 跳过已转换: szqjl_2024-02-20_14_41_10_.rep
2025-12-08 15:19:21,051 - INFO - [551/10119] 跳过已转换: szqjl_2024-02-20_14_43_58_.rep
2025-12-08 15:19:21,053 - INFO - [552/10119] 跳过已转换: szqjl_2024-02-20_14_48_03_.rep
2025-12-08 15:19:21,055 - INFO - [553/10119] 跳过已转换: szqjl_2024-02-20_14_50_56_.rep
2025-12-08 15:19:21,057 - INFO - [554/10119] 跳过已转换: _2024-02-20_14_52_59.rep
2025-12-08 15:19:21,059 - INFO - [555/10119] 跳过已转换: szqjl_2024-02-21_11_20_47_.rep
2025-12-08 15:19:21,062 - INFO - [556/10119] 跳过已转换: szqjl_2024-02-21_11_27_13_.rep
2025-12-08 15:19:21,064 - INFO - [557/10119] 跳过已转换: szqjl_2024-02-21_15_09_56_.rep
2025-12-08 15:19:21,067 - INFO - [558/10119] 跳过已转换: szqjl_2024-02-21_15_13_19_.rep
2025-12-08 15:19:21,068 - INFO - [559/10119] 跳过已转换: szqjl_2024-02-21_15_16_29_.rep
2025-12-08 15:19:21,070 - INFO - [560/10119] 跳过已转换: szqjl_2024-02-21_15_20_39_.rep
2025-12-08 15:19:21,072 - INFO - [561/10119] 跳过已转换: szqjl_2024-02-21_15_24_32_.rep
2025-12-08 15:19:21,074 - INFO - [562/10119] 跳过已转换: szqjl_2024-02-21_15_27_14_.rep
2025-12-08 15:19:21,076 - INFO - [563/10119] 跳过已转换: szqjl_2024-02-21_15_30_26_.rep
2025-12-08 15:19:21,078 - INFO - [564/10119] 跳过已转换: szqjl_2024-02-21_15_34_15_.rep
2025-12-08 15:19:21,080 - INFO - [565/10119] 跳过已转换: szqjl_2024-02-21_15_37_52_.rep
2025-12-08 15:19:21,083 - INFO - [566/10119] 跳过已转换: szqjl_2024-02-21_15_41_34_.rep
2025-12-08 15:19:21,085 - INFO - [567/10119] 跳过已转换: szqjl_2024-02-21_15_44_49_.rep
2025-12-08 15:19:21,087 - INFO - [568/10119] 跳过已转换: szqjl_2024-02-21_15_48_01_.rep
2025-12-08 15:19:21,089 - INFO - [569/10119] 跳过已转换: szqjl_2024-02-21_15_51_34_.rep
2025-12-08 15:19:21,091 - INFO - [570/10119] 跳过已转换: szqjl_2024-02-21_15_55_26_.rep
2025-12-08 15:19:21,093 - INFO - [571/10119] 跳过已转换: szqjl_2024-02-21_15_59_48_.rep
2025-12-08 15:19:21,095 - INFO - [572/10119] 跳过已转换: szqjl_2024-02-21_16_04_56_.rep
2025-12-08 15:19:21,097 - INFO - [573/10119] 跳过已转换: szqjl_2024-02-21_16_11_39_.rep
2025-12-08 15:19:21,100 - INFO - [574/10119] 跳过已转换: szqjl_2024-02-21_16_22_09_.rep
2025-12-08 15:19:21,102 - INFO - [575/10119] 跳过已转换: szqjl_2024-02-21_16_26_12_.rep
2025-12-08 15:19:21,104 - INFO - [576/10119] 跳过已转换: _2024-02-27_12_28_27.rep
2025-12-08 15:19:21,106 - INFO - [577/10119] 跳过已转换: szqjl_2024-02-27_12_36_21_.rep
2025-12-08 15:19:21,108 - INFO - [578/10119] 跳过已转换: szqjl_2024-02-27_12_41_04_.rep
2025-12-08 15:19:21,110 - INFO - [579/10119] 跳过已转换: szqjl_2024-02-27_12_45_32_.rep
2025-12-08 15:19:21,111 - INFO - [580/10119] 跳过已转换: szqjl_2024-02-27_12_48_49_.rep
2025-12-08 15:19:21,113 - INFO - [581/10119] 跳过已转换: szqjl_2024-02-27_12_52_27_.rep
2025-12-08 15:19:21,116 - INFO - [582/10119] 跳过已转换: szqjl_2024-02-27_12_55_41_.rep
2025-12-08 15:19:21,118 - INFO - [583/10119] 跳过已转换: szqjl_2024-02-27_12_58_02_.rep
2025-12-08 15:19:21,120 - INFO - [584/10119] 跳过已转换: szqjl_2024-02-27_15_43_08_.rep
2025-12-08 15:19:21,122 - INFO - [585/10119] 跳过已转换: szqjl_2024-02-27_15_46_23_.rep
2025-12-08 15:19:21,124 - INFO - [586/10119] 跳过已转换: szqjl_2024-02-27_15_49_47_.rep
2025-12-08 15:19:21,126 - INFO - [587/10119] 跳过已转换: szqjl_2024-02-27_15_53_02_.rep
2025-12-08 15:19:21,127 - INFO - [588/10119] 跳过已转换: szqjl_2024-02-27_15_57_56_.rep
2025-12-08 15:19:21,130 - INFO - [589/10119] 跳过已转换: szqjl_2024-02-27_16_03_27_.rep
2025-12-08 15:19:21,132 - INFO - [590/10119] 跳过已转换: szqjl_2024-02-27_16_07_38_.rep
2025-12-08 15:19:21,134 - INFO - [591/10119] 跳过已转换: szqjl_2024-02-27_16_11_18_.rep
2025-12-08 15:19:21,136 - INFO - [592/10119] 跳过已转换: szqjl_2024-02-27_16_15_39_.rep
2025-12-08 15:19:21,138 - INFO - [593/10119] 跳过已转换: szqjl_2024-02-27_16_19_24_.rep
2025-12-08 15:19:21,140 - INFO - [594/10119] 跳过已转换: szqjl_2024-02-27_16_23_38_.rep
2025-12-08 15:19:21,141 - INFO - [595/10119] 跳过已转换: szqjl_2024-02-27_16_27_17_.rep
2025-12-08 15:19:21,143 - INFO - [596/10119] 跳过已转换: szqjl_2024-02-27_16_30_55_.rep
2025-12-08 15:19:21,146 - INFO - [597/10119] 跳过已转换: szqjl_2024-02-27_16_34_05_.rep
2025-12-08 15:19:21,148 - INFO - [598/10119] 跳过已转换: szqjl_2024-02-27_16_36_56_.rep
2025-12-08 15:19:21,150 - INFO - [599/10119] 跳过已转换: szqjl_2024-02-27_16_39_58_.rep
2025-12-08 15:19:21,153 - INFO - [600/10119] 跳过已转换: szqjl_2024-02-27_16_44_16_.rep
2025-12-08 15:19:21,155 - INFO - [601/10119] 跳过已转换: szqjl_2024-02-28_10_14_55_.rep
2025-12-08 15:19:21,157 - INFO - [602/10119] 跳过已转换: szqjl_2024-02-28_10_18_43_.rep
2025-12-08 15:19:21,159 - INFO - [603/10119] 跳过已转换: szqjl_2024-02-28_10_21_54_.rep
2025-12-08 15:19:21,161 - INFO - [604/10119] 跳过已转换: szqjl_2024-02-28_10_24_03_.rep
2025-12-08 15:19:21,163 - INFO - [605/10119] 跳过已转换: szqjl_2024-02-28_10_27_18_.rep
2025-12-08 15:19:21,165 - INFO - [606/10119] 跳过已转换: szqjl_2024-02-28_10_35_37_.rep
2025-12-08 15:19:21,168 - INFO - [607/10119] 跳过已转换: szqjl_2024-02-28_10_38_23_.rep
2025-12-08 15:19:21,169 - INFO - [608/10119] 跳过已转换: szqjl_2024-02-28_10_42_07_.rep
2025-12-08 15:19:21,171 - INFO - [609/10119] 跳过已转换: szqjl_2024-02-28_10_46_04_.rep
2025-12-08 15:19:21,172 - INFO - [610/10119] 跳过已转换: szqjl_2024-02-28_10_49_00_.rep
2025-12-08 15:19:21,175 - INFO - [611/10119] 跳过已转换: szqjl_2024-02-28_10_52_03_.rep
2025-12-08 15:19:21,177 - INFO - [612/10119] 跳过已转换: szqjl_2024-02-28_10_54_18_.rep
2025-12-08 15:19:21,179 - INFO - [613/10119] 跳过已转换: szqjl_2024-02-28_10_57_39_.rep
2025-12-08 15:19:21,181 - INFO - [614/10119] 跳过已转换: szqjl_2024-02-28_11_00_43_.rep
2025-12-08 15:19:21,184 - INFO - [615/10119] 跳过已转换: szqjl_2024-02-28_11_03_08_.rep
2025-12-08 15:19:21,185 - INFO - [616/10119] 跳过已转换: szqjl_2024-02-28_11_06_54_.rep
2025-12-08 15:19:21,187 - INFO - [617/10119] 跳过已转换: szqjl_2024-02-28_11_09_57_.rep
2025-12-08 15:19:21,190 - INFO - [618/10119] 跳过已转换: szqjl_2024-03-01_13_59_52_.rep
2025-12-08 15:19:21,192 - INFO - [619/10119] 跳过已转换: szqjl_2024-03-01_14_03_25_.rep
2025-12-08 15:19:21,194 - INFO - [620/10119] 跳过已转换: szqjl_2024-03-01_14_06_11_.rep
2025-12-08 15:19:21,197 - INFO - [621/10119] 跳过已转换: szqjl_2024-03-01_14_09_51_.rep
2025-12-08 15:19:21,199 - INFO - [622/10119] 跳过已转换: szqjl_2024-03-01_14_13_28_.rep
2025-12-08 15:19:21,202 - INFO - [623/10119] 跳过已转换: szqjl_2024-03-01_14_17_01_.rep
2025-12-08 15:19:21,203 - INFO - [624/10119] 跳过已转换: szqjl_2024-03-01_14_21_07_.rep
2025-12-08 15:19:21,205 - INFO - [625/10119] 跳过已转换: szqjl_2024-03-01_14_24_16_.rep
2025-12-08 15:19:21,206 - INFO - [626/10119] 跳过已转换: szqjl_2024-03-01_14_27_14_.rep
2025-12-08 15:19:21,209 - INFO - [627/10119] 跳过已转换: szqjl_2024-03-01_14_30_16_.rep
2025-12-08 15:19:21,211 - INFO - [628/10119] 跳过已转换: szqjl_2024-03-01_14_33_48_.rep
2025-12-08 15:19:21,212 - INFO - [629/10119] 跳过已转换: szqjl_2024-03-01_14_37_59_.rep
2025-12-08 15:19:21,214 - INFO - [630/10119] 跳过已转换: szqjl_2024-03-01_14_42_14_.rep
2025-12-08 15:19:21,216 - INFO - [631/10119] 跳过已转换: szqjl_2024-03-01_14_45_05_.rep
2025-12-08 15:19:21,218 - INFO - [632/10119] 跳过已转换: szqjl_2024-03-01_14_48_31_.rep
2025-12-08 15:19:21,220 - INFO - [633/10119] 跳过已转换: szqjl_2024-03-01_14_51_14_.rep
2025-12-08 15:19:21,221 - INFO - [634/10119] 跳过已转换: szqjl_2024-03-01_14_54_19_.rep
2025-12-08 15:19:21,223 - INFO - [635/10119] 跳过已转换: szqjl_2024-03-01_14_57_05_.rep
2025-12-08 15:19:21,226 - INFO - [636/10119] 跳过已转换: szqjl_2024-03-01_14_59_42_.rep
2025-12-08 15:19:21,228 - INFO - [637/10119] 跳过已转换: szqjl_2024-03-01_15_02_50_.rep
2025-12-08 15:19:21,230 - INFO - [638/10119] 跳过已转换: szqjl_2024-03-01_15_05_26_.rep
2025-12-08 15:19:21,232 - INFO - [639/10119] 跳过已转换: szqjl_2024-03-01_15_08_06_.rep
2025-12-08 15:19:21,234 - INFO - [640/10119] 跳过已转换: szqjl_2024-03-01_15_10_35_.rep
2025-12-08 15:19:21,235 - INFO - [641/10119] 跳过已转换: szqjl_2024-03-01_15_13_17_.rep
2025-12-08 15:19:21,237 - INFO - [642/10119] 跳过已转换: szqjl_2024-03-01_15_16_36_.rep
2025-12-08 15:19:21,238 - INFO - [643/10119] 跳过已转换: szqjl_2024-03-01_15_19_41_.rep
2025-12-08 15:19:21,241 - INFO - [644/10119] 跳过已转换: szqjl_2024-03-05_16_16_36_.rep
2025-12-08 15:19:21,243 - INFO - [645/10119] 跳过已转换: szqjl_2024-03-05_16_20_02_.rep
2025-12-08 15:19:21,245 - INFO - [646/10119] 跳过已转换: szqjl_2024-03-05_16_24_04_.rep
2025-12-08 15:19:21,248 - INFO - [647/10119] 跳过已转换: szqjl_2024-03-05_16_27_48_.rep
2025-12-08 15:19:21,249 - INFO - [648/10119] 跳过已转换: szqjl_2024-03-05_16_32_04_.rep
2025-12-08 15:19:21,251 - INFO - [649/10119] 跳过已转换: szqjl_2024-03-05_16_36_39_.rep
2025-12-08 15:19:21,253 - INFO - [650/10119] 跳过已转换: szqjl_2024-03-05_16_40_39_.rep
2025-12-08 15:19:21,255 - INFO - [651/10119] 跳过已转换: szqjl_2024-03-05_16_44_28_.rep
2025-12-08 15:19:21,256 - INFO - [652/10119] 跳过已转换: szqjl_2024-03-06_12_42_20_.rep
2025-12-08 15:19:21,258 - INFO - [653/10119] 跳过已转换: szqjl_2024-03-06_12_45_01_.rep
2025-12-08 15:19:21,260 - INFO - [654/10119] 跳过已转换: szqjl_2024-03-06_12_48_51_.rep
2025-12-08 15:19:21,262 - INFO - [655/10119] 跳过已转换: szqjl_2024-03-06_12_52_51_.rep
2025-12-08 15:19:21,263 - INFO - [656/10119] 跳过已转换: szqjl_2024-03-06_12_56_07_.rep
2025-12-08 15:19:21,266 - INFO - [657/10119] 跳过已转换: szqjl_2024-03-06_12_59_44_.rep
2025-12-08 15:19:21,268 - INFO - [658/10119] 跳过已转换: szqjl_2024-03-06_13_05_02_.rep
2025-12-08 15:19:21,270 - INFO - [659/10119] 跳过已转换: szqjl_2024-03-06_13_09_11_.rep
2025-12-08 15:19:21,273 - INFO - [660/10119] 跳过已转换: szqjl_2024-03-06_13_13_34_.rep
2025-12-08 15:19:21,275 - INFO - [661/10119] 跳过已转换: szqjl_2024-03-06_13_16_54_.rep
2025-12-08 15:19:21,277 - INFO - [662/10119] 跳过已转换: szqjl_2024-03-06_14_55_37_.rep
2025-12-08 15:19:21,279 - INFO - [663/10119] 跳过已转换: szqjl_2024-03-06_14_58_20_.rep
2025-12-08 15:19:21,281 - INFO - [664/10119] 跳过已转换: szqjl_2024-03-06_15_00_52_.rep
2025-12-08 15:19:21,282 - INFO - [665/10119] 跳过已转换: szqjl_2024-03-06_15_04_04_.rep
2025-12-08 15:19:21,284 - INFO - [666/10119] 跳过已转换: szqjl_2024-03-06_15_07_22_.rep
2025-12-08 15:19:21,285 - INFO - [667/10119] 跳过已转换: szqjl_2024-03-06_15_10_31_.rep
2025-12-08 15:19:21,287 - INFO - [668/10119] 跳过已转换: szqjl_2024-03-06_15_13_10_.rep
2025-12-08 15:19:21,289 - INFO - [669/10119] 跳过已转换: szqjl_2024-03-06_15_17_09_.rep
2025-12-08 15:19:21,291 - INFO - [670/10119] 跳过已转换: szqjl_2024-03-06_15_20_30_.rep
2025-12-08 15:19:21,293 - INFO - [671/10119] 跳过已转换: szqjl_2024-03-06_15_23_01_.rep
2025-12-08 15:19:21,295 - INFO - [672/10119] 跳过已转换: szqjl_2024-03-06_15_27_48_.rep
2025-12-08 15:19:21,297 - INFO - [673/10119] 跳过已转换: szqjl_2024-03-06_15_30_21_.rep
2025-12-08 15:19:21,300 - INFO - [674/10119] 跳过已转换: szqjl_2024-03-06_15_35_32_.rep
2025-12-08 15:19:21,302 - INFO - [675/10119] 跳过已转换: szqjl_2024-03-06_15_38_03_.rep
2025-12-08 15:19:21,304 - INFO - [676/10119] 跳过已转换: szqjl_2024-03-06_15_40_53_.rep
2025-12-08 15:19:21,307 - INFO - [677/10119] 跳过已转换: szqjl_2024-03-06_15_45_56_.rep
2025-12-08 15:19:21,309 - INFO - [678/10119] 跳过已转换: szqjl_2024-03-06_15_48_33_.rep
2025-12-08 15:19:21,311 - INFO - [679/10119] 跳过已转换: szqjl_2024-03-06_15_52_54_.rep
2025-12-08 15:19:21,313 - INFO - [680/10119] 跳过已转换: szqjl_2024-03-06_15_56_47_.rep
2025-12-08 15:19:21,315 - INFO - [681/10119] 跳过已转换: szqjl_2024-03-06_16_00_09_.rep
2025-12-08 15:19:21,316 - INFO - [682/10119] 跳过已转换: szqjl_2024-03-06_16_02_38_.rep
2025-12-08 15:19:21,319 - INFO - [683/10119] 跳过已转换: szqjl_2024-03-06_16_06_03_.rep
2025-12-08 15:19:21,322 - INFO - [684/10119] 跳过已转换: szqjl_2024-03-06_16_10_44_.rep
2025-12-08 15:19:21,325 - INFO - [685/10119] 跳过已转换: szqjl_2024-03-06_16_13_26_.rep
2025-12-08 15:19:21,327 - INFO - [686/10119] 跳过已转换: szqjl_2024-03-06_16_16_40_.rep
2025-12-08 15:19:21,328 - INFO - [687/10119] 跳过已转换: szqjl_2024-03-06_16_19_56_.rep
2025-12-08 15:19:21,330 - INFO - [688/10119] 跳过已转换: szqjl_2024-03-06_16_23_14_.rep
2025-12-08 15:19:21,332 - INFO - [689/10119] 跳过已转换: szqjl_2024-03-06_16_26_14_.rep
2025-12-08 15:19:21,335 - INFO - [690/10119] 跳过已转换: szqjl_2024-03-06_16_29_07_.rep
2025-12-08 15:19:21,337 - INFO - [691/10119] 跳过已转换: szqjl_2024-03-06_16_31_30_.rep
2025-12-08 15:19:21,339 - INFO - [692/10119] 跳过已转换: szqjl_2024-03-11_10_13_59_.rep
2025-12-08 15:19:21,341 - INFO - [693/10119] 跳过已转换: szqjl_2024-03-11_10_19_38_.rep
2025-12-08 15:19:21,342 - INFO - [694/10119] 跳过已转换: szqjl_2024-03-11_10_29_36_.rep
2025-12-08 15:19:21,344 - INFO - [695/10119] 跳过已转换: szqjl_2024-03-11_10_33_43_.rep
2025-12-08 15:19:21,345 - INFO - [696/10119] 跳过已转换: szqjl_2024-03-11_10_38_25_.rep
2025-12-08 15:19:21,347 - INFO - [697/10119] 跳过已转换: szqjl_2024-03-11_10_42_56_.rep
2025-12-08 15:19:21,350 - INFO - [698/10119] 跳过已转换: szqjl_2024-03-11_10_47_33_.rep
2025-12-08 15:19:21,352 - INFO - [699/10119] 跳过已转换: szqjl_2024-03-11_10_51_48_.rep
2025-12-08 15:19:21,353 - INFO - [700/10119] 跳过已转换: szqjl_2024-03-11_10_56_35_.rep
2025-12-08 15:19:21,355 - INFO - [701/10119] 跳过已转换: szqjl_2024-03-11_11_00_22_.rep
2025-12-08 15:19:21,357 - INFO - [702/10119] 跳过已转换: szqjl_2024-03-11_11_05_18_.rep
2025-12-08 15:19:21,359 - INFO - [703/10119] 跳过已转换: szqjl_2024-03-11_11_09_39_.rep
2025-12-08 15:19:21,361 - INFO - [704/10119] 跳过已转换: szqjl_2024-03-11_11_12_35_.rep
2025-12-08 15:19:21,364 - INFO - [705/10119] 跳过已转换: szqjl_2024-03-11_11_15_34_.rep
2025-12-08 15:19:21,366 - INFO - [706/10119] 跳过已转换: szqjl_2024-03-11_11_18_53_.rep
2025-12-08 15:19:21,368 - INFO - [707/10119] 跳过已转换: szqjl_2024-03-11_11_21_19_.rep
2025-12-08 15:19:21,370 - INFO - [708/10119] 跳过已转换: szqjl_2024-03-11_11_25_00_.rep
2025-12-08 15:19:21,372 - INFO - [709/10119] 跳过已转换: szqjl_2024-03-11_11_27_58_.rep
2025-12-08 15:19:21,374 - INFO - [710/10119] 跳过已转换: szqjl_2024-03-11_12_11_48_.rep
2025-12-08 15:19:21,375 - INFO - [711/10119] 跳过已转换: szqjl_2024-03-11_12_14_42_.rep
2025-12-08 15:19:21,378 - INFO - [712/10119] 跳过已转换: szqjl_2024-03-11_12_17_35_.rep
2025-12-08 15:19:21,380 - INFO - [713/10119] 跳过已转换: szqjl_2024-03-11_12_22_19_.rep
2025-12-08 15:19:21,381 - INFO - [714/10119] 跳过已转换: szqjl_2024-03-11_12_26_17_.rep
2025-12-08 15:19:21,384 - INFO - [715/10119] 跳过已转换: szqjl_2024-03-11_12_29_38_.rep
2025-12-08 15:19:21,386 - INFO - [716/10119] 跳过已转换: szqjl_2024-03-11_12_33_55_.rep
2025-12-08 15:19:21,388 - INFO - [717/10119] 跳过已转换: szqjl_2024-03-11_12_38_01_.rep
2025-12-08 15:19:21,390 - INFO - [718/10119] 跳过已转换: szqjl_2024-03-11_12_42_51_.rep
2025-12-08 15:19:21,392 - INFO - [719/10119] 跳过已转换: szqjl_2024-03-11_12_49_40_.rep
2025-12-08 15:19:21,394 - INFO - [720/10119] 跳过已转换: szqjl_2024-03-11_12_54_26_.rep
2025-12-08 15:19:21,396 - INFO - [721/10119] 跳过已转换: szqjl_2024-03-12_11_55_08_.rep
2025-12-08 15:19:21,398 - INFO - [722/10119] 跳过已转换: szqjl_2024-03-12_11_58_31_.rep
2025-12-08 15:19:21,401 - INFO - [723/10119] 跳过已转换: szqjl_2024-03-12_12_01_55_.rep
2025-12-08 15:19:21,403 - INFO - [724/10119] 跳过已转换: szqjl_2024-03-12_12_07_21_.rep
2025-12-08 15:19:21,405 - INFO - [725/10119] 跳过已转换: szqjl_2024-03-12_12_13_33_.rep
2025-12-08 15:19:21,407 - INFO - [726/10119] 跳过已转换: szqjl_2024-03-12_12_17_52_.rep
2025-12-08 15:19:21,408 - INFO - [727/10119] 跳过已转换: szqjl_2024-03-12_12_34_15_.rep
2025-12-08 15:19:21,410 - INFO - [728/10119] 跳过已转换: szqjl_2024-03-12_12_37_53_.rep
2025-12-08 15:19:21,413 - INFO - [729/10119] 跳过已转换: szqjl_2024-03-12_12_41_36_.rep
2025-12-08 15:19:21,416 - INFO - [730/10119] 跳过已转换: szqjl_2024-03-12_12_44_10_.rep
2025-12-08 15:19:21,418 - INFO - [731/10119] 跳过已转换: szqjl_2024-03-12_12_48_17_.rep
2025-12-08 15:19:21,420 - INFO - [732/10119] 跳过已转换: szqjl_2024-03-12_12_51_35_.rep
2025-12-08 15:19:21,422 - INFO - [733/10119] 跳过已转换: szqjl_2024-03-12_12_55_45_.rep
2025-12-08 15:19:21,423 - INFO - [734/10119] 跳过已转换: szqjl_2024-03-12_14_25_21_.rep
2025-12-08 15:19:21,425 - INFO - [735/10119] 跳过已转换: szqjl_2024-03-12_14_28_52_.rep
2025-12-08 15:19:21,427 - INFO - [736/10119] 跳过已转换: szqjl_2024-03-12_14_31_13_.rep
2025-12-08 15:19:21,429 - INFO - [737/10119] 跳过已转换: szqjl_2024-03-12_14_33_52_.rep
2025-12-08 15:19:21,431 - INFO - [738/10119] 跳过已转换: szqjl_2024-03-12_14_36_01_.rep
2025-12-08 15:19:21,433 - INFO - [739/10119] 跳过已转换: szqjl_2024-03-12_14_39_20_.rep
2025-12-08 15:19:21,435 - INFO - [740/10119] 跳过已转换: szqjl_2024-03-12_14_42_34_.rep
2025-12-08 15:19:21,437 - INFO - [741/10119] 跳过已转换: szqjl_2024-03-12_14_45_42_.rep
2025-12-08 15:19:21,439 - INFO - [742/10119] 跳过已转换: szqjl_2024-03-12_14_49_25_.rep
2025-12-08 15:19:21,441 - INFO - [743/10119] 跳过已转换: szqjl_2024-03-12_14_52_28_.rep
2025-12-08 15:19:21,444 - INFO - [744/10119] 跳过已转换: szqjl_2024-03-12_14_55_31_.rep
2025-12-08 15:19:21,446 - INFO - [745/10119] 跳过已转换: szqjl_2024-03-12_14_57_54_.rep
2025-12-08 15:19:21,449 - INFO - [746/10119] 跳过已转换: szqjl_2024-03-12_15_01_16_.rep
2025-12-08 15:19:21,451 - INFO - [747/10119] 跳过已转换: szqjl_2024-03-12_15_03_47_.rep
2025-12-08 15:19:21,453 - INFO - [748/10119] 跳过已转换: szqjl_2024-03-12_15_07_13_.rep
2025-12-08 15:19:21,455 - INFO - [749/10119] 跳过已转换: szqjl_2024-03-12_15_09_44_.rep
2025-12-08 15:19:21,456 - INFO - [750/10119] 跳过已转换: szqjl_2024-03-12_15_12_26_.rep
2025-12-08 15:19:21,458 - INFO - [751/10119] 跳过已转换: szqjl_2024-03-12_15_15_03_.rep
2025-12-08 15:19:21,460 - INFO - [752/10119] 跳过已转换: szqjl_2024-03-12_15_17_37_.rep
2025-12-08 15:19:21,462 - INFO - [753/10119] 跳过已转换: szqjl_2024-03-13_11_49_32_.rep
2025-12-08 15:19:21,465 - INFO - [754/10119] 跳过已转换: szqjl_2024-03-13_11_52_41_.rep
2025-12-08 15:19:21,466 - INFO - [755/10119] 跳过已转换: szqjl_2024-03-13_11_55_33_.rep
2025-12-08 15:19:21,468 - INFO - [756/10119] 跳过已转换: szqjl_2024-03-13_11_58_00_.rep
2025-12-08 15:19:21,469 - INFO - [757/10119] 跳过已转换: szqjl_2024-03-13_12_02_11_.rep
2025-12-08 15:19:21,471 - INFO - [758/10119] 跳过已转换: szqjl_2024-03-13_12_06_01_.rep
2025-12-08 15:19:21,473 - INFO - [759/10119] 跳过已转换: szqjl_2024-03-13_12_09_18_.rep
2025-12-08 15:19:21,475 - INFO - [760/10119] 跳过已转换: szqjl_2024-03-13_12_12_30_.rep
2025-12-08 15:19:21,477 - INFO - [761/10119] 跳过已转换: szqjl_2024-03-13_12_14_38_.rep
2025-12-08 15:19:21,478 - INFO - [762/10119] 跳过已转换: szqjl_2024-03-13_12_25_38_.rep
2025-12-08 15:19:21,481 - INFO - [763/10119] 跳过已转换: szqjl_2024-03-13_12_28_55_.rep
2025-12-08 15:19:21,483 - INFO - [764/10119] 跳过已转换: szqjl_2024-03-13_12_33_06_.rep
2025-12-08 15:19:21,485 - INFO - [765/10119] 跳过已转换: szqjl_2024-03-13_12_36_31_.rep
2025-12-08 15:19:21,487 - INFO - [766/10119] 跳过已转换: szqjl_2024-03-13_12_39_52_.rep
2025-12-08 15:19:21,490 - INFO - [767/10119] 跳过已转换: szqjl_2024-03-13_12_42_56_.rep
2025-12-08 15:19:21,492 - INFO - [768/10119] 跳过已转换: szqjl_2024-03-13_12_46_39_.rep
2025-12-08 15:19:21,494 - INFO - [769/10119] 跳过已转换: szqjl_2024-03-13_12_49_54_.rep
2025-12-08 15:19:21,495 - INFO - [770/10119] 跳过已转换: szqjl_2024-03-13_12_52_54_.rep
2025-12-08 15:19:21,497 - INFO - [771/10119] 跳过已转换: szqjl_2024-03-13_12_58_11_.rep
2025-12-08 15:19:21,499 - INFO - [772/10119] 跳过已转换: szqjl_2024-03-13_13_02_33_.rep
2025-12-08 15:19:21,502 - INFO - [773/10119] 跳过已转换: szqjl_2024-03-13_13_05_55_.rep
2025-12-08 15:19:21,504 - INFO - [774/10119] 跳过已转换: szqjl_2024-03-13_13_09_33_.rep
2025-12-08 15:19:21,506 - INFO - [775/10119] 跳过已转换: szqjl_2024-03-13_13_13_54_.rep
2025-12-08 15:19:21,509 - INFO - [776/10119] 跳过已转换: szqjl_2024-03-13_13_17_58_.rep
2025-12-08 15:19:21,511 - INFO - [777/10119] 跳过已转换: szqjl_2024-03-13_13_21_35_.rep
2025-12-08 15:19:21,512 - INFO - [778/10119] 跳过已转换: szqjl_2024-03-13_13_25_10_.rep
2025-12-08 15:19:21,515 - INFO - [779/10119] 跳过已转换: szqjl_2024-03-15_12_04_12_.rep
2025-12-08 15:19:21,516 - INFO - [780/10119] 跳过已转换: szqjl_2024-03-15_12_08_36_.rep
2025-12-08 15:19:21,518 - INFO - [781/10119] 跳过已转换: szqjl_2024-03-15_12_12_08_.rep
2025-12-08 15:19:21,520 - INFO - [782/10119] 跳过已转换: szqjl_2024-03-15_12_15_55_.rep
2025-12-08 15:19:21,522 - INFO - [783/10119] 跳过已转换: szqjl_2024-03-15_12_18_48_.rep
2025-12-08 15:19:21,524 - INFO - [784/10119] 跳过已转换: szqjl_2024-03-15_12_22_07_.rep
2025-12-08 15:19:21,526 - INFO - [785/10119] 跳过已转换: szqjl_2024-03-15_12_24_57_.rep
2025-12-08 15:19:21,528 - INFO - [786/10119] 跳过已转换: szqjl_2024-03-15_12_27_46_.rep
2025-12-08 15:19:21,530 - INFO - [787/10119] 跳过已转换: szqjl_2024-03-15_12_32_46_.rep
2025-12-08 15:19:21,531 - INFO - [788/10119] 跳过已转换: szqjl_2024-03-15_12_36_53_.rep
2025-12-08 15:19:21,533 - INFO - [789/10119] 跳过已转换: szqjl_2024-03-15_12_40_54_.rep
2025-12-08 15:19:21,535 - INFO - [790/10119] 跳过已转换: szqjl_2024-03-15_12_44_39_.rep
2025-12-08 15:19:21,537 - INFO - [791/10119] 跳过已转换: szqjl_2024-03-15_12_49_13_.rep
2025-12-08 15:19:21,539 - INFO - [792/10119] 跳过已转换: szqjl_2024-03-15_12_52_43_.rep
2025-12-08 15:19:21,542 - INFO - [793/10119] 跳过已转换: szqjl_2024-03-15_12_58_47_.rep
2025-12-08 15:19:21,544 - INFO - [794/10119] 跳过已转换: szqjl_2024-03-15_13_01_46_.rep
2025-12-08 15:19:21,546 - INFO - [795/10119] 跳过已转换: szqjl_2024-03-15_13_04_07_.rep
2025-12-08 15:19:21,548 - INFO - [796/10119] 跳过已转换: szqjl_2024-03-15_13_06_39_.rep
2025-12-08 15:19:21,550 - INFO - [797/10119] 跳过已转换: szqjl_2024-03-15_13_08_52_.rep
2025-12-08 15:19:21,553 - INFO - [798/10119] 跳过已转换: szqjl_2024-03-15_13_12_12_.rep
2025-12-08 15:19:21,554 - INFO - [799/10119] 跳过已转换: szqjl_2024-03-15_13_14_55_.rep
2025-12-08 15:19:21,556 - INFO - [800/10119] 跳过已转换: szqjl_2024-03-15_13_17_05_.rep
2025-12-08 15:19:21,559 - INFO - [801/10119] 跳过已转换: szqjl_2024-03-15_13_19_32_.rep
2025-12-08 15:19:21,560 - INFO - [802/10119] 跳过已转换: szqjl_2024-03-15_13_22_05_.rep
2025-12-08 15:19:21,562 - INFO - [803/10119] 跳过已转换: szqjl_2024-03-15_15_29_32_.rep
2025-12-08 15:19:21,564 - INFO - [804/10119] 跳过已转换: szqjl_2024-03-15_15_32_48_.rep
2025-12-08 15:19:21,566 - INFO - [805/10119] 跳过已转换: szqjl_2024-03-15_15_36_41_.rep
2025-12-08 15:19:21,567 - INFO - [806/10119] 跳过已转换: szqjl_2024-03-15_15_40_48_.rep
2025-12-08 15:19:21,570 - INFO - [807/10119] 跳过已转换: szqjl_2024-03-15_15_44_15_.rep
2025-12-08 15:19:21,572 - INFO - [808/10119] 跳过已转换: szqjl_2024-03-15_15_47_00_.rep
2025-12-08 15:19:21,573 - INFO - [809/10119] 跳过已转换: szqjl_2024-03-15_15_50_17_.rep
2025-12-08 15:19:21,575 - INFO - [810/10119] 跳过已转换: szqjl_2024-03-15_15_54_33_.rep
2025-12-08 15:19:21,577 - INFO - [811/10119] 跳过已转换: szqjl_2024-03-15_15_58_26_.rep
2025-12-08 15:19:21,579 - INFO - [812/10119] 跳过已转换: szqjl_2024-03-15_16_02_54_.rep
2025-12-08 15:19:21,581 - INFO - [813/10119] 跳过已转换: szqjl_2024-03-15_16_11_38_.rep
2025-12-08 15:19:21,583 - INFO - [814/10119] 跳过已转换: szqjl_2024-03-15_16_16_26_.rep
2025-12-08 15:19:21,585 - INFO - [815/10119] 跳过已转换: szqjl_2024-03-15_16_20_40_.rep
2025-12-08 15:19:21,587 - INFO - [816/10119] 跳过已转换: szqjl_2024-03-15_16_25_01_.rep
2025-12-08 15:19:21,588 - INFO - [817/10119] 跳过已转换: szqjl_2024-03-15_16_29_34_.rep
2025-12-08 15:19:21,590 - INFO - [818/10119] 跳过已转换: szqjl_2024-03-15_16_33_00_.rep
2025-12-08 15:19:21,592 - INFO - [819/10119] 跳过已转换: szqjl_2024-03-19_09_32_49_.rep
2025-12-08 15:19:21,593 - INFO - [820/10119] 跳过已转换: szqjl_2024-03-19_09_39_12_.rep
2025-12-08 15:19:21,595 - INFO - [821/10119] 跳过已转换: szqjl_2024-03-19_09_45_21_.rep
2025-12-08 15:19:21,597 - INFO - [822/10119] 跳过已转换: szqjl_2024-03-19_09_52_42_.rep
2025-12-08 15:19:21,599 - INFO - [823/10119] 跳过已转换: szqjl_2024-03-19_10_40_15_.rep
2025-12-08 15:19:21,601 - INFO - [824/10119] 跳过已转换: szqjl_2024-03-19_10_43_39_.rep
2025-12-08 15:19:21,603 - INFO - [825/10119] 跳过已转换: szqjl_2024-03-19_10_48_55_.rep
2025-12-08 15:19:21,604 - INFO - [826/10119] 跳过已转换: szqjl_2024-03-19_10_52_41_.rep
2025-12-08 15:19:21,606 - INFO - [827/10119] 跳过已转换: szqjl_2024-03-19_10_57_56_.rep
2025-12-08 15:19:21,608 - INFO - [828/10119] 跳过已转换: szqjl_2024-03-19_11_02_56_.rep
2025-12-08 15:19:21,610 - INFO - [829/10119] 跳过已转换: szqjl_2024-03-19_11_07_06_.rep
2025-12-08 15:19:21,611 - INFO - [830/10119] 跳过已转换: szqjl_2024-03-19_11_11_21_.rep
2025-12-08 15:19:21,612 - INFO - [831/10119] 跳过已转换: szqjl_2024-03-19_11_15_27_.rep
2025-12-08 15:19:21,615 - INFO - [832/10119] 跳过已转换: szqjl_2024-03-19_11_20_27_.rep
2025-12-08 15:19:21,617 - INFO - [833/10119] 跳过已转换: szqjl_2024-03-19_11_24_33_.rep
2025-12-08 15:19:21,619 - INFO - [834/10119] 跳过已转换: szqjl_2024-03-19_11_27_59_.rep
2025-12-08 15:19:21,621 - INFO - [835/10119] 跳过已转换: szqjl_2024-03-19_11_32_12_.rep
2025-12-08 15:19:21,624 - INFO - [836/10119] 跳过已转换: szqjl_2024-03-19_11_35_30_.rep
2025-12-08 15:19:21,625 - INFO - [837/10119] 跳过已转换: szqjl_2024-03-19_11_39_26_.rep
2025-12-08 15:19:21,628 - INFO - [838/10119] 跳过已转换: szqjl_2024-03-19_11_43_11_.rep
2025-12-08 15:19:21,630 - INFO - [839/10119] 跳过已转换: szqjl_2024-03-19_11_46_31_.rep
2025-12-08 15:19:21,633 - INFO - [840/10119] 跳过已转换: szqjl_2024-03-19_11_49_40_.rep
2025-12-08 15:19:21,636 - INFO - [841/10119] 跳过已转换: szqjl_2024-03-19_11_52_59_.rep
2025-12-08 15:19:21,638 - INFO - [842/10119] 跳过已转换: szqjl_2024-03-19_12_13_47_.rep
2025-12-08 15:19:21,639 - INFO - [843/10119] 跳过已转换: szqjl_2024-03-19_12_18_14_.rep
2025-12-08 15:19:21,641 - INFO - [844/10119] 跳过已转换: szqjl_2024-03-19_12_21_37_.rep
2025-12-08 15:19:21,643 - INFO - [845/10119] 跳过已转换: szqjl_2024-03-19_12_24_36_.rep
2025-12-08 15:19:21,645 - INFO - [846/10119] 跳过已转换: szqjl_2024-03-19_12_28_12_.rep
2025-12-08 15:19:21,647 - INFO - [847/10119] 跳过已转换: szqjl_2024-03-19_12_31_41_.rep
2025-12-08 15:19:21,649 - INFO - [848/10119] 跳过已转换: szqjl_2024-03-19_12_35_19_.rep
2025-12-08 15:19:21,651 - INFO - [849/10119] 跳过已转换: szqjl_2024-03-19_12_38_38_.rep
2025-12-08 15:19:21,653 - INFO - [850/10119] 跳过已转换: szqjl_2024-03-19_12_42_20_.rep
2025-12-08 15:19:21,655 - INFO - [851/10119] 跳过已转换: szqjl_2024-03-19_12_46_02_.rep
2025-12-08 15:19:21,657 - INFO - [852/10119] 跳过已转换: szqjl_2024-03-19_12_49_48_.rep
2025-12-08 15:19:21,659 - INFO - [853/10119] 跳过已转换: szqjl_2024-03-19_12_54_19_.rep
2025-12-08 15:19:21,661 - INFO - [854/10119] 跳过已转换: szqjl_2024-03-19_12_58_28_.rep
2025-12-08 15:19:21,663 - INFO - [855/10119] 跳过已转换: szqjl_2024-03-19_13_02_32_.rep
2025-12-08 15:19:21,664 - INFO - [856/10119] 跳过已转换: szqjl_2024-03-19_13_06_33_.rep
2025-12-08 15:19:21,667 - INFO - [857/10119] 跳过已转换: szqjl_2024-03-19_13_11_03_.rep
2025-12-08 15:19:21,669 - INFO - [858/10119] 跳过已转换: szqjl_2024-03-19_13_14_19_.rep
2025-12-08 15:19:21,672 - INFO - [859/10119] 跳过已转换: szqjl_2024-03-19_13_17_35_.rep
2025-12-08 15:19:21,674 - INFO - [860/10119] 跳过已转换: szqjl_2024-03-19_13_20_00_.rep
2025-12-08 15:19:21,676 - INFO - [861/10119] 跳过已转换: szqjl_2024-03-19_13_23_07_.rep
2025-12-08 15:19:21,679 - INFO - [862/10119] 跳过已转换: szqjl_2024-03-19_13_28_08_.rep
2025-12-08 15:19:21,681 - INFO - [863/10119] 跳过已转换: szqjl_2024-03-19_13_32_07_.rep
2025-12-08 15:19:21,683 - INFO - [864/10119] 跳过已转换: szqjl_2024-03-19_13_36_29_.rep
2025-12-08 15:19:21,685 - INFO - [865/10119] 跳过已转换: szqjl_2024-03-19_13_38_57_.rep
2025-12-08 15:19:21,687 - INFO - [866/10119] 跳过已转换: szqjl_2024-03-19_13_42_22_.rep
2025-12-08 15:19:21,688 - INFO - [867/10119] 跳过已转换: szqjl_2024-03-19_13_45_33_.rep
2025-12-08 15:19:21,690 - INFO - [868/10119] 跳过已转换: szqjl_2024-03-19_13_47_53_.rep
2025-12-08 15:19:21,693 - INFO - [869/10119] 跳过已转换: szqjl_2024-03-19_13_50_17_.rep
2025-12-08 15:19:21,695 - INFO - [870/10119] 跳过已转换: szqjl_2024-03-19_13_53_15_.rep
2025-12-08 15:19:21,697 - INFO - [871/10119] 跳过已转换: szqjl_2024-03-19_13_55_50_.rep
2025-12-08 15:19:21,699 - INFO - [872/10119] 跳过已转换: szqjl_2024-03-19_13_58_37_.rep
2025-12-08 15:19:21,701 - INFO - [873/10119] 跳过已转换: szqjl_2024-03-19_14_01_47_.rep
2025-12-08 15:19:21,703 - INFO - [874/10119] 跳过已转换: szqjl_2024-03-19_14_04_30_.rep
2025-12-08 15:19:21,706 - INFO - [875/10119] 跳过已转换: szqjl_2024-03-19_14_07_06_.rep
2025-12-08 15:19:21,708 - INFO - [876/10119] 跳过已转换: szqjl_2024-03-20_12_38_29_.rep
2025-12-08 15:19:21,709 - INFO - [877/10119] 跳过已转换: szqjl_2024-03-20_12_42_07_.rep
2025-12-08 15:19:21,711 - INFO - [878/10119] 跳过已转换: szqjl_2024-03-20_12_45_17_.rep
2025-12-08 15:19:21,713 - INFO - [879/10119] 跳过已转换: szqjl_2024-03-20_12_47_56_.rep
2025-12-08 15:19:21,715 - INFO - [880/10119] 跳过已转换: szqjl_2024-03-20_12_52_04_.rep
2025-12-08 15:19:21,717 - INFO - [881/10119] 跳过已转换: szqjl_2024-03-20_12_55_46_.rep
2025-12-08 15:19:21,719 - INFO - [882/10119] 跳过已转换: szqjl_2024-03-20_12_58_45_.rep
2025-12-08 15:19:21,721 - INFO - [883/10119] 跳过已转换: szqjl_2024-03-20_13_02_38_.rep
2025-12-08 15:19:21,723 - INFO - [884/10119] 跳过已转换: szqjl_2024-03-20_13_05_54_.rep
2025-12-08 15:19:21,725 - INFO - [885/10119] 跳过已转换: szqjl_2024-03-20_13_08_43_.rep
2025-12-08 15:19:21,727 - INFO - [886/10119] 跳过已转换: szqjl_2024-03-20_13_11_46_.rep
2025-12-08 15:19:21,729 - INFO - [887/10119] 跳过已转换: szqjl_2024-03-20_13_15_12_.rep
2025-12-08 15:19:21,730 - INFO - [888/10119] 跳过已转换: szqjl_2024-03-20_13_18_18_.rep
2025-12-08 15:19:21,732 - INFO - [889/10119] 跳过已转换: szqjl_2024-03-20_13_21_47_.rep
2025-12-08 15:19:21,734 - INFO - [890/10119] 跳过已转换: szqjl_2024-03-20_13_25_06_.rep
2025-12-08 15:19:21,737 - INFO - [891/10119] 跳过已转换: szqjl_2024-03-20_13_28_33_.rep
2025-12-08 15:19:21,739 - INFO - [892/10119] 跳过已转换: szqjl_2024-03-20_16_03_10_.rep
2025-12-08 15:19:21,741 - INFO - [893/10119] 跳过已转换: szqjl_2024-03-20_16_08_18_.rep
2025-12-08 15:19:21,743 - INFO - [894/10119] 跳过已转换: szqjl_2024-03-20_16_12_25_.rep
2025-12-08 15:19:21,745 - INFO - [895/10119] 跳过已转换: szqjl_2024-03-20_16_16_58_.rep
2025-12-08 15:19:21,747 - INFO - [896/10119] 跳过已转换: szqjl_2024-03-20_16_20_26_.rep
2025-12-08 15:19:21,749 - INFO - [897/10119] 跳过已转换: szqjl_2024-03-20_16_25_21_.rep
2025-12-08 15:19:21,752 - INFO - [898/10119] 跳过已转换: szqjl_2024-03-20_16_29_12_.rep
2025-12-08 15:19:21,754 - INFO - [899/10119] 跳过已转换: szqjl_2024-03-20_16_33_21_.rep
2025-12-08 15:19:21,757 - INFO - [900/10119] 跳过已转换: szqjl_2024-03-21_09_50_45_.rep
2025-12-08 15:19:21,759 - INFO - [901/10119] 跳过已转换: szqjl_2024-03-21_09_53_35_.rep
2025-12-08 15:19:21,760 - INFO - [902/10119] 跳过已转换: szqjl_2024-03-21_09_57_14_.rep
2025-12-08 15:19:21,763 - INFO - [903/10119] 跳过已转换: szqjl_2024-03-21_10_00_25_.rep
2025-12-08 15:19:21,765 - INFO - [904/10119] 跳过已转换: szqjl_2024-03-21_10_04_03_.rep
2025-12-08 15:19:21,767 - INFO - [905/10119] 跳过已转换: szqjl_2024-03-21_10_07_10_.rep
2025-12-08 15:19:21,769 - INFO - [906/10119] 跳过已转换: szqjl_2024-03-21_10_10_04_.rep
2025-12-08 15:19:21,771 - INFO - [907/10119] 跳过已转换: szqjl_2024-03-21_10_57_13_.rep
2025-12-08 15:19:21,773 - INFO - [908/10119] 跳过已转换: szqjl_2024-03-21_10_59_20_.rep
2025-12-08 15:19:21,775 - INFO - [909/10119] 跳过已转换: szqjl_2024-03-21_11_03_06_.rep
2025-12-08 15:19:21,777 - INFO - [910/10119] 跳过已转换: szqjl_2024-03-21_11_06_50_.rep
2025-12-08 15:19:21,779 - INFO - [911/10119] 跳过已转换: szqjl_2024-03-21_11_09_25_.rep
2025-12-08 15:19:21,781 - INFO - [912/10119] 跳过已转换: szqjl_2024-03-21_11_13_15_.rep
2025-12-08 15:19:21,783 - INFO - [913/10119] 跳过已转换: szqjl_2024-03-21_11_15_33_.rep
2025-12-08 15:19:21,785 - INFO - [914/10119] 跳过已转换: szqjl_2024-03-21_11_18_22_.rep
2025-12-08 15:19:21,787 - INFO - [915/10119] 跳过已转换: szqjl_2024-03-21_11_22_29_.rep
2025-12-08 15:19:21,789 - INFO - [916/10119] 跳过已转换: szqjl_2024-03-21_11_25_42_.rep
2025-12-08 15:19:21,791 - INFO - [917/10119] 跳过已转换: szqjl_2024-03-21_11_29_06_.rep
2025-12-08 15:19:21,794 - INFO - [918/10119] 跳过已转换: szqjl_2024-03-21_12_12_20_.rep
2025-12-08 15:19:21,796 - INFO - [919/10119] 跳过已转换: szqjl_2024-03-21_12_15_44_.rep
2025-12-08 15:19:21,798 - INFO - [920/10119] 跳过已转换: szqjl_2024-03-21_12_19_57_.rep
2025-12-08 15:19:21,801 - INFO - [921/10119] 跳过已转换: szqjl_2024-03-21_12_24_05_.rep
2025-12-08 15:19:21,803 - INFO - [922/10119] 跳过已转换: szqjl_2024-03-21_12_27_17_.rep
2025-12-08 15:19:21,806 - INFO - [923/10119] 跳过已转换: szqjl_2024-03-21_12_30_35_.rep
2025-12-08 15:19:21,807 - INFO - [924/10119] 跳过已转换: szqjl_2024-03-21_12_33_06_.rep
2025-12-08 15:19:21,809 - INFO - [925/10119] 跳过已转换: szqjl_2024-03-21_12_37_15_.rep
2025-12-08 15:19:21,811 - INFO - [926/10119] 跳过已转换: szqjl_2024-03-21_12_41_20_.rep
2025-12-08 15:19:21,814 - INFO - [927/10119] 跳过已转换: szqjl_2024-03-21_12_45_34_.rep
2025-12-08 15:19:21,815 - INFO - [928/10119] 跳过已转换: szqjl_2024-03-21_12_48_01_.rep
2025-12-08 15:19:21,818 - INFO - [929/10119] 跳过已转换: szqjl_2024-03-21_12_52_31_.rep
2025-12-08 15:19:21,820 - INFO - [930/10119] 跳过已转换: szqjl_2024-03-21_12_56_04_.rep
2025-12-08 15:19:21,822 - INFO - [931/10119] 跳过已转换: szqjl_2024-03-21_13_00_21_.rep
2025-12-08 15:19:21,825 - INFO - [932/10119] 跳过已转换: szqjl_2024-03-21_13_03_35_.rep
2025-12-08 15:19:21,826 - INFO - [933/10119] 跳过已转换: szqjl_2024-03-21_13_07_37_.rep
2025-12-08 15:19:21,828 - INFO - [934/10119] 跳过已转换: szqjl_2024-03-21_13_11_24_.rep
2025-12-08 15:19:21,830 - INFO - [935/10119] 跳过已转换: szqjl_2024-03-21_15_05_55_.rep
2025-12-08 15:19:21,832 - INFO - [936/10119] 跳过已转换: szqjl_2024-03-21_15_09_23_.rep
2025-12-08 15:19:21,834 - INFO - [937/10119] 跳过已转换: szqjl_2024-03-21_15_13_04_.rep
2025-12-08 15:19:21,836 - INFO - [938/10119] 跳过已转换: szqjl_2024-03-21_15_18_24_.rep
2025-12-08 15:19:21,838 - INFO - [939/10119] 跳过已转换: szqjl_2024-03-21_15_21_44_.rep
2025-12-08 15:19:21,840 - INFO - [940/10119] 跳过已转换: szqjl_2024-03-21_15_24_30_.rep
2025-12-08 15:19:21,842 - INFO - [941/10119] 跳过已转换: szqjl_2024-03-21_15_27_15_.rep
2025-12-08 15:19:21,843 - INFO - [942/10119] 跳过已转换: szqjl_2024-03-21_15_30_16_.rep
2025-12-08 15:19:21,845 - INFO - [943/10119] 跳过已转换: szqjl_2024-03-21_15_32_55_.rep
2025-12-08 15:19:21,847 - INFO - [944/10119] 跳过已转换: szqjl_2024-03-21_15_36_56_.rep
2025-12-08 15:19:21,850 - INFO - [945/10119] 跳过已转换: szqjl_2024-03-21_15_40_04_.rep
2025-12-08 15:19:21,852 - INFO - [946/10119] 跳过已转换: szqjl_2024-03-21_15_43_58_.rep
2025-12-08 15:19:21,854 - INFO - [947/10119] 跳过已转换: szqjl_2024-03-21_15_47_29_.rep
2025-12-08 15:19:21,857 - INFO - [948/10119] 跳过已转换: szqjl_2024-03-21_15_51_21_.rep
2025-12-08 15:19:21,859 - INFO - [949/10119] 跳过已转换: szqjl_2024-03-21_15_54_21_.rep
2025-12-08 15:19:21,861 - INFO - [950/10119] 跳过已转换: szqjl_2024-03-21_15_58_13_.rep
2025-12-08 15:19:21,864 - INFO - [951/10119] 跳过已转换: szqjl_2024-03-21_16_02_59_.rep
2025-12-08 15:19:21,866 - INFO - [952/10119] 跳过已转换: szqjl_2024-03-21_16_06_32_.rep
2025-12-08 15:19:21,868 - INFO - [953/10119] 跳过已转换: szqjl_2024-03-21_16_10_29_.rep
2025-12-08 15:19:21,870 - INFO - [954/10119] 跳过已转换: szqjl_2024-03-21_16_13_32_.rep
2025-12-08 15:19:21,873 - INFO - [955/10119] 跳过已转换: szqjl_2024-03-21_16_16_53_.rep
2025-12-08 15:19:21,875 - INFO - [956/10119] 跳过已转换: szqjl_2024-03-21_16_21_04_.rep
2025-12-08 15:19:21,876 - INFO - [957/10119] 跳过已转换: szqjl_2024-03-21_16_24_36_.rep
2025-12-08 15:19:21,879 - INFO - [958/10119] 跳过已转换: szqjl_2024-03-21_16_28_00_.rep
2025-12-08 15:19:21,881 - INFO - [959/10119] 跳过已转换: szqjl_2024-03-25_10_02_31_.rep
2025-12-08 15:19:21,883 - INFO - [960/10119] 跳过已转换: szqjl_2024-03-25_10_06_08_.rep
2025-12-08 15:19:21,885 - INFO - [961/10119] 跳过已转换: szqjl_2024-03-25_10_10_20_.rep
2025-12-08 15:19:21,887 - INFO - [962/10119] 跳过已转换: szqjl_2024-03-25_10_13_14_.rep
2025-12-08 15:19:21,889 - INFO - [963/10119] 跳过已转换: szqjl_2024-03-25_10_16_00_.rep
2025-12-08 15:19:21,891 - INFO - [964/10119] 跳过已转换: szqjl_2024-03-25_10_20_07_.rep
2025-12-08 15:19:21,893 - INFO - [965/10119] 跳过已转换: szqjl_2024-03-25_10_23_25_.rep
2025-12-08 15:19:21,896 - INFO - [966/10119] 跳过已转换: szqjl_2024-03-25_10_28_47_.rep
2025-12-08 15:19:21,897 - INFO - [967/10119] 跳过已转换: szqjl_2024-03-25_10_32_22_.rep
2025-12-08 15:19:21,900 - INFO - [968/10119] 跳过已转换: szqjl_2024-03-25_10_37_22_.rep
2025-12-08 15:19:21,902 - INFO - [969/10119] 跳过已转换: szqjl_2024-03-25_10_42_04_.rep
2025-12-08 15:19:21,904 - INFO - [970/10119] 跳过已转换: szqjl_2024-03-25_10_45_52_.rep
2025-12-08 15:19:21,906 - INFO - [971/10119] 跳过已转换: szqjl_2024-03-25_10_50_07_.rep
2025-12-08 15:19:21,908 - INFO - [972/10119] 跳过已转换: szqjl_2024-03-25_10_54_21_.rep
2025-12-08 15:19:21,910 - INFO - [973/10119] 跳过已转换: szqjl_2024-03-25_12_19_03_.rep
2025-12-08 15:19:21,912 - INFO - [974/10119] 跳过已转换: szqjl_2024-03-25_12_22_17_.rep
2025-12-08 15:19:21,914 - INFO - [975/10119] 跳过已转换: szqjl_2024-03-25_12_26_34_.rep
2025-12-08 15:19:21,916 - INFO - [976/10119] 跳过已转换: szqjl_2024-03-25_12_30_08_.rep
2025-12-08 15:19:21,918 - INFO - [977/10119] 跳过已转换: szqjl_2024-03-25_12_33_27_.rep
2025-12-08 15:19:21,920 - INFO - [978/10119] 跳过已转换: szqjl_2024-03-25_12_37_00_.rep
2025-12-08 15:19:21,922 - INFO - [979/10119] 跳过已转换: szqjl_2024-03-25_12_40_52_.rep
2025-12-08 15:19:21,923 - INFO - [980/10119] 跳过已转换: szqjl_2024-03-25_12_44_52_.rep
2025-12-08 15:19:21,925 - INFO - [981/10119] 跳过已转换: szqjl_2024-03-25_12_48_25_.rep
2025-12-08 15:19:21,928 - INFO - [982/10119] 跳过已转换: szqjl_2024-03-25_12_51_26_.rep
2025-12-08 15:19:21,930 - INFO - [983/10119] 跳过已转换: szqjl_2024-03-25_12_54_34_.rep
2025-12-08 15:19:21,931 - INFO - [984/10119] 跳过已转换: szqjl_2024-03-25_12_58_04_.rep
2025-12-08 15:19:21,934 - INFO - [985/10119] 跳过已转换: szqjl_2024-03-26_12_14_26_.rep
2025-12-08 15:19:21,936 - INFO - [986/10119] 跳过已转换: szqjl_2024-03-26_12_17_29_.rep
2025-12-08 15:19:21,938 - INFO - [987/10119] 跳过已转换: szqjl_2024-03-26_12_20_58_.rep
2025-12-08 15:19:21,940 - INFO - [988/10119] 跳过已转换: szqjl_2024-03-26_12_24_09_.rep
2025-12-08 15:19:21,942 - INFO - [989/10119] 跳过已转换: szqjl_2024-03-26_12_26_12_.rep
2025-12-08 15:19:21,944 - INFO - [990/10119] 跳过已转换: szqjl_2024-03-26_12_29_05_.rep
2025-12-08 15:19:21,947 - INFO - [991/10119] 跳过已转换: szqjl_2024-03-26_12_32_21_.rep
2025-12-08 15:19:21,950 - INFO - [992/10119] 跳过已转换: szqjl_2024-03-26_12_35_05_.rep
2025-12-08 15:19:21,952 - INFO - [993/10119] 跳过已转换: szqjl_2024-03-26_12_38_08_.rep
2025-12-08 15:19:21,954 - INFO - [994/10119] 跳过已转换: szqjl_2024-03-26_12_41_24_.rep
2025-12-08 15:19:21,956 - INFO - [995/10119] 跳过已转换: szqjl_2024-03-26_12_44_08_.rep
2025-12-08 15:19:21,957 - INFO - [996/10119] 跳过已转换: szqjl_2024-03-26_12_46_28_.rep
2025-12-08 15:19:21,959 - INFO - [997/10119] 跳过已转换: szqjl_2024-03-26_12_50_09_.rep
2025-12-08 15:19:21,960 - INFO - [998/10119] 跳过已转换: szqjl_2024-03-26_12_54_49_.rep
2025-12-08 15:19:21,962 - INFO - [999/10119] 跳过已转换: szqjl_2024-03-26_12_58_57_.rep
2025-12-08 15:19:21,964 - INFO - [1000/10119] 跳过已转换: szqjl_2024-03-26_13_49_19_.rep
2025-12-08 15:19:21,967 - INFO - [1001/10119] 跳过已转换: szqjl_2024-03-26_13_52_19_.rep
2025-12-08 15:19:21,970 - INFO - [1002/10119] 跳过已转换: szqjl_2024-03-26_13_55_15_.rep
2025-12-08 15:19:21,972 - INFO - [1003/10119] 跳过已转换: szqjl_2024-03-26_13_58_12_.rep
2025-12-08 15:19:21,974 - INFO - [1004/10119] 跳过已转换: szqjl_2024-03-26_14_02_42_.rep
2025-12-08 15:19:21,975 - INFO - [1005/10119] 跳过已转换: szqjl_2024-03-26_14_05_54_.rep
2025-12-08 15:19:21,977 - INFO - [1006/10119] 跳过已转换: szqjl_2024-03-26_14_08_53_.rep
2025-12-08 15:19:21,979 - INFO - [1007/10119] 跳过已转换: szqjl_2024-03-26_14_12_42_.rep
2025-12-08 15:19:21,981 - INFO - [1008/10119] 跳过已转换: szqjl_2024-03-26_14_16_04_.rep
2025-12-08 15:19:21,984 - INFO - [1009/10119] 跳过已转换: szqjl_2024-03-26_14_21_13_.rep
2025-12-08 15:19:21,986 - INFO - [1010/10119] 跳过已转换: szqjl_2024-03-26_14_24_32_.rep
2025-12-08 15:19:21,988 - INFO - [1011/10119] 跳过已转换: szqjl_2024-03-26_14_29_12_.rep
2025-12-08 15:19:21,991 - INFO - [1012/10119] 跳过已转换: szqjl_2024-03-26_15_52_34_.rep
2025-12-08 15:19:21,994 - INFO - [1013/10119] 跳过已转换: szqjl_2024-03-26_15_56_28_.rep
2025-12-08 15:19:21,996 - INFO - [1014/10119] 跳过已转换: szqjl_2024-03-26_16_00_32_.rep
2025-12-08 15:19:21,998 - INFO - [1015/10119] 跳过已转换: szqjl_2024-03-26_16_03_35_.rep
2025-12-08 15:19:22,001 - INFO - [1016/10119] 跳过已转换: szqjl_2024-03-26_16_07_19_.rep
2025-12-08 15:19:22,003 - INFO - [1017/10119] 跳过已转换: szqjl_2024-03-27_10_10_46_.rep
2025-12-08 15:19:22,006 - INFO - [1018/10119] 跳过已转换: szqjl_2024-03-27_10_14_32_.rep
2025-12-08 15:19:22,008 - INFO - [1019/10119] 跳过已转换: szqjl_2024-03-27_10_18_16_.rep
2025-12-08 15:19:22,011 - INFO - [1020/10119] 跳过已转换: szqjl_2024-03-27_10_22_15_.rep
2025-12-08 15:19:22,014 - INFO - [1021/10119] 跳过已转换: szqjl_2024-03-27_10_28_23_.rep
2025-12-08 15:19:22,017 - INFO - [1022/10119] 跳过已转换: szqjl_2024-03-27_10_32_34_.rep
2025-12-08 15:19:22,020 - INFO - [1023/10119] 跳过已转换: szqjl_2024-03-27_10_36_53_.rep
2025-12-08 15:19:22,022 - INFO - [1024/10119] 跳过已转换: szqjl_2024-03-27_10_39_56_.rep
2025-12-08 15:19:22,024 - INFO - [1025/10119] 跳过已转换: szqjl_2024-03-27_10_42_40_.rep
2025-12-08 15:19:22,027 - INFO - [1026/10119] 跳过已转换: szqjl_2024-03-27_10_47_58_.rep
2025-12-08 15:19:22,029 - INFO - [1027/10119] 跳过已转换: szqjl_2024-03-27_10_54_03_.rep
2025-12-08 15:19:22,031 - INFO - [1028/10119] 跳过已转换: szqjl_2024-03-27_10_57_52_.rep
2025-12-08 15:19:22,034 - INFO - [1029/10119] 跳过已转换: szqjl_2024-03-27_11_02_45_.rep
2025-12-08 15:19:22,036 - INFO - [1030/10119] 跳过已转换: szqjl_2024-03-27_11_33_56_.rep
2025-12-08 15:19:22,038 - INFO - [1031/10119] 跳过已转换: szqjl_2024-03-27_11_37_31_.rep
2025-12-08 15:19:22,040 - INFO - [1032/10119] 跳过已转换: szqjl_2024-03-27_11_42_16_.rep
2025-12-08 15:19:22,041 - INFO - [1033/10119] 跳过已转换: szqjl_2024-03-27_11_46_05_.rep
2025-12-08 15:19:22,043 - INFO - [1034/10119] 跳过已转换: szqjl_2024-03-27_11_50_06_.rep
2025-12-08 15:19:22,045 - INFO - [1035/10119] 跳过已转换: szqjl_2024-03-27_11_53_42_.rep
2025-12-08 15:19:22,046 - INFO - [1036/10119] 跳过已转换: szqjl_2024-03-27_11_57_15_.rep
2025-12-08 15:19:22,049 - INFO - [1037/10119] 跳过已转换: szqjl_2024-03-27_12_00_24_.rep
2025-12-08 15:19:22,052 - INFO - [1038/10119] 跳过已转换: szqjl_2024-03-27_12_03_24_.rep
2025-12-08 15:19:22,054 - INFO - [1039/10119] 跳过已转换: szqjl_2024-03-27_12_07_43_.rep
2025-12-08 15:19:22,057 - INFO - [1040/10119] 跳过已转换: szqjl_2024-03-27_12_12_22_.rep
2025-12-08 15:19:22,059 - INFO - [1041/10119] 跳过已转换: szqjl_2024-03-27_12_16_22_.rep
2025-12-08 15:19:22,061 - INFO - [1042/10119] 跳过已转换: szqjl_2024-03-27_12_20_10_.rep
2025-12-08 15:19:22,064 - INFO - [1043/10119] 跳过已转换: szqjl_2024-03-27_12_28_46_.rep
2025-12-08 15:19:22,066 - INFO - [1044/10119] 跳过已转换: szqjl_2024-03-27_12_33_26_.rep
2025-12-08 15:19:22,067 - INFO - [1045/10119] 跳过已转换: szqjl_2024-03-27_12_36_49_.rep
2025-12-08 15:19:22,069 - INFO - [1046/10119] 跳过已转换: szqjl_2024-03-27_12_40_27_.rep
2025-12-08 15:19:22,071 - INFO - [1047/10119] 跳过已转换: szqjl_2024-03-27_12_44_06_.rep
2025-12-08 15:19:22,074 - INFO - [1048/10119] 跳过已转换: szqjl_2024-03-27_12_47_56_.rep
2025-12-08 15:19:22,076 - INFO - [1049/10119] 跳过已转换: szqjl_2024-03-27_12_50_41_.rep
2025-12-08 15:19:22,078 - INFO - [1050/10119] 跳过已转换: szqjl_2024-03-27_12_53_33_.rep
2025-12-08 15:19:22,080 - INFO - [1051/10119] 跳过已转换: szqjl_2024-03-28_11_31_25_.rep
2025-12-08 15:19:22,082 - INFO - [1052/10119] 跳过已转换: szqjl_2024-03-28_11_35_13_.rep
2025-12-08 15:19:22,084 - INFO - [1053/10119] 跳过已转换: szqjl_2024-03-28_11_38_21_.rep
2025-12-08 15:19:22,086 - INFO - [1054/10119] 跳过已转换: szqjl_2024-03-28_11_42_13_.rep
2025-12-08 15:19:22,088 - INFO - [1055/10119] 跳过已转换: szqjl_2024-03-28_11_45_32_.rep
2025-12-08 15:19:22,090 - INFO - [1056/10119] 跳过已转换: szqjl_2024-03-28_11_48_49_.rep
2025-12-08 15:19:22,091 - INFO - [1057/10119] 跳过已转换: szqjl_2024-03-28_11_52_14_.rep
2025-12-08 15:19:22,093 - INFO - [1058/10119] 跳过已转换: szqjl_2024-03-28_11_57_34_.rep
2025-12-08 15:19:22,095 - INFO - [1059/10119] 跳过已转换: szqjl_2024-03-28_12_03_09_.rep
2025-12-08 15:19:22,097 - INFO - [1060/10119] 跳过已转换: szqjl_2024-03-28_12_06_58_.rep
2025-12-08 15:19:22,099 - INFO - [1061/10119] 跳过已转换: szqjl_2024-03-28_12_10_58_.rep
2025-12-08 15:19:22,101 - INFO - [1062/10119] 跳过已转换: szqjl_2024-03-28_12_14_17_.rep
2025-12-08 15:19:22,103 - INFO - [1063/10119] 跳过已转换: szqjl_2024-03-28_12_18_30_.rep
2025-12-08 15:19:22,105 - INFO - [1064/10119] 跳过已转换: szqjl_2024-03-28_12_22_09_.rep
2025-12-08 15:19:22,107 - INFO - [1065/10119] 跳过已转换: szqjl_2024-03-28_12_26_09_.rep
2025-12-08 15:19:22,109 - INFO - [1066/10119] 跳过已转换: szqjl_2024-03-28_12_29_53_.rep
2025-12-08 15:19:22,111 - INFO - [1067/10119] 跳过已转换: szqjl_2024-03-28_12_32_30_.rep
2025-12-08 15:19:22,114 - INFO - [1068/10119] 跳过已转换: szqjl_2024-03-28_12_38_46_.rep
2025-12-08 15:19:22,116 - INFO - [1069/10119] 跳过已转换: szqjl_2024-03-28_12_42_07_.rep
2025-12-08 15:19:22,119 - INFO - [1070/10119] 跳过已转换: szqjl_2024-03-28_12_46_03_.rep
2025-12-08 15:19:22,122 - INFO - [1071/10119] 跳过已转换: szqjl_2024-03-28_12_50_28_.rep
2025-12-08 15:19:22,124 - INFO - [1072/10119] 跳过已转换: szqjl_2024-03-28_12_54_39_.rep
2025-12-08 15:19:22,126 - INFO - [1073/10119] 跳过已转换: szqjl_2024-03-28_12_58_56_.rep
2025-12-08 15:19:22,128 - INFO - [1074/10119] 跳过已转换: szqjl_2024-03-28_13_04_10_.rep
2025-12-08 15:19:22,129 - INFO - [1075/10119] 跳过已转换: szqjl_2024-03-28_13_14_45_.rep
2025-12-08 15:19:22,131 - INFO - [1076/10119] 跳过已转换: szqjl_2024-03-28_13_19_04_.rep
2025-12-08 15:19:22,134 - INFO - [1077/10119] 跳过已转换: szqjl_2024-03-28_13_21_39_.rep
2025-12-08 15:19:22,135 - INFO - [1078/10119] 跳过已转换: szqjl_2024-03-28_13_24_47_.rep
2025-12-08 15:19:22,137 - INFO - [1079/10119] 跳过已转换: szqjl_2024-03-28_13_27_16_.rep
2025-12-08 15:19:22,140 - INFO - [1080/10119] 跳过已转换: szqjl_2024-03-28_13_29_57_.rep
2025-12-08 15:19:22,142 - INFO - [1081/10119] 跳过已转换: szqjl_2024-03-28_13_33_10_.rep
2025-12-08 15:19:22,144 - INFO - [1082/10119] 跳过已转换: szqjl_2024-03-28_13_37_00_.rep
2025-12-08 15:19:22,146 - INFO - [1083/10119] 跳过已转换: szqjl_2024-03-28_14_56_58_.rep
2025-12-08 15:19:22,148 - INFO - [1084/10119] 跳过已转换: szqjl_2024-03-28_15_01_00_.rep
2025-12-08 15:19:22,150 - INFO - [1085/10119] 跳过已转换: szqjl_2024-03-28_15_04_43_.rep
2025-12-08 15:19:22,152 - INFO - [1086/10119] 跳过已转换: szqjl_2024-03-28_15_08_38_.rep
2025-12-08 15:19:22,154 - INFO - [1087/10119] 跳过已转换: _2024-04-01_10_14_17.rep
2025-12-08 15:19:22,156 - INFO - [1088/10119] 跳过已转换: _2024-04-01_10_19_22.rep
2025-12-08 15:19:22,158 - INFO - [1089/10119] 跳过已转换: szqjl_2024-04-01_10_26_54_.rep
2025-12-08 15:19:22,161 - INFO - [1090/10119] 跳过已转换: szqjl_2024-04-01_10_30_46_.rep
2025-12-08 15:19:22,163 - INFO - [1091/10119] 跳过已转换: szqjl_2024-04-01_10_34_25_.rep
2025-12-08 15:19:22,164 - INFO - [1092/10119] 跳过已转换: szqjl_2024-04-01_10_38_13_.rep
2025-12-08 15:19:22,166 - INFO - [1093/10119] 跳过已转换: szqjl_2024-04-01_10_40_38_.rep
2025-12-08 15:19:22,169 - INFO - [1094/10119] 跳过已转换: szqjl_2024-04-01_10_43_58_.rep
2025-12-08 15:19:22,172 - INFO - [1095/10119] 跳过已转换: szqjl_2024-04-01_10_47_35_.rep
2025-12-08 15:19:22,174 - INFO - [1096/10119] 跳过已转换: szqjl_2024-04-01_10_51_59_.rep
2025-12-08 15:19:22,176 - INFO - [1097/10119] 跳过已转换: szqjl_2024-04-01_10_58_28_.rep
2025-12-08 15:19:22,178 - INFO - [1098/10119] 跳过已转换: szqjl_2024-04-01_11_03_06_.rep
2025-12-08 15:19:22,180 - INFO - [1099/10119] 跳过已转换: szqjl_2024-04-01_11_07_03_.rep
2025-12-08 15:19:22,182 - INFO - [1100/10119] 跳过已转换: szqjl_2024-04-01_11_09_42_.rep
2025-12-08 15:19:22,184 - INFO - [1101/10119] 跳过已转换: szqjl_2024-04-01_12_10_42_.rep
2025-12-08 15:19:22,186 - INFO - [1102/10119] 跳过已转换: szqjl_2024-04-01_12_14_06_.rep
2025-12-08 15:19:22,188 - INFO - [1103/10119] 跳过已转换: szqjl_2024-04-01_12_17_11_.rep
2025-12-08 15:19:22,190 - INFO - [1104/10119] 跳过已转换: szqjl_2024-04-01_12_21_45_.rep
2025-12-08 15:19:22,192 - INFO - [1105/10119] 跳过已转换: szqjl_2024-04-01_12_24_41_.rep
2025-12-08 15:19:22,194 - INFO - [1106/10119] 跳过已转换: szqjl_2024-04-01_12_26_59_.rep
2025-12-08 15:19:22,195 - INFO - [1107/10119] 跳过已转换: szqjl_2024-04-01_12_31_27_.rep
2025-12-08 15:19:22,197 - INFO - [1108/10119] 跳过已转换: szqjl_2024-04-01_12_35_22_.rep
2025-12-08 15:19:22,199 - INFO - [1109/10119] 跳过已转换: szqjl_2024-04-01_12_39_50_.rep
2025-12-08 15:19:22,201 - INFO - [1110/10119] 跳过已转换: szqjl_2024-04-01_12_43_15_.rep
2025-12-08 15:19:22,204 - INFO - [1111/10119] 跳过已转换: szqjl_2024-04-01_12_46_40_.rep
2025-12-08 15:19:22,206 - INFO - [1112/10119] 跳过已转换: szqjl_2024-04-01_12_49_32_.rep
2025-12-08 15:19:22,207 - INFO - [1113/10119] 跳过已转换: szqjl_2024-04-01_12_54_06_.rep
2025-12-08 15:19:22,210 - INFO - [1114/10119] 跳过已转换: szqjl_2024-04-01_12_58_56_.rep
2025-12-08 15:19:22,212 - INFO - [1115/10119] 跳过已转换: szqjl_2024-04-01_13_02_11_.rep
2025-12-08 15:19:22,213 - INFO - [1116/10119] 跳过已转换: szqjl_2024-04-01_13_06_43_.rep
2025-12-08 15:19:22,215 - INFO - [1117/10119] 跳过已转换: szqjl_2024-04-01_13_10_38_.rep
2025-12-08 15:19:22,218 - INFO - [1118/10119] 跳过已转换: szqjl_2024-04-01_13_13_42_.rep
2025-12-08 15:19:22,220 - INFO - [1119/10119] 跳过已转换: szqjl_2024-04-01_14_44_24_.rep
2025-12-08 15:19:22,222 - INFO - [1120/10119] 跳过已转换: szqjl_2024-04-01_14_48_58_.rep
2025-12-08 15:19:22,225 - INFO - [1121/10119] 跳过已转换: szqjl_2024-04-01_14_53_04_.rep
2025-12-08 15:19:22,227 - INFO - [1122/10119] 跳过已转换: szqjl_2024-04-01_15_00_46_.rep
2025-12-08 15:19:22,230 - INFO - [1123/10119] 跳过已转换: szqjl_2024-04-01_15_05_32_.rep
2025-12-08 15:19:22,233 - INFO - [1124/10119] 跳过已转换: szqjl_2024-04-01_15_08_44_.rep
2025-12-08 15:19:22,235 - INFO - [1125/10119] 跳过已转换: szqjl_2024-04-01_15_12_57_.rep
2025-12-08 15:19:22,237 - INFO - [1126/10119] 跳过已转换: szqjl_2024-04-01_15_16_16_.rep
2025-12-08 15:19:22,239 - INFO - [1127/10119] 跳过已转换: szqjl_2024-04-01_15_22_59_.rep
2025-12-08 15:19:22,241 - INFO - [1128/10119] 跳过已转换: szqjl_2024-04-01_15_26_21_.rep
2025-12-08 15:19:22,243 - INFO - [1129/10119] 跳过已转换: szqjl_2024-04-01_15_29_36_.rep
2025-12-08 15:19:22,244 - INFO - [1130/10119] 跳过已转换: szqjl_2024-04-01_15_33_45_.rep
2025-12-08 15:19:22,247 - INFO - [1131/10119] 跳过已转换: szqjl_2024-04-01_15_38_32_.rep
2025-12-08 15:19:22,248 - INFO - [1132/10119] 跳过已转换: szqjl_2024-04-01_15_42_03_.rep
2025-12-08 15:19:22,250 - INFO - [1133/10119] 跳过已转换: szqjl_2024-04-01_15_45_04_.rep
2025-12-08 15:19:22,252 - INFO - [1134/10119] 跳过已转换: szqjl_2024-04-01_15_48_24_.rep
2025-12-08 15:19:22,254 - INFO - [1135/10119] 跳过已转换: szqjl_2024-04-01_15_52_20_.rep
2025-12-08 15:19:22,257 - INFO - [1136/10119] 跳过已转换: szqjl_2024-04-01_15_56_42_.rep
2025-12-08 15:19:22,258 - INFO - [1137/10119] 跳过已转换: szqjl_2024-04-01_15_59_52_.rep
2025-12-08 15:19:22,260 - INFO - [1138/10119] 跳过已转换: szqjl_2024-04-01_16_26_31_.rep
2025-12-08 15:19:22,263 - INFO - [1139/10119] 跳过已转换: szqjl_2024-04-01_16_29_41_.rep
2025-12-08 15:19:22,265 - INFO - [1140/10119] 跳过已转换: szqjl_2024-04-01_16_34_10_.rep
2025-12-08 15:19:22,267 - INFO - [1141/10119] 跳过已转换: szqjl_2024-04-01_16_36_40_.rep
2025-12-08 15:19:22,269 - INFO - [1142/10119] 跳过已转换: szqjl_2024-04-01_16_39_35_.rep
2025-12-08 15:19:22,270 - INFO - [1143/10119] 跳过已转换: szqjl_2024-04-01_16_42_57_.rep
2025-12-08 15:19:22,273 - INFO - [1144/10119] 跳过已转换: szqjl_2024-04-01_16_46_22_.rep
2025-12-08 15:19:22,275 - INFO - [1145/10119] 跳过已转换: szqjl_2024-04-02_09_00_32_.rep
2025-12-08 15:19:22,277 - INFO - [1146/10119] 跳过已转换: szqjl_2024-04-02_09_03_16_.rep
2025-12-08 15:19:22,279 - INFO - [1147/10119] 跳过已转换: szqjl_2024-04-02_09_06_18_.rep
2025-12-08 15:19:22,281 - INFO - [1148/10119] 跳过已转换: szqjl_2024-04-02_09_09_10_.rep
2025-12-08 15:19:22,283 - INFO - [1149/10119] 跳过已转换: szqjl_2024-04-02_09_12_41_.rep
2025-12-08 15:19:22,285 - INFO - [1150/10119] 跳过已转换: szqjl_2024-04-02_09_16_11_.rep
2025-12-08 15:19:22,287 - INFO - [1151/10119] 跳过已转换: szqjl_2024-04-02_09_19_39_.rep
2025-12-08 15:19:22,289 - INFO - [1152/10119] 跳过已转换: szqjl_2024-04-02_09_22_56_.rep
2025-12-08 15:19:22,291 - INFO - [1153/10119] 跳过已转换: szqjl_2024-04-02_09_27_45_.rep
2025-12-08 15:19:22,294 - INFO - [1154/10119] 跳过已转换: szqjl_2024-04-02_09_29_59_.rep
2025-12-08 15:19:22,296 - INFO - [1155/10119] 跳过已转换: szqjl_2024-04-02_09_35_01_.rep
2025-12-08 15:19:22,298 - INFO - [1156/10119] 跳过已转换: szqjl_2024-04-02_09_39_47_.rep
2025-12-08 15:19:22,301 - INFO - [1157/10119] 跳过已转换: szqjl_2024-04-02_09_43_47_.rep
2025-12-08 15:19:22,303 - INFO - [1158/10119] 跳过已转换: szqjl_2024-04-02_09_48_54_.rep
2025-12-08 15:19:22,305 - INFO - [1159/10119] 跳过已转换: szqjl_2024-04-02_09_54_51_.rep
2025-12-08 15:19:22,307 - INFO - [1160/10119] 跳过已转换: szqjl_2024-04-02_09_58_57_.rep
2025-12-08 15:19:22,309 - INFO - [1161/10119] 跳过已转换: szqjl_2024-04-02_10_03_23_.rep
2025-12-08 15:19:22,311 - INFO - [1162/10119] 跳过已转换: szqjl_2024-04-02_10_07_38_.rep
2025-12-08 15:19:22,314 - INFO - [1163/10119] 跳过已转换: szqjl_2024-04-02_10_10_53_.rep
2025-12-08 15:19:22,316 - INFO - [1164/10119] 跳过已转换: szqjl_2024-04-02_10_15_40_.rep
2025-12-08 15:19:22,319 - INFO - [1165/10119] 跳过已转换: szqjl_2024-04-02_10_19_30_.rep
2025-12-08 15:19:22,321 - INFO - [1166/10119] 跳过已转换: szqjl_2024-04-02_12_05_21_.rep
2025-12-08 15:19:22,323 - INFO - [1167/10119] 跳过已转换: szqjl_2024-04-02_12_08_50_.rep
2025-12-08 15:19:22,325 - INFO - [1168/10119] 跳过已转换: szqjl_2024-04-02_12_13_41_.rep
2025-12-08 15:19:22,329 - INFO - [1169/10119] 跳过已转换: szqjl_2024-04-02_12_17_56_.rep
2025-12-08 15:19:22,331 - INFO - [1170/10119] 跳过已转换: szqjl_2024-04-02_12_22_20_.rep
2025-12-08 15:19:22,333 - INFO - [1171/10119] 跳过已转换: szqjl_2024-04-02_12_25_58_.rep
2025-12-08 15:19:22,336 - INFO - [1172/10119] 跳过已转换: szqjl_2024-04-02_12_28_16_.rep
2025-12-08 15:19:22,337 - INFO - [1173/10119] 跳过已转换: szqjl_2024-04-02_12_31_19_.rep
2025-12-08 15:19:22,339 - INFO - [1174/10119] 跳过已转换: szqjl_2024-04-02_12_35_18_.rep
2025-12-08 15:19:22,341 - INFO - [1175/10119] 跳过已转换: szqjl_2024-04-02_12_40_11_.rep
2025-12-08 15:19:22,343 - INFO - [1176/10119] 跳过已转换: szqjl_2024-04-02_12_42_51_.rep
2025-12-08 15:19:22,345 - INFO - [1177/10119] 跳过已转换: szqjl_2024-04-02_12_44_58_.rep
2025-12-08 15:19:22,347 - INFO - [1178/10119] 跳过已转换: szqjl_2024-04-02_12_47_52_.rep
2025-12-08 15:19:22,349 - INFO - [1179/10119] 跳过已转换: szqjl_2024-04-02_12_51_02_.rep
2025-12-08 15:19:22,352 - INFO - [1180/10119] 跳过已转换: szqjl_2024-04-02_12_53_39_.rep
2025-12-08 15:19:22,354 - INFO - [1181/10119] 跳过已转换: szqjl_2024-04-02_12_56_39_.rep
2025-12-08 15:19:22,357 - INFO - [1182/10119] 跳过已转换: szqjl_2024-04-02_13_00_54_.rep
2025-12-08 15:19:22,359 - INFO - [1183/10119] 跳过已转换: szqjl_2024-04-02_15_46_43_.rep
2025-12-08 15:19:22,361 - INFO - [1184/10119] 跳过已转换: szqjl_2024-04-02_15_50_30_.rep
2025-12-08 15:19:22,363 - INFO - [1185/10119] 跳过已转换: szqjl_2024-04-02_15_54_07_.rep
2025-12-08 15:19:22,366 - INFO - [1186/10119] 跳过已转换: szqjl_2024-04-02_15_56_35_.rep
2025-12-08 15:19:22,368 - INFO - [1187/10119] 跳过已转换: szqjl_2024-04-02_16_00_35_.rep
2025-12-08 15:19:22,370 - INFO - [1188/10119] 跳过已转换: szqjl_2024-04-02_16_04_35_.rep
2025-12-08 15:19:22,372 - INFO - [1189/10119] 跳过已转换: szqjl_2024-04-02_16_07_42_.rep
2025-12-08 15:19:22,375 - INFO - [1190/10119] 跳过已转换: szqjl_2024-04-02_16_10_35_.rep
2025-12-08 15:19:22,376 - INFO - [1191/10119] 跳过已转换: szqjl_2024-04-02_16_13_42_.rep
2025-12-08 15:19:22,379 - INFO - [1192/10119] 跳过已转换: szqjl_2024-04-03_12_27_13_.rep
2025-12-08 15:19:22,381 - INFO - [1193/10119] 跳过已转换: szqjl_2024-04-03_12_29_58_.rep
2025-12-08 15:19:22,384 - INFO - [1194/10119] 跳过已转换: szqjl_2024-04-03_12_35_27_.rep
2025-12-08 15:19:22,387 - INFO - [1195/10119] 跳过已转换: szqjl_2024-04-03_12_39_18_.rep
2025-12-08 15:19:22,389 - INFO - [1196/10119] 跳过已转换: szqjl_2024-04-03_12_42_01_.rep
2025-12-08 15:19:22,391 - INFO - [1197/10119] 跳过已转换: szqjl_2024-04-03_12_44_39_.rep
2025-12-08 15:19:22,393 - INFO - [1198/10119] 跳过已转换: szqjl_2024-04-03_12_48_05_.rep
2025-12-08 15:19:22,394 - INFO - [1199/10119] 跳过已转换: szqjl_2024-04-03_12_51_22_.rep
2025-12-08 15:19:22,397 - INFO - [1200/10119] 跳过已转换: szqjl_2024-04-03_12_54_13_.rep
2025-12-08 15:19:22,398 - INFO - [1201/10119] 跳过已转换: szqjl_2024-04-03_12_57_33_.rep
2025-12-08 15:19:22,400 - INFO - [1202/10119] 跳过已转换: szqjl_2024-04-03_13_04_43_.rep
2025-12-08 15:19:22,402 - INFO - [1203/10119] 跳过已转换: szqjl_2024-04-03_13_07_57_.rep
2025-12-08 15:19:22,405 - INFO - [1204/10119] 跳过已转换: szqjl_2024-04-03_13_12_11_.rep
2025-12-08 15:19:22,407 - INFO - [1205/10119] 跳过已转换: szqjl_2024-04-03_13_15_19_.rep
2025-12-08 15:19:22,409 - INFO - [1206/10119] 跳过已转换: szqjl_2024-04-03_13_18_39_.rep
2025-12-08 15:19:22,411 - INFO - [1207/10119] 跳过已转换: szqjl_2024-04-03_13_22_00_.rep
2025-12-08 15:19:22,414 - INFO - [1208/10119] 跳过已转换: szqjl_2024-04-03_13_25_48_.rep
2025-12-08 15:19:22,415 - INFO - [1209/10119] 跳过已转换: szqjl_2024-04-03_13_29_21_.rep
2025-12-08 15:19:22,417 - INFO - [1210/10119] 跳过已转换: szqjl_2024-04-03_13_32_44_.rep
2025-12-08 15:19:22,419 - INFO - [1211/10119] 跳过已转换: szqjl_2024-04-03_13_36_03_.rep
2025-12-08 15:19:22,421 - INFO - [1212/10119] 跳过已转换: szqjl_2024-04-03_13_40_13_.rep
2025-12-08 15:19:22,423 - INFO - [1213/10119] 跳过已转换: szqjl_2024-04-03_13_42_53_.rep
2025-12-08 15:19:22,426 - INFO - [1214/10119] 跳过已转换: szqjl_2024-04-03_13_46_39_.rep
2025-12-08 15:19:22,428 - INFO - [1215/10119] 跳过已转换: szqjl_2024-04-03_13_50_09_.rep
2025-12-08 15:19:22,430 - INFO - [1216/10119] 跳过已转换: szqjl_2024-04-03_13_53_37_.rep
2025-12-08 15:19:22,432 - INFO - [1217/10119] 跳过已转换: szqjl_2024-04-03_13_56_31_.rep
2025-12-08 15:19:22,434 - INFO - [1218/10119] 跳过已转换: szqjl_2024-04-03_13_59_11_.rep
2025-12-08 15:19:22,437 - INFO - [1219/10119] 跳过已转换: szqjl_2024-04-03_16_06_10_.rep
2025-12-08 15:19:22,439 - INFO - [1220/10119] 跳过已转换: szqjl_2024-04-03_16_09_10_.rep
2025-12-08 15:19:22,441 - INFO - [1221/10119] 跳过已转换: szqjl_2024-04-03_16_12_07_.rep
2025-12-08 15:19:22,443 - INFO - [1222/10119] 跳过已转换: szqjl_2024-04-03_16_15_12_.rep
2025-12-08 15:19:22,445 - INFO - [1223/10119] 跳过已转换: szqjl_2024-04-03_16_19_15_.rep
2025-12-08 15:19:22,447 - INFO - [1224/10119] 跳过已转换: szqjl_2024-04-03_16_22_18_.rep
2025-12-08 15:19:22,450 - INFO - [1225/10119] 跳过已转换: szqjl_2024-04-03_16_25_24_.rep
2025-12-08 15:19:22,452 - INFO - [1226/10119] 跳过已转换: szqjl_2024-04-03_16_28_49_.rep
2025-12-08 15:19:22,455 - INFO - [1227/10119] 跳过已转换: szqjl_2024-04-03_16_32_32_.rep
2025-12-08 15:19:22,457 - INFO - [1228/10119] 跳过已转换: szqjl_2024-04-03_16_35_33_.rep
2025-12-08 15:19:22,459 - INFO - [1229/10119] 跳过已转换: szqjl_2024-04-12_12_39_02_.rep
2025-12-08 15:19:22,461 - INFO - [1230/10119] 跳过已转换: szqjl_2024-04-12_12_43_58_.rep
2025-12-08 15:19:22,462 - INFO - [1231/10119] 跳过已转换: szqjl_2024-04-12_12_48_40_.rep
2025-12-08 15:19:22,464 - INFO - [1232/10119] 跳过已转换: szqjl_2024-04-12_12_52_41_.rep
2025-12-08 15:19:22,466 - INFO - [1233/10119] 跳过已转换: szqjl_2024-04-12_12_56_03_.rep
2025-12-08 15:19:22,467 - INFO - [1234/10119] 跳过已转换: szqjl_2024-04-12_12_58_41_.rep
2025-12-08 15:19:22,469 - INFO - [1235/10119] 跳过已转换: szqjl_2024-04-12_13_08_09_.rep
2025-12-08 15:19:22,471 - INFO - [1236/10119] 跳过已转换: szqjl_2024-04-12_13_11_59_.rep
2025-12-08 15:19:22,474 - INFO - [1237/10119] 跳过已转换: szqjl_2024-04-12_13_15_39_.rep
2025-12-08 15:19:22,476 - INFO - [1238/10119] 跳过已转换: szqjl_2024-04-12_13_19_19_.rep
2025-12-08 15:19:22,478 - INFO - [1239/10119] 跳过已转换: szqjl_2024-04-12_13_22_46_.rep
2025-12-08 15:19:22,480 - INFO - [1240/10119] 跳过已转换: szqjl_2024-04-12_13_26_16_.rep
2025-12-08 15:19:22,483 - INFO - [1241/10119] 跳过已转换: szqjl_2024-04-12_13_30_36_.rep
2025-12-08 15:19:22,485 - INFO - [1242/10119] 跳过已转换: szqjl_2024-04-12_13_34_23_.rep
2025-12-08 15:19:22,487 - INFO - [1243/10119] 跳过已转换: szqjl_2024-04-12_13_38_36_.rep
2025-12-08 15:19:22,489 - INFO - [1244/10119] 跳过已转换: szqjl_2024-04-12_13_42_48_.rep
2025-12-08 15:19:22,491 - INFO - [1245/10119] 跳过已转换: szqjl_2024-04-12_13_46_34_.rep
2025-12-08 15:19:22,493 - INFO - [1246/10119] 跳过已转换: szqjl_2024-04-12_13_52_23_.rep
2025-12-08 15:19:22,495 - INFO - [1247/10119] 跳过已转换: szqjl_2024-04-12_13_56_18_.rep
2025-12-08 15:19:22,497 - INFO - [1248/10119] 跳过已转换: szqjl_2024-04-12_13_59_33_.rep
2025-12-08 15:19:22,499 - INFO - [1249/10119] 跳过已转换: szqjl_2024-04-12_14_36_08_.rep
2025-12-08 15:19:22,501 - INFO - [1250/10119] 跳过已转换: szqjl_2024-04-12_14_40_15_.rep
2025-12-08 15:19:22,504 - INFO - [1251/10119] 跳过已转换: szqjl_2024-04-12_14_45_38_.rep
2025-12-08 15:19:22,506 - INFO - [1252/10119] 跳过已转换: szqjl_2024-04-12_14_49_44_.rep
2025-12-08 15:19:22,508 - INFO - [1253/10119] 跳过已转换: szqjl_2024-04-12_14_52_55_.rep
2025-12-08 15:19:22,510 - INFO - [1254/10119] 跳过已转换: szqjl_2024-04-12_14_57_22_.rep
2025-12-08 15:19:22,512 - INFO - [1255/10119] 跳过已转换: szqjl_2024-04-12_15_01_47_.rep
2025-12-08 15:19:22,514 - INFO - [1256/10119] 跳过已转换: szqjl_2024-04-12_15_05_57_.rep
2025-12-08 15:19:22,517 - INFO - [1257/10119] 跳过已转换: szqjl_2024-04-12_15_11_23_.rep
2025-12-08 15:19:22,519 - INFO - [1258/10119] 跳过已转换: szqjl_2024-04-12_15_15_08_.rep
2025-12-08 15:19:22,521 - INFO - [1259/10119] 跳过已转换: szqjl_2024-04-12_15_18_21_.rep
2025-12-08 15:19:22,524 - INFO - [1260/10119] 跳过已转换: szqjl_2024-04-12_15_21_40_.rep
2025-12-08 15:19:22,525 - INFO - [1261/10119] 跳过已转换: szqjl_2024-04-12_15_24_57_.rep
2025-12-08 15:19:22,528 - INFO - [1262/10119] 跳过已转换: szqjl_2024-04-15_10_03_00_.rep
2025-12-08 15:19:22,530 - INFO - [1263/10119] 跳过已转换: szqjl_2024-04-15_10_06_01_.rep
2025-12-08 15:19:22,533 - INFO - [1264/10119] 跳过已转换: szqjl_2024-04-15_10_08_33_.rep
2025-12-08 15:19:22,535 - INFO - [1265/10119] 跳过已转换: szqjl_2024-04-15_10_17_39_.rep
2025-12-08 15:19:22,537 - INFO - [1266/10119] 跳过已转换: szqjl_2024-04-15_10_22_14_.rep
2025-12-08 15:19:22,539 - INFO - [1267/10119] 跳过已转换: szqjl_2024-04-15_10_27_45_.rep
2025-12-08 15:19:22,541 - INFO - [1268/10119] 跳过已转换: szqjl_2024-04-15_10_34_04_.rep
2025-12-08 15:19:22,543 - INFO - [1269/10119] 跳过已转换: szqjl_2024-04-15_10_40_10_.rep
2025-12-08 15:19:22,546 - INFO - [1270/10119] 跳过已转换: szqjl_2024-04-15_10_45_09_.rep
2025-12-08 15:19:22,549 - INFO - [1271/10119] 跳过已转换: szqjl_2024-04-15_11_43_42_.rep
2025-12-08 15:19:22,551 - INFO - [1272/10119] 跳过已转换: szqjl_2024-04-15_11_46_35_.rep
2025-12-08 15:19:22,553 - INFO - [1273/10119] 跳过已转换: szqjl_2024-04-15_11_49_42_.rep
2025-12-08 15:19:22,555 - INFO - [1274/10119] 跳过已转换: szqjl_2024-04-15_11_52_29_.rep
2025-12-08 15:19:22,557 - INFO - [1275/10119] 跳过已转换: szqjl_2024-04-15_11_56_11_.rep
2025-12-08 15:19:22,560 - INFO - [1276/10119] 跳过已转换: szqjl_2024-04-15_12_00_12_.rep
2025-12-08 15:19:22,563 - INFO - [1277/10119] 跳过已转换: szqjl_2024-04-15_12_03_58_.rep
2025-12-08 15:19:22,564 - INFO - [1278/10119] 跳过已转换: szqjl_2024-04-15_12_07_42_.rep
2025-12-08 15:19:22,566 - INFO - [1279/10119] 跳过已转换: szqjl_2024-04-15_12_11_27_.rep
2025-12-08 15:19:22,569 - INFO - [1280/10119] 跳过已转换: szqjl_2024-04-15_12_15_30_.rep
2025-12-08 15:19:22,571 - INFO - [1281/10119] 跳过已转换: szqjl_2024-04-15_12_18_46_.rep
2025-12-08 15:19:22,573 - INFO - [1282/10119] 跳过已转换: szqjl_2024-04-15_12_23_03_.rep
2025-12-08 15:19:22,576 - INFO - [1283/10119] 跳过已转换: szqjl_2024-04-15_12_27_29_.rep
2025-12-08 15:19:22,578 - INFO - [1284/10119] 跳过已转换: szqjl_2024-04-15_12_31_18_.rep
2025-12-08 15:19:22,580 - INFO - [1285/10119] 跳过已转换: szqjl_2024-04-15_12_34_22_.rep
2025-12-08 15:19:22,583 - INFO - [1286/10119] 跳过已转换: szqjl_2024-04-15_12_37_53_.rep
2025-12-08 15:19:22,585 - INFO - [1287/10119] 跳过已转换: szqjl_2024-04-15_12_41_49_.rep
2025-12-08 15:19:22,588 - INFO - [1288/10119] 跳过已转换: szqjl_2024-04-15_12_46_03_.rep
2025-12-08 15:19:22,589 - INFO - [1289/10119] 跳过已转换: szqjl_2024-04-15_12_49_43_.rep
2025-12-08 15:19:22,591 - INFO - [1290/10119] 跳过已转换: szqjl_2024-04-15_15_23_25_.rep
2025-12-08 15:19:22,593 - INFO - [1291/10119] 跳过已转换: szqjl_2024-04-15_15_27_22_.rep
2025-12-08 15:19:22,595 - INFO - [1292/10119] 跳过已转换: szqjl_2024-04-15_15_30_07_.rep
2025-12-08 15:19:22,597 - INFO - [1293/10119] 跳过已转换: szqjl_2024-04-15_15_33_30_.rep
2025-12-08 15:19:22,599 - INFO - [1294/10119] 跳过已转换: szqjl_2024-04-15_15_36_24_.rep
2025-12-08 15:19:22,602 - INFO - [1295/10119] 跳过已转换: szqjl_2024-04-15_15_39_30_.rep
2025-12-08 15:19:22,605 - INFO - [1296/10119] 跳过已转换: szqjl_2024-04-15_15_42_58_.rep
2025-12-08 15:19:22,607 - INFO - [1297/10119] 跳过已转换: szqjl_2024-04-15_15_46_50_.rep
2025-12-08 15:19:22,610 - INFO - [1298/10119] 跳过已转换: szqjl_2024-04-15_15_49_32_.rep
2025-12-08 15:19:22,611 - INFO - [1299/10119] 跳过已转换: szqjl_2024-04-15_15_53_28_.rep
2025-12-08 15:19:22,613 - INFO - [1300/10119] 跳过已转换: szqjl_2024-04-15_15_56_15_.rep
2025-12-08 15:19:22,615 - INFO - [1301/10119] 跳过已转换: szqjl_2024-04-15_16_00_17_.rep
2025-12-08 15:19:22,618 - INFO - [1302/10119] 跳过已转换: szqjl_2024-04-15_16_03_28_.rep
2025-12-08 15:19:22,621 - INFO - [1303/10119] 转换: szqjl_2024-04-15_16_06_36_.rep (已处理: 1, 已转换: 0)
2025-12-08 15:19:22,656 - INFO -   ✓ 成功: 17 个样本, 2 个玩家
2025-12-08 15:19:22,660 - INFO - [1304/10119] 转换: szqjl_2024-04-15_16_11_04_.rep (已处理: 2, 已转换: 1)
2025-12-08 15:19:22,683 - INFO -   ✓ 成功: 22 个样本, 2 个玩家
2025-12-08 15:19:22,686 - INFO - [1305/10119] 转换: szqjl_2024-04-15_16_14_29_.rep (已处理: 3, 已转换: 2)
2025-12-08 15:19:22,697 - INFO -   ✓ 成功: 20 个样本, 2 个玩家
2025-12-08 15:19:22,700 - INFO - [1306/10119] 转换: szqjl_2024-04-15_16_17_35_.rep (已处理: 4, 已转换: 3)
2025-12-08 15:19:22,711 - INFO -   ✓ 成功: 16 个样本, 2 个玩家
2025-12-08 15:19:22,713 - INFO - [1307/10119] 转换: szqjl_2024-04-15_16_22_10_.rep (已处理: 5, 已转换: 4)
2025-12-08 15:19:22,724 - INFO -   ✓ 成功: 18 个样本, 2 个玩家
2025-12-08 15:19:22,727 - INFO - [1308/10119] 转换: szqjl_2024-04-15_16_26_40_.rep (已处理: 6, 已转换: 5)
2025-12-08 15:19:22,740 - INFO -   ✓ 成功: 16 个样本, 2 个玩家
2025-12-08 15:19:22,742 - INFO - [1309/10119] 转换: szqjl_2024-04-16_10_34_08_.rep (已处理: 7, 已转换: 6)
2025-12-08 15:19:22,753 - INFO -   ✓ 成功: 20 个样本, 2 个玩家
2025-12-08 15:19:22,756 - INFO - [1310/10119] 转换: szqjl_2024-04-16_10_37_46_.rep (已处理: 8, 已转换: 7)
2025-12-08 15:19:22,767 - INFO -   ✓ 成功: 18 个样本, 2 个玩家
2025-12-08 15:19:22,770 - INFO - [1311/10119] 转换: szqjl_2024-04-16_10_41_36_.rep (已处理: 9, 已转换: 8)
2025-12-08 15:19:22,781 - INFO -   ✓ 成功: 21 个样本, 2 个玩家
2025-12-08 15:19:22,784 - INFO - [1312/10119] 转换: szqjl_2024-04-16_10_45_30_.rep (已处理: 10, 已转换: 9)
2025-12-08 15:19:22,794 - INFO -   ✓ 成功: 18 个样本, 2 个玩家
2025-12-08 15:19:22,797 - INFO - [1313/10119] 转换: szqjl_2024-04-16_10_49_38_.rep (已处理: 11, 已转换: 10)
2025-12-08 15:19:22,808 - INFO -   ✓ 成功: 23 个样本, 2 个玩家
2025-12-08 15:19:22,810 - INFO - [1314/10119] 转换: szqjl_2024-04-16_10_53_52_.rep (已处理: 12, 已转换: 11)
2025-12-08 15:19:22,822 - INFO -   ✓ 成功: 23 个样本, 2 个玩家
2025-12-08 15:19:22,825 - INFO - [1315/10119] 转换: szqjl_2024-04-16_10_57_23_.rep (已处理: 13, 已转换: 12)
2025-12-08 15:19:22,835 - INFO -   ✓ 成功: 18 个样本, 2 个玩家
2025-12-08 15:19:22,838 - INFO - [1316/10119] 转换: szqjl_2024-04-16_11_03_50_.rep (已处理: 14, 已转换: 13)
2025-12-08 15:19:22,848 - INFO -   ✓ 成功: 18 个样本, 2 个玩家
2025-12-08 15:19:22,851 - INFO - [1317/10119] 转换: szqjl_2024-04-16_11_10_56_.rep (已处理: 15, 已转换: 14)
2025-12-08 15:19:22,862 - INFO -   ✓ 成功: 18 个样本, 2 个玩家
2025-12-08 15:19:22,865 - INFO - [1318/10119] 转换: szqjl_2024-04-16_11_13_41_.rep (已处理: 16, 已转换: 15)
2025-12-08 15:19:22,869 - INFO -   ✓ 成功: 16 个样本, 2 个玩家
2025-12-08 15:19:22,872 - INFO - [1319/10119] 转换: szqjl_2024-04-16_12_02_46_.rep (已处理: 17, 已转换: 16)
2025-12-08 15:19:22,882 - INFO -   ✓ 成功: 22 个样本, 2 个玩家
2025-12-08 15:19:22,885 - INFO - [1320/10119] 转换: szqjl_2024-04-16_12_06_25_.rep (已处理: 18, 已转换: 17)
2025-12-08 15:19:22,895 - INFO -   ✓ 成功: 21 个样本, 2 个玩家
2025-12-08 15:19:22,898 - INFO - [1321/10119] 转换: szqjl_2024-04-16_12_09_29_.rep (已处理: 19, 已转换: 18)
2025-12-08 15:19:22,909 - INFO -   ✓ 成功: 20 个样本, 2 个玩家
2025-12-08 15:19:22,912 - INFO - [1322/10119] 转换: szqjl_2024-04-16_12_13_37_.rep (已处理: 20, 已转换: 19)
2025-12-08 15:19:22,922 - INFO -   ✓ 成功: 21 个样本, 2 个玩家
2025-12-08 15:19:22,925 - INFO - [1323/10119] 转换: szqjl_2024-04-16_12_16_55_.rep (已处理: 21, 已转换: 20)
2025-12-08 15:19:22,935 - INFO -   ✓ 成功: 19 个样本, 2 个玩家
2025-12-08 15:19:22,938 - INFO - [1324/10119] 转换: szqjl_2024-04-16_12_20_22_.rep (已处理: 22, 已转换: 21)
2025-12-08 15:19:22,942 - INFO -   ✓ 成功: 17 个样本, 2 个玩家
2025-12-08 15:19:22,945 - INFO - [1325/10119] 转换: szqjl_2024-04-16_12_23_52_.rep (已处理: 23, 已转换: 22)
2025-12-08 15:19:22,955 - INFO -   ✓ 成功: 23 个样本, 2 个玩家
2025-12-08 15:19:22,958 - INFO - [1326/10119] 转换: szqjl_2024-04-16_12_27_28_.rep (已处理: 24, 已转换: 23)
2025-12-08 15:19:22,968 - INFO -   ✓ 成功: 17 个样本, 2 个玩家
2025-12-08 15:19:22,971 - INFO - [1327/10119] 转换: szqjl_2024-04-16_12_38_41_.rep (已处理: 25, 已转换: 24)
2025-12-08 15:19:22,982 - INFO -   ✓ 成功: 19 个样本, 2 个玩家
2025-12-08 15:19:22,985 - INFO - [1328/10119] 转换: szqjl_2024-04-16_12_41_08_.rep (已处理: 26, 已转换: 25)
2025-12-08 15:19:22,995 - INFO -   ✓ 成功: 20 个样本, 2 个玩家
2025-12-08 15:19:22,998 - INFO - [1329/10119] 转换: szqjl_2024-04-16_12_44_47_.rep (已处理: 27, 已转换: 26)
2025-12-08 15:19:23,009 - INFO -   ✓ 成功: 18 个样本, 2 个玩家
2025-12-08 15:19:23,012 - INFO - [1330/10119] 转换: szqjl_2024-04-16_12_51_32_.rep (已处理: 28, 已转换: 27)
2025-12-08 15:19:23,022 - INFO -   ✓ 成功: 20 个样本, 2 个玩家
2025-12-08 15:19:23,025 - INFO - [1331/10119] 转换: szqjl_2024-04-16_12_55_05_.rep (已处理: 29, 已转换: 28)
2025-12-08 15:19:23,035 - INFO -   ✓ 成功: 22 个样本, 2 个玩家
2025-12-08 15:19:23,038 - INFO - [1332/10119] 转换: szqjl_2024-04-16_12_57_55_.rep (已处理: 30, 已转换: 29)
2025-12-08 15:19:23,048 - INFO -   ✓ 成功: 20 个样本, 2 个玩家
2025-12-08 15:19:23,051 - INFO - [1333/10119] 转换: szqjl_2024-04-16_13_02_13_.rep (已处理: 31, 已转换: 30)
2025-12-08 15:19:23,061 - INFO -   ✓ 成功: 22 个样本, 2 个玩家
2025-12-08 15:19:23,064 - INFO - [1334/10119] 转换: szqjl_2024-04-16_13_05_51_.rep (已处理: 32, 已转换: 31)
2025-12-08 15:19:23,075 - INFO -   ✓ 成功: 21 个样本, 2 个玩家
2025-12-08 15:19:23,077 - INFO - [1335/10119] 转换: szqjl_2024-04-16_13_08_55_.rep (已处理: 33, 已转换: 32)
2025-12-08 15:19:23,088 - INFO -   ✓ 成功: 19 个样本, 2 个玩家
2025-12-08 15:19:23,091 - INFO - [1336/10119] 转换: szqjl_2024-04-16_13_12_39_.rep (已处理: 34, 已转换: 33)
2025-12-08 15:19:23,101 - INFO -   ✓ 成功: 19 个样本, 2 个玩家
2025-12-08 15:19:23,104 - INFO - [1337/10119] 转换: szqjl_2024-04-16_13_16_01_.rep (已处理: 35, 已转换: 34)
2025-12-08 15:19:23,107 - INFO -   ✓ 成功: 19 个样本, 2 个玩家
2025-12-08 15:19:23,110 - INFO - [1338/10119] 转换: szqjl_2024-04-16_13_18_26_.rep (已处理: 36, 已转换: 35)
2025-12-08 15:19:23,120 - INFO -   ✓ 成功: 16 个样本, 2 个玩家
2025-12-08 15:19:23,123 - INFO - [1339/10119] 转换: szqjl_2024-04-16_14_46_26_.rep (已处理: 37, 已转换: 36)
2025-12-08 15:19:23,133 - INFO -   ✓ 成功: 18 个样本, 2 个玩家
2025-12-08 15:19:23,137 - INFO - [1340/10119] 转换: szqjl_2024-04-16_14_50_29_.rep (已处理: 38, 已转换: 37)
2025-12-08 15:19:23,148 - INFO -   ✓ 成功: 26 个样本, 2 个玩家
2025-12-08 15:19:23,151 - INFO - [1341/10119] 转换: szqjl_2024-04-16_14_54_15_.rep (已处理: 39, 已转换: 38)
2025-12-08 15:19:23,161 - INFO -   ✓ 成功: 19 个样本, 2 个玩家
2025-12-08 15:19:23,163 - INFO - [1342/10119] 转换: szqjl_2024-04-16_14_58_22_.rep (已处理: 40, 已转换: 39)
2025-12-08 15:19:23,174 - INFO -   ✓ 成功: 25 个样本, 2 个玩家
2025-12-08 15:19:23,177 - INFO - [1343/10119] 转换: szqjl_2024-04-16_15_06_02_.rep (已处理: 41, 已转换: 40)
2025-12-08 15:19:23,189 - INFO -   ✓ 成功: 26 个样本, 2 个玩家
2025-12-08 15:19:23,192 - INFO - [1344/10119] 转换: szqjl_2024-04-16_15_10_00_.rep (已处理: 42, 已转换: 41)
2025-12-08 15:19:23,203 - INFO -   ✓ 成功: 16 个样本, 2 个玩家
2025-12-08 15:19:23,206 - INFO - [1345/10119] 转换: szqjl_2024-04-16_15_13_10_.rep (已处理: 43, 已转换: 42)
2025-12-08 15:19:23,216 - INFO -   ✓ 成功: 20 个样本, 2 个玩家
2025-12-08 15:19:23,219 - INFO - [1346/10119] 转换: szqjl_2024-04-16_15_17_00_.rep (已处理: 44, 已转换: 43)
2025-12-08 15:19:23,229 - INFO -   ✓ 成功: 22 个样本, 2 个玩家
2025-12-08 15:19:23,232 - INFO - [1347/10119] 转换: szqjl_2024-04-16_15_24_59_.rep (已处理: 45, 已转换: 44)
2025-12-08 15:19:23,244 - INFO -   ✓ 成功: 24 个样本, 2 个玩家
2025-12-08 15:19:23,247 - INFO - [1348/10119] 转换: szqjl_2024-04-16_15_27_40_.rep (已处理: 46, 已转换: 45)
2025-12-08 15:19:23,252 - INFO -   ✓ 成功: 18 个样本, 2 个玩家
2025-12-08 15:19:23,256 - INFO - [1349/10119] 转换: szqjl_2024-04-16_15_30_50_.rep (已处理: 47, 已转换: 46)
2025-12-08 15:19:23,267 - INFO -   ✓ 成功: 17 个样本, 2 个玩家
2025-12-08 15:19:23,271 - INFO - [1350/10119] 转换: szqjl_2024-04-16_15_34_53_.rep (已处理: 48, 已转换: 47)
2025-12-08 15:19:23,281 - INFO -   ✓ 成功: 24 个样本, 2 个玩家
2025-12-08 15:19:23,285 - INFO - [1351/10119] 转换: szqjl_2024-04-16_15_37_56_.rep (已处理: 49, 已转换: 48)
2025-12-08 15:19:23,296 - INFO -   ✓ 成功: 18 个样本, 2 个玩家
2025-12-08 15:19:23,299 - INFO - [1352/10119] 转换: szqjl_2024-04-16_15_40_25_.rep (已处理: 50, 已转换: 49)
2025-12-08 15:19:23,311 - INFO -   ✓ 成功: 14 个样本, 2 个玩家
2025-12-08 15:19:23,314 - INFO - [1353/10119] 转换: szqjl_2024-04-16_15_43_10_.rep (已处理: 51, 已转换: 50)
2025-12-08 15:19:23,325 - INFO -   ✓ 成功: 22 个样本, 2 个玩家
2025-12-08 15:19:23,328 - INFO - [1354/10119] 转换: szqjl_2024-04-16_15_46_31_.rep (已处理: 52, 已转换: 51)
2025-12-08 15:19:23,339 - INFO -   ✓ 成功: 21 个样本, 2 个玩家
2025-12-08 15:19:23,342 - INFO - [1355/10119] 转换: szqjl_2024-04-16_15_49_28_.rep (已处理: 53, 已转换: 52)
2025-12-08 15:19:23,353 - INFO -   ✓ 成功: 18 个样本, 2 个玩家
2025-12-08 15:19:23,356 - INFO - [1356/10119] 转换: szqjl_2024-04-16_15_52_15_.rep (已处理: 54, 已转换: 53)
2025-12-08 15:19:23,367 - INFO -   ✓ 成功: 22 个样本, 2 个玩家
2025-12-08 15:19:23,370 - INFO - [1357/10119] 转换: szqjl_2024-04-16_15_58_28_.rep (已处理: 55, 已转换: 54)
2025-12-08 15:19:23,381 - INFO -   ✓ 成功: 24 个样本, 2 个玩家
2025-12-08 15:19:23,384 - INFO - [1358/10119] 转换: szqjl_2024-04-16_16_03_52_.rep (已处理: 56, 已转换: 55)
2025-12-08 15:19:23,395 - INFO -   ✓ 成功: 16 个样本, 2 个玩家
2025-12-08 15:19:23,398 - INFO - [1359/10119] 转换: szqjl_2024-04-16_16_07_17_.rep (已处理: 57, 已转换: 56)
2025-12-08 15:19:23,411 - INFO -   ✓ 成功: 21 个样本, 2 个玩家
2025-12-08 15:19:23,414 - INFO - [1360/10119] 转换: szqjl_2024-04-16_16_09_33_.rep (已处理: 58, 已转换: 57)
2025-12-08 15:19:23,425 - INFO -   ✓ 成功: 20 个样本, 2 个玩家
2025-12-08 15:19:23,428 - INFO - [1361/10119] 转换: szqjl_2024-04-16_16_12_16_.rep (已处理: 59, 已转换: 58)
2025-12-08 15:19:23,439 - INFO -   ✓ 成功: 21 个样本, 2 个玩家
2025-12-08 15:19:23,442 - INFO - [1362/10119] 转换: szqjl_2024-04-16_16_15_22_.rep (已处理: 60, 已转换: 59)
2025-12-08 15:19:23,446 - INFO -   ✓ 成功: 15 个样本, 2 个玩家
2025-12-08 15:19:23,449 - INFO - [1363/10119] 转换: szqjl_2024-04-16_16_18_30_.rep (已处理: 61, 已转换: 60)
2025-12-08 15:19:23,460 - INFO -   ✓ 成功: 25 个样本, 2 个玩家
2025-12-08 15:19:23,463 - INFO - [1364/10119] 转换: szqjl_2024-04-16_16_21_43_.rep (已处理: 62, 已转换: 61)
2025-12-08 15:19:23,473 - INFO -   ✓ 成功: 19 个样本, 2 个玩家
2025-12-08 15:19:23,476 - INFO - [1365/10119] 转换: szqjl_2024-04-16_16_25_29_.rep (已处理: 63, 已转换: 62)
2025-12-08 15:19:23,486 - INFO -   ✓ 成功: 22 个样本, 2 个玩家
2025-12-08 15:19:23,489 - INFO - [1366/10119] 转换: szqjl_2024-04-17_12_13_30_.rep (已处理: 64, 已转换: 63)
2025-12-08 15:19:23,501 - INFO -   ✓ 成功: 22 个样本, 2 个玩家
2025-12-08 15:19:23,505 - INFO - [1367/10119] 转换: szqjl_2024-04-17_12_17_08_.rep (已处理: 65, 已转换: 64)
2025-12-08 15:19:23,516 - INFO -   ✓ 成功: 22 个样本, 2 个玩家
2025-12-08 15:19:23,520 - INFO - [1368/10119] 转换: szqjl_2024-04-17_12_20_50_.rep (已处理: 66, 已转换: 65)
2025-12-08 15:19:23,533 - INFO -   ✓ 成功: 21 个样本, 2 个玩家
2025-12-08 15:19:23,536 - INFO - [1369/10119] 转换: szqjl_2024-04-17_12_24_13_.rep (已处理: 67, 已转换: 66)
2025-12-08 15:19:23,546 - INFO -   ✓ 成功: 16 个样本, 2 个玩家
2025-12-08 15:19:23,549 - INFO - [1370/10119] 转换: szqjl_2024-04-17_12_27_25_.rep (已处理: 68, 已转换: 67)
2025-12-08 15:19:23,561 - INFO -   ✓ 成功: 17 个样本, 2 个玩家
2025-12-08 15:19:23,564 - INFO - [1371/10119] 转换: szqjl_2024-04-17_12_30_42_.rep (已处理: 69, 已转换: 68)
2025-12-08 15:19:23,567 - INFO -   ✓ 成功: 22 个样本, 2 个玩家
2025-12-08 15:19:23,570 - INFO - [1372/10119] 转换: szqjl_2024-04-17_12_34_53_.rep (已处理: 70, 已转换: 69)
2025-12-08 15:19:23,581 - INFO -   ✓ 成功: 20 个样本, 2 个玩家
2025-12-08 15:19:23,585 - INFO - [1373/10119] 转换: szqjl_2024-04-17_12_38_42_.rep (已处理: 71, 已转换: 70)
2025-12-08 15:19:23,595 - INFO -   ✓ 成功: 22 个样本, 2 个玩家
2025-12-08 15:19:23,597 - INFO - [1374/10119] 转换: szqjl_2024-04-17_12_41_15_.rep (已处理: 72, 已转换: 71)
2025-12-08 15:19:23,608 - INFO -   ✓ 成功: 22 个样本, 2 个玩家
2025-12-08 15:19:23,611 - INFO - [1375/10119] 转换: szqjl_2024-04-17_12_45_43_.rep (已处理: 73, 已转换: 72)
2025-12-08 15:19:23,622 - INFO -   ✓ 成功: 17 个样本, 2 个玩家
2025-12-08 15:19:23,625 - INFO - [1376/10119] 转换: szqjl_2024-04-17_12_50_03_.rep (已处理: 74, 已转换: 73)
2025-12-08 15:19:23,635 - INFO -   ✓ 成功: 22 个样本, 2 个玩家
2025-12-08 15:19:23,638 - INFO - [1377/10119] 转换: szqjl_2024-04-17_12_53_37_.rep (已处理: 75, 已转换: 74)
2025-12-08 15:19:23,648 - INFO -   ✓ 成功: 17 个样本, 2 个玩家
2025-12-08 15:19:23,651 - INFO - [1378/10119] 转换: szqjl_2024-04-17_12_57_56_.rep (已处理: 76, 已转换: 75)
2025-12-08 15:19:23,699 - INFO -   ✓ 成功: 23 个样本, 2 个玩家
2025-12-08 15:19:23,702 - INFO - [1379/10119] 转换: szqjl_2024-04-17_13_01_16_.rep (已处理: 77, 已转换: 76)
2025-12-08 15:19:23,712 - INFO -   ✓ 成功: 20 个样本, 2 个玩家
2025-12-08 15:19:23,715 - INFO - [1380/10119] 转换: szqjl_2024-04-17_13_04_35_.rep (已处理: 78, 已转换: 77)
2025-12-08 15:19:23,725 - INFO -   ✓ 成功: 19 个样本, 2 个玩家
2025-12-08 15:19:23,728 - INFO - [1381/10119] 转换: szqjl_2024-04-17_13_07_21_.rep (已处理: 79, 已转换: 78)
2025-12-08 15:19:23,738 - INFO -   ✓ 成功: 17 个样本, 2 个玩家
2025-12-08 15:19:23,741 - INFO - [1382/10119] 转换: szqjl_2024-04-17_13_11_04_.rep (已处理: 80, 已转换: 79)
2025-12-08 15:19:23,750 - INFO -   ✓ 成功: 17 个样本, 2 个玩家
2025-12-08 15:19:23,754 - INFO - [1383/10119] 转换: szqjl_2024-04-17_13_17_33_.rep (已处理: 81, 已转换: 80)
2025-12-08 15:19:23,764 - INFO -   ✓ 成功: 22 个样本, 2 个玩家
2025-12-08 15:19:23,768 - INFO - [1384/10119] 转换: szqjl_2024-04-17_13_22_05_.rep (已处理: 82, 已转换: 81)
2025-12-08 15:19:23,780 - INFO -   ✓ 成功: 23 个样本, 2 个玩家
2025-12-08 15:19:23,783 - INFO - [1385/10119] 转换: szqjl_2024-04-17_13_26_25_.rep (已处理: 83, 已转换: 82)
2025-12-08 15:19:23,794 - INFO -   ✓ 成功: 18 个样本, 2 个玩家
2025-12-08 15:19:23,799 - INFO - [1386/10119] 转换: szqjl_2024-04-17_13_30_33_.rep (已处理: 84, 已转换: 83)
2025-12-08 15:19:23,810 - INFO -   ✓ 成功: 20 个样本, 2 个玩家
2025-12-08 15:19:23,814 - INFO - [1387/10119] 转换: szqjl_2024-04-17_13_34_04_.rep (已处理: 85, 已转换: 84)
2025-12-08 15:19:23,825 - INFO -   ✓ 成功: 14 个样本, 2 个玩家
2025-12-08 15:19:23,828 - INFO - [1388/10119] 转换: szqjl_2024-04-17_13_38_25_.rep (已处理: 86, 已转换: 85)
2025-12-08 15:19:23,839 - INFO -   ✓ 成功: 19 个样本, 2 个玩家
2025-12-08 15:19:23,842 - INFO - [1389/10119] 转换: szqjl_2024-04-17_13_42_01_.rep (已处理: 87, 已转换: 86)
2025-12-08 15:19:23,853 - INFO -   ✓ 成功: 22 个样本, 2 个玩家
2025-12-08 15:19:23,856 - INFO - [1390/10119] 转换: szqjl_2024-04-17_13_46_18_.rep (已处理: 88, 已转换: 87)
2025-12-08 15:19:23,860 - INFO -   ✓ 成功: 18 个样本, 2 个玩家
2025-12-08 15:19:23,863 - INFO - [1391/10119] 转换: szqjl_2024-04-17_13_52_09_.rep (已处理: 89, 已转换: 88)
2025-12-08 15:19:23,867 - INFO -   ✓ 成功: 23 个样本, 2 个玩家
2025-12-08 15:19:23,870 - INFO - [1392/10119] 转换: szqjl_2024-04-17_13_55_34_.rep (已处理: 90, 已转换: 89)
2025-12-08 15:19:23,880 - INFO -   ✓ 成功: 14 个样本, 2 个玩家
2025-12-08 15:19:23,884 - INFO - [1393/10119] 转换: szqjl_2024-04-17_13_58_34_.rep (已处理: 91, 已转换: 90)
2025-12-08 15:19:23,893 - INFO -   ✓ 成功: 17 个样本, 2 个玩家
2025-12-08 15:19:23,896 - INFO - [1394/10119] 转换: szqjl_2024-04-17_14_02_00_.rep (已处理: 92, 已转换: 91)
2025-12-08 15:19:23,907 - INFO -   ✓ 成功: 18 个样本, 2 个玩家
2025-12-08 15:19:23,910 - INFO - [1395/10119] 转换: szqjl_2024-04-17_14_05_31_.rep (已处理: 93, 已转换: 92)
2025-12-08 15:19:23,920 - INFO -   ✓ 成功: 17 个样本, 2 个玩家
2025-12-08 15:19:23,924 - INFO - [1396/10119] 转换: szqjl_2024-04-17_14_10_15_.rep (已处理: 94, 已转换: 93)
2025-12-08 15:19:23,934 - INFO -   ✓ 成功: 22 个样本, 2 个玩家
2025-12-08 15:19:23,937 - INFO - [1397/10119] 转换: szqjl_2024-04-17_14_13_37_.rep (已处理: 95, 已转换: 94)
2025-12-08 15:19:23,948 - INFO -   ✓ 成功: 19 个样本, 2 个玩家
2025-12-08 15:19:23,951 - INFO - [1398/10119] 转换: szqjl_2024-04-17_14_17_11_.rep (已处理: 96, 已转换: 95)
2025-12-08 15:19:23,961 - INFO -   ✓ 成功: 19 个样本, 2 个玩家
2025-12-08 15:19:23,964 - INFO - [1399/10119] 转换: szqjl_2024-04-17_14_21_09_.rep (已处理: 97, 已转换: 96)
2025-12-08 15:19:23,974 - INFO -   ✓ 成功: 21 个样本, 2 个玩家
2025-12-08 15:19:23,978 - INFO - [1400/10119] 转换: szqjl_2024-04-17_14_24_08_.rep (已处理: 98, 已转换: 97)
2025-12-08 15:19:23,988 - INFO -   ✓ 成功: 19 个样本, 2 个玩家
2025-12-08 15:19:23,991 - INFO - [1401/10119] 转换: szqjl_2024-04-18_11_50_05_.rep (已处理: 99, 已转换: 98)
2025-12-08 15:19:24,001 - INFO -   ✓ 成功: 21 个样本, 2 个玩家
2025-12-08 15:19:24,005 - INFO - [1402/10119] 转换: szqjl_2024-04-18_11_53_38_.rep (已处理: 100, 已转换: 99)
2025-12-08 15:19:24,015 - INFO -   ✓ 成功: 19 个样本, 2 个玩家
2025-12-08 15:19:24,015 - INFO - ============================================================
2025-12-08 15:19:24,016 - INFO - 进度: 成功转换 100 个, 跳过 1302 个, 失败 0 个
2025-12-08 15:19:24,016 - INFO - 已转换样本: 1971 个
2025-12-08 15:19:24,016 - INFO - 转换速度: 24.7 文件/秒
2025-12-08 15:19:24,017 - INFO - 预计剩余时间: 5.9 分钟
2025-12-08 15:19:24,017 - INFO - ============================================================
2025-12-08 15:19:24,020 - INFO - [1403/10119] 转换: szqjl_2024-04-18_11_57_39_.rep (已处理: 101, 已转换: 100)
2025-12-08 15:19:24,053 - INFO -   ✓ 成功: 24 个样本, 2 个玩家
2025-12-08 15:19:24,066 - INFO - [1404/10119] 转换: szqjl_2024-04-18_12_01_15_.rep (已处理: 102, 已转换: 101)
2025-12-08 15:19:24,083 - INFO -   ✓ 成功: 17 个样本, 2 个玩家
2025-12-08 15:19:24,087 - INFO - [1405/10119] 转换: szqjl_2024-04-18_12_04_46_.rep (已处理: 103, 已转换: 102)
2025-12-08 15:19:24,098 - INFO -   ✓ 成功: 18 个样本, 2 个玩家
2025-12-08 15:19:24,102 - INFO - [1406/10119] 转换: szqjl_2024-04-18_12_08_25_.rep (已处理: 104, 已转换: 103)
2025-12-08 15:19:24,113 - INFO -   ✓ 成功: 17 个样本, 2 个玩家
2025-12-08 15:19:24,116 - INFO - [1407/10119] 转换: szqjl_2024-04-18_12_11_27_.rep (已处理: 105, 已转换: 104)
2025-12-08 15:19:24,127 - INFO -   ✓ 成功: 18 个样本, 2 个玩家
2025-12-08 15:19:24,130 - INFO - [1408/10119] 转换: szqjl_2024-04-18_12_15_06_.rep (已处理: 106, 已转换: 105)
2025-12-08 15:19:24,133 - INFO -   ✓ 成功: 19 个样本, 2 个玩家
2025-12-08 15:19:24,137 - INFO - [1409/10119] 转换: szqjl_2024-04-18_12_18_24_.rep (已处理: 107, 已转换: 106)
2025-12-08 15:19:24,147 - INFO -   ✓ 成功: 22 个样本, 2 个玩家
2025-12-08 15:19:24,150 - INFO - [1410/10119] 转换: szqjl_2024-04-18_12_22_52_.rep (已处理: 108, 已转换: 107)
2025-12-08 15:19:24,160 - INFO -   ✓ 成功: 21 个样本, 2 个玩家
2025-12-08 15:19:24,164 - INFO - [1411/10119] 转换: szqjl_2024-04-18_12_25_52_.rep (已处理: 109, 已转换: 108)
2025-12-08 15:19:24,174 - INFO -   ✓ 成功: 19 个样本, 2 个玩家
2025-12-08 15:19:24,177 - INFO - [1412/10119] 转换: szqjl_2024-04-18_12_28_33_.rep (已处理: 110, 已转换: 109)
2025-12-08 15:19:24,188 - INFO -   ✓ 成功: 15 个样本, 2 个玩家
2025-12-08 15:19:24,191 - INFO - [1413/10119] 转换: szqjl_2024-04-18_12_33_20_.rep (已处理: 111, 已转换: 110)
2025-12-08 15:19:24,201 - INFO -   ✓ 成功: 20 个样本, 2 个玩家
2025-12-08 15:19:24,205 - INFO - [1414/10119] 转换: szqjl_2024-04-18_12_37_22_.rep (已处理: 112, 已转换: 111)
2025-12-08 15:19:24,215 - INFO -   ✓ 成功: 17 个样本, 2 个玩家
2025-12-08 15:19:24,218 - INFO - [1415/10119] 转换: szqjl_2024-04-18_12_41_27_.rep (已处理: 113, 已转换: 112)
2025-12-08 15:19:24,228 - INFO -   ✓ 成功: 13 个样本, 2 个玩家
2025-12-08 15:19:24,231 - INFO - [1416/10119] 转换: szqjl_2024-04-18_12_45_02_.rep (已处理: 114, 已转换: 113)
2025-12-08 15:19:24,241 - INFO -   ✓ 成功: 16 个样本, 2 个玩家
2025-12-08 15:19:24,245 - INFO - [1417/10119] 转换: szqjl_2024-04-18_12_50_52_.rep (已处理: 115, 已转换: 114)
2025-12-08 15:19:24,255 - INFO -   ✓ 成功: 15 个样本, 2 个玩家
2025-12-08 15:19:24,258 - INFO - [1418/10119] 转换: szqjl_2024-04-18_12_53_56_.rep (已处理: 116, 已转换: 115)
2025-12-08 15:19:24,268 - INFO -   ✓ 成功: 19 个样本, 2 个玩家
2025-12-08 15:19:24,272 - INFO - [1419/10119] 转换: szqjl_2024-04-18_12_56_28_.rep (已处理: 117, 已转换: 116)
2025-12-08 15:19:24,282 - INFO -   ✓ 成功: 18 个样本, 2 个玩家
2025-12-08 15:19:24,285 - INFO - [1420/10119] 转换: szqjl_2024-04-18_12_59_16_.rep (已处理: 118, 已转换: 117)
2025-12-08 15:19:24,295 - INFO -   ✓ 成功: 18 个样本, 2 个玩家
2025-12-08 15:19:24,299 - INFO - [1421/10119] 转换: szqjl_2024-04-18_13_02_16_.rep (已处理: 119, 已转换: 118)
2025-12-08 15:19:24,309 - INFO -   ✓ 成功: 24 个样本, 2 个玩家
2025-12-08 15:19:24,313 - INFO - [1422/10119] 转换: szqjl_2024-04-18_13_05_44_.rep (已处理: 120, 已转换: 119)
2025-12-08 15:19:24,324 - INFO -   ✓ 成功: 20 个样本, 2 个玩家
2025-12-08 15:19:24,328 - INFO - [1423/10119] 转换: szqjl_2024-04-18_13_09_57_.rep (已处理: 121, 已转换: 120)
2025-12-08 15:19:24,340 - INFO -   ✓ 成功: 18 个样本, 2 个玩家
2025-12-08 15:19:24,343 - INFO - [1424/10119] 转换: szqjl_2024-04-18_13_13_16_.rep (已处理: 122, 已转换: 121)
2025-12-08 15:19:24,354 - INFO -   ✓ 成功: 18 个样本, 2 个玩家
2025-12-08 15:19:24,358 - INFO - [1425/10119] 转换: szqjl_2024-04-18_15_59_28_.rep (已处理: 123, 已转换: 122)
2025-12-08 15:19:24,373 - INFO -   ✓ 成功: 19 个样本, 2 个玩家
2025-12-08 15:19:24,377 - INFO - [1426/10119] 转换: szqjl_2024-04-18_16_02_52_.rep (已处理: 124, 已转换: 123)
2025-12-08 15:19:24,388 - INFO -   ✓ 成功: 17 个样本, 2 个玩家
2025-12-08 15:19:24,392 - INFO - [1427/10119] 转换: szqjl_2024-04-18_16_05_57_.rep (已处理: 125, 已转换: 124)
2025-12-08 15:19:24,402 - INFO -   ✓ 成功: 15 个样本, 2 个玩家
2025-12-08 15:19:24,405 - INFO - [1428/10119] 转换: szqjl_2024-04-18_16_08_33_.rep (已处理: 126, 已转换: 125)
2025-12-08 15:19:24,416 - INFO -   ✓ 成功: 17 个样本, 2 个玩家
2025-12-08 15:19:24,419 - INFO - [1429/10119] 转换: szqjl_2024-04-18_16_11_53_.rep (已处理: 127, 已转换: 126)
2025-12-08 15:19:24,429 - INFO -   ✓ 成功: 20 个样本, 2 个玩家
2025-12-08 15:19:24,433 - INFO - [1430/10119] 转换: szqjl_2024-04-18_16_16_24_.rep (已处理: 128, 已转换: 127)
2025-12-08 15:19:24,444 - INFO -   ✓ 成功: 20 个样本, 2 个玩家
2025-12-08 15:19:24,447 - INFO - [1431/10119] 转换: szqjl_2024-04-18_16_19_31_.rep (已处理: 129, 已转换: 128)
2025-12-08 15:19:24,457 - INFO -   ✓ 成功: 16 个样本, 2 个玩家
2025-12-08 15:19:24,460 - INFO - [1432/10119] 转换: szqjl_2024-04-18_16_23_14_.rep (已处理: 130, 已转换: 129)
2025-12-08 15:19:24,471 - INFO -   ✓ 成功: 24 个样本, 2 个玩家
2025-12-08 15:19:24,474 - INFO - [1433/10119] 转换: szqjl_2024-04-18_16_25_47_.rep (已处理: 131, 已转换: 130)
2025-12-08 15:19:24,485 - INFO -   ✓ 成功: 20 个样本, 2 个玩家
2025-12-08 15:19:24,489 - INFO - [1434/10119] 转换: szqjl_2024-04-18_16_29_31_.rep (已处理: 132, 已转换: 131)
2025-12-08 15:19:24,499 - INFO -   ✓ 成功: 21 个样本, 2 个玩家
2025-12-08 15:19:24,502 - INFO - [1435/10119] 转换: szqjl_2024-04-18_16_33_19_.rep (已处理: 133, 已转换: 132)
2025-12-08 15:19:24,512 - INFO -   ✓ 成功: 20 个样本, 2 个玩家
2025-12-08 15:19:24,515 - INFO - [1436/10119] 转换: szqjl_2024-04-18_16_37_19_.rep (已处理: 134, 已转换: 133)
2025-12-08 15:19:24,527 - INFO -   ✓ 成功: 21 个样本, 2 个玩家
2025-12-08 15:19:24,531 - INFO - [1437/10119] 转换: szqjl_2024-04-18_16_41_00_.rep (已处理: 135, 已转换: 134)
2025-12-08 15:19:24,541 - INFO -   ✓ 成功: 23 个样本, 2 个玩家
2025-12-08 15:19:24,545 - INFO - [1438/10119] 转换: szqjl_2024-04-18_16_45_30_.rep (已处理: 136, 已转换: 135)
2025-12-08 15:19:24,556 - INFO -   ✓ 成功: 22 个样本, 2 个玩家
2025-12-08 15:19:24,560 - INFO - [1439/10119] 转换: szqjl_2024-04-18_16_48_37_.rep (已处理: 137, 已转换: 136)
2025-12-08 15:19:24,571 - INFO -   ✓ 成功: 27 个样本, 2 个玩家
2025-12-08 15:19:24,575 - INFO - [1440/10119] 转换: szqjl_2024-04-18_16_51_19_.rep (已处理: 138, 已转换: 137)
2025-12-08 15:19:24,585 - INFO -   ✓ 成功: 23 个样本, 2 个玩家
2025-12-08 15:19:24,588 - INFO - [1441/10119] 转换: szqjl_2024-04-18_16_53_29_.rep (已处理: 139, 已转换: 138)
2025-12-08 15:19:24,598 - INFO -   ✓ 成功: 15 个样本, 2 个玩家
2025-12-08 15:19:24,602 - INFO - [1442/10119] 转换: szqjl_2024-04-18_16_57_04_.rep (已处理: 140, 已转换: 139)
2025-12-08 15:19:24,605 - INFO -   ✓ 成功: 17 个样本, 2 个玩家
2025-12-08 15:19:24,609 - INFO - [1443/10119] 转换: szqjl_2024-04-18_17_00_42_.rep (已处理: 141, 已转换: 140)
2025-12-08 15:19:24,619 - INFO -   ✓ 成功: 19 个样本, 2 个玩家
2025-12-08 15:19:24,623 - INFO - [1444/10119] 转换: szqjl_2024-04-22_11_50_45_.rep (已处理: 142, 已转换: 141)
2025-12-08 15:19:24,633 - INFO -   ✓ 成功: 22 个样本, 2 个玩家
2025-12-08 15:19:24,636 - INFO - [1445/10119] 转换: szqjl_2024-04-22_11_54_06_.rep (已处理: 143, 已转换: 142)
2025-12-08 15:19:24,646 - INFO -   ✓ 成功: 19 个样本, 2 个玩家
2025-12-08 15:19:24,650 - INFO - [1446/10119] 转换: szqjl_2024-04-22_11_58_57_.rep (已处理: 144, 已转换: 143)
2025-12-08 15:19:24,664 - INFO -   ✓ 成功: 23 个样本, 2 个玩家
2025-12-08 15:19:24,667 - INFO - [1447/10119] 转换: szqjl_2024-04-22_12_02_06_.rep (已处理: 145, 已转换: 144)
2025-12-08 15:19:24,677 - INFO -   ✓ 成功: 17 个样本, 2 个玩家
2025-12-08 15:19:24,680 - INFO - [1448/10119] 转换: szqjl_2024-04-22_12_05_11_.rep (已处理: 146, 已转换: 145)
2025-12-08 15:19:24,691 - INFO -   ✓ 成功: 17 个样本, 2 个玩家
2025-12-08 15:19:24,694 - INFO - [1449/10119] 转换: szqjl_2024-04-22_12_08_57_.rep (已处理: 147, 已转换: 146)
2025-12-08 15:19:24,702 - INFO -   ✓ 成功: 20 个样本, 2 个玩家
2025-12-08 15:19:24,709 - INFO - [1450/10119] 转换: szqjl_2024-04-22_12_12_30_.rep (已处理: 148, 已转换: 147)
2025-12-08 15:19:24,724 - INFO -   ✓ 成功: 18 个样本, 2 个玩家
2025-12-08 15:19:24,728 - INFO - [1451/10119] 转换: szqjl_2024-04-22_12_17_36_.rep (已处理: 149, 已转换: 148)
2025-12-08 15:19:24,739 - INFO -   ✓ 成功: 19 个样本, 2 个玩家
2025-12-08 15:19:24,742 - INFO - [1452/10119] 转换: szqjl_2024-04-22_12_21_23_.rep (已处理: 150, 已转换: 149)
2025-12-08 15:19:24,754 - INFO -   ✓ 成功: 18 个样本, 2 个玩家
2025-12-08 15:19:24,758 - INFO - [1453/10119] 转换: szqjl_2024-04-22_12_26_57_.rep (已处理: 151, 已转换: 150)
2025-12-08 15:19:24,770 - INFO -   ✓ 成功: 23 个样本, 2 个玩家
2025-12-08 15:19:24,774 - INFO - [1454/10119] 转换: szqjl_2024-04-22_12_30_54_.rep (已处理: 152, 已转换: 151)
2025-12-08 15:19:24,787 - INFO -   ✓ 成功: 23 个样本, 2 个玩家
2025-12-08 15:19:24,790 - INFO - [1455/10119] 转换: szqjl_2024-04-22_12_34_49_.rep (已处理: 153, 已转换: 152)
2025-12-08 15:19:24,803 - INFO -   ✓ 成功: 20 个样本, 2 个玩家
2025-12-08 15:19:24,807 - INFO - [1456/10119] 转换: szqjl_2024-04-22_12_38_48_.rep (已处理: 154, 已转换: 153)
2025-12-08 15:19:24,818 - INFO -   ✓ 成功: 22 个样本, 2 个玩家
2025-12-08 15:19:24,822 - INFO - [1457/10119] 转换: szqjl_2024-04-22_12_41_30_.rep (已处理: 155, 已转换: 154)
2025-12-08 15:19:24,834 - INFO -   ✓ 成功: 17 个样本, 2 个玩家
2025-12-08 15:19:24,838 - INFO - [1458/10119] 转换: szqjl_2024-04-22_12_44_19_.rep (已处理: 156, 已转换: 155)
2025-12-08 15:19:24,850 - INFO -   ✓ 成功: 19 个样本, 2 个玩家
2025-12-08 15:19:24,853 - INFO - [1459/10119] 转换: szqjl_2024-04-22_12_48_27_.rep (已处理: 157, 已转换: 156)
2025-12-08 15:19:24,864 - INFO -   ✓ 成功: 20 个样本, 2 个玩家
2025-12-08 15:19:24,868 - INFO - [1460/10119] 转换: szqjl_2024-04-22_12_51_57_.rep (已处理: 158, 已转换: 157)
2025-12-08 15:19:24,878 - INFO -   ✓ 成功: 18 个样本, 2 个玩家
2025-12-08 15:19:24,882 - INFO - [1461/10119] 转换: szqjl_2024-04-22_12_56_31_.rep (已处理: 159, 已转换: 158)
2025-12-08 15:19:24,894 - INFO -   ✓ 成功: 21 个样本, 2 个玩家
2025-12-08 15:19:24,897 - INFO - [1462/10119] 转换: szqjl_2024-04-22_12_59_17_.rep (已处理: 160, 已转换: 159)
2025-12-08 15:19:24,909 - INFO -   ✓ 成功: 18 个样本, 2 个玩家
2025-12-08 15:19:24,913 - INFO - [1463/10119] 转换: szqjl_2024-04-22_13_02_54_.rep (已处理: 161, 已转换: 160)
2025-12-08 15:19:24,924 - INFO -   ✓ 成功: 16 个样本, 2 个玩家
2025-12-08 15:19:24,927 - INFO - [1464/10119] 转换: szqjl_2024-04-22_13_05_54_.rep (已处理: 162, 已转换: 161)
2025-12-08 15:19:24,938 - INFO -   ✓ 成功: 16 个样本, 2 个玩家
2025-12-08 15:19:24,941 - INFO - [1465/10119] 转换: szqjl_2024-04-22_13_09_33_.rep (已处理: 163, 已转换: 162)
2025-12-08 15:19:24,944 - INFO -   ✓ 成功: 19 个样本, 2 个玩家
2025-12-08 15:19:24,948 - INFO - [1466/10119] 转换: szqjl_2024-04-22_13_14_40_.rep (已处理: 164, 已转换: 163)
2025-12-08 15:19:24,960 - INFO -   ✓ 成功: 25 个样本, 2 个玩家
2025-12-08 15:19:24,963 - INFO - [1467/10119] 转换: szqjl_2024-04-22_13_20_02_.rep (已处理: 165, 已转换: 164)
2025-12-08 15:19:24,973 - INFO -   ✓ 成功: 17 个样本, 2 个玩家
2025-12-08 15:19:24,977 - INFO - [1468/10119] 转换: szqjl_2024-04-22_13_23_50_.rep (已处理: 166, 已转换: 165)
2025-12-08 15:19:24,980 - INFO -   ✓ 成功: 20 个样本, 2 个玩家
2025-12-08 15:19:24,983 - INFO - [1469/10119] 转换: szqjl_2024-04-22_13_27_37_.rep (已处理: 167, 已转换: 166)
2025-12-08 15:19:24,993 - INFO -   ✓ 成功: 22 个样本, 2 个玩家
2025-12-08 15:19:24,997 - INFO - [1470/10119] 转换: szqjl_2024-04-22_13_32_08_.rep (已处理: 168, 已转换: 167)
2025-12-08 15:19:25,008 - INFO -   ✓ 成功: 21 个样本, 2 个玩家
2025-12-08 15:19:25,011 - INFO - [1471/10119] 转换: szqjl_2024-04-22_13_37_39_.rep (已处理: 169, 已转换: 168)
2025-12-08 15:19:25,022 - INFO -   ✓ 成功: 21 个样本, 2 个玩家
2025-12-08 15:19:25,026 - INFO - [1472/10119] 转换: szqjl_2024-04-22_13_40_42_.rep (已处理: 170, 已转换: 169)
2025-12-08 15:19:25,036 - INFO -   ✓ 成功: 22 个样本, 2 个玩家
2025-12-08 15:19:25,039 - INFO - [1473/10119] 转换: szqjl_2024-04-22_13_43_29_.rep (已处理: 171, 已转换: 170)
2025-12-08 15:19:25,043 - INFO -   ✓ 成功: 21 个样本, 2 个玩家
2025-12-08 15:19:25,047 - INFO - [1474/10119] 转换: szqjl_2024-04-22_13_45_46_.rep (已处理: 172, 已转换: 171)
2025-12-08 15:19:25,057 - INFO -   ✓ 成功: 16 个样本, 2 个玩家
2025-12-08 15:19:25,060 - INFO - [1475/10119] 转换: szqjl_2024-04-22_13_49_20_.rep (已处理: 173, 已转换: 172)
2025-12-08 15:19:25,071 - INFO -   ✓ 成功: 19 个样本, 2 个玩家
2025-12-08 15:19:25,075 - INFO - [1476/10119] 转换: szqjl_2024-04-22_15_35_30_.rep (已处理: 174, 已转换: 173)
2025-12-08 15:19:25,089 - INFO -   ✓ 成功: 18 个样本, 2 个玩家
2025-12-08 15:19:25,091 - INFO - [1477/10119] 转换: szqjl_2024-04-22_15_39_00_.rep (已处理: 175, 已转换: 174)
2025-12-08 15:19:25,102 - INFO -   ✓ 成功: 21 个样本, 2 个玩家
2025-12-08 15:19:25,105 - INFO - [1478/10119] 转换: szqjl_2024-04-22_15_46_07_.rep (已处理: 176, 已转换: 175)
2025-12-08 15:19:25,116 - INFO -   ✓ 成功: 19 个样本, 2 个玩家
2025-12-08 15:19:25,120 - INFO - [1479/10119] 转换: szqjl_2024-04-22_15_49_22_.rep (已处理: 177, 已转换: 176)
2025-12-08 15:19:25,130 - INFO -   ✓ 成功: 19 个样本, 2 个玩家
2025-12-08 15:19:25,134 - INFO - [1480/10119] 转换: szqjl_2024-04-22_15_51_59_.rep (已处理: 178, 已转换: 177)
2025-12-08 15:19:25,144 - INFO -   ✓ 成功: 16 个样本, 2 个玩家
2025-12-08 15:19:25,148 - INFO - [1481/10119] 转换: szqjl_2024-04-22_15_56_02_.rep (已处理: 179, 已转换: 178)
2025-12-08 15:19:25,158 - INFO -   ✓ 成功: 23 个样本, 2 个玩家
2025-12-08 15:19:25,162 - INFO - [1482/10119] 转换: szqjl_2024-04-22_16_00_33_.rep (已处理: 180, 已转换: 179)
2025-12-08 15:19:25,172 - INFO -   ✓ 成功: 22 个样本, 2 个玩家
2025-12-08 15:19:25,176 - INFO - [1483/10119] 转换: szqjl_2024-04-22_16_03_55_.rep (已处理: 181, 已转换: 180)
2025-12-08 15:19:25,186 - INFO -   ✓ 成功: 22 个样本, 2 个玩家
2025-12-08 15:19:25,189 - INFO - [1484/10119] 转换: szqjl_2024-04-22_16_08_03_.rep (已处理: 182, 已转换: 181)
2025-12-08 15:19:25,199 - INFO -   ✓ 成功: 21 个样本, 2 个玩家
2025-12-08 15:19:25,203 - INFO - [1485/10119] 转换: szqjl_2024-04-22_16_11_17_.rep (已处理: 183, 已转换: 182)
2025-12-08 15:19:25,213 - INFO -   ✓ 成功: 20 个样本, 2 个玩家
2025-12-08 15:19:25,217 - INFO - [1486/10119] 转换: szqjl_2024-04-22_16_14_40_.rep (已处理: 184, 已转换: 183)
2025-12-08 15:19:25,227 - INFO -   ✓ 成功: 20 个样本, 2 个玩家
2025-12-08 15:19:25,231 - INFO - [1487/10119] 转换: szqjl_2024-04-22_16_17_41_.rep (已处理: 185, 已转换: 184)
2025-12-08 15:19:25,241 - INFO -   ✓ 成功: 19 个样本, 2 个玩家
2025-12-08 15:19:25,244 - INFO - [1488/10119] 转换: szqjl_2024-04-22_16_20_20_.rep (已处理: 186, 已转换: 185)
2025-12-08 15:19:25,254 - INFO -   ✓ 成功: 17 个样本, 2 个玩家
2025-12-08 15:19:25,258 - INFO - [1489/10119] 转换: szqjl_2024-04-22_16_23_58_.rep (已处理: 187, 已转换: 186)
2025-12-08 15:19:25,268 - INFO -   ✓ 成功: 17 个样本, 2 个玩家
2025-12-08 15:19:25,271 - INFO - [1490/10119] 转换: szqjl_2024-04-23_12_07_13_.rep (已处理: 188, 已转换: 187)
2025-12-08 15:19:25,281 - INFO -   ✓ 成功: 21 个样本, 2 个玩家
2025-12-08 15:19:25,285 - INFO - [1491/10119] 转换: szqjl_2024-04-23_12_12_15_.rep (已处理: 189, 已转换: 188)
2025-12-08 15:19:25,296 - INFO -   ✓ 成功: 23 个样本, 2 个玩家
2025-12-08 15:19:25,300 - INFO - [1492/10119] 转换: szqjl_2024-04-23_12_16_52_.rep (已处理: 190, 已转换: 189)
2025-12-08 15:19:25,312 - INFO -   ✓ 成功: 22 个样本, 2 个玩家
2025-12-08 15:19:25,316 - INFO - [1493/10119] 转换: szqjl_2024-04-23_12_19_33_.rep (已处理: 191, 已转换: 190)
2025-12-08 15:19:25,327 - INFO -   ✓ 成功: 16 个样本, 2 个玩家
2025-12-08 15:19:25,331 - INFO - [1494/10119] 转换: szqjl_2024-04-23_12_23_48_.rep (已处理: 192, 已转换: 191)
2025-12-08 15:19:25,342 - INFO -   ✓ 成功: 16 个样本, 2 个玩家
2025-12-08 15:19:25,346 - INFO - [1495/10119] 转换: szqjl_2024-04-23_12_27_13_.rep (已处理: 193, 已转换: 192)
2025-12-08 15:19:25,357 - INFO -   ✓ 成功: 16 个样本, 2 个玩家
2025-12-08 15:19:25,361 - INFO - [1496/10119] 转换: szqjl_2024-04-23_12_30_25_.rep (已处理: 194, 已转换: 193)
2025-12-08 15:19:25,371 - INFO -   ✓ 成功: 16 个样本, 2 个玩家
2025-12-08 15:19:25,375 - INFO - [1497/10119] 转换: szqjl_2024-04-23_12_42_42_.rep (已处理: 195, 已转换: 194)
2025-12-08 15:19:25,379 - INFO -   ✓ 成功: 23 个样本, 2 个玩家
2025-12-08 15:19:25,382 - INFO - [1498/10119] 转换: szqjl_2024-04-23_12_47_39_.rep (已处理: 196, 已转换: 195)
2025-12-08 15:19:25,393 - INFO -   ✓ 成功: 29 个样本, 2 个玩家
2025-12-08 15:19:25,396 - INFO - [1499/10119] 转换: szqjl_2024-04-23_12_52_12_.rep (已处理: 197, 已转换: 196)
2025-12-08 15:19:25,407 - INFO -   ✓ 成功: 16 个样本, 2 个玩家
2025-12-08 15:19:25,410 - INFO - [1500/10119] 转换: szqjl_2024-04-23_12_55_56_.rep (已处理: 198, 已转换: 197)
2025-12-08 15:19:25,413 - INFO -   ✓ 成功: 19 个样本, 2 个玩家
2025-12-08 15:19:25,417 - INFO - [1501/10119] 转换: szqjl_2024-04-23_12_59_01_.rep (已处理: 199, 已转换: 198)
2025-12-08 15:19:25,427 - INFO -   ✓ 成功: 17 个样本, 2 个玩家
2025-12-08 15:19:25,430 - INFO - [1502/10119] 转换: szqjl_2024-04-23_13_04_03_.rep (已处理: 200, 已转换: 199)
2025-12-08 15:19:25,441 - INFO -   ✓ 成功: 21 个样本, 2 个玩家
2025-12-08 15:19:25,441 - INFO - ============================================================
2025-12-08 15:19:25,441 - INFO - 进度: 成功转换 200 个, 跳过 1302 个, 失败 0 个
2025-12-08 15:19:25,441 - INFO - 已转换样本: 3911 个
2025-12-08 15:19:25,442 - INFO - 转换速度: 36.6 文件/秒
2025-12-08 15:19:25,442 - INFO - 预计剩余时间: 3.9 分钟
2025-12-08 15:19:25,442 - INFO - ============================================================
2025-12-08 15:19:25,446 - INFO - [1503/10119] 转换: szqjl_2024-04-23_15_39_00_.rep (已处理: 201, 已转换: 200)
2025-12-08 15:19:25,457 - INFO -   ✓ 成功: 23 个样本, 2 个玩家
2025-12-08 15:19:25,460 - INFO - [1504/10119] 转换: szqjl_2024-04-23_15_43_50_.rep (已处理: 202, 已转换: 201)
2025-12-08 15:19:25,470 - INFO -   ✓ 成功: 19 个样本, 2 个玩家
2025-12-08 15:19:25,474 - INFO - [1505/10119] 转换: szqjl_2024-04-23_15_48_07_.rep (已处理: 203, 已转换: 202)
2025-12-08 15:19:25,494 - INFO -   ✓ 成功: 22 个样本, 2 个玩家
2025-12-08 15:19:25,500 - INFO - [1506/10119] 转换: szqjl_2024-04-23_15_51_20_.rep (已处理: 204, 已转换: 203)
2025-12-08 15:19:25,511 - INFO -   ✓ 成功: 20 个样本, 2 个玩家
2025-12-08 15:19:25,515 - INFO - [1507/10119] 转换: szqjl_2024-04-23_15_55_22_.rep (已处理: 205, 已转换: 204)
2025-12-08 15:19:25,527 - INFO -   ✓ 成功: 19 个样本, 2 个玩家
2025-12-08 15:19:25,530 - INFO - [1508/10119] 转换: szqjl_2024-04-23_16_00_18_.rep (已处理: 206, 已转换: 205)
2025-12-08 15:19:25,541 - INFO -   ✓ 成功: 19 个样本, 2 个玩家
2025-12-08 15:19:25,545 - INFO - [1509/10119] 转换: szqjl_2024-04-23_16_03_52_.rep (已处理: 207, 已转换: 206)
2025-12-08 15:19:25,556 - INFO -   ✓ 成功: 23 个样本, 2 个玩家
2025-12-08 15:19:25,560 - INFO - [1510/10119] 转换: szqjl_2024-04-23_16_07_35_.rep (已处理: 208, 已转换: 207)
2025-12-08 15:19:25,570 - INFO -   ✓ 成功: 23 个样本, 2 个玩家
2025-12-08 15:19:25,574 - INFO - [1511/10119] 转换: szqjl_2024-04-23_16_13_58_.rep (已处理: 209, 已转换: 208)
2025-12-08 15:19:25,584 - INFO -   ✓ 成功: 24 个样本, 2 个玩家
2025-12-08 15:19:25,587 - INFO - [1512/10119] 转换: szqjl_2024-04-23_16_18_48_.rep (已处理: 210, 已转换: 209)
2025-12-08 15:19:25,598 - INFO -   ✓ 成功: 23 个样本, 2 个玩家
2025-12-08 15:19:25,602 - INFO - [1513/10119] 转换: szqjl_2024-04-23_16_21_49_.rep (已处理: 211, 已转换: 210)
2025-12-08 15:19:25,613 - INFO -   ✓ 成功: 15 个样本, 2 个玩家
2025-12-08 15:19:25,617 - INFO - [1514/10119] 转换: szqjl_2024-04-23_16_24_57_.rep (已处理: 212, 已转换: 211)
2025-12-08 15:19:25,627 - INFO -   ✓ 成功: 22 个样本, 2 个玩家
2025-12-08 15:19:25,630 - INFO - [1515/10119] 转换: szqjl_2024-04-23_16_28_01_.rep (已处理: 213, 已转换: 212)
2025-12-08 15:19:25,641 - INFO -   ✓ 成功: 17 个样本, 2 个玩家
2025-12-08 15:19:25,644 - INFO - [1516/10119] 转换: szqjl_2024-04-23_16_32_12_.rep (已处理: 214, 已转换: 213)
2025-12-08 15:19:25,655 - INFO -   ✓ 成功: 18 个样本, 2 个玩家
2025-12-08 15:19:25,659 - INFO - [1517/10119] 转换: szqjl_2024-04-25_11_25_52_.rep (已处理: 215, 已转换: 214)
2025-12-08 15:19:25,671 - INFO -   ✓ 成功: 18 个样本, 2 个玩家
2025-12-08 15:19:25,674 - INFO - [1518/10119] 转换: szqjl_2024-04-25_11_30_28_.rep (已处理: 216, 已转换: 215)
2025-12-08 15:19:25,685 - INFO -   ✓ 成功: 21 个样本, 2 个玩家
2025-12-08 15:19:25,689 - INFO - [1519/10119] 转换: szqjl_2024-04-25_11_34_35_.rep (已处理: 217, 已转换: 216)
2025-12-08 15:19:25,699 - INFO -   ✓ 成功: 17 个样本, 2 个玩家
2025-12-08 15:19:25,703 - INFO - [1520/10119] 转换: szqjl_2024-04-25_11_38_41_.rep (已处理: 218, 已转换: 217)
2025-12-08 15:19:25,713 - INFO -   ✓ 成功: 20 个样本, 2 个玩家
2025-12-08 15:19:25,717 - INFO - [1521/10119] 转换: szqjl_2024-04-25_11_42_26_.rep (已处理: 219, 已转换: 218)
2025-12-08 15:19:25,728 - INFO -   ✓ 成功: 26 个样本, 2 个玩家
2025-12-08 15:19:25,731 - INFO - [1522/10119] 转换: szqjl_2024-04-25_11_46_08_.rep (已处理: 220, 已转换: 219)
2025-12-08 15:19:25,742 - INFO -   ✓ 成功: 20 个样本, 2 个玩家
2025-12-08 15:19:25,746 - INFO - [1523/10119] 转换: szqjl_2024-04-25_11_49_48_.rep (已处理: 221, 已转换: 220)
2025-12-08 15:19:25,756 - INFO -   ✓ 成功: 18 个样本, 2 个玩家
2025-12-08 15:19:25,759 - INFO - [1524/10119] 转换: szqjl_2024-04-25_11_53_12_.rep (已处理: 222, 已转换: 221)
2025-12-08 15:19:25,770 - INFO -   ✓ 成功: 22 个样本, 2 个玩家
2025-12-08 15:19:25,773 - INFO - [1525/10119] 转换: szqjl_2024-04-25_12_23_30_.rep (已处理: 223, 已转换: 222)
2025-12-08 15:19:25,783 - INFO -   ✓ 成功: 22 个样本, 2 个玩家
2025-12-08 15:19:25,786 - INFO - [1526/10119] 转换: szqjl_2024-04-25_12_26_35_.rep (已处理: 224, 已转换: 223)
2025-12-08 15:19:25,796 - INFO -   ✓ 成功: 21 个样本, 2 个玩家
2025-12-08 15:19:25,802 - INFO - [1527/10119] 转换: szqjl_2024-04-25_12_29_46_.rep (已处理: 225, 已转换: 224)
2025-12-08 15:19:25,812 - INFO -   ✓ 成功: 19 个样本, 2 个玩家
2025-12-08 15:19:25,816 - INFO - [1528/10119] 转换: szqjl_2024-04-25_12_32_34_.rep (已处理: 226, 已转换: 225)
2025-12-08 15:19:25,826 - INFO -   ✓ 成功: 18 个样本, 2 个玩家
2025-12-08 15:19:25,830 - INFO - [1529/10119] 转换: szqjl_2024-04-25_12_35_35_.rep (已处理: 227, 已转换: 226)
2025-12-08 15:19:25,840 - INFO -   ✓ 成功: 21 个样本, 2 个玩家
2025-12-08 15:19:25,844 - INFO - [1530/10119] 转换: szqjl_2024-04-25_12_38_16_.rep (已处理: 228, 已转换: 227)
2025-12-08 15:19:25,855 - INFO -   ✓ 成功: 21 个样本, 2 个玩家
2025-12-08 15:19:25,859 - INFO - [1531/10119] 转换: szqjl_2024-04-25_12_41_10_.rep (已处理: 229, 已转换: 228)
2025-12-08 15:19:25,870 - INFO -   ✓ 成功: 23 个样本, 2 个玩家
2025-12-08 15:19:25,874 - INFO - [1532/10119] 转换: szqjl_2024-04-25_12_43_56_.rep (已处理: 230, 已转换: 229)
2025-12-08 15:19:25,884 - INFO -   ✓ 成功: 16 个样本, 2 个玩家
2025-12-08 15:19:25,888 - INFO - [1533/10119] 转换: szqjl_2024-04-25_12_47_01_.rep (已处理: 231, 已转换: 230)
2025-12-08 15:19:25,898 - INFO -   ✓ 成功: 20 个样本, 2 个玩家
2025-12-08 15:19:25,902 - INFO - [1534/10119] 转换: szqjl_2024-04-25_12_50_04_.rep (已处理: 232, 已转换: 231)
2025-12-08 15:19:25,912 - INFO -   ✓ 成功: 18 个样本, 2 个玩家
2025-12-08 15:19:25,916 - INFO - [1535/10119] 转换: szqjl_2024-04-25_12_53_00_.rep (已处理: 233, 已转换: 232)
2025-12-08 15:19:25,927 - INFO -   ✓ 成功: 18 个样本, 2 个玩家
2025-12-08 15:19:25,930 - INFO - [1536/10119] 转换: szqjl_2024-04-25_12_56_47_.rep (已处理: 234, 已转换: 233)
2025-12-08 15:19:25,941 - INFO -   ✓ 成功: 18 个样本, 2 个玩家
2025-12-08 15:19:25,945 - INFO - [1537/10119] 转换: szqjl_2024-04-25_12_59_44_.rep (已处理: 235, 已转换: 234)
2025-12-08 15:19:25,956 - INFO -   ✓ 成功: 18 个样本, 2 个玩家
2025-12-08 15:19:25,960 - INFO - [1538/10119] 转换: szqjl_2024-04-25_13_03_08_.rep (已处理: 236, 已转换: 235)
2025-12-08 15:19:25,970 - INFO -   ✓ 成功: 18 个样本, 2 个玩家
2025-12-08 15:19:25,974 - INFO - [1539/10119] 转换: szqjl_2024-04-25_14_00_40_.rep (已处理: 237, 已转换: 236)
2025-12-08 15:19:25,983 - INFO -   ✓ 成功: 15 个样本, 2 个玩家
2025-12-08 15:19:25,987 - INFO - [1540/10119] 转换: szqjl_2024-04-25_14_05_45_.rep (已处理: 238, 已转换: 237)
2025-12-08 15:19:25,996 - INFO -   ✓ 成功: 18 个样本, 2 个玩家
2025-12-08 15:19:26,000 - INFO - [1541/10119] 转换: szqjl_2024-04-25_14_09_32_.rep (已处理: 239, 已转换: 238)
2025-12-08 15:19:26,011 - INFO -   ✓ 成功: 21 个样本, 2 个玩家
2025-12-08 15:19:26,014 - INFO - [1542/10119] 转换: szqjl_2024-04-25_14_13_39_.rep (已处理: 240, 已转换: 239)
2025-12-08 15:19:26,026 - INFO -   ✓ 成功: 21 个样本, 2 个玩家
2025-12-08 15:19:26,029 - INFO - [1543/10119] 转换: szqjl_2024-04-25_14_19_01_.rep (已处理: 241, 已转换: 240)
2025-12-08 15:19:26,040 - INFO -   ✓ 成功: 17 个样本, 2 个玩家
2025-12-08 15:19:26,043 - INFO - [1544/10119] 转换: szqjl_2024-04-25_14_26_04_.rep (已处理: 242, 已转换: 241)
2025-12-08 15:19:26,053 - INFO -   ✓ 成功: 19 个样本, 2 个玩家
2025-12-08 15:19:26,057 - INFO - [1545/10119] 转换: szqjl_2024-04-25_14_30_16_.rep (已处理: 243, 已转换: 242)
2025-12-08 15:19:26,066 - INFO -   ✓ 成功: 18 个样本, 2 个玩家
2025-12-08 15:19:26,070 - INFO - [1546/10119] 转换: szqjl_2024-04-25_14_33_48_.rep (已处理: 244, 已转换: 243)
2025-12-08 15:19:26,081 - INFO -   ✓ 成功: 20 个样本, 2 个玩家
2025-12-08 15:19:26,085 - INFO - [1547/10119] 转换: szqjl_2024-04-25_14_38_17_.rep (已处理: 245, 已转换: 244)
2025-12-08 15:19:26,097 - INFO -   ✓ 成功: 19 个样本, 2 个玩家
2025-12-08 15:19:26,102 - INFO - [1548/10119] 转换: szqjl_2024-04-25_14_42_39_.rep (已处理: 246, 已转换: 245)
2025-12-08 15:19:26,112 - INFO -   ✓ 成功: 21 个样本, 2 个玩家
2025-12-08 15:19:26,116 - INFO - [1549/10119] 转换: szqjl_2024-04-25_14_45_20_.rep (已处理: 247, 已转换: 246)
2025-12-08 15:19:26,126 - INFO -   ✓ 成功: 17 个样本, 2 个玩家
2025-12-08 15:19:26,129 - INFO - [1550/10119] 转换: szqjl_2024-04-25_14_48_49_.rep (已处理: 248, 已转换: 247)
2025-12-08 15:19:26,141 - INFO -   ✓ 成功: 19 个样本, 2 个玩家
2025-12-08 15:19:26,145 - INFO - [1551/10119] 转换: szqjl_2024-04-25_14_53_26_.rep (已处理: 249, 已转换: 248)
2025-12-08 15:19:26,155 - INFO -   ✓ 成功: 16 个样本, 2 个玩家
2025-12-08 15:19:26,158 - INFO - [1552/10119] 转换: szqjl_2024-04-25_15_00_03_.rep (已处理: 250, 已转换: 249)
2025-12-08 15:19:26,169 - INFO -   ✓ 成功: 20 个样本, 2 个玩家
2025-12-08 15:19:26,172 - INFO - [1553/10119] 转换: szqjl_2024-04-25_15_04_39_.rep (已处理: 251, 已转换: 250)
2025-12-08 15:19:26,183 - INFO -   ✓ 成功: 20 个样本, 2 个玩家
2025-12-08 15:19:26,186 - INFO - [1554/10119] 转换: szqjl_2024-04-25_15_07_55_.rep (已处理: 252, 已转换: 251)
2025-12-08 15:19:26,197 - INFO -   ✓ 成功: 19 个样本, 2 个玩家
2025-12-08 15:19:26,201 - INFO - [1555/10119] 转换: szqjl_2024-04-25_15_13_32_.rep (已处理: 253, 已转换: 252)
2025-12-08 15:19:26,211 - INFO -   ✓ 成功: 17 个样本, 2 个玩家
2025-12-08 15:19:26,215 - INFO - [1556/10119] 转换: szqjl_2024-04-25_15_17_59_.rep (已处理: 254, 已转换: 253)
2025-12-08 15:19:26,225 - INFO -   ✓ 成功: 21 个样本, 2 个玩家
2025-12-08 15:19:26,229 - INFO - [1557/10119] 转换: szqjl_2024-04-25_15_21_09_.rep (已处理: 255, 已转换: 254)
2025-12-08 15:19:26,240 - INFO -   ✓ 成功: 18 个样本, 2 个玩家
2025-12-08 15:19:26,244 - INFO - [1558/10119] 转换: szqjl_2024-04-25_15_24_22_.rep (已处理: 256, 已转换: 255)
2025-12-08 15:19:26,266 - INFO -   ✓ 成功: 20 个样本, 2 个玩家
2025-12-08 15:19:26,271 - INFO - [1559/10119] 转换: szqjl_2024-04-25_15_28_08_.rep (已处理: 257, 已转换: 256)
2025-12-08 15:19:26,283 - INFO -   ✓ 成功: 22 个样本, 2 个玩家
2025-12-08 15:19:26,287 - INFO - [1560/10119] 转换: szqjl_2024-04-28_12_11_59_.rep (已处理: 258, 已转换: 257)
2025-12-08 15:19:26,297 - INFO -   ✓ 成功: 21 个样本, 2 个玩家
2025-12-08 15:19:26,301 - INFO - [1561/10119] 转换: szqjl_2024-04-28_12_15_58_.rep (已处理: 259, 已转换: 258)
2025-12-08 15:19:26,313 - INFO -   ✓ 成功: 19 个样本, 2 个玩家
2025-12-08 15:19:26,317 - INFO - [1562/10119] 转换: szqjl_2024-04-28_12_19_02_.rep (已处理: 260, 已转换: 259)
2025-12-08 15:19:26,330 - INFO -   ✓ 成功: 18 个样本, 2 个玩家
2025-12-08 15:19:26,333 - INFO - [1563/10119] 转换: szqjl_2024-04-28_12_23_32_.rep (已处理: 261, 已转换: 260)
2025-12-08 15:19:26,344 - INFO -   ✓ 成功: 19 个样本, 2 个玩家
2025-12-08 15:19:26,348 - INFO - [1564/10119] 转换: szqjl_2024-04-28_12_27_06_.rep (已处理: 262, 已转换: 261)
2025-12-08 15:19:26,362 - INFO -   ✓ 成功: 20 个样本, 2 个玩家
2025-12-08 15:19:26,365 - INFO - [1565/10119] 转换: szqjl_2024-04-28_12_30_58_.rep (已处理: 263, 已转换: 262)
2025-12-08 15:19:26,377 - INFO -   ✓ 成功: 20 个样本, 2 个玩家
2025-12-08 15:19:26,381 - INFO - [1566/10119] 转换: szqjl_2024-04-28_12_34_56_.rep (已处理: 264, 已转换: 263)
2025-12-08 15:19:26,392 - INFO -   ✓ 成功: 22 个样本, 2 个玩家
2025-12-08 15:19:26,396 - INFO - [1567/10119] 转换: szqjl_2024-04-28_12_39_36_.rep (已处理: 265, 已转换: 264)
2025-12-08 15:19:26,399 - INFO -   ✓ 成功: 20 个样本, 2 个玩家
2025-12-08 15:19:26,403 - INFO - [1568/10119] 转换: szqjl_2024-04-28_12_44_47_.rep (已处理: 266, 已转换: 265)
2025-12-08 15:19:26,413 - INFO -   ✓ 成功: 20 个样本, 2 个玩家
2025-12-08 15:19:26,417 - INFO - [1569/10119] 转换: szqjl_2024-04-28_13_54_34_.rep (已处理: 267, 已转换: 266)
2025-12-08 15:19:26,427 - INFO -   ✓ 成功: 19 个样本, 2 个玩家
2025-12-08 15:19:26,431 - INFO - [1570/10119] 转换: szqjl_2024-04-28_13_57_36_.rep (已处理: 268, 已转换: 267)
2025-12-08 15:19:26,442 - INFO -   ✓ 成功: 22 个样本, 2 个玩家
2025-12-08 15:19:26,445 - INFO - [1571/10119] 转换: szqjl_2024-04-28_14_00_57_.rep (已处理: 269, 已转换: 268)
2025-12-08 15:19:26,457 - INFO -   ✓ 成功: 18 个样本, 2 个玩家
2025-12-08 15:19:26,461 - INFO - [1572/10119] 转换: szqjl_2024-04-28_14_04_32_.rep (已处理: 270, 已转换: 269)
2025-12-08 15:19:26,471 - INFO -   ✓ 成功: 19 个样本, 2 个玩家
2025-12-08 15:19:26,475 - INFO - [1573/10119] 转换: szqjl_2024-04-28_14_07_37_.rep (已处理: 271, 已转换: 270)
2025-12-08 15:19:26,485 - INFO -   ✓ 成功: 20 个样本, 2 个玩家
2025-12-08 15:19:26,489 - INFO - [1574/10119] 转换: szqjl_2024-04-28_14_11_39_.rep (已处理: 272, 已转换: 271)
2025-12-08 15:19:26,500 - INFO -   ✓ 成功: 20 个样本, 2 个玩家
2025-12-08 15:19:26,504 - INFO - [1575/10119] 转换: szqjl_2024-04-28_14_14_58_.rep (已处理: 273, 已转换: 272)
2025-12-08 15:19:26,514 - INFO -   ✓ 成功: 18 个样本, 2 个玩家
2025-12-08 15:19:26,518 - INFO - [1576/10119] 转换: szqjl_2024-04-28_14_18_32_.rep (已处理: 274, 已转换: 273)
2025-12-08 15:19:26,539 - INFO -   ✓ 成功: 21 个样本, 2 个玩家
2025-12-08 15:19:26,545 - INFO - [1577/10119] 转换: szqjl_2024-04-28_14_21_38_.rep (已处理: 275, 已转换: 274)
2025-12-08 15:19:26,556 - INFO -   ✓ 成功: 20 个样本, 2 个玩家
2025-12-08 15:19:26,560 - INFO - [1578/10119] 转换: szqjl_2024-04-28_14_29_26_.rep (已处理: 276, 已转换: 275)
2025-12-08 15:19:26,571 - INFO -   ✓ 成功: 22 个样本, 2 个玩家
2025-12-08 15:19:26,575 - INFO - [1579/10119] 转换: szqjl_2024-04-28_14_33_24_.rep (已处理: 277, 已转换: 276)
2025-12-08 15:19:26,586 - INFO -   ✓ 成功: 21 个样本, 2 个玩家
2025-12-08 15:19:26,591 - INFO - [1580/10119] 转换: szqjl_2024-04-28_14_36_06_.rep (已处理: 278, 已转换: 277)
2025-12-08 15:19:26,602 - INFO -   ✓ 成功: 19 个样本, 2 个玩家
2025-12-08 15:19:26,607 - INFO - [1581/10119] 转换: szqjl_2024-04-28_14_39_27_.rep (已处理: 279, 已转换: 278)
2025-12-08 15:19:26,617 - INFO -   ✓ 成功: 19 个样本, 2 个玩家
2025-12-08 15:19:26,620 - INFO - [1582/10119] 转换: szqjl_2024-04-28_14_42_48_.rep (已处理: 280, 已转换: 279)
2025-12-08 15:19:26,631 - INFO -   ✓ 成功: 18 个样本, 2 个玩家
2025-12-08 15:19:26,634 - INFO - [1583/10119] 转换: szqjl_2024-04-28_14_47_18_.rep (已处理: 281, 已转换: 280)
2025-12-08 15:19:26,644 - INFO -   ✓ 成功: 18 个样本, 2 个玩家
2025-12-08 15:19:26,648 - INFO - [1584/10119] 转换: szqjl_2024-04-28_14_51_42_.rep (已处理: 282, 已转换: 281)
2025-12-08 15:19:26,660 - INFO -   ✓ 成功: 22 个样本, 2 个玩家
2025-12-08 15:19:26,664 - INFO - [1585/10119] 转换: szqjl_2024-04-28_14_56_42_.rep (已处理: 283, 已转换: 282)
2025-12-08 15:19:26,675 - INFO -   ✓ 成功: 20 个样本, 2 个玩家
2025-12-08 15:19:26,679 - INFO - [1586/10119] 转换: szqjl_2024-04-28_15_03_01_.rep (已处理: 284, 已转换: 283)
2025-12-08 15:19:26,688 - INFO -   ✓ 成功: 18 个样本, 2 个玩家
2025-12-08 15:19:26,692 - INFO - [1587/10119] 转换: szqjl_2024-04-28_15_07_54_.rep (已处理: 285, 已转换: 284)
2025-12-08 15:19:26,703 - INFO -   ✓ 成功: 21 个样本, 2 个玩家
2025-12-08 15:19:26,707 - INFO - [1588/10119] 转换: szqjl_2024-04-28_15_11_00_.rep (已处理: 286, 已转换: 285)
2025-12-08 15:19:26,717 - INFO -   ✓ 成功: 17 个样本, 2 个玩家
2025-12-08 15:19:26,721 - INFO - [1589/10119] 转换: szqjl_2024-04-28_15_14_14_.rep (已处理: 287, 已转换: 286)
2025-12-08 15:19:26,731 - INFO -   ✓ 成功: 17 个样本, 2 个玩家
2025-12-08 15:19:26,735 - INFO - [1590/10119] 转换: szqjl_2024-04-28_15_18_32_.rep (已处理: 288, 已转换: 287)
2025-12-08 15:19:26,745 - INFO -   ✓ 成功: 20 个样本, 2 个玩家
2025-12-08 15:19:26,749 - INFO - [1591/10119] 转换: szqjl_2024-04-28_15_22_20_.rep (已处理: 289, 已转换: 288)
2025-12-08 15:19:26,761 - INFO -   ✓ 成功: 19 个样本, 2 个玩家
2025-12-08 15:19:26,765 - INFO - [1592/10119] 转换: szqjl_2024-04-28_15_24_59_.rep (已处理: 290, 已转换: 289)
2025-12-08 15:19:26,775 - INFO -   ✓ 成功: 20 个样本, 2 个玩家
2025-12-08 15:19:26,779 - INFO - [1593/10119] 转换: szqjl_2024-04-28_15_28_23_.rep (已处理: 291, 已转换: 290)
2025-12-08 15:19:26,789 - INFO -   ✓ 成功: 19 个样本, 2 个玩家
2025-12-08 15:19:26,794 - INFO - [1594/10119] 转换: szqjl_2024-04-28_15_31_45_.rep (已处理: 292, 已转换: 291)
2025-12-08 15:19:26,804 - INFO -   ✓ 成功: 16 个样本, 2 个玩家
2025-12-08 15:19:26,807 - INFO - [1595/10119] 转换: szqjl_2024-04-28_15_35_35_.rep (已处理: 293, 已转换: 292)
2025-12-08 15:19:26,820 - INFO -   ✓ 成功: 17 个样本, 2 个玩家
2025-12-08 15:19:26,825 - INFO - [1596/10119] 转换: szqjl_2024-04-28_15_39_45_.rep (已处理: 294, 已转换: 293)
2025-12-08 15:19:26,836 - INFO -   ✓ 成功: 21 个样本, 2 个玩家
2025-12-08 15:19:26,840 - INFO - [1597/10119] 转换: szqjl_2024-04-29_11_56_35_.rep (已处理: 295, 已转换: 294)
2025-12-08 15:19:26,850 - INFO -   ✓ 成功: 22 个样本, 2 个玩家
2025-12-08 15:19:26,854 - INFO - [1598/10119] 转换: szqjl_2024-04-29_11_59_42_.rep (已处理: 296, 已转换: 295)
2025-12-08 15:19:26,869 - INFO -   ✓ 成功: 25 个样本, 2 个玩家
2025-12-08 15:19:26,874 - INFO - [1599/10119] 转换: szqjl_2024-04-29_12_03_05_.rep (已处理: 297, 已转换: 296)
2025-12-08 15:19:26,885 - INFO -   ✓ 成功: 16 个样本, 2 个玩家
2025-12-08 15:19:26,889 - INFO - [1600/10119] 转换: szqjl_2024-04-29_12_06_24_.rep (已处理: 298, 已转换: 297)
2025-12-08 15:19:26,899 - INFO -   ✓ 成功: 17 个样本, 2 个玩家
2025-12-08 15:19:26,903 - INFO - [1601/10119] 转换: szqjl_2024-04-29_12_10_15_.rep (已处理: 299, 已转换: 298)
2025-12-08 15:19:26,915 - INFO -   ✓ 成功: 18 个样本, 2 个玩家
2025-12-08 15:19:26,919 - INFO - [1602/10119] 转换: szqjl_2024-04-29_12_15_02_.rep (已处理: 300, 已转换: 299)
2025-12-08 15:19:26,930 - INFO -   ✓ 成功: 24 个样本, 2 个玩家
2025-12-08 15:19:26,930 - INFO - ============================================================
2025-12-08 15:19:26,931 - INFO - 进度: 成功转换 300 个, 跳过 1302 个, 失败 0 个
2025-12-08 15:19:26,931 - INFO - 已转换样本: 5871 个
2025-12-08 15:19:26,931 - INFO - 转换速度: 43.1 文件/秒
2025-12-08 15:19:26,931 - INFO - 预计剩余时间: 3.3 分钟
2025-12-08 15:19:26,931 - INFO - ============================================================
2025-12-08 15:19:26,935 - INFO - [1603/10119] 转换: szqjl_2024-04-29_12_19_47_.rep (已处理: 301, 已转换: 300)
2025-12-08 15:19:26,948 - INFO -   ✓ 成功: 15 个样本, 2 个玩家
2025-12-08 15:19:26,952 - INFO - [1604/10119] 转换: szqjl_2024-04-29_12_23_11_.rep (已处理: 302, 已转换: 301)
2025-12-08 15:19:26,962 - INFO -   ✓ 成功: 21 个样本, 2 个玩家
2025-12-08 15:19:26,966 - INFO - [1605/10119] 转换: szqjl_2024-04-29_12_26_20_.rep (已处理: 303, 已转换: 302)
2025-12-08 15:19:26,970 - INFO -   ✓ 成功: 25 个样本, 2 个玩家
2025-12-08 15:19:26,974 - INFO - [1606/10119] 转换: szqjl_2024-04-29_12_30_11_.rep (已处理: 304, 已转换: 303)
2025-12-08 15:19:26,985 - INFO -   ✓ 成功: 21 个样本, 2 个玩家
2025-12-08 15:19:26,989 - INFO - [1607/10119] 转换: szqjl_2024-04-29_12_34_22_.rep (已处理: 305, 已转换: 304)
2025-12-08 15:19:27,000 - INFO -   ✓ 成功: 21 个样本, 2 个玩家
2025-12-08 15:19:27,004 - INFO - [1608/10119] 转换: szqjl_2024-04-29_15_54_02_.rep (已处理: 306, 已转换: 305)
2025-12-08 15:19:27,015 - INFO -   ✓ 成功: 23 个样本, 2 个玩家
2025-12-08 15:19:27,019 - INFO - [1609/10119] 转换: szqjl_2024-04-29_16_02_53_.rep (已处理: 307, 已转换: 306)
2025-12-08 15:19:27,031 - INFO -   ✓ 成功: 15 个样本, 2 个玩家
2025-12-08 15:19:27,035 - INFO - [1610/10119] 转换: szqjl_2024-04-29_16_08_46_.rep (已处理: 308, 已转换: 307)
2025-12-08 15:19:27,046 - INFO -   ✓ 成功: 23 个样本, 2 个玩家
2025-12-08 15:19:27,050 - INFO - [1611/10119] 转换: szqjl_2024-04-29_16_14_50_.rep (已处理: 309, 已转换: 308)
2025-12-08 15:19:27,060 - INFO -   ✓ 成功: 25 个样本, 2 个玩家
2025-12-08 15:19:27,064 - INFO - [1612/10119] 转换: szqjl_2024-04-29_16_19_32_.rep (已处理: 310, 已转换: 309)
2025-12-08 15:19:27,084 - INFO -   ✓ 成功: 24 个样本, 2 个玩家
2025-12-08 15:19:27,090 - INFO - [1613/10119] 转换: szqjl_2024-04-29_16_23_36_.rep (已处理: 311, 已转换: 310)
2025-12-08 15:19:27,103 - INFO -   ✓ 成功: 16 个样本, 2 个玩家
2025-12-08 15:19:27,107 - INFO - [1614/10119] 转换: szqjl_2024-04-29_16_27_55_.rep (已处理: 312, 已转换: 311)
2025-12-08 15:19:27,117 - INFO -   ✓ 成功: 20 个样本, 2 个玩家
2025-12-08 15:19:27,121 - INFO - [1615/10119] 转换: szqjl_2024-04-30_12_00_18_.rep (已处理: 313, 已转换: 312)
2025-12-08 15:19:27,132 - INFO -   ✓ 成功: 21 个样本, 2 个玩家
2025-12-08 15:19:27,135 - INFO - [1616/10119] 转换: szqjl_2024-04-30_12_05_38_.rep (已处理: 314, 已转换: 313)
2025-12-08 15:19:27,146 - INFO -   ✓ 成功: 22 个样本, 2 个玩家
2025-12-08 15:19:27,149 - INFO - [1617/10119] 转换: szqjl_2024-04-30_12_08_40_.rep (已处理: 315, 已转换: 314)
2025-12-08 15:19:27,159 - INFO -   ✓ 成功: 19 个样本, 2 个玩家
2025-12-08 15:19:27,163 - INFO - [1618/10119] 转换: szqjl_2024-04-30_12_14_31_.rep (已处理: 316, 已转换: 315)
2025-12-08 15:19:27,175 - INFO -   ✓ 成功: 23 个样本, 2 个玩家
2025-12-08 15:19:27,178 - INFO - [1619/10119] 转换: szqjl_2024-04-30_12_19_11_.rep (已处理: 317, 已转换: 316)
2025-12-08 15:19:27,189 - INFO -   ✓ 成功: 20 个样本, 2 个玩家
2025-12-08 15:19:27,193 - INFO - [1620/10119] 转换: szqjl_2024-04-30_12_23_57_.rep (已处理: 318, 已转换: 317)
2025-12-08 15:19:27,203 - INFO -   ✓ 成功: 20 个样本, 2 个玩家
2025-12-08 15:19:27,207 - INFO - [1621/10119] 转换: szqjl_2024-04-30_12_28_10_.rep (已处理: 319, 已转换: 318)
2025-12-08 15:19:27,217 - INFO -   ✓ 成功: 18 个样本, 2 个玩家
2025-12-08 15:19:27,221 - INFO - [1622/10119] 转换: szqjl_2024-04-30_12_32_16_.rep (已处理: 320, 已转换: 319)
2025-12-08 15:19:27,232 - INFO -   ✓ 成功: 24 个样本, 2 个玩家
2025-12-08 15:19:27,236 - INFO - [1623/10119] 转换: szqjl_2024-04-30_12_35_48_.rep (已处理: 321, 已转换: 320)
2025-12-08 15:19:27,245 - INFO -   ✓ 成功: 17 个样本, 2 个玩家
2025-12-08 15:19:27,249 - INFO - [1624/10119] 转换: szqjl_2024-04-30_12_38_52_.rep (已处理: 322, 已转换: 321)
2025-12-08 15:19:27,260 - INFO -   ✓ 成功: 15 个样本, 2 个玩家
2025-12-08 15:19:27,263 - INFO - [1625/10119] 转换: szqjl_2024-04-30_12_43_04_.rep (已处理: 323, 已转换: 322)
2025-12-08 15:19:27,274 - INFO -   ✓ 成功: 21 个样本, 2 个玩家
2025-12-08 15:19:27,278 - INFO - [1626/10119] 转换: szqjl_2024-04-30_12_47_28_.rep (已处理: 324, 已转换: 323)
2025-12-08 15:19:27,288 - INFO -   ✓ 成功: 19 个样本, 2 个玩家
2025-12-08 15:19:27,292 - INFO - [1627/10119] 转换: szqjl_2024-04-30_12_51_07_.rep (已处理: 325, 已转换: 324)
2025-12-08 15:19:27,296 - INFO -   ✓ 成功: 22 个样本, 2 个玩家
2025-12-08 15:19:27,300 - INFO - [1628/10119] 转换: szqjl_2024-04-30_14_38_18_.rep (已处理: 326, 已转换: 325)
2025-12-08 15:19:27,310 - INFO -   ✓ 成功: 21 个样本, 2 个玩家
2025-12-08 15:19:27,315 - INFO - [1629/10119] 转换: szqjl_2024-04-30_14_41_31_.rep (已处理: 327, 已转换: 326)
2025-12-08 15:19:27,329 - INFO -   ✓ 成功: 20 个样本, 2 个玩家
2025-12-08 15:19:27,334 - INFO - [1630/10119] 转换: szqjl_2024-04-30_14_46_09_.rep (已处理: 328, 已转换: 327)
2025-12-08 15:19:27,346 - INFO -   ✓ 成功: 22 个样本, 2 个玩家
2025-12-08 15:19:27,352 - INFO - [1631/10119] 转换: szqjl_2024-04-30_14_49_23_.rep (已处理: 329, 已转换: 328)
2025-12-08 15:19:27,364 - INFO -   ✓ 成功: 16 个样本, 2 个玩家
2025-12-08 15:19:27,368 - INFO - [1632/10119] 转换: szqjl_2024-04-30_14_53_44_.rep (已处理: 330, 已转换: 329)
2025-12-08 15:19:27,380 - INFO -   ✓ 成功: 23 个样本, 2 个玩家
2025-12-08 15:19:27,385 - INFO - [1633/10119] 转换: szqjl_2024-04-30_14_57_26_.rep (已处理: 331, 已转换: 330)
2025-12-08 15:19:27,396 - INFO -   ✓ 成功: 15 个样本, 2 个玩家
2025-12-08 15:19:27,401 - INFO - [1634/10119] 转换: szqjl_2024-04-30_15_02_47_.rep (已处理: 332, 已转换: 331)
2025-12-08 15:19:27,412 - INFO -   ✓ 成功: 17 个样本, 2 个玩家
2025-12-08 15:19:27,416 - INFO - [1635/10119] 转换: szqjl_2024-04-30_15_06_34_.rep (已处理: 333, 已转换: 332)
2025-12-08 15:19:27,427 - INFO -   ✓ 成功: 21 个样本, 2 个玩家
2025-12-08 15:19:27,431 - INFO - [1636/10119] 转换: szqjl_2024-04-30_15_10_54_.rep (已处理: 334, 已转换: 333)
2025-12-08 15:19:27,443 - INFO -   ✓ 成功: 19 个样本, 2 个玩家
2025-12-08 15:19:27,447 - INFO - [1637/10119] 转换: szqjl_2024-04-30_15_19_56_.rep (已处理: 335, 已转换: 334)
2025-12-08 15:19:27,457 - INFO -   ✓ 成功: 18 个样本, 2 个玩家
2025-12-08 15:19:27,461 - INFO - [1638/10119] 转换: szqjl_2024-04-30_15_23_15_.rep (已处理: 336, 已转换: 335)
2025-12-08 15:19:27,471 - INFO -   ✓ 成功: 18 个样本, 2 个玩家
2025-12-08 15:19:27,475 - INFO - [1639/10119] 转换: szqjl_2024-04-30_15_28_23_.rep (已处理: 337, 已转换: 336)
2025-12-08 15:19:27,487 - INFO -   ✓ 成功: 21 个样本, 2 个玩家
2025-12-08 15:19:27,491 - INFO - [1640/10119] 转换: szqjl_2024-04-30_15_31_44_.rep (已处理: 338, 已转换: 337)
2025-12-08 15:19:27,502 - INFO -   ✓ 成功: 20 个样本, 2 个玩家
2025-12-08 15:19:27,506 - INFO - [1641/10119] 转换: szqjl_2024-04-30_15_36_54_.rep (已处理: 339, 已转换: 338)
2025-12-08 15:19:27,517 - INFO -   ✓ 成功: 23 个样本, 2 个玩家
2025-12-08 15:19:27,521 - INFO - [1642/10119] 转换: szqjl_2024-04-30_15_40_19_.rep (已处理: 340, 已转换: 339)
2025-12-08 15:19:27,530 - INFO -   ✓ 成功: 20 个样本, 2 个玩家
2025-12-08 15:19:27,534 - INFO - [1643/10119] 转换: szqjl_2024-04-30_15_46_01_.rep (已处理: 341, 已转换: 340)
2025-12-08 15:19:27,544 - INFO -   ✓ 成功: 18 个样本, 2 个玩家
2025-12-08 15:19:27,549 - INFO - [1644/10119] 转换: szqjl_2024-04-30_15_50_01_.rep (已处理: 342, 已转换: 341)
2025-12-08 15:19:27,559 - INFO -   ✓ 成功: 21 个样本, 2 个玩家
2025-12-08 15:19:27,564 - INFO - [1645/10119] 转换: szqjl_2024-04-30_15_54_01_.rep (已处理: 343, 已转换: 342)
2025-12-08 15:19:27,574 - INFO -   ✓ 成功: 19 个样本, 2 个玩家
2025-12-08 15:19:27,579 - INFO - [1646/10119] 转换: szqjl_2024-04-30_15_58_28_.rep (已处理: 344, 已转换: 343)
2025-12-08 15:19:27,591 - INFO -   ✓ 成功: 19 个样本, 2 个玩家
2025-12-08 15:19:27,595 - INFO - [1647/10119] 转换: szqjl_2024-04-30_16_02_20_.rep (已处理: 345, 已转换: 344)
2025-12-08 15:19:27,606 - INFO -   ✓ 成功: 20 个样本, 2 个玩家
2025-12-08 15:19:27,610 - INFO - [1648/10119] 转换: szqjl_2024-04-30_16_05_35_.rep (已处理: 346, 已转换: 345)
2025-12-08 15:19:27,622 - INFO -   ✓ 成功: 16 个样本, 2 个玩家
2025-12-08 15:19:27,627 - INFO - [1649/10119] 转换: szqjl_2024-04-30_16_09_34_.rep (已处理: 347, 已转换: 346)
2025-12-08 15:19:27,637 - INFO -   ✓ 成功: 22 个样本, 2 个玩家
2025-12-08 15:19:27,642 - INFO - [1650/10119] 转换: szqjl_2024-04-30_16_13_32_.rep (已处理: 348, 已转换: 347)
2025-12-08 15:19:27,652 - INFO -   ✓ 成功: 19 个样本, 2 个玩家
2025-12-08 15:19:27,657 - INFO - [1651/10119] 转换: szqjl_2024-04-30_16_18_36_.rep (已处理: 349, 已转换: 348)
2025-12-08 15:19:27,667 - INFO -   ✓ 成功: 27 个样本, 2 个玩家
2025-12-08 15:19:27,671 - INFO - [1652/10119] 转换: szqjl_2024-04-30_16_21_53_.rep (已处理: 350, 已转换: 349)
2025-12-08 15:19:27,681 - INFO -   ✓ 成功: 20 个样本, 2 个玩家
2025-12-08 15:19:27,685 - INFO - [1653/10119] 转换: szqjl_2024-04-30_16_25_17_.rep (已处理: 351, 已转换: 350)
2025-12-08 15:19:27,695 - INFO -   ✓ 成功: 16 个样本, 2 个玩家
2025-12-08 15:19:27,699 - INFO - [1654/10119] 转换: szqjl_2024-04-30_16_29_18_.rep (已处理: 352, 已转换: 351)
2025-12-08 15:19:27,709 - INFO -   ✓ 成功: 21 个样本, 2 个玩家
2025-12-08 15:19:27,713 - INFO - [1655/10119] 转换: szqjl_2024-05-06_12_20_08_.rep (已处理: 353, 已转换: 352)
2025-12-08 15:19:27,724 - INFO -   ✓ 成功: 24 个样本, 2 个玩家
2025-12-08 15:19:27,728 - INFO - [1656/10119] 转换: szqjl_2024-05-06_12_23_30_.rep (已处理: 354, 已转换: 353)
2025-12-08 15:19:27,739 - INFO -   ✓ 成功: 21 个样本, 2 个玩家
2025-12-08 15:19:27,743 - INFO - [1657/10119] 转换: szqjl_2024-05-06_12_27_44_.rep (已处理: 355, 已转换: 354)
2025-12-08 15:19:27,753 - INFO -   ✓ 成功: 26 个样本, 2 个玩家
2025-12-08 15:19:27,757 - INFO - [1658/10119] 转换: szqjl_2024-05-06_12_31_47_.rep (已处理: 356, 已转换: 355)
2025-12-08 15:19:27,767 - INFO -   ✓ 成功: 21 个样本, 2 个玩家
2025-12-08 15:19:27,772 - INFO - [1659/10119] 转换: szqjl_2024-05-06_12_35_46_.rep (已处理: 357, 已转换: 356)
2025-12-08 15:19:27,775 - INFO -   ✓ 成功: 19 个样本, 2 个玩家
2025-12-08 15:19:27,779 - INFO - [1660/10119] 转换: szqjl_2024-05-06_12_39_30_.rep (已处理: 358, 已转换: 357)
2025-12-08 15:19:27,790 - INFO -   ✓ 成功: 20 个样本, 2 个玩家
2025-12-08 15:19:27,794 - INFO - [1661/10119] 转换: szqjl_2024-05-06_12_43_07_.rep (已处理: 359, 已转换: 358)
2025-12-08 15:19:27,804 - INFO -   ✓ 成功: 20 个样本, 2 个玩家
2025-12-08 15:19:27,808 - INFO - [1662/10119] 转换: szqjl_2024-05-06_12_47_14_.rep (已处理: 360, 已转换: 359)
2025-12-08 15:19:27,818 - INFO -   ✓ 成功: 19 个样本, 2 个玩家
2025-12-08 15:19:27,824 - INFO - [1663/10119] 转换: szqjl_2024-05-06_12_50_59_.rep (已处理: 361, 已转换: 360)
2025-12-08 15:19:27,834 - INFO -   ✓ 成功: 18 个样本, 2 个玩家
2025-12-08 15:19:27,838 - INFO - [1664/10119] 转换: szqjl_2024-05-06_12_54_43_.rep (已处理: 362, 已转换: 361)
2025-12-08 15:19:27,848 - INFO -   ✓ 成功: 16 个样本, 2 个玩家
2025-12-08 15:19:27,852 - INFO - [1665/10119] 转换: szqjl_2024-05-06_13_00_49_.rep (已处理: 363, 已转换: 362)
2025-12-08 15:19:27,863 - INFO -   ✓ 成功: 23 个样本, 2 个玩家
2025-12-08 15:19:27,867 - INFO - [1666/10119] 转换: szqjl_2024-05-06_13_03_47_.rep (已处理: 364, 已转换: 363)
2025-12-08 15:19:27,877 - INFO -   ✓ 成功: 18 个样本, 2 个玩家
2025-12-08 15:19:27,881 - INFO - [1667/10119] 转换: szqjl_2024-05-06_13_12_43_.rep (已处理: 365, 已转换: 364)
2025-12-08 15:19:27,891 - INFO -   ✓ 成功: 19 个样本, 2 个玩家
2025-12-08 15:19:27,895 - INFO - [1668/10119] 转换: szqjl_2024-05-06_13_17_29_.rep (已处理: 366, 已转换: 365)
2025-12-08 15:19:27,905 - INFO -   ✓ 成功: 19 个样本, 2 个玩家
2025-12-08 15:19:27,909 - INFO - [1669/10119] 转换: szqjl_2024-05-06_13_20_59_.rep (已处理: 367, 已转换: 366)
2025-12-08 15:19:27,919 - INFO -   ✓ 成功: 19 个样本, 2 个玩家
2025-12-08 15:19:27,923 - INFO - [1670/10119] 转换: szqjl_2024-05-06_13_24_58_.rep (已处理: 368, 已转换: 367)
2025-12-08 15:19:27,934 - INFO -   ✓ 成功: 20 个样本, 2 个玩家
2025-12-08 15:19:27,938 - INFO - [1671/10119] 转换: szqjl_2024-05-06_13_28_06_.rep (已处理: 369, 已转换: 368)
2025-12-08 15:19:27,949 - INFO -   ✓ 成功: 18 个样本, 2 个玩家
2025-12-08 15:19:27,953 - INFO - [1672/10119] 转换: szqjl_2024-05-06_13_32_24_.rep (已处理: 370, 已转换: 369)
2025-12-08 15:19:27,963 - INFO -   ✓ 成功: 23 个样本, 2 个玩家
2025-12-08 15:19:27,967 - INFO - [1673/10119] 转换: szqjl_2024-05-06_13_35_44_.rep (已处理: 371, 已转换: 370)
2025-12-08 15:19:27,978 - INFO -   ✓ 成功: 16 个样本, 2 个玩家
2025-12-08 15:19:27,982 - INFO - [1674/10119] 转换: szqjl_2024-05-06_13_39_33_.rep (已处理: 372, 已转换: 371)
2025-12-08 15:19:27,991 - INFO -   ✓ 成功: 17 个样本, 2 个玩家
2025-12-08 15:19:27,996 - INFO - [1675/10119] 转换: szqjl_2024-05-06_13_43_03_.rep (已处理: 373, 已转换: 372)
2025-12-08 15:19:28,006 - INFO -   ✓ 成功: 22 个样本, 2 个玩家
2025-12-08 15:19:28,010 - INFO - [1676/10119] 转换: szqjl_2024-05-06_13_47_33_.rep (已处理: 374, 已转换: 373)
2025-12-08 15:19:28,020 - INFO -   ✓ 成功: 21 个样本, 2 个玩家
2025-12-08 15:19:28,025 - INFO - [1677/10119] 转换: szqjl_2024-05-06_13_55_03_.rep (已处理: 375, 已转换: 374)
2025-12-08 15:19:28,034 - INFO -   ✓ 成功: 23 个样本, 2 个玩家
2025-12-08 15:19:28,039 - INFO - [1678/10119] 转换: szqjl_2024-05-06_13_58_07_.rep (已处理: 376, 已转换: 375)
2025-12-08 15:19:28,049 - INFO -   ✓ 成功: 19 个样本, 2 个玩家
2025-12-08 15:19:28,053 - INFO - [1679/10119] 转换: szqjl_2024-05-06_14_01_36_.rep (已处理: 377, 已转换: 376)
2025-12-08 15:19:28,063 - INFO -   ✓ 成功: 22 个样本, 2 个玩家
2025-12-08 15:19:28,068 - INFO - [1680/10119] 转换: szqjl_2024-05-06_14_05_08_.rep (已处理: 378, 已转换: 377)
2025-12-08 15:19:28,078 - INFO -   ✓ 成功: 20 个样本, 2 个玩家
2025-12-08 15:19:28,082 - INFO - [1681/10119] 转换: szqjl_2024-05-06_14_08_51_.rep (已处理: 379, 已转换: 378)
2025-12-08 15:19:28,093 - INFO -   ✓ 成功: 19 个样本, 2 个玩家
2025-12-08 15:19:28,097 - INFO - [1682/10119] 转换: szqjl_2024-05-06_14_13_53_.rep (已处理: 380, 已转换: 379)
2025-12-08 15:19:28,109 - INFO -   ✓ 成功: 23 个样本, 2 个玩家
2025-12-08 15:19:28,114 - INFO - [1683/10119] 转换: szqjl_2024-05-06_14_18_20_.rep (已处理: 381, 已转换: 380)
2025-12-08 15:19:28,125 - INFO -   ✓ 成功: 16 个样本, 2 个玩家
2025-12-08 15:19:28,130 - INFO - [1684/10119] 转换: szqjl_2024-05-06_14_22_08_.rep (已处理: 382, 已转换: 381)
2025-12-08 15:19:28,140 - INFO -   ✓ 成功: 23 个样本, 2 个玩家
2025-12-08 15:19:28,145 - INFO - [1685/10119] 转换: szqjl_2024-05-06_14_24_55_.rep (已处理: 383, 已转换: 382)
2025-12-08 15:19:28,154 - INFO -   ✓ 成功: 17 个样本, 2 个玩家
2025-12-08 15:19:28,158 - INFO - [1686/10119] 转换: szqjl_2024-05-06_14_28_28_.rep (已处理: 384, 已转换: 383)
2025-12-08 15:19:28,169 - INFO -   ✓ 成功: 21 个样本, 2 个玩家
2025-12-08 15:19:28,173 - INFO - [1687/10119] 转换: szqjl_2024-05-06_14_32_15_.rep (已处理: 385, 已转换: 384)
2025-12-08 15:19:28,183 - INFO -   ✓ 成功: 23 个样本, 2 个玩家
2025-12-08 15:19:28,187 - INFO - [1688/10119] 转换: szqjl_2024-05-06_14_35_27_.rep (已处理: 386, 已转换: 385)
2025-12-08 15:19:28,198 - INFO -   ✓ 成功: 20 个样本, 2 个玩家
2025-12-08 15:19:28,202 - INFO - [1689/10119] 转换: szqjl_2024-05-06_14_38_30_.rep (已处理: 387, 已转换: 386)
2025-12-08 15:19:28,214 - INFO -   ✓ 成功: 19 个样本, 2 个玩家
2025-12-08 15:19:28,218 - INFO - [1690/10119] 转换: szqjl_2024-05-06_14_42_14_.rep (已处理: 388, 已转换: 387)
2025-12-08 15:19:28,228 - INFO -   ✓ 成功: 22 个样本, 2 个玩家
2025-12-08 15:19:28,233 - INFO - [1691/10119] 转换: szqjl_2024-05-06_14_45_45_.rep (已处理: 389, 已转换: 388)
2025-12-08 15:19:28,243 - INFO -   ✓ 成功: 16 个样本, 2 个玩家
2025-12-08 15:19:28,247 - INFO - [1692/10119] 转换: szqjl_2024-05-06_14_53_18_.rep (已处理: 390, 已转换: 389)
2025-12-08 15:19:28,259 - INFO -   ✓ 成功: 21 个样本, 2 个玩家
2025-12-08 15:19:28,263 - INFO - [1693/10119] 转换: szqjl_2024-05-06_14_57_26_.rep (已处理: 391, 已转换: 390)
2025-12-08 15:19:28,274 - INFO -   ✓ 成功: 22 个样本, 2 个玩家
2025-12-08 15:19:28,278 - INFO - [1694/10119] 转换: szqjl_2024-05-06_15_00_59_.rep (已处理: 392, 已转换: 391)
2025-12-08 15:19:28,289 - INFO -   ✓ 成功: 26 个样本, 2 个玩家
2025-12-08 15:19:28,293 - INFO - [1695/10119] 转换: szqjl_2024-05-06_15_03_56_.rep (已处理: 393, 已转换: 392)
2025-12-08 15:19:28,303 - INFO -   ✓ 成功: 25 个样本, 2 个玩家
2025-12-08 15:19:28,308 - INFO - [1696/10119] 转换: szqjl_2024-05-06_15_08_24_.rep (已处理: 394, 已转换: 393)
2025-12-08 15:19:28,318 - INFO -   ✓ 成功: 23 个样本, 2 个玩家
2025-12-08 15:19:28,322 - INFO - [1697/10119] 转换: szqjl_2024-05-06_15_12_24_.rep (已处理: 395, 已转换: 394)
2025-12-08 15:19:28,329 - INFO -   ✓ 成功: 20 个样本, 2 个玩家
2025-12-08 15:19:28,333 - INFO - [1698/10119] 转换: szqjl_2024-05-06_15_18_05_.rep (已处理: 396, 已转换: 395)
2025-12-08 15:19:28,344 - INFO -   ✓ 成功: 29 个样本, 2 个玩家
2025-12-08 15:19:28,348 - INFO - [1699/10119] 转换: szqjl_2024-05-06_15_21_06_.rep (已处理: 397, 已转换: 396)
2025-12-08 15:19:28,359 - INFO -   ✓ 成功: 17 个样本, 2 个玩家
2025-12-08 15:19:28,363 - INFO - [1700/10119] 转换: szqjl_2024-05-06_15_24_14_.rep (已处理: 398, 已转换: 397)
2025-12-08 15:19:28,375 - INFO -   ✓ 成功: 18 个样本, 2 个玩家
2025-12-08 15:19:28,380 - INFO - [1701/10119] 转换: szqjl_2024-05-06_15_28_17_.rep (已处理: 399, 已转换: 398)
2025-12-08 15:19:28,392 - INFO -   ✓ 成功: 22 个样本, 2 个玩家
2025-12-08 15:19:28,397 - INFO - [1702/10119] 转换: szqjl_2024-05-06_15_31_57_.rep (已处理: 400, 已转换: 399)
2025-12-08 15:19:28,400 - INFO -   ✓ 成功: 17 个样本, 2 个玩家
2025-12-08 15:19:28,401 - INFO - ============================================================
2025-12-08 15:19:28,401 - INFO - 进度: 成功转换 400 个, 跳过 1302 个, 失败 0 个
2025-12-08 15:19:28,401 - INFO - 已转换样本: 7895 个
2025-12-08 15:19:28,401 - INFO - 转换速度: 47.4 文件/秒
2025-12-08 15:19:28,401 - INFO - 预计剩余时间: 3.0 分钟
2025-12-08 15:19:28,402 - INFO - ============================================================
2025-12-08 15:19:28,406 - INFO - [1703/10119] 转换: szqjl_2024-05-06_15_35_14_.rep (已处理: 401, 已转换: 400)
2025-12-08 15:19:28,417 - INFO -   ✓ 成功: 17 个样本, 2 个玩家
2025-12-08 15:19:28,422 - INFO - [1704/10119] 转换: szqjl_2024-05-06_15_38_25_.rep (已处理: 402, 已转换: 401)
2025-12-08 15:19:28,432 - INFO -   ✓ 成功: 19 个样本, 2 个玩家
2025-12-08 15:19:28,437 - INFO - [1705/10119] 转换: szqjl_2024-05-06_15_41_50_.rep (已处理: 403, 已转换: 402)
2025-12-08 15:19:28,448 - INFO -   ✓ 成功: 21 个样本, 2 个玩家
2025-12-08 15:19:28,452 - INFO - [1706/10119] 转换: szqjl_2024-05-06_15_45_48_.rep (已处理: 404, 已转换: 403)
2025-12-08 15:19:28,463 - INFO -   ✓ 成功: 19 个样本, 2 个玩家
2025-12-08 15:19:28,467 - INFO - [1707/10119] 转换: szqjl_2024-05-06_15_49_02_.rep (已处理: 405, 已转换: 404)
2025-12-08 15:19:28,478 - INFO -   ✓ 成功: 22 个样本, 2 个玩家
2025-12-08 15:19:28,482 - INFO - [1708/10119] 转换: szqjl_2024-05-06_15_51_51_.rep (已处理: 406, 已转换: 405)
2025-12-08 15:19:28,492 - INFO -   ✓ 成功: 25 个样本, 2 个玩家
2025-12-08 15:19:28,497 - INFO - [1709/10119] 转换: szqjl_2024-05-06_15_53_58_.rep (已处理: 407, 已转换: 406)
2025-12-08 15:19:28,507 - INFO -   ✓ 成功: 15 个样本, 2 个玩家
2025-12-08 15:19:28,512 - INFO - [1710/10119] 转换: szqjl_2024-05-06_15_55_57_.rep (已处理: 408, 已转换: 407)
2025-12-08 15:19:28,522 - INFO -   ✓ 成功: 18 个样本, 2 个玩家
2025-12-08 15:19:28,526 - INFO - [1711/10119] 转换: szqjl_2024-05-06_15_59_27_.rep (已处理: 409, 已转换: 408)
2025-12-08 15:19:28,536 - INFO -   ✓ 成功: 21 个样本, 2 个玩家
2025-12-08 15:19:28,540 - INFO - [1712/10119] 转换: szqjl_2024-05-06_16_02_53_.rep (已处理: 410, 已转换: 409)
2025-12-08 15:19:28,561 - INFO -   ✓ 成功: 19 个样本, 2 个玩家
2025-12-08 15:19:28,567 - INFO - [1713/10119] 转换: szqjl_2024-05-06_16_05_48_.rep (已处理: 411, 已转换: 410)
2025-12-08 15:19:28,579 - INFO -   ✓ 成功: 21 个样本, 2 个玩家
2025-12-08 15:19:28,584 - INFO - [1714/10119] 转换: szqjl_2024-05-06_16_08_07_.rep (已处理: 412, 已转换: 411)
2025-12-08 15:19:28,596 - INFO -   ✓ 成功: 18 个样本, 2 个玩家
2025-12-08 15:19:28,601 - INFO - [1715/10119] 转换: szqjl_2024-05-06_16_11_19_.rep (已处理: 413, 已转换: 412)
2025-12-08 15:19:28,612 - INFO -   ✓ 成功: 23 个样本, 2 个玩家
2025-12-08 15:19:28,617 - INFO - [1716/10119] 转换: szqjl_2024-05-06_16_13_38_.rep (已处理: 414, 已转换: 413)
2025-12-08 15:19:28,627 - INFO -   ✓ 成功: 18 个样本, 2 个玩家
2025-12-08 15:19:28,632 - INFO - [1717/10119] 转换: szqjl_2024-05-06_16_16_00_.rep (已处理: 415, 已转换: 414)
2025-12-08 15:19:28,642 - INFO -   ✓ 成功: 19 个样本, 2 个玩家
2025-12-08 15:19:28,646 - INFO - [1718/10119] 转换: szqjl_2024-05-06_16_18_43_.rep (已处理: 416, 已转换: 415)
2025-12-08 15:19:28,656 - INFO -   ✓ 成功: 21 个样本, 2 个玩家
2025-12-08 15:19:28,660 - INFO - [1719/10119] 转换: szqjl_2024-05-06_16_21_30_.rep (已处理: 417, 已转换: 416)
2025-12-08 15:19:28,671 - INFO -   ✓ 成功: 20 个样本, 2 个玩家
2025-12-08 15:19:28,675 - INFO - [1720/10119] 转换: szqjl_2024-05-06_16_24_21_.rep (已处理: 418, 已转换: 417)
2025-12-08 15:19:28,685 - INFO -   ✓ 成功: 20 个样本, 2 个玩家
2025-12-08 15:19:28,689 - INFO - [1721/10119] 转换: szqjl_2024-05-06_16_27_19_.rep (已处理: 419, 已转换: 418)
2025-12-08 15:19:28,700 - INFO -   ✓ 成功: 14 个样本, 2 个玩家
2025-12-08 15:19:28,704 - INFO - [1722/10119] 转换: szqjl_2024-05-06_16_30_11_.rep (已处理: 420, 已转换: 419)
2025-12-08 15:19:28,714 - INFO -   ✓ 成功: 19 个样本, 2 个玩家
2025-12-08 15:19:28,718 - INFO - [1723/10119] 转换: szqjl_2024-05-07_11_11_57_.rep (已处理: 421, 已转换: 420)
2025-12-08 15:19:28,729 - INFO -   ✓ 成功: 23 个样本, 2 个玩家
2025-12-08 15:19:28,733 - INFO - [1724/10119] 转换: szqjl_2024-05-07_11_15_00_.rep (已处理: 422, 已转换: 421)
2025-12-08 15:19:28,744 - INFO -   ✓ 成功: 16 个样本, 2 个玩家
2025-12-08 15:19:28,748 - INFO - [1725/10119] 转换: szqjl_2024-05-07_11_18_05_.rep (已处理: 423, 已转换: 422)
2025-12-08 15:19:28,758 - INFO -   ✓ 成功: 16 个样本, 2 个玩家
2025-12-08 15:19:28,762 - INFO - [1726/10119] 转换: szqjl_2024-05-07_11_20_58_.rep (已处理: 424, 已转换: 423)
2025-12-08 15:19:28,773 - INFO -   ✓ 成功: 16 个样本, 2 个玩家
2025-12-08 15:19:28,777 - INFO - [1727/10119] 转换: szqjl_2024-05-07_11_24_20_.rep (已处理: 425, 已转换: 424)
2025-12-08 15:19:28,787 - INFO -   ✓ 成功: 18 个样本, 2 个玩家
2025-12-08 15:19:28,792 - INFO - [1728/10119] 转换: szqjl_2024-05-07_12_20_25_.rep (已处理: 426, 已转换: 425)
2025-12-08 15:19:28,802 - INFO -   ✓ 成功: 21 个样本, 2 个玩家
2025-12-08 15:19:28,807 - INFO - [1729/10119] 转换: szqjl_2024-05-07_12_24_01_.rep (已处理: 427, 已转换: 426)
2025-12-08 15:19:28,817 - INFO -   ✓ 成功: 16 个样本, 2 个玩家
2025-12-08 15:19:28,822 - INFO - [1730/10119] 转换: szqjl_2024-05-07_12_27_28_.rep (已处理: 428, 已转换: 427)
2025-12-08 15:19:28,832 - INFO -   ✓ 成功: 15 个样本, 2 个玩家
2025-12-08 15:19:28,837 - INFO - [1731/10119] 转换: szqjl_2024-05-07_12_31_41_.rep (已处理: 429, 已转换: 428)
2025-12-08 15:19:28,847 - INFO -   ✓ 成功: 18 个样本, 2 个玩家
2025-12-08 15:19:28,852 - INFO - [1732/10119] 转换: szqjl_2024-05-07_12_35_33_.rep (已处理: 430, 已转换: 429)
2025-12-08 15:19:28,863 - INFO -   ✓ 成功: 20 个样本, 2 个玩家
2025-12-08 15:19:28,868 - INFO - [1733/10119] 转换: szqjl_2024-05-07_12_40_57_.rep (已处理: 431, 已转换: 430)
2025-12-08 15:19:28,878 - INFO -   ✓ 成功: 20 个样本, 2 个玩家
2025-12-08 15:19:28,882 - INFO - [1734/10119] 转换: szqjl_2024-05-07_12_44_31_.rep (已处理: 432, 已转换: 431)
2025-12-08 15:19:28,893 - INFO -   ✓ 成功: 23 个样本, 2 个玩家
2025-12-08 15:19:28,897 - INFO - [1735/10119] 转换: szqjl_2024-05-07_12_48_11_.rep (已处理: 433, 已转换: 432)
2025-12-08 15:19:28,908 - INFO -   ✓ 成功: 24 个样本, 2 个玩家
2025-12-08 15:19:28,912 - INFO - [1736/10119] 转换: szqjl_2024-05-07_12_53_29_.rep (已处理: 434, 已转换: 433)
2025-12-08 15:19:28,922 - INFO -   ✓ 成功: 19 个样本, 2 个玩家
2025-12-08 15:19:28,927 - INFO - [1737/10119] 转换: szqjl_2024-05-07_12_57_40_.rep (已处理: 435, 已转换: 434)
2025-12-08 15:19:28,937 - INFO -   ✓ 成功: 20 个样本, 2 个玩家
2025-12-08 15:19:28,942 - INFO - [1738/10119] 转换: szqjl_2024-05-07_13_02_35_.rep (已处理: 436, 已转换: 435)
2025-12-08 15:19:28,952 - INFO -   ✓ 成功: 19 个样本, 2 个玩家
2025-12-08 15:19:28,956 - INFO - [1739/10119] 转换: szqjl_2024-05-07_13_06_06_.rep (已处理: 437, 已转换: 436)
2025-12-08 15:19:28,960 - INFO -   ✓ 成功: 19 个样本, 2 个玩家
2025-12-08 15:19:28,964 - INFO - [1740/10119] 转换: szqjl_2024-05-07_13_11_44_.rep (已处理: 438, 已转换: 437)
2025-12-08 15:19:28,975 - INFO -   ✓ 成功: 20 个样本, 2 个玩家
2025-12-08 15:19:28,980 - INFO - [1741/10119] 转换: szqjl_2024-05-07_13_16_31_.rep (已处理: 439, 已转换: 438)
2025-12-08 15:19:28,990 - INFO -   ✓ 成功: 20 个样本, 2 个玩家
2025-12-08 15:19:28,995 - INFO - [1742/10119] 转换: szqjl_2024-05-07_13_20_32_.rep (已处理: 440, 已转换: 439)
2025-12-08 15:19:29,005 - INFO -   ✓ 成功: 19 个样本, 2 个玩家
2025-12-08 15:19:29,010 - INFO - [1743/10119] 转换: szqjl_2024-05-07_13_25_03_.rep (已处理: 441, 已转换: 440)
2025-12-08 15:19:29,020 - INFO -   ✓ 成功: 19 个样本, 2 个玩家
2025-12-08 15:19:29,025 - INFO - [1744/10119] 转换: szqjl_2024-05-07_13_29_51_.rep (已处理: 442, 已转换: 441)
2025-12-08 15:19:29,035 - INFO -   ✓ 成功: 21 个样本, 2 个玩家
2025-12-08 15:19:29,040 - INFO - [1745/10119] 转换: szqjl_2024-05-07_13_33_53_.rep (已处理: 443, 已转换: 442)
2025-12-08 15:19:29,050 - INFO -   ✓ 成功: 16 个样本, 2 个玩家
2025-12-08 15:19:29,054 - INFO - [1746/10119] 转换: szqjl_2024-05-07_13_39_03_.rep (已处理: 444, 已转换: 443)
2025-12-08 15:19:29,058 - INFO -   ✓ 成功: 21 个样本, 2 个玩家
2025-12-08 15:19:29,062 - INFO - [1747/10119] 转换: szqjl_2024-05-07_13_43_04_.rep (已处理: 445, 已转换: 444)
2025-12-08 15:19:29,073 - INFO -   ✓ 成功: 21 个样本, 2 个玩家
2025-12-08 15:19:29,077 - INFO - [1748/10119] 转换: szqjl_2024-05-07_13_51_52_.rep (已处理: 446, 已转换: 445)
2025-12-08 15:19:29,088 - INFO -   ✓ 成功: 25 个样本, 2 个玩家
2025-12-08 15:19:29,092 - INFO - [1749/10119] 转换: szqjl_2024-05-07_13_56_46_.rep (已处理: 447, 已转换: 446)
2025-12-08 15:19:29,103 - INFO -   ✓ 成功: 22 个样本, 2 个玩家
2025-12-08 15:19:29,108 - INFO - [1750/10119] 转换: szqjl_2024-05-07_14_01_03_.rep (已处理: 448, 已转换: 447)
2025-12-08 15:19:29,120 - INFO -   ✓ 成功: 21 个样本, 2 个玩家
2025-12-08 15:19:29,125 - INFO - [1751/10119] 转换: szqjl_2024-05-07_14_04_52_.rep (已处理: 449, 已转换: 448)
2025-12-08 15:19:29,136 - INFO -   ✓ 成功: 19 个样本, 2 个玩家
2025-12-08 15:19:29,140 - INFO - [1752/10119] 转换: szqjl_2024-05-07_14_09_23_.rep (已处理: 450, 已转换: 449)
2025-12-08 15:19:29,150 - INFO -   ✓ 成功: 18 个样本, 2 个玩家
2025-12-08 15:19:29,154 - INFO - [1753/10119] 转换: szqjl_2024-05-07_14_12_53_.rep (已处理: 451, 已转换: 450)
2025-12-08 15:19:29,164 - INFO -   ✓ 成功: 20 个样本, 2 个玩家
2025-12-08 15:19:29,169 - INFO - [1754/10119] 转换: szqjl_2024-05-07_14_18_21_.rep (已处理: 452, 已转换: 451)
2025-12-08 15:19:29,179 - INFO -   ✓ 成功: 20 个样本, 2 个玩家
2025-12-08 15:19:29,183 - INFO - [1755/10119] 转换: szqjl_2024-05-07_14_22_57_.rep (已处理: 453, 已转换: 452)
2025-12-08 15:19:29,194 - INFO -   ✓ 成功: 19 个样本, 2 个玩家
2025-12-08 15:19:29,199 - INFO - [1756/10119] 转换: szqjl_2024-05-07_14_27_07_.rep (已处理: 454, 已转换: 453)
2025-12-08 15:19:29,209 - INFO -   ✓ 成功: 19 个样本, 2 个玩家
2025-12-08 15:19:29,213 - INFO - [1757/10119] 转换: szqjl_2024-05-07_14_31_01_.rep (已处理: 455, 已转换: 454)
2025-12-08 15:19:29,224 - INFO -   ✓ 成功: 17 个样本, 2 个玩家
2025-12-08 15:19:29,229 - INFO - [1758/10119] 转换: szqjl_2024-05-07_14_35_03_.rep (已处理: 456, 已转换: 455)
2025-12-08 15:19:29,239 - INFO -   ✓ 成功: 23 个样本, 2 个玩家
2025-12-08 15:19:29,243 - INFO - [1759/10119] 转换: szqjl_2024-05-07_14_39_35_.rep (已处理: 457, 已转换: 456)
2025-12-08 15:19:29,255 - INFO -   ✓ 成功: 16 个样本, 2 个玩家
2025-12-08 15:19:29,259 - INFO - [1760/10119] 转换: szqjl_2024-05-07_14_44_26_.rep (已处理: 458, 已转换: 457)
2025-12-08 15:19:29,269 - INFO -   ✓ 成功: 21 个样本, 2 个玩家
2025-12-08 15:19:29,274 - INFO - [1761/10119] 转换: szqjl_2024-05-07_14_48_41_.rep (已处理: 459, 已转换: 458)
2025-12-08 15:19:29,285 - INFO -   ✓ 成功: 21 个样本, 2 个玩家
2025-12-08 15:19:29,289 - INFO - [1762/10119] 转换: szqjl_2024-05-07_14_53_43_.rep (已处理: 460, 已转换: 459)
2025-12-08 15:19:29,299 - INFO -   ✓ 成功: 19 个样本, 2 个玩家
2025-12-08 15:19:29,304 - INFO - [1763/10119] 转换: szqjl_2024-05-09_13_21_17_.rep (已处理: 461, 已转换: 460)
2025-12-08 15:19:29,315 - INFO -   ✓ 成功: 19 个样本, 2 个玩家
2025-12-08 15:19:29,320 - INFO - [1764/10119] 转换: szqjl_2024-05-09_13_25_31_.rep (已处理: 462, 已转换: 461)
2025-12-08 15:19:29,332 - INFO -   ✓ 成功: 19 个样本, 2 个玩家
2025-12-08 15:19:29,337 - INFO - [1765/10119] 转换: szqjl_2024-05-09_13_27_52_.rep (已处理: 463, 已转换: 462)
2025-12-08 15:19:29,349 - INFO -   ✓ 成功: 16 个样本, 2 个玩家
2025-12-08 15:19:29,354 - INFO - [1766/10119] 转换: szqjl_2024-05-09_13_30_59_.rep (已处理: 464, 已转换: 463)
2025-12-08 15:19:29,357 - INFO -   ✓ 成功: 17 个样本, 2 个玩家
2025-12-08 15:19:29,362 - INFO - [1767/10119] 转换: szqjl_2024-05-09_13_34_17_.rep (已处理: 465, 已转换: 464)
2025-12-08 15:19:29,373 - INFO -   ✓ 成功: 19 个样本, 2 个玩家
2025-12-08 15:19:29,378 - INFO - [1768/10119] 转换: szqjl_2024-05-09_13_38_06_.rep (已处理: 466, 已转换: 465)
2025-12-08 15:19:29,389 - INFO -   ✓ 成功: 19 个样本, 2 个玩家
2025-12-08 15:19:29,394 - INFO - [1769/10119] 转换: szqjl_2024-05-09_13_40_58_.rep (已处理: 467, 已转换: 466)
2025-12-08 15:19:29,405 - INFO -   ✓ 成功: 19 个样本, 2 个玩家
2025-12-08 15:19:29,410 - INFO - [1770/10119] 转换: szqjl_2024-05-09_13_44_59_.rep (已处理: 468, 已转换: 467)
2025-12-08 15:19:29,420 - INFO -   ✓ 成功: 16 个样本, 2 个玩家
2025-12-08 15:19:29,424 - INFO - [1771/10119] 转换: szqjl_2024-05-09_13_49_28_.rep (已处理: 469, 已转换: 468)
2025-12-08 15:19:29,435 - INFO -   ✓ 成功: 18 个样本, 2 个玩家
2025-12-08 15:19:29,439 - INFO - [1772/10119] 转换: szqjl_2024-05-09_13_53_45_.rep (已处理: 470, 已转换: 469)
2025-12-08 15:19:29,449 - INFO -   ✓ 成功: 19 个样本, 2 个玩家
2025-12-08 15:19:29,454 - INFO - [1773/10119] 转换: szqjl_2024-05-09_13_58_18_.rep (已处理: 471, 已转换: 470)
2025-12-08 15:19:29,464 - INFO -   ✓ 成功: 19 个样本, 2 个玩家
2025-12-08 15:19:29,469 - INFO - [1774/10119] 转换: szqjl_2024-05-09_14_01_44_.rep (已处理: 472, 已转换: 471)
2025-12-08 15:19:29,479 - INFO -   ✓ 成功: 15 个样本, 2 个玩家
2025-12-08 15:19:29,484 - INFO - [1775/10119] 转换: szqjl_2024-05-09_14_04_59_.rep (已处理: 473, 已转换: 472)
2025-12-08 15:19:29,494 - INFO -   ✓ 成功: 20 个样本, 2 个玩家
2025-12-08 15:19:29,499 - INFO - [1776/10119] 转换: szqjl_2024-05-09_14_08_20_.rep (已处理: 474, 已转换: 473)
2025-12-08 15:19:29,509 - INFO -   ✓ 成功: 15 个样本, 2 个玩家
2025-12-08 15:19:29,514 - INFO - [1777/10119] 转换: szqjl_2024-05-09_14_11_32_.rep (已处理: 475, 已转换: 474)
2025-12-08 15:19:29,653 - INFO -   ✓ 成功: 17 个样本, 2 个玩家
2025-12-08 15:19:29,671 - INFO - [1778/10119] 转换: szqjl_2024-05-09_14_16_00_.rep (已处理: 476, 已转换: 475)
2025-12-08 15:19:29,689 - INFO -   ✓ 成功: 20 个样本, 2 个玩家
2025-12-08 15:19:29,695 - INFO - [1779/10119] 转换: szqjl_2024-05-09_14_20_39_.rep (已处理: 477, 已转换: 476)
2025-12-08 15:19:29,707 - INFO -   ✓ 成功: 25 个样本, 2 个玩家
2025-12-08 15:19:29,713 - INFO - [1780/10119] 转换: szqjl_2024-05-09_14_26_15_.rep (已处理: 478, 已转换: 477)
2025-12-08 15:19:29,724 - INFO -   ✓ 成功: 21 个样本, 2 个玩家
2025-12-08 15:19:29,729 - INFO - [1781/10119] 转换: szqjl_2024-05-09_14_29_25_.rep (已处理: 479, 已转换: 478)
2025-12-08 15:19:29,739 - INFO -   ✓ 成功: 20 个样本, 2 个玩家
2025-12-08 15:19:29,744 - INFO - [1782/10119] 转换: szqjl_2024-05-09_14_33_15_.rep (已处理: 480, 已转换: 479)
2025-12-08 15:19:29,756 - INFO -   ✓ 成功: 19 个样本, 2 个玩家
2025-12-08 15:19:29,761 - INFO - [1783/10119] 转换: szqjl_2024-05-09_14_37_24_.rep (已处理: 481, 已转换: 480)
2025-12-08 15:19:29,775 - INFO -   ✓ 成功: 19 个样本, 2 个玩家
2025-12-08 15:19:29,780 - INFO - [1784/10119] 转换: szqjl_2024-05-10_12_08_48_.rep (已处理: 482, 已转换: 481)
2025-12-08 15:19:29,791 - INFO -   ✓ 成功: 17 个样本, 2 个玩家
2025-12-08 15:19:29,796 - INFO - [1785/10119] 转换: szqjl_2024-05-10_12_13_07_.rep (已处理: 483, 已转换: 482)
2025-12-08 15:19:29,809 - INFO -   ✓ 成功: 27 个样本, 2 个玩家
2025-12-08 15:19:29,814 - INFO - [1786/10119] 转换: szqjl_2024-05-10_12_16_15_.rep (已处理: 484, 已转换: 483)
2025-12-08 15:19:29,826 - INFO -   ✓ 成功: 18 个样本, 2 个玩家
2025-12-08 15:19:29,832 - INFO - [1787/10119] 转换: szqjl_2024-05-10_12_21_19_.rep (已处理: 485, 已转换: 484)
2025-12-08 15:19:29,843 - INFO -   ✓ 成功: 20 个样本, 2 个玩家
2025-12-08 15:19:29,849 - INFO - [1788/10119] 转换: szqjl_2024-05-10_12_24_44_.rep (已处理: 486, 已转换: 485)
2025-12-08 15:19:29,862 - INFO -   ✓ 成功: 19 个样本, 2 个玩家
2025-12-08 15:19:29,867 - INFO - [1789/10119] 转换: szqjl_2024-05-10_12_28_29_.rep (已处理: 487, 已转换: 486)
2025-12-08 15:19:29,877 - INFO -   ✓ 成功: 15 个样本, 2 个玩家
2025-12-08 15:19:29,881 - INFO - [1790/10119] 转换: szqjl_2024-05-10_12_34_05_.rep (已处理: 488, 已转换: 487)
2025-12-08 15:19:29,892 - INFO -   ✓ 成功: 23 个样本, 2 个玩家
2025-12-08 15:19:29,897 - INFO - [1791/10119] 转换: szqjl_2024-05-10_12_37_55_.rep (已处理: 489, 已转换: 488)
2025-12-08 15:19:29,906 - INFO -   ✓ 成功: 20 个样本, 2 个玩家
2025-12-08 15:19:29,910 - INFO - [1792/10119] 转换: szqjl_2024-05-10_12_41_43_.rep (已处理: 490, 已转换: 489)
2025-12-08 15:19:29,920 - INFO -   ✓ 成功: 17 个样本, 2 个玩家
2025-12-08 15:19:29,925 - INFO - [1793/10119] 转换: szqjl_2024-05-10_12_45_58_.rep (已处理: 491, 已转换: 490)
2025-12-08 15:19:29,934 - INFO -   ✓ 成功: 17 个样本, 2 个玩家
2025-12-08 15:19:29,939 - INFO - [1794/10119] 转换: szqjl_2024-05-10_12_49_20_.rep (已处理: 492, 已转换: 491)
2025-12-08 15:19:29,950 - INFO -   ✓ 成功: 18 个样本, 2 个玩家
2025-12-08 15:19:29,954 - INFO - [1795/10119] 转换: szqjl_2024-05-10_12_59_09_.rep (已处理: 493, 已转换: 492)
2025-12-08 15:19:29,958 - INFO -   ✓ 成功: 18 个样本, 2 个玩家
2025-12-08 15:19:29,962 - INFO - [1796/10119] 转换: szqjl_2024-05-10_13_02_32_.rep (已处理: 494, 已转换: 493)
2025-12-08 15:19:29,972 - INFO -   ✓ 成功: 22 个样本, 2 个玩家
2025-12-08 15:19:29,977 - INFO - [1797/10119] 转换: szqjl_2024-05-10_13_06_44_.rep (已处理: 495, 已转换: 494)
2025-12-08 15:19:29,986 - INFO -   ✓ 成功: 25 个样本, 2 个玩家
2025-12-08 15:19:29,991 - INFO - [1798/10119] 转换: szqjl_2024-05-10_13_10_20_.rep (已处理: 496, 已转换: 495)
2025-12-08 15:19:30,000 - INFO -   ✓ 成功: 20 个样本, 2 个玩家
2025-12-08 15:19:30,005 - INFO - [1799/10119] 转换: szqjl_2024-05-10_13_15_34_.rep (已处理: 497, 已转换: 496)
2025-12-08 15:19:30,015 - INFO -   ✓ 成功: 19 个样本, 2 个玩家
2025-12-08 15:19:30,019 - INFO - [1800/10119] 转换: szqjl_2024-05-10_13_19_47_.rep (已处理: 498, 已转换: 497)
2025-12-08 15:19:30,029 - INFO -   ✓ 成功: 20 个样本, 2 个玩家
2025-12-08 15:19:30,034 - INFO - [1801/10119] 转换: szqjl_2024-05-10_13_27_46_.rep (已处理: 499, 已转换: 498)
2025-12-08 15:19:30,044 - INFO -   ✓ 成功: 25 个样本, 2 个玩家
2025-12-08 15:19:30,049 - INFO - [1802/10119] 转换: szqjl_2024-05-20_12_34_10_.rep (已处理: 500, 已转换: 499)
2025-12-08 15:19:30,059 - INFO -   ✓ 成功: 17 个样本, 2 个玩家
2025-12-08 15:19:30,059 - INFO - ============================================================
2025-12-08 15:19:30,059 - INFO - 进度: 成功转换 500 个, 跳过 1302 个, 失败 0 个
2025-12-08 15:19:30,060 - INFO - 已转换样本: 9832 个
2025-12-08 15:19:30,060 - INFO - 转换速度: 49.6 文件/秒
2025-12-08 15:19:30,060 - INFO - 预计剩余时间: 2.8 分钟
2025-12-08 15:19:30,060 - INFO - ============================================================
2025-12-08 15:19:30,065 - INFO - [1803/10119] 转换: szqjl_2024-05-20_12_37_02_.rep (已处理: 501, 已转换: 500)
2025-12-08 15:19:30,075 - INFO -   ✓ 成功: 20 个样本, 2 个玩家
2025-12-08 15:19:30,079 - INFO - [1804/10119] 转换: szqjl_2024-05-20_12_40_15_.rep (已处理: 502, 已转换: 501)
2025-12-08 15:19:30,089 - INFO -   ✓ 成功: 16 个样本, 2 个玩家
2025-12-08 15:19:30,094 - INFO - [1805/10119] 转换: szqjl_2024-05-20_12_43_23_.rep (已处理: 503, 已转换: 502)
2025-12-08 15:19:30,104 - INFO -   ✓ 成功: 17 个样本, 2 个玩家
2025-12-08 15:19:30,109 - INFO - [1806/10119] 转换: szqjl_2024-05-20_12_46_15_.rep (已处理: 504, 已转换: 503)
2025-12-08 15:19:30,120 - INFO -   ✓ 成功: 16 个样本, 2 个玩家
2025-12-08 15:19:30,124 - INFO - [1807/10119] 转换: szqjl_2024-05-20_12_51_26_.rep (已处理: 505, 已转换: 504)
2025-12-08 15:19:30,135 - INFO -   ✓ 成功: 21 个样本, 2 个玩家
2025-12-08 15:19:30,140 - INFO - [1808/10119] 转换: szqjl_2024-05-20_12_54_08_.rep (已处理: 506, 已转换: 505)
2025-12-08 15:19:30,150 - INFO -   ✓ 成功: 19 个样本, 2 个玩家
2025-12-08 15:19:30,154 - INFO - [1809/10119] 转换: szqjl_2024-05-20_12_58_38_.rep (已处理: 507, 已转换: 506)
2025-12-08 15:19:30,166 - INFO -   ✓ 成功: 21 个样本, 2 个玩家
2025-12-08 15:19:30,171 - INFO - [1810/10119] 转换: szqjl_2024-05-20_13_01_41_.rep (已处理: 508, 已转换: 507)
2025-12-08 15:19:30,183 - INFO -   ✓ 成功: 15 个样本, 2 个玩家
2025-12-08 15:19:30,188 - INFO - [1811/10119] 转换: szqjl_2024-05-20_13_05_32_.rep (已处理: 509, 已转换: 508)
2025-12-08 15:19:30,199 - INFO -   ✓ 成功: 23 个样本, 2 个玩家
2025-12-08 15:19:30,204 - INFO - [1812/10119] 转换: szqjl_2024-05-21_15_23_30_.rep (已处理: 510, 已转换: 509)
2025-12-08 15:19:30,217 - INFO -   ✓ 成功: 27 个样本, 2 个玩家
2025-12-08 15:19:30,224 - INFO - [1813/10119] 转换: szqjl_2024-05-21_15_27_46_.rep (已处理: 511, 已转换: 510)
2025-12-08 15:19:30,257 - INFO -   ✓ 成功: 23 个样本, 2 个玩家
2025-12-08 15:19:30,284 - INFO - [1814/10119] 转换: szqjl_2024-05-21_15_31_18_.rep (已处理: 512, 已转换: 511)
2025-12-08 15:19:30,296 - INFO -   ✓ 成功: 16 个样本, 2 个玩家
2025-12-08 15:19:30,313 - INFO - [1815/10119] 转换: szqjl_2024-05-21_15_34_28_.rep (已处理: 513, 已转换: 512)
2025-12-08 15:19:30,328 - INFO -   ✓ 成功: 22 个样本, 2 个玩家
2025-12-08 15:19:30,332 - INFO - [1816/10119] 转换: szqjl_2024-05-21_15_38_13_.rep (已处理: 514, 已转换: 513)
2025-12-08 15:19:30,344 - INFO -   ✓ 成功: 14 个样本, 2 个玩家
2025-12-08 15:19:30,350 - INFO - [1817/10119] 转换: szqjl_2024-05-21_15_41_47_.rep (已处理: 515, 已转换: 514)
2025-12-08 15:19:30,361 - INFO -   ✓ 成功: 18 个样本, 2 个玩家
2025-12-08 15:19:30,366 - INFO - [1818/10119] 转换: szqjl_2024-05-21_15_45_03_.rep (已处理: 516, 已转换: 515)
2025-12-08 15:19:30,370 - INFO -   ✓ 成功: 18 个样本, 2 个玩家
2025-12-08 15:19:30,375 - INFO - [1819/10119] 转换: szqjl_2024-05-21_15_47_38_.rep (已处理: 517, 已转换: 516)
2025-12-08 15:19:30,386 - INFO -   ✓ 成功: 17 个样本, 2 个玩家
2025-12-08 15:19:30,394 - INFO - [1820/10119] 转换: szqjl_2024-05-21_15_51_23_.rep (已处理: 518, 已转换: 517)
2025-12-08 15:19:30,409 - INFO -   ✓ 成功: 19 个样本, 2 个玩家
2025-12-08 15:19:30,413 - INFO - [1821/10119] 转换: szqjl_2024-05-21_15_55_06_.rep (已处理: 519, 已转换: 518)
2025-12-08 15:19:30,425 - INFO -   ✓ 成功: 20 个样本, 2 个玩家
2025-12-08 15:19:30,431 - INFO - [1822/10119] 转换: szqjl_2024-05-21_15_59_30_.rep (已处理: 520, 已转换: 519)
2025-12-08 15:19:30,443 - INFO -   ✓ 成功: 23 个样本, 2 个玩家
2025-12-08 15:19:30,448 - INFO - [1823/10119] 转换: szqjl_2024-05-21_16_02_53_.rep (已处理: 521, 已转换: 520)
2025-12-08 15:19:30,459 - INFO -   ✓ 成功: 18 个样本, 2 个玩家
2025-12-08 15:19:30,466 - INFO - [1824/10119] 转换: szqjl_2024-05-21_16_06_11_.rep (已处理: 522, 已转换: 521)
2025-12-08 15:19:30,476 - INFO -   ✓ 成功: 20 个样本, 2 个玩家
2025-12-08 15:19:30,480 - INFO - [1825/10119] 转换: szqjl_2024-05-21_16_09_19_.rep (已处理: 523, 已转换: 522)
2025-12-08 15:19:30,490 - INFO -   ✓ 成功: 19 个样本, 2 个玩家
2025-12-08 15:19:30,494 - INFO - [1826/10119] 转换: szqjl_2024-05-21_16_12_16_.rep (已处理: 524, 已转换: 523)
2025-12-08 15:19:30,504 - INFO -   ✓ 成功: 19 个样本, 2 个玩家
2025-12-08 15:19:30,508 - INFO - [1827/10119] 转换: szqjl_2024-05-21_16_16_03_.rep (已处理: 525, 已转换: 524)
2025-12-08 15:19:30,519 - INFO -   ✓ 成功: 23 个样本, 2 个玩家
2025-12-08 15:19:30,523 - INFO - [1828/10119] 转换: szqjl_2024-05-21_16_30_55_.rep (已处理: 526, 已转换: 525)
2025-12-08 15:19:30,534 - INFO -   ✓ 成功: 24 个样本, 2 个玩家
2025-12-08 15:19:30,538 - INFO - [1829/10119] 转换: szqjl_2024-05-21_16_33_46_.rep (已处理: 527, 已转换: 526)
2025-12-08 15:19:30,548 - INFO -   ✓ 成功: 20 个样本, 2 个玩家
2025-12-08 15:19:30,553 - INFO - [1830/10119] 转换: szqjl_2024-05-21_16_36_57_.rep (已处理: 528, 已转换: 527)
2025-12-08 15:19:30,564 - INFO -   ✓ 成功: 18 个样本, 2 个玩家
2025-12-08 15:19:30,569 - INFO - [1831/10119] 转换: szqjl_2024-05-22_10_08_42_.rep (已处理: 529, 已转换: 528)
2025-12-08 15:19:30,579 - INFO -   ✓ 成功: 15 个样本, 2 个玩家
2025-12-08 15:19:30,584 - INFO - [1832/10119] 转换: szqjl_2024-05-22_10_11_29_.rep (已处理: 530, 已转换: 529)
2025-12-08 15:19:30,595 - INFO -   ✓ 成功: 19 个样本, 2 个玩家
2025-12-08 15:19:30,600 - INFO - [1833/10119] 转换: szqjl_2024-05-22_10_14_00_.rep (已处理: 531, 已转换: 530)
2025-12-08 15:19:30,612 - INFO -   ✓ 成功: 19 个样本, 2 个玩家
2025-12-08 15:19:30,617 - INFO - [1834/10119] 转换: szqjl_2024-05-22_10_17_49_.rep (已处理: 532, 已转换: 531)
2025-12-08 15:19:30,628 - INFO -   ✓ 成功: 25 个样本, 2 个玩家
2025-12-08 15:19:30,633 - INFO - [1835/10119] 转换: szqjl_2024-05-22_10_20_55_.rep (已处理: 533, 已转换: 532)
2025-12-08 15:19:30,643 - INFO -   ✓ 成功: 19 个样本, 2 个玩家
2025-12-08 15:19:30,649 - INFO - [1836/10119] 转换: szqjl_2024-05-22_10_24_02_.rep (已处理: 534, 已转换: 533)
2025-12-08 15:19:30,660 - INFO -   ✓ 成功: 19 个样本, 2 个玩家
2025-12-08 15:19:30,666 - INFO - [1837/10119] 转换: szqjl_2024-05-22_10_27_02_.rep (已处理: 535, 已转换: 534)
2025-12-08 15:19:30,678 - INFO -   ✓ 成功: 18 个样本, 2 个玩家
2025-12-08 15:19:30,683 - INFO - [1838/10119] 转换: szqjl_2024-05-22_10_30_37_.rep (已处理: 536, 已转换: 535)
2025-12-08 15:19:30,695 - INFO -   ✓ 成功: 14 个样本, 2 个玩家
2025-12-08 15:19:30,700 - INFO - [1839/10119] 转换: szqjl_2024-05-22_11_59_30_.rep (已处理: 537, 已转换: 536)
2025-12-08 15:19:30,711 - INFO -   ✓ 成功: 18 个样本, 2 个玩家
2025-12-08 15:19:30,717 - INFO - [1840/10119] 转换: szqjl_2024-05-22_12_02_01_.rep (已处理: 538, 已转换: 537)
2025-12-08 15:19:30,728 - INFO -   ✓ 成功: 22 个样本, 2 个玩家
2025-12-08 15:19:30,733 - INFO - [1841/10119] 转换: szqjl_2024-05-22_12_05_05_.rep (已处理: 539, 已转换: 538)
2025-12-08 15:19:30,744 - INFO -   ✓ 成功: 16 个样本, 2 个玩家
2025-12-08 15:19:30,749 - INFO - [1842/10119] 转换: szqjl_2024-05-22_12_07_13_.rep (已处理: 540, 已转换: 539)
2025-12-08 15:19:30,758 - INFO -   ✓ 成功: 15 个样本, 2 个玩家
2025-12-08 15:19:30,763 - INFO - [1843/10119] 转换: szqjl_2024-05-22_12_10_41_.rep (已处理: 541, 已转换: 540)
2025-12-08 15:19:30,773 - INFO -   ✓ 成功: 19 个样本, 2 个玩家
2025-12-08 15:19:30,778 - INFO - [1844/10119] 转换: szqjl_2024-05-22_12_14_18_.rep (已处理: 542, 已转换: 541)
2025-12-08 15:19:30,788 - INFO -   ✓ 成功: 18 个样本, 2 个玩家
2025-12-08 15:19:30,793 - INFO - [1845/10119] 转换: szqjl_2024-05-22_12_17_20_.rep (已处理: 543, 已转换: 542)
2025-12-08 15:19:30,803 - INFO -   ✓ 成功: 17 个样本, 2 个玩家
2025-12-08 15:19:30,808 - INFO - [1846/10119] 转换: szqjl_2024-05-22_12_20_20_.rep (已处理: 544, 已转换: 543)
2025-12-08 15:19:30,818 - INFO -   ✓ 成功: 17 个样本, 2 个玩家
2025-12-08 15:19:30,823 - INFO - [1847/10119] 转换: szqjl_2024-05-22_12_27_55_.rep (已处理: 545, 已转换: 544)
2025-12-08 15:19:30,833 - INFO -   ✓ 成功: 18 个样本, 2 个玩家
2025-12-08 15:19:30,838 - INFO - [1848/10119] 转换: szqjl_2024-05-22_12_31_53_.rep (已处理: 546, 已转换: 545)
2025-12-08 15:19:30,848 - INFO -   ✓ 成功: 18 个样本, 2 个玩家
2025-12-08 15:19:30,853 - INFO - [1849/10119] 转换: szqjl_2024-05-22_12_35_43_.rep (已处理: 547, 已转换: 546)
2025-12-08 15:19:30,863 - INFO -   ✓ 成功: 19 个样本, 2 个玩家
2025-12-08 15:19:30,868 - INFO - [1850/10119] 转换: szqjl_2024-05-22_12_39_36_.rep (已处理: 548, 已转换: 547)
2025-12-08 15:19:30,878 - INFO -   ✓ 成功: 23 个样本, 2 个玩家
2025-12-08 15:19:30,882 - INFO - [1851/10119] 转换: szqjl_2024-05-22_12_44_01_.rep (已处理: 549, 已转换: 548)
2025-12-08 15:19:30,893 - INFO -   ✓ 成功: 24 个样本, 2 个玩家
2025-12-08 15:19:30,897 - INFO - [1852/10119] 转换: szqjl_2024-05-22_12_48_10_.rep (已处理: 550, 已转换: 549)
2025-12-08 15:19:30,907 - INFO -   ✓ 成功: 16 个样本, 2 个玩家
2025-12-08 15:19:30,912 - INFO - [1853/10119] 转换: szqjl_2024-05-22_12_52_39_.rep (已处理: 551, 已转换: 550)
2025-12-08 15:19:30,922 - INFO -   ✓ 成功: 19 个样本, 2 个玩家
2025-12-08 15:19:30,927 - INFO - [1854/10119] 转换: szqjl_2024-05-22_12_56_19_.rep (已处理: 552, 已转换: 551)
2025-12-08 15:19:30,938 - INFO -   ✓ 成功: 20 个样本, 2 个玩家
2025-12-08 15:19:30,942 - INFO - [1855/10119] 转换: szqjl_2024-05-22_13_00_29_.rep (已处理: 553, 已转换: 552)
2025-12-08 15:19:30,953 - INFO -   ✓ 成功: 22 个样本, 2 个玩家
2025-12-08 15:19:30,958 - INFO - [1856/10119] 转换: szqjl_2024-05-22_13_04_35_.rep (已处理: 554, 已转换: 553)
2025-12-08 15:19:30,969 - INFO -   ✓ 成功: 17 个样本, 2 个玩家
2025-12-08 15:19:30,973 - INFO - [1857/10119] 转换: szqjl_2024-05-22_13_07_47_.rep (已处理: 555, 已转换: 554)
2025-12-08 15:19:30,983 - INFO -   ✓ 成功: 16 个样本, 2 个玩家
2025-12-08 15:19:30,987 - INFO - [1858/10119] 转换: szqjl_2024-05-22_13_11_21_.rep (已处理: 556, 已转换: 555)
2025-12-08 15:19:30,991 - INFO -   ✓ 成功: 19 个样本, 2 个玩家
2025-12-08 15:19:30,996 - INFO - [1859/10119] 转换: szqjl_2024-05-22_13_14_31_.rep (已处理: 557, 已转换: 556)
2025-12-08 15:19:31,006 - INFO -   ✓ 成功: 20 个样本, 2 个玩家
2025-12-08 15:19:31,011 - INFO - [1860/10119] 转换: szqjl_2024-05-22_13_49_43_.rep (已处理: 558, 已转换: 557)
2025-12-08 15:19:31,021 - INFO -   ✓ 成功: 22 个样本, 2 个玩家
2025-12-08 15:19:31,026 - INFO - [1861/10119] 转换: szqjl_2024-05-22_13_53_05_.rep (已处理: 559, 已转换: 558)
2025-12-08 15:19:31,036 - INFO -   ✓ 成功: 17 个样本, 2 个玩家
2025-12-08 15:19:31,041 - INFO - [1862/10119] 转换: szqjl_2024-05-22_13_56_03_.rep (已处理: 560, 已转换: 559)
2025-12-08 15:19:31,050 - INFO -   ✓ 成功: 18 个样本, 2 个玩家
2025-12-08 15:19:31,056 - INFO - [1863/10119] 转换: szqjl_2024-05-22_13_59_40_.rep (已处理: 561, 已转换: 560)
2025-12-08 15:19:31,066 - INFO -   ✓ 成功: 17 个样本, 2 个玩家
2025-12-08 15:19:31,071 - INFO - [1864/10119] 转换: szqjl_2024-05-22_14_03_33_.rep (已处理: 562, 已转换: 561)
2025-12-08 15:19:31,082 - INFO -   ✓ 成功: 19 个样本, 2 个玩家
2025-12-08 15:19:31,087 - INFO - [1865/10119] 转换: szqjl_2024-05-22_14_07_56_.rep (已处理: 563, 已转换: 562)
2025-12-08 15:19:31,090 - INFO -   ✓ 成功: 19 个样本, 2 个玩家
2025-12-08 15:19:31,095 - INFO - [1866/10119] 转换: szqjl_2024-05-22_14_12_47_.rep (已处理: 564, 已转换: 563)
2025-12-08 15:19:31,105 - INFO -   ✓ 成功: 22 个样本, 2 个玩家
2025-12-08 15:19:31,110 - INFO - [1867/10119] 转换: szqjl_2024-05-22_14_16_42_.rep (已处理: 565, 已转换: 564)
2025-12-08 15:19:31,120 - INFO -   ✓ 成功: 18 个样本, 2 个玩家
2025-12-08 15:19:31,125 - INFO - [1868/10119] 转换: szqjl_2024-05-22_14_20_12_.rep (已处理: 566, 已转换: 565)
2025-12-08 15:19:31,136 - INFO -   ✓ 成功: 18 个样本, 2 个玩家
2025-12-08 15:19:31,141 - INFO - [1869/10119] 转换: szqjl_2024-05-22_14_22_53_.rep (已处理: 567, 已转换: 566)
2025-12-08 15:19:31,151 - INFO -   ✓ 成功: 13 个样本, 2 个玩家
2025-12-08 15:19:31,156 - INFO - [1870/10119] 转换: szqjl_2024-05-22_15_10_13_.rep (已处理: 568, 已转换: 567)
2025-12-08 15:19:31,167 - INFO -   ✓ 成功: 22 个样本, 2 个玩家
2025-12-08 15:19:31,173 - INFO - [1871/10119] 转换: szqjl_2024-05-22_15_13_17_.rep (已处理: 569, 已转换: 568)
2025-12-08 15:19:31,183 - INFO -   ✓ 成功: 18 个样本, 2 个玩家
2025-12-08 15:19:31,188 - INFO - [1872/10119] 转换: szqjl_2024-05-22_15_16_48_.rep (已处理: 570, 已转换: 569)
2025-12-08 15:19:31,199 - INFO -   ✓ 成功: 17 个样本, 2 个玩家
2025-12-08 15:19:31,204 - INFO - [1873/10119] 转换: szqjl_2024-05-22_15_21_47_.rep (已处理: 571, 已转换: 570)
2025-12-08 15:19:31,216 - INFO -   ✓ 成功: 24 个样本, 2 个玩家
2025-12-08 15:19:31,221 - INFO - [1874/10119] 转换: szqjl_2024-05-22_15_31_10_.rep (已处理: 572, 已转换: 571)
2025-12-08 15:19:31,233 - INFO -   ✓ 成功: 21 个样本, 2 个玩家
2025-12-08 15:19:31,237 - INFO - [1875/10119] 转换: szqjl_2024-05-22_15_35_25_.rep (已处理: 573, 已转换: 572)
2025-12-08 15:19:31,248 - INFO -   ✓ 成功: 27 个样本, 2 个玩家
2025-12-08 15:19:31,253 - INFO - [1876/10119] 转换: szqjl_2024-05-22_15_39_26_.rep (已处理: 574, 已转换: 573)
2025-12-08 15:19:31,257 - INFO -   ✓ 成功: 22 个样本, 2 个玩家
2025-12-08 15:19:31,262 - INFO - [1877/10119] 转换: szqjl_2024-05-22_15_44_06_.rep (已处理: 575, 已转换: 574)
2025-12-08 15:19:31,274 - INFO -   ✓ 成功: 19 个样本, 2 个玩家
2025-12-08 15:19:31,279 - INFO - [1878/10119] 转换: szqjl_2024-05-22_15_48_35_.rep (已处理: 576, 已转换: 575)
2025-12-08 15:19:31,289 - INFO -   ✓ 成功: 21 个样本, 2 个玩家
2025-12-08 15:19:31,296 - INFO - [1879/10119] 转换: szqjl_2024-05-22_15_53_15_.rep (已处理: 577, 已转换: 576)
2025-12-08 15:19:31,306 - INFO -   ✓ 成功: 20 个样本, 2 个玩家
2025-12-08 15:19:31,311 - INFO - [1880/10119] 转换: szqjl_2024-05-22_15_57_29_.rep (已处理: 578, 已转换: 577)
2025-12-08 15:19:31,322 - INFO -   ✓ 成功: 21 个样本, 2 个玩家
2025-12-08 15:19:31,327 - INFO - [1881/10119] 转换: szqjl_2024-05-22_16_01_34_.rep (已处理: 579, 已转换: 578)
2025-12-08 15:19:31,338 - INFO -   ✓ 成功: 15 个样本, 2 个玩家
2025-12-08 15:19:31,344 - INFO - [1882/10119] 转换: szqjl_2024-05-22_16_05_08_.rep (已处理: 580, 已转换: 579)
2025-12-08 15:19:31,353 - INFO -   ✓ 成功: 18 个样本, 2 个玩家
2025-12-08 15:19:31,359 - INFO - [1883/10119] 转换: szqjl_2024-05-22_16_09_39_.rep (已处理: 581, 已转换: 580)
2025-12-08 15:19:31,370 - INFO -   ✓ 成功: 19 个样本, 2 个玩家
2025-12-08 15:19:31,375 - INFO - [1884/10119] 转换: szqjl_2024-05-22_16_13_26_.rep (已处理: 582, 已转换: 581)
2025-12-08 15:19:31,386 - INFO -   ✓ 成功: 24 个样本, 2 个玩家
2025-12-08 15:19:31,391 - INFO - [1885/10119] 转换: szqjl_2024-05-22_16_17_03_.rep (已处理: 583, 已转换: 582)
2025-12-08 15:19:31,401 - INFO -   ✓ 成功: 21 个样本, 2 个玩家
2025-12-08 15:19:31,406 - INFO - [1886/10119] 转换: szqjl_2024-05-22_16_22_56_.rep (已处理: 584, 已转换: 583)
2025-12-08 15:19:31,416 - INFO -   ✓ 成功: 24 个样本, 2 个玩家
2025-12-08 15:19:31,421 - INFO - [1887/10119] 转换: szqjl_2024-05-23_11_27_14_.rep (已处理: 585, 已转换: 584)
2025-12-08 15:19:31,432 - INFO -   ✓ 成功: 27 个样本, 2 个玩家
2025-12-08 15:19:31,438 - INFO - [1888/10119] 转换: szqjl_2024-05-23_11_30_30_.rep (已处理: 586, 已转换: 585)
2025-12-08 15:19:31,449 - INFO -   ✓ 成功: 21 个样本, 2 个玩家
2025-12-08 15:19:31,454 - INFO - [1889/10119] 转换: szqjl_2024-05-23_11_34_23_.rep (已处理: 587, 已转换: 586)
2025-12-08 15:19:31,464 - INFO -   ✓ 成功: 19 个样本, 2 个玩家
2025-12-08 15:19:31,469 - INFO - [1890/10119] 转换: szqjl_2024-05-23_11_38_08_.rep (已处理: 588, 已转换: 587)
2025-12-08 15:19:31,480 - INFO -   ✓ 成功: 25 个样本, 2 个玩家
2025-12-08 15:19:31,485 - INFO - [1891/10119] 转换: szqjl_2024-05-23_11_41_40_.rep (已处理: 589, 已转换: 588)
2025-12-08 15:19:31,495 - INFO -   ✓ 成功: 21 个样本, 2 个玩家
2025-12-08 15:19:31,500 - INFO - [1892/10119] 转换: szqjl_2024-05-23_11_44_50_.rep (已处理: 590, 已转换: 589)
2025-12-08 15:19:31,510 - INFO -   ✓ 成功: 20 个样本, 2 个玩家
2025-12-08 15:19:31,515 - INFO - [1893/10119] 转换: szqjl_2024-05-23_11_48_32_.rep (已处理: 591, 已转换: 590)
2025-12-08 15:19:31,520 - INFO -   ✓ 成功: 17 个样本, 2 个玩家
2025-12-08 15:19:31,526 - INFO - [1894/10119] 转换: szqjl_2024-05-23_11_52_09_.rep (已处理: 592, 已转换: 591)
2025-12-08 15:19:31,536 - INFO -   ✓ 成功: 19 个样本, 2 个玩家
2025-12-08 15:19:31,541 - INFO - [1895/10119] 转换: szqjl_2024-05-23_11_55_36_.rep (已处理: 593, 已转换: 592)
2025-12-08 15:19:31,552 - INFO -   ✓ 成功: 22 个样本, 2 个玩家
2025-12-08 15:19:31,556 - INFO - [1896/10119] 转换: szqjl_2024-05-23_11_59_10_.rep (已处理: 594, 已转换: 593)
2025-12-08 15:19:31,567 - INFO -   ✓ 成功: 17 个样本, 2 个玩家
2025-12-08 15:19:31,572 - INFO - [1897/10119] 转换: szqjl_2024-05-23_12_03_17_.rep (已处理: 595, 已转换: 594)
2025-12-08 15:19:31,582 - INFO -   ✓ 成功: 26 个样本, 2 个玩家
2025-12-08 15:19:31,587 - INFO - [1898/10119] 转换: szqjl_2024-05-23_12_09_16_.rep (已处理: 596, 已转换: 595)
2025-12-08 15:19:31,599 - INFO -   ✓ 成功: 20 个样本, 2 个玩家
2025-12-08 15:19:31,604 - INFO - [1899/10119] 转换: szqjl_2024-05-23_12_12_39_.rep (已处理: 597, 已转换: 596)
2025-12-08 15:19:31,616 - INFO -   ✓ 成功: 20 个样本, 2 个玩家
2025-12-08 15:19:31,621 - INFO - [1900/10119] 转换: szqjl_2024-05-23_12_16_45_.rep (已处理: 598, 已转换: 597)
2025-12-08 15:19:31,631 - INFO -   ✓ 成功: 18 个样本, 2 个玩家
2025-12-08 15:19:31,637 - INFO - [1901/10119] 转换: szqjl_2024-05-23_12_19_25_.rep (已处理: 599, 已转换: 598)
2025-12-08 15:19:31,648 - INFO -   ✓ 成功: 19 个样本, 2 个玩家
2025-12-08 15:19:31,652 - INFO - [1902/10119] 转换: szqjl_2024-05-23_12_23_20_.rep (已处理: 600, 已转换: 599)
2025-12-08 15:19:31,663 - INFO -   ✓ 成功: 22 个样本, 2 个玩家
2025-12-08 15:19:31,663 - INFO - ============================================================
2025-12-08 15:19:31,663 - INFO - 进度: 成功转换 600 个, 跳过 1302 个, 失败 0 个
2025-12-08 15:19:31,664 - INFO - 已转换样本: 11788 个
2025-12-08 15:19:31,664 - INFO - 转换速度: 51.3 文件/秒
2025-12-08 15:19:31,664 - INFO - 预计剩余时间: 2.7 分钟
2025-12-08 15:19:31,665 - INFO - ============================================================
2025-12-08 15:19:31,671 - INFO - [1903/10119] 转换: szqjl_2024-05-23_12_27_09_.rep (已处理: 601, 已转换: 600)
2025-12-08 15:19:31,683 - INFO -   ✓ 成功: 21 个样本, 2 个玩家
2025-12-08 15:19:31,688 - INFO - [1904/10119] 转换: szqjl_2024-05-23_12_30_42_.rep (已处理: 602, 已转换: 601)
2025-12-08 15:19:31,699 - INFO -   ✓ 成功: 18 个样本, 2 个玩家
2025-12-08 15:19:31,704 - INFO - [1905/10119] 转换: szqjl_2024-05-24_11_33_32_.rep (已处理: 603, 已转换: 602)
2025-12-08 15:19:31,715 - INFO -   ✓ 成功: 20 个样本, 2 个玩家
2025-12-08 15:19:31,719 - INFO - [1906/10119] 转换: szqjl_2024-05-24_11_38_08_.rep (已处理: 604, 已转换: 603)
2025-12-08 15:19:31,732 - INFO -   ✓ 成功: 20 个样本, 2 个玩家
2025-12-08 15:19:31,737 - INFO - [1907/10119] 转换: szqjl_2024-05-24_11_40_46_.rep (已处理: 605, 已转换: 604)
2025-12-08 15:19:31,747 - INFO -   ✓ 成功: 16 个样本, 2 个玩家
2025-12-08 15:19:31,752 - INFO - [1908/10119] 转换: szqjl_2024-05-24_11_45_36_.rep (已处理: 606, 已转换: 605)
2025-12-08 15:19:31,762 - INFO -   ✓ 成功: 18 个样本, 2 个玩家
2025-12-08 15:19:31,767 - INFO - [1909/10119] 转换: szqjl_2024-05-24_11_50_33_.rep (已处理: 607, 已转换: 606)
2025-12-08 15:19:31,778 - INFO -   ✓ 成功: 23 个样本, 2 个玩家
2025-12-08 15:19:31,783 - INFO - [1910/10119] 转换: szqjl_2024-05-24_11_54_23_.rep (已处理: 608, 已转换: 607)
2025-12-08 15:19:31,793 - INFO -   ✓ 成功: 18 个样本, 2 个玩家
2025-12-08 15:19:31,798 - INFO - [1911/10119] 转换: szqjl_2024-05-24_12_03_40_.rep (已处理: 609, 已转换: 608)
2025-12-08 15:19:31,808 - INFO -   ✓ 成功: 23 个样本, 2 个玩家
2025-12-08 15:19:31,813 - INFO - [1912/10119] 转换: szqjl_2024-05-24_12_07_33_.rep (已处理: 610, 已转换: 609)
2025-12-08 15:19:31,823 - INFO -   ✓ 成功: 17 个样本, 2 个玩家
2025-12-08 15:19:31,828 - INFO - [1913/10119] 转换: szqjl_2024-05-24_12_13_36_.rep (已处理: 611, 已转换: 610)
2025-12-08 15:19:31,838 - INFO -   ✓ 成功: 18 个样本, 2 个玩家
2025-12-08 15:19:31,844 - INFO - [1914/10119] 转换: szqjl_2024-05-24_12_17_38_.rep (已处理: 612, 已转换: 611)
2025-12-08 15:19:31,853 - INFO -   ✓ 成功: 19 个样本, 2 个玩家
2025-12-08 15:19:31,859 - INFO - [1915/10119] 转换: szqjl_2024-05-24_12_21_39_.rep (已处理: 613, 已转换: 612)
2025-12-08 15:19:31,869 - INFO -   ✓ 成功: 28 个样本, 2 个玩家
2025-12-08 15:19:31,874 - INFO - [1916/10119] 转换: szqjl_2024-05-24_12_25_46_.rep (已处理: 614, 已转换: 613)
2025-12-08 15:19:31,896 - INFO -   ✓ 成功: 19 个样本, 2 个玩家
2025-12-08 15:19:31,903 - INFO - [1917/10119] 转换: szqjl_2024-05-24_12_30_16_.rep (已处理: 615, 已转换: 614)
2025-12-08 15:19:31,914 - INFO -   ✓ 成功: 18 个样本, 2 个玩家
2025-12-08 15:19:31,920 - INFO - [1918/10119] 转换: szqjl_2024-05-24_12_33_32_.rep (已处理: 616, 已转换: 615)
2025-12-08 15:19:31,930 - INFO -   ✓ 成功: 19 个样本, 2 个玩家
2025-12-08 15:19:31,935 - INFO - [1919/10119] 转换: szqjl_2024-05-24_12_37_52_.rep (已处理: 617, 已转换: 616)
2025-12-08 15:19:31,945 - INFO -   ✓ 成功: 18 个样本, 2 个玩家
2025-12-08 15:19:31,951 - INFO - [1920/10119] 转换: szqjl_2024-05-24_12_42_01_.rep (已处理: 618, 已转换: 617)
2025-12-08 15:19:31,961 - INFO -   ✓ 成功: 20 个样本, 2 个玩家
2025-12-08 15:19:31,967 - INFO - [1921/10119] 转换: szqjl_2024-05-24_12_45_01_.rep (已处理: 619, 已转换: 618)
2025-12-08 15:19:31,977 - INFO -   ✓ 成功: 17 个样本, 2 个玩家
2025-12-08 15:19:31,982 - INFO - [1922/10119] 转换: szqjl_2024-05-24_12_49_34_.rep (已处理: 620, 已转换: 619)
2025-12-08 15:19:31,995 - INFO -   ✓ 成功: 18 个样本, 2 个玩家
2025-12-08 15:19:32,000 - INFO - [1923/10119] 转换: szqjl_2024-05-24_12_52_29_.rep (已处理: 621, 已转换: 620)
2025-12-08 15:19:32,013 - INFO -   ✓ 成功: 16 个样本, 2 个玩家
2025-12-08 15:19:32,018 - INFO - [1924/10119] 转换: szqjl_2024-05-24_12_55_39_.rep (已处理: 622, 已转换: 621)
2025-12-08 15:19:32,029 - INFO -   ✓ 成功: 18 个样本, 2 个玩家
2025-12-08 15:19:32,035 - INFO - [1925/10119] 转换: szqjl_2024-05-24_12_59_46_.rep (已处理: 623, 已转换: 622)
2025-12-08 15:19:32,046 - INFO -   ✓ 成功: 19 个样本, 2 个玩家
2025-12-08 15:19:32,051 - INFO - [1926/10119] 转换: szqjl_2024-05-24_13_03_21_.rep (已处理: 624, 已转换: 623)
2025-12-08 15:19:32,062 - INFO -   ✓ 成功: 18 个样本, 2 个玩家
2025-12-08 15:19:32,067 - INFO - [1927/10119] 转换: szqjl_2024-05-24_13_07_18_.rep (已处理: 625, 已转换: 624)
2025-12-08 15:19:32,078 - INFO -   ✓ 成功: 22 个样本, 2 个玩家
2025-12-08 15:19:32,083 - INFO - [1928/10119] 转换: szqjl_2024-05-24_13_11_00_.rep (已处理: 626, 已转换: 625)
2025-12-08 15:19:32,093 - INFO -   ✓ 成功: 19 个样本, 2 个玩家
2025-12-08 15:19:32,098 - INFO - [1929/10119] 转换: szqjl_2024-05-24_13_14_55_.rep (已处理: 627, 已转换: 626)
2025-12-08 15:19:32,110 - INFO -   ✓ 成功: 19 个样本, 2 个玩家
2025-12-08 15:19:32,115 - INFO - [1930/10119] 转换: szqjl_2024-05-24_13_18_21_.rep (已处理: 628, 已转换: 627)
2025-12-08 15:19:32,125 - INFO -   ✓ 成功: 18 个样本, 2 个玩家
2025-12-08 15:19:32,131 - INFO - [1931/10119] 转换: szqjl_2024-05-24_13_21_53_.rep (已处理: 629, 已转换: 628)
2025-12-08 15:19:32,141 - INFO -   ✓ 成功: 24 个样本, 2 个玩家
2025-12-08 15:19:32,146 - INFO - [1932/10119] 转换: szqjl_2024-05-24_16_16_17_.rep (已处理: 630, 已转换: 629)
2025-12-08 15:19:32,157 - INFO -   ✓ 成功: 17 个样本, 2 个玩家
2025-12-08 15:19:32,162 - INFO - [1933/10119] 转换: szqjl_2024-05-24_16_18_28_.rep (已处理: 631, 已转换: 630)
2025-12-08 15:19:32,171 - INFO -   ✓ 成功: 17 个样本, 2 个玩家
2025-12-08 15:19:32,179 - INFO - [1934/10119] 转换: szqjl_2024-05-24_16_22_22_.rep (已处理: 632, 已转换: 631)
2025-12-08 15:19:32,199 - INFO -   ✓ 成功: 17 个样本, 2 个玩家
2025-12-08 15:19:32,206 - INFO - [1935/10119] 转换: szqjl_2024-05-24_16_26_35_.rep (已处理: 633, 已转换: 632)
2025-12-08 15:19:32,217 - INFO -   ✓ 成功: 25 个样本, 2 个玩家
2025-12-08 15:19:32,221 - INFO - [1936/10119] 转换: szqjl_2024-05-27_12_07_11_.rep (已处理: 634, 已转换: 633)
2025-12-08 15:19:32,231 - INFO -   ✓ 成功: 23 个样本, 2 个玩家
2025-12-08 15:19:32,236 - INFO - [1937/10119] 转换: szqjl_2024-05-27_12_09_51_.rep (已处理: 635, 已转换: 634)
2025-12-08 15:19:32,247 - INFO -   ✓ 成功: 17 个样本, 2 个玩家
2025-12-08 15:19:32,252 - INFO - [1938/10119] 转换: szqjl_2024-05-27_12_12_46_.rep (已处理: 636, 已转换: 635)
2025-12-08 15:19:32,262 - INFO -   ✓ 成功: 17 个样本, 2 个玩家
2025-12-08 15:19:32,267 - INFO - [1939/10119] 转换: szqjl_2024-05-27_12_16_16_.rep (已处理: 637, 已转换: 636)
2025-12-08 15:19:32,277 - INFO -   ✓ 成功: 20 个样本, 2 个玩家
2025-12-08 15:19:32,283 - INFO - [1940/10119] 转换: szqjl_2024-05-27_12_19_18_.rep (已处理: 638, 已转换: 637)
2025-12-08 15:19:32,293 - INFO -   ✓ 成功: 18 个样本, 2 个玩家
2025-12-08 15:19:32,298 - INFO - [1941/10119] 转换: szqjl_2024-05-27_12_22_34_.rep (已处理: 639, 已转换: 638)
2025-12-08 15:19:32,302 - INFO -   ✓ 成功: 22 个样本, 2 个玩家
2025-12-08 15:19:32,307 - INFO - [1942/10119] 转换: szqjl_2024-05-27_12_25_53_.rep (已处理: 640, 已转换: 639)
2025-12-08 15:19:32,318 - INFO -   ✓ 成功: 23 个样本, 2 个玩家
2025-12-08 15:19:32,323 - INFO - [1943/10119] 转换: szqjl_2024-05-27_12_29_31_.rep (已处理: 641, 已转换: 640)
2025-12-08 15:19:32,333 - INFO -   ✓ 成功: 22 个样本, 2 个玩家
2025-12-08 15:19:32,338 - INFO - [1944/10119] 转换: szqjl_2024-05-27_12_32_22_.rep (已处理: 642, 已转换: 641)
2025-12-08 15:19:32,349 - INFO -   ✓ 成功: 20 个样本, 2 个玩家
2025-12-08 15:19:32,354 - INFO - [1945/10119] 转换: szqjl_2024-05-27_12_35_45_.rep (已处理: 643, 已转换: 642)
2025-12-08 15:19:32,366 - INFO -   ✓ 成功: 25 个样本, 2 个玩家
2025-12-08 15:19:32,371 - INFO - [1946/10119] 转换: szqjl_2024-05-27_12_40_07_.rep (已处理: 644, 已转换: 643)
2025-12-08 15:19:32,382 - INFO -   ✓ 成功: 18 个样本, 2 个玩家
2025-12-08 15:19:32,387 - INFO - [1947/10119] 转换: szqjl_2024-05-27_12_42_20_.rep (已处理: 645, 已转换: 644)
2025-12-08 15:19:32,397 - INFO -   ✓ 成功: 16 个样本, 2 个玩家
2025-12-08 15:19:32,402 - INFO - [1948/10119] 转换: szqjl_2024-05-27_12_46_56_.rep (已处理: 646, 已转换: 645)
2025-12-08 15:19:32,414 - INFO -   ✓ 成功: 19 个样本, 2 个玩家
2025-12-08 15:19:32,419 - INFO - [1949/10119] 转换: szqjl_2024-05-27_12_50_24_.rep (已处理: 647, 已转换: 646)
2025-12-08 15:19:32,430 - INFO -   ✓ 成功: 25 个样本, 2 个玩家
2025-12-08 15:19:32,436 - INFO - [1950/10119] 转换: szqjl_2024-05-27_12_54_46_.rep (已处理: 648, 已转换: 647)
2025-12-08 15:19:32,446 - INFO -   ✓ 成功: 22 个样本, 2 个玩家
2025-12-08 15:19:32,451 - INFO - [1951/10119] 转换: szqjl_2024-05-27_12_57_33_.rep (已处理: 649, 已转换: 648)
2025-12-08 15:19:32,462 - INFO -   ✓ 成功: 22 个样本, 2 个玩家
2025-12-08 15:19:32,467 - INFO - [1952/10119] 转换: szqjl_2024-05-27_13_01_53_.rep (已处理: 650, 已转换: 649)
2025-12-08 15:19:32,490 - INFO -   ✓ 成功: 15 个样本, 2 个玩家
2025-12-08 15:19:32,499 - INFO - [1953/10119] 转换: szqjl_2024-05-27_13_05_57_.rep (已处理: 651, 已转换: 650)
2025-12-08 15:19:32,504 - INFO -   ✓ 成功: 16 个样本, 2 个玩家
2025-12-08 15:19:32,513 - INFO - [1954/10119] 转换: szqjl_2024-05-27_13_09_27_.rep (已处理: 652, 已转换: 651)
2025-12-08 15:19:32,527 - INFO -   ✓ 成功: 20 个样本, 2 个玩家
2025-12-08 15:19:32,534 - INFO - [1955/10119] 转换: szqjl_2024-05-27_13_12_53_.rep (已处理: 653, 已转换: 652)
2025-12-08 15:19:32,546 - INFO -   ✓ 成功: 17 个样本, 2 个玩家
2025-12-08 15:19:32,552 - INFO - [1956/10119] 转换: szqjl_2024-05-27_13_16_41_.rep (已处理: 654, 已转换: 653)
2025-12-08 15:19:32,563 - INFO -   ✓ 成功: 21 个样本, 2 个玩家
2025-12-08 15:19:32,567 - INFO - [1957/10119] 转换: szqjl_2024-05-27_13_24_17_.rep (已处理: 655, 已转换: 654)
2025-12-08 15:19:32,579 - INFO -   ✓ 成功: 17 个样本, 2 个玩家
2025-12-08 15:19:32,584 - INFO - [1958/10119] 转换: szqjl_2024-05-27_13_27_41_.rep (已处理: 656, 已转换: 655)
2025-12-08 15:19:32,594 - INFO -   ✓ 成功: 20 个样本, 2 个玩家
2025-12-08 15:19:32,600 - INFO - [1959/10119] 转换: szqjl_2024-05-27_13_30_14_.rep (已处理: 657, 已转换: 656)
2025-12-08 15:19:32,610 - INFO -   ✓ 成功: 20 个样本, 2 个玩家
2025-12-08 15:19:32,615 - INFO - [1960/10119] 转换: szqjl_2024-05-27_13_32_57_.rep (已处理: 658, 已转换: 657)
2025-12-08 15:19:32,625 - INFO -   ✓ 成功: 17 个样本, 2 个玩家
2025-12-08 15:19:32,631 - INFO - [1961/10119] 转换: szqjl_2024-05-27_13_36_07_.rep (已处理: 659, 已转换: 658)
2025-12-08 15:19:32,640 - INFO -   ✓ 成功: 21 个样本, 2 个玩家
2025-12-08 15:19:32,645 - INFO - [1962/10119] 转换: szqjl_2024-05-27_13_39_39_.rep (已处理: 660, 已转换: 659)
2025-12-08 15:19:32,656 - INFO -   ✓ 成功: 22 个样本, 2 个玩家
2025-12-08 15:19:32,662 - INFO - [1963/10119] 转换: szqjl_2024-05-27_13_42_30_.rep (已处理: 661, 已转换: 660)
2025-12-08 15:19:32,672 - INFO -   ✓ 成功: 15 个样本, 2 个玩家
2025-12-08 15:19:32,678 - INFO - [1964/10119] 转换: szqjl_2024-05-27_13_45_16_.rep (已处理: 662, 已转换: 661)
2025-12-08 15:19:32,689 - INFO -   ✓ 成功: 21 个样本, 2 个玩家
2025-12-08 15:19:32,695 - INFO - [1965/10119] 转换: szqjl_2024-05-27_13_47_27_.rep (已处理: 663, 已转换: 662)
2025-12-08 15:19:32,705 - INFO -   ✓ 成功: 13 个样本, 2 个玩家
2025-12-08 15:19:32,711 - INFO - [1966/10119] 转换: szqjl_2024-05-27_13_51_28_.rep (已处理: 664, 已转换: 663)
2025-12-08 15:19:32,721 - INFO -   ✓ 成功: 20 个样本, 2 个玩家
2025-12-08 15:19:32,727 - INFO - [1967/10119] 转换: szqjl_2024-05-27_13_54_45_.rep (已处理: 665, 已转换: 664)
2025-12-08 15:19:32,738 - INFO -   ✓ 成功: 21 个样本, 2 个玩家
2025-12-08 15:19:32,744 - INFO - [1968/10119] 转换: szqjl_2024-05-27_13_57_31_.rep (已处理: 666, 已转换: 665)
2025-12-08 15:19:32,754 - INFO -   ✓ 成功: 18 个样本, 2 个玩家
2025-12-08 15:19:32,759 - INFO - [1969/10119] 转换: szqjl_2024-05-27_14_01_21_.rep (已处理: 667, 已转换: 666)
2025-12-08 15:19:32,770 - INFO -   ✓ 成功: 20 个样本, 2 个玩家
2025-12-08 15:19:32,775 - INFO - [1970/10119] 转换: szqjl_2024-05-27_14_04_50_.rep (已处理: 668, 已转换: 667)
2025-12-08 15:19:32,785 - INFO -   ✓ 成功: 22 个样本, 2 个玩家
2025-12-08 15:19:32,790 - INFO - [1971/10119] 转换: szqjl_2024-05-27_14_12_53_.rep (已处理: 669, 已转换: 668)
2025-12-08 15:19:32,800 - INFO -   ✓ 成功: 16 个样本, 2 个玩家
2025-12-08 15:19:32,805 - INFO - [1972/10119] 转换: szqjl_2024-05-27_14_17_15_.rep (已处理: 670, 已转换: 669)
2025-12-08 15:19:32,810 - INFO -   ✓ 成功: 22 个样本, 2 个玩家
2025-12-08 15:19:32,815 - INFO - [1973/10119] 转换: szqjl_2024-05-27_14_20_39_.rep (已处理: 671, 已转换: 670)
2025-12-08 15:19:32,825 - INFO -   ✓ 成功: 19 个样本, 2 个玩家
2025-12-08 15:19:32,830 - INFO - [1974/10119] 转换: szqjl_2024-05-27_14_25_37_.rep (已处理: 672, 已转换: 671)
2025-12-08 15:19:32,840 - INFO -   ✓ 成功: 23 个样本, 2 个玩家
2025-12-08 15:19:32,846 - INFO - [1975/10119] 转换: szqjl_2024-05-27_14_30_44_.rep (已处理: 673, 已转换: 672)
2025-12-08 15:19:32,856 - INFO -   ✓ 成功: 23 个样本, 2 个玩家
2025-12-08 15:19:32,861 - INFO - [1976/10119] 转换: szqjl_2024-05-27_14_36_19_.rep (已处理: 674, 已转换: 673)
2025-12-08 15:19:32,871 - INFO -   ✓ 成功: 25 个样本, 2 个玩家
2025-12-08 15:19:32,877 - INFO - [1977/10119] 转换: szqjl_2024-05-27_14_40_02_.rep (已处理: 675, 已转换: 674)
2025-12-08 15:19:32,887 - INFO -   ✓ 成功: 20 个样本, 2 个玩家
2025-12-08 15:19:32,892 - INFO - [1978/10119] 转换: szqjl_2024-05-27_14_44_35_.rep (已处理: 676, 已转换: 675)
2025-12-08 15:19:32,903 - INFO -   ✓ 成功: 22 个样本, 2 个玩家
2025-12-08 15:19:32,908 - INFO - [1979/10119] 转换: szqjl_2024-05-27_14_49_06_.rep (已处理: 677, 已转换: 676)
2025-12-08 15:19:32,918 - INFO -   ✓ 成功: 17 个样本, 2 个玩家
2025-12-08 15:19:32,924 - INFO - [1980/10119] 转换: szqjl_2024-05-27_14_53_22_.rep (已处理: 678, 已转换: 677)
2025-12-08 15:19:32,934 - INFO -   ✓ 成功: 17 个样本, 2 个玩家
2025-12-08 15:19:32,939 - INFO - [1981/10119] 转换: szqjl_2024-05-27_14_57_16_.rep (已处理: 679, 已转换: 678)
2025-12-08 15:19:32,950 - INFO -   ✓ 成功: 22 个样本, 2 个玩家
2025-12-08 15:19:32,956 - INFO - [1982/10119] 转换: szqjl_2024-05-27_15_00_49_.rep (已处理: 680, 已转换: 679)
2025-12-08 15:19:32,967 - INFO -   ✓ 成功: 13 个样本, 2 个玩家
2025-12-08 15:19:32,972 - INFO - [1983/10119] 转换: szqjl_2024-05-28_11_32_45_.rep (已处理: 681, 已转换: 680)
2025-12-08 15:19:32,982 - INFO -   ✓ 成功: 21 个样本, 2 个玩家
2025-12-08 15:19:32,987 - INFO - [1984/10119] 转换: szqjl_2024-05-28_11_36_23_.rep (已处理: 682, 已转换: 681)
2025-12-08 15:19:32,998 - INFO -   ✓ 成功: 23 个样本, 2 个玩家
2025-12-08 15:19:33,003 - INFO - [1985/10119] 转换: szqjl_2024-05-28_11_39_45_.rep (已处理: 683, 已转换: 682)
2025-12-08 15:19:33,014 - INFO -   ✓ 成功: 20 个样本, 2 个玩家
2025-12-08 15:19:33,019 - INFO - [1986/10119] 转换: szqjl_2024-05-28_11_43_30_.rep (已处理: 684, 已转换: 683)
2025-12-08 15:19:33,029 - INFO -   ✓ 成功: 21 个样本, 2 个玩家
2025-12-08 15:19:33,034 - INFO - [1987/10119] 转换: szqjl_2024-05-28_11_46_39_.rep (已处理: 685, 已转换: 684)
2025-12-08 15:19:33,045 - INFO -   ✓ 成功: 21 个样本, 2 个玩家
2025-12-08 15:19:33,050 - INFO - [1988/10119] 转换: szqjl_2024-05-28_11_51_02_.rep (已处理: 686, 已转换: 685)
2025-12-08 15:19:33,060 - INFO -   ✓ 成功: 17 个样本, 2 个玩家
2025-12-08 15:19:33,065 - INFO - [1989/10119] 转换: szqjl_2024-05-28_11_54_25_.rep (已处理: 687, 已转换: 686)
2025-12-08 15:19:33,076 - INFO -   ✓ 成功: 19 个样本, 2 个玩家
2025-12-08 15:19:33,081 - INFO - [1990/10119] 转换: szqjl_2024-05-28_11_57_55_.rep (已处理: 688, 已转换: 687)
2025-12-08 15:19:33,091 - INFO -   ✓ 成功: 16 个样本, 2 个玩家
2025-12-08 15:19:33,096 - INFO - [1991/10119] 转换: szqjl_2024-05-28_12_01_21_.rep (已处理: 689, 已转换: 688)
2025-12-08 15:19:33,107 - INFO -   ✓ 成功: 18 个样本, 2 个玩家
2025-12-08 15:19:33,112 - INFO - [1992/10119] 转换: szqjl_2024-05-28_12_04_32_.rep (已处理: 690, 已转换: 689)
2025-12-08 15:19:33,123 - INFO -   ✓ 成功: 21 个样本, 2 个玩家
2025-12-08 15:19:33,128 - INFO - [1993/10119] 转换: szqjl_2024-05-28_12_08_07_.rep (已处理: 691, 已转换: 690)
2025-12-08 15:19:33,138 - INFO -   ✓ 成功: 17 个样本, 2 个玩家
2025-12-08 15:19:33,144 - INFO - [1994/10119] 转换: szqjl_2024-05-28_12_12_20_.rep (已处理: 692, 已转换: 691)
2025-12-08 15:19:33,154 - INFO -   ✓ 成功: 23 个样本, 2 个玩家
2025-12-08 15:19:33,159 - INFO - [1995/10119] 转换: szqjl_2024-05-28_12_16_40_.rep (已处理: 693, 已转换: 692)
2025-12-08 15:19:33,170 - INFO -   ✓ 成功: 21 个样本, 2 个玩家
2025-12-08 15:19:33,176 - INFO - [1996/10119] 转换: szqjl_2024-05-28_12_19_37_.rep (已处理: 694, 已转换: 693)
2025-12-08 15:19:33,186 - INFO -   ✓ 成功: 18 个样本, 2 个玩家
2025-12-08 15:19:33,192 - INFO - [1997/10119] 转换: szqjl_2024-05-28_12_22_45_.rep (已处理: 695, 已转换: 694)
2025-12-08 15:19:33,203 - INFO -   ✓ 成功: 16 个样本, 2 个玩家
2025-12-08 15:19:33,208 - INFO - [1998/10119] 转换: szqjl_2024-05-28_12_26_18_.rep (已处理: 696, 已转换: 695)
2025-12-08 15:19:33,219 - INFO -   ✓ 成功: 21 个样本, 2 个玩家
2025-12-08 15:19:33,224 - INFO - [1999/10119] 转换: szqjl_2024-05-28_12_30_03_.rep (已处理: 697, 已转换: 696)
2025-12-08 15:19:33,235 - INFO -   ✓ 成功: 19 个样本, 2 个玩家
2025-12-08 15:19:33,241 - INFO - [2000/10119] 转换: szqjl_2024-05-28_12_34_48_.rep (已处理: 698, 已转换: 697)
2025-12-08 15:19:33,251 - INFO -   ✓ 成功: 20 个样本, 2 个玩家
2025-12-08 15:19:33,256 - INFO - [2001/10119] 转换: szqjl_2024-05-28_12_38_19_.rep (已处理: 699, 已转换: 698)
2025-12-08 15:19:33,266 - INFO -   ✓ 成功: 15 个样本, 2 个玩家
2025-12-08 15:19:33,272 - INFO - [2002/10119] 转换: szqjl_2024-05-28_12_41_30_.rep (已处理: 700, 已转换: 699)
2025-12-08 15:19:33,282 - INFO -   ✓ 成功: 16 个样本, 2 个玩家
2025-12-08 15:19:33,282 - INFO - ============================================================
2025-12-08 15:19:33,283 - INFO - 进度: 成功转换 700 个, 跳过 1302 个, 失败 0 个
2025-12-08 15:19:33,283 - INFO - 已转换样本: 13732 个
2025-12-08 15:19:33,283 - INFO - 转换速度: 52.6 文件/秒
2025-12-08 15:19:33,283 - INFO - 预计剩余时间: 2.6 分钟
2025-12-08 15:19:33,283 - INFO - ============================================================
2025-12-08 15:19:33,289 - INFO - [2003/10119] 转换: szqjl_2024-05-28_12_44_28_.rep (已处理: 701, 已转换: 700)
2025-12-08 15:19:33,299 - INFO -   ✓ 成功: 15 个样本, 2 个玩家
2025-12-08 15:19:33,305 - INFO - [2004/10119] 转换: szqjl_2024-05-28_12_47_32_.rep (已处理: 702, 已转换: 701)
2025-12-08 15:19:33,315 - INFO -   ✓ 成功: 18 个样本, 2 个玩家
2025-12-08 15:19:33,320 - INFO - [2005/10119] 转换: szqjl_2024-05-28_12_50_57_.rep (已处理: 703, 已转换: 702)
2025-12-08 15:19:33,330 - INFO -   ✓ 成功: 14 个样本, 2 个玩家
2025-12-08 15:19:33,336 - INFO - [2006/10119] 转换: szqjl_2024-05-28_12_53_33_.rep (已处理: 704, 已转换: 703)
2025-12-08 15:19:33,346 - INFO -   ✓ 成功: 22 个样本, 2 个玩家
2025-12-08 15:19:33,351 - INFO - [2007/10119] 转换: szqjl_2024-05-28_12_57_03_.rep (已处理: 705, 已转换: 704)
2025-12-08 15:19:33,362 - INFO -   ✓ 成功: 17 个样本, 2 个玩家
2025-12-08 15:19:33,368 - INFO - [2008/10119] 转换: szqjl_2024-05-28_12_59_47_.rep (已处理: 706, 已转换: 705)
2025-12-08 15:19:33,399 - INFO -   ✓ 成功: 19 个样本, 2 个玩家
2025-12-08 15:19:33,404 - INFO - [2009/10119] 转换: szqjl_2024-05-28_13_02_21_.rep (已处理: 707, 已转换: 706)
2025-12-08 15:19:33,416 - INFO -   ✓ 成功: 21 个样本, 2 个玩家
2025-12-08 15:19:33,421 - INFO - [2010/10119] 转换: szqjl_2024-05-28_13_06_03_.rep (已处理: 708, 已转换: 707)
2025-12-08 15:19:33,432 - INFO -   ✓ 成功: 23 个样本, 2 个玩家
2025-12-08 15:19:33,437 - INFO - [2011/10119] 转换: szqjl_2024-05-28_13_10_14_.rep (已处理: 709, 已转换: 708)
2025-12-08 15:19:33,449 - INFO -   ✓ 成功: 19 个样本, 2 个玩家
2025-12-08 15:19:33,454 - INFO - [2012/10119] 转换: szqjl_2024-05-28_13_13_45_.rep (已处理: 710, 已转换: 709)
2025-12-08 15:19:33,465 - INFO -   ✓ 成功: 17 个样本, 2 个玩家
2025-12-08 15:19:33,470 - INFO - [2013/10119] 转换: szqjl_2024-05-28_13_17_56_.rep (已处理: 711, 已转换: 710)
2025-12-08 15:19:33,480 - INFO -   ✓ 成功: 23 个样本, 2 个玩家
2025-12-08 15:19:33,486 - INFO - [2014/10119] 转换: szqjl_2024-05-28_14_56_56_.rep (已处理: 712, 已转换: 711)
2025-12-08 15:19:33,496 - INFO -   ✓ 成功: 21 个样本, 2 个玩家
2025-12-08 15:19:33,502 - INFO - [2015/10119] 转换: szqjl_2024-05-28_14_59_41_.rep (已处理: 713, 已转换: 712)
2025-12-08 15:19:33,512 - INFO -   ✓ 成功: 20 个样本, 2 个玩家
2025-12-08 15:19:33,517 - INFO - [2016/10119] 转换: szqjl_2024-05-28_15_03_06_.rep (已处理: 714, 已转换: 713)
2025-12-08 15:19:33,527 - INFO -   ✓ 成功: 20 个样本, 2 个玩家
2025-12-08 15:19:33,532 - INFO - [2017/10119] 转换: szqjl_2024-05-28_15_06_39_.rep (已处理: 715, 已转换: 714)
2025-12-08 15:19:33,543 - INFO -   ✓ 成功: 24 个样本, 2 个玩家
2025-12-08 15:19:33,548 - INFO - [2018/10119] 转换: szqjl_2024-05-28_15_09_39_.rep (已处理: 716, 已转换: 715)
2025-12-08 15:19:33,560 - INFO -   ✓ 成功: 20 个样本, 2 个玩家
2025-12-08 15:19:33,565 - INFO - [2019/10119] 转换: szqjl_2024-05-28_15_13_28_.rep (已处理: 717, 已转换: 716)
2025-12-08 15:19:33,576 - INFO -   ✓ 成功: 19 个样本, 2 个玩家
2025-12-08 15:19:33,582 - INFO - [2020/10119] 转换: szqjl_2024-05-28_15_16_47_.rep (已处理: 718, 已转换: 717)
2025-12-08 15:19:33,592 - INFO -   ✓ 成功: 20 个样本, 2 个玩家
2025-12-08 15:19:33,597 - INFO - [2021/10119] 转换: szqjl_2024-05-28_15_20_08_.rep (已处理: 719, 已转换: 718)
2025-12-08 15:19:33,651 - INFO -   ✓ 成功: 21 个样本, 2 个玩家
2025-12-08 15:19:33,671 - INFO - [2022/10119] 转换: szqjl_2024-05-28_15_22_54_.rep (已处理: 720, 已转换: 719)
2025-12-08 15:19:33,679 - INFO -   ✓ 成功: 17 个样本, 2 个玩家
2025-12-08 15:19:33,684 - INFO - [2023/10119] 转换: szqjl_2024-05-29_12_55_51_.rep (已处理: 721, 已转换: 720)
2025-12-08 15:19:33,694 - INFO -   ✓ 成功: 19 个样本, 2 个玩家
2025-12-08 15:19:33,699 - INFO - [2024/10119] 转换: szqjl_2024-05-29_12_57_59_.rep (已处理: 722, 已转换: 721)
2025-12-08 15:19:33,709 - INFO -   ✓ 成功: 21 个样本, 2 个玩家
2025-12-08 15:19:33,715 - INFO - [2025/10119] 转换: szqjl_2024-05-29_13_00_23_.rep (已处理: 723, 已转换: 722)
2025-12-08 15:19:33,725 - INFO -   ✓ 成功: 18 个样本, 2 个玩家
2025-12-08 15:19:33,731 - INFO - [2026/10119] 转换: szqjl_2024-05-29_13_02_47_.rep (已处理: 724, 已转换: 723)
2025-12-08 15:19:33,741 - INFO -   ✓ 成功: 18 个样本, 2 个玩家
2025-12-08 15:19:33,747 - INFO - [2027/10119] 转换: szqjl_2024-05-29_13_05_36_.rep (已处理: 725, 已转换: 724)
2025-12-08 15:19:33,759 - INFO -   ✓ 成功: 21 个样本, 2 个玩家
2025-12-08 15:19:33,765 - INFO - [2028/10119] 转换: szqjl_2024-05-29_13_08_06_.rep (已处理: 726, 已转换: 725)
2025-12-08 15:19:33,776 - INFO -   ✓ 成功: 21 个样本, 2 个玩家
2025-12-08 15:19:33,781 - INFO - [2029/10119] 转换: szqjl_2024-05-29_13_10_34_.rep (已处理: 727, 已转换: 726)
2025-12-08 15:19:33,791 - INFO -   ✓ 成功: 18 个样本, 2 个玩家
2025-12-08 15:19:33,797 - INFO - [2030/10119] 转换: szqjl_2024-05-29_13_13_36_.rep (已处理: 728, 已转换: 727)
2025-12-08 15:19:33,807 - INFO -   ✓ 成功: 20 个样本, 2 个玩家
2025-12-08 15:19:33,812 - INFO - [2031/10119] 转换: szqjl_2024-05-29_13_21_54_.rep (已处理: 729, 已转换: 728)
2025-12-08 15:19:33,822 - INFO -   ✓ 成功: 22 个样本, 2 个玩家
2025-12-08 15:19:33,828 - INFO - [2032/10119] 转换: szqjl_2024-05-29_13_46_51_.rep (已处理: 730, 已转换: 729)
2025-12-08 15:19:33,849 - INFO -   ✓ 成功: 20 个样本, 2 个玩家
2025-12-08 15:19:33,857 - INFO - [2033/10119] 转换: szqjl_2024-05-29_13_50_11_.rep (已处理: 731, 已转换: 730)
2025-12-08 15:19:33,868 - INFO -   ✓ 成功: 20 个样本, 2 个玩家
2025-12-08 15:19:33,873 - INFO - [2034/10119] 转换: szqjl_2024-05-29_13_53_32_.rep (已处理: 732, 已转换: 731)
2025-12-08 15:19:33,883 - INFO -   ✓ 成功: 18 个样本, 2 个玩家
2025-12-08 15:19:33,889 - INFO - [2035/10119] 转换: szqjl_2024-05-29_13_56_42_.rep (已处理: 733, 已转换: 732)
2025-12-08 15:19:33,899 - INFO -   ✓ 成功: 20 个样本, 2 个玩家
2025-12-08 15:19:33,905 - INFO - [2036/10119] 转换: szqjl_2024-05-29_14_00_33_.rep (已处理: 734, 已转换: 733)
2025-12-08 15:19:33,915 - INFO -   ✓ 成功: 19 个样本, 2 个玩家
2025-12-08 15:19:33,921 - INFO - [2037/10119] 转换: szqjl_2024-05-30_12_39_22_.rep (已处理: 735, 已转换: 734)
2025-12-08 15:19:33,930 - INFO -   ✓ 成功: 18 个样本, 2 个玩家
2025-12-08 15:19:33,936 - INFO - [2038/10119] 转换: szqjl_2024-05-30_12_44_14_.rep (已处理: 736, 已转换: 735)
2025-12-08 15:19:33,946 - INFO -   ✓ 成功: 26 个样本, 2 个玩家
2025-12-08 15:19:33,952 - INFO - [2039/10119] 转换: szqjl_2024-05-30_12_47_28_.rep (已处理: 737, 已转换: 736)
2025-12-08 15:19:33,962 - INFO -   ✓ 成功: 20 个样本, 2 个玩家
2025-12-08 15:19:33,967 - INFO - [2040/10119] 转换: szqjl_2024-05-30_12_51_46_.rep (已处理: 738, 已转换: 737)
2025-12-08 15:19:33,977 - INFO -   ✓ 成功: 20 个样本, 2 个玩家
2025-12-08 15:19:33,983 - INFO - [2041/10119] 转换: szqjl_2024-05-30_12_55_39_.rep (已处理: 739, 已转换: 738)
2025-12-08 15:19:33,993 - INFO -   ✓ 成功: 18 个样本, 2 个玩家
2025-12-08 15:19:33,999 - INFO - [2042/10119] 转换: szqjl_2024-05-30_12_58_27_.rep (已处理: 740, 已转换: 739)
2025-12-08 15:19:34,009 - INFO -   ✓ 成功: 19 个样本, 2 个玩家
2025-12-08 15:19:34,015 - INFO - [2043/10119] 转换: szqjl_2024-05-30_13_01_48_.rep (已处理: 741, 已转换: 740)
2025-12-08 15:19:34,029 - INFO -   ✓ 成功: 16 个样本, 2 个玩家
2025-12-08 15:19:34,034 - INFO - [2044/10119] 转换: szqjl_2024-05-30_13_05_04_.rep (已处理: 742, 已转换: 741)
2025-12-08 15:19:34,045 - INFO -   ✓ 成功: 21 个样本, 2 个玩家
2025-12-08 15:19:34,051 - INFO - [2045/10119] 转换: szqjl_2024-05-30_13_12_39_.rep (已处理: 743, 已转换: 742)
2025-12-08 15:19:34,054 - INFO -   ✓ 成功: 18 个样本, 2 个玩家
2025-12-08 15:19:34,060 - INFO - [2046/10119] 转换: szqjl_2024-05-30_13_16_02_.rep (已处理: 744, 已转换: 743)
2025-12-08 15:19:34,070 - INFO -   ✓ 成功: 22 个样本, 2 个玩家
2025-12-08 15:19:34,075 - INFO - [2047/10119] 转换: szqjl_2024-05-30_13_19_30_.rep (已处理: 745, 已转换: 744)
2025-12-08 15:19:34,085 - INFO -   ✓ 成功: 19 个样本, 2 个玩家
2025-12-08 15:19:34,090 - INFO - [2048/10119] 转换: szqjl_2024-05-30_13_23_16_.rep (已处理: 746, 已转换: 745)
2025-12-08 15:19:34,100 - INFO -   ✓ 成功: 17 个样本, 2 个玩家
2025-12-08 15:19:34,106 - INFO - [2049/10119] 转换: szqjl_2024-05-30_13_27_29_.rep (已处理: 747, 已转换: 746)
2025-12-08 15:19:34,116 - INFO -   ✓ 成功: 18 个样本, 2 个玩家
2025-12-08 15:19:34,121 - INFO - [2050/10119] 转换: szqjl_2024-05-30_13_30_46_.rep (已处理: 748, 已转换: 747)
2025-12-08 15:19:34,131 - INFO -   ✓ 成功: 17 个样本, 2 个玩家
2025-12-08 15:19:34,137 - INFO - [2051/10119] 转换: szqjl_2024-05-30_14_11_34_.rep (已处理: 749, 已转换: 748)
2025-12-08 15:19:34,147 - INFO -   ✓ 成功: 19 个样本, 2 个玩家
2025-12-08 15:19:34,152 - INFO - [2052/10119] 转换: szqjl_2024-05-30_14_15_52_.rep (已处理: 750, 已转换: 749)
2025-12-08 15:19:34,163 - INFO -   ✓ 成功: 21 个样本, 2 个玩家
2025-12-08 15:19:34,169 - INFO - [2053/10119] 转换: szqjl_2024-05-30_14_19_34_.rep (已处理: 751, 已转换: 750)
2025-12-08 15:19:34,179 - INFO -   ✓ 成功: 20 个样本, 2 个玩家
2025-12-08 15:19:34,184 - INFO - [2054/10119] 转换: szqjl_2024-05-30_14_22_28_.rep (已处理: 752, 已转换: 751)
2025-12-08 15:19:34,194 - INFO -   ✓ 成功: 19 个样本, 2 个玩家
2025-12-08 15:19:34,200 - INFO - [2055/10119] 转换: szqjl_2024-05-30_14_24_53_.rep (已处理: 753, 已转换: 752)
2025-12-08 15:19:34,209 - INFO -   ✓ 成功: 17 个样本, 2 个玩家
2025-12-08 15:19:34,215 - INFO - [2056/10119] 转换: szqjl_2024-05-30_14_27_41_.rep (已处理: 754, 已转换: 753)
2025-12-08 15:19:34,224 - INFO -   ✓ 成功: 20 个样本, 2 个玩家
2025-12-08 15:19:34,230 - INFO - [2057/10119] 转换: szqjl_2024-05-30_14_31_01_.rep (已处理: 755, 已转换: 754)
2025-12-08 15:19:34,240 - INFO -   ✓ 成功: 22 个样本, 2 个玩家
2025-12-08 15:19:34,247 - INFO - [2058/10119] 转换: szqjl_2024-05-30_14_34_35_.rep (已处理: 756, 已转换: 755)
2025-12-08 15:19:34,258 - INFO -   ✓ 成功: 21 个样本, 2 个玩家
2025-12-08 15:19:34,264 - INFO - [2059/10119] 转换: szqjl_2024-05-30_14_39_46_.rep (已处理: 757, 已转换: 756)
2025-12-08 15:19:34,274 - INFO -   ✓ 成功: 17 个样本, 2 个玩家
2025-12-08 15:19:34,280 - INFO - [2060/10119] 转换: szqjl_2024-05-30_14_44_06_.rep (已处理: 758, 已转换: 757)
2025-12-08 15:19:34,291 - INFO -   ✓ 成功: 27 个样本, 2 个玩家
2025-12-08 15:19:34,297 - INFO - [2061/10119] 转换: szqjl_2024-05-30_14_47_15_.rep (已处理: 759, 已转换: 758)
2025-12-08 15:19:34,308 - INFO -   ✓ 成功: 20 个样本, 2 个玩家
2025-12-08 15:19:34,314 - INFO - [2062/10119] 转换: szqjl_2024-05-30_14_51_15_.rep (已处理: 760, 已转换: 759)
2025-12-08 15:19:34,326 - INFO -   ✓ 成功: 21 个样本, 2 个玩家
2025-12-08 15:19:34,332 - INFO - [2063/10119] 转换: szqjl_2024-05-30_14_54_04_.rep (已处理: 761, 已转换: 760)
2025-12-08 15:19:34,342 - INFO -   ✓ 成功: 21 个样本, 2 个玩家
2025-12-08 15:19:34,348 - INFO - [2064/10119] 转换: szqjl_2024-05-30_14_57_38_.rep (已处理: 762, 已转换: 761)
2025-12-08 15:19:34,359 - INFO -   ✓ 成功: 18 个样本, 2 个玩家
2025-12-08 15:19:34,365 - INFO - [2065/10119] 转换: szqjl_2024-05-30_15_00_19_.rep (已处理: 763, 已转换: 762)
2025-12-08 15:19:34,377 - INFO -   ✓ 成功: 16 个样本, 2 个玩家
2025-12-08 15:19:34,383 - INFO - [2066/10119] 转换: szqjl_2024-05-30_15_04_34_.rep (已处理: 764, 已转换: 763)
2025-12-08 15:19:34,394 - INFO -   ✓ 成功: 20 个样本, 2 个玩家
2025-12-08 15:19:34,399 - INFO - [2067/10119] 转换: szqjl_2024-05-30_15_11_55_.rep (已处理: 765, 已转换: 764)
2025-12-08 15:19:34,410 - INFO -   ✓ 成功: 21 个样本, 2 个玩家
2025-12-08 15:19:34,416 - INFO - [2068/10119] 转换: szqjl_2024-05-30_15_16_20_.rep (已处理: 766, 已转换: 765)
2025-12-08 15:19:34,427 - INFO -   ✓ 成功: 22 个样本, 2 个玩家
2025-12-08 15:19:34,433 - INFO - [2069/10119] 转换: szqjl_2024-06-03_11_37_32_.rep (已处理: 767, 已转换: 766)
2025-12-08 15:19:34,444 - INFO -   ✓ 成功: 16 个样本, 2 个玩家
2025-12-08 15:19:34,450 - INFO - [2070/10119] 转换: szqjl_2024-06-03_11_41_08_.rep (已处理: 768, 已转换: 767)
2025-12-08 15:19:34,460 - INFO -   ✓ 成功: 16 个样本, 2 个玩家
2025-12-08 15:19:34,465 - INFO - [2071/10119] 转换: szqjl_2024-06-03_11_44_10_.rep (已处理: 769, 已转换: 768)
2025-12-08 15:19:34,475 - INFO -   ✓ 成功: 18 个样本, 2 个玩家
2025-12-08 15:19:34,480 - INFO - [2072/10119] 转换: szqjl_2024-06-03_11_47_10_.rep (已处理: 770, 已转换: 769)
2025-12-08 15:19:34,490 - INFO -   ✓ 成功: 20 个样本, 2 个玩家
2025-12-08 15:19:34,496 - INFO - [2073/10119] 转换: szqjl_2024-06-03_11_50_07_.rep (已处理: 771, 已转换: 770)
2025-12-08 15:19:34,506 - INFO -   ✓ 成功: 16 个样本, 2 个玩家
2025-12-08 15:19:34,512 - INFO - [2074/10119] 转换: szqjl_2024-06-03_11_53_27_.rep (已处理: 772, 已转换: 771)
2025-12-08 15:19:34,522 - INFO -   ✓ 成功: 20 个样本, 2 个玩家
2025-12-08 15:19:34,527 - INFO - [2075/10119] 转换: szqjl_2024-06-03_12_02_20_.rep (已处理: 773, 已转换: 772)
2025-12-08 15:19:34,537 - INFO -   ✓ 成功: 19 个样本, 2 个玩家
2025-12-08 15:19:34,544 - INFO - [2076/10119] 转换: szqjl_2024-06-03_12_05_26_.rep (已处理: 774, 已转换: 773)
2025-12-08 15:19:34,555 - INFO -   ✓ 成功: 20 个样本, 2 个玩家
2025-12-08 15:19:34,561 - INFO - [2077/10119] 转换: szqjl_2024-06-03_12_08_53_.rep (已处理: 775, 已转换: 774)
2025-12-08 15:19:34,571 - INFO -   ✓ 成功: 21 个样本, 2 个玩家
2025-12-08 15:19:34,577 - INFO - [2078/10119] 转换: szqjl_2024-06-03_12_12_36_.rep (已处理: 776, 已转换: 775)
2025-12-08 15:19:34,587 - INFO -   ✓ 成功: 20 个样本, 2 个玩家
2025-12-08 15:19:34,593 - INFO - [2079/10119] 转换: szqjl_2024-06-03_12_16_06_.rep (已处理: 777, 已转换: 776)
2025-12-08 15:19:34,604 - INFO -   ✓ 成功: 23 个样本, 2 个玩家
2025-12-08 15:19:34,609 - INFO - [2080/10119] 转换: szqjl_2024-06-03_12_19_50_.rep (已处理: 778, 已转换: 777)
2025-12-08 15:19:34,621 - INFO -   ✓ 成功: 19 个样本, 2 个玩家
2025-12-08 15:19:34,626 - INFO - [2081/10119] 转换: szqjl_2024-06-03_12_22_37_.rep (已处理: 779, 已转换: 778)
2025-12-08 15:19:34,632 - INFO -   ✓ 成功: 16 个样本, 2 个玩家
2025-12-08 15:19:34,637 - INFO - [2082/10119] 转换: szqjl_2024-06-03_12_26_09_.rep (已处理: 780, 已转换: 779)
2025-12-08 15:19:34,647 - INFO -   ✓ 成功: 21 个样本, 2 个玩家
2025-12-08 15:19:34,653 - INFO - [2083/10119] 转换: szqjl_2024-06-03_12_29_40_.rep (已处理: 781, 已转换: 780)
2025-12-08 15:19:34,665 - INFO -   ✓ 成功: 22 个样本, 2 个玩家
2025-12-08 15:19:34,670 - INFO - [2084/10119] 转换: szqjl_2024-06-03_12_32_55_.rep (已处理: 782, 已转换: 781)
2025-12-08 15:19:34,680 - INFO -   ✓ 成功: 24 个样本, 2 个玩家
2025-12-08 15:19:34,686 - INFO - [2085/10119] 转换: szqjl_2024-06-03_12_37_22_.rep (已处理: 783, 已转换: 782)
2025-12-08 15:19:34,697 - INFO -   ✓ 成功: 18 个样本, 2 个玩家
2025-12-08 15:19:34,702 - INFO - [2086/10119] 转换: szqjl_2024-06-03_12_39_38_.rep (已处理: 784, 已转换: 783)
2025-12-08 15:19:34,712 - INFO -   ✓ 成功: 17 个样本, 2 个玩家
2025-12-08 15:19:34,717 - INFO - [2087/10119] 转换: szqjl_2024-06-03_12_43_36_.rep (已处理: 785, 已转换: 784)
2025-12-08 15:19:34,727 - INFO -   ✓ 成功: 23 个样本, 2 个玩家
2025-12-08 15:19:34,733 - INFO - [2088/10119] 转换: szqjl_2024-06-03_12_48_09_.rep (已处理: 786, 已转换: 785)
2025-12-08 15:19:34,743 - INFO -   ✓ 成功: 24 个样本, 2 个玩家
2025-12-08 15:19:34,750 - INFO - [2089/10119] 转换: szqjl_2024-06-03_12_51_16_.rep (已处理: 787, 已转换: 786)
2025-12-08 15:19:34,761 - INFO -   ✓ 成功: 24 个样本, 2 个玩家
2025-12-08 15:19:34,767 - INFO - [2090/10119] 转换: szqjl_2024-06-03_12_53_51_.rep (已处理: 788, 已转换: 787)
2025-12-08 15:19:34,778 - INFO -   ✓ 成功: 16 个样本, 2 个玩家
2025-12-08 15:19:34,784 - INFO - [2091/10119] 转换: szqjl_2024-06-03_12_56_55_.rep (已处理: 789, 已转换: 788)
2025-12-08 15:19:34,795 - INFO -   ✓ 成功: 23 个样本, 2 个玩家
2025-12-08 15:19:34,802 - INFO - [2092/10119] 转换: szqjl_2024-06-03_12_59_37_.rep (已处理: 790, 已转换: 789)
2025-12-08 15:19:34,813 - INFO -   ✓ 成功: 18 个样本, 2 个玩家
2025-12-08 15:19:34,819 - INFO - [2093/10119] 转换: szqjl_2024-06-03_13_02_34_.rep (已处理: 791, 已转换: 790)
2025-12-08 15:19:34,831 - INFO -   ✓ 成功: 21 个样本, 2 个玩家
2025-12-08 15:19:34,836 - INFO - [2094/10119] 转换: szqjl_2024-06-03_13_04_49_.rep (已处理: 792, 已转换: 791)
2025-12-08 15:19:34,849 - INFO -   ✓ 成功: 20 个样本, 2 个玩家
2025-12-08 15:19:34,855 - INFO - [2095/10119] 转换: szqjl_2024-06-03_13_07_32_.rep (已处理: 793, 已转换: 792)
2025-12-08 15:19:34,866 - INFO -   ✓ 成功: 17 个样本, 2 个玩家
2025-12-08 15:19:34,872 - INFO - [2096/10119] 转换: szqjl_2024-06-03_13_10_17_.rep (已处理: 794, 已转换: 793)
2025-12-08 15:19:34,883 - INFO -   ✓ 成功: 23 个样本, 2 个玩家
2025-12-08 15:19:34,889 - INFO - [2097/10119] 转换: szqjl_2024-06-03_13_14_09_.rep (已处理: 795, 已转换: 794)
2025-12-08 15:19:34,892 - INFO -   ✓ 成功: 20 个样本, 2 个玩家
2025-12-08 15:19:34,897 - INFO - [2098/10119] 转换: szqjl_2024-06-03_13_17_04_.rep (已处理: 796, 已转换: 795)
2025-12-08 15:19:34,907 - INFO -   ✓ 成功: 20 个样本, 2 个玩家
2025-12-08 15:19:34,913 - INFO - [2099/10119] 转换: szqjl_2024-06-03_13_19_35_.rep (已处理: 797, 已转换: 796)
2025-12-08 15:19:34,923 - INFO -   ✓ 成功: 18 个样本, 2 个玩家
2025-12-08 15:19:34,928 - INFO - [2100/10119] 转换: szqjl_2024-06-03_13_22_03_.rep (已处理: 798, 已转换: 797)
2025-12-08 15:19:34,938 - INFO -   ✓ 成功: 18 个样本, 2 个玩家
2025-12-08 15:19:34,944 - INFO - [2101/10119] 转换: szqjl_2024-06-03_13_24_30_.rep (已处理: 799, 已转换: 798)
2025-12-08 15:19:34,954 - INFO -   ✓ 成功: 18 个样本, 2 个玩家
2025-12-08 15:19:34,959 - INFO - [2102/10119] 转换: szqjl_2024-06-03_13_29_27_.rep (已处理: 800, 已转换: 799)
2025-12-08 15:19:34,963 - INFO -   ✓ 成功: 22 个样本, 2 个玩家
2025-12-08 15:19:34,963 - INFO - ============================================================
2025-12-08 15:19:34,963 - INFO - 进度: 成功转换 800 个, 跳过 1302 个, 失败 0 个
2025-12-08 15:19:34,963 - INFO - 已转换样本: 15699 个
2025-12-08 15:19:34,964 - INFO - 转换速度: 53.4 文件/秒
2025-12-08 15:19:34,964 - INFO - 预计剩余时间: 2.5 分钟
2025-12-08 15:19:34,964 - INFO - ============================================================
2025-12-08 15:19:34,970 - INFO - [2103/10119] 转换: szqjl_2024-06-03_15_37_43_.rep (已处理: 801, 已转换: 800)
2025-12-08 15:19:34,980 - INFO -   ✓ 成功: 17 个样本, 2 个玩家
2025-12-08 15:19:34,985 - INFO - [2104/10119] 转换: szqjl_2024-06-03_15_41_25_.rep (已处理: 802, 已转换: 801)
2025-12-08 15:19:34,996 - INFO -   ✓ 成功: 19 个样本, 2 个玩家
2025-12-08 15:19:35,001 - INFO - [2105/10119] 转换: szqjl_2024-06-03_15_45_17_.rep (已处理: 803, 已转换: 802)
2025-12-08 15:19:35,012 - INFO -   ✓ 成功: 20 个样本, 2 个玩家
2025-12-08 15:19:35,018 - INFO - [2106/10119] 转换: szqjl_2024-06-03_15_49_09_.rep (已处理: 804, 已转换: 803)
2025-12-08 15:19:35,030 - INFO -   ✓ 成功: 23 个样本, 2 个玩家
2025-12-08 15:19:35,035 - INFO - [2107/10119] 转换: szqjl_2024-06-03_15_52_57_.rep (已处理: 805, 已转换: 804)
2025-12-08 15:19:35,046 - INFO -   ✓ 成功: 20 个样本, 2 个玩家
2025-12-08 15:19:35,051 - INFO - [2108/10119] 转换: szqjl_2024-06-03_15_58_33_.rep (已处理: 806, 已转换: 805)
2025-12-08 15:19:35,061 - INFO -   ✓ 成功: 18 个样本, 2 个玩家
2025-12-08 15:19:35,067 - INFO - [2109/10119] 转换: szqjl_2024-06-03_16_02_37_.rep (已处理: 807, 已转换: 806)
2025-12-08 15:19:35,077 - INFO -   ✓ 成功: 22 个样本, 2 个玩家
2025-12-08 15:19:35,083 - INFO - [2110/10119] 转换: szqjl_2024-06-03_16_10_06_.rep (已处理: 808, 已转换: 807)
2025-12-08 15:19:35,093 - INFO -   ✓ 成功: 22 个样本, 2 个玩家
2025-12-08 15:19:35,098 - INFO - [2111/10119] 转换: szqjl_2024-06-03_16_14_00_.rep (已处理: 809, 已转换: 808)
2025-12-08 15:19:35,108 - INFO -   ✓ 成功: 15 个样本, 2 个玩家
2025-12-08 15:19:35,114 - INFO - [2112/10119] 转换: szqjl_2024-06-03_16_16_32_.rep (已处理: 810, 已转换: 809)
2025-12-08 15:19:35,124 - INFO -   ✓ 成功: 17 个样本, 2 个玩家
2025-12-08 15:19:35,130 - INFO - [2113/10119] 转换: szqjl_2024-06-03_16_19_30_.rep (已处理: 811, 已转换: 810)
2025-12-08 15:19:35,135 - INFO -   ✓ 成功: 20 个样本, 2 个玩家
2025-12-08 15:19:35,140 - INFO - [2114/10119] 转换: szqjl_2024-06-03_16_21_41_.rep (已处理: 812, 已转换: 811)
2025-12-08 15:19:35,150 - INFO -   ✓ 成功: 18 个样本, 2 个玩家
2025-12-08 15:19:35,157 - INFO - [2115/10119] 转换: szqjl_2024-06-03_16_24_24_.rep (已处理: 813, 已转换: 812)
2025-12-08 15:19:35,167 - INFO -   ✓ 成功: 19 个样本, 2 个玩家
2025-12-08 15:19:35,173 - INFO - [2116/10119] 转换: szqjl_2024-06-03_16_27_04_.rep (已处理: 814, 已转换: 813)
2025-12-08 15:19:35,183 - INFO -   ✓ 成功: 22 个样本, 2 个玩家
2025-12-08 15:19:35,188 - INFO - [2117/10119] 转换: szqjl_2024-06-03_16_29_58_.rep (已处理: 815, 已转换: 814)
2025-12-08 15:19:35,200 - INFO -   ✓ 成功: 20 个样本, 2 个玩家
2025-12-08 15:19:35,206 - INFO - [2118/10119] 转换: szqjl_2024-06-03_16_32_13_.rep (已处理: 816, 已转换: 815)
2025-12-08 15:19:35,216 - INFO -   ✓ 成功: 16 个样本, 2 个玩家
2025-12-08 15:19:35,221 - INFO - [2119/10119] 转换: szqjl_2024-06-03_16_35_46_.rep (已处理: 817, 已转换: 816)
2025-12-08 15:19:35,232 - INFO -   ✓ 成功: 18 个样本, 2 个玩家
2025-12-08 15:19:35,237 - INFO - [2120/10119] 转换: szqjl_2024-06-03_16_38_00_.rep (已处理: 818, 已转换: 817)
2025-12-08 15:19:35,247 - INFO -   ✓ 成功: 18 个样本, 2 个玩家
2025-12-08 15:19:35,253 - INFO - [2121/10119] 转换: szqjl_2024-06-03_16_40_20_.rep (已处理: 819, 已转换: 818)
2025-12-08 15:19:35,264 - INFO -   ✓ 成功: 14 个样本, 2 个玩家
2025-12-08 15:19:35,269 - INFO - [2122/10119] 转换: szqjl_2024-06-03_16_43_18_.rep (已处理: 820, 已转换: 819)
2025-12-08 15:19:35,280 - INFO -   ✓ 成功: 18 个样本, 2 个玩家
2025-12-08 15:19:35,286 - INFO - [2123/10119] 转换: szqjl_2024-06-03_16_46_05_.rep (已处理: 821, 已转换: 820)
2025-12-08 15:19:35,297 - INFO -   ✓ 成功: 22 个样本, 2 个玩家
2025-12-08 15:19:35,302 - INFO - [2124/10119] 转换: szqjl_2024-06-04_11_42_56_.rep (已处理: 822, 已转换: 821)
2025-12-08 15:19:35,313 - INFO -   ✓ 成功: 22 个样本, 2 个玩家
2025-12-08 15:19:35,319 - INFO - [2125/10119] 转换: szqjl_2024-06-04_11_47_04_.rep (已处理: 823, 已转换: 822)
2025-12-08 15:19:35,332 - INFO -   ✓ 成功: 24 个样本, 2 个玩家
2025-12-08 15:19:35,338 - INFO - [2126/10119] 转换: szqjl_2024-06-04_11_50_25_.rep (已处理: 824, 已转换: 823)
2025-12-08 15:19:35,349 - INFO -   ✓ 成功: 22 个样本, 2 个玩家
2025-12-08 15:19:35,355 - INFO - [2127/10119] 转换: szqjl_2024-06-04_11_53_41_.rep (已处理: 825, 已转换: 824)
2025-12-08 15:19:35,365 - INFO -   ✓ 成功: 22 个样本, 2 个玩家
2025-12-08 15:19:35,371 - INFO - [2128/10119] 转换: szqjl_2024-06-04_11_57_21_.rep (已处理: 826, 已转换: 825)
2025-12-08 15:19:35,381 - INFO -   ✓ 成功: 16 个样本, 2 个玩家
2025-12-08 15:19:35,387 - INFO - [2129/10119] 转换: szqjl_2024-06-04_12_01_59_.rep (已处理: 827, 已转换: 826)
2025-12-08 15:19:35,398 - INFO -   ✓ 成功: 16 个样本, 2 个玩家
2025-12-08 15:19:35,404 - INFO - [2130/10119] 转换: szqjl_2024-06-04_12_05_18_.rep (已处理: 828, 已转换: 827)
2025-12-08 15:19:35,414 - INFO -   ✓ 成功: 22 个样本, 2 个玩家
2025-12-08 15:19:35,420 - INFO - [2131/10119] 转换: szqjl_2024-06-04_12_08_23_.rep (已处理: 829, 已转换: 828)
2025-12-08 15:19:35,430 - INFO -   ✓ 成功: 17 个样本, 2 个玩家
2025-12-08 15:19:35,436 - INFO - [2132/10119] 转换: szqjl_2024-06-04_12_11_52_.rep (已处理: 830, 已转换: 829)
2025-12-08 15:19:35,446 - INFO -   ✓ 成功: 20 个样本, 2 个玩家
2025-12-08 15:19:35,452 - INFO - [2133/10119] 转换: szqjl_2024-06-04_12_15_37_.rep (已处理: 831, 已转换: 830)
2025-12-08 15:19:35,462 - INFO -   ✓ 成功: 21 个样本, 2 个玩家
2025-12-08 15:19:35,468 - INFO - [2134/10119] 转换: szqjl_2024-06-04_12_19_58_.rep (已处理: 832, 已转换: 831)
2025-12-08 15:19:35,478 - INFO -   ✓ 成功: 20 个样本, 2 个玩家
2025-12-08 15:19:35,484 - INFO - [2135/10119] 转换: szqjl_2024-06-04_12_23_24_.rep (已处理: 833, 已转换: 832)
2025-12-08 15:19:35,495 - INFO -   ✓ 成功: 17 个样本, 2 个玩家
2025-12-08 15:19:35,502 - INFO - [2136/10119] 转换: szqjl_2024-06-04_12_26_34_.rep (已处理: 834, 已转换: 833)
2025-12-08 15:19:35,512 - INFO -   ✓ 成功: 16 个样本, 2 个玩家
2025-12-08 15:19:35,517 - INFO - [2137/10119] 转换: szqjl_2024-06-04_12_29_57_.rep (已处理: 835, 已转换: 834)
2025-12-08 15:19:35,528 - INFO -   ✓ 成功: 22 个样本, 2 个玩家
2025-12-08 15:19:35,534 - INFO - [2138/10119] 转换: szqjl_2024-06-04_12_33_19_.rep (已处理: 836, 已转换: 835)
2025-12-08 15:19:35,554 - INFO -   ✓ 成功: 21 个样本, 2 个玩家
2025-12-08 15:19:35,564 - INFO - [2139/10119] 转换: szqjl_2024-06-04_12_36_41_.rep (已处理: 837, 已转换: 836)
2025-12-08 15:19:35,579 - INFO -   ✓ 成功: 16 个样本, 2 个玩家
2025-12-08 15:19:35,586 - INFO - [2140/10119] 转换: szqjl_2024-06-04_12_39_46_.rep (已处理: 838, 已转换: 837)
2025-12-08 15:19:35,598 - INFO -   ✓ 成功: 21 个样本, 2 个玩家
2025-12-08 15:19:35,604 - INFO - [2141/10119] 转换: szqjl_2024-06-04_12_43_16_.rep (已处理: 839, 已转换: 838)
2025-12-08 15:19:35,614 - INFO -   ✓ 成功: 21 个样本, 2 个玩家
2025-12-08 15:19:35,619 - INFO - [2142/10119] 转换: szqjl_2024-06-04_12_47_06_.rep (已处理: 840, 已转换: 839)
2025-12-08 15:19:35,631 - INFO -   ✓ 成功: 23 个样本, 2 个玩家
2025-12-08 15:19:35,637 - INFO - [2143/10119] 转换: szqjl_2024-06-04_12_51_07_.rep (已处理: 841, 已转换: 840)
2025-12-08 15:19:35,648 - INFO -   ✓ 成功: 19 个样本, 2 个玩家
2025-12-08 15:19:35,653 - INFO - [2144/10119] 转换: szqjl_2024-06-04_12_54_41_.rep (已处理: 842, 已转换: 841)
2025-12-08 15:19:35,666 - INFO -   ✓ 成功: 19 个样本, 2 个玩家
2025-12-08 15:19:35,672 - INFO - [2145/10119] 转换: szqjl_2024-06-04_12_57_36_.rep (已处理: 843, 已转换: 842)
2025-12-08 15:19:35,684 - INFO -   ✓ 成功: 17 个样本, 2 个玩家
2025-12-08 15:19:35,690 - INFO - [2146/10119] 转换: szqjl_2024-06-04_13_00_38_.rep (已处理: 844, 已转换: 843)
2025-12-08 15:19:35,701 - INFO -   ✓ 成功: 15 个样本, 2 个玩家
2025-12-08 15:19:35,708 - INFO - [2147/10119] 转换: szqjl_2024-06-04_13_07_04_.rep (已处理: 845, 已转换: 844)
2025-12-08 15:19:35,718 - INFO -   ✓ 成功: 14 个样本, 2 个玩家
2025-12-08 15:19:35,725 - INFO - [2148/10119] 转换: szqjl_2024-06-04_13_12_05_.rep (已处理: 846, 已转换: 845)
2025-12-08 15:19:35,736 - INFO -   ✓ 成功: 18 个样本, 2 个玩家
2025-12-08 15:19:35,742 - INFO - [2149/10119] 转换: szqjl_2024-06-04_13_14_51_.rep (已处理: 847, 已转换: 846)
2025-12-08 15:19:35,752 - INFO -   ✓ 成功: 18 个样本, 2 个玩家
2025-12-08 15:19:35,758 - INFO - [2150/10119] 转换: szqjl_2024-06-04_13_18_37_.rep (已处理: 848, 已转换: 847)
2025-12-08 15:19:35,769 - INFO -   ✓ 成功: 25 个样本, 2 个玩家
2025-12-08 15:19:35,775 - INFO - [2151/10119] 转换: szqjl_2024-06-05_11_40_58_.rep (已处理: 849, 已转换: 848)
2025-12-08 15:19:35,786 - INFO -   ✓ 成功: 20 个样本, 2 个玩家
2025-12-08 15:19:35,792 - INFO - [2152/10119] 转换: szqjl_2024-06-05_11_45_10_.rep (已处理: 850, 已转换: 849)
2025-12-08 15:19:35,803 - INFO -   ✓ 成功: 22 个样本, 2 个玩家
2025-12-08 15:19:35,809 - INFO - [2153/10119] 转换: szqjl_2024-06-05_11_48_26_.rep (已处理: 851, 已转换: 850)
2025-12-08 15:19:35,821 - INFO -   ✓ 成功: 23 个样本, 2 个玩家
2025-12-08 15:19:35,827 - INFO - [2154/10119] 转换: szqjl_2024-06-05_11_51_40_.rep (已处理: 852, 已转换: 851)
2025-12-08 15:19:35,838 - INFO -   ✓ 成功: 19 个样本, 2 个玩家
2025-12-08 15:19:35,844 - INFO - [2155/10119] 转换: szqjl_2024-06-05_11_55_14_.rep (已处理: 853, 已转换: 852)
2025-12-08 15:19:35,865 - INFO -   ✓ 成功: 22 个样本, 2 个玩家
2025-12-08 15:19:35,873 - INFO - [2156/10119] 转换: szqjl_2024-06-05_11_59_45_.rep (已处理: 854, 已转换: 853)
2025-12-08 15:19:35,884 - INFO -   ✓ 成功: 19 个样本, 2 个玩家
2025-12-08 15:19:35,890 - INFO - [2157/10119] 转换: szqjl_2024-06-05_12_03_26_.rep (已处理: 855, 已转换: 854)
2025-12-08 15:19:35,900 - INFO -   ✓ 成功: 19 个样本, 2 个玩家
2025-12-08 15:19:35,906 - INFO - [2158/10119] 转换: szqjl_2024-06-05_12_06_46_.rep (已处理: 856, 已转换: 855)
2025-12-08 15:19:35,917 - INFO -   ✓ 成功: 21 个样本, 2 个玩家
2025-12-08 15:19:35,923 - INFO - [2159/10119] 转换: szqjl_2024-06-05_12_08_47_.rep (已处理: 857, 已转换: 856)
2025-12-08 15:19:35,933 - INFO -   ✓ 成功: 16 个样本, 2 个玩家
2025-12-08 15:19:35,938 - INFO - [2160/10119] 转换: szqjl_2024-06-05_12_11_07_.rep (已处理: 858, 已转换: 857)
2025-12-08 15:19:35,948 - INFO -   ✓ 成功: 18 个样本, 2 个玩家
2025-12-08 15:19:35,954 - INFO - [2161/10119] 转换: szqjl_2024-06-05_12_13_59_.rep (已处理: 859, 已转换: 858)
2025-12-08 15:19:35,975 - INFO -   ✓ 成功: 17 个样本, 2 个玩家
2025-12-08 15:19:35,984 - INFO - [2162/10119] 转换: szqjl_2024-06-05_12_17_29_.rep (已处理: 860, 已转换: 859)
2025-12-08 15:19:36,005 - INFO -   ✓ 成功: 21 个样本, 2 个玩家
2025-12-08 15:19:36,015 - INFO - [2163/10119] 转换: szqjl_2024-06-05_12_19_36_.rep (已处理: 861, 已转换: 860)
2025-12-08 15:19:36,030 - INFO -   ✓ 成功: 17 个样本, 2 个玩家
2025-12-08 15:19:36,037 - INFO - [2164/10119] 转换: szqjl_2024-06-05_12_22_22_.rep (已处理: 862, 已转换: 861)
2025-12-08 15:19:36,049 - INFO -   ✓ 成功: 21 个样本, 2 个玩家
2025-12-08 15:19:36,055 - INFO - [2165/10119] 转换: szqjl_2024-06-05_12_25_47_.rep (已处理: 863, 已转换: 862)
2025-12-08 15:19:36,066 - INFO -   ✓ 成功: 22 个样本, 2 个玩家
2025-12-08 15:19:36,071 - INFO - [2166/10119] 转换: szqjl_2024-06-05_12_28_45_.rep (已处理: 864, 已转换: 863)
2025-12-08 15:19:36,082 - INFO -   ✓ 成功: 22 个样本, 2 个玩家
2025-12-08 15:19:36,087 - INFO - [2167/10119] 转换: szqjl_2024-06-05_12_31_40_.rep (已处理: 865, 已转换: 864)
2025-12-08 15:19:36,098 - INFO -   ✓ 成功: 17 个样本, 2 个玩家
2025-12-08 15:19:36,104 - INFO - [2168/10119] 转换: szqjl_2024-06-05_12_34_24_.rep (已处理: 866, 已转换: 865)
2025-12-08 15:19:36,115 - INFO -   ✓ 成功: 20 个样本, 2 个玩家
2025-12-08 15:19:36,121 - INFO - [2169/10119] 转换: szqjl_2024-06-05_12_36_36_.rep (已处理: 867, 已转换: 866)
2025-12-08 15:19:36,131 - INFO -   ✓ 成功: 19 个样本, 2 个玩家
2025-12-08 15:19:36,137 - INFO - [2170/10119] 转换: szqjl_2024-06-05_12_39_28_.rep (已处理: 868, 已转换: 867)
2025-12-08 15:19:36,146 - INFO -   ✓ 成功: 19 个样本, 2 个玩家
2025-12-08 15:19:36,152 - INFO - [2171/10119] 转换: szqjl_2024-06-05_12_41_59_.rep (已处理: 869, 已转换: 868)
2025-12-08 15:19:36,163 - INFO -   ✓ 成功: 16 个样本, 2 个玩家
2025-12-08 15:19:36,169 - INFO - [2172/10119] 转换: szqjl_2024-06-05_12_44_51_.rep (已处理: 870, 已转换: 869)
2025-12-08 15:19:36,181 - INFO -   ✓ 成功: 20 个样本, 2 个玩家
2025-12-08 15:19:36,187 - INFO - [2173/10119] 转换: szqjl_2024-06-05_12_47_32_.rep (已处理: 871, 已转换: 870)
2025-12-08 15:19:36,198 - INFO -   ✓ 成功: 18 个样本, 2 个玩家
2025-12-08 15:19:36,204 - INFO - [2174/10119] 转换: szqjl_2024-06-05_12_50_11_.rep (已处理: 872, 已转换: 871)
2025-12-08 15:19:36,224 - INFO -   ✓ 成功: 20 个样本, 2 个玩家
2025-12-08 15:19:36,232 - INFO - [2175/10119] 转换: szqjl_2024-06-05_12_52_38_.rep (已处理: 873, 已转换: 872)
2025-12-08 15:19:36,243 - INFO -   ✓ 成功: 16 个样本, 2 个玩家
2025-12-08 15:19:36,249 - INFO - [2176/10119] 转换: szqjl_2024-06-05_12_55_18_.rep (已处理: 874, 已转换: 873)
2025-12-08 15:19:36,259 - INFO -   ✓ 成功: 17 个样本, 2 个玩家
2025-12-08 15:19:36,265 - INFO - [2177/10119] 转换: szqjl_2024-06-05_12_58_20_.rep (已处理: 875, 已转换: 874)
2025-12-08 15:19:36,276 - INFO -   ✓ 成功: 21 个样本, 2 个玩家
2025-12-08 15:19:36,283 - INFO - [2178/10119] 转换: szqjl_2024-06-05_13_01_18_.rep (已处理: 876, 已转换: 875)
2025-12-08 15:19:36,294 - INFO -   ✓ 成功: 17 个样本, 2 个玩家
2025-12-08 15:19:36,301 - INFO - [2179/10119] 转换: szqjl_2024-06-05_13_04_18_.rep (已处理: 877, 已转换: 876)
2025-12-08 15:19:36,311 - INFO -   ✓ 成功: 19 个样本, 2 个玩家
2025-12-08 15:19:36,318 - INFO - [2180/10119] 转换: szqjl_2024-06-05_13_07_06_.rep (已处理: 878, 已转换: 877)
2025-12-08 15:19:36,330 - INFO -   ✓ 成功: 20 个样本, 2 个玩家
2025-12-08 15:19:36,337 - INFO - [2181/10119] 转换: szqjl_2024-06-05_13_09_44_.rep (已处理: 879, 已转换: 878)
2025-12-08 15:19:36,348 - INFO -   ✓ 成功: 19 个样本, 2 个玩家
2025-12-08 15:19:36,354 - INFO - [2182/10119] 转换: szqjl_2024-06-05_13_13_04_.rep (已处理: 880, 已转换: 879)
2025-12-08 15:19:36,365 - INFO -   ✓ 成功: 20 个样本, 2 个玩家
2025-12-08 15:19:36,371 - INFO - [2183/10119] 转换: szqjl_2024-06-05_13_16_06_.rep (已处理: 881, 已转换: 880)
2025-12-08 15:19:36,381 - INFO -   ✓ 成功: 17 个样本, 2 个玩家
2025-12-08 15:19:36,387 - INFO - [2184/10119] 转换: szqjl_2024-06-05_13_19_36_.rep (已处理: 882, 已转换: 881)
2025-12-08 15:19:36,390 - INFO -   ✓ 成功: 20 个样本, 2 个玩家
2025-12-08 15:19:36,396 - INFO - [2185/10119] 转换: szqjl_2024-06-05_13_22_14_.rep (已处理: 883, 已转换: 882)
2025-12-08 15:19:36,406 - INFO -   ✓ 成功: 19 个样本, 2 个玩家
2025-12-08 15:19:36,412 - INFO - [2186/10119] 转换: szqjl_2024-06-05_13_25_21_.rep (已处理: 884, 已转换: 883)
2025-12-08 15:19:36,424 - INFO -   ✓ 成功: 20 个样本, 2 个玩家
2025-12-08 15:19:36,429 - INFO - [2187/10119] 转换: szqjl_2024-06-05_13_28_39_.rep (已处理: 885, 已转换: 884)
2025-12-08 15:19:36,433 - INFO -   ✓ 成功: 20 个样本, 2 个玩家
2025-12-08 15:19:36,439 - INFO - [2188/10119] 转换: szqjl_2024-06-05_13_32_33_.rep (已处理: 886, 已转换: 885)
2025-12-08 15:19:36,449 - INFO -   ✓ 成功: 16 个样本, 2 个玩家
2025-12-08 15:19:36,455 - INFO - [2189/10119] 转换: szqjl_2024-06-05_13_36_05_.rep (已处理: 887, 已转换: 886)
2025-12-08 15:19:36,458 - INFO -   ✓ 成功: 23 个样本, 2 个玩家
2025-12-08 15:19:36,464 - INFO - [2190/10119] 转换: szqjl_2024-06-05_13_39_14_.rep (已处理: 888, 已转换: 887)
2025-12-08 15:19:36,468 - INFO -   ✓ 成功: 22 个样本, 2 个玩家
2025-12-08 15:19:36,474 - INFO - [2191/10119] 转换: szqjl_2024-06-05_13_42_04_.rep (已处理: 889, 已转换: 888)
2025-12-08 15:19:36,484 - INFO -   ✓ 成功: 16 个样本, 2 个玩家
2025-12-08 15:19:36,490 - INFO - [2192/10119] 转换: szqjl_2024-06-05_13_45_41_.rep (已处理: 890, 已转换: 889)
2025-12-08 15:19:36,500 - INFO -   ✓ 成功: 20 个样本, 2 个玩家
2025-12-08 15:19:36,506 - INFO - [2193/10119] 转换: szqjl_2024-06-05_13_47_57_.rep (已处理: 891, 已转换: 890)
2025-12-08 15:19:36,516 - INFO -   ✓ 成功: 16 个样本, 2 个玩家
2025-12-08 15:19:36,522 - INFO - [2194/10119] 转换: szqjl_2024-06-05_13_51_28_.rep (已处理: 892, 已转换: 891)
2025-12-08 15:19:36,532 - INFO -   ✓ 成功: 19 个样本, 2 个玩家
2025-12-08 15:19:36,539 - INFO - [2195/10119] 转换: szqjl_2024-06-06_10_41_58_.rep (已处理: 893, 已转换: 892)
2025-12-08 15:19:36,549 - INFO -   ✓ 成功: 20 个样本, 2 个玩家
2025-12-08 15:19:36,556 - INFO - [2196/10119] 转换: szqjl_2024-06-06_10_44_52_.rep (已处理: 894, 已转换: 893)
2025-12-08 15:19:36,566 - INFO -   ✓ 成功: 19 个样本, 2 个玩家
2025-12-08 15:19:36,572 - INFO - [2197/10119] 转换: szqjl_2024-06-06_10_47_37_.rep (已处理: 895, 已转换: 894)
2025-12-08 15:19:36,582 - INFO -   ✓ 成功: 20 个样本, 2 个玩家
2025-12-08 15:19:36,588 - INFO - [2198/10119] 转换: szqjl_2024-06-06_10_51_00_.rep (已处理: 896, 已转换: 895)
2025-12-08 15:19:36,598 - INFO -   ✓ 成功: 19 个样本, 2 个玩家
2025-12-08 15:19:36,604 - INFO - [2199/10119] 转换: szqjl_2024-06-06_10_54_18_.rep (已处理: 897, 已转换: 896)
2025-12-08 15:19:36,613 - INFO -   ✓ 成功: 19 个样本, 2 个玩家
2025-12-08 15:19:36,620 - INFO - [2200/10119] 转换: szqjl_2024-06-06_12_31_43_.rep (已处理: 898, 已转换: 897)
2025-12-08 15:19:36,630 - INFO -   ✓ 成功: 18 个样本, 2 个玩家
2025-12-08 15:19:36,637 - INFO - [2201/10119] 转换: szqjl_2024-06-06_12_35_10_.rep (已处理: 899, 已转换: 898)
2025-12-08 15:19:36,640 - INFO -   ✓ 成功: 27 个样本, 2 个玩家
2025-12-08 15:19:36,647 - INFO - [2202/10119] 转换: szqjl_2024-06-06_12_38_12_.rep (已处理: 900, 已转换: 899)
2025-12-08 15:19:36,658 - INFO -   ✓ 成功: 21 个样本, 2 个玩家
2025-12-08 15:19:36,658 - INFO - ============================================================
2025-12-08 15:19:36,659 - INFO - 进度: 成功转换 900 个, 跳过 1302 个, 失败 0 个
2025-12-08 15:19:36,659 - INFO - 已转换样本: 17629 个
2025-12-08 15:19:36,659 - INFO - 转换速度: 53.9 文件/秒
2025-12-08 15:19:36,659 - INFO - 预计剩余时间: 2.4 分钟
2025-12-08 15:19:36,659 - INFO - ============================================================
2025-12-08 15:19:36,665 - INFO - [2203/10119] 转换: szqjl_2024-06-06_12_41_36_.rep (已处理: 901, 已转换: 900)
2025-12-08 15:19:36,675 - INFO -   ✓ 成功: 21 个样本, 2 个玩家
2025-12-08 15:19:36,681 - INFO - [2204/10119] 转换: szqjl_2024-06-06_12_44_51_.rep (已处理: 902, 已转换: 901)
2025-12-08 15:19:36,693 - INFO -   ✓ 成功: 18 个样本, 2 个玩家
2025-12-08 15:19:36,699 - INFO - [2205/10119] 转换: szqjl_2024-06-06_12_48_32_.rep (已处理: 903, 已转换: 902)
2025-12-08 15:19:36,709 - INFO -   ✓ 成功: 19 个样本, 2 个玩家
2025-12-08 15:19:36,715 - INFO - [2206/10119] 转换: szqjl_2024-06-06_12_52_01_.rep (已处理: 904, 已转换: 903)
2025-12-08 15:19:36,725 - INFO -   ✓ 成功: 20 个样本, 2 个玩家
2025-12-08 15:19:36,732 - INFO - [2207/10119] 转换: szqjl_2024-06-06_12_54_51_.rep (已处理: 905, 已转换: 904)
2025-12-08 15:19:36,742 - INFO -   ✓ 成功: 19 个样本, 2 个玩家
2025-12-08 15:19:36,748 - INFO - [2208/10119] 转换: szqjl_2024-06-06_12_57_43_.rep (已处理: 906, 已转换: 905)
2025-12-08 15:19:36,758 - INFO -   ✓ 成功: 20 个样本, 2 个玩家
2025-12-08 15:19:36,764 - INFO - [2209/10119] 转换: szqjl_2024-06-06_13_01_35_.rep (已处理: 907, 已转换: 906)
2025-12-08 15:19:36,774 - INFO -   ✓ 成功: 21 个样本, 2 个玩家
2025-12-08 15:19:36,780 - INFO - [2210/10119] 转换: szqjl_2024-06-06_13_05_52_.rep (已处理: 908, 已转换: 907)
2025-12-08 15:19:36,794 - INFO -   ✓ 成功: 22 个样本, 2 个玩家
2025-12-08 15:19:36,802 - INFO - [2211/10119] 转换: szqjl_2024-06-06_13_08_17_.rep (已处理: 909, 已转换: 908)
2025-12-08 15:19:36,814 - INFO -   ✓ 成功: 14 个样本, 2 个玩家
2025-12-08 15:19:36,820 - INFO - [2212/10119] 转换: szqjl_2024-06-06_13_12_14_.rep (已处理: 910, 已转换: 909)
2025-12-08 15:19:36,832 - INFO -   ✓ 成功: 24 个样本, 2 个玩家
2025-12-08 15:19:36,838 - INFO - [2213/10119] 转换: szqjl_2024-06-06_13_15_55_.rep (已处理: 911, 已转换: 910)
2025-12-08 15:19:36,850 - INFO -   ✓ 成功: 19 个样本, 2 个玩家
2025-12-08 15:19:36,856 - INFO - [2214/10119] 转换: szqjl_2024-06-06_13_21_57_.rep (已处理: 912, 已转换: 911)
2025-12-08 15:19:36,867 - INFO -   ✓ 成功: 22 个样本, 2 个玩家
2025-12-08 15:19:36,873 - INFO - [2215/10119] 转换: szqjl_2024-06-06_13_25_43_.rep (已处理: 913, 已转换: 912)
2025-12-08 15:19:36,883 - INFO -   ✓ 成功: 23 个样本, 2 个玩家
2025-12-08 15:19:36,889 - INFO - [2216/10119] 转换: szqjl_2024-06-06_13_29_03_.rep (已处理: 914, 已转换: 913)
2025-12-08 15:19:36,900 - INFO -   ✓ 成功: 21 个样本, 2 个玩家
2025-12-08 15:19:36,906 - INFO - [2217/10119] 转换: szqjl_2024-06-06_13_32_53_.rep (已处理: 915, 已转换: 914)
2025-12-08 15:19:36,918 - INFO -   ✓ 成功: 24 个样本, 2 个玩家
2025-12-08 15:19:36,924 - INFO - [2218/10119] 转换: szqjl_2024-06-06_13_36_18_.rep (已处理: 916, 已转换: 915)
2025-12-08 15:19:36,935 - INFO -   ✓ 成功: 15 个样本, 2 个玩家
2025-12-08 15:19:36,941 - INFO - [2219/10119] 转换: szqjl_2024-06-06_13_39_34_.rep (已处理: 917, 已转换: 916)
2025-12-08 15:19:36,951 - INFO -   ✓ 成功: 24 个样本, 2 个玩家
2025-12-08 15:19:36,957 - INFO - [2220/10119] 转换: szqjl_2024-06-06_13_43_48_.rep (已处理: 918, 已转换: 917)
2025-12-08 15:19:36,968 - INFO -   ✓ 成功: 23 个样本, 2 个玩家
2025-12-08 15:19:36,974 - INFO - [2221/10119] 转换: szqjl_2024-06-06_13_47_59_.rep (已处理: 919, 已转换: 918)
2025-12-08 15:19:36,977 - INFO -   ✓ 成功: 24 个样本, 2 个玩家
2025-12-08 15:19:36,983 - INFO - [2222/10119] 转换: szqjl_2024-06-06_13_51_42_.rep (已处理: 920, 已转换: 919)
2025-12-08 15:19:36,993 - INFO -   ✓ 成功: 18 个样本, 2 个玩家
2025-12-08 15:19:36,999 - INFO - [2223/10119] 转换: szqjl_2024-06-06_13_55_35_.rep (已处理: 921, 已转换: 920)
2025-12-08 15:19:37,010 - INFO -   ✓ 成功: 24 个样本, 2 个玩家
2025-12-08 15:19:37,016 - INFO - [2224/10119] 转换: szqjl_2024-06-06_13_59_09_.rep (已处理: 922, 已转换: 921)
2025-12-08 15:19:37,027 - INFO -   ✓ 成功: 19 个样本, 2 个玩家
2025-12-08 15:19:37,033 - INFO - [2225/10119] 转换: szqjl_2024-06-06_15_53_13_.rep (已处理: 923, 已转换: 922)
2025-12-08 15:19:37,037 - INFO -   ✓ 成功: 23 个样本, 2 个玩家
2025-12-08 15:19:37,043 - INFO - [2226/10119] 转换: szqjl_2024-06-06_15_57_05_.rep (已处理: 924, 已转换: 923)
2025-12-08 15:19:37,055 - INFO -   ✓ 成功: 21 个样本, 2 个玩家
2025-12-08 15:19:37,062 - INFO - [2227/10119] 转换: szqjl_2024-06-06_16_00_57_.rep (已处理: 925, 已转换: 924)
2025-12-08 15:19:37,072 - INFO -   ✓ 成功: 18 个样本, 2 个玩家
2025-12-08 15:19:37,079 - INFO - [2228/10119] 转换: szqjl_2024-06-06_16_05_02_.rep (已处理: 926, 已转换: 925)
2025-12-08 15:19:37,090 - INFO -   ✓ 成功: 18 个样本, 2 个玩家
2025-12-08 15:19:37,097 - INFO - [2229/10119] 转换: szqjl_2024-06-06_16_09_15_.rep (已处理: 927, 已转换: 926)
2025-12-08 15:19:37,108 - INFO -   ✓ 成功: 18 个样本, 2 个玩家
2025-12-08 15:19:37,114 - INFO - [2230/10119] 转换: szqjl_2024-06-06_16_13_37_.rep (已处理: 928, 已转换: 927)
2025-12-08 15:19:37,124 - INFO -   ✓ 成功: 22 个样本, 2 个玩家
2025-12-08 15:19:37,130 - INFO - [2231/10119] 转换: szqjl_2024-06-06_16_18_07_.rep (已处理: 929, 已转换: 928)
2025-12-08 15:19:37,140 - INFO -   ✓ 成功: 25 个样本, 2 个玩家
2025-12-08 15:19:37,146 - INFO - [2232/10119] 转换: szqjl_2024-06-06_16_23_09_.rep (已处理: 930, 已转换: 929)
2025-12-08 15:19:37,156 - INFO -   ✓ 成功: 24 个样本, 2 个玩家
2025-12-08 15:19:37,162 - INFO - [2233/10119] 转换: szqjl_2024-06-06_16_26_12_.rep (已处理: 931, 已转换: 930)
2025-12-08 15:19:37,172 - INFO -   ✓ 成功: 18 个样本, 2 个玩家
2025-12-08 15:19:37,178 - INFO - [2234/10119] 转换: szqjl_2024-06-06_16_29_42_.rep (已处理: 932, 已转换: 931)
2025-12-08 15:19:37,189 - INFO -   ✓ 成功: 19 个样本, 2 个玩家
2025-12-08 15:19:37,195 - INFO - [2235/10119] 转换: szqjl_2024-06-06_16_33_54_.rep (已处理: 933, 已转换: 932)
2025-12-08 15:19:37,205 - INFO -   ✓ 成功: 20 个样本, 2 个玩家
2025-12-08 15:19:37,211 - INFO - [2236/10119] 转换: szqjl_2024-06-06_16_37_14_.rep (已处理: 934, 已转换: 933)
2025-12-08 15:19:37,223 - INFO -   ✓ 成功: 21 个样本, 2 个玩家
2025-12-08 15:19:37,228 - INFO - [2237/10119] 转换: szqjl_2024-06-06_16_41_58_.rep (已处理: 935, 已转换: 934)
2025-12-08 15:19:37,239 - INFO -   ✓ 成功: 18 个样本, 2 个玩家
2025-12-08 15:19:37,245 - INFO - [2238/10119] 转换: szqjl_2024-06-06_16_45_58_.rep (已处理: 936, 已转换: 935)
2025-12-08 15:19:37,255 - INFO -   ✓ 成功: 21 个样本, 2 个玩家
2025-12-08 15:19:37,261 - INFO - [2239/10119] 转换: szqjl_2024-06-07_10_36_54_.rep (已处理: 937, 已转换: 936)
2025-12-08 15:19:37,271 - INFO -   ✓ 成功: 24 个样本, 2 个玩家
2025-12-08 15:19:37,277 - INFO - [2240/10119] 转换: szqjl_2024-06-07_10_40_42_.rep (已处理: 938, 已转换: 937)
2025-12-08 15:19:37,287 - INFO -   ✓ 成功: 18 个样本, 2 个玩家
2025-12-08 15:19:37,293 - INFO - [2241/10119] 转换: szqjl_2024-06-07_10_44_16_.rep (已处理: 939, 已转换: 938)
2025-12-08 15:19:37,304 - INFO -   ✓ 成功: 15 个样本, 2 个玩家
2025-12-08 15:19:37,310 - INFO - [2242/10119] 转换: szqjl_2024-06-07_10_47_56_.rep (已处理: 940, 已转换: 939)
2025-12-08 15:19:37,321 - INFO -   ✓ 成功: 20 个样本, 2 个玩家
2025-12-08 15:19:37,327 - INFO - [2243/10119] 转换: szqjl_2024-06-07_10_52_21_.rep (已处理: 941, 已转换: 940)
2025-12-08 15:19:37,337 - INFO -   ✓ 成功: 18 个样本, 2 个玩家
2025-12-08 15:19:37,343 - INFO - [2244/10119] 转换: szqjl_2024-06-07_10_58_29_.rep (已处理: 942, 已转换: 941)
2025-12-08 15:19:37,354 - INFO -   ✓ 成功: 24 个样本, 2 个玩家
2025-12-08 15:19:37,361 - INFO - [2245/10119] 转换: szqjl_2024-06-07_11_03_01_.rep (已处理: 943, 已转换: 942)
2025-12-08 15:19:37,371 - INFO -   ✓ 成功: 18 个样本, 2 个玩家
2025-12-08 15:19:37,377 - INFO - [2246/10119] 转换: szqjl_2024-06-07_11_08_50_.rep (已处理: 944, 已转换: 943)
2025-12-08 15:19:37,388 - INFO -   ✓ 成功: 22 个样本, 2 个玩家
2025-12-08 15:19:37,394 - INFO - [2247/10119] 转换: szqjl_2024-06-07_11_13_01_.rep (已处理: 945, 已转换: 944)
2025-12-08 15:19:37,397 - INFO -   ✓ 成功: 17 个样本, 2 个玩家
2025-12-08 15:19:37,403 - INFO - [2248/10119] 转换: szqjl_2024-06-07_11_18_47_.rep (已处理: 946, 已转换: 945)
2025-12-08 15:19:37,424 - INFO -   ✓ 成功: 20 个样本, 2 个玩家
2025-12-08 15:19:37,433 - INFO - [2249/10119] 转换: szqjl_2024-06-07_11_23_29_.rep (已处理: 947, 已转换: 946)
2025-12-08 15:19:37,444 - INFO -   ✓ 成功: 23 个样本, 2 个玩家
2025-12-08 15:19:37,450 - INFO - [2250/10119] 转换: szqjl_2024-06-07_11_28_07_.rep (已处理: 948, 已转换: 947)
2025-12-08 15:19:37,460 - INFO -   ✓ 成功: 17 个样本, 2 个玩家
2025-12-08 15:19:37,467 - INFO - [2251/10119] 转换: szqjl_2024-06-07_11_33_24_.rep (已处理: 949, 已转换: 948)
2025-12-08 15:19:37,477 - INFO -   ✓ 成功: 22 个样本, 2 个玩家
2025-12-08 15:19:37,484 - INFO - [2252/10119] 转换: szqjl_2024-06-07_11_37_42_.rep (已处理: 950, 已转换: 949)
2025-12-08 15:19:37,493 - INFO -   ✓ 成功: 24 个样本, 2 个玩家
2025-12-08 15:19:37,500 - INFO - [2253/10119] 转换: szqjl_2024-06-07_11_41_44_.rep (已处理: 951, 已转换: 950)
2025-12-08 15:19:37,510 - INFO -   ✓ 成功: 19 个样本, 2 个玩家
2025-12-08 15:19:37,516 - INFO - [2254/10119] 转换: szqjl_2024-06-07_11_53_02_.rep (已处理: 952, 已转换: 951)
2025-12-08 15:19:37,526 - INFO -   ✓ 成功: 19 个样本, 2 个玩家
2025-12-08 15:19:37,532 - INFO - [2255/10119] 转换: szqjl_2024-06-07_11_56_09_.rep (已处理: 953, 已转换: 952)
2025-12-08 15:19:37,542 - INFO -   ✓ 成功: 19 个样本, 2 个玩家
2025-12-08 15:19:37,548 - INFO - [2256/10119] 转换: szqjl_2024-06-07_11_59_17_.rep (已处理: 954, 已转换: 953)
2025-12-08 15:19:37,558 - INFO -   ✓ 成功: 17 个样本, 2 个玩家
2025-12-08 15:19:37,564 - INFO - [2257/10119] 转换: szqjl_2024-06-07_12_02_39_.rep (已处理: 955, 已转换: 954)
2025-12-08 15:19:37,574 - INFO -   ✓ 成功: 18 个样本, 2 个玩家
2025-12-08 15:19:37,580 - INFO - [2258/10119] 转换: szqjl_2024-06-07_12_06_34_.rep (已处理: 956, 已转换: 955)
2025-12-08 15:19:37,590 - INFO -   ✓ 成功: 22 个样本, 2 个玩家
2025-12-08 15:19:37,596 - INFO - [2259/10119] 转换: szqjl_2024-06-07_12_10_29_.rep (已处理: 957, 已转换: 956)
2025-12-08 15:19:37,606 - INFO -   ✓ 成功: 22 个样本, 2 个玩家
2025-12-08 15:19:37,613 - INFO - [2260/10119] 转换: szqjl_2024-06-07_12_13_24_.rep (已处理: 958, 已转换: 957)
2025-12-08 15:19:37,622 - INFO -   ✓ 成功: 18 个样本, 2 个玩家
2025-12-08 15:19:37,628 - INFO - [2261/10119] 转换: szqjl_2024-06-07_12_16_40_.rep (已处理: 959, 已转换: 958)
2025-12-08 15:19:37,638 - INFO -   ✓ 成功: 23 个样本, 2 个玩家
2025-12-08 15:19:37,644 - INFO - [2262/10119] 转换: szqjl_2024-06-07_12_20_17_.rep (已处理: 960, 已转换: 959)
2025-12-08 15:19:37,655 - INFO -   ✓ 成功: 20 个样本, 2 个玩家
2025-12-08 15:19:37,661 - INFO - [2263/10119] 转换: szqjl_2024-06-07_12_54_40_.rep (已处理: 961, 已转换: 960)
2025-12-08 15:19:37,672 - INFO -   ✓ 成功: 19 个样本, 2 个玩家
2025-12-08 15:19:37,678 - INFO - [2264/10119] 转换: szqjl_2024-06-07_13_04_22_.rep (已处理: 962, 已转换: 961)
2025-12-08 15:19:37,688 - INFO -   ✓ 成功: 17 个样本, 2 个玩家
2025-12-08 15:19:37,695 - INFO - [2265/10119] 转换: szqjl_2024-06-07_13_08_36_.rep (已处理: 963, 已转换: 962)
2025-12-08 15:19:37,705 - INFO -   ✓ 成功: 19 个样本, 2 个玩家
2025-12-08 15:19:37,711 - INFO - [2266/10119] 转换: szqjl_2024-06-07_13_11_46_.rep (已处理: 964, 已转换: 963)
2025-12-08 15:19:37,809 - INFO -   ✓ 成功: 18 个样本, 2 个玩家
2025-12-08 15:19:37,815 - INFO - [2267/10119] 转换: szqjl_2024-06-07_13_14_42_.rep (已处理: 965, 已转换: 964)
2025-12-08 15:19:37,826 - INFO -   ✓ 成功: 17 个样本, 2 个玩家
2025-12-08 15:19:37,832 - INFO - [2268/10119] 转换: szqjl_2024-06-07_13_18_56_.rep (已处理: 966, 已转换: 965)
2025-12-08 15:19:37,843 - INFO -   ✓ 成功: 18 个样本, 2 个玩家
2025-12-08 15:19:37,850 - INFO - [2269/10119] 转换: szqjl_2024-06-07_13_22_44_.rep (已处理: 967, 已转换: 966)
2025-12-08 15:19:37,861 - INFO -   ✓ 成功: 16 个样本, 2 个玩家
2025-12-08 15:19:37,867 - INFO - [2270/10119] 转换: szqjl_2024-06-07_13_27_29_.rep (已处理: 968, 已转换: 967)
2025-12-08 15:19:37,878 - INFO -   ✓ 成功: 19 个样本, 2 个玩家
2025-12-08 15:19:37,884 - INFO - [2271/10119] 转换: szqjl_2024-06-07_13_33_24_.rep (已处理: 969, 已转换: 968)
2025-12-08 15:19:37,894 - INFO -   ✓ 成功: 23 个样本, 2 个玩家
2025-12-08 15:19:37,901 - INFO - [2272/10119] 转换: szqjl_2024-06-07_13_36_49_.rep (已处理: 970, 已转换: 969)
2025-12-08 15:19:37,911 - INFO -   ✓ 成功: 17 个样本, 2 个玩家
2025-12-08 15:19:37,917 - INFO - [2273/10119] 转换: szqjl_2024-06-07_13_40_18_.rep (已处理: 971, 已转换: 970)
2025-12-08 15:19:37,927 - INFO -   ✓ 成功: 22 个样本, 2 个玩家
2025-12-08 15:19:37,934 - INFO - [2274/10119] 转换: szqjl_2024-06-07_13_42_43_.rep (已处理: 972, 已转换: 971)
2025-12-08 15:19:37,944 - INFO -   ✓ 成功: 17 个样本, 2 个玩家
2025-12-08 15:19:37,950 - INFO - [2275/10119] 转换: szqjl_2024-06-07_13_48_43_.rep (已处理: 973, 已转换: 972)
2025-12-08 15:19:37,964 - INFO -   ✓ 成功: 20 个样本, 2 个玩家
2025-12-08 15:19:37,970 - INFO - [2276/10119] 转换: szqjl_2024-06-07_13_55_24_.rep (已处理: 974, 已转换: 973)
2025-12-08 15:19:37,980 - INFO -   ✓ 成功: 20 个样本, 2 个玩家
2025-12-08 15:19:37,987 - INFO - [2277/10119] 转换: szqjl_2024-06-07_14_00_02_.rep (已处理: 975, 已转换: 974)
2025-12-08 15:19:37,997 - INFO -   ✓ 成功: 19 个样本, 2 个玩家
2025-12-08 15:19:38,003 - INFO - [2278/10119] 转换: szqjl_2024-06-07_14_03_09_.rep (已处理: 976, 已转换: 975)
2025-12-08 15:19:38,014 - INFO -   ✓ 成功: 18 个样本, 2 个玩家
2025-12-08 15:19:38,021 - INFO - [2279/10119] 转换: szqjl_2024-06-07_14_11_44_.rep (已处理: 977, 已转换: 976)
2025-12-08 15:19:38,031 - INFO -   ✓ 成功: 18 个样本, 2 个玩家
2025-12-08 15:19:38,037 - INFO - [2280/10119] 转换: szqjl_2024-06-07_14_14_46_.rep (已处理: 978, 已转换: 977)
2025-12-08 15:19:38,047 - INFO -   ✓ 成功: 20 个样本, 2 个玩家
2025-12-08 15:19:38,053 - INFO - [2281/10119] 转换: szqjl_2024-06-07_14_17_31_.rep (已处理: 979, 已转换: 978)
2025-12-08 15:19:38,063 - INFO -   ✓ 成功: 18 个样本, 2 个玩家
2025-12-08 15:19:38,071 - INFO - [2282/10119] 转换: szqjl_2024-06-07_14_20_12_.rep (已处理: 980, 已转换: 979)
2025-12-08 15:19:38,081 - INFO -   ✓ 成功: 18 个样本, 2 个玩家
2025-12-08 15:19:38,087 - INFO - [2283/10119] 转换: szqjl_2024-06-07_14_24_06_.rep (已处理: 981, 已转换: 980)
2025-12-08 15:19:38,097 - INFO -   ✓ 成功: 28 个样本, 2 个玩家
2025-12-08 15:19:38,103 - INFO - [2284/10119] 转换: szqjl_2024-06-07_14_27_18_.rep (已处理: 982, 已转换: 981)
2025-12-08 15:19:38,116 - INFO -   ✓ 成功: 18 个样本, 2 个玩家
2025-12-08 15:19:38,123 - INFO - [2285/10119] 转换: szqjl_2024-06-07_14_55_21_.rep (已处理: 983, 已转换: 982)
2025-12-08 15:19:38,133 - INFO -   ✓ 成功: 18 个样本, 2 个玩家
2025-12-08 15:19:38,139 - INFO - [2286/10119] 转换: szqjl_2024-06-07_14_59_26_.rep (已处理: 984, 已转换: 983)
2025-12-08 15:19:38,150 - INFO -   ✓ 成功: 18 个样本, 2 个玩家
2025-12-08 15:19:38,156 - INFO - [2287/10119] 转换: szqjl_2024-06-07_15_07_10_.rep (已处理: 985, 已转换: 984)
2025-12-08 15:19:38,167 - INFO -   ✓ 成功: 23 个样本, 2 个玩家
2025-12-08 15:19:38,173 - INFO - [2288/10119] 转换: szqjl_2024-06-07_15_19_26_.rep (已处理: 986, 已转换: 985)
2025-12-08 15:19:38,183 - INFO -   ✓ 成功: 23 个样本, 2 个玩家
2025-12-08 15:19:38,190 - INFO - [2289/10119] 转换: szqjl_2024-06-07_15_22_24_.rep (已处理: 987, 已转换: 986)
2025-12-08 15:19:38,200 - INFO -   ✓ 成功: 15 个样本, 2 个玩家
2025-12-08 15:19:38,206 - INFO - [2290/10119] 转换: szqjl_2024-06-07_15_26_37_.rep (已处理: 988, 已转换: 987)
2025-12-08 15:19:38,217 - INFO -   ✓ 成功: 23 个样本, 2 个玩家
2025-12-08 15:19:38,223 - INFO - [2291/10119] 转换: szqjl_2024-06-07_15_30_41_.rep (已处理: 989, 已转换: 988)
2025-12-08 15:19:38,234 - INFO -   ✓ 成功: 26 个样本, 2 个玩家
2025-12-08 15:19:38,240 - INFO - [2292/10119] 转换: szqjl_2024-06-07_15_34_32_.rep (已处理: 990, 已转换: 989)
2025-12-08 15:19:38,250 - INFO -   ✓ 成功: 18 个样本, 2 个玩家
2025-12-08 15:19:38,257 - INFO - [2293/10119] 转换: szqjl_2024-06-07_15_38_10_.rep (已处理: 991, 已转换: 990)
2025-12-08 15:19:38,267 - INFO -   ✓ 成功: 17 个样本, 2 个玩家
2025-12-08 15:19:38,274 - INFO - [2294/10119] 转换: szqjl_2024-06-07_15_41_44_.rep (已处理: 992, 已转换: 991)
2025-12-08 15:19:38,285 - INFO -   ✓ 成功: 19 个样本, 2 个玩家
2025-12-08 15:19:38,291 - INFO - [2295/10119] 转换: szqjl_2024-06-07_15_45_13_.rep (已处理: 993, 已转换: 992)
2025-12-08 15:19:38,302 - INFO -   ✓ 成功: 20 个样本, 2 个玩家
2025-12-08 15:19:38,308 - INFO - [2296/10119] 转换: szqjl_2024-06-07_15_48_34_.rep (已处理: 994, 已转换: 993)
2025-12-08 15:19:38,311 - INFO -   ✓ 成功: 17 个样本, 2 个玩家
2025-12-08 15:19:38,319 - INFO - [2297/10119] 转换: szqjl_2024-06-07_15_52_05_.rep (已处理: 995, 已转换: 994)
2025-12-08 15:19:38,330 - INFO -   ✓ 成功: 22 个样本, 2 个玩家
2025-12-08 15:19:38,336 - INFO - [2298/10119] 转换: szqjl_2024-06-07_15_55_27_.rep (已处理: 996, 已转换: 995)
2025-12-08 15:19:38,346 - INFO -   ✓ 成功: 17 个样本, 2 个玩家
2025-12-08 15:19:38,355 - INFO - [2299/10119] 转换: szqjl_2024-06-07_15_58_42_.rep (已处理: 997, 已转换: 996)
2025-12-08 15:19:38,368 - INFO -   ✓ 成功: 19 个样本, 2 个玩家
2025-12-08 15:19:38,376 - INFO - [2300/10119] 转换: szqjl_2024-06-07_16_12_41_.rep (已处理: 998, 已转换: 997)
2025-12-08 15:19:38,388 - INFO -   ✓ 成功: 18 个样本, 2 个玩家
2025-12-08 15:19:38,395 - INFO - [2301/10119] 转换: szqjl_2024-06-07_16_15_51_.rep (已处理: 999, 已转换: 998)
2025-12-08 15:19:38,408 - INFO -   ✓ 成功: 18 个样本, 2 个玩家
2025-12-08 15:19:38,416 - INFO - [2302/10119] 转换: szqjl_2024-06-07_16_18_37_.rep (已处理: 1000, 已转换: 999)
2025-12-08 15:19:38,430 - INFO -   ✓ 成功: 16 个样本, 2 个玩家
2025-12-08 15:19:38,430 - INFO - ============================================================
2025-12-08 15:19:38,430 - INFO - 进度: 成功转换 1000 个, 跳过 1302 个, 失败 0 个
2025-12-08 15:19:38,431 - INFO - 已转换样本: 19614 个
2025-12-08 15:19:38,431 - INFO - 转换速度: 54.2 文件/秒
2025-12-08 15:19:38,431 - INFO - 预计剩余时间: 2.4 分钟
2025-12-08 15:19:38,432 - INFO - ============================================================
2025-12-08 15:19:38,438 - INFO - 已达到转换目标（1000个），停止转换
2025-12-08 15:19:38,439 - INFO - 
2025-12-08 15:19:38,439 - INFO - ============================================================
2025-12-08 15:19:38,439 - INFO - 批量转换完成！
2025-12-08 15:19:38,440 - INFO - ============================================================
2025-12-08 15:19:38,440 - INFO - 总文件数: 10119
2025-12-08 15:19:38,440 - INFO - 成功转换: 1000
2025-12-08 15:19:38,440 - INFO - 跳过文件: 1302
2025-12-08 15:19:38,441 - INFO - 失败文件: 0
2025-12-08 15:19:38,441 - INFO - 总训练样本: 19614 个
2025-12-08 15:19:38,441 - INFO - 总耗时: 0.3 分钟
2025-12-08 15:19:38,441 - INFO - 平均速度: 54.1 文件/秒
2025-12-08 15:19:38,442 - INFO - ============================================================
2025-12-09 22:22:54,347 - INFO - 限制转换数量: 1000 个文件（跳过已转换的文件不计入）
2025-12-09 22:22:54,360 - INFO - 找到 10119 个.rep文件
2025-12-09 22:22:54,361 - INFO - 输出目录: game_records
2025-12-09 22:22:54,361 - INFO - 优先选择获胜玩家: True
2025-12-09 22:22:54,361 - INFO - ============================================================
2025-12-09 22:22:54,362 - INFO - [1/10119] 转换: szqjl_2023-12-26_12_55_13_.rep (已处理: 1, 已转换: 0)
2025-12-09 22:22:54,385 - INFO -   ✓ 成功: 21 个样本, 2 个玩家
2025-12-09 22:22:54,387 - INFO - [2/10119] 转换: szqjl_2023-12-26_12_58_47_.rep (已处理: 2, 已转换: 1)
2025-12-09 22:22:54,433 - INFO -   ✓ 成功: 21 个样本, 2 个玩家
2025-12-09 22:22:54,434 - INFO - [3/10119] 转换: szqjl_2023-12-26_13_02_18_.rep (已处理: 3, 已转换: 2)
2025-12-09 22:22:54,457 - INFO -   ✓ 成功: 24 个样本, 2 个玩家
2025-12-09 22:22:54,458 - INFO - [4/10119] 转换: szqjl_2023-12-26_13_05_29_.rep (已处理: 4, 已转换: 3)
2025-12-09 22:22:54,476 - INFO -   ✓ 成功: 20 个样本, 2 个玩家
2025-12-09 22:22:54,476 - INFO - [5/10119] 转换: szqjl_2023-12-26_13_08_42_.rep (已处理: 5, 已转换: 4)
2025-12-09 22:22:54,492 - INFO -   ✓ 成功: 21 个样本, 2 个玩家
2025-12-09 22:22:54,494 - INFO - [6/10119] 转换: szqjl_2023-12-26_13_12_15_.rep (已处理: 6, 已转换: 5)
2025-12-09 22:22:54,514 - INFO -   ✓ 成功: 17 个样本, 2 个玩家
2025-12-09 22:22:54,515 - INFO - [7/10119] 转换: szqjl_2023-12-26_13_15_13_.rep (已处理: 7, 已转换: 6)
2025-12-09 22:22:54,542 - INFO -   ✓ 成功: 19 个样本, 2 个玩家
2025-12-09 22:22:54,543 - INFO - [8/10119] 转换: szqjl_2023-12-26_13_17_55_.rep (已处理: 8, 已转换: 7)
2025-12-09 22:22:54,553 - INFO -   ✓ 成功: 20 个样本, 2 个玩家
2025-12-09 22:22:54,553 - INFO - [9/10119] 转换: szqjl_2023-12-26_13_21_34_.rep (已处理: 9, 已转换: 8)
2025-12-09 22:22:54,565 - INFO -   ✓ 成功: 22 个样本, 2 个玩家
2025-12-09 22:22:54,567 - INFO - [10/10119] 转换: szqjl_2023-12-26_13_26_15_.rep (已处理: 10, 已转换: 9)
2025-12-09 22:22:54,593 - INFO -   ✓ 成功: 17 个样本, 2 个玩家
2025-12-09 22:22:54,594 - INFO - [11/10119] 转换: szqjl_2023-12-26_13_30_14_.rep (已处理: 11, 已转换: 10)
2025-12-09 22:22:54,611 - INFO -   ✓ 成功: 19 个样本, 2 个玩家
2025-12-09 22:22:54,611 - INFO - [12/10119] 转换: szqjl_2023-12-26_13_32_47_.rep (已处理: 12, 已转换: 11)
2025-12-09 22:22:54,622 - INFO -   ✓ 成功: 18 个样本, 2 个玩家
2025-12-09 22:22:54,623 - INFO - [13/10119] 转换: szqjl_2023-12-26_13_35_34_.rep (已处理: 13, 已转换: 12)
2025-12-09 22:22:54,633 - INFO -   ✓ 成功: 17 个样本, 2 个玩家
2025-12-09 22:22:54,633 - INFO - [14/10119] 转换: szqjl_2023-12-26_13_40_54_.rep (已处理: 14, 已转换: 13)
2025-12-09 22:22:54,646 - INFO -   ✓ 成功: 21 个样本, 2 个玩家
2025-12-09 22:22:54,647 - INFO - [15/10119] 转换: szqjl_2023-12-26_13_44_09_.rep (已处理: 15, 已转换: 14)
2025-12-09 22:22:54,663 - INFO -   ✓ 成功: 24 个样本, 2 个玩家
2025-12-09 22:22:54,664 - INFO - [16/10119] 转换: szqjl_2023-12-26_13_47_29_.rep (已处理: 16, 已转换: 15)
2025-12-09 22:22:54,681 - INFO -   ✓ 成功: 22 个样本, 2 个玩家
2025-12-09 22:22:54,682 - INFO - [17/10119] 转换: szqjl_2023-12-26_13_50_51_.rep (已处理: 17, 已转换: 16)
2025-12-09 22:22:54,694 - INFO -   ✓ 成功: 23 个样本, 2 个玩家
2025-12-09 22:22:54,694 - INFO - [18/10119] 转换: szqjl_2023-12-26_13_54_03_.rep (已处理: 18, 已转换: 17)
2025-12-09 22:22:54,705 - INFO -   ✓ 成功: 17 个样本, 2 个玩家
2025-12-09 22:22:54,706 - INFO - [19/10119] 转换: szqjl_2023-12-26_13_57_55_.rep (已处理: 19, 已转换: 18)
2025-12-09 22:22:54,731 - INFO -   ✓ 成功: 19 个样本, 2 个玩家
2025-12-09 22:22:54,732 - INFO - [20/10119] 转换: szqjl_2023-12-26_14_01_39_.rep (已处理: 20, 已转换: 19)
2025-12-09 22:22:54,748 - INFO -   ✓ 成功: 21 个样本, 2 个玩家
2025-12-09 22:22:54,749 - INFO - [21/10119] 转换: szqjl_2023-12-26_14_05_12_.rep (已处理: 21, 已转换: 20)
2025-12-09 22:22:54,759 - INFO -   ✓ 成功: 19 个样本, 2 个玩家
2025-12-09 22:22:54,760 - INFO - [22/10119] 转换: szqjl_2023-12-26_14_09_24_.rep (已处理: 22, 已转换: 21)
2025-12-09 22:22:54,771 - INFO -   ✓ 成功: 17 个样本, 2 个玩家
2025-12-09 22:22:54,772 - INFO - [23/10119] 转换: szqjl_2023-12-26_14_12_30_.rep (已处理: 23, 已转换: 22)
2025-12-09 22:22:54,783 - INFO -   ✓ 成功: 19 个样本, 2 个玩家
2025-12-09 22:22:54,784 - INFO - [24/10119] 转换: szqjl_2023-12-26_14_15_41_.rep (已处理: 24, 已转换: 23)
2025-12-09 22:22:54,794 - INFO -   ✓ 成功: 19 个样本, 2 个玩家
2025-12-09 22:22:54,795 - INFO - [25/10119] 转换: szqjl_2023-12-28_11_56_44_.rep (已处理: 25, 已转换: 24)
2025-12-09 22:22:54,812 - INFO -   ✓ 成功: 22 个样本, 2 个玩家
2025-12-09 22:22:54,812 - INFO - [26/10119] 转换: szqjl_2023-12-28_12_01_00_.rep (已处理: 26, 已转换: 25)
2025-12-09 22:22:54,824 - INFO -   ✓ 成功: 20 个样本, 2 个玩家
2025-12-09 22:22:54,825 - INFO - [27/10119] 转换: szqjl_2023-12-28_12_04_42_.rep (已处理: 27, 已转换: 26)
2025-12-09 22:22:54,836 - INFO -   ✓ 成功: 24 个样本, 2 个玩家
2025-12-09 22:22:54,837 - INFO - [28/10119] 转换: szqjl_2023-12-28_12_08_29_.rep (已处理: 28, 已转换: 27)
2025-12-09 22:22:54,867 - INFO -   ✓ 成功: 23 个样本, 2 个玩家
2025-12-09 22:22:54,873 - INFO - [29/10119] 转换: szqjl_2023-12-28_12_12_10_.rep (已处理: 29, 已转换: 28)
2025-12-09 22:22:54,886 - INFO -   ✓ 成功: 20 个样本, 2 个玩家
2025-12-09 22:22:54,886 - INFO - [30/10119] 转换: szqjl_2023-12-28_12_16_33_.rep (已处理: 30, 已转换: 29)
2025-12-09 22:22:54,898 - INFO -   ✓ 成功: 23 个样本, 2 个玩家
2025-12-09 22:22:54,898 - INFO - [31/10119] 转换: szqjl_2024-01-12_12_16_24_.rep (已处理: 31, 已转换: 30)
2025-12-09 22:22:54,921 - INFO -   ✓ 成功: 20 个样本, 2 个玩家
2025-12-09 22:22:54,923 - INFO - [32/10119] 转换: szqjl_2024-01-12_12_19_28_.rep (已处理: 32, 已转换: 31)
2025-12-09 22:22:54,934 - INFO -   ✓ 成功: 17 个样本, 2 个玩家
2025-12-09 22:22:54,935 - INFO - [33/10119] 转换: szqjl_2024-01-12_12_24_20_.rep (已处理: 33, 已转换: 32)
2025-12-09 22:22:54,947 - INFO -   ✓ 成功: 19 个样本, 2 个玩家
2025-12-09 22:22:54,948 - INFO - [34/10119] 转换: szqjl_2024-01-12_12_35_38_.rep (已处理: 34, 已转换: 33)
2025-12-09 22:22:54,959 - INFO -   ✓ 成功: 25 个样本, 2 个玩家
2025-12-09 22:22:54,960 - INFO - [35/10119] 转换: szqjl_2024-01-12_12_40_09_.rep (已处理: 35, 已转换: 34)
2025-12-09 22:22:54,971 - INFO -   ✓ 成功: 24 个样本, 2 个玩家
2025-12-09 22:22:54,973 - INFO - [36/10119] 转换: szqjl_2024-01-12_13_05_35_.rep (已处理: 36, 已转换: 35)
2025-12-09 22:22:54,984 - INFO -   ✓ 成功: 21 个样本, 2 个玩家
2025-12-09 22:22:54,984 - INFO - [37/10119] 转换: szqjl_2024-01-12_13_09_16_.rep (已处理: 37, 已转换: 36)
2025-12-09 22:22:54,997 - INFO -   ✓ 成功: 18 个样本, 2 个玩家
2025-12-09 22:22:54,998 - INFO - [38/10119] 转换: szqjl_2024-01-12_13_14_21_.rep (已处理: 38, 已转换: 37)
2025-12-09 22:22:55,009 - INFO -   ✓ 成功: 20 个样本, 2 个玩家
2025-12-09 22:22:55,009 - INFO - [39/10119] 转换: szqjl_2024-01-12_13_17_56_.rep (已处理: 39, 已转换: 38)
2025-12-09 22:22:55,023 - INFO -   ✓ 成功: 18 个样本, 2 个玩家
2025-12-09 22:22:55,025 - INFO - [40/10119] 转换: szqjl_2024-01-12_13_24_10_.rep (已处理: 40, 已转换: 39)
2025-12-09 22:22:55,037 - INFO -   ✓ 成功: 23 个样本, 2 个玩家
2025-12-09 22:22:55,038 - INFO - [41/10119] 转换: szqjl_2024-01-12_13_29_17_.rep (已处理: 41, 已转换: 40)
2025-12-09 22:22:55,049 - INFO -   ✓ 成功: 21 个样本, 2 个玩家
2025-12-09 22:22:55,051 - INFO - [42/10119] 转换: szqjl_2024-01-12_13_33_55_.rep (已处理: 42, 已转换: 41)
2025-12-09 22:22:55,062 - INFO -   ✓ 成功: 22 个样本, 2 个玩家
2025-12-09 22:22:55,063 - INFO - [43/10119] 转换: szqjl_2024-01-12_13_38_06_.rep (已处理: 43, 已转换: 42)
2025-12-09 22:22:55,075 - INFO -   ✓ 成功: 15 个样本, 2 个玩家
2025-12-09 22:22:55,076 - INFO - [44/10119] 转换: szqjl_2024-01-12_13_45_01_.rep (已处理: 44, 已转换: 43)
2025-12-09 22:22:55,089 - INFO -   ✓ 成功: 24 个样本, 2 个玩家
2025-12-09 22:22:55,093 - INFO - [45/10119] 转换: szqjl_2024-01-12_13_50_10_.rep (已处理: 45, 已转换: 44)
2025-12-09 22:22:55,114 - INFO -   ✓ 成功: 21 个样本, 2 个玩家
2025-12-09 22:22:55,139 - INFO - [46/10119] 转换: szqjl_2024-01-12_13_54_07_.rep (已处理: 46, 已转换: 45)
2025-12-09 22:22:55,169 - INFO -   ✓ 成功: 16 个样本, 2 个玩家
2025-12-09 22:22:55,188 - INFO - [47/10119] 转换: szqjl_2024-01-12_14_03_17_.rep (已处理: 47, 已转换: 46)
2025-12-09 22:22:55,207 - INFO -   ✓ 成功: 23 个样本, 2 个玩家
2025-12-09 22:22:55,211 - INFO - [48/10119] 转换: szqjl_2024-01-12_16_21_35_.rep (已处理: 48, 已转换: 47)
2025-12-09 22:22:55,260 - INFO -   ✓ 成功: 23 个样本, 2 个玩家
2025-12-09 22:22:55,281 - INFO - [49/10119] 转换: szqjl_2024-01-12_16_25_15_.rep (已处理: 49, 已转换: 48)
2025-12-09 22:22:55,294 - INFO -   ✓ 成功: 21 个样本, 2 个玩家
2025-12-09 22:22:55,295 - INFO - [50/10119] 转换: szqjl_2024-01-12_16_29_40_.rep (已处理: 50, 已转换: 49)
2025-12-09 22:22:55,308 - INFO -   ✓ 成功: 19 个样本, 2 个玩家
2025-12-09 22:22:55,309 - INFO - [51/10119] 转换: szqjl_2024-01-12_16_33_27_.rep (已处理: 51, 已转换: 50)
2025-12-09 22:22:55,321 - INFO -   ✓ 成功: 24 个样本, 2 个玩家
2025-12-09 22:22:55,351 - INFO - [52/10119] 转换: szqjl_2024-01-12_16_36_28_.rep (已处理: 52, 已转换: 51)
2025-12-09 22:22:55,368 - INFO -   ✓ 成功: 17 个样本, 2 个玩家
2025-12-09 22:22:55,369 - INFO - [53/10119] 转换: szqjl_2024-01-12_16_40_09_.rep (已处理: 53, 已转换: 52)
2025-12-09 22:22:55,381 - INFO -   ✓ 成功: 20 个样本, 2 个玩家
2025-12-09 22:22:55,382 - INFO - [54/10119] 转换: szqjl_2024-01-12_16_43_42_.rep (已处理: 54, 已转换: 53)
2025-12-09 22:22:55,395 - INFO -   ✓ 成功: 16 个样本, 2 个玩家
2025-12-09 22:22:55,396 - INFO - [55/10119] 转换: szqjl_2024-01-12_16_48_57_.rep (已处理: 55, 已转换: 54)
2025-12-09 22:22:55,410 - INFO -   ✓ 成功: 20 个样本, 2 个玩家
2025-12-09 22:22:55,410 - INFO - [56/10119] 转换: szqjl_2024-01-12_16_52_28_.rep (已处理: 56, 已转换: 55)
2025-12-09 22:22:55,423 - INFO -   ✓ 成功: 14 个样本, 2 个玩家
2025-12-09 22:22:55,424 - INFO - [57/10119] 转换: szqjl_2024-01-12_16_56_24_.rep (已处理: 57, 已转换: 56)
2025-12-09 22:22:55,435 - INFO -   ✓ 成功: 23 个样本, 2 个玩家
2025-12-09 22:22:55,436 - INFO - [58/10119] 转换: szqjl_2024-01-12_16_59_44_.rep (已处理: 58, 已转换: 57)
2025-12-09 22:22:55,447 - INFO -   ✓ 成功: 20 个样本, 2 个玩家
2025-12-09 22:22:55,448 - INFO - [59/10119] 转换: szqjl_2024-01-12_17_03_29_.rep (已处理: 59, 已转换: 58)
2025-12-09 22:22:55,459 - INFO -   ✓ 成功: 18 个样本, 2 个玩家
2025-12-09 22:22:55,460 - INFO - [60/10119] 转换: szqjl_2024-01-15_09_21_24_.rep (已处理: 60, 已转换: 59)
2025-12-09 22:22:55,474 - INFO -   ✓ 成功: 22 个样本, 2 个玩家
2025-12-09 22:22:55,479 - INFO - [61/10119] 转换: szqjl_2024-01-15_09_24_40_.rep (已处理: 61, 已转换: 60)
2025-12-09 22:22:55,491 - INFO -   ✓ 成功: 19 个样本, 2 个玩家
2025-12-09 22:22:55,493 - INFO - [62/10119] 转换: szqjl_2024-01-15_09_28_17_.rep (已处理: 62, 已转换: 61)
2025-12-09 22:22:55,504 - INFO -   ✓ 成功: 17 个样本, 2 个玩家
2025-12-09 22:22:55,506 - INFO - [63/10119] 转换: szqjl_2024-01-15_09_32_39_.rep (已处理: 63, 已转换: 62)
2025-12-09 22:22:55,517 - INFO -   ✓ 成功: 20 个样本, 2 个玩家
2025-12-09 22:22:55,518 - INFO - [64/10119] 转换: szqjl_2024-01-15_09_36_05_.rep (已处理: 64, 已转换: 63)
2025-12-09 22:22:55,530 - INFO -   ✓ 成功: 18 个样本, 2 个玩家
2025-12-09 22:22:55,530 - INFO - [65/10119] 转换: szqjl_2024-01-15_09_40_01_.rep (已处理: 65, 已转换: 64)
2025-12-09 22:22:55,544 - INFO -   ✓ 成功: 19 个样本, 2 个玩家
2025-12-09 22:22:55,545 - INFO - [66/10119] 转换: szqjl_2024-01-15_09_43_25_.rep (已处理: 66, 已转换: 65)
2025-12-09 22:22:55,556 - INFO -   ✓ 成功: 21 个样本, 2 个玩家
2025-12-09 22:22:55,570 - INFO - [67/10119] 转换: szqjl_2024-01-15_09_49_14_.rep (已处理: 67, 已转换: 66)
2025-12-09 22:22:55,582 - INFO -   ✓ 成功: 22 个样本, 2 个玩家
2025-12-09 22:22:55,583 - INFO - [68/10119] 转换: szqjl_2024-01-15_09_54_15_.rep (已处理: 68, 已转换: 67)
2025-12-09 22:22:55,594 - INFO -   ✓ 成功: 22 个样本, 2 个玩家
2025-12-09 22:22:55,595 - INFO - [69/10119] 转换: szqjl_2024-01-15_09_58_18_.rep (已处理: 69, 已转换: 68)
2025-12-09 22:22:55,606 - INFO -   ✓ 成功: 20 个样本, 2 个玩家
2025-12-09 22:22:55,609 - INFO - [70/10119] 转换: szqjl_2024-01-15_12_19_30_.rep (已处理: 70, 已转换: 69)
2025-12-09 22:22:55,631 - INFO -   ✓ 成功: 23 个样本, 2 个玩家
2025-12-09 22:22:55,632 - INFO - [71/10119] 转换: szqjl_2024-01-15_12_23_04_.rep (已处理: 71, 已转换: 70)
2025-12-09 22:22:55,644 - INFO -   ✓ 成功: 19 个样本, 2 个玩家
2025-12-09 22:22:55,644 - INFO - [72/10119] 转换: szqjl_2024-01-15_12_32_49_.rep (已处理: 72, 已转换: 71)
2025-12-09 22:22:55,661 - INFO -   ✓ 成功: 24 个样本, 2 个玩家
2025-12-09 22:22:55,662 - INFO - [73/10119] 转换: szqjl_2024-01-15_12_38_30_.rep (已处理: 73, 已转换: 72)
2025-12-09 22:22:55,673 - INFO -   ✓ 成功: 20 个样本, 2 个玩家
2025-12-09 22:22:55,675 - INFO - [74/10119] 转换: szqjl_2024-01-15_12_44_46_.rep (已处理: 74, 已转换: 73)
2025-12-09 22:22:55,685 - INFO -   ✓ 成功: 23 个样本, 2 个玩家
2025-12-09 22:22:55,686 - INFO - [75/10119] 转换: szqjl_2024-01-15_12_48_05_.rep (已处理: 75, 已转换: 74)
2025-12-09 22:22:55,708 - INFO -   ✓ 成功: 22 个样本, 2 个玩家
2025-12-09 22:22:55,710 - INFO - [76/10119] 转换: szqjl_2024-01-15_12_51_41_.rep (已处理: 76, 已转换: 75)
2025-12-09 22:22:55,731 - INFO -   ✓ 成功: 20 个样本, 2 个玩家
2025-12-09 22:22:55,733 - INFO - [77/10119] 转换: szqjl_2024-01-15_12_55_02_.rep (已处理: 77, 已转换: 76)
2025-12-09 22:22:55,749 - INFO -   ✓ 成功: 20 个样本, 2 个玩家
2025-12-09 22:22:55,750 - INFO - [78/10119] 转换: szqjl_2024-01-15_12_57_53_.rep (已处理: 78, 已转换: 77)
2025-12-09 22:22:55,761 - INFO -   ✓ 成功: 24 个样本, 2 个玩家
2025-12-09 22:22:55,763 - INFO - [79/10119] 转换: szqjl_2024-01-15_13_00_53_.rep (已处理: 79, 已转换: 78)
2025-12-09 22:22:55,774 - INFO -   ✓ 成功: 23 个样本, 2 个玩家
2025-12-09 22:22:55,775 - INFO - [80/10119] 转换: szqjl_2024-01-15_13_03_20_.rep (已处理: 80, 已转换: 79)
2025-12-09 22:22:55,785 - INFO -   ✓ 成功: 24 个样本, 2 个玩家
2025-12-09 22:22:55,786 - INFO - [81/10119] 转换: szqjl_2024-01-15_13_07_10_.rep (已处理: 81, 已转换: 80)
2025-12-09 22:22:55,797 - INFO -   ✓ 成功: 19 个样本, 2 个玩家
2025-12-09 22:22:55,798 - INFO - [82/10119] 转换: szqjl_2024-01-15_13_10_38_.rep (已处理: 82, 已转换: 81)
2025-12-09 22:22:55,817 - INFO -   ✓ 成功: 19 个样本, 2 个玩家
2025-12-09 22:22:55,818 - INFO - [83/10119] 转换: szqjl_2024-01-15_13_13_28_.rep (已处理: 83, 已转换: 82)
2025-12-09 22:22:55,829 - INFO -   ✓ 成功: 19 个样本, 2 个玩家
2025-12-09 22:22:55,830 - INFO - [84/10119] 转换: szqjl_2024-01-15_13_16_53_.rep (已处理: 84, 已转换: 83)
2025-12-09 22:22:55,841 - INFO -   ✓ 成功: 16 个样本, 2 个玩家
2025-12-09 22:22:55,842 - INFO - [85/10119] 转换: szqjl_2024-01-15_13_19_46_.rep (已处理: 85, 已转换: 84)
2025-12-09 22:22:55,852 - INFO -   ✓ 成功: 16 个样本, 2 个玩家
2025-12-09 22:22:55,853 - INFO - [86/10119] 转换: szqjl_2024-01-15_13_23_18_.rep (已处理: 86, 已转换: 85)
2025-12-09 22:22:55,864 - INFO -   ✓ 成功: 20 个样本, 2 个玩家
2025-12-09 22:22:55,865 - INFO - [87/10119] 转换: szqjl_2024-01-15_13_26_40_.rep (已处理: 87, 已转换: 86)
2025-12-09 22:22:55,876 - INFO -   ✓ 成功: 19 个样本, 2 个玩家
2025-12-09 22:22:55,877 - INFO - [88/10119] 转换: szqjl_2024-01-15_13_32_15_.rep (已处理: 88, 已转换: 87)
2025-12-09 22:22:55,888 - INFO -   ✓ 成功: 21 个样本, 2 个玩家
2025-12-09 22:22:55,890 - INFO - [89/10119] 转换: szqjl_2024-01-15_13_35_24_.rep (已处理: 89, 已转换: 88)
2025-12-09 22:22:55,901 - INFO -   ✓ 成功: 19 个样本, 2 个玩家
2025-12-09 22:22:55,902 - INFO - [90/10119] 转换: szqjl_2024-01-15_13_38_40_.rep (已处理: 90, 已转换: 89)
2025-12-09 22:22:55,916 - INFO -   ✓ 成功: 18 个样本, 2 个玩家
2025-12-09 22:22:55,917 - INFO - [91/10119] 转换: szqjl_2024-01-15_13_41_40_.rep (已处理: 91, 已转换: 90)
2025-12-09 22:22:55,928 - INFO -   ✓ 成功: 18 个样本, 2 个玩家
2025-12-09 22:22:55,929 - INFO - [92/10119] 转换: szqjl_2024-01-15_13_45_22_.rep (已处理: 92, 已转换: 91)
2025-12-09 22:22:55,939 - INFO -   ✓ 成功: 19 个样本, 2 个玩家
2025-12-09 22:22:55,940 - INFO - [93/10119] 转换: szqjl_2024-01-15_13_49_36_.rep (已处理: 93, 已转换: 92)
2025-12-09 22:22:55,951 - INFO -   ✓ 成功: 22 个样本, 2 个玩家
2025-12-09 22:22:55,953 - INFO - [94/10119] 转换: szqjl_2024-01-15_13_53_06_.rep (已处理: 94, 已转换: 93)
2025-12-09 22:22:55,964 - INFO -   ✓ 成功: 20 个样本, 2 个玩家
2025-12-09 22:22:55,964 - INFO - [95/10119] 转换: szqjl_2024-01-15_13_56_41_.rep (已处理: 95, 已转换: 94)
2025-12-09 22:22:55,976 - INFO -   ✓ 成功: 19 个样本, 2 个玩家
2025-12-09 22:22:55,977 - INFO - [96/10119] 转换: szqjl_2024-01-15_14_00_52_.rep (已处理: 96, 已转换: 95)
2025-12-09 22:22:55,991 - INFO -   ✓ 成功: 20 个样本, 2 个玩家
2025-12-09 22:22:55,992 - INFO - [97/10119] 转换: szqjl_2024-01-15_14_05_23_.rep (已处理: 97, 已转换: 96)
2025-12-09 22:22:56,003 - INFO -   ✓ 成功: 23 个样本, 2 个玩家
2025-12-09 22:22:56,004 - INFO - [98/10119] 转换: szqjl_2024-01-15_14_09_48_.rep (已处理: 98, 已转换: 97)
2025-12-09 22:22:56,016 - INFO -   ✓ 成功: 21 个样本, 2 个玩家
2025-12-09 22:22:56,017 - INFO - [99/10119] 转换: szqjl_2024-01-15_14_13_05_.rep (已处理: 99, 已转换: 98)
2025-12-09 22:22:56,029 - INFO -   ✓ 成功: 17 个样本, 2 个玩家
2025-12-09 22:22:56,030 - INFO - [100/10119] 转换: szqjl_2024-01-15_14_15_57_.rep (已处理: 100, 已转换: 99)
2025-12-09 22:22:56,043 - INFO -   ✓ 成功: 20 个样本, 2 个玩家
2025-12-09 22:22:56,043 - INFO - ============================================================
2025-12-09 22:22:56,044 - INFO - 进度: 成功转换 100 个, 跳过 0 个, 失败 0 个
2025-12-09 22:22:56,044 - INFO - 已转换样本: 2018 个
2025-12-09 22:22:56,044 - INFO - 转换速度: 59.5 文件/秒
2025-12-09 22:22:56,045 - INFO - 预计剩余时间: 2.8 分钟
2025-12-09 22:22:56,045 - INFO - ============================================================
2025-12-09 22:22:56,046 - INFO - [101/10119] 转换: szqjl_2024-01-15_14_19_28_.rep (已处理: 101, 已转换: 100)
2025-12-09 22:22:56,068 - INFO -   ✓ 成功: 18 个样本, 2 个玩家
2025-12-09 22:22:56,069 - INFO - [102/10119] 转换: szqjl_2024-01-15_14_22_43_.rep (已处理: 102, 已转换: 101)
2025-12-09 22:22:56,081 - INFO -   ✓ 成功: 17 个样本, 2 个玩家
2025-12-09 22:22:56,082 - INFO - [103/10119] 转换: szqjl_2024-01-15_14_26_00_.rep (已处理: 103, 已转换: 102)
2025-12-09 22:22:56,093 - INFO -   ✓ 成功: 20 个样本, 2 个玩家
2025-12-09 22:22:56,097 - INFO - [104/10119] 转换: szqjl_2024-01-15_14_29_07_.rep (已处理: 104, 已转换: 103)
2025-12-09 22:22:56,107 - INFO -   ✓ 成功: 18 个样本, 2 个玩家
2025-12-09 22:22:56,108 - INFO - [105/10119] 转换: szqjl_2024-01-15_16_06_22_.rep (已处理: 105, 已转换: 104)
2025-12-09 22:22:56,121 - INFO -   ✓ 成功: 18 个样本, 2 个玩家
2025-12-09 22:22:56,123 - INFO - [106/10119] 转换: szqjl_2024-01-15_16_09_51_.rep (已处理: 106, 已转换: 105)
2025-12-09 22:22:56,134 - INFO -   ✓ 成功: 20 个样本, 2 个玩家
2025-12-09 22:22:56,134 - INFO - [107/10119] 转换: szqjl_2024-01-15_16_12_22_.rep (已处理: 107, 已转换: 106)
2025-12-09 22:22:56,145 - INFO -   ✓ 成功: 20 个样本, 2 个玩家
2025-12-09 22:22:56,146 - INFO - [108/10119] 转换: szqjl_2024-01-15_16_14_58_.rep (已处理: 108, 已转换: 107)
2025-12-09 22:22:56,158 - INFO -   ✓ 成功: 22 个样本, 2 个玩家
2025-12-09 22:22:56,160 - INFO - [109/10119] 转换: szqjl_2024-01-15_16_17_53_.rep (已处理: 109, 已转换: 108)
2025-12-09 22:22:56,171 - INFO -   ✓ 成功: 18 个样本, 2 个玩家
2025-12-09 22:22:56,173 - INFO - [110/10119] 转换: szqjl_2024-01-15_16_23_04_.rep (已处理: 110, 已转换: 109)
2025-12-09 22:22:56,185 - INFO -   ✓ 成功: 19 个样本, 2 个玩家
2025-12-09 22:22:56,186 - INFO - [111/10119] 转换: szqjl_2024-01-15_16_26_29_.rep (已处理: 111, 已转换: 110)
2025-12-09 22:22:56,197 - INFO -   ✓ 成功: 20 个样本, 2 个玩家
2025-12-09 22:22:56,198 - INFO - [112/10119] 转换: szqjl_2024-01-15_16_29_58_.rep (已处理: 112, 已转换: 111)
2025-12-09 22:22:56,211 - INFO -   ✓ 成功: 23 个样本, 2 个玩家
2025-12-09 22:22:56,212 - INFO - [113/10119] 转换: szqjl_2024-01-15_16_33_47_.rep (已处理: 113, 已转换: 112)
2025-12-09 22:22:56,223 - INFO -   ✓ 成功: 22 个样本, 2 个玩家
2025-12-09 22:22:56,224 - INFO - [114/10119] 转换: szqjl_2024-01-15_16_38_14_.rep (已处理: 114, 已转换: 113)
2025-12-09 22:22:56,235 - INFO -   ✓ 成功: 19 个样本, 2 个玩家
2025-12-09 22:22:56,236 - INFO - [115/10119] 转换: szqjl_2024-01-15_16_42_55_.rep (已处理: 115, 已转换: 114)
2025-12-09 22:22:56,248 - INFO -   ✓ 成功: 20 个样本, 2 个玩家
2025-12-09 22:22:56,251 - INFO - [116/10119] 转换: szqjl_2024-01-15_16_47_11_.rep (已处理: 116, 已转换: 115)
2025-12-09 22:22:56,262 - INFO -   ✓ 成功: 17 个样本, 2 个玩家
2025-12-09 22:22:56,263 - INFO - [117/10119] 转换: szqjl_2024-01-15_16_50_53_.rep (已处理: 117, 已转换: 116)
2025-12-09 22:22:56,275 - INFO -   ✓ 成功: 21 个样本, 2 个玩家
2025-12-09 22:22:56,276 - INFO - [118/10119] 转换: szqjl_2024-01-15_16_54_56_.rep (已处理: 118, 已转换: 117)
2025-12-09 22:22:56,286 - INFO -   ✓ 成功: 22 个样本, 2 个玩家
2025-12-09 22:22:56,288 - INFO - [119/10119] 转换: szqjl_2024-01-17_11_08_40_.rep (已处理: 119, 已转换: 118)
2025-12-09 22:22:56,299 - INFO -   ✓ 成功: 22 个样本, 2 个玩家
2025-12-09 22:22:56,300 - INFO - [120/10119] 转换: szqjl_2024-01-17_11_12_30_.rep (已处理: 120, 已转换: 119)
2025-12-09 22:22:56,313 - INFO -   ✓ 成功: 21 个样本, 2 个玩家
2025-12-09 22:22:56,314 - INFO - [121/10119] 转换: szqjl_2024-01-17_11_18_04_.rep (已处理: 121, 已转换: 120)
2025-12-09 22:22:56,326 - INFO -   ✓ 成功: 19 个样本, 2 个玩家
2025-12-09 22:22:56,327 - INFO - [122/10119] 转换: szqjl_2024-01-17_11_22_10_.rep (已处理: 122, 已转换: 121)
2025-12-09 22:22:56,339 - INFO -   ✓ 成功: 19 个样本, 2 个玩家
2025-12-09 22:22:56,340 - INFO - [123/10119] 转换: szqjl_2024-01-17_11_26_10_.rep (已处理: 123, 已转换: 122)
2025-12-09 22:22:56,351 - INFO -   ✓ 成功: 19 个样本, 2 个玩家
2025-12-09 22:22:56,352 - INFO - [124/10119] 转换: szqjl_2024-01-17_11_32_54_.rep (已处理: 124, 已转换: 123)
2025-12-09 22:22:56,366 - INFO -   ✓ 成功: 19 个样本, 2 个玩家
2025-12-09 22:22:56,367 - INFO - [125/10119] 转换: szqjl_2024-01-17_11_37_35_.rep (已处理: 125, 已转换: 124)
2025-12-09 22:22:56,378 - INFO -   ✓ 成功: 16 个样本, 2 个玩家
2025-12-09 22:22:56,381 - INFO - [126/10119] 转换: szqjl_2024-01-17_12_15_29_.rep (已处理: 126, 已转换: 125)
2025-12-09 22:22:56,394 - INFO -   ✓ 成功: 19 个样本, 2 个玩家
2025-12-09 22:22:56,395 - INFO - [127/10119] 转换: szqjl_2024-01-17_12_19_09_.rep (已处理: 127, 已转换: 126)
2025-12-09 22:22:56,406 - INFO -   ✓ 成功: 23 个样本, 2 个玩家
2025-12-09 22:22:56,408 - INFO - [128/10119] 转换: szqjl_2024-01-17_12_23_14_.rep (已处理: 128, 已转换: 127)
2025-12-09 22:22:56,419 - INFO -   ✓ 成功: 14 个样本, 2 个玩家
2025-12-09 22:22:56,420 - INFO - [129/10119] 转换: szqjl_2024-01-17_12_27_33_.rep (已处理: 129, 已转换: 128)
2025-12-09 22:22:56,431 - INFO -   ✓ 成功: 20 个样本, 2 个玩家
2025-12-09 22:22:56,432 - INFO - [130/10119] 转换: szqjl_2024-01-17_12_34_09_.rep (已处理: 130, 已转换: 129)
2025-12-09 22:22:56,443 - INFO -   ✓ 成功: 28 个样本, 2 个玩家
2025-12-09 22:22:56,444 - INFO - [131/10119] 转换: szqjl_2024-01-17_12_39_19_.rep (已处理: 131, 已转换: 130)
2025-12-09 22:22:56,458 - INFO -   ✓ 成功: 16 个样本, 2 个玩家
2025-12-09 22:22:56,459 - INFO - [132/10119] 转换: szqjl_2024-01-17_12_42_35_.rep (已处理: 132, 已转换: 131)
2025-12-09 22:22:56,470 - INFO -   ✓ 成功: 20 个样本, 2 个玩家
2025-12-09 22:22:56,471 - INFO - [133/10119] 转换: szqjl_2024-01-17_12_46_57_.rep (已处理: 133, 已转换: 132)
2025-12-09 22:22:56,483 - INFO -   ✓ 成功: 20 个样本, 2 个玩家
2025-12-09 22:22:56,484 - INFO - [134/10119] 转换: szqjl_2024-01-17_12_52_15_.rep (已处理: 134, 已转换: 133)
2025-12-09 22:22:56,496 - INFO -   ✓ 成功: 23 个样本, 2 个玩家
2025-12-09 22:22:56,497 - INFO - [135/10119] 转换: szqjl_2024-01-17_12_56_29_.rep (已处理: 135, 已转换: 134)
2025-12-09 22:22:56,509 - INFO -   ✓ 成功: 20 个样本, 2 个玩家
2025-12-09 22:22:56,523 - INFO - [136/10119] 转换: szqjl_2024-01-17_13_00_13_.rep (已处理: 136, 已转换: 135)
2025-12-09 22:22:56,533 - INFO -   ✓ 成功: 17 个样本, 2 个玩家
2025-12-09 22:22:56,535 - INFO - [137/10119] 转换: szqjl_2024-01-17_13_08_52_.rep (已处理: 137, 已转换: 136)
2025-12-09 22:22:56,548 - INFO -   ✓ 成功: 23 个样本, 2 个玩家
2025-12-09 22:22:56,549 - INFO - [138/10119] 转换: szqjl_2024-01-17_13_13_23_.rep (已处理: 138, 已转换: 137)
2025-12-09 22:22:56,560 - INFO -   ✓ 成功: 15 个样本, 2 个玩家
2025-12-09 22:22:56,562 - INFO - [139/10119] 转换: szqjl_2024-01-17_13_18_15_.rep (已处理: 139, 已转换: 138)
2025-12-09 22:22:56,573 - INFO -   ✓ 成功: 19 个样本, 2 个玩家
2025-12-09 22:22:56,575 - INFO - [140/10119] 转换: szqjl_2024-01-17_13_25_20_.rep (已处理: 140, 已转换: 139)
2025-12-09 22:22:56,586 - INFO -   ✓ 成功: 26 个样本, 2 个玩家
2025-12-09 22:22:56,587 - INFO - [141/10119] 转换: szqjl_2024-01-17_13_29_45_.rep (已处理: 141, 已转换: 140)
2025-12-09 22:22:56,599 - INFO -   ✓ 成功: 14 个样本, 2 个玩家
2025-12-09 22:22:56,600 - INFO - [142/10119] 转换: szqjl_2024-01-17_13_38_36_.rep (已处理: 142, 已转换: 141)
2025-12-09 22:22:56,612 - INFO -   ✓ 成功: 23 个样本, 2 个玩家
2025-12-09 22:22:56,613 - INFO - [143/10119] 转换: szqjl_2024-01-17_13_42_36_.rep (已处理: 143, 已转换: 142)
2025-12-09 22:22:56,625 - INFO -   ✓ 成功: 22 个样本, 2 个玩家
2025-12-09 22:22:56,626 - INFO - [144/10119] 转换: szqjl_2024-01-17_13_46_14_.rep (已处理: 144, 已转换: 143)
2025-12-09 22:22:56,637 - INFO -   ✓ 成功: 16 个样本, 2 个玩家
2025-12-09 22:22:56,639 - INFO - [145/10119] 转换: szqjl_2024-01-17_13_50_49_.rep (已处理: 145, 已转换: 144)
2025-12-09 22:22:56,650 - INFO -   ✓ 成功: 18 个样本, 2 个玩家
2025-12-09 22:22:56,651 - INFO - [146/10119] 转换: szqjl_2024-01-17_13_54_51_.rep (已处理: 146, 已转换: 145)
2025-12-09 22:22:56,666 - INFO -   ✓ 成功: 21 个样本, 2 个玩家
2025-12-09 22:22:56,667 - INFO - [147/10119] 转换: szqjl_2024-01-17_13_59_23_.rep (已处理: 147, 已转换: 146)
2025-12-09 22:22:56,680 - INFO -   ✓ 成功: 20 个样本, 2 个玩家
2025-12-09 22:22:56,681 - INFO - [148/10119] 转换: szqjl_2024-01-17_14_03_46_.rep (已处理: 148, 已转换: 147)
2025-12-09 22:22:56,693 - INFO -   ✓ 成功: 21 个样本, 2 个玩家
2025-12-09 22:22:56,694 - INFO - [149/10119] 转换: szqjl_2024-01-17_14_08_27_.rep (已处理: 149, 已转换: 148)
2025-12-09 22:22:56,705 - INFO -   ✓ 成功: 24 个样本, 2 个玩家
2025-12-09 22:22:56,706 - INFO - [150/10119] 转换: szqjl_2024-01-17_14_12_25_.rep (已处理: 150, 已转换: 149)
2025-12-09 22:22:56,717 - INFO -   ✓ 成功: 20 个样本, 2 个玩家
2025-12-09 22:22:56,718 - INFO - [151/10119] 转换: szqjl_2024-01-17_14_17_57_.rep (已处理: 151, 已转换: 150)
2025-12-09 22:22:56,731 - INFO -   ✓ 成功: 18 个样本, 2 个玩家
2025-12-09 22:22:56,733 - INFO - [152/10119] 转换: szqjl_2024-01-17_14_20_55_.rep (已处理: 152, 已转换: 151)
2025-12-09 22:22:56,744 - INFO -   ✓ 成功: 19 个样本, 2 个玩家
2025-12-09 22:22:56,745 - INFO - [153/10119] 转换: szqjl_2024-01-17_14_23_38_.rep (已处理: 153, 已转换: 152)
2025-12-09 22:22:56,757 - INFO -   ✓ 成功: 19 个样本, 2 个玩家
2025-12-09 22:22:56,758 - INFO - [154/10119] 转换: szqjl_2024-01-17_14_26_34_.rep (已处理: 154, 已转换: 153)
2025-12-09 22:22:56,771 - INFO -   ✓ 成功: 14 个样本, 2 个玩家
2025-12-09 22:22:56,773 - INFO - [155/10119] 转换: szqjl_2024-01-17_14_29_37_.rep (已处理: 155, 已转换: 154)
2025-12-09 22:22:56,785 - INFO -   ✓ 成功: 21 个样本, 2 个玩家
2025-12-09 22:22:56,786 - INFO - [156/10119] 转换: szqjl_2024-01-17_14_33_15_.rep (已处理: 156, 已转换: 155)
2025-12-09 22:22:56,798 - INFO -   ✓ 成功: 15 个样本, 2 个玩家
2025-12-09 22:22:56,799 - INFO - [157/10119] 转换: szqjl_2024-01-17_14_35_49_.rep (已处理: 157, 已转换: 156)
2025-12-09 22:22:56,809 - INFO -   ✓ 成功: 19 个样本, 2 个玩家
2025-12-09 22:22:56,811 - INFO - [158/10119] 转换: szqjl_2024-01-18_09_31_52_.rep (已处理: 158, 已转换: 157)
2025-12-09 22:22:56,823 - INFO -   ✓ 成功: 19 个样本, 2 个玩家
2025-12-09 22:22:56,824 - INFO - [159/10119] 转换: szqjl_2024-01-18_09_36_56_.rep (已处理: 159, 已转换: 158)
2025-12-09 22:22:56,835 - INFO -   ✓ 成功: 19 个样本, 2 个玩家
2025-12-09 22:22:56,836 - INFO - [160/10119] 转换: szqjl_2024-01-18_09_43_57_.rep (已处理: 160, 已转换: 159)
2025-12-09 22:22:56,849 - INFO -   ✓ 成功: 23 个样本, 2 个玩家
2025-12-09 22:22:56,850 - INFO - [161/10119] 转换: szqjl_2024-01-18_09_47_09_.rep (已处理: 161, 已转换: 160)
2025-12-09 22:22:56,861 - INFO -   ✓ 成功: 20 个样本, 2 个玩家
2025-12-09 22:22:56,862 - INFO - [162/10119] 转换: szqjl_2024-01-18_09_50_59_.rep (已处理: 162, 已转换: 161)
2025-12-09 22:22:56,883 - INFO -   ✓ 成功: 22 个样本, 2 个玩家
2025-12-09 22:22:56,884 - INFO - [163/10119] 转换: szqjl_2024-01-18_09_55_30_.rep (已处理: 163, 已转换: 162)
2025-12-09 22:22:56,895 - INFO -   ✓ 成功: 17 个样本, 2 个玩家
2025-12-09 22:22:56,897 - INFO - [164/10119] 转换: szqjl_2024-01-18_09_58_18_.rep (已处理: 164, 已转换: 163)
2025-12-09 22:22:56,908 - INFO -   ✓ 成功: 18 个样本, 2 个玩家
2025-12-09 22:22:56,909 - INFO - [165/10119] 转换: szqjl_2024-01-18_10_01_23_.rep (已处理: 165, 已转换: 164)
2025-12-09 22:22:56,919 - INFO -   ✓ 成功: 16 个样本, 2 个玩家
2025-12-09 22:22:56,921 - INFO - [166/10119] 转换: szqjl_2024-01-18_10_05_22_.rep (已处理: 166, 已转换: 165)
2025-12-09 22:22:56,932 - INFO -   ✓ 成功: 16 个样本, 2 个玩家
2025-12-09 22:22:56,933 - INFO - [167/10119] 转换: szqjl_2024-01-18_10_07_46_.rep (已处理: 167, 已转换: 166)
2025-12-09 22:22:56,944 - INFO -   ✓ 成功: 16 个样本, 2 个玩家
2025-12-09 22:22:56,945 - INFO - [168/10119] 转换: szqjl_2024-01-18_10_10_32_.rep (已处理: 168, 已转换: 167)
2025-12-09 22:22:56,956 - INFO -   ✓ 成功: 19 个样本, 2 个玩家
2025-12-09 22:22:56,957 - INFO - [169/10119] 转换: szqjl_2024-01-18_10_13_40_.rep (已处理: 169, 已转换: 168)
2025-12-09 22:22:56,968 - INFO -   ✓ 成功: 16 个样本, 2 个玩家
2025-12-09 22:22:56,969 - INFO - [170/10119] 转换: szqjl_2024-01-18_10_17_50_.rep (已处理: 170, 已转换: 169)
2025-12-09 22:22:56,985 - INFO -   ✓ 成功: 18 个样本, 2 个玩家
2025-12-09 22:22:56,986 - INFO - [171/10119] 转换: szqjl_2024-01-18_10_21_47_.rep (已处理: 171, 已转换: 170)
2025-12-09 22:22:57,002 - INFO -   ✓ 成功: 19 个样本, 2 个玩家
2025-12-09 22:22:57,003 - INFO - [172/10119] 转换: szqjl_2024-01-18_10_27_49_.rep (已处理: 172, 已转换: 171)
2025-12-09 22:22:57,016 - INFO -   ✓ 成功: 17 个样本, 2 个玩家
2025-12-09 22:22:57,017 - INFO - [173/10119] 转换: szqjl_2024-01-18_10_31_26_.rep (已处理: 173, 已转换: 172)
2025-12-09 22:22:57,030 - INFO -   ✓ 成功: 26 个样本, 2 个玩家
2025-12-09 22:22:57,031 - INFO - [174/10119] 转换: szqjl_2024-01-18_10_35_00_.rep (已处理: 174, 已转换: 173)
2025-12-09 22:22:57,043 - INFO -   ✓ 成功: 19 个样本, 2 个玩家
2025-12-09 22:22:57,044 - INFO - [175/10119] 转换: szqjl_2024-01-18_10_39_04_.rep (已处理: 175, 已转换: 174)
2025-12-09 22:22:57,055 - INFO -   ✓ 成功: 25 个样本, 2 个玩家
2025-12-09 22:22:57,059 - INFO - [176/10119] 转换: szqjl_2024-01-18_10_42_15_.rep (已处理: 176, 已转换: 175)
2025-12-09 22:22:57,070 - INFO -   ✓ 成功: 17 个样本, 2 个玩家
2025-12-09 22:22:57,073 - INFO - [177/10119] 转换: szqjl_2024-01-18_10_45_06_.rep (已处理: 177, 已转换: 176)
2025-12-09 22:22:57,099 - INFO -   ✓ 成功: 19 个样本, 2 个玩家
2025-12-09 22:22:57,100 - INFO - [178/10119] 转换: szqjl_2024-01-18_10_48_16_.rep (已处理: 178, 已转换: 177)
2025-12-09 22:22:57,112 - INFO -   ✓ 成功: 20 个样本, 2 个玩家
2025-12-09 22:22:57,115 - INFO - [179/10119] 转换: szqjl_2024-01-18_10_53_49_.rep (已处理: 179, 已转换: 178)
2025-12-09 22:22:57,128 - INFO -   ✓ 成功: 22 个样本, 2 个玩家
2025-12-09 22:22:57,129 - INFO - [180/10119] 转换: szqjl_2024-01-18_14_08_15_.rep (已处理: 180, 已转换: 179)
2025-12-09 22:22:57,143 - INFO -   ✓ 成功: 19 个样本, 2 个玩家
2025-12-09 22:22:57,144 - INFO - [181/10119] 转换: szqjl_2024-01-18_14_12_39_.rep (已处理: 181, 已转换: 180)
2025-12-09 22:22:57,155 - INFO -   ✓ 成功: 21 个样本, 2 个玩家
2025-12-09 22:22:57,157 - INFO - [182/10119] 转换: szqjl_2024-01-18_14_16_43_.rep (已处理: 182, 已转换: 181)
2025-12-09 22:22:57,167 - INFO -   ✓ 成功: 20 个样本, 2 个玩家
2025-12-09 22:22:57,169 - INFO - [183/10119] 转换: szqjl_2024-01-18_14_21_51_.rep (已处理: 183, 已转换: 182)
2025-12-09 22:22:57,185 - INFO -   ✓ 成功: 20 个样本, 2 个玩家
2025-12-09 22:22:57,187 - INFO - [184/10119] 转换: szqjl_2024-01-19_12_07_49_.rep (已处理: 184, 已转换: 183)
2025-12-09 22:22:57,262 - INFO -   ✓ 成功: 26 个样本, 2 个玩家
2025-12-09 22:22:57,264 - INFO - [185/10119] 转换: szqjl_2024-01-19_12_12_14_.rep (已处理: 185, 已转换: 184)
2025-12-09 22:22:57,276 - INFO -   ✓ 成功: 19 个样本, 2 个玩家
2025-12-09 22:22:57,277 - INFO - [186/10119] 转换: szqjl_2024-01-19_12_18_23_.rep (已处理: 186, 已转换: 185)
2025-12-09 22:22:57,292 - INFO -   ✓ 成功: 23 个样本, 2 个玩家
2025-12-09 22:22:57,294 - INFO - [187/10119] 转换: szqjl_2024-01-19_12_22_53_.rep (已处理: 187, 已转换: 186)
2025-12-09 22:22:57,305 - INFO -   ✓ 成功: 20 个样本, 2 个玩家
2025-12-09 22:22:57,307 - INFO - [188/10119] 转换: szqjl_2024-01-19_12_26_24_.rep (已处理: 188, 已转换: 187)
2025-12-09 22:22:57,318 - INFO -   ✓ 成功: 19 个样本, 2 个玩家
2025-12-09 22:22:57,320 - INFO - [189/10119] 转换: szqjl_2024-01-19_12_31_10_.rep (已处理: 189, 已转换: 188)
2025-12-09 22:22:57,330 - INFO -   ✓ 成功: 16 个样本, 2 个玩家
2025-12-09 22:22:57,332 - INFO - [190/10119] 转换: szqjl_2024-01-19_12_39_22_.rep (已处理: 190, 已转换: 189)
2025-12-09 22:22:57,343 - INFO -   ✓ 成功: 19 个样本, 2 个玩家
2025-12-09 22:22:57,344 - INFO - [191/10119] 转换: szqjl_2024-01-19_12_43_04_.rep (已处理: 191, 已转换: 190)
2025-12-09 22:22:57,356 - INFO -   ✓ 成功: 17 个样本, 2 个玩家
2025-12-09 22:22:57,359 - INFO - [192/10119] 转换: szqjl_2024-01-19_12_46_39_.rep (已处理: 192, 已转换: 191)
2025-12-09 22:22:57,370 - INFO -   ✓ 成功: 22 个样本, 2 个玩家
2025-12-09 22:22:57,371 - INFO - [193/10119] 转换: szqjl_2024-01-19_12_50_45_.rep (已处理: 193, 已转换: 192)
2025-12-09 22:22:57,382 - INFO -   ✓ 成功: 21 个样本, 2 个玩家
2025-12-09 22:22:57,384 - INFO - [194/10119] 转换: szqjl_2024-01-19_12_55_32_.rep (已处理: 194, 已转换: 193)
2025-12-09 22:22:57,395 - INFO -   ✓ 成功: 21 个样本, 2 个玩家
2025-12-09 22:22:57,396 - INFO - [195/10119] 转换: szqjl_2024-01-19_12_59_38_.rep (已处理: 195, 已转换: 194)
2025-12-09 22:22:57,409 - INFO -   ✓ 成功: 16 个样本, 2 个玩家
2025-12-09 22:22:57,410 - INFO - [196/10119] 转换: szqjl_2024-01-19_13_03_38_.rep (已处理: 196, 已转换: 195)
2025-12-09 22:22:57,422 - INFO -   ✓ 成功: 22 个样本, 2 个玩家
2025-12-09 22:22:57,423 - INFO - [197/10119] 转换: szqjl_2024-01-19_13_07_12_.rep (已处理: 197, 已转换: 196)
2025-12-09 22:22:57,434 - INFO -   ✓ 成功: 21 个样本, 2 个玩家
2025-12-09 22:22:57,436 - INFO - [198/10119] 转换: szqjl_2024-01-19_13_10_03_.rep (已处理: 198, 已转换: 197)
2025-12-09 22:22:57,447 - INFO -   ✓ 成功: 17 个样本, 2 个玩家
2025-12-09 22:22:57,448 - INFO - [199/10119] 转换: szqjl_2024-01-19_13_13_10_.rep (已处理: 199, 已转换: 198)
2025-12-09 22:22:57,459 - INFO -   ✓ 成功: 17 个样本, 2 个玩家
2025-12-09 22:22:57,462 - INFO - [200/10119] 转换: szqjl_2024-01-19_13_19_11_.rep (已处理: 200, 已转换: 199)
2025-12-09 22:22:57,473 - INFO -   ✓ 成功: 19 个样本, 2 个玩家
2025-12-09 22:22:57,474 - INFO - ============================================================
2025-12-09 22:22:57,474 - INFO - 进度: 成功转换 200 个, 跳过 0 个, 失败 0 个
2025-12-09 22:22:57,474 - INFO - 已转换样本: 3972 个
2025-12-09 22:22:57,475 - INFO - 转换速度: 64.3 文件/秒
2025-12-09 22:22:57,475 - INFO - 预计剩余时间: 2.6 分钟
2025-12-09 22:22:57,479 - INFO - ============================================================
2025-12-09 22:22:57,481 - INFO - [201/10119] 转换: szqjl_2024-01-19_13_22_58_.rep (已处理: 201, 已转换: 200)
2025-12-09 22:22:57,492 - INFO -   ✓ 成功: 20 个样本, 2 个玩家
2025-12-09 22:22:57,494 - INFO - [202/10119] 转换: szqjl_2024-01-19_13_27_27_.rep (已处理: 202, 已转换: 201)
2025-12-09 22:22:57,505 - INFO -   ✓ 成功: 17 个样本, 2 个玩家
2025-12-09 22:22:57,507 - INFO - [203/10119] 转换: szqjl_2024-01-19_13_30_59_.rep (已处理: 203, 已转换: 202)
2025-12-09 22:22:57,520 - INFO -   ✓ 成功: 16 个样本, 2 个玩家
2025-12-09 22:22:57,521 - INFO - [204/10119] 转换: szqjl_2024-01-19_13_34_28_.rep (已处理: 204, 已转换: 203)
2025-12-09 22:22:57,533 - INFO -   ✓ 成功: 20 个样本, 2 个玩家
2025-12-09 22:22:57,534 - INFO - [205/10119] 转换: szqjl_2024-01-19_13_38_23_.rep (已处理: 205, 已转换: 204)
2025-12-09 22:22:57,547 - INFO -   ✓ 成功: 20 个样本, 2 个玩家
2025-12-09 22:22:57,548 - INFO - [206/10119] 转换: szqjl_2024-01-19_13_41_07_.rep (已处理: 206, 已转换: 205)
2025-12-09 22:22:57,559 - INFO -   ✓ 成功: 19 个样本, 2 个玩家
2025-12-09 22:22:57,569 - INFO - [207/10119] 转换: szqjl_2024-01-19_13_44_53_.rep (已处理: 207, 已转换: 206)
2025-12-09 22:22:57,580 - INFO -   ✓ 成功: 19 个样本, 2 个玩家
2025-12-09 22:22:57,581 - INFO - [208/10119] 转换: szqjl_2024-01-19_13_47_53_.rep (已处理: 208, 已转换: 207)
2025-12-09 22:22:57,593 - INFO -   ✓ 成功: 20 个样本, 2 个玩家
2025-12-09 22:22:57,594 - INFO - [209/10119] 转换: szqjl_2024-01-19_13_51_46_.rep (已处理: 209, 已转换: 208)
2025-12-09 22:22:57,605 - INFO -   ✓ 成功: 17 个样本, 2 个玩家
2025-12-09 22:22:57,607 - INFO - [210/10119] 转换: szqjl_2024-01-19_13_56_20_.rep (已处理: 210, 已转换: 209)
2025-12-09 22:22:57,618 - INFO -   ✓ 成功: 17 个样本, 2 个玩家
2025-12-09 22:22:57,619 - INFO - [211/10119] 转换: szqjl_2024-01-19_13_59_25_.rep (已处理: 211, 已转换: 210)
2025-12-09 22:22:57,632 - INFO -   ✓ 成功: 18 个样本, 2 个玩家
2025-12-09 22:22:57,633 - INFO - [212/10119] 转换: szqjl_2024-01-19_14_03_01_.rep (已处理: 212, 已转换: 211)
2025-12-09 22:22:57,644 - INFO -   ✓ 成功: 17 个样本, 2 个玩家
2025-12-09 22:22:57,645 - INFO - [213/10119] 转换: szqjl_2024-01-23_12_15_24_.rep (已处理: 213, 已转换: 212)
2025-12-09 22:22:57,656 - INFO -   ✓ 成功: 22 个样本, 2 个玩家
2025-12-09 22:22:57,658 - INFO - [214/10119] 转换: szqjl_2024-01-23_12_21_49_.rep (已处理: 214, 已转换: 213)
2025-12-09 22:22:57,668 - INFO -   ✓ 成功: 19 个样本, 2 个玩家
2025-12-09 22:22:57,670 - INFO - [215/10119] 转换: szqjl_2024-01-23_12_24_27_.rep (已处理: 215, 已转换: 214)
2025-12-09 22:22:57,680 - INFO -   ✓ 成功: 18 个样本, 2 个玩家
2025-12-09 22:22:57,682 - INFO - [216/10119] 转换: szqjl_2024-01-23_12_28_26_.rep (已处理: 216, 已转换: 215)
2025-12-09 22:22:57,694 - INFO -   ✓ 成功: 25 个样本, 2 个玩家
2025-12-09 22:22:57,695 - INFO - [217/10119] 转换: szqjl_2024-01-23_12_31_41_.rep (已处理: 217, 已转换: 216)
2025-12-09 22:22:57,708 - INFO -   ✓ 成功: 22 个样本, 2 个玩家
2025-12-09 22:22:57,709 - INFO - [218/10119] 转换: szqjl_2024-01-23_12_35_19_.rep (已处理: 218, 已转换: 217)
2025-12-09 22:22:57,724 - INFO -   ✓ 成功: 21 个样本, 2 个玩家
2025-12-09 22:22:57,726 - INFO - [219/10119] 转换: szqjl_2024-01-23_12_38_01_.rep (已处理: 219, 已转换: 218)
2025-12-09 22:22:57,736 - INFO -   ✓ 成功: 20 个样本, 2 个玩家
2025-12-09 22:22:57,738 - INFO - [220/10119] 转换: szqjl_2024-01-23_12_41_07_.rep (已处理: 220, 已转换: 219)
2025-12-09 22:22:57,749 - INFO -   ✓ 成功: 21 个样本, 2 个玩家
2025-12-09 22:22:57,751 - INFO - [221/10119] 转换: szqjl_2024-01-23_12_44_37_.rep (已处理: 221, 已转换: 220)
2025-12-09 22:22:57,761 - INFO -   ✓ 成功: 17 个样本, 2 个玩家
2025-12-09 22:22:57,763 - INFO - [222/10119] 转换: szqjl_2024-01-23_12_49_19_.rep (已处理: 222, 已转换: 221)
2025-12-09 22:22:57,774 - INFO -   ✓ 成功: 22 个样本, 2 个玩家
2025-12-09 22:22:57,776 - INFO - [223/10119] 转换: szqjl_2024-01-23_12_53_44_.rep (已处理: 223, 已转换: 222)
2025-12-09 22:22:57,786 - INFO -   ✓ 成功: 18 个样本, 2 个玩家
2025-12-09 22:22:57,788 - INFO - [224/10119] 转换: szqjl_2024-01-23_12_57_17_.rep (已处理: 224, 已转换: 223)
2025-12-09 22:22:57,799 - INFO -   ✓ 成功: 19 个样本, 2 个玩家
2025-12-09 22:22:57,800 - INFO - [225/10119] 转换: szqjl_2024-01-23_13_01_43_.rep (已处理: 225, 已转换: 224)
2025-12-09 22:22:57,811 - INFO -   ✓ 成功: 22 个样本, 2 个玩家
2025-12-09 22:22:57,813 - INFO - [226/10119] 转换: szqjl_2024-01-23_13_05_29_.rep (已处理: 226, 已转换: 225)
2025-12-09 22:22:57,826 - INFO -   ✓ 成功: 21 个样本, 2 个玩家
2025-12-09 22:22:57,828 - INFO - [227/10119] 转换: szqjl_2024-01-23_13_09_19_.rep (已处理: 227, 已转换: 226)
2025-12-09 22:22:57,839 - INFO -   ✓ 成功: 16 个样本, 2 个玩家
2025-12-09 22:22:57,841 - INFO - [228/10119] 转换: szqjl_2024-01-23_13_14_53_.rep (已处理: 228, 已转换: 227)
2025-12-09 22:22:57,855 - INFO -   ✓ 成功: 24 个样本, 2 个玩家
2025-12-09 22:22:57,857 - INFO - [229/10119] 转换: szqjl_2024-01-23_13_18_31_.rep (已处理: 229, 已转换: 228)
2025-12-09 22:22:57,869 - INFO -   ✓ 成功: 19 个样本, 2 个玩家
2025-12-09 22:22:57,870 - INFO - [230/10119] 转换: szqjl_2024-01-23_13_22_51_.rep (已处理: 230, 已转换: 229)
2025-12-09 22:22:57,882 - INFO -   ✓ 成功: 23 个样本, 2 个玩家
2025-12-09 22:22:57,883 - INFO - [231/10119] 转换: szqjl_2024-01-23_13_25_57_.rep (已处理: 231, 已转换: 230)
2025-12-09 22:22:57,894 - INFO -   ✓ 成功: 19 个样本, 2 个玩家
2025-12-09 22:22:57,895 - INFO - [232/10119] 转换: szqjl_2024-01-23_13_30_48_.rep (已处理: 232, 已转换: 231)
2025-12-09 22:22:57,907 - INFO -   ✓ 成功: 17 个样本, 2 个玩家
2025-12-09 22:22:57,908 - INFO - [233/10119] 转换: szqjl_2024-01-23_13_34_20_.rep (已处理: 233, 已转换: 232)
2025-12-09 22:22:57,921 - INFO -   ✓ 成功: 18 个样本, 2 个玩家
2025-12-09 22:22:57,925 - INFO - [234/10119] 转换: szqjl_2024-01-23_13_39_24_.rep (已处理: 234, 已转换: 233)
2025-12-09 22:22:57,935 - INFO -   ✓ 成功: 20 个样本, 2 个玩家
2025-12-09 22:22:57,937 - INFO - [235/10119] 转换: szqjl_2024-01-23_13_43_04_.rep (已处理: 235, 已转换: 234)
2025-12-09 22:22:57,949 - INFO -   ✓ 成功: 21 个样本, 2 个玩家
2025-12-09 22:22:57,951 - INFO - [236/10119] 转换: szqjl_2024-01-23_13_46_29_.rep (已处理: 236, 已转换: 235)
2025-12-09 22:22:57,962 - INFO -   ✓ 成功: 19 个样本, 2 个玩家
2025-12-09 22:22:57,964 - INFO - [237/10119] 转换: szqjl_2024-01-23_13_50_57_.rep (已处理: 237, 已转换: 236)
2025-12-09 22:22:57,975 - INFO -   ✓ 成功: 23 个样本, 2 个玩家
2025-12-09 22:22:57,976 - INFO - [238/10119] 转换: szqjl_2024-01-24_12_23_03_.rep (已处理: 238, 已转换: 237)
2025-12-09 22:22:57,989 - INFO -   ✓ 成功: 18 个样本, 2 个玩家
2025-12-09 22:22:57,991 - INFO - [239/10119] 转换: szqjl_2024-01-24_12_26_31_.rep (已处理: 239, 已转换: 238)
2025-12-09 22:22:58,001 - INFO -   ✓ 成功: 24 个样本, 2 个玩家
2025-12-09 22:22:58,003 - INFO - [240/10119] 转换: szqjl_2024-01-24_12_30_20_.rep (已处理: 240, 已转换: 239)
2025-12-09 22:22:58,015 - INFO -   ✓ 成功: 23 个样本, 2 个玩家
2025-12-09 22:22:58,016 - INFO - [241/10119] 转换: szqjl_2024-01-24_12_33_33_.rep (已处理: 241, 已转换: 240)
2025-12-09 22:22:58,028 - INFO -   ✓ 成功: 17 个样本, 2 个玩家
2025-12-09 22:22:58,030 - INFO - [242/10119] 转换: szqjl_2024-01-24_12_36_53_.rep (已处理: 242, 已转换: 241)
2025-12-09 22:22:58,042 - INFO -   ✓ 成功: 18 个样本, 2 个玩家
2025-12-09 22:22:58,043 - INFO - [243/10119] 转换: szqjl_2024-01-24_12_39_52_.rep (已处理: 243, 已转换: 242)
2025-12-09 22:22:58,054 - INFO -   ✓ 成功: 18 个样本, 2 个玩家
2025-12-09 22:22:58,056 - INFO - [244/10119] 转换: szqjl_2024-01-24_12_43_52_.rep (已处理: 244, 已转换: 243)
2025-12-09 22:22:58,068 - INFO -   ✓ 成功: 26 个样本, 2 个玩家
2025-12-09 22:22:58,069 - INFO - [245/10119] 转换: szqjl_2024-01-24_12_47_33_.rep (已处理: 245, 已转换: 244)
2025-12-09 22:22:58,081 - INFO -   ✓ 成功: 20 个样本, 2 个玩家
2025-12-09 22:22:58,083 - INFO - [246/10119] 转换: szqjl_2024-01-24_12_51_24_.rep (已处理: 246, 已转换: 245)
2025-12-09 22:22:58,094 - INFO -   ✓ 成功: 21 个样本, 2 个玩家
2025-12-09 22:22:58,095 - INFO - [247/10119] 转换: szqjl_2024-01-24_12_54_30_.rep (已处理: 247, 已转换: 246)
2025-12-09 22:22:58,109 - INFO -   ✓ 成功: 18 个样本, 2 个玩家
2025-12-09 22:22:58,110 - INFO - [248/10119] 转换: szqjl_2024-01-24_12_57_13_.rep (已处理: 248, 已转换: 247)
2025-12-09 22:22:58,121 - INFO -   ✓ 成功: 16 个样本, 2 个玩家
2025-12-09 22:22:58,125 - INFO - [249/10119] 转换: szqjl_2024-01-24_13_00_34_.rep (已处理: 249, 已转换: 248)
2025-12-09 22:22:58,136 - INFO -   ✓ 成功: 18 个样本, 2 个玩家
2025-12-09 22:22:58,138 - INFO - [250/10119] 转换: szqjl_2024-01-24_13_04_11_.rep (已处理: 250, 已转换: 249)
2025-12-09 22:22:58,149 - INFO -   ✓ 成功: 21 个样本, 2 个玩家
2025-12-09 22:22:58,151 - INFO - [251/10119] 转换: szqjl_2024-01-24_13_08_54_.rep (已处理: 251, 已转换: 250)
2025-12-09 22:22:58,162 - INFO -   ✓ 成功: 17 个样本, 2 个玩家
2025-12-09 22:22:58,164 - INFO - [252/10119] 转换: szqjl_2024-01-24_13_12_19_.rep (已处理: 252, 已转换: 251)
2025-12-09 22:22:58,176 - INFO -   ✓ 成功: 19 个样本, 2 个玩家
2025-12-09 22:22:58,178 - INFO - [253/10119] 转换: szqjl_2024-01-24_13_19_08_.rep (已处理: 253, 已转换: 252)
2025-12-09 22:22:58,191 - INFO -   ✓ 成功: 22 个样本, 2 个玩家
2025-12-09 22:22:58,193 - INFO - [254/10119] 转换: szqjl_2024-01-24_15_24_40_.rep (已处理: 254, 已转换: 253)
2025-12-09 22:22:58,204 - INFO -   ✓ 成功: 18 个样本, 2 个玩家
2025-12-09 22:22:58,207 - INFO - [255/10119] 转换: szqjl_2024-01-24_15_28_40_.rep (已处理: 255, 已转换: 254)
2025-12-09 22:22:58,219 - INFO -   ✓ 成功: 19 个样本, 2 个玩家
2025-12-09 22:22:58,220 - INFO - [256/10119] 转换: szqjl_2024-01-24_15_33_27_.rep (已处理: 256, 已转换: 255)
2025-12-09 22:22:58,232 - INFO -   ✓ 成功: 19 个样本, 2 个玩家
2025-12-09 22:22:58,233 - INFO - [257/10119] 转换: szqjl_2024-01-24_15_38_17_.rep (已处理: 257, 已转换: 256)
2025-12-09 22:22:58,245 - INFO -   ✓ 成功: 22 个样本, 2 个玩家
2025-12-09 22:22:58,247 - INFO - [258/10119] 转换: szqjl_2024-01-24_15_42_46_.rep (已处理: 258, 已转换: 257)
2025-12-09 22:22:58,258 - INFO -   ✓ 成功: 17 个样本, 2 个玩家
2025-12-09 22:22:58,260 - INFO - [259/10119] 转换: szqjl_2024-01-24_15_46_43_.rep (已处理: 259, 已转换: 258)
2025-12-09 22:22:58,271 - INFO -   ✓ 成功: 21 个样本, 2 个玩家
2025-12-09 22:22:58,274 - INFO - [260/10119] 转换: szqjl_2024-01-24_15_50_37_.rep (已处理: 260, 已转换: 259)
2025-12-09 22:22:58,285 - INFO -   ✓ 成功: 17 个样本, 2 个玩家
2025-12-09 22:22:58,286 - INFO - [261/10119] 转换: szqjl_2024-01-24_15_56_13_.rep (已处理: 261, 已转换: 260)
2025-12-09 22:22:58,299 - INFO -   ✓ 成功: 22 个样本, 2 个玩家
2025-12-09 22:22:58,301 - INFO - [262/10119] 转换: szqjl_2024-01-24_16_00_49_.rep (已处理: 262, 已转换: 261)
2025-12-09 22:22:58,312 - INFO -   ✓ 成功: 19 个样本, 2 个玩家
2025-12-09 22:22:58,314 - INFO - [263/10119] 转换: szqjl_2024-01-24_16_05_31_.rep (已处理: 263, 已转换: 262)
2025-12-09 22:22:58,325 - INFO -   ✓ 成功: 20 个样本, 2 个玩家
2025-12-09 22:22:58,326 - INFO - [264/10119] 转换: szqjl_2024-01-24_16_10_05_.rep (已处理: 264, 已转换: 263)
2025-12-09 22:22:58,337 - INFO -   ✓ 成功: 25 个样本, 2 个玩家
2025-12-09 22:22:58,340 - INFO - [265/10119] 转换: szqjl_2024-01-24_16_14_46_.rep (已处理: 265, 已转换: 264)
2025-12-09 22:22:58,350 - INFO -   ✓ 成功: 22 个样本, 2 个玩家
2025-12-09 22:22:58,352 - INFO - [266/10119] 转换: szqjl_2024-01-24_16_17_10_.rep (已处理: 266, 已转换: 265)
2025-12-09 22:22:58,364 - INFO -   ✓ 成功: 19 个样本, 2 个玩家
2025-12-09 22:22:58,365 - INFO - [267/10119] 转换: szqjl_2024-01-24_16_20_30_.rep (已处理: 267, 已转换: 266)
2025-12-09 22:22:58,378 - INFO -   ✓ 成功: 20 个样本, 2 个玩家
2025-12-09 22:22:58,379 - INFO - [268/10119] 转换: szqjl_2024-01-24_16_23_48_.rep (已处理: 268, 已转换: 267)
2025-12-09 22:22:58,390 - INFO -   ✓ 成功: 19 个样本, 2 个玩家
2025-12-09 22:22:58,392 - INFO - [269/10119] 转换: szqjl_2024-01-24_16_26_19_.rep (已处理: 269, 已转换: 268)
2025-12-09 22:22:58,402 - INFO -   ✓ 成功: 18 个样本, 2 个玩家
2025-12-09 22:22:58,404 - INFO - [270/10119] 转换: szqjl_2024-01-24_16_29_25_.rep (已处理: 270, 已转换: 269)
2025-12-09 22:22:58,415 - INFO -   ✓ 成功: 19 个样本, 2 个玩家
2025-12-09 22:22:58,416 - INFO - [271/10119] 转换: szqjl_2024-01-24_16_32_13_.rep (已处理: 271, 已转换: 270)
2025-12-09 22:22:58,427 - INFO -   ✓ 成功: 20 个样本, 2 个玩家
2025-12-09 22:22:58,429 - INFO - [272/10119] 转换: szqjl_2024-01-24_16_35_52_.rep (已处理: 272, 已转换: 271)
2025-12-09 22:22:58,442 - INFO -   ✓ 成功: 20 个样本, 2 个玩家
2025-12-09 22:22:58,443 - INFO - [273/10119] 转换: szqjl_2024-01-24_16_39_16_.rep (已处理: 273, 已转换: 272)
2025-12-09 22:22:58,456 - INFO -   ✓ 成功: 18 个样本, 2 个玩家
2025-12-09 22:22:58,458 - INFO - [274/10119] 转换: szqjl_2024-01-24_16_41_30_.rep (已处理: 274, 已转换: 273)
2025-12-09 22:22:58,469 - INFO -   ✓ 成功: 19 个样本, 2 个玩家
2025-12-09 22:22:58,471 - INFO - [275/10119] 转换: szqjl_2024-01-24_16_43_52_.rep (已处理: 275, 已转换: 274)
2025-12-09 22:22:58,484 - INFO -   ✓ 成功: 18 个样本, 2 个玩家
2025-12-09 22:22:58,485 - INFO - [276/10119] 转换: szqjl_2024-01-24_16_46_33_.rep (已处理: 276, 已转换: 275)
2025-12-09 22:22:58,496 - INFO -   ✓ 成功: 22 个样本, 2 个玩家
2025-12-09 22:22:58,505 - INFO - [277/10119] 转换: szqjl_2024-01-24_16_49_48_.rep (已处理: 277, 已转换: 276)
2025-12-09 22:22:58,516 - INFO -   ✓ 成功: 19 个样本, 2 个玩家
2025-12-09 22:22:58,518 - INFO - [278/10119] 转换: szqjl_2024-01-24_16_53_17_.rep (已处理: 278, 已转换: 277)
2025-12-09 22:22:58,530 - INFO -   ✓ 成功: 17 个样本, 2 个玩家
2025-12-09 22:22:58,535 - INFO - [279/10119] 转换: szqjl_2024-01-24_16_56_44_.rep (已处理: 279, 已转换: 278)
2025-12-09 22:22:58,572 - INFO -   ✓ 成功: 17 个样本, 2 个玩家
2025-12-09 22:22:58,581 - INFO - [280/10119] 转换: szqjl_2024-01-24_17_00_17_.rep (已处理: 280, 已转换: 279)
2025-12-09 22:22:58,620 - INFO -   ✓ 成功: 21 个样本, 2 个玩家
2025-12-09 22:22:58,657 - INFO - [281/10119] 转换: szqjl_2024-01-25_12_25_36_.rep (已处理: 281, 已转换: 280)
2025-12-09 22:22:58,703 - INFO -   ✓ 成功: 20 个样本, 2 个玩家
2025-12-09 22:22:58,707 - INFO - [282/10119] 转换: szqjl_2024-01-25_12_29_39_.rep (已处理: 282, 已转换: 281)
2025-12-09 22:22:58,717 - INFO -   ✓ 成功: 18 个样本, 2 个玩家
2025-12-09 22:22:58,719 - INFO - [283/10119] 转换: szqjl_2024-01-25_12_33_14_.rep (已处理: 283, 已转换: 282)
2025-12-09 22:22:58,730 - INFO -   ✓ 成功: 23 个样本, 2 个玩家
2025-12-09 22:22:58,732 - INFO - [284/10119] 转换: szqjl_2024-01-25_12_35_48_.rep (已处理: 284, 已转换: 283)
2025-12-09 22:22:58,743 - INFO -   ✓ 成功: 17 个样本, 2 个玩家
2025-12-09 22:22:58,745 - INFO - [285/10119] 转换: szqjl_2024-01-25_12_38_34_.rep (已处理: 285, 已转换: 284)
2025-12-09 22:22:58,759 - INFO -   ✓ 成功: 19 个样本, 2 个玩家
2025-12-09 22:22:58,790 - INFO - [286/10119] 转换: szqjl_2024-01-25_12_42_39_.rep (已处理: 286, 已转换: 285)
2025-12-09 22:22:58,812 - INFO -   ✓ 成功: 22 个样本, 2 个玩家
2025-12-09 22:22:58,814 - INFO - [287/10119] 转换: szqjl_2024-01-25_12_45_09_.rep (已处理: 287, 已转换: 286)
2025-12-09 22:22:58,824 - INFO -   ✓ 成功: 17 个样本, 2 个玩家
2025-12-09 22:22:58,825 - INFO - [288/10119] 转换: szqjl_2024-01-25_12_53_04_.rep (已处理: 288, 已转换: 287)
2025-12-09 22:22:58,836 - INFO -   ✓ 成功: 23 个样本, 2 个玩家
2025-12-09 22:22:58,838 - INFO - [289/10119] 转换: szqjl_2024-01-25_12_56_17_.rep (已处理: 289, 已转换: 288)
2025-12-09 22:22:58,849 - INFO -   ✓ 成功: 22 个样本, 2 个玩家
2025-12-09 22:22:58,850 - INFO - [290/10119] 转换: szqjl_2024-01-25_12_59_02_.rep (已处理: 290, 已转换: 289)
2025-12-09 22:22:58,861 - INFO -   ✓ 成功: 17 个样本, 2 个玩家
2025-12-09 22:22:58,863 - INFO - [291/10119] 转换: szqjl_2024-01-25_13_02_09_.rep (已处理: 291, 已转换: 290)
2025-12-09 22:22:58,874 - INFO -   ✓ 成功: 22 个样本, 2 个玩家
2025-12-09 22:22:58,876 - INFO - [292/10119] 转换: szqjl_2024-01-25_13_05_24_.rep (已处理: 292, 已转换: 291)
2025-12-09 22:22:58,888 - INFO -   ✓ 成功: 17 个样本, 2 个玩家
2025-12-09 22:22:58,892 - INFO - [293/10119] 转换: szqjl_2024-01-25_13_12_32_.rep (已处理: 293, 已转换: 292)
2025-12-09 22:22:58,903 - INFO -   ✓ 成功: 18 个样本, 2 个玩家
2025-12-09 22:22:58,907 - INFO - [294/10119] 转换: szqjl_2024-01-25_13_16_13_.rep (已处理: 294, 已转换: 293)
2025-12-09 22:22:58,917 - INFO -   ✓ 成功: 19 个样本, 2 个玩家
2025-12-09 22:22:58,919 - INFO - [295/10119] 转换: szqjl_2024-01-25_13_19_31_.rep (已处理: 295, 已转换: 294)
2025-12-09 22:22:58,931 - INFO -   ✓ 成功: 19 个样本, 2 个玩家
2025-12-09 22:22:58,933 - INFO - [296/10119] 转换: szqjl_2024-01-25_13_22_35_.rep (已处理: 296, 已转换: 295)
2025-12-09 22:22:58,943 - INFO -   ✓ 成功: 14 个样本, 2 个玩家
2025-12-09 22:22:58,945 - INFO - [297/10119] 转换: szqjl_2024-01-25_13_26_14_.rep (已处理: 297, 已转换: 296)
2025-12-09 22:22:58,956 - INFO -   ✓ 成功: 20 个样本, 2 个玩家
2025-12-09 22:22:58,958 - INFO - [298/10119] 转换: szqjl_2024-01-25_13_29_37_.rep (已处理: 298, 已转换: 297)
2025-12-09 22:22:58,971 - INFO -   ✓ 成功: 20 个样本, 2 个玩家
2025-12-09 22:22:58,973 - INFO - [299/10119] 转换: szqjl_2024-01-25_13_33_33_.rep (已处理: 299, 已转换: 298)
2025-12-09 22:22:58,983 - INFO -   ✓ 成功: 20 个样本, 2 个玩家
2025-12-09 22:22:58,985 - INFO - [300/10119] 转换: szqjl_2024-01-25_13_37_08_.rep (已处理: 300, 已转换: 299)
2025-12-09 22:22:58,996 - INFO -   ✓ 成功: 22 个样本, 2 个玩家
2025-12-09 22:22:58,996 - INFO - ============================================================
2025-12-09 22:22:58,997 - INFO - 进度: 成功转换 300 个, 跳过 0 个, 失败 0 个
2025-12-09 22:22:58,997 - INFO - 已转换样本: 5930 个
2025-12-09 22:22:58,997 - INFO - 转换速度: 64.7 文件/秒
2025-12-09 22:22:58,998 - INFO - 预计剩余时间: 2.5 分钟
2025-12-09 22:22:59,002 - INFO - ============================================================
2025-12-09 22:22:59,004 - INFO - [301/10119] 转换: szqjl_2024-01-25_13_39_38_.rep (已处理: 301, 已转换: 300)
2025-12-09 22:22:59,015 - INFO -   ✓ 成功: 16 个样本, 2 个玩家
2025-12-09 22:22:59,016 - INFO - [302/10119] 转换: szqjl_2024-01-25_13_41_47_.rep (已处理: 302, 已转换: 301)
2025-12-09 22:22:59,027 - INFO -   ✓ 成功: 15 个样本, 2 个玩家
2025-12-09 22:22:59,029 - INFO - [303/10119] 转换: szqjl_2024-01-25_13_45_21_.rep (已处理: 303, 已转换: 302)
2025-12-09 22:22:59,041 - INFO -   ✓ 成功: 22 个样本, 2 个玩家
2025-12-09 22:22:59,043 - INFO - [304/10119] 转换: szqjl_2024-01-25_13_47_50_.rep (已处理: 304, 已转换: 303)
2025-12-09 22:22:59,054 - INFO -   ✓ 成功: 17 个样本, 2 个玩家
2025-12-09 22:22:59,056 - INFO - [305/10119] 转换: szqjl_2024-01-25_13_50_16_.rep (已处理: 305, 已转换: 304)
2025-12-09 22:22:59,067 - INFO -   ✓ 成功: 17 个样本, 2 个玩家
2025-12-09 22:22:59,069 - INFO - [306/10119] 转换: szqjl_2024-01-25_13_52_23_.rep (已处理: 306, 已转换: 305)
2025-12-09 22:22:59,080 - INFO -   ✓ 成功: 16 个样本, 2 个玩家
2025-12-09 22:22:59,082 - INFO - [307/10119] 转换: szqjl_2024-01-25_13_54_57_.rep (已处理: 307, 已转换: 306)
2025-12-09 22:22:59,095 - INFO -   ✓ 成功: 25 个样本, 2 个玩家
2025-12-09 22:22:59,097 - INFO - [308/10119] 转换: szqjl_2024-01-25_13_57_16_.rep (已处理: 308, 已转换: 307)
2025-12-09 22:22:59,108 - INFO -   ✓ 成功: 21 个样本, 2 个玩家
2025-12-09 22:22:59,110 - INFO - [309/10119] 转换: szqjl_2024-01-25_13_59_37_.rep (已处理: 309, 已转换: 308)
2025-12-09 22:22:59,122 - INFO -   ✓ 成功: 18 个样本, 2 个玩家
2025-12-09 22:22:59,124 - INFO - [310/10119] 转换: szqjl_2024-01-25_14_02_07_.rep (已处理: 310, 已转换: 309)
2025-12-09 22:22:59,134 - INFO -   ✓ 成功: 20 个样本, 2 个玩家
2025-12-09 22:22:59,136 - INFO - [311/10119] 转换: szqjl_2024-01-25_14_27_56_.rep (已处理: 311, 已转换: 310)
2025-12-09 22:22:59,147 - INFO -   ✓ 成功: 18 个样本, 2 个玩家
2025-12-09 22:22:59,149 - INFO - [312/10119] 转换: szqjl_2024-01-25_14_34_26_.rep (已处理: 312, 已转换: 311)
2025-12-09 22:22:59,160 - INFO -   ✓ 成功: 21 个样本, 2 个玩家
2025-12-09 22:22:59,161 - INFO - [313/10119] 转换: szqjl_2024-01-25_14_41_42_.rep (已处理: 313, 已转换: 312)
2025-12-09 22:22:59,172 - INFO -   ✓ 成功: 20 个样本, 2 个玩家
2025-12-09 22:22:59,176 - INFO - [314/10119] 转换: szqjl_2024-01-25_14_46_52_.rep (已处理: 314, 已转换: 313)
2025-12-09 22:22:59,187 - INFO -   ✓ 成功: 21 个样本, 2 个玩家
2025-12-09 22:22:59,189 - INFO - [315/10119] 转换: szqjl_2024-01-25_14_52_32_.rep (已处理: 315, 已转换: 314)
2025-12-09 22:22:59,201 - INFO -   ✓ 成功: 20 个样本, 2 个玩家
2025-12-09 22:22:59,203 - INFO - [316/10119] 转换: szqjl_2024-01-25_14_57_21_.rep (已处理: 316, 已转换: 315)
2025-12-09 22:22:59,214 - INFO -   ✓ 成功: 23 个样本, 2 个玩家
2025-12-09 22:22:59,216 - INFO - [317/10119] 转换: szqjl_2024-01-25_15_03_15_.rep (已处理: 317, 已转换: 316)
2025-12-09 22:22:59,226 - INFO -   ✓ 成功: 19 个样本, 2 个玩家
2025-12-09 22:22:59,228 - INFO - [318/10119] 转换: szqjl_2024-01-25_15_08_36_.rep (已处理: 318, 已转换: 317)
2025-12-09 22:22:59,239 - INFO -   ✓ 成功: 21 个样本, 2 个玩家
2025-12-09 22:22:59,241 - INFO - [319/10119] 转换: szqjl_2024-01-25_15_14_16_.rep (已处理: 319, 已转换: 318)
2025-12-09 22:22:59,252 - INFO -   ✓ 成功: 17 个样本, 2 个玩家
2025-12-09 22:22:59,253 - INFO - [320/10119] 转换: szqjl_2024-01-26_14_58_23_.rep (已处理: 320, 已转换: 319)
2025-12-09 22:22:59,266 - INFO -   ✓ 成功: 21 个样本, 2 个玩家
2025-12-09 22:22:59,268 - INFO - [321/10119] 转换: szqjl_2024-01-26_15_01_07_.rep (已处理: 321, 已转换: 320)
2025-12-09 22:22:59,279 - INFO -   ✓ 成功: 21 个样本, 2 个玩家
2025-12-09 22:22:59,281 - INFO - [322/10119] 转换: szqjl_2024-01-26_15_04_08_.rep (已处理: 322, 已转换: 321)
2025-12-09 22:22:59,292 - INFO -   ✓ 成功: 21 个样本, 2 个玩家
2025-12-09 22:22:59,294 - INFO - [323/10119] 转换: szqjl_2024-01-26_15_07_37_.rep (已处理: 323, 已转换: 322)
2025-12-09 22:22:59,305 - INFO -   ✓ 成功: 18 个样本, 2 个玩家
2025-12-09 22:22:59,307 - INFO - [324/10119] 转换: szqjl_2024-01-26_15_11_45_.rep (已处理: 324, 已转换: 323)
2025-12-09 22:22:59,318 - INFO -   ✓ 成功: 23 个样本, 2 个玩家
2025-12-09 22:22:59,320 - INFO - [325/10119] 转换: szqjl_2024-01-26_15_15_45_.rep (已处理: 325, 已转换: 324)
2025-12-09 22:22:59,330 - INFO -   ✓ 成功: 22 个样本, 2 个玩家
2025-12-09 22:22:59,332 - INFO - [326/10119] 转换: szqjl_2024-01-26_15_18_41_.rep (已处理: 326, 已转换: 325)
2025-12-09 22:22:59,343 - INFO -   ✓ 成功: 19 个样本, 2 个玩家
2025-12-09 22:22:59,349 - INFO - [327/10119] 转换: szqjl_2024-01-26_15_23_04_.rep (已处理: 327, 已转换: 326)
2025-12-09 22:22:59,360 - INFO -   ✓ 成功: 21 个样本, 2 个玩家
2025-12-09 22:22:59,361 - INFO - [328/10119] 转换: szqjl_2024-01-26_15_26_32_.rep (已处理: 328, 已转换: 327)
2025-12-09 22:22:59,372 - INFO -   ✓ 成功: 17 个样本, 2 个玩家
2025-12-09 22:22:59,374 - INFO - [329/10119] 转换: szqjl_2024-01-26_15_30_05_.rep (已处理: 329, 已转换: 328)
2025-12-09 22:22:59,385 - INFO -   ✓ 成功: 23 个样本, 2 个玩家
2025-12-09 22:22:59,386 - INFO - [330/10119] 转换: szqjl_2024-01-26_15_35_00_.rep (已处理: 330, 已转换: 329)
2025-12-09 22:22:59,398 - INFO -   ✓ 成功: 24 个样本, 2 个玩家
2025-12-09 22:22:59,400 - INFO - [331/10119] 转换: szqjl_2024-01-26_15_39_12_.rep (已处理: 331, 已转换: 330)
2025-12-09 22:22:59,413 - INFO -   ✓ 成功: 19 个样本, 2 个玩家
2025-12-09 22:22:59,416 - INFO - [332/10119] 转换: szqjl_2024-01-26_15_43_20_.rep (已处理: 332, 已转换: 331)
2025-12-09 22:22:59,427 - INFO -   ✓ 成功: 20 个样本, 2 个玩家
2025-12-09 22:22:59,429 - INFO - [333/10119] 转换: szqjl_2024-01-26_15_47_47_.rep (已处理: 333, 已转换: 332)
2025-12-09 22:22:59,441 - INFO -   ✓ 成功: 18 个样本, 2 个玩家
2025-12-09 22:22:59,443 - INFO - [334/10119] 转换: szqjl_2024-01-26_15_52_47_.rep (已处理: 334, 已转换: 333)
2025-12-09 22:22:59,455 - INFO -   ✓ 成功: 25 个样本, 2 个玩家
2025-12-09 22:22:59,457 - INFO - [335/10119] 转换: szqjl_2024-01-26_15_57_41_.rep (已处理: 335, 已转换: 334)
2025-12-09 22:22:59,481 - INFO -   ✓ 成功: 17 个样本, 2 个玩家
2025-12-09 22:22:59,483 - INFO - [336/10119] 转换: szqjl_2024-01-26_16_03_02_.rep (已处理: 336, 已转换: 335)
2025-12-09 22:22:59,495 - INFO -   ✓ 成功: 17 个样本, 2 个玩家
2025-12-09 22:22:59,498 - INFO - [337/10119] 转换: szqjl_2024-01-26_16_07_43_.rep (已处理: 337, 已转换: 336)
2025-12-09 22:22:59,509 - INFO -   ✓ 成功: 19 个样本, 2 个玩家
2025-12-09 22:22:59,511 - INFO - [338/10119] 转换: szqjl_2024-01-26_16_37_11_.rep (已处理: 338, 已转换: 337)
2025-12-09 22:22:59,522 - INFO -   ✓ 成功: 16 个样本, 2 个玩家
2025-12-09 22:22:59,524 - INFO - [339/10119] 转换: szqjl_2024-01-26_16_41_21_.rep (已处理: 339, 已转换: 338)
2025-12-09 22:22:59,537 - INFO -   ✓ 成功: 23 个样本, 2 个玩家
2025-12-09 22:22:59,540 - INFO - [340/10119] 转换: szqjl_2024-01-26_16_44_30_.rep (已处理: 340, 已转换: 339)
2025-12-09 22:22:59,552 - INFO -   ✓ 成功: 18 个样本, 2 个玩家
2025-12-09 22:22:59,554 - INFO - [341/10119] 转换: szqjl_2024-01-26_16_47_52_.rep (已处理: 341, 已转换: 340)
2025-12-09 22:22:59,565 - INFO -   ✓ 成功: 19 个样本, 2 个玩家
2025-12-09 22:22:59,567 - INFO - [342/10119] 转换: szqjl_2024-01-26_16_51_53_.rep (已处理: 342, 已转换: 341)
2025-12-09 22:22:59,578 - INFO -   ✓ 成功: 19 个样本, 2 个玩家
2025-12-09 22:22:59,579 - INFO - [343/10119] 转换: szqjl_2024-01-26_16_54_49_.rep (已处理: 343, 已转换: 342)
2025-12-09 22:22:59,590 - INFO -   ✓ 成功: 15 个样本, 2 个玩家
2025-12-09 22:22:59,592 - INFO - [344/10119] 转换: szqjl_2024-01-26_16_58_36_.rep (已处理: 344, 已转换: 343)
2025-12-09 22:22:59,603 - INFO -   ✓ 成功: 20 个样本, 2 个玩家
2025-12-09 22:22:59,605 - INFO - [345/10119] 转换: szqjl_2024-01-26_17_01_51_.rep (已处理: 345, 已转换: 344)
2025-12-09 22:22:59,617 - INFO -   ✓ 成功: 21 个样本, 2 个玩家
2025-12-09 22:22:59,619 - INFO - [346/10119] 转换: szqjl_2024-01-26_17_04_58_.rep (已处理: 346, 已转换: 345)
2025-12-09 22:22:59,631 - INFO -   ✓ 成功: 17 个样本, 2 个玩家
2025-12-09 22:22:59,633 - INFO - [347/10119] 转换: szqjl_2024-01-31_12_34_02_.rep (已处理: 347, 已转换: 346)
2025-12-09 22:22:59,643 - INFO -   ✓ 成功: 18 个样本, 2 个玩家
2025-12-09 22:22:59,651 - INFO - [348/10119] 转换: szqjl_2024-01-31_12_36_46_.rep (已处理: 348, 已转换: 347)
2025-12-09 22:22:59,662 - INFO -   ✓ 成功: 20 个样本, 2 个玩家
2025-12-09 22:22:59,664 - INFO - [349/10119] 转换: szqjl_2024-01-31_12_39_10_.rep (已处理: 349, 已转换: 348)
2025-12-09 22:22:59,675 - INFO -   ✓ 成功: 17 个样本, 2 个玩家
2025-12-09 22:22:59,676 - INFO - [350/10119] 转换: szqjl_2024-01-31_12_42_39_.rep (已处理: 350, 已转换: 349)
2025-12-09 22:22:59,687 - INFO -   ✓ 成功: 19 个样本, 2 个玩家
2025-12-09 22:22:59,689 - INFO - [351/10119] 转换: szqjl_2024-01-31_12_45_17_.rep (已处理: 351, 已转换: 350)
2025-12-09 22:22:59,699 - INFO -   ✓ 成功: 16 个样本, 2 个玩家
2025-12-09 22:22:59,702 - INFO - [352/10119] 转换: szqjl_2024-01-31_12_48_57_.rep (已处理: 352, 已转换: 351)
2025-12-09 22:22:59,712 - INFO -   ✓ 成功: 20 个样本, 2 个玩家
2025-12-09 22:22:59,714 - INFO - [353/10119] 转换: szqjl_2024-01-31_12_52_03_.rep (已处理: 353, 已转换: 352)
2025-12-09 22:22:59,726 - INFO -   ✓ 成功: 17 个样本, 2 个玩家
2025-12-09 22:22:59,728 - INFO - [354/10119] 转换: szqjl_2024-01-31_12_57_24_.rep (已处理: 354, 已转换: 353)
2025-12-09 22:22:59,748 - INFO -   ✓ 成功: 19 个样本, 2 个玩家
2025-12-09 22:22:59,750 - INFO - [355/10119] 转换: szqjl_2024-01-31_13_04_55_.rep (已处理: 355, 已转换: 354)
2025-12-09 22:22:59,761 - INFO -   ✓ 成功: 21 个样本, 2 个玩家
2025-12-09 22:22:59,763 - INFO - [356/10119] 转换: szqjl_2024-01-31_13_08_29_.rep (已处理: 356, 已转换: 355)
2025-12-09 22:22:59,775 - INFO -   ✓ 成功: 19 个样本, 2 个玩家
2025-12-09 22:22:59,777 - INFO - [357/10119] 转换: szqjl_2024-01-31_13_11_55_.rep (已处理: 357, 已转换: 356)
2025-12-09 22:22:59,788 - INFO -   ✓ 成功: 19 个样本, 2 个玩家
2025-12-09 22:22:59,790 - INFO - [358/10119] 转换: szqjl_2024-01-31_13_15_25_.rep (已处理: 358, 已转换: 357)
2025-12-09 22:22:59,801 - INFO -   ✓ 成功: 17 个样本, 2 个玩家
2025-12-09 22:22:59,803 - INFO - [359/10119] 转换: szqjl_2024-01-31_13_18_53_.rep (已处理: 359, 已转换: 358)
2025-12-09 22:22:59,815 - INFO -   ✓ 成功: 21 个样本, 2 个玩家
2025-12-09 22:22:59,817 - INFO - [360/10119] 转换: szqjl_2024-01-31_13_21_55_.rep (已处理: 360, 已转换: 359)
2025-12-09 22:22:59,829 - INFO -   ✓ 成功: 17 个样本, 2 个玩家
2025-12-09 22:22:59,831 - INFO - [361/10119] 转换: szqjl_2024-01-31_13_25_11_.rep (已处理: 361, 已转换: 360)
2025-12-09 22:22:59,842 - INFO -   ✓ 成功: 21 个样本, 2 个玩家
2025-12-09 22:22:59,845 - INFO - [362/10119] 转换: szqjl_2024-01-31_13_28_51_.rep (已处理: 362, 已转换: 361)
2025-12-09 22:22:59,856 - INFO -   ✓ 成功: 21 个样本, 2 个玩家
2025-12-09 22:22:59,858 - INFO - [363/10119] 转换: szqjl_2024-01-31_13_32_06_.rep (已处理: 363, 已转换: 362)
2025-12-09 22:22:59,870 - INFO -   ✓ 成功: 17 个样本, 2 个玩家
2025-12-09 22:22:59,872 - INFO - [364/10119] 转换: szqjl_2024-01-31_13_35_20_.rep (已处理: 364, 已转换: 363)
2025-12-09 22:22:59,885 - INFO -   ✓ 成功: 23 个样本, 2 个玩家
2025-12-09 22:22:59,887 - INFO - [365/10119] 转换: szqjl_2024-02-01_13_07_14_.rep (已处理: 365, 已转换: 364)
2025-12-09 22:22:59,898 - INFO -   ✓ 成功: 19 个样本, 2 个玩家
2025-12-09 22:22:59,900 - INFO - [366/10119] 转换: szqjl_2024-02-01_13_10_04_.rep (已处理: 366, 已转换: 365)
2025-12-09 22:22:59,946 - INFO -   ✓ 成功: 17 个样本, 2 个玩家
2025-12-09 22:22:59,948 - INFO - [367/10119] 转换: szqjl_2024-02-01_13_13_11_.rep (已处理: 367, 已转换: 366)
2025-12-09 22:22:59,967 - INFO -   ✓ 成功: 21 个样本, 2 个玩家
2025-12-09 22:22:59,970 - INFO - [368/10119] 转换: szqjl_2024-02-01_13_16_30_.rep (已处理: 368, 已转换: 367)
2025-12-09 22:22:59,984 - INFO -   ✓ 成功: 21 个样本, 2 个玩家
2025-12-09 22:22:59,986 - INFO - [369/10119] 转换: szqjl_2024-02-01_13_19_46_.rep (已处理: 369, 已转换: 368)
2025-12-09 22:22:59,996 - INFO -   ✓ 成功: 19 个样本, 2 个玩家
2025-12-09 22:22:59,998 - INFO - [370/10119] 转换: szqjl_2024-02-01_13_23_56_.rep (已处理: 370, 已转换: 369)
2025-12-09 22:23:00,064 - INFO -   ✓ 成功: 19 个样本, 2 个玩家
2025-12-09 22:23:00,066 - INFO - [371/10119] 转换: szqjl_2024-02-01_13_28_13_.rep (已处理: 371, 已转换: 370)
2025-12-09 22:23:00,077 - INFO -   ✓ 成功: 24 个样本, 2 个玩家
2025-12-09 22:23:00,079 - INFO - [372/10119] 转换: szqjl_2024-02-01_13_31_50_.rep (已处理: 372, 已转换: 371)
2025-12-09 22:23:00,090 - INFO -   ✓ 成功: 19 个样本, 2 个玩家
2025-12-09 22:23:00,092 - INFO - [373/10119] 转换: szqjl_2024-02-01_13_36_00_.rep (已处理: 373, 已转换: 372)
2025-12-09 22:23:00,103 - INFO -   ✓ 成功: 21 个样本, 2 个玩家
2025-12-09 22:23:00,107 - INFO - [374/10119] 转换: szqjl_2024-02-02_12_52_37_.rep (已处理: 374, 已转换: 373)
2025-12-09 22:23:00,119 - INFO -   ✓ 成功: 18 个样本, 2 个玩家
2025-12-09 22:23:00,121 - INFO - [375/10119] 转换: szqjl_2024-02-02_12_55_48_.rep (已处理: 375, 已转换: 374)
2025-12-09 22:23:00,133 - INFO -   ✓ 成功: 17 个样本, 2 个玩家
2025-12-09 22:23:00,135 - INFO - [376/10119] 转换: szqjl_2024-02-02_13_00_05_.rep (已处理: 376, 已转换: 375)
2025-12-09 22:23:00,146 - INFO -   ✓ 成功: 21 个样本, 2 个玩家
2025-12-09 22:23:00,148 - INFO - [377/10119] 转换: szqjl_2024-02-02_13_02_54_.rep (已处理: 377, 已转换: 376)
2025-12-09 22:23:00,159 - INFO -   ✓ 成功: 17 个样本, 2 个玩家
2025-12-09 22:23:00,161 - INFO - [378/10119] 转换: szqjl_2024-02-02_13_07_24_.rep (已处理: 378, 已转换: 377)
2025-12-09 22:23:00,173 - INFO -   ✓ 成功: 20 个样本, 2 个玩家
2025-12-09 22:23:00,175 - INFO - [379/10119] 转换: szqjl_2024-02-02_13_10_55_.rep (已处理: 379, 已转换: 378)
2025-12-09 22:23:00,185 - INFO -   ✓ 成功: 20 个样本, 2 个玩家
2025-12-09 22:23:00,187 - INFO - [380/10119] 转换: szqjl_2024-02-02_13_15_33_.rep (已处理: 380, 已转换: 379)
2025-12-09 22:23:00,202 - INFO -   ✓ 成功: 21 个样本, 2 个玩家
2025-12-09 22:23:00,204 - INFO - [381/10119] 转换: szqjl_2024-02-02_13_19_07_.rep (已处理: 381, 已转换: 380)
2025-12-09 22:23:00,216 - INFO -   ✓ 成功: 18 个样本, 2 个玩家
2025-12-09 22:23:00,218 - INFO - [382/10119] 转换: szqjl_2024-02-02_13_22_53_.rep (已处理: 382, 已转换: 381)
2025-12-09 22:23:00,229 - INFO -   ✓ 成功: 18 个样本, 2 个玩家
2025-12-09 22:23:00,231 - INFO - [383/10119] 转换: szqjl_2024-02-02_13_26_33_.rep (已处理: 383, 已转换: 382)
2025-12-09 22:23:00,242 - INFO -   ✓ 成功: 17 个样本, 2 个玩家
2025-12-09 22:23:00,243 - INFO - [384/10119] 转换: _2024-02-04_12_15_56.rep (已处理: 384, 已转换: 383)
2025-12-09 22:23:00,253 - INFO -   ✓ 成功: 19 个样本, 2 个玩家
2025-12-09 22:23:00,256 - INFO - [385/10119] 转换: _2024-02-04_12_20_27.rep (已处理: 385, 已转换: 384)
2025-12-09 22:23:00,269 - INFO -   ✓ 成功: 18 个样本, 2 个玩家
2025-12-09 22:23:00,271 - INFO - [386/10119] 转换: _2024-02-04_12_23_47.rep (已处理: 386, 已转换: 385)
2025-12-09 22:23:00,282 - INFO -   ✓ 成功: 23 个样本, 2 个玩家
2025-12-09 22:23:00,284 - INFO - [387/10119] 转换: _2024-02-04_12_29_03.rep (已处理: 387, 已转换: 386)
2025-12-09 22:23:00,294 - INFO -   ✓ 成功: 17 个样本, 2 个玩家
2025-12-09 22:23:00,296 - INFO - [388/10119] 转换: _2024-02-04_12_35_09.rep (已处理: 388, 已转换: 387)
2025-12-09 22:23:00,307 - INFO -   ✓ 成功: 20 个样本, 2 个玩家
2025-12-09 22:23:00,309 - INFO - [389/10119] 转换: szqjl_2024-02-04_13_42_56_.rep (已处理: 389, 已转换: 388)
2025-12-09 22:23:00,319 - INFO -   ✓ 成功: 18 个样本, 2 个玩家
2025-12-09 22:23:00,323 - INFO - [390/10119] 转换: szqjl_2024-02-04_13_46_38_.rep (已处理: 390, 已转换: 389)
2025-12-09 22:23:00,334 - INFO -   ✓ 成功: 16 个样本, 2 个玩家
2025-12-09 22:23:00,337 - INFO - [391/10119] 转换: szqjl_2024-02-04_13_50_35_.rep (已处理: 391, 已转换: 390)
2025-12-09 22:23:00,349 - INFO -   ✓ 成功: 22 个样本, 2 个玩家
2025-12-09 22:23:00,351 - INFO - [392/10119] 转换: szqjl_2024-02-04_13_54_26_.rep (已处理: 392, 已转换: 391)
2025-12-09 22:23:00,363 - INFO -   ✓ 成功: 21 个样本, 2 个玩家
2025-12-09 22:23:00,365 - INFO - [393/10119] 转换: szqjl_2024-02-04_13_58_00_.rep (已处理: 393, 已转换: 392)
2025-12-09 22:23:00,376 - INFO -   ✓ 成功: 21 个样本, 2 个玩家
2025-12-09 22:23:00,378 - INFO - [394/10119] 转换: szqjl_2024-02-04_14_02_01_.rep (已处理: 394, 已转换: 393)
2025-12-09 22:23:00,391 - INFO -   ✓ 成功: 24 个样本, 2 个玩家
2025-12-09 22:23:00,393 - INFO - [395/10119] 转换: szqjl_2024-02-04_14_04_54_.rep (已处理: 395, 已转换: 394)
2025-12-09 22:23:00,404 - INFO -   ✓ 成功: 19 个样本, 2 个玩家
2025-12-09 22:23:00,407 - INFO - [396/10119] 转换: szqjl_2024-02-04_14_08_15_.rep (已处理: 396, 已转换: 395)
2025-12-09 22:23:00,418 - INFO -   ✓ 成功: 18 个样本, 2 个玩家
2025-12-09 22:23:00,420 - INFO - [397/10119] 转换: szqjl_2024-02-04_14_10_54_.rep (已处理: 397, 已转换: 396)
2025-12-09 22:23:00,430 - INFO -   ✓ 成功: 17 个样本, 2 个玩家
2025-12-09 22:23:00,433 - INFO - [398/10119] 转换: szqjl_2024-02-04_14_13_58_.rep (已处理: 398, 已转换: 397)
2025-12-09 22:23:00,444 - INFO -   ✓ 成功: 16 个样本, 2 个玩家
2025-12-09 22:23:00,446 - INFO - [399/10119] 转换: szqjl_2024-02-04_14_18_24_.rep (已处理: 399, 已转换: 398)
2025-12-09 22:23:00,459 - INFO -   ✓ 成功: 18 个样本, 2 个玩家
2025-12-09 22:23:00,461 - INFO - [400/10119] 转换: szqjl_2024-02-04_14_20_50_.rep (已处理: 400, 已转换: 399)
2025-12-09 22:23:00,472 - INFO -   ✓ 成功: 20 个样本, 2 个玩家
2025-12-09 22:23:00,472 - INFO - ============================================================
2025-12-09 22:23:00,473 - INFO - 进度: 成功转换 400 个, 跳过 0 个, 失败 0 个
2025-12-09 22:23:00,473 - INFO - 已转换样本: 7866 个
2025-12-09 22:23:00,474 - INFO - 转换速度: 65.5 文件/秒
2025-12-09 22:23:00,474 - INFO - 预计剩余时间: 2.5 分钟
2025-12-09 22:23:00,474 - INFO - ============================================================
2025-12-09 22:23:00,477 - INFO - [401/10119] 转换: szqjl_2024-02-04_14_23_46_.rep (已处理: 401, 已转换: 400)
2025-12-09 22:23:00,488 - INFO -   ✓ 成功: 22 个样本, 2 个玩家
2025-12-09 22:23:00,490 - INFO - [402/10119] 转换: szqjl_2024-02-04_15_01_43_.rep (已处理: 402, 已转换: 401)
2025-12-09 22:23:00,502 - INFO -   ✓ 成功: 22 个样本, 2 个玩家
2025-12-09 22:23:00,504 - INFO - [403/10119] 转换: szqjl_2024-02-04_15_04_11_.rep (已处理: 403, 已转换: 402)
2025-12-09 22:23:00,517 - INFO -   ✓ 成功: 21 个样本, 2 个玩家
2025-12-09 22:23:00,519 - INFO - [404/10119] 转换: szqjl_2024-02-04_15_07_27_.rep (已处理: 404, 已转换: 403)
2025-12-09 22:23:00,530 - INFO -   ✓ 成功: 21 个样本, 2 个玩家
2025-12-09 22:23:00,532 - INFO - [405/10119] 转换: szqjl_2024-02-04_15_10_46_.rep (已处理: 405, 已转换: 404)
2025-12-09 22:23:00,544 - INFO -   ✓ 成功: 23 个样本, 2 个玩家
2025-12-09 22:23:00,546 - INFO - [406/10119] 转换: szqjl_2024-02-04_15_13_35_.rep (已处理: 406, 已转换: 405)
2025-12-09 22:23:00,556 - INFO -   ✓ 成功: 19 个样本, 2 个玩家
2025-12-09 22:23:00,558 - INFO - [407/10119] 转换: szqjl_2024-02-04_15_17_07_.rep (已处理: 407, 已转换: 406)
2025-12-09 22:23:00,570 - INFO -   ✓ 成功: 20 个样本, 2 个玩家
2025-12-09 22:23:00,572 - INFO - [408/10119] 转换: szqjl_2024-02-04_15_19_43_.rep (已处理: 408, 已转换: 407)
2025-12-09 22:23:00,583 - INFO -   ✓ 成功: 20 个样本, 2 个玩家
2025-12-09 22:23:00,585 - INFO - [409/10119] 转换: szqjl_2024-02-04_15_23_13_.rep (已处理: 409, 已转换: 408)
2025-12-09 22:23:00,595 - INFO -   ✓ 成功: 22 个样本, 2 个玩家
2025-12-09 22:23:00,598 - INFO - [410/10119] 转换: szqjl_2024-02-04_15_26_21_.rep (已处理: 410, 已转换: 409)
2025-12-09 22:23:00,611 - INFO -   ✓ 成功: 18 个样本, 2 个玩家
2025-12-09 22:23:00,613 - INFO - [411/10119] 转换: szqjl_2024-02-04_15_29_37_.rep (已处理: 411, 已转换: 410)
2025-12-09 22:23:00,623 - INFO -   ✓ 成功: 20 个样本, 2 个玩家
2025-12-09 22:23:00,625 - INFO - [412/10119] 转换: szqjl_2024-02-04_15_32_43_.rep (已处理: 412, 已转换: 411)
2025-12-09 22:23:00,636 - INFO -   ✓ 成功: 18 个样本, 2 个玩家
2025-12-09 22:23:00,639 - INFO - [413/10119] 转换: szqjl_2024-02-04_15_35_53_.rep (已处理: 413, 已转换: 412)
2025-12-09 22:23:00,652 - INFO -   ✓ 成功: 20 个样本, 2 个玩家
2025-12-09 22:23:00,655 - INFO - [414/10119] 转换: szqjl_2024-02-04_15_38_38_.rep (已处理: 414, 已转换: 413)
2025-12-09 22:23:00,679 - INFO -   ✓ 成功: 17 个样本, 2 个玩家
2025-12-09 22:23:00,681 - INFO - [415/10119] 转换: szqjl_2024-02-05_10_06_47_.rep (已处理: 415, 已转换: 414)
2025-12-09 22:23:00,692 - INFO -   ✓ 成功: 22 个样本, 2 个玩家
2025-12-09 22:23:00,694 - INFO - [416/10119] 转换: szqjl_2024-02-05_10_09_54_.rep (已处理: 416, 已转换: 415)
2025-12-09 22:23:00,706 - INFO -   ✓ 成功: 18 个样本, 2 个玩家
2025-12-09 22:23:00,708 - INFO - [417/10119] 转换: szqjl_2024-02-05_10_13_20_.rep (已处理: 417, 已转换: 416)
2025-12-09 22:23:00,718 - INFO -   ✓ 成功: 16 个样本, 2 个玩家
2025-12-09 22:23:00,730 - INFO - [418/10119] 转换: szqjl_2024-02-05_10_16_07_.rep (已处理: 418, 已转换: 417)
2025-12-09 22:23:00,741 - INFO -   ✓ 成功: 17 个样本, 2 个玩家
2025-12-09 22:23:00,743 - INFO - [419/10119] 转换: szqjl_2024-02-05_10_18_12_.rep (已处理: 419, 已转换: 418)
2025-12-09 22:23:00,754 - INFO -   ✓ 成功: 15 个样本, 2 个玩家
2025-12-09 22:23:00,757 - INFO - [420/10119] 转换: szqjl_2024-02-05_10_21_31_.rep (已处理: 420, 已转换: 419)
2025-12-09 22:23:00,774 - INFO -   ✓ 成功: 16 个样本, 2 个玩家
2025-12-09 22:23:00,776 - INFO - [421/10119] 转换: szqjl_2024-02-05_10_23_39_.rep (已处理: 421, 已转换: 420)
2025-12-09 22:23:00,787 - INFO -   ✓ 成功: 20 个样本, 2 个玩家
2025-12-09 22:23:00,790 - INFO - [422/10119] 转换: szqjl_2024-02-05_10_27_19_.rep (已处理: 422, 已转换: 421)
2025-12-09 22:23:00,801 - INFO -   ✓ 成功: 24 个样本, 2 个玩家
2025-12-09 22:23:00,803 - INFO - [423/10119] 转换: szqjl_2024-02-05_10_31_35_.rep (已处理: 423, 已转换: 422)
2025-12-09 22:23:00,815 - INFO -   ✓ 成功: 19 个样本, 2 个玩家
2025-12-09 22:23:00,817 - INFO - [424/10119] 转换: szqjl_2024-02-05_10_40_18_.rep (已处理: 424, 已转换: 423)
2025-12-09 22:23:00,828 - INFO -   ✓ 成功: 21 个样本, 2 个玩家
2025-12-09 22:23:00,831 - INFO - [425/10119] 转换: szqjl_2024-02-05_10_47_22_.rep (已处理: 425, 已转换: 424)
2025-12-09 22:23:00,841 - INFO -   ✓ 成功: 16 个样本, 2 个玩家
2025-12-09 22:23:00,843 - INFO - [426/10119] 转换: szqjl_2024-02-05_10_58_17_.rep (已处理: 426, 已转换: 425)
2025-12-09 22:23:00,856 - INFO -   ✓ 成功: 17 个样本, 2 个玩家
2025-12-09 22:23:00,858 - INFO - [427/10119] 转换: szqjl_2024-02-06_11_01_24_.rep (已处理: 427, 已转换: 426)
2025-12-09 22:23:00,872 - INFO -   ✓ 成功: 21 个样本, 2 个玩家
2025-12-09 22:23:00,875 - INFO - [428/10119] 转换: szqjl_2024-02-06_11_04_29_.rep (已处理: 428, 已转换: 427)
2025-12-09 22:23:00,889 - INFO -   ✓ 成功: 21 个样本, 2 个玩家
2025-12-09 22:23:00,891 - INFO - [429/10119] 转换: szqjl_2024-02-06_11_08_30_.rep (已处理: 429, 已转换: 428)
2025-12-09 22:23:00,905 - INFO -   ✓ 成功: 20 个样本, 2 个玩家
2025-12-09 22:23:00,907 - INFO - [430/10119] 转换: szqjl_2024-02-06_11_11_24_.rep (已处理: 430, 已转换: 429)
2025-12-09 22:23:00,920 - INFO -   ✓ 成功: 17 个样本, 2 个玩家
2025-12-09 22:23:00,923 - INFO - [431/10119] 转换: szqjl_2024-02-06_11_16_10_.rep (已处理: 431, 已转换: 430)
2025-12-09 22:23:00,933 - INFO -   ✓ 成功: 24 个样本, 2 个玩家
2025-12-09 22:23:00,935 - INFO - [432/10119] 转换: szqjl_2024-02-06_11_19_19_.rep (已处理: 432, 已转换: 431)
2025-12-09 22:23:00,946 - INFO -   ✓ 成功: 17 个样本, 2 个玩家
2025-12-09 22:23:00,948 - INFO - [433/10119] 转换: szqjl_2024-02-06_11_22_46_.rep (已处理: 433, 已转换: 432)
2025-12-09 22:23:00,959 - INFO -   ✓ 成功: 25 个样本, 2 个玩家
2025-12-09 22:23:00,962 - INFO - [434/10119] 转换: szqjl_2024-02-06_11_26_44_.rep (已处理: 434, 已转换: 433)
2025-12-09 22:23:00,973 - INFO -   ✓ 成功: 19 个样本, 2 个玩家
2025-12-09 22:23:00,975 - INFO - [435/10119] 转换: szqjl_2024-02-06_11_31_06_.rep (已处理: 435, 已转换: 434)
2025-12-09 22:23:00,988 - INFO -   ✓ 成功: 18 个样本, 2 个玩家
2025-12-09 22:23:00,993 - INFO - [436/10119] 转换: szqjl_2024-02-06_11_34_54_.rep (已处理: 436, 已转换: 435)
2025-12-09 22:23:01,005 - INFO -   ✓ 成功: 22 个样本, 2 个玩家
2025-12-09 22:23:01,009 - INFO - [437/10119] 转换: szqjl_2024-02-06_11_38_43_.rep (已处理: 437, 已转换: 436)
2025-12-09 22:23:01,021 - INFO -   ✓ 成功: 18 个样本, 2 个玩家
2025-12-09 22:23:01,024 - INFO - [438/10119] 转换: szqjl_2024-02-06_11_42_55_.rep (已处理: 438, 已转换: 437)
2025-12-09 22:23:01,035 - INFO -   ✓ 成功: 24 个样本, 2 个玩家
2025-12-09 22:23:01,038 - INFO - [439/10119] 转换: szqjl_2024-02-06_12_26_26_.rep (已处理: 439, 已转换: 438)
2025-12-09 22:23:01,051 - INFO -   ✓ 成功: 18 个样本, 2 个玩家
2025-12-09 22:23:01,054 - INFO - [440/10119] 转换: szqjl_2024-02-06_12_29_54_.rep (已处理: 440, 已转换: 439)
2025-12-09 22:23:01,065 - INFO -   ✓ 成功: 17 个样本, 2 个玩家
2025-12-09 22:23:01,067 - INFO - [441/10119] 转换: szqjl_2024-02-06_12_33_04_.rep (已处理: 441, 已转换: 440)
2025-12-09 22:23:01,079 - INFO -   ✓ 成功: 16 个样本, 2 个玩家
2025-12-09 22:23:01,081 - INFO - [442/10119] 转换: szqjl_2024-02-06_12_36_28_.rep (已处理: 442, 已转换: 441)
2025-12-09 22:23:01,092 - INFO -   ✓ 成功: 19 个样本, 2 个玩家
2025-12-09 22:23:01,094 - INFO - [443/10119] 转换: szqjl_2024-02-06_12_41_13_.rep (已处理: 443, 已转换: 442)
2025-12-09 22:23:01,106 - INFO -   ✓ 成功: 22 个样本, 2 个玩家
2025-12-09 22:23:01,108 - INFO - [444/10119] 转换: szqjl_2024-02-06_12_45_33_.rep (已处理: 444, 已转换: 443)
2025-12-09 22:23:01,123 - INFO -   ✓ 成功: 20 个样本, 2 个玩家
2025-12-09 22:23:01,126 - INFO - [445/10119] 转换: szqjl_2024-02-06_12_50_31_.rep (已处理: 445, 已转换: 444)
2025-12-09 22:23:01,139 - INFO -   ✓ 成功: 25 个样本, 2 个玩家
2025-12-09 22:23:01,141 - INFO - [446/10119] 转换: szqjl_2024-02-06_12_54_46_.rep (已处理: 446, 已转换: 445)
2025-12-09 22:23:01,152 - INFO -   ✓ 成功: 18 个样本, 2 个玩家
2025-12-09 22:23:01,154 - INFO - [447/10119] 转换: szqjl_2024-02-06_12_57_52_.rep (已处理: 447, 已转换: 446)
2025-12-09 22:23:01,165 - INFO -   ✓ 成功: 17 个样本, 2 个玩家
2025-12-09 22:23:01,167 - INFO - [448/10119] 转换: szqjl_2024-02-06_13_01_24_.rep (已处理: 448, 已转换: 447)
2025-12-09 22:23:01,178 - INFO -   ✓ 成功: 23 个样本, 2 个玩家
2025-12-09 22:23:01,181 - INFO - [449/10119] 转换: szqjl_2024-02-06_13_08_34_.rep (已处理: 449, 已转换: 448)
2025-12-09 22:23:01,192 - INFO -   ✓ 成功: 20 个样本, 2 个玩家
2025-12-09 22:23:01,194 - INFO - [450/10119] 转换: szqjl_2024-02-06_14_49_03_.rep (已处理: 450, 已转换: 449)
2025-12-09 22:23:01,206 - INFO -   ✓ 成功: 15 个样本, 2 个玩家
2025-12-09 22:23:01,209 - INFO - [451/10119] 转换: szqjl_2024-02-06_14_55_08_.rep (已处理: 451, 已转换: 450)
2025-12-09 22:23:01,221 - INFO -   ✓ 成功: 15 个样本, 2 个玩家
2025-12-09 22:23:01,224 - INFO - [452/10119] 转换: szqjl_2024-02-06_15_13_48_.rep (已处理: 452, 已转换: 451)
2025-12-09 22:23:01,234 - INFO -   ✓ 成功: 17 个样本, 2 个玩家
2025-12-09 22:23:01,236 - INFO - [453/10119] 转换: szqjl_2024-02-06_15_17_16_.rep (已处理: 453, 已转换: 452)
2025-12-09 22:23:01,248 - INFO -   ✓ 成功: 21 个样本, 2 个玩家
2025-12-09 22:23:01,250 - INFO - [454/10119] 转换: szqjl_2024-02-06_15_22_43_.rep (已处理: 454, 已转换: 453)
2025-12-09 22:23:01,261 - INFO -   ✓ 成功: 17 个样本, 2 个玩家
2025-12-09 22:23:01,263 - INFO - [455/10119] 转换: szqjl_2024-02-06_15_26_39_.rep (已处理: 455, 已转换: 454)
2025-12-09 22:23:01,276 - INFO -   ✓ 成功: 16 个样本, 2 个玩家
2025-12-09 22:23:01,278 - INFO - [456/10119] 转换: szqjl_2024-02-06_15_30_12_.rep (已处理: 456, 已转换: 455)
2025-12-09 22:23:01,344 - INFO -   ✓ 成功: 18 个样本, 2 个玩家
2025-12-09 22:23:01,347 - INFO - [457/10119] 转换: szqjl_2024-02-06_16_08_45_.rep (已处理: 457, 已转换: 456)
2025-12-09 22:23:01,358 - INFO -   ✓ 成功: 18 个样本, 2 个玩家
2025-12-09 22:23:01,360 - INFO - [458/10119] 转换: szqjl_2024-02-06_16_12_15_.rep (已处理: 458, 已转换: 457)
2025-12-09 22:23:01,371 - INFO -   ✓ 成功: 20 个样本, 2 个玩家
2025-12-09 22:23:01,374 - INFO - [459/10119] 转换: szqjl_2024-02-06_16_14_37_.rep (已处理: 459, 已转换: 458)
2025-12-09 22:23:01,385 - INFO -   ✓ 成功: 19 个样本, 2 个玩家
2025-12-09 22:23:01,388 - INFO - [460/10119] 转换: szqjl_2024-02-06_16_19_13_.rep (已处理: 460, 已转换: 459)
2025-12-09 22:23:01,399 - INFO -   ✓ 成功: 21 个样本, 2 个玩家
2025-12-09 22:23:01,401 - INFO - [461/10119] 转换: szqjl_2024-02-06_16_22_54_.rep (已处理: 461, 已转换: 460)
2025-12-09 22:23:01,413 - INFO -   ✓ 成功: 19 个样本, 2 个玩家
2025-12-09 22:23:01,415 - INFO - [462/10119] 转换: szqjl_2024-02-07_10_16_08_.rep (已处理: 462, 已转换: 461)
2025-12-09 22:23:01,426 - INFO -   ✓ 成功: 17 个样本, 2 个玩家
2025-12-09 22:23:01,428 - INFO - [463/10119] 转换: szqjl_2024-02-07_10_22_31_.rep (已处理: 463, 已转换: 462)
2025-12-09 22:23:01,439 - INFO -   ✓ 成功: 21 个样本, 2 个玩家
2025-12-09 22:23:01,441 - INFO - [464/10119] 转换: szqjl_2024-02-07_10_25_54_.rep (已处理: 464, 已转换: 463)
2025-12-09 22:23:01,452 - INFO -   ✓ 成功: 17 个样本, 2 个玩家
2025-12-09 22:23:01,454 - INFO - [465/10119] 转换: szqjl_2024-02-07_10_28_57_.rep (已处理: 465, 已转换: 464)
2025-12-09 22:23:01,483 - INFO -   ✓ 成功: 17 个样本, 2 个玩家
2025-12-09 22:23:01,486 - INFO - [466/10119] 转换: szqjl_2024-02-07_10_32_39_.rep (已处理: 466, 已转换: 465)
2025-12-09 22:23:01,500 - INFO -   ✓ 成功: 21 个样本, 2 个玩家
2025-12-09 22:23:01,503 - INFO - [467/10119] 转换: szqjl_2024-02-07_10_36_05_.rep (已处理: 467, 已转换: 466)
2025-12-09 22:23:01,513 - INFO -   ✓ 成功: 18 个样本, 2 个玩家
2025-12-09 22:23:01,516 - INFO - [468/10119] 转换: szqjl_2024-02-07_10_38_50_.rep (已处理: 468, 已转换: 467)
2025-12-09 22:23:01,527 - INFO -   ✓ 成功: 21 个样本, 2 个玩家
2025-12-09 22:23:01,529 - INFO - [469/10119] 转换: szqjl_2024-02-07_10_41_37_.rep (已处理: 469, 已转换: 468)
2025-12-09 22:23:01,541 - INFO -   ✓ 成功: 20 个样本, 2 个玩家
2025-12-09 22:23:01,543 - INFO - [470/10119] 转换: szqjl_2024-02-07_10_45_11_.rep (已处理: 470, 已转换: 469)
2025-12-09 22:23:01,555 - INFO -   ✓ 成功: 19 个样本, 2 个玩家
2025-12-09 22:23:01,557 - INFO - [471/10119] 转换: szqjl_2024-02-07_10_48_35_.rep (已处理: 471, 已转换: 470)
2025-12-09 22:23:01,567 - INFO -   ✓ 成功: 17 个样本, 2 个玩家
2025-12-09 22:23:01,570 - INFO - [472/10119] 转换: szqjl_2024-02-07_10_53_57_.rep (已处理: 472, 已转换: 471)
2025-12-09 22:23:01,581 - INFO -   ✓ 成功: 30 个样本, 2 个玩家
2025-12-09 22:23:01,584 - INFO - [473/10119] 转换: szqjl_2024-02-07_10_56_36_.rep (已处理: 473, 已转换: 472)
2025-12-09 22:23:01,595 - INFO -   ✓ 成功: 21 个样本, 2 个玩家
2025-12-09 22:23:01,597 - INFO - [474/10119] 转换: szqjl_2024-02-07_11_01_16_.rep (已处理: 474, 已转换: 473)
2025-12-09 22:23:01,608 - INFO -   ✓ 成功: 19 个样本, 2 个玩家
2025-12-09 22:23:01,610 - INFO - [475/10119] 转换: szqjl_2024-02-07_11_04_33_.rep (已处理: 475, 已转换: 474)
2025-12-09 22:23:01,623 - INFO -   ✓ 成功: 25 个样本, 2 个玩家
2025-12-09 22:23:01,626 - INFO - [476/10119] 转换: szqjl_2024-02-07_11_08_46_.rep (已处理: 476, 已转换: 475)
2025-12-09 22:23:01,637 - INFO -   ✓ 成功: 22 个样本, 2 个玩家
2025-12-09 22:23:01,641 - INFO - [477/10119] 转换: szqjl_2024-02-07_15_08_43_.rep (已处理: 477, 已转换: 476)
2025-12-09 22:23:01,651 - INFO -   ✓ 成功: 23 个样本, 2 个玩家
2025-12-09 22:23:01,654 - INFO - [478/10119] 转换: szqjl_2024-02-07_15_12_31_.rep (已处理: 478, 已转换: 477)
2025-12-09 22:23:01,667 - INFO -   ✓ 成功: 24 个样本, 2 个玩家
2025-12-09 22:23:01,670 - INFO - [479/10119] 转换: szqjl_2024-02-07_15_16_12_.rep (已处理: 479, 已转换: 478)
2025-12-09 22:23:01,681 - INFO -   ✓ 成功: 19 个样本, 2 个玩家
2025-12-09 22:23:01,683 - INFO - [480/10119] 转换: szqjl_2024-02-07_15_19_34_.rep (已处理: 480, 已转换: 479)
2025-12-09 22:23:01,694 - INFO -   ✓ 成功: 19 个样本, 2 个玩家
2025-12-09 22:23:01,696 - INFO - [481/10119] 转换: szqjl_2024-02-07_15_22_55_.rep (已处理: 481, 已转换: 480)
2025-12-09 22:23:01,708 - INFO -   ✓ 成功: 18 个样本, 2 个玩家
2025-12-09 22:23:01,710 - INFO - [482/10119] 转换: szqjl_2024-02-07_15_25_48_.rep (已处理: 482, 已转换: 481)
2025-12-09 22:23:01,721 - INFO -   ✓ 成功: 17 个样本, 2 个玩家
2025-12-09 22:23:01,724 - INFO - [483/10119] 转换: szqjl_2024-02-07_15_30_34_.rep (已处理: 483, 已转换: 482)
2025-12-09 22:23:01,735 - INFO -   ✓ 成功: 21 个样本, 2 个玩家
2025-12-09 22:23:01,737 - INFO - [484/10119] 转换: szqjl_2024-02-07_15_35_02_.rep (已处理: 484, 已转换: 483)
2025-12-09 22:23:01,748 - INFO -   ✓ 成功: 22 个样本, 2 个玩家
2025-12-09 22:23:01,752 - INFO - [485/10119] 转换: szqjl_2024-02-07_15_37_44_.rep (已处理: 485, 已转换: 484)
2025-12-09 22:23:01,762 - INFO -   ✓ 成功: 14 个样本, 2 个玩家
2025-12-09 22:23:01,765 - INFO - [486/10119] 转换: szqjl_2024-02-07_15_41_35_.rep (已处理: 486, 已转换: 485)
2025-12-09 22:23:01,777 - INFO -   ✓ 成功: 20 个样本, 2 个玩家
2025-12-09 22:23:01,780 - INFO - [487/10119] 转换: szqjl_2024-02-07_15_44_11_.rep (已处理: 487, 已转换: 486)
2025-12-09 22:23:01,802 - INFO -   ✓ 成功: 16 个样本, 2 个玩家
2025-12-09 22:23:01,804 - INFO - [488/10119] 转换: szqjl_2024-02-08_12_50_10_.rep (已处理: 488, 已转换: 487)
2025-12-09 22:23:01,815 - INFO -   ✓ 成功: 20 个样本, 2 个玩家
2025-12-09 22:23:01,818 - INFO - [489/10119] 转换: szqjl_2024-02-08_12_54_43_.rep (已处理: 489, 已转换: 488)
2025-12-09 22:23:01,828 - INFO -   ✓ 成功: 18 个样本, 2 个玩家
2025-12-09 22:23:01,831 - INFO - [490/10119] 转换: szqjl_2024-02-08_12_59_17_.rep (已处理: 490, 已转换: 489)
2025-12-09 22:23:01,842 - INFO -   ✓ 成功: 24 个样本, 2 个玩家
2025-12-09 22:23:01,846 - INFO - [491/10119] 转换: szqjl_2024-02-08_13_03_48_.rep (已处理: 491, 已转换: 490)
2025-12-09 22:23:01,859 - INFO -   ✓ 成功: 20 个样本, 2 个玩家
2025-12-09 22:23:01,862 - INFO - [492/10119] 转换: szqjl_2024-02-08_13_07_49_.rep (已处理: 492, 已转换: 491)
2025-12-09 22:23:01,873 - INFO -   ✓ 成功: 19 个样本, 2 个玩家
2025-12-09 22:23:01,876 - INFO - [493/10119] 转换: szqjl_2024-02-08_13_11_26_.rep (已处理: 493, 已转换: 492)
2025-12-09 22:23:01,887 - INFO -   ✓ 成功: 18 个样本, 2 个玩家
2025-12-09 22:23:01,890 - INFO - [494/10119] 转换: szqjl_2024-02-08_13_14_48_.rep (已处理: 494, 已转换: 493)
2025-12-09 22:23:01,908 - INFO -   ✓ 成功: 18 个样本, 2 个玩家
2025-12-09 22:23:01,922 - INFO - [495/10119] 转换: szqjl_2024-02-08_13_19_00_.rep (已处理: 495, 已转换: 494)
2025-12-09 22:23:01,947 - INFO -   ✓ 成功: 24 个样本, 2 个玩家
2025-12-09 22:23:01,952 - INFO - [496/10119] 转换: szqjl_2024-02-08_13_24_07_.rep (已处理: 496, 已转换: 495)
2025-12-09 22:23:01,967 - INFO -   ✓ 成功: 18 个样本, 2 个玩家
2025-12-09 22:23:01,971 - INFO - [497/10119] 转换: szqjl_2024-02-08_13_27_57_.rep (已处理: 497, 已转换: 496)
2025-12-09 22:23:01,985 - INFO -   ✓ 成功: 19 个样本, 2 个玩家
2025-12-09 22:23:01,988 - INFO - [498/10119] 转换: szqjl_2024-02-18_12_55_25_.rep (已处理: 498, 已转换: 497)
2025-12-09 22:23:02,006 - INFO -   ✓ 成功: 23 个样本, 2 个玩家
2025-12-09 22:23:02,008 - INFO - [499/10119] 转换: szqjl_2024-02-18_12_58_38_.rep (已处理: 499, 已转换: 498)
2025-12-09 22:23:02,028 - INFO -   ✓ 成功: 17 个样本, 2 个玩家
2025-12-09 22:23:02,030 - INFO - [500/10119] 转换: szqjl_2024-02-18_13_01_50_.rep (已处理: 500, 已转换: 499)
2025-12-09 22:23:02,050 - INFO -   ✓ 成功: 18 个样本, 2 个玩家
2025-12-09 22:23:02,051 - INFO - ============================================================
2025-12-09 22:23:02,053 - INFO - 进度: 成功转换 500 个, 跳过 0 个, 失败 0 个
2025-12-09 22:23:02,053 - INFO - 已转换样本: 9821 个
2025-12-09 22:23:02,055 - INFO - 转换速度: 65.0 文件/秒
2025-12-09 22:23:02,056 - INFO - 预计剩余时间: 2.5 分钟
2025-12-09 22:23:02,056 - INFO - ============================================================
2025-12-09 22:23:02,060 - INFO - [501/10119] 转换: szqjl_2024-02-18_13_06_05_.rep (已处理: 501, 已转换: 500)
2025-12-09 22:23:02,079 - INFO -   ✓ 成功: 21 个样本, 2 个玩家
2025-12-09 22:23:02,083 - INFO - [502/10119] 转换: szqjl_2024-02-18_13_09_56_.rep (已处理: 502, 已转换: 501)
2025-12-09 22:23:02,099 - INFO -   ✓ 成功: 24 个样本, 2 个玩家
2025-12-09 22:23:02,110 - INFO - [503/10119] 转换: szqjl_2024-02-18_13_13_32_.rep (已处理: 503, 已转换: 502)
2025-12-09 22:23:02,124 - INFO -   ✓ 成功: 20 个样本, 2 个玩家
2025-12-09 22:23:02,126 - INFO - [504/10119] 转换: szqjl_2024-02-18_15_40_26_.rep (已处理: 504, 已转换: 503)
2025-12-09 22:23:02,137 - INFO -   ✓ 成功: 20 个样本, 2 个玩家
2025-12-09 22:23:02,140 - INFO - [505/10119] 转换: szqjl_2024-02-18_15_44_57_.rep (已处理: 505, 已转换: 504)
2025-12-09 22:23:02,152 - INFO -   ✓ 成功: 14 个样本, 2 个玩家
2025-12-09 22:23:02,155 - INFO - [506/10119] 转换: szqjl_2024-02-18_15_49_01_.rep (已处理: 506, 已转换: 505)
2025-12-09 22:23:02,177 - INFO -   ✓ 成功: 16 个样本, 2 个玩家
2025-12-09 22:23:02,180 - INFO - [507/10119] 转换: szqjl_2024-02-18_15_56_32_.rep (已处理: 507, 已转换: 506)
2025-12-09 22:23:02,197 - INFO -   ✓ 成功: 22 个样本, 2 个玩家
2025-12-09 22:23:02,202 - INFO - [508/10119] 转换: szqjl_2024-02-18_16_00_13_.rep (已处理: 508, 已转换: 507)
2025-12-09 22:23:02,221 - INFO -   ✓ 成功: 20 个样本, 2 个玩家
2025-12-09 22:23:02,224 - INFO - [509/10119] 转换: szqjl_2024-02-18_16_08_28_.rep (已处理: 509, 已转换: 508)
2025-12-09 22:23:02,239 - INFO -   ✓ 成功: 21 个样本, 2 个玩家
2025-12-09 22:23:02,242 - INFO - [510/10119] 转换: szqjl_2024-02-18_16_11_54_.rep (已处理: 510, 已转换: 509)
2025-12-09 22:23:02,252 - INFO -   ✓ 成功: 19 个样本, 2 个玩家
2025-12-09 22:23:02,255 - INFO - [511/10119] 转换: szqjl_2024-02-18_16_15_38_.rep (已处理: 511, 已转换: 510)
2025-12-09 22:23:02,266 - INFO -   ✓ 成功: 22 个样本, 2 个玩家
2025-12-09 22:23:02,268 - INFO - [512/10119] 转换: szqjl_2024-02-18_16_18_32_.rep (已处理: 512, 已转换: 511)
2025-12-09 22:23:02,287 - INFO -   ✓ 成功: 18 个样本, 2 个玩家
2025-12-09 22:23:02,290 - INFO - [513/10119] 转换: szqjl_2024-02-18_16_21_52_.rep (已处理: 513, 已转换: 512)
2025-12-09 22:23:02,301 - INFO -   ✓ 成功: 21 个样本, 2 个玩家
2025-12-09 22:23:02,303 - INFO - [514/10119] 转换: szqjl_2024-02-18_16_25_27_.rep (已处理: 514, 已转换: 513)
2025-12-09 22:23:02,317 - INFO -   ✓ 成功: 23 个样本, 2 个玩家
2025-12-09 22:23:02,319 - INFO - [515/10119] 转换: szqjl_2024-02-19_12_26_05_.rep (已处理: 515, 已转换: 514)
2025-12-09 22:23:02,340 - INFO -   ✓ 成功: 21 个样本, 2 个玩家
2025-12-09 22:23:02,342 - INFO - [516/10119] 转换: szqjl_2024-02-19_12_29_36_.rep (已处理: 516, 已转换: 515)
2025-12-09 22:23:02,352 - INFO -   ✓ 成功: 18 个样本, 2 个玩家
2025-12-09 22:23:02,355 - INFO - [517/10119] 转换: szqjl_2024-02-19_12_33_29_.rep (已处理: 517, 已转换: 516)
2025-12-09 22:23:02,368 - INFO -   ✓ 成功: 21 个样本, 2 个玩家
2025-12-09 22:23:02,371 - INFO - [518/10119] 转换: szqjl_2024-02-19_12_37_05_.rep (已处理: 518, 已转换: 517)
2025-12-09 22:23:02,392 - INFO -   ✓ 成功: 22 个样本, 2 个玩家
2025-12-09 22:23:02,394 - INFO - [519/10119] 转换: szqjl_2024-02-19_12_40_55_.rep (已处理: 519, 已转换: 518)
2025-12-09 22:23:02,411 - INFO -   ✓ 成功: 20 个样本, 2 个玩家
2025-12-09 22:23:02,413 - INFO - [520/10119] 转换: szqjl_2024-02-19_12_43_51_.rep (已处理: 520, 已转换: 519)
2025-12-09 22:23:02,425 - INFO -   ✓ 成功: 19 个样本, 2 个玩家
2025-12-09 22:23:02,427 - INFO - [521/10119] 转换: szqjl_2024-02-19_12_48_19_.rep (已处理: 521, 已转换: 520)
2025-12-09 22:23:02,439 - INFO -   ✓ 成功: 20 个样本, 2 个玩家
2025-12-09 22:23:02,442 - INFO - [522/10119] 转换: szqjl_2024-02-19_12_51_21_.rep (已处理: 522, 已转换: 521)
2025-12-09 22:23:02,457 - INFO -   ✓ 成功: 18 个样本, 2 个玩家
2025-12-09 22:23:02,459 - INFO - [523/10119] 转换: szqjl_2024-02-19_12_55_24_.rep (已处理: 523, 已转换: 522)
2025-12-09 22:23:02,479 - INFO -   ✓ 成功: 19 个样本, 2 个玩家
2025-12-09 22:23:02,482 - INFO - [524/10119] 转换: szqjl_2024-02-19_12_59_15_.rep (已处理: 524, 已转换: 523)
2025-12-09 22:23:02,499 - INFO -   ✓ 成功: 20 个样本, 2 个玩家
2025-12-09 22:23:02,501 - INFO - [525/10119] 转换: szqjl_2024-02-19_13_02_53_.rep (已处理: 525, 已转换: 524)
2025-12-09 22:23:02,512 - INFO -   ✓ 成功: 15 个样本, 2 个玩家
2025-12-09 22:23:02,515 - INFO - [526/10119] 转换: szqjl_2024-02-19_13_07_35_.rep (已处理: 526, 已转换: 525)
2025-12-09 22:23:02,527 - INFO -   ✓ 成功: 18 个样本, 2 个玩家
2025-12-09 22:23:02,530 - INFO - [527/10119] 转换: szqjl_2024-02-19_15_20_06_.rep (已处理: 527, 已转换: 526)
2025-12-09 22:23:02,548 - INFO -   ✓ 成功: 29 个样本, 2 个玩家
2025-12-09 22:23:02,550 - INFO - [528/10119] 转换: szqjl_2024-02-19_15_24_13_.rep (已处理: 528, 已转换: 527)
2025-12-09 22:23:02,562 - INFO -   ✓ 成功: 20 个样本, 2 个玩家
2025-12-09 22:23:02,564 - INFO - [529/10119] 转换: szqjl_2024-02-19_15_27_47_.rep (已处理: 529, 已转换: 528)
2025-12-09 22:23:02,579 - INFO -   ✓ 成功: 19 个样本, 2 个玩家
2025-12-09 22:23:02,581 - INFO - [530/10119] 转换: szqjl_2024-02-19_15_32_30_.rep (已处理: 530, 已转换: 529)
2025-12-09 22:23:02,601 - INFO -   ✓ 成功: 23 个样本, 2 个玩家
2025-12-09 22:23:02,603 - INFO - [531/10119] 转换: szqjl_2024-02-19_15_37_35_.rep (已处理: 531, 已转换: 530)
2025-12-09 22:23:02,617 - INFO -   ✓ 成功: 19 个样本, 2 个玩家
2025-12-09 22:23:02,619 - INFO - [532/10119] 转换: szqjl_2024-02-19_15_41_37_.rep (已处理: 532, 已转换: 531)
2025-12-09 22:23:02,631 - INFO -   ✓ 成功: 20 个样本, 2 个玩家
2025-12-09 22:23:02,634 - INFO - [533/10119] 转换: szqjl_2024-02-19_15_46_08_.rep (已处理: 533, 已转换: 532)
2025-12-09 22:23:02,647 - INFO -   ✓ 成功: 19 个样本, 2 个玩家
2025-12-09 22:23:02,650 - INFO - [534/10119] 转换: szqjl_2024-02-19_15_49_52_.rep (已处理: 534, 已转换: 533)
2025-12-09 22:23:02,692 - INFO -   ✓ 成功: 20 个样本, 2 个玩家
2025-12-09 22:23:02,695 - INFO - [535/10119] 转换: szqjl_2024-02-20_13_39_04_.rep (已处理: 535, 已转换: 534)
2025-12-09 22:23:02,708 - INFO -   ✓ 成功: 18 个样本, 2 个玩家
2025-12-09 22:23:02,711 - INFO - [536/10119] 转换: szqjl_2024-02-20_13_42_38_.rep (已处理: 536, 已转换: 535)
2025-12-09 22:23:02,725 - INFO -   ✓ 成功: 22 个样本, 2 个玩家
2025-12-09 22:23:02,727 - INFO - [537/10119] 转换: szqjl_2024-02-20_13_46_13_.rep (已处理: 537, 已转换: 536)
2025-12-09 22:23:02,762 - INFO -   ✓ 成功: 25 个样本, 2 个玩家
2025-12-09 22:23:02,765 - INFO - [538/10119] 转换: szqjl_2024-02-20_13_49_11_.rep (已处理: 538, 已转换: 537)
2025-12-09 22:23:02,785 - INFO -   ✓ 成功: 16 个样本, 2 个玩家
2025-12-09 22:23:02,788 - INFO - [539/10119] 转换: szqjl_2024-02-20_13_52_22_.rep (已处理: 539, 已转换: 538)
2025-12-09 22:23:02,809 - INFO -   ✓ 成功: 19 个样本, 2 个玩家
2025-12-09 22:23:02,811 - INFO - [540/10119] 转换: szqjl_2024-02-20_13_54_50_.rep (已处理: 540, 已转换: 539)
2025-12-09 22:23:02,828 - INFO -   ✓ 成功: 19 个样本, 2 个玩家
2025-12-09 22:23:02,830 - INFO - [541/10119] 转换: szqjl_2024-02-20_13_58_03_.rep (已处理: 541, 已转换: 540)
2025-12-09 22:23:02,846 - INFO -   ✓ 成功: 17 个样本, 2 个玩家
2025-12-09 22:23:02,849 - INFO - [542/10119] 转换: szqjl_2024-02-20_14_00_39_.rep (已处理: 542, 已转换: 541)
2025-12-09 22:23:02,866 - INFO -   ✓ 成功: 18 个样本, 2 个玩家
2025-12-09 22:23:02,869 - INFO - [543/10119] 转换: szqjl_2024-02-20_14_03_24_.rep (已处理: 543, 已转换: 542)
2025-12-09 22:23:02,889 - INFO -   ✓ 成功: 21 个样本, 2 个玩家
2025-12-09 22:23:02,893 - INFO - [544/10119] 转换: szqjl_2024-02-20_14_21_10_.rep (已处理: 544, 已转换: 543)
2025-12-09 22:23:02,913 - INFO -   ✓ 成功: 20 个样本, 2 个玩家
2025-12-09 22:23:02,915 - INFO - [545/10119] 转换: szqjl_2024-02-20_14_25_26_.rep (已处理: 545, 已转换: 544)
2025-12-09 22:23:02,931 - INFO -   ✓ 成功: 23 个样本, 2 个玩家
2025-12-09 22:23:02,934 - INFO - [546/10119] 转换: szqjl_2024-02-20_14_29_45_.rep (已处理: 546, 已转换: 545)
2025-12-09 22:23:02,951 - INFO -   ✓ 成功: 24 个样本, 2 个玩家
2025-12-09 22:23:02,955 - INFO - [547/10119] 转换: szqjl_2024-02-20_14_32_42_.rep (已处理: 547, 已转换: 546)
2025-12-09 22:23:02,970 - INFO -   ✓ 成功: 17 个样本, 2 个玩家
2025-12-09 22:23:02,974 - INFO - [548/10119] 转换: szqjl_2024-02-20_14_35_56_.rep (已处理: 548, 已转换: 547)
2025-12-09 22:23:02,986 - INFO -   ✓ 成功: 19 个样本, 2 个玩家
2025-12-09 22:23:02,990 - INFO - [549/10119] 转换: szqjl_2024-02-20_14_38_15_.rep (已处理: 549, 已转换: 548)
2025-12-09 22:23:03,010 - INFO -   ✓ 成功: 17 个样本, 2 个玩家
2025-12-09 22:23:03,014 - INFO - [550/10119] 转换: szqjl_2024-02-20_14_41_10_.rep (已处理: 550, 已转换: 549)
2025-12-09 22:23:03,040 - INFO -   ✓ 成功: 22 个样本, 2 个玩家
2025-12-09 22:23:03,042 - INFO - [551/10119] 转换: szqjl_2024-02-20_14_43_58_.rep (已处理: 551, 已转换: 550)
2025-12-09 22:23:03,057 - INFO -   ✓ 成功: 18 个样本, 2 个玩家
2025-12-09 22:23:03,059 - INFO - [552/10119] 转换: szqjl_2024-02-20_14_48_03_.rep (已处理: 552, 已转换: 551)
2025-12-09 22:23:03,076 - INFO -   ✓ 成功: 19 个样本, 2 个玩家
2025-12-09 22:23:03,079 - INFO - [553/10119] 转换: szqjl_2024-02-20_14_50_56_.rep (已处理: 553, 已转换: 552)
2025-12-09 22:23:03,096 - INFO -   ✓ 成功: 18 个样本, 2 个玩家
2025-12-09 22:23:03,103 - INFO - [554/10119] 转换: _2024-02-20_14_52_59.rep (已处理: 554, 已转换: 553)
2025-12-09 22:23:03,118 - INFO -   ✓ 成功: 24 个样本, 2 个玩家
2025-12-09 22:23:03,121 - INFO - [555/10119] 转换: szqjl_2024-02-21_11_20_47_.rep (已处理: 555, 已转换: 554)
2025-12-09 22:23:03,132 - INFO -   ✓ 成功: 16 个样本, 2 个玩家
2025-12-09 22:23:03,139 - INFO - [556/10119] 转换: szqjl_2024-02-21_11_27_13_.rep (已处理: 556, 已转换: 555)
2025-12-09 22:23:03,161 - INFO -   ✓ 成功: 22 个样本, 2 个玩家
2025-12-09 22:23:03,173 - INFO - [557/10119] 转换: szqjl_2024-02-21_15_09_56_.rep (已处理: 557, 已转换: 556)
2025-12-09 22:23:03,188 - INFO -   ✓ 成功: 22 个样本, 2 个玩家
2025-12-09 22:23:03,191 - INFO - [558/10119] 转换: szqjl_2024-02-21_15_13_19_.rep (已处理: 558, 已转换: 557)
2025-12-09 22:23:03,225 - INFO -   ✓ 成功: 21 个样本, 2 个玩家
2025-12-09 22:23:03,227 - INFO - [559/10119] 转换: szqjl_2024-02-21_15_16_29_.rep (已处理: 559, 已转换: 558)
2025-12-09 22:23:03,243 - INFO -   ✓ 成功: 20 个样本, 2 个玩家
2025-12-09 22:23:03,246 - INFO - [560/10119] 转换: szqjl_2024-02-21_15_20_39_.rep (已处理: 560, 已转换: 559)
2025-12-09 22:23:03,262 - INFO -   ✓ 成功: 24 个样本, 2 个玩家
2025-12-09 22:23:03,265 - INFO - [561/10119] 转换: szqjl_2024-02-21_15_24_32_.rep (已处理: 561, 已转换: 560)
2025-12-09 22:23:03,280 - INFO -   ✓ 成功: 19 个样本, 2 个玩家
2025-12-09 22:23:03,283 - INFO - [562/10119] 转换: szqjl_2024-02-21_15_27_14_.rep (已处理: 562, 已转换: 561)
2025-12-09 22:23:03,302 - INFO -   ✓ 成功: 20 个样本, 2 个玩家
2025-12-09 22:23:03,305 - INFO - [563/10119] 转换: szqjl_2024-02-21_15_30_26_.rep (已处理: 563, 已转换: 562)
2025-12-09 22:23:03,321 - INFO -   ✓ 成功: 25 个样本, 2 个玩家
2025-12-09 22:23:03,324 - INFO - [564/10119] 转换: szqjl_2024-02-21_15_34_15_.rep (已处理: 564, 已转换: 563)
2025-12-09 22:23:03,341 - INFO -   ✓ 成功: 21 个样本, 2 个玩家
2025-12-09 22:23:03,344 - INFO - [565/10119] 转换: szqjl_2024-02-21_15_37_52_.rep (已处理: 565, 已转换: 564)
2025-12-09 22:23:03,362 - INFO -   ✓ 成功: 21 个样本, 2 个玩家
2025-12-09 22:23:03,364 - INFO - [566/10119] 转换: szqjl_2024-02-21_15_41_34_.rep (已处理: 566, 已转换: 565)
2025-12-09 22:23:03,380 - INFO -   ✓ 成功: 16 个样本, 2 个玩家
2025-12-09 22:23:03,384 - INFO - [567/10119] 转换: szqjl_2024-02-21_15_44_49_.rep (已处理: 567, 已转换: 566)
2025-12-09 22:23:03,398 - INFO -   ✓ 成功: 16 个样本, 2 个玩家
2025-12-09 22:23:03,400 - INFO - [568/10119] 转换: szqjl_2024-02-21_15_48_01_.rep (已处理: 568, 已转换: 567)
2025-12-09 22:23:03,418 - INFO -   ✓ 成功: 17 个样本, 2 个玩家
2025-12-09 22:23:03,420 - INFO - [569/10119] 转换: szqjl_2024-02-21_15_51_34_.rep (已处理: 569, 已转换: 568)
2025-12-09 22:23:03,441 - INFO -   ✓ 成功: 21 个样本, 2 个玩家
2025-12-09 22:23:03,443 - INFO - [570/10119] 转换: szqjl_2024-02-21_15_55_26_.rep (已处理: 570, 已转换: 569)
2025-12-09 22:23:03,461 - INFO -   ✓ 成功: 19 个样本, 2 个玩家
2025-12-09 22:23:03,464 - INFO - [571/10119] 转换: szqjl_2024-02-21_15_59_48_.rep (已处理: 571, 已转换: 570)
2025-12-09 22:23:03,477 - INFO -   ✓ 成功: 26 个样本, 2 个玩家
2025-12-09 22:23:03,479 - INFO - [572/10119] 转换: szqjl_2024-02-21_16_04_56_.rep (已处理: 572, 已转换: 571)
2025-12-09 22:23:03,495 - INFO -   ✓ 成功: 21 个样本, 2 个玩家
2025-12-09 22:23:03,497 - INFO - [573/10119] 转换: szqjl_2024-02-21_16_11_39_.rep (已处理: 573, 已转换: 572)
2025-12-09 22:23:03,514 - INFO -   ✓ 成功: 22 个样本, 2 个玩家
2025-12-09 22:23:03,517 - INFO - [574/10119] 转换: szqjl_2024-02-21_16_22_09_.rep (已处理: 574, 已转换: 573)
2025-12-09 22:23:03,531 - INFO -   ✓ 成功: 20 个样本, 2 个玩家
2025-12-09 22:23:03,533 - INFO - [575/10119] 转换: szqjl_2024-02-21_16_26_12_.rep (已处理: 575, 已转换: 574)
2025-12-09 22:23:03,545 - INFO -   ✓ 成功: 22 个样本, 2 个玩家
2025-12-09 22:23:03,547 - INFO - [576/10119] 转换: _2024-02-27_12_28_27.rep (已处理: 576, 已转换: 575)
2025-12-09 22:23:03,562 - INFO -   ✓ 成功: 20 个样本, 2 个玩家
2025-12-09 22:23:03,565 - INFO - [577/10119] 转换: szqjl_2024-02-27_12_36_21_.rep (已处理: 577, 已转换: 576)
2025-12-09 22:23:03,577 - INFO -   ✓ 成功: 23 个样本, 2 个玩家
2025-12-09 22:23:03,580 - INFO - [578/10119] 转换: szqjl_2024-02-27_12_41_04_.rep (已处理: 578, 已转换: 577)
2025-12-09 22:23:03,602 - INFO -   ✓ 成功: 22 个样本, 2 个玩家
2025-12-09 22:23:03,605 - INFO - [579/10119] 转换: szqjl_2024-02-27_12_45_32_.rep (已处理: 579, 已转换: 578)
2025-12-09 22:23:03,623 - INFO -   ✓ 成功: 21 个样本, 2 个玩家
2025-12-09 22:23:03,626 - INFO - [580/10119] 转换: szqjl_2024-02-27_12_48_49_.rep (已处理: 580, 已转换: 579)
2025-12-09 22:23:03,642 - INFO -   ✓ 成功: 26 个样本, 2 个玩家
2025-12-09 22:23:03,644 - INFO - [581/10119] 转换: szqjl_2024-02-27_12_52_27_.rep (已处理: 581, 已转换: 580)
2025-12-09 22:23:03,659 - INFO -   ✓ 成功: 20 个样本, 2 个玩家
2025-12-09 22:23:03,662 - INFO - [582/10119] 转换: szqjl_2024-02-27_12_55_41_.rep (已处理: 582, 已转换: 581)
2025-12-09 22:23:03,678 - INFO -   ✓ 成功: 18 个样本, 2 个玩家
2025-12-09 22:23:03,681 - INFO - [583/10119] 转换: szqjl_2024-02-27_12_58_02_.rep (已处理: 583, 已转换: 582)
2025-12-09 22:23:03,697 - INFO -   ✓ 成功: 18 个样本, 2 个玩家
2025-12-09 22:23:03,700 - INFO - [584/10119] 转换: szqjl_2024-02-27_15_43_08_.rep (已处理: 584, 已转换: 583)
2025-12-09 22:23:03,714 - INFO -   ✓ 成功: 24 个样本, 2 个玩家
2025-12-09 22:23:03,717 - INFO - [585/10119] 转换: szqjl_2024-02-27_15_46_23_.rep (已处理: 585, 已转换: 584)
2025-12-09 22:23:03,731 - INFO -   ✓ 成功: 22 个样本, 2 个玩家
2025-12-09 22:23:03,734 - INFO - [586/10119] 转换: szqjl_2024-02-27_15_49_47_.rep (已处理: 586, 已转换: 585)
2025-12-09 22:23:03,750 - INFO -   ✓ 成功: 15 个样本, 2 个玩家
2025-12-09 22:23:03,753 - INFO - [587/10119] 转换: szqjl_2024-02-27_15_53_02_.rep (已处理: 587, 已转换: 586)
2025-12-09 22:23:03,771 - INFO -   ✓ 成功: 17 个样本, 2 个玩家
2025-12-09 22:23:03,774 - INFO - [588/10119] 转换: szqjl_2024-02-27_15_57_56_.rep (已处理: 588, 已转换: 587)
2025-12-09 22:23:03,794 - INFO -   ✓ 成功: 26 个样本, 2 个玩家
2025-12-09 22:23:03,796 - INFO - [589/10119] 转换: szqjl_2024-02-27_16_03_27_.rep (已处理: 589, 已转换: 588)
2025-12-09 22:23:03,810 - INFO -   ✓ 成功: 27 个样本, 2 个玩家
2025-12-09 22:23:03,812 - INFO - [590/10119] 转换: szqjl_2024-02-27_16_07_38_.rep (已处理: 590, 已转换: 589)
2025-12-09 22:23:03,823 - INFO -   ✓ 成功: 21 个样本, 2 个玩家
2025-12-09 22:23:03,827 - INFO - [591/10119] 转换: szqjl_2024-02-27_16_11_18_.rep (已处理: 591, 已转换: 590)
2025-12-09 22:23:03,838 - INFO -   ✓ 成功: 23 个样本, 2 个玩家
2025-12-09 22:23:03,841 - INFO - [592/10119] 转换: szqjl_2024-02-27_16_15_39_.rep (已处理: 592, 已转换: 591)
2025-12-09 22:23:03,852 - INFO -   ✓ 成功: 23 个样本, 2 个玩家
2025-12-09 22:23:03,855 - INFO - [593/10119] 转换: szqjl_2024-02-27_16_19_24_.rep (已处理: 593, 已转换: 592)
2025-12-09 22:23:03,867 - INFO -   ✓ 成功: 20 个样本, 2 个玩家
2025-12-09 22:23:03,869 - INFO - [594/10119] 转换: szqjl_2024-02-27_16_23_38_.rep (已处理: 594, 已转换: 593)
2025-12-09 22:23:03,881 - INFO -   ✓ 成功: 20 个样本, 2 个玩家
2025-12-09 22:23:03,884 - INFO - [595/10119] 转换: szqjl_2024-02-27_16_27_17_.rep (已处理: 595, 已转换: 594)
2025-12-09 22:23:03,895 - INFO -   ✓ 成功: 17 个样本, 2 个玩家
2025-12-09 22:23:03,898 - INFO - [596/10119] 转换: szqjl_2024-02-27_16_30_55_.rep (已处理: 596, 已转换: 595)
2025-12-09 22:23:03,910 - INFO -   ✓ 成功: 20 个样本, 2 个玩家
2025-12-09 22:23:03,912 - INFO - [597/10119] 转换: szqjl_2024-02-27_16_34_05_.rep (已处理: 597, 已转换: 596)
2025-12-09 22:23:03,923 - INFO -   ✓ 成功: 20 个样本, 2 个玩家
2025-12-09 22:23:03,926 - INFO - [598/10119] 转换: szqjl_2024-02-27_16_36_56_.rep (已处理: 598, 已转换: 597)
2025-12-09 22:23:03,936 - INFO -   ✓ 成功: 21 个样本, 2 个玩家
2025-12-09 22:23:03,940 - INFO - [599/10119] 转换: szqjl_2024-02-27_16_39_58_.rep (已处理: 599, 已转换: 598)
2025-12-09 22:23:03,950 - INFO -   ✓ 成功: 21 个样本, 2 个玩家
2025-12-09 22:23:03,953 - INFO - [600/10119] 转换: szqjl_2024-02-27_16_44_16_.rep (已处理: 600, 已转换: 599)
2025-12-09 22:23:03,966 - INFO -   ✓ 成功: 25 个样本, 2 个玩家
2025-12-09 22:23:03,966 - INFO - ============================================================
2025-12-09 22:23:03,967 - INFO - 进度: 成功转换 600 个, 跳过 0 个, 失败 0 个
2025-12-09 22:23:03,967 - INFO - 已转换样本: 11859 个
2025-12-09 22:23:03,968 - INFO - 转换速度: 62.5 文件/秒
2025-12-09 22:23:03,968 - INFO - 预计剩余时间: 2.5 分钟
2025-12-09 22:23:03,968 - INFO - ============================================================
2025-12-09 22:23:03,971 - INFO - [601/10119] 转换: szqjl_2024-02-28_10_14_55_.rep (已处理: 601, 已转换: 600)
2025-12-09 22:23:03,982 - INFO -   ✓ 成功: 21 个样本, 2 个玩家
2025-12-09 22:23:03,985 - INFO - [602/10119] 转换: szqjl_2024-02-28_10_18_43_.rep (已处理: 602, 已转换: 601)
2025-12-09 22:23:04,045 - INFO -   ✓ 成功: 21 个样本, 2 个玩家
2025-12-09 22:23:04,050 - INFO - [603/10119] 转换: szqjl_2024-02-28_10_21_54_.rep (已处理: 603, 已转换: 602)
2025-12-09 22:23:04,069 - INFO -   ✓ 成功: 19 个样本, 2 个玩家
2025-12-09 22:23:04,075 - INFO - [604/10119] 转换: szqjl_2024-02-28_10_24_03_.rep (已处理: 604, 已转换: 603)
2025-12-09 22:23:04,090 - INFO -   ✓ 成功: 17 个样本, 2 个玩家
2025-12-09 22:23:04,094 - INFO - [605/10119] 转换: szqjl_2024-02-28_10_27_18_.rep (已处理: 605, 已转换: 604)
2025-12-09 22:23:04,111 - INFO -   ✓ 成功: 17 个样本, 2 个玩家
2025-12-09 22:23:04,114 - INFO - [606/10119] 转换: szqjl_2024-02-28_10_35_37_.rep (已处理: 606, 已转换: 605)
2025-12-09 22:23:04,127 - INFO -   ✓ 成功: 18 个样本, 2 个玩家
2025-12-09 22:23:04,130 - INFO - [607/10119] 转换: szqjl_2024-02-28_10_38_23_.rep (已处理: 607, 已转换: 606)
2025-12-09 22:23:04,141 - INFO -   ✓ 成功: 17 个样本, 2 个玩家
2025-12-09 22:23:04,143 - INFO - [608/10119] 转换: szqjl_2024-02-28_10_42_07_.rep (已处理: 608, 已转换: 607)
2025-12-09 22:23:04,154 - INFO -   ✓ 成功: 24 个样本, 2 个玩家
2025-12-09 22:23:04,159 - INFO - [609/10119] 转换: szqjl_2024-02-28_10_46_04_.rep (已处理: 609, 已转换: 608)
2025-12-09 22:23:04,169 - INFO -   ✓ 成功: 21 个样本, 2 个玩家
2025-12-09 22:23:04,173 - INFO - [610/10119] 转换: szqjl_2024-02-28_10_49_00_.rep (已处理: 610, 已转换: 609)
2025-12-09 22:23:04,194 - INFO -   ✓ 成功: 18 个样本, 2 个玩家
2025-12-09 22:23:04,199 - INFO - [611/10119] 转换: szqjl_2024-02-28_10_52_03_.rep (已处理: 611, 已转换: 610)
2025-12-09 22:23:04,212 - INFO -   ✓ 成功: 22 个样本, 2 个玩家
2025-12-09 22:23:04,216 - INFO - [612/10119] 转换: szqjl_2024-02-28_10_54_18_.rep (已处理: 612, 已转换: 611)
2025-12-09 22:23:04,228 - INFO -   ✓ 成功: 17 个样本, 2 个玩家
2025-12-09 22:23:04,230 - INFO - [613/10119] 转换: szqjl_2024-02-28_10_57_39_.rep (已处理: 613, 已转换: 612)
2025-12-09 22:23:04,241 - INFO -   ✓ 成功: 22 个样本, 2 个玩家
2025-12-09 22:23:04,244 - INFO - [614/10119] 转换: szqjl_2024-02-28_11_00_43_.rep (已处理: 614, 已转换: 613)
2025-12-09 22:23:04,266 - INFO -   ✓ 成功: 17 个样本, 2 个玩家
2025-12-09 22:23:04,269 - INFO - [615/10119] 转换: szqjl_2024-02-28_11_03_08_.rep (已处理: 615, 已转换: 614)
2025-12-09 22:23:04,280 - INFO -   ✓ 成功: 18 个样本, 2 个玩家
2025-12-09 22:23:04,283 - INFO - [616/10119] 转换: szqjl_2024-02-28_11_06_54_.rep (已处理: 616, 已转换: 615)
2025-12-09 22:23:04,295 - INFO -   ✓ 成功: 21 个样本, 2 个玩家
2025-12-09 22:23:04,298 - INFO - [617/10119] 转换: szqjl_2024-02-28_11_09_57_.rep (已处理: 617, 已转换: 616)
2025-12-09 22:23:04,309 - INFO -   ✓ 成功: 23 个样本, 2 个玩家
2025-12-09 22:23:04,312 - INFO - [618/10119] 转换: szqjl_2024-03-01_13_59_52_.rep (已处理: 618, 已转换: 617)
2025-12-09 22:23:04,323 - INFO -   ✓ 成功: 22 个样本, 2 个玩家
2025-12-09 22:23:04,326 - INFO - [619/10119] 转换: szqjl_2024-03-01_14_03_25_.rep (已处理: 619, 已转换: 618)
2025-12-09 22:23:04,337 - INFO -   ✓ 成功: 19 个样本, 2 个玩家
2025-12-09 22:23:04,341 - INFO - [620/10119] 转换: szqjl_2024-03-01_14_06_11_.rep (已处理: 620, 已转换: 619)
2025-12-09 22:23:04,352 - INFO -   ✓ 成功: 15 个样本, 2 个玩家
2025-12-09 22:23:04,355 - INFO - [621/10119] 转换: szqjl_2024-03-01_14_09_51_.rep (已处理: 621, 已转换: 620)
2025-12-09 22:23:04,366 - INFO -   ✓ 成功: 19 个样本, 2 个玩家
2025-12-09 22:23:04,368 - INFO - [622/10119] 转换: szqjl_2024-03-01_14_13_28_.rep (已处理: 622, 已转换: 621)
2025-12-09 22:23:04,380 - INFO -   ✓ 成功: 18 个样本, 2 个玩家
2025-12-09 22:23:04,382 - INFO - [623/10119] 转换: szqjl_2024-03-01_14_17_01_.rep (已处理: 623, 已转换: 622)
2025-12-09 22:23:04,393 - INFO -   ✓ 成功: 23 个样本, 2 个玩家
2025-12-09 22:23:04,396 - INFO - [624/10119] 转换: szqjl_2024-03-01_14_21_07_.rep (已处理: 624, 已转换: 623)
2025-12-09 22:23:04,407 - INFO -   ✓ 成功: 22 个样本, 2 个玩家
2025-12-09 22:23:04,410 - INFO - [625/10119] 转换: szqjl_2024-03-01_14_24_16_.rep (已处理: 625, 已转换: 624)
2025-12-09 22:23:04,421 - INFO -   ✓ 成功: 17 个样本, 2 个玩家
2025-12-09 22:23:04,425 - INFO - [626/10119] 转换: szqjl_2024-03-01_14_27_14_.rep (已处理: 626, 已转换: 625)
2025-12-09 22:23:04,450 - INFO -   ✓ 成功: 21 个样本, 2 个玩家
2025-12-09 22:23:04,452 - INFO - [627/10119] 转换: szqjl_2024-03-01_14_30_16_.rep (已处理: 627, 已转换: 626)
2025-12-09 22:23:04,464 - INFO -   ✓ 成功: 17 个样本, 2 个玩家
2025-12-09 22:23:04,467 - INFO - [628/10119] 转换: szqjl_2024-03-01_14_33_48_.rep (已处理: 628, 已转换: 627)
2025-12-09 22:23:04,479 - INFO -   ✓ 成功: 22 个样本, 2 个玩家
2025-12-09 22:23:04,488 - INFO - [629/10119] 转换: szqjl_2024-03-01_14_37_59_.rep (已处理: 629, 已转换: 628)
2025-12-09 22:23:04,499 - INFO -   ✓ 成功: 20 个样本, 2 个玩家
2025-12-09 22:23:04,501 - INFO - [630/10119] 转换: szqjl_2024-03-01_14_42_14_.rep (已处理: 630, 已转换: 629)
2025-12-09 22:23:04,513 - INFO -   ✓ 成功: 23 个样本, 2 个玩家
2025-12-09 22:23:04,515 - INFO - [631/10119] 转换: szqjl_2024-03-01_14_45_05_.rep (已处理: 631, 已转换: 630)
2025-12-09 22:23:04,527 - INFO -   ✓ 成功: 18 个样本, 2 个玩家
2025-12-09 22:23:04,530 - INFO - [632/10119] 转换: szqjl_2024-03-01_14_48_31_.rep (已处理: 632, 已转换: 631)
2025-12-09 22:23:04,541 - INFO -   ✓ 成功: 16 个样本, 2 个玩家
2025-12-09 22:23:04,544 - INFO - [633/10119] 转换: szqjl_2024-03-01_14_51_14_.rep (已处理: 633, 已转换: 632)
2025-12-09 22:23:04,556 - INFO -   ✓ 成功: 17 个样本, 2 个玩家
2025-12-09 22:23:04,559 - INFO - [634/10119] 转换: szqjl_2024-03-01_14_54_19_.rep (已处理: 634, 已转换: 633)
2025-12-09 22:23:04,569 - INFO -   ✓ 成功: 16 个样本, 2 个玩家
2025-12-09 22:23:04,572 - INFO - [635/10119] 转换: szqjl_2024-03-01_14_57_05_.rep (已处理: 635, 已转换: 634)
2025-12-09 22:23:04,583 - INFO -   ✓ 成功: 22 个样本, 2 个玩家
2025-12-09 22:23:04,586 - INFO - [636/10119] 转换: szqjl_2024-03-01_14_59_42_.rep (已处理: 636, 已转换: 635)
2025-12-09 22:23:04,596 - INFO -   ✓ 成功: 17 个样本, 2 个玩家
2025-12-09 22:23:04,599 - INFO - [637/10119] 转换: szqjl_2024-03-01_15_02_50_.rep (已处理: 637, 已转换: 636)
2025-12-09 22:23:04,611 - INFO -   ✓ 成功: 18 个样本, 2 个玩家
2025-12-09 22:23:04,614 - INFO - [638/10119] 转换: szqjl_2024-03-01_15_05_26_.rep (已处理: 638, 已转换: 637)
2025-12-09 22:23:04,626 - INFO -   ✓ 成功: 17 个样本, 2 个玩家
2025-12-09 22:23:04,629 - INFO - [639/10119] 转换: szqjl_2024-03-01_15_08_06_.rep (已处理: 639, 已转换: 638)
2025-12-09 22:23:04,639 - INFO -   ✓ 成功: 21 个样本, 2 个玩家
2025-12-09 22:23:04,643 - INFO - [640/10119] 转换: szqjl_2024-03-01_15_10_35_.rep (已处理: 640, 已转换: 639)
2025-12-09 22:23:04,653 - INFO -   ✓ 成功: 22 个样本, 2 个玩家
2025-12-09 22:23:04,658 - INFO - [641/10119] 转换: szqjl_2024-03-01_15_13_17_.rep (已处理: 641, 已转换: 640)
2025-12-09 22:23:04,671 - INFO -   ✓ 成功: 18 个样本, 2 个玩家
2025-12-09 22:23:04,675 - INFO - [642/10119] 转换: szqjl_2024-03-01_15_16_36_.rep (已处理: 642, 已转换: 641)
2025-12-09 22:23:04,686 - INFO -   ✓ 成功: 20 个样本, 2 个玩家
2025-12-09 22:23:04,690 - INFO - [643/10119] 转换: szqjl_2024-03-01_15_19_41_.rep (已处理: 643, 已转换: 642)
2025-12-09 22:23:04,700 - INFO -   ✓ 成功: 18 个样本, 2 个玩家
2025-12-09 22:23:04,703 - INFO - [644/10119] 转换: szqjl_2024-03-05_16_16_36_.rep (已处理: 644, 已转换: 643)
2025-12-09 22:23:04,715 - INFO -   ✓ 成功: 18 个样本, 2 个玩家
2025-12-09 22:23:04,718 - INFO - [645/10119] 转换: szqjl_2024-03-05_16_20_02_.rep (已处理: 645, 已转换: 644)
2025-12-09 22:23:04,729 - INFO -   ✓ 成功: 23 个样本, 2 个玩家
2025-12-09 22:23:04,731 - INFO - [646/10119] 转换: szqjl_2024-03-05_16_24_04_.rep (已处理: 646, 已转换: 645)
2025-12-09 22:23:04,745 - INFO -   ✓ 成功: 20 个样本, 2 个玩家
2025-12-09 22:23:04,748 - INFO - [647/10119] 转换: szqjl_2024-03-05_16_27_48_.rep (已处理: 647, 已转换: 646)
2025-12-09 22:23:04,759 - INFO -   ✓ 成功: 20 个样本, 2 个玩家
2025-12-09 22:23:04,763 - INFO - [648/10119] 转换: szqjl_2024-03-05_16_32_04_.rep (已处理: 648, 已转换: 647)
2025-12-09 22:23:04,774 - INFO -   ✓ 成功: 23 个样本, 2 个玩家
2025-12-09 22:23:04,777 - INFO - [649/10119] 转换: szqjl_2024-03-05_16_36_39_.rep (已处理: 649, 已转换: 648)
2025-12-09 22:23:04,788 - INFO -   ✓ 成功: 23 个样本, 2 个玩家
2025-12-09 22:23:04,791 - INFO - [650/10119] 转换: szqjl_2024-03-05_16_40_39_.rep (已处理: 650, 已转换: 649)
2025-12-09 22:23:04,802 - INFO -   ✓ 成功: 20 个样本, 2 个玩家
2025-12-09 22:23:04,806 - INFO - [651/10119] 转换: szqjl_2024-03-05_16_44_28_.rep (已处理: 651, 已转换: 650)
2025-12-09 22:23:04,817 - INFO -   ✓ 成功: 22 个样本, 2 个玩家
2025-12-09 22:23:04,820 - INFO - [652/10119] 转换: szqjl_2024-03-06_12_42_20_.rep (已处理: 652, 已转换: 651)
2025-12-09 22:23:04,832 - INFO -   ✓ 成功: 21 个样本, 2 个玩家
2025-12-09 22:23:04,835 - INFO - [653/10119] 转换: szqjl_2024-03-06_12_45_01_.rep (已处理: 653, 已转换: 652)
2025-12-09 22:23:04,846 - INFO -   ✓ 成功: 19 个样本, 2 个玩家
2025-12-09 22:23:04,848 - INFO - [654/10119] 转换: szqjl_2024-03-06_12_48_51_.rep (已处理: 654, 已转换: 653)
2025-12-09 22:23:04,859 - INFO -   ✓ 成功: 18 个样本, 2 个玩家
2025-12-09 22:23:04,862 - INFO - [655/10119] 转换: szqjl_2024-03-06_12_52_51_.rep (已处理: 655, 已转换: 654)
2025-12-09 22:23:04,873 - INFO -   ✓ 成功: 20 个样本, 2 个玩家
2025-12-09 22:23:04,876 - INFO - [656/10119] 转换: szqjl_2024-03-06_12_56_07_.rep (已处理: 656, 已转换: 655)
2025-12-09 22:23:04,887 - INFO -   ✓ 成功: 15 个样本, 2 个玩家
2025-12-09 22:23:04,891 - INFO - [657/10119] 转换: szqjl_2024-03-06_12_59_44_.rep (已处理: 657, 已转换: 656)
2025-12-09 22:23:04,903 - INFO -   ✓ 成功: 17 个样本, 2 个玩家
2025-12-09 22:23:04,906 - INFO - [658/10119] 转换: szqjl_2024-03-06_13_05_02_.rep (已处理: 658, 已转换: 657)
2025-12-09 22:23:04,918 - INFO -   ✓ 成功: 20 个样本, 2 个玩家
2025-12-09 22:23:04,922 - INFO - [659/10119] 转换: szqjl_2024-03-06_13_09_11_.rep (已处理: 659, 已转换: 658)
2025-12-09 22:23:04,933 - INFO -   ✓ 成功: 23 个样本, 2 个玩家
2025-12-09 22:23:04,936 - INFO - [660/10119] 转换: szqjl_2024-03-06_13_13_34_.rep (已处理: 660, 已转换: 659)
2025-12-09 22:23:04,946 - INFO -   ✓ 成功: 20 个样本, 2 个玩家
2025-12-09 22:23:04,949 - INFO - [661/10119] 转换: szqjl_2024-03-06_13_16_54_.rep (已处理: 661, 已转换: 660)
2025-12-09 22:23:04,960 - INFO -   ✓ 成功: 20 个样本, 2 个玩家
2025-12-09 22:23:04,963 - INFO - [662/10119] 转换: szqjl_2024-03-06_14_55_37_.rep (已处理: 662, 已转换: 661)
2025-12-09 22:23:04,975 - INFO -   ✓ 成功: 19 个样本, 2 个玩家
2025-12-09 22:23:04,978 - INFO - [663/10119] 转换: szqjl_2024-03-06_14_58_20_.rep (已处理: 663, 已转换: 662)
2025-12-09 22:23:04,989 - INFO -   ✓ 成功: 18 个样本, 2 个玩家
2025-12-09 22:23:04,992 - INFO - [664/10119] 转换: szqjl_2024-03-06_15_00_52_.rep (已处理: 664, 已转换: 663)
2025-12-09 22:23:05,003 - INFO -   ✓ 成功: 21 个样本, 2 个玩家
2025-12-09 22:23:05,006 - INFO - [665/10119] 转换: szqjl_2024-03-06_15_04_04_.rep (已处理: 665, 已转换: 664)
2025-12-09 22:23:05,017 - INFO -   ✓ 成功: 21 个样本, 2 个玩家
2025-12-09 22:23:05,020 - INFO - [666/10119] 转换: szqjl_2024-03-06_15_07_22_.rep (已处理: 666, 已转换: 665)
2025-12-09 22:23:05,034 - INFO -   ✓ 成功: 20 个样本, 2 个玩家
2025-12-09 22:23:05,037 - INFO - [667/10119] 转换: szqjl_2024-03-06_15_10_31_.rep (已处理: 667, 已转换: 666)
2025-12-09 22:23:05,047 - INFO -   ✓ 成功: 16 个样本, 2 个玩家
2025-12-09 22:23:05,050 - INFO - [668/10119] 转换: szqjl_2024-03-06_15_13_10_.rep (已处理: 668, 已转换: 667)
2025-12-09 22:23:05,061 - INFO -   ✓ 成功: 19 个样本, 2 个玩家
2025-12-09 22:23:05,064 - INFO - [669/10119] 转换: szqjl_2024-03-06_15_17_09_.rep (已处理: 669, 已转换: 668)
2025-12-09 22:23:05,075 - INFO -   ✓ 成功: 20 个样本, 2 个玩家
2025-12-09 22:23:05,078 - INFO - [670/10119] 转换: szqjl_2024-03-06_15_20_30_.rep (已处理: 670, 已转换: 669)
2025-12-09 22:23:05,090 - INFO -   ✓ 成功: 22 个样本, 2 个玩家
2025-12-09 22:23:05,093 - INFO - [671/10119] 转换: szqjl_2024-03-06_15_23_01_.rep (已处理: 671, 已转换: 670)
2025-12-09 22:23:05,105 - INFO -   ✓ 成功: 18 个样本, 2 个玩家
2025-12-09 22:23:05,110 - INFO - [672/10119] 转换: szqjl_2024-03-06_15_27_48_.rep (已处理: 672, 已转换: 671)
2025-12-09 22:23:05,124 - INFO -   ✓ 成功: 19 个样本, 2 个玩家
2025-12-09 22:23:05,129 - INFO - [673/10119] 转换: szqjl_2024-03-06_15_30_21_.rep (已处理: 673, 已转换: 672)
2025-12-09 22:23:05,140 - INFO -   ✓ 成功: 15 个样本, 2 个玩家
2025-12-09 22:23:05,143 - INFO - [674/10119] 转换: szqjl_2024-03-06_15_35_32_.rep (已处理: 674, 已转换: 673)
2025-12-09 22:23:05,155 - INFO -   ✓ 成功: 22 个样本, 2 个玩家
2025-12-09 22:23:05,158 - INFO - [675/10119] 转换: szqjl_2024-03-06_15_38_03_.rep (已处理: 675, 已转换: 674)
2025-12-09 22:23:05,168 - INFO -   ✓ 成功: 14 个样本, 2 个玩家
2025-12-09 22:23:05,171 - INFO - [676/10119] 转换: szqjl_2024-03-06_15_40_53_.rep (已处理: 676, 已转换: 675)
2025-12-09 22:23:05,182 - INFO -   ✓ 成功: 19 个样本, 2 个玩家
2025-12-09 22:23:05,185 - INFO - [677/10119] 转换: szqjl_2024-03-06_15_45_56_.rep (已处理: 677, 已转换: 676)
2025-12-09 22:23:05,196 - INFO -   ✓ 成功: 25 个样本, 2 个玩家
2025-12-09 22:23:05,199 - INFO - [678/10119] 转换: szqjl_2024-03-06_15_48_33_.rep (已处理: 678, 已转换: 677)
2025-12-09 22:23:05,210 - INFO -   ✓ 成功: 17 个样本, 2 个玩家
2025-12-09 22:23:05,213 - INFO - [679/10119] 转换: szqjl_2024-03-06_15_52_54_.rep (已处理: 679, 已转换: 678)
2025-12-09 22:23:05,224 - INFO -   ✓ 成功: 20 个样本, 2 个玩家
2025-12-09 22:23:05,227 - INFO - [680/10119] 转换: szqjl_2024-03-06_15_56_47_.rep (已处理: 680, 已转换: 679)
2025-12-09 22:23:05,238 - INFO -   ✓ 成功: 20 个样本, 2 个玩家
2025-12-09 22:23:05,244 - INFO - [681/10119] 转换: szqjl_2024-03-06_16_00_09_.rep (已处理: 681, 已转换: 680)
2025-12-09 22:23:05,255 - INFO -   ✓ 成功: 17 个样本, 2 个玩家
2025-12-09 22:23:05,259 - INFO - [682/10119] 转换: szqjl_2024-03-06_16_02_38_.rep (已处理: 682, 已转换: 681)
2025-12-09 22:23:05,271 - INFO -   ✓ 成功: 24 个样本, 2 个玩家
2025-12-09 22:23:05,275 - INFO - [683/10119] 转换: szqjl_2024-03-06_16_06_03_.rep (已处理: 683, 已转换: 682)
2025-12-09 22:23:05,287 - INFO -   ✓ 成功: 22 个样本, 2 个玩家
2025-12-09 22:23:05,290 - INFO - [684/10119] 转换: szqjl_2024-03-06_16_10_44_.rep (已处理: 684, 已转换: 683)
2025-12-09 22:23:05,301 - INFO -   ✓ 成功: 21 个样本, 2 个玩家
2025-12-09 22:23:05,305 - INFO - [685/10119] 转换: szqjl_2024-03-06_16_13_26_.rep (已处理: 685, 已转换: 684)
2025-12-09 22:23:05,316 - INFO -   ✓ 成功: 16 个样本, 2 个玩家
2025-12-09 22:23:05,319 - INFO - [686/10119] 转换: szqjl_2024-03-06_16_16_40_.rep (已处理: 686, 已转换: 685)
2025-12-09 22:23:05,331 - INFO -   ✓ 成功: 16 个样本, 2 个玩家
2025-12-09 22:23:05,334 - INFO - [687/10119] 转换: szqjl_2024-03-06_16_19_56_.rep (已处理: 687, 已转换: 686)
2025-12-09 22:23:05,345 - INFO -   ✓ 成功: 19 个样本, 2 个玩家
2025-12-09 22:23:05,348 - INFO - [688/10119] 转换: szqjl_2024-03-06_16_23_14_.rep (已处理: 688, 已转换: 687)
2025-12-09 22:23:05,397 - INFO -   ✓ 成功: 19 个样本, 2 个玩家
2025-12-09 22:23:05,400 - INFO - [689/10119] 转换: szqjl_2024-03-06_16_26_14_.rep (已处理: 689, 已转换: 688)
2025-12-09 22:23:05,420 - INFO -   ✓ 成功: 20 个样本, 2 个玩家
2025-12-09 22:23:05,425 - INFO - [690/10119] 转换: szqjl_2024-03-06_16_29_07_.rep (已处理: 690, 已转换: 689)
2025-12-09 22:23:05,439 - INFO -   ✓ 成功: 19 个样本, 2 个玩家
2025-12-09 22:23:05,442 - INFO - [691/10119] 转换: szqjl_2024-03-06_16_31_30_.rep (已处理: 691, 已转换: 690)
2025-12-09 22:23:05,452 - INFO -   ✓ 成功: 15 个样本, 2 个玩家
2025-12-09 22:23:05,455 - INFO - [692/10119] 转换: szqjl_2024-03-11_10_13_59_.rep (已处理: 692, 已转换: 691)
2025-12-09 22:23:05,466 - INFO -   ✓ 成功: 15 个样本, 2 个玩家
2025-12-09 22:23:05,469 - INFO - [693/10119] 转换: szqjl_2024-03-11_10_19_38_.rep (已处理: 693, 已转换: 692)
2025-12-09 22:23:05,481 - INFO -   ✓ 成功: 22 个样本, 2 个玩家
2025-12-09 22:23:05,484 - INFO - [694/10119] 转换: szqjl_2024-03-11_10_29_36_.rep (已处理: 694, 已转换: 693)
2025-12-09 22:23:05,495 - INFO -   ✓ 成功: 23 个样本, 2 个玩家
2025-12-09 22:23:05,498 - INFO - [695/10119] 转换: szqjl_2024-03-11_10_33_43_.rep (已处理: 695, 已转换: 694)
2025-12-09 22:23:05,509 - INFO -   ✓ 成功: 21 个样本, 2 个玩家
2025-12-09 22:23:05,512 - INFO - [696/10119] 转换: szqjl_2024-03-11_10_38_25_.rep (已处理: 696, 已转换: 695)
2025-12-09 22:23:05,523 - INFO -   ✓ 成功: 21 个样本, 2 个玩家
2025-12-09 22:23:05,526 - INFO - [697/10119] 转换: szqjl_2024-03-11_10_42_56_.rep (已处理: 697, 已转换: 696)
2025-12-09 22:23:05,544 - INFO -   ✓ 成功: 21 个样本, 2 个玩家
2025-12-09 22:23:05,547 - INFO - [698/10119] 转换: szqjl_2024-03-11_10_47_33_.rep (已处理: 698, 已转换: 697)
2025-12-09 22:23:05,558 - INFO -   ✓ 成功: 23 个样本, 2 个玩家
2025-12-09 22:23:05,568 - INFO - [699/10119] 转换: szqjl_2024-03-11_10_51_48_.rep (已处理: 699, 已转换: 698)
2025-12-09 22:23:05,579 - INFO -   ✓ 成功: 23 个样本, 2 个玩家
2025-12-09 22:23:05,582 - INFO - [700/10119] 转换: szqjl_2024-03-11_10_56_35_.rep (已处理: 700, 已转换: 699)
2025-12-09 22:23:05,593 - INFO -   ✓ 成功: 25 个样本, 2 个玩家
2025-12-09 22:23:05,594 - INFO - ============================================================
2025-12-09 22:23:05,594 - INFO - 进度: 成功转换 700 个, 跳过 0 个, 失败 0 个
2025-12-09 22:23:05,595 - INFO - 已转换样本: 13819 个
2025-12-09 22:23:05,595 - INFO - 转换速度: 62.3 文件/秒
2025-12-09 22:23:05,596 - INFO - 预计剩余时间: 2.5 分钟
2025-12-09 22:23:05,596 - INFO - ============================================================
2025-12-09 22:23:05,600 - INFO - [701/10119] 转换: szqjl_2024-03-11_11_00_22_.rep (已处理: 701, 已转换: 700)
2025-12-09 22:23:05,611 - INFO -   ✓ 成功: 20 个样本, 2 个玩家
2025-12-09 22:23:05,614 - INFO - [702/10119] 转换: szqjl_2024-03-11_11_05_18_.rep (已处理: 702, 已转换: 701)
2025-12-09 22:23:05,625 - INFO -   ✓ 成功: 17 个样本, 2 个玩家
2025-12-09 22:23:05,628 - INFO - [703/10119] 转换: szqjl_2024-03-11_11_09_39_.rep (已处理: 703, 已转换: 702)
2025-12-09 22:23:05,640 - INFO -   ✓ 成功: 21 个样本, 2 个玩家
2025-12-09 22:23:05,643 - INFO - [704/10119] 转换: szqjl_2024-03-11_11_12_35_.rep (已处理: 704, 已转换: 703)
2025-12-09 22:23:05,656 - INFO -   ✓ 成功: 20 个样本, 2 个玩家
2025-12-09 22:23:05,659 - INFO - [705/10119] 转换: szqjl_2024-03-11_11_15_34_.rep (已处理: 705, 已转换: 704)
2025-12-09 22:23:05,669 - INFO -   ✓ 成功: 24 个样本, 2 个玩家
2025-12-09 22:23:05,673 - INFO - [706/10119] 转换: szqjl_2024-03-11_11_18_53_.rep (已处理: 706, 已转换: 705)
2025-12-09 22:23:05,685 - INFO -   ✓ 成功: 23 个样本, 2 个玩家
2025-12-09 22:23:05,688 - INFO - [707/10119] 转换: szqjl_2024-03-11_11_21_19_.rep (已处理: 707, 已转换: 706)
2025-12-09 22:23:05,699 - INFO -   ✓ 成功: 17 个样本, 2 个玩家
2025-12-09 22:23:05,708 - INFO - [708/10119] 转换: szqjl_2024-03-11_11_25_00_.rep (已处理: 708, 已转换: 707)
2025-12-09 22:23:05,720 - INFO -   ✓ 成功: 17 个样本, 2 个玩家
2025-12-09 22:23:05,727 - INFO - [709/10119] 转换: szqjl_2024-03-11_11_27_58_.rep (已处理: 709, 已转换: 708)
2025-12-09 22:23:05,738 - INFO -   ✓ 成功: 21 个样本, 2 个玩家
2025-12-09 22:23:05,741 - INFO - [710/10119] 转换: szqjl_2024-03-11_12_11_48_.rep (已处理: 710, 已转换: 709)
2025-12-09 22:23:05,752 - INFO -   ✓ 成功: 24 个样本, 2 个玩家
2025-12-09 22:23:05,756 - INFO - [711/10119] 转换: szqjl_2024-03-11_12_14_42_.rep (已处理: 711, 已转换: 710)
2025-12-09 22:23:05,768 - INFO -   ✓ 成功: 20 个样本, 2 个玩家
2025-12-09 22:23:05,771 - INFO - [712/10119] 转换: szqjl_2024-03-11_12_17_35_.rep (已处理: 712, 已转换: 711)
2025-12-09 22:23:05,782 - INFO -   ✓ 成功: 22 个样本, 2 个玩家
2025-12-09 22:23:05,785 - INFO - [713/10119] 转换: szqjl_2024-03-11_12_22_19_.rep (已处理: 713, 已转换: 712)
2025-12-09 22:23:05,796 - INFO -   ✓ 成功: 19 个样本, 2 个玩家
2025-12-09 22:23:05,799 - INFO - [714/10119] 转换: szqjl_2024-03-11_12_26_17_.rep (已处理: 714, 已转换: 713)
2025-12-09 22:23:05,810 - INFO -   ✓ 成功: 18 个样本, 2 个玩家
2025-12-09 22:23:05,813 - INFO - [715/10119] 转换: szqjl_2024-03-11_12_29_38_.rep (已处理: 715, 已转换: 714)
2025-12-09 22:23:05,825 - INFO -   ✓ 成功: 18 个样本, 2 个玩家
2025-12-09 22:23:05,828 - INFO - [716/10119] 转换: szqjl_2024-03-11_12_33_55_.rep (已处理: 716, 已转换: 715)
2025-12-09 22:23:05,839 - INFO -   ✓ 成功: 22 个样本, 2 个玩家
2025-12-09 22:23:05,843 - INFO - [717/10119] 转换: szqjl_2024-03-11_12_38_01_.rep (已处理: 717, 已转换: 716)
2025-12-09 22:23:05,853 - INFO -   ✓ 成功: 23 个样本, 2 个玩家
2025-12-09 22:23:05,859 - INFO - [718/10119] 转换: szqjl_2024-03-11_12_42_51_.rep (已处理: 718, 已转换: 717)
2025-12-09 22:23:05,869 - INFO -   ✓ 成功: 20 个样本, 2 个玩家
2025-12-09 22:23:05,874 - INFO - [719/10119] 转换: szqjl_2024-03-11_12_49_40_.rep (已处理: 719, 已转换: 718)
2025-12-09 22:23:05,885 - INFO -   ✓ 成功: 23 个样本, 2 个玩家
2025-12-09 22:23:05,890 - INFO - [720/10119] 转换: szqjl_2024-03-11_12_54_26_.rep (已处理: 720, 已转换: 719)
2025-12-09 22:23:05,901 - INFO -   ✓ 成功: 19 个样本, 2 个玩家
2025-12-09 22:23:05,907 - INFO - [721/10119] 转换: szqjl_2024-03-12_11_55_08_.rep (已处理: 721, 已转换: 720)
2025-12-09 22:23:05,921 - INFO -   ✓ 成功: 17 个样本, 2 个玩家
2025-12-09 22:23:05,925 - INFO - [722/10119] 转换: szqjl_2024-03-12_11_58_31_.rep (已处理: 722, 已转换: 721)
2025-12-09 22:23:05,935 - INFO -   ✓ 成功: 17 个样本, 2 个玩家
2025-12-09 22:23:05,939 - INFO - [723/10119] 转换: szqjl_2024-03-12_12_01_55_.rep (已处理: 723, 已转换: 722)
2025-12-09 22:23:05,950 - INFO -   ✓ 成功: 19 个样本, 2 个玩家
2025-12-09 22:23:05,953 - INFO - [724/10119] 转换: szqjl_2024-03-12_12_07_21_.rep (已处理: 724, 已转换: 723)
2025-12-09 22:23:05,964 - INFO -   ✓ 成功: 18 个样本, 2 个玩家
2025-12-09 22:23:05,967 - INFO - [725/10119] 转换: szqjl_2024-03-12_12_13_33_.rep (已处理: 725, 已转换: 724)
2025-12-09 22:23:05,978 - INFO -   ✓ 成功: 24 个样本, 2 个玩家
2025-12-09 22:23:05,981 - INFO - [726/10119] 转换: szqjl_2024-03-12_12_17_52_.rep (已处理: 726, 已转换: 725)
2025-12-09 22:23:06,007 - INFO -   ✓ 成功: 16 个样本, 2 个玩家
2025-12-09 22:23:06,010 - INFO - [727/10119] 转换: szqjl_2024-03-12_12_34_15_.rep (已处理: 727, 已转换: 726)
2025-12-09 22:23:06,029 - INFO -   ✓ 成功: 23 个样本, 2 个玩家
2025-12-09 22:23:06,035 - INFO - [728/10119] 转换: szqjl_2024-03-12_12_37_53_.rep (已处理: 728, 已转换: 727)
2025-12-09 22:23:06,047 - INFO -   ✓ 成功: 19 个样本, 2 个玩家
2025-12-09 22:23:06,052 - INFO - [729/10119] 转换: szqjl_2024-03-12_12_41_36_.rep (已处理: 729, 已转换: 728)
2025-12-09 22:23:06,064 - INFO -   ✓ 成功: 24 个样本, 2 个玩家
2025-12-09 22:23:06,067 - INFO - [730/10119] 转换: szqjl_2024-03-12_12_44_10_.rep (已处理: 730, 已转换: 729)
2025-12-09 22:23:06,078 - INFO -   ✓ 成功: 16 个样本, 2 个玩家
2025-12-09 22:23:06,081 - INFO - [731/10119] 转换: szqjl_2024-03-12_12_48_17_.rep (已处理: 731, 已转换: 730)
2025-12-09 22:23:06,093 - INFO -   ✓ 成功: 23 个样本, 2 个玩家
2025-12-09 22:23:06,098 - INFO - [732/10119] 转换: szqjl_2024-03-12_12_51_35_.rep (已处理: 732, 已转换: 731)
2025-12-09 22:23:06,109 - INFO -   ✓ 成功: 21 个样本, 2 个玩家
2025-12-09 22:23:06,113 - INFO - [733/10119] 转换: szqjl_2024-03-12_12_55_45_.rep (已处理: 733, 已转换: 732)
2025-12-09 22:23:06,124 - INFO -   ✓ 成功: 21 个样本, 2 个玩家
2025-12-09 22:23:06,127 - INFO - [734/10119] 转换: szqjl_2024-03-12_14_25_21_.rep (已处理: 734, 已转换: 733)
2025-12-09 22:23:06,138 - INFO -   ✓ 成功: 21 个样本, 2 个玩家
2025-12-09 22:23:06,141 - INFO - [735/10119] 转换: szqjl_2024-03-12_14_28_52_.rep (已处理: 735, 已转换: 734)
2025-12-09 22:23:06,153 - INFO -   ✓ 成功: 18 个样本, 2 个玩家
2025-12-09 22:23:06,157 - INFO - [736/10119] 转换: szqjl_2024-03-12_14_31_13_.rep (已处理: 736, 已转换: 735)
2025-12-09 22:23:06,170 - INFO -   ✓ 成功: 18 个样本, 2 个玩家
2025-12-09 22:23:06,175 - INFO - [737/10119] 转换: szqjl_2024-03-12_14_33_52_.rep (已处理: 737, 已转换: 736)
2025-12-09 22:23:06,189 - INFO -   ✓ 成功: 17 个样本, 2 个玩家
2025-12-09 22:23:06,193 - INFO - [738/10119] 转换: szqjl_2024-03-12_14_36_01_.rep (已处理: 738, 已转换: 737)
2025-12-09 22:23:06,205 - INFO -   ✓ 成功: 19 个样本, 2 个玩家
2025-12-09 22:23:06,210 - INFO - [739/10119] 转换: szqjl_2024-03-12_14_39_20_.rep (已处理: 739, 已转换: 738)
2025-12-09 22:23:06,221 - INFO -   ✓ 成功: 20 个样本, 2 个玩家
2025-12-09 22:23:06,225 - INFO - [740/10119] 转换: szqjl_2024-03-12_14_42_34_.rep (已处理: 740, 已转换: 739)
2025-12-09 22:23:06,235 - INFO -   ✓ 成功: 22 个样本, 2 个玩家
2025-12-09 22:23:06,241 - INFO - [741/10119] 转换: szqjl_2024-03-12_14_45_42_.rep (已处理: 741, 已转换: 740)
2025-12-09 22:23:06,251 - INFO -   ✓ 成功: 21 个样本, 2 个玩家
2025-12-09 22:23:06,255 - INFO - [742/10119] 转换: szqjl_2024-03-12_14_49_25_.rep (已处理: 742, 已转换: 741)
2025-12-09 22:23:06,267 - INFO -   ✓ 成功: 20 个样本, 2 个玩家
2025-12-09 22:23:06,270 - INFO - [743/10119] 转换: szqjl_2024-03-12_14_52_28_.rep (已处理: 743, 已转换: 742)
2025-12-09 22:23:06,281 - INFO -   ✓ 成功: 18 个样本, 2 个玩家
2025-12-09 22:23:06,285 - INFO - [744/10119] 转换: szqjl_2024-03-12_14_55_31_.rep (已处理: 744, 已转换: 743)
2025-12-09 22:23:06,296 - INFO -   ✓ 成功: 17 个样本, 2 个玩家
2025-12-09 22:23:06,300 - INFO - [745/10119] 转换: szqjl_2024-03-12_14_57_54_.rep (已处理: 745, 已转换: 744)
2025-12-09 22:23:06,311 - INFO -   ✓ 成功: 16 个样本, 2 个玩家
2025-12-09 22:23:06,314 - INFO - [746/10119] 转换: szqjl_2024-03-12_15_01_16_.rep (已处理: 746, 已转换: 745)
2025-12-09 22:23:06,326 - INFO -   ✓ 成功: 27 个样本, 2 个玩家
2025-12-09 22:23:06,330 - INFO - [747/10119] 转换: szqjl_2024-03-12_15_03_47_.rep (已处理: 747, 已转换: 746)
2025-12-09 22:23:06,343 - INFO -   ✓ 成功: 17 个样本, 2 个玩家
2025-12-09 22:23:06,346 - INFO - [748/10119] 转换: szqjl_2024-03-12_15_07_13_.rep (已处理: 748, 已转换: 747)
2025-12-09 22:23:06,359 - INFO -   ✓ 成功: 22 个样本, 2 个玩家
2025-12-09 22:23:06,362 - INFO - [749/10119] 转换: szqjl_2024-03-12_15_09_44_.rep (已处理: 749, 已转换: 748)
2025-12-09 22:23:06,374 - INFO -   ✓ 成功: 19 个样本, 2 个玩家
2025-12-09 22:23:06,377 - INFO - [750/10119] 转换: szqjl_2024-03-12_15_12_26_.rep (已处理: 750, 已转换: 749)
2025-12-09 22:23:06,389 - INFO -   ✓ 成功: 22 个样本, 2 个玩家
2025-12-09 22:23:06,393 - INFO - [751/10119] 转换: szqjl_2024-03-12_15_15_03_.rep (已处理: 751, 已转换: 750)
2025-12-09 22:23:06,404 - INFO -   ✓ 成功: 17 个样本, 2 个玩家
2025-12-09 22:23:06,408 - INFO - [752/10119] 转换: szqjl_2024-03-12_15_17_37_.rep (已处理: 752, 已转换: 751)
2025-12-09 22:23:06,428 - INFO -   ✓ 成功: 20 个样本, 2 个玩家
2025-12-09 22:23:06,431 - INFO - [753/10119] 转换: szqjl_2024-03-13_11_49_32_.rep (已处理: 753, 已转换: 752)
2025-12-09 22:23:06,448 - INFO -   ✓ 成功: 22 个样本, 2 个玩家
2025-12-09 22:23:06,451 - INFO - [754/10119] 转换: szqjl_2024-03-13_11_52_41_.rep (已处理: 754, 已转换: 753)
2025-12-09 22:23:06,462 - INFO -   ✓ 成功: 20 个样本, 2 个玩家
2025-12-09 22:23:06,465 - INFO - [755/10119] 转换: szqjl_2024-03-13_11_55_33_.rep (已处理: 755, 已转换: 754)
2025-12-09 22:23:06,476 - INFO -   ✓ 成功: 17 个样本, 2 个玩家
2025-12-09 22:23:06,479 - INFO - [756/10119] 转换: szqjl_2024-03-13_11_58_00_.rep (已处理: 756, 已转换: 755)
2025-12-09 22:23:06,491 - INFO -   ✓ 成功: 17 个样本, 2 个玩家
2025-12-09 22:23:06,496 - INFO - [757/10119] 转换: szqjl_2024-03-13_12_02_11_.rep (已处理: 757, 已转换: 756)
2025-12-09 22:23:06,507 - INFO -   ✓ 成功: 20 个样本, 2 个玩家
2025-12-09 22:23:06,511 - INFO - [758/10119] 转换: szqjl_2024-03-13_12_06_01_.rep (已处理: 758, 已转换: 757)
2025-12-09 22:23:06,521 - INFO -   ✓ 成功: 17 个样本, 2 个玩家
2025-12-09 22:23:06,525 - INFO - [759/10119] 转换: szqjl_2024-03-13_12_09_18_.rep (已处理: 759, 已转换: 758)
2025-12-09 22:23:06,535 - INFO -   ✓ 成功: 16 个样本, 2 个玩家
2025-12-09 22:23:06,539 - INFO - [760/10119] 转换: szqjl_2024-03-13_12_12_30_.rep (已处理: 760, 已转换: 759)
2025-12-09 22:23:06,550 - INFO -   ✓ 成功: 20 个样本, 2 个玩家
2025-12-09 22:23:06,553 - INFO - [761/10119] 转换: szqjl_2024-03-13_12_14_38_.rep (已处理: 761, 已转换: 760)
2025-12-09 22:23:06,565 - INFO -   ✓ 成功: 18 个样本, 2 个玩家
2025-12-09 22:23:06,569 - INFO - [762/10119] 转换: szqjl_2024-03-13_12_25_38_.rep (已处理: 762, 已转换: 761)
2025-12-09 22:23:06,581 - INFO -   ✓ 成功: 21 个样本, 2 个玩家
2025-12-09 22:23:06,584 - INFO - [763/10119] 转换: szqjl_2024-03-13_12_28_55_.rep (已处理: 763, 已转换: 762)
2025-12-09 22:23:06,598 - INFO -   ✓ 成功: 20 个样本, 2 个玩家
2025-12-09 22:23:06,602 - INFO - [764/10119] 转换: szqjl_2024-03-13_12_33_06_.rep (已处理: 764, 已转换: 763)
2025-12-09 22:23:06,613 - INFO -   ✓ 成功: 20 个样本, 2 个玩家
2025-12-09 22:23:06,616 - INFO - [765/10119] 转换: szqjl_2024-03-13_12_36_31_.rep (已处理: 765, 已转换: 764)
2025-12-09 22:23:06,628 - INFO -   ✓ 成功: 21 个样本, 2 个玩家
2025-12-09 22:23:06,631 - INFO - [766/10119] 转换: szqjl_2024-03-13_12_39_52_.rep (已处理: 766, 已转换: 765)
2025-12-09 22:23:06,642 - INFO -   ✓ 成功: 19 个样本, 2 个玩家
2025-12-09 22:23:06,646 - INFO - [767/10119] 转换: szqjl_2024-03-13_12_42_56_.rep (已处理: 767, 已转换: 766)
2025-12-09 22:23:06,658 - INFO -   ✓ 成功: 20 个样本, 2 个玩家
2025-12-09 22:23:06,661 - INFO - [768/10119] 转换: szqjl_2024-03-13_12_46_39_.rep (已处理: 768, 已转换: 767)
2025-12-09 22:23:06,673 - INFO -   ✓ 成功: 23 个样本, 2 个玩家
2025-12-09 22:23:06,680 - INFO - [769/10119] 转换: szqjl_2024-03-13_12_49_54_.rep (已处理: 769, 已转换: 768)
2025-12-09 22:23:06,691 - INFO -   ✓ 成功: 20 个样本, 2 个玩家
2025-12-09 22:23:06,694 - INFO - [770/10119] 转换: szqjl_2024-03-13_12_52_54_.rep (已处理: 770, 已转换: 769)
2025-12-09 22:23:06,706 - INFO -   ✓ 成功: 14 个样本, 2 个玩家
2025-12-09 22:23:06,709 - INFO - [771/10119] 转换: szqjl_2024-03-13_12_58_11_.rep (已处理: 771, 已转换: 770)
2025-12-09 22:23:06,720 - INFO -   ✓ 成功: 17 个样本, 2 个玩家
2025-12-09 22:23:06,725 - INFO - [772/10119] 转换: szqjl_2024-03-13_13_02_33_.rep (已处理: 772, 已转换: 771)
2025-12-09 22:23:06,772 - INFO -   ✓ 成功: 23 个样本, 2 个玩家
2025-12-09 22:23:06,776 - INFO - [773/10119] 转换: szqjl_2024-03-13_13_05_55_.rep (已处理: 773, 已转换: 772)
2025-12-09 22:23:06,787 - INFO -   ✓ 成功: 19 个样本, 2 个玩家
2025-12-09 22:23:06,792 - INFO - [774/10119] 转换: szqjl_2024-03-13_13_09_33_.rep (已处理: 774, 已转换: 773)
2025-12-09 22:23:06,808 - INFO -   ✓ 成功: 21 个样本, 2 个玩家
2025-12-09 22:23:06,812 - INFO - [775/10119] 转换: szqjl_2024-03-13_13_13_54_.rep (已处理: 775, 已转换: 774)
2025-12-09 22:23:06,824 - INFO -   ✓ 成功: 27 个样本, 2 个玩家
2025-12-09 22:23:06,827 - INFO - [776/10119] 转换: szqjl_2024-03-13_13_17_58_.rep (已处理: 776, 已转换: 775)
2025-12-09 22:23:06,841 - INFO -   ✓ 成功: 25 个样本, 2 个玩家
2025-12-09 22:23:06,844 - INFO - [777/10119] 转换: szqjl_2024-03-13_13_21_35_.rep (已处理: 777, 已转换: 776)
2025-12-09 22:23:06,855 - INFO -   ✓ 成功: 21 个样本, 2 个玩家
2025-12-09 22:23:06,859 - INFO - [778/10119] 转换: szqjl_2024-03-13_13_25_10_.rep (已处理: 778, 已转换: 777)
2025-12-09 22:23:06,886 - INFO -   ✓ 成功: 16 个样本, 2 个玩家
2025-12-09 22:23:06,890 - INFO - [779/10119] 转换: szqjl_2024-03-15_12_04_12_.rep (已处理: 779, 已转换: 778)
2025-12-09 22:23:06,909 - INFO -   ✓ 成功: 20 个样本, 2 个玩家
2025-12-09 22:23:06,913 - INFO - [780/10119] 转换: szqjl_2024-03-15_12_08_36_.rep (已处理: 780, 已转换: 779)
2025-12-09 22:23:06,934 - INFO -   ✓ 成功: 21 个样本, 2 个玩家
2025-12-09 22:23:06,938 - INFO - [781/10119] 转换: szqjl_2024-03-15_12_12_08_.rep (已处理: 781, 已转换: 780)
2025-12-09 22:23:06,961 - INFO -   ✓ 成功: 16 个样本, 2 个玩家
2025-12-09 22:23:06,965 - INFO - [782/10119] 转换: szqjl_2024-03-15_12_15_55_.rep (已处理: 782, 已转换: 781)
2025-12-09 22:23:06,985 - INFO -   ✓ 成功: 22 个样本, 2 个玩家
2025-12-09 22:23:06,989 - INFO - [783/10119] 转换: szqjl_2024-03-15_12_18_48_.rep (已处理: 783, 已转换: 782)
2025-12-09 22:23:07,026 - INFO -   ✓ 成功: 18 个样本, 2 个玩家
2025-12-09 22:23:07,030 - INFO - [784/10119] 转换: szqjl_2024-03-15_12_22_07_.rep (已处理: 784, 已转换: 783)
2025-12-09 22:23:07,051 - INFO -   ✓ 成功: 19 个样本, 2 个玩家
2025-12-09 22:23:07,054 - INFO - [785/10119] 转换: szqjl_2024-03-15_12_24_57_.rep (已处理: 785, 已转换: 784)
2025-12-09 22:23:07,083 - INFO -   ✓ 成功: 19 个样本, 2 个玩家
2025-12-09 22:23:07,087 - INFO - [786/10119] 转换: szqjl_2024-03-15_12_27_46_.rep (已处理: 786, 已转换: 785)
2025-12-09 22:23:07,109 - INFO -   ✓ 成功: 20 个样本, 2 个玩家
2025-12-09 22:23:07,113 - INFO - [787/10119] 转换: szqjl_2024-03-15_12_32_46_.rep (已处理: 787, 已转换: 786)
2025-12-09 22:23:07,126 - INFO -   ✓ 成功: 25 个样本, 2 个玩家
2025-12-09 22:23:07,130 - INFO - [788/10119] 转换: szqjl_2024-03-15_12_36_53_.rep (已处理: 788, 已转换: 787)
2025-12-09 22:23:07,141 - INFO -   ✓ 成功: 22 个样本, 2 个玩家
2025-12-09 22:23:07,145 - INFO - [789/10119] 转换: szqjl_2024-03-15_12_40_54_.rep (已处理: 789, 已转换: 788)
2025-12-09 22:23:07,156 - INFO -   ✓ 成功: 18 个样本, 2 个玩家
2025-12-09 22:23:07,160 - INFO - [790/10119] 转换: szqjl_2024-03-15_12_44_39_.rep (已处理: 790, 已转换: 789)
2025-12-09 22:23:07,174 - INFO -   ✓ 成功: 21 个样本, 2 个玩家
2025-12-09 22:23:07,177 - INFO - [791/10119] 转换: szqjl_2024-03-15_12_49_13_.rep (已处理: 791, 已转换: 790)
2025-12-09 22:23:07,189 - INFO -   ✓ 成功: 19 个样本, 2 个玩家
2025-12-09 22:23:07,193 - INFO - [792/10119] 转换: szqjl_2024-03-15_12_52_43_.rep (已处理: 792, 已转换: 791)
2025-12-09 22:23:07,203 - INFO -   ✓ 成功: 18 个样本, 2 个玩家
2025-12-09 22:23:07,207 - INFO - [793/10119] 转换: szqjl_2024-03-15_12_58_47_.rep (已处理: 793, 已转换: 792)
2025-12-09 22:23:07,219 - INFO -   ✓ 成功: 20 个样本, 2 个玩家
2025-12-09 22:23:07,223 - INFO - [794/10119] 转换: szqjl_2024-03-15_13_01_46_.rep (已处理: 794, 已转换: 793)
2025-12-09 22:23:07,237 - INFO -   ✓ 成功: 23 个样本, 2 个玩家
2025-12-09 22:23:07,243 - INFO - [795/10119] 转换: szqjl_2024-03-15_13_04_07_.rep (已处理: 795, 已转换: 794)
2025-12-09 22:23:07,257 - INFO -   ✓ 成功: 22 个样本, 2 个玩家
2025-12-09 22:23:07,260 - INFO - [796/10119] 转换: szqjl_2024-03-15_13_06_39_.rep (已处理: 796, 已转换: 795)
2025-12-09 22:23:07,272 - INFO -   ✓ 成功: 19 个样本, 2 个玩家
2025-12-09 22:23:07,275 - INFO - [797/10119] 转换: szqjl_2024-03-15_13_08_52_.rep (已处理: 797, 已转换: 796)
2025-12-09 22:23:07,287 - INFO -   ✓ 成功: 16 个样本, 2 个玩家
2025-12-09 22:23:07,290 - INFO - [798/10119] 转换: szqjl_2024-03-15_13_12_12_.rep (已处理: 798, 已转换: 797)
2025-12-09 22:23:07,307 - INFO -   ✓ 成功: 21 个样本, 2 个玩家
2025-12-09 22:23:07,310 - INFO - [799/10119] 转换: szqjl_2024-03-15_13_14_55_.rep (已处理: 799, 已转换: 798)
2025-12-09 22:23:07,321 - INFO -   ✓ 成功: 18 个样本, 2 个玩家
2025-12-09 22:23:07,325 - INFO - [800/10119] 转换: szqjl_2024-03-15_13_17_05_.rep (已处理: 800, 已转换: 799)
2025-12-09 22:23:07,341 - INFO -   ✓ 成功: 19 个样本, 2 个玩家
2025-12-09 22:23:07,341 - INFO - ============================================================
2025-12-09 22:23:07,341 - INFO - 进度: 成功转换 800 个, 跳过 0 个, 失败 0 个
2025-12-09 22:23:07,342 - INFO - 已转换样本: 15806 个
2025-12-09 22:23:07,344 - INFO - 转换速度: 61.6 文件/秒
2025-12-09 22:23:07,345 - INFO - 预计剩余时间: 2.5 分钟
2025-12-09 22:23:07,345 - INFO - ============================================================
2025-12-09 22:23:07,349 - INFO - [801/10119] 转换: szqjl_2024-03-15_13_19_32_.rep (已处理: 801, 已转换: 800)
2025-12-09 22:23:07,360 - INFO -   ✓ 成功: 20 个样本, 2 个玩家
2025-12-09 22:23:07,363 - INFO - [802/10119] 转换: szqjl_2024-03-15_13_22_05_.rep (已处理: 802, 已转换: 801)
2025-12-09 22:23:07,374 - INFO -   ✓ 成功: 22 个样本, 2 个玩家
2025-12-09 22:23:07,378 - INFO - [803/10119] 转换: szqjl_2024-03-15_15_29_32_.rep (已处理: 803, 已转换: 802)
2025-12-09 22:23:07,389 - INFO -   ✓ 成功: 17 个样本, 2 个玩家
2025-12-09 22:23:07,393 - INFO - [804/10119] 转换: szqjl_2024-03-15_15_32_48_.rep (已处理: 804, 已转换: 803)
2025-12-09 22:23:07,406 - INFO -   ✓ 成功: 21 个样本, 2 个玩家
2025-12-09 22:23:07,410 - INFO - [805/10119] 转换: szqjl_2024-03-15_15_36_41_.rep (已处理: 805, 已转换: 804)
2025-12-09 22:23:07,423 - INFO -   ✓ 成功: 24 个样本, 2 个玩家
2025-12-09 22:23:07,426 - INFO - [806/10119] 转换: szqjl_2024-03-15_15_40_48_.rep (已处理: 806, 已转换: 805)
2025-12-09 22:23:07,437 - INFO -   ✓ 成功: 19 个样本, 2 个玩家
2025-12-09 22:23:07,441 - INFO - [807/10119] 转换: szqjl_2024-03-15_15_44_15_.rep (已处理: 807, 已转换: 806)
2025-12-09 22:23:07,452 - INFO -   ✓ 成功: 20 个样本, 2 个玩家
2025-12-09 22:23:07,456 - INFO - [808/10119] 转换: szqjl_2024-03-15_15_47_00_.rep (已处理: 808, 已转换: 807)
2025-12-09 22:23:07,467 - INFO -   ✓ 成功: 23 个样本, 2 个玩家
2025-12-09 22:23:07,471 - INFO - [809/10119] 转换: szqjl_2024-03-15_15_50_17_.rep (已处理: 809, 已转换: 808)
2025-12-09 22:23:07,482 - INFO -   ✓ 成功: 21 个样本, 2 个玩家
2025-12-09 22:23:07,486 - INFO - [810/10119] 转换: szqjl_2024-03-15_15_54_33_.rep (已处理: 810, 已转换: 809)
2025-12-09 22:23:07,500 - INFO -   ✓ 成功: 18 个样本, 2 个玩家
2025-12-09 22:23:07,504 - INFO - [811/10119] 转换: szqjl_2024-03-15_15_58_26_.rep (已处理: 811, 已转换: 810)
2025-12-09 22:23:07,516 - INFO -   ✓ 成功: 19 个样本, 2 个玩家
2025-12-09 22:23:07,519 - INFO - [812/10119] 转换: szqjl_2024-03-15_16_02_54_.rep (已处理: 812, 已转换: 811)
2025-12-09 22:23:07,533 - INFO -   ✓ 成功: 21 个样本, 2 个玩家
2025-12-09 22:23:07,536 - INFO - [813/10119] 转换: szqjl_2024-03-15_16_11_38_.rep (已处理: 813, 已转换: 812)
2025-12-09 22:23:07,547 - INFO -   ✓ 成功: 18 个样本, 2 个玩家
2025-12-09 22:23:07,550 - INFO - [814/10119] 转换: szqjl_2024-03-15_16_16_26_.rep (已处理: 814, 已转换: 813)
2025-12-09 22:23:07,562 - INFO -   ✓ 成功: 18 个样本, 2 个玩家
2025-12-09 22:23:07,565 - INFO - [815/10119] 转换: szqjl_2024-03-15_16_20_40_.rep (已处理: 815, 已转换: 814)
2025-12-09 22:23:07,577 - INFO -   ✓ 成功: 20 个样本, 2 个玩家
2025-12-09 22:23:07,580 - INFO - [816/10119] 转换: szqjl_2024-03-15_16_25_01_.rep (已处理: 816, 已转换: 815)
2025-12-09 22:23:07,608 - INFO -   ✓ 成功: 20 个样本, 2 个玩家
2025-12-09 22:23:07,612 - INFO - [817/10119] 转换: szqjl_2024-03-15_16_29_34_.rep (已处理: 817, 已转换: 816)
2025-12-09 22:23:07,622 - INFO -   ✓ 成功: 20 个样本, 2 个玩家
2025-12-09 22:23:07,626 - INFO - [818/10119] 转换: szqjl_2024-03-15_16_33_00_.rep (已处理: 818, 已转换: 817)
2025-12-09 22:23:07,636 - INFO -   ✓ 成功: 17 个样本, 2 个玩家
2025-12-09 22:23:07,642 - INFO - [819/10119] 转换: szqjl_2024-03-19_09_32_49_.rep (已处理: 819, 已转换: 818)
2025-12-09 22:23:07,652 - INFO -   ✓ 成功: 16 个样本, 2 个玩家
2025-12-09 22:23:07,656 - INFO - [820/10119] 转换: szqjl_2024-03-19_09_39_12_.rep (已处理: 820, 已转换: 819)
2025-12-09 22:23:07,667 - INFO -   ✓ 成功: 24 个样本, 2 个玩家
2025-12-09 22:23:07,672 - INFO - [821/10119] 转换: szqjl_2024-03-19_09_45_21_.rep (已处理: 821, 已转换: 820)
2025-12-09 22:23:07,682 - INFO -   ✓ 成功: 19 个样本, 2 个玩家
2025-12-09 22:23:07,687 - INFO - [822/10119] 转换: szqjl_2024-03-19_09_52_42_.rep (已处理: 822, 已转换: 821)
2025-12-09 22:23:07,697 - INFO -   ✓ 成功: 17 个样本, 2 个玩家
2025-12-09 22:23:07,702 - INFO - [823/10119] 转换: szqjl_2024-03-19_10_40_15_.rep (已处理: 823, 已转换: 822)
2025-12-09 22:23:07,713 - INFO -   ✓ 成功: 16 个样本, 2 个玩家
2025-12-09 22:23:07,719 - INFO - [824/10119] 转换: szqjl_2024-03-19_10_43_39_.rep (已处理: 824, 已转换: 823)
2025-12-09 22:23:07,733 - INFO -   ✓ 成功: 21 个样本, 2 个玩家
2025-12-09 22:23:07,736 - INFO - [825/10119] 转换: szqjl_2024-03-19_10_48_55_.rep (已处理: 825, 已转换: 824)
2025-12-09 22:23:07,747 - INFO -   ✓ 成功: 23 个样本, 2 个玩家
2025-12-09 22:23:07,751 - INFO - [826/10119] 转换: szqjl_2024-03-19_10_52_41_.rep (已处理: 826, 已转换: 825)
2025-12-09 22:23:07,762 - INFO -   ✓ 成功: 16 个样本, 2 个玩家
2025-12-09 22:23:07,767 - INFO - [827/10119] 转换: szqjl_2024-03-19_10_57_56_.rep (已处理: 827, 已转换: 826)
2025-12-09 22:23:07,778 - INFO -   ✓ 成功: 24 个样本, 2 个玩家
2025-12-09 22:23:07,782 - INFO - [828/10119] 转换: szqjl_2024-03-19_11_02_56_.rep (已处理: 828, 已转换: 827)
2025-12-09 22:23:07,793 - INFO -   ✓ 成功: 21 个样本, 2 个玩家
2025-12-09 22:23:07,798 - INFO - [829/10119] 转换: szqjl_2024-03-19_11_07_06_.rep (已处理: 829, 已转换: 828)
2025-12-09 22:23:07,808 - INFO -   ✓ 成功: 19 个样本, 2 个玩家
2025-12-09 22:23:07,813 - INFO - [830/10119] 转换: szqjl_2024-03-19_11_11_21_.rep (已处理: 830, 已转换: 829)
2025-12-09 22:23:07,823 - INFO -   ✓ 成功: 17 个样本, 2 个玩家
2025-12-09 22:23:07,827 - INFO - [831/10119] 转换: szqjl_2024-03-19_11_15_27_.rep (已处理: 831, 已转换: 830)
2025-12-09 22:23:07,837 - INFO -   ✓ 成功: 22 个样本, 2 个玩家
2025-12-09 22:23:07,842 - INFO - [832/10119] 转换: szqjl_2024-03-19_11_20_27_.rep (已处理: 832, 已转换: 831)
2025-12-09 22:23:07,852 - INFO -   ✓ 成功: 19 个样本, 2 个玩家
2025-12-09 22:23:07,856 - INFO - [833/10119] 转换: szqjl_2024-03-19_11_24_33_.rep (已处理: 833, 已转换: 832)
2025-12-09 22:23:07,867 - INFO -   ✓ 成功: 22 个样本, 2 个玩家
2025-12-09 22:23:07,870 - INFO - [834/10119] 转换: szqjl_2024-03-19_11_27_59_.rep (已处理: 834, 已转换: 833)
2025-12-09 22:23:07,882 - INFO -   ✓ 成功: 23 个样本, 2 个玩家
2025-12-09 22:23:07,887 - INFO - [835/10119] 转换: szqjl_2024-03-19_11_32_12_.rep (已处理: 835, 已转换: 834)
2025-12-09 22:23:07,899 - INFO -   ✓ 成功: 19 个样本, 2 个玩家
2025-12-09 22:23:07,903 - INFO - [836/10119] 转换: szqjl_2024-03-19_11_35_30_.rep (已处理: 836, 已转换: 835)
2025-12-09 22:23:07,914 - INFO -   ✓ 成功: 22 个样本, 2 个玩家
2025-12-09 22:23:07,918 - INFO - [837/10119] 转换: szqjl_2024-03-19_11_39_26_.rep (已处理: 837, 已转换: 836)
2025-12-09 22:23:07,931 - INFO -   ✓ 成功: 19 个样本, 2 个玩家
2025-12-09 22:23:07,934 - INFO - [838/10119] 转换: szqjl_2024-03-19_11_43_11_.rep (已处理: 838, 已转换: 837)
2025-12-09 22:23:07,956 - INFO -   ✓ 成功: 23 个样本, 2 个玩家
2025-12-09 22:23:07,960 - INFO - [839/10119] 转换: szqjl_2024-03-19_11_46_31_.rep (已处理: 839, 已转换: 838)
2025-12-09 22:23:07,971 - INFO -   ✓ 成功: 21 个样本, 2 个玩家
2025-12-09 22:23:07,975 - INFO - [840/10119] 转换: szqjl_2024-03-19_11_49_40_.rep (已处理: 840, 已转换: 839)
2025-12-09 22:23:07,986 - INFO -   ✓ 成功: 18 个样本, 2 个玩家
2025-12-09 22:23:07,989 - INFO - [841/10119] 转换: szqjl_2024-03-19_11_52_59_.rep (已处理: 841, 已转换: 840)
2025-12-09 22:23:08,000 - INFO -   ✓ 成功: 21 个样本, 2 个玩家
2025-12-09 22:23:08,004 - INFO - [842/10119] 转换: szqjl_2024-03-19_12_13_47_.rep (已处理: 842, 已转换: 841)
2025-12-09 22:23:08,015 - INFO -   ✓ 成功: 20 个样本, 2 个玩家
2025-12-09 22:23:08,019 - INFO - [843/10119] 转换: szqjl_2024-03-19_12_18_14_.rep (已处理: 843, 已转换: 842)
2025-12-09 22:23:08,031 - INFO -   ✓ 成功: 24 个样本, 2 个玩家
2025-12-09 22:23:08,034 - INFO - [844/10119] 转换: szqjl_2024-03-19_12_21_37_.rep (已处理: 844, 已转换: 843)
2025-12-09 22:23:08,045 - INFO -   ✓ 成功: 19 个样本, 2 个玩家
2025-12-09 22:23:08,049 - INFO - [845/10119] 转换: szqjl_2024-03-19_12_24_36_.rep (已处理: 845, 已转换: 844)
2025-12-09 22:23:08,060 - INFO -   ✓ 成功: 21 个样本, 2 个玩家
2025-12-09 22:23:08,063 - INFO - [846/10119] 转换: szqjl_2024-03-19_12_28_12_.rep (已处理: 846, 已转换: 845)
2025-12-09 22:23:08,075 - INFO -   ✓ 成功: 20 个样本, 2 个玩家
2025-12-09 22:23:08,078 - INFO - [847/10119] 转换: szqjl_2024-03-19_12_31_41_.rep (已处理: 847, 已转换: 846)
2025-12-09 22:23:08,093 - INFO -   ✓ 成功: 21 个样本, 2 个玩家
2025-12-09 22:23:08,097 - INFO - [848/10119] 转换: szqjl_2024-03-19_12_35_19_.rep (已处理: 848, 已转换: 847)
2025-12-09 22:23:08,161 - INFO -   ✓ 成功: 20 个样本, 2 个玩家
2025-12-09 22:23:08,165 - INFO - [849/10119] 转换: szqjl_2024-03-19_12_38_38_.rep (已处理: 849, 已转换: 848)
2025-12-09 22:23:08,175 - INFO -   ✓ 成功: 21 个样本, 2 个玩家
2025-12-09 22:23:08,179 - INFO - [850/10119] 转换: szqjl_2024-03-19_12_42_20_.rep (已处理: 850, 已转换: 849)
2025-12-09 22:23:08,190 - INFO -   ✓ 成功: 22 个样本, 2 个玩家
2025-12-09 22:23:08,194 - INFO - [851/10119] 转换: szqjl_2024-03-19_12_46_02_.rep (已处理: 851, 已转换: 850)
2025-12-09 22:23:08,208 - INFO -   ✓ 成功: 23 个样本, 2 个玩家
2025-12-09 22:23:08,211 - INFO - [852/10119] 转换: szqjl_2024-03-19_12_49_48_.rep (已处理: 852, 已转换: 851)
2025-12-09 22:23:08,223 - INFO -   ✓ 成功: 22 个样本, 2 个玩家
2025-12-09 22:23:08,227 - INFO - [853/10119] 转换: szqjl_2024-03-19_12_54_19_.rep (已处理: 853, 已转换: 852)
2025-12-09 22:23:08,238 - INFO -   ✓ 成功: 23 个样本, 2 个玩家
2025-12-09 22:23:08,243 - INFO - [854/10119] 转换: szqjl_2024-03-19_12_58_28_.rep (已处理: 854, 已转换: 853)
2025-12-09 22:23:08,255 - INFO -   ✓ 成功: 20 个样本, 2 个玩家
2025-12-09 22:23:08,267 - INFO - [855/10119] 转换: szqjl_2024-03-19_13_02_32_.rep (已处理: 855, 已转换: 854)
2025-12-09 22:23:08,280 - INFO -   ✓ 成功: 17 个样本, 2 个玩家
2025-12-09 22:23:08,289 - INFO - [856/10119] 转换: szqjl_2024-03-19_13_06_33_.rep (已处理: 856, 已转换: 855)
2025-12-09 22:23:08,300 - INFO -   ✓ 成功: 20 个样本, 2 个玩家
2025-12-09 22:23:08,307 - INFO - [857/10119] 转换: szqjl_2024-03-19_13_11_03_.rep (已处理: 857, 已转换: 856)
2025-12-09 22:23:08,319 - INFO -   ✓ 成功: 25 个样本, 2 个玩家
2025-12-09 22:23:08,322 - INFO - [858/10119] 转换: szqjl_2024-03-19_13_14_19_.rep (已处理: 858, 已转换: 857)
2025-12-09 22:23:08,334 - INFO -   ✓ 成功: 21 个样本, 2 个玩家
2025-12-09 22:23:08,338 - INFO - [859/10119] 转换: szqjl_2024-03-19_13_17_35_.rep (已处理: 859, 已转换: 858)
2025-12-09 22:23:08,349 - INFO -   ✓ 成功: 20 个样本, 2 个玩家
2025-12-09 22:23:08,353 - INFO - [860/10119] 转换: szqjl_2024-03-19_13_20_00_.rep (已处理: 860, 已转换: 859)
2025-12-09 22:23:08,363 - INFO -   ✓ 成功: 14 个样本, 2 个玩家
2025-12-09 22:23:08,367 - INFO - [861/10119] 转换: szqjl_2024-03-19_13_23_07_.rep (已处理: 861, 已转换: 860)
2025-12-09 22:23:08,378 - INFO -   ✓ 成功: 19 个样本, 2 个玩家
2025-12-09 22:23:08,382 - INFO - [862/10119] 转换: szqjl_2024-03-19_13_28_08_.rep (已处理: 862, 已转换: 861)
2025-12-09 22:23:08,396 - INFO -   ✓ 成功: 18 个样本, 2 个玩家
2025-12-09 22:23:08,399 - INFO - [863/10119] 转换: szqjl_2024-03-19_13_32_07_.rep (已处理: 863, 已转换: 862)
2025-12-09 22:23:08,410 - INFO -   ✓ 成功: 21 个样本, 2 个玩家
2025-12-09 22:23:08,414 - INFO - [864/10119] 转换: szqjl_2024-03-19_13_36_29_.rep (已处理: 864, 已转换: 863)
2025-12-09 22:23:08,425 - INFO -   ✓ 成功: 25 个样本, 2 个玩家
2025-12-09 22:23:08,429 - INFO - [865/10119] 转换: szqjl_2024-03-19_13_38_57_.rep (已处理: 865, 已转换: 864)
2025-12-09 22:23:08,440 - INFO -   ✓ 成功: 21 个样本, 2 个玩家
2025-12-09 22:23:08,444 - INFO - [866/10119] 转换: szqjl_2024-03-19_13_42_22_.rep (已处理: 866, 已转换: 865)
2025-12-09 22:23:08,455 - INFO -   ✓ 成功: 26 个样本, 2 个玩家
2025-12-09 22:23:08,460 - INFO - [867/10119] 转换: szqjl_2024-03-19_13_45_33_.rep (已处理: 867, 已转换: 866)
2025-12-09 22:23:08,473 - INFO -   ✓ 成功: 18 个样本, 2 个玩家
2025-12-09 22:23:08,484 - INFO - [868/10119] 转换: szqjl_2024-03-19_13_47_53_.rep (已处理: 868, 已转换: 867)
2025-12-09 22:23:08,501 - INFO -   ✓ 成功: 17 个样本, 2 个玩家
2025-12-09 22:23:08,507 - INFO - [869/10119] 转换: szqjl_2024-03-19_13_50_17_.rep (已处理: 869, 已转换: 868)
2025-12-09 22:23:08,519 - INFO -   ✓ 成功: 19 个样本, 2 个玩家
2025-12-09 22:23:08,524 - INFO - [870/10119] 转换: szqjl_2024-03-19_13_53_15_.rep (已处理: 870, 已转换: 869)
2025-12-09 22:23:08,534 - INFO -   ✓ 成功: 19 个样本, 2 个玩家
2025-12-09 22:23:08,538 - INFO - [871/10119] 转换: szqjl_2024-03-19_13_55_50_.rep (已处理: 871, 已转换: 870)
2025-12-09 22:23:08,549 - INFO -   ✓ 成功: 21 个样本, 2 个玩家
2025-12-09 22:23:08,553 - INFO - [872/10119] 转换: szqjl_2024-03-19_13_58_37_.rep (已处理: 872, 已转换: 871)
2025-12-09 22:23:08,564 - INFO -   ✓ 成功: 19 个样本, 2 个玩家
2025-12-09 22:23:08,567 - INFO - [873/10119] 转换: szqjl_2024-03-19_14_01_47_.rep (已处理: 873, 已转换: 872)
2025-12-09 22:23:08,578 - INFO -   ✓ 成功: 20 个样本, 2 个玩家
2025-12-09 22:23:08,586 - INFO - [874/10119] 转换: szqjl_2024-03-19_14_04_30_.rep (已处理: 874, 已转换: 873)
2025-12-09 22:23:08,597 - INFO -   ✓ 成功: 19 个样本, 2 个玩家
2025-12-09 22:23:08,601 - INFO - [875/10119] 转换: szqjl_2024-03-19_14_07_06_.rep (已处理: 875, 已转换: 874)
2025-12-09 22:23:08,612 - INFO -   ✓ 成功: 20 个样本, 2 个玩家
2025-12-09 22:23:08,615 - INFO - [876/10119] 转换: szqjl_2024-03-20_12_38_29_.rep (已处理: 876, 已转换: 875)
2025-12-09 22:23:08,630 - INFO -   ✓ 成功: 21 个样本, 2 个玩家
2025-12-09 22:23:08,634 - INFO - [877/10119] 转换: szqjl_2024-03-20_12_42_07_.rep (已处理: 877, 已转换: 876)
2025-12-09 22:23:08,645 - INFO -   ✓ 成功: 18 个样本, 2 个玩家
2025-12-09 22:23:08,648 - INFO - [878/10119] 转换: szqjl_2024-03-20_12_45_17_.rep (已处理: 878, 已转换: 877)
2025-12-09 22:23:08,659 - INFO -   ✓ 成功: 18 个样本, 2 个玩家
2025-12-09 22:23:08,663 - INFO - [879/10119] 转换: szqjl_2024-03-20_12_47_56_.rep (已处理: 879, 已转换: 878)
2025-12-09 22:23:08,681 - INFO -   ✓ 成功: 15 个样本, 2 个玩家
2025-12-09 22:23:08,684 - INFO - [880/10119] 转换: szqjl_2024-03-20_12_52_04_.rep (已处理: 880, 已转换: 879)
2025-12-09 22:23:08,696 - INFO -   ✓ 成功: 17 个样本, 2 个玩家
2025-12-09 22:23:08,699 - INFO - [881/10119] 转换: szqjl_2024-03-20_12_55_46_.rep (已处理: 881, 已转换: 880)
2025-12-09 22:23:08,711 - INFO -   ✓ 成功: 19 个样本, 2 个玩家
2025-12-09 22:23:08,715 - INFO - [882/10119] 转换: szqjl_2024-03-20_12_58_45_.rep (已处理: 882, 已转换: 881)
2025-12-09 22:23:08,727 - INFO -   ✓ 成功: 23 个样本, 2 个玩家
2025-12-09 22:23:08,731 - INFO - [883/10119] 转换: szqjl_2024-03-20_13_02_38_.rep (已处理: 883, 已转换: 882)
2025-12-09 22:23:08,742 - INFO -   ✓ 成功: 22 个样本, 2 个玩家
2025-12-09 22:23:08,746 - INFO - [884/10119] 转换: szqjl_2024-03-20_13_05_54_.rep (已处理: 884, 已转换: 883)
2025-12-09 22:23:08,757 - INFO -   ✓ 成功: 23 个样本, 2 个玩家
2025-12-09 22:23:08,761 - INFO - [885/10119] 转换: szqjl_2024-03-20_13_08_43_.rep (已处理: 885, 已转换: 884)
2025-12-09 22:23:08,772 - INFO -   ✓ 成功: 17 个样本, 2 个玩家
2025-12-09 22:23:08,775 - INFO - [886/10119] 转换: szqjl_2024-03-20_13_11_46_.rep (已处理: 886, 已转换: 885)
2025-12-09 22:23:08,786 - INFO -   ✓ 成功: 20 个样本, 2 个玩家
2025-12-09 22:23:08,790 - INFO - [887/10119] 转换: szqjl_2024-03-20_13_15_12_.rep (已处理: 887, 已转换: 886)
2025-12-09 22:23:08,801 - INFO -   ✓ 成功: 19 个样本, 2 个玩家
2025-12-09 22:23:08,805 - INFO - [888/10119] 转换: szqjl_2024-03-20_13_18_18_.rep (已处理: 888, 已转换: 887)
2025-12-09 22:23:08,816 - INFO -   ✓ 成功: 17 个样本, 2 个玩家
2025-12-09 22:23:08,820 - INFO - [889/10119] 转换: szqjl_2024-03-20_13_21_47_.rep (已处理: 889, 已转换: 888)
2025-12-09 22:23:08,832 - INFO -   ✓ 成功: 20 个样本, 2 个玩家
2025-12-09 22:23:08,835 - INFO - [890/10119] 转换: szqjl_2024-03-20_13_25_06_.rep (已处理: 890, 已转换: 889)
2025-12-09 22:23:08,847 - INFO -   ✓ 成功: 17 个样本, 2 个玩家
2025-12-09 22:23:08,851 - INFO - [891/10119] 转换: szqjl_2024-03-20_13_28_33_.rep (已处理: 891, 已转换: 890)
2025-12-09 22:23:08,865 - INFO -   ✓ 成功: 21 个样本, 2 个玩家
2025-12-09 22:23:08,868 - INFO - [892/10119] 转换: szqjl_2024-03-20_16_03_10_.rep (已处理: 892, 已转换: 891)
2025-12-09 22:23:08,880 - INFO -   ✓ 成功: 19 个样本, 2 个玩家
2025-12-09 22:23:08,884 - INFO - [893/10119] 转换: szqjl_2024-03-20_16_08_18_.rep (已处理: 893, 已转换: 892)
2025-12-09 22:23:08,896 - INFO -   ✓ 成功: 24 个样本, 2 个玩家
2025-12-09 22:23:08,900 - INFO - [894/10119] 转换: szqjl_2024-03-20_16_12_25_.rep (已处理: 894, 已转换: 893)
2025-12-09 22:23:08,911 - INFO -   ✓ 成功: 20 个样本, 2 个玩家
2025-12-09 22:23:08,915 - INFO - [895/10119] 转换: szqjl_2024-03-20_16_16_58_.rep (已处理: 895, 已转换: 894)
2025-12-09 22:23:08,926 - INFO -   ✓ 成功: 20 个样本, 2 个玩家
2025-12-09 22:23:08,930 - INFO - [896/10119] 转换: szqjl_2024-03-20_16_20_26_.rep (已处理: 896, 已转换: 895)
2025-12-09 22:23:08,941 - INFO -   ✓ 成功: 19 个样本, 2 个玩家
2025-12-09 22:23:08,948 - INFO - [897/10119] 转换: szqjl_2024-03-20_16_25_21_.rep (已处理: 897, 已转换: 896)
2025-12-09 22:23:08,961 - INFO -   ✓ 成功: 22 个样本, 2 个玩家
2025-12-09 22:23:08,965 - INFO - [898/10119] 转换: szqjl_2024-03-20_16_29_12_.rep (已处理: 898, 已转换: 897)
2025-12-09 22:23:08,976 - INFO -   ✓ 成功: 19 个样本, 2 个玩家
2025-12-09 22:23:08,980 - INFO - [899/10119] 转换: szqjl_2024-03-20_16_33_21_.rep (已处理: 899, 已转换: 898)
2025-12-09 22:23:08,991 - INFO -   ✓ 成功: 19 个样本, 2 个玩家
2025-12-09 22:23:08,995 - INFO - [900/10119] 转换: szqjl_2024-03-21_09_50_45_.rep (已处理: 900, 已转换: 899)
2025-12-09 22:23:09,006 - INFO -   ✓ 成功: 19 个样本, 2 个玩家
2025-12-09 22:23:09,007 - INFO - ============================================================
2025-12-09 22:23:09,007 - INFO - 进度: 成功转换 900 个, 跳过 0 个, 失败 0 个
2025-12-09 22:23:09,008 - INFO - 已转换样本: 17809 个
2025-12-09 22:23:09,008 - INFO - 转换速度: 61.5 文件/秒
2025-12-09 22:23:09,008 - INFO - 预计剩余时间: 2.5 分钟
2025-12-09 22:23:09,009 - INFO - ============================================================
2025-12-09 22:23:09,013 - INFO - [901/10119] 转换: szqjl_2024-03-21_09_53_35_.rep (已处理: 901, 已转换: 900)
2025-12-09 22:23:09,024 - INFO -   ✓ 成功: 18 个样本, 2 个玩家
2025-12-09 22:23:09,033 - INFO - [902/10119] 转换: szqjl_2024-03-21_09_57_14_.rep (已处理: 902, 已转换: 901)
2025-12-09 22:23:09,045 - INFO -   ✓ 成功: 20 个样本, 2 个玩家
2025-12-09 22:23:09,049 - INFO - [903/10119] 转换: szqjl_2024-03-21_10_00_25_.rep (已处理: 903, 已转换: 902)
2025-12-09 22:23:09,060 - INFO -   ✓ 成功: 23 个样本, 2 个玩家
2025-12-09 22:23:09,063 - INFO - [904/10119] 转换: szqjl_2024-03-21_10_04_03_.rep (已处理: 904, 已转换: 903)
2025-12-09 22:23:09,074 - INFO -   ✓ 成功: 21 个样本, 2 个玩家
2025-12-09 22:23:09,078 - INFO - [905/10119] 转换: szqjl_2024-03-21_10_07_10_.rep (已处理: 905, 已转换: 904)
2025-12-09 22:23:09,089 - INFO -   ✓ 成功: 16 个样本, 2 个玩家
2025-12-09 22:23:09,093 - INFO - [906/10119] 转换: szqjl_2024-03-21_10_10_04_.rep (已处理: 906, 已转换: 905)
2025-12-09 22:23:09,103 - INFO -   ✓ 成功: 19 个样本, 2 个玩家
2025-12-09 22:23:09,107 - INFO - [907/10119] 转换: szqjl_2024-03-21_10_57_13_.rep (已处理: 907, 已转换: 906)
2025-12-09 22:23:09,118 - INFO -   ✓ 成功: 20 个样本, 2 个玩家
2025-12-09 22:23:09,122 - INFO - [908/10119] 转换: szqjl_2024-03-21_10_59_20_.rep (已处理: 908, 已转换: 907)
2025-12-09 22:23:09,136 - INFO -   ✓ 成功: 15 个样本, 2 个玩家
2025-12-09 22:23:09,140 - INFO - [909/10119] 转换: szqjl_2024-03-21_11_03_06_.rep (已处理: 909, 已转换: 908)
2025-12-09 22:23:09,151 - INFO -   ✓ 成功: 18 个样本, 2 个玩家
2025-12-09 22:23:09,164 - INFO - [910/10119] 转换: szqjl_2024-03-21_11_06_50_.rep (已处理: 910, 已转换: 909)
2025-12-09 22:23:09,176 - INFO -   ✓ 成功: 22 个样本, 2 个玩家
2025-12-09 22:23:09,179 - INFO - [911/10119] 转换: szqjl_2024-03-21_11_09_25_.rep (已处理: 911, 已转换: 910)
2025-12-09 22:23:09,190 - INFO -   ✓ 成功: 19 个样本, 2 个玩家
2025-12-09 22:23:09,194 - INFO - [912/10119] 转换: szqjl_2024-03-21_11_13_15_.rep (已处理: 912, 已转换: 911)
2025-12-09 22:23:09,206 - INFO -   ✓ 成功: 23 个样本, 2 个玩家
2025-12-09 22:23:09,209 - INFO - [913/10119] 转换: szqjl_2024-03-21_11_15_33_.rep (已处理: 913, 已转换: 912)
2025-12-09 22:23:09,220 - INFO -   ✓ 成功: 18 个样本, 2 个玩家
2025-12-09 22:23:09,225 - INFO - [914/10119] 转换: szqjl_2024-03-21_11_18_22_.rep (已处理: 914, 已转换: 913)
2025-12-09 22:23:09,235 - INFO -   ✓ 成功: 18 个样本, 2 个玩家
2025-12-09 22:23:09,240 - INFO - [915/10119] 转换: szqjl_2024-03-21_11_22_29_.rep (已处理: 915, 已转换: 914)
2025-12-09 22:23:09,250 - INFO -   ✓ 成功: 16 个样本, 2 个玩家
2025-12-09 22:23:09,255 - INFO - [916/10119] 转换: szqjl_2024-03-21_11_25_42_.rep (已处理: 916, 已转换: 915)
2025-12-09 22:23:09,266 - INFO -   ✓ 成功: 17 个样本, 2 个玩家
2025-12-09 22:23:09,269 - INFO - [917/10119] 转换: szqjl_2024-03-21_11_29_06_.rep (已处理: 917, 已转换: 916)
2025-12-09 22:23:09,281 - INFO -   ✓ 成功: 21 个样本, 2 个玩家
2025-12-09 22:23:09,284 - INFO - [918/10119] 转换: szqjl_2024-03-21_12_12_20_.rep (已处理: 918, 已转换: 917)
2025-12-09 22:23:09,295 - INFO -   ✓ 成功: 19 个样本, 2 个玩家
2025-12-09 22:23:09,299 - INFO - [919/10119] 转换: szqjl_2024-03-21_12_15_44_.rep (已处理: 919, 已转换: 918)
2025-12-09 22:23:09,311 - INFO -   ✓ 成功: 23 个样本, 2 个玩家
2025-12-09 22:23:09,315 - INFO - [920/10119] 转换: szqjl_2024-03-21_12_19_57_.rep (已处理: 920, 已转换: 919)
2025-12-09 22:23:09,328 - INFO -   ✓ 成功: 23 个样本, 2 个玩家
2025-12-09 22:23:09,333 - INFO - [921/10119] 转换: szqjl_2024-03-21_12_24_05_.rep (已处理: 921, 已转换: 920)
2025-12-09 22:23:09,345 - INFO -   ✓ 成功: 21 个样本, 2 个玩家
2025-12-09 22:23:09,348 - INFO - [922/10119] 转换: szqjl_2024-03-21_12_27_17_.rep (已处理: 922, 已转换: 921)
2025-12-09 22:23:09,360 - INFO -   ✓ 成功: 18 个样本, 2 个玩家
2025-12-09 22:23:09,363 - INFO - [923/10119] 转换: szqjl_2024-03-21_12_30_35_.rep (已处理: 923, 已转换: 922)
2025-12-09 22:23:09,374 - INFO -   ✓ 成功: 20 个样本, 2 个玩家
2025-12-09 22:23:09,378 - INFO - [924/10119] 转换: szqjl_2024-03-21_12_33_06_.rep (已处理: 924, 已转换: 923)
2025-12-09 22:23:09,389 - INFO -   ✓ 成功: 18 个样本, 2 个玩家
2025-12-09 22:23:09,394 - INFO - [925/10119] 转换: szqjl_2024-03-21_12_37_15_.rep (已处理: 925, 已转换: 924)
2025-12-09 22:23:09,405 - INFO -   ✓ 成功: 19 个样本, 2 个玩家
2025-12-09 22:23:09,409 - INFO - [926/10119] 转换: szqjl_2024-03-21_12_41_20_.rep (已处理: 926, 已转换: 925)
2025-12-09 22:23:09,420 - INFO -   ✓ 成功: 18 个样本, 2 个玩家
2025-12-09 22:23:09,424 - INFO - [927/10119] 转换: szqjl_2024-03-21_12_45_34_.rep (已处理: 927, 已转换: 926)
2025-12-09 22:23:09,434 - INFO -   ✓ 成功: 18 个样本, 2 个玩家
2025-12-09 22:23:09,439 - INFO - [928/10119] 转换: szqjl_2024-03-21_12_48_01_.rep (已处理: 928, 已转换: 927)
2025-12-09 22:23:09,449 - INFO -   ✓ 成功: 16 个样本, 2 个玩家
2025-12-09 22:23:09,453 - INFO - [929/10119] 转换: szqjl_2024-03-21_12_52_31_.rep (已处理: 929, 已转换: 928)
2025-12-09 22:23:09,499 - INFO -   ✓ 成功: 21 个样本, 2 个玩家
2025-12-09 22:23:09,503 - INFO - [930/10119] 转换: szqjl_2024-03-21_12_56_04_.rep (已处理: 930, 已转换: 929)
2025-12-09 22:23:09,516 - INFO -   ✓ 成功: 18 个样本, 2 个玩家
2025-12-09 22:23:09,520 - INFO - [931/10119] 转换: szqjl_2024-03-21_13_00_21_.rep (已处理: 931, 已转换: 930)
2025-12-09 22:23:09,532 - INFO -   ✓ 成功: 21 个样本, 2 个玩家
2025-12-09 22:23:09,536 - INFO - [932/10119] 转换: szqjl_2024-03-21_13_03_35_.rep (已处理: 932, 已转换: 931)
2025-12-09 22:23:09,549 - INFO -   ✓ 成功: 19 个样本, 2 个玩家
2025-12-09 22:23:09,555 - INFO - [933/10119] 转换: szqjl_2024-03-21_13_07_37_.rep (已处理: 933, 已转换: 932)
2025-12-09 22:23:09,566 - INFO -   ✓ 成功: 22 个样本, 2 个玩家
2025-12-09 22:23:09,570 - INFO - [934/10119] 转换: szqjl_2024-03-21_13_11_24_.rep (已处理: 934, 已转换: 933)
2025-12-09 22:23:09,583 - INFO -   ✓ 成功: 25 个样本, 2 个玩家
2025-12-09 22:23:09,586 - INFO - [935/10119] 转换: szqjl_2024-03-21_15_05_55_.rep (已处理: 935, 已转换: 934)
2025-12-09 22:23:09,599 - INFO -   ✓ 成功: 22 个样本, 2 个玩家
2025-12-09 22:23:09,603 - INFO - [936/10119] 转换: szqjl_2024-03-21_15_09_23_.rep (已处理: 936, 已转换: 935)
2025-12-09 22:23:09,614 - INFO -   ✓ 成功: 19 个样本, 2 个玩家
2025-12-09 22:23:09,618 - INFO - [937/10119] 转换: szqjl_2024-03-21_15_13_04_.rep (已处理: 937, 已转换: 936)
2025-12-09 22:23:09,629 - INFO -   ✓ 成功: 18 个样本, 2 个玩家
2025-12-09 22:23:09,633 - INFO - [938/10119] 转换: szqjl_2024-03-21_15_18_24_.rep (已处理: 938, 已转换: 937)
2025-12-09 22:23:09,644 - INFO -   ✓ 成功: 21 个样本, 2 个玩家
2025-12-09 22:23:09,648 - INFO - [939/10119] 转换: szqjl_2024-03-21_15_21_44_.rep (已处理: 939, 已转换: 938)
2025-12-09 22:23:09,672 - INFO -   ✓ 成功: 16 个样本, 2 个玩家
2025-12-09 22:23:09,677 - INFO - [940/10119] 转换: szqjl_2024-03-21_15_24_30_.rep (已处理: 940, 已转换: 939)
2025-12-09 22:23:09,687 - INFO -   ✓ 成功: 14 个样本, 2 个玩家
2025-12-09 22:23:09,693 - INFO - [941/10119] 转换: szqjl_2024-03-21_15_27_15_.rep (已处理: 941, 已转换: 940)
2025-12-09 22:23:09,703 - INFO -   ✓ 成功: 18 个样本, 2 个玩家
2025-12-09 22:23:09,709 - INFO - [942/10119] 转换: szqjl_2024-03-21_15_30_16_.rep (已处理: 942, 已转换: 941)
2025-12-09 22:23:09,721 - INFO -   ✓ 成功: 19 个样本, 2 个玩家
2025-12-09 22:23:09,725 - INFO - [943/10119] 转换: szqjl_2024-03-21_15_32_55_.rep (已处理: 943, 已转换: 942)
2025-12-09 22:23:09,735 - INFO -   ✓ 成功: 18 个样本, 2 个玩家
2025-12-09 22:23:09,740 - INFO - [944/10119] 转换: szqjl_2024-03-21_15_36_56_.rep (已处理: 944, 已转换: 943)
2025-12-09 22:23:09,762 - INFO -   ✓ 成功: 16 个样本, 2 个玩家
2025-12-09 22:23:09,766 - INFO - [945/10119] 转换: szqjl_2024-03-21_15_40_04_.rep (已处理: 945, 已转换: 944)
2025-12-09 22:23:09,778 - INFO -   ✓ 成功: 19 个样本, 2 个玩家
2025-12-09 22:23:09,781 - INFO - [946/10119] 转换: szqjl_2024-03-21_15_43_58_.rep (已处理: 946, 已转换: 945)
2025-12-09 22:23:09,793 - INFO -   ✓ 成功: 18 个样本, 2 个玩家
2025-12-09 22:23:09,797 - INFO - [947/10119] 转换: szqjl_2024-03-21_15_47_29_.rep (已处理: 947, 已转换: 946)
2025-12-09 22:23:09,809 - INFO -   ✓ 成功: 24 个样本, 2 个玩家
2025-12-09 22:23:09,813 - INFO - [948/10119] 转换: szqjl_2024-03-21_15_51_21_.rep (已处理: 948, 已转换: 947)
2025-12-09 22:23:09,828 - INFO -   ✓ 成功: 18 个样本, 2 个玩家
2025-12-09 22:23:09,832 - INFO - [949/10119] 转换: szqjl_2024-03-21_15_54_21_.rep (已处理: 949, 已转换: 948)
2025-12-09 22:23:09,843 - INFO -   ✓ 成功: 17 个样本, 2 个玩家
2025-12-09 22:23:09,847 - INFO - [950/10119] 转换: szqjl_2024-03-21_15_58_13_.rep (已处理: 950, 已转换: 949)
2025-12-09 22:23:09,858 - INFO -   ✓ 成功: 19 个样本, 2 个玩家
2025-12-09 22:23:09,862 - INFO - [951/10119] 转换: szqjl_2024-03-21_16_02_59_.rep (已处理: 951, 已转换: 950)
2025-12-09 22:23:09,874 - INFO -   ✓ 成功: 23 个样本, 2 个玩家
2025-12-09 22:23:09,878 - INFO - [952/10119] 转换: szqjl_2024-03-21_16_06_32_.rep (已处理: 952, 已转换: 951)
2025-12-09 22:23:09,890 - INFO -   ✓ 成功: 20 个样本, 2 个玩家
2025-12-09 22:23:09,894 - INFO - [953/10119] 转换: szqjl_2024-03-21_16_10_29_.rep (已处理: 953, 已转换: 952)
2025-12-09 22:23:09,905 - INFO -   ✓ 成功: 22 个样本, 2 个玩家
2025-12-09 22:23:09,909 - INFO - [954/10119] 转换: szqjl_2024-03-21_16_13_32_.rep (已处理: 954, 已转换: 953)
2025-12-09 22:23:09,921 - INFO -   ✓ 成功: 18 个样本, 2 个玩家
2025-12-09 22:23:09,926 - INFO - [955/10119] 转换: szqjl_2024-03-21_16_16_53_.rep (已处理: 955, 已转换: 954)
2025-12-09 22:23:09,938 - INFO -   ✓ 成功: 22 个样本, 2 个玩家
2025-12-09 22:23:09,942 - INFO - [956/10119] 转换: szqjl_2024-03-21_16_21_04_.rep (已处理: 956, 已转换: 955)
2025-12-09 22:23:09,953 - INFO -   ✓ 成功: 17 个样本, 2 个玩家
2025-12-09 22:23:09,957 - INFO - [957/10119] 转换: szqjl_2024-03-21_16_24_36_.rep (已处理: 957, 已转换: 956)
2025-12-09 22:23:09,967 - INFO -   ✓ 成功: 18 个样本, 2 个玩家
2025-12-09 22:23:09,971 - INFO - [958/10119] 转换: szqjl_2024-03-21_16_28_00_.rep (已处理: 958, 已转换: 957)
2025-12-09 22:23:09,984 - INFO -   ✓ 成功: 23 个样本, 2 个玩家
2025-12-09 22:23:09,989 - INFO - [959/10119] 转换: szqjl_2024-03-25_10_02_31_.rep (已处理: 959, 已转换: 958)
2025-12-09 22:23:10,000 - INFO -   ✓ 成功: 22 个样本, 2 个玩家
2025-12-09 22:23:10,004 - INFO - [960/10119] 转换: szqjl_2024-03-25_10_06_08_.rep (已处理: 960, 已转换: 959)
2025-12-09 22:23:10,017 - INFO -   ✓ 成功: 15 个样本, 2 个玩家
2025-12-09 22:23:10,023 - INFO - [961/10119] 转换: szqjl_2024-03-25_10_10_20_.rep (已处理: 961, 已转换: 960)
2025-12-09 22:23:10,034 - INFO -   ✓ 成功: 28 个样本, 2 个玩家
2025-12-09 22:23:10,038 - INFO - [962/10119] 转换: szqjl_2024-03-25_10_13_14_.rep (已处理: 962, 已转换: 961)
2025-12-09 22:23:10,056 - INFO -   ✓ 成功: 20 个样本, 2 个玩家
2025-12-09 22:23:10,060 - INFO - [963/10119] 转换: szqjl_2024-03-25_10_16_00_.rep (已处理: 963, 已转换: 962)
2025-12-09 22:23:10,071 - INFO -   ✓ 成功: 17 个样本, 2 个玩家
2025-12-09 22:23:10,076 - INFO - [964/10119] 转换: szqjl_2024-03-25_10_20_07_.rep (已处理: 964, 已转换: 963)
2025-12-09 22:23:10,087 - INFO -   ✓ 成功: 20 个样本, 2 个玩家
2025-12-09 22:23:10,092 - INFO - [965/10119] 转换: szqjl_2024-03-25_10_23_25_.rep (已处理: 965, 已转换: 964)
2025-12-09 22:23:10,102 - INFO -   ✓ 成功: 17 个样本, 2 个玩家
2025-12-09 22:23:10,106 - INFO - [966/10119] 转换: szqjl_2024-03-25_10_28_47_.rep (已处理: 966, 已转换: 965)
2025-12-09 22:23:10,118 - INFO -   ✓ 成功: 18 个样本, 2 个玩家
2025-12-09 22:23:10,122 - INFO - [967/10119] 转换: szqjl_2024-03-25_10_32_22_.rep (已处理: 967, 已转换: 966)
2025-12-09 22:23:10,133 - INFO -   ✓ 成功: 18 个样本, 2 个玩家
2025-12-09 22:23:10,137 - INFO - [968/10119] 转换: szqjl_2024-03-25_10_37_22_.rep (已处理: 968, 已转换: 967)
2025-12-09 22:23:10,149 - INFO -   ✓ 成功: 24 个样本, 2 个玩家
2025-12-09 22:23:10,153 - INFO - [969/10119] 转换: szqjl_2024-03-25_10_42_04_.rep (已处理: 969, 已转换: 968)
2025-12-09 22:23:10,164 - INFO -   ✓ 成功: 22 个样本, 2 个玩家
2025-12-09 22:23:10,168 - INFO - [970/10119] 转换: szqjl_2024-03-25_10_45_52_.rep (已处理: 970, 已转换: 969)
2025-12-09 22:23:10,180 - INFO -   ✓ 成功: 18 个样本, 2 个玩家
2025-12-09 22:23:10,184 - INFO - [971/10119] 转换: szqjl_2024-03-25_10_50_07_.rep (已处理: 971, 已转换: 970)
2025-12-09 22:23:10,195 - INFO -   ✓ 成功: 21 个样本, 2 个玩家
2025-12-09 22:23:10,200 - INFO - [972/10119] 转换: szqjl_2024-03-25_10_54_21_.rep (已处理: 972, 已转换: 971)
2025-12-09 22:23:10,212 - INFO -   ✓ 成功: 20 个样本, 2 个玩家
2025-12-09 22:23:10,216 - INFO - [973/10119] 转换: szqjl_2024-03-25_12_19_03_.rep (已处理: 973, 已转换: 972)
2025-12-09 22:23:10,227 - INFO -   ✓ 成功: 19 个样本, 2 个玩家
2025-12-09 22:23:10,232 - INFO - [974/10119] 转换: szqjl_2024-03-25_12_22_17_.rep (已处理: 974, 已转换: 973)
2025-12-09 22:23:10,244 - INFO -   ✓ 成功: 15 个样本, 2 个玩家
2025-12-09 22:23:10,248 - INFO - [975/10119] 转换: szqjl_2024-03-25_12_26_34_.rep (已处理: 975, 已转换: 974)
2025-12-09 22:23:10,260 - INFO -   ✓ 成功: 21 个样本, 2 个玩家
2025-12-09 22:23:10,264 - INFO - [976/10119] 转换: szqjl_2024-03-25_12_30_08_.rep (已处理: 976, 已转换: 975)
2025-12-09 22:23:10,277 - INFO -   ✓ 成功: 21 个样本, 2 个玩家
2025-12-09 22:23:10,281 - INFO - [977/10119] 转换: szqjl_2024-03-25_12_33_27_.rep (已处理: 977, 已转换: 976)
2025-12-09 22:23:10,292 - INFO -   ✓ 成功: 18 个样本, 2 个玩家
2025-12-09 22:23:10,296 - INFO - [978/10119] 转换: szqjl_2024-03-25_12_37_00_.rep (已处理: 978, 已转换: 977)
2025-12-09 22:23:10,310 - INFO -   ✓ 成功: 22 个样本, 2 个玩家
2025-12-09 22:23:10,314 - INFO - [979/10119] 转换: szqjl_2024-03-25_12_40_52_.rep (已处理: 979, 已转换: 978)
2025-12-09 22:23:10,325 - INFO -   ✓ 成功: 18 个样本, 2 个玩家
2025-12-09 22:23:10,338 - INFO - [980/10119] 转换: szqjl_2024-03-25_12_44_52_.rep (已处理: 980, 已转换: 979)
2025-12-09 22:23:10,349 - INFO -   ✓ 成功: 21 个样本, 2 个玩家
2025-12-09 22:23:10,353 - INFO - [981/10119] 转换: szqjl_2024-03-25_12_48_25_.rep (已处理: 981, 已转换: 980)
2025-12-09 22:23:10,365 - INFO -   ✓ 成功: 20 个样本, 2 个玩家
2025-12-09 22:23:10,369 - INFO - [982/10119] 转换: szqjl_2024-03-25_12_51_26_.rep (已处理: 982, 已转换: 981)
2025-12-09 22:23:10,382 - INFO -   ✓ 成功: 17 个样本, 2 个玩家
2025-12-09 22:23:10,386 - INFO - [983/10119] 转换: szqjl_2024-03-25_12_54_34_.rep (已处理: 983, 已转换: 982)
2025-12-09 22:23:10,397 - INFO -   ✓ 成功: 18 个样本, 2 个玩家
2025-12-09 22:23:10,401 - INFO - [984/10119] 转换: szqjl_2024-03-25_12_58_04_.rep (已处理: 984, 已转换: 983)
2025-12-09 22:23:10,412 - INFO -   ✓ 成功: 19 个样本, 2 个玩家
2025-12-09 22:23:10,416 - INFO - [985/10119] 转换: szqjl_2024-03-26_12_14_26_.rep (已处理: 985, 已转换: 984)
2025-12-09 22:23:10,429 - INFO -   ✓ 成功: 20 个样本, 2 个玩家
2025-12-09 22:23:10,432 - INFO - [986/10119] 转换: szqjl_2024-03-26_12_17_29_.rep (已处理: 986, 已转换: 985)
2025-12-09 22:23:10,443 - INFO -   ✓ 成功: 20 个样本, 2 个玩家
2025-12-09 22:23:10,447 - INFO - [987/10119] 转换: szqjl_2024-03-26_12_20_58_.rep (已处理: 987, 已转换: 986)
2025-12-09 22:23:10,458 - INFO -   ✓ 成功: 20 个样本, 2 个玩家
2025-12-09 22:23:10,462 - INFO - [988/10119] 转换: szqjl_2024-03-26_12_24_09_.rep (已处理: 988, 已转换: 987)
2025-12-09 22:23:10,473 - INFO -   ✓ 成功: 20 个样本, 2 个玩家
2025-12-09 22:23:10,477 - INFO - [989/10119] 转换: szqjl_2024-03-26_12_26_12_.rep (已处理: 989, 已转换: 988)
2025-12-09 22:23:10,488 - INFO -   ✓ 成功: 16 个样本, 2 个玩家
2025-12-09 22:23:10,493 - INFO - [990/10119] 转换: szqjl_2024-03-26_12_29_05_.rep (已处理: 990, 已转换: 989)
2025-12-09 22:23:10,503 - INFO -   ✓ 成功: 18 个样本, 2 个玩家
2025-12-09 22:23:10,508 - INFO - [991/10119] 转换: szqjl_2024-03-26_12_32_21_.rep (已处理: 991, 已转换: 990)
2025-12-09 22:23:10,519 - INFO -   ✓ 成功: 18 个样本, 2 个玩家
2025-12-09 22:23:10,523 - INFO - [992/10119] 转换: szqjl_2024-03-26_12_35_05_.rep (已处理: 992, 已转换: 991)
2025-12-09 22:23:10,537 - INFO -   ✓ 成功: 20 个样本, 2 个玩家
2025-12-09 22:23:10,542 - INFO - [993/10119] 转换: szqjl_2024-03-26_12_38_08_.rep (已处理: 993, 已转换: 992)
2025-12-09 22:23:10,553 - INFO -   ✓ 成功: 20 个样本, 2 个玩家
2025-12-09 22:23:10,557 - INFO - [994/10119] 转换: szqjl_2024-03-26_12_41_24_.rep (已处理: 994, 已转换: 993)
2025-12-09 22:23:10,576 - INFO -   ✓ 成功: 27 个样本, 2 个玩家
2025-12-09 22:23:10,580 - INFO - [995/10119] 转换: szqjl_2024-03-26_12_44_08_.rep (已处理: 995, 已转换: 994)
2025-12-09 22:23:10,592 - INFO -   ✓ 成功: 18 个样本, 2 个玩家
2025-12-09 22:23:10,597 - INFO - [996/10119] 转换: szqjl_2024-03-26_12_46_28_.rep (已处理: 996, 已转换: 995)
2025-12-09 22:23:10,610 - INFO -   ✓ 成功: 16 个样本, 2 个玩家
2025-12-09 22:23:10,614 - INFO - [997/10119] 转换: szqjl_2024-03-26_12_50_09_.rep (已处理: 997, 已转换: 996)
2025-12-09 22:23:10,627 - INFO -   ✓ 成功: 22 个样本, 2 个玩家
2025-12-09 22:23:10,631 - INFO - [998/10119] 转换: szqjl_2024-03-26_12_54_49_.rep (已处理: 998, 已转换: 997)
2025-12-09 22:23:10,659 - INFO -   ✓ 成功: 20 个样本, 2 个玩家
2025-12-09 22:23:10,663 - INFO - [999/10119] 转换: szqjl_2024-03-26_12_58_57_.rep (已处理: 999, 已转换: 998)
2025-12-09 22:23:10,675 - INFO -   ✓ 成功: 16 个样本, 2 个玩家
2025-12-09 22:23:10,679 - INFO - [1000/10119] 转换: szqjl_2024-03-26_13_49_19_.rep (已处理: 1000, 已转换: 999)
2025-12-09 22:23:10,690 - INFO -   ✓ 成功: 18 个样本, 2 个玩家
2025-12-09 22:23:10,690 - INFO - ============================================================
2025-12-09 22:23:10,690 - INFO - 进度: 成功转换 1000 个, 跳过 0 个, 失败 0 个
2025-12-09 22:23:10,691 - INFO - 已转换样本: 19749 个
2025-12-09 22:23:10,691 - INFO - 转换速度: 61.2 文件/秒
2025-12-09 22:23:10,692 - INFO - 预计剩余时间: 2.5 分钟
2025-12-09 22:23:10,692 - INFO - ============================================================
2025-12-09 22:23:10,696 - INFO - 已达到转换目标（1000个），停止转换
2025-12-09 22:23:10,696 - INFO - 
2025-12-09 22:23:10,697 - INFO - ============================================================
2025-12-09 22:23:10,697 - INFO - 批量转换完成！
2025-12-09 22:23:10,698 - INFO - ============================================================
2025-12-09 22:23:10,698 - INFO - 总文件数: 10119
2025-12-09 22:23:10,698 - INFO - 成功转换: 1000
2025-12-09 22:23:10,699 - INFO - 跳过文件: 0
2025-12-09 22:23:10,699 - INFO - 失败文件: 0
2025-12-09 22:23:10,700 - INFO - 总训练样本: 19749 个
2025-12-09 22:23:10,700 - INFO - 总耗时: 0.3 分钟
2025-12-09 22:23:10,700 - INFO - 平均速度: 61.2 文件/秒
2025-12-09 22:23:10,701 - INFO - ============================================================
