[18:30:12] [HybridV4-P0] [INFO] HybridDecisionEngineV4 initialized
[18:30:12] [yf1_v4] [INFO] ✓ yf1_v4 initialized (Player 0)
[18:30:12] [yf1_v4] [INFO] ✓ Connected to server: ws://127.0.0.1:23456/game/yf1_v4
[18:30:21] [yf1_v4] [INFO] 游戏开始, 我是0号位，手牌：['S4', 'S4', 'C4', 'D4', 'D4', 'C5', 'C5', 'S6', 'H6', 'S8', 'C8', 'D9', 'HT', 'CT', 'CJ', 'DJ', 'SQ', 'CQ', 'SK', 'HK', 'HK', 'SA', 'HA', 'DA', 'H2', 'D2', 'SB']
[18:30:21] [YFAdapter-P0] [INFO] YF state initialized: player_id=0
[18:30:21] [YFAdapter-P0] [INFO] YFAdapter initialized for player 0
[18:30:21] [HybridV4-P0] [INFO] YFAdapter initialized (lazy)
[18:30:21] [YFAdapter-P0] [INFO] [YF-P0] Decision context: myPos=0, curPos=3, greaterPos=3, teammate=2, curAction=[, actionList_size=31
[18:30:21] [YFAdapter-P0] [INFO] [YF-P0] Decided: action_index=0, action=['PASS', 'PASS', 'PASS']
[18:30:21] [HybridV4-P0] [INFO] DecisionEngine initialized (lazy)
[18:30:21] [HybridV4-P0] [INFO] KnowledgeEnhancedDecisionEngine initialized (lazy)
[18:30:21] [HybridV4-P0] [INFO] ✓ Decision complete: action=10 (score=142.5, layer=YF), candidates=8, time=0.056s
[18:30:21] [YFAdapter-P0] [INFO] [YF-P0] Decision context: myPos=0, curPos=3, greaterPos=2, teammate=2, curAction=[, actionList_size=15
[18:30:21] [YFAdapter-P0] [INFO] [YF-P0] Decided: action_index=0, action=['PASS', 'PASS', 'PASS']
[18:30:21] [HybridV4-P0] [INFO] ✓ Decision complete: action=9 (score=109.0, layer=YF), candidates=7, time=0.008s
[18:30:21] [YFAdapter-P0] [INFO] [YF-P0] Decision context: myPos=0, curPos=-1, greaterPos=-1, teammate=2, curAction=[, actionList_size=97
[18:30:21] [YFAdapter-P0] [INFO] [YF-P0] Decided: action_index=41, action=['ThreePair', 'T', [['H', 'T'], ['C', 'T'], ['C', 'J'], ['D', 'J'], ['S', 'Q'], ['C', 'Q']]]
[18:30:21] [HybridV4-P0] [INFO] ✓ Decision complete: action=41 (score=115.0, layer=YF), candidates=8, time=0.006s
[18:30:21] [YFAdapter-P0] [INFO] [YF-P0] Decision context: myPos=0, curPos=3, greaterPos=2, teammate=2, curAction=[, actionList_size=2
[18:30:21] [YFAdapter-P0] [INFO] [YF-P0] Decided: action_index=0, action=['PASS', 'PASS', 'PASS']
[18:30:21] [HybridV4-P0] [INFO] ✓ Decision complete: action=1 (score=102.0, layer=YF), candidates=2, time=0.012s
[18:30:22] [YFAdapter-P0] [INFO] [YF-P0] Decision context: myPos=0, curPos=3, greaterPos=3, teammate=2, curAction=[, actionList_size=1
[18:30:22] [YFAdapter-P0] [INFO] [YF-P0] Decided: action_index=0, action=['PASS', 'PASS', 'PASS']
[18:30:22] [HybridV4-P0] [INFO] ✓ Decision complete: action=0 (score=95.0, layer=YF), candidates=1, time=0.004s
[18:30:22] [YFAdapter-P0] [INFO] [YF-P0] Decision context: myPos=0, curPos=3, greaterPos=3, teammate=2, curAction=[, actionList_size=11
[18:30:22] [YFAdapter-P0] [INFO] [YF-P0] Decided: action_index=0, action=['PASS', 'PASS', 'PASS']
[18:30:22] [HybridV4-P0] [INFO] ✓ Decision complete: action=7 (score=142.5, layer=YF), candidates=8, time=0.012s
[18:30:22] [YFAdapter-P0] [INFO] [YF-P0] Decision context: myPos=0, curPos=3, greaterPos=2, teammate=2, curAction=[, actionList_size=1
[18:30:22] [YFAdapter-P0] [INFO] [YF-P0] Decided: action_index=0, action=['PASS', 'PASS', 'PASS']
[18:30:22] [HybridV4-P0] [INFO] ✓ Decision complete: action=0 (score=95.0, layer=YF), candidates=1, time=0.010s
[18:30:22] [YFAdapter-P0] [INFO] [YF-P0] Decision context: myPos=0, curPos=3, greaterPos=3, teammate=2, curAction=[, actionList_size=4
[18:30:22] [YFAdapter-P0] [INFO] [YF-P0] Decided: action_index=0, action=['PASS', 'PASS', 'PASS']
[18:30:22] [HybridV4-P0] [INFO] ✓ Decision complete: action=1 (score=142.5, layer=YF), candidates=4, time=0.005s
[18:30:22] [YFAdapter-P0] [INFO] [YF-P0] Decision context: myPos=0, curPos=3, greaterPos=1, teammate=2, curAction=[, actionList_size=1
[18:30:22] [YFAdapter-P0] [INFO] [YF-P0] Decided: action_index=0, action=['PASS', 'PASS', 'PASS']
[18:30:22] [HybridV4-P0] [INFO] ✓ Decision complete: action=0 (score=95.0, layer=YF), candidates=1, time=0.002s
[18:30:22] [YFAdapter-P0] [INFO] [YF-P0] Decision context: myPos=0, curPos=3, greaterPos=3, teammate=2, curAction=[, actionList_size=2
[18:30:22] [YFAdapter-P0] [INFO] [YF-P0] Decided: action_index=0, action=['PASS', 'PASS', 'PASS']
[18:30:22] [HybridV4-P0] [INFO] ✓ Decision complete: action=1 (score=142.5, layer=YF), candidates=2, time=0.004s
[18:30:22] [YFAdapter-P0] [INFO] [YF-P0] Decision context: myPos=0, curPos=-1, greaterPos=-1, teammate=2, curAction=[, actionList_size=10
[18:30:22] [YFAdapter-P0] [INFO] [YF-P0] Decided: action_index=7, action=['Pair', '5', [['C', '5'], ['C', '5']]]
[18:30:22] [HybridV4-P0] [INFO] ✓ Decision complete: action=7 (score=110.0, layer=YF), candidates=7, time=0.004s
[18:30:22] [YFAdapter-P0] [INFO] [YF-P0] Decision context: myPos=0, curPos=3, greaterPos=2, teammate=2, curAction=[, actionList_size=1
[18:30:22] [YFAdapter-P0] [INFO] [YF-P0] Decided: action_index=0, action=['PASS', 'PASS', 'PASS']
[18:30:22] [HybridV4-P0] [INFO] ✓ Decision complete: action=0 (score=95.0, layer=YF), candidates=1, time=0.002s
[18:30:22] [YFAdapter-P0] [INFO] [YF-P0] Decision context: myPos=0, curPos=3, greaterPos=3, teammate=2, curAction=[, actionList_size=1
[18:30:22] [YFAdapter-P0] [INFO] [YF-P0] Decided: action_index=0, action=['PASS', 'PASS', 'PASS']
[18:30:22] [HybridV4-P0] [INFO] ✓ Decision complete: action=0 (score=95.0, layer=YF), candidates=1, time=0.002s
[18:30:22] [YFAdapter-P0] [INFO] [YF-P0] Decision context: myPos=0, curPos=3, greaterPos=3, teammate=2, curAction=[, actionList_size=1
[18:30:22] [YFAdapter-P0] [INFO] [YF-P0] Decided: action_index=0, action=['PASS', 'PASS', 'PASS']
[18:30:22] [HybridV4-P0] [INFO] ✓ Decision complete: action=0 (score=95.0, layer=YF), candidates=1, time=0.003s
[18:30:22] [YFAdapter-P0] [INFO] [YF-P0] Decision context: myPos=0, curPos=3, greaterPos=2, teammate=2, curAction=[, actionList_size=1
[18:30:22] [YFAdapter-P0] [INFO] [YF-P0] Decided: action_index=0, action=['PASS', 'PASS', 'PASS']
[18:30:22] [HybridV4-P0] [INFO] ✓ Decision complete: action=0 (score=95.0, layer=YF), candidates=1, time=0.003s
[18:30:22] [YFAdapter-P0] [INFO] [YF-P0] Decision context: myPos=0, curPos=3, greaterPos=3, teammate=2, curAction=[, actionList_size=1
[18:30:22] [YFAdapter-P0] [INFO] [YF-P0] Decided: action_index=0, action=['PASS', 'PASS', 'PASS']
[18:30:22] [HybridV4-P0] [INFO] ✓ Decision complete: action=0 (score=75.0, layer=YF), candidates=1, time=0.003s
[18:30:22] [YFAdapter-P0] [INFO] [YF-P0] Decision context: myPos=0, curPos=3, greaterPos=3, teammate=2, curAction=[, actionList_size=1
[18:30:22] [YFAdapter-P0] [INFO] [YF-P0] Decided: action_index=0, action=['PASS', 'PASS', 'PASS']
[18:30:22] [HybridV4-P0] [INFO] ✓ Decision complete: action=0 (score=-5.0, layer=YF), candidates=1, time=0.008s
[18:30:22] [HybridV4-P0] [INFO] [Critical Rule] Teammate protection: teammate has 2 cards, PASS
[18:30:22] [HybridV4-P0] [INFO] ✓ Critical Rule triggered: action=0, time=0.007s
[18:30:22] [HybridV4-P0] [INFO] [Critical Rule] Teammate protection: teammate has 0 cards, PASS
[18:30:22] [HybridV4-P0] [INFO] ✓ Critical Rule triggered: action=0, time=0.001s
[18:30:22] [YFAdapter-P0] [INFO] [YF-P0] Decision context: myPos=0, curPos=-1, greaterPos=-1, teammate=2, curAction=[, actionList_size=8
[18:30:22] [YFAdapter-P0] [INFO] [YF-P0] Decided: action_index=6, action=['Pair', '6', [['S', '6'], ['H', '6']]]
[18:30:22] [HybridV4-P0] [INFO] ✓ Decision complete: action=6 (score=230.0, layer=YF), candidates=6, time=0.004s
[18:30:22] [YFAdapter-P0] [INFO] [YF-P0] Decision context: myPos=0, curPos=3, greaterPos=1, teammate=2, curAction=[, actionList_size=1
[18:30:22] [YFAdapter-P0] [INFO] [YF-P0] Decided: action_index=0, action=['PASS', 'PASS', 'PASS']
[18:30:22] [HybridV4-P0] [INFO] ✓ Decision complete: action=0 (score=-5.0, layer=YF), candidates=1, time=0.003s
[18:30:22] [YFAdapter-P0] [INFO] [YF-P0] Decision context: myPos=0, curPos=3, greaterPos=1, teammate=2, curAction=[, actionList_size=1
[18:30:22] [YFAdapter-P0] [INFO] [YF-P0] Decided: action_index=0, action=['PASS', 'PASS', 'PASS']
[18:30:22] [HybridV4-P0] [INFO] ✓ Decision complete: action=0 (score=-5.0, layer=YF), candidates=1, time=0.006s
[18:30:22] [YFAdapter-P0] [INFO] [YF-P0] Decision context: myPos=0, curPos=3, greaterPos=1, teammate=2, curAction=[, actionList_size=1
[18:30:22] [YFAdapter-P0] [INFO] [YF-P0] Decided: action_index=0, action=['PASS', 'PASS', 'PASS']
[18:30:22] [HybridV4-P0] [INFO] ✓ Decision complete: action=0 (score=-5.0, layer=YF), candidates=1, time=0.003s
[18:30:22] [yf1_v4] [INFO] 游戏开始, 我是0号位，手牌：['C4', 'H5', 'C5', 'H6', 'D6', 'S7', 'C7', 'H8', 'C8', 'D8', 'S9', 'C9', 'D9', 'ST', 'HT', 'CT', 'DT', 'CJ', 'SQ', 'SQ', 'CQ', 'SK', 'CK', 'HA', 'HA', 'H3', 'SB']
[18:30:22] [YFAdapter-P0] [INFO] [YF-P0] Decision context: myPos=0, curPos=-1, greaterPos=-1, teammate=2, curAction=[, actionList_size=1
[18:30:22] [YFAdapter-P0] [INFO] [YF-P0] Decided: action_index=0, action=['tribute', 'tribute', [['S', 'B']]]
[18:30:22] [HybridV4-P0] [INFO] ✓ Decision complete: action=0 (score=110.0, layer=YF), candidates=1, time=0.004s
[18:30:22] [YFAdapter-P0] [INFO] [YF-P0] Decision context: myPos=0, curPos=-1, greaterPos=-1, teammate=2, curAction=[, actionList_size=2446
[18:30:22] [YFAdapter-P0] [INFO] [YF-P0] Decided: action_index=0, action=['Single', '2', [['S', '2']]]
[18:30:22] [HybridV4-P0] [INFO] ✓ Decision complete: action=0 (score=125.0, layer=YF), candidates=8, time=0.037s
[18:30:22] [YFAdapter-P0] [INFO] [YF-P0] Decision context: myPos=0, curPos=3, greaterPos=3, teammate=2, curAction=[, actionList_size=13
[18:30:22] [YFAdapter-P0] [INFO] [YF-P0] Decided: action_index=0, action=['PASS', 'PASS', 'PASS']
[18:30:22] [HybridV4-P0] [INFO] ✓ Decision complete: action=8 (score=139.0, layer=YF), candidates=7, time=0.003s
[18:30:22] [YFAdapter-P0] [INFO] [YF-P0] Decision context: myPos=0, curPos=3, greaterPos=2, teammate=2, curAction=[, actionList_size=1
[18:30:22] [YFAdapter-P0] [INFO] [YF-P0] Decided: action_index=0, action=['PASS', 'PASS', 'PASS']
[18:30:22] [HybridV4-P0] [INFO] ✓ Decision complete: action=0 (score=95.0, layer=YF), candidates=1, time=0.003s
[18:30:22] [YFAdapter-P0] [INFO] [YF-P0] Decision context: myPos=0, curPos=3, greaterPos=3, teammate=2, curAction=[, actionList_size=21
[18:30:22] [YFAdapter-P0] [INFO] [YF-P0] Decided: action_index=0, action=['PASS', 'PASS', 'PASS']
[18:30:22] [HybridV4-P0] [INFO] ✓ Decision complete: action=18 (score=142.5, layer=YF), candidates=8, time=0.003s
[18:30:22] [YFAdapter-P0] [INFO] [YF-P0] Decision context: myPos=0, curPos=3, greaterPos=3, teammate=2, curAction=[, actionList_size=3
[18:30:22] [YFAdapter-P0] [INFO] [YF-P0] Decided: action_index=0, action=['PASS', 'PASS', 'PASS']
[18:30:22] [HybridV4-P0] [INFO] ✓ Decision complete: action=1 (score=135.5, layer=YF), candidates=3, time=0.003s
[18:30:22] [YFAdapter-P0] [INFO] [YF-P0] Decision context: myPos=0, curPos=3, greaterPos=1, teammate=2, curAction=[, actionList_size=1
[18:30:22] [YFAdapter-P0] [INFO] [YF-P0] Decided: action_index=0, action=['PASS', 'PASS', 'PASS']
[18:30:22] [HybridV4-P0] [INFO] ✓ Decision complete: action=0 (score=95.0, layer=YF), candidates=1, time=0.003s
[18:30:22] [YFAdapter-P0] [INFO] [YF-P0] Decision context: myPos=0, curPos=3, greaterPos=3, teammate=2, curAction=[, actionList_size=1
[18:30:22] [YFAdapter-P0] [INFO] [YF-P0] Decided: action_index=0, action=['PASS', 'PASS', 'PASS']
[18:30:22] [HybridV4-P0] [INFO] ✓ Decision complete: action=0 (score=95.0, layer=YF), candidates=1, time=0.003s
[18:30:22] [YFAdapter-P0] [INFO] [YF-P0] Decision context: myPos=0, curPos=3, greaterPos=3, teammate=2, curAction=[, actionList_size=18
[18:30:22] [YFAdapter-P0] [INFO] [YF-P0] Decided: action_index=0, action=['PASS', 'PASS', 'PASS']
[18:30:22] [HybridV4-P0] [INFO] ✓ Decision complete: action=17 (score=142.5, layer=YF), candidates=8, time=0.009s
[18:30:22] [YFAdapter-P0] [INFO] [YF-P0] Decision context: myPos=0, curPos=3, greaterPos=3, teammate=2, curAction=[, actionList_size=1
[18:30:22] [YFAdapter-P0] [INFO] [YF-P0] Decided: action_index=0, action=['PASS', 'PASS', 'PASS']
[18:30:22] [HybridV4-P0] [INFO] ✓ Decision complete: action=0 (score=95.0, layer=YF), candidates=1, time=0.002s
[18:30:22] [YFAdapter-P0] [INFO] [YF-P0] Decision context: myPos=0, curPos=3, greaterPos=3, teammate=2, curAction=[, actionList_size=1
[18:30:22] [YFAdapter-P0] [INFO] [YF-P0] Decided: action_index=0, action=['PASS', 'PASS', 'PASS']
[18:30:22] [HybridV4-P0] [INFO] ✓ Decision complete: action=0 (score=95.0, layer=YF), candidates=1, time=0.012s
[18:30:22] [YFAdapter-P0] [INFO] [YF-P0] Decision context: myPos=0, curPos=3, greaterPos=3, teammate=2, curAction=[, actionList_size=1
[18:30:22] [YFAdapter-P0] [INFO] [YF-P0] Decided: action_index=0, action=['PASS', 'PASS', 'PASS']
[18:30:22] [HybridV4-P0] [INFO] ✓ Decision complete: action=0 (score=75.0, layer=YF), candidates=1, time=0.002s
[18:30:22] [YFAdapter-P0] [INFO] [YF-P0] Decision context: myPos=0, curPos=3, greaterPos=3, teammate=2, curAction=[, actionList_size=1
[18:30:22] [YFAdapter-P0] [INFO] [YF-P0] Decided: action_index=0, action=['PASS', 'PASS', 'PASS']
[18:30:22] [HybridV4-P0] [INFO] ✓ Decision complete: action=0 (score=-5.0, layer=YF), candidates=1, time=0.002s
[18:30:23] [YFAdapter-P0] [INFO] [YF-P0] Decision context: myPos=0, curPos=3, greaterPos=3, teammate=2, curAction=[, actionList_size=1
[18:30:23] [YFAdapter-P0] [INFO] [YF-P0] Decided: action_index=0, action=['PASS', 'PASS', 'PASS']
[18:30:23] [HybridV4-P0] [INFO] ✓ Decision complete: action=0 (score=-5.0, layer=YF), candidates=1, time=0.002s
[18:30:23] [YFAdapter-P0] [INFO] [YF-P0] Decision context: myPos=0, curPos=2, greaterPos=2, teammate=2, curAction=[, actionList_size=15
[18:30:23] [YFAdapter-P0] [INFO] [YF-P0] Decided: action_index=0, action=['PASS', 'PASS', 'PASS']
[18:30:23] [YFAdapter-P0] [WARNING] [YF-P0] 检测到过于保守: 对手快走完(剩0张), 触发Layer 2/3进行更积极的决策
[18:30:23] [HybridV4-P0] [INFO] ✓ Decision complete: action=1 (score=100.6, layer=DecisionEngine), candidates=5, time=0.004s
[18:30:23] [YFAdapter-P0] [INFO] [YF-P0] Decision context: myPos=0, curPos=2, greaterPos=1, teammate=2, curAction=[, actionList_size=1
[18:30:23] [YFAdapter-P0] [INFO] [YF-P0] Decided: action_index=0, action=['PASS', 'PASS', 'PASS']
[18:30:23] [HybridV4-P0] [INFO] ✓ Decision complete: action=0 (score=10.0, layer=YF), candidates=1, time=0.002s
[18:30:23] [YFAdapter-P0] [INFO] [YF-P0] Decision context: myPos=0, curPos=2, greaterPos=2, teammate=2, curAction=[, actionList_size=4
[18:30:23] [YFAdapter-P0] [INFO] [YF-P0] Decided: action_index=0, action=['PASS', 'PASS', 'PASS']
[18:30:23] [YFAdapter-P0] [WARNING] [YF-P0] 检测到过于保守: 对手快走完(剩0张), 触发Layer 2/3进行更积极的决策
[18:30:23] [HybridV4-P0] [INFO] ✓ Decision complete: action=1 (score=100.6, layer=DecisionEngine), candidates=4, time=0.005s
[18:30:23] [YFAdapter-P0] [INFO] [YF-P0] Decision context: myPos=0, curPos=2, greaterPos=2, teammate=2, curAction=[, actionList_size=1
[18:30:23] [YFAdapter-P0] [INFO] [YF-P0] Decided: action_index=0, action=['PASS', 'PASS', 'PASS']
[18:30:23] [HybridV4-P0] [INFO] ✓ Decision complete: action=0 (score=10.0, layer=YF), candidates=1, time=0.004s
[18:30:23] [YFAdapter-P0] [INFO] [YF-P0] Decision context: myPos=0, curPos=2, greaterPos=2, teammate=2, curAction=[, actionList_size=5
[18:30:23] [YFAdapter-P0] [INFO] [YF-P0] Decided: action_index=0, action=['PASS', 'PASS', 'PASS']
[18:30:23] [YFAdapter-P0] [WARNING] [YF-P0] 检测到过于保守: 对手快走完(剩0张), 触发Layer 2/3进行更积极的决策
[18:30:23] [HybridV4-P0] [INFO] ✓ Decision complete: action=1 (score=100.6, layer=DecisionEngine), candidates=5, time=0.004s
[18:30:23] [YFAdapter-P0] [INFO] [YF-P0] Decision context: myPos=0, curPos=2, greaterPos=1, teammate=2, curAction=[, actionList_size=2
[18:30:23] [YFAdapter-P0] [INFO] [YF-P0] Decided: action_index=0, action=['PASS', 'PASS', 'PASS']
[18:30:23] [YFAdapter-P0] [WARNING] [YF-P0] 检测到过于保守: 对手快走完(剩0张), 触发Layer 2/3进行更积极的决策
[18:30:23] [HybridV4-P0] [INFO] ✓ Decision complete: action=1 (score=130.6, layer=DecisionEngine), candidates=2, time=0.024s
[18:30:23] [yf1_v4] [INFO] 游戏开始, 我是0号位，手牌：['S2', 'C2', 'D2', 'S3', 'D3', 'C6', 'C6', 'S7', 'C7', 'H8', 'C8', 'D8', 'ST', 'CT', 'CT', 'HJ', 'HJ', 'HQ', 'DK', 'CA', 'CA', 'S5', 'H5', 'D5', 'SB', 'SB', 'HR']
[18:30:23] [YFAdapter-P0] [INFO] [YF-P0] Decision context: myPos=0, curPos=-1, greaterPos=-1, teammate=2, curAction=[, actionList_size=1
[18:30:23] [YFAdapter-P0] [INFO] [YF-P0] Decided: action_index=0, action=['tribute', 'tribute', [['H', 'R']]]
[18:30:23] [HybridV4-P0] [INFO] ✓ Decision complete: action=0 (score=110.0, layer=YF), candidates=1, time=0.002s
[18:30:23] [YFAdapter-P0] [INFO] [YF-P0] Decision context: myPos=0, curPos=-1, greaterPos=-1, teammate=2, curAction=[, actionList_size=703
[18:30:23] [YFAdapter-P0] [INFO] [YF-P0] Decided: action_index=401, action=['ThreeWithTwo', '8', [['H', '8'], ['C', '8'], ['D', '8'], ['S', '3'], ['D', '3']]]
[18:30:23] [HybridV4-P0] [INFO] ✓ Decision complete: action=401 (score=115.0, layer=YF), candidates=8, time=0.011s
[18:30:23] [YFAdapter-P0] [INFO] [YF-P0] Decision context: myPos=0, curPos=3, greaterPos=2, teammate=2, curAction=[, actionList_size=47
[18:30:23] [YFAdapter-P0] [INFO] [YF-P0] Decided: action_index=0, action=['PASS', 'PASS', 'PASS']
[18:30:23] [HybridV4-P0] [INFO] ✓ Decision complete: action=1 (score=112.5, layer=YF), candidates=8, time=0.005s
[18:30:23] [YFAdapter-P0] [INFO] [YF-P0] Decision context: myPos=0, curPos=3, greaterPos=3, teammate=2, curAction=[, actionList_size=1
[18:30:23] [YFAdapter-P0] [INFO] [YF-P0] Decided: action_index=0, action=['PASS', 'PASS', 'PASS']
[18:30:23] [HybridV4-P0] [INFO] ✓ Decision complete: action=0 (score=95.0, layer=YF), candidates=1, time=0.004s
[18:30:23] [YFAdapter-P0] [INFO] [YF-P0] Decision context: myPos=0, curPos=3, greaterPos=3, teammate=2, curAction=[, actionList_size=1
[18:30:23] [YFAdapter-P0] [INFO] [YF-P0] Decided: action_index=0, action=['PASS', 'PASS', 'PASS']
[18:30:23] [HybridV4-P0] [INFO] ✓ Decision complete: action=0 (score=95.0, layer=YF), candidates=1, time=0.002s
[18:30:23] [YFAdapter-P0] [INFO] [YF-P0] Decision context: myPos=0, curPos=3, greaterPos=3, teammate=2, curAction=[, actionList_size=12
[18:30:23] [YFAdapter-P0] [INFO] [YF-P0] Decided: action_index=0, action=['PASS', 'PASS', 'PASS']
[18:30:23] [HybridV4-P0] [INFO] ✓ Decision complete: action=11 (score=142.5, layer=YF), candidates=8, time=0.004s
[18:30:23] [YFAdapter-P0] [INFO] [YF-P0] Decision context: myPos=0, curPos=3, greaterPos=3, teammate=2, curAction=[, actionList_size=1
[18:30:23] [YFAdapter-P0] [INFO] [YF-P0] Decided: action_index=0, action=['PASS', 'PASS', 'PASS']
[18:30:23] [HybridV4-P0] [INFO] ✓ Decision complete: action=0 (score=95.0, layer=YF), candidates=1, time=0.002s
[18:30:23] [YFAdapter-P0] [INFO] [YF-P0] Decision context: myPos=0, curPos=3, greaterPos=3, teammate=2, curAction=[, actionList_size=12
[18:30:23] [YFAdapter-P0] [INFO] [YF-P0] Decided: action_index=0, action=['PASS', 'PASS', 'PASS']
[18:30:23] [HybridV4-P0] [INFO] ✓ Decision complete: action=11 (score=162.5, layer=YF), candidates=8, time=0.004s
[18:30:23] [YFAdapter-P0] [INFO] [YF-P0] Decision context: myPos=0, curPos=3, greaterPos=1, teammate=2, curAction=[, actionList_size=1
[18:30:23] [YFAdapter-P0] [INFO] [YF-P0] Decided: action_index=0, action=['PASS', 'PASS', 'PASS']
[18:30:23] [HybridV4-P0] [INFO] ✓ Decision complete: action=0 (score=95.0, layer=YF), candidates=1, time=0.002s
[18:30:23] [YFAdapter-P0] [INFO] [YF-P0] Decision context: myPos=0, curPos=3, greaterPos=2, teammate=2, curAction=[, actionList_size=2
[18:30:23] [YFAdapter-P0] [INFO] [YF-P0] Decided: action_index=0, action=['PASS', 'PASS', 'PASS']
[18:30:23] [HybridV4-P0] [INFO] ✓ Decision complete: action=1 (score=125.5, layer=YF), candidates=2, time=0.003s
[18:30:23] [YFAdapter-P0] [INFO] [YF-P0] Decision context: myPos=0, curPos=3, greaterPos=1, teammate=2, curAction=[, actionList_size=1
[18:30:23] [YFAdapter-P0] [INFO] [YF-P0] Decided: action_index=0, action=['PASS', 'PASS', 'PASS']
[18:30:23] [HybridV4-P0] [INFO] ✓ Decision complete: action=0 (score=95.0, layer=YF), candidates=1, time=0.002s
[18:30:23] [YFAdapter-P0] [INFO] [YF-P0] Decision context: myPos=0, curPos=3, greaterPos=1, teammate=2, curAction=[, actionList_size=1
[18:30:23] [YFAdapter-P0] [INFO] [YF-P0] Decided: action_index=0, action=['PASS', 'PASS', 'PASS']
[18:30:23] [HybridV4-P0] [INFO] ✓ Decision complete: action=0 (score=75.0, layer=YF), candidates=1, time=0.002s
[18:30:23] [YFAdapter-P0] [INFO] [YF-P0] Decision context: myPos=0, curPos=3, greaterPos=1, teammate=2, curAction=[, actionList_size=1
[18:30:23] [YFAdapter-P0] [INFO] [YF-P0] Decided: action_index=0, action=['PASS', 'PASS', 'PASS']
[18:30:23] [HybridV4-P0] [INFO] ✓ Decision complete: action=0 (score=55.0, layer=YF), candidates=1, time=0.003s
[18:30:23] [YFAdapter-P0] [INFO] [YF-P0] Decision context: myPos=0, curPos=3, greaterPos=1, teammate=2, curAction=[, actionList_size=1
[18:30:23] [YFAdapter-P0] [INFO] [YF-P0] Decided: action_index=0, action=['PASS', 'PASS', 'PASS']
[18:30:23] [HybridV4-P0] [INFO] ✓ Decision complete: action=0 (score=-5.0, layer=YF), candidates=1, time=0.002s
[18:30:23] [YFAdapter-P0] [INFO] [YF-P0] Decision context: myPos=0, curPos=3, greaterPos=3, teammate=2, curAction=[, actionList_size=1
[18:30:23] [YFAdapter-P0] [INFO] [YF-P0] Decided: action_index=0, action=['PASS', 'PASS', 'PASS']
[18:30:23] [HybridV4-P0] [INFO] ✓ Decision complete: action=0 (score=-5.0, layer=YF), candidates=1, time=0.003s
[18:30:23] [YFAdapter-P0] [INFO] [YF-P0] Decision context: myPos=0, curPos=3, greaterPos=3, teammate=2, curAction=[, actionList_size=9
[18:30:23] [YFAdapter-P0] [INFO] [YF-P0] Decided: action_index=0, action=['PASS', 'PASS', 'PASS']
[18:30:23] [YFAdapter-P0] [WARNING] [YF-P0] 检测到过于保守: 对手快走完(剩1张), 触发Layer 2/3进行更积极的决策
[18:30:23] [HybridV4-P0] [INFO] ✓ Decision complete: action=1 (score=155.6, layer=DecisionEngine), candidates=5, time=0.004s
[18:30:23] [YFAdapter-P0] [INFO] [YF-P0] Decision context: myPos=0, curPos=3, greaterPos=3, teammate=2, curAction=[, actionList_size=9
[18:30:23] [YFAdapter-P0] [INFO] [YF-P0] Decided: action_index=0, action=['PASS', 'PASS', 'PASS']
[18:30:23] [YFAdapter-P0] [WARNING] [YF-P0] 检测到过于保守: 对手快走完(剩0张), 触发Layer 2/3进行更积极的决策
[18:30:23] [HybridV4-P0] [INFO] ✓ Decision complete: action=1 (score=155.6, layer=DecisionEngine), candidates=5, time=0.004s
[18:30:23] [YFAdapter-P0] [INFO] [YF-P0] Decision context: myPos=0, curPos=3, greaterPos=3, teammate=2, curAction=[, actionList_size=6
[18:30:23] [YFAdapter-P0] [INFO] [YF-P0] Decided: action_index=0, action=['PASS', 'PASS', 'PASS']
[18:30:23] [YFAdapter-P0] [WARNING] [YF-P0] 检测到过于保守: 对手快走完(剩0张), 触发Layer 2/3进行更积极的决策
[18:30:23] [HybridV4-P0] [INFO] ✓ Decision complete: action=1 (score=155.6, layer=DecisionEngine), candidates=5, time=0.004s
[18:30:23] [YFAdapter-P0] [INFO] [YF-P0] Decision context: myPos=0, curPos=3, greaterPos=2, teammate=2, curAction=[, actionList_size=1
[18:30:23] [YFAdapter-P0] [INFO] [YF-P0] Decided: action_index=0, action=['PASS', 'PASS', 'PASS']
[18:30:23] [HybridV4-P0] [INFO] ✓ Decision complete: action=0 (score=-5.0, layer=YF), candidates=1, time=0.003s
[18:30:23] [YFAdapter-P0] [INFO] [YF-P0] Decision context: myPos=0, curPos=3, greaterPos=2, teammate=2, curAction=[, actionList_size=3
[18:30:23] [YFAdapter-P0] [INFO] [YF-P0] Decided: action_index=0, action=['PASS', 'PASS', 'PASS']
[18:30:23] [YFAdapter-P0] [WARNING] [YF-P0] 检测到过于保守: 对手快走完(剩0张), 触发Layer 2/3进行更积极的决策
[18:30:23] [HybridV4-P0] [INFO] ✓ Decision complete: action=1 (score=125.6, layer=DecisionEngine), candidates=3, time=0.004s
[18:30:23] [YFAdapter-P0] [INFO] [YF-P0] Decision context: myPos=0, curPos=3, greaterPos=2, teammate=2, curAction=[, actionList_size=2
[18:30:23] [YFAdapter-P0] [INFO] [YF-P0] Decided: action_index=0, action=['PASS', 'PASS', 'PASS']
[18:30:23] [YFAdapter-P0] [WARNING] [YF-P0] 检测到过于保守: 对手快走完(剩0张), 触发Layer 2/3进行更积极的决策
[18:30:23] [HybridV4-P0] [INFO] ✓ Decision complete: action=1 (score=125.6, layer=DecisionEngine), candidates=2, time=0.005s
[18:30:23] [YFAdapter-P0] [INFO] [YF-P0] Decision context: myPos=0, curPos=-1, greaterPos=-1, teammate=2, curAction=[, actionList_size=6
[18:30:23] [YFAdapter-P0] [INFO] [YF-P0] Decided: action_index=5, action=['Pair', '2', [['H', '2'], ['C', '2']]]
[18:30:23] [HybridV4-P0] [INFO] ✓ Decision complete: action=5 (score=245.0, layer=YF), candidates=5, time=0.005s
[18:30:23] [YFAdapter-P0] [INFO] [YF-P0] Decision context: myPos=0, curPos=3, greaterPos=3, teammate=2, curAction=[, actionList_size=1
[18:30:23] [YFAdapter-P0] [INFO] [YF-P0] Decided: action_index=0, action=['PASS', 'PASS', 'PASS']
[18:30:23] [HybridV4-P0] [INFO] ✓ Decision complete: action=0 (score=-5.0, layer=YF), candidates=1, time=0.003s
[18:30:23] [YFAdapter-P0] [INFO] [YF-P0] Decision context: myPos=0, curPos=3, greaterPos=3, teammate=2, curAction=[, actionList_size=4
[18:30:23] [YFAdapter-P0] [INFO] [YF-P0] Decided: action_index=0, action=['PASS', 'PASS', 'PASS']
[18:30:23] [YFAdapter-P0] [WARNING] [YF-P0] 检测到过于保守: 对手快走完(剩0张), 触发Layer 2/3进行更积极的决策
[18:30:23] [HybridV4-P0] [INFO] ✓ Decision complete: action=1 (score=155.6, layer=DecisionEngine), candidates=4, time=0.005s
[18:30:23] [YFAdapter-P0] [INFO] [YF-P0] Decision context: myPos=0, curPos=3, greaterPos=3, teammate=2, curAction=[, actionList_size=1
[18:30:23] [YFAdapter-P0] [INFO] [YF-P0] Decided: action_index=0, action=['PASS', 'PASS', 'PASS']
[18:30:23] [HybridV4-P0] [INFO] ✓ Decision complete: action=0 (score=-5.0, layer=YF), candidates=1, time=0.002s
[18:30:24] [YFAdapter-P0] [INFO] [YF-P0] Decision context: myPos=0, curPos=3, greaterPos=3, teammate=2, curAction=[, actionList_size=3
[18:30:24] [YFAdapter-P0] [INFO] [YF-P0] Decided: action_index=0, action=['PASS', 'PASS', 'PASS']
[18:30:24] [YFAdapter-P0] [WARNING] [YF-P0] 检测到过于保守: 对手快走完(剩0张), 触发Layer 2/3进行更积极的决策
[18:30:24] [HybridV4-P0] [INFO] ✓ Decision complete: action=1 (score=155.6, layer=DecisionEngine), candidates=3, time=0.004s
[18:30:24] [YFAdapter-P0] [INFO] [YF-P0] Decision context: myPos=0, curPos=3, greaterPos=3, teammate=2, curAction=[, actionList_size=1
[18:30:24] [YFAdapter-P0] [INFO] [YF-P0] Decided: action_index=0, action=['PASS', 'PASS', 'PASS']
[18:30:24] [HybridV4-P0] [INFO] ✓ Decision complete: action=0 (score=-5.0, layer=YF), candidates=1, time=0.002s
[18:30:24] [YFAdapter-P0] [INFO] [YF-P0] Decision context: myPos=0, curPos=3, greaterPos=3, teammate=2, curAction=[, actionList_size=1
[18:30:24] [YFAdapter-P0] [INFO] [YF-P0] Decided: action_index=0, action=['PASS', 'PASS', 'PASS']
[18:30:24] [HybridV4-P0] [INFO] ✓ Decision complete: action=0 (score=-5.0, layer=YF), candidates=1, time=0.002s
[18:30:24] [YFAdapter-P0] [INFO] [YF-P0] Decision context: myPos=0, curPos=3, greaterPos=3, teammate=2, curAction=[, actionList_size=2
[18:30:24] [YFAdapter-P0] [INFO] [YF-P0] Decided: action_index=0, action=['PASS', 'PASS', 'PASS']
[18:30:24] [YFAdapter-P0] [WARNING] [YF-P0] 检测到过于保守: 对手快走完(剩0张), 触发Layer 2/3进行更积极的决策
[18:30:24] [HybridV4-P0] [INFO] ✓ Decision complete: action=1 (score=155.6, layer=DecisionEngine), candidates=2, time=0.003s
[18:30:24] [yf1_v4] [INFO] 游戏开始, 我是0号位，手牌：['H3', 'C3', 'C3', 'D3', 'D4', 'S5', 'H5', 'C6', 'D6', 'D8', 'D8', 'H9', 'C9', 'SJ', 'HJ', 'HJ', 'SQ', 'HQ', 'HQ', 'CQ', 'DQ', 'SK', 'SK', 'HK', 'CA', 'S7', 'C7']
[18:30:24] [YFAdapter-P0] [INFO] [YF-P0] Decision context: myPos=0, curPos=3, greaterPos=3, teammate=2, curAction=[, actionList_size=16
[18:30:24] [YFAdapter-P0] [INFO] [YF-P0] Decided: action_index=0, action=['PASS', 'PASS', 'PASS']
[18:30:24] [HybridV4-P0] [INFO] ✓ Decision complete: action=7 (score=142.5, layer=YF), candidates=8, time=0.010s
[18:30:24] [YFAdapter-P0] [INFO] [YF-P0] Decision context: myPos=0, curPos=3, greaterPos=2, teammate=2, curAction=[, actionList_size=7
[18:30:24] [YFAdapter-P0] [INFO] [YF-P0] Decided: action_index=0, action=['PASS', 'PASS', 'PASS']
[18:30:24] [HybridV4-P0] [INFO] ✓ Decision complete: action=2 (score=109.0, layer=YF), candidates=6, time=0.012s
[18:30:24] [YFAdapter-P0] [INFO] [YF-P0] Decision context: myPos=0, curPos=3, greaterPos=2, teammate=2, curAction=[, actionList_size=1
[18:30:24] [YFAdapter-P0] [INFO] [YF-P0] Decided: action_index=0, action=['PASS', 'PASS', 'PASS']
[18:30:24] [HybridV4-P0] [INFO] ✓ Decision complete: action=0 (score=95.0, layer=YF), candidates=1, time=0.015s
[18:30:24] [YFAdapter-P0] [INFO] [YF-P0] Decision context: myPos=0, curPos=3, greaterPos=3, teammate=2, curAction=[, actionList_size=2
[18:30:24] [YFAdapter-P0] [INFO] [YF-P0] Decided: action_index=0, action=['PASS', 'PASS', 'PASS']
[18:30:24] [HybridV4-P0] [INFO] ✓ Decision complete: action=1 (score=132.0, layer=YF), candidates=2, time=0.009s
[18:30:24] [YFAdapter-P0] [INFO] [YF-P0] Decision context: myPos=0, curPos=3, greaterPos=3, teammate=2, curAction=[, actionList_size=1
[18:30:24] [YFAdapter-P0] [INFO] [YF-P0] Decided: action_index=0, action=['PASS', 'PASS', 'PASS']
[18:30:24] [HybridV4-P0] [INFO] ✓ Decision complete: action=0 (score=95.0, layer=YF), candidates=1, time=0.003s
[18:30:24] [YFAdapter-P0] [INFO] [YF-P0] Decision context: myPos=0, curPos=3, greaterPos=3, teammate=2, curAction=[, actionList_size=4
[18:30:24] [YFAdapter-P0] [INFO] [YF-P0] Decided: action_index=0, action=['PASS', 'PASS', 'PASS']
[18:30:24] [HybridV4-P0] [INFO] ✓ Decision complete: action=3 (score=155.5, layer=YF), candidates=4, time=0.016s
[18:30:24] [YFAdapter-P0] [INFO] [YF-P0] Decision context: myPos=0, curPos=3, greaterPos=2, teammate=2, curAction=[, actionList_size=1
[18:30:24] [YFAdapter-P0] [INFO] [YF-P0] Decided: action_index=0, action=['PASS', 'PASS', 'PASS']
[18:30:24] [HybridV4-P0] [INFO] ✓ Decision complete: action=0 (score=95.0, layer=YF), candidates=1, time=0.004s
[18:30:24] [YFAdapter-P0] [INFO] [YF-P0] Decision context: myPos=0, curPos=3, greaterPos=1, teammate=2, curAction=[, actionList_size=1
[18:30:24] [YFAdapter-P0] [INFO] [YF-P0] Decided: action_index=0, action=['PASS', 'PASS', 'PASS']
[18:30:24] [HybridV4-P0] [INFO] ✓ Decision complete: action=0 (score=95.0, layer=YF), candidates=1, time=0.005s
[18:30:24] [YFAdapter-P0] [INFO] [YF-P0] Decision context: myPos=0, curPos=3, greaterPos=3, teammate=2, curAction=[, actionList_size=5
[18:30:24] [YFAdapter-P0] [INFO] [YF-P0] Decided: action_index=0, action=['PASS', 'PASS', 'PASS']
[18:30:24] [HybridV4-P0] [INFO] ✓ Decision complete: action=1 (score=159.0, layer=YF), candidates=5, time=0.004s
[18:30:24] [YFAdapter-P0] [INFO] [YF-P0] Decision context: myPos=0, curPos=3, greaterPos=1, teammate=2, curAction=[, actionList_size=1
[18:30:24] [YFAdapter-P0] [INFO] [YF-P0] Decided: action_index=0, action=['PASS', 'PASS', 'PASS']
[18:30:24] [HybridV4-P0] [INFO] ✓ Decision complete: action=0 (score=95.0, layer=YF), candidates=1, time=0.013s
[18:30:24] [YFAdapter-P0] [INFO] [YF-P0] Decision context: myPos=0, curPos=3, greaterPos=3, teammate=2, curAction=[, actionList_size=1
[18:30:24] [YFAdapter-P0] [INFO] [YF-P0] Decided: action_index=0, action=['PASS', 'PASS', 'PASS']
[18:30:24] [HybridV4-P0] [INFO] ✓ Decision complete: action=0 (score=95.0, layer=YF), candidates=1, time=0.013s
[18:30:24] [YFAdapter-P0] [INFO] [YF-P0] Decision context: myPos=0, curPos=3, greaterPos=3, teammate=2, curAction=[, actionList_size=2
[18:30:24] [YFAdapter-P0] [INFO] [YF-P0] Decided: action_index=0, action=['PASS', 'PASS', 'PASS']
[18:30:24] [HybridV4-P0] [INFO] ✓ Decision complete: action=1 (score=186.0, layer=YF), candidates=2, time=0.015s
[18:30:24] [YFAdapter-P0] [INFO] [YF-P0] Decision context: myPos=0, curPos=3, greaterPos=3, teammate=2, curAction=[, actionList_size=1
[18:30:24] [YFAdapter-P0] [INFO] [YF-P0] Decided: action_index=0, action=['PASS', 'PASS', 'PASS']
[18:30:24] [HybridV4-P0] [INFO] ✓ Decision complete: action=0 (score=125.0, layer=YF), candidates=1, time=0.003s
[18:30:24] [YFAdapter-P0] [INFO] [YF-P0] Decision context: myPos=0, curPos=3, greaterPos=3, teammate=2, curAction=[, actionList_size=1
[18:30:24] [YFAdapter-P0] [INFO] [YF-P0] Decided: action_index=0, action=['PASS', 'PASS', 'PASS']
[18:30:24] [HybridV4-P0] [INFO] ✓ Decision complete: action=0 (score=-5.0, layer=YF), candidates=1, time=0.002s
[18:30:24] [YFAdapter-P0] [INFO] [YF-P0] Decision context: myPos=0, curPos=3, greaterPos=3, teammate=2, curAction=[, actionList_size=1
[18:30:24] [YFAdapter-P0] [INFO] [YF-P0] Decided: action_index=0, action=['PASS', 'PASS', 'PASS']
[18:30:24] [HybridV4-P0] [INFO] ✓ Decision complete: action=0 (score=-5.0, layer=YF), candidates=1, time=0.012s
[18:30:24] [YFAdapter-P0] [INFO] [YF-P0] Decision context: myPos=0, curPos=2, greaterPos=1, teammate=2, curAction=[, actionList_size=1
[18:30:24] [YFAdapter-P0] [INFO] [YF-P0] Decided: action_index=0, action=['PASS', 'PASS', 'PASS']
[18:30:24] [HybridV4-P0] [INFO] ✓ Decision complete: action=0 (score=10.0, layer=YF), candidates=1, time=0.002s
[18:30:24] [YFAdapter-P0] [INFO] [YF-P0] Decision context: myPos=0, curPos=2, greaterPos=1, teammate=2, curAction=[, actionList_size=1
[18:30:24] [YFAdapter-P0] [INFO] [YF-P0] Decided: action_index=0, action=['PASS', 'PASS', 'PASS']
[18:30:24] [HybridV4-P0] [INFO] ✓ Decision complete: action=0 (score=10.0, layer=YF), candidates=1, time=0.014s
[18:30:24] [YFAdapter-P0] [INFO] [YF-P0] Decision context: myPos=0, curPos=2, greaterPos=1, teammate=2, curAction=[, actionList_size=1
[18:30:24] [YFAdapter-P0] [INFO] [YF-P0] Decided: action_index=0, action=['PASS', 'PASS', 'PASS']
[18:30:24] [HybridV4-P0] [INFO] ✓ Decision complete: action=0 (score=10.0, layer=YF), candidates=1, time=0.002s
[18:30:24] [YFAdapter-P0] [INFO] [YF-P0] Decision context: myPos=0, curPos=2, greaterPos=1, teammate=2, curAction=[, actionList_size=1
[18:30:24] [YFAdapter-P0] [INFO] [YF-P0] Decided: action_index=0, action=['PASS', 'PASS', 'PASS']
[18:30:24] [HybridV4-P0] [INFO] ✓ Decision complete: action=0 (score=10.0, layer=YF), candidates=1, time=0.014s
[18:30:24] [yf1_v4] [INFO] 游戏开始, 我是0号位，手牌：['C2', 'D2', 'S3', 'S3', 'H3', 'H4', 'H4', 'D4', 'H5', 'C5', 'C5', 'S6', 'C6', 'D6', 'S8', 'D8', 'C9', 'SJ', 'CQ', 'CQ', 'DQ', 'CK', 'HA', 'HT', 'DT', 'SB', 'HR']
[18:30:24] [YFAdapter-P0] [INFO] [YF-P0] Decision context: myPos=0, curPos=3, greaterPos=3, teammate=2, curAction=[, actionList_size=26
[18:30:24] [YFAdapter-P0] [INFO] [YF-P0] Decided: action_index=0, action=['PASS', 'PASS', 'PASS']
[18:30:24] [HybridV4-P0] [INFO] ✓ Decision complete: action=15 (score=142.5, layer=YF), candidates=8, time=0.004s
[18:30:24] [YFAdapter-P0] [INFO] [YF-P0] Decision context: myPos=0, curPos=3, greaterPos=2, teammate=2, curAction=[, actionList_size=6
[18:30:24] [YFAdapter-P0] [INFO] [YF-P0] Decided: action_index=0, action=['PASS', 'PASS', 'PASS']
[18:30:24] [HybridV4-P0] [INFO] ✓ Decision complete: action=5 (score=109.0, layer=YF), candidates=6, time=0.003s
[18:30:24] [YFAdapter-P0] [INFO] [YF-P0] Decision context: myPos=0, curPos=3, greaterPos=2, teammate=2, curAction=[, actionList_size=1
[18:30:24] [YFAdapter-P0] [INFO] [YF-P0] Decided: action_index=0, action=['PASS', 'PASS', 'PASS']
[18:30:24] [HybridV4-P0] [INFO] ✓ Decision complete: action=0 (score=95.0, layer=YF), candidates=1, time=0.003s
[18:30:24] [YFAdapter-P0] [INFO] [YF-P0] Decision context: myPos=0, curPos=3, greaterPos=3, teammate=2, curAction=[, actionList_size=6
[18:30:24] [YFAdapter-P0] [INFO] [YF-P0] Decided: action_index=0, action=['PASS', 'PASS', 'PASS']
[18:30:24] [HybridV4-P0] [INFO] ✓ Decision complete: action=4 (score=142.5, layer=YF), candidates=6, time=0.007s
[18:30:25] [YFAdapter-P0] [INFO] [YF-P0] Decision context: myPos=0, curPos=3, greaterPos=2, teammate=2, curAction=[, actionList_size=1
[18:30:25] [YFAdapter-P0] [INFO] [YF-P0] Decided: action_index=0, action=['PASS', 'PASS', 'PASS']
[18:30:25] [HybridV4-P0] [INFO] ✓ Decision complete: action=0 (score=95.0, layer=YF), candidates=1, time=0.004s
[18:30:25] [YFAdapter-P0] [INFO] [YF-P0] Decision context: myPos=0, curPos=3, greaterPos=3, teammate=2, curAction=[, actionList_size=4
[18:30:25] [YFAdapter-P0] [INFO] [YF-P0] Decided: action_index=0, action=['PASS', 'PASS', 'PASS']
[18:30:25] [HybridV4-P0] [INFO] ✓ Decision complete: action=3 (score=142.5, layer=YF), candidates=4, time=0.007s
[18:30:25] [YFAdapter-P0] [INFO] [YF-P0] Decision context: myPos=0, curPos=-1, greaterPos=-1, teammate=2, curAction=[, actionList_size=139
[18:30:25] [YFAdapter-P0] [INFO] [YF-P0] Decided: action_index=0, action=['Single', '2', [['C', '2']]]
[18:30:25] [HybridV4-P0] [INFO] ✓ Decision complete: action=0 (score=125.0, layer=YF), candidates=8, time=0.005s
[18:30:25] [YFAdapter-P0] [INFO] [YF-P0] Decision context: myPos=0, curPos=3, greaterPos=3, teammate=2, curAction=[, actionList_size=1
[18:30:25] [YFAdapter-P0] [INFO] [YF-P0] Decided: action_index=0, action=['PASS', 'PASS', 'PASS']
[18:30:25] [HybridV4-P0] [INFO] ✓ Decision complete: action=0 (score=95.0, layer=YF), candidates=1, time=0.003s
[18:30:25] [YFAdapter-P0] [INFO] [YF-P0] Decision context: myPos=0, curPos=3, greaterPos=3, teammate=2, curAction=[, actionList_size=32
[18:30:25] [YFAdapter-P0] [INFO] [YF-P0] Decided: action_index=0, action=['PASS', 'PASS', 'PASS']
[18:30:25] [HybridV4-P0] [INFO] ✓ Decision complete: action=1 (score=132.0, layer=YF), candidates=6, time=0.004s
[18:30:25] [YFAdapter-P0] [INFO] [YF-P0] Decision context: myPos=0, curPos=3, greaterPos=3, teammate=2, curAction=[, actionList_size=1
[18:30:25] [YFAdapter-P0] [INFO] [YF-P0] Decided: action_index=0, action=['PASS', 'PASS', 'PASS']
[18:30:25] [HybridV4-P0] [INFO] ✓ Decision complete: action=0 (score=95.0, layer=YF), candidates=1, time=0.002s
[18:30:25] [YFAdapter-P0] [INFO] [YF-P0] Decision context: myPos=0, curPos=3, greaterPos=3, teammate=2, curAction=[, actionList_size=1
[18:30:25] [YFAdapter-P0] [INFO] [YF-P0] Decided: action_index=0, action=['PASS', 'PASS', 'PASS']
[18:30:25] [HybridV4-P0] [INFO] ✓ Decision complete: action=0 (score=75.0, layer=YF), candidates=1, time=0.015s
[18:30:25] [YFAdapter-P0] [INFO] [YF-P0] Decision context: myPos=0, curPos=3, greaterPos=1, teammate=2, curAction=[, actionList_size=1
[18:30:25] [YFAdapter-P0] [INFO] [YF-P0] Decided: action_index=0, action=['PASS', 'PASS', 'PASS']
[18:30:25] [HybridV4-P0] [INFO] ✓ Decision complete: action=0 (score=75.0, layer=YF), candidates=1, time=0.003s
[18:30:25] [YFAdapter-P0] [INFO] [YF-P0] Decision context: myPos=0, curPos=3, greaterPos=3, teammate=2, curAction=[, actionList_size=1
[18:30:25] [YFAdapter-P0] [INFO] [YF-P0] Decided: action_index=0, action=['PASS', 'PASS', 'PASS']
[18:30:25] [HybridV4-P0] [INFO] ✓ Decision complete: action=0 (score=75.0, layer=YF), candidates=1, time=0.003s
[18:30:25] [YFAdapter-P0] [INFO] [YF-P0] Decision context: myPos=0, curPos=3, greaterPos=3, teammate=2, curAction=[, actionList_size=1
[18:30:25] [YFAdapter-P0] [INFO] [YF-P0] Decided: action_index=0, action=['PASS', 'PASS', 'PASS']
[18:30:25] [HybridV4-P0] [INFO] ✓ Decision complete: action=0 (score=75.0, layer=YF), candidates=1, time=0.003s
[18:30:25] [YFAdapter-P0] [INFO] [YF-P0] Decision context: myPos=0, curPos=3, greaterPos=3, teammate=2, curAction=[, actionList_size=1
[18:30:25] [YFAdapter-P0] [INFO] [YF-P0] Decided: action_index=0, action=['PASS', 'PASS', 'PASS']
[18:30:25] [HybridV4-P0] [INFO] ✓ Decision complete: action=0 (score=55.0, layer=YF), candidates=1, time=0.004s
[18:30:25] [YFAdapter-P0] [INFO] [YF-P0] Decision context: myPos=0, curPos=3, greaterPos=3, teammate=2, curAction=[, actionList_size=1
[18:30:25] [YFAdapter-P0] [INFO] [YF-P0] Decided: action_index=0, action=['PASS', 'PASS', 'PASS']
[18:30:25] [HybridV4-P0] [INFO] ✓ Decision complete: action=0 (score=-5.0, layer=YF), candidates=1, time=0.003s
[18:30:25] [YFAdapter-P0] [INFO] [YF-P0] Decision context: myPos=0, curPos=2, greaterPos=2, teammate=2, curAction=[, actionList_size=3
[18:30:25] [YFAdapter-P0] [INFO] [YF-P0] Decided: action_index=0, action=['PASS', 'PASS', 'PASS']
[18:30:25] [YFAdapter-P0] [WARNING] [YF-P0] 检测到过于保守: 对手快走完(剩0张), 触发Layer 2/3进行更积极的决策
[18:30:25] [HybridV4-P0] [INFO] ✓ Decision complete: action=1 (score=100.6, layer=DecisionEngine), candidates=3, time=0.004s
[18:30:25] [YFAdapter-P0] [INFO] [YF-P0] Decision context: myPos=0, curPos=2, greaterPos=1, teammate=2, curAction=[, actionList_size=1
[18:30:25] [YFAdapter-P0] [INFO] [YF-P0] Decided: action_index=0, action=['PASS', 'PASS', 'PASS']
[18:30:25] [HybridV4-P0] [INFO] ✓ Decision complete: action=0 (score=10.0, layer=YF), candidates=1, time=0.012s
[18:30:25] [YFAdapter-P0] [INFO] [YF-P0] Decision context: myPos=0, curPos=2, greaterPos=1, teammate=2, curAction=[, actionList_size=1
[18:30:25] [YFAdapter-P0] [INFO] [YF-P0] Decided: action_index=0, action=['PASS', 'PASS', 'PASS']
[18:30:25] [HybridV4-P0] [INFO] ✓ Decision complete: action=0 (score=10.0, layer=YF), candidates=1, time=0.003s
[18:30:25] [YFAdapter-P0] [INFO] [YF-P0] Decision context: myPos=0, curPos=2, greaterPos=1, teammate=2, curAction=[, actionList_size=1
[18:30:25] [YFAdapter-P0] [INFO] [YF-P0] Decided: action_index=0, action=['PASS', 'PASS', 'PASS']
[18:30:25] [HybridV4-P0] [INFO] ✓ Decision complete: action=0 (score=10.0, layer=YF), candidates=1, time=0.003s
[18:30:25] [yf1_v4] [INFO] 游戏开始, 我是0号位，手牌：['S2', 'C2', 'H3', 'H3', 'D5', 'S6', 'S6', 'H7', 'C7', 'D7', 'D7', 'S8', 'S8', 'C8', 'D8', 'S9', 'CT', 'DT', 'CJ', 'DJ', 'SQ', 'HQ', 'DQ', 'SA', 'CA', 'DA', 'DK']
[18:30:25] [YFAdapter-P0] [INFO] [YF-P0] Decision context: myPos=0, curPos=-1, greaterPos=-1, teammate=2, curAction=[, actionList_size=1
[18:30:25] [YFAdapter-P0] [INFO] [YF-P0] Decided: action_index=0, action=['tribute', 'tribute', [['D', 'K']]]
[18:30:25] [HybridV4-P0] [INFO] ✓ Decision complete: action=0 (score=110.0, layer=YF), candidates=1, time=0.002s
[18:30:25] [YFAdapter-P0] [INFO] [YF-P0] Decision context: myPos=0, curPos=3, greaterPos=3, teammate=2, curAction=[, actionList_size=6
[18:30:25] [YFAdapter-P0] [INFO] [YF-P0] Decided: action_index=0, action=['PASS', 'PASS', 'PASS']
[18:30:25] [HybridV4-P0] [INFO] ✓ Decision complete: action=1 (score=142.5, layer=YF), candidates=6, time=0.003s
[18:30:25] [YFAdapter-P0] [INFO] [YF-P0] Decision context: myPos=0, curPos=3, greaterPos=3, teammate=2, curAction=[, actionList_size=3
[18:30:25] [YFAdapter-P0] [INFO] [YF-P0] Decided: action_index=0, action=['PASS', 'PASS', 'PASS']
[18:30:25] [HybridV4-P0] [INFO] ✓ Decision complete: action=1 (score=135.5, layer=YF), candidates=3, time=0.003s
[18:30:25] [YFAdapter-P0] [INFO] [YF-P0] Decision context: myPos=0, curPos=3, greaterPos=2, teammate=2, curAction=[, actionList_size=1
[18:30:25] [YFAdapter-P0] [INFO] [YF-P0] Decided: action_index=0, action=['PASS', 'PASS', 'PASS']
[18:30:25] [HybridV4-P0] [INFO] ✓ Decision complete: action=0 (score=95.0, layer=YF), candidates=1, time=0.002s
[18:30:25] [YFAdapter-P0] [INFO] [YF-P0] Decision context: myPos=0, curPos=3, greaterPos=3, teammate=2, curAction=[, actionList_size=2
[18:30:25] [YFAdapter-P0] [INFO] [YF-P0] Decided: action_index=0, action=['PASS', 'PASS', 'PASS']
[18:30:25] [HybridV4-P0] [INFO] ✓ Decision complete: action=1 (score=135.5, layer=YF), candidates=2, time=0.004s
[18:30:25] [YFAdapter-P0] [INFO] [YF-P0] Decision context: myPos=0, curPos=3, greaterPos=2, teammate=2, curAction=[, actionList_size=1
[18:30:25] [YFAdapter-P0] [INFO] [YF-P0] Decided: action_index=0, action=['PASS', 'PASS', 'PASS']
[18:30:25] [HybridV4-P0] [INFO] ✓ Decision complete: action=0 (score=95.0, layer=YF), candidates=1, time=0.002s
[18:30:25] [YFAdapter-P0] [INFO] [YF-P0] Decision context: myPos=0, curPos=3, greaterPos=2, teammate=2, curAction=[, actionList_size=5
[18:30:25] [YFAdapter-P0] [INFO] [YF-P0] Decided: action_index=0, action=['PASS', 'PASS', 'PASS']
[18:30:25] [HybridV4-P0] [INFO] ✓ Decision complete: action=1 (score=105.5, layer=YF), candidates=5, time=0.007s
[18:30:25] [YFAdapter-P0] [INFO] [YF-P0] Decision context: myPos=0, curPos=-1, greaterPos=-1, teammate=2, curAction=[, actionList_size=23
[18:30:25] [YFAdapter-P0] [INFO] [YF-P0] Decided: action_index=3, action=['Single', '5', [['D', '5']]]
[18:30:25] [HybridV4-P0] [INFO] ✓ Decision complete: action=3 (score=110.0, layer=YF), candidates=8, time=0.001s
[18:30:25] [YFAdapter-P0] [INFO] [YF-P0] Decision context: myPos=0, curPos=3, greaterPos=3, teammate=2, curAction=[, actionList_size=1
[18:30:25] [YFAdapter-P0] [INFO] [YF-P0] Decided: action_index=0, action=['PASS', 'PASS', 'PASS']
[18:30:25] [HybridV4-P0] [INFO] ✓ Decision complete: action=0 (score=95.0, layer=YF), candidates=1, time=0.001s
[18:30:25] [YFAdapter-P0] [INFO] [YF-P0] Decision context: myPos=0, curPos=3, greaterPos=3, teammate=2, curAction=[, actionList_size=7
[18:30:25] [YFAdapter-P0] [INFO] [YF-P0] Decided: action_index=0, action=['PASS', 'PASS', 'PASS']
[18:30:25] [HybridV4-P0] [INFO] ✓ Decision complete: action=5 (score=142.5, layer=YF), candidates=7, time=0.005s
[18:30:25] [YFAdapter-P0] [INFO] [YF-P0] Decision context: myPos=0, curPos=3, greaterPos=1, teammate=2, curAction=[, actionList_size=1
[18:30:25] [YFAdapter-P0] [INFO] [YF-P0] Decided: action_index=0, action=['PASS', 'PASS', 'PASS']
[18:30:25] [HybridV4-P0] [INFO] ✓ Decision complete: action=0 (score=95.0, layer=YF), candidates=1, time=0.002s
[18:30:25] [YFAdapter-P0] [INFO] [YF-P0] Decision context: myPos=0, curPos=3, greaterPos=3, teammate=2, curAction=[, actionList_size=1
[18:30:25] [YFAdapter-P0] [INFO] [YF-P0] Decided: action_index=0, action=['PASS', 'PASS', 'PASS']
[18:30:25] [HybridV4-P0] [INFO] ✓ Decision complete: action=0 (score=95.0, layer=YF), candidates=1, time=0.003s
[18:30:26] [YFAdapter-P0] [INFO] [YF-P0] Decision context: myPos=0, curPos=3, greaterPos=3, teammate=2, curAction=[, actionList_size=4
[18:30:26] [YFAdapter-P0] [INFO] [YF-P0] Decided: action_index=0, action=['PASS', 'PASS', 'PASS']
[18:30:26] [HybridV4-P0] [INFO] ✓ Decision complete: action=1 (score=139.0, layer=YF), candidates=4, time=0.004s
[18:30:26] [YFAdapter-P0] [INFO] [YF-P0] Decision context: myPos=0, curPos=3, greaterPos=1, teammate=2, curAction=[, actionList_size=1
[18:30:26] [YFAdapter-P0] [INFO] [YF-P0] Decided: action_index=0, action=['PASS', 'PASS', 'PASS']
[18:30:26] [HybridV4-P0] [INFO] ✓ Decision complete: action=0 (score=95.0, layer=YF), candidates=1, time=0.002s
[18:30:26] [YFAdapter-P0] [INFO] [YF-P0] Decision context: myPos=0, curPos=3, greaterPos=3, teammate=2, curAction=[, actionList_size=1
[18:30:26] [YFAdapter-P0] [INFO] [YF-P0] Decided: action_index=0, action=['PASS', 'PASS', 'PASS']
[18:30:26] [HybridV4-P0] [INFO] ✓ Decision complete: action=0 (score=95.0, layer=YF), candidates=1, time=0.003s
[18:30:26] [YFAdapter-P0] [INFO] [YF-P0] Decision context: myPos=0, curPos=3, greaterPos=3, teammate=2, curAction=[, actionList_size=1
[18:30:26] [YFAdapter-P0] [INFO] [YF-P0] Decided: action_index=0, action=['PASS', 'PASS', 'PASS']
[18:30:26] [HybridV4-P0] [INFO] ✓ Decision complete: action=0 (score=95.0, layer=YF), candidates=1, time=0.003s
[18:30:26] [YFAdapter-P0] [INFO] [YF-P0] Decision context: myPos=0, curPos=3, greaterPos=1, teammate=2, curAction=[, actionList_size=1
[18:30:26] [YFAdapter-P0] [INFO] [YF-P0] Decided: action_index=0, action=['PASS', 'PASS', 'PASS']
[18:30:26] [HybridV4-P0] [INFO] ✓ Decision complete: action=0 (score=75.0, layer=YF), candidates=1, time=0.003s
[18:30:26] [YFAdapter-P0] [INFO] [YF-P0] Decision context: myPos=0, curPos=3, greaterPos=1, teammate=2, curAction=[, actionList_size=1
[18:30:26] [YFAdapter-P0] [INFO] [YF-P0] Decided: action_index=0, action=['PASS', 'PASS', 'PASS']
[18:30:26] [HybridV4-P0] [INFO] ✓ Decision complete: action=0 (score=-5.0, layer=YF), candidates=1, time=0.004s
[18:30:26] [YFAdapter-P0] [INFO] [YF-P0] Decision context: myPos=0, curPos=3, greaterPos=3, teammate=2, curAction=[, actionList_size=1
[18:30:26] [YFAdapter-P0] [INFO] [YF-P0] Decided: action_index=0, action=['PASS', 'PASS', 'PASS']
[18:30:26] [HybridV4-P0] [INFO] ✓ Decision complete: action=0 (score=-5.0, layer=YF), candidates=1, time=0.003s
[18:30:26] [yf1_v4] [INFO] 游戏开始, 我是0号位，手牌：['C2', 'D2', 'C3', 'D3', 'H4', 'H4', 'C4', 'S5', 'H5', 'H6', 'S7', 'C7', 'S9', 'H9', 'SJ', 'CJ', 'DJ', 'CQ', 'SK', 'HK', 'DK', 'DK', 'SA', 'SA', 'HA', 'CA', 'DA']
[18:30:26] [YFAdapter-P0] [INFO] [YF-P0] Decision context: myPos=0, curPos=-1, greaterPos=-1, teammate=2, curAction=[, actionList_size=3
[18:30:26] [YFAdapter-P0] [INFO] [YF-P0] Decided: action_index=0, action=['tribute', 'tribute', [['S', 'A']]]
[18:30:26] [HybridV4-P0] [INFO] ✓ Decision complete: action=0 (score=110.0, layer=YF), candidates=3, time=0.007s
[18:30:26] [YFAdapter-P0] [INFO] [YF-P0] Decision context: myPos=0, curPos=3, greaterPos=3, teammate=2, curAction=[, actionList_size=14
[18:30:26] [YFAdapter-P0] [INFO] [YF-P0] Decided: action_index=0, action=['PASS', 'PASS', 'PASS']
[18:30:26] [HybridV4-P0] [INFO] ✓ Decision complete: action=1 (score=142.5, layer=YF), candidates=8, time=0.006s
[18:30:26] [YFAdapter-P0] [INFO] [YF-P0] Decision context: myPos=0, curPos=3, greaterPos=2, teammate=2, curAction=[, actionList_size=6
[18:30:26] [YFAdapter-P0] [INFO] [YF-P0] Decided: action_index=0, action=['PASS', 'PASS', 'PASS']
[18:30:26] [HybridV4-P0] [INFO] ✓ Decision complete: action=1 (score=109.0, layer=YF), candidates=6, time=0.004s
[18:30:26] [YFAdapter-P0] [INFO] [YF-P0] Decision context: myPos=0, curPos=-1, greaterPos=-1, teammate=2, curAction=[, actionList_size=133
[18:30:26] [YFAdapter-P0] [INFO] [YF-P0] Decided: action_index=8, action=['Single', '6', [['H', '6']]]
[18:30:26] [HybridV4-P0] [INFO] ✓ Decision complete: action=8 (score=110.0, layer=YF), candidates=8, time=0.006s
[18:30:26] [YFAdapter-P0] [INFO] [YF-P0] Decision context: myPos=0, curPos=3, greaterPos=3, teammate=2, curAction=[, actionList_size=1
[18:30:26] [YFAdapter-P0] [INFO] [YF-P0] Decided: action_index=0, action=['PASS', 'PASS', 'PASS']
[18:30:26] [HybridV4-P0] [INFO] ✓ Decision complete: action=0 (score=95.0, layer=YF), candidates=1, time=0.009s
[18:30:26] [YFAdapter-P0] [INFO] [YF-P0] Decision context: myPos=0, curPos=3, greaterPos=3, teammate=2, curAction=[, actionList_size=1
[18:30:26] [YFAdapter-P0] [INFO] [YF-P0] Decided: action_index=0, action=['PASS', 'PASS', 'PASS']
[18:30:26] [HybridV4-P0] [INFO] ✓ Decision complete: action=0 (score=95.0, layer=YF), candidates=1, time=0.003s
[18:30:26] [YFAdapter-P0] [INFO] [YF-P0] Decision context: myPos=0, curPos=3, greaterPos=3, teammate=2, curAction=[, actionList_size=14
[18:30:26] [YFAdapter-P0] [INFO] [YF-P0] Decided: action_index=0, action=['PASS', 'PASS', 'PASS']
[18:30:26] [HybridV4-P0] [INFO] ✓ Decision complete: action=12 (score=142.5, layer=YF), candidates=8, time=0.003s
[18:30:26] [YFAdapter-P0] [INFO] [YF-P0] Decision context: myPos=0, curPos=3, greaterPos=1, teammate=2, curAction=[, actionList_size=1
[18:30:26] [YFAdapter-P0] [INFO] [YF-P0] Decided: action_index=0, action=['PASS', 'PASS', 'PASS']
[18:30:26] [HybridV4-P0] [INFO] ✓ Decision complete: action=0 (score=95.0, layer=YF), candidates=1, time=0.002s
[18:30:26] [YFAdapter-P0] [INFO] [YF-P0] Decision context: myPos=0, curPos=3, greaterPos=3, teammate=2, curAction=[, actionList_size=1
[18:30:26] [YFAdapter-P0] [INFO] [YF-P0] Decided: action_index=0, action=['PASS', 'PASS', 'PASS']
[18:30:26] [HybridV4-P0] [INFO] ✓ Decision complete: action=0 (score=95.0, layer=YF), candidates=1, time=0.003s
[18:30:26] [YFAdapter-P0] [INFO] [YF-P0] Decision context: myPos=0, curPos=3, greaterPos=3, teammate=2, curAction=[, actionList_size=13
[18:30:26] [YFAdapter-P0] [INFO] [YF-P0] Decided: action_index=0, action=['PASS', 'PASS', 'PASS']
[18:30:26] [HybridV4-P0] [INFO] ✓ Decision complete: action=12 (score=142.5, layer=YF), candidates=8, time=0.004s
[18:30:26] [YFAdapter-P0] [INFO] [YF-P0] Decision context: myPos=0, curPos=-1, greaterPos=-1, teammate=2, curAction=[, actionList_size=61
[18:30:26] [YFAdapter-P0] [INFO] [YF-P0] Decided: action_index=35, action=['ThreeWithTwo', '4', [['H', '4'], ['H', '4'], ['C', '4'], ['C', '2'], ['D', '2']]]
[18:30:26] [HybridV4-P0] [INFO] ✓ Decision complete: action=35 (score=110.0, layer=YF), candidates=7, time=0.007s
[18:30:26] [YFAdapter-P0] [INFO] [YF-P0] Decision context: myPos=0, curPos=3, greaterPos=1, teammate=2, curAction=[, actionList_size=12
[18:30:26] [YFAdapter-P0] [INFO] [YF-P0] Decided: action_index=0, action=['PASS', 'PASS', 'PASS']
[18:30:26] [HybridV4-P0] [INFO] ✓ Decision complete: action=7 (score=139.0, layer=YF), candidates=8, time=0.003s
[18:30:26] [YFAdapter-P0] [INFO] [YF-P0] Decision context: myPos=0, curPos=3, greaterPos=1, teammate=2, curAction=[, actionList_size=1
[18:30:26] [YFAdapter-P0] [INFO] [YF-P0] Decided: action_index=0, action=['PASS', 'PASS', 'PASS']
[18:30:26] [HybridV4-P0] [INFO] ✓ Decision complete: action=0 (score=95.0, layer=YF), candidates=1, time=0.003s
[18:30:26] [YFAdapter-P0] [INFO] [YF-P0] Decision context: myPos=0, curPos=3, greaterPos=3, teammate=2, curAction=[, actionList_size=1
[18:30:26] [YFAdapter-P0] [INFO] [YF-P0] Decided: action_index=0, action=['PASS', 'PASS', 'PASS']
[18:30:26] [HybridV4-P0] [INFO] ✓ Decision complete: action=0 (score=95.0, layer=YF), candidates=1, time=0.009s
[18:30:26] [YFAdapter-P0] [INFO] [YF-P0] Decision context: myPos=0, curPos=3, greaterPos=3, teammate=2, curAction=[, actionList_size=9
[18:30:26] [YFAdapter-P0] [INFO] [YF-P0] Decided: action_index=0, action=['PASS', 'PASS', 'PASS']
[18:30:26] [HybridV4-P0] [INFO] ✓ Decision complete: action=7 (score=159.0, layer=YF), candidates=8, time=0.003s
[18:30:26] [YFAdapter-P0] [INFO] [YF-P0] Decision context: myPos=0, curPos=3, greaterPos=1, teammate=2, curAction=[, actionList_size=1
[18:30:26] [YFAdapter-P0] [INFO] [YF-P0] Decided: action_index=0, action=['PASS', 'PASS', 'PASS']
[18:30:26] [HybridV4-P0] [INFO] ✓ Decision complete: action=0 (score=95.0, layer=YF), candidates=1, time=0.009s
[18:30:26] [YFAdapter-P0] [INFO] [YF-P0] Decision context: myPos=0, curPos=3, greaterPos=3, teammate=2, curAction=[, actionList_size=3
[18:30:26] [YFAdapter-P0] [INFO] [YF-P0] Decided: action_index=0, action=['PASS', 'PASS', 'PASS']
[18:30:26] [HybridV4-P0] [INFO] ✓ Decision complete: action=1 (score=162.5, layer=YF), candidates=3, time=0.004s
[18:30:26] [YFAdapter-P0] [INFO] [YF-P0] Decision context: myPos=0, curPos=3, greaterPos=1, teammate=2, curAction=[, actionList_size=1
[18:30:26] [YFAdapter-P0] [INFO] [YF-P0] Decided: action_index=0, action=['PASS', 'PASS', 'PASS']
[18:30:26] [HybridV4-P0] [INFO] ✓ Decision complete: action=0 (score=75.0, layer=YF), candidates=1, time=0.004s
[18:30:26] [YFAdapter-P0] [INFO] [YF-P0] Decision context: myPos=0, curPos=3, greaterPos=3, teammate=2, curAction=[, actionList_size=1
[18:30:26] [YFAdapter-P0] [INFO] [YF-P0] Decided: action_index=0, action=['PASS', 'PASS', 'PASS']
[18:30:26] [HybridV4-P0] [INFO] ✓ Decision complete: action=0 (score=55.0, layer=YF), candidates=1, time=0.003s
[18:30:26] [YFAdapter-P0] [INFO] [YF-P0] Decision context: myPos=0, curPos=3, greaterPos=3, teammate=2, curAction=[, actionList_size=5
[18:30:26] [YFAdapter-P0] [INFO] [YF-P0] Decided: action_index=0, action=['PASS', 'PASS', 'PASS']
[18:30:26] [YFAdapter-P0] [WARNING] [YF-P0] 检测到过于保守: 对手快走完(剩5张), 触发Layer 2/3进行更积极的决策
[18:30:26] [HybridV4-P0] [INFO] ✓ Decision complete: action=1 (score=115.6, layer=DecisionEngine), candidates=5, time=0.012s
[18:30:26] [YFAdapter-P0] [INFO] [YF-P0] Decision context: myPos=0, curPos=3, greaterPos=1, teammate=2, curAction=[, actionList_size=1
[18:30:26] [YFAdapter-P0] [INFO] [YF-P0] Decided: action_index=0, action=['PASS', 'PASS', 'PASS']
[18:30:26] [HybridV4-P0] [INFO] ✓ Decision complete: action=0 (score=125.0, layer=YF), candidates=1, time=0.005s
[18:30:27] [YFAdapter-P0] [INFO] [YF-P0] Decision context: myPos=0, curPos=3, greaterPos=3, teammate=2, curAction=[, actionList_size=1
[18:30:27] [YFAdapter-P0] [INFO] [YF-P0] Decided: action_index=0, action=['PASS', 'PASS', 'PASS']
[18:30:27] [HybridV4-P0] [INFO] ✓ Decision complete: action=0 (score=-5.0, layer=YF), candidates=1, time=0.005s
[18:30:27] [YFAdapter-P0] [INFO] [YF-P0] Decision context: myPos=0, curPos=3, greaterPos=3, teammate=2, curAction=[, actionList_size=1
[18:30:27] [YFAdapter-P0] [INFO] [YF-P0] Decided: action_index=0, action=['PASS', 'PASS', 'PASS']
[18:30:27] [HybridV4-P0] [INFO] ✓ Decision complete: action=0 (score=-5.0, layer=YF), candidates=1, time=0.003s
[18:30:27] [yf1_v4] [INFO] 游戏开始, 我是0号位，手牌：['H3', 'C3', 'C3', 'D3', 'C4', 'S5', 'H5', 'C5', 'C5', 'H6', 'D6', 'S7', 'H7', 'S8', 'H8', 'C8', 'D8', 'H9', 'HT', 'CT', 'DT', 'SQ', 'DQ', 'CK', 'DK', 'SA', 'HA']
[18:30:27] [YFAdapter-P0] [INFO] [YF-P0] Decision context: myPos=0, curPos=-1, greaterPos=-1, teammate=2, curAction=[, actionList_size=445
[18:30:27] [YFAdapter-P0] [INFO] [YF-P0] Decided: action_index=3, action=['Single', '4', [['C', '4']]]
[18:30:27] [HybridV4-P0] [INFO] ✓ Decision complete: action=3 (score=110.0, layer=YF), candidates=8, time=0.008s
[18:30:27] [YFAdapter-P0] [INFO] [YF-P0] Decision context: myPos=0, curPos=3, greaterPos=3, teammate=2, curAction=[, actionList_size=6
[18:30:27] [YFAdapter-P0] [INFO] [YF-P0] Decided: action_index=0, action=['PASS', 'PASS', 'PASS']
[18:30:27] [HybridV4-P0] [INFO] ✓ Decision complete: action=3 (score=135.5, layer=YF), candidates=6, time=0.004s
[18:30:27] [YFAdapter-P0] [INFO] [YF-P0] Decision context: myPos=0, curPos=3, greaterPos=2, teammate=2, curAction=[, actionList_size=1
[18:30:27] [YFAdapter-P0] [INFO] [YF-P0] Decided: action_index=0, action=['PASS', 'PASS', 'PASS']
[18:30:27] [HybridV4-P0] [INFO] ✓ Decision complete: action=0 (score=95.0, layer=YF), candidates=1, time=0.004s
[18:30:27] [YFAdapter-P0] [INFO] [YF-P0] Decision context: myPos=0, curPos=3, greaterPos=3, teammate=2, curAction=[, actionList_size=9
[18:30:27] [YFAdapter-P0] [INFO] [YF-P0] Decided: action_index=0, action=['PASS', 'PASS', 'PASS']
[18:30:27] [HybridV4-P0] [INFO] ✓ Decision complete: action=5 (score=142.5, layer=YF), candidates=8, time=0.007s
[18:30:27] [YFAdapter-P0] [INFO] [YF-P0] Decision context: myPos=0, curPos=3, greaterPos=3, teammate=2, curAction=[, actionList_size=1
[18:30:27] [YFAdapter-P0] [INFO] [YF-P0] Decided: action_index=0, action=['PASS', 'PASS', 'PASS']
[18:30:27] [HybridV4-P0] [INFO] ✓ Decision complete: action=0 (score=95.0, layer=YF), candidates=1, time=0.003s
[18:30:27] [YFAdapter-P0] [INFO] [YF-P0] Decision context: myPos=0, curPos=3, greaterPos=3, teammate=2, curAction=[, actionList_size=16
[18:30:27] [YFAdapter-P0] [INFO] [YF-P0] Decided: action_index=0, action=['PASS', 'PASS', 'PASS']
[18:30:27] [HybridV4-P0] [INFO] ✓ Decision complete: action=13 (score=142.5, layer=YF), candidates=8, time=0.003s
[18:30:27] [YFAdapter-P0] [INFO] [YF-P0] Decision context: myPos=0, curPos=3, greaterPos=1, teammate=2, curAction=[, actionList_size=3
[18:30:27] [YFAdapter-P0] [INFO] [YF-P0] Decided: action_index=0, action=['PASS', 'PASS', 'PASS']
[18:30:27] [HybridV4-P0] [INFO] ✓ Decision complete: action=1 (score=132.0, layer=YF), candidates=3, time=0.004s
[18:30:27] [YFAdapter-P0] [INFO] [YF-P0] Decision context: myPos=0, curPos=-1, greaterPos=-1, teammate=2, curAction=[, actionList_size=64
[18:30:27] [YFAdapter-P0] [INFO] [YF-P0] Decided: action_index=20, action=['Pair', '7', [['S', '7'], ['H', '7']]]
[18:30:27] [HybridV4-P0] [INFO] ✓ Decision complete: action=20 (score=115.0, layer=YF), candidates=8, time=0.014s
[18:30:27] [YFAdapter-P0] [INFO] [YF-P0] Decision context: myPos=0, curPos=3, greaterPos=2, teammate=2, curAction=[, actionList_size=2
[18:30:27] [YFAdapter-P0] [INFO] [YF-P0] Decided: action_index=0, action=['PASS', 'PASS', 'PASS']
[18:30:27] [HybridV4-P0] [INFO] ✓ Decision complete: action=1 (score=102.0, layer=YF), candidates=2, time=0.003s
[18:30:27] [YFAdapter-P0] [INFO] [YF-P0] Decision context: myPos=0, curPos=-1, greaterPos=-1, teammate=2, curAction=[, actionList_size=20
[18:30:27] [YFAdapter-P0] [INFO] [YF-P0] Decided: action_index=17, action=['ThreeWithTwo', 'T', [['H', 'T'], ['C', 'T'], ['D', 'T'], ['H', '6'], ['D', '6']]]
[18:30:27] [HybridV4-P0] [INFO] ✓ Decision complete: action=17 (score=115.0, layer=YF), candidates=8, time=0.014s
[18:30:27] [YFAdapter-P0] [INFO] [YF-P0] Decision context: myPos=0, curPos=3, greaterPos=2, teammate=2, curAction=[, actionList_size=1
[18:30:27] [YFAdapter-P0] [INFO] [YF-P0] Decided: action_index=0, action=['PASS', 'PASS', 'PASS']
[18:30:27] [HybridV4-P0] [INFO] ✓ Decision complete: action=0 (score=95.0, layer=YF), candidates=1, time=0.011s
[18:30:27] [YFAdapter-P0] [INFO] [YF-P0] Decision context: myPos=0, curPos=3, greaterPos=3, teammate=2, curAction=[, actionList_size=6
[18:30:27] [YFAdapter-P0] [INFO] [YF-P0] Decided: action_index=0, action=['PASS', 'PASS', 'PASS']
[18:30:27] [HybridV4-P0] [INFO] ✓ Decision complete: action=2 (score=139.0, layer=YF), candidates=6, time=0.015s
[18:30:27] [YFAdapter-P0] [INFO] [YF-P0] Decision context: myPos=0, curPos=3, greaterPos=3, teammate=2, curAction=[, actionList_size=1
[18:30:27] [YFAdapter-P0] [INFO] [YF-P0] Decided: action_index=0, action=['PASS', 'PASS', 'PASS']
[18:30:27] [HybridV4-P0] [INFO] ✓ Decision complete: action=0 (score=95.0, layer=YF), candidates=1, time=0.007s
[18:30:27] [YFAdapter-P0] [INFO] [YF-P0] Decision context: myPos=0, curPos=3, greaterPos=3, teammate=2, curAction=[, actionList_size=1
[18:30:27] [YFAdapter-P0] [INFO] [YF-P0] Decided: action_index=0, action=['PASS', 'PASS', 'PASS']
[18:30:27] [HybridV4-P0] [INFO] ✓ Decision complete: action=0 (score=95.0, layer=YF), candidates=1, time=0.003s
[18:30:27] [YFAdapter-P0] [INFO] [YF-P0] Decision context: myPos=0, curPos=3, greaterPos=1, teammate=2, curAction=[, actionList_size=1
[18:30:27] [YFAdapter-P0] [INFO] [YF-P0] Decided: action_index=0, action=['PASS', 'PASS', 'PASS']
[18:30:27] [HybridV4-P0] [INFO] ✓ Decision complete: action=0 (score=95.0, layer=YF), candidates=1, time=0.002s
[18:30:27] [YFAdapter-P0] [INFO] [YF-P0] Decision context: myPos=0, curPos=3, greaterPos=3, teammate=2, curAction=[, actionList_size=1
[18:30:27] [YFAdapter-P0] [INFO] [YF-P0] Decided: action_index=0, action=['PASS', 'PASS', 'PASS']
[18:30:27] [HybridV4-P0] [INFO] ✓ Decision complete: action=0 (score=95.0, layer=YF), candidates=1, time=0.002s
[18:30:27] [YFAdapter-P0] [INFO] [YF-P0] Decision context: myPos=0, curPos=3, greaterPos=3, teammate=2, curAction=[, actionList_size=2
[18:30:27] [YFAdapter-P0] [INFO] [YF-P0] Decided: action_index=0, action=['PASS', 'PASS', 'PASS']
[18:30:27] [HybridV4-P0] [INFO] ✓ Decision complete: action=1 (score=166.0, layer=YF), candidates=2, time=0.004s
[18:30:27] [YFAdapter-P0] [INFO] [YF-P0] Decision context: myPos=0, curPos=3, greaterPos=1, teammate=2, curAction=[, actionList_size=1
[18:30:27] [YFAdapter-P0] [INFO] [YF-P0] Decided: action_index=0, action=['PASS', 'PASS', 'PASS']
[18:30:27] [HybridV4-P0] [INFO] ✓ Decision complete: action=0 (score=75.0, layer=YF), candidates=1, time=0.007s
[18:30:27] [YFAdapter-P0] [INFO] [YF-P0] Decision context: myPos=0, curPos=3, greaterPos=1, teammate=2, curAction=[, actionList_size=1
[18:30:27] [YFAdapter-P0] [INFO] [YF-P0] Decided: action_index=0, action=['PASS', 'PASS', 'PASS']
[18:30:27] [HybridV4-P0] [INFO] ✓ Decision complete: action=0 (score=-5.0, layer=YF), candidates=1, time=0.003s
[18:30:27] [YFAdapter-P0] [INFO] [YF-P0] Decision context: myPos=0, curPos=3, greaterPos=2, teammate=2, curAction=[, actionList_size=1
[18:30:27] [YFAdapter-P0] [INFO] [YF-P0] Decided: action_index=0, action=['PASS', 'PASS', 'PASS']
[18:30:27] [HybridV4-P0] [INFO] ✓ Decision complete: action=0 (score=-5.0, layer=YF), candidates=1, time=0.003s
[18:30:27] [YFAdapter-P0] [INFO] [YF-P0] Decision context: myPos=0, curPos=3, greaterPos=1, teammate=2, curAction=[, actionList_size=1
[18:30:27] [YFAdapter-P0] [INFO] [YF-P0] Decided: action_index=0, action=['PASS', 'PASS', 'PASS']
[18:30:27] [HybridV4-P0] [INFO] ✓ Decision complete: action=0 (score=-5.0, layer=YF), candidates=1, time=0.002s
[18:30:27] [YFAdapter-P0] [INFO] [YF-P0] Decision context: myPos=0, curPos=3, greaterPos=3, teammate=2, curAction=[, actionList_size=1
[18:30:27] [YFAdapter-P0] [INFO] [YF-P0] Decided: action_index=0, action=['PASS', 'PASS', 'PASS']
[18:30:27] [HybridV4-P0] [INFO] ✓ Decision complete: action=0 (score=-5.0, layer=YF), candidates=1, time=0.003s
[18:30:27] [YFAdapter-P0] [INFO] [YF-P0] Decision context: myPos=0, curPos=3, greaterPos=3, teammate=2, curAction=[, actionList_size=1
[18:30:27] [YFAdapter-P0] [INFO] [YF-P0] Decided: action_index=0, action=['PASS', 'PASS', 'PASS']
[18:30:27] [HybridV4-P0] [INFO] ✓ Decision complete: action=0 (score=-5.0, layer=YF), candidates=1, time=0.003s
[18:30:27] [yf1_v4] [INFO] 游戏开始, 我是0号位，手牌：['H2', 'D2', 'C3', 'D3', 'D3', 'H4', 'C4', 'C4', 'H6', 'H7', 'S8', 'H8', 'C8', 'C8', 'S9', 'H9', 'H9', 'DJ', 'SQ', 'CQ', 'CQ', 'SK', 'HK', 'CK', 'D5', 'SB', 'HR']
[18:30:27] [YFAdapter-P0] [INFO] [YF-P0] Decision context: myPos=0, curPos=3, greaterPos=3, teammate=2, curAction=[, actionList_size=4
[18:30:27] [YFAdapter-P0] [INFO] [YF-P0] Decided: action_index=0, action=['PASS', 'PASS', 'PASS']
[18:30:27] [HybridV4-P0] [INFO] ✓ Decision complete: action=1 (score=142.5, layer=YF), candidates=4, time=0.008s
[18:30:27] [YFAdapter-P0] [INFO] [YF-P0] Decision context: myPos=0, curPos=3, greaterPos=2, teammate=2, curAction=[, actionList_size=2
[18:30:27] [YFAdapter-P0] [INFO] [YF-P0] Decided: action_index=0, action=['PASS', 'PASS', 'PASS']
[18:30:27] [HybridV4-P0] [INFO] ✓ Decision complete: action=1 (score=105.5, layer=YF), candidates=2, time=0.008s
[18:30:27] [YFAdapter-P0] [INFO] [YF-P0] Decision context: myPos=0, curPos=3, greaterPos=2, teammate=2, curAction=[, actionList_size=1
[18:30:27] [YFAdapter-P0] [INFO] [YF-P0] Decided: action_index=0, action=['PASS', 'PASS', 'PASS']
[18:30:27] [HybridV4-P0] [INFO] ✓ Decision complete: action=0 (score=95.0, layer=YF), candidates=1, time=0.003s
[18:30:27] [YFAdapter-P0] [INFO] [YF-P0] Decision context: myPos=0, curPos=3, greaterPos=3, teammate=2, curAction=[, actionList_size=9
[18:30:27] [YFAdapter-P0] [INFO] [YF-P0] Decided: action_index=0, action=['PASS', 'PASS', 'PASS']
[18:30:27] [HybridV4-P0] [INFO] ✓ Decision complete: action=8 (score=142.5, layer=YF), candidates=7, time=0.005s
[18:30:28] [YFAdapter-P0] [INFO] [YF-P0] Decision context: myPos=0, curPos=3, greaterPos=2, teammate=2, curAction=[, actionList_size=1
[18:30:28] [YFAdapter-P0] [INFO] [YF-P0] Decided: action_index=0, action=['PASS', 'PASS', 'PASS']
[18:30:28] [HybridV4-P0] [INFO] ✓ Decision complete: action=0 (score=95.0, layer=YF), candidates=1, time=0.004s
[18:30:28] [YFAdapter-P0] [INFO] [YF-P0] Decision context: myPos=0, curPos=3, greaterPos=3, teammate=2, curAction=[, actionList_size=10
[18:30:28] [YFAdapter-P0] [INFO] [YF-P0] Decided: action_index=0, action=['PASS', 'PASS', 'PASS']
[18:30:28] [HybridV4-P0] [INFO] ✓ Decision complete: action=3 (score=139.0, layer=YF), candidates=6, time=0.005s
[18:30:28] [YFAdapter-P0] [INFO] [YF-P0] Decision context: myPos=0, curPos=3, greaterPos=3, teammate=2, curAction=[, actionList_size=1
[18:30:28] [YFAdapter-P0] [INFO] [YF-P0] Decided: action_index=0, action=['PASS', 'PASS', 'PASS']
[18:30:28] [HybridV4-P0] [INFO] ✓ Decision complete: action=0 (score=95.0, layer=YF), candidates=1, time=0.002s
[18:30:28] [YFAdapter-P0] [INFO] [YF-P0] Decision context: myPos=0, curPos=3, greaterPos=3, teammate=2, curAction=[, actionList_size=15
[18:30:28] [YFAdapter-P0] [INFO] [YF-P0] Decided: action_index=0, action=['PASS', 'PASS', 'PASS']
[18:30:28] [HybridV4-P0] [INFO] ✓ Decision complete: action=9 (score=139.0, layer=YF), candidates=8, time=0.003s
[18:30:28] [YFAdapter-P0] [INFO] [YF-P0] Decision context: myPos=0, curPos=3, greaterPos=1, teammate=2, curAction=[, actionList_size=1
[18:30:28] [YFAdapter-P0] [INFO] [YF-P0] Decided: action_index=0, action=['PASS', 'PASS', 'PASS']
[18:30:28] [HybridV4-P0] [INFO] ✓ Decision complete: action=0 (score=95.0, layer=YF), candidates=1, time=0.004s
[18:30:28] [YFAdapter-P0] [INFO] [YF-P0] Decision context: myPos=0, curPos=3, greaterPos=3, teammate=2, curAction=[, actionList_size=1
[18:30:28] [YFAdapter-P0] [INFO] [YF-P0] Decided: action_index=0, action=['PASS', 'PASS', 'PASS']
[18:30:28] [HybridV4-P0] [INFO] ✓ Decision complete: action=0 (score=95.0, layer=YF), candidates=1, time=0.006s
[18:30:28] [YFAdapter-P0] [INFO] [YF-P0] Decision context: myPos=0, curPos=3, greaterPos=3, teammate=2, curAction=[, actionList_size=12
[18:30:28] [YFAdapter-P0] [INFO] [YF-P0] Decided: action_index=0, action=['PASS', 'PASS', 'PASS']
[18:30:28] [HybridV4-P0] [INFO] ✓ Decision complete: action=7 (score=139.0, layer=YF), candidates=8, time=0.008s
[18:30:28] [YFAdapter-P0] [INFO] [YF-P0] Decision context: myPos=0, curPos=3, greaterPos=2, teammate=2, curAction=[, actionList_size=2
[18:30:28] [YFAdapter-P0] [INFO] [YF-P0] Decided: action_index=0, action=['PASS', 'PASS', 'PASS']
[18:30:28] [HybridV4-P0] [INFO] ✓ Decision complete: action=1 (score=102.0, layer=YF), candidates=2, time=0.014s
[18:30:28] [YFAdapter-P0] [INFO] [YF-P0] Decision context: myPos=0, curPos=-1, greaterPos=-1, teammate=2, curAction=[, actionList_size=63
[18:30:28] [YFAdapter-P0] [INFO] [YF-P0] Decided: action_index=6, action=['Single', '6', [['H', '6']]]
[18:30:28] [HybridV4-P0] [INFO] ✓ Decision complete: action=6 (score=110.0, layer=YF), candidates=7, time=0.005s
[18:30:28] [YFAdapter-P0] [INFO] [YF-P0] Decision context: myPos=0, curPos=3, greaterPos=2, teammate=2, curAction=[, actionList_size=1
[18:30:28] [YFAdapter-P0] [INFO] [YF-P0] Decided: action_index=0, action=['PASS', 'PASS', 'PASS']
[18:30:28] [HybridV4-P0] [INFO] ✓ Decision complete: action=0 (score=95.0, layer=YF), candidates=1, time=0.010s
[18:30:28] [YFAdapter-P0] [INFO] [YF-P0] Decision context: myPos=0, curPos=3, greaterPos=1, teammate=2, curAction=[, actionList_size=1
[18:30:28] [YFAdapter-P0] [INFO] [YF-P0] Decided: action_index=0, action=['PASS', 'PASS', 'PASS']
[18:30:28] [HybridV4-P0] [INFO] ✓ Decision complete: action=0 (score=95.0, layer=YF), candidates=1, time=0.003s
[18:30:28] [YFAdapter-P0] [INFO] [YF-P0] Decision context: myPos=0, curPos=3, greaterPos=3, teammate=2, curAction=[, actionList_size=8
[18:30:28] [YFAdapter-P0] [INFO] [YF-P0] Decided: action_index=0, action=['PASS', 'PASS', 'PASS']
[18:30:28] [HybridV4-P0] [INFO] ✓ Decision complete: action=1 (score=159.0, layer=YF), candidates=6, time=0.010s
[18:30:28] [YFAdapter-P0] [INFO] [YF-P0] Decision context: myPos=0, curPos=-1, greaterPos=-1, teammate=2, curAction=[, actionList_size=29
[18:30:28] [YFAdapter-P0] [INFO] [YF-P0] Decided: action_index=4, action=['Single', '7', [['H', '7']]]
[18:30:28] [HybridV4-P0] [INFO] ✓ Decision complete: action=4 (score=135.0, layer=YF), candidates=8, time=0.004s
[18:30:28] [YFAdapter-P0] [INFO] [YF-P0] Decision context: myPos=0, curPos=3, greaterPos=1, teammate=2, curAction=[, actionList_size=1
[18:30:28] [YFAdapter-P0] [INFO] [YF-P0] Decided: action_index=0, action=['PASS', 'PASS', 'PASS']
[18:30:28] [HybridV4-P0] [INFO] ✓ Decision complete: action=0 (score=95.0, layer=YF), candidates=1, time=0.003s
[18:30:28] [YFAdapter-P0] [INFO] [YF-P0] Decision context: myPos=0, curPos=3, greaterPos=3, teammate=2, curAction=[, actionList_size=1
[18:30:28] [YFAdapter-P0] [INFO] [YF-P0] Decided: action_index=0, action=['PASS', 'PASS', 'PASS']
[18:30:28] [HybridV4-P0] [INFO] ✓ Decision complete: action=0 (score=75.0, layer=YF), candidates=1, time=0.004s
[18:30:28] [YFAdapter-P0] [INFO] [YF-P0] Decision context: myPos=0, curPos=3, greaterPos=1, teammate=2, curAction=[, actionList_size=1
[18:30:28] [YFAdapter-P0] [INFO] [YF-P0] Decided: action_index=0, action=['PASS', 'PASS', 'PASS']
[18:30:28] [HybridV4-P0] [INFO] ✓ Decision complete: action=0 (score=-5.0, layer=YF), candidates=1, time=0.011s
[18:30:28] [YFAdapter-P0] [INFO] [YF-P0] Decision context: myPos=0, curPos=3, greaterPos=3, teammate=2, curAction=[, actionList_size=3
[18:30:28] [YFAdapter-P0] [INFO] [YF-P0] Decided: action_index=0, action=['PASS', 'PASS', 'PASS']
[18:30:28] [YFAdapter-P0] [WARNING] [YF-P0] 检测到过于保守: 对手快走完(剩0张), 触发Layer 2/3进行更积极的决策
[18:30:28] [HybridV4-P0] [INFO] ✓ Decision complete: action=1 (score=155.6, layer=DecisionEngine), candidates=3, time=0.004s
[18:30:28] [YFAdapter-P0] [INFO] [YF-P0] Decision context: myPos=0, curPos=3, greaterPos=3, teammate=2, curAction=[, actionList_size=1
[18:30:28] [YFAdapter-P0] [INFO] [YF-P0] Decided: action_index=0, action=['PASS', 'PASS', 'PASS']
[18:30:28] [HybridV4-P0] [INFO] ✓ Decision complete: action=0 (score=-5.0, layer=YF), candidates=1, time=0.003s
[18:30:28] [yf1_v4] [INFO] 游戏开始, 我是0号位，手牌：['H2', 'S3', 'H3', 'H4', 'C4', 'S5', 'C5', 'D5', 'H6', 'C6', 'D6', 'H9', 'H9', 'C9', 'C9', 'SJ', 'SJ', 'CJ', 'DQ', 'HK', 'CK', 'DK', 'HA', 'S8', 'S8', 'D8', 'SB']
[18:30:28] [YFAdapter-P0] [INFO] [YF-P0] Decision context: myPos=0, curPos=-1, greaterPos=-1, teammate=2, curAction=[, actionList_size=1
[18:30:28] [YFAdapter-P0] [INFO] [YF-P0] Decided: action_index=0, action=['tribute', 'tribute', [['S', 'B']]]
[18:30:28] [HybridV4-P0] [INFO] ✓ Decision complete: action=0 (score=110.0, layer=YF), candidates=1, time=0.002s
[18:30:28] [YFAdapter-P0] [INFO] [YF-P0] Decision context: myPos=0, curPos=3, greaterPos=3, teammate=2, curAction=[, actionList_size=8
[18:30:28] [YFAdapter-P0] [INFO] [YF-P0] Decided: action_index=0, action=['PASS', 'PASS', 'PASS']
[18:30:28] [HybridV4-P0] [INFO] ✓ Decision complete: action=4 (score=142.5, layer=YF), candidates=6, time=0.005s
[18:30:28] [YFAdapter-P0] [INFO] [YF-P0] Decision context: myPos=0, curPos=3, greaterPos=2, teammate=2, curAction=[, actionList_size=2
[18:30:28] [YFAdapter-P0] [INFO] [YF-P0] Decided: action_index=0, action=['PASS', 'PASS', 'PASS']
[18:30:28] [HybridV4-P0] [INFO] ✓ Decision complete: action=1 (score=105.5, layer=YF), candidates=2, time=0.011s
[18:30:28] [YFAdapter-P0] [INFO] [YF-P0] Decision context: myPos=0, curPos=3, greaterPos=2, teammate=2, curAction=[, actionList_size=1
[18:30:28] [YFAdapter-P0] [INFO] [YF-P0] Decided: action_index=0, action=['PASS', 'PASS', 'PASS']
[18:30:28] [HybridV4-P0] [INFO] ✓ Decision complete: action=0 (score=95.0, layer=YF), candidates=1, time=0.002s
[18:30:28] [YFAdapter-P0] [INFO] [YF-P0] Decision context: myPos=0, curPos=3, greaterPos=2, teammate=2, curAction=[, actionList_size=45
[18:30:28] [YFAdapter-P0] [INFO] [YF-P0] Decided: action_index=0, action=['PASS', 'PASS', 'PASS']
[18:30:28] [HybridV4-P0] [INFO] ✓ Decision complete: action=1 (score=109.0, layer=YF), candidates=6, time=0.003s
[18:30:28] [YFAdapter-P0] [INFO] [YF-P0] Decision context: myPos=0, curPos=3, greaterPos=1, teammate=2, curAction=[, actionList_size=11
[18:30:28] [YFAdapter-P0] [INFO] [YF-P0] Decided: action_index=0, action=['PASS', 'PASS', 'PASS']
[18:30:28] [HybridV4-P0] [INFO] ✓ Decision complete: action=1 (score=135.5, layer=YF), candidates=6, time=0.004s
[18:30:28] [YFAdapter-P0] [INFO] [YF-P0] Decision context: myPos=0, curPos=3, greaterPos=1, teammate=2, curAction=[, actionList_size=1
[18:30:28] [YFAdapter-P0] [INFO] [YF-P0] Decided: action_index=0, action=['PASS', 'PASS', 'PASS']
[18:30:28] [HybridV4-P0] [INFO] ✓ Decision complete: action=0 (score=95.0, layer=YF), candidates=1, time=0.002s
[18:30:28] [YFAdapter-P0] [INFO] [YF-P0] Decision context: myPos=0, curPos=3, greaterPos=3, teammate=2, curAction=[, actionList_size=1
[18:30:28] [YFAdapter-P0] [INFO] [YF-P0] Decided: action_index=0, action=['PASS', 'PASS', 'PASS']
[18:30:28] [HybridV4-P0] [INFO] ✓ Decision complete: action=0 (score=95.0, layer=YF), candidates=1, time=0.002s
[18:30:28] [YFAdapter-P0] [INFO] [YF-P0] Decision context: myPos=0, curPos=3, greaterPos=3, teammate=2, curAction=[, actionList_size=1
[18:30:28] [YFAdapter-P0] [INFO] [YF-P0] Decided: action_index=0, action=['PASS', 'PASS', 'PASS']
[18:30:28] [HybridV4-P0] [INFO] ✓ Decision complete: action=0 (score=95.0, layer=YF), candidates=1, time=0.005s
[18:30:28] [YFAdapter-P0] [INFO] [YF-P0] Decision context: myPos=0, curPos=3, greaterPos=3, teammate=2, curAction=[, actionList_size=19
[18:30:28] [YFAdapter-P0] [INFO] [YF-P0] Decided: action_index=0, action=['PASS', 'PASS', 'PASS']
[18:30:28] [HybridV4-P0] [INFO] ✓ Decision complete: action=13 (score=159.0, layer=YF), candidates=8, time=0.004s
[18:30:28] [YFAdapter-P0] [INFO] [YF-P0] Decision context: myPos=0, curPos=-1, greaterPos=-1, teammate=2, curAction=[, actionList_size=11
[18:30:28] [YFAdapter-P0] [INFO] [YF-P0] Decided: action_index=0, action=['Single', '2', [['H', '2']]]
[18:30:28] [HybridV4-P0] [INFO] ✓ Decision complete: action=0 (score=145.0, layer=YF), candidates=6, time=0.006s
[18:30:29] [YFAdapter-P0] [INFO] [YF-P0] Decision context: myPos=0, curPos=3, greaterPos=3, teammate=2, curAction=[, actionList_size=1
[18:30:29] [YFAdapter-P0] [INFO] [YF-P0] Decided: action_index=0, action=['PASS', 'PASS', 'PASS']
[18:30:29] [HybridV4-P0] [INFO] ✓ Decision complete: action=0 (score=95.0, layer=YF), candidates=1, time=0.007s
[18:30:29] [YFAdapter-P0] [INFO] [YF-P0] Decision context: myPos=0, curPos=3, greaterPos=3, teammate=2, curAction=[, actionList_size=1
[18:30:29] [YFAdapter-P0] [INFO] [YF-P0] Decided: action_index=0, action=['PASS', 'PASS', 'PASS']
[18:30:29] [HybridV4-P0] [INFO] ✓ Decision complete: action=0 (score=75.0, layer=YF), candidates=1, time=0.002s
[18:30:29] [YFAdapter-P0] [INFO] [YF-P0] Decision context: myPos=0, curPos=3, greaterPos=2, teammate=2, curAction=[, actionList_size=1
[18:30:29] [YFAdapter-P0] [INFO] [YF-P0] Decided: action_index=0, action=['PASS', 'PASS', 'PASS']
[18:30:29] [HybridV4-P0] [INFO] ✓ Decision complete: action=0 (score=75.0, layer=YF), candidates=1, time=0.003s
[18:30:29] [YFAdapter-P0] [INFO] [YF-P0] Decision context: myPos=0, curPos=3, greaterPos=3, teammate=2, curAction=[, actionList_size=1
[18:30:29] [YFAdapter-P0] [INFO] [YF-P0] Decided: action_index=0, action=['PASS', 'PASS', 'PASS']
[18:30:29] [HybridV4-P0] [INFO] ✓ Decision complete: action=0 (score=75.0, layer=YF), candidates=1, time=0.003s
[18:30:29] [YFAdapter-P0] [INFO] [YF-P0] Decision context: myPos=0, curPos=3, greaterPos=3, teammate=2, curAction=[, actionList_size=1
[18:30:29] [YFAdapter-P0] [INFO] [YF-P0] Decided: action_index=0, action=['PASS', 'PASS', 'PASS']
[18:30:29] [HybridV4-P0] [INFO] ✓ Decision complete: action=0 (score=55.0, layer=YF), candidates=1, time=0.004s
[18:30:29] [YFAdapter-P0] [INFO] [YF-P0] Decision context: myPos=0, curPos=3, greaterPos=3, teammate=2, curAction=[, actionList_size=1
[18:30:29] [YFAdapter-P0] [INFO] [YF-P0] Decided: action_index=0, action=['PASS', 'PASS', 'PASS']
[18:30:29] [HybridV4-P0] [INFO] ✓ Decision complete: action=0 (score=-5.0, layer=YF), candidates=1, time=0.003s
[18:30:29] [YFAdapter-P0] [INFO] [YF-P0] Decision context: myPos=0, curPos=2, greaterPos=2, teammate=2, curAction=[, actionList_size=2
[18:30:29] [YFAdapter-P0] [INFO] [YF-P0] Decided: action_index=0, action=['PASS', 'PASS', 'PASS']
[18:30:29] [YFAdapter-P0] [WARNING] [YF-P0] 检测到过于保守: 对手快走完(剩0张), 触发Layer 2/3进行更积极的决策
[18:30:29] [HybridV4-P0] [INFO] ✓ Decision complete: action=1 (score=100.6, layer=DecisionEngine), candidates=2, time=0.011s
[18:30:29] [YFAdapter-P0] [INFO] [YF-P0] Decision context: myPos=0, curPos=2, greaterPos=1, teammate=2, curAction=[, actionList_size=1
[18:30:29] [YFAdapter-P0] [INFO] [YF-P0] Decided: action_index=0, action=['PASS', 'PASS', 'PASS']
[18:30:29] [HybridV4-P0] [INFO] ✓ Decision complete: action=0 (score=110.0, layer=YF), candidates=1, time=0.002s
[18:30:29] [YFAdapter-P0] [INFO] [YF-P0] Decision context: myPos=0, curPos=2, greaterPos=1, teammate=2, curAction=[, actionList_size=1
[18:30:29] [YFAdapter-P0] [INFO] [YF-P0] Decided: action_index=0, action=['PASS', 'PASS', 'PASS']
[18:30:29] [HybridV4-P0] [INFO] ✓ Decision complete: action=0 (score=110.0, layer=YF), candidates=1, time=0.003s
[18:30:29] [HybridV4-P0] [INFO] [Critical Rule] Teammate protection: teammate has 2 cards, PASS
[18:30:29] [HybridV4-P0] [INFO] ✓ Critical Rule triggered: action=0, time=0.001s
[18:30:29] [YFAdapter-P0] [INFO] [YF-P0] Decision context: myPos=0, curPos=2, greaterPos=1, teammate=2, curAction=[, actionList_size=1
[18:30:29] [YFAdapter-P0] [INFO] [YF-P0] Decided: action_index=0, action=['PASS', 'PASS', 'PASS']
[18:30:29] [HybridV4-P0] [INFO] ✓ Decision complete: action=0 (score=110.0, layer=YF), candidates=1, time=0.003s
[18:30:29] [yf1_v4] [INFO] 游戏开始, 我是0号位，手牌：['S2', 'S3', 'D3', 'H4', 'C5', 'S6', 'C6', 'D6', 'S7', 'H7', 'C7', 'C7', 'S8', 'C8', 'D8', 'ST', 'HT', 'HT', 'CT', 'HQ', 'SK', 'CK', 'DK', 'DK', 'DA', 'HJ', 'HR']
[18:30:29] [YFAdapter-P0] [INFO] [YF-P0] Decision context: myPos=0, curPos=3, greaterPos=3, teammate=2, curAction=[, actionList_size=41
[18:30:29] [YFAdapter-P0] [INFO] [YF-P0] Decided: action_index=0, action=['PASS', 'PASS', 'PASS']
[18:30:29] [HybridV4-P0] [INFO] ✓ Decision complete: action=21 (score=142.5, layer=YF), candidates=8, time=0.003s
[18:30:29] [YFAdapter-P0] [INFO] [YF-P0] Decision context: myPos=0, curPos=3, greaterPos=2, teammate=2, curAction=[, actionList_size=19
[18:30:29] [YFAdapter-P0] [INFO] [YF-P0] Decided: action_index=0, action=['PASS', 'PASS', 'PASS']
[18:30:29] [HybridV4-P0] [INFO] ✓ Decision complete: action=1 (score=112.5, layer=YF), candidates=8, time=0.003s
[18:30:29] [YFAdapter-P0] [INFO] [YF-P0] Decision context: myPos=0, curPos=3, greaterPos=1, teammate=2, curAction=[, actionList_size=18
[18:30:29] [YFAdapter-P0] [INFO] [YF-P0] Decided: action_index=0, action=['PASS', 'PASS', 'PASS']
[18:30:29] [HybridV4-P0] [INFO] ✓ Decision complete: action=11 (score=139.0, layer=YF), candidates=8, time=0.004s
[18:30:29] [YFAdapter-P0] [INFO] [YF-P0] Decision context: myPos=0, curPos=-1, greaterPos=-1, teammate=2, curAction=[, actionList_size=221
[18:30:29] [YFAdapter-P0] [INFO] [YF-P0] Decided: action_index=2, action=['Single', '3', [['D', '3']]]
[18:30:29] [HybridV4-P0] [INFO] ✓ Decision complete: action=2 (score=110.0, layer=YF), candidates=8, time=0.012s
[18:30:29] [YFAdapter-P0] [INFO] [YF-P0] Decision context: myPos=0, curPos=3, greaterPos=3, teammate=2, curAction=[, actionList_size=3
[18:30:29] [YFAdapter-P0] [INFO] [YF-P0] Decided: action_index=0, action=['PASS', 'PASS', 'PASS']
[18:30:29] [HybridV4-P0] [INFO] ✓ Decision complete: action=1 (score=135.5, layer=YF), candidates=3, time=0.003s
[18:30:29] [YFAdapter-P0] [INFO] [YF-P0] Decision context: myPos=0, curPos=3, greaterPos=1, teammate=2, curAction=[, actionList_size=1
[18:30:29] [YFAdapter-P0] [INFO] [YF-P0] Decided: action_index=0, action=['PASS', 'PASS', 'PASS']
[18:30:29] [HybridV4-P0] [INFO] ✓ Decision complete: action=0 (score=95.0, layer=YF), candidates=1, time=0.003s
[18:30:29] [YFAdapter-P0] [INFO] [YF-P0] Decision context: myPos=0, curPos=3, greaterPos=2, teammate=2, curAction=[, actionList_size=2
[18:30:29] [YFAdapter-P0] [INFO] [YF-P0] Decided: action_index=0, action=['PASS', 'PASS', 'PASS']
[18:30:29] [HybridV4-P0] [INFO] ✓ Decision complete: action=1 (score=125.5, layer=YF), candidates=2, time=0.004s
[18:30:29] [YFAdapter-P0] [INFO] [YF-P0] Decision context: myPos=0, curPos=-1, greaterPos=-1, teammate=2, curAction=[, actionList_size=29
[18:30:29] [YFAdapter-P0] [INFO] [YF-P0] Decided: action_index=26, action=['Straight', '2', [['S', '2'], ['S', '3'], ['H', '4'], ['C', '5'], ['S', '6']]]
[18:30:29] [HybridV4-P0] [INFO] ✓ Decision complete: action=26 (score=145.0, layer=YF), candidates=8, time=0.004s
[18:30:29] [YFAdapter-P0] [INFO] [YF-P0] Decision context: myPos=0, curPos=3, greaterPos=3, teammate=2, curAction=[, actionList_size=1
[18:30:29] [YFAdapter-P0] [INFO] [YF-P0] Decided: action_index=0, action=['PASS', 'PASS', 'PASS']
[18:30:29] [HybridV4-P0] [INFO] ✓ Decision complete: action=0 (score=95.0, layer=YF), candidates=1, time=0.004s
[18:30:29] [YFAdapter-P0] [INFO] [YF-P0] Decision context: myPos=0, curPos=3, greaterPos=3, teammate=2, curAction=[, actionList_size=6
[18:30:29] [YFAdapter-P0] [INFO] [YF-P0] Decided: action_index=0, action=['PASS', 'PASS', 'PASS']
[18:30:29] [HybridV4-P0] [INFO] ✓ Decision complete: action=4 (score=159.0, layer=YF), candidates=6, time=0.003s
[18:30:29] [YFAdapter-P0] [INFO] [YF-P0] Decision context: myPos=0, curPos=3, greaterPos=2, teammate=2, curAction=[, actionList_size=1
[18:30:29] [YFAdapter-P0] [INFO] [YF-P0] Decided: action_index=0, action=['PASS', 'PASS', 'PASS']
[18:30:29] [HybridV4-P0] [INFO] ✓ Decision complete: action=0 (score=95.0, layer=YF), candidates=1, time=0.002s
[18:30:29] [YFAdapter-P0] [INFO] [YF-P0] Decision context: myPos=0, curPos=3, greaterPos=3, teammate=2, curAction=[, actionList_size=1
[18:30:29] [YFAdapter-P0] [INFO] [YF-P0] Decided: action_index=0, action=['PASS', 'PASS', 'PASS']
[18:30:29] [HybridV4-P0] [INFO] ✓ Decision complete: action=0 (score=95.0, layer=YF), candidates=1, time=0.003s
[18:30:29] [YFAdapter-P0] [INFO] [YF-P0] Decision context: myPos=0, curPos=3, greaterPos=3, teammate=2, curAction=[, actionList_size=7
[18:30:29] [YFAdapter-P0] [INFO] [YF-P0] Decided: action_index=0, action=['PASS', 'PASS', 'PASS']
[18:30:29] [HybridV4-P0] [INFO] ✓ Decision complete: action=6 (score=159.0, layer=YF), candidates=7, time=0.003s
[18:30:29] [YFAdapter-P0] [INFO] [YF-P0] Decision context: myPos=0, curPos=3, greaterPos=1, teammate=2, curAction=[, actionList_size=1
[18:30:29] [YFAdapter-P0] [INFO] [YF-P0] Decided: action_index=0, action=['PASS', 'PASS', 'PASS']
[18:30:29] [HybridV4-P0] [INFO] ✓ Decision complete: action=0 (score=95.0, layer=YF), candidates=1, time=0.003s
[18:30:29] [YFAdapter-P0] [INFO] [YF-P0] Decision context: myPos=0, curPos=3, greaterPos=2, teammate=2, curAction=[, actionList_size=1
[18:30:29] [YFAdapter-P0] [INFO] [YF-P0] Decided: action_index=0, action=['PASS', 'PASS', 'PASS']
[18:30:29] [HybridV4-P0] [INFO] ✓ Decision complete: action=0 (score=95.0, layer=YF), candidates=1, time=0.005s
[18:30:29] [YFAdapter-P0] [INFO] [YF-P0] Decision context: myPos=0, curPos=3, greaterPos=1, teammate=2, curAction=[, actionList_size=1
[18:30:29] [YFAdapter-P0] [INFO] [YF-P0] Decided: action_index=0, action=['PASS', 'PASS', 'PASS']
[18:30:29] [HybridV4-P0] [INFO] ✓ Decision complete: action=0 (score=75.0, layer=YF), candidates=1, time=0.006s
[18:30:29] [YFAdapter-P0] [INFO] [YF-P0] Decision context: myPos=0, curPos=3, greaterPos=3, teammate=2, curAction=[, actionList_size=1
[18:30:29] [YFAdapter-P0] [INFO] [YF-P0] Decided: action_index=0, action=['PASS', 'PASS', 'PASS']
[18:30:29] [HybridV4-P0] [INFO] ✓ Decision complete: action=0 (score=55.0, layer=YF), candidates=1, time=0.004s
[18:30:29] [YFAdapter-P0] [INFO] [YF-P0] Decision context: myPos=0, curPos=3, greaterPos=1, teammate=2, curAction=[, actionList_size=1
[18:30:29] [YFAdapter-P0] [INFO] [YF-P0] Decided: action_index=0, action=['PASS', 'PASS', 'PASS']
[18:30:29] [HybridV4-P0] [INFO] ✓ Decision complete: action=0 (score=-5.0, layer=YF), candidates=1, time=0.003s
[18:30:30] [YFAdapter-P0] [INFO] [YF-P0] Decision context: myPos=0, curPos=3, greaterPos=1, teammate=2, curAction=[, actionList_size=1
[18:30:30] [YFAdapter-P0] [INFO] [YF-P0] Decided: action_index=0, action=['PASS', 'PASS', 'PASS']
[18:30:30] [HybridV4-P0] [INFO] ✓ Decision complete: action=0 (score=-5.0, layer=YF), candidates=1, time=0.003s
[18:30:30] [YFAdapter-P0] [INFO] [YF-P0] Decision context: myPos=0, curPos=3, greaterPos=3, teammate=2, curAction=[, actionList_size=1
[18:30:30] [YFAdapter-P0] [INFO] [YF-P0] Decided: action_index=0, action=['PASS', 'PASS', 'PASS']
[18:30:30] [HybridV4-P0] [INFO] ✓ Decision complete: action=0 (score=-5.0, layer=YF), candidates=1, time=0.004s
[18:30:30] [YFAdapter-P0] [INFO] [YF-P0] Decision context: myPos=0, curPos=3, greaterPos=2, teammate=2, curAction=[, actionList_size=1
[18:30:30] [YFAdapter-P0] [INFO] [YF-P0] Decided: action_index=0, action=['PASS', 'PASS', 'PASS']
[18:30:30] [HybridV4-P0] [INFO] ✓ Decision complete: action=0 (score=-5.0, layer=YF), candidates=1, time=0.003s
[18:30:30] [YFAdapter-P0] [INFO] [YF-P0] Decision context: myPos=0, curPos=3, greaterPos=3, teammate=2, curAction=[, actionList_size=1
[18:30:30] [YFAdapter-P0] [INFO] [YF-P0] Decided: action_index=0, action=['PASS', 'PASS', 'PASS']
[18:30:30] [HybridV4-P0] [INFO] ✓ Decision complete: action=0 (score=-5.0, layer=YF), candidates=1, time=0.003s
[18:30:30] [YFAdapter-P0] [INFO] [YF-P0] Decision context: myPos=0, curPos=3, greaterPos=2, teammate=2, curAction=[, actionList_size=1
[18:30:30] [YFAdapter-P0] [INFO] [YF-P0] Decided: action_index=0, action=['PASS', 'PASS', 'PASS']
[18:30:30] [HybridV4-P0] [INFO] ✓ Decision complete: action=0 (score=-5.0, layer=YF), candidates=1, time=0.003s
[18:30:30] [YFAdapter-P0] [INFO] [YF-P0] Decision context: myPos=0, curPos=3, greaterPos=2, teammate=2, curAction=[, actionList_size=2
[18:30:30] [YFAdapter-P0] [INFO] [YF-P0] Decided: action_index=0, action=['PASS', 'PASS', 'PASS']
[18:30:30] [YFAdapter-P0] [WARNING] [YF-P0] 检测到过于保守: 对手快走完(剩0张), 触发Layer 2/3进行更积极的决策
[18:30:30] [HybridV4-P0] [INFO] ✓ Decision complete: action=1 (score=125.6, layer=DecisionEngine), candidates=2, time=0.006s
[18:30:30] [yf1_v4] [INFO] 游戏开始, 我是0号位，手牌：['C3', 'D3', 'D3', 'S4', 'D4', 'H5', 'C5', 'D5', 'D5', 'S6', 'H6', 'C7', 'D7', 'S8', 'S9', 'DT', 'SJ', 'HJ', 'CK', 'CK', 'SA', 'HA', 'CA', 'SQ', 'HQ', 'DQ', 'HR']
[18:30:30] [YFAdapter-P0] [INFO] [YF-P0] Decision context: myPos=0, curPos=3, greaterPos=3, teammate=2, curAction=[, actionList_size=28
[18:30:30] [YFAdapter-P0] [INFO] [YF-P0] Decided: action_index=0, action=['PASS', 'PASS', 'PASS']
[18:30:30] [HybridV4-P0] [INFO] ✓ Decision complete: action=16 (score=142.5, layer=YF), candidates=8, time=0.003s
[18:30:30] [YFAdapter-P0] [INFO] [YF-P0] Decision context: myPos=0, curPos=3, greaterPos=2, teammate=2, curAction=[, actionList_size=1
[18:30:30] [YFAdapter-P0] [INFO] [YF-P0] Decided: action_index=0, action=['PASS', 'PASS', 'PASS']
[18:30:30] [HybridV4-P0] [INFO] ✓ Decision complete: action=0 (score=95.0, layer=YF), candidates=1, time=0.003s
[18:30:30] [YFAdapter-P0] [INFO] [YF-P0] Decision context: myPos=0, curPos=3, greaterPos=2, teammate=2, curAction=[, actionList_size=106
[18:30:30] [YFAdapter-P0] [INFO] [YF-P0] Decided: action_index=0, action=['PASS', 'PASS', 'PASS']
[18:30:30] [HybridV4-P0] [INFO] ✓ Decision complete: action=89 (score=105.5, layer=YF), candidates=8, time=0.011s
[18:30:30] [YFAdapter-P0] [INFO] [YF-P0] Decision context: myPos=0, curPos=3, greaterPos=2, teammate=2, curAction=[, actionList_size=2
[18:30:30] [YFAdapter-P0] [INFO] [YF-P0] Decided: action_index=0, action=['PASS', 'PASS', 'PASS']
[18:30:30] [HybridV4-P0] [INFO] ✓ Decision complete: action=1 (score=102.0, layer=YF), candidates=2, time=0.013s
[18:30:30] [YFAdapter-P0] [INFO] [YF-P0] Decision context: myPos=0, curPos=3, greaterPos=1, teammate=2, curAction=[, actionList_size=1
[18:30:30] [YFAdapter-P0] [INFO] [YF-P0] Decided: action_index=0, action=['PASS', 'PASS', 'PASS']
[18:30:30] [HybridV4-P0] [INFO] ✓ Decision complete: action=0 (score=95.0, layer=YF), candidates=1, time=0.014s
[18:30:30] [YFAdapter-P0] [INFO] [YF-P0] Decision context: myPos=0, curPos=3, greaterPos=3, teammate=2, curAction=[, actionList_size=1
[18:30:30] [YFAdapter-P0] [INFO] [YF-P0] Decided: action_index=0, action=['PASS', 'PASS', 'PASS']
[18:30:30] [HybridV4-P0] [INFO] ✓ Decision complete: action=0 (score=95.0, layer=YF), candidates=1, time=0.003s
[18:30:30] [YFAdapter-P0] [INFO] [YF-P0] Decision context: myPos=0, curPos=3, greaterPos=3, teammate=2, curAction=[, actionList_size=1
[18:30:30] [YFAdapter-P0] [INFO] [YF-P0] Decided: action_index=0, action=['PASS', 'PASS', 'PASS']
[18:30:30] [HybridV4-P0] [INFO] ✓ Decision complete: action=0 (score=95.0, layer=YF), candidates=1, time=0.003s
[18:30:30] [YFAdapter-P0] [INFO] [YF-P0] Decision context: myPos=0, curPos=3, greaterPos=1, teammate=2, curAction=[, actionList_size=1
[18:30:30] [YFAdapter-P0] [INFO] [YF-P0] Decided: action_index=0, action=['PASS', 'PASS', 'PASS']
[18:30:30] [HybridV4-P0] [INFO] ✓ Decision complete: action=0 (score=95.0, layer=YF), candidates=1, time=0.003s
[18:30:30] [YFAdapter-P0] [INFO] [YF-P0] Decision context: myPos=0, curPos=3, greaterPos=2, teammate=2, curAction=[, actionList_size=3
[18:30:30] [YFAdapter-P0] [INFO] [YF-P0] Decided: action_index=0, action=['PASS', 'PASS', 'PASS']
[18:30:30] [HybridV4-P0] [INFO] ✓ Decision complete: action=1 (score=136.0, layer=YF), candidates=3, time=0.004s
[18:30:30] [YFAdapter-P0] [INFO] [YF-P0] Decision context: myPos=0, curPos=3, greaterPos=1, teammate=2, curAction=[, actionList_size=1
[18:30:30] [YFAdapter-P0] [INFO] [YF-P0] Decided: action_index=0, action=['PASS', 'PASS', 'PASS']
[18:30:30] [HybridV4-P0] [INFO] ✓ Decision complete: action=0 (score=75.0, layer=YF), candidates=1, time=0.008s
[18:30:30] [YFAdapter-P0] [INFO] [YF-P0] Decision context: myPos=0, curPos=3, greaterPos=1, teammate=2, curAction=[, actionList_size=2
[18:30:30] [YFAdapter-P0] [INFO] [YF-P0] Decided: action_index=0, action=['PASS', 'PASS', 'PASS']
[18:30:30] [HybridV4-P0] [INFO] ✓ Decision complete: action=1 (score=186.0, layer=YF), candidates=2, time=0.004s
[18:30:30] [YFAdapter-P0] [INFO] [YF-P0] Decision context: myPos=0, curPos=3, greaterPos=3, teammate=2, curAction=[, actionList_size=1
[18:30:30] [YFAdapter-P0] [INFO] [YF-P0] Decided: action_index=0, action=['PASS', 'PASS', 'PASS']
[18:30:30] [HybridV4-P0] [INFO] ✓ Decision complete: action=0 (score=75.0, layer=YF), candidates=1, time=0.008s
[18:30:30] [YFAdapter-P0] [INFO] [YF-P0] Decision context: myPos=0, curPos=3, greaterPos=3, teammate=2, curAction=[, actionList_size=1
[18:30:30] [YFAdapter-P0] [INFO] [YF-P0] Decided: action_index=0, action=['PASS', 'PASS', 'PASS']
[18:30:30] [HybridV4-P0] [INFO] ✓ Decision complete: action=0 (score=75.0, layer=YF), candidates=1, time=0.003s
[18:30:30] [YFAdapter-P0] [INFO] [YF-P0] Decision context: myPos=0, curPos=3, greaterPos=3, teammate=2, curAction=[, actionList_size=1
[18:30:30] [YFAdapter-P0] [INFO] [YF-P0] Decided: action_index=0, action=['PASS', 'PASS', 'PASS']
[18:30:30] [HybridV4-P0] [INFO] ✓ Decision complete: action=0 (score=75.0, layer=YF), candidates=1, time=0.006s
[18:30:30] [YFAdapter-P0] [INFO] [YF-P0] Decision context: myPos=0, curPos=3, greaterPos=3, teammate=2, curAction=[, actionList_size=4
[18:30:30] [YFAdapter-P0] [INFO] [YF-P0] Decided: action_index=0, action=['PASS', 'PASS', 'PASS']
[18:30:30] [YFAdapter-P0] [WARNING] [YF-P0] 检测到过于保守: 对手快走完(剩5张), 触发Layer 2/3进行更积极的决策
[18:30:30] [HybridV4-P0] [INFO] ✓ Decision complete: action=1 (score=115.6, layer=DecisionEngine), candidates=4, time=0.004s
[18:30:30] [YFAdapter-P0] [INFO] [YF-P0] Decision context: myPos=0, curPos=3, greaterPos=3, teammate=2, curAction=[, actionList_size=1
[18:30:30] [YFAdapter-P0] [INFO] [YF-P0] Decided: action_index=0, action=['PASS', 'PASS', 'PASS']
[18:30:30] [HybridV4-P0] [INFO] ✓ Decision complete: action=0 (score=-5.0, layer=YF), candidates=1, time=0.003s
[18:30:30] [YFAdapter-P0] [INFO] [YF-P0] Decision context: myPos=0, curPos=3, greaterPos=3, teammate=2, curAction=[, actionList_size=2
[18:30:30] [YFAdapter-P0] [INFO] [YF-P0] Decided: action_index=0, action=['PASS', 'PASS', 'PASS']
[18:30:30] [YFAdapter-P0] [WARNING] [YF-P0] 检测到过于保守: 对手快走完(剩0张), 触发Layer 2/3进行更积极的决策
[18:30:30] [HybridV4-P0] [INFO] ✓ Decision complete: action=1 (score=155.6, layer=DecisionEngine), candidates=2, time=0.009s
[18:30:30] [YFAdapter-P0] [INFO] [YF-P0] Decision context: myPos=0, curPos=-1, greaterPos=-1, teammate=2, curAction=[, actionList_size=15
[18:30:30] [YFAdapter-P0] [INFO] [YF-P0] Decided: action_index=6, action=['Single', '7', [['D', '7']]]
[18:30:30] [HybridV4-P0] [INFO] ✓ Decision complete: action=6 (score=235.0, layer=YF), candidates=8, time=0.004s
[18:30:30] [YFAdapter-P0] [INFO] [YF-P0] Decision context: myPos=0, curPos=2, greaterPos=1, teammate=2, curAction=[, actionList_size=2
[18:30:30] [YFAdapter-P0] [INFO] [YF-P0] Decided: action_index=0, action=['PASS', 'PASS', 'PASS']
[18:30:30] [YFAdapter-P0] [WARNING] [YF-P0] 检测到过于保守: 对手快走完(剩0张), 触发Layer 2/3进行更积极的决策
[18:30:30] [HybridV4-P0] [INFO] ✓ Decision complete: action=1 (score=130.6, layer=DecisionEngine), candidates=2, time=0.005s
[18:30:30] [YFAdapter-P0] [INFO] [YF-P0] Decision context: myPos=0, curPos=-1, greaterPos=-1, teammate=2, curAction=[, actionList_size=13
[18:30:30] [YFAdapter-P0] [INFO] [YF-P0] Decided: action_index=11, action=['ThreeWithTwo', '3', [['C', '3'], ['D', '3'], ['D', '3'], ['S', '4'], ['D', '4']]]
[18:30:30] [HybridV4-P0] [INFO] ✓ Decision complete: action=11 (score=230.0, layer=YF), candidates=8, time=0.006s
[18:30:30] [YFAdapter-P0] [INFO] [YF-P0] Decision context: myPos=0, curPos=-1, greaterPos=-1, teammate=2, curAction=[, actionList_size=3
[18:30:30] [YFAdapter-P0] [INFO] [YF-P0] Decided: action_index=2, action=['Pair', '6', [['S', '6'], ['H', '6']]]
[18:30:30] [HybridV4-P0] [INFO] ✓ Decision complete: action=2 (score=230.0, layer=YF), candidates=3, time=0.004s
[18:30:30] [yf1_v4] [INFO] 游戏开始, 我是0号位，手牌：['H2', 'H2', 'C2', 'C2', 'S3', 'H3', 'C3', 'C3', 'D4', 'H5', 'S6', 'C6', 'H7', 'S8', 'S9', 'CT', 'DT', 'HJ', 'CQ', 'SK', 'HK', 'HK', 'SA', 'HA', 'CA', 'DA', 'HR']
[18:30:31] [YFAdapter-P0] [INFO] [YF-P0] Decision context: myPos=0, curPos=3, greaterPos=3, teammate=2, curAction=[, actionList_size=19
[18:30:31] [YFAdapter-P0] [INFO] [YF-P0] Decided: action_index=0, action=['PASS', 'PASS', 'PASS']
[18:30:31] [HybridV4-P0] [INFO] ✓ Decision complete: action=3 (score=142.5, layer=YF), candidates=8, time=0.003s
[18:30:31] [YFAdapter-P0] [INFO] [YF-P0] Decision context: myPos=0, curPos=3, greaterPos=2, teammate=2, curAction=[, actionList_size=4
[18:30:31] [YFAdapter-P0] [INFO] [YF-P0] Decided: action_index=0, action=['PASS', 'PASS', 'PASS']
[18:30:31] [HybridV4-P0] [INFO] ✓ Decision complete: action=2 (score=112.5, layer=YF), candidates=4, time=0.004s
[18:30:31] [YFAdapter-P0] [INFO] [YF-P0] Decision context: myPos=0, curPos=3, greaterPos=3, teammate=2, curAction=[, actionList_size=1
[18:30:31] [YFAdapter-P0] [INFO] [YF-P0] Decided: action_index=0, action=['PASS', 'PASS', 'PASS']
[18:30:31] [HybridV4-P0] [INFO] ✓ Decision complete: action=0 (score=95.0, layer=YF), candidates=1, time=0.004s
[18:30:31] [YFAdapter-P0] [INFO] [YF-P0] Decision context: myPos=0, curPos=3, greaterPos=3, teammate=2, curAction=[, actionList_size=21
[18:30:31] [YFAdapter-P0] [INFO] [YF-P0] Decided: action_index=0, action=['PASS', 'PASS', 'PASS']
[18:30:31] [HybridV4-P0] [INFO] ✓ Decision complete: action=17 (score=142.5, layer=YF), candidates=8, time=0.004s
[18:30:31] [YFAdapter-P0] [INFO] [YF-P0] Decision context: myPos=0, curPos=3, greaterPos=3, teammate=2, curAction=[, actionList_size=1
[18:30:31] [YFAdapter-P0] [INFO] [YF-P0] Decided: action_index=0, action=['PASS', 'PASS', 'PASS']
[18:30:31] [HybridV4-P0] [INFO] ✓ Decision complete: action=0 (score=95.0, layer=YF), candidates=1, time=0.002s
[18:30:31] [YFAdapter-P0] [INFO] [YF-P0] Decision context: myPos=0, curPos=3, greaterPos=3, teammate=2, curAction=[, actionList_size=8
[18:30:31] [YFAdapter-P0] [INFO] [YF-P0] Decided: action_index=0, action=['PASS', 'PASS', 'PASS']
[18:30:31] [HybridV4-P0] [INFO] ✓ Decision complete: action=1 (score=159.0, layer=YF), candidates=6, time=0.005s
[18:30:31] [YFAdapter-P0] [INFO] [YF-P0] Decision context: myPos=0, curPos=3, greaterPos=1, teammate=2, curAction=[, actionList_size=1
[18:30:31] [YFAdapter-P0] [INFO] [YF-P0] Decided: action_index=0, action=['PASS', 'PASS', 'PASS']
[18:30:31] [HybridV4-P0] [INFO] ✓ Decision complete: action=0 (score=95.0, layer=YF), candidates=1, time=0.004s
[18:30:31] [YFAdapter-P0] [INFO] [YF-P0] Decision context: myPos=0, curPos=3, greaterPos=3, teammate=2, curAction=[, actionList_size=1
[18:30:31] [YFAdapter-P0] [INFO] [YF-P0] Decided: action_index=0, action=['PASS', 'PASS', 'PASS']
[18:30:31] [HybridV4-P0] [INFO] ✓ Decision complete: action=0 (score=55.0, layer=YF), candidates=1, time=0.002s
[18:30:31] [YFAdapter-P0] [INFO] [YF-P0] Decision context: myPos=0, curPos=3, greaterPos=3, teammate=2, curAction=[, actionList_size=7
[18:30:31] [YFAdapter-P0] [INFO] [YF-P0] Decided: action_index=0, action=['PASS', 'PASS', 'PASS']
[18:30:31] [YFAdapter-P0] [WARNING] [YF-P0] 检测到过于保守: 对手快走完(剩4张), 触发Layer 2/3进行更积极的决策
[18:30:31] [HybridV4-P0] [INFO] ✓ Decision complete: action=1 (score=85.6, layer=DecisionEngine), candidates=5, time=0.012s
[18:30:31] [YFAdapter-P0] [INFO] [YF-P0] Decision context: myPos=0, curPos=3, greaterPos=3, teammate=2, curAction=[, actionList_size=2
[18:30:31] [YFAdapter-P0] [INFO] [YF-P0] Decided: action_index=0, action=['PASS', 'PASS', 'PASS']
[18:30:31] [YFAdapter-P0] [WARNING] [YF-P0] 检测到过于保守: 对手快走完(剩3张), 触发Layer 2/3进行更积极的决策
[18:30:31] [HybridV4-P0] [INFO] ✓ Decision complete: action=1 (score=155.6, layer=DecisionEngine), candidates=2, time=0.005s
[18:30:31] [YFAdapter-P0] [INFO] [YF-P0] Decision context: myPos=0, curPos=-1, greaterPos=-1, teammate=2, curAction=[, actionList_size=27
[18:30:31] [YFAdapter-P0] [INFO] [YF-P0] Decided: action_index=2, action=['Single', '4', [['D', '4']]]
[18:30:31] [HybridV4-P0] [INFO] ✓ Decision complete: action=2 (score=230.0, layer=YF), candidates=8, time=0.010s
[18:30:31] [YFAdapter-P0] [INFO] [YF-P0] Decision context: myPos=0, curPos=3, greaterPos=3, teammate=2, curAction=[, actionList_size=1
[18:30:31] [YFAdapter-P0] [INFO] [YF-P0] Decided: action_index=0, action=['PASS', 'PASS', 'PASS']
[18:30:31] [HybridV4-P0] [INFO] ✓ Decision complete: action=0 (score=-5.0, layer=YF), candidates=1, time=0.003s
[18:30:31] [YFAdapter-P0] [INFO] [YF-P0] Decision context: myPos=0, curPos=3, greaterPos=3, teammate=2, curAction=[, actionList_size=1
[18:30:31] [YFAdapter-P0] [INFO] [YF-P0] Decided: action_index=0, action=['PASS', 'PASS', 'PASS']
[18:30:31] [HybridV4-P0] [INFO] ✓ Decision complete: action=0 (score=-5.0, layer=YF), candidates=1, time=0.015s
[18:30:31] [YFAdapter-P0] [INFO] [YF-P0] Decision context: myPos=0, curPos=2, greaterPos=2, teammate=2, curAction=[, actionList_size=1
[18:30:31] [YFAdapter-P0] [INFO] [YF-P0] Decided: action_index=0, action=['PASS', 'PASS', 'PASS']
[18:30:31] [HybridV4-P0] [INFO] ✓ Decision complete: action=0 (score=10.0, layer=YF), candidates=1, time=0.002s
[18:30:31] [HybridV4-P0] [INFO] [Critical Rule] Teammate protection: teammate has 1 cards, PASS
[18:30:31] [HybridV4-P0] [INFO] ✓ Critical Rule triggered: action=0, time=0.001s
[18:30:31] [HybridV4-P0] [INFO] [Critical Rule] Teammate protection: teammate has 0 cards, PASS
[18:30:31] [HybridV4-P0] [INFO] ✓ Critical Rule triggered: action=0, time=0.001s
[18:30:31] [YFAdapter-P0] [INFO] [YF-P0] Decision context: myPos=0, curPos=-1, greaterPos=-1, teammate=2, curAction=[, actionList_size=20
[18:30:31] [YFAdapter-P0] [INFO] [YF-P0] Decided: action_index=2, action=['Single', '5', [['H', '5']]]
[18:30:31] [HybridV4-P0] [INFO] ✓ Decision complete: action=2 (score=230.0, layer=YF), candidates=8, time=0.004s
[18:30:31] [YFAdapter-P0] [INFO] [YF-P0] Decision context: myPos=0, curPos=1, greaterPos=1, teammate=2, curAction=[, actionList_size=1
[18:30:31] [YFAdapter-P0] [INFO] [YF-P0] Decided: action_index=0, action=['PASS', 'PASS', 'PASS']
[18:30:31] [HybridV4-P0] [INFO] ✓ Decision complete: action=0 (score=-5.0, layer=YF), candidates=1, time=0.003s
[18:30:31] [YFAdapter-P0] [INFO] [YF-P0] Decision context: myPos=0, curPos=1, greaterPos=1, teammate=2, curAction=[, actionList_size=1
[18:30:31] [YFAdapter-P0] [INFO] [YF-P0] Decided: action_index=0, action=['PASS', 'PASS', 'PASS']
[18:30:31] [HybridV4-P0] [INFO] ✓ Decision complete: action=0 (score=-5.0, layer=YF), candidates=1, time=0.003s
[18:30:31] [YFAdapter-P0] [INFO] [YF-P0] Decision context: myPos=0, curPos=1, greaterPos=1, teammate=2, curAction=[, actionList_size=1
[18:30:31] [YFAdapter-P0] [INFO] [YF-P0] Decided: action_index=0, action=['PASS', 'PASS', 'PASS']
[18:30:31] [HybridV4-P0] [INFO] ✓ Decision complete: action=0 (score=-5.0, layer=YF), candidates=1, time=0.002s
[18:30:31] [yf1_v4] [INFO] 游戏开始, 我是0号位，手牌：['S3', 'D4', 'S5', 'H5', 'D5', 'H6', 'C6', 'H7', 'H8', 'C8', 'D8', 'D9', 'ST', 'CT', 'CT', 'HJ', 'HQ', 'CQ', 'SK', 'CK', 'DK', 'SA', 'SA', 'HA', 'C2', 'D2', 'SB']
[18:30:31] [YFAdapter-P0] [INFO] [YF-P0] Decision context: myPos=0, curPos=1, greaterPos=1, teammate=2, curAction=[, actionList_size=1
[18:30:31] [YFAdapter-P0] [INFO] [YF-P0] Decided: action_index=0, action=['tribute', 'tribute', [['S', 'B']]]
[18:30:31] [HybridV4-P0] [INFO] ✓ Decision complete: action=0 (score=165.0, layer=YF), candidates=1, time=0.019s
[18:30:31] [YFAdapter-P0] [INFO] [YF-P0] Decision context: myPos=0, curPos=-1, greaterPos=1, teammate=2, curAction=[, actionList_size=331
[18:30:31] [YFAdapter-P0] [INFO] [YF-P0] Decided: action_index=6, action=['Single', '6', [['C', '6']]]
[18:30:31] [HybridV4-P0] [INFO] ✓ Decision complete: action=6 (score=140.0, layer=YF), candidates=8, time=0.010s
[18:30:31] [YFAdapter-P0] [INFO] [YF-P0] Decision context: myPos=0, curPos=3, greaterPos=3, teammate=2, curAction=[, actionList_size=2
[18:30:31] [YFAdapter-P0] [INFO] [YF-P0] Decided: action_index=0, action=['PASS', 'PASS', 'PASS']
[18:30:31] [HybridV4-P0] [INFO] ✓ Decision complete: action=1 (score=135.5, layer=YF), candidates=2, time=0.003s
[18:30:31] [YFAdapter-P0] [INFO] [YF-P0] Decision context: myPos=0, curPos=3, greaterPos=2, teammate=2, curAction=[, actionList_size=1
[18:30:31] [YFAdapter-P0] [INFO] [YF-P0] Decided: action_index=0, action=['PASS', 'PASS', 'PASS']
[18:30:31] [HybridV4-P0] [INFO] ✓ Decision complete: action=0 (score=95.0, layer=YF), candidates=1, time=0.003s
[18:30:31] [YFAdapter-P0] [INFO] [YF-P0] Decision context: myPos=0, curPos=3, greaterPos=3, teammate=2, curAction=[, actionList_size=1
[18:30:31] [YFAdapter-P0] [INFO] [YF-P0] Decided: action_index=0, action=['PASS', 'PASS', 'PASS']
[18:30:31] [HybridV4-P0] [INFO] ✓ Decision complete: action=0 (score=95.0, layer=YF), candidates=1, time=0.002s
[18:30:31] [YFAdapter-P0] [INFO] [YF-P0] Decision context: myPos=0, curPos=3, greaterPos=2, teammate=2, curAction=[, actionList_size=1
[18:30:31] [YFAdapter-P0] [INFO] [YF-P0] Decided: action_index=0, action=['PASS', 'PASS', 'PASS']
[18:30:31] [HybridV4-P0] [INFO] ✓ Decision complete: action=0 (score=95.0, layer=YF), candidates=1, time=0.003s
[18:30:31] [YFAdapter-P0] [INFO] [YF-P0] Decision context: myPos=0, curPos=3, greaterPos=3, teammate=2, curAction=[, actionList_size=1
[18:30:31] [YFAdapter-P0] [INFO] [YF-P0] Decided: action_index=0, action=['PASS', 'PASS', 'PASS']
[18:30:31] [HybridV4-P0] [INFO] ✓ Decision complete: action=0 (score=95.0, layer=YF), candidates=1, time=0.003s
[18:30:31] [YFAdapter-P0] [INFO] [YF-P0] Decision context: myPos=0, curPos=3, greaterPos=3, teammate=2, curAction=[, actionList_size=20
[18:30:31] [YFAdapter-P0] [INFO] [YF-P0] Decided: action_index=0, action=['PASS', 'PASS', 'PASS']
[18:30:31] [HybridV4-P0] [INFO] ✓ Decision complete: action=16 (score=142.5, layer=YF), candidates=8, time=0.004s
[18:30:31] [YFAdapter-P0] [INFO] [YF-P0] Decision context: myPos=0, curPos=3, greaterPos=1, teammate=2, curAction=[, actionList_size=1
[18:30:31] [YFAdapter-P0] [INFO] [YF-P0] Decided: action_index=0, action=['PASS', 'PASS', 'PASS']
[18:30:31] [HybridV4-P0] [INFO] ✓ Decision complete: action=0 (score=95.0, layer=YF), candidates=1, time=0.002s
[18:30:31] [YFAdapter-P0] [INFO] [YF-P0] Decision context: myPos=0, curPos=3, greaterPos=2, teammate=2, curAction=[, actionList_size=10
[18:30:31] [YFAdapter-P0] [INFO] [YF-P0] Decided: action_index=0, action=['PASS', 'PASS', 'PASS']
[18:30:31] [HybridV4-P0] [INFO] ✓ Decision complete: action=6 (score=112.5, layer=YF), candidates=8, time=0.004s
[18:30:31] [YFAdapter-P0] [INFO] [YF-P0] Decision context: myPos=0, curPos=3, greaterPos=1, teammate=2, curAction=[, actionList_size=1
[18:30:31] [YFAdapter-P0] [INFO] [YF-P0] Decided: action_index=0, action=['PASS', 'PASS', 'PASS']
[18:30:31] [HybridV4-P0] [INFO] ✓ Decision complete: action=0 (score=95.0, layer=YF), candidates=1, time=0.002s
[18:30:31] [YFAdapter-P0] [INFO] [YF-P0] Decision context: myPos=0, curPos=3, greaterPos=2, teammate=2, curAction=[, actionList_size=7
[18:30:31] [YFAdapter-P0] [INFO] [YF-P0] Decided: action_index=0, action=['PASS', 'PASS', 'PASS']
[18:30:31] [HybridV4-P0] [INFO] ✓ Decision complete: action=4 (score=112.5, layer=YF), candidates=6, time=0.003s
[18:30:32] [YFAdapter-P0] [INFO] [YF-P0] Decision context: myPos=0, curPos=-1, greaterPos=-1, teammate=2, curAction=[, actionList_size=74
[18:30:32] [YFAdapter-P0] [INFO] [YF-P0] Decided: action_index=59, action=['Straight', '3', [['S', '3'], ['D', '4'], ['S', '5'], ['H', '6'], ['H', '7']]]
[18:30:32] [HybridV4-P0] [INFO] ✓ Decision complete: action=59 (score=110.0, layer=YF), candidates=8, time=0.005s
[18:30:32] [YFAdapter-P0] [INFO] [YF-P0] Decision context: myPos=0, curPos=3, greaterPos=2, teammate=2, curAction=[, actionList_size=13
[18:30:32] [YFAdapter-P0] [INFO] [YF-P0] Decided: action_index=0, action=['PASS', 'PASS', 'PASS']
[18:30:32] [HybridV4-P0] [INFO] ✓ Decision complete: action=1 (score=105.5, layer=YF), candidates=6, time=0.014s
[18:30:32] [YFAdapter-P0] [INFO] [YF-P0] Decision context: myPos=0, curPos=3, greaterPos=1, teammate=2, curAction=[, actionList_size=1
[18:30:32] [YFAdapter-P0] [INFO] [YF-P0] Decided: action_index=0, action=['PASS', 'PASS', 'PASS']
[18:30:32] [HybridV4-P0] [INFO] ✓ Decision complete: action=0 (score=95.0, layer=YF), candidates=1, time=0.003s
[18:30:32] [YFAdapter-P0] [INFO] [YF-P0] Decision context: myPos=0, curPos=3, greaterPos=2, teammate=2, curAction=[, actionList_size=5
[18:30:32] [YFAdapter-P0] [INFO] [YF-P0] Decided: action_index=0, action=['PASS', 'PASS', 'PASS']
[18:30:32] [HybridV4-P0] [INFO] ✓ Decision complete: action=3 (score=112.5, layer=YF), candidates=5, time=0.004s
[18:30:32] [YFAdapter-P0] [INFO] [YF-P0] Decision context: myPos=0, curPos=-1, greaterPos=-1, teammate=2, curAction=[, actionList_size=10
[18:30:32] [YFAdapter-P0] [INFO] [YF-P0] Decided: action_index=7, action=['Pair', '5', [['H', '5'], ['D', '5']]]
[18:30:32] [HybridV4-P0] [INFO] ✓ Decision complete: action=7 (score=110.0, layer=YF), candidates=7, time=0.014s
[18:30:32] [YFAdapter-P0] [INFO] [YF-P0] Decision context: myPos=0, curPos=3, greaterPos=2, teammate=2, curAction=[, actionList_size=1
[18:30:32] [YFAdapter-P0] [INFO] [YF-P0] Decided: action_index=0, action=['PASS', 'PASS', 'PASS']
[18:30:32] [HybridV4-P0] [INFO] ✓ Decision complete: action=0 (score=95.0, layer=YF), candidates=1, time=0.008s
[18:30:32] [YFAdapter-P0] [INFO] [YF-P0] Decision context: myPos=0, curPos=3, greaterPos=3, teammate=2, curAction=[, actionList_size=4
[18:30:32] [YFAdapter-P0] [INFO] [YF-P0] Decided: action_index=0, action=['PASS', 'PASS', 'PASS']
[18:30:32] [HybridV4-P0] [INFO] ✓ Decision complete: action=3 (score=162.5, layer=YF), candidates=4, time=0.003s
[18:30:32] [YFAdapter-P0] [INFO] [YF-P0] Decision context: myPos=0, curPos=-1, greaterPos=-1, teammate=2, curAction=[, actionList_size=6
[18:30:32] [YFAdapter-P0] [INFO] [YF-P0] Decided: action_index=4, action=['Pair', 'T', [['C', 'T'], ['C', 'T']]]
[18:30:32] [HybridV4-P0] [INFO] ✓ Decision complete: action=4 (score=135.0, layer=YF), candidates=5, time=0.010s
[18:30:32] [YFAdapter-P0] [INFO] [YF-P0] Decision context: myPos=0, curPos=3, greaterPos=1, teammate=2, curAction=[, actionList_size=1
[18:30:32] [YFAdapter-P0] [INFO] [YF-P0] Decided: action_index=0, action=['PASS', 'PASS', 'PASS']
[18:30:32] [HybridV4-P0] [INFO] ✓ Decision complete: action=0 (score=95.0, layer=YF), candidates=1, time=0.002s
[18:30:32] [YFAdapter-P0] [INFO] [YF-P0] Decision context: myPos=0, curPos=3, greaterPos=2, teammate=2, curAction=[, actionList_size=3
[18:30:32] [YFAdapter-P0] [INFO] [YF-P0] Decided: action_index=0, action=['PASS', 'PASS', 'PASS']
[18:30:32] [HybridV4-P0] [INFO] ✓ Decision complete: action=1 (score=129.0, layer=YF), candidates=3, time=0.005s
[18:30:32] [YFAdapter-P0] [INFO] [YF-P0] Decision context: myPos=0, curPos=-1, greaterPos=-1, teammate=2, curAction=[, actionList_size=2
[18:30:32] [YFAdapter-P0] [INFO] [YF-P0] Decided: action_index=0, action=['Single', 'Q', [['C', 'Q']]]
[18:30:32] [HybridV4-P0] [INFO] ✓ Decision complete: action=0 (score=140.0, layer=YF), candidates=2, time=0.020s
[18:30:32] [YFAdapter-P0] [INFO] [YF-P0] Decision context: myPos=0, curPos=3, greaterPos=1, teammate=2, curAction=[, actionList_size=1
[18:30:32] [YFAdapter-P0] [INFO] [YF-P0] Decided: action_index=0, action=['PASS', 'PASS', 'PASS']
[18:30:32] [HybridV4-P0] [INFO] ✓ Decision complete: action=0 (score=95.0, layer=YF), candidates=1, time=0.004s
[18:30:32] [YFAdapter-P0] [INFO] [YF-P0] Decision context: myPos=0, curPos=3, greaterPos=3, teammate=2, curAction=[, actionList_size=2
[18:30:32] [YFAdapter-P0] [INFO] [YF-P0] Decided: action_index=0, action=['PASS', 'PASS', 'PASS']
[18:30:32] [HybridV4-P0] [INFO] ✓ Decision complete: action=1 (score=166.0, layer=YF), candidates=2, time=0.005s
[18:30:32] [yf1_v4] [INFO] 游戏开始, 我是0号位，手牌：['S2', 'H2', 'S4', 'C4', 'D4', 'D4', 'S5', 'D6', 'S7', 'S7', 'C7', 'C8', 'ST', 'HT', 'CJ', 'CQ', 'DQ', 'HK', 'CK', 'DK', 'CA', 'CA', 'DA', 'S3', 'C3', 'D3', 'SB']
[18:30:32] [YFAdapter-P0] [INFO] [YF-P0] Decision context: myPos=0, curPos=-1, greaterPos=-1, teammate=2, curAction=[, actionList_size=12
[18:30:32] [YFAdapter-P0] [ERROR] YF rule_parse failed: 'NoneType' object is not iterable
Traceback (most recent call last):
  File "D:\guandanscore\YiFeiAI-GD\src\communication\lalala_adapter_v4.py", line 456, in _make_yf_decision
    act_index = self.yf_action.rule_parse(
        message,
    ...<6 lines>...
        self.yf_state.tribute_result
    )
  File "D:\NYGD\lalala\action.py", line 1391, in rule_parse
    self.act = self.back_action(msg,mypos,tribute_result)
               ~~~~~~~~~~~~~~~~^^^^^^^^^^^^^^^^^^^^^^^^^^
  File "D:\NYGD\lalala\action.py", line 1331, in back_action
    card = choose_in_single(combined_temp["Single"])
  File "D:\NYGD\lalala\action.py", line 1212, in choose_in_single
    for my_pos in tribute_result:
                  ^^^^^^^^^^^^^^
TypeError: 'NoneType' object is not iterable
[18:30:32] [YFAdapter-P0] [ERROR] YF decision failed: YF decision failed: 'NoneType' object is not iterable
Traceback (most recent call last):
  File "D:\guandanscore\YiFeiAI-GD\src\communication\lalala_adapter_v4.py", line 456, in _make_yf_decision
    act_index = self.yf_action.rule_parse(
        message,
    ...<6 lines>...
        self.yf_state.tribute_result
    )
  File "D:\NYGD\lalala\action.py", line 1391, in rule_parse
    self.act = self.back_action(msg,mypos,tribute_result)
               ~~~~~~~~~~~~~~~~^^^^^^^^^^^^^^^^^^^^^^^^^^
  File "D:\NYGD\lalala\action.py", line 1331, in back_action
    card = choose_in_single(combined_temp["Single"])
  File "D:\NYGD\lalala\action.py", line 1212, in choose_in_single
    for my_pos in tribute_result:
                  ^^^^^^^^^^^^^^
TypeError: 'NoneType' object is not iterable

During handling of the above exception, another exception occurred:

Traceback (most recent call last):
  File "D:\guandanscore\YiFeiAI-GD\src\communication\lalala_adapter_v4.py", line 90, in decide
    action_index = self._make_yf_decision(converted_message)
  File "D:\guandanscore\YiFeiAI-GD\src\communication\lalala_adapter_v4.py", line 520, in _make_yf_decision
    raise RuntimeError(f"YF decision failed: {e}")
RuntimeError: YF decision failed: 'NoneType' object is not iterable
[18:30:32] [HybridV4-P0] [INFO] ✓ Decision complete: action=0 (score=0.5, layer=DecisionEngine), candidates=5, time=0.006s
[18:30:32] [YFAdapter-P0] [INFO] [YF-P0] Decision context: myPos=0, curPos=3, greaterPos=3, teammate=2, curAction=[, actionList_size=17
[18:30:32] [YFAdapter-P0] [INFO] [YF-P0] Decided: action_index=0, action=['PASS', 'PASS', 'PASS']
[18:30:32] [HybridV4-P0] [INFO] ✓ Decision complete: action=9 (score=142.5, layer=YF), candidates=8, time=0.003s
[18:30:32] [YFAdapter-P0] [INFO] [YF-P0] Decision context: myPos=0, curPos=3, greaterPos=2, teammate=2, curAction=[, actionList_size=2
[18:30:32] [YFAdapter-P0] [INFO] [YF-P0] Decided: action_index=0, action=['PASS', 'PASS', 'PASS']
[18:30:32] [HybridV4-P0] [INFO] ✓ Decision complete: action=1 (score=102.0, layer=YF), candidates=2, time=0.004s
[18:30:32] [YFAdapter-P0] [INFO] [YF-P0] Decision context: myPos=0, curPos=3, greaterPos=3, teammate=2, curAction=[, actionList_size=1
[18:30:32] [YFAdapter-P0] [INFO] [YF-P0] Decided: action_index=0, action=['PASS', 'PASS', 'PASS']
[18:30:32] [HybridV4-P0] [INFO] ✓ Decision complete: action=0 (score=95.0, layer=YF), candidates=1, time=0.002s
[18:30:32] [YFAdapter-P0] [INFO] [YF-P0] Decision context: myPos=0, curPos=3, greaterPos=3, teammate=2, curAction=[, actionList_size=20
[18:30:32] [YFAdapter-P0] [INFO] [YF-P0] Decided: action_index=0, action=['PASS', 'PASS', 'PASS']
[18:30:32] [HybridV4-P0] [INFO] ✓ Decision complete: action=13 (score=142.5, layer=YF), candidates=8, time=0.004s
[18:30:32] [YFAdapter-P0] [INFO] [YF-P0] Decision context: myPos=0, curPos=3, greaterPos=3, teammate=2, curAction=[, actionList_size=1
[18:30:32] [YFAdapter-P0] [INFO] [YF-P0] Decided: action_index=0, action=['PASS', 'PASS', 'PASS']
[18:30:32] [HybridV4-P0] [INFO] ✓ Decision complete: action=0 (score=95.0, layer=YF), candidates=1, time=0.003s
[18:30:32] [YFAdapter-P0] [INFO] [YF-P0] Decision context: myPos=0, curPos=3, greaterPos=3, teammate=2, curAction=[, actionList_size=15
[18:30:32] [YFAdapter-P0] [INFO] [YF-P0] Decided: action_index=0, action=['PASS', 'PASS', 'PASS']
[18:30:32] [HybridV4-P0] [INFO] ✓ Decision complete: action=9 (score=162.5, layer=YF), candidates=8, time=0.005s
[18:30:32] [YFAdapter-P0] [INFO] [YF-P0] Decision context: myPos=0, curPos=3, greaterPos=2, teammate=2, curAction=[, actionList_size=3
[18:30:32] [YFAdapter-P0] [INFO] [YF-P0] Decided: action_index=0, action=['PASS', 'PASS', 'PASS']
[18:30:32] [HybridV4-P0] [INFO] ✓ Decision complete: action=1 (score=132.5, layer=YF), candidates=3, time=0.005s
[18:30:33] [YFAdapter-P0] [INFO] [YF-P0] Decision context: myPos=0, curPos=-1, greaterPos=-1, teammate=2, curAction=[, actionList_size=53
[18:30:33] [YFAdapter-P0] [INFO] [YF-P0] Decided: action_index=0, action=['Single', '2', [['H', '2']]]
[18:30:33] [HybridV4-P0] [INFO] ✓ Decision complete: action=0 (score=145.0, layer=YF), candidates=8, time=0.006s
[18:30:33] [YFAdapter-P0] [INFO] [YF-P0] Decision context: myPos=0, curPos=3, greaterPos=3, teammate=2, curAction=[, actionList_size=5
[18:30:33] [YFAdapter-P0] [INFO] [YF-P0] Decided: action_index=0, action=['PASS', 'PASS', 'PASS']
[18:30:33] [HybridV4-P0] [INFO] ✓ Decision complete: action=4 (score=162.5, layer=YF), candidates=5, time=0.004s
[18:30:33] [YFAdapter-P0] [INFO] [YF-P0] Decision context: myPos=0, curPos=3, greaterPos=1, teammate=2, curAction=[, actionList_size=1
[18:30:33] [YFAdapter-P0] [INFO] [YF-P0] Decided: action_index=0, action=['PASS', 'PASS', 'PASS']
[18:30:33] [HybridV4-P0] [INFO] ✓ Decision complete: action=0 (score=95.0, layer=YF), candidates=1, time=0.009s
[18:30:33] [YFAdapter-P0] [INFO] [YF-P0] Decision context: myPos=0, curPos=3, greaterPos=2, teammate=2, curAction=[, actionList_size=9
[18:30:33] [YFAdapter-P0] [INFO] [YF-P0] Decided: action_index=0, action=['PASS', 'PASS', 'PASS']
[18:30:33] [HybridV4-P0] [INFO] ✓ Decision complete: action=1 (score=129.0, layer=YF), candidates=6, time=0.012s
[18:30:33] [YFAdapter-P0] [INFO] [YF-P0] Decision context: myPos=0, curPos=3, greaterPos=2, teammate=2, curAction=[, actionList_size=4
[18:30:33] [YFAdapter-P0] [INFO] [YF-P0] Decided: action_index=0, action=['PASS', 'PASS', 'PASS']
[18:30:33] [HybridV4-P0] [INFO] ✓ Decision complete: action=1 (score=122.0, layer=YF), candidates=4, time=0.012s
[18:30:33] [YFAdapter-P0] [INFO] [YF-P0] Decision context: myPos=0, curPos=3, greaterPos=1, teammate=2, curAction=[, actionList_size=1
[18:30:33] [YFAdapter-P0] [INFO] [YF-P0] Decided: action_index=0, action=['PASS', 'PASS', 'PASS']
[18:30:33] [HybridV4-P0] [INFO] ✓ Decision complete: action=0 (score=95.0, layer=YF), candidates=1, time=0.002s
[18:30:33] [YFAdapter-P0] [INFO] [YF-P0] Decision context: myPos=0, curPos=3, greaterPos=3, teammate=2, curAction=[, actionList_size=5
[18:30:33] [YFAdapter-P0] [INFO] [YF-P0] Decided: action_index=0, action=['PASS', 'PASS', 'PASS']
[18:30:33] [HybridV4-P0] [INFO] ✓ Decision complete: action=1 (score=166.0, layer=YF), candidates=5, time=0.011s
[18:30:33] [YFAdapter-P0] [INFO] [YF-P0] Decision context: myPos=0, curPos=3, greaterPos=3, teammate=2, curAction=[, actionList_size=1
[18:30:33] [YFAdapter-P0] [INFO] [YF-P0] Decided: action_index=0, action=['PASS', 'PASS', 'PASS']
[18:30:33] [HybridV4-P0] [INFO] ✓ Decision complete: action=0 (score=125.0, layer=YF), candidates=1, time=0.007s
[18:30:33] [YFAdapter-P0] [INFO] [YF-P0] Decision context: myPos=0, curPos=3, greaterPos=3, teammate=2, curAction=[, actionList_size=3
[18:30:33] [YFAdapter-P0] [INFO] [YF-P0] Decided: action_index=0, action=['PASS', 'PASS', 'PASS']
[18:30:33] [YFAdapter-P0] [WARNING] [YF-P0] 检测到过于保守: 对手快走完(剩2张), 触发Layer 2/3进行更积极的决策
[18:30:33] [HybridV4-P0] [INFO] ✓ Decision complete: action=1 (score=155.6, layer=DecisionEngine), candidates=3, time=0.004s
[18:30:33] [YFAdapter-P0] [INFO] [YF-P0] Decision context: myPos=0, curPos=3, greaterPos=2, teammate=2, curAction=[, actionList_size=1
[18:30:33] [YFAdapter-P0] [INFO] [YF-P0] Decided: action_index=0, action=['PASS', 'PASS', 'PASS']
[18:30:33] [HybridV4-P0] [INFO] ✓ Decision complete: action=0 (score=-5.0, layer=YF), candidates=1, time=0.002s
[18:30:33] [YFAdapter-P0] [INFO] [YF-P0] Decision context: myPos=0, curPos=3, greaterPos=3, teammate=2, curAction=[, actionList_size=2
[18:30:33] [YFAdapter-P0] [INFO] [YF-P0] Decided: action_index=0, action=['PASS', 'PASS', 'PASS']
[18:30:33] [YFAdapter-P0] [WARNING] [YF-P0] 检测到过于保守: 对手快走完(剩0张), 触发Layer 2/3进行更积极的决策
[18:30:33] [HybridV4-P0] [INFO] ✓ Decision complete: action=1 (score=155.6, layer=DecisionEngine), candidates=2, time=0.005s
[18:30:33] [YFAdapter-P0] [INFO] [YF-P0] Decision context: myPos=0, curPos=-1, greaterPos=-1, teammate=2, curAction=[, actionList_size=6
[18:30:33] [YFAdapter-P0] [INFO] [YF-P0] Decided: action_index=0, action=['Single', '5', [['S', '5']]]
[18:30:33] [YFAdapter-P0] [WARNING] [YF-P0] 检测到过于保守: 对手快走完(剩0张), 触发Layer 2/3进行更积极的决策
[18:30:33] [HybridV4-P0] [INFO] ✓ Decision complete: action=0 (score=100.6, layer=DecisionEngine), candidates=5, time=0.010s
[18:30:33] [YFAdapter-P0] [INFO] [YF-P0] Decision context: myPos=0, curPos=2, greaterPos=2, teammate=2, curAction=[, actionList_size=2
[18:30:33] [YFAdapter-P0] [INFO] [YF-P0] Decided: action_index=0, action=['PASS', 'PASS', 'PASS']
[18:30:33] [YFAdapter-P0] [WARNING] [YF-P0] 检测到过于保守: 对手快走完(剩0张), 触发Layer 2/3进行更积极的决策
[18:30:33] [HybridV4-P0] [INFO] ✓ Decision complete: action=1 (score=100.6, layer=DecisionEngine), candidates=2, time=0.004s
[18:30:33] [YFAdapter-P0] [INFO] [YF-P0] Decision context: myPos=0, curPos=2, greaterPos=2, teammate=2, curAction=[, actionList_size=1
[18:30:33] [YFAdapter-P0] [INFO] [YF-P0] Decided: action_index=0, action=['PASS', 'PASS', 'PASS']
[18:30:33] [HybridV4-P0] [INFO] ✓ Decision complete: action=0 (score=10.0, layer=YF), candidates=1, time=0.002s
[18:30:33] [YFAdapter-P0] [INFO] [YF-P0] Decision context: myPos=0, curPos=2, greaterPos=1, teammate=2, curAction=[, actionList_size=1
[18:30:33] [YFAdapter-P0] [INFO] [YF-P0] Decided: action_index=0, action=['PASS', 'PASS', 'PASS']
[18:30:33] [HybridV4-P0] [INFO] ✓ Decision complete: action=0 (score=10.0, layer=YF), candidates=1, time=0.003s
[18:30:33] [YFAdapter-P0] [INFO] [YF-P0] Decision context: myPos=0, curPos=2, greaterPos=1, teammate=2, curAction=[, actionList_size=1
[18:30:33] [YFAdapter-P0] [INFO] [YF-P0] Decided: action_index=0, action=['PASS', 'PASS', 'PASS']
[18:30:33] [HybridV4-P0] [INFO] ✓ Decision complete: action=0 (score=10.0, layer=YF), candidates=1, time=0.004s
[18:30:33] [yf1_v4] [INFO] 游戏开始, 我是0号位，手牌：['S2', 'H2', 'C2', 'C2', 'D2', 'S3', 'H3', 'C4', 'D4', 'D4', 'S6', 'D7', 'S8', 'D9', 'HT', 'DT', 'HJ', 'DJ', 'SQ', 'HQ', 'CQ', 'SK', 'SK', 'DK', 'SA', 'DA', 'S5']
[18:30:33] [YFAdapter-P0] [INFO] [YF-P0] Decision context: myPos=0, curPos=-1, greaterPos=-1, teammate=2, curAction=[, actionList_size=1
[18:30:33] [YFAdapter-P0] [INFO] [YF-P0] Decided: action_index=0, action=['tribute', 'tribute', [['S', '5']]]
[18:30:33] [HybridV4-P0] [INFO] ✓ Decision complete: action=0 (score=110.0, layer=YF), candidates=1, time=0.002s
[18:30:33] [YFAdapter-P0] [INFO] [YF-P0] Decision context: myPos=0, curPos=3, greaterPos=3, teammate=2, curAction=[, actionList_size=12
[18:30:33] [YFAdapter-P0] [INFO] [YF-P0] Decided: action_index=0, action=['PASS', 'PASS', 'PASS']
[18:30:33] [HybridV4-P0] [INFO] ✓ Decision complete: action=7 (score=142.5, layer=YF), candidates=6, time=0.004s
[18:30:33] [YFAdapter-P0] [INFO] [YF-P0] Decision context: myPos=0, curPos=3, greaterPos=2, teammate=2, curAction=[, actionList_size=1
[18:30:33] [YFAdapter-P0] [INFO] [YF-P0] Decided: action_index=0, action=['PASS', 'PASS', 'PASS']
[18:30:33] [HybridV4-P0] [INFO] ✓ Decision complete: action=0 (score=95.0, layer=YF), candidates=1, time=0.003s
[18:30:33] [YFAdapter-P0] [INFO] [YF-P0] Decision context: myPos=0, curPos=3, greaterPos=1, teammate=2, curAction=[, actionList_size=1
[18:30:33] [YFAdapter-P0] [INFO] [YF-P0] Decided: action_index=0, action=['PASS', 'PASS', 'PASS']
[18:30:33] [HybridV4-P0] [INFO] ✓ Decision complete: action=0 (score=95.0, layer=YF), candidates=1, time=0.002s
[18:30:33] [YFAdapter-P0] [INFO] [YF-P0] Decision context: myPos=0, curPos=3, greaterPos=3, teammate=2, curAction=[, actionList_size=1
[18:30:33] [YFAdapter-P0] [INFO] [YF-P0] Decided: action_index=0, action=['PASS', 'PASS', 'PASS']
[18:30:33] [HybridV4-P0] [INFO] ✓ Decision complete: action=0 (score=95.0, layer=YF), candidates=1, time=0.002s
[18:30:33] [YFAdapter-P0] [INFO] [YF-P0] Decision context: myPos=0, curPos=3, greaterPos=3, teammate=2, curAction=[, actionList_size=20
[18:30:33] [YFAdapter-P0] [INFO] [YF-P0] Decided: action_index=0, action=['PASS', 'PASS', 'PASS']
[18:30:33] [HybridV4-P0] [INFO] ✓ Decision complete: action=18 (score=142.5, layer=YF), candidates=8, time=0.004s
[18:30:33] [YFAdapter-P0] [INFO] [YF-P0] Decision context: myPos=0, curPos=3, greaterPos=1, teammate=2, curAction=[, actionList_size=1
[18:30:33] [YFAdapter-P0] [INFO] [YF-P0] Decided: action_index=0, action=['PASS', 'PASS', 'PASS']
[18:30:33] [HybridV4-P0] [INFO] ✓ Decision complete: action=0 (score=95.0, layer=YF), candidates=1, time=0.005s
[18:30:33] [YFAdapter-P0] [INFO] [YF-P0] Decision context: myPos=0, curPos=3, greaterPos=3, teammate=2, curAction=[, actionList_size=4
[18:30:33] [YFAdapter-P0] [INFO] [YF-P0] Decided: action_index=0, action=['PASS', 'PASS', 'PASS']
[18:30:33] [HybridV4-P0] [INFO] ✓ Decision complete: action=3 (score=142.5, layer=YF), candidates=4, time=0.004s
[18:30:33] [YFAdapter-P0] [INFO] [YF-P0] Decision context: myPos=0, curPos=3, greaterPos=1, teammate=2, curAction=[, actionList_size=1
[18:30:33] [YFAdapter-P0] [INFO] [YF-P0] Decided: action_index=0, action=['PASS', 'PASS', 'PASS']
[18:30:33] [HybridV4-P0] [INFO] ✓ Decision complete: action=0 (score=95.0, layer=YF), candidates=1, time=0.003s
[18:30:33] [YFAdapter-P0] [INFO] [YF-P0] Decision context: myPos=0, curPos=3, greaterPos=3, teammate=2, curAction=[, actionList_size=1
[18:30:33] [YFAdapter-P0] [INFO] [YF-P0] Decided: action_index=0, action=['PASS', 'PASS', 'PASS']
[18:30:33] [HybridV4-P0] [INFO] ✓ Decision complete: action=0 (score=95.0, layer=YF), candidates=1, time=0.003s
[18:30:33] [YFAdapter-P0] [INFO] [YF-P0] Decision context: myPos=0, curPos=3, greaterPos=3, teammate=2, curAction=[, actionList_size=1
[18:30:33] [YFAdapter-P0] [INFO] [YF-P0] Decided: action_index=0, action=['PASS', 'PASS', 'PASS']
[18:30:33] [HybridV4-P0] [INFO] ✓ Decision complete: action=0 (score=95.0, layer=YF), candidates=1, time=0.003s
[18:30:33] [YFAdapter-P0] [INFO] [YF-P0] Decision context: myPos=0, curPos=3, greaterPos=3, teammate=2, curAction=[, actionList_size=36
[18:30:33] [YFAdapter-P0] [INFO] [YF-P0] Decided: action_index=0, action=['PASS', 'PASS', 'PASS']
[18:30:33] [HybridV4-P0] [INFO] ✓ Decision complete: action=19 (score=159.0, layer=YF), candidates=8, time=0.003s
[18:30:33] [YFAdapter-P0] [INFO] [YF-P0] Decision context: myPos=0, curPos=3, greaterPos=3, teammate=2, curAction=[, actionList_size=1
[18:30:33] [YFAdapter-P0] [INFO] [YF-P0] Decided: action_index=0, action=['PASS', 'PASS', 'PASS']
[18:30:33] [HybridV4-P0] [INFO] ✓ Decision complete: action=0 (score=75.0, layer=YF), candidates=1, time=0.002s
[18:30:33] [YFAdapter-P0] [INFO] [YF-P0] Decision context: myPos=0, curPos=3, greaterPos=3, teammate=2, curAction=[, actionList_size=11
[18:30:33] [YFAdapter-P0] [INFO] [YF-P0] Decided: action_index=0, action=['PASS', 'PASS', 'PASS']
[18:30:33] [YFAdapter-P0] [WARNING] [YF-P0] 检测到过于保守: 对手快走完(剩1张), 触发Layer 2/3进行更积极的决策
[18:30:33] [HybridV4-P0] [INFO] ✓ Decision complete: action=1 (score=155.6, layer=DecisionEngine), candidates=5, time=0.005s
[18:30:33] [YFAdapter-P0] [INFO] [YF-P0] Decision context: myPos=0, curPos=-1, greaterPos=-1, teammate=2, curAction=[, actionList_size=15
[18:30:33] [YFAdapter-P0] [INFO] [YF-P0] Decided: action_index=0, action=['Single', '2', [['C', '2']]]
[18:30:33] [YFAdapter-P0] [WARNING] [YF-P0] 检测到过于保守: 对手快走完(剩1张), 触发Layer 2/3进行更积极的决策
[18:30:33] [HybridV4-P0] [INFO] ✓ Decision complete: action=10 (score=100.6, layer=DecisionEngine), candidates=5, time=0.004s
[18:30:33] [YFAdapter-P0] [INFO] [YF-P0] Decision context: myPos=0, curPos=-1, greaterPos=-1, teammate=2, curAction=[, actionList_size=11
[18:30:34] [YFAdapter-P0] [INFO] [YF-P0] Decided: action_index=0, action=['Single', '2', [['C', '2']]]
[18:30:34] [YFAdapter-P0] [WARNING] [YF-P0] 检测到过于保守: 对手快走完(剩1张), 触发Layer 2/3进行更积极的决策
[18:30:34] [HybridV4-P0] [INFO] ✓ Decision complete: action=8 (score=100.6, layer=DecisionEngine), candidates=5, time=0.014s
[18:30:34] [YFAdapter-P0] [INFO] [YF-P0] Decision context: myPos=0, curPos=-1, greaterPos=-1, teammate=2, curAction=[, actionList_size=7
[18:30:34] [YFAdapter-P0] [INFO] [YF-P0] Decided: action_index=0, action=['Single', '2', [['C', '2']]]
[18:30:34] [YFAdapter-P0] [WARNING] [YF-P0] 检测到过于保守: 对手快走完(剩1张), 触发Layer 2/3进行更积极的决策
[18:30:34] [HybridV4-P0] [INFO] ✓ Decision complete: action=0 (score=100.6, layer=DecisionEngine), candidates=5, time=0.010s
[18:30:34] [YFAdapter-P0] [INFO] [YF-P0] Decision context: myPos=0, curPos=3, greaterPos=1, teammate=2, curAction=[, actionList_size=2
[18:30:34] [YFAdapter-P0] [INFO] [YF-P0] Decided: action_index=0, action=['PASS', 'PASS', 'PASS']
[18:30:34] [YFAdapter-P0] [WARNING] [YF-P0] 检测到过于保守: 对手快走完(剩1张), 触发Layer 2/3进行更积极的决策
[18:30:34] [HybridV4-P0] [INFO] ✓ Decision complete: action=1 (score=155.6, layer=DecisionEngine), candidates=2, time=0.017s
[18:30:34] [YFAdapter-P0] [INFO] [YF-P0] Decision context: myPos=0, curPos=3, greaterPos=1, teammate=2, curAction=[, actionList_size=1
[18:30:34] [YFAdapter-P0] [INFO] [YF-P0] Decided: action_index=0, action=['PASS', 'PASS', 'PASS']
[18:30:34] [HybridV4-P0] [INFO] ✓ Decision complete: action=0 (score=-5.0, layer=YF), candidates=1, time=0.003s
[18:30:34] [YFAdapter-P0] [INFO] [YF-P0] Decision context: myPos=0, curPos=3, greaterPos=2, teammate=2, curAction=[, actionList_size=1
[18:30:34] [YFAdapter-P0] [INFO] [YF-P0] Decided: action_index=0, action=['PASS', 'PASS', 'PASS']
[18:30:34] [HybridV4-P0] [INFO] ✓ Decision complete: action=0 (score=-5.0, layer=YF), candidates=1, time=0.002s
[18:30:34] [YFAdapter-P0] [INFO] [YF-P0] Decision context: myPos=0, curPos=3, greaterPos=1, teammate=2, curAction=[, actionList_size=1
[18:30:34] [YFAdapter-P0] [INFO] [YF-P0] Decided: action_index=0, action=['PASS', 'PASS', 'PASS']
[18:30:34] [HybridV4-P0] [INFO] ✓ Decision complete: action=0 (score=-5.0, layer=YF), candidates=1, time=0.003s
[18:30:34] [YFAdapter-P0] [INFO] [YF-P0] Decision context: myPos=0, curPos=3, greaterPos=2, teammate=2, curAction=[, actionList_size=1
[18:30:34] [YFAdapter-P0] [INFO] [YF-P0] Decided: action_index=0, action=['PASS', 'PASS', 'PASS']
[18:30:34] [HybridV4-P0] [INFO] ✓ Decision complete: action=0 (score=-5.0, layer=YF), candidates=1, time=0.003s
[18:30:34] [YFAdapter-P0] [INFO] [YF-P0] Decision context: myPos=0, curPos=3, greaterPos=2, teammate=2, curAction=[, actionList_size=1
[18:30:34] [YFAdapter-P0] [INFO] [YF-P0] Decided: action_index=0, action=['PASS', 'PASS', 'PASS']
[18:30:34] [HybridV4-P0] [INFO] ✓ Decision complete: action=0 (score=-5.0, layer=YF), candidates=1, time=0.003s
[18:30:34] [YFAdapter-P0] [INFO] [YF-P0] Decision context: myPos=0, curPos=3, greaterPos=1, teammate=2, curAction=[, actionList_size=1
[18:30:34] [YFAdapter-P0] [INFO] [YF-P0] Decided: action_index=0, action=['PASS', 'PASS', 'PASS']
[18:30:34] [HybridV4-P0] [INFO] ✓ Decision complete: action=0 (score=-5.0, layer=YF), candidates=1, time=0.010s
[18:30:34] [YFAdapter-P0] [INFO] [YF-P0] Decision context: myPos=0, curPos=3, greaterPos=2, teammate=2, curAction=[, actionList_size=1
[18:30:34] [YFAdapter-P0] [INFO] [YF-P0] Decided: action_index=0, action=['PASS', 'PASS', 'PASS']
[18:30:34] [HybridV4-P0] [INFO] ✓ Decision complete: action=0 (score=-5.0, layer=YF), candidates=1, time=0.004s
[18:30:34] [YFAdapter-P0] [INFO] [YF-P0] Decision context: myPos=0, curPos=3, greaterPos=2, teammate=2, curAction=[, actionList_size=1
[18:30:34] [YFAdapter-P0] [INFO] [YF-P0] Decided: action_index=0, action=['PASS', 'PASS', 'PASS']
[18:30:34] [HybridV4-P0] [INFO] ✓ Decision complete: action=0 (score=-5.0, layer=YF), candidates=1, time=0.005s
[18:30:34] [HybridV4-P0] [INFO] [Critical Rule] Teammate protection: teammate has 1 cards, PASS
[18:30:34] [HybridV4-P0] [INFO] ✓ Critical Rule triggered: action=0, time=0.002s
[18:30:34] [YFAdapter-P0] [INFO] [YF-P0] Decision context: myPos=0, curPos=3, greaterPos=1, teammate=2, curAction=[, actionList_size=1
[18:30:34] [YFAdapter-P0] [INFO] [YF-P0] Decided: action_index=0, action=['PASS', 'PASS', 'PASS']
[18:30:34] [HybridV4-P0] [INFO] ✓ Decision complete: action=0 (score=-5.0, layer=YF), candidates=1, time=0.004s
[18:30:34] [YFAdapter-P0] [INFO] [YF-P0] Decision context: myPos=0, curPos=3, greaterPos=1, teammate=2, curAction=[, actionList_size=1
[18:30:34] [YFAdapter-P0] [INFO] [YF-P0] Decided: action_index=0, action=['PASS', 'PASS', 'PASS']
[18:30:34] [HybridV4-P0] [INFO] ✓ Decision complete: action=0 (score=-5.0, layer=YF), candidates=1, time=0.003s
[18:30:34] [HybridV4-P0] [INFO] [Critical Rule] Teammate protection: teammate has 0 cards, PASS
[18:30:34] [HybridV4-P0] [INFO] ✓ Critical Rule triggered: action=0, time=0.002s
[18:30:34] [YFAdapter-P0] [INFO] [YF-P0] Decision context: myPos=0, curPos=-1, greaterPos=-1, teammate=2, curAction=[, actionList_size=5
[18:30:34] [YFAdapter-P0] [INFO] [YF-P0] Decided: action_index=0, action=['Single', '4', [['D', '4']]]
[18:30:34] [YFAdapter-P0] [WARNING] [YF-P0] 检测到过于保守: 对手快走完(剩0张), 触发Layer 2/3进行更积极的决策
[18:30:34] [HybridV4-P0] [INFO] ✓ Decision complete: action=0 (score=100.6, layer=DecisionEngine), candidates=5, time=0.005s
[18:30:34] [yf1_v4] [INFO] 游戏开始, 我是0号位，手牌：['H2', 'C2', 'H3', 'D3', 'D3', 'H4', 'D4', 'C5', 'S6', 'H8', 'C8', 'H9', 'D9', 'CT', 'DT', 'SJ', 'SJ', 'CJ', 'CQ', 'SK', 'HK', 'CK', 'SA', 'SA', 'H7', 'C7', 'D7']
[18:30:34] [YFAdapter-P0] [INFO] [YF-P0] Decision context: myPos=0, curPos=-1, greaterPos=-1, teammate=2, curAction=[, actionList_size=2
[18:30:34] [YFAdapter-P0] [INFO] [YF-P0] Decided: action_index=0, action=['tribute', 'tribute', [['C', '7']]]
[18:30:34] [HybridV4-P0] [INFO] ✓ Decision complete: action=0 (score=110.0, layer=YF), candidates=2, time=0.003s
[18:30:34] [YFAdapter-P0] [INFO] [YF-P0] Decision context: myPos=0, curPos=-1, greaterPos=-1, teammate=2, curAction=[, actionList_size=886
[18:30:34] [YFAdapter-P0] [INFO] [YF-P0] Decided: action_index=6, action=['Single', '5', [['C', '5']]]
[18:30:34] [HybridV4-P0] [INFO] ✓ Decision complete: action=6 (score=110.0, layer=YF), candidates=8, time=0.013s
[18:30:34] [YFAdapter-P0] [INFO] [YF-P0] Decision context: myPos=0, curPos=3, greaterPos=3, teammate=2, curAction=[, actionList_size=5
[18:30:34] [YFAdapter-P0] [INFO] [YF-P0] Decided: action_index=0, action=['PASS', 'PASS', 'PASS']
[18:30:34] [HybridV4-P0] [INFO] ✓ Decision complete: action=1 (score=142.5, layer=YF), candidates=5, time=0.003s
[18:30:34] [YFAdapter-P0] [INFO] [YF-P0] Decision context: myPos=0, curPos=3, greaterPos=2, teammate=2, curAction=[, actionList_size=1
[18:30:34] [YFAdapter-P0] [INFO] [YF-P0] Decided: action_index=0, action=['PASS', 'PASS', 'PASS']
[18:30:34] [HybridV4-P0] [INFO] ✓ Decision complete: action=0 (score=95.0, layer=YF), candidates=1, time=0.003s
[18:30:34] [YFAdapter-P0] [INFO] [YF-P0] Decision context: myPos=0, curPos=3, greaterPos=3, teammate=2, curAction=[, actionList_size=13
[18:30:34] [YFAdapter-P0] [INFO] [YF-P0] Decided: action_index=0, action=['PASS', 'PASS', 'PASS']
[18:30:34] [HybridV4-P0] [INFO] ✓ Decision complete: action=11 (score=142.5, layer=YF), candidates=7, time=0.003s
[18:30:34] [YFAdapter-P0] [INFO] [YF-P0] Decision context: myPos=0, curPos=3, greaterPos=2, teammate=2, curAction=[, actionList_size=1
[18:30:34] [YFAdapter-P0] [INFO] [YF-P0] Decided: action_index=0, action=['PASS', 'PASS', 'PASS']
[18:30:34] [HybridV4-P0] [INFO] ✓ Decision complete: action=0 (score=95.0, layer=YF), candidates=1, time=0.003s
[18:30:34] [YFAdapter-P0] [INFO] [YF-P0] Decision context: myPos=0, curPos=3, greaterPos=3, teammate=2, curAction=[, actionList_size=1
[18:30:34] [YFAdapter-P0] [INFO] [YF-P0] Decided: action_index=0, action=['PASS', 'PASS', 'PASS']
[18:30:34] [HybridV4-P0] [INFO] ✓ Decision complete: action=0 (score=95.0, layer=YF), candidates=1, time=0.002s
[18:30:34] [YFAdapter-P0] [INFO] [YF-P0] Decision context: myPos=0, curPos=3, greaterPos=2, teammate=2, curAction=[, actionList_size=1
[18:30:34] [YFAdapter-P0] [INFO] [YF-P0] Decided: action_index=0, action=['PASS', 'PASS', 'PASS']
[18:30:34] [HybridV4-P0] [INFO] ✓ Decision complete: action=0 (score=95.0, layer=YF), candidates=1, time=0.002s
[18:30:34] [YFAdapter-P0] [INFO] [YF-P0] Decision context: myPos=0, curPos=3, greaterPos=1, teammate=2, curAction=[, actionList_size=1
[18:30:34] [YFAdapter-P0] [INFO] [YF-P0] Decided: action_index=0, action=['PASS', 'PASS', 'PASS']
[18:30:34] [HybridV4-P0] [INFO] ✓ Decision complete: action=0 (score=95.0, layer=YF), candidates=1, time=0.003s
[18:30:34] [YFAdapter-P0] [INFO] [YF-P0] Decision context: myPos=0, curPos=3, greaterPos=2, teammate=2, curAction=[, actionList_size=2
[18:30:34] [YFAdapter-P0] [INFO] [YF-P0] Decided: action_index=0, action=['PASS', 'PASS', 'PASS']
[18:30:34] [HybridV4-P0] [INFO] ✓ Decision complete: action=1 (score=105.5, layer=YF), candidates=2, time=0.003s
[18:30:34] [YFAdapter-P0] [INFO] [YF-P0] Decision context: myPos=0, curPos=3, greaterPos=2, teammate=2, curAction=[, actionList_size=1
[18:30:34] [YFAdapter-P0] [INFO] [YF-P0] Decided: action_index=0, action=['PASS', 'PASS', 'PASS']
[18:30:34] [HybridV4-P0] [INFO] ✓ Decision complete: action=0 (score=95.0, layer=YF), candidates=1, time=0.002s
[18:30:34] [YFAdapter-P0] [INFO] [YF-P0] Decision context: myPos=0, curPos=3, greaterPos=3, teammate=2, curAction=[, actionList_size=1
[18:30:34] [YFAdapter-P0] [INFO] [YF-P0] Decided: action_index=0, action=['PASS', 'PASS', 'PASS']
[18:30:34] [HybridV4-P0] [INFO] ✓ Decision complete: action=0 (score=95.0, layer=YF), candidates=1, time=0.004s
[18:30:34] [YFAdapter-P0] [INFO] [YF-P0] Decision context: myPos=0, curPos=3, greaterPos=3, teammate=2, curAction=[, actionList_size=1
[18:30:34] [YFAdapter-P0] [INFO] [YF-P0] Decided: action_index=0, action=['PASS', 'PASS', 'PASS']
[18:30:34] [HybridV4-P0] [INFO] ✓ Decision complete: action=0 (score=95.0, layer=YF), candidates=1, time=0.006s
[18:30:34] [YFAdapter-P0] [INFO] [YF-P0] Decision context: myPos=0, curPos=3, greaterPos=3, teammate=2, curAction=[, actionList_size=27
[18:30:34] [YFAdapter-P0] [INFO] [YF-P0] Decided: action_index=0, action=['PASS', 'PASS', 'PASS']
[18:30:34] [HybridV4-P0] [INFO] ✓ Decision complete: action=10 (score=159.0, layer=YF), candidates=8, time=0.004s
[18:30:34] [YFAdapter-P0] [INFO] [YF-P0] Decision context: myPos=0, curPos=3, greaterPos=1, teammate=2, curAction=[, actionList_size=1
[18:30:34] [YFAdapter-P0] [INFO] [YF-P0] Decided: action_index=0, action=['PASS', 'PASS', 'PASS']
[18:30:34] [HybridV4-P0] [INFO] ✓ Decision complete: action=0 (score=95.0, layer=YF), candidates=1, time=0.003s
[18:30:34] [YFAdapter-P0] [INFO] [YF-P0] Decision context: myPos=0, curPos=3, greaterPos=2, teammate=2, curAction=[, actionList_size=4
[18:30:34] [YFAdapter-P0] [INFO] [YF-P0] Decided: action_index=0, action=['PASS', 'PASS', 'PASS']
[18:30:34] [HybridV4-P0] [INFO] ✓ Decision complete: action=1 (score=129.0, layer=YF), candidates=4, time=0.004s
[18:30:34] [YFAdapter-P0] [INFO] [YF-P0] Decision context: myPos=0, curPos=3, greaterPos=1, teammate=2, curAction=[, actionList_size=1
[18:30:34] [YFAdapter-P0] [INFO] [YF-P0] Decided: action_index=0, action=['PASS', 'PASS', 'PASS']
[18:30:34] [HybridV4-P0] [INFO] ✓ Decision complete: action=0 (score=95.0, layer=YF), candidates=1, time=0.003s
[18:30:35] [YFAdapter-P0] [INFO] [YF-P0] Decision context: myPos=0, curPos=3, greaterPos=1, teammate=2, curAction=[, actionList_size=1
[18:30:35] [YFAdapter-P0] [INFO] [YF-P0] Decided: action_index=0, action=['PASS', 'PASS', 'PASS']
[18:30:35] [HybridV4-P0] [INFO] ✓ Decision complete: action=0 (score=75.0, layer=YF), candidates=1, time=0.003s
[18:30:35] [YFAdapter-P0] [INFO] [YF-P0] Decision context: myPos=0, curPos=3, greaterPos=3, teammate=2, curAction=[, actionList_size=1
[18:30:35] [YFAdapter-P0] [INFO] [YF-P0] Decided: action_index=0, action=['PASS', 'PASS', 'PASS']
[18:30:35] [HybridV4-P0] [INFO] ✓ Decision complete: action=0 (score=55.0, layer=YF), candidates=1, time=0.002s
[18:30:35] [YFAdapter-P0] [INFO] [YF-P0] Decision context: myPos=0, curPos=3, greaterPos=3, teammate=2, curAction=[, actionList_size=4
[18:30:35] [YFAdapter-P0] [INFO] [YF-P0] Decided: action_index=0, action=['PASS', 'PASS', 'PASS']
[18:30:35] [YFAdapter-P0] [WARNING] [YF-P0] 检测到过于保守: 对手快走完(剩0张), 触发Layer 2/3进行更积极的决策
[18:30:35] [HybridV4-P0] [INFO] ✓ Decision complete: action=1 (score=155.6, layer=DecisionEngine), candidates=4, time=0.005s
[18:30:35] [YFAdapter-P0] [INFO] [YF-P0] Decision context: myPos=0, curPos=3, greaterPos=3, teammate=2, curAction=[, actionList_size=1
[18:30:35] [YFAdapter-P0] [INFO] [YF-P0] Decided: action_index=0, action=['PASS', 'PASS', 'PASS']
[18:30:35] [HybridV4-P0] [INFO] ✓ Decision complete: action=0 (score=-5.0, layer=YF), candidates=1, time=0.005s
[18:30:35] [YFAdapter-P0] [INFO] [YF-P0] Decision context: myPos=0, curPos=3, greaterPos=3, teammate=2, curAction=[, actionList_size=1
[18:30:35] [YFAdapter-P0] [INFO] [YF-P0] Decided: action_index=0, action=['PASS', 'PASS', 'PASS']
[18:30:35] [HybridV4-P0] [INFO] ✓ Decision complete: action=0 (score=-5.0, layer=YF), candidates=1, time=0.009s
[18:30:35] [yf1_v4] [INFO] 游戏开始, 我是0号位，手牌：['S2', 'C2', 'D2', 'H3', 'D3', 'S4', 'H4', 'D4', 'C5', 'D5', 'H6', 'C8', 'C8', 'S9', 'H9', 'C9', 'D9', 'SJ', 'CJ', 'SQ', 'DQ', 'CK', 'DK', 'SA', 'HA', 'CA', 'HR']
[18:30:35] [YFAdapter-P0] [INFO] [YF-P0] Decision context: myPos=0, curPos=-1, greaterPos=-1, teammate=2, curAction=[, actionList_size=1
[18:30:35] [YFAdapter-P0] [INFO] [YF-P0] Decided: action_index=0, action=['tribute', 'tribute', [['H', 'R']]]
[18:30:35] [HybridV4-P0] [INFO] ✓ Decision complete: action=0 (score=110.0, layer=YF), candidates=1, time=0.002s
[18:30:35] [YFAdapter-P0] [INFO] [YF-P0] Decision context: myPos=0, curPos=-1, greaterPos=-1, teammate=2, curAction=[, actionList_size=389
[18:30:35] [YFAdapter-P0] [INFO] [YF-P0] Decided: action_index=10, action=['Single', '6', [['H', '6']]]
[18:30:35] [HybridV4-P0] [INFO] ✓ Decision complete: action=10 (score=110.0, layer=YF), candidates=8, time=0.008s
[18:30:35] [YFAdapter-P0] [INFO] [YF-P0] Decision context: myPos=0, curPos=3, greaterPos=2, teammate=2, curAction=[, actionList_size=1
[18:30:35] [YFAdapter-P0] [INFO] [YF-P0] Decided: action_index=0, action=['PASS', 'PASS', 'PASS']
[18:30:35] [HybridV4-P0] [INFO] ✓ Decision complete: action=0 (score=95.0, layer=YF), candidates=1, time=0.004s
[18:30:35] [YFAdapter-P0] [INFO] [YF-P0] Decision context: myPos=0, curPos=3, greaterPos=3, teammate=2, curAction=[, actionList_size=3
[18:30:35] [YFAdapter-P0] [INFO] [YF-P0] Decided: action_index=0, action=['PASS', 'PASS', 'PASS']
[18:30:35] [HybridV4-P0] [INFO] ✓ Decision complete: action=1 (score=142.5, layer=YF), candidates=3, time=0.006s
[18:30:35] [YFAdapter-P0] [INFO] [YF-P0] Decision context: myPos=0, curPos=3, greaterPos=3, teammate=2, curAction=[, actionList_size=1
[18:30:35] [YFAdapter-P0] [INFO] [YF-P0] Decided: action_index=0, action=['PASS', 'PASS', 'PASS']
[18:30:35] [HybridV4-P0] [INFO] ✓ Decision complete: action=0 (score=95.0, layer=YF), candidates=1, time=0.005s
[18:30:35] [YFAdapter-P0] [INFO] [YF-P0] Decision context: myPos=0, curPos=3, greaterPos=3, teammate=2, curAction=[, actionList_size=65
[18:30:35] [YFAdapter-P0] [INFO] [YF-P0] Decided: action_index=0, action=['PASS', 'PASS', 'PASS']
[18:30:35] [HybridV4-P0] [INFO] ✓ Decision complete: action=49 (score=142.5, layer=YF), candidates=8, time=0.005s
[18:30:35] [YFAdapter-P0] [INFO] [YF-P0] Decision context: myPos=0, curPos=3, greaterPos=1, teammate=2, curAction=[, actionList_size=1
[18:30:35] [YFAdapter-P0] [INFO] [YF-P0] Decided: action_index=0, action=['PASS', 'PASS', 'PASS']
[18:30:35] [HybridV4-P0] [INFO] ✓ Decision complete: action=0 (score=95.0, layer=YF), candidates=1, time=0.002s
[18:30:35] [YFAdapter-P0] [INFO] [YF-P0] Decision context: myPos=0, curPos=3, greaterPos=2, teammate=2, curAction=[, actionList_size=2
[18:30:35] [YFAdapter-P0] [INFO] [YF-P0] Decided: action_index=0, action=['PASS', 'PASS', 'PASS']
[18:30:35] [HybridV4-P0] [INFO] ✓ Decision complete: action=1 (score=105.5, layer=YF), candidates=2, time=0.005s
[18:30:35] [YFAdapter-P0] [INFO] [YF-P0] Decision context: myPos=0, curPos=3, greaterPos=1, teammate=2, curAction=[, actionList_size=1
[18:30:35] [YFAdapter-P0] [INFO] [YF-P0] Decided: action_index=0, action=['PASS', 'PASS', 'PASS']
[18:30:35] [HybridV4-P0] [INFO] ✓ Decision complete: action=0 (score=95.0, layer=YF), candidates=1, time=0.003s
[18:30:35] [YFAdapter-P0] [INFO] [YF-P0] Decision context: myPos=0, curPos=3, greaterPos=3, teammate=2, curAction=[, actionList_size=1
[18:30:35] [YFAdapter-P0] [INFO] [YF-P0] Decided: action_index=0, action=['PASS', 'PASS', 'PASS']
[18:30:35] [HybridV4-P0] [INFO] ✓ Decision complete: action=0 (score=95.0, layer=YF), candidates=1, time=0.003s
[18:30:35] [YFAdapter-P0] [INFO] [YF-P0] Decision context: myPos=0, curPos=3, greaterPos=3, teammate=2, curAction=[, actionList_size=1
[18:30:35] [YFAdapter-P0] [INFO] [YF-P0] Decided: action_index=0, action=['PASS', 'PASS', 'PASS']
[18:30:35] [HybridV4-P0] [INFO] ✓ Decision complete: action=0 (score=75.0, layer=YF), candidates=1, time=0.003s
[18:30:35] [YFAdapter-P0] [INFO] [YF-P0] Decision context: myPos=0, curPos=3, greaterPos=1, teammate=2, curAction=[, actionList_size=1
[18:30:35] [YFAdapter-P0] [INFO] [YF-P0] Decided: action_index=0, action=['PASS', 'PASS', 'PASS']
[18:30:35] [HybridV4-P0] [INFO] ✓ Decision complete: action=0 (score=55.0, layer=YF), candidates=1, time=0.003s
[18:30:35] [YFAdapter-P0] [INFO] [YF-P0] Decision context: myPos=0, curPos=3, greaterPos=1, teammate=2, curAction=[, actionList_size=1
[18:30:35] [YFAdapter-P0] [INFO] [YF-P0] Decided: action_index=0, action=['PASS', 'PASS', 'PASS']
[18:30:35] [HybridV4-P0] [INFO] ✓ Decision complete: action=0 (score=-5.0, layer=YF), candidates=1, time=0.002s
[18:30:35] [YFAdapter-P0] [INFO] [YF-P0] Decision context: myPos=0, curPos=3, greaterPos=1, teammate=2, curAction=[, actionList_size=1
[18:30:35] [YFAdapter-P0] [INFO] [YF-P0] Decided: action_index=0, action=['PASS', 'PASS', 'PASS']
[18:30:35] [HybridV4-P0] [INFO] ✓ Decision complete: action=0 (score=-5.0, layer=YF), candidates=1, time=0.003s
[18:30:35] [YFAdapter-P0] [INFO] [YF-P0] Decision context: myPos=0, curPos=3, greaterPos=3, teammate=2, curAction=[, actionList_size=5
[18:30:35] [YFAdapter-P0] [INFO] [YF-P0] Decided: action_index=0, action=['PASS', 'PASS', 'PASS']
[18:30:35] [YFAdapter-P0] [WARNING] [YF-P0] 检测到过于保守: 对手快走完(剩0张), 触发Layer 2/3进行更积极的决策
[18:30:35] [HybridV4-P0] [INFO] ✓ Decision complete: action=1 (score=155.6, layer=DecisionEngine), candidates=5, time=0.008s
[18:30:35] [YFAdapter-P0] [INFO] [YF-P0] Decision context: myPos=0, curPos=3, greaterPos=3, teammate=2, curAction=[, actionList_size=1
[18:30:35] [YFAdapter-P0] [INFO] [YF-P0] Decided: action_index=0, action=['PASS', 'PASS', 'PASS']
[18:30:35] [HybridV4-P0] [INFO] ✓ Decision complete: action=0 (score=-5.0, layer=YF), candidates=1, time=0.003s
[18:30:35] [YFAdapter-P0] [INFO] [YF-P0] Decision context: myPos=0, curPos=3, greaterPos=3, teammate=2, curAction=[, actionList_size=2
[18:30:35] [YFAdapter-P0] [INFO] [YF-P0] Decided: action_index=0, action=['PASS', 'PASS', 'PASS']
[18:30:35] [YFAdapter-P0] [WARNING] [YF-P0] 检测到过于保守: 对手快走完(剩0张), 触发Layer 2/3进行更积极的决策
[18:30:35] [HybridV4-P0] [INFO] ✓ Decision complete: action=1 (score=155.6, layer=DecisionEngine), candidates=2, time=0.004s
[18:30:35] [YFAdapter-P0] [INFO] [YF-P0] Decision context: myPos=0, curPos=-1, greaterPos=-1, teammate=2, curAction=[, actionList_size=19
[18:30:35] [YFAdapter-P0] [INFO] [YF-P0] Decided: action_index=16, action=['ThreeWithTwo', '4', [['S', '4'], ['H', '4'], ['D', '4'], ['C', '5'], ['D', '5']]]
[18:30:35] [HybridV4-P0] [INFO] ✓ Decision complete: action=16 (score=230.0, layer=YF), candidates=8, time=0.004s
[18:30:35] [YFAdapter-P0] [INFO] [YF-P0] Decision context: myPos=0, curPos=-1, greaterPos=-1, teammate=2, curAction=[, actionList_size=6
[18:30:35] [YFAdapter-P0] [INFO] [YF-P0] Decided: action_index=4, action=['Pair', '8', [['C', '8'], ['C', '8']]]
[18:30:35] [HybridV4-P0] [INFO] ✓ Decision complete: action=4 (score=235.0, layer=YF), candidates=5, time=0.004s
[18:30:35] [YFAdapter-P0] [INFO] [YF-P0] Decision context: myPos=0, curPos=3, greaterPos=3, teammate=2, curAction=[, actionList_size=1
[18:30:35] [YFAdapter-P0] [INFO] [YF-P0] Decided: action_index=0, action=['PASS', 'PASS', 'PASS']
[18:30:35] [HybridV4-P0] [INFO] ✓ Decision complete: action=0 (score=-5.0, layer=YF), candidates=1, time=0.003s
[18:30:35] [yf1_v4] [INFO] 游戏开始, 我是0号位，手牌：['H2', 'S3', 'D3', 'S4', 'H4', 'D4', 'C5', 'D5', 'H6', 'D7', 'S8', 'H8', 'C8', 'D8', 'D8', 'S9', 'DT', 'SJ', 'CJ', 'CJ', 'DJ', 'HQ', 'CQ', 'HA', 'CA', 'SK', 'CK']
[18:30:35] [YFAdapter-P0] [INFO] [YF-P0] Decision context: myPos=0, curPos=-1, greaterPos=-1, teammate=2, curAction=[, actionList_size=2
[18:30:35] [YFAdapter-P0] [INFO] [YF-P0] Decided: action_index=0, action=['tribute', 'tribute', [['S', 'K']]]
[18:30:35] [HybridV4-P0] [INFO] ✓ Decision complete: action=0 (score=110.0, layer=YF), candidates=2, time=0.002s
[18:30:35] [YFAdapter-P0] [INFO] [YF-P0] Decision context: myPos=0, curPos=3, greaterPos=3, teammate=2, curAction=[, actionList_size=20
[18:30:35] [YFAdapter-P0] [INFO] [YF-P0] Decided: action_index=0, action=['PASS', 'PASS', 'PASS']
[18:30:35] [HybridV4-P0] [INFO] ✓ Decision complete: action=3 (score=142.5, layer=YF), candidates=8, time=0.003s
[18:30:35] [YFAdapter-P0] [INFO] [YF-P0] Decision context: myPos=0, curPos=3, greaterPos=2, teammate=2, curAction=[, actionList_size=15
[18:30:35] [YFAdapter-P0] [INFO] [YF-P0] Decided: action_index=0, action=['PASS', 'PASS', 'PASS']
[18:30:35] [HybridV4-P0] [INFO] ✓ Decision complete: action=9 (score=109.0, layer=YF), candidates=7, time=0.004s
[18:30:35] [YFAdapter-P0] [INFO] [YF-P0] Decision context: myPos=0, curPos=3, greaterPos=2, teammate=2, curAction=[, actionList_size=6
[18:30:35] [YFAdapter-P0] [INFO] [YF-P0] Decided: action_index=0, action=['PASS', 'PASS', 'PASS']
[18:30:35] [HybridV4-P0] [INFO] ✓ Decision complete: action=1 (score=105.5, layer=YF), candidates=6, time=0.003s
[18:30:35] [YFAdapter-P0] [INFO] [YF-P0] Decision context: myPos=0, curPos=3, greaterPos=2, teammate=2, curAction=[, actionList_size=1
[18:30:35] [YFAdapter-P0] [INFO] [YF-P0] Decided: action_index=0, action=['PASS', 'PASS', 'PASS']
[18:30:35] [HybridV4-P0] [INFO] ✓ Decision complete: action=0 (score=95.0, layer=YF), candidates=1, time=0.003s
[18:30:36] [YFAdapter-P0] [INFO] [YF-P0] Decision context: myPos=0, curPos=3, greaterPos=3, teammate=2, curAction=[, actionList_size=1
[18:30:36] [YFAdapter-P0] [INFO] [YF-P0] Decided: action_index=0, action=['PASS', 'PASS', 'PASS']
[18:30:36] [HybridV4-P0] [INFO] ✓ Decision complete: action=0 (score=95.0, layer=YF), candidates=1, time=0.003s
[18:30:36] [YFAdapter-P0] [INFO] [YF-P0] Decision context: myPos=0, curPos=3, greaterPos=3, teammate=2, curAction=[, actionList_size=15
[18:30:36] [YFAdapter-P0] [INFO] [YF-P0] Decided: action_index=0, action=['PASS', 'PASS', 'PASS']
[18:30:36] [HybridV4-P0] [INFO] ✓ Decision complete: action=13 (score=142.5, layer=YF), candidates=8, time=0.003s
[18:30:36] [YFAdapter-P0] [INFO] [YF-P0] Decision context: myPos=0, curPos=3, greaterPos=1, teammate=2, curAction=[, actionList_size=1
[18:30:36] [YFAdapter-P0] [INFO] [YF-P0] Decided: action_index=0, action=['PASS', 'PASS', 'PASS']
[18:30:36] [HybridV4-P0] [INFO] ✓ Decision complete: action=0 (score=95.0, layer=YF), candidates=1, time=0.002s
[18:30:36] [YFAdapter-P0] [INFO] [YF-P0] Decision context: myPos=0, curPos=3, greaterPos=3, teammate=2, curAction=[, actionList_size=1
[18:30:36] [YFAdapter-P0] [INFO] [YF-P0] Decided: action_index=0, action=['PASS', 'PASS', 'PASS']
[18:30:36] [HybridV4-P0] [INFO] ✓ Decision complete: action=0 (score=95.0, layer=YF), candidates=1, time=0.002s
[18:30:36] [YFAdapter-P0] [INFO] [YF-P0] Decision context: myPos=0, curPos=3, greaterPos=3, teammate=2, curAction=[, actionList_size=1
[18:30:36] [YFAdapter-P0] [INFO] [YF-P0] Decided: action_index=0, action=['PASS', 'PASS', 'PASS']
[18:30:36] [HybridV4-P0] [INFO] ✓ Decision complete: action=0 (score=95.0, layer=YF), candidates=1, time=0.002s
[18:30:36] [YFAdapter-P0] [INFO] [YF-P0] Decision context: myPos=0, curPos=3, greaterPos=3, teammate=2, curAction=[, actionList_size=2
[18:30:36] [YFAdapter-P0] [INFO] [YF-P0] Decided: action_index=0, action=['PASS', 'PASS', 'PASS']
[18:30:36] [HybridV4-P0] [INFO] ✓ Decision complete: action=1 (score=159.0, layer=YF), candidates=2, time=0.004s
[18:30:36] [YFAdapter-P0] [INFO] [YF-P0] Decision context: myPos=0, curPos=3, greaterPos=1, teammate=2, curAction=[, actionList_size=1
[18:30:36] [YFAdapter-P0] [INFO] [YF-P0] Decided: action_index=0, action=['PASS', 'PASS', 'PASS']
[18:30:36] [HybridV4-P0] [INFO] ✓ Decision complete: action=0 (score=95.0, layer=YF), candidates=1, time=0.002s
[18:30:36] [YFAdapter-P0] [INFO] [YF-P0] Decision context: myPos=0, curPos=3, greaterPos=3, teammate=2, curAction=[, actionList_size=1
[18:30:36] [YFAdapter-P0] [INFO] [YF-P0] Decided: action_index=0, action=['PASS', 'PASS', 'PASS']
[18:30:36] [HybridV4-P0] [INFO] ✓ Decision complete: action=0 (score=95.0, layer=YF), candidates=1, time=0.002s
[18:30:36] [YFAdapter-P0] [INFO] [YF-P0] Decision context: myPos=0, curPos=3, greaterPos=3, teammate=2, curAction=[, actionList_size=1
[18:30:36] [YFAdapter-P0] [INFO] [YF-P0] Decided: action_index=0, action=['PASS', 'PASS', 'PASS']
[18:30:36] [HybridV4-P0] [INFO] ✓ Decision complete: action=0 (score=95.0, layer=YF), candidates=1, time=0.003s
[18:30:36] [YFAdapter-P0] [INFO] [YF-P0] Decision context: myPos=0, curPos=3, greaterPos=1, teammate=2, curAction=[, actionList_size=1
[18:30:36] [YFAdapter-P0] [INFO] [YF-P0] Decided: action_index=0, action=['PASS', 'PASS', 'PASS']
[18:30:36] [HybridV4-P0] [INFO] ✓ Decision complete: action=0 (score=95.0, layer=YF), candidates=1, time=0.009s
[18:30:36] [YFAdapter-P0] [INFO] [YF-P0] Decision context: myPos=0, curPos=3, greaterPos=2, teammate=2, curAction=[, actionList_size=1
[18:30:36] [YFAdapter-P0] [INFO] [YF-P0] Decided: action_index=0, action=['PASS', 'PASS', 'PASS']
[18:30:36] [HybridV4-P0] [INFO] ✓ Decision complete: action=0 (score=95.0, layer=YF), candidates=1, time=0.003s
[18:30:36] [YFAdapter-P0] [INFO] [YF-P0] Decision context: myPos=0, curPos=3, greaterPos=1, teammate=2, curAction=[, actionList_size=1
[18:30:36] [YFAdapter-P0] [INFO] [YF-P0] Decided: action_index=0, action=['PASS', 'PASS', 'PASS']
[18:30:36] [HybridV4-P0] [INFO] ✓ Decision complete: action=0 (score=95.0, layer=YF), candidates=1, time=0.004s
[18:30:36] [YFAdapter-P0] [INFO] [YF-P0] Decision context: myPos=0, curPos=3, greaterPos=1, teammate=2, curAction=[, actionList_size=1
[18:30:36] [YFAdapter-P0] [INFO] [YF-P0] Decided: action_index=0, action=['PASS', 'PASS', 'PASS']
[18:30:36] [HybridV4-P0] [INFO] ✓ Decision complete: action=0 (score=75.0, layer=YF), candidates=1, time=0.011s
[18:30:36] [YFAdapter-P0] [INFO] [YF-P0] Decision context: myPos=0, curPos=3, greaterPos=1, teammate=2, curAction=[, actionList_size=2
[18:30:36] [YFAdapter-P0] [INFO] [YF-P0] Decided: action_index=0, action=['PASS', 'PASS', 'PASS']
[18:30:36] [YFAdapter-P0] [WARNING] [YF-P0] 检测到过于保守: 对手快走完(剩5张), 触发Layer 2/3进行更积极的决策
[18:30:36] [HybridV4-P0] [INFO] ✓ Decision complete: action=1 (score=115.6, layer=DecisionEngine), candidates=2, time=0.007s
[18:30:36] [YFAdapter-P0] [INFO] [YF-P0] Decision context: myPos=0, curPos=3, greaterPos=1, teammate=2, curAction=[, actionList_size=1
[18:30:36] [YFAdapter-P0] [INFO] [YF-P0] Decided: action_index=0, action=['PASS', 'PASS', 'PASS']
[18:30:36] [HybridV4-P0] [INFO] ✓ Decision complete: action=0 (score=125.0, layer=YF), candidates=1, time=0.003s
[18:30:36] [YFAdapter-P0] [INFO] [YF-P0] Decision context: myPos=0, curPos=3, greaterPos=3, teammate=2, curAction=[, actionList_size=1
[18:30:36] [YFAdapter-P0] [INFO] [YF-P0] Decided: action_index=0, action=['PASS', 'PASS', 'PASS']
[18:30:36] [HybridV4-P0] [INFO] ✓ Decision complete: action=0 (score=-5.0, layer=YF), candidates=1, time=0.002s
[18:30:36] [YFAdapter-P0] [INFO] [YF-P0] Decision context: myPos=0, curPos=3, greaterPos=3, teammate=2, curAction=[, actionList_size=2
[18:30:36] [YFAdapter-P0] [INFO] [YF-P0] Decided: action_index=0, action=['PASS', 'PASS', 'PASS']
[18:30:36] [YFAdapter-P0] [WARNING] [YF-P0] 检测到过于保守: 对手快走完(剩0张), 触发Layer 2/3进行更积极的决策
[18:30:36] [HybridV4-P0] [INFO] ✓ Decision complete: action=1 (score=155.6, layer=DecisionEngine), candidates=2, time=0.014s
[18:30:36] [YFAdapter-P0] [INFO] [YF-P0] Decision context: myPos=0, curPos=3, greaterPos=2, teammate=2, curAction=[, actionList_size=1
[18:30:36] [YFAdapter-P0] [INFO] [YF-P0] Decided: action_index=0, action=['PASS', 'PASS', 'PASS']
[18:30:36] [HybridV4-P0] [INFO] ✓ Decision complete: action=0 (score=-5.0, layer=YF), candidates=1, time=0.003s
[18:30:36] [YFAdapter-P0] [INFO] [YF-P0] Decision context: myPos=0, curPos=3, greaterPos=3, teammate=2, curAction=[, actionList_size=1
[18:30:36] [YFAdapter-P0] [INFO] [YF-P0] Decided: action_index=0, action=['PASS', 'PASS', 'PASS']
[18:30:36] [HybridV4-P0] [INFO] ✓ Decision complete: action=0 (score=-5.0, layer=YF), candidates=1, time=0.003s
[18:30:36] [yf1_v4] [INFO] 游戏开始, 我是0号位，手牌：['C2', 'C2', 'S3', 'D3', 'S4', 'H4', 'H5', 'S6', 'H7', 'C7', 'S8', 'H8', 'H9', 'H9', 'ST', 'ST', 'HT', 'CT', 'SJ', 'SJ', 'CJ', 'CQ', 'HK', 'CK', 'CK', 'HR', 'HR']
[18:30:36] [YFAdapter-P0] [INFO] [YF-P0] Decision context: myPos=0, curPos=3, greaterPos=3, teammate=2, curAction=[, actionList_size=3
[18:30:36] [YFAdapter-P0] [INFO] [YF-P0] Decided: action_index=0, action=['PASS', 'PASS', 'PASS']
[18:30:36] [HybridV4-P0] [INFO] ✓ Decision complete: action=1 (score=142.5, layer=YF), candidates=3, time=0.005s
[18:30:36] [YFAdapter-P0] [INFO] [YF-P0] Decision context: myPos=0, curPos=3, greaterPos=2, teammate=2, curAction=[, actionList_size=1
[18:30:36] [YFAdapter-P0] [INFO] [YF-P0] Decided: action_index=0, action=['PASS', 'PASS', 'PASS']
[18:30:36] [HybridV4-P0] [INFO] ✓ Decision complete: action=0 (score=95.0, layer=YF), candidates=1, time=0.007s
[18:30:36] [YFAdapter-P0] [INFO] [YF-P0] Decision context: myPos=0, curPos=3, greaterPos=3, teammate=2, curAction=[, actionList_size=17
[18:30:36] [YFAdapter-P0] [INFO] [YF-P0] Decided: action_index=0, action=['PASS', 'PASS', 'PASS']
[18:30:36] [HybridV4-P0] [INFO] ✓ Decision complete: action=15 (score=142.5, layer=YF), candidates=8, time=0.004s
[18:30:36] [YFAdapter-P0] [INFO] [YF-P0] Decision context: myPos=0, curPos=3, greaterPos=3, teammate=2, curAction=[, actionList_size=1
[18:30:36] [YFAdapter-P0] [INFO] [YF-P0] Decided: action_index=0, action=['PASS', 'PASS', 'PASS']
[18:30:36] [HybridV4-P0] [INFO] ✓ Decision complete: action=0 (score=95.0, layer=YF), candidates=1, time=0.002s
[18:30:36] [YFAdapter-P0] [INFO] [YF-P0] Decision context: myPos=0, curPos=3, greaterPos=3, teammate=2, curAction=[, actionList_size=13
[18:30:36] [YFAdapter-P0] [INFO] [YF-P0] Decided: action_index=0, action=['PASS', 'PASS', 'PASS']
[18:30:36] [HybridV4-P0] [INFO] ✓ Decision complete: action=7 (score=139.0, layer=YF), candidates=8, time=0.003s
[18:30:36] [YFAdapter-P0] [INFO] [YF-P0] Decision context: myPos=0, curPos=3, greaterPos=2, teammate=2, curAction=[, actionList_size=2
[18:30:36] [YFAdapter-P0] [INFO] [YF-P0] Decided: action_index=0, action=['PASS', 'PASS', 'PASS']
[18:30:36] [HybridV4-P0] [INFO] ✓ Decision complete: action=1 (score=105.5, layer=YF), candidates=2, time=0.004s
[18:30:36] [YFAdapter-P0] [INFO] [YF-P0] Decision context: myPos=0, curPos=-1, greaterPos=-1, teammate=2, curAction=[, actionList_size=60
[18:30:36] [YFAdapter-P0] [INFO] [YF-P0] Decided: action_index=5, action=['Single', '5', [['H', '5']]]
[18:30:36] [HybridV4-P0] [INFO] ✓ Decision complete: action=5 (score=110.0, layer=YF), candidates=6, time=0.004s
[18:30:36] [YFAdapter-P0] [INFO] [YF-P0] Decision context: myPos=0, curPos=3, greaterPos=2, teammate=2, curAction=[, actionList_size=1
[18:30:36] [YFAdapter-P0] [INFO] [YF-P0] Decided: action_index=0, action=['PASS', 'PASS', 'PASS']
[18:30:36] [HybridV4-P0] [INFO] ✓ Decision complete: action=0 (score=95.0, layer=YF), candidates=1, time=0.003s
[18:30:36] [YFAdapter-P0] [INFO] [YF-P0] Decision context: myPos=0, curPos=3, greaterPos=1, teammate=2, curAction=[, actionList_size=1
[18:30:36] [YFAdapter-P0] [INFO] [YF-P0] Decided: action_index=0, action=['PASS', 'PASS', 'PASS']
[18:30:36] [HybridV4-P0] [INFO] ✓ Decision complete: action=0 (score=95.0, layer=YF), candidates=1, time=0.002s
[18:30:37] [YFAdapter-P0] [INFO] [YF-P0] Decision context: myPos=0, curPos=3, greaterPos=3, teammate=2, curAction=[, actionList_size=3
[18:30:37] [YFAdapter-P0] [INFO] [YF-P0] Decided: action_index=0, action=['PASS', 'PASS', 'PASS']
[18:30:37] [HybridV4-P0] [INFO] ✓ Decision complete: action=1 (score=139.0, layer=YF), candidates=3, time=0.004s
[18:30:37] [YFAdapter-P0] [INFO] [YF-P0] Decision context: myPos=0, curPos=3, greaterPos=3, teammate=2, curAction=[, actionList_size=1
[18:30:37] [YFAdapter-P0] [INFO] [YF-P0] Decided: action_index=0, action=['PASS', 'PASS', 'PASS']
[18:30:37] [HybridV4-P0] [INFO] ✓ Decision complete: action=0 (score=95.0, layer=YF), candidates=1, time=0.002s
[18:30:37] [YFAdapter-P0] [INFO] [YF-P0] Decision context: myPos=0, curPos=3, greaterPos=3, teammate=2, curAction=[, actionList_size=6
[18:30:37] [YFAdapter-P0] [INFO] [YF-P0] Decided: action_index=0, action=['PASS', 'PASS', 'PASS']
[18:30:37] [HybridV4-P0] [INFO] ✓ Decision complete: action=2 (score=159.0, layer=YF), candidates=6, time=0.003s
[18:30:37] [YFAdapter-P0] [INFO] [YF-P0] Decision context: myPos=0, curPos=3, greaterPos=2, teammate=2, curAction=[, actionList_size=1
[18:30:37] [YFAdapter-P0] [INFO] [YF-P0] Decided: action_index=0, action=['PASS', 'PASS', 'PASS']
[18:30:37] [HybridV4-P0] [INFO] ✓ Decision complete: action=0 (score=95.0, layer=YF), candidates=1, time=0.002s
[18:30:37] [YFAdapter-P0] [INFO] [YF-P0] Decision context: myPos=0, curPos=3, greaterPos=1, teammate=2, curAction=[, actionList_size=1
[18:30:37] [YFAdapter-P0] [INFO] [YF-P0] Decided: action_index=0, action=['PASS', 'PASS', 'PASS']
[18:30:37] [HybridV4-P0] [INFO] ✓ Decision complete: action=0 (score=95.0, layer=YF), candidates=1, time=0.007s
[18:30:37] [YFAdapter-P0] [INFO] [YF-P0] Decision context: myPos=0, curPos=3, greaterPos=2, teammate=2, curAction=[, actionList_size=2
[18:30:37] [YFAdapter-P0] [INFO] [YF-P0] Decided: action_index=0, action=['PASS', 'PASS', 'PASS']
[18:30:37] [HybridV4-P0] [INFO] ✓ Decision complete: action=1 (score=125.5, layer=YF), candidates=2, time=0.003s
[18:30:37] [YFAdapter-P0] [INFO] [YF-P0] Decision context: myPos=0, curPos=3, greaterPos=1, teammate=2, curAction=[, actionList_size=1
[18:30:37] [YFAdapter-P0] [INFO] [YF-P0] Decided: action_index=0, action=['PASS', 'PASS', 'PASS']
[18:30:37] [HybridV4-P0] [INFO] ✓ Decision complete: action=0 (score=95.0, layer=YF), candidates=1, time=0.010s
[18:30:37] [YFAdapter-P0] [INFO] [YF-P0] Decision context: myPos=0, curPos=3, greaterPos=1, teammate=2, curAction=[, actionList_size=3
[18:30:37] [YFAdapter-P0] [INFO] [YF-P0] Decided: action_index=0, action=['PASS', 'PASS', 'PASS']
[18:30:37] [HybridV4-P0] [INFO] ✓ Decision complete: action=1 (score=182.5, layer=YF), candidates=3, time=0.004s
[18:30:37] [YFAdapter-P0] [INFO] [YF-P0] Decision context: myPos=0, curPos=3, greaterPos=1, teammate=2, curAction=[, actionList_size=1
[18:30:37] [YFAdapter-P0] [INFO] [YF-P0] Decided: action_index=0, action=['PASS', 'PASS', 'PASS']
[18:30:37] [HybridV4-P0] [INFO] ✓ Decision complete: action=0 (score=55.0, layer=YF), candidates=1, time=0.002s
[18:30:37] [YFAdapter-P0] [INFO] [YF-P0] Decision context: myPos=0, curPos=3, greaterPos=3, teammate=2, curAction=[, actionList_size=1
[18:30:37] [YFAdapter-P0] [INFO] [YF-P0] Decided: action_index=0, action=['PASS', 'PASS', 'PASS']
[18:30:37] [HybridV4-P0] [INFO] ✓ Decision complete: action=0 (score=125.0, layer=YF), candidates=1, time=0.004s
[18:30:37] [YFAdapter-P0] [INFO] [YF-P0] Decision context: myPos=0, curPos=3, greaterPos=3, teammate=2, curAction=[, actionList_size=1
[18:30:37] [YFAdapter-P0] [INFO] [YF-P0] Decided: action_index=0, action=['PASS', 'PASS', 'PASS']
[18:30:37] [HybridV4-P0] [INFO] ✓ Decision complete: action=0 (score=125.0, layer=YF), candidates=1, time=0.003s
[18:30:37] [YFAdapter-P0] [INFO] [YF-P0] Decision context: myPos=0, curPos=3, greaterPos=3, teammate=2, curAction=[, actionList_size=1
[18:30:37] [YFAdapter-P0] [INFO] [YF-P0] Decided: action_index=0, action=['PASS', 'PASS', 'PASS']
[18:30:37] [HybridV4-P0] [INFO] ✓ Decision complete: action=0 (score=125.0, layer=YF), candidates=1, time=0.005s
[18:30:37] [YFAdapter-P0] [INFO] [YF-P0] Decision context: myPos=0, curPos=3, greaterPos=3, teammate=2, curAction=[, actionList_size=1
[18:30:37] [YFAdapter-P0] [INFO] [YF-P0] Decided: action_index=0, action=['PASS', 'PASS', 'PASS']
[18:30:37] [HybridV4-P0] [INFO] ✓ Decision complete: action=0 (score=-5.0, layer=YF), candidates=1, time=0.002s
[18:30:37] [YFAdapter-P0] [INFO] [YF-P0] Decision context: myPos=0, curPos=2, greaterPos=1, teammate=2, curAction=[, actionList_size=1
[18:30:37] [YFAdapter-P0] [INFO] [YF-P0] Decided: action_index=0, action=['PASS', 'PASS', 'PASS']
[18:30:37] [HybridV4-P0] [INFO] ✓ Decision complete: action=0 (score=10.0, layer=YF), candidates=1, time=0.003s
[18:30:37] [yf1_v4] [INFO] 游戏开始, 我是0号位，手牌：['D3', 'H4', 'C5', 'S6', 'C6', 'D6', 'H7', 'H7', 'C7', 'D7', 'H9', 'ST', 'CT', 'DT', 'HJ', 'CJ', 'SQ', 'SA', 'SA', 'CA', 'DA', 'S2', 'H2', 'C2', 'C2', 'D2', 'SB']
[18:30:37] [YFAdapter-P0] [INFO] [YF-P0] Decision context: myPos=0, curPos=3, greaterPos=2, teammate=2, curAction=[, actionList_size=41
[18:30:37] [YFAdapter-P0] [INFO] [YF-P0] Decided: action_index=0, action=['PASS', 'PASS', 'PASS']
[18:30:37] [HybridV4-P0] [INFO] ✓ Decision complete: action=16 (score=112.5, layer=YF), candidates=8, time=0.003s
[18:30:37] [YFAdapter-P0] [INFO] [YF-P0] Decision context: myPos=0, curPos=3, greaterPos=2, teammate=2, curAction=[, actionList_size=14
[18:30:37] [YFAdapter-P0] [INFO] [YF-P0] Decided: action_index=0, action=['PASS', 'PASS', 'PASS']
[18:30:37] [HybridV4-P0] [INFO] ✓ Decision complete: action=7 (score=112.5, layer=YF), candidates=8, time=0.007s
[18:30:37] [YFAdapter-P0] [INFO] [YF-P0] Decision context: myPos=0, curPos=3, greaterPos=2, teammate=2, curAction=[, actionList_size=1
[18:30:37] [YFAdapter-P0] [INFO] [YF-P0] Decided: action_index=0, action=['PASS', 'PASS', 'PASS']
[18:30:37] [HybridV4-P0] [INFO] ✓ Decision complete: action=0 (score=95.0, layer=YF), candidates=1, time=0.004s
[18:30:37] [YFAdapter-P0] [INFO] [YF-P0] Decision context: myPos=0, curPos=3, greaterPos=3, teammate=2, curAction=[, actionList_size=2
[18:30:37] [YFAdapter-P0] [INFO] [YF-P0] Decided: action_index=0, action=['PASS', 'PASS', 'PASS']
[18:30:37] [HybridV4-P0] [INFO] ✓ Decision complete: action=1 (score=142.5, layer=YF), candidates=2, time=0.004s
[18:30:37] [YFAdapter-P0] [INFO] [YF-P0] Decision context: myPos=0, curPos=3, greaterPos=1, teammate=2, curAction=[, actionList_size=1
[18:30:37] [YFAdapter-P0] [INFO] [YF-P0] Decided: action_index=0, action=['PASS', 'PASS', 'PASS']
[18:30:37] [HybridV4-P0] [INFO] ✓ Decision complete: action=0 (score=95.0, layer=YF), candidates=1, time=0.003s
[18:30:37] [YFAdapter-P0] [INFO] [YF-P0] Decision context: myPos=0, curPos=3, greaterPos=3, teammate=2, curAction=[, actionList_size=1
[18:30:37] [YFAdapter-P0] [INFO] [YF-P0] Decided: action_index=0, action=['PASS', 'PASS', 'PASS']
[18:30:37] [HybridV4-P0] [INFO] ✓ Decision complete: action=0 (score=95.0, layer=YF), candidates=1, time=0.004s
[18:30:37] [YFAdapter-P0] [INFO] [YF-P0] Decision context: myPos=0, curPos=3, greaterPos=3, teammate=2, curAction=[, actionList_size=18
[18:30:37] [YFAdapter-P0] [INFO] [YF-P0] Decided: action_index=0, action=['PASS', 'PASS', 'PASS']
[18:30:37] [HybridV4-P0] [INFO] ✓ Decision complete: action=16 (score=142.5, layer=YF), candidates=8, time=0.003s
[18:30:37] [YFAdapter-P0] [INFO] [YF-P0] Decision context: myPos=0, curPos=3, greaterPos=1, teammate=2, curAction=[, actionList_size=2
[18:30:37] [YFAdapter-P0] [INFO] [YF-P0] Decided: action_index=0, action=['PASS', 'PASS', 'PASS']
[18:30:37] [HybridV4-P0] [INFO] ✓ Decision complete: action=1 (score=135.5, layer=YF), candidates=2, time=0.003s
[18:30:37] [YFAdapter-P0] [INFO] [YF-P0] Decision context: myPos=0, curPos=3, greaterPos=1, teammate=2, curAction=[, actionList_size=1
[18:30:37] [YFAdapter-P0] [INFO] [YF-P0] Decided: action_index=0, action=['PASS', 'PASS', 'PASS']
[18:30:37] [HybridV4-P0] [INFO] ✓ Decision complete: action=0 (score=95.0, layer=YF), candidates=1, time=0.003s
[18:30:37] [YFAdapter-P0] [INFO] [YF-P0] Decision context: myPos=0, curPos=3, greaterPos=1, teammate=2, curAction=[, actionList_size=1
[18:30:37] [YFAdapter-P0] [INFO] [YF-P0] Decided: action_index=0, action=['PASS', 'PASS', 'PASS']
[18:30:37] [HybridV4-P0] [INFO] ✓ Decision complete: action=0 (score=95.0, layer=YF), candidates=1, time=0.003s
[18:30:37] [YFAdapter-P0] [INFO] [YF-P0] Decision context: myPos=0, curPos=3, greaterPos=3, teammate=2, curAction=[, actionList_size=1
[18:30:37] [YFAdapter-P0] [INFO] [YF-P0] Decided: action_index=0, action=['PASS', 'PASS', 'PASS']
[18:30:37] [HybridV4-P0] [INFO] ✓ Decision complete: action=0 (score=55.0, layer=YF), candidates=1, time=0.003s
[18:30:37] [YFAdapter-P0] [INFO] [YF-P0] Decision context: myPos=0, curPos=3, greaterPos=3, teammate=2, curAction=[, actionList_size=9
[18:30:37] [YFAdapter-P0] [INFO] [YF-P0] Decided: action_index=0, action=['PASS', 'PASS', 'PASS']
[18:30:37] [YFAdapter-P0] [WARNING] [YF-P0] 检测到过于保守: 对手快走完(剩5张), 触发Layer 2/3进行更积极的决策
[18:30:37] [HybridV4-P0] [INFO] ✓ Decision complete: action=1 (score=115.6, layer=DecisionEngine), candidates=5, time=0.004s
[18:30:37] [YFAdapter-P0] [INFO] [YF-P0] Decision context: myPos=0, curPos=3, greaterPos=3, teammate=2, curAction=[, actionList_size=1
[18:30:37] [YFAdapter-P0] [INFO] [YF-P0] Decided: action_index=0, action=['PASS', 'PASS', 'PASS']
[18:30:37] [HybridV4-P0] [INFO] ✓ Decision complete: action=0 (score=-5.0, layer=YF), candidates=1, time=0.008s
[18:30:37] [YFAdapter-P0] [INFO] [YF-P0] Decision context: myPos=0, curPos=3, greaterPos=3, teammate=2, curAction=[, actionList_size=1
[18:30:37] [YFAdapter-P0] [INFO] [YF-P0] Decided: action_index=0, action=['PASS', 'PASS', 'PASS']
[18:30:37] [HybridV4-P0] [INFO] ✓ Decision complete: action=0 (score=-5.0, layer=YF), candidates=1, time=0.003s
[18:30:37] [YFAdapter-P0] [INFO] [YF-P0] Decision context: myPos=0, curPos=2, greaterPos=1, teammate=2, curAction=[, actionList_size=1
[18:30:37] [YFAdapter-P0] [INFO] [YF-P0] Decided: action_index=0, action=['PASS', 'PASS', 'PASS']
[18:30:37] [HybridV4-P0] [INFO] ✓ Decision complete: action=0 (score=10.0, layer=YF), candidates=1, time=0.003s
[18:30:38] [YFAdapter-P0] [INFO] [YF-P0] Decision context: myPos=0, curPos=2, greaterPos=1, teammate=2, curAction=[, actionList_size=1
[18:30:38] [YFAdapter-P0] [INFO] [YF-P0] Decided: action_index=0, action=['PASS', 'PASS', 'PASS']
[18:30:38] [HybridV4-P0] [INFO] ✓ Decision complete: action=0 (score=10.0, layer=YF), candidates=1, time=0.002s
[18:30:38] [yf1_v4] [INFO] 游戏开始, 我是0号位，手牌：['H2', 'D2', 'D2', 'H3', 'D3', 'S4', 'C4', 'D4', 'S6', 'C6', 'S7', 'H7', 'H7', 'H8', 'H9', 'CJ', 'CJ', 'SQ', 'HK', 'CK', 'SA', 'CA', 'DA', 'H5', 'D5', 'HR', 'HR']
[18:30:38] [YFAdapter-P0] [INFO] [YF-P0] Decision context: myPos=0, curPos=3, greaterPos=3, teammate=2, curAction=[, actionList_size=27
[18:30:38] [YFAdapter-P0] [INFO] [YF-P0] Decided: action_index=0, action=['PASS', 'PASS', 'PASS']
[18:30:38] [HybridV4-P0] [INFO] ✓ Decision complete: action=16 (score=142.5, layer=YF), candidates=8, time=0.003s
[18:30:38] [YFAdapter-P0] [INFO] [YF-P0] Decision context: myPos=0, curPos=3, greaterPos=2, teammate=2, curAction=[, actionList_size=1
[18:30:38] [YFAdapter-P0] [INFO] [YF-P0] Decided: action_index=0, action=['PASS', 'PASS', 'PASS']
[18:30:38] [HybridV4-P0] [INFO] ✓ Decision complete: action=0 (score=95.0, layer=YF), candidates=1, time=0.003s
[18:30:38] [YFAdapter-P0] [INFO] [YF-P0] Decision context: myPos=0, curPos=3, greaterPos=3, teammate=2, curAction=[, actionList_size=14
[18:30:38] [YFAdapter-P0] [INFO] [YF-P0] Decided: action_index=0, action=['PASS', 'PASS', 'PASS']
[18:30:38] [HybridV4-P0] [INFO] ✓ Decision complete: action=5 (score=142.5, layer=YF), candidates=8, time=0.004s
[18:30:38] [YFAdapter-P0] [INFO] [YF-P0] Decision context: myPos=0, curPos=3, greaterPos=1, teammate=2, curAction=[, actionList_size=6
[18:30:38] [YFAdapter-P0] [INFO] [YF-P0] Decided: action_index=0, action=['PASS', 'PASS', 'PASS']
[18:30:38] [HybridV4-P0] [INFO] ✓ Decision complete: action=1 (score=142.5, layer=YF), candidates=6, time=0.003s
[18:30:38] [YFAdapter-P0] [INFO] [YF-P0] Decision context: myPos=0, curPos=-1, greaterPos=-1, teammate=2, curAction=[, actionList_size=611
[18:30:38] [YFAdapter-P0] [INFO] [YF-P0] Decided: action_index=11, action=['Single', '8', [['H', '8']]]
[18:30:38] [HybridV4-P0] [INFO] ✓ Decision complete: action=11 (score=115.0, layer=YF), candidates=8, time=0.010s
[18:30:38] [YFAdapter-P0] [INFO] [YF-P0] Decision context: myPos=0, curPos=3, greaterPos=3, teammate=2, curAction=[, actionList_size=6
[18:30:38] [YFAdapter-P0] [INFO] [YF-P0] Decided: action_index=0, action=['PASS', 'PASS', 'PASS']
[18:30:38] [HybridV4-P0] [INFO] ✓ Decision complete: action=1 (score=142.5, layer=YF), candidates=6, time=0.003s
[18:30:38] [YFAdapter-P0] [INFO] [YF-P0] Decision context: myPos=0, curPos=3, greaterPos=1, teammate=2, curAction=[, actionList_size=3
[18:30:38] [YFAdapter-P0] [INFO] [YF-P0] Decided: action_index=0, action=['PASS', 'PASS', 'PASS']
[18:30:38] [HybridV4-P0] [INFO] ✓ Decision complete: action=2 (score=135.5, layer=YF), candidates=3, time=0.004s
[18:30:38] [YFAdapter-P0] [INFO] [YF-P0] Decision context: myPos=0, curPos=3, greaterPos=1, teammate=2, curAction=[, actionList_size=1
[18:30:38] [YFAdapter-P0] [INFO] [YF-P0] Decided: action_index=0, action=['PASS', 'PASS', 'PASS']
[18:30:38] [HybridV4-P0] [INFO] ✓ Decision complete: action=0 (score=95.0, layer=YF), candidates=1, time=0.007s
[18:30:38] [YFAdapter-P0] [INFO] [YF-P0] Decision context: myPos=0, curPos=3, greaterPos=3, teammate=2, curAction=[, actionList_size=2
[18:30:38] [YFAdapter-P0] [INFO] [YF-P0] Decided: action_index=0, action=['PASS', 'PASS', 'PASS']
[18:30:38] [HybridV4-P0] [INFO] ✓ Decision complete: action=1 (score=162.5, layer=YF), candidates=2, time=0.004s
[18:30:38] [YFAdapter-P0] [INFO] [YF-P0] Decision context: myPos=0, curPos=-1, greaterPos=-1, teammate=2, curAction=[, actionList_size=17
[18:30:38] [YFAdapter-P0] [INFO] [YF-P0] Decided: action_index=2, action=['Single', '3', [['H', '3']]]
[18:30:38] [HybridV4-P0] [INFO] ✓ Decision complete: action=2 (score=130.0, layer=YF), candidates=7, time=0.004s
[18:30:38] [YFAdapter-P0] [INFO] [YF-P0] Decision context: myPos=0, curPos=3, greaterPos=2, teammate=2, curAction=[, actionList_size=1
[18:30:38] [YFAdapter-P0] [INFO] [YF-P0] Decided: action_index=0, action=['PASS', 'PASS', 'PASS']
[18:30:38] [HybridV4-P0] [INFO] ✓ Decision complete: action=0 (score=95.0, layer=YF), candidates=1, time=0.003s
[18:30:38] [YFAdapter-P0] [INFO] [YF-P0] Decision context: myPos=0, curPos=3, greaterPos=2, teammate=2, curAction=[, actionList_size=8
[18:30:38] [YFAdapter-P0] [INFO] [YF-P0] Decided: action_index=0, action=['PASS', 'PASS', 'PASS']
[18:30:38] [HybridV4-P0] [INFO] ✓ Decision complete: action=4 (score=129.0, layer=YF), candidates=6, time=0.004s
[18:30:38] [YFAdapter-P0] [INFO] [YF-P0] Decision context: myPos=0, curPos=3, greaterPos=3, teammate=2, curAction=[, actionList_size=1
[18:30:38] [YFAdapter-P0] [INFO] [YF-P0] Decided: action_index=0, action=['PASS', 'PASS', 'PASS']
[18:30:38] [HybridV4-P0] [INFO] ✓ Decision complete: action=0 (score=95.0, layer=YF), candidates=1, time=0.003s
[18:30:38] [YFAdapter-P0] [INFO] [YF-P0] Decision context: myPos=0, curPos=3, greaterPos=2, teammate=2, curAction=[, actionList_size=1
[18:30:38] [YFAdapter-P0] [INFO] [YF-P0] Decided: action_index=0, action=['PASS', 'PASS', 'PASS']
[18:30:38] [HybridV4-P0] [INFO] ✓ Decision complete: action=0 (score=95.0, layer=YF), candidates=1, time=0.003s
[18:30:38] [YFAdapter-P0] [INFO] [YF-P0] Decision context: myPos=0, curPos=3, greaterPos=3, teammate=2, curAction=[, actionList_size=1
[18:30:38] [YFAdapter-P0] [INFO] [YF-P0] Decided: action_index=0, action=['PASS', 'PASS', 'PASS']
[18:30:38] [HybridV4-P0] [INFO] ✓ Decision complete: action=0 (score=95.0, layer=YF), candidates=1, time=0.002s
[18:30:38] [YFAdapter-P0] [INFO] [YF-P0] Decision context: myPos=0, curPos=3, greaterPos=2, teammate=2, curAction=[, actionList_size=1
[18:30:38] [YFAdapter-P0] [INFO] [YF-P0] Decided: action_index=0, action=['PASS', 'PASS', 'PASS']
[18:30:38] [HybridV4-P0] [INFO] ✓ Decision complete: action=0 (score=95.0, layer=YF), candidates=1, time=0.003s
[18:30:38] [YFAdapter-P0] [INFO] [YF-P0] Decision context: myPos=0, curPos=3, greaterPos=3, teammate=2, curAction=[, actionList_size=1
[18:30:38] [YFAdapter-P0] [INFO] [YF-P0] Decided: action_index=0, action=['PASS', 'PASS', 'PASS']
[18:30:38] [HybridV4-P0] [INFO] ✓ Decision complete: action=0 (score=95.0, layer=YF), candidates=1, time=0.003s
[18:30:38] [YFAdapter-P0] [INFO] [YF-P0] Decision context: myPos=0, curPos=3, greaterPos=1, teammate=2, curAction=[, actionList_size=1
[18:30:38] [YFAdapter-P0] [INFO] [YF-P0] Decided: action_index=0, action=['PASS', 'PASS', 'PASS']
[18:30:38] [HybridV4-P0] [INFO] ✓ Decision complete: action=0 (score=95.0, layer=YF), candidates=1, time=0.003s
[18:30:38] [YFAdapter-P0] [INFO] [YF-P0] Decision context: myPos=0, curPos=3, greaterPos=3, teammate=2, curAction=[, actionList_size=2
[18:30:38] [YFAdapter-P0] [INFO] [YF-P0] Decided: action_index=0, action=['PASS', 'PASS', 'PASS']
[18:30:38] [HybridV4-P0] [INFO] ✓ Decision complete: action=1 (score=186.0, layer=YF), candidates=2, time=0.004s
[18:30:38] [YFAdapter-P0] [INFO] [YF-P0] Decision context: myPos=0, curPos=-1, greaterPos=-1, teammate=2, curAction=[, actionList_size=12
[18:30:38] [YFAdapter-P0] [INFO] [YF-P0] Decided: action_index=9, action=['Pair', '2', [['H', '2'], ['D', '2']]]
[18:30:38] [HybridV4-P0] [INFO] ✓ Decision complete: action=9 (score=175.0, layer=YF), candidates=6, time=0.004s
[18:30:38] [YFAdapter-P0] [INFO] [YF-P0] Decision context: myPos=0, curPos=3, greaterPos=3, teammate=2, curAction=[, actionList_size=1
[18:30:38] [YFAdapter-P0] [INFO] [YF-P0] Decided: action_index=0, action=['PASS', 'PASS', 'PASS']
[18:30:38] [HybridV4-P0] [INFO] ✓ Decision complete: action=0 (score=55.0, layer=YF), candidates=1, time=0.002s
[18:30:38] [YFAdapter-P0] [INFO] [YF-P0] Decision context: myPos=0, curPos=3, greaterPos=3, teammate=2, curAction=[, actionList_size=8
[18:30:38] [YFAdapter-P0] [INFO] [YF-P0] Decided: action_index=0, action=['PASS', 'PASS', 'PASS']
[18:30:38] [YFAdapter-P0] [WARNING] [YF-P0] 检测到过于保守: 对手快走完(剩5张), 触发Layer 2/3进行更积极的决策
[18:30:38] [HybridV4-P0] [INFO] ✓ Decision complete: action=1 (score=115.6, layer=DecisionEngine), candidates=5, time=0.015s
[18:30:38] [YFAdapter-P0] [INFO] [YF-P0] Decision context: myPos=0, curPos=3, greaterPos=2, teammate=2, curAction=[, actionList_size=4
[18:30:38] [YFAdapter-P0] [INFO] [YF-P0] Decided: action_index=0, action=['PASS', 'PASS', 'PASS']
[18:30:38] [YFAdapter-P0] [WARNING] [YF-P0] 检测到过于保守: 对手快走完(剩5张), 触发Layer 2/3进行更积极的决策
[18:30:38] [HybridV4-P0] [INFO] ✓ Decision complete: action=1 (score=85.6, layer=DecisionEngine), candidates=4, time=0.008s
[18:30:38] [YFAdapter-P0] [INFO] [YF-P0] Decision context: myPos=0, curPos=3, greaterPos=1, teammate=2, curAction=[, actionList_size=1
[18:30:38] [YFAdapter-P0] [INFO] [YF-P0] Decided: action_index=0, action=['PASS', 'PASS', 'PASS']
[18:30:38] [HybridV4-P0] [INFO] ✓ Decision complete: action=0 (score=125.0, layer=YF), candidates=1, time=0.003s
[18:30:38] [YFAdapter-P0] [INFO] [YF-P0] Decision context: myPos=0, curPos=3, greaterPos=3, teammate=2, curAction=[, actionList_size=1
[18:30:38] [YFAdapter-P0] [INFO] [YF-P0] Decided: action_index=0, action=['PASS', 'PASS', 'PASS']
[18:30:38] [HybridV4-P0] [INFO] ✓ Decision complete: action=0 (score=-5.0, layer=YF), candidates=1, time=0.005s
[18:30:38] [YFAdapter-P0] [INFO] [YF-P0] Decision context: myPos=0, curPos=3, greaterPos=3, teammate=2, curAction=[, actionList_size=3
[18:30:38] [YFAdapter-P0] [INFO] [YF-P0] Decided: action_index=0, action=['PASS', 'PASS', 'PASS']
[18:30:38] [YFAdapter-P0] [WARNING] [YF-P0] 检测到过于保守: 对手快走完(剩2张), 触发Layer 2/3进行更积极的决策
[18:30:38] [HybridV4-P0] [INFO] ✓ Decision complete: action=1 (score=155.6, layer=DecisionEngine), candidates=3, time=0.005s
[18:30:38] [YFAdapter-P0] [INFO] [YF-P0] Decision context: myPos=0, curPos=3, greaterPos=1, teammate=2, curAction=[, actionList_size=1
[18:30:38] [YFAdapter-P0] [INFO] [YF-P0] Decided: action_index=0, action=['PASS', 'PASS', 'PASS']
[18:30:38] [HybridV4-P0] [INFO] ✓ Decision complete: action=0 (score=-5.0, layer=YF), candidates=1, time=0.002s
[18:30:38] [YFAdapter-P0] [INFO] [YF-P0] Decision context: myPos=0, curPos=3, greaterPos=3, teammate=2, curAction=[, actionList_size=2
[18:30:38] [YFAdapter-P0] [INFO] [YF-P0] Decided: action_index=0, action=['PASS', 'PASS', 'PASS']
[18:30:38] [YFAdapter-P0] [WARNING] [YF-P0] 检测到过于保守: 对手快走完(剩0张), 触发Layer 2/3进行更积极的决策
[18:30:38] [HybridV4-P0] [INFO] ✓ Decision complete: action=1 (score=155.6, layer=DecisionEngine), candidates=2, time=0.005s
[18:30:38] [YFAdapter-P0] [INFO] [YF-P0] Decision context: myPos=0, curPos=3, greaterPos=3, teammate=2, curAction=[, actionList_size=1
[18:30:38] [YFAdapter-P0] [INFO] [YF-P0] Decided: action_index=0, action=['PASS', 'PASS', 'PASS']
[18:30:38] [HybridV4-P0] [INFO] ✓ Decision complete: action=0 (score=-5.0, layer=YF), candidates=1, time=0.006s
[18:30:39] [YFAdapter-P0] [INFO] [YF-P0] Decision context: myPos=0, curPos=3, greaterPos=3, teammate=2, curAction=[, actionList_size=1
[18:30:39] [YFAdapter-P0] [INFO] [YF-P0] Decided: action_index=0, action=['PASS', 'PASS', 'PASS']
[18:30:39] [HybridV4-P0] [INFO] ✓ Decision complete: action=0 (score=-5.0, layer=YF), candidates=1, time=0.003s
[18:30:39] [YFAdapter-P0] [INFO] [YF-P0] Decision context: myPos=0, curPos=3, greaterPos=2, teammate=2, curAction=[, actionList_size=1
[18:30:39] [YFAdapter-P0] [INFO] [YF-P0] Decided: action_index=0, action=['PASS', 'PASS', 'PASS']
[18:30:39] [HybridV4-P0] [INFO] ✓ Decision complete: action=0 (score=-5.0, layer=YF), candidates=1, time=0.003s
[18:30:39] [HybridV4-P0] [INFO] [Critical Rule] Teammate protection: teammate has 2 cards, PASS
[18:30:39] [HybridV4-P0] [INFO] ✓ Critical Rule triggered: action=0, time=0.002s
[18:30:39] [HybridV4-P0] [INFO] [Critical Rule] Teammate protection: teammate has 1 cards, PASS
[18:30:39] [HybridV4-P0] [INFO] ✓ Critical Rule triggered: action=0, time=0.002s
[18:30:39] [HybridV4-P0] [INFO] [Critical Rule] Teammate protection: teammate has 0 cards, PASS
[18:30:39] [HybridV4-P0] [INFO] ✓ Critical Rule triggered: action=0, time=0.002s
[18:30:39] [YFAdapter-P0] [INFO] [YF-P0] Decision context: myPos=0, curPos=-1, greaterPos=-1, teammate=2, curAction=[, actionList_size=4
[18:30:39] [YFAdapter-P0] [INFO] [YF-P0] Decided: action_index=0, action=['Single', '4', [['C', '4']]]
[18:30:39] [YFAdapter-P0] [WARNING] [YF-P0] 检测到过于保守: 对手快走完(剩0张), 触发Layer 2/3进行更积极的决策
[18:30:39] [HybridV4-P0] [INFO] ✓ Decision complete: action=3 (score=100.6, layer=DecisionEngine), candidates=4, time=0.004s
[18:30:39] [YFAdapter-P0] [INFO] [YF-P0] Decision context: myPos=0, curPos=3, greaterPos=3, teammate=2, curAction=[, actionList_size=1
[18:30:39] [YFAdapter-P0] [INFO] [YF-P0] Decided: action_index=0, action=['PASS', 'PASS', 'PASS']
[18:30:39] [HybridV4-P0] [INFO] ✓ Decision complete: action=0 (score=-5.0, layer=YF), candidates=1, time=0.018s
[18:30:39] [yf1_v4] [INFO] 游戏开始, 我是0号位，手牌：['S3', 'H3', 'C3', 'S4', 'S4', 'H4', 'C5', 'D5', 'D6', 'S8', 'C8', 'S9', 'S9', 'H9', 'ST', 'DT', 'DT', 'SJ', 'HJ', 'HQ', 'CQ', 'CQ', 'SK', 'H7', 'C7', 'D7', 'HR']
[18:30:39] [YFAdapter-P0] [INFO] [YF-P0] Decision context: myPos=0, curPos=-1, greaterPos=-1, teammate=2, curAction=[, actionList_size=1
[18:30:39] [YFAdapter-P0] [INFO] [YF-P0] Decided: action_index=0, action=['tribute', 'tribute', [['H', 'R']]]
[18:30:39] [HybridV4-P0] [INFO] ✓ Decision complete: action=0 (score=110.0, layer=YF), candidates=1, time=0.013s
[18:30:39] [YFAdapter-P0] [INFO] [YF-P0] Decision context: myPos=0, curPos=-1, greaterPos=-1, teammate=2, curAction=[, actionList_size=1241
[18:30:39] [YFAdapter-P0] [INFO] [YF-P0] Decided: action_index=7, action=['Single', '6', [['D', '6']]]
[18:30:39] [HybridV4-P0] [INFO] ✓ Decision complete: action=7 (score=110.0, layer=YF), candidates=8, time=0.020s
[18:30:39] [YFAdapter-P0] [INFO] [YF-P0] Decision context: myPos=0, curPos=3, greaterPos=3, teammate=2, curAction=[, actionList_size=10
[18:30:39] [YFAdapter-P0] [INFO] [YF-P0] Decided: action_index=0, action=['PASS', 'PASS', 'PASS']
[18:30:39] [HybridV4-P0] [INFO] ✓ Decision complete: action=8 (score=139.0, layer=YF), candidates=8, time=0.003s
[18:30:39] [YFAdapter-P0] [INFO] [YF-P0] Decision context: myPos=0, curPos=3, greaterPos=2, teammate=2, curAction=[, actionList_size=1
[18:30:39] [YFAdapter-P0] [INFO] [YF-P0] Decided: action_index=0, action=['PASS', 'PASS', 'PASS']
[18:30:39] [HybridV4-P0] [INFO] ✓ Decision complete: action=0 (score=95.0, layer=YF), candidates=1, time=0.002s
[18:30:39] [YFAdapter-P0] [INFO] [YF-P0] Decision context: myPos=0, curPos=3, greaterPos=3, teammate=2, curAction=[, actionList_size=2
[18:30:39] [YFAdapter-P0] [INFO] [YF-P0] Decided: action_index=0, action=['PASS', 'PASS', 'PASS']
[18:30:39] [HybridV4-P0] [INFO] ✓ Decision complete: action=1 (score=132.0, layer=YF), candidates=2, time=0.008s
[18:30:39] [YFAdapter-P0] [INFO] [YF-P0] Decision context: myPos=0, curPos=3, greaterPos=1, teammate=2, curAction=[, actionList_size=1
[18:30:39] [YFAdapter-P0] [INFO] [YF-P0] Decided: action_index=0, action=['PASS', 'PASS', 'PASS']
[18:30:39] [HybridV4-P0] [INFO] ✓ Decision complete: action=0 (score=95.0, layer=YF), candidates=1, time=0.005s
[18:30:39] [YFAdapter-P0] [INFO] [YF-P0] Decision context: myPos=0, curPos=3, greaterPos=3, teammate=2, curAction=[, actionList_size=2
[18:30:39] [YFAdapter-P0] [INFO] [YF-P0] Decided: action_index=0, action=['PASS', 'PASS', 'PASS']
[18:30:39] [HybridV4-P0] [INFO] ✓ Decision complete: action=1 (score=135.5, layer=YF), candidates=2, time=0.003s
[18:30:39] [YFAdapter-P0] [INFO] [YF-P0] Decision context: myPos=0, curPos=-1, greaterPos=-1, teammate=2, curAction=[, actionList_size=54
[18:30:39] [YFAdapter-P0] [INFO] [YF-P0] Decided: action_index=0, action=['Single', '4', [['S', '4']]]
[18:30:39] [HybridV4-P0] [INFO] ✓ Decision complete: action=0 (score=110.0, layer=YF), candidates=8, time=0.007s
[18:30:39] [YFAdapter-P0] [INFO] [YF-P0] Decision context: myPos=0, curPos=3, greaterPos=3, teammate=2, curAction=[, actionList_size=1
[18:30:39] [YFAdapter-P0] [INFO] [YF-P0] Decided: action_index=0, action=['PASS', 'PASS', 'PASS']
[18:30:39] [HybridV4-P0] [INFO] ✓ Decision complete: action=0 (score=95.0, layer=YF), candidates=1, time=0.002s
[18:30:39] [YFAdapter-P0] [INFO] [YF-P0] Decision context: myPos=0, curPos=3, greaterPos=3, teammate=2, curAction=[, actionList_size=8
[18:30:39] [YFAdapter-P0] [INFO] [YF-P0] Decided: action_index=0, action=['PASS', 'PASS', 'PASS']
[18:30:39] [HybridV4-P0] [INFO] ✓ Decision complete: action=5 (score=159.0, layer=YF), candidates=7, time=0.003s
[18:30:39] [YFAdapter-P0] [INFO] [YF-P0] Decision context: myPos=0, curPos=3, greaterPos=3, teammate=2, curAction=[, actionList_size=1
[18:30:39] [YFAdapter-P0] [INFO] [YF-P0] Decided: action_index=0, action=['PASS', 'PASS', 'PASS']
[18:30:39] [HybridV4-P0] [INFO] ✓ Decision complete: action=0 (score=95.0, layer=YF), candidates=1, time=0.007s
[18:30:39] [YFAdapter-P0] [INFO] [YF-P0] Decision context: myPos=0, curPos=3, greaterPos=3, teammate=2, curAction=[, actionList_size=1
[18:30:39] [YFAdapter-P0] [INFO] [YF-P0] Decided: action_index=0, action=['PASS', 'PASS', 'PASS']
[18:30:39] [HybridV4-P0] [INFO] ✓ Decision complete: action=0 (score=95.0, layer=YF), candidates=1, time=0.002s
[18:30:39] [YFAdapter-P0] [INFO] [YF-P0] Decision context: myPos=0, curPos=3, greaterPos=2, teammate=2, curAction=[, actionList_size=1
[18:30:39] [YFAdapter-P0] [INFO] [YF-P0] Decided: action_index=0, action=['PASS', 'PASS', 'PASS']
[18:30:39] [HybridV4-P0] [INFO] ✓ Decision complete: action=0 (score=95.0, layer=YF), candidates=1, time=0.002s
[18:30:39] [YFAdapter-P0] [INFO] [YF-P0] Decision context: myPos=0, curPos=3, greaterPos=1, teammate=2, curAction=[, actionList_size=1
[18:30:39] [YFAdapter-P0] [INFO] [YF-P0] Decided: action_index=0, action=['PASS', 'PASS', 'PASS']
[18:30:39] [HybridV4-P0] [INFO] ✓ Decision complete: action=0 (score=95.0, layer=YF), candidates=1, time=0.003s
[18:30:39] [YFAdapter-P0] [INFO] [YF-P0] Decision context: myPos=0, curPos=3, greaterPos=3, teammate=2, curAction=[, actionList_size=7
[18:30:39] [YFAdapter-P0] [INFO] [YF-P0] Decided: action_index=0, action=['PASS', 'PASS', 'PASS']
[18:30:39] [HybridV4-P0] [INFO] ✓ Decision complete: action=2 (score=182.5, layer=YF), candidates=6, time=0.004s
[18:30:39] [YFAdapter-P0] [INFO] [YF-P0] Decision context: myPos=0, curPos=3, greaterPos=1, teammate=2, curAction=[, actionList_size=1
[18:30:39] [YFAdapter-P0] [INFO] [YF-P0] Decided: action_index=0, action=['PASS', 'PASS', 'PASS']
[18:30:39] [HybridV4-P0] [INFO] ✓ Decision complete: action=0 (score=75.0, layer=YF), candidates=1, time=0.002s
[18:30:39] [YFAdapter-P0] [INFO] [YF-P0] Decision context: myPos=0, curPos=3, greaterPos=3, teammate=2, curAction=[, actionList_size=2
[18:30:39] [YFAdapter-P0] [INFO] [YF-P0] Decided: action_index=0, action=['PASS', 'PASS', 'PASS']
[18:30:39] [YFAdapter-P0] [WARNING] [YF-P0] 检测到过于保守: 对手快走完(剩3张), 触发Layer 2/3进行更积极的决策
[18:30:39] [HybridV4-P0] [INFO] ✓ Decision complete: action=1 (score=155.6, layer=DecisionEngine), candidates=2, time=0.008s
[18:30:39] [YFAdapter-P0] [INFO] [YF-P0] Decision context: myPos=0, curPos=3, greaterPos=3, teammate=2, curAction=[, actionList_size=1
[18:30:39] [YFAdapter-P0] [INFO] [YF-P0] Decided: action_index=0, action=['PASS', 'PASS', 'PASS']
[18:30:39] [HybridV4-P0] [INFO] ✓ Decision complete: action=0 (score=-5.0, layer=YF), candidates=1, time=0.002s
[18:30:39] [YFAdapter-P0] [INFO] [YF-P0] Decision context: myPos=0, curPos=3, greaterPos=3, teammate=2, curAction=[, actionList_size=1
[18:30:39] [YFAdapter-P0] [INFO] [YF-P0] Decided: action_index=0, action=['PASS', 'PASS', 'PASS']
[18:30:39] [HybridV4-P0] [INFO] ✓ Decision complete: action=0 (score=-5.0, layer=YF), candidates=1, time=0.012s
[18:30:39] [YFAdapter-P0] [INFO] [YF-P0] Decision context: myPos=0, curPos=3, greaterPos=3, teammate=2, curAction=[, actionList_size=1
[18:30:39] [YFAdapter-P0] [INFO] [YF-P0] Decided: action_index=0, action=['PASS', 'PASS', 'PASS']
[18:30:39] [HybridV4-P0] [INFO] ✓ Decision complete: action=0 (score=-5.0, layer=YF), candidates=1, time=0.003s
[18:30:39] [YFAdapter-P0] [INFO] [YF-P0] Decision context: myPos=0, curPos=2, greaterPos=1, teammate=2, curAction=[, actionList_size=1
[18:30:39] [YFAdapter-P0] [INFO] [YF-P0] Decided: action_index=0, action=['PASS', 'PASS', 'PASS']
[18:30:39] [HybridV4-P0] [INFO] ✓ Decision complete: action=0 (score=10.0, layer=YF), candidates=1, time=0.002s
[18:30:39] [YFAdapter-P0] [INFO] [YF-P0] Decision context: myPos=0, curPos=2, greaterPos=1, teammate=2, curAction=[, actionList_size=1
[18:30:39] [YFAdapter-P0] [INFO] [YF-P0] Decided: action_index=0, action=['PASS', 'PASS', 'PASS']
[18:30:39] [HybridV4-P0] [INFO] ✓ Decision complete: action=0 (score=10.0, layer=YF), candidates=1, time=0.002s
[18:30:39] [yf1_v4] [INFO] 游戏开始, 我是0号位，手牌：['D2', 'C3', 'C4', 'D4', 'C5', 'C5', 'D5', 'D6', 'C7', 'H8', 'H8', 'C8', 'S9', 'S9', 'C9', 'C9', 'HJ', 'CJ', 'DJ', 'SQ', 'HQ', 'CQ', 'SK', 'HK', 'CK', 'HA', 'HT']
[18:30:39] [YFAdapter-P0] [INFO] [YF-P0] Decision context: myPos=0, curPos=-1, greaterPos=-1, teammate=2, curAction=[, actionList_size=1
[18:30:39] [YFAdapter-P0] [INFO] [YF-P0] Decided: action_index=0, action=['tribute', 'tribute', [['H', 'A']]]
[18:30:39] [HybridV4-P0] [INFO] ✓ Decision complete: action=0 (score=110.0, layer=YF), candidates=1, time=0.002s
[18:30:39] [YFAdapter-P0] [INFO] [YF-P0] Decision context: myPos=0, curPos=3, greaterPos=3, teammate=2, curAction=[, actionList_size=30
[18:30:39] [YFAdapter-P0] [INFO] [YF-P0] Decided: action_index=0, action=['PASS', 'PASS', 'PASS']
[18:30:39] [HybridV4-P0] [INFO] ✓ Decision complete: action=7 (score=139.0, layer=YF), candidates=8, time=0.002s
[18:30:39] [YFAdapter-P0] [INFO] [YF-P0] Decision context: myPos=0, curPos=3, greaterPos=3, teammate=2, curAction=[, actionList_size=13
[18:30:39] [YFAdapter-P0] [INFO] [YF-P0] Decided: action_index=0, action=['PASS', 'PASS', 'PASS']
[18:30:39] [HybridV4-P0] [INFO] ✓ Decision complete: action=9 (score=139.0, layer=YF), candidates=8, time=0.014s
[18:30:39] [YFAdapter-P0] [INFO] [YF-P0] Decision context: myPos=0, curPos=-1, greaterPos=-1, teammate=2, curAction=[, actionList_size=148
[18:30:39] [YFAdapter-P0] [INFO] [YF-P0] Decided: action_index=0, action=['Single', '2', [['D', '2']]]
[18:30:39] [HybridV4-P0] [INFO] ✓ Decision complete: action=0 (score=125.0, layer=YF), candidates=8, time=0.006s
[18:30:40] [YFAdapter-P0] [INFO] [YF-P0] Decision context: myPos=0, curPos=3, greaterPos=3, teammate=2, curAction=[, actionList_size=3
[18:30:40] [YFAdapter-P0] [INFO] [YF-P0] Decided: action_index=0, action=['PASS', 'PASS', 'PASS']
[18:30:40] [HybridV4-P0] [INFO] ✓ Decision complete: action=1 (score=135.5, layer=YF), candidates=3, time=0.004s
[18:30:40] [YFAdapter-P0] [INFO] [YF-P0] Decision context: myPos=0, curPos=3, greaterPos=3, teammate=2, curAction=[, actionList_size=1
[18:30:40] [YFAdapter-P0] [INFO] [YF-P0] Decided: action_index=0, action=['PASS', 'PASS', 'PASS']
[18:30:40] [HybridV4-P0] [INFO] ✓ Decision complete: action=0 (score=95.0, layer=YF), candidates=1, time=0.003s
[18:30:40] [YFAdapter-P0] [INFO] [YF-P0] Decision context: myPos=0, curPos=3, greaterPos=3, teammate=2, curAction=[, actionList_size=16
[18:30:40] [YFAdapter-P0] [INFO] [YF-P0] Decided: action_index=0, action=['PASS', 'PASS', 'PASS']
[18:30:40] [HybridV4-P0] [INFO] ✓ Decision complete: action=10 (score=139.0, layer=YF), candidates=8, time=0.003s
[18:30:40] [YFAdapter-P0] [INFO] [YF-P0] Decision context: myPos=0, curPos=3, greaterPos=3, teammate=2, curAction=[, actionList_size=2
[18:30:40] [YFAdapter-P0] [INFO] [YF-P0] Decided: action_index=0, action=['PASS', 'PASS', 'PASS']
[18:30:40] [HybridV4-P0] [INFO] ✓ Decision complete: action=1 (score=135.5, layer=YF), candidates=2, time=0.004s
[18:30:40] [YFAdapter-P0] [INFO] [YF-P0] Decision context: myPos=0, curPos=-1, greaterPos=-1, teammate=2, curAction=[, actionList_size=30
[18:30:40] [YFAdapter-P0] [INFO] [YF-P0] Decided: action_index=2, action=['Single', '4', [['D', '4']]]
[18:30:40] [HybridV4-P0] [INFO] ✓ Decision complete: action=2 (score=110.0, layer=YF), candidates=8, time=0.011s
[18:30:40] [YFAdapter-P0] [INFO] [YF-P0] Decision context: myPos=0, curPos=3, greaterPos=2, teammate=2, curAction=[, actionList_size=4
[18:30:40] [YFAdapter-P0] [INFO] [YF-P0] Decided: action_index=0, action=['PASS', 'PASS', 'PASS']
[18:30:40] [HybridV4-P0] [INFO] ✓ Decision complete: action=1 (score=109.0, layer=YF), candidates=4, time=0.004s
[18:30:40] [YFAdapter-P0] [INFO] [YF-P0] Decision context: myPos=0, curPos=3, greaterPos=1, teammate=2, curAction=[, actionList_size=1
[18:30:40] [YFAdapter-P0] [INFO] [YF-P0] Decided: action_index=0, action=['PASS', 'PASS', 'PASS']
[18:30:40] [HybridV4-P0] [INFO] ✓ Decision complete: action=0 (score=95.0, layer=YF), candidates=1, time=0.007s
[18:30:40] [YFAdapter-P0] [INFO] [YF-P0] Decision context: myPos=0, curPos=3, greaterPos=3, teammate=2, curAction=[, actionList_size=1
[18:30:40] [YFAdapter-P0] [INFO] [YF-P0] Decided: action_index=0, action=['PASS', 'PASS', 'PASS']
[18:30:40] [HybridV4-P0] [INFO] ✓ Decision complete: action=0 (score=95.0, layer=YF), candidates=1, time=0.003s
[18:30:40] [YFAdapter-P0] [INFO] [YF-P0] Decision context: myPos=0, curPos=3, greaterPos=2, teammate=2, curAction=[, actionList_size=1
[18:30:40] [YFAdapter-P0] [INFO] [YF-P0] Decided: action_index=0, action=['PASS', 'PASS', 'PASS']
[18:30:40] [HybridV4-P0] [INFO] ✓ Decision complete: action=0 (score=95.0, layer=YF), candidates=1, time=0.003s
[18:30:40] [YFAdapter-P0] [INFO] [YF-P0] Decision context: myPos=0, curPos=3, greaterPos=1, teammate=2, curAction=[, actionList_size=1
[18:30:40] [YFAdapter-P0] [INFO] [YF-P0] Decided: action_index=0, action=['PASS', 'PASS', 'PASS']
[18:30:40] [HybridV4-P0] [INFO] ✓ Decision complete: action=0 (score=95.0, layer=YF), candidates=1, time=0.003s
[18:30:40] [YFAdapter-P0] [INFO] [YF-P0] Decision context: myPos=0, curPos=3, greaterPos=1, teammate=2, curAction=[, actionList_size=1
[18:30:40] [YFAdapter-P0] [INFO] [YF-P0] Decided: action_index=0, action=['PASS', 'PASS', 'PASS']
[18:30:40] [HybridV4-P0] [INFO] ✓ Decision complete: action=0 (score=95.0, layer=YF), candidates=1, time=0.002s
[18:30:40] [YFAdapter-P0] [INFO] [YF-P0] Decision context: myPos=0, curPos=3, greaterPos=1, teammate=2, curAction=[, actionList_size=1
[18:30:40] [YFAdapter-P0] [INFO] [YF-P0] Decided: action_index=0, action=['PASS', 'PASS', 'PASS']
[18:30:40] [HybridV4-P0] [INFO] ✓ Decision complete: action=0 (score=95.0, layer=YF), candidates=1, time=0.003s
[18:30:40] [YFAdapter-P0] [INFO] [YF-P0] Decision context: myPos=0, curPos=3, greaterPos=2, teammate=2, curAction=[, actionList_size=1
[18:30:40] [YFAdapter-P0] [INFO] [YF-P0] Decided: action_index=0, action=['PASS', 'PASS', 'PASS']
[18:30:40] [HybridV4-P0] [INFO] ✓ Decision complete: action=0 (score=95.0, layer=YF), candidates=1, time=0.002s
[18:30:40] [YFAdapter-P0] [INFO] [YF-P0] Decision context: myPos=0, curPos=3, greaterPos=1, teammate=2, curAction=[, actionList_size=1
[18:30:40] [YFAdapter-P0] [INFO] [YF-P0] Decided: action_index=0, action=['PASS', 'PASS', 'PASS']
[18:30:40] [HybridV4-P0] [INFO] ✓ Decision complete: action=0 (score=75.0, layer=YF), candidates=1, time=0.003s
[18:30:40] [YFAdapter-P0] [INFO] [YF-P0] Decision context: myPos=0, curPos=3, greaterPos=3, teammate=2, curAction=[, actionList_size=1
[18:30:40] [YFAdapter-P0] [INFO] [YF-P0] Decided: action_index=0, action=['PASS', 'PASS', 'PASS']
[18:30:40] [HybridV4-P0] [INFO] ✓ Decision complete: action=0 (score=75.0, layer=YF), candidates=1, time=0.010s
[18:30:40] [YFAdapter-P0] [INFO] [YF-P0] Decision context: myPos=0, curPos=3, greaterPos=2, teammate=2, curAction=[, actionList_size=1
[18:30:40] [YFAdapter-P0] [INFO] [YF-P0] Decided: action_index=0, action=['PASS', 'PASS', 'PASS']
[18:30:40] [HybridV4-P0] [INFO] ✓ Decision complete: action=0 (score=75.0, layer=YF), candidates=1, time=0.007s
[18:30:40] [YFAdapter-P0] [INFO] [YF-P0] Decision context: myPos=0, curPos=3, greaterPos=3, teammate=2, curAction=[, actionList_size=1
[18:30:40] [YFAdapter-P0] [INFO] [YF-P0] Decided: action_index=0, action=['PASS', 'PASS', 'PASS']
[18:30:40] [HybridV4-P0] [INFO] ✓ Decision complete: action=0 (score=75.0, layer=YF), candidates=1, time=0.003s
[18:30:40] [YFAdapter-P0] [INFO] [YF-P0] Decision context: myPos=0, curPos=3, greaterPos=3, teammate=2, curAction=[, actionList_size=4
[18:30:40] [YFAdapter-P0] [INFO] [YF-P0] Decided: action_index=0, action=['PASS', 'PASS', 'PASS']
[18:30:40] [HybridV4-P0] [INFO] ✓ Decision complete: action=3 (score=186.0, layer=YF), candidates=4, time=0.010s
[18:30:40] [YFAdapter-P0] [INFO] [YF-P0] Decision context: myPos=0, curPos=3, greaterPos=1, teammate=2, curAction=[, actionList_size=1
[18:30:40] [YFAdapter-P0] [INFO] [YF-P0] Decided: action_index=0, action=['PASS', 'PASS', 'PASS']
[18:30:40] [HybridV4-P0] [INFO] ✓ Decision complete: action=0 (score=-5.0, layer=YF), candidates=1, time=0.002s
[18:30:40] [YFAdapter-P0] [INFO] [YF-P0] Decision context: myPos=0, curPos=3, greaterPos=2, teammate=2, curAction=[, actionList_size=1
[18:30:40] [YFAdapter-P0] [INFO] [YF-P0] Decided: action_index=0, action=['PASS', 'PASS', 'PASS']
[18:30:40] [HybridV4-P0] [INFO] ✓ Decision complete: action=0 (score=-5.0, layer=YF), candidates=1, time=0.006s
[18:30:40] [YFAdapter-P0] [INFO] [YF-P0] Decision context: myPos=0, curPos=3, greaterPos=2, teammate=2, curAction=[, actionList_size=1
[18:30:40] [YFAdapter-P0] [INFO] [YF-P0] Decided: action_index=0, action=['PASS', 'PASS', 'PASS']
[18:30:40] [HybridV4-P0] [INFO] ✓ Decision complete: action=0 (score=-5.0, layer=YF), candidates=1, time=0.005s
[18:30:40] [YFAdapter-P0] [INFO] [YF-P0] Decision context: myPos=0, curPos=3, greaterPos=3, teammate=2, curAction=[, actionList_size=1
[18:30:40] [YFAdapter-P0] [INFO] [YF-P0] Decided: action_index=0, action=['PASS', 'PASS', 'PASS']
[18:30:40] [HybridV4-P0] [INFO] ✓ Decision complete: action=0 (score=-5.0, layer=YF), candidates=1, time=0.002s
[18:30:40] [HybridV4-P0] [INFO] [Critical Rule] Teammate protection: teammate has 1 cards, PASS
[18:30:40] [HybridV4-P0] [INFO] ✓ Critical Rule triggered: action=0, time=0.007s
[18:30:40] [HybridV4-P0] [INFO] [Critical Rule] Teammate protection: teammate has 0 cards, PASS
[18:30:40] [HybridV4-P0] [INFO] ✓ Critical Rule triggered: action=0, time=0.002s
[18:30:40] [YFAdapter-P0] [INFO] [YF-P0] Decision context: myPos=0, curPos=-1, greaterPos=-1, teammate=2, curAction=[, actionList_size=12
[18:30:40] [YFAdapter-P0] [INFO] [YF-P0] Decided: action_index=10, action=['Straight', '3', [['C', '3'], ['C', '4'], ['C', '5'], ['D', '6'], ['C', '7']]]
[18:30:40] [HybridV4-P0] [INFO] ✓ Decision complete: action=10 (score=230.0, layer=YF), candidates=7, time=0.004s
[18:30:40] [YFAdapter-P0] [INFO] [YF-P0] Decision context: myPos=0, curPos=-1, greaterPos=-1, teammate=2, curAction=[, actionList_size=4
[18:30:40] [YFAdapter-P0] [INFO] [YF-P0] Decided: action_index=3, action=['Pair', '5', [['C', '5'], ['D', '5']]]
[18:30:40] [HybridV4-P0] [INFO] ✓ Decision complete: action=3 (score=230.0, layer=YF), candidates=4, time=0.009s
[18:30:40] [YFAdapter-P0] [INFO] [YF-P0] Decision context: myPos=0, curPos=3, greaterPos=3, teammate=2, curAction=[, actionList_size=1
[18:30:40] [YFAdapter-P0] [INFO] [YF-P0] Decided: action_index=0, action=['PASS', 'PASS', 'PASS']
[18:30:40] [HybridV4-P0] [INFO] ✓ Decision complete: action=0 (score=-5.0, layer=YF), candidates=1, time=0.002s
[18:30:40] [YFAdapter-P0] [INFO] [YF-P0] Decision context: myPos=0, curPos=3, greaterPos=3, teammate=2, curAction=[, actionList_size=1
[18:30:40] [YFAdapter-P0] [INFO] [YF-P0] Decided: action_index=0, action=['PASS', 'PASS', 'PASS']
[18:30:40] [HybridV4-P0] [INFO] ✓ Decision complete: action=0 (score=-5.0, layer=YF), candidates=1, time=0.010s
[18:30:40] [yf1_v4] [INFO] 游戏开始, 我是0号位，手牌：['H2', 'H2', 'D3', 'S4', 'H4', 'C4', 'D4', 'C5', 'H6', 'H7', 'C7', 'S8', 'C8', 'S9', 'H9', 'C9', 'ST', 'ST', 'HJ', 'HJ', 'DJ', 'CK', 'SA', 'HA', 'CA', 'CQ', 'HR']
[18:30:40] [YFAdapter-P0] [INFO] [YF-P0] Decision context: myPos=0, curPos=-1, greaterPos=-1, teammate=2, curAction=[, actionList_size=1
[18:30:40] [YFAdapter-P0] [INFO] [YF-P0] Decided: action_index=0, action=['tribute', 'tribute', [['H', 'R']]]
[18:30:40] [HybridV4-P0] [INFO] ✓ Decision complete: action=0 (score=110.0, layer=YF), candidates=1, time=0.005s
[18:30:40] [YFAdapter-P0] [INFO] [YF-P0] Decision context: myPos=0, curPos=-1, greaterPos=-1, teammate=2, curAction=[, actionList_size=310
[18:30:40] [YFAdapter-P0] [INFO] [YF-P0] Decided: action_index=2, action=['Single', '3', [['D', '3']]]
[18:30:40] [HybridV4-P0] [INFO] ✓ Decision complete: action=2 (score=110.0, layer=YF), candidates=8, time=0.008s
[18:30:40] [YFAdapter-P0] [INFO] [YF-P0] Decision context: myPos=0, curPos=3, greaterPos=3, teammate=2, curAction=[, actionList_size=2
[18:30:40] [YFAdapter-P0] [INFO] [YF-P0] Decided: action_index=0, action=['PASS', 'PASS', 'PASS']
[18:30:40] [HybridV4-P0] [INFO] ✓ Decision complete: action=1 (score=132.0, layer=YF), candidates=2, time=0.003s
[18:30:40] [YFAdapter-P0] [INFO] [YF-P0] Decision context: myPos=0, curPos=3, greaterPos=2, teammate=2, curAction=[, actionList_size=1
[18:30:40] [YFAdapter-P0] [INFO] [YF-P0] Decided: action_index=0, action=['PASS', 'PASS', 'PASS']
[18:30:40] [HybridV4-P0] [INFO] ✓ Decision complete: action=0 (score=95.0, layer=YF), candidates=1, time=0.012s
[18:30:40] [YFAdapter-P0] [INFO] [YF-P0] Decision context: myPos=0, curPos=3, greaterPos=3, teammate=2, curAction=[, actionList_size=6
[18:30:40] [YFAdapter-P0] [INFO] [YF-P0] Decided: action_index=0, action=['PASS', 'PASS', 'PASS']
[18:30:40] [HybridV4-P0] [INFO] ✓ Decision complete: action=2 (score=142.5, layer=YF), candidates=6, time=0.013s
[18:30:41] [YFAdapter-P0] [INFO] [YF-P0] Decision context: myPos=0, curPos=3, greaterPos=2, teammate=2, curAction=[, actionList_size=1
[18:30:41] [YFAdapter-P0] [INFO] [YF-P0] Decided: action_index=0, action=['PASS', 'PASS', 'PASS']
[18:30:41] [HybridV4-P0] [INFO] ✓ Decision complete: action=0 (score=95.0, layer=YF), candidates=1, time=0.004s
[18:30:41] [YFAdapter-P0] [INFO] [YF-P0] Decision context: myPos=0, curPos=3, greaterPos=3, teammate=2, curAction=[, actionList_size=18
[18:30:41] [YFAdapter-P0] [INFO] [YF-P0] Decided: action_index=0, action=['PASS', 'PASS', 'PASS']
[18:30:41] [HybridV4-P0] [INFO] ✓ Decision complete: action=9 (score=139.0, layer=YF), candidates=8, time=0.009s
[18:30:41] [YFAdapter-P0] [INFO] [YF-P0] Decision context: myPos=0, curPos=3, greaterPos=2, teammate=2, curAction=[, actionList_size=1
[18:30:41] [YFAdapter-P0] [INFO] [YF-P0] Decided: action_index=0, action=['PASS', 'PASS', 'PASS']
[18:30:41] [HybridV4-P0] [INFO] ✓ Decision complete: action=0 (score=95.0, layer=YF), candidates=1, time=0.003s
[18:30:41] [YFAdapter-P0] [INFO] [YF-P0] Decision context: myPos=0, curPos=3, greaterPos=1, teammate=2, curAction=[, actionList_size=1
[18:30:41] [YFAdapter-P0] [INFO] [YF-P0] Decided: action_index=0, action=['PASS', 'PASS', 'PASS']
[18:30:41] [HybridV4-P0] [INFO] ✓ Decision complete: action=0 (score=95.0, layer=YF), candidates=1, time=0.003s
[18:30:41] [YFAdapter-P0] [INFO] [YF-P0] Decision context: myPos=0, curPos=3, greaterPos=3, teammate=2, curAction=[, actionList_size=1
[18:30:41] [YFAdapter-P0] [INFO] [YF-P0] Decided: action_index=0, action=['PASS', 'PASS', 'PASS']
[18:30:41] [HybridV4-P0] [INFO] ✓ Decision complete: action=0 (score=95.0, layer=YF), candidates=1, time=0.003s
[18:30:41] [YFAdapter-P0] [INFO] [YF-P0] Decision context: myPos=0, curPos=3, greaterPos=3, teammate=2, curAction=[, actionList_size=15
[18:30:41] [YFAdapter-P0] [INFO] [YF-P0] Decided: action_index=0, action=['PASS', 'PASS', 'PASS']
[18:30:41] [HybridV4-P0] [INFO] ✓ Decision complete: action=12 (score=162.5, layer=YF), candidates=8, time=0.004s
[18:30:41] [YFAdapter-P0] [INFO] [YF-P0] Decision context: myPos=0, curPos=3, greaterPos=1, teammate=2, curAction=[, actionList_size=1
[18:30:41] [YFAdapter-P0] [INFO] [YF-P0] Decided: action_index=0, action=['PASS', 'PASS', 'PASS']
[18:30:41] [HybridV4-P0] [INFO] ✓ Decision complete: action=0 (score=95.0, layer=YF), candidates=1, time=0.003s
[18:30:41] [YFAdapter-P0] [INFO] [YF-P0] Decision context: myPos=0, curPos=3, greaterPos=3, teammate=2, curAction=[, actionList_size=1
[18:30:41] [YFAdapter-P0] [INFO] [YF-P0] Decided: action_index=0, action=['PASS', 'PASS', 'PASS']
[18:30:41] [HybridV4-P0] [INFO] ✓ Decision complete: action=0 (score=95.0, layer=YF), candidates=1, time=0.002s
[18:30:41] [YFAdapter-P0] [INFO] [YF-P0] Decision context: myPos=0, curPos=3, greaterPos=3, teammate=2, curAction=[, actionList_size=25
[18:30:41] [YFAdapter-P0] [INFO] [YF-P0] Decided: action_index=0, action=['PASS', 'PASS', 'PASS']
[18:30:41] [HybridV4-P0] [INFO] ✓ Decision complete: action=1 (score=179.0, layer=YF), candidates=6, time=0.003s
[18:30:41] [YFAdapter-P0] [INFO] [YF-P0] Decision context: myPos=0, curPos=-1, greaterPos=-1, teammate=2, curAction=[, actionList_size=11
[18:30:41] [YFAdapter-P0] [INFO] [YF-P0] Decided: action_index=0, action=['Single', '2', [['H', '2']]]
[18:30:41] [HybridV4-P0] [INFO] ✓ Decision complete: action=0 (score=175.0, layer=YF), candidates=7, time=0.005s
[18:30:41] [YFAdapter-P0] [INFO] [YF-P0] Decision context: myPos=0, curPos=3, greaterPos=1, teammate=2, curAction=[, actionList_size=1
[18:30:41] [YFAdapter-P0] [INFO] [YF-P0] Decided: action_index=0, action=['PASS', 'PASS', 'PASS']
[18:30:41] [HybridV4-P0] [INFO] ✓ Decision complete: action=0 (score=75.0, layer=YF), candidates=1, time=0.003s
[18:30:41] [YFAdapter-P0] [INFO] [YF-P0] Decision context: myPos=0, curPos=3, greaterPos=1, teammate=2, curAction=[, actionList_size=1
[18:30:41] [YFAdapter-P0] [INFO] [YF-P0] Decided: action_index=0, action=['PASS', 'PASS', 'PASS']
[18:30:41] [HybridV4-P0] [INFO] ✓ Decision complete: action=0 (score=75.0, layer=YF), candidates=1, time=0.002s
[18:30:41] [YFAdapter-P0] [INFO] [YF-P0] Decision context: myPos=0, curPos=3, greaterPos=1, teammate=2, curAction=[, actionList_size=1
[18:30:41] [YFAdapter-P0] [INFO] [YF-P0] Decided: action_index=0, action=['PASS', 'PASS', 'PASS']
[18:30:41] [HybridV4-P0] [INFO] ✓ Decision complete: action=0 (score=55.0, layer=YF), candidates=1, time=0.003s
[18:30:41] [YFAdapter-P0] [INFO] [YF-P0] Decision context: myPos=0, curPos=3, greaterPos=1, teammate=2, curAction=[, actionList_size=1
[18:30:41] [YFAdapter-P0] [INFO] [YF-P0] Decided: action_index=0, action=['PASS', 'PASS', 'PASS']
[18:30:41] [HybridV4-P0] [INFO] ✓ Decision complete: action=0 (score=-5.0, layer=YF), candidates=1, time=0.008s
[18:30:41] [YFAdapter-P0] [INFO] [YF-P0] Decision context: myPos=0, curPos=3, greaterPos=1, teammate=2, curAction=[, actionList_size=1
[18:30:41] [YFAdapter-P0] [INFO] [YF-P0] Decided: action_index=0, action=['PASS', 'PASS', 'PASS']
[18:30:41] [HybridV4-P0] [INFO] ✓ Decision complete: action=0 (score=-5.0, layer=YF), candidates=1, time=0.002s
[18:30:41] [YFAdapter-P0] [INFO] [YF-P0] Decision context: myPos=0, curPos=3, greaterPos=3, teammate=2, curAction=[, actionList_size=1
[18:30:41] [YFAdapter-P0] [INFO] [YF-P0] Decided: action_index=0, action=['PASS', 'PASS', 'PASS']
[18:30:41] [HybridV4-P0] [INFO] ✓ Decision complete: action=0 (score=-5.0, layer=YF), candidates=1, time=0.003s
[18:30:41] [YFAdapter-P0] [INFO] [YF-P0] Decision context: myPos=0, curPos=3, greaterPos=3, teammate=2, curAction=[, actionList_size=1
[18:30:41] [YFAdapter-P0] [INFO] [YF-P0] Decided: action_index=0, action=['PASS', 'PASS', 'PASS']
[18:30:41] [HybridV4-P0] [INFO] ✓ Decision complete: action=0 (score=-5.0, layer=YF), candidates=1, time=0.003s
[18:30:41] [yf1_v4] [INFO] 游戏开始, 我是0号位，手牌：['S2', 'S2', 'H2', 'S4', 'H4', 'H4', 'H5', 'D5', 'S6', 'S7', 'H8', 'C8', 'D8', 'S9', 'C9', 'HT', 'SJ', 'CJ', 'SQ', 'HQ', 'DQ', 'HK', 'HA', 'HA', 'DA', 'SB', 'SB']
[18:30:41] [YFAdapter-P0] [INFO] [YF-P0] Decision context: myPos=0, curPos=-1, greaterPos=-1, teammate=2, curAction=[, actionList_size=1
[18:30:41] [YFAdapter-P0] [INFO] [YF-P0] Decided: action_index=0, action=['tribute', 'tribute', [['S', 'B']]]
[18:30:41] [HybridV4-P0] [INFO] ✓ Decision complete: action=0 (score=110.0, layer=YF), candidates=1, time=0.005s
[18:30:41] [YFAdapter-P0] [INFO] [YF-P0] Decision context: myPos=0, curPos=-1, greaterPos=-1, teammate=2, curAction=[, actionList_size=2325
[18:30:41] [YFAdapter-P0] [INFO] [YF-P0] Decided: action_index=6, action=['Single', '6', [['S', '6']]]
[18:30:41] [HybridV4-P0] [INFO] ✓ Decision complete: action=6 (score=110.0, layer=YF), candidates=8, time=0.032s
[18:30:41] [YFAdapter-P0] [INFO] [YF-P0] Decision context: myPos=0, curPos=3, greaterPos=3, teammate=2, curAction=[, actionList_size=29
[18:30:41] [YFAdapter-P0] [INFO] [YF-P0] Decided: action_index=0, action=['PASS', 'PASS', 'PASS']
[18:30:41] [HybridV4-P0] [INFO] ✓ Decision complete: action=1 (score=142.5, layer=YF), candidates=6, time=0.003s
[18:30:41] [YFAdapter-P0] [INFO] [YF-P0] Decision context: myPos=0, curPos=3, greaterPos=2, teammate=2, curAction=[, actionList_size=2
[18:30:41] [YFAdapter-P0] [INFO] [YF-P0] Decided: action_index=0, action=['PASS', 'PASS', 'PASS']
[18:30:41] [HybridV4-P0] [INFO] ✓ Decision complete: action=1 (score=109.0, layer=YF), candidates=2, time=0.009s
[18:30:41] [YFAdapter-P0] [INFO] [YF-P0] Decision context: myPos=0, curPos=-1, greaterPos=-1, teammate=2, curAction=[, actionList_size=69
[18:30:41] [YFAdapter-P0] [INFO] [YF-P0] Decided: action_index=4, action=['Single', '7', [['S', '7']]]
[18:30:41] [HybridV4-P0] [INFO] ✓ Decision complete: action=4 (score=115.0, layer=YF), candidates=8, time=0.006s
[18:30:41] [YFAdapter-P0] [INFO] [YF-P0] Decision context: myPos=0, curPos=3, greaterPos=2, teammate=2, curAction=[, actionList_size=1
[18:30:41] [YFAdapter-P0] [INFO] [YF-P0] Decided: action_index=0, action=['PASS', 'PASS', 'PASS']
[18:30:41] [HybridV4-P0] [INFO] ✓ Decision complete: action=0 (score=95.0, layer=YF), candidates=1, time=0.002s
[18:30:41] [YFAdapter-P0] [INFO] [YF-P0] Decision context: myPos=0, curPos=3, greaterPos=1, teammate=2, curAction=[, actionList_size=1
[18:30:41] [YFAdapter-P0] [INFO] [YF-P0] Decided: action_index=0, action=['PASS', 'PASS', 'PASS']
[18:30:41] [HybridV4-P0] [INFO] ✓ Decision complete: action=0 (score=95.0, layer=YF), candidates=1, time=0.003s
[18:30:41] [YFAdapter-P0] [INFO] [YF-P0] Decision context: myPos=0, curPos=3, greaterPos=3, teammate=2, curAction=[, actionList_size=1
[18:30:41] [YFAdapter-P0] [INFO] [YF-P0] Decided: action_index=0, action=['PASS', 'PASS', 'PASS']
[18:30:41] [HybridV4-P0] [INFO] ✓ Decision complete: action=0 (score=95.0, layer=YF), candidates=1, time=0.002s
[18:30:41] [YFAdapter-P0] [INFO] [YF-P0] Decision context: myPos=0, curPos=3, greaterPos=3, teammate=2, curAction=[, actionList_size=1
[18:30:41] [YFAdapter-P0] [INFO] [YF-P0] Decided: action_index=0, action=['PASS', 'PASS', 'PASS']
[18:30:41] [HybridV4-P0] [INFO] ✓ Decision complete: action=0 (score=95.0, layer=YF), candidates=1, time=0.002s
[18:30:41] [YFAdapter-P0] [INFO] [YF-P0] Decision context: myPos=0, curPos=3, greaterPos=2, teammate=2, curAction=[, actionList_size=1
[18:30:41] [YFAdapter-P0] [INFO] [YF-P0] Decided: action_index=0, action=['PASS', 'PASS', 'PASS']
[18:30:41] [HybridV4-P0] [INFO] ✓ Decision complete: action=0 (score=95.0, layer=YF), candidates=1, time=0.003s
[18:30:41] [YFAdapter-P0] [INFO] [YF-P0] Decision context: myPos=0, curPos=3, greaterPos=3, teammate=2, curAction=[, actionList_size=2
[18:30:41] [YFAdapter-P0] [INFO] [YF-P0] Decided: action_index=0, action=['PASS', 'PASS', 'PASS']
[18:30:41] [HybridV4-P0] [INFO] ✓ Decision complete: action=1 (score=142.5, layer=YF), candidates=2, time=0.005s
[18:30:42] [YFAdapter-P0] [INFO] [YF-P0] Decision context: myPos=0, curPos=3, greaterPos=3, teammate=2, curAction=[, actionList_size=1
[18:30:42] [YFAdapter-P0] [INFO] [YF-P0] Decided: action_index=0, action=['PASS', 'PASS', 'PASS']
[18:30:42] [HybridV4-P0] [INFO] ✓ Decision complete: action=0 (score=95.0, layer=YF), candidates=1, time=0.003s
[18:30:42] [YFAdapter-P0] [INFO] [YF-P0] Decision context: myPos=0, curPos=3, greaterPos=3, teammate=2, curAction=[, actionList_size=14
[18:30:42] [YFAdapter-P0] [INFO] [YF-P0] Decided: action_index=0, action=['PASS', 'PASS', 'PASS']
[18:30:42] [HybridV4-P0] [INFO] ✓ Decision complete: action=8 (score=162.5, layer=YF), candidates=8, time=0.003s
[18:30:42] [YFAdapter-P0] [INFO] [YF-P0] Decision context: myPos=0, curPos=3, greaterPos=1, teammate=2, curAction=[, actionList_size=1
[18:30:42] [YFAdapter-P0] [INFO] [YF-P0] Decided: action_index=0, action=['PASS', 'PASS', 'PASS']
[18:30:42] [HybridV4-P0] [INFO] ✓ Decision complete: action=0 (score=95.0, layer=YF), candidates=1, time=0.002s
[18:30:42] [YFAdapter-P0] [INFO] [YF-P0] Decision context: myPos=0, curPos=3, greaterPos=3, teammate=2, curAction=[, actionList_size=1
[18:30:42] [YFAdapter-P0] [INFO] [YF-P0] Decided: action_index=0, action=['PASS', 'PASS', 'PASS']
[18:30:42] [HybridV4-P0] [INFO] ✓ Decision complete: action=0 (score=55.0, layer=YF), candidates=1, time=0.002s
[18:30:42] [YFAdapter-P0] [INFO] [YF-P0] Decision context: myPos=0, curPos=3, greaterPos=3, teammate=2, curAction=[, actionList_size=1
[18:30:42] [YFAdapter-P0] [INFO] [YF-P0] Decided: action_index=0, action=['PASS', 'PASS', 'PASS']
[18:30:42] [HybridV4-P0] [INFO] ✓ Decision complete: action=0 (score=-5.0, layer=YF), candidates=1, time=0.002s
[18:30:42] [YFAdapter-P0] [INFO] [YF-P0] Decision context: myPos=0, curPos=3, greaterPos=1, teammate=2, curAction=[, actionList_size=1
[18:30:42] [YFAdapter-P0] [INFO] [YF-P0] Decided: action_index=0, action=['PASS', 'PASS', 'PASS']
[18:30:42] [HybridV4-P0] [INFO] ✓ Decision complete: action=0 (score=-5.0, layer=YF), candidates=1, time=0.008s
[18:30:42] [YFAdapter-P0] [INFO] [YF-P0] Decision context: myPos=0, curPos=3, greaterPos=1, teammate=2, curAction=[, actionList_size=1
[18:30:42] [YFAdapter-P0] [INFO] [YF-P0] Decided: action_index=0, action=['PASS', 'PASS', 'PASS']
[18:30:42] [HybridV4-P0] [INFO] ✓ Decision complete: action=0 (score=-5.0, layer=YF), candidates=1, time=0.003s
[18:30:42] [YFAdapter-P0] [INFO] [YF-P0] Decision context: myPos=0, curPos=3, greaterPos=3, teammate=2, curAction=[, actionList_size=1
[18:30:42] [YFAdapter-P0] [INFO] [YF-P0] Decided: action_index=0, action=['PASS', 'PASS', 'PASS']
[18:30:42] [HybridV4-P0] [INFO] ✓ Decision complete: action=0 (score=-5.0, layer=YF), candidates=1, time=0.002s
[18:30:42] [yf1_v4] [INFO] ============================================================
[18:30:42] [yf1_v4] [INFO] GAME RESULT
[18:30:42] [yf1_v4] [INFO] ============================================================
[18:30:42] [yf1_v4] [INFO] Victory counts: [0, 3, 0, 3]
[18:30:42] [yf1_v4] [INFO] Total decisions this game: 601
[18:30:42] [yf1_v4] [INFO] Total games played: 1
[18:30:42] [yf1_v4] [INFO] Layer usage statistics:
[18:30:42] [yf1_v4] [INFO]   CriticalRules: 12/12 (100.0%)
[18:30:42] [yf1_v4] [INFO]   KnowledgeEnhanced: 589/589 (100.0%)
[18:30:42] [yf1_v4] [INFO] ============================================================
[18:30:42] [HybridV4-P0] [INFO] Statistics reset
