[22:06:39] [HybridV4-P0] [INFO] HybridDecisionEngineV4 initialized
[22:06:39] [yf1_v4] [INFO] ✓ yf1_v4 initialized (Player 0)
[22:06:39] [yf1_v4] [INFO] ✓ Connected to server: ws://127.0.0.1:23456/game/yf1_v4
[22:06:48] [yf1_v4] [INFO] 游戏开始, 我是0号位，手牌：['S3', 'C3', 'S4', 'C4', 'D4', 'D4', 'C5', 'C5', 'D6', 'S8', 'S8', 'C8', 'H9', 'C9', 'D9', 'HT', 'DT', 'HQ', 'DQ', 'SK', 'SK', 'HK', 'DA', 'H2', 'C2', 'D2', 'HR']
[22:06:48] [YFAdapter-P0] [INFO] YF state initialized: player_id=0
[22:06:48] [YFAdapter-P0] [INFO] YFAdapter initialized for player 0
[22:06:48] [HybridV4-P0] [INFO] YFAdapter initialized (lazy)
[22:06:48] [YFAdapter-P0] [INFO] [YF-P0] Decision context: myPos=0, curPos=-1, greaterPos=-1, teammate=2, curAction=[, actionList_size=772
[22:06:48] [YFAdapter-P0] [INFO] [YF-P0] Decided: action_index=6, action=['Single', '6', [['D', '6']]]
[22:06:48] [HybridV4-P0] [INFO] DecisionEngine initialized (lazy)
[22:06:48] [HybridV4-P0] [INFO] KnowledgeEnhancedDecisionEngine initialized (lazy)
[22:06:48] [HybridV4-P0] [INFO] ✓ Decision complete: action=6 (score=110.0, layer=YF), candidates=8, time=0.072s
[22:06:48] [yf1_v4] [INFO] 0号位打出['Single', '6', ['D6']]， 最大动作为0号位打出的['Single', '6', ['D6']]
[22:06:48] [yf1_v4] [INFO] 1号位打出['Single', '8', ['D8']]， 最大动作为1号位打出的['Single', '8', ['D8']]
[22:06:48] [yf1_v4] [INFO] 2号位打出['Single', 'A', ['SA']]， 最大动作为2号位打出的['Single', 'A', ['SA']]
[22:06:48] [yf1_v4] [INFO] 3号位打出['Single', 'R', ['HR']]， 最大动作为3号位打出的['Single', 'R', ['HR']]
[22:06:48] [YFAdapter-P0] [INFO] [YF-P0] Decision context: myPos=0, curPos=3, greaterPos=3, teammate=2, curAction=[, actionList_size=10
[22:06:48] [YFAdapter-P0] [INFO] [YF-P0] Decided: action_index=0, action=['PASS', 'PASS', 'PASS']
[22:06:48] [HybridV4-P0] [INFO] ✓ Decision complete: action=7 (score=139.0, layer=YF), candidates=7, time=0.003s
[22:06:48] [yf1_v4] [INFO] 0号位打出['Bomb', 'K', ['SK', 'SK', 'HK', 'H2']]， 最大动作为0号位打出的['Bomb', 'K', ['SK', 'SK', 'HK', 'H2']]
[22:06:48] [yf1_v4] [INFO] 1号位打出['PASS', 'PASS', 'PASS']， 最大动作为0号位打出的['Bomb', 'K', ['SK', 'SK', 'HK', 'H2']]
[22:06:48] [yf1_v4] [INFO] 2号位打出['Bomb', 'A', ['HA', 'HA', 'CA', 'H2']]， 最大动作为2号位打出的['Bomb', 'A', ['HA', 'HA', 'CA', 'H2']]
[22:06:48] [yf1_v4] [INFO] 3号位打出['PASS', 'PASS', 'PASS']， 最大动作为2号位打出的['Bomb', 'A', ['HA', 'HA', 'CA', 'H2']]
[22:06:48] [YFAdapter-P0] [INFO] [YF-P0] Decision context: myPos=0, curPos=3, greaterPos=2, teammate=2, curAction=[, actionList_size=1
[22:06:48] [YFAdapter-P0] [INFO] [YF-P0] Decided: action_index=0, action=['PASS', 'PASS', 'PASS']
[22:06:48] [HybridV4-P0] [INFO] ✓ Decision complete: action=0 (score=95.0, layer=YF), candidates=1, time=0.007s
[22:06:48] [yf1_v4] [INFO] 0号位打出['PASS', 'PASS', 'PASS']， 最大动作为2号位打出的['Bomb', 'A', ['HA', 'HA', 'CA', 'H2']]
[22:06:48] [yf1_v4] [INFO] 1号位打出['PASS', 'PASS', 'PASS']， 最大动作为2号位打出的['Bomb', 'A', ['HA', 'HA', 'CA', 'H2']]
[22:06:49] [yf1_v4] [INFO] 2号位打出['Single', '4', ['H4']]， 最大动作为2号位打出的['Single', '4', ['H4']]
[22:06:49] [yf1_v4] [INFO] 3号位打出['Single', 'K', ['DK']]， 最大动作为3号位打出的['Single', 'K', ['DK']]
[22:06:49] [YFAdapter-P0] [INFO] [YF-P0] Decision context: myPos=0, curPos=3, greaterPos=3, teammate=2, curAction=[, actionList_size=6
[22:06:49] [YFAdapter-P0] [INFO] [YF-P0] Decided: action_index=0, action=['PASS', 'PASS', 'PASS']
[22:06:49] [HybridV4-P0] [INFO] ✓ Decision complete: action=1 (score=142.5, layer=YF), candidates=6, time=0.006s
[22:06:49] [yf1_v4] [INFO] 0号位打出['Single', 'A', ['DA']]， 最大动作为0号位打出的['Single', 'A', ['DA']]
[22:06:49] [yf1_v4] [INFO] 1号位打出['Single', '2', ['S2']]， 最大动作为1号位打出的['Single', '2', ['S2']]
[22:06:49] [yf1_v4] [INFO] 2号位打出['Single', 'B', ['SB']]， 最大动作为2号位打出的['Single', 'B', ['SB']]
[22:06:49] [yf1_v4] [INFO] 3号位打出['PASS', 'PASS', 'PASS']， 最大动作为2号位打出的['Single', 'B', ['SB']]
[22:06:49] [YFAdapter-P0] [INFO] [YF-P0] Decision context: myPos=0, curPos=3, greaterPos=2, teammate=2, curAction=[, actionList_size=3
[22:06:49] [YFAdapter-P0] [INFO] [YF-P0] Decided: action_index=0, action=['PASS', 'PASS', 'PASS']
[22:06:49] [HybridV4-P0] [INFO] ✓ Decision complete: action=1 (score=112.5, layer=YF), candidates=3, time=0.012s
[22:06:49] [yf1_v4] [INFO] 0号位打出['Single', 'R', ['HR']]， 最大动作为0号位打出的['Single', 'R', ['HR']]
[22:06:49] [yf1_v4] [INFO] 1号位打出['Bomb', '3', ['H3', 'H3', 'C3', 'D3']]， 最大动作为1号位打出的['Bomb', '3', ['H3', 'H3', 'C3', 'D3']]
[22:06:49] [yf1_v4] [INFO] 2号位打出['Bomb', 'T', ['ST', 'ST', 'HT', 'CT']]， 最大动作为2号位打出的['Bomb', 'T', ['ST', 'ST', 'HT', 'CT']]
[22:06:49] [yf1_v4] [INFO] 3号位打出['Bomb', 'J', ['SJ', 'HJ', 'DJ', 'DJ']]， 最大动作为3号位打出的['Bomb', 'J', ['SJ', 'HJ', 'DJ', 'DJ']]
[22:06:49] [YFAdapter-P0] [INFO] [YF-P0] Decision context: myPos=0, curPos=3, greaterPos=3, teammate=2, curAction=[, actionList_size=1
[22:06:49] [YFAdapter-P0] [INFO] [YF-P0] Decided: action_index=0, action=['PASS', 'PASS', 'PASS']
[22:06:49] [HybridV4-P0] [INFO] ✓ Decision complete: action=0 (score=95.0, layer=YF), candidates=1, time=0.007s
[22:06:49] [yf1_v4] [INFO] 0号位打出['PASS', 'PASS', 'PASS']， 最大动作为3号位打出的['Bomb', 'J', ['SJ', 'HJ', 'DJ', 'DJ']]
[22:06:49] [yf1_v4] [INFO] 1号位打出['PASS', 'PASS', 'PASS']， 最大动作为3号位打出的['Bomb', 'J', ['SJ', 'HJ', 'DJ', 'DJ']]
[22:06:49] [yf1_v4] [INFO] 2号位打出['PASS', 'PASS', 'PASS']， 最大动作为3号位打出的['Bomb', 'J', ['SJ', 'HJ', 'DJ', 'DJ']]
[22:06:49] [yf1_v4] [INFO] 3号位打出['ThreePair', '3', ['S3', 'D3', 'H4', 'C4', 'H5', 'D5']]， 最大动作为3号位打出的['ThreePair', '3', ['S3', 'D3', 'H4', 'C4', 'H5', 'D5']]
[22:06:49] [YFAdapter-P0] [INFO] [YF-P0] Decision context: myPos=0, curPos=3, greaterPos=3, teammate=2, curAction=[, actionList_size=8
[22:06:49] [YFAdapter-P0] [INFO] [YF-P0] Decided: action_index=0, action=['PASS', 'PASS', 'PASS']
[22:06:49] [HybridV4-P0] [INFO] ✓ Decision complete: action=1 (score=155.5, layer=YF), candidates=6, time=0.017s
[22:06:49] [yf1_v4] [INFO] 0号位打出['ThreePair', '8', ['S8', 'C8', 'H9', 'D9', 'HT', 'DT']]， 最大动作为0号位打出的['ThreePair', '8', ['S8', 'C8', 'H9', 'D9', 'HT', 'DT']]
[22:06:49] [yf1_v4] [INFO] 1号位打出['ThreePair', 'J', ['SJ', 'HJ', 'HQ', 'DQ', 'HK', 'CK']]， 最大动作为1号位打出的['ThreePair', 'J', ['SJ', 'HJ', 'HQ', 'DQ', 'HK', 'CK']]
[22:06:49] [yf1_v4] [INFO] 2号位打出['PASS', 'PASS', 'PASS']， 最大动作为1号位打出的['ThreePair', 'J', ['SJ', 'HJ', 'HQ', 'DQ', 'HK', 'CK']]
[22:06:49] [yf1_v4] [INFO] 3号位打出['PASS', 'PASS', 'PASS']， 最大动作为1号位打出的['ThreePair', 'J', ['SJ', 'HJ', 'HQ', 'DQ', 'HK', 'CK']]
[22:06:49] [YFAdapter-P0] [INFO] [YF-P0] Decision context: myPos=0, curPos=3, greaterPos=1, teammate=2, curAction=[, actionList_size=2
[22:06:49] [YFAdapter-P0] [INFO] [YF-P0] Decided: action_index=0, action=['PASS', 'PASS', 'PASS']
[22:06:49] [HybridV4-P0] [INFO] ✓ Decision complete: action=1 (score=152.0, layer=YF), candidates=2, time=0.008s
[22:06:49] [yf1_v4] [INFO] 0号位打出['Bomb', '4', ['S4', 'C4', 'D4', 'D4']]， 最大动作为0号位打出的['Bomb', '4', ['S4', 'C4', 'D4', 'D4']]
[22:06:49] [yf1_v4] [INFO] 1号位打出['Bomb', '7', ['S7', 'H7', 'H7', 'C7']]， 最大动作为1号位打出的['Bomb', '7', ['S7', 'H7', 'H7', 'C7']]
[22:06:49] [yf1_v4] [INFO] 2号位打出['PASS', 'PASS', 'PASS']， 最大动作为1号位打出的['Bomb', '7', ['S7', 'H7', 'H7', 'C7']]
[22:06:49] [yf1_v4] [INFO] 3号位打出['PASS', 'PASS', 'PASS']， 最大动作为1号位打出的['Bomb', '7', ['S7', 'H7', 'H7', 'C7']]
[22:06:49] [YFAdapter-P0] [INFO] [YF-P0] Decision context: myPos=0, curPos=3, greaterPos=1, teammate=2, curAction=[, actionList_size=1
[22:06:49] [YFAdapter-P0] [INFO] [YF-P0] Decided: action_index=0, action=['PASS', 'PASS', 'PASS']
[22:06:49] [HybridV4-P0] [INFO] ✓ Decision complete: action=0 (score=95.0, layer=YF), candidates=1, time=0.002s
[22:06:49] [yf1_v4] [INFO] 0号位打出['PASS', 'PASS', 'PASS']， 最大动作为1号位打出的['Bomb', '7', ['S7', 'H7', 'H7', 'C7']]
[22:06:49] [yf1_v4] [INFO] 1号位打出['Single', '4', ['S4']]， 最大动作为1号位打出的['Single', '4', ['S4']]
[22:06:49] [yf1_v4] [INFO] 2号位打出['Single', 'A', ['CA']]， 最大动作为2号位打出的['Single', 'A', ['CA']]
[22:06:49] [yf1_v4] [INFO] 3号位打出['PASS', 'PASS', 'PASS']， 最大动作为2号位打出的['Single', 'A', ['CA']]
[22:06:49] [YFAdapter-P0] [INFO] [YF-P0] Decision context: myPos=0, curPos=3, greaterPos=2, teammate=2, curAction=[, actionList_size=3
[22:06:49] [YFAdapter-P0] [INFO] [YF-P0] Decided: action_index=0, action=['PASS', 'PASS', 'PASS']
[22:06:49] [HybridV4-P0] [INFO] ✓ Decision complete: action=1 (score=139.5, layer=YF), candidates=3, time=0.004s
[22:06:49] [yf1_v4] [INFO] 0号位打出['Single', '2', ['C2']]， 最大动作为0号位打出的['Single', '2', ['C2']]
[22:06:49] [yf1_v4] [INFO] 1号位打出['PASS', 'PASS', 'PASS']， 最大动作为0号位打出的['Single', '2', ['C2']]
[22:06:49] [yf1_v4] [INFO] 2号位打出['Single', 'B', ['SB']]， 最大动作为2号位打出的['Single', 'B', ['SB']]
[22:06:49] [yf1_v4] [INFO] 3号位打出['PASS', 'PASS', 'PASS']， 最大动作为2号位打出的['Single', 'B', ['SB']]
[22:06:49] [YFAdapter-P0] [INFO] [YF-P0] Decision context: myPos=0, curPos=3, greaterPos=2, teammate=2, curAction=[, actionList_size=1
[22:06:49] [YFAdapter-P0] [INFO] [YF-P0] Decided: action_index=0, action=['PASS', 'PASS', 'PASS']
[22:06:49] [HybridV4-P0] [INFO] ✓ Decision complete: action=0 (score=95.0, layer=YF), candidates=1, time=0.003s
[22:06:49] [yf1_v4] [INFO] 0号位打出['PASS', 'PASS', 'PASS']， 最大动作为2号位打出的['Single', 'B', ['SB']]
[22:06:49] [yf1_v4] [INFO] 1号位打出['PASS', 'PASS', 'PASS']， 最大动作为2号位打出的['Single', 'B', ['SB']]
[22:06:49] [yf1_v4] [INFO] 2号位打出['Single', '5', ['H5']]， 最大动作为2号位打出的['Single', '5', ['H5']]
[22:06:49] [yf1_v4] [INFO] 3号位打出['Single', 'A', ['SA']]， 最大动作为3号位打出的['Single', 'A', ['SA']]
[22:06:49] [YFAdapter-P0] [INFO] [YF-P0] Decision context: myPos=0, curPos=3, greaterPos=3, teammate=2, curAction=[, actionList_size=2
[22:06:49] [YFAdapter-P0] [INFO] [YF-P0] Decided: action_index=0, action=['PASS', 'PASS', 'PASS']
[22:06:49] [HybridV4-P0] [INFO] ✓ Decision complete: action=1 (score=169.5, layer=YF), candidates=2, time=0.010s
[22:06:49] [yf1_v4] [INFO] 0号位打出['Single', '2', ['D2']]， 最大动作为0号位打出的['Single', '2', ['D2']]
[22:06:49] [yf1_v4] [INFO] 1号位打出['PASS', 'PASS', 'PASS']， 最大动作为0号位打出的['Single', '2', ['D2']]
[22:06:49] [yf1_v4] [INFO] 2号位打出['PASS', 'PASS', 'PASS']， 最大动作为0号位打出的['Single', '2', ['D2']]
[22:06:49] [yf1_v4] [INFO] 3号位打出['PASS', 'PASS', 'PASS']， 最大动作为0号位打出的['Single', '2', ['D2']]
[22:06:49] [YFAdapter-P0] [INFO] [YF-P0] Decision context: myPos=0, curPos=-1, greaterPos=-1, teammate=2, curAction=[, actionList_size=10
[22:06:49] [YFAdapter-P0] [INFO] [YF-P0] Decided: action_index=3, action=['Single', '8', [['S', '8']]]
[22:06:49] [HybridV4-P0] [INFO] ✓ Decision complete: action=3 (score=145.0, layer=YF), candidates=8, time=0.006s
[22:06:49] [yf1_v4] [INFO] 0号位打出['Single', '8', ['S8']]， 最大动作为0号位打出的['Single', '8', ['S8']]
[22:06:49] [yf1_v4] [INFO] 1号位打出['Single', 'K', ['CK']]， 最大动作为1号位打出的['Single', 'K', ['CK']]
[22:06:49] [yf1_v4] [INFO] 2号位打出['Single', '2', ['C2']]， 最大动作为2号位打出的['Single', '2', ['C2']]
[22:06:49] [yf1_v4] [INFO] 3号位打出['PASS', 'PASS', 'PASS']， 最大动作为2号位打出的['Single', '2', ['C2']]
[22:06:49] [YFAdapter-P0] [INFO] [YF-P0] Decision context: myPos=0, curPos=3, greaterPos=2, teammate=2, curAction=[, actionList_size=1
[22:06:49] [YFAdapter-P0] [INFO] [YF-P0] Decided: action_index=0, action=['PASS', 'PASS', 'PASS']
[22:06:49] [HybridV4-P0] [INFO] ✓ Decision complete: action=0 (score=95.0, layer=YF), candidates=1, time=0.004s
[22:06:49] [yf1_v4] [INFO] 0号位打出['PASS', 'PASS', 'PASS']， 最大动作为2号位打出的['Single', '2', ['C2']]
[22:06:49] [yf1_v4] [INFO] 1号位打出['PASS', 'PASS', 'PASS']， 最大动作为2号位打出的['Single', '2', ['C2']]
[22:06:49] [yf1_v4] [INFO] 2号位打出['Single', '6', ['C6']]， 最大动作为2号位打出的['Single', '6', ['C6']]
[22:06:49] [yf1_v4] [INFO] 3号位打出['PASS', 'PASS', 'PASS']， 最大动作为2号位打出的['Single', '6', ['C6']]
[22:06:49] [YFAdapter-P0] [INFO] [YF-P0] Decision context: myPos=0, curPos=3, greaterPos=2, teammate=2, curAction=[, actionList_size=4
[22:06:49] [YFAdapter-P0] [INFO] [YF-P0] Decided: action_index=0, action=['PASS', 'PASS', 'PASS']
[22:06:49] [HybridV4-P0] [INFO] ✓ Decision complete: action=2 (score=136.0, layer=YF), candidates=4, time=0.005s
[22:06:49] [yf1_v4] [INFO] 0号位打出['Single', 'Q', ['HQ']]， 最大动作为0号位打出的['Single', 'Q', ['HQ']]
[22:06:49] [yf1_v4] [INFO] 1号位打出['Single', 'A', ['DA']]， 最大动作为1号位打出的['Single', 'A', ['DA']]
[22:06:49] [yf1_v4] [INFO] 2号位打出['Single', '2', ['D2']]， 最大动作为2号位打出的['Single', '2', ['D2']]
[22:06:49] [yf1_v4] [INFO] 3号位打出['PASS', 'PASS', 'PASS']， 最大动作为2号位打出的['Single', '2', ['D2']]
[22:06:49] [YFAdapter-P0] [INFO] [YF-P0] Decision context: myPos=0, curPos=3, greaterPos=2, teammate=2, curAction=[, actionList_size=1
[22:06:49] [YFAdapter-P0] [INFO] [YF-P0] Decided: action_index=0, action=['PASS', 'PASS', 'PASS']
[22:06:49] [HybridV4-P0] [INFO] ✓ Decision complete: action=0 (score=75.0, layer=YF), candidates=1, time=0.002s
[22:06:49] [yf1_v4] [INFO] 0号位打出['PASS', 'PASS', 'PASS']， 最大动作为2号位打出的['Single', '2', ['D2']]
[22:06:49] [yf1_v4] [INFO] 1号位打出['PASS', 'PASS', 'PASS']， 最大动作为2号位打出的['Single', '2', ['D2']]
[22:06:49] [yf1_v4] [INFO] 2号位打出['Straight', '5', ['S5', 'S6', 'S7', 'H8', 'S9']]， 最大动作为2号位打出的['Straight', '5', ['S5', 'S6', 'S7', 'H8', 'S9']]
[22:06:49] [yf1_v4] [INFO] 3号位打出['PASS', 'PASS', 'PASS']， 最大动作为2号位打出的['Straight', '5', ['S5', 'S6', 'S7', 'H8', 'S9']]
[22:06:49] [YFAdapter-P0] [INFO] [YF-P0] Decision context: myPos=0, curPos=3, greaterPos=2, teammate=2, curAction=[, actionList_size=1
[22:06:49] [YFAdapter-P0] [INFO] [YF-P0] Decided: action_index=0, action=['PASS', 'PASS', 'PASS']
[22:06:49] [HybridV4-P0] [INFO] ✓ Decision complete: action=0 (score=75.0, layer=YF), candidates=1, time=0.003s
[22:06:49] [yf1_v4] [INFO] 0号位打出['PASS', 'PASS', 'PASS']， 最大动作为2号位打出的['Straight', '5', ['S5', 'S6', 'S7', 'H8', 'S9']]
[22:06:49] [yf1_v4] [INFO] 1号位打出['PASS', 'PASS', 'PASS']， 最大动作为2号位打出的['Straight', '5', ['S5', 'S6', 'S7', 'H8', 'S9']]
[22:06:49] [yf1_v4] [INFO] 2号位打出['Pair', 'J', ['CJ', 'CJ']]， 最大动作为2号位打出的['Pair', 'J', ['CJ', 'CJ']]
[22:06:49] [yf1_v4] [INFO] 3号位打出['Pair', 'Q', ['SQ', 'CQ']]， 最大动作为3号位打出的['Pair', 'Q', ['SQ', 'CQ']]
[22:06:49] [YFAdapter-P0] [INFO] [YF-P0] Decision context: myPos=0, curPos=3, greaterPos=3, teammate=2, curAction=[, actionList_size=1
[22:06:49] [YFAdapter-P0] [INFO] [YF-P0] Decided: action_index=0, action=['PASS', 'PASS', 'PASS']
[22:06:49] [HybridV4-P0] [INFO] ✓ Decision complete: action=0 (score=75.0, layer=YF), candidates=1, time=0.004s
[22:06:49] [yf1_v4] [INFO] 0号位打出['PASS', 'PASS', 'PASS']， 最大动作为3号位打出的['Pair', 'Q', ['SQ', 'CQ']]
[22:06:49] [yf1_v4] [INFO] 1号位打出['PASS', 'PASS', 'PASS']， 最大动作为3号位打出的['Pair', 'Q', ['SQ', 'CQ']]
[22:06:49] [yf1_v4] [INFO] 2号位打出['PASS', 'PASS', 'PASS']， 最大动作为3号位打出的['Pair', 'Q', ['SQ', 'CQ']]
[22:06:49] [yf1_v4] [INFO] 3号位打出['Single', '6', ['H6']]， 最大动作为3号位打出的['Single', '6', ['H6']]
[22:06:49] [YFAdapter-P0] [INFO] [YF-P0] Decision context: myPos=0, curPos=3, greaterPos=3, teammate=2, curAction=[, actionList_size=3
[22:06:49] [YFAdapter-P0] [INFO] [YF-P0] Decided: action_index=0, action=['PASS', 'PASS', 'PASS']
[22:06:49] [HybridV4-P0] [INFO] ✓ Decision complete: action=2 (score=186.0, layer=YF), candidates=3, time=0.005s
[22:06:49] [yf1_v4] [INFO] 0号位打出['Single', 'Q', ['DQ']]， 最大动作为0号位打出的['Single', 'Q', ['DQ']]
[22:06:49] [yf1_v4] [INFO] 1号位打出['Single', '2', ['S2']]， 最大动作为1号位打出的['Single', '2', ['S2']]
[22:06:49] [yf1_v4] [INFO] 2号位打出['PASS', 'PASS', 'PASS']， 最大动作为1号位打出的['Single', '2', ['S2']]
[22:06:49] [yf1_v4] [INFO] 3号位打出['PASS', 'PASS', 'PASS']， 最大动作为1号位打出的['Single', '2', ['S2']]
[22:06:49] [YFAdapter-P0] [INFO] [YF-P0] Decision context: myPos=0, curPos=3, greaterPos=1, teammate=2, curAction=[, actionList_size=1
[22:06:49] [YFAdapter-P0] [INFO] [YF-P0] Decided: action_index=0, action=['PASS', 'PASS', 'PASS']
[22:06:49] [HybridV4-P0] [INFO] ✓ Decision complete: action=0 (score=75.0, layer=YF), candidates=1, time=0.005s
[22:06:49] [yf1_v4] [INFO] 0号位打出['PASS', 'PASS', 'PASS']， 最大动作为1号位打出的['Single', '2', ['S2']]
[22:06:49] [yf1_v4] [INFO] 1号位打出['Pair', '5', ['S5', 'D5']]， 最大动作为1号位打出的['Pair', '5', ['S5', 'D5']]
[22:06:49] [yf1_v4] [INFO] 2号位打出['Pair', 'Q', ['SQ', 'CQ']]， 最大动作为2号位打出的['Pair', 'Q', ['SQ', 'CQ']]
[22:06:49] [yf1_v4] [INFO] 3号位打出['PASS', 'PASS', 'PASS']， 最大动作为2号位打出的['Pair', 'Q', ['SQ', 'CQ']]
[22:06:49] [HybridV4-P0] [INFO] [Critical Rule] Teammate protection: teammate has 1 cards, PASS
[22:06:49] [HybridV4-P0] [INFO] ✓ Critical Rule triggered: action=0, time=0.002s
[22:06:49] [yf1_v4] [INFO] 0号位打出['PASS', 'PASS', 'PASS']， 最大动作为2号位打出的['Pair', 'Q', ['SQ', 'CQ']]
[22:06:49] [yf1_v4] [INFO] 1号位打出['PASS', 'PASS', 'PASS']， 最大动作为2号位打出的['Pair', 'Q', ['SQ', 'CQ']]
[22:06:49] [yf1_v4] [INFO] 2号位打出['Single', 'K', ['DK']]， 最大动作为2号位打出的['Single', 'K', ['DK']]
[22:06:49] [yf1_v4] [INFO] 3号位打出['PASS', 'PASS', 'PASS']， 最大动作为2号位打出的['Single', 'K', ['DK']]
[22:06:49] [HybridV4-P0] [INFO] [Critical Rule] Teammate protection: teammate has 0 cards, PASS
[22:06:49] [HybridV4-P0] [INFO] ✓ Critical Rule triggered: action=0, time=0.002s
[22:06:49] [yf1_v4] [INFO] 0号位打出['PASS', 'PASS', 'PASS']， 最大动作为2号位打出的['Single', 'K', ['DK']]
[22:06:49] [YFAdapter-P0] [INFO] [YF-P0] Decision context: myPos=0, curPos=-1, greaterPos=-1, teammate=2, curAction=[, actionList_size=6
[22:06:49] [YFAdapter-P0] [INFO] [YF-P0] Decided: action_index=4, action=['Pair', '3', [['S', '3'], ['C', '3']]]
[22:06:49] [HybridV4-P0] [INFO] ✓ Decision complete: action=4 (score=210.0, layer=YF), candidates=6, time=0.004s
[22:06:49] [yf1_v4] [INFO] 0号位打出['Pair', '3', ['S3', 'C3']]， 最大动作为0号位打出的['Pair', '3', ['S3', 'C3']]
[22:06:49] [yf1_v4] [INFO] 1号位打出['Pair', '9', ['H9', 'D9']]， 最大动作为1号位打出的['Pair', '9', ['H9', 'D9']]
[22:06:49] [yf1_v4] [INFO] 3号位打出['PASS', 'PASS', 'PASS']， 最大动作为1号位打出的['Pair', '9', ['H9', 'D9']]
[22:06:49] [YFAdapter-P0] [INFO] [YF-P0] Decision context: myPos=0, curPos=3, greaterPos=1, teammate=2, curAction=[, actionList_size=1
[22:06:49] [YFAdapter-P0] [INFO] [YF-P0] Decided: action_index=0, action=['PASS', 'PASS', 'PASS']
[22:06:49] [HybridV4-P0] [INFO] ✓ Decision complete: action=0 (score=-5.0, layer=YF), candidates=1, time=0.003s
[22:06:49] [yf1_v4] [INFO] 0号位打出['PASS', 'PASS', 'PASS']， 最大动作为1号位打出的['Pair', '9', ['H9', 'D9']]
[22:06:49] [yf1_v4] [INFO] 1号位打出['Trips', '6', ['S6', 'C6', 'D6']]， 最大动作为1号位打出的['Trips', '6', ['S6', 'C6', 'D6']]
[22:06:49] [yf1_v4] [INFO] 3号位打出['PASS', 'PASS', 'PASS']， 最大动作为1号位打出的['Trips', '6', ['S6', 'C6', 'D6']]
[22:06:49] [yf1_v4] [INFO] 3号位打出['Single', '6', ['H6']]， 最大动作为3号位打出的['Single', '6', ['H6']]
[22:06:49] [YFAdapter-P0] [INFO] [YF-P0] Decision context: myPos=0, curPos=3, greaterPos=3, teammate=2, curAction=[, actionList_size=2
[22:06:49] [YFAdapter-P0] [INFO] [YF-P0] Decided: action_index=0, action=['PASS', 'PASS', 'PASS']
[22:06:49] [YFAdapter-P0] [WARNING] [YF-P0] 检测到过于保守: 对手快走完(剩0张), 触发Layer 2/3进行更积极的决策
[22:06:49] [HybridV4-P0] [INFO] ✓ Decision complete: action=1 (score=155.6, layer=DecisionEngine), candidates=2, time=0.004s
[22:06:49] [yf1_v4] [INFO] 0号位打出['Single', '9', ['C9']]， 最大动作为0号位打出的['Single', '9', ['C9']]
[22:06:49] [yf1_v4] [INFO] 3号位打出['Single', 'T', ['CT']]， 最大动作为3号位打出的['Single', 'T', ['CT']]
[22:06:49] [YFAdapter-P0] [INFO] [YF-P0] Decision context: myPos=0, curPos=3, greaterPos=3, teammate=2, curAction=[, actionList_size=1
[22:06:49] [YFAdapter-P0] [INFO] [YF-P0] Decided: action_index=0, action=['PASS', 'PASS', 'PASS']
[22:06:49] [HybridV4-P0] [INFO] ✓ Decision complete: action=0 (score=-5.0, layer=YF), candidates=1, time=0.004s
[22:06:49] [yf1_v4] [INFO] 0号位打出['PASS', 'PASS', 'PASS']， 最大动作为3号位打出的['Single', 'T', ['CT']]
[22:06:49] [yf1_v4] [INFO] 3号位打出['Single', '7', ['C7']]， 最大动作为3号位打出的['Single', '7', ['C7']]
[22:06:49] [YFAdapter-P0] [INFO] [YF-P0] Decision context: myPos=0, curPos=3, greaterPos=3, teammate=2, curAction=[, actionList_size=1
[22:06:49] [YFAdapter-P0] [INFO] [YF-P0] Decided: action_index=0, action=['PASS', 'PASS', 'PASS']
[22:06:49] [HybridV4-P0] [INFO] ✓ Decision complete: action=0 (score=-5.0, layer=YF), candidates=1, time=0.004s
[22:06:49] [yf1_v4] [INFO] 0号位打出['PASS', 'PASS', 'PASS']， 最大动作为3号位打出的['Single', '7', ['C7']]
[22:06:49] [yf1_v4] [INFO] 3号位打出['ThreeWithTwo', '8', ['H8', 'C8', 'D8', 'D7', 'D7']]， 最大动作为3号位打出的['ThreeWithTwo', '8', ['H8', 'C8', 'D8', 'D7', 'D7']]
[22:06:49] [YFAdapter-P0] [INFO] [YF-P0] Decision context: myPos=0, curPos=3, greaterPos=3, teammate=2, curAction=[, actionList_size=1
[22:06:49] [YFAdapter-P0] [INFO] [YF-P0] Decided: action_index=0, action=['PASS', 'PASS', 'PASS']
[22:06:49] [HybridV4-P0] [INFO] ✓ Decision complete: action=0 (score=-5.0, layer=YF), candidates=1, time=0.005s
[22:06:49] [yf1_v4] [INFO] 0号位打出['PASS', 'PASS', 'PASS']， 最大动作为3号位打出的['ThreeWithTwo', '8', ['H8', 'C8', 'D8', 'D7', 'D7']]
[22:06:49] [yf1_v4] [INFO] 3号位打出['Single', 'T', ['DT']]， 最大动作为3号位打出的['Single', 'T', ['DT']]
[22:06:49] [YFAdapter-P0] [INFO] [YF-P0] Decision context: myPos=0, curPos=3, greaterPos=3, teammate=2, curAction=[, actionList_size=1
[22:06:49] [YFAdapter-P0] [INFO] [YF-P0] Decided: action_index=0, action=['PASS', 'PASS', 'PASS']
[22:06:49] [HybridV4-P0] [INFO] ✓ Decision complete: action=0 (score=-5.0, layer=YF), candidates=1, time=0.004s
[22:06:49] [yf1_v4] [INFO] 0号位打出['PASS', 'PASS', 'PASS']， 最大动作为3号位打出的['Single', 'T', ['DT']]
[22:06:49] [yf1_v4] [INFO] 3号位打出['Pair', '9', ['S9', 'C9']]， 最大动作为3号位打出的['Pair', '9', ['S9', 'C9']]
[22:06:49] [yf1_v4] [INFO] 游戏开始, 我是0号位，手牌：['D2', 'S4', 'C4', 'H7', 'D7', 'D7', 'H8', 'C8', 'S9', 'H9', 'D9', 'SJ', 'DJ', 'DJ', 'CQ', 'DQ', 'DQ', 'SK', 'HK', 'DK', 'CA', 'DA', 'DA', 'S3', 'C3', 'D3', 'D3']
[22:06:49] [YFAdapter-P0] [INFO] [YF-P0] Decision context: myPos=0, curPos=-1, greaterPos=-1, teammate=2, curAction=[, actionList_size=3
[22:06:49] [YFAdapter-P0] [INFO] [YF-P0] Decided: action_index=0, action=['tribute', 'tribute', [['S', '3']]]
[22:06:49] [HybridV4-P0] [INFO] ✓ Decision complete: action=0 (score=110.0, layer=YF), candidates=3, time=0.003s
[22:06:49] [YFAdapter-P0] [INFO] [YF-P0] Decision context: myPos=0, curPos=-1, greaterPos=-1, teammate=2, curAction=[, actionList_size=212
[22:06:49] [YFAdapter-P0] [INFO] [YF-P0] Decided: action_index=0, action=['Single', '2', [['D', '2']]]
[22:06:49] [HybridV4-P0] [INFO] ✓ Decision complete: action=0 (score=125.0, layer=YF), candidates=8, time=0.011s
[22:06:49] [yf1_v4] [INFO] 0号位打出['Single', '2', ['D2']]， 最大动作为0号位打出的['Single', '2', ['D2']]
[22:06:49] [yf1_v4] [INFO] 1号位打出['Single', '8', ['D8']]， 最大动作为1号位打出的['Single', '8', ['D8']]
[22:06:49] [yf1_v4] [INFO] 2号位打出['Single', 'A', ['SA']]， 最大动作为2号位打出的['Single', 'A', ['SA']]
[22:06:49] [yf1_v4] [INFO] 3号位打出['Single', 'B', ['SB']]， 最大动作为3号位打出的['Single', 'B', ['SB']]
[22:06:49] [YFAdapter-P0] [INFO] [YF-P0] Decision context: myPos=0, curPos=3, greaterPos=3, teammate=2, curAction=[, actionList_size=1
[22:06:49] [YFAdapter-P0] [INFO] [YF-P0] Decided: action_index=0, action=['PASS', 'PASS', 'PASS']
[22:06:49] [HybridV4-P0] [INFO] ✓ Decision complete: action=0 (score=95.0, layer=YF), candidates=1, time=0.006s
[22:06:49] [yf1_v4] [INFO] 0号位打出['PASS', 'PASS', 'PASS']， 最大动作为3号位打出的['Single', 'B', ['SB']]
[22:06:49] [yf1_v4] [INFO] 1号位打出['PASS', 'PASS', 'PASS']， 最大动作为3号位打出的['Single', 'B', ['SB']]
[22:06:49] [yf1_v4] [INFO] 2号位打出['Single', 'R', ['HR']]， 最大动作为2号位打出的['Single', 'R', ['HR']]
[22:06:49] [yf1_v4] [INFO] 3号位打出['Bomb', '2', ['S2', 'H2', 'C2', 'D2']]， 最大动作为3号位打出的['Bomb', '2', ['S2', 'H2', 'C2', 'D2']]
[22:06:49] [YFAdapter-P0] [INFO] [YF-P0] Decision context: myPos=0, curPos=3, greaterPos=3, teammate=2, curAction=[, actionList_size=1
[22:06:49] [YFAdapter-P0] [INFO] [YF-P0] Decided: action_index=0, action=['PASS', 'PASS', 'PASS']
[22:06:49] [HybridV4-P0] [INFO] ✓ Decision complete: action=0 (score=95.0, layer=YF), candidates=1, time=0.003s
[22:06:49] [yf1_v4] [INFO] 0号位打出['PASS', 'PASS', 'PASS']， 最大动作为3号位打出的['Bomb', '2', ['S2', 'H2', 'C2', 'D2']]
[22:06:49] [yf1_v4] [INFO] 1号位打出['PASS', 'PASS', 'PASS']， 最大动作为3号位打出的['Bomb', '2', ['S2', 'H2', 'C2', 'D2']]
[22:06:50] [yf1_v4] [INFO] 2号位打出['Bomb', 'J', ['SJ', 'HJ', 'CJ', 'H3']]， 最大动作为2号位打出的['Bomb', 'J', ['SJ', 'HJ', 'CJ', 'H3']]
[22:06:50] [yf1_v4] [INFO] 3号位打出['Bomb', 'K', ['SK', 'HK', 'CK', 'DK']]， 最大动作为3号位打出的['Bomb', 'K', ['SK', 'HK', 'CK', 'DK']]
[22:06:50] [YFAdapter-P0] [INFO] [YF-P0] Decision context: myPos=0, curPos=3, greaterPos=3, teammate=2, curAction=[, actionList_size=1
[22:06:50] [YFAdapter-P0] [INFO] [YF-P0] Decided: action_index=0, action=['PASS', 'PASS', 'PASS']
[22:06:50] [HybridV4-P0] [INFO] ✓ Decision complete: action=0 (score=95.0, layer=YF), candidates=1, time=0.016s
[22:06:50] [yf1_v4] [INFO] 0号位打出['PASS', 'PASS', 'PASS']， 最大动作为3号位打出的['Bomb', 'K', ['SK', 'HK', 'CK', 'DK']]
[22:06:50] [yf1_v4] [INFO] 1号位打出['PASS', 'PASS', 'PASS']， 最大动作为3号位打出的['Bomb', 'K', ['SK', 'HK', 'CK', 'DK']]
[22:06:50] [yf1_v4] [INFO] 2号位打出['PASS', 'PASS', 'PASS']， 最大动作为3号位打出的['Bomb', 'K', ['SK', 'HK', 'CK', 'DK']]
[22:06:50] [yf1_v4] [INFO] 3号位打出['Single', '4', ['H4']]， 最大动作为3号位打出的['Single', '4', ['H4']]
[22:06:50] [YFAdapter-P0] [INFO] [YF-P0] Decision context: myPos=0, curPos=3, greaterPos=3, teammate=2, curAction=[, actionList_size=19
[22:06:50] [YFAdapter-P0] [INFO] [YF-P0] Decided: action_index=0, action=['PASS', 'PASS', 'PASS']
[22:06:50] [HybridV4-P0] [INFO] ✓ Decision complete: action=15 (score=142.5, layer=YF), candidates=8, time=0.005s
[22:06:50] [yf1_v4] [INFO] 0号位打出['Single', 'A', ['CA']]， 最大动作为0号位打出的['Single', 'A', ['CA']]
[22:06:50] [yf1_v4] [INFO] 1号位打出['Single', '3', ['S3']]， 最大动作为1号位打出的['Single', '3', ['S3']]
[22:06:50] [yf1_v4] [INFO] 2号位打出['Single', 'B', ['SB']]， 最大动作为2号位打出的['Single', 'B', ['SB']]
[22:06:50] [yf1_v4] [INFO] 3号位打出['PASS', 'PASS', 'PASS']， 最大动作为2号位打出的['Single', 'B', ['SB']]
[22:06:50] [YFAdapter-P0] [INFO] [YF-P0] Decision context: myPos=0, curPos=3, greaterPos=2, teammate=2, curAction=[, actionList_size=1
[22:06:50] [YFAdapter-P0] [INFO] [YF-P0] Decided: action_index=0, action=['PASS', 'PASS', 'PASS']
[22:06:50] [HybridV4-P0] [INFO] ✓ Decision complete: action=0 (score=95.0, layer=YF), candidates=1, time=0.006s
[22:06:50] [yf1_v4] [INFO] 0号位打出['PASS', 'PASS', 'PASS']， 最大动作为2号位打出的['Single', 'B', ['SB']]
[22:06:50] [yf1_v4] [INFO] 1号位打出['PASS', 'PASS', 'PASS']， 最大动作为2号位打出的['Single', 'B', ['SB']]
[22:06:50] [yf1_v4] [INFO] 2号位打出['Single', '4', ['D4']]， 最大动作为2号位打出的['Single', '4', ['D4']]
[22:06:50] [yf1_v4] [INFO] 3号位打出['Single', '5', ['C5']]， 最大动作为3号位打出的['Single', '5', ['C5']]
[22:06:50] [YFAdapter-P0] [INFO] [YF-P0] Decision context: myPos=0, curPos=3, greaterPos=3, teammate=2, curAction=[, actionList_size=18
[22:06:50] [YFAdapter-P0] [INFO] [YF-P0] Decided: action_index=0, action=['PASS', 'PASS', 'PASS']
[22:06:50] [HybridV4-P0] [INFO] ✓ Decision complete: action=15 (score=142.5, layer=YF), candidates=8, time=0.006s
[22:06:50] [yf1_v4] [INFO] 0号位打出['Single', 'A', ['DA']]， 最大动作为0号位打出的['Single', 'A', ['DA']]
[22:06:50] [yf1_v4] [INFO] 1号位打出['Single', '3', ['H3']]， 最大动作为1号位打出的['Single', '3', ['H3']]
[22:06:50] [yf1_v4] [INFO] 2号位打出['Single', 'R', ['HR']]， 最大动作为2号位打出的['Single', 'R', ['HR']]
[22:06:50] [yf1_v4] [INFO] 3号位打出['PASS', 'PASS', 'PASS']， 最大动作为2号位打出的['Single', 'R', ['HR']]
[22:06:50] [YFAdapter-P0] [INFO] [YF-P0] Decision context: myPos=0, curPos=3, greaterPos=2, teammate=2, curAction=[, actionList_size=1
[22:06:50] [YFAdapter-P0] [INFO] [YF-P0] Decided: action_index=0, action=['PASS', 'PASS', 'PASS']
[22:06:50] [HybridV4-P0] [INFO] ✓ Decision complete: action=0 (score=95.0, layer=YF), candidates=1, time=0.004s
[22:06:50] [yf1_v4] [INFO] 0号位打出['PASS', 'PASS', 'PASS']， 最大动作为2号位打出的['Single', 'R', ['HR']]
[22:06:50] [yf1_v4] [INFO] 1号位打出['PASS', 'PASS', 'PASS']， 最大动作为2号位打出的['Single', 'R', ['HR']]
[22:06:50] [yf1_v4] [INFO] 2号位打出['Single', '6', ['D6']]， 最大动作为2号位打出的['Single', '6', ['D6']]
[22:06:50] [yf1_v4] [INFO] 3号位打出['Single', 'J', ['HJ']]， 最大动作为3号位打出的['Single', 'J', ['HJ']]
[22:06:50] [YFAdapter-P0] [INFO] [YF-P0] Decision context: myPos=0, curPos=3, greaterPos=3, teammate=2, curAction=[, actionList_size=9
[22:06:50] [YFAdapter-P0] [INFO] [YF-P0] Decided: action_index=0, action=['PASS', 'PASS', 'PASS']
[22:06:50] [HybridV4-P0] [INFO] ✓ Decision complete: action=6 (score=162.5, layer=YF), candidates=7, time=0.015s
[22:06:50] [yf1_v4] [INFO] 0号位打出['Single', 'A', ['DA']]， 最大动作为0号位打出的['Single', 'A', ['DA']]
[22:06:50] [yf1_v4] [INFO] 1号位打出['Single', '3', ['C3']]， 最大动作为1号位打出的['Single', '3', ['C3']]
[22:06:50] [yf1_v4] [INFO] 2号位打出['Bomb', '5', ['S5', 'H5', 'D5', 'D5']]， 最大动作为2号位打出的['Bomb', '5', ['S5', 'H5', 'D5', 'D5']]
[22:06:50] [yf1_v4] [INFO] 3号位打出['Bomb', 'T', ['ST', 'HT', 'CT', 'CT']]， 最大动作为3号位打出的['Bomb', 'T', ['ST', 'HT', 'CT', 'CT']]
[22:06:50] [YFAdapter-P0] [INFO] [YF-P0] Decision context: myPos=0, curPos=3, greaterPos=3, teammate=2, curAction=[, actionList_size=1
[22:06:50] [YFAdapter-P0] [INFO] [YF-P0] Decided: action_index=0, action=['PASS', 'PASS', 'PASS']
[22:06:50] [HybridV4-P0] [INFO] ✓ Decision complete: action=0 (score=95.0, layer=YF), candidates=1, time=0.002s
[22:06:50] [yf1_v4] [INFO] 0号位打出['PASS', 'PASS', 'PASS']， 最大动作为3号位打出的['Bomb', 'T', ['ST', 'HT', 'CT', 'CT']]
[22:06:50] [yf1_v4] [INFO] 1号位打出['PASS', 'PASS', 'PASS']， 最大动作为3号位打出的['Bomb', 'T', ['ST', 'HT', 'CT', 'CT']]
[22:06:50] [yf1_v4] [INFO] 2号位打出['PASS', 'PASS', 'PASS']， 最大动作为3号位打出的['Bomb', 'T', ['ST', 'HT', 'CT', 'CT']]
[22:06:50] [yf1_v4] [INFO] 3号位打出['ThreePair', '7', ['S7', 'C7', 'S8', 'H8', 'H9', 'D9']]， 最大动作为3号位打出的['ThreePair', '7', ['S7', 'C7', 'S8', 'H8', 'H9', 'D9']]
[22:06:50] [YFAdapter-P0] [INFO] [YF-P0] Decision context: myPos=0, curPos=3, greaterPos=3, teammate=2, curAction=[, actionList_size=13
[22:06:50] [YFAdapter-P0] [INFO] [YF-P0] Decided: action_index=0, action=['PASS', 'PASS', 'PASS']
[22:06:50] [YFAdapter-P0] [WARNING] [YF-P0] 检测到过于保守: 对手快走完(剩5张), 触发Layer 2/3进行更积极的决策
[22:06:50] [HybridV4-P0] [INFO] ✓ Decision complete: action=1 (score=115.6, layer=DecisionEngine), candidates=5, time=0.006s
[22:06:50] [yf1_v4] [INFO] 0号位打出['ThreePair', 'J', ['SJ', 'DJ', 'CQ', 'DQ', 'SK', 'DK']]， 最大动作为0号位打出的['ThreePair', 'J', ['SJ', 'DJ', 'CQ', 'DQ', 'SK', 'DK']]
[22:06:50] [yf1_v4] [INFO] 1号位打出['PASS', 'PASS', 'PASS']， 最大动作为0号位打出的['ThreePair', 'J', ['SJ', 'DJ', 'CQ', 'DQ', 'SK', 'DK']]
[22:06:50] [yf1_v4] [INFO] 2号位打出['PASS', 'PASS', 'PASS']， 最大动作为0号位打出的['ThreePair', 'J', ['SJ', 'DJ', 'CQ', 'DQ', 'SK', 'DK']]
[22:06:50] [yf1_v4] [INFO] 3号位打出['Bomb', '6', ['H6', 'H6', 'C6', 'C6', 'D6']]， 最大动作为3号位打出的['Bomb', '6', ['H6', 'H6', 'C6', 'C6', 'D6']]
[22:06:50] [YFAdapter-P0] [INFO] [YF-P0] Decision context: myPos=0, curPos=3, greaterPos=3, teammate=2, curAction=[, actionList_size=1
[22:06:50] [YFAdapter-P0] [INFO] [YF-P0] Decided: action_index=0, action=['PASS', 'PASS', 'PASS']
[22:06:50] [HybridV4-P0] [INFO] ✓ Decision complete: action=0 (score=-5.0, layer=YF), candidates=1, time=0.003s
[22:06:50] [yf1_v4] [INFO] 0号位打出['PASS', 'PASS', 'PASS']， 最大动作为3号位打出的['Bomb', '6', ['H6', 'H6', 'C6', 'C6', 'D6']]
[22:06:50] [yf1_v4] [INFO] 1号位打出['PASS', 'PASS', 'PASS']， 最大动作为3号位打出的['Bomb', '6', ['H6', 'H6', 'C6', 'C6', 'D6']]
[22:06:50] [yf1_v4] [INFO] 1号位打出['Single', '2', ['S2']]， 最大动作为1号位打出的['Single', '2', ['S2']]
[22:06:50] [yf1_v4] [INFO] 2号位打出['Single', '8', ['S8']]， 最大动作为2号位打出的['Single', '8', ['S8']]
[22:06:50] [YFAdapter-P0] [INFO] [YF-P0] Decision context: myPos=0, curPos=2, greaterPos=2, teammate=2, curAction=[, actionList_size=9
[22:06:50] [YFAdapter-P0] [INFO] [YF-P0] Decided: action_index=0, action=['PASS', 'PASS', 'PASS']
[22:06:50] [YFAdapter-P0] [WARNING] [YF-P0] 检测到过于保守: 对手快走完(剩0张), 触发Layer 2/3进行更积极的决策
[22:06:50] [HybridV4-P0] [INFO] ✓ Decision complete: action=1 (score=100.6, layer=DecisionEngine), candidates=5, time=0.013s
[22:06:50] [yf1_v4] [INFO] 0号位打出['Single', '9', ['S9']]， 最大动作为0号位打出的['Single', '9', ['S9']]
[22:06:50] [yf1_v4] [INFO] 1号位打出['PASS', 'PASS', 'PASS']， 最大动作为0号位打出的['Single', '9', ['S9']]
[22:06:50] [yf1_v4] [INFO] 2号位打出['Single', 'T', ['DT']]， 最大动作为2号位打出的['Single', 'T', ['DT']]
[22:06:50] [YFAdapter-P0] [INFO] [YF-P0] Decision context: myPos=0, curPos=2, greaterPos=2, teammate=2, curAction=[, actionList_size=6
[22:06:50] [YFAdapter-P0] [INFO] [YF-P0] Decided: action_index=0, action=['PASS', 'PASS', 'PASS']
[22:06:50] [YFAdapter-P0] [WARNING] [YF-P0] 检测到过于保守: 对手快走完(剩0张), 触发Layer 2/3进行更积极的决策
[22:06:50] [HybridV4-P0] [INFO] ✓ Decision complete: action=1 (score=100.6, layer=DecisionEngine), candidates=5, time=0.008s
[22:06:50] [yf1_v4] [INFO] 0号位打出['Single', 'J', ['DJ']]， 最大动作为0号位打出的['Single', 'J', ['DJ']]
[22:06:50] [yf1_v4] [INFO] 1号位打出['PASS', 'PASS', 'PASS']， 最大动作为0号位打出的['Single', 'J', ['DJ']]
[22:06:50] [yf1_v4] [INFO] 2号位打出['Single', 'Q', ['HQ']]， 最大动作为2号位打出的['Single', 'Q', ['HQ']]
[22:06:50] [YFAdapter-P0] [INFO] [YF-P0] Decision context: myPos=0, curPos=2, greaterPos=2, teammate=2, curAction=[, actionList_size=4
[22:06:50] [YFAdapter-P0] [INFO] [YF-P0] Decided: action_index=0, action=['PASS', 'PASS', 'PASS']
[22:06:50] [YFAdapter-P0] [WARNING] [YF-P0] 检测到过于保守: 对手快走完(剩0张), 触发Layer 2/3进行更积极的决策
[22:06:50] [HybridV4-P0] [INFO] ✓ Decision complete: action=1 (score=100.6, layer=DecisionEngine), candidates=4, time=0.005s
[22:06:50] [yf1_v4] [INFO] 0号位打出['Single', 'K', ['HK']]， 最大动作为0号位打出的['Single', 'K', ['HK']]
[22:06:50] [yf1_v4] [INFO] 1号位打出['PASS', 'PASS', 'PASS']， 最大动作为0号位打出的['Single', 'K', ['HK']]
[22:06:50] [yf1_v4] [INFO] 2号位打出['Single', 'A', ['SA']]， 最大动作为2号位打出的['Single', 'A', ['SA']]
[22:06:50] [YFAdapter-P0] [INFO] [YF-P0] Decision context: myPos=0, curPos=2, greaterPos=2, teammate=2, curAction=[, actionList_size=3
[22:06:50] [YFAdapter-P0] [INFO] [YF-P0] Decided: action_index=0, action=['PASS', 'PASS', 'PASS']
[22:06:50] [YFAdapter-P0] [WARNING] [YF-P0] 检测到过于保守: 对手快走完(剩0张), 触发Layer 2/3进行更积极的决策
[22:06:50] [HybridV4-P0] [INFO] ✓ Decision complete: action=1 (score=100.6, layer=DecisionEngine), candidates=3, time=0.003s
[22:06:50] [yf1_v4] [INFO] 0号位打出['Single', '3', ['C3']]， 最大动作为0号位打出的['Single', '3', ['C3']]
[22:06:50] [yf1_v4] [INFO] 1号位打出['PASS', 'PASS', 'PASS']， 最大动作为0号位打出的['Single', '3', ['C3']]
[22:06:50] [yf1_v4] [INFO] 2号位打出['PASS', 'PASS', 'PASS']， 最大动作为0号位打出的['Single', '3', ['C3']]
[22:06:50] [YFAdapter-P0] [INFO] [YF-P0] Decision context: myPos=0, curPos=-1, greaterPos=-1, teammate=2, curAction=[, actionList_size=31
[22:06:50] [YFAdapter-P0] [INFO] [YF-P0] Decided: action_index=23, action=['ThreeWithTwo', '4', [['S', '4'], ['S', '4'], ['C', '4'], ['H', '8'], ['C', '8']]]
[22:06:50] [HybridV4-P0] [INFO] ✓ Decision complete: action=23 (score=230.0, layer=YF), candidates=8, time=0.004s
[22:06:50] [yf1_v4] [INFO] 0号位打出['ThreeWithTwo', '4', ['S4', 'S4', 'C4', 'H8', 'C8']]， 最大动作为0号位打出的['ThreeWithTwo', '4', ['S4', 'S4', 'C4', 'H8', 'C8']]
[22:06:50] [yf1_v4] [INFO] 1号位打出['ThreeWithTwo', '5', ['S5', 'H5', 'C5', 'H2', 'C2']]， 最大动作为1号位打出的['ThreeWithTwo', '5', ['S5', 'H5', 'C5', 'H2', 'C2']]
[22:06:50] [yf1_v4] [INFO] 2号位打出['PASS', 'PASS', 'PASS']， 最大动作为1号位打出的['ThreeWithTwo', '5', ['S5', 'H5', 'C5', 'H2', 'C2']]
[22:06:50] [YFAdapter-P0] [INFO] [YF-P0] Decision context: myPos=0, curPos=2, greaterPos=1, teammate=2, curAction=[, actionList_size=3
[22:06:50] [YFAdapter-P0] [INFO] [YF-P0] Decided: action_index=0, action=['PASS', 'PASS', 'PASS']
[22:06:50] [YFAdapter-P0] [WARNING] [YF-P0] 检测到过于保守: 对手快走完(剩0张), 触发Layer 2/3进行更积极的决策
[22:06:50] [HybridV4-P0] [INFO] ✓ Decision complete: action=1 (score=130.6, layer=DecisionEngine), candidates=3, time=0.006s
[22:06:50] [yf1_v4] [INFO] 0号位打出['ThreeWithTwo', '7', ['H7', 'D7', 'D7', 'H9', 'D9']]， 最大动作为0号位打出的['ThreeWithTwo', '7', ['H7', 'D7', 'D7', 'H9', 'D9']]
[22:06:50] [yf1_v4] [INFO] 1号位打出['ThreeWithTwo', 'T', ['ST', 'HT', 'DT', 'S6', 'S6']]， 最大动作为1号位打出的['ThreeWithTwo', 'T', ['ST', 'HT', 'DT', 'S6', 'S6']]
[22:06:50] [yf1_v4] [INFO] 2号位打出['PASS', 'PASS', 'PASS']， 最大动作为1号位打出的['ThreeWithTwo', 'T', ['ST', 'HT', 'DT', 'S6', 'S6']]
[22:06:50] [YFAdapter-P0] [INFO] [YF-P0] Decision context: myPos=0, curPos=2, greaterPos=1, teammate=2, curAction=[, actionList_size=1
[22:06:50] [YFAdapter-P0] [INFO] [YF-P0] Decided: action_index=0, action=['PASS', 'PASS', 'PASS']
[22:06:50] [HybridV4-P0] [INFO] ✓ Decision complete: action=0 (score=10.0, layer=YF), candidates=1, time=0.004s
[22:06:50] [yf1_v4] [INFO] 0号位打出['PASS', 'PASS', 'PASS']， 最大动作为1号位打出的['ThreeWithTwo', 'T', ['ST', 'HT', 'DT', 'S6', 'S6']]
[22:06:50] [yf1_v4] [INFO] 1号位打出['ThreeWithTwo', '4', ['H4', 'C4', 'D4', 'C9', 'C9']]， 最大动作为1号位打出的['ThreeWithTwo', '4', ['H4', 'C4', 'D4', 'C9', 'C9']]
[22:06:50] [yf1_v4] [INFO] 2号位打出['PASS', 'PASS', 'PASS']， 最大动作为1号位打出的['ThreeWithTwo', '4', ['H4', 'C4', 'D4', 'C9', 'C9']]
[22:06:50] [YFAdapter-P0] [INFO] [YF-P0] Decision context: myPos=0, curPos=2, greaterPos=1, teammate=2, curAction=[, actionList_size=1
[22:06:50] [YFAdapter-P0] [INFO] [YF-P0] Decided: action_index=0, action=['PASS', 'PASS', 'PASS']
[22:06:50] [HybridV4-P0] [INFO] ✓ Decision complete: action=0 (score=10.0, layer=YF), candidates=1, time=0.003s
[22:06:50] [yf1_v4] [INFO] 0号位打出['PASS', 'PASS', 'PASS']， 最大动作为1号位打出的['ThreeWithTwo', '4', ['H4', 'C4', 'D4', 'C9', 'C9']]
[22:06:50] [yf1_v4] [INFO] 1号位打出['ThreeWithTwo', '7', ['S7', 'H7', 'C7', 'SQ', 'SQ']]， 最大动作为1号位打出的['ThreeWithTwo', '7', ['S7', 'H7', 'C7', 'SQ', 'SQ']]
[22:06:50] [yf1_v4] [INFO] 2号位打出['PASS', 'PASS', 'PASS']， 最大动作为1号位打出的['ThreeWithTwo', '7', ['S7', 'H7', 'C7', 'SQ', 'SQ']]
[22:06:50] [YFAdapter-P0] [INFO] [YF-P0] Decision context: myPos=0, curPos=2, greaterPos=1, teammate=2, curAction=[, actionList_size=1
[22:06:50] [YFAdapter-P0] [INFO] [YF-P0] Decided: action_index=0, action=['PASS', 'PASS', 'PASS']
[22:06:50] [HybridV4-P0] [INFO] ✓ Decision complete: action=0 (score=10.0, layer=YF), candidates=1, time=0.013s
[22:06:50] [yf1_v4] [INFO] 0号位打出['PASS', 'PASS', 'PASS']， 最大动作为1号位打出的['ThreeWithTwo', '7', ['S7', 'H7', 'C7', 'SQ', 'SQ']]
[22:06:50] [yf1_v4] [INFO] 1号位打出['Pair', 'A', ['HA', 'CA']]， 最大动作为1号位打出的['Pair', 'A', ['HA', 'CA']]
[22:06:50] [yf1_v4] [INFO] 游戏开始, 我是0号位，手牌：['D2', 'H3', 'C4', 'S6', 'H6', 'H6', 'D6', 'S7', 'H7', 'D7', 'S8', 'H8', 'C8', 'H9', 'HJ', 'CJ', 'CJ', 'DJ', 'DJ', 'SQ', 'CQ', 'DQ', 'SA', 'C5', 'D5', 'D5', 'HR']
[22:06:50] [YFAdapter-P0] [INFO] [YF-P0] Decision context: myPos=0, curPos=-1, greaterPos=-1, teammate=2, curAction=[, actionList_size=1
[22:06:50] [YFAdapter-P0] [INFO] [YF-P0] Decided: action_index=0, action=['tribute', 'tribute', [['H', 'R']]]
[22:06:50] [HybridV4-P0] [INFO] ✓ Decision complete: action=0 (score=110.0, layer=YF), candidates=1, time=0.003s
[22:06:50] [YFAdapter-P0] [INFO] [YF-P0] Decision context: myPos=0, curPos=-1, greaterPos=-1, teammate=2, curAction=[, actionList_size=485
[22:06:50] [YFAdapter-P0] [INFO] [YF-P0] Decided: action_index=0, action=['Single', '2', [['D', '2']]]
[22:06:50] [HybridV4-P0] [INFO] ✓ Decision complete: action=0 (score=125.0, layer=YF), candidates=8, time=0.009s
[22:06:50] [yf1_v4] [INFO] 0号位打出['Single', '2', ['D2']]， 最大动作为0号位打出的['Single', '2', ['D2']]
[22:06:50] [yf1_v4] [INFO] 1号位打出['Single', '5', ['S5']]， 最大动作为1号位打出的['Single', '5', ['S5']]
[22:06:50] [yf1_v4] [INFO] 2号位打出['PASS', 'PASS', 'PASS']， 最大动作为1号位打出的['Single', '5', ['S5']]
[22:06:50] [yf1_v4] [INFO] 3号位打出['PASS', 'PASS', 'PASS']， 最大动作为1号位打出的['Single', '5', ['S5']]
[22:06:50] [YFAdapter-P0] [INFO] [YF-P0] Decision context: myPos=0, curPos=3, greaterPos=1, teammate=2, curAction=[, actionList_size=6
[22:06:50] [YFAdapter-P0] [INFO] [YF-P0] Decided: action_index=0, action=['PASS', 'PASS', 'PASS']
[22:06:50] [HybridV4-P0] [INFO] ✓ Decision complete: action=2 (score=139.0, layer=YF), candidates=6, time=0.004s
[22:06:50] [yf1_v4] [INFO] 0号位打出['Bomb', 'J', ['HJ', 'CJ', 'CJ', 'DJ']]， 最大动作为0号位打出的['Bomb', 'J', ['HJ', 'CJ', 'CJ', 'DJ']]
[22:06:50] [yf1_v4] [INFO] 1号位打出['PASS', 'PASS', 'PASS']， 最大动作为0号位打出的['Bomb', 'J', ['HJ', 'CJ', 'CJ', 'DJ']]
[22:06:50] [yf1_v4] [INFO] 2号位打出['PASS', 'PASS', 'PASS']， 最大动作为0号位打出的['Bomb', 'J', ['HJ', 'CJ', 'CJ', 'DJ']]
[22:06:50] [yf1_v4] [INFO] 3号位打出['Bomb', 'T', ['ST', 'ST', 'HT', 'HT', 'H5']]， 最大动作为3号位打出的['Bomb', 'T', ['ST', 'ST', 'HT', 'HT', 'H5']]
[22:06:50] [YFAdapter-P0] [INFO] [YF-P0] Decision context: myPos=0, curPos=3, greaterPos=3, teammate=2, curAction=[, actionList_size=1
[22:06:50] [YFAdapter-P0] [INFO] [YF-P0] Decided: action_index=0, action=['PASS', 'PASS', 'PASS']
[22:06:50] [HybridV4-P0] [INFO] ✓ Decision complete: action=0 (score=95.0, layer=YF), candidates=1, time=0.014s
[22:06:50] [yf1_v4] [INFO] 0号位打出['PASS', 'PASS', 'PASS']， 最大动作为3号位打出的['Bomb', 'T', ['ST', 'ST', 'HT', 'HT', 'H5']]
[22:06:50] [yf1_v4] [INFO] 1号位打出['PASS', 'PASS', 'PASS']， 最大动作为3号位打出的['Bomb', 'T', ['ST', 'ST', 'HT', 'HT', 'H5']]
[22:06:50] [yf1_v4] [INFO] 2号位打出['PASS', 'PASS', 'PASS']， 最大动作为3号位打出的['Bomb', 'T', ['ST', 'ST', 'HT', 'HT', 'H5']]
[22:06:50] [yf1_v4] [INFO] 3号位打出['Single', '2', ['S2']]， 最大动作为3号位打出的['Single', '2', ['S2']]
[22:06:50] [YFAdapter-P0] [INFO] [YF-P0] Decision context: myPos=0, curPos=3, greaterPos=3, teammate=2, curAction=[, actionList_size=22
[22:06:50] [YFAdapter-P0] [INFO] [YF-P0] Decided: action_index=0, action=['PASS', 'PASS', 'PASS']
[22:06:50] [HybridV4-P0] [INFO] ✓ Decision complete: action=18 (score=142.5, layer=YF), candidates=8, time=0.004s
[22:06:50] [yf1_v4] [INFO] 0号位打出['Single', 'A', ['SA']]， 最大动作为0号位打出的['Single', 'A', ['SA']]
[22:06:50] [yf1_v4] [INFO] 1号位打出['Single', '5', ['H5']]， 最大动作为1号位打出的['Single', '5', ['H5']]
[22:06:50] [yf1_v4] [INFO] 2号位打出['PASS', 'PASS', 'PASS']， 最大动作为1号位打出的['Single', '5', ['H5']]
[22:06:50] [yf1_v4] [INFO] 3号位打出['PASS', 'PASS', 'PASS']， 最大动作为1号位打出的['Single', '5', ['H5']]
[22:06:50] [YFAdapter-P0] [INFO] [YF-P0] Decision context: myPos=0, curPos=3, greaterPos=1, teammate=2, curAction=[, actionList_size=2
[22:06:50] [YFAdapter-P0] [INFO] [YF-P0] Decided: action_index=0, action=['PASS', 'PASS', 'PASS']
[22:06:50] [HybridV4-P0] [INFO] ✓ Decision complete: action=1 (score=132.0, layer=YF), candidates=2, time=0.005s
[22:06:50] [yf1_v4] [INFO] 0号位打出['Bomb', '6', ['S6', 'H6', 'H6', 'D6']]， 最大动作为0号位打出的['Bomb', '6', ['S6', 'H6', 'H6', 'D6']]
[22:06:50] [yf1_v4] [INFO] 1号位打出['Bomb', 'K', ['SK', 'HK', 'CK', 'DK']]， 最大动作为1号位打出的['Bomb', 'K', ['SK', 'HK', 'CK', 'DK']]
[22:06:50] [yf1_v4] [INFO] 2号位打出['PASS', 'PASS', 'PASS']， 最大动作为1号位打出的['Bomb', 'K', ['SK', 'HK', 'CK', 'DK']]
[22:06:50] [yf1_v4] [INFO] 3号位打出['PASS', 'PASS', 'PASS']， 最大动作为1号位打出的['Bomb', 'K', ['SK', 'HK', 'CK', 'DK']]
[22:06:51] [YFAdapter-P0] [INFO] [YF-P0] Decision context: myPos=0, curPos=3, greaterPos=1, teammate=2, curAction=[, actionList_size=1
[22:06:51] [YFAdapter-P0] [INFO] [YF-P0] Decided: action_index=0, action=['PASS', 'PASS', 'PASS']
[22:06:51] [HybridV4-P0] [INFO] ✓ Decision complete: action=0 (score=95.0, layer=YF), candidates=1, time=0.016s
[22:06:51] [yf1_v4] [INFO] 0号位打出['PASS', 'PASS', 'PASS']， 最大动作为1号位打出的['Bomb', 'K', ['SK', 'HK', 'CK', 'DK']]
[22:06:51] [yf1_v4] [INFO] 1号位打出['ThreeWithTwo', '2', ['S2', 'C2', 'D2', 'C7', 'C7']]， 最大动作为1号位打出的['ThreeWithTwo', '2', ['S2', 'C2', 'D2', 'C7', 'C7']]
[22:06:51] [yf1_v4] [INFO] 2号位打出['ThreeWithTwo', '7', ['S7', 'H7', 'D7', 'H2', 'C2']]， 最大动作为2号位打出的['ThreeWithTwo', '7', ['S7', 'H7', 'D7', 'H2', 'C2']]
[22:06:51] [yf1_v4] [INFO] 3号位打出['ThreeWithTwo', 'K', ['SK', 'HK', 'CK', 'S4', 'D4']]， 最大动作为3号位打出的['ThreeWithTwo', 'K', ['SK', 'HK', 'CK', 'S4', 'D4']]
[22:06:51] [YFAdapter-P0] [INFO] [YF-P0] Decision context: myPos=0, curPos=3, greaterPos=3, teammate=2, curAction=[, actionList_size=11
[22:06:51] [YFAdapter-P0] [INFO] [YF-P0] Decided: action_index=0, action=['PASS', 'PASS', 'PASS']
[22:06:51] [HybridV4-P0] [INFO] ✓ Decision complete: action=1 (score=132.0, layer=YF), candidates=6, time=0.005s
[22:06:51] [yf1_v4] [INFO] 0号位打出['ThreeWithTwo', '5', ['C5', 'D5', 'D5', 'H3', 'D3']]， 最大动作为0号位打出的['ThreeWithTwo', '5', ['C5', 'D5', 'D5', 'H3', 'D3']]
[22:06:51] [yf1_v4] [INFO] 1号位打出['Bomb', '3', ['S3', 'H3', 'C3', 'C3']]， 最大动作为1号位打出的['Bomb', '3', ['S3', 'H3', 'C3', 'C3']]
[22:06:51] [yf1_v4] [INFO] 2号位打出['PASS', 'PASS', 'PASS']， 最大动作为1号位打出的['Bomb', '3', ['S3', 'H3', 'C3', 'C3']]
[22:06:51] [yf1_v4] [INFO] 3号位打出['PASS', 'PASS', 'PASS']， 最大动作为1号位打出的['Bomb', '3', ['S3', 'H3', 'C3', 'C3']]
[22:06:51] [YFAdapter-P0] [INFO] [YF-P0] Decision context: myPos=0, curPos=3, greaterPos=1, teammate=2, curAction=[, actionList_size=1
[22:06:51] [YFAdapter-P0] [INFO] [YF-P0] Decided: action_index=0, action=['PASS', 'PASS', 'PASS']
[22:06:51] [HybridV4-P0] [INFO] ✓ Decision complete: action=0 (score=95.0, layer=YF), candidates=1, time=0.018s
[22:06:51] [yf1_v4] [INFO] 0号位打出['PASS', 'PASS', 'PASS']， 最大动作为1号位打出的['Bomb', '3', ['S3', 'H3', 'C3', 'C3']]
[22:06:51] [yf1_v4] [INFO] 1号位打出['ThreeWithTwo', '4', ['S4', 'H4', 'D4', 'S8', 'C8']]， 最大动作为1号位打出的['ThreeWithTwo', '4', ['S4', 'H4', 'D4', 'S8', 'C8']]
[22:06:51] [yf1_v4] [INFO] 2号位打出['ThreeWithTwo', '9', ['S9', 'S9', 'C9', 'S3', 'D3']]， 最大动作为2号位打出的['ThreeWithTwo', '9', ['S9', 'S9', 'C9', 'S3', 'D3']]
[22:06:51] [yf1_v4] [INFO] 3号位打出['PASS', 'PASS', 'PASS']， 最大动作为2号位打出的['ThreeWithTwo', '9', ['S9', 'S9', 'C9', 'S3', 'D3']]
[22:06:51] [YFAdapter-P0] [INFO] [YF-P0] Decision context: myPos=0, curPos=3, greaterPos=2, teammate=2, curAction=[, actionList_size=7
[22:06:51] [YFAdapter-P0] [INFO] [YF-P0] Decided: action_index=0, action=['PASS', 'PASS', 'PASS']
[22:06:51] [HybridV4-P0] [INFO] ✓ Decision complete: action=1 (score=156.0, layer=YF), candidates=6, time=0.004s
[22:06:51] [yf1_v4] [INFO] 0号位打出['ThreeWithTwo', 'Q', ['SQ', 'CQ', 'DQ', 'S7', 'D7']]， 最大动作为0号位打出的['ThreeWithTwo', 'Q', ['SQ', 'CQ', 'DQ', 'S7', 'D7']]
[22:06:51] [yf1_v4] [INFO] 1号位打出['PASS', 'PASS', 'PASS']， 最大动作为0号位打出的['ThreeWithTwo', 'Q', ['SQ', 'CQ', 'DQ', 'S7', 'D7']]
[22:06:51] [yf1_v4] [INFO] 2号位打出['PASS', 'PASS', 'PASS']， 最大动作为0号位打出的['ThreeWithTwo', 'Q', ['SQ', 'CQ', 'DQ', 'S7', 'D7']]
[22:06:51] [yf1_v4] [INFO] 3号位打出['Bomb', '9', ['H9', 'C9', 'D9', 'D9']]， 最大动作为3号位打出的['Bomb', '9', ['H9', 'C9', 'D9', 'D9']]
[22:06:51] [YFAdapter-P0] [INFO] [YF-P0] Decision context: myPos=0, curPos=3, greaterPos=3, teammate=2, curAction=[, actionList_size=1
[22:06:51] [YFAdapter-P0] [INFO] [YF-P0] Decided: action_index=0, action=['PASS', 'PASS', 'PASS']
[22:06:51] [HybridV4-P0] [INFO] ✓ Decision complete: action=0 (score=75.0, layer=YF), candidates=1, time=0.016s
[22:06:51] [yf1_v4] [INFO] 0号位打出['PASS', 'PASS', 'PASS']， 最大动作为3号位打出的['Bomb', '9', ['H9', 'C9', 'D9', 'D9']]
[22:06:51] [yf1_v4] [INFO] 1号位打出['PASS', 'PASS', 'PASS']， 最大动作为3号位打出的['Bomb', '9', ['H9', 'C9', 'D9', 'D9']]
[22:06:51] [yf1_v4] [INFO] 2号位打出['PASS', 'PASS', 'PASS']， 最大动作为3号位打出的['Bomb', '9', ['H9', 'C9', 'D9', 'D9']]
[22:06:51] [yf1_v4] [INFO] 3号位打出['Single', '8', ['D8']]， 最大动作为3号位打出的['Single', '8', ['D8']]
[22:06:51] [YFAdapter-P0] [INFO] [YF-P0] Decision context: myPos=0, curPos=3, greaterPos=3, teammate=2, curAction=[, actionList_size=3
[22:06:51] [YFAdapter-P0] [INFO] [YF-P0] Decided: action_index=0, action=['PASS', 'PASS', 'PASS']
[22:06:51] [HybridV4-P0] [INFO] ✓ Decision complete: action=2 (score=186.0, layer=YF), candidates=3, time=0.005s
[22:06:51] [yf1_v4] [INFO] 0号位打出['Single', 'J', ['DJ']]， 最大动作为0号位打出的['Single', 'J', ['DJ']]
[22:06:51] [yf1_v4] [INFO] 1号位打出['Single', 'B', ['SB']]， 最大动作为1号位打出的['Single', 'B', ['SB']]
[22:06:51] [yf1_v4] [INFO] 2号位打出['PASS', 'PASS', 'PASS']， 最大动作为1号位打出的['Single', 'B', ['SB']]
[22:06:51] [yf1_v4] [INFO] 3号位打出['PASS', 'PASS', 'PASS']， 最大动作为1号位打出的['Single', 'B', ['SB']]
[22:06:51] [YFAdapter-P0] [INFO] [YF-P0] Decision context: myPos=0, curPos=3, greaterPos=1, teammate=2, curAction=[, actionList_size=1
[22:06:51] [YFAdapter-P0] [INFO] [YF-P0] Decided: action_index=0, action=['PASS', 'PASS', 'PASS']
[22:06:51] [HybridV4-P0] [INFO] ✓ Decision complete: action=0 (score=75.0, layer=YF), candidates=1, time=0.004s
[22:06:51] [yf1_v4] [INFO] 0号位打出['PASS', 'PASS', 'PASS']， 最大动作为1号位打出的['Single', 'B', ['SB']]
[22:06:51] [yf1_v4] [INFO] 1号位打出['ThreeWithTwo', 'Q', ['SQ', 'HQ', 'DQ', 'SJ', 'HJ']]， 最大动作为1号位打出的['ThreeWithTwo', 'Q', ['SQ', 'HQ', 'DQ', 'SJ', 'HJ']]
[22:06:51] [yf1_v4] [INFO] 2号位打出['PASS', 'PASS', 'PASS']， 最大动作为1号位打出的['ThreeWithTwo', 'Q', ['SQ', 'HQ', 'DQ', 'SJ', 'HJ']]
[22:06:51] [yf1_v4] [INFO] 3号位打出['PASS', 'PASS', 'PASS']， 最大动作为1号位打出的['ThreeWithTwo', 'Q', ['SQ', 'HQ', 'DQ', 'SJ', 'HJ']]
[22:06:51] [YFAdapter-P0] [INFO] [YF-P0] Decision context: myPos=0, curPos=3, greaterPos=1, teammate=2, curAction=[, actionList_size=1
[22:06:51] [YFAdapter-P0] [INFO] [YF-P0] Decided: action_index=0, action=['PASS', 'PASS', 'PASS']
[22:06:51] [HybridV4-P0] [INFO] ✓ Decision complete: action=0 (score=-5.0, layer=YF), candidates=1, time=0.013s
[22:06:51] [yf1_v4] [INFO] 0号位打出['PASS', 'PASS', 'PASS']， 最大动作为1号位打出的['ThreeWithTwo', 'Q', ['SQ', 'HQ', 'DQ', 'SJ', 'HJ']]
[22:06:51] [yf1_v4] [INFO] 1号位打出['Single', 'B', ['SB']]， 最大动作为1号位打出的['Single', 'B', ['SB']]
[22:06:51] [yf1_v4] [INFO] 2号位打出['PASS', 'PASS', 'PASS']， 最大动作为1号位打出的['Single', 'B', ['SB']]
[22:06:51] [yf1_v4] [INFO] 3号位打出['PASS', 'PASS', 'PASS']， 最大动作为1号位打出的['Single', 'B', ['SB']]
[22:06:51] [yf1_v4] [INFO] 3号位打出['Pair', '6', ['C6', 'C6']]， 最大动作为3号位打出的['Pair', '6', ['C6', 'C6']]
[22:06:51] [YFAdapter-P0] [INFO] [YF-P0] Decision context: myPos=0, curPos=3, greaterPos=3, teammate=2, curAction=[, actionList_size=4
[22:06:51] [YFAdapter-P0] [INFO] [YF-P0] Decided: action_index=0, action=['PASS', 'PASS', 'PASS']
[22:06:51] [YFAdapter-P0] [WARNING] [YF-P0] 检测到过于保守: 对手快走完(剩0张), 触发Layer 2/3进行更积极的决策
[22:06:51] [HybridV4-P0] [INFO] ✓ Decision complete: action=1 (score=155.6, layer=DecisionEngine), candidates=4, time=0.007s
[22:06:51] [yf1_v4] [INFO] 0号位打出['Pair', '8', ['S8', 'C8']]， 最大动作为0号位打出的['Pair', '8', ['S8', 'C8']]
[22:06:51] [yf1_v4] [INFO] 2号位打出['Pair', 'T', ['CT', 'DT']]， 最大动作为2号位打出的['Pair', 'T', ['CT', 'DT']]
[22:06:51] [yf1_v4] [INFO] 3号位打出['Pair', 'R', ['HR', 'HR']]， 最大动作为3号位打出的['Pair', 'R', ['HR', 'HR']]
[22:06:51] [YFAdapter-P0] [INFO] [YF-P0] Decision context: myPos=0, curPos=3, greaterPos=3, teammate=2, curAction=[, actionList_size=1
[22:06:51] [YFAdapter-P0] [INFO] [YF-P0] Decided: action_index=0, action=['PASS', 'PASS', 'PASS']
[22:06:51] [HybridV4-P0] [INFO] ✓ Decision complete: action=0 (score=-5.0, layer=YF), candidates=1, time=0.014s
[22:06:51] [yf1_v4] [INFO] 0号位打出['PASS', 'PASS', 'PASS']， 最大动作为3号位打出的['Pair', 'R', ['HR', 'HR']]
[22:06:51] [yf1_v4] [INFO] 2号位打出['PASS', 'PASS', 'PASS']， 最大动作为3号位打出的['Pair', 'R', ['HR', 'HR']]
[22:06:51] [yf1_v4] [INFO] 3号位打出['Single', 'T', ['DT']]， 最大动作为3号位打出的['Single', 'T', ['DT']]
[22:06:51] [YFAdapter-P0] [INFO] [YF-P0] Decision context: myPos=0, curPos=3, greaterPos=3, teammate=2, curAction=[, actionList_size=1
[22:06:51] [YFAdapter-P0] [INFO] [YF-P0] Decided: action_index=0, action=['PASS', 'PASS', 'PASS']
[22:06:51] [HybridV4-P0] [INFO] ✓ Decision complete: action=0 (score=-5.0, layer=YF), candidates=1, time=0.004s
[22:06:51] [yf1_v4] [INFO] 0号位打出['PASS', 'PASS', 'PASS']， 最大动作为3号位打出的['Single', 'T', ['DT']]
[22:06:51] [yf1_v4] [INFO] 2号位打出['Single', 'Q', ['HQ']]， 最大动作为2号位打出的['Single', 'Q', ['HQ']]
[22:06:51] [yf1_v4] [INFO] 3号位打出['Bomb', 'A', ['HA', 'HA', 'CA', 'DA', 'DA']]， 最大动作为3号位打出的['Bomb', 'A', ['HA', 'HA', 'CA', 'DA', 'DA']]
[22:06:51] [YFAdapter-P0] [INFO] [YF-P0] Decision context: myPos=0, curPos=3, greaterPos=3, teammate=2, curAction=[, actionList_size=1
[22:06:51] [YFAdapter-P0] [INFO] [YF-P0] Decided: action_index=0, action=['PASS', 'PASS', 'PASS']
[22:06:51] [HybridV4-P0] [INFO] ✓ Decision complete: action=0 (score=-5.0, layer=YF), candidates=1, time=0.016s
[22:06:51] [yf1_v4] [INFO] 0号位打出['PASS', 'PASS', 'PASS']， 最大动作为3号位打出的['Bomb', 'A', ['HA', 'HA', 'CA', 'DA', 'DA']]
[22:06:51] [yf1_v4] [INFO] 2号位打出['PASS', 'PASS', 'PASS']， 最大动作为3号位打出的['Bomb', 'A', ['HA', 'HA', 'CA', 'DA', 'DA']]
[22:06:51] [yf1_v4] [INFO] 3号位打出['Single', 'J', ['SJ']]， 最大动作为3号位打出的['Single', 'J', ['SJ']]
[22:06:51] [yf1_v4] [INFO] 游戏开始, 我是0号位，手牌：['C2', 'C2', 'D2', 'H3', 'C3', 'C4', 'D4', 'H5', 'D6', 'C7', 'C7', 'S9', 'H9', 'D9', 'HT', 'HT', 'CT', 'HJ', 'HJ', 'CJ', 'DJ', 'SQ', 'DQ', 'CK', 'DK', 'CA', 'S8']
[22:06:51] [YFAdapter-P0] [INFO] [YF-P0] Decision context: myPos=0, curPos=-1, greaterPos=-1, teammate=2, curAction=[, actionList_size=1
[22:06:51] [YFAdapter-P0] [INFO] [YF-P0] Decided: action_index=0, action=['tribute', 'tribute', [['S', '8']]]
[22:06:51] [HybridV4-P0] [INFO] ✓ Decision complete: action=0 (score=110.0, layer=YF), candidates=1, time=0.002s
[22:06:51] [yf1_v4] [INFO] 2号位打出['Straight', '9', ['C9', 'ST', 'SJ', 'SQ', 'SK']]， 最大动作为2号位打出的['Straight', '9', ['C9', 'ST', 'SJ', 'SQ', 'SK']]
[22:06:51] [yf1_v4] [INFO] 3号位打出['Bomb', '3', ['S3', 'S3', 'H3', 'D3']]， 最大动作为3号位打出的['Bomb', '3', ['S3', 'S3', 'H3', 'D3']]
[22:06:51] [YFAdapter-P0] [INFO] [YF-P0] Decision context: myPos=0, curPos=3, greaterPos=3, teammate=2, curAction=[, actionList_size=2
[22:06:51] [YFAdapter-P0] [INFO] [YF-P0] Decided: action_index=0, action=['PASS', 'PASS', 'PASS']
[22:06:51] [HybridV4-P0] [INFO] ✓ Decision complete: action=1 (score=139.0, layer=YF), candidates=2, time=0.017s
[22:06:51] [yf1_v4] [INFO] 0号位打出['Bomb', 'J', ['HJ', 'HJ', 'CJ', 'DJ']]， 最大动作为0号位打出的['Bomb', 'J', ['HJ', 'HJ', 'CJ', 'DJ']]
[22:06:51] [yf1_v4] [INFO] 1号位打出['PASS', 'PASS', 'PASS']， 最大动作为0号位打出的['Bomb', 'J', ['HJ', 'HJ', 'CJ', 'DJ']]
[22:06:51] [yf1_v4] [INFO] 2号位打出['Bomb', 'A', ['SA', 'SA', 'HA', 'DA']]， 最大动作为2号位打出的['Bomb', 'A', ['SA', 'SA', 'HA', 'DA']]
[22:06:51] [yf1_v4] [INFO] 3号位打出['PASS', 'PASS', 'PASS']， 最大动作为2号位打出的['Bomb', 'A', ['SA', 'SA', 'HA', 'DA']]
[22:06:51] [YFAdapter-P0] [INFO] [YF-P0] Decision context: myPos=0, curPos=3, greaterPos=2, teammate=2, curAction=[, actionList_size=1
[22:06:51] [YFAdapter-P0] [INFO] [YF-P0] Decided: action_index=0, action=['PASS', 'PASS', 'PASS']
[22:06:51] [HybridV4-P0] [INFO] ✓ Decision complete: action=0 (score=95.0, layer=YF), candidates=1, time=0.003s
[22:06:51] [yf1_v4] [INFO] 0号位打出['PASS', 'PASS', 'PASS']， 最大动作为2号位打出的['Bomb', 'A', ['SA', 'SA', 'HA', 'DA']]
[22:06:51] [yf1_v4] [INFO] 1号位打出['Bomb', '8', ['S8', 'H8', 'H8', 'D8']]， 最大动作为1号位打出的['Bomb', '8', ['S8', 'H8', 'H8', 'D8']]
[22:06:51] [yf1_v4] [INFO] 2号位打出['Bomb', '4', ['S4', 'S4', 'H4', 'C4', 'D4']]， 最大动作为2号位打出的['Bomb', '4', ['S4', 'S4', 'H4', 'C4', 'D4']]
[22:06:51] [yf1_v4] [INFO] 3号位打出['PASS', 'PASS', 'PASS']， 最大动作为2号位打出的['Bomb', '4', ['S4', 'S4', 'H4', 'C4', 'D4']]
[22:06:51] [YFAdapter-P0] [INFO] [YF-P0] Decision context: myPos=0, curPos=3, greaterPos=2, teammate=2, curAction=[, actionList_size=1
[22:06:51] [YFAdapter-P0] [INFO] [YF-P0] Decided: action_index=0, action=['PASS', 'PASS', 'PASS']
[22:06:51] [HybridV4-P0] [INFO] ✓ Decision complete: action=0 (score=95.0, layer=YF), candidates=1, time=0.004s
[22:06:51] [yf1_v4] [INFO] 0号位打出['PASS', 'PASS', 'PASS']， 最大动作为2号位打出的['Bomb', '4', ['S4', 'S4', 'H4', 'C4', 'D4']]
[22:06:51] [yf1_v4] [INFO] 1号位打出['PASS', 'PASS', 'PASS']， 最大动作为2号位打出的['Bomb', '4', ['S4', 'S4', 'H4', 'C4', 'D4']]
[22:06:51] [yf1_v4] [INFO] 2号位打出['Pair', '3', ['C3', 'D3']]， 最大动作为2号位打出的['Pair', '3', ['C3', 'D3']]
[22:06:51] [yf1_v4] [INFO] 3号位打出['Pair', '5', ['C5', 'D5']]， 最大动作为3号位打出的['Pair', '5', ['C5', 'D5']]
[22:06:51] [YFAdapter-P0] [INFO] [YF-P0] Decision context: myPos=0, curPos=3, greaterPos=3, teammate=2, curAction=[, actionList_size=9
[22:06:51] [YFAdapter-P0] [INFO] [YF-P0] Decided: action_index=0, action=['PASS', 'PASS', 'PASS']
[22:06:51] [HybridV4-P0] [INFO] ✓ Decision complete: action=7 (score=139.0, layer=YF), candidates=8, time=0.005s
[22:06:51] [yf1_v4] [INFO] 0号位打出['Pair', 'Q', ['SQ', 'DQ']]， 最大动作为0号位打出的['Pair', 'Q', ['SQ', 'DQ']]
[22:06:51] [yf1_v4] [INFO] 1号位打出['Pair', 'A', ['HA', 'CA']]， 最大动作为1号位打出的['Pair', 'A', ['HA', 'CA']]
[22:06:51] [yf1_v4] [INFO] 2号位打出['PASS', 'PASS', 'PASS']， 最大动作为1号位打出的['Pair', 'A', ['HA', 'CA']]
[22:06:51] [yf1_v4] [INFO] 3号位打出['PASS', 'PASS', 'PASS']， 最大动作为1号位打出的['Pair', 'A', ['HA', 'CA']]
[22:06:51] [YFAdapter-P0] [INFO] [YF-P0] Decision context: myPos=0, curPos=3, greaterPos=1, teammate=2, curAction=[, actionList_size=1
[22:06:51] [YFAdapter-P0] [INFO] [YF-P0] Decided: action_index=0, action=['PASS', 'PASS', 'PASS']
[22:06:51] [HybridV4-P0] [INFO] ✓ Decision complete: action=0 (score=95.0, layer=YF), candidates=1, time=0.006s
[22:06:51] [yf1_v4] [INFO] 0号位打出['PASS', 'PASS', 'PASS']， 最大动作为1号位打出的['Pair', 'A', ['HA', 'CA']]
[22:06:51] [yf1_v4] [INFO] 1号位打出['Single', '2', ['D2']]， 最大动作为1号位打出的['Single', '2', ['D2']]
[22:06:51] [yf1_v4] [INFO] 2号位打出['Single', 'J', ['SJ']]， 最大动作为2号位打出的['Single', 'J', ['SJ']]
[22:06:51] [yf1_v4] [INFO] 3号位打出['Single', 'A', ['DA']]， 最大动作为3号位打出的['Single', 'A', ['DA']]
[22:06:51] [YFAdapter-P0] [INFO] [YF-P0] Decision context: myPos=0, curPos=3, greaterPos=3, teammate=2, curAction=[, actionList_size=1
[22:06:51] [YFAdapter-P0] [INFO] [YF-P0] Decided: action_index=0, action=['PASS', 'PASS', 'PASS']
[22:06:51] [HybridV4-P0] [INFO] ✓ Decision complete: action=0 (score=95.0, layer=YF), candidates=1, time=0.005s
[22:06:51] [yf1_v4] [INFO] 0号位打出['PASS', 'PASS', 'PASS']， 最大动作为3号位打出的['Single', 'A', ['DA']]
[22:06:51] [yf1_v4] [INFO] 1号位打出['PASS', 'PASS', 'PASS']， 最大动作为3号位打出的['Single', 'A', ['DA']]
[22:06:51] [yf1_v4] [INFO] 2号位打出['Single', '8', ['D8']]， 最大动作为2号位打出的['Single', '8', ['D8']]
[22:06:51] [yf1_v4] [INFO] 3号位打出['Single', 'B', ['SB']]， 最大动作为3号位打出的['Single', 'B', ['SB']]
[22:06:51] [YFAdapter-P0] [INFO] [YF-P0] Decision context: myPos=0, curPos=3, greaterPos=3, teammate=2, curAction=[, actionList_size=1
[22:06:51] [YFAdapter-P0] [INFO] [YF-P0] Decided: action_index=0, action=['PASS', 'PASS', 'PASS']
[22:06:51] [HybridV4-P0] [INFO] ✓ Decision complete: action=0 (score=95.0, layer=YF), candidates=1, time=0.012s
[22:06:51] [yf1_v4] [INFO] 0号位打出['PASS', 'PASS', 'PASS']， 最大动作为3号位打出的['Single', 'B', ['SB']]
[22:06:51] [yf1_v4] [INFO] 1号位打出['PASS', 'PASS', 'PASS']， 最大动作为3号位打出的['Single', 'B', ['SB']]
[22:06:51] [yf1_v4] [INFO] 2号位打出['PASS', 'PASS', 'PASS']， 最大动作为3号位打出的['Single', 'B', ['SB']]
[22:06:51] [yf1_v4] [INFO] 3号位打出['Single', '2', ['S2']]， 最大动作为3号位打出的['Single', '2', ['S2']]
[22:06:51] [YFAdapter-P0] [INFO] [YF-P0] Decision context: myPos=0, curPos=3, greaterPos=3, teammate=2, curAction=[, actionList_size=17
[22:06:51] [YFAdapter-P0] [INFO] [YF-P0] Decided: action_index=0, action=['PASS', 'PASS', 'PASS']
[22:06:51] [HybridV4-P0] [INFO] ✓ Decision complete: action=16 (score=142.5, layer=YF), candidates=8, time=0.005s
[22:06:51] [yf1_v4] [INFO] 0号位打出['Single', 'A', ['CA']]， 最大动作为0号位打出的['Single', 'A', ['CA']]
[22:06:51] [yf1_v4] [INFO] 1号位打出['Single', '8', ['C8']]， 最大动作为1号位打出的['Single', '8', ['C8']]
[22:06:51] [yf1_v4] [INFO] 2号位打出['PASS', 'PASS', 'PASS']， 最大动作为1号位打出的['Single', '8', ['C8']]
[22:06:51] [yf1_v4] [INFO] 3号位打出['PASS', 'PASS', 'PASS']， 最大动作为1号位打出的['Single', '8', ['C8']]
[22:06:51] [YFAdapter-P0] [INFO] [YF-P0] Decision context: myPos=0, curPos=3, greaterPos=1, teammate=2, curAction=[, actionList_size=1
[22:06:51] [YFAdapter-P0] [INFO] [YF-P0] Decided: action_index=0, action=['PASS', 'PASS', 'PASS']
[22:06:51] [HybridV4-P0] [INFO] ✓ Decision complete: action=0 (score=95.0, layer=YF), candidates=1, time=0.016s
[22:06:51] [yf1_v4] [INFO] 0号位打出['PASS', 'PASS', 'PASS']， 最大动作为1号位打出的['Single', '8', ['C8']]
[22:06:51] [yf1_v4] [INFO] 1号位打出['Single', '7', ['D7']]， 最大动作为1号位打出的['Single', '7', ['D7']]
[22:06:51] [yf1_v4] [INFO] 2号位打出['Single', 'T', ['CT']]， 最大动作为2号位打出的['Single', 'T', ['CT']]
[22:06:51] [yf1_v4] [INFO] 3号位打出['Single', 'J', ['CJ']]， 最大动作为3号位打出的['Single', 'J', ['CJ']]
[22:06:51] [YFAdapter-P0] [INFO] [YF-P0] Decision context: myPos=0, curPos=3, greaterPos=3, teammate=2, curAction=[, actionList_size=3
[22:06:51] [YFAdapter-P0] [INFO] [YF-P0] Decided: action_index=0, action=['PASS', 'PASS', 'PASS']
[22:06:51] [HybridV4-P0] [INFO] ✓ Decision complete: action=1 (score=139.0, layer=YF), candidates=3, time=0.005s
[22:06:51] [yf1_v4] [INFO] 0号位打出['Single', 'K', ['CK']]， 最大动作为0号位打出的['Single', 'K', ['CK']]
[22:06:51] [yf1_v4] [INFO] 1号位打出['Single', '8', ['C8']]， 最大动作为1号位打出的['Single', '8', ['C8']]
[22:06:51] [yf1_v4] [INFO] 2号位打出['PASS', 'PASS', 'PASS']， 最大动作为1号位打出的['Single', '8', ['C8']]
[22:06:51] [yf1_v4] [INFO] 3号位打出['PASS', 'PASS', 'PASS']， 最大动作为1号位打出的['Single', '8', ['C8']]
[22:06:51] [YFAdapter-P0] [INFO] [YF-P0] Decision context: myPos=0, curPos=3, greaterPos=1, teammate=2, curAction=[, actionList_size=1
[22:06:51] [YFAdapter-P0] [INFO] [YF-P0] Decided: action_index=0, action=['PASS', 'PASS', 'PASS']
[22:06:51] [HybridV4-P0] [INFO] ✓ Decision complete: action=0 (score=95.0, layer=YF), candidates=1, time=0.005s
[22:06:51] [yf1_v4] [INFO] 0号位打出['PASS', 'PASS', 'PASS']， 最大动作为1号位打出的['Single', '8', ['C8']]
[22:06:52] [yf1_v4] [INFO] 1号位打出['Single', '9', ['C9']]， 最大动作为1号位打出的['Single', '9', ['C9']]
[22:06:52] [yf1_v4] [INFO] 2号位打出['Single', 'T', ['DT']]， 最大动作为2号位打出的['Single', 'T', ['DT']]
[22:06:52] [yf1_v4] [INFO] 3号位打出['Single', '8', ['S8']]， 最大动作为3号位打出的['Single', '8', ['S8']]
[22:06:52] [YFAdapter-P0] [INFO] [YF-P0] Decision context: myPos=0, curPos=3, greaterPos=3, teammate=2, curAction=[, actionList_size=1
[22:06:52] [YFAdapter-P0] [INFO] [YF-P0] Decided: action_index=0, action=['PASS', 'PASS', 'PASS']
[22:06:52] [HybridV4-P0] [INFO] ✓ Decision complete: action=0 (score=95.0, layer=YF), candidates=1, time=0.007s
[22:06:52] [yf1_v4] [INFO] 0号位打出['PASS', 'PASS', 'PASS']， 最大动作为3号位打出的['Single', '8', ['S8']]
[22:06:52] [yf1_v4] [INFO] 1号位打出['PASS', 'PASS', 'PASS']， 最大动作为3号位打出的['Single', '8', ['S8']]
[22:06:52] [yf1_v4] [INFO] 2号位打出['PASS', 'PASS', 'PASS']， 最大动作为3号位打出的['Single', '8', ['S8']]
[22:06:52] [yf1_v4] [INFO] 3号位打出['Single', '2', ['H2']]， 最大动作为3号位打出的['Single', '2', ['H2']]
[22:06:52] [YFAdapter-P0] [INFO] [YF-P0] Decision context: myPos=0, curPos=3, greaterPos=3, teammate=2, curAction=[, actionList_size=15
[22:06:52] [YFAdapter-P0] [INFO] [YF-P0] Decided: action_index=0, action=['PASS', 'PASS', 'PASS']
[22:06:52] [HybridV4-P0] [INFO] ✓ Decision complete: action=14 (score=159.0, layer=YF), candidates=8, time=0.004s
[22:06:52] [yf1_v4] [INFO] 0号位打出['Single', 'K', ['DK']]， 最大动作为0号位打出的['Single', 'K', ['DK']]
[22:06:52] [yf1_v4] [INFO] 1号位打出['Single', 'B', ['SB']]， 最大动作为1号位打出的['Single', 'B', ['SB']]
[22:06:52] [yf1_v4] [INFO] 2号位打出['PASS', 'PASS', 'PASS']， 最大动作为1号位打出的['Single', 'B', ['SB']]
[22:06:52] [yf1_v4] [INFO] 3号位打出['PASS', 'PASS', 'PASS']， 最大动作为1号位打出的['Single', 'B', ['SB']]
[22:06:52] [YFAdapter-P0] [INFO] [YF-P0] Decision context: myPos=0, curPos=3, greaterPos=1, teammate=2, curAction=[, actionList_size=1
[22:06:52] [YFAdapter-P0] [INFO] [YF-P0] Decided: action_index=0, action=['PASS', 'PASS', 'PASS']
[22:06:52] [HybridV4-P0] [INFO] ✓ Decision complete: action=0 (score=95.0, layer=YF), candidates=1, time=0.004s
[22:06:52] [yf1_v4] [INFO] 0号位打出['PASS', 'PASS', 'PASS']， 最大动作为1号位打出的['Single', 'B', ['SB']]
[22:06:52] [yf1_v4] [INFO] 1号位打出['Single', 'J', ['DJ']]， 最大动作为1号位打出的['Single', 'J', ['DJ']]
[22:06:52] [yf1_v4] [INFO] 2号位打出['PASS', 'PASS', 'PASS']， 最大动作为1号位打出的['Single', 'J', ['DJ']]
[22:06:52] [yf1_v4] [INFO] 3号位打出['Single', 'R', ['HR']]， 最大动作为3号位打出的['Single', 'R', ['HR']]
[22:06:52] [YFAdapter-P0] [INFO] [YF-P0] Decision context: myPos=0, curPos=3, greaterPos=3, teammate=2, curAction=[, actionList_size=1
[22:06:52] [YFAdapter-P0] [INFO] [YF-P0] Decided: action_index=0, action=['PASS', 'PASS', 'PASS']
[22:06:52] [HybridV4-P0] [INFO] ✓ Decision complete: action=0 (score=95.0, layer=YF), candidates=1, time=0.009s
[22:06:52] [yf1_v4] [INFO] 0号位打出['PASS', 'PASS', 'PASS']， 最大动作为3号位打出的['Single', 'R', ['HR']]
[22:06:52] [yf1_v4] [INFO] 1号位打出['PASS', 'PASS', 'PASS']， 最大动作为3号位打出的['Single', 'R', ['HR']]
[22:06:52] [yf1_v4] [INFO] 2号位打出['PASS', 'PASS', 'PASS']， 最大动作为3号位打出的['Single', 'R', ['HR']]
[22:06:52] [yf1_v4] [INFO] 3号位打出['Single', '6', ['H6']]， 最大动作为3号位打出的['Single', '6', ['H6']]
[22:06:52] [YFAdapter-P0] [INFO] [YF-P0] Decision context: myPos=0, curPos=3, greaterPos=3, teammate=2, curAction=[, actionList_size=7
[22:06:52] [YFAdapter-P0] [INFO] [YF-P0] Decided: action_index=0, action=['PASS', 'PASS', 'PASS']
[22:06:52] [HybridV4-P0] [INFO] ✓ Decision complete: action=1 (score=155.5, layer=YF), candidates=6, time=0.011s
[22:06:52] [yf1_v4] [INFO] 0号位打出['Single', '7', ['C7']]， 最大动作为0号位打出的['Single', '7', ['C7']]
[22:06:52] [yf1_v4] [INFO] 1号位打出['PASS', 'PASS', 'PASS']， 最大动作为0号位打出的['Single', '7', ['C7']]
[22:06:52] [yf1_v4] [INFO] 2号位打出['PASS', 'PASS', 'PASS']， 最大动作为0号位打出的['Single', '7', ['C7']]
[22:06:52] [yf1_v4] [INFO] 3号位打出['Single', 'R', ['HR']]， 最大动作为3号位打出的['Single', 'R', ['HR']]
[22:06:52] [YFAdapter-P0] [INFO] [YF-P0] Decision context: myPos=0, curPos=3, greaterPos=3, teammate=2, curAction=[, actionList_size=1
[22:06:52] [YFAdapter-P0] [INFO] [YF-P0] Decided: action_index=0, action=['PASS', 'PASS', 'PASS']
[22:06:52] [HybridV4-P0] [INFO] ✓ Decision complete: action=0 (score=95.0, layer=YF), candidates=1, time=0.004s
[22:06:52] [yf1_v4] [INFO] 0号位打出['PASS', 'PASS', 'PASS']， 最大动作为3号位打出的['Single', 'R', ['HR']]
[22:06:52] [yf1_v4] [INFO] 1号位打出['PASS', 'PASS', 'PASS']， 最大动作为3号位打出的['Single', 'R', ['HR']]
[22:06:52] [yf1_v4] [INFO] 2号位打出['PASS', 'PASS', 'PASS']， 最大动作为3号位打出的['Single', 'R', ['HR']]
[22:06:52] [yf1_v4] [INFO] 3号位打出['ThreeWithTwo', '7', ['S7', 'H7', 'D7', 'C6', 'C6']]， 最大动作为3号位打出的['ThreeWithTwo', '7', ['S7', 'H7', 'D7', 'C6', 'C6']]
[22:06:52] [YFAdapter-P0] [INFO] [YF-P0] Decision context: myPos=0, curPos=3, greaterPos=3, teammate=2, curAction=[, actionList_size=18
[22:06:52] [YFAdapter-P0] [INFO] [YF-P0] Decided: action_index=0, action=['PASS', 'PASS', 'PASS']
[22:06:52] [HybridV4-P0] [INFO] ✓ Decision complete: action=1 (score=182.5, layer=YF), candidates=6, time=0.018s
[22:06:52] [yf1_v4] [INFO] 0号位打出['ThreeWithTwo', '9', ['S9', 'H9', 'D9', 'C2', 'D2']]， 最大动作为0号位打出的['ThreeWithTwo', '9', ['S9', 'H9', 'D9', 'C2', 'D2']]
[22:06:52] [yf1_v4] [INFO] 1号位打出['ThreeWithTwo', 'K', ['HK', 'CK', 'DK', 'S5', 'S5']]， 最大动作为1号位打出的['ThreeWithTwo', 'K', ['HK', 'CK', 'DK', 'S5', 'S5']]
[22:06:52] [yf1_v4] [INFO] 2号位打出['PASS', 'PASS', 'PASS']， 最大动作为1号位打出的['ThreeWithTwo', 'K', ['HK', 'CK', 'DK', 'S5', 'S5']]
[22:06:52] [yf1_v4] [INFO] 3号位打出['PASS', 'PASS', 'PASS']， 最大动作为1号位打出的['ThreeWithTwo', 'K', ['HK', 'CK', 'DK', 'S5', 'S5']]
[22:06:52] [YFAdapter-P0] [INFO] [YF-P0] Decision context: myPos=0, curPos=3, greaterPos=1, teammate=2, curAction=[, actionList_size=1
[22:06:52] [YFAdapter-P0] [INFO] [YF-P0] Decided: action_index=0, action=['PASS', 'PASS', 'PASS']
[22:06:52] [HybridV4-P0] [INFO] ✓ Decision complete: action=0 (score=75.0, layer=YF), candidates=1, time=0.003s
[22:06:52] [yf1_v4] [INFO] 0号位打出['PASS', 'PASS', 'PASS']， 最大动作为1号位打出的['ThreeWithTwo', 'K', ['HK', 'CK', 'DK', 'S5', 'S5']]
[22:06:52] [yf1_v4] [INFO] 1号位打出['ThreeWithTwo', 'Q', ['CQ', 'CQ', 'DQ', 'ST', 'DT']]， 最大动作为1号位打出的['ThreeWithTwo', 'Q', ['CQ', 'CQ', 'DQ', 'ST', 'DT']]
[22:06:52] [yf1_v4] [INFO] 2号位打出['PASS', 'PASS', 'PASS']， 最大动作为1号位打出的['ThreeWithTwo', 'Q', ['CQ', 'CQ', 'DQ', 'ST', 'DT']]
[22:06:52] [yf1_v4] [INFO] 3号位打出['PASS', 'PASS', 'PASS']， 最大动作为1号位打出的['ThreeWithTwo', 'Q', ['CQ', 'CQ', 'DQ', 'ST', 'DT']]
[22:06:52] [YFAdapter-P0] [INFO] [YF-P0] Decision context: myPos=0, curPos=3, greaterPos=1, teammate=2, curAction=[, actionList_size=1
[22:06:52] [YFAdapter-P0] [INFO] [YF-P0] Decided: action_index=0, action=['PASS', 'PASS', 'PASS']
[22:06:52] [HybridV4-P0] [INFO] ✓ Decision complete: action=0 (score=125.0, layer=YF), candidates=1, time=0.004s
[22:06:52] [yf1_v4] [INFO] 0号位打出['PASS', 'PASS', 'PASS']， 最大动作为1号位打出的['ThreeWithTwo', 'Q', ['CQ', 'CQ', 'DQ', 'ST', 'DT']]
[22:06:52] [yf1_v4] [INFO] 1号位打出['Bomb', '6', ['S6', 'S6', 'H6', 'D6']]， 最大动作为1号位打出的['Bomb', '6', ['S6', 'S6', 'H6', 'D6']]
[22:06:52] [yf1_v4] [INFO] 2号位打出['PASS', 'PASS', 'PASS']， 最大动作为1号位打出的['Bomb', '6', ['S6', 'S6', 'H6', 'D6']]
[22:06:52] [yf1_v4] [INFO] 3号位打出['PASS', 'PASS', 'PASS']， 最大动作为1号位打出的['Bomb', '6', ['S6', 'S6', 'H6', 'D6']]
[22:06:52] [yf1_v4] [INFO] 3号位打出['ThreeWithTwo', '9', ['S9', 'H9', 'D9', 'HQ', 'HQ']]， 最大动作为3号位打出的['ThreeWithTwo', '9', ['S9', 'H9', 'D9', 'HQ', 'HQ']]
[22:06:52] [YFAdapter-P0] [INFO] [YF-P0] Decision context: myPos=0, curPos=3, greaterPos=3, teammate=2, curAction=[, actionList_size=5
[22:06:52] [YFAdapter-P0] [INFO] [YF-P0] Decided: action_index=0, action=['PASS', 'PASS', 'PASS']
[22:06:52] [YFAdapter-P0] [WARNING] [YF-P0] 检测到过于保守: 对手快走完(剩0张), 触发Layer 2/3进行更积极的决策
[22:06:52] [HybridV4-P0] [INFO] ✓ Decision complete: action=1 (score=155.6, layer=DecisionEngine), candidates=5, time=0.016s
[22:06:52] [yf1_v4] [INFO] 0号位打出['ThreeWithTwo', 'T', ['HT', 'HT', 'CT', 'H3', 'C3']]， 最大动作为0号位打出的['ThreeWithTwo', 'T', ['HT', 'HT', 'CT', 'H3', 'C3']]
[22:06:52] [yf1_v4] [INFO] 2号位打出['PASS', 'PASS', 'PASS']， 最大动作为0号位打出的['ThreeWithTwo', 'T', ['HT', 'HT', 'CT', 'H3', 'C3']]
[22:06:52] [yf1_v4] [INFO] 3号位打出['PASS', 'PASS', 'PASS']， 最大动作为0号位打出的['ThreeWithTwo', 'T', ['HT', 'HT', 'CT', 'H3', 'C3']]
[22:06:52] [YFAdapter-P0] [INFO] [YF-P0] Decision context: myPos=0, curPos=-1, greaterPos=-1, teammate=2, curAction=[, actionList_size=11
[22:06:52] [YFAdapter-P0] [INFO] [YF-P0] Decided: action_index=0, action=['Single', '2', [['C', '2']]]
[22:06:52] [YFAdapter-P0] [WARNING] [YF-P0] 检测到过于保守: 对手快走完(剩0张), 触发Layer 2/3进行更积极的决策
[22:06:52] [HybridV4-P0] [INFO] ✓ Decision complete: action=7 (score=100.6, layer=DecisionEngine), candidates=5, time=0.019s
[22:06:52] [yf1_v4] [INFO] 0号位打出['Pair', '4', ['H4', 'D4']]， 最大动作为0号位打出的['Pair', '4', ['H4', 'D4']]
[22:06:52] [yf1_v4] [INFO] 2号位打出['Pair', '5', ['H5', 'D5']]， 最大动作为2号位打出的['Pair', '5', ['H5', 'D5']]
[22:06:52] [yf1_v4] [INFO] 3号位打出['Pair', 'K', ['SK', 'HK']]， 最大动作为3号位打出的['Pair', 'K', ['SK', 'HK']]
[22:06:52] [yf1_v4] [INFO] 游戏开始, 我是0号位，手牌：['C2', 'C2', 'C3', 'H4', 'C4', 'S5', 'C5', 'S6', 'D6', 'D7', 'H8', 'D8', 'D9', 'SQ', 'HQ', 'CQ', 'DQ', 'HK', 'CK', 'DK', 'SA', 'CA', 'DA', 'CJ', 'DJ', 'DJ', 'HR']
[22:06:52] [yf1_v4] [INFO] 1号位打出['Single', '6', ['H6']]， 最大动作为1号位打出的['Single', '6', ['H6']]
[22:06:52] [yf1_v4] [INFO] 2号位打出['Single', 'B', ['SB']]， 最大动作为2号位打出的['Single', 'B', ['SB']]
[22:06:52] [yf1_v4] [INFO] 3号位打出['PASS', 'PASS', 'PASS']， 最大动作为2号位打出的['Single', 'B', ['SB']]
[22:06:52] [YFAdapter-P0] [INFO] [YF-P0] Decision context: myPos=0, curPos=3, greaterPos=2, teammate=2, curAction=[, actionList_size=4
[22:06:52] [YFAdapter-P0] [INFO] [YF-P0] Decided: action_index=0, action=['PASS', 'PASS', 'PASS']
[22:06:52] [HybridV4-P0] [INFO] ✓ Decision complete: action=1 (score=112.5, layer=YF), candidates=4, time=0.005s
[22:06:52] [yf1_v4] [INFO] 0号位打出['Single', 'R', ['HR']]， 最大动作为0号位打出的['Single', 'R', ['HR']]
[22:06:52] [yf1_v4] [INFO] 1号位打出['PASS', 'PASS', 'PASS']， 最大动作为0号位打出的['Single', 'R', ['HR']]
[22:06:52] [yf1_v4] [INFO] 2号位打出['Bomb', '2', ['H2', 'H2', 'HJ', 'HJ']]， 最大动作为2号位打出的['Bomb', '2', ['H2', 'H2', 'HJ', 'HJ']]
[22:06:52] [yf1_v4] [INFO] 3号位打出['PASS', 'PASS', 'PASS']， 最大动作为2号位打出的['Bomb', '2', ['H2', 'H2', 'HJ', 'HJ']]
[22:06:52] [YFAdapter-P0] [INFO] [YF-P0] Decision context: myPos=0, curPos=3, greaterPos=2, teammate=2, curAction=[, actionList_size=2
[22:06:52] [YFAdapter-P0] [INFO] [YF-P0] Decided: action_index=0, action=['PASS', 'PASS', 'PASS']
[22:06:52] [HybridV4-P0] [INFO] ✓ Decision complete: action=1 (score=109.0, layer=YF), candidates=2, time=0.014s
[22:06:52] [yf1_v4] [INFO] 0号位打出['Bomb', 'Q', ['SQ', 'HQ', 'CQ', 'DQ']]， 最大动作为0号位打出的['Bomb', 'Q', ['SQ', 'HQ', 'CQ', 'DQ']]
[22:06:52] [yf1_v4] [INFO] 1号位打出['PASS', 'PASS', 'PASS']， 最大动作为0号位打出的['Bomb', 'Q', ['SQ', 'HQ', 'CQ', 'DQ']]
[22:06:52] [yf1_v4] [INFO] 2号位打出['PASS', 'PASS', 'PASS']， 最大动作为0号位打出的['Bomb', 'Q', ['SQ', 'HQ', 'CQ', 'DQ']]
[22:06:52] [yf1_v4] [INFO] 3号位打出['PASS', 'PASS', 'PASS']， 最大动作为0号位打出的['Bomb', 'Q', ['SQ', 'HQ', 'CQ', 'DQ']]
[22:06:52] [YFAdapter-P0] [INFO] [YF-P0] Decision context: myPos=0, curPos=-1, greaterPos=-1, teammate=2, curAction=[, actionList_size=121
[22:06:52] [YFAdapter-P0] [INFO] [YF-P0] Decided: action_index=1, action=['Single', '3', [['C', '3']]]
[22:06:52] [HybridV4-P0] [INFO] ✓ Decision complete: action=1 (score=110.0, layer=YF), candidates=8, time=0.010s
[22:06:52] [yf1_v4] [INFO] 0号位打出['Single', '3', ['C3']]， 最大动作为0号位打出的['Single', '3', ['C3']]
[22:06:52] [yf1_v4] [INFO] 1号位打出['Single', 'K', ['HK']]， 最大动作为1号位打出的['Single', 'K', ['HK']]
[22:06:52] [yf1_v4] [INFO] 2号位打出['Single', 'R', ['HR']]， 最大动作为2号位打出的['Single', 'R', ['HR']]
[22:06:52] [yf1_v4] [INFO] 3号位打出['PASS', 'PASS', 'PASS']， 最大动作为2号位打出的['Single', 'R', ['HR']]
[22:06:52] [YFAdapter-P0] [INFO] [YF-P0] Decision context: myPos=0, curPos=3, greaterPos=2, teammate=2, curAction=[, actionList_size=1
[22:06:52] [YFAdapter-P0] [INFO] [YF-P0] Decided: action_index=0, action=['PASS', 'PASS', 'PASS']
[22:06:52] [HybridV4-P0] [INFO] ✓ Decision complete: action=0 (score=95.0, layer=YF), candidates=1, time=0.004s
[22:06:52] [yf1_v4] [INFO] 0号位打出['PASS', 'PASS', 'PASS']， 最大动作为2号位打出的['Single', 'R', ['HR']]
[22:06:52] [yf1_v4] [INFO] 1号位打出['PASS', 'PASS', 'PASS']， 最大动作为2号位打出的['Single', 'R', ['HR']]
[22:06:52] [yf1_v4] [INFO] 2号位打出['Single', '3', ['D3']]， 最大动作为2号位打出的['Single', '3', ['D3']]
[22:06:52] [yf1_v4] [INFO] 3号位打出['Single', '7', ['C7']]， 最大动作为3号位打出的['Single', '7', ['C7']]
[22:06:52] [YFAdapter-P0] [INFO] [YF-P0] Decision context: myPos=0, curPos=3, greaterPos=3, teammate=2, curAction=[, actionList_size=12
[22:06:52] [YFAdapter-P0] [INFO] [YF-P0] Decided: action_index=0, action=['PASS', 'PASS', 'PASS']
[22:06:52] [HybridV4-P0] [INFO] ✓ Decision complete: action=7 (score=142.5, layer=YF), candidates=8, time=0.013s
[22:06:52] [yf1_v4] [INFO] 0号位打出['Single', 'A', ['SA']]， 最大动作为0号位打出的['Single', 'A', ['SA']]
[22:06:52] [yf1_v4] [INFO] 1号位打出['Single', 'J', ['SJ']]， 最大动作为1号位打出的['Single', 'J', ['SJ']]
[22:06:52] [yf1_v4] [INFO] 2号位打出['PASS', 'PASS', 'PASS']， 最大动作为1号位打出的['Single', 'J', ['SJ']]
[22:06:52] [yf1_v4] [INFO] 3号位打出['PASS', 'PASS', 'PASS']， 最大动作为1号位打出的['Single', 'J', ['SJ']]
[22:06:52] [YFAdapter-P0] [INFO] [YF-P0] Decision context: myPos=0, curPos=3, greaterPos=1, teammate=2, curAction=[, actionList_size=1
[22:06:52] [YFAdapter-P0] [INFO] [YF-P0] Decided: action_index=0, action=['PASS', 'PASS', 'PASS']
[22:06:52] [HybridV4-P0] [INFO] ✓ Decision complete: action=0 (score=95.0, layer=YF), candidates=1, time=0.020s
[22:06:52] [yf1_v4] [INFO] 0号位打出['PASS', 'PASS', 'PASS']， 最大动作为1号位打出的['Single', 'J', ['SJ']]
[22:06:52] [yf1_v4] [INFO] 1号位打出['ThreeWithTwo', '3', ['S3', 'H3', 'D3', 'S4', 'C4']]， 最大动作为1号位打出的['ThreeWithTwo', '3', ['S3', 'H3', 'D3', 'S4', 'C4']]
[22:06:52] [yf1_v4] [INFO] 2号位打出['ThreeWithTwo', '7', ['S7', 'H7', 'H7', 'H4', 'D4']]， 最大动作为2号位打出的['ThreeWithTwo', '7', ['S7', 'H7', 'H7', 'H4', 'D4']]
[22:06:52] [yf1_v4] [INFO] 3号位打出['PASS', 'PASS', 'PASS']， 最大动作为2号位打出的['ThreeWithTwo', '7', ['S7', 'H7', 'H7', 'H4', 'D4']]
[22:06:52] [YFAdapter-P0] [INFO] [YF-P0] Decision context: myPos=0, curPos=3, greaterPos=2, teammate=2, curAction=[, actionList_size=18
[22:06:52] [YFAdapter-P0] [INFO] [YF-P0] Decided: action_index=0, action=['PASS', 'PASS', 'PASS']
[22:06:52] [HybridV4-P0] [INFO] ✓ Decision complete: action=1 (score=109.0, layer=YF), candidates=6, time=0.005s
[22:06:52] [yf1_v4] [INFO] 0号位打出['ThreeWithTwo', 'K', ['HK', 'CK', 'DK', 'C2', 'C2']]， 最大动作为0号位打出的['ThreeWithTwo', 'K', ['HK', 'CK', 'DK', 'C2', 'C2']]
[22:06:52] [yf1_v4] [INFO] 1号位打出['ThreeWithTwo', 'A', ['SA', 'HA', 'DA', 'S5', 'D5']]， 最大动作为1号位打出的['ThreeWithTwo', 'A', ['SA', 'HA', 'DA', 'S5', 'D5']]
[22:06:52] [yf1_v4] [INFO] 2号位打出['PASS', 'PASS', 'PASS']， 最大动作为1号位打出的['ThreeWithTwo', 'A', ['SA', 'HA', 'DA', 'S5', 'D5']]
[22:06:52] [yf1_v4] [INFO] 3号位打出['PASS', 'PASS', 'PASS']， 最大动作为1号位打出的['ThreeWithTwo', 'A', ['SA', 'HA', 'DA', 'S5', 'D5']]
[22:06:52] [YFAdapter-P0] [INFO] [YF-P0] Decision context: myPos=0, curPos=3, greaterPos=1, teammate=2, curAction=[, actionList_size=6
[22:06:52] [YFAdapter-P0] [INFO] [YF-P0] Decided: action_index=0, action=['PASS', 'PASS', 'PASS']
[22:06:52] [HybridV4-P0] [INFO] ✓ Decision complete: action=1 (score=159.0, layer=YF), candidates=6, time=0.015s
[22:06:52] [yf1_v4] [INFO] 0号位打出['ThreeWithTwo', 'J', ['CJ', 'DJ', 'DJ', 'H4', 'C4']]， 最大动作为0号位打出的['ThreeWithTwo', 'J', ['CJ', 'DJ', 'DJ', 'H4', 'C4']]
[22:06:52] [yf1_v4] [INFO] 1号位打出['Bomb', '2', ['S2', 'S2', 'D2', 'D2']]， 最大动作为1号位打出的['Bomb', '2', ['S2', 'S2', 'D2', 'D2']]
[22:06:52] [yf1_v4] [INFO] 2号位打出['PASS', 'PASS', 'PASS']， 最大动作为1号位打出的['Bomb', '2', ['S2', 'S2', 'D2', 'D2']]
[22:06:52] [yf1_v4] [INFO] 3号位打出['PASS', 'PASS', 'PASS']， 最大动作为1号位打出的['Bomb', '2', ['S2', 'S2', 'D2', 'D2']]
[22:06:52] [YFAdapter-P0] [INFO] [YF-P0] Decision context: myPos=0, curPos=3, greaterPos=1, teammate=2, curAction=[, actionList_size=1
[22:06:52] [YFAdapter-P0] [INFO] [YF-P0] Decided: action_index=0, action=['PASS', 'PASS', 'PASS']
[22:06:52] [HybridV4-P0] [INFO] ✓ Decision complete: action=0 (score=95.0, layer=YF), candidates=1, time=0.004s
[22:06:52] [yf1_v4] [INFO] 0号位打出['PASS', 'PASS', 'PASS']， 最大动作为1号位打出的['Bomb', '2', ['S2', 'S2', 'D2', 'D2']]
[22:06:52] [yf1_v4] [INFO] 1号位打出['ThreeWithTwo', '7', ['S7', 'C7', 'D7', 'H8', 'D8']]， 最大动作为1号位打出的['ThreeWithTwo', '7', ['S7', 'C7', 'D7', 'H8', 'D8']]
[22:06:52] [yf1_v4] [INFO] 2号位打出['PASS', 'PASS', 'PASS']， 最大动作为1号位打出的['ThreeWithTwo', '7', ['S7', 'C7', 'D7', 'H8', 'D8']]
[22:06:52] [yf1_v4] [INFO] 3号位打出['PASS', 'PASS', 'PASS']， 最大动作为1号位打出的['ThreeWithTwo', '7', ['S7', 'C7', 'D7', 'H8', 'D8']]
[22:06:52] [YFAdapter-P0] [INFO] [YF-P0] Decision context: myPos=0, curPos=3, greaterPos=1, teammate=2, curAction=[, actionList_size=1
[22:06:52] [YFAdapter-P0] [INFO] [YF-P0] Decided: action_index=0, action=['PASS', 'PASS', 'PASS']
[22:06:52] [HybridV4-P0] [INFO] ✓ Decision complete: action=0 (score=55.0, layer=YF), candidates=1, time=0.004s
[22:06:52] [yf1_v4] [INFO] 0号位打出['PASS', 'PASS', 'PASS']， 最大动作为1号位打出的['ThreeWithTwo', '7', ['S7', 'C7', 'D7', 'H8', 'D8']]
[22:06:52] [yf1_v4] [INFO] 1号位打出['ThreeWithTwo', '9', ['H9', 'H9', 'D9', 'HQ', 'DQ']]， 最大动作为1号位打出的['ThreeWithTwo', '9', ['H9', 'H9', 'D9', 'HQ', 'DQ']]
[22:06:52] [yf1_v4] [INFO] 2号位打出['PASS', 'PASS', 'PASS']， 最大动作为1号位打出的['ThreeWithTwo', '9', ['H9', 'H9', 'D9', 'HQ', 'DQ']]
[22:06:53] [yf1_v4] [INFO] 3号位打出['PASS', 'PASS', 'PASS']， 最大动作为1号位打出的['ThreeWithTwo', '9', ['H9', 'H9', 'D9', 'HQ', 'DQ']]
[22:06:53] [yf1_v4] [INFO] 3号位打出['ThreePair', '4', ['S4', 'D4', 'H5', 'D5', 'C6', 'C6']]， 最大动作为3号位打出的['ThreePair', '4', ['S4', 'D4', 'H5', 'D5', 'C6', 'C6']]
[22:06:53] [YFAdapter-P0] [INFO] [YF-P0] Decision context: myPos=0, curPos=3, greaterPos=3, teammate=2, curAction=[, actionList_size=1
[22:06:53] [YFAdapter-P0] [INFO] [YF-P0] Decided: action_index=0, action=['PASS', 'PASS', 'PASS']
[22:06:53] [HybridV4-P0] [INFO] ✓ Decision complete: action=0 (score=-5.0, layer=YF), candidates=1, time=0.022s
[22:06:53] [yf1_v4] [INFO] 0号位打出['PASS', 'PASS', 'PASS']， 最大动作为3号位打出的['ThreePair', '4', ['S4', 'D4', 'H5', 'D5', 'C6', 'C6']]
[22:06:53] [yf1_v4] [INFO] 2号位打出['ThreePair', '8', ['S8', 'C8', 'S9', 'C9', 'HT', 'CT']]， 最大动作为2号位打出的['ThreePair', '8', ['S8', 'C8', 'S9', 'C9', 'HT', 'CT']]
[22:06:53] [yf1_v4] [INFO] 3号位打出['PASS', 'PASS', 'PASS']， 最大动作为2号位打出的['ThreePair', '8', ['S8', 'C8', 'S9', 'C9', 'HT', 'CT']]
[22:06:53] [YFAdapter-P0] [INFO] [YF-P0] Decision context: myPos=0, curPos=3, greaterPos=2, teammate=2, curAction=[, actionList_size=1
[22:06:53] [YFAdapter-P0] [INFO] [YF-P0] Decided: action_index=0, action=['PASS', 'PASS', 'PASS']
[22:06:53] [HybridV4-P0] [INFO] ✓ Decision complete: action=0 (score=-5.0, layer=YF), candidates=1, time=0.002s
[22:06:53] [yf1_v4] [INFO] 0号位打出['PASS', 'PASS', 'PASS']， 最大动作为2号位打出的['ThreePair', '8', ['S8', 'C8', 'S9', 'C9', 'HT', 'CT']]
[22:06:53] [yf1_v4] [INFO] 2号位打出['ThreeWithTwo', '6', ['S6', 'H6', 'D6', 'H5', 'C5']]， 最大动作为2号位打出的['ThreeWithTwo', '6', ['S6', 'H6', 'D6', 'H5', 'C5']]
[22:06:53] [yf1_v4] [INFO] 3号位打出['Bomb', 'T', ['ST', 'ST', 'HT', 'CT', 'DT', 'DT']]， 最大动作为3号位打出的['Bomb', 'T', ['ST', 'ST', 'HT', 'CT', 'DT', 'DT']]
[22:06:53] [YFAdapter-P0] [INFO] [YF-P0] Decision context: myPos=0, curPos=3, greaterPos=3, teammate=2, curAction=[, actionList_size=1
[22:06:53] [YFAdapter-P0] [INFO] [YF-P0] Decided: action_index=0, action=['PASS', 'PASS', 'PASS']
[22:06:53] [HybridV4-P0] [INFO] ✓ Decision complete: action=0 (score=-5.0, layer=YF), candidates=1, time=0.001s
[22:06:53] [yf1_v4] [INFO] 0号位打出['PASS', 'PASS', 'PASS']， 最大动作为3号位打出的['Bomb', 'T', ['ST', 'ST', 'HT', 'CT', 'DT', 'DT']]
[22:06:53] [yf1_v4] [INFO] 2号位打出['PASS', 'PASS', 'PASS']， 最大动作为3号位打出的['Bomb', 'T', ['ST', 'ST', 'HT', 'CT', 'DT', 'DT']]
[22:06:53] [yf1_v4] [INFO] 3号位打出['ThreeWithTwo', '3', ['S3', 'H3', 'C3', 'S8', 'C8']]， 最大动作为3号位打出的['ThreeWithTwo', '3', ['S3', 'H3', 'C3', 'S8', 'C8']]
[22:06:53] [YFAdapter-P0] [INFO] [YF-P0] Decision context: myPos=0, curPos=3, greaterPos=3, teammate=2, curAction=[, actionList_size=1
[22:06:53] [YFAdapter-P0] [INFO] [YF-P0] Decided: action_index=0, action=['PASS', 'PASS', 'PASS']
[22:06:53] [HybridV4-P0] [INFO] ✓ Decision complete: action=0 (score=-5.0, layer=YF), candidates=1, time=0.004s
[22:06:53] [yf1_v4] [INFO] 0号位打出['PASS', 'PASS', 'PASS']， 最大动作为3号位打出的['ThreeWithTwo', '3', ['S3', 'H3', 'C3', 'S8', 'C8']]
[22:06:53] [yf1_v4] [INFO] 2号位打出['PASS', 'PASS', 'PASS']， 最大动作为3号位打出的['ThreeWithTwo', '3', ['S3', 'H3', 'C3', 'S8', 'C8']]
[22:06:53] [yf1_v4] [INFO] 3号位打出['Pair', '9', ['S9', 'C9']]， 最大动作为3号位打出的['Pair', '9', ['S9', 'C9']]
[22:06:53] [YFAdapter-P0] [INFO] [YF-P0] Decision context: myPos=0, curPos=3, greaterPos=3, teammate=2, curAction=[, actionList_size=2
[22:06:53] [YFAdapter-P0] [INFO] [YF-P0] Decided: action_index=0, action=['PASS', 'PASS', 'PASS']
[22:06:53] [YFAdapter-P0] [WARNING] [YF-P0] 检测到过于保守: 对手快走完(剩0张), 触发Layer 2/3进行更积极的决策
[22:06:53] [HybridV4-P0] [INFO] ✓ Decision complete: action=1 (score=155.6, layer=DecisionEngine), candidates=2, time=0.005s
[22:06:53] [yf1_v4] [INFO] 0号位打出['Pair', 'A', ['CA', 'DA']]， 最大动作为0号位打出的['Pair', 'A', ['CA', 'DA']]
[22:06:53] [yf1_v4] [INFO] 2号位打出['PASS', 'PASS', 'PASS']， 最大动作为0号位打出的['Pair', 'A', ['CA', 'DA']]
[22:06:53] [yf1_v4] [INFO] 3号位打出['Pair', 'J', ['SJ', 'CJ']]， 最大动作为3号位打出的['Pair', 'J', ['SJ', 'CJ']]
[22:06:53] [YFAdapter-P0] [INFO] [YF-P0] Decision context: myPos=0, curPos=3, greaterPos=3, teammate=2, curAction=[, actionList_size=1
[22:06:53] [YFAdapter-P0] [INFO] [YF-P0] Decided: action_index=0, action=['PASS', 'PASS', 'PASS']
[22:06:53] [HybridV4-P0] [INFO] ✓ Decision complete: action=0 (score=-5.0, layer=YF), candidates=1, time=0.004s
[22:06:53] [yf1_v4] [INFO] 0号位打出['PASS', 'PASS', 'PASS']， 最大动作为3号位打出的['Pair', 'J', ['SJ', 'CJ']]
[22:06:53] [yf1_v4] [INFO] 2号位打出['PASS', 'PASS', 'PASS']， 最大动作为3号位打出的['Pair', 'J', ['SJ', 'CJ']]
[22:06:53] [yf1_v4] [INFO] 3号位打出['Pair', 'K', ['SK', 'CK']]， 最大动作为3号位打出的['Pair', 'K', ['SK', 'CK']]
[22:06:53] [YFAdapter-P0] [INFO] [YF-P0] Decision context: myPos=0, curPos=3, greaterPos=3, teammate=2, curAction=[, actionList_size=1
[22:06:53] [YFAdapter-P0] [INFO] [YF-P0] Decided: action_index=0, action=['PASS', 'PASS', 'PASS']
[22:06:53] [HybridV4-P0] [INFO] ✓ Decision complete: action=0 (score=-5.0, layer=YF), candidates=1, time=0.002s
[22:06:53] [yf1_v4] [INFO] 0号位打出['PASS', 'PASS', 'PASS']， 最大动作为3号位打出的['Pair', 'K', ['SK', 'CK']]
[22:06:53] [yf1_v4] [INFO] 2号位打出['PASS', 'PASS', 'PASS']， 最大动作为3号位打出的['Pair', 'K', ['SK', 'CK']]
[22:06:53] [yf1_v4] [INFO] 3号位打出['Pair', 'A', ['HA', 'CA']]， 最大动作为3号位打出的['Pair', 'A', ['HA', 'CA']]
[22:06:53] [YFAdapter-P0] [INFO] [YF-P0] Decision context: myPos=0, curPos=3, greaterPos=3, teammate=2, curAction=[, actionList_size=1
[22:06:53] [YFAdapter-P0] [INFO] [YF-P0] Decided: action_index=0, action=['PASS', 'PASS', 'PASS']
[22:06:53] [HybridV4-P0] [INFO] ✓ Decision complete: action=0 (score=-5.0, layer=YF), candidates=1, time=0.002s
[22:06:53] [yf1_v4] [INFO] 0号位打出['PASS', 'PASS', 'PASS']， 最大动作为3号位打出的['Pair', 'A', ['HA', 'CA']]
[22:06:53] [yf1_v4] [INFO] 2号位打出['PASS', 'PASS', 'PASS']， 最大动作为3号位打出的['Pair', 'A', ['HA', 'CA']]
[22:06:53] [yf1_v4] [INFO] 3号位打出['Single', 'B', ['SB']]， 最大动作为3号位打出的['Single', 'B', ['SB']]
[22:06:53] [yf1_v4] [INFO] 游戏开始, 我是0号位，手牌：['H3', 'C3', 'D3', 'S4', 'S4', 'H5', 'H5', 'C5', 'H6', 'H6', 'C6', 'S7', 'D8', 'H9', 'D9', 'HT', 'HT', 'DT', 'SJ', 'SJ', 'SK', 'HK', 'HK', 'CK', 'HA', 'DA', 'HR']
[22:06:53] [yf1_v4] [INFO] 1号位打出['Single', '4', ['D4']]， 最大动作为1号位打出的['Single', '4', ['D4']]
[22:06:53] [yf1_v4] [INFO] 2号位打出['Single', 'A', ['SA']]， 最大动作为2号位打出的['Single', 'A', ['SA']]
[22:06:53] [yf1_v4] [INFO] 3号位打出['PASS', 'PASS', 'PASS']， 最大动作为2号位打出的['Single', 'A', ['SA']]
[22:06:53] [YFAdapter-P0] [INFO] [YF-P0] Decision context: myPos=0, curPos=3, greaterPos=2, teammate=2, curAction=[, actionList_size=11
[22:06:53] [YFAdapter-P0] [INFO] [YF-P0] Decided: action_index=0, action=['PASS', 'PASS', 'PASS']
[22:06:53] [HybridV4-P0] [INFO] ✓ Decision complete: action=1 (score=112.5, layer=YF), candidates=7, time=0.004s
[22:06:53] [yf1_v4] [INFO] 0号位打出['Single', 'R', ['HR']]， 最大动作为0号位打出的['Single', 'R', ['HR']]
[22:06:53] [yf1_v4] [INFO] 1号位打出['PASS', 'PASS', 'PASS']， 最大动作为0号位打出的['Single', 'R', ['HR']]
[22:06:53] [yf1_v4] [INFO] 2号位打出['Bomb', 'J', ['HJ', 'HJ', 'CJ', 'DJ']]， 最大动作为2号位打出的['Bomb', 'J', ['HJ', 'HJ', 'CJ', 'DJ']]
[22:06:53] [yf1_v4] [INFO] 3号位打出['PASS', 'PASS', 'PASS']， 最大动作为2号位打出的['Bomb', 'J', ['HJ', 'HJ', 'CJ', 'DJ']]
[22:06:53] [YFAdapter-P0] [INFO] [YF-P0] Decision context: myPos=0, curPos=3, greaterPos=2, teammate=2, curAction=[, actionList_size=6
[22:06:53] [YFAdapter-P0] [INFO] [YF-P0] Decided: action_index=0, action=['PASS', 'PASS', 'PASS']
[22:06:53] [HybridV4-P0] [INFO] ✓ Decision complete: action=1 (score=109.0, layer=YF), candidates=6, time=0.016s
[22:06:53] [yf1_v4] [INFO] 0号位打出['Bomb', 'K', ['SK', 'HK', 'HK', 'HA']]， 最大动作为0号位打出的['Bomb', 'K', ['SK', 'HK', 'HK', 'HA']]
[22:06:53] [yf1_v4] [INFO] 1号位打出['PASS', 'PASS', 'PASS']， 最大动作为0号位打出的['Bomb', 'K', ['SK', 'HK', 'HK', 'HA']]
[22:06:53] [yf1_v4] [INFO] 2号位打出['PASS', 'PASS', 'PASS']， 最大动作为0号位打出的['Bomb', 'K', ['SK', 'HK', 'HK', 'HA']]
[22:06:53] [yf1_v4] [INFO] 3号位打出['PASS', 'PASS', 'PASS']， 最大动作为0号位打出的['Bomb', 'K', ['SK', 'HK', 'HK', 'HA']]
[22:06:53] [YFAdapter-P0] [INFO] [YF-P0] Decision context: myPos=0, curPos=-1, greaterPos=-1, teammate=2, curAction=[, actionList_size=120
[22:06:53] [YFAdapter-P0] [INFO] [YF-P0] Decided: action_index=8, action=['Single', '7', [['S', '7']]]
[22:06:53] [HybridV4-P0] [INFO] ✓ Decision complete: action=8 (score=115.0, layer=YF), candidates=8, time=0.004s
[22:06:53] [yf1_v4] [INFO] 0号位打出['Single', '7', ['S7']]， 最大动作为0号位打出的['Single', '7', ['S7']]
[22:06:53] [yf1_v4] [INFO] 1号位打出['Single', 'A', ['HA']]， 最大动作为1号位打出的['Single', 'A', ['HA']]
[22:06:53] [yf1_v4] [INFO] 2号位打出['Single', 'B', ['SB']]， 最大动作为2号位打出的['Single', 'B', ['SB']]
[22:06:53] [yf1_v4] [INFO] 3号位打出['PASS', 'PASS', 'PASS']， 最大动作为2号位打出的['Single', 'B', ['SB']]
[22:06:53] [YFAdapter-P0] [INFO] [YF-P0] Decision context: myPos=0, curPos=3, greaterPos=2, teammate=2, curAction=[, actionList_size=1
[22:06:53] [YFAdapter-P0] [INFO] [YF-P0] Decided: action_index=0, action=['PASS', 'PASS', 'PASS']
[22:06:53] [HybridV4-P0] [INFO] ✓ Decision complete: action=0 (score=95.0, layer=YF), candidates=1, time=0.014s
[22:06:53] [yf1_v4] [INFO] 0号位打出['PASS', 'PASS', 'PASS']， 最大动作为2号位打出的['Single', 'B', ['SB']]
[22:06:53] [yf1_v4] [INFO] 1号位打出['PASS', 'PASS', 'PASS']， 最大动作为2号位打出的['Single', 'B', ['SB']]
[22:06:53] [yf1_v4] [INFO] 2号位打出['Single', '5', ['D5']]， 最大动作为2号位打出的['Single', '5', ['D5']]
[22:06:53] [yf1_v4] [INFO] 3号位打出['Single', '7', ['H7']]， 最大动作为3号位打出的['Single', '7', ['H7']]
[22:06:53] [YFAdapter-P0] [INFO] [YF-P0] Decision context: myPos=0, curPos=3, greaterPos=3, teammate=2, curAction=[, actionList_size=9
[22:06:53] [YFAdapter-P0] [INFO] [YF-P0] Decided: action_index=0, action=['PASS', 'PASS', 'PASS']
[22:06:53] [HybridV4-P0] [INFO] ✓ Decision complete: action=8 (score=142.5, layer=YF), candidates=8, time=0.007s
[22:06:53] [yf1_v4] [INFO] 0号位打出['Single', 'A', ['DA']]， 最大动作为0号位打出的['Single', 'A', ['DA']]
[22:06:53] [yf1_v4] [INFO] 1号位打出['Single', 'B', ['SB']]， 最大动作为1号位打出的['Single', 'B', ['SB']]
[22:06:53] [yf1_v4] [INFO] 2号位打出['Single', 'R', ['HR']]， 最大动作为2号位打出的['Single', 'R', ['HR']]
[22:06:53] [yf1_v4] [INFO] 3号位打出['Bomb', '2', ['S2', 'H2', 'C2', 'D2']]， 最大动作为3号位打出的['Bomb', '2', ['S2', 'H2', 'C2', 'D2']]
[22:06:53] [YFAdapter-P0] [INFO] [YF-P0] Decision context: myPos=0, curPos=3, greaterPos=3, teammate=2, curAction=[, actionList_size=1
[22:06:53] [YFAdapter-P0] [INFO] [YF-P0] Decided: action_index=0, action=['PASS', 'PASS', 'PASS']
[22:06:53] [HybridV4-P0] [INFO] ✓ Decision complete: action=0 (score=95.0, layer=YF), candidates=1, time=0.003s
[22:06:53] [yf1_v4] [INFO] 0号位打出['PASS', 'PASS', 'PASS']， 最大动作为3号位打出的['Bomb', '2', ['S2', 'H2', 'C2', 'D2']]
[22:06:53] [yf1_v4] [INFO] 1号位打出['PASS', 'PASS', 'PASS']， 最大动作为3号位打出的['Bomb', '2', ['S2', 'H2', 'C2', 'D2']]
[22:06:53] [yf1_v4] [INFO] 2号位打出['PASS', 'PASS', 'PASS']， 最大动作为3号位打出的['Bomb', '2', ['S2', 'H2', 'C2', 'D2']]
[22:06:53] [yf1_v4] [INFO] 3号位打出['Single', '3', ['C3']]， 最大动作为3号位打出的['Single', '3', ['C3']]
[22:06:53] [YFAdapter-P0] [INFO] [YF-P0] Decision context: myPos=0, curPos=3, greaterPos=3, teammate=2, curAction=[, actionList_size=13
[22:06:53] [YFAdapter-P0] [INFO] [YF-P0] Decided: action_index=0, action=['PASS', 'PASS', 'PASS']
[22:06:53] [HybridV4-P0] [INFO] ✓ Decision complete: action=11 (score=139.0, layer=YF), candidates=8, time=0.005s
[22:06:53] [yf1_v4] [INFO] 0号位打出['Single', 'J', ['SJ']]， 最大动作为0号位打出的['Single', 'J', ['SJ']]
[22:06:53] [yf1_v4] [INFO] 1号位打出['Single', 'A', ['CA']]， 最大动作为1号位打出的['Single', 'A', ['CA']]
[22:06:53] [yf1_v4] [INFO] 2号位打出['PASS', 'PASS', 'PASS']， 最大动作为1号位打出的['Single', 'A', ['CA']]
[22:06:53] [yf1_v4] [INFO] 3号位打出['PASS', 'PASS', 'PASS']， 最大动作为1号位打出的['Single', 'A', ['CA']]
[22:06:53] [YFAdapter-P0] [INFO] [YF-P0] Decision context: myPos=0, curPos=3, greaterPos=1, teammate=2, curAction=[, actionList_size=1
[22:06:53] [YFAdapter-P0] [INFO] [YF-P0] Decided: action_index=0, action=['PASS', 'PASS', 'PASS']
[22:06:53] [HybridV4-P0] [INFO] ✓ Decision complete: action=0 (score=95.0, layer=YF), candidates=1, time=0.004s
[22:06:53] [yf1_v4] [INFO] 0号位打出['PASS', 'PASS', 'PASS']， 最大动作为1号位打出的['Single', 'A', ['CA']]
[22:06:53] [yf1_v4] [INFO] 1号位打出['ThreePair', '7', ['C7', 'D7', 'H8', 'H8', 'S9', 'D9']]， 最大动作为1号位打出的['ThreePair', '7', ['C7', 'D7', 'H8', 'H8', 'S9', 'D9']]
[22:06:53] [yf1_v4] [INFO] 2号位打出['PASS', 'PASS', 'PASS']， 最大动作为1号位打出的['ThreePair', '7', ['C7', 'D7', 'H8', 'H8', 'S9', 'D9']]
[22:06:53] [yf1_v4] [INFO] 3号位打出['PASS', 'PASS', 'PASS']， 最大动作为1号位打出的['ThreePair', '7', ['C7', 'D7', 'H8', 'H8', 'S9', 'D9']]
[22:06:53] [YFAdapter-P0] [INFO] [YF-P0] Decision context: myPos=0, curPos=3, greaterPos=1, teammate=2, curAction=[, actionList_size=1
[22:06:53] [YFAdapter-P0] [INFO] [YF-P0] Decided: action_index=0, action=['PASS', 'PASS', 'PASS']
[22:06:53] [HybridV4-P0] [INFO] ✓ Decision complete: action=0 (score=95.0, layer=YF), candidates=1, time=0.004s
[22:06:53] [yf1_v4] [INFO] 0号位打出['PASS', 'PASS', 'PASS']， 最大动作为1号位打出的['ThreePair', '7', ['C7', 'D7', 'H8', 'H8', 'S9', 'D9']]
[22:06:53] [yf1_v4] [INFO] 1号位打出['Straight', '3', ['S3', 'H4', 'C5', 'D6', 'S7']]， 最大动作为1号位打出的['Straight', '3', ['S3', 'H4', 'C5', 'D6', 'S7']]
[22:06:53] [yf1_v4] [INFO] 2号位打出['Straight', 'T', ['CT', 'CJ', 'HQ', 'DK', 'CA']]， 最大动作为2号位打出的['Straight', 'T', ['CT', 'CJ', 'HQ', 'DK', 'CA']]
[22:06:53] [yf1_v4] [INFO] 3号位打出['Bomb', '9', ['S9', 'H9', 'C9', 'C9']]， 最大动作为3号位打出的['Bomb', '9', ['S9', 'H9', 'C9', 'C9']]
[22:06:53] [YFAdapter-P0] [INFO] [YF-P0] Decision context: myPos=0, curPos=3, greaterPos=3, teammate=2, curAction=[, actionList_size=1
[22:06:53] [YFAdapter-P0] [INFO] [YF-P0] Decided: action_index=0, action=['PASS', 'PASS', 'PASS']
[22:06:53] [HybridV4-P0] [INFO] ✓ Decision complete: action=0 (score=95.0, layer=YF), candidates=1, time=0.018s
[22:06:53] [yf1_v4] [INFO] 0号位打出['PASS', 'PASS', 'PASS']， 最大动作为3号位打出的['Bomb', '9', ['S9', 'H9', 'C9', 'C9']]
[22:06:53] [yf1_v4] [INFO] 1号位打出['PASS', 'PASS', 'PASS']， 最大动作为3号位打出的['Bomb', '9', ['S9', 'H9', 'C9', 'C9']]
[22:06:53] [yf1_v4] [INFO] 2号位打出['PASS', 'PASS', 'PASS']， 最大动作为3号位打出的['Bomb', '9', ['S9', 'H9', 'C9', 'C9']]
[22:06:53] [yf1_v4] [INFO] 3号位打出['ThreeWithTwo', '5', ['S5', 'S5', 'D5', 'C4', 'D4']]， 最大动作为3号位打出的['ThreeWithTwo', '5', ['S5', 'S5', 'D5', 'C4', 'D4']]
[22:06:53] [YFAdapter-P0] [INFO] [YF-P0] Decision context: myPos=0, curPos=3, greaterPos=3, teammate=2, curAction=[, actionList_size=19
[22:06:53] [YFAdapter-P0] [INFO] [YF-P0] Decided: action_index=0, action=['PASS', 'PASS', 'PASS']
[22:06:53] [HybridV4-P0] [INFO] ✓ Decision complete: action=10 (score=155.5, layer=YF), candidates=8, time=0.006s
[22:06:53] [yf1_v4] [INFO] 0号位打出['ThreeWithTwo', 'T', ['HT', 'HT', 'DT', 'H3', 'D3']]， 最大动作为0号位打出的['ThreeWithTwo', 'T', ['HT', 'HT', 'DT', 'H3', 'D3']]
[22:06:53] [yf1_v4] [INFO] 1号位打出['PASS', 'PASS', 'PASS']， 最大动作为0号位打出的['ThreeWithTwo', 'T', ['HT', 'HT', 'DT', 'H3', 'D3']]
[22:06:53] [yf1_v4] [INFO] 2号位打出['PASS', 'PASS', 'PASS']， 最大动作为0号位打出的['ThreeWithTwo', 'T', ['HT', 'HT', 'DT', 'H3', 'D3']]
[22:06:53] [yf1_v4] [INFO] 3号位打出['ThreeWithTwo', 'K', ['SK', 'CK', 'DK', 'C6', 'D6']]， 最大动作为3号位打出的['ThreeWithTwo', 'K', ['SK', 'CK', 'DK', 'C6', 'D6']]
[22:06:53] [YFAdapter-P0] [INFO] [YF-P0] Decision context: myPos=0, curPos=3, greaterPos=3, teammate=2, curAction=[, actionList_size=1
[22:06:53] [YFAdapter-P0] [INFO] [YF-P0] Decided: action_index=0, action=['PASS', 'PASS', 'PASS']
[22:06:53] [HybridV4-P0] [INFO] ✓ Decision complete: action=0 (score=75.0, layer=YF), candidates=1, time=0.003s
[22:06:53] [yf1_v4] [INFO] 0号位打出['PASS', 'PASS', 'PASS']， 最大动作为3号位打出的['ThreeWithTwo', 'K', ['SK', 'CK', 'DK', 'C6', 'D6']]
[22:06:53] [yf1_v4] [INFO] 1号位打出['PASS', 'PASS', 'PASS']， 最大动作为3号位打出的['ThreeWithTwo', 'K', ['SK', 'CK', 'DK', 'C6', 'D6']]
[22:06:53] [yf1_v4] [INFO] 2号位打出['PASS', 'PASS', 'PASS']， 最大动作为3号位打出的['ThreeWithTwo', 'K', ['SK', 'CK', 'DK', 'C6', 'D6']]
[22:06:53] [yf1_v4] [INFO] 3号位打出['ThreeWithTwo', '8', ['S8', 'C8', 'D8', 'ST', 'ST']]， 最大动作为3号位打出的['ThreeWithTwo', '8', ['S8', 'C8', 'D8', 'ST', 'ST']]
[22:06:53] [YFAdapter-P0] [INFO] [YF-P0] Decision context: myPos=0, curPos=3, greaterPos=3, teammate=2, curAction=[, actionList_size=1
[22:06:53] [YFAdapter-P0] [INFO] [YF-P0] Decided: action_index=0, action=['PASS', 'PASS', 'PASS']
[22:06:53] [HybridV4-P0] [INFO] ✓ Decision complete: action=0 (score=-5.0, layer=YF), candidates=1, time=0.016s
[22:06:53] [yf1_v4] [INFO] 0号位打出['PASS', 'PASS', 'PASS']， 最大动作为3号位打出的['ThreeWithTwo', '8', ['S8', 'C8', 'D8', 'ST', 'ST']]
[22:06:53] [yf1_v4] [INFO] 1号位打出['PASS', 'PASS', 'PASS']， 最大动作为3号位打出的['ThreeWithTwo', '8', ['S8', 'C8', 'D8', 'ST', 'ST']]
[22:06:53] [yf1_v4] [INFO] 2号位打出['PASS', 'PASS', 'PASS']， 最大动作为3号位打出的['ThreeWithTwo', '8', ['S8', 'C8', 'D8', 'ST', 'ST']]
[22:06:53] [yf1_v4] [INFO] 3号位打出['Single', 'J', ['DJ']]， 最大动作为3号位打出的['Single', 'J', ['DJ']]
[22:06:53] [YFAdapter-P0] [INFO] [YF-P0] Decision context: myPos=0, curPos=3, greaterPos=3, teammate=2, curAction=[, actionList_size=2
[22:06:53] [YFAdapter-P0] [INFO] [YF-P0] Decided: action_index=0, action=['PASS', 'PASS', 'PASS']
[22:06:53] [YFAdapter-P0] [WARNING] [YF-P0] 检测到过于保守: 对手快走完(剩1张), 触发Layer 2/3进行更积极的决策
[22:06:53] [HybridV4-P0] [INFO] ✓ Decision complete: action=1 (score=155.6, layer=DecisionEngine), candidates=2, time=0.007s
[22:06:53] [yf1_v4] [INFO] 0号位打出['Single', 'K', ['CK']]， 最大动作为0号位打出的['Single', 'K', ['CK']]
[22:06:53] [yf1_v4] [INFO] 1号位打出['Single', 'A', ['DA']]， 最大动作为1号位打出的['Single', 'A', ['DA']]
[22:06:53] [yf1_v4] [INFO] 2号位打出['PASS', 'PASS', 'PASS']， 最大动作为1号位打出的['Single', 'A', ['DA']]
[22:06:53] [yf1_v4] [INFO] 3号位打出['PASS', 'PASS', 'PASS']， 最大动作为1号位打出的['Single', 'A', ['DA']]
[22:06:53] [YFAdapter-P0] [INFO] [YF-P0] Decision context: myPos=0, curPos=3, greaterPos=1, teammate=2, curAction=[, actionList_size=1
[22:06:53] [YFAdapter-P0] [INFO] [YF-P0] Decided: action_index=0, action=['PASS', 'PASS', 'PASS']
[22:06:53] [HybridV4-P0] [INFO] ✓ Decision complete: action=0 (score=-5.0, layer=YF), candidates=1, time=0.004s
[22:06:53] [yf1_v4] [INFO] 0号位打出['PASS', 'PASS', 'PASS']， 最大动作为1号位打出的['Single', 'A', ['DA']]
[22:06:53] [yf1_v4] [INFO] 1号位打出['Pair', '2', ['S2', 'H2']]， 最大动作为1号位打出的['Pair', '2', ['S2', 'H2']]
[22:06:53] [yf1_v4] [INFO] 2号位打出['Pair', '3', ['S3', 'D3']]， 最大动作为2号位打出的['Pair', '3', ['S3', 'D3']]
[22:06:53] [yf1_v4] [INFO] 3号位打出['PASS', 'PASS', 'PASS']， 最大动作为2号位打出的['Pair', '3', ['S3', 'D3']]
[22:06:53] [YFAdapter-P0] [INFO] [YF-P0] Decision context: myPos=0, curPos=3, greaterPos=2, teammate=2, curAction=[, actionList_size=7
[22:06:53] [YFAdapter-P0] [INFO] [YF-P0] Decided: action_index=0, action=['PASS', 'PASS', 'PASS']
[22:06:53] [YFAdapter-P0] [WARNING] [YF-P0] 检测到过于保守: 对手快走完(剩1张), 触发Layer 2/3进行更积极的决策
[22:06:53] [HybridV4-P0] [INFO] ✓ Decision complete: action=1 (score=125.6, layer=DecisionEngine), candidates=5, time=0.006s
[22:06:53] [yf1_v4] [INFO] 0号位打出['Pair', '4', ['S4', 'S4']]， 最大动作为0号位打出的['Pair', '4', ['S4', 'S4']]
[22:06:53] [yf1_v4] [INFO] 1号位打出['Pair', 'T', ['CT', 'DT']]， 最大动作为1号位打出的['Pair', 'T', ['CT', 'DT']]
[22:06:53] [yf1_v4] [INFO] 2号位打出['PASS', 'PASS', 'PASS']， 最大动作为1号位打出的['Pair', 'T', ['CT', 'DT']]
[22:06:53] [yf1_v4] [INFO] 3号位打出['PASS', 'PASS', 'PASS']， 最大动作为1号位打出的['Pair', 'T', ['CT', 'DT']]
[22:06:53] [YFAdapter-P0] [INFO] [YF-P0] Decision context: myPos=0, curPos=3, greaterPos=1, teammate=2, curAction=[, actionList_size=1
[22:06:53] [YFAdapter-P0] [INFO] [YF-P0] Decided: action_index=0, action=['PASS', 'PASS', 'PASS']
[22:06:54] [HybridV4-P0] [INFO] ✓ Decision complete: action=0 (score=-5.0, layer=YF), candidates=1, time=0.004s
[22:06:54] [yf1_v4] [INFO] 0号位打出['PASS', 'PASS', 'PASS']， 最大动作为1号位打出的['Pair', 'T', ['CT', 'DT']]
[22:06:54] [yf1_v4] [INFO] 1号位打出['Bomb', 'Q', ['SQ', 'SQ', 'HQ', 'CQ', 'CQ', 'DQ', 'DQ']]， 最大动作为1号位打出的['Bomb', 'Q', ['SQ', 'SQ', 'HQ', 'CQ', 'CQ', 'DQ', 'DQ']]
[22:06:54] [yf1_v4] [INFO] 2号位打出['PASS', 'PASS', 'PASS']， 最大动作为1号位打出的['Bomb', 'Q', ['SQ', 'SQ', 'HQ', 'CQ', 'CQ', 'DQ', 'DQ']]
[22:06:54] [yf1_v4] [INFO] 3号位打出['PASS', 'PASS', 'PASS']， 最大动作为1号位打出的['Bomb', 'Q', ['SQ', 'SQ', 'HQ', 'CQ', 'CQ', 'DQ', 'DQ']]
[22:06:54] [yf1_v4] [INFO] 3号位打出['Single', 'A', ['SA']]， 最大动作为3号位打出的['Single', 'A', ['SA']]
[22:06:54] [yf1_v4] [INFO] 游戏开始, 我是0号位，手牌：['H4', 'H4', 'C4', 'D4', 'H5', 'D5', 'S6', 'C6', 'S7', 'S7', 'H7', 'H7', 'S8', 'H8', 'D8', 'C9', 'D9', 'HJ', 'SQ', 'HQ', 'CQ', 'DQ', 'SK', 'HK', 'S2', 'H2', 'SB']
[22:06:54] [yf1_v4] [INFO] 2号位打出['Single', '5', ['C5']]， 最大动作为2号位打出的['Single', '5', ['C5']]
[22:06:54] [yf1_v4] [INFO] 3号位打出['Single', 'Q', ['HQ']]， 最大动作为3号位打出的['Single', 'Q', ['HQ']]
[22:06:54] [YFAdapter-P0] [INFO] [YF-P0] Decision context: myPos=0, curPos=3, greaterPos=3, teammate=2, curAction=[, actionList_size=23
[22:06:54] [YFAdapter-P0] [INFO] [YF-P0] Decided: action_index=0, action=['PASS', 'PASS', 'PASS']
[22:06:54] [HybridV4-P0] [INFO] ✓ Decision complete: action=3 (score=142.5, layer=YF), candidates=8, time=0.004s
[22:06:54] [yf1_v4] [INFO] 0号位打出['Single', '2', ['S2']]， 最大动作为0号位打出的['Single', '2', ['S2']]
[22:06:54] [yf1_v4] [INFO] 1号位打出['Single', 'R', ['HR']]， 最大动作为1号位打出的['Single', 'R', ['HR']]
[22:06:54] [yf1_v4] [INFO] 2号位打出['Bomb', '9', ['S9', 'H9', 'D9', 'H2']]， 最大动作为2号位打出的['Bomb', '9', ['S9', 'H9', 'D9', 'H2']]
[22:06:54] [yf1_v4] [INFO] 3号位打出['PASS', 'PASS', 'PASS']， 最大动作为2号位打出的['Bomb', '9', ['S9', 'H9', 'D9', 'H2']]
[22:06:54] [YFAdapter-P0] [INFO] [YF-P0] Decision context: myPos=0, curPos=3, greaterPos=2, teammate=2, curAction=[, actionList_size=9
[22:06:54] [YFAdapter-P0] [INFO] [YF-P0] Decided: action_index=0, action=['PASS', 'PASS', 'PASS']
[22:06:54] [HybridV4-P0] [INFO] ✓ Decision complete: action=1 (score=109.0, layer=YF), candidates=6, time=0.006s
[22:06:54] [yf1_v4] [INFO] 0号位打出['Bomb', 'Q', ['SQ', 'HQ', 'CQ', 'H2']]， 最大动作为0号位打出的['Bomb', 'Q', ['SQ', 'HQ', 'CQ', 'H2']]
[22:06:54] [yf1_v4] [INFO] 1号位打出['PASS', 'PASS', 'PASS']， 最大动作为0号位打出的['Bomb', 'Q', ['SQ', 'HQ', 'CQ', 'H2']]
[22:06:54] [yf1_v4] [INFO] 2号位打出['Bomb', 'T', ['ST', 'HT', 'HT', 'CT', 'DT']]， 最大动作为2号位打出的['Bomb', 'T', ['ST', 'HT', 'HT', 'CT', 'DT']]
[22:06:54] [yf1_v4] [INFO] 3号位打出['PASS', 'PASS', 'PASS']， 最大动作为2号位打出的['Bomb', 'T', ['ST', 'HT', 'HT', 'CT', 'DT']]
[22:06:54] [YFAdapter-P0] [INFO] [YF-P0] Decision context: myPos=0, curPos=3, greaterPos=2, teammate=2, curAction=[, actionList_size=1
[22:06:54] [YFAdapter-P0] [INFO] [YF-P0] Decided: action_index=0, action=['PASS', 'PASS', 'PASS']
[22:06:54] [HybridV4-P0] [INFO] ✓ Decision complete: action=0 (score=95.0, layer=YF), candidates=1, time=0.008s
[22:06:54] [yf1_v4] [INFO] 0号位打出['PASS', 'PASS', 'PASS']， 最大动作为2号位打出的['Bomb', 'T', ['ST', 'HT', 'HT', 'CT', 'DT']]
[22:06:54] [yf1_v4] [INFO] 1号位打出['PASS', 'PASS', 'PASS']， 最大动作为2号位打出的['Bomb', 'T', ['ST', 'HT', 'HT', 'CT', 'DT']]
[22:06:54] [yf1_v4] [INFO] 2号位打出['Single', '7', ['D7']]， 最大动作为2号位打出的['Single', '7', ['D7']]
[22:06:54] [yf1_v4] [INFO] 3号位打出['Single', '2', ['C2']]， 最大动作为3号位打出的['Single', '2', ['C2']]
[22:06:54] [YFAdapter-P0] [INFO] [YF-P0] Decision context: myPos=0, curPos=3, greaterPos=3, teammate=2, curAction=[, actionList_size=4
[22:06:54] [YFAdapter-P0] [INFO] [YF-P0] Decided: action_index=0, action=['PASS', 'PASS', 'PASS']
[22:06:54] [HybridV4-P0] [INFO] ✓ Decision complete: action=1 (score=142.5, layer=YF), candidates=4, time=0.003s
[22:06:54] [yf1_v4] [INFO] 0号位打出['Single', 'B', ['SB']]， 最大动作为0号位打出的['Single', 'B', ['SB']]
[22:06:54] [yf1_v4] [INFO] 1号位打出['Single', 'R', ['HR']]， 最大动作为1号位打出的['Single', 'R', ['HR']]
[22:06:54] [yf1_v4] [INFO] 2号位打出['PASS', 'PASS', 'PASS']， 最大动作为1号位打出的['Single', 'R', ['HR']]
[22:06:54] [yf1_v4] [INFO] 3号位打出['PASS', 'PASS', 'PASS']， 最大动作为1号位打出的['Single', 'R', ['HR']]
[22:06:54] [YFAdapter-P0] [INFO] [YF-P0] Decision context: myPos=0, curPos=3, greaterPos=1, teammate=2, curAction=[, actionList_size=3
[22:06:54] [YFAdapter-P0] [INFO] [YF-P0] Decided: action_index=0, action=['PASS', 'PASS', 'PASS']
[22:06:54] [HybridV4-P0] [INFO] ✓ Decision complete: action=2 (score=135.5, layer=YF), candidates=3, time=0.015s
[22:06:54] [yf1_v4] [INFO] 0号位打出['Bomb', '7', ['S7', 'S7', 'H7', 'H7']]， 最大动作为0号位打出的['Bomb', '7', ['S7', 'S7', 'H7', 'H7']]
[22:06:54] [yf1_v4] [INFO] 1号位打出['Bomb', 'A', ['SA', 'SA', 'HA', 'DA']]， 最大动作为1号位打出的['Bomb', 'A', ['SA', 'SA', 'HA', 'DA']]
[22:06:54] [yf1_v4] [INFO] 2号位打出['PASS', 'PASS', 'PASS']， 最大动作为1号位打出的['Bomb', 'A', ['SA', 'SA', 'HA', 'DA']]
[22:06:54] [yf1_v4] [INFO] 3号位打出['PASS', 'PASS', 'PASS']， 最大动作为1号位打出的['Bomb', 'A', ['SA', 'SA', 'HA', 'DA']]
[22:06:54] [YFAdapter-P0] [INFO] [YF-P0] Decision context: myPos=0, curPos=3, greaterPos=1, teammate=2, curAction=[, actionList_size=1
[22:06:54] [YFAdapter-P0] [INFO] [YF-P0] Decided: action_index=0, action=['PASS', 'PASS', 'PASS']
[22:06:54] [HybridV4-P0] [INFO] ✓ Decision complete: action=0 (score=95.0, layer=YF), candidates=1, time=0.002s
[22:06:54] [yf1_v4] [INFO] 0号位打出['PASS', 'PASS', 'PASS']， 最大动作为1号位打出的['Bomb', 'A', ['SA', 'SA', 'HA', 'DA']]
[22:06:54] [yf1_v4] [INFO] 1号位打出['Single', '5', ['H5']]， 最大动作为1号位打出的['Single', '5', ['H5']]
[22:06:54] [yf1_v4] [INFO] 2号位打出['Single', 'A', ['CA']]， 最大动作为2号位打出的['Single', 'A', ['CA']]
[22:06:54] [yf1_v4] [INFO] 3号位打出['Single', '2', ['D2']]， 最大动作为3号位打出的['Single', '2', ['D2']]
[22:06:54] [YFAdapter-P0] [INFO] [YF-P0] Decision context: myPos=0, curPos=3, greaterPos=3, teammate=2, curAction=[, actionList_size=2
[22:06:54] [YFAdapter-P0] [INFO] [YF-P0] Decided: action_index=0, action=['PASS', 'PASS', 'PASS']
[22:06:54] [HybridV4-P0] [INFO] ✓ Decision complete: action=1 (score=132.0, layer=YF), candidates=2, time=0.003s
[22:06:54] [yf1_v4] [INFO] 0号位打出['Bomb', '4', ['H4', 'H4', 'C4', 'D4']]， 最大动作为0号位打出的['Bomb', '4', ['H4', 'H4', 'C4', 'D4']]
[22:06:54] [yf1_v4] [INFO] 1号位打出['PASS', 'PASS', 'PASS']， 最大动作为0号位打出的['Bomb', '4', ['H4', 'H4', 'C4', 'D4']]
[22:06:54] [yf1_v4] [INFO] 2号位打出['PASS', 'PASS', 'PASS']， 最大动作为0号位打出的['Bomb', '4', ['H4', 'H4', 'C4', 'D4']]
[22:06:54] [yf1_v4] [INFO] 3号位打出['Bomb', '8', ['H8', 'C8', 'C8', 'D8']]， 最大动作为3号位打出的['Bomb', '8', ['H8', 'C8', 'C8', 'D8']]
[22:06:54] [YFAdapter-P0] [INFO] [YF-P0] Decision context: myPos=0, curPos=3, greaterPos=3, teammate=2, curAction=[, actionList_size=1
[22:06:54] [YFAdapter-P0] [INFO] [YF-P0] Decided: action_index=0, action=['PASS', 'PASS', 'PASS']
[22:06:54] [HybridV4-P0] [INFO] ✓ Decision complete: action=0 (score=95.0, layer=YF), candidates=1, time=0.004s
[22:06:54] [yf1_v4] [INFO] 0号位打出['PASS', 'PASS', 'PASS']， 最大动作为3号位打出的['Bomb', '8', ['H8', 'C8', 'C8', 'D8']]
[22:06:54] [yf1_v4] [INFO] 1号位打出['PASS', 'PASS', 'PASS']， 最大动作为3号位打出的['Bomb', '8', ['H8', 'C8', 'C8', 'D8']]
[22:06:54] [yf1_v4] [INFO] 2号位打出['PASS', 'PASS', 'PASS']， 最大动作为3号位打出的['Bomb', '8', ['H8', 'C8', 'C8', 'D8']]
[22:06:54] [yf1_v4] [INFO] 3号位打出['ThreeWithTwo', '5', ['S5', 'C5', 'D5', 'C3', 'D3']]， 最大动作为3号位打出的['ThreeWithTwo', '5', ['S5', 'C5', 'D5', 'C3', 'D3']]
[22:06:54] [YFAdapter-P0] [INFO] [YF-P0] Decision context: myPos=0, curPos=3, greaterPos=3, teammate=2, curAction=[, actionList_size=5
[22:06:54] [YFAdapter-P0] [INFO] [YF-P0] Decided: action_index=0, action=['PASS', 'PASS', 'PASS']
[22:06:54] [HybridV4-P0] [INFO] ✓ Decision complete: action=1 (score=155.5, layer=YF), candidates=5, time=0.018s
[22:06:54] [yf1_v4] [INFO] 0号位打出['ThreeWithTwo', '8', ['S8', 'H8', 'D8', 'H5', 'D5']]， 最大动作为0号位打出的['ThreeWithTwo', '8', ['S8', 'H8', 'D8', 'H5', 'D5']]
[22:06:54] [yf1_v4] [INFO] 1号位打出['ThreeWithTwo', 'T', ['ST', 'CT', 'DT', 'SK', 'HK']]， 最大动作为1号位打出的['ThreeWithTwo', 'T', ['ST', 'CT', 'DT', 'SK', 'HK']]
[22:06:54] [yf1_v4] [INFO] 2号位打出['PASS', 'PASS', 'PASS']， 最大动作为1号位打出的['ThreeWithTwo', 'T', ['ST', 'CT', 'DT', 'SK', 'HK']]
[22:06:54] [yf1_v4] [INFO] 3号位打出['ThreeWithTwo', 'A', ['HA', 'CA', 'DA', 'H6', 'C6']]， 最大动作为3号位打出的['ThreeWithTwo', 'A', ['HA', 'CA', 'DA', 'H6', 'C6']]
[22:06:54] [YFAdapter-P0] [INFO] [YF-P0] Decision context: myPos=0, curPos=3, greaterPos=3, teammate=2, curAction=[, actionList_size=1
[22:06:54] [YFAdapter-P0] [INFO] [YF-P0] Decided: action_index=0, action=['PASS', 'PASS', 'PASS']
[22:06:54] [HybridV4-P0] [INFO] ✓ Decision complete: action=0 (score=95.0, layer=YF), candidates=1, time=0.005s
[22:06:54] [yf1_v4] [INFO] 0号位打出['PASS', 'PASS', 'PASS']， 最大动作为3号位打出的['ThreeWithTwo', 'A', ['HA', 'CA', 'DA', 'H6', 'C6']]
[22:06:54] [yf1_v4] [INFO] 1号位打出['PASS', 'PASS', 'PASS']， 最大动作为3号位打出的['ThreeWithTwo', 'A', ['HA', 'CA', 'DA', 'H6', 'C6']]
[22:06:54] [yf1_v4] [INFO] 2号位打出['PASS', 'PASS', 'PASS']， 最大动作为3号位打出的['ThreeWithTwo', 'A', ['HA', 'CA', 'DA', 'H6', 'C6']]
[22:06:54] [yf1_v4] [INFO] 3号位打出['ThreeWithTwo', '9', ['S9', 'H9', 'C9', 'C7', 'D7']]， 最大动作为3号位打出的['ThreeWithTwo', '9', ['S9', 'H9', 'C9', 'C7', 'D7']]
[22:06:54] [YFAdapter-P0] [INFO] [YF-P0] Decision context: myPos=0, curPos=3, greaterPos=3, teammate=2, curAction=[, actionList_size=1
[22:06:54] [YFAdapter-P0] [INFO] [YF-P0] Decided: action_index=0, action=['PASS', 'PASS', 'PASS']
[22:06:54] [HybridV4-P0] [INFO] ✓ Decision complete: action=0 (score=55.0, layer=YF), candidates=1, time=0.003s
[22:06:54] [yf1_v4] [INFO] 0号位打出['PASS', 'PASS', 'PASS']， 最大动作为3号位打出的['ThreeWithTwo', '9', ['S9', 'H9', 'C9', 'C7', 'D7']]
[22:06:54] [yf1_v4] [INFO] 1号位打出['PASS', 'PASS', 'PASS']， 最大动作为3号位打出的['ThreeWithTwo', '9', ['S9', 'H9', 'C9', 'C7', 'D7']]
[22:06:54] [yf1_v4] [INFO] 2号位打出['PASS', 'PASS', 'PASS']， 最大动作为3号位打出的['ThreeWithTwo', '9', ['S9', 'H9', 'C9', 'C7', 'D7']]
[22:06:54] [yf1_v4] [INFO] 3号位打出['Pair', 'J', ['CJ', 'DJ']]， 最大动作为3号位打出的['Pair', 'J', ['CJ', 'DJ']]
[22:06:54] [YFAdapter-P0] [INFO] [YF-P0] Decision context: myPos=0, curPos=3, greaterPos=3, teammate=2, curAction=[, actionList_size=2
[22:06:54] [YFAdapter-P0] [INFO] [YF-P0] Decided: action_index=0, action=['PASS', 'PASS', 'PASS']
[22:06:54] [YFAdapter-P0] [WARNING] [YF-P0] 检测到过于保守: 对手快走完(剩3张), 触发Layer 2/3进行更积极的决策
[22:06:54] [HybridV4-P0] [INFO] ✓ Decision complete: action=1 (score=155.6, layer=DecisionEngine), candidates=2, time=0.017s
[22:06:54] [yf1_v4] [INFO] 0号位打出['Pair', 'K', ['SK', 'HK']]， 最大动作为0号位打出的['Pair', 'K', ['SK', 'HK']]
[22:06:54] [yf1_v4] [INFO] 1号位打出['Pair', '2', ['C2', 'D2']]， 最大动作为1号位打出的['Pair', '2', ['C2', 'D2']]
[22:06:54] [yf1_v4] [INFO] 2号位打出['PASS', 'PASS', 'PASS']， 最大动作为1号位打出的['Pair', '2', ['C2', 'D2']]
[22:06:54] [yf1_v4] [INFO] 3号位打出['PASS', 'PASS', 'PASS']， 最大动作为1号位打出的['Pair', '2', ['C2', 'D2']]
[22:06:54] [YFAdapter-P0] [INFO] [YF-P0] Decision context: myPos=0, curPos=3, greaterPos=1, teammate=2, curAction=[, actionList_size=1
[22:06:54] [YFAdapter-P0] [INFO] [YF-P0] Decided: action_index=0, action=['PASS', 'PASS', 'PASS']
[22:06:54] [HybridV4-P0] [INFO] ✓ Decision complete: action=0 (score=-5.0, layer=YF), candidates=1, time=0.002s
[22:06:54] [yf1_v4] [INFO] 0号位打出['PASS', 'PASS', 'PASS']， 最大动作为1号位打出的['Pair', '2', ['C2', 'D2']]
[22:06:54] [yf1_v4] [INFO] 1号位打出['Single', '6', ['D6']]， 最大动作为1号位打出的['Single', '6', ['D6']]
[22:06:54] [yf1_v4] [INFO] 2号位打出['Single', 'J', ['SJ']]， 最大动作为2号位打出的['Single', 'J', ['SJ']]
[22:06:54] [yf1_v4] [INFO] 3号位打出['Single', 'B', ['SB']]， 最大动作为3号位打出的['Single', 'B', ['SB']]
[22:06:54] [YFAdapter-P0] [INFO] [YF-P0] Decision context: myPos=0, curPos=3, greaterPos=3, teammate=2, curAction=[, actionList_size=1
[22:06:54] [YFAdapter-P0] [INFO] [YF-P0] Decided: action_index=0, action=['PASS', 'PASS', 'PASS']
[22:06:54] [HybridV4-P0] [INFO] ✓ Decision complete: action=0 (score=-5.0, layer=YF), candidates=1, time=0.005s
[22:06:54] [yf1_v4] [INFO] 0号位打出['PASS', 'PASS', 'PASS']， 最大动作为3号位打出的['Single', 'B', ['SB']]
[22:06:54] [yf1_v4] [INFO] 1号位打出['PASS', 'PASS', 'PASS']， 最大动作为3号位打出的['Single', 'B', ['SB']]
[22:06:54] [yf1_v4] [INFO] 2号位打出['PASS', 'PASS', 'PASS']， 最大动作为3号位打出的['Single', 'B', ['SB']]
[22:06:54] [yf1_v4] [INFO] 3号位打出['Pair', 'K', ['CK', 'DK']]， 最大动作为3号位打出的['Pair', 'K', ['CK', 'DK']]
[22:06:54] [YFAdapter-P0] [INFO] [YF-P0] Decision context: myPos=0, curPos=3, greaterPos=3, teammate=2, curAction=[, actionList_size=1
[22:06:54] [YFAdapter-P0] [INFO] [YF-P0] Decided: action_index=0, action=['PASS', 'PASS', 'PASS']
[22:06:54] [HybridV4-P0] [INFO] ✓ Decision complete: action=0 (score=-5.0, layer=YF), candidates=1, time=0.016s
[22:06:54] [yf1_v4] [INFO] 0号位打出['PASS', 'PASS', 'PASS']， 最大动作为3号位打出的['Pair', 'K', ['CK', 'DK']]
[22:06:54] [yf1_v4] [INFO] 1号位打出['PASS', 'PASS', 'PASS']， 最大动作为3号位打出的['Pair', 'K', ['CK', 'DK']]
[22:06:54] [yf1_v4] [INFO] 1号位打出['Straight', '4', ['D4', 'S5', 'H6', 'C7', 'S8']]， 最大动作为1号位打出的['Straight', '4', ['D4', 'S5', 'H6', 'C7', 'S8']]
[22:06:54] [yf1_v4] [INFO] 2号位打出['PASS', 'PASS', 'PASS']， 最大动作为1号位打出的['Straight', '4', ['D4', 'S5', 'H6', 'C7', 'S8']]
[22:06:54] [YFAdapter-P0] [INFO] [YF-P0] Decision context: myPos=0, curPos=2, greaterPos=1, teammate=2, curAction=[, actionList_size=1
[22:06:54] [YFAdapter-P0] [INFO] [YF-P0] Decided: action_index=0, action=['PASS', 'PASS', 'PASS']
[22:06:54] [HybridV4-P0] [INFO] ✓ Decision complete: action=0 (score=10.0, layer=YF), candidates=1, time=0.002s
[22:06:54] [yf1_v4] [INFO] 0号位打出['PASS', 'PASS', 'PASS']， 最大动作为1号位打出的['Straight', '4', ['D4', 'S5', 'H6', 'C7', 'S8']]
[22:06:54] [yf1_v4] [INFO] 1号位打出['Trips', '3', ['S3', 'S3', 'H3']]， 最大动作为1号位打出的['Trips', '3', ['S3', 'S3', 'H3']]
[22:06:54] [yf1_v4] [INFO] 2号位打出['Trips', '4', ['S4', 'S4', 'C4']]， 最大动作为2号位打出的['Trips', '4', ['S4', 'S4', 'C4']]
[22:06:54] [YFAdapter-P0] [INFO] [YF-P0] Decision context: myPos=0, curPos=2, greaterPos=2, teammate=2, curAction=[, actionList_size=1
[22:06:54] [YFAdapter-P0] [INFO] [YF-P0] Decided: action_index=0, action=['PASS', 'PASS', 'PASS']
[22:06:54] [HybridV4-P0] [INFO] ✓ Decision complete: action=0 (score=10.0, layer=YF), candidates=1, time=0.017s
[22:06:54] [yf1_v4] [INFO] 0号位打出['PASS', 'PASS', 'PASS']， 最大动作为2号位打出的['Trips', '4', ['S4', 'S4', 'C4']]
[22:06:54] [yf1_v4] [INFO] 1号位打出['Trips', 'J', ['SJ', 'HJ', 'DJ']]， 最大动作为1号位打出的['Trips', 'J', ['SJ', 'HJ', 'DJ']]
[22:06:54] [yf1_v4] [INFO] 2号位打出['PASS', 'PASS', 'PASS']， 最大动作为1号位打出的['Trips', 'J', ['SJ', 'HJ', 'DJ']]
[22:06:54] [YFAdapter-P0] [INFO] [YF-P0] Decision context: myPos=0, curPos=2, greaterPos=1, teammate=2, curAction=[, actionList_size=1
[22:06:54] [YFAdapter-P0] [INFO] [YF-P0] Decided: action_index=0, action=['PASS', 'PASS', 'PASS']
[22:06:54] [HybridV4-P0] [INFO] ✓ Decision complete: action=0 (score=10.0, layer=YF), candidates=1, time=0.005s
[22:06:54] [yf1_v4] [INFO] 0号位打出['PASS', 'PASS', 'PASS']， 最大动作为1号位打出的['Trips', 'J', ['SJ', 'HJ', 'DJ']]
[22:06:54] [yf1_v4] [INFO] 1号位打出['Single', 'Q', ['DQ']]， 最大动作为1号位打出的['Single', 'Q', ['DQ']]
[22:06:54] [yf1_v4] [INFO] 游戏开始, 我是0号位，手牌：['S2', 'S2', 'D2', 'S4', 'H4', 'C4', 'C4', 'D4', 'H6', 'D6', 'D6', 'C7', 'H9', 'H9', 'C9', 'HT', 'CT', 'DT', 'SQ', 'CK', 'CK', 'DK', 'HA', 'HA', 'CA', 'C5', 'SB']
[22:06:54] [YFAdapter-P0] [INFO] [YF-P0] Decision context: myPos=0, curPos=-1, greaterPos=-1, teammate=2, curAction=[, actionList_size=1
[22:06:54] [YFAdapter-P0] [INFO] [YF-P0] Decided: action_index=0, action=['tribute', 'tribute', [['S', 'B']]]
[22:06:54] [HybridV4-P0] [INFO] ✓ Decision complete: action=0 (score=110.0, layer=YF), candidates=1, time=0.003s
[22:06:54] [yf1_v4] [INFO] 2号位打出['Single', '6', ['S6']]， 最大动作为2号位打出的['Single', '6', ['S6']]
[22:06:54] [yf1_v4] [INFO] 3号位打出['Single', 'A', ['DA']]， 最大动作为3号位打出的['Single', 'A', ['DA']]
[22:06:54] [YFAdapter-P0] [INFO] [YF-P0] Decision context: myPos=0, curPos=3, greaterPos=3, teammate=2, curAction=[, actionList_size=8
[22:06:54] [YFAdapter-P0] [INFO] [YF-P0] Decided: action_index=0, action=['PASS', 'PASS', 'PASS']
[22:06:54] [HybridV4-P0] [INFO] ✓ Decision complete: action=6 (score=135.5, layer=YF), candidates=7, time=0.004s
[22:06:54] [yf1_v4] [INFO] 0号位打出['Bomb', 'T', ['HT', 'CT', 'DT', 'DT']]， 最大动作为0号位打出的['Bomb', 'T', ['HT', 'CT', 'DT', 'DT']]
[22:06:54] [yf1_v4] [INFO] 1号位打出['PASS', 'PASS', 'PASS']， 最大动作为0号位打出的['Bomb', 'T', ['HT', 'CT', 'DT', 'DT']]
[22:06:54] [yf1_v4] [INFO] 2号位打出['PASS', 'PASS', 'PASS']， 最大动作为0号位打出的['Bomb', 'T', ['HT', 'CT', 'DT', 'DT']]
[22:06:54] [yf1_v4] [INFO] 3号位打出['PASS', 'PASS', 'PASS']， 最大动作为0号位打出的['Bomb', 'T', ['HT', 'CT', 'DT', 'DT']]
[22:06:54] [YFAdapter-P0] [INFO] [YF-P0] Decision context: myPos=0, curPos=-1, greaterPos=-1, teammate=2, curAction=[, actionList_size=196
[22:06:54] [YFAdapter-P0] [INFO] [YF-P0] Decided: action_index=8, action=['Single', '7', [['C', '7']]]
[22:06:54] [HybridV4-P0] [INFO] ✓ Decision complete: action=8 (score=115.0, layer=YF), candidates=8, time=0.016s
[22:06:54] [yf1_v4] [INFO] 0号位打出['Single', '7', ['C7']]， 最大动作为0号位打出的['Single', '7', ['C7']]
[22:06:54] [yf1_v4] [INFO] 1号位打出['Single', 'K', ['SK']]， 最大动作为1号位打出的['Single', 'K', ['SK']]
[22:06:54] [yf1_v4] [INFO] 2号位打出['Single', 'A', ['CA']]， 最大动作为2号位打出的['Single', 'A', ['CA']]
[22:06:54] [yf1_v4] [INFO] 3号位打出['Single', '5', ['H5']]， 最大动作为3号位打出的['Single', '5', ['H5']]
[22:06:54] [YFAdapter-P0] [INFO] [YF-P0] Decision context: myPos=0, curPos=3, greaterPos=3, teammate=2, curAction=[, actionList_size=6
[22:06:54] [YFAdapter-P0] [INFO] [YF-P0] Decided: action_index=0, action=['PASS', 'PASS', 'PASS']
[22:06:55] [HybridV4-P0] [INFO] ✓ Decision complete: action=1 (score=132.0, layer=YF), candidates=6, time=0.013s
[22:06:55] [yf1_v4] [INFO] 0号位打出['Bomb', '4', ['S4', 'H4', 'C4', 'D4']]， 最大动作为0号位打出的['Bomb', '4', ['S4', 'H4', 'C4', 'D4']]
[22:06:55] [yf1_v4] [INFO] 1号位打出['Bomb', 'Q', ['SQ', 'HQ', 'CQ', 'H5']]， 最大动作为1号位打出的['Bomb', 'Q', ['SQ', 'HQ', 'CQ', 'H5']]
[22:06:55] [yf1_v4] [INFO] 2号位打出['PASS', 'PASS', 'PASS']， 最大动作为1号位打出的['Bomb', 'Q', ['SQ', 'HQ', 'CQ', 'H5']]
[22:06:55] [yf1_v4] [INFO] 3号位打出['PASS', 'PASS', 'PASS']， 最大动作为1号位打出的['Bomb', 'Q', ['SQ', 'HQ', 'CQ', 'H5']]
[22:06:55] [YFAdapter-P0] [INFO] [YF-P0] Decision context: myPos=0, curPos=3, greaterPos=1, teammate=2, curAction=[, actionList_size=1
[22:06:55] [YFAdapter-P0] [INFO] [YF-P0] Decided: action_index=0, action=['PASS', 'PASS', 'PASS']
[22:06:55] [HybridV4-P0] [INFO] ✓ Decision complete: action=0 (score=95.0, layer=YF), candidates=1, time=0.003s
[22:06:55] [yf1_v4] [INFO] 0号位打出['PASS', 'PASS', 'PASS']， 最大动作为1号位打出的['Bomb', 'Q', ['SQ', 'HQ', 'CQ', 'H5']]
[22:06:55] [yf1_v4] [INFO] 1号位打出['Single', '2', ['H2']]， 最大动作为1号位打出的['Single', '2', ['H2']]
[22:06:55] [yf1_v4] [INFO] 2号位打出['Single', 'J', ['HJ']]， 最大动作为2号位打出的['Single', 'J', ['HJ']]
[22:06:55] [yf1_v4] [INFO] 3号位打出['Single', 'B', ['SB']]， 最大动作为3号位打出的['Single', 'B', ['SB']]
[22:06:55] [YFAdapter-P0] [INFO] [YF-P0] Decision context: myPos=0, curPos=3, greaterPos=3, teammate=2, curAction=[, actionList_size=1
[22:06:55] [YFAdapter-P0] [INFO] [YF-P0] Decided: action_index=0, action=['PASS', 'PASS', 'PASS']
[22:06:55] [HybridV4-P0] [INFO] ✓ Decision complete: action=0 (score=95.0, layer=YF), candidates=1, time=0.015s
[22:06:55] [yf1_v4] [INFO] 0号位打出['PASS', 'PASS', 'PASS']， 最大动作为3号位打出的['Single', 'B', ['SB']]
[22:06:55] [yf1_v4] [INFO] 1号位打出['PASS', 'PASS', 'PASS']， 最大动作为3号位打出的['Single', 'B', ['SB']]
[22:06:55] [yf1_v4] [INFO] 2号位打出['Bomb', '7', ['S7', 'H7', 'D7', 'D7']]， 最大动作为2号位打出的['Bomb', '7', ['S7', 'H7', 'D7', 'D7']]
[22:06:55] [yf1_v4] [INFO] 3号位打出['PASS', 'PASS', 'PASS']， 最大动作为2号位打出的['Bomb', '7', ['S7', 'H7', 'D7', 'D7']]
[22:06:55] [YFAdapter-P0] [INFO] [YF-P0] Decision context: myPos=0, curPos=3, greaterPos=2, teammate=2, curAction=[, actionList_size=1
[22:06:55] [YFAdapter-P0] [INFO] [YF-P0] Decided: action_index=0, action=['PASS', 'PASS', 'PASS']
[22:06:55] [HybridV4-P0] [INFO] ✓ Decision complete: action=0 (score=95.0, layer=YF), candidates=1, time=0.005s
[22:06:55] [yf1_v4] [INFO] 0号位打出['PASS', 'PASS', 'PASS']， 最大动作为2号位打出的['Bomb', '7', ['S7', 'H7', 'D7', 'D7']]
[22:06:55] [yf1_v4] [INFO] 1号位打出['PASS', 'PASS', 'PASS']， 最大动作为2号位打出的['Bomb', '7', ['S7', 'H7', 'D7', 'D7']]
[22:06:55] [yf1_v4] [INFO] 2号位打出['ThreeWithTwo', '4', ['S4', 'H4', 'D4', 'C2', 'D2']]， 最大动作为2号位打出的['ThreeWithTwo', '4', ['S4', 'H4', 'D4', 'C2', 'D2']]
[22:06:55] [yf1_v4] [INFO] 3号位打出['ThreeWithTwo', '9', ['S9', 'S9', 'D9', 'H2', 'C2']]， 最大动作为3号位打出的['ThreeWithTwo', '9', ['S9', 'S9', 'D9', 'H2', 'C2']]
[22:06:55] [YFAdapter-P0] [INFO] [YF-P0] Decision context: myPos=0, curPos=3, greaterPos=3, teammate=2, curAction=[, actionList_size=17
[22:06:55] [YFAdapter-P0] [INFO] [YF-P0] Decided: action_index=0, action=['PASS', 'PASS', 'PASS']
[22:06:55] [HybridV4-P0] [INFO] ✓ Decision complete: action=9 (score=142.5, layer=YF), candidates=8, time=0.010s
[22:06:55] [yf1_v4] [INFO] 0号位打出['ThreeWithTwo', 'A', ['HA', 'HA', 'CA', 'S2', 'D2']]， 最大动作为0号位打出的['ThreeWithTwo', 'A', ['HA', 'HA', 'CA', 'S2', 'D2']]
[22:06:55] [yf1_v4] [INFO] 1号位打出['PASS', 'PASS', 'PASS']， 最大动作为0号位打出的['ThreeWithTwo', 'A', ['HA', 'HA', 'CA', 'S2', 'D2']]
[22:06:55] [yf1_v4] [INFO] 2号位打出['ThreeWithTwo', '5', ['S5', 'C5', 'D5', 'S3', 'C3']]， 最大动作为2号位打出的['ThreeWithTwo', '5', ['S5', 'C5', 'D5', 'S3', 'C3']]
[22:06:55] [yf1_v4] [INFO] 3号位打出['PASS', 'PASS', 'PASS']， 最大动作为2号位打出的['ThreeWithTwo', '5', ['S5', 'C5', 'D5', 'S3', 'C3']]
[22:06:55] [YFAdapter-P0] [INFO] [YF-P0] Decision context: myPos=0, curPos=3, greaterPos=2, teammate=2, curAction=[, actionList_size=1
[22:06:55] [YFAdapter-P0] [INFO] [YF-P0] Decided: action_index=0, action=['PASS', 'PASS', 'PASS']
[22:06:55] [HybridV4-P0] [INFO] ✓ Decision complete: action=0 (score=95.0, layer=YF), candidates=1, time=0.018s
[22:06:55] [yf1_v4] [INFO] 0号位打出['PASS', 'PASS', 'PASS']， 最大动作为2号位打出的['ThreeWithTwo', '5', ['S5', 'C5', 'D5', 'S3', 'C3']]
[22:06:55] [yf1_v4] [INFO] 1号位打出['PASS', 'PASS', 'PASS']， 最大动作为2号位打出的['ThreeWithTwo', '5', ['S5', 'C5', 'D5', 'S3', 'C3']]
[22:06:55] [yf1_v4] [INFO] 2号位打出['Trips', '8', ['S8', 'H8', 'C8']]， 最大动作为2号位打出的['Trips', '8', ['S8', 'H8', 'C8']]
[22:06:55] [yf1_v4] [INFO] 3号位打出['Trips', 'J', ['SJ', 'HJ', 'CJ']]， 最大动作为3号位打出的['Trips', 'J', ['SJ', 'HJ', 'CJ']]
[22:06:55] [YFAdapter-P0] [INFO] [YF-P0] Decision context: myPos=0, curPos=3, greaterPos=3, teammate=2, curAction=[, actionList_size=2
[22:06:55] [YFAdapter-P0] [INFO] [YF-P0] Decided: action_index=0, action=['PASS', 'PASS', 'PASS']
[22:06:55] [HybridV4-P0] [INFO] ✓ Decision complete: action=1 (score=139.0, layer=YF), candidates=2, time=0.004s
[22:06:55] [yf1_v4] [INFO] 0号位打出['Trips', 'K', ['CK', 'CK', 'DK']]， 最大动作为0号位打出的['Trips', 'K', ['CK', 'CK', 'DK']]
[22:06:55] [yf1_v4] [INFO] 1号位打出['Trips', 'A', ['SA', 'SA', 'DA']]， 最大动作为1号位打出的['Trips', 'A', ['SA', 'SA', 'DA']]
[22:06:55] [yf1_v4] [INFO] 2号位打出['PASS', 'PASS', 'PASS']， 最大动作为1号位打出的['Trips', 'A', ['SA', 'SA', 'DA']]
[22:06:55] [yf1_v4] [INFO] 3号位打出['PASS', 'PASS', 'PASS']， 最大动作为1号位打出的['Trips', 'A', ['SA', 'SA', 'DA']]
[22:06:55] [YFAdapter-P0] [INFO] [YF-P0] Decision context: myPos=0, curPos=3, greaterPos=1, teammate=2, curAction=[, actionList_size=1
[22:06:55] [YFAdapter-P0] [INFO] [YF-P0] Decided: action_index=0, action=['PASS', 'PASS', 'PASS']
[22:06:55] [HybridV4-P0] [INFO] ✓ Decision complete: action=0 (score=95.0, layer=YF), candidates=1, time=0.007s
[22:06:55] [yf1_v4] [INFO] 0号位打出['PASS', 'PASS', 'PASS']， 最大动作为1号位打出的['Trips', 'A', ['SA', 'SA', 'DA']]
[22:06:55] [yf1_v4] [INFO] 1号位打出['Single', '7', ['H7']]， 最大动作为1号位打出的['Single', '7', ['H7']]
[22:06:55] [yf1_v4] [INFO] 2号位打出['Single', 'J', ['DJ']]， 最大动作为2号位打出的['Single', 'J', ['DJ']]
[22:06:55] [yf1_v4] [INFO] 3号位打出['Single', 'B', ['SB']]， 最大动作为3号位打出的['Single', 'B', ['SB']]
[22:06:55] [YFAdapter-P0] [INFO] [YF-P0] Decision context: myPos=0, curPos=3, greaterPos=3, teammate=2, curAction=[, actionList_size=1
[22:06:55] [YFAdapter-P0] [INFO] [YF-P0] Decided: action_index=0, action=['PASS', 'PASS', 'PASS']
[22:06:55] [HybridV4-P0] [INFO] ✓ Decision complete: action=0 (score=95.0, layer=YF), candidates=1, time=0.013s
[22:06:55] [yf1_v4] [INFO] 0号位打出['PASS', 'PASS', 'PASS']， 最大动作为3号位打出的['Single', 'B', ['SB']]
[22:06:55] [yf1_v4] [INFO] 1号位打出['PASS', 'PASS', 'PASS']， 最大动作为3号位打出的['Single', 'B', ['SB']]
[22:06:55] [yf1_v4] [INFO] 2号位打出['PASS', 'PASS', 'PASS']， 最大动作为3号位打出的['Single', 'B', ['SB']]
[22:06:55] [yf1_v4] [INFO] 3号位打出['ThreePair', '6', ['S6', 'H6', 'S7', 'C7', 'C8', 'D8']]， 最大动作为3号位打出的['ThreePair', '6', ['S6', 'H6', 'S7', 'C7', 'C8', 'D8']]
[22:06:55] [YFAdapter-P0] [INFO] [YF-P0] Decision context: myPos=0, curPos=3, greaterPos=3, teammate=2, curAction=[, actionList_size=1
[22:06:55] [YFAdapter-P0] [INFO] [YF-P0] Decided: action_index=0, action=['PASS', 'PASS', 'PASS']
[22:06:55] [HybridV4-P0] [INFO] ✓ Decision complete: action=0 (score=95.0, layer=YF), candidates=1, time=0.004s
[22:06:55] [yf1_v4] [INFO] 0号位打出['PASS', 'PASS', 'PASS']， 最大动作为3号位打出的['ThreePair', '6', ['S6', 'H6', 'S7', 'C7', 'C8', 'D8']]
[22:06:55] [yf1_v4] [INFO] 1号位打出['PASS', 'PASS', 'PASS']， 最大动作为3号位打出的['ThreePair', '6', ['S6', 'H6', 'S7', 'C7', 'C8', 'D8']]
[22:06:55] [yf1_v4] [INFO] 2号位打出['PASS', 'PASS', 'PASS']， 最大动作为3号位打出的['ThreePair', '6', ['S6', 'H6', 'S7', 'C7', 'C8', 'D8']]
[22:06:55] [yf1_v4] [INFO] 3号位打出['Trips', '3', ['S3', 'H3', 'C3']]， 最大动作为3号位打出的['Trips', '3', ['S3', 'H3', 'C3']]
[22:06:55] [YFAdapter-P0] [INFO] [YF-P0] Decision context: myPos=0, curPos=3, greaterPos=3, teammate=2, curAction=[, actionList_size=3
[22:06:55] [YFAdapter-P0] [INFO] [YF-P0] Decided: action_index=0, action=['PASS', 'PASS', 'PASS']
[22:06:55] [HybridV4-P0] [INFO] ✓ Decision complete: action=2 (score=182.5, layer=YF), candidates=3, time=0.018s
[22:06:55] [yf1_v4] [INFO] 0号位打出['Trips', '9', ['H9', 'H9', 'C9']]， 最大动作为0号位打出的['Trips', '9', ['H9', 'H9', 'C9']]
[22:06:55] [yf1_v4] [INFO] 1号位打出['PASS', 'PASS', 'PASS']， 最大动作为0号位打出的['Trips', '9', ['H9', 'H9', 'C9']]
[22:06:55] [yf1_v4] [INFO] 2号位打出['Trips', 'T', ['ST', 'ST', 'CT']]， 最大动作为2号位打出的['Trips', 'T', ['ST', 'ST', 'CT']]
[22:06:55] [yf1_v4] [INFO] 3号位打出['Trips', 'Q', ['HQ', 'CQ', 'DQ']]， 最大动作为3号位打出的['Trips', 'Q', ['HQ', 'CQ', 'DQ']]
[22:06:55] [YFAdapter-P0] [INFO] [YF-P0] Decision context: myPos=0, curPos=3, greaterPos=3, teammate=2, curAction=[, actionList_size=1
[22:06:55] [YFAdapter-P0] [INFO] [YF-P0] Decided: action_index=0, action=['PASS', 'PASS', 'PASS']
[22:06:55] [HybridV4-P0] [INFO] ✓ Decision complete: action=0 (score=-5.0, layer=YF), candidates=1, time=0.005s
[22:06:55] [yf1_v4] [INFO] 0号位打出['PASS', 'PASS', 'PASS']， 最大动作为3号位打出的['Trips', 'Q', ['HQ', 'CQ', 'DQ']]
[22:06:55] [yf1_v4] [INFO] 1号位打出['PASS', 'PASS', 'PASS']， 最大动作为3号位打出的['Trips', 'Q', ['HQ', 'CQ', 'DQ']]
[22:06:55] [yf1_v4] [INFO] 2号位打出['PASS', 'PASS', 'PASS']， 最大动作为3号位打出的['Trips', 'Q', ['HQ', 'CQ', 'DQ']]
[22:06:55] [yf1_v4] [INFO] 3号位打出['Pair', 'K', ['HK', 'DK']]， 最大动作为3号位打出的['Pair', 'K', ['HK', 'DK']]
[22:06:55] [YFAdapter-P0] [INFO] [YF-P0] Decision context: myPos=0, curPos=3, greaterPos=3, teammate=2, curAction=[, actionList_size=1
[22:06:55] [YFAdapter-P0] [INFO] [YF-P0] Decided: action_index=0, action=['PASS', 'PASS', 'PASS']
[22:06:55] [HybridV4-P0] [INFO] ✓ Decision complete: action=0 (score=-5.0, layer=YF), candidates=1, time=0.006s
[22:06:55] [yf1_v4] [INFO] 0号位打出['PASS', 'PASS', 'PASS']， 最大动作为3号位打出的['Pair', 'K', ['HK', 'DK']]
[22:06:55] [yf1_v4] [INFO] 1号位打出['PASS', 'PASS', 'PASS']， 最大动作为3号位打出的['Pair', 'K', ['HK', 'DK']]
[22:06:55] [yf1_v4] [INFO] 2号位打出['PASS', 'PASS', 'PASS']， 最大动作为3号位打出的['Pair', 'K', ['HK', 'DK']]
[22:06:55] [yf1_v4] [INFO] 3号位打出['Single', 'R', ['HR']]， 最大动作为3号位打出的['Single', 'R', ['HR']]
[22:06:55] [YFAdapter-P0] [INFO] [YF-P0] Decision context: myPos=0, curPos=3, greaterPos=3, teammate=2, curAction=[, actionList_size=1
[22:06:55] [YFAdapter-P0] [INFO] [YF-P0] Decided: action_index=0, action=['PASS', 'PASS', 'PASS']
[22:06:55] [HybridV4-P0] [INFO] ✓ Decision complete: action=0 (score=-5.0, layer=YF), candidates=1, time=0.004s
[22:06:55] [yf1_v4] [INFO] 0号位打出['PASS', 'PASS', 'PASS']， 最大动作为3号位打出的['Single', 'R', ['HR']]
[22:06:55] [yf1_v4] [INFO] 1号位打出['PASS', 'PASS', 'PASS']， 最大动作为3号位打出的['Single', 'R', ['HR']]
[22:06:55] [yf1_v4] [INFO] 1号位打出['Straight', '8', ['S8', 'D9', 'HT', 'SJ', 'DQ']]， 最大动作为1号位打出的['Straight', '8', ['S8', 'D9', 'HT', 'SJ', 'DQ']]
[22:06:55] [yf1_v4] [INFO] 2号位打出['PASS', 'PASS', 'PASS']， 最大动作为1号位打出的['Straight', '8', ['S8', 'D9', 'HT', 'SJ', 'DQ']]
[22:06:55] [YFAdapter-P0] [INFO] [YF-P0] Decision context: myPos=0, curPos=2, greaterPos=1, teammate=2, curAction=[, actionList_size=1
[22:06:55] [YFAdapter-P0] [INFO] [YF-P0] Decided: action_index=0, action=['PASS', 'PASS', 'PASS']
[22:06:55] [HybridV4-P0] [INFO] ✓ Decision complete: action=0 (score=110.0, layer=YF), candidates=1, time=0.004s
[22:06:55] [yf1_v4] [INFO] 0号位打出['PASS', 'PASS', 'PASS']， 最大动作为1号位打出的['Straight', '8', ['S8', 'D9', 'HT', 'SJ', 'DQ']]
[22:06:55] [yf1_v4] [INFO] 1号位打出['Pair', '6', ['C6', 'C6']]， 最大动作为1号位打出的['Pair', '6', ['C6', 'C6']]
[22:06:55] [yf1_v4] [INFO] 2号位打出['Pair', 'K', ['SK', 'HK']]， 最大动作为2号位打出的['Pair', 'K', ['SK', 'HK']]
[22:06:55] [HybridV4-P0] [INFO] [Critical Rule] Teammate protection: teammate has 1 cards, PASS
[22:06:55] [HybridV4-P0] [INFO] ✓ Critical Rule triggered: action=0, time=0.003s
[22:06:55] [yf1_v4] [INFO] 0号位打出['PASS', 'PASS', 'PASS']， 最大动作为2号位打出的['Pair', 'K', ['SK', 'HK']]
[22:06:55] [yf1_v4] [INFO] 1号位打出['Pair', '5', ['S5', 'D5']]， 最大动作为1号位打出的['Pair', '5', ['S5', 'D5']]
[22:06:55] [yf1_v4] [INFO] 2号位打出['PASS', 'PASS', 'PASS']， 最大动作为1号位打出的['Pair', '5', ['S5', 'D5']]
[22:06:55] [YFAdapter-P0] [INFO] [YF-P0] Decision context: myPos=0, curPos=2, greaterPos=1, teammate=2, curAction=[, actionList_size=1
[22:06:55] [YFAdapter-P0] [INFO] [YF-P0] Decided: action_index=0, action=['PASS', 'PASS', 'PASS']
[22:06:55] [HybridV4-P0] [INFO] ✓ Decision complete: action=0 (score=110.0, layer=YF), candidates=1, time=0.004s
[22:06:55] [yf1_v4] [INFO] 0号位打出['PASS', 'PASS', 'PASS']， 最大动作为1号位打出的['Pair', '5', ['S5', 'D5']]
[22:06:55] [yf1_v4] [INFO] 1号位打出['ThreeWithTwo', '3', ['H3', 'D3', 'D3', 'H8', 'D8']]， 最大动作为1号位打出的['ThreeWithTwo', '3', ['H3', 'D3', 'D3', 'H8', 'D8']]
[22:06:55] [yf1_v4] [INFO] 2号位打出['PASS', 'PASS', 'PASS']， 最大动作为1号位打出的['ThreeWithTwo', '3', ['H3', 'D3', 'D3', 'H8', 'D8']]
[22:06:55] [YFAdapter-P0] [INFO] [YF-P0] Decision context: myPos=0, curPos=2, greaterPos=1, teammate=2, curAction=[, actionList_size=1
[22:06:55] [YFAdapter-P0] [INFO] [YF-P0] Decided: action_index=0, action=['PASS', 'PASS', 'PASS']
[22:06:55] [HybridV4-P0] [INFO] ✓ Decision complete: action=0 (score=110.0, layer=YF), candidates=1, time=0.004s
[22:06:55] [yf1_v4] [INFO] 0号位打出['PASS', 'PASS', 'PASS']， 最大动作为1号位打出的['ThreeWithTwo', '3', ['H3', 'D3', 'D3', 'H8', 'D8']]
[22:06:55] [yf1_v4] [INFO] 1号位打出['Pair', 'J', ['CJ', 'DJ']]， 最大动作为1号位打出的['Pair', 'J', ['CJ', 'DJ']]
[22:06:55] [yf1_v4] [INFO] 2号位打出['PASS', 'PASS', 'PASS']， 最大动作为1号位打出的['Pair', 'J', ['CJ', 'DJ']]
[22:06:55] [YFAdapter-P0] [INFO] [YF-P0] Decision context: myPos=0, curPos=2, greaterPos=1, teammate=2, curAction=[, actionList_size=1
[22:06:55] [YFAdapter-P0] [INFO] [YF-P0] Decided: action_index=0, action=['PASS', 'PASS', 'PASS']
[22:06:55] [HybridV4-P0] [INFO] ✓ Decision complete: action=0 (score=110.0, layer=YF), candidates=1, time=0.004s
[22:06:55] [yf1_v4] [INFO] 0号位打出['PASS', 'PASS', 'PASS']， 最大动作为1号位打出的['Pair', 'J', ['CJ', 'DJ']]
[22:06:55] [yf1_v4] [INFO] 1号位打出['Single', 'R', ['HR']]， 最大动作为1号位打出的['Single', 'R', ['HR']]
[22:06:55] [yf1_v4] [INFO] 游戏开始, 我是0号位，手牌：['S2', 'H2', 'D3', 'S4', 'H4', 'C4', 'D4', 'C5', 'D5', 'S6', 'D6', 'S7', 'D7', 'HT', 'CJ', 'DJ', 'SQ', 'SK', 'SA', 'SA', 'HA', 'HA', 'CA', 'S8', 'H8', 'D8', 'SB']
[22:06:55] [YFAdapter-P0] [INFO] [YF-P0] Decision context: myPos=0, curPos=-1, greaterPos=-1, teammate=2, curAction=[, actionList_size=1
[22:06:55] [YFAdapter-P0] [INFO] [YF-P0] Decided: action_index=0, action=['tribute', 'tribute', [['S', 'B']]]
[22:06:55] [HybridV4-P0] [INFO] ✓ Decision complete: action=0 (score=110.0, layer=YF), candidates=1, time=0.014s
[22:06:55] [yf1_v4] [INFO] 2号位打出['Single', '2', ['S2']]， 最大动作为2号位打出的['Single', '2', ['S2']]
[22:06:55] [yf1_v4] [INFO] 3号位打出['Single', '6', ['S6']]， 最大动作为3号位打出的['Single', '6', ['S6']]
[22:06:55] [YFAdapter-P0] [INFO] [YF-P0] Decision context: myPos=0, curPos=3, greaterPos=3, teammate=2, curAction=[, actionList_size=36
[22:06:55] [YFAdapter-P0] [INFO] [YF-P0] Decided: action_index=0, action=['PASS', 'PASS', 'PASS']
[22:06:55] [HybridV4-P0] [INFO] ✓ Decision complete: action=8 (score=142.5, layer=YF), candidates=8, time=0.011s
[22:06:55] [yf1_v4] [INFO] 0号位打出['Single', 'A', ['SA']]， 最大动作为0号位打出的['Single', 'A', ['SA']]
[22:06:55] [yf1_v4] [INFO] 1号位打出['Single', '8', ['C8']]， 最大动作为1号位打出的['Single', '8', ['C8']]
[22:06:55] [yf1_v4] [INFO] 2号位打出['Bomb', '7', ['H7', 'H7', 'D7', 'H8']]， 最大动作为2号位打出的['Bomb', '7', ['H7', 'H7', 'D7', 'H8']]
[22:06:55] [yf1_v4] [INFO] 3号位打出['Bomb', '9', ['H9', 'C9', 'C9', 'D9']]， 最大动作为3号位打出的['Bomb', '9', ['H9', 'C9', 'C9', 'D9']]
[22:06:55] [YFAdapter-P0] [INFO] [YF-P0] Decision context: myPos=0, curPos=3, greaterPos=3, teammate=2, curAction=[, actionList_size=7
[22:06:55] [YFAdapter-P0] [INFO] [YF-P0] Decided: action_index=0, action=['PASS', 'PASS', 'PASS']
[22:06:55] [HybridV4-P0] [INFO] ✓ Decision complete: action=1 (score=142.5, layer=YF), candidates=6, time=0.005s
[22:06:55] [yf1_v4] [INFO] 0号位打出['Bomb', 'A', ['SA', 'HA', 'HA', 'H8']]， 最大动作为0号位打出的['Bomb', 'A', ['SA', 'HA', 'HA', 'H8']]
[22:06:55] [yf1_v4] [INFO] 1号位打出['PASS', 'PASS', 'PASS']， 最大动作为0号位打出的['Bomb', 'A', ['SA', 'HA', 'HA', 'H8']]
[22:06:55] [yf1_v4] [INFO] 2号位打出['PASS', 'PASS', 'PASS']， 最大动作为0号位打出的['Bomb', 'A', ['SA', 'HA', 'HA', 'H8']]
[22:06:55] [yf1_v4] [INFO] 3号位打出['PASS', 'PASS', 'PASS']， 最大动作为0号位打出的['Bomb', 'A', ['SA', 'HA', 'HA', 'H8']]
[22:06:55] [YFAdapter-P0] [INFO] [YF-P0] Decision context: myPos=0, curPos=-1, greaterPos=-1, teammate=2, curAction=[, actionList_size=235
[22:06:55] [YFAdapter-P0] [INFO] [YF-P0] Decided: action_index=2, action=['Single', '3', [['D', '3']]]
[22:06:55] [HybridV4-P0] [INFO] ✓ Decision complete: action=2 (score=110.0, layer=YF), candidates=8, time=0.012s
[22:06:55] [yf1_v4] [INFO] 0号位打出['Single', '3', ['D3']]， 最大动作为0号位打出的['Single', '3', ['D3']]
[22:06:55] [yf1_v4] [INFO] 1号位打出['Single', '4', ['S4']]， 最大动作为1号位打出的['Single', '4', ['S4']]
[22:06:55] [yf1_v4] [INFO] 2号位打出['Single', 'A', ['CA']]， 最大动作为2号位打出的['Single', 'A', ['CA']]
[22:06:55] [yf1_v4] [INFO] 3号位打出['Single', '8', ['C8']]， 最大动作为3号位打出的['Single', '8', ['C8']]
[22:06:55] [YFAdapter-P0] [INFO] [YF-P0] Decision context: myPos=0, curPos=3, greaterPos=3, teammate=2, curAction=[, actionList_size=3
[22:06:55] [YFAdapter-P0] [INFO] [YF-P0] Decided: action_index=0, action=['PASS', 'PASS', 'PASS']
[22:06:55] [HybridV4-P0] [INFO] ✓ Decision complete: action=1 (score=132.0, layer=YF), candidates=3, time=0.002s
[22:06:55] [yf1_v4] [INFO] 0号位打出['Bomb', '4', ['S4', 'H4', 'C4', 'D4']]， 最大动作为0号位打出的['Bomb', '4', ['S4', 'H4', 'C4', 'D4']]
[22:06:55] [yf1_v4] [INFO] 1号位打出['Bomb', 'J', ['SJ', 'HJ', 'CJ', 'DJ']]， 最大动作为1号位打出的['Bomb', 'J', ['SJ', 'HJ', 'CJ', 'DJ']]
[22:06:55] [yf1_v4] [INFO] 2号位打出['PASS', 'PASS', 'PASS']， 最大动作为1号位打出的['Bomb', 'J', ['SJ', 'HJ', 'CJ', 'DJ']]
[22:06:56] [yf1_v4] [INFO] 3号位打出['PASS', 'PASS', 'PASS']， 最大动作为1号位打出的['Bomb', 'J', ['SJ', 'HJ', 'CJ', 'DJ']]
[22:06:56] [YFAdapter-P0] [INFO] [YF-P0] Decision context: myPos=0, curPos=3, greaterPos=1, teammate=2, curAction=[, actionList_size=1
[22:06:56] [YFAdapter-P0] [INFO] [YF-P0] Decided: action_index=0, action=['PASS', 'PASS', 'PASS']
[22:06:56] [HybridV4-P0] [INFO] ✓ Decision complete: action=0 (score=95.0, layer=YF), candidates=1, time=0.004s
[22:06:56] [yf1_v4] [INFO] 0号位打出['PASS', 'PASS', 'PASS']， 最大动作为1号位打出的['Bomb', 'J', ['SJ', 'HJ', 'CJ', 'DJ']]
[22:06:56] [yf1_v4] [INFO] 1号位打出['Pair', '3', ['S3', 'H3']]， 最大动作为1号位打出的['Pair', '3', ['S3', 'H3']]
[22:06:56] [yf1_v4] [INFO] 2号位打出['Pair', 'Q', ['HQ', 'DQ']]， 最大动作为2号位打出的['Pair', 'Q', ['HQ', 'DQ']]
[22:06:56] [yf1_v4] [INFO] 3号位打出['PASS', 'PASS', 'PASS']， 最大动作为2号位打出的['Pair', 'Q', ['HQ', 'DQ']]
[22:06:56] [YFAdapter-P0] [INFO] [YF-P0] Decision context: myPos=0, curPos=3, greaterPos=2, teammate=2, curAction=[, actionList_size=2
[22:06:56] [YFAdapter-P0] [INFO] [YF-P0] Decided: action_index=0, action=['PASS', 'PASS', 'PASS']
[22:06:56] [HybridV4-P0] [INFO] ✓ Decision complete: action=1 (score=105.5, layer=YF), candidates=2, time=0.014s
[22:06:56] [yf1_v4] [INFO] 0号位打出['Pair', '8', ['S8', 'D8']]， 最大动作为0号位打出的['Pair', '8', ['S8', 'D8']]
[22:06:56] [yf1_v4] [INFO] 1号位打出['Bomb', 'T', ['ST', 'ST', 'HT', 'DT', 'DT']]， 最大动作为1号位打出的['Bomb', 'T', ['ST', 'ST', 'HT', 'DT', 'DT']]
[22:06:56] [yf1_v4] [INFO] 2号位打出['PASS', 'PASS', 'PASS']， 最大动作为1号位打出的['Bomb', 'T', ['ST', 'ST', 'HT', 'DT', 'DT']]
[22:06:56] [yf1_v4] [INFO] 3号位打出['PASS', 'PASS', 'PASS']， 最大动作为1号位打出的['Bomb', 'T', ['ST', 'ST', 'HT', 'DT', 'DT']]
[22:06:56] [YFAdapter-P0] [INFO] [YF-P0] Decision context: myPos=0, curPos=3, greaterPos=1, teammate=2, curAction=[, actionList_size=1
[22:06:56] [YFAdapter-P0] [INFO] [YF-P0] Decided: action_index=0, action=['PASS', 'PASS', 'PASS']
[22:06:56] [HybridV4-P0] [INFO] ✓ Decision complete: action=0 (score=95.0, layer=YF), candidates=1, time=0.003s
[22:06:56] [yf1_v4] [INFO] 0号位打出['PASS', 'PASS', 'PASS']， 最大动作为1号位打出的['Bomb', 'T', ['ST', 'ST', 'HT', 'DT', 'DT']]
[22:06:56] [yf1_v4] [INFO] 1号位打出['Pair', '5', ['S5', 'D5']]， 最大动作为1号位打出的['Pair', '5', ['S5', 'D5']]
[22:06:56] [yf1_v4] [INFO] 2号位打出['Pair', 'K', ['CK', 'DK']]， 最大动作为2号位打出的['Pair', 'K', ['CK', 'DK']]
[22:06:56] [yf1_v4] [INFO] 3号位打出['PASS', 'PASS', 'PASS']， 最大动作为2号位打出的['Pair', 'K', ['CK', 'DK']]
[22:06:56] [YFAdapter-P0] [INFO] [YF-P0] Decision context: myPos=0, curPos=3, greaterPos=2, teammate=2, curAction=[, actionList_size=1
[22:06:56] [YFAdapter-P0] [INFO] [YF-P0] Decided: action_index=0, action=['PASS', 'PASS', 'PASS']
[22:06:56] [HybridV4-P0] [INFO] ✓ Decision complete: action=0 (score=95.0, layer=YF), candidates=1, time=0.004s
[22:06:56] [yf1_v4] [INFO] 0号位打出['PASS', 'PASS', 'PASS']， 最大动作为2号位打出的['Pair', 'K', ['CK', 'DK']]
[22:06:56] [yf1_v4] [INFO] 1号位打出['PASS', 'PASS', 'PASS']， 最大动作为2号位打出的['Pair', 'K', ['CK', 'DK']]
[22:06:56] [yf1_v4] [INFO] 2号位打出['Pair', '5', ['H5', 'H5']]， 最大动作为2号位打出的['Pair', '5', ['H5', 'H5']]
[22:06:56] [yf1_v4] [INFO] 3号位打出['PASS', 'PASS', 'PASS']， 最大动作为2号位打出的['Pair', '5', ['H5', 'H5']]
[22:06:56] [YFAdapter-P0] [INFO] [YF-P0] Decision context: myPos=0, curPos=3, greaterPos=2, teammate=2, curAction=[, actionList_size=4
[22:06:56] [YFAdapter-P0] [INFO] [YF-P0] Decided: action_index=0, action=['PASS', 'PASS', 'PASS']
[22:06:56] [HybridV4-P0] [INFO] ✓ Decision complete: action=3 (score=129.0, layer=YF), candidates=4, time=0.019s
[22:06:56] [yf1_v4] [INFO] 0号位打出['Pair', 'J', ['CJ', 'DJ']]， 最大动作为0号位打出的['Pair', 'J', ['CJ', 'DJ']]
[22:06:56] [yf1_v4] [INFO] 1号位打出['PASS', 'PASS', 'PASS']， 最大动作为0号位打出的['Pair', 'J', ['CJ', 'DJ']]
[22:06:56] [yf1_v4] [INFO] 2号位打出['Bomb', '9', ['S9', 'S9', 'H9', 'D9']]， 最大动作为2号位打出的['Bomb', '9', ['S9', 'S9', 'H9', 'D9']]
[22:06:56] [yf1_v4] [INFO] 3号位打出['Bomb', 'Q', ['SQ', 'HQ', 'CQ', 'DQ']]， 最大动作为3号位打出的['Bomb', 'Q', ['SQ', 'HQ', 'CQ', 'DQ']]
[22:06:56] [YFAdapter-P0] [INFO] [YF-P0] Decision context: myPos=0, curPos=3, greaterPos=3, teammate=2, curAction=[, actionList_size=1
[22:06:56] [YFAdapter-P0] [INFO] [YF-P0] Decided: action_index=0, action=['PASS', 'PASS', 'PASS']
[22:06:56] [HybridV4-P0] [INFO] ✓ Decision complete: action=0 (score=95.0, layer=YF), candidates=1, time=0.013s
[22:06:56] [yf1_v4] [INFO] 0号位打出['PASS', 'PASS', 'PASS']， 最大动作为3号位打出的['Bomb', 'Q', ['SQ', 'HQ', 'CQ', 'DQ']]
[22:06:56] [yf1_v4] [INFO] 1号位打出['PASS', 'PASS', 'PASS']， 最大动作为3号位打出的['Bomb', 'Q', ['SQ', 'HQ', 'CQ', 'DQ']]
[22:06:56] [yf1_v4] [INFO] 2号位打出['PASS', 'PASS', 'PASS']， 最大动作为3号位打出的['Bomb', 'Q', ['SQ', 'HQ', 'CQ', 'DQ']]
[22:06:56] [yf1_v4] [INFO] 3号位打出['Single', '7', ['C7']]， 最大动作为3号位打出的['Single', '7', ['C7']]
[22:06:56] [YFAdapter-P0] [INFO] [YF-P0] Decision context: myPos=0, curPos=3, greaterPos=3, teammate=2, curAction=[, actionList_size=5
[22:06:56] [YFAdapter-P0] [INFO] [YF-P0] Decided: action_index=0, action=['PASS', 'PASS', 'PASS']
[22:06:56] [HybridV4-P0] [INFO] ✓ Decision complete: action=4 (score=162.5, layer=YF), candidates=5, time=0.016s
[22:06:56] [yf1_v4] [INFO] 0号位打出['Single', 'A', ['CA']]， 最大动作为0号位打出的['Single', 'A', ['CA']]
[22:06:56] [yf1_v4] [INFO] 1号位打出['Single', '8', ['D8']]， 最大动作为1号位打出的['Single', '8', ['D8']]
[22:06:56] [yf1_v4] [INFO] 2号位打出['PASS', 'PASS', 'PASS']， 最大动作为1号位打出的['Single', '8', ['D8']]
[22:06:56] [yf1_v4] [INFO] 3号位打出['PASS', 'PASS', 'PASS']， 最大动作为1号位打出的['Single', '8', ['D8']]
[22:06:56] [YFAdapter-P0] [INFO] [YF-P0] Decision context: myPos=0, curPos=3, greaterPos=1, teammate=2, curAction=[, actionList_size=1
[22:06:56] [YFAdapter-P0] [INFO] [YF-P0] Decided: action_index=0, action=['PASS', 'PASS', 'PASS']
[22:06:56] [HybridV4-P0] [INFO] ✓ Decision complete: action=0 (score=95.0, layer=YF), candidates=1, time=0.005s
[22:06:56] [yf1_v4] [INFO] 0号位打出['PASS', 'PASS', 'PASS']， 最大动作为1号位打出的['Single', '8', ['D8']]
[22:06:56] [yf1_v4] [INFO] 1号位打出['Pair', '7', ['S7', 'C7']]， 最大动作为1号位打出的['Pair', '7', ['S7', 'C7']]
[22:06:56] [yf1_v4] [INFO] 2号位打出['PASS', 'PASS', 'PASS']， 最大动作为1号位打出的['Pair', '7', ['S7', 'C7']]
[22:06:56] [yf1_v4] [INFO] 3号位打出['PASS', 'PASS', 'PASS']， 最大动作为1号位打出的['Pair', '7', ['S7', 'C7']]
[22:06:56] [YFAdapter-P0] [INFO] [YF-P0] Decision context: myPos=0, curPos=3, greaterPos=1, teammate=2, curAction=[, actionList_size=1
[22:06:56] [YFAdapter-P0] [INFO] [YF-P0] Decided: action_index=0, action=['PASS', 'PASS', 'PASS']
[22:06:56] [HybridV4-P0] [INFO] ✓ Decision complete: action=0 (score=95.0, layer=YF), candidates=1, time=0.003s
[22:06:56] [yf1_v4] [INFO] 0号位打出['PASS', 'PASS', 'PASS']， 最大动作为1号位打出的['Pair', '7', ['S7', 'C7']]
[22:06:56] [yf1_v4] [INFO] 1号位打出['ThreeWithTwo', '6', ['C6', 'C6', 'D6', 'C2', 'D2']]， 最大动作为1号位打出的['ThreeWithTwo', '6', ['C6', 'C6', 'D6', 'C2', 'D2']]
[22:06:56] [yf1_v4] [INFO] 2号位打出['PASS', 'PASS', 'PASS']， 最大动作为1号位打出的['ThreeWithTwo', '6', ['C6', 'C6', 'D6', 'C2', 'D2']]
[22:06:56] [yf1_v4] [INFO] 3号位打出['PASS', 'PASS', 'PASS']， 最大动作为1号位打出的['ThreeWithTwo', '6', ['C6', 'C6', 'D6', 'C2', 'D2']]
[22:06:56] [YFAdapter-P0] [INFO] [YF-P0] Decision context: myPos=0, curPos=3, greaterPos=1, teammate=2, curAction=[, actionList_size=1
[22:06:56] [YFAdapter-P0] [INFO] [YF-P0] Decided: action_index=0, action=['PASS', 'PASS', 'PASS']
[22:06:56] [HybridV4-P0] [INFO] ✓ Decision complete: action=0 (score=125.0, layer=YF), candidates=1, time=0.015s
[22:06:56] [yf1_v4] [INFO] 0号位打出['PASS', 'PASS', 'PASS']， 最大动作为1号位打出的['ThreeWithTwo', '6', ['C6', 'C6', 'D6', 'C2', 'D2']]
[22:06:56] [yf1_v4] [INFO] 1号位打出['Single', 'Q', ['CQ']]， 最大动作为1号位打出的['Single', 'Q', ['CQ']]
[22:06:56] [yf1_v4] [INFO] 2号位打出['Single', 'A', ['DA']]， 最大动作为2号位打出的['Single', 'A', ['DA']]
[22:06:56] [yf1_v4] [INFO] 3号位打出['Single', 'B', ['SB']]， 最大动作为3号位打出的['Single', 'B', ['SB']]
[22:06:56] [YFAdapter-P0] [INFO] [YF-P0] Decision context: myPos=0, curPos=3, greaterPos=3, teammate=2, curAction=[, actionList_size=1
[22:06:56] [YFAdapter-P0] [INFO] [YF-P0] Decided: action_index=0, action=['PASS', 'PASS', 'PASS']
[22:06:56] [HybridV4-P0] [INFO] ✓ Decision complete: action=0 (score=-5.0, layer=YF), candidates=1, time=0.002s
[22:06:56] [yf1_v4] [INFO] 0号位打出['PASS', 'PASS', 'PASS']， 最大动作为3号位打出的['Single', 'B', ['SB']]
[22:06:56] [yf1_v4] [INFO] 1号位打出['PASS', 'PASS', 'PASS']， 最大动作为3号位打出的['Single', 'B', ['SB']]
[22:06:56] [yf1_v4] [INFO] 2号位打出['PASS', 'PASS', 'PASS']， 最大动作为3号位打出的['Single', 'B', ['SB']]
[22:06:56] [yf1_v4] [INFO] 3号位打出['Pair', '5', ['S5', 'C5']]， 最大动作为3号位打出的['Pair', '5', ['S5', 'C5']]
[22:06:56] [YFAdapter-P0] [INFO] [YF-P0] Decision context: myPos=0, curPos=3, greaterPos=3, teammate=2, curAction=[, actionList_size=3
[22:06:56] [YFAdapter-P0] [INFO] [YF-P0] Decided: action_index=0, action=['PASS', 'PASS', 'PASS']
[22:06:56] [YFAdapter-P0] [WARNING] [YF-P0] 检测到过于保守: 对手快走完(剩3张), 触发Layer 2/3进行更积极的决策
[22:06:56] [HybridV4-P0] [INFO] ✓ Decision complete: action=1 (score=155.6, layer=DecisionEngine), candidates=3, time=0.009s
[22:06:56] [yf1_v4] [INFO] 0号位打出['Pair', '6', ['S6', 'D6']]， 最大动作为0号位打出的['Pair', '6', ['S6', 'D6']]
[22:06:56] [yf1_v4] [INFO] 1号位打出['PASS', 'PASS', 'PASS']， 最大动作为0号位打出的['Pair', '6', ['S6', 'D6']]
[22:06:56] [yf1_v4] [INFO] 2号位打出['PASS', 'PASS', 'PASS']， 最大动作为0号位打出的['Pair', '6', ['S6', 'D6']]
[22:06:56] [yf1_v4] [INFO] 3号位打出['PASS', 'PASS', 'PASS']， 最大动作为0号位打出的['Pair', '6', ['S6', 'D6']]
[22:06:56] [YFAdapter-P0] [INFO] [YF-P0] Decision context: myPos=0, curPos=-1, greaterPos=-1, teammate=2, curAction=[, actionList_size=16
[22:06:56] [YFAdapter-P0] [INFO] [YF-P0] Decided: action_index=14, action=['ThreeWithTwo', '2', [['S', '2'], ['H', '2'], ['H', '2'], ['C', '5'], ['D', '5']]]
[22:06:56] [HybridV4-P0] [INFO] ✓ Decision complete: action=14 (score=245.0, layer=YF), candidates=7, time=0.006s
[22:06:56] [yf1_v4] [INFO] 0号位打出['ThreeWithTwo', '2', ['S2', 'H2', 'H2', 'C5', 'D5']]， 最大动作为0号位打出的['ThreeWithTwo', '2', ['S2', 'H2', 'H2', 'C5', 'D5']]
[22:06:56] [yf1_v4] [INFO] 1号位打出['PASS', 'PASS', 'PASS']， 最大动作为0号位打出的['ThreeWithTwo', '2', ['S2', 'H2', 'H2', 'C5', 'D5']]
[22:06:56] [yf1_v4] [INFO] 2号位打出['ThreeWithTwo', '3', ['S3', 'H3', 'C3', 'C2', 'D2']]， 最大动作为2号位打出的['ThreeWithTwo', '3', ['S3', 'H3', 'C3', 'C2', 'D2']]
[22:06:56] [yf1_v4] [INFO] 3号位打出['ThreeWithTwo', '4', ['H4', 'C4', 'D4', 'C3', 'D3']]， 最大动作为3号位打出的['ThreeWithTwo', '4', ['H4', 'C4', 'D4', 'C3', 'D3']]
[22:06:56] [YFAdapter-P0] [INFO] [YF-P0] Decision context: myPos=0, curPos=3, greaterPos=3, teammate=2, curAction=[, actionList_size=1
[22:06:56] [YFAdapter-P0] [INFO] [YF-P0] Decided: action_index=0, action=['PASS', 'PASS', 'PASS']
[22:06:56] [HybridV4-P0] [INFO] ✓ Decision complete: action=0 (score=-5.0, layer=YF), candidates=1, time=0.017s
[22:06:56] [yf1_v4] [INFO] 0号位打出['PASS', 'PASS', 'PASS']， 最大动作为3号位打出的['ThreeWithTwo', '4', ['H4', 'C4', 'D4', 'C3', 'D3']]
[22:06:56] [yf1_v4] [INFO] 1号位打出['PASS', 'PASS', 'PASS']， 最大动作为3号位打出的['ThreeWithTwo', '4', ['H4', 'C4', 'D4', 'C3', 'D3']]
[22:06:56] [yf1_v4] [INFO] 2号位打出['PASS', 'PASS', 'PASS']， 最大动作为3号位打出的['ThreeWithTwo', '4', ['H4', 'C4', 'D4', 'C3', 'D3']]
[22:06:56] [yf1_v4] [INFO] 3号位打出['Single', 'T', ['CT']]， 最大动作为3号位打出的['Single', 'T', ['CT']]
[22:06:56] [YFAdapter-P0] [INFO] [YF-P0] Decision context: myPos=0, curPos=3, greaterPos=3, teammate=2, curAction=[, actionList_size=3
[22:06:56] [YFAdapter-P0] [INFO] [YF-P0] Decided: action_index=0, action=['PASS', 'PASS', 'PASS']
[22:06:56] [YFAdapter-P0] [WARNING] [YF-P0] 检测到过于保守: 对手快走完(剩3张), 触发Layer 2/3进行更积极的决策
[22:06:56] [HybridV4-P0] [INFO] ✓ Decision complete: action=1 (score=155.6, layer=DecisionEngine), candidates=3, time=0.024s
[22:06:56] [yf1_v4] [INFO] 0号位打出['Single', 'Q', ['SQ']]， 最大动作为0号位打出的['Single', 'Q', ['SQ']]
[22:06:56] [yf1_v4] [INFO] 1号位打出['Single', 'A', ['DA']]， 最大动作为1号位打出的['Single', 'A', ['DA']]
[22:06:56] [yf1_v4] [INFO] 2号位打出['Single', '8', ['S8']]， 最大动作为2号位打出的['Single', '8', ['S8']]
[22:06:56] [yf1_v4] [INFO] 3号位打出['Single', 'R', ['HR']]， 最大动作为3号位打出的['Single', 'R', ['HR']]
[22:06:56] [YFAdapter-P0] [INFO] [YF-P0] Decision context: myPos=0, curPos=3, greaterPos=3, teammate=2, curAction=[, actionList_size=1
[22:06:56] [YFAdapter-P0] [INFO] [YF-P0] Decided: action_index=0, action=['PASS', 'PASS', 'PASS']
[22:06:56] [HybridV4-P0] [INFO] ✓ Decision complete: action=0 (score=-5.0, layer=YF), candidates=1, time=0.005s
[22:06:56] [yf1_v4] [INFO] 0号位打出['PASS', 'PASS', 'PASS']， 最大动作为3号位打出的['Single', 'R', ['HR']]
[22:06:56] [yf1_v4] [INFO] 1号位打出['PASS', 'PASS', 'PASS']， 最大动作为3号位打出的['Single', 'R', ['HR']]
[22:06:56] [yf1_v4] [INFO] 2号位打出['PASS', 'PASS', 'PASS']， 最大动作为3号位打出的['Single', 'R', ['HR']]
[22:06:56] [yf1_v4] [INFO] 3号位打出['Single', 'J', ['HJ']]， 最大动作为3号位打出的['Single', 'J', ['HJ']]
[22:06:56] [YFAdapter-P0] [INFO] [YF-P0] Decision context: myPos=0, curPos=3, greaterPos=3, teammate=2, curAction=[, actionList_size=2
[22:06:56] [YFAdapter-P0] [INFO] [YF-P0] Decided: action_index=0, action=['PASS', 'PASS', 'PASS']
[22:06:56] [YFAdapter-P0] [WARNING] [YF-P0] 检测到过于保守: 对手快走完(剩2张), 触发Layer 2/3进行更积极的决策
[22:06:56] [HybridV4-P0] [INFO] ✓ Decision complete: action=1 (score=155.6, layer=DecisionEngine), candidates=2, time=0.018s
[22:06:56] [yf1_v4] [INFO] 0号位打出['Single', 'K', ['SK']]， 最大动作为0号位打出的['Single', 'K', ['SK']]
[22:06:56] [yf1_v4] [INFO] 1号位打出['Single', 'B', ['SB']]， 最大动作为1号位打出的['Single', 'B', ['SB']]
[22:06:56] [yf1_v4] [INFO] 2号位打出['PASS', 'PASS', 'PASS']， 最大动作为1号位打出的['Single', 'B', ['SB']]
[22:06:56] [yf1_v4] [INFO] 3号位打出['Bomb', 'K', ['SK', 'HK', 'HK', 'CK', 'DK']]， 最大动作为3号位打出的['Bomb', 'K', ['SK', 'HK', 'HK', 'CK', 'DK']]
[22:06:56] [YFAdapter-P0] [INFO] [YF-P0] Decision context: myPos=0, curPos=3, greaterPos=3, teammate=2, curAction=[, actionList_size=1
[22:06:56] [YFAdapter-P0] [INFO] [YF-P0] Decided: action_index=0, action=['PASS', 'PASS', 'PASS']
[22:06:56] [HybridV4-P0] [INFO] ✓ Decision complete: action=0 (score=-5.0, layer=YF), candidates=1, time=0.002s
[22:06:56] [yf1_v4] [INFO] 0号位打出['PASS', 'PASS', 'PASS']， 最大动作为3号位打出的['Bomb', 'K', ['SK', 'HK', 'HK', 'CK', 'DK']]
[22:06:56] [yf1_v4] [INFO] 1号位打出['PASS', 'PASS', 'PASS']， 最大动作为3号位打出的['Bomb', 'K', ['SK', 'HK', 'HK', 'CK', 'DK']]
[22:06:56] [yf1_v4] [INFO] 1号位打出['Single', 'R', ['HR']]， 最大动作为1号位打出的['Single', 'R', ['HR']]
[22:06:56] [yf1_v4] [INFO] 游戏开始, 我是0号位，手牌：['S2', 'C2', 'C2', 'C3', 'D3', 'C4', 'D4', 'C5', 'D5', 'S6', 'C6', 'C7', 'C7', 'D7', 'S8', 'H9', 'C9', 'D9', 'D9', 'ST', 'DQ', 'HA', 'SJ', 'HJ', 'DJ', 'HR', 'HR']
[22:06:56] [yf1_v4] [INFO] 3号位打出['Single', '2', ['D2']]， 最大动作为3号位打出的['Single', '2', ['D2']]
[22:06:56] [YFAdapter-P0] [INFO] [YF-P0] Decision context: myPos=0, curPos=3, greaterPos=3, teammate=2, curAction=[, actionList_size=31
[22:06:56] [YFAdapter-P0] [INFO] [YF-P0] Decided: action_index=0, action=['PASS', 'PASS', 'PASS']
[22:06:56] [HybridV4-P0] [INFO] ✓ Decision complete: action=17 (score=142.5, layer=YF), candidates=8, time=0.007s
[22:06:56] [yf1_v4] [INFO] 0号位打出['Single', 'A', ['HA']]， 最大动作为0号位打出的['Single', 'A', ['HA']]
[22:06:56] [yf1_v4] [INFO] 1号位打出['Single', 'J', ['SJ']]， 最大动作为1号位打出的['Single', 'J', ['SJ']]
[22:06:56] [yf1_v4] [INFO] 2号位打出['Bomb', '8', ['S8', 'H8', 'H8', 'D8']]， 最大动作为2号位打出的['Bomb', '8', ['S8', 'H8', 'H8', 'D8']]
[22:06:56] [yf1_v4] [INFO] 3号位打出['PASS', 'PASS', 'PASS']， 最大动作为2号位打出的['Bomb', '8', ['S8', 'H8', 'H8', 'D8']]
[22:06:56] [YFAdapter-P0] [INFO] [YF-P0] Decision context: myPos=0, curPos=3, greaterPos=2, teammate=2, curAction=[, actionList_size=6
[22:06:56] [YFAdapter-P0] [INFO] [YF-P0] Decided: action_index=0, action=['PASS', 'PASS', 'PASS']
[22:06:56] [HybridV4-P0] [INFO] ✓ Decision complete: action=1 (score=105.5, layer=YF), candidates=6, time=0.003s
[22:06:56] [yf1_v4] [INFO] 0号位打出['Bomb', '9', ['H9', 'C9', 'D9', 'HJ']]， 最大动作为0号位打出的['Bomb', '9', ['H9', 'C9', 'D9', 'HJ']]
[22:06:56] [yf1_v4] [INFO] 1号位打出['PASS', 'PASS', 'PASS']， 最大动作为0号位打出的['Bomb', '9', ['H9', 'C9', 'D9', 'HJ']]
[22:06:56] [yf1_v4] [INFO] 2号位打出['PASS', 'PASS', 'PASS']， 最大动作为0号位打出的['Bomb', '9', ['H9', 'C9', 'D9', 'HJ']]
[22:06:56] [yf1_v4] [INFO] 3号位打出['PASS', 'PASS', 'PASS']， 最大动作为0号位打出的['Bomb', '9', ['H9', 'C9', 'D9', 'HJ']]
[22:06:56] [YFAdapter-P0] [INFO] [YF-P0] Decision context: myPos=0, curPos=-1, greaterPos=-1, teammate=2, curAction=[, actionList_size=153
[22:06:56] [YFAdapter-P0] [INFO] [YF-P0] Decided: action_index=9, action=['Single', '6', [['C', '6']]]
[22:06:56] [HybridV4-P0] [INFO] ✓ Decision complete: action=9 (score=110.0, layer=YF), candidates=8, time=0.005s
[22:06:56] [yf1_v4] [INFO] 0号位打出['Single', '6', ['C6']]， 最大动作为0号位打出的['Single', '6', ['C6']]
[22:06:56] [yf1_v4] [INFO] 1号位打出['Single', '7', ['H7']]， 最大动作为1号位打出的['Single', '7', ['H7']]
[22:06:56] [yf1_v4] [INFO] 2号位打出['Single', 'A', ['DA']]， 最大动作为2号位打出的['Single', 'A', ['DA']]
[22:06:56] [yf1_v4] [INFO] 3号位打出['Single', 'J', ['HJ']]， 最大动作为3号位打出的['Single', 'J', ['HJ']]
[22:06:56] [YFAdapter-P0] [INFO] [YF-P0] Decision context: myPos=0, curPos=3, greaterPos=3, teammate=2, curAction=[, actionList_size=2
[22:06:56] [YFAdapter-P0] [INFO] [YF-P0] Decided: action_index=0, action=['PASS', 'PASS', 'PASS']
[22:06:56] [HybridV4-P0] [INFO] ✓ Decision complete: action=1 (score=142.5, layer=YF), candidates=2, time=0.004s
[22:06:56] [yf1_v4] [INFO] 0号位打出['Single', 'R', ['HR']]， 最大动作为0号位打出的['Single', 'R', ['HR']]
[22:06:56] [yf1_v4] [INFO] 1号位打出['PASS', 'PASS', 'PASS']， 最大动作为0号位打出的['Single', 'R', ['HR']]
[22:06:56] [yf1_v4] [INFO] 2号位打出['PASS', 'PASS', 'PASS']， 最大动作为0号位打出的['Single', 'R', ['HR']]
[22:06:56] [yf1_v4] [INFO] 3号位打出['PASS', 'PASS', 'PASS']， 最大动作为0号位打出的['Single', 'R', ['HR']]
[22:06:56] [YFAdapter-P0] [INFO] [YF-P0] Decision context: myPos=0, curPos=-1, greaterPos=-1, teammate=2, curAction=[, actionList_size=95
[22:06:56] [YFAdapter-P0] [INFO] [YF-P0] Decided: action_index=30, action=['ThreePair', '3', [['C', '3'], ['D', '3'], ['C', '4'], ['D', '4'], ['C', '5'], ['D', '5']]]
[22:06:56] [HybridV4-P0] [INFO] ✓ Decision complete: action=30 (score=110.0, layer=YF), candidates=7, time=0.013s
[22:06:56] [yf1_v4] [INFO] 0号位打出['ThreePair', '3', ['C3', 'D3', 'C4', 'D4', 'C5', 'D5']]， 最大动作为0号位打出的['ThreePair', '3', ['C3', 'D3', 'C4', 'D4', 'C5', 'D5']]
[22:06:56] [yf1_v4] [INFO] 1号位打出['ThreePair', '4', ['S4', 'H4', 'S5', 'H5', 'D6', 'D6']]， 最大动作为1号位打出的['ThreePair', '4', ['S4', 'H4', 'S5', 'H5', 'D6', 'D6']]
[22:06:56] [yf1_v4] [INFO] 2号位打出['ThreePair', 'J', ['CJ', 'CJ', 'SQ', 'HQ', 'SK', 'DK']]， 最大动作为2号位打出的['ThreePair', 'J', ['CJ', 'CJ', 'SQ', 'HQ', 'SK', 'DK']]
[22:06:57] [yf1_v4] [INFO] 3号位打出['PASS', 'PASS', 'PASS']， 最大动作为2号位打出的['ThreePair', 'J', ['CJ', 'CJ', 'SQ', 'HQ', 'SK', 'DK']]
[22:06:57] [YFAdapter-P0] [INFO] [YF-P0] Decision context: myPos=0, curPos=3, greaterPos=2, teammate=2, curAction=[, actionList_size=1
[22:06:57] [YFAdapter-P0] [INFO] [YF-P0] Decided: action_index=0, action=['PASS', 'PASS', 'PASS']
[22:06:57] [HybridV4-P0] [INFO] ✓ Decision complete: action=0 (score=95.0, layer=YF), candidates=1, time=0.005s
[22:06:57] [yf1_v4] [INFO] 0号位打出['PASS', 'PASS', 'PASS']， 最大动作为2号位打出的['ThreePair', 'J', ['CJ', 'CJ', 'SQ', 'HQ', 'SK', 'DK']]
[22:06:57] [yf1_v4] [INFO] 1号位打出['PASS', 'PASS', 'PASS']， 最大动作为2号位打出的['ThreePair', 'J', ['CJ', 'CJ', 'SQ', 'HQ', 'SK', 'DK']]
[22:06:57] [yf1_v4] [INFO] 2号位打出['Single', '3', ['S3']]， 最大动作为2号位打出的['Single', '3', ['S3']]
[22:06:57] [yf1_v4] [INFO] 3号位打出['Single', '6', ['C6']]， 最大动作为3号位打出的['Single', '6', ['C6']]
[22:06:57] [YFAdapter-P0] [INFO] [YF-P0] Decision context: myPos=0, curPos=3, greaterPos=3, teammate=2, curAction=[, actionList_size=10
[22:06:57] [YFAdapter-P0] [INFO] [YF-P0] Decided: action_index=0, action=['PASS', 'PASS', 'PASS']
[22:06:57] [HybridV4-P0] [INFO] ✓ Decision complete: action=9 (score=142.5, layer=YF), candidates=8, time=0.006s
[22:06:57] [yf1_v4] [INFO] 0号位打出['Single', 'R', ['HR']]， 最大动作为0号位打出的['Single', 'R', ['HR']]
[22:06:57] [yf1_v4] [INFO] 1号位打出['PASS', 'PASS', 'PASS']， 最大动作为0号位打出的['Single', 'R', ['HR']]
[22:06:57] [yf1_v4] [INFO] 2号位打出['PASS', 'PASS', 'PASS']， 最大动作为0号位打出的['Single', 'R', ['HR']]
[22:06:57] [yf1_v4] [INFO] 3号位打出['PASS', 'PASS', 'PASS']， 最大动作为0号位打出的['Single', 'R', ['HR']]
[22:06:57] [YFAdapter-P0] [INFO] [YF-P0] Decision context: myPos=0, curPos=-1, greaterPos=-1, teammate=2, curAction=[, actionList_size=32
[22:06:57] [YFAdapter-P0] [INFO] [YF-P0] Decided: action_index=24, action=['Straight', '6', [['S', '6'], ['C', '7'], ['S', '8'], ['D', '9'], ['S', 'T']]]
[22:06:57] [HybridV4-P0] [INFO] ✓ Decision complete: action=24 (score=110.0, layer=YF), candidates=7, time=0.005s
[22:06:57] [yf1_v4] [INFO] 0号位打出['Straight', '6', ['S6', 'C7', 'S8', 'D9', 'ST']]， 最大动作为0号位打出的['Straight', '6', ['S6', 'C7', 'S8', 'D9', 'ST']]
[22:06:57] [yf1_v4] [INFO] 1号位打出['PASS', 'PASS', 'PASS']， 最大动作为0号位打出的['Straight', '6', ['S6', 'C7', 'S8', 'D9', 'ST']]
[22:06:57] [yf1_v4] [INFO] 2号位打出['PASS', 'PASS', 'PASS']， 最大动作为0号位打出的['Straight', '6', ['S6', 'C7', 'S8', 'D9', 'ST']]
[22:06:57] [yf1_v4] [INFO] 3号位打出['PASS', 'PASS', 'PASS']， 最大动作为0号位打出的['Straight', '6', ['S6', 'C7', 'S8', 'D9', 'ST']]
[22:06:57] [YFAdapter-P0] [INFO] [YF-P0] Decision context: myPos=0, curPos=-1, greaterPos=-1, teammate=2, curAction=[, actionList_size=14
[22:06:57] [YFAdapter-P0] [INFO] [YF-P0] Decided: action_index=9, action=['Pair', '7', [['C', '7'], ['D', '7']]]
[22:06:57] [HybridV4-P0] [INFO] ✓ Decision complete: action=9 (score=115.0, layer=YF), candidates=6, time=0.023s
[22:06:57] [yf1_v4] [INFO] 0号位打出['Pair', '7', ['C7', 'D7']]， 最大动作为0号位打出的['Pair', '7', ['C7', 'D7']]
[22:06:57] [yf1_v4] [INFO] 1号位打出['Pair', 'T', ['HT', 'DT']]， 最大动作为1号位打出的['Pair', 'T', ['HT', 'DT']]
[22:06:57] [yf1_v4] [INFO] 2号位打出['PASS', 'PASS', 'PASS']， 最大动作为1号位打出的['Pair', 'T', ['HT', 'DT']]
[22:06:57] [yf1_v4] [INFO] 3号位打出['Pair', 'A', ['HA', 'CA']]， 最大动作为3号位打出的['Pair', 'A', ['HA', 'CA']]
[22:06:57] [YFAdapter-P0] [INFO] [YF-P0] Decision context: myPos=0, curPos=3, greaterPos=3, teammate=2, curAction=[, actionList_size=2
[22:06:57] [YFAdapter-P0] [INFO] [YF-P0] Decided: action_index=0, action=['PASS', 'PASS', 'PASS']
[22:06:57] [HybridV4-P0] [INFO] ✓ Decision complete: action=1 (score=139.0, layer=YF), candidates=2, time=0.006s
[22:06:57] [yf1_v4] [INFO] 0号位打出['Pair', 'J', ['SJ', 'DJ']]， 最大动作为0号位打出的['Pair', 'J', ['SJ', 'DJ']]
[22:06:57] [yf1_v4] [INFO] 1号位打出['PASS', 'PASS', 'PASS']， 最大动作为0号位打出的['Pair', 'J', ['SJ', 'DJ']]
[22:06:57] [yf1_v4] [INFO] 2号位打出['PASS', 'PASS', 'PASS']， 最大动作为0号位打出的['Pair', 'J', ['SJ', 'DJ']]
[22:06:57] [yf1_v4] [INFO] 3号位打出['PASS', 'PASS', 'PASS']， 最大动作为0号位打出的['Pair', 'J', ['SJ', 'DJ']]
[22:06:57] [YFAdapter-P0] [INFO] [YF-P0] Decision context: myPos=0, curPos=-1, greaterPos=-1, teammate=2, curAction=[, actionList_size=6
[22:06:57] [YFAdapter-P0] [INFO] [YF-P0] Decided: action_index=5, action=['Trips', '2', [['S', '2'], ['C', '2'], ['C', '2']]]
[22:06:57] [HybridV4-P0] [INFO] ✓ Decision complete: action=5 (score=125.0, layer=YF), candidates=6, time=0.004s
[22:06:57] [yf1_v4] [INFO] 0号位打出['Trips', '2', ['S2', 'C2', 'C2']]， 最大动作为0号位打出的['Trips', '2', ['S2', 'C2', 'C2']]
[22:06:57] [yf1_v4] [INFO] 1号位打出['Trips', 'K', ['HK', 'HK', 'CK']]， 最大动作为1号位打出的['Trips', 'K', ['HK', 'HK', 'CK']]
[22:06:57] [yf1_v4] [INFO] 2号位打出['PASS', 'PASS', 'PASS']， 最大动作为1号位打出的['Trips', 'K', ['HK', 'HK', 'CK']]
[22:06:57] [yf1_v4] [INFO] 3号位打出['PASS', 'PASS', 'PASS']， 最大动作为1号位打出的['Trips', 'K', ['HK', 'HK', 'CK']]
[22:06:57] [YFAdapter-P0] [INFO] [YF-P0] Decision context: myPos=0, curPos=3, greaterPos=1, teammate=2, curAction=[, actionList_size=1
[22:06:57] [YFAdapter-P0] [INFO] [YF-P0] Decided: action_index=0, action=['PASS', 'PASS', 'PASS']
[22:06:57] [HybridV4-P0] [INFO] ✓ Decision complete: action=0 (score=95.0, layer=YF), candidates=1, time=0.002s
[22:06:57] [yf1_v4] [INFO] 0号位打出['PASS', 'PASS', 'PASS']， 最大动作为1号位打出的['Trips', 'K', ['HK', 'HK', 'CK']]
[22:06:57] [yf1_v4] [INFO] 1号位打出['Single', '4', ['S4']]， 最大动作为1号位打出的['Single', '4', ['S4']]
[22:06:57] [yf1_v4] [INFO] 2号位打出['Single', 'A', ['DA']]， 最大动作为2号位打出的['Single', 'A', ['DA']]
[22:06:57] [yf1_v4] [INFO] 3号位打出['Single', 'B', ['SB']]， 最大动作为3号位打出的['Single', 'B', ['SB']]
[22:06:57] [YFAdapter-P0] [INFO] [YF-P0] Decision context: myPos=0, curPos=3, greaterPos=3, teammate=2, curAction=[, actionList_size=1
[22:06:57] [YFAdapter-P0] [INFO] [YF-P0] Decided: action_index=0, action=['PASS', 'PASS', 'PASS']
[22:06:57] [HybridV4-P0] [INFO] ✓ Decision complete: action=0 (score=95.0, layer=YF), candidates=1, time=0.003s
[22:06:57] [yf1_v4] [INFO] 0号位打出['PASS', 'PASS', 'PASS']， 最大动作为3号位打出的['Single', 'B', ['SB']]
[22:06:57] [yf1_v4] [INFO] 1号位打出['PASS', 'PASS', 'PASS']， 最大动作为3号位打出的['Single', 'B', ['SB']]
[22:06:57] [yf1_v4] [INFO] 2号位打出['PASS', 'PASS', 'PASS']， 最大动作为3号位打出的['Single', 'B', ['SB']]
[22:06:57] [yf1_v4] [INFO] 3号位打出['ThreePair', '3', ['H3', 'D3', 'H4', 'D4', 'H5', 'D5']]， 最大动作为3号位打出的['ThreePair', '3', ['H3', 'D3', 'H4', 'D4', 'H5', 'D5']]
[22:06:57] [YFAdapter-P0] [INFO] [YF-P0] Decision context: myPos=0, curPos=3, greaterPos=3, teammate=2, curAction=[, actionList_size=1
[22:06:57] [YFAdapter-P0] [INFO] [YF-P0] Decided: action_index=0, action=['PASS', 'PASS', 'PASS']
[22:06:57] [HybridV4-P0] [INFO] ✓ Decision complete: action=0 (score=95.0, layer=YF), candidates=1, time=0.004s
[22:06:57] [yf1_v4] [INFO] 0号位打出['PASS', 'PASS', 'PASS']， 最大动作为3号位打出的['ThreePair', '3', ['H3', 'D3', 'H4', 'D4', 'H5', 'D5']]
[22:06:57] [yf1_v4] [INFO] 1号位打出['PASS', 'PASS', 'PASS']， 最大动作为3号位打出的['ThreePair', '3', ['H3', 'D3', 'H4', 'D4', 'H5', 'D5']]
[22:06:57] [yf1_v4] [INFO] 2号位打出['PASS', 'PASS', 'PASS']， 最大动作为3号位打出的['ThreePair', '3', ['H3', 'D3', 'H4', 'D4', 'H5', 'D5']]
[22:06:57] [yf1_v4] [INFO] 3号位打出['ThreeWithTwo', '7', ['S7', 'S7', 'H7', 'CT', 'CT']]， 最大动作为3号位打出的['ThreeWithTwo', '7', ['S7', 'S7', 'H7', 'CT', 'CT']]
[22:06:57] [YFAdapter-P0] [INFO] [YF-P0] Decision context: myPos=0, curPos=3, greaterPos=3, teammate=2, curAction=[, actionList_size=1
[22:06:57] [YFAdapter-P0] [INFO] [YF-P0] Decided: action_index=0, action=['PASS', 'PASS', 'PASS']
[22:06:57] [HybridV4-P0] [INFO] ✓ Decision complete: action=0 (score=95.0, layer=YF), candidates=1, time=0.004s
[22:06:57] [yf1_v4] [INFO] 0号位打出['PASS', 'PASS', 'PASS']， 最大动作为3号位打出的['ThreeWithTwo', '7', ['S7', 'S7', 'H7', 'CT', 'CT']]
[22:06:57] [yf1_v4] [INFO] 1号位打出['ThreeWithTwo', 'A', ['SA', 'SA', 'CA', 'S2', 'D2']]， 最大动作为1号位打出的['ThreeWithTwo', 'A', ['SA', 'SA', 'CA', 'S2', 'D2']]
[22:06:57] [yf1_v4] [INFO] 2号位打出['PASS', 'PASS', 'PASS']， 最大动作为1号位打出的['ThreeWithTwo', 'A', ['SA', 'SA', 'CA', 'S2', 'D2']]
[22:06:57] [yf1_v4] [INFO] 3号位打出['PASS', 'PASS', 'PASS']， 最大动作为1号位打出的['ThreeWithTwo', 'A', ['SA', 'SA', 'CA', 'S2', 'D2']]
[22:06:57] [YFAdapter-P0] [INFO] [YF-P0] Decision context: myPos=0, curPos=3, greaterPos=1, teammate=2, curAction=[, actionList_size=1
[22:06:57] [YFAdapter-P0] [INFO] [YF-P0] Decided: action_index=0, action=['PASS', 'PASS', 'PASS']
[22:06:57] [HybridV4-P0] [INFO] ✓ Decision complete: action=0 (score=75.0, layer=YF), candidates=1, time=0.004s
[22:06:57] [yf1_v4] [INFO] 0号位打出['PASS', 'PASS', 'PASS']， 最大动作为1号位打出的['ThreeWithTwo', 'A', ['SA', 'SA', 'CA', 'S2', 'D2']]
[22:06:57] [yf1_v4] [INFO] 1号位打出['Single', '8', ['D8']]， 最大动作为1号位打出的['Single', '8', ['D8']]
[22:06:57] [yf1_v4] [INFO] 2号位打出['Single', '9', ['S9']]， 最大动作为2号位打出的['Single', '9', ['S9']]
[22:06:57] [yf1_v4] [INFO] 3号位打出['PASS', 'PASS', 'PASS']， 最大动作为2号位打出的['Single', '9', ['S9']]
[22:06:57] [YFAdapter-P0] [INFO] [YF-P0] Decision context: myPos=0, curPos=3, greaterPos=2, teammate=2, curAction=[, actionList_size=2
[22:06:57] [YFAdapter-P0] [INFO] [YF-P0] Decided: action_index=0, action=['PASS', 'PASS', 'PASS']
[22:06:57] [HybridV4-P0] [INFO] ✓ Decision complete: action=1 (score=156.0, layer=YF), candidates=2, time=0.011s
[22:06:57] [yf1_v4] [INFO] 0号位打出['Single', 'Q', ['DQ']]， 最大动作为0号位打出的['Single', 'Q', ['DQ']]
[22:06:57] [yf1_v4] [INFO] 1号位打出['Single', 'J', ['DJ']]， 最大动作为1号位打出的['Single', 'J', ['DJ']]
[22:06:57] [yf1_v4] [INFO] 2号位打出['PASS', 'PASS', 'PASS']， 最大动作为1号位打出的['Single', 'J', ['DJ']]
[22:06:57] [yf1_v4] [INFO] 3号位打出['PASS', 'PASS', 'PASS']， 最大动作为1号位打出的['Single', 'J', ['DJ']]
[22:06:57] [yf1_v4] [INFO] 1号位打出['ThreeWithTwo', '3', ['S3', 'H3', 'C3', 'HQ', 'DQ']]， 最大动作为1号位打出的['ThreeWithTwo', '3', ['S3', 'H3', 'C3', 'HQ', 'DQ']]
[22:06:57] [yf1_v4] [INFO] 2号位打出['ThreeWithTwo', '6', ['S6', 'H6', 'H6', 'H2', 'H2']]， 最大动作为2号位打出的['ThreeWithTwo', '6', ['S6', 'H6', 'H6', 'H2', 'H2']]
[22:06:57] [yf1_v4] [INFO] 3号位打出['PASS', 'PASS', 'PASS']， 最大动作为2号位打出的['ThreeWithTwo', '6', ['S6', 'H6', 'H6', 'H2', 'H2']]
[22:06:57] [yf1_v4] [INFO] 1号位打出['PASS', 'PASS', 'PASS']， 最大动作为2号位打出的['ThreeWithTwo', '6', ['S6', 'H6', 'H6', 'H2', 'H2']]
[22:06:57] [yf1_v4] [INFO] 2号位打出['Pair', '5', ['S5', 'C5']]， 最大动作为2号位打出的['Pair', '5', ['S5', 'C5']]
[22:06:57] [yf1_v4] [INFO] 3号位打出['Pair', 'K', ['CK', 'DK']]， 最大动作为3号位打出的['Pair', 'K', ['CK', 'DK']]
[22:06:57] [yf1_v4] [INFO] 1号位打出['PASS', 'PASS', 'PASS']， 最大动作为3号位打出的['Pair', 'K', ['CK', 'DK']]
[22:06:57] [yf1_v4] [INFO] 2号位打出['PASS', 'PASS', 'PASS']， 最大动作为3号位打出的['Pair', 'K', ['CK', 'DK']]
[22:06:57] [yf1_v4] [INFO] 3号位打出['Single', '8', ['C8']]， 最大动作为3号位打出的['Single', '8', ['C8']]
[22:06:57] [yf1_v4] [INFO] 1号位打出['Single', 'B', ['SB']]， 最大动作为1号位打出的['Single', 'B', ['SB']]
[22:06:57] [yf1_v4] [INFO] 2号位打出['PASS', 'PASS', 'PASS']， 最大动作为1号位打出的['Single', 'B', ['SB']]
[22:06:57] [yf1_v4] [INFO] 3号位打出['PASS', 'PASS', 'PASS']， 最大动作为1号位打出的['Single', 'B', ['SB']]
[22:06:57] [yf1_v4] [INFO] 3号位打出['Trips', '9', ['S9', 'H9', 'C9']]， 最大动作为3号位打出的['Trips', '9', ['S9', 'H9', 'C9']]
[22:06:57] [yf1_v4] [INFO] 2号位打出['Trips', 'T', ['ST', 'HT', 'DT']]， 最大动作为2号位打出的['Trips', 'T', ['ST', 'HT', 'DT']]
[22:06:57] [yf1_v4] [INFO] 3号位打出['Trips', 'Q', ['SQ', 'CQ', 'CQ']]， 最大动作为3号位打出的['Trips', 'Q', ['SQ', 'CQ', 'CQ']]
[22:06:57] [yf1_v4] [INFO] 2号位打出['PASS', 'PASS', 'PASS']， 最大动作为3号位打出的['Trips', 'Q', ['SQ', 'CQ', 'CQ']]
[22:06:57] [yf1_v4] [INFO] 3号位打出['Single', 'K', ['SK']]， 最大动作为3号位打出的['Single', 'K', ['SK']]
[22:06:57] [yf1_v4] [INFO] 游戏开始, 我是0号位，手牌：['S2', 'S2', 'H2', 'C2', 'H4', 'C4', 'S5', 'H5', 'S6', 'C6', 'H7', 'D7', 'D8', 'C9', 'ST', 'HT', 'DT', 'SJ', 'CJ', 'DJ', 'DK', 'SA', 'HA', 'S3', 'C3', 'D3', 'HR']
[22:06:57] [YFAdapter-P0] [INFO] [YF-P0] Decision context: myPos=0, curPos=-1, greaterPos=-1, teammate=2, curAction=[, actionList_size=16
[22:06:57] [YFAdapter-P0] [ERROR] YF rule_parse failed: 'NoneType' object is not iterable
Traceback (most recent call last):
  File "D:\guandanscore\YiFeiAI-GD\src\communication\lalala_adapter_v4.py", line 456, in _make_yf_decision
    act_index = self.yf_action.rule_parse(
        message,
    ...<6 lines>...
        self.yf_state.tribute_result
    )
  File "D:\NYGD\lalala\action.py", line 1391, in rule_parse
    self.act = self.back_action(msg,mypos,tribute_result)
               ~~~~~~~~~~~~~~~~^^^^^^^^^^^^^^^^^^^^^^^^^^
  File "D:\NYGD\lalala\action.py", line 1331, in back_action
    card = choose_in_single(combined_temp["Single"])
  File "D:\NYGD\lalala\action.py", line 1212, in choose_in_single
    for my_pos in tribute_result:
                  ^^^^^^^^^^^^^^
TypeError: 'NoneType' object is not iterable
[22:06:57] [YFAdapter-P0] [ERROR] YF decision failed: YF decision failed: 'NoneType' object is not iterable
Traceback (most recent call last):
  File "D:\guandanscore\YiFeiAI-GD\src\communication\lalala_adapter_v4.py", line 456, in _make_yf_decision
    act_index = self.yf_action.rule_parse(
        message,
    ...<6 lines>...
        self.yf_state.tribute_result
    )
  File "D:\NYGD\lalala\action.py", line 1391, in rule_parse
    self.act = self.back_action(msg,mypos,tribute_result)
               ~~~~~~~~~~~~~~~~^^^^^^^^^^^^^^^^^^^^^^^^^^
  File "D:\NYGD\lalala\action.py", line 1331, in back_action
    card = choose_in_single(combined_temp["Single"])
  File "D:\NYGD\lalala\action.py", line 1212, in choose_in_single
    for my_pos in tribute_result:
                  ^^^^^^^^^^^^^^
TypeError: 'NoneType' object is not iterable

During handling of the above exception, another exception occurred:

Traceback (most recent call last):
  File "D:\guandanscore\YiFeiAI-GD\src\communication\lalala_adapter_v4.py", line 90, in decide
    action_index = self._make_yf_decision(converted_message)
  File "D:\guandanscore\YiFeiAI-GD\src\communication\lalala_adapter_v4.py", line 520, in _make_yf_decision
    raise RuntimeError(f"YF decision failed: {e}")
RuntimeError: YF decision failed: 'NoneType' object is not iterable
[22:06:57] [HybridV4-P0] [INFO] ✓ Decision complete: action=0 (score=0.5, layer=DecisionEngine), candidates=5, time=0.015s
[22:06:57] [yf1_v4] [INFO] 2号位打出['Single', '6', ['S6']]， 最大动作为2号位打出的['Single', '6', ['S6']]
[22:06:57] [yf1_v4] [INFO] 3号位打出['Single', '9', ['C9']]， 最大动作为3号位打出的['Single', '9', ['C9']]
[22:06:57] [YFAdapter-P0] [INFO] [YF-P0] Decision context: myPos=0, curPos=3, greaterPos=3, teammate=2, curAction=[, actionList_size=15
[22:06:57] [YFAdapter-P0] [INFO] [YF-P0] Decided: action_index=0, action=['PASS', 'PASS', 'PASS']
[22:06:57] [HybridV4-P0] [INFO] ✓ Decision complete: action=8 (score=142.5, layer=YF), candidates=8, time=0.003s
[22:06:57] [yf1_v4] [INFO] 0号位打出['Single', 'A', ['SA']]， 最大动作为0号位打出的['Single', 'A', ['SA']]
[22:06:57] [yf1_v4] [INFO] 1号位打出['Single', '3', ['S3']]， 最大动作为1号位打出的['Single', '3', ['S3']]
[22:06:57] [yf1_v4] [INFO] 2号位打出['Bomb', '7', ['S7', 'S7', 'H7', 'H3']]， 最大动作为2号位打出的['Bomb', '7', ['S7', 'S7', 'H7', 'H3']]
[22:06:57] [yf1_v4] [INFO] 3号位打出['PASS', 'PASS', 'PASS']， 最大动作为2号位打出的['Bomb', '7', ['S7', 'S7', 'H7', 'H3']]
[22:06:57] [YFAdapter-P0] [INFO] [YF-P0] Decision context: myPos=0, curPos=3, greaterPos=2, teammate=2, curAction=[, actionList_size=1
[22:06:57] [YFAdapter-P0] [INFO] [YF-P0] Decided: action_index=0, action=['PASS', 'PASS', 'PASS']
[22:06:57] [HybridV4-P0] [INFO] ✓ Decision complete: action=0 (score=95.0, layer=YF), candidates=1, time=0.015s
[22:06:57] [yf1_v4] [INFO] 0号位打出['PASS', 'PASS', 'PASS']， 最大动作为2号位打出的['Bomb', '7', ['S7', 'S7', 'H7', 'H3']]
[22:06:57] [yf1_v4] [INFO] 1号位打出['PASS', 'PASS', 'PASS']， 最大动作为2号位打出的['Bomb', '7', ['S7', 'S7', 'H7', 'H3']]
[22:06:57] [yf1_v4] [INFO] 2号位打出['Single', '2', ['S2']]， 最大动作为2号位打出的['Single', '2', ['S2']]
[22:06:57] [yf1_v4] [INFO] 3号位打出['Single', '5', ['D5']]， 最大动作为3号位打出的['Single', '5', ['D5']]
[22:06:57] [YFAdapter-P0] [INFO] [YF-P0] Decision context: myPos=0, curPos=3, greaterPos=3, teammate=2, curAction=[, actionList_size=20
[22:06:57] [YFAdapter-P0] [INFO] [YF-P0] Decided: action_index=0, action=['PASS', 'PASS', 'PASS']
[22:06:57] [HybridV4-P0] [INFO] ✓ Decision complete: action=14 (score=142.5, layer=YF), candidates=8, time=0.004s
[22:06:57] [yf1_v4] [INFO] 0号位打出['Single', 'A', ['HA']]， 最大动作为0号位打出的['Single', 'A', ['HA']]
[22:06:57] [yf1_v4] [INFO] 1号位打出['Single', '3', ['H3']]， 最大动作为1号位打出的['Single', '3', ['H3']]
[22:06:57] [yf1_v4] [INFO] 2号位打出['Bomb', '9', ['S9', 'S9', 'H9', 'D9']]， 最大动作为2号位打出的['Bomb', '9', ['S9', 'S9', 'H9', 'D9']]
[22:06:57] [yf1_v4] [INFO] 3号位打出['Bomb', 'K', ['SK', 'HK', 'HK', 'CK']]， 最大动作为3号位打出的['Bomb', 'K', ['SK', 'HK', 'HK', 'CK']]
[22:06:57] [YFAdapter-P0] [INFO] [YF-P0] Decision context: myPos=0, curPos=3, greaterPos=3, teammate=2, curAction=[, actionList_size=1
[22:06:57] [YFAdapter-P0] [INFO] [YF-P0] Decided: action_index=0, action=['PASS', 'PASS', 'PASS']
[22:06:57] [HybridV4-P0] [INFO] ✓ Decision complete: action=0 (score=95.0, layer=YF), candidates=1, time=0.004s
[22:06:57] [yf1_v4] [INFO] 0号位打出['PASS', 'PASS', 'PASS']， 最大动作为3号位打出的['Bomb', 'K', ['SK', 'HK', 'HK', 'CK']]
[22:06:57] [yf1_v4] [INFO] 1号位打出['PASS', 'PASS', 'PASS']， 最大动作为3号位打出的['Bomb', 'K', ['SK', 'HK', 'HK', 'CK']]
[22:06:57] [yf1_v4] [INFO] 2号位打出['PASS', 'PASS', 'PASS']， 最大动作为3号位打出的['Bomb', 'K', ['SK', 'HK', 'HK', 'CK']]
[22:06:57] [yf1_v4] [INFO] 3号位打出['Single', '2', ['C2']]， 最大动作为3号位打出的['Single', '2', ['C2']]
[22:06:57] [YFAdapter-P0] [INFO] [YF-P0] Decision context: myPos=0, curPos=3, greaterPos=3, teammate=2, curAction=[, actionList_size=23
[22:06:57] [YFAdapter-P0] [INFO] [YF-P0] Decided: action_index=0, action=['PASS', 'PASS', 'PASS']
[22:06:57] [HybridV4-P0] [INFO] ✓ Decision complete: action=21 (score=142.5, layer=YF), candidates=8, time=0.004s
[22:06:57] [yf1_v4] [INFO] 0号位打出['Single', 'B', ['SB']]， 最大动作为0号位打出的['Single', 'B', ['SB']]
[22:06:57] [yf1_v4] [INFO] 1号位打出['Single', 'R', ['HR']]， 最大动作为1号位打出的['Single', 'R', ['HR']]
[22:06:57] [yf1_v4] [INFO] 2号位打出['PASS', 'PASS', 'PASS']， 最大动作为1号位打出的['Single', 'R', ['HR']]
[22:06:57] [yf1_v4] [INFO] 3号位打出['PASS', 'PASS', 'PASS']， 最大动作为1号位打出的['Single', 'R', ['HR']]
[22:06:57] [YFAdapter-P0] [INFO] [YF-P0] Decision context: myPos=0, curPos=3, greaterPos=1, teammate=2, curAction=[, actionList_size=1
[22:06:57] [YFAdapter-P0] [INFO] [YF-P0] Decided: action_index=0, action=['PASS', 'PASS', 'PASS']
[22:06:57] [HybridV4-P0] [INFO] ✓ Decision complete: action=0 (score=95.0, layer=YF), candidates=1, time=0.004s
[22:06:57] [yf1_v4] [INFO] 0号位打出['PASS', 'PASS', 'PASS']， 最大动作为1号位打出的['Single', 'R', ['HR']]
[22:06:57] [yf1_v4] [INFO] 1号位打出['Single', '4', ['H4']]， 最大动作为1号位打出的['Single', '4', ['H4']]
[22:06:57] [yf1_v4] [INFO] 2号位打出['Single', 'A', ['HA']]， 最大动作为2号位打出的['Single', 'A', ['HA']]
[22:06:58] [yf1_v4] [INFO] 3号位打出['PASS', 'PASS', 'PASS']， 最大动作为2号位打出的['Single', 'A', ['HA']]
[22:06:58] [YFAdapter-P0] [INFO] [YF-P0] Decision context: myPos=0, curPos=3, greaterPos=2, teammate=2, curAction=[, actionList_size=5
[22:06:58] [YFAdapter-P0] [INFO] [YF-P0] Decided: action_index=0, action=['PASS', 'PASS', 'PASS']
[22:06:58] [HybridV4-P0] [INFO] ✓ Decision complete: action=4 (score=112.5, layer=YF), candidates=5, time=0.002s
[22:06:58] [yf1_v4] [INFO] 0号位打出['Single', 'R', ['HR']]， 最大动作为0号位打出的['Single', 'R', ['HR']]
[22:06:58] [yf1_v4] [INFO] 1号位打出['PASS', 'PASS', 'PASS']， 最大动作为0号位打出的['Single', 'R', ['HR']]
[22:06:58] [yf1_v4] [INFO] 2号位打出['PASS', 'PASS', 'PASS']， 最大动作为0号位打出的['Single', 'R', ['HR']]
[22:06:58] [yf1_v4] [INFO] 3号位打出['PASS', 'PASS', 'PASS']， 最大动作为0号位打出的['Single', 'R', ['HR']]
[22:06:58] [YFAdapter-P0] [INFO] [YF-P0] Decision context: myPos=0, curPos=-1, greaterPos=-1, teammate=2, curAction=[, actionList_size=283
[22:06:58] [YFAdapter-P0] [INFO] [YF-P0] Decided: action_index=11, action=['Single', '8', [['D', '8']]]
[22:06:58] [HybridV4-P0] [INFO] ✓ Decision complete: action=11 (score=115.0, layer=YF), candidates=8, time=0.007s
[22:06:58] [yf1_v4] [INFO] 0号位打出['Single', '8', ['D8']]， 最大动作为0号位打出的['Single', '8', ['D8']]
[22:06:58] [yf1_v4] [INFO] 1号位打出['Single', '3', ['D3']]， 最大动作为1号位打出的['Single', '3', ['D3']]
[22:06:58] [yf1_v4] [INFO] 2号位打出['PASS', 'PASS', 'PASS']， 最大动作为1号位打出的['Single', '3', ['D3']]
[22:06:58] [yf1_v4] [INFO] 3号位打出['PASS', 'PASS', 'PASS']， 最大动作为1号位打出的['Single', '3', ['D3']]
[22:06:58] [YFAdapter-P0] [INFO] [YF-P0] Decision context: myPos=0, curPos=3, greaterPos=1, teammate=2, curAction=[, actionList_size=1
[22:06:58] [YFAdapter-P0] [INFO] [YF-P0] Decided: action_index=0, action=['PASS', 'PASS', 'PASS']
[22:06:58] [HybridV4-P0] [INFO] ✓ Decision complete: action=0 (score=95.0, layer=YF), candidates=1, time=0.009s
[22:06:58] [yf1_v4] [INFO] 0号位打出['PASS', 'PASS', 'PASS']， 最大动作为1号位打出的['Single', '3', ['D3']]
[22:06:58] [yf1_v4] [INFO] 1号位打出['Single', '8', ['C8']]， 最大动作为1号位打出的['Single', '8', ['C8']]
[22:06:58] [yf1_v4] [INFO] 2号位打出['Single', 'A', ['CA']]， 最大动作为2号位打出的['Single', 'A', ['CA']]
[22:06:58] [yf1_v4] [INFO] 3号位打出['Bomb', '8', ['S8', 'H8', 'C8', 'D8']]， 最大动作为3号位打出的['Bomb', '8', ['S8', 'H8', 'C8', 'D8']]
[22:06:58] [YFAdapter-P0] [INFO] [YF-P0] Decision context: myPos=0, curPos=3, greaterPos=3, teammate=2, curAction=[, actionList_size=1
[22:06:58] [YFAdapter-P0] [INFO] [YF-P0] Decided: action_index=0, action=['PASS', 'PASS', 'PASS']
[22:06:58] [HybridV4-P0] [INFO] ✓ Decision complete: action=0 (score=95.0, layer=YF), candidates=1, time=0.013s
[22:06:58] [yf1_v4] [INFO] 0号位打出['PASS', 'PASS', 'PASS']， 最大动作为3号位打出的['Bomb', '8', ['S8', 'H8', 'C8', 'D8']]
[22:06:58] [yf1_v4] [INFO] 1号位打出['PASS', 'PASS', 'PASS']， 最大动作为3号位打出的['Bomb', '8', ['S8', 'H8', 'C8', 'D8']]
[22:06:58] [yf1_v4] [INFO] 2号位打出['PASS', 'PASS', 'PASS']， 最大动作为3号位打出的['Bomb', '8', ['S8', 'H8', 'C8', 'D8']]
[22:06:58] [yf1_v4] [INFO] 3号位打出['ThreeWithTwo', '7', ['C7', 'C7', 'D7', 'S4', 'D4']]， 最大动作为3号位打出的['ThreeWithTwo', '7', ['C7', 'C7', 'D7', 'S4', 'D4']]
[22:06:58] [YFAdapter-P0] [INFO] [YF-P0] Decision context: myPos=0, curPos=3, greaterPos=3, teammate=2, curAction=[, actionList_size=40
[22:06:58] [YFAdapter-P0] [INFO] [YF-P0] Decided: action_index=0, action=['PASS', 'PASS', 'PASS']
[22:06:58] [HybridV4-P0] [INFO] ✓ Decision complete: action=14 (score=159.0, layer=YF), candidates=8, time=0.018s
[22:06:58] [yf1_v4] [INFO] 0号位打出['ThreeWithTwo', 'J', ['SJ', 'CJ', 'DJ', 'S2', 'C2']]， 最大动作为0号位打出的['ThreeWithTwo', 'J', ['SJ', 'CJ', 'DJ', 'S2', 'C2']]
[22:06:58] [yf1_v4] [INFO] 1号位打出['ThreeWithTwo', 'Q', ['SQ', 'CQ', 'DQ', 'H2', 'D2']]， 最大动作为1号位打出的['ThreeWithTwo', 'Q', ['SQ', 'CQ', 'DQ', 'H2', 'D2']]
[22:06:58] [yf1_v4] [INFO] 2号位打出['PASS', 'PASS', 'PASS']， 最大动作为1号位打出的['ThreeWithTwo', 'Q', ['SQ', 'CQ', 'DQ', 'H2', 'D2']]
[22:06:58] [yf1_v4] [INFO] 3号位打出['PASS', 'PASS', 'PASS']， 最大动作为1号位打出的['ThreeWithTwo', 'Q', ['SQ', 'CQ', 'DQ', 'H2', 'D2']]
[22:06:58] [YFAdapter-P0] [INFO] [YF-P0] Decision context: myPos=0, curPos=3, greaterPos=1, teammate=2, curAction=[, actionList_size=8
[22:06:58] [YFAdapter-P0] [INFO] [YF-P0] Decided: action_index=0, action=['PASS', 'PASS', 'PASS']
[22:06:58] [HybridV4-P0] [INFO] ✓ Decision complete: action=1 (score=152.0, layer=YF), candidates=6, time=0.005s
[22:06:58] [yf1_v4] [INFO] 0号位打出['ThreeWithTwo', '3', ['S3', 'C3', 'D3', 'H4', 'C4']]， 最大动作为0号位打出的['ThreeWithTwo', '3', ['S3', 'C3', 'D3', 'H4', 'C4']]
[22:06:58] [yf1_v4] [INFO] 1号位打出['PASS', 'PASS', 'PASS']， 最大动作为0号位打出的['ThreeWithTwo', '3', ['S3', 'C3', 'D3', 'H4', 'C4']]
[22:06:58] [yf1_v4] [INFO] 2号位打出['PASS', 'PASS', 'PASS']， 最大动作为0号位打出的['ThreeWithTwo', '3', ['S3', 'C3', 'D3', 'H4', 'C4']]
[22:06:58] [yf1_v4] [INFO] 3号位打出['PASS', 'PASS', 'PASS']， 最大动作为0号位打出的['ThreeWithTwo', '3', ['S3', 'C3', 'D3', 'H4', 'C4']]
[22:06:58] [YFAdapter-P0] [INFO] [YF-P0] Decision context: myPos=0, curPos=-1, greaterPos=-1, teammate=2, curAction=[, actionList_size=23
[22:06:58] [YFAdapter-P0] [INFO] [YF-P0] Decided: action_index=0, action=['Single', '2', [['H', '2']]]
[22:06:58] [HybridV4-P0] [INFO] ✓ Decision complete: action=0 (score=145.0, layer=YF), candidates=8, time=0.005s
[22:06:58] [yf1_v4] [INFO] 0号位打出['Single', '2', ['H2']]， 最大动作为0号位打出的['Single', '2', ['H2']]
[22:06:58] [yf1_v4] [INFO] 1号位打出['Single', 'B', ['SB']]， 最大动作为1号位打出的['Single', 'B', ['SB']]
[22:06:58] [yf1_v4] [INFO] 2号位打出['PASS', 'PASS', 'PASS']， 最大动作为1号位打出的['Single', 'B', ['SB']]
[22:06:58] [yf1_v4] [INFO] 3号位打出['PASS', 'PASS', 'PASS']， 最大动作为1号位打出的['Single', 'B', ['SB']]
[22:06:58] [YFAdapter-P0] [INFO] [YF-P0] Decision context: myPos=0, curPos=3, greaterPos=1, teammate=2, curAction=[, actionList_size=1
[22:06:58] [YFAdapter-P0] [INFO] [YF-P0] Decided: action_index=0, action=['PASS', 'PASS', 'PASS']
[22:06:58] [HybridV4-P0] [INFO] ✓ Decision complete: action=0 (score=95.0, layer=YF), candidates=1, time=0.015s
[22:06:58] [yf1_v4] [INFO] 0号位打出['PASS', 'PASS', 'PASS']， 最大动作为1号位打出的['Single', 'B', ['SB']]
[22:06:58] [yf1_v4] [INFO] 1号位打出['ThreePair', '9', ['H9', 'D9', 'HT', 'CT', 'SJ', 'HJ']]， 最大动作为1号位打出的['ThreePair', '9', ['H9', 'D9', 'HT', 'CT', 'SJ', 'HJ']]
[22:06:58] [yf1_v4] [INFO] 2号位打出['PASS', 'PASS', 'PASS']， 最大动作为1号位打出的['ThreePair', '9', ['H9', 'D9', 'HT', 'CT', 'SJ', 'HJ']]
[22:06:58] [yf1_v4] [INFO] 3号位打出['PASS', 'PASS', 'PASS']， 最大动作为1号位打出的['ThreePair', '9', ['H9', 'D9', 'HT', 'CT', 'SJ', 'HJ']]
[22:06:58] [YFAdapter-P0] [INFO] [YF-P0] Decision context: myPos=0, curPos=3, greaterPos=1, teammate=2, curAction=[, actionList_size=1
[22:06:58] [YFAdapter-P0] [INFO] [YF-P0] Decided: action_index=0, action=['PASS', 'PASS', 'PASS']
[22:06:58] [HybridV4-P0] [INFO] ✓ Decision complete: action=0 (score=95.0, layer=YF), candidates=1, time=0.003s
[22:06:58] [yf1_v4] [INFO] 0号位打出['PASS', 'PASS', 'PASS']， 最大动作为1号位打出的['ThreePair', '9', ['H9', 'D9', 'HT', 'CT', 'SJ', 'HJ']]
[22:06:58] [yf1_v4] [INFO] 1号位打出['Pair', '5', ['C5', 'D5']]， 最大动作为1号位打出的['Pair', '5', ['C5', 'D5']]
[22:06:58] [yf1_v4] [INFO] 2号位打出['Pair', 'Q', ['SQ', 'HQ']]， 最大动作为2号位打出的['Pair', 'Q', ['SQ', 'HQ']]
[22:06:58] [yf1_v4] [INFO] 3号位打出['Pair', 'A', ['CA', 'DA']]， 最大动作为3号位打出的['Pair', 'A', ['CA', 'DA']]
[22:06:58] [YFAdapter-P0] [INFO] [YF-P0] Decision context: myPos=0, curPos=3, greaterPos=3, teammate=2, curAction=[, actionList_size=1
[22:06:58] [YFAdapter-P0] [INFO] [YF-P0] Decided: action_index=0, action=['PASS', 'PASS', 'PASS']
[22:06:58] [HybridV4-P0] [INFO] ✓ Decision complete: action=0 (score=75.0, layer=YF), candidates=1, time=0.012s
[22:06:58] [yf1_v4] [INFO] 0号位打出['PASS', 'PASS', 'PASS']， 最大动作为3号位打出的['Pair', 'A', ['CA', 'DA']]
[22:06:58] [yf1_v4] [INFO] 1号位打出['PASS', 'PASS', 'PASS']， 最大动作为3号位打出的['Pair', 'A', ['CA', 'DA']]
[22:06:58] [yf1_v4] [INFO] 2号位打出['PASS', 'PASS', 'PASS']， 最大动作为3号位打出的['Pair', 'A', ['CA', 'DA']]
[22:06:58] [yf1_v4] [INFO] 3号位打出['Pair', '6', ['H6', 'C6']]， 最大动作为3号位打出的['Pair', '6', ['H6', 'C6']]
[22:06:58] [YFAdapter-P0] [INFO] [YF-P0] Decision context: myPos=0, curPos=3, greaterPos=3, teammate=2, curAction=[, actionList_size=5
[22:06:58] [YFAdapter-P0] [INFO] [YF-P0] Decided: action_index=0, action=['PASS', 'PASS', 'PASS']
[22:06:58] [HybridV4-P0] [INFO] ✓ Decision complete: action=1 (score=182.5, layer=YF), candidates=5, time=0.020s
[22:06:58] [yf1_v4] [INFO] 0号位打出['Pair', '7', ['H7', 'D7']]， 最大动作为0号位打出的['Pair', '7', ['H7', 'D7']]
[22:06:58] [yf1_v4] [INFO] 1号位打出['Pair', 'K', ['SK', 'DK']]， 最大动作为1号位打出的['Pair', 'K', ['SK', 'DK']]
[22:06:58] [yf1_v4] [INFO] 2号位打出['PASS', 'PASS', 'PASS']， 最大动作为1号位打出的['Pair', 'K', ['SK', 'DK']]
[22:06:58] [yf1_v4] [INFO] 3号位打出['PASS', 'PASS', 'PASS']， 最大动作为1号位打出的['Pair', 'K', ['SK', 'DK']]
[22:06:58] [YFAdapter-P0] [INFO] [YF-P0] Decision context: myPos=0, curPos=3, greaterPos=1, teammate=2, curAction=[, actionList_size=1
[22:06:58] [YFAdapter-P0] [INFO] [YF-P0] Decided: action_index=0, action=['PASS', 'PASS', 'PASS']
[22:06:58] [HybridV4-P0] [INFO] ✓ Decision complete: action=0 (score=55.0, layer=YF), candidates=1, time=0.002s
[22:06:58] [yf1_v4] [INFO] 0号位打出['PASS', 'PASS', 'PASS']， 最大动作为1号位打出的['Pair', 'K', ['SK', 'DK']]
[22:06:58] [yf1_v4] [INFO] 1号位打出['ThreeWithTwo', '6', ['H6', 'D6', 'D6', 'SA', 'DA']]， 最大动作为1号位打出的['ThreeWithTwo', '6', ['H6', 'D6', 'D6', 'SA', 'DA']]
[22:06:58] [yf1_v4] [INFO] 2号位打出['PASS', 'PASS', 'PASS']， 最大动作为1号位打出的['ThreeWithTwo', '6', ['H6', 'D6', 'D6', 'SA', 'DA']]
[22:06:58] [yf1_v4] [INFO] 3号位打出['ThreeWithTwo', 'Q', ['HQ', 'CQ', 'DQ', 'ST', 'CT']]， 最大动作为3号位打出的['ThreeWithTwo', 'Q', ['HQ', 'CQ', 'DQ', 'ST', 'CT']]
[22:06:58] [YFAdapter-P0] [INFO] [YF-P0] Decision context: myPos=0, curPos=3, greaterPos=3, teammate=2, curAction=[, actionList_size=1
[22:06:58] [YFAdapter-P0] [INFO] [YF-P0] Decided: action_index=0, action=['PASS', 'PASS', 'PASS']
[22:06:58] [HybridV4-P0] [INFO] ✓ Decision complete: action=0 (score=-5.0, layer=YF), candidates=1, time=0.002s
[22:06:58] [yf1_v4] [INFO] 0号位打出['PASS', 'PASS', 'PASS']， 最大动作为3号位打出的['ThreeWithTwo', 'Q', ['HQ', 'CQ', 'DQ', 'ST', 'CT']]
[22:06:58] [yf1_v4] [INFO] 2号位打出['PASS', 'PASS', 'PASS']， 最大动作为3号位打出的['ThreeWithTwo', 'Q', ['HQ', 'CQ', 'DQ', 'ST', 'CT']]
[22:06:58] [yf1_v4] [INFO] 3号位打出['Pair', 'J', ['HJ', 'CJ']]， 最大动作为3号位打出的['Pair', 'J', ['HJ', 'CJ']]
[22:06:58] [yf1_v4] [INFO] 游戏开始, 我是0号位，手牌：['S2', 'C2', 'D2', 'H3', 'S4', 'S4', 'H4', 'C4', 'C5', 'D5', 'C6', 'D8', 'ST', 'HT', 'HT', 'SJ', 'HJ', 'SQ', 'HQ', 'HK', 'CK', 'CK', 'DK', 'SA', 'CA', 'CA', 'SB']
[22:06:58] [YFAdapter-P0] [INFO] [YF-P0] Decision context: myPos=0, curPos=-1, greaterPos=-1, teammate=2, curAction=[, actionList_size=1
[22:06:58] [YFAdapter-P0] [INFO] [YF-P0] Decided: action_index=0, action=['tribute', 'tribute', [['S', 'B']]]
[22:06:58] [HybridV4-P0] [INFO] ✓ Decision complete: action=0 (score=110.0, layer=YF), candidates=1, time=0.005s
[22:06:58] [yf1_v4] [INFO] 2号位打出['Single', '6', ['H6']]， 最大动作为2号位打出的['Single', '6', ['H6']]
[22:06:58] [yf1_v4] [INFO] 3号位打出['Single', 'J', ['CJ']]， 最大动作为3号位打出的['Single', 'J', ['CJ']]
[22:06:58] [YFAdapter-P0] [INFO] [YF-P0] Decision context: myPos=0, curPos=3, greaterPos=3, teammate=2, curAction=[, actionList_size=10
[22:06:58] [YFAdapter-P0] [INFO] [YF-P0] Decided: action_index=0, action=['PASS', 'PASS', 'PASS']
[22:06:58] [HybridV4-P0] [INFO] ✓ Decision complete: action=6 (score=142.5, layer=YF), candidates=8, time=0.006s
[22:06:58] [yf1_v4] [INFO] 0号位打出['Single', 'A', ['SA']]， 最大动作为0号位打出的['Single', 'A', ['SA']]
[22:06:58] [yf1_v4] [INFO] 1号位打出['Single', 'R', ['HR']]， 最大动作为1号位打出的['Single', 'R', ['HR']]
[22:06:58] [yf1_v4] [INFO] 2号位打出['Bomb', '2', ['S2', 'H2', 'D2', 'HA']]， 最大动作为2号位打出的['Bomb', '2', ['S2', 'H2', 'D2', 'HA']]
[22:06:58] [yf1_v4] [INFO] 3号位打出['PASS', 'PASS', 'PASS']， 最大动作为2号位打出的['Bomb', '2', ['S2', 'H2', 'D2', 'HA']]
[22:06:58] [YFAdapter-P0] [INFO] [YF-P0] Decision context: myPos=0, curPos=3, greaterPos=2, teammate=2, curAction=[, actionList_size=3
[22:06:58] [YFAdapter-P0] [INFO] [YF-P0] Decided: action_index=0, action=['PASS', 'PASS', 'PASS']
[22:06:58] [HybridV4-P0] [INFO] ✓ Decision complete: action=2 (score=109.0, layer=YF), candidates=3, time=0.004s
[22:06:58] [yf1_v4] [INFO] 0号位打出['Bomb', 'K', ['HK', 'CK', 'CK', 'DK']]， 最大动作为0号位打出的['Bomb', 'K', ['HK', 'CK', 'CK', 'DK']]
[22:06:58] [yf1_v4] [INFO] 1号位打出['PASS', 'PASS', 'PASS']， 最大动作为0号位打出的['Bomb', 'K', ['HK', 'CK', 'CK', 'DK']]
[22:06:58] [yf1_v4] [INFO] 2号位打出['PASS', 'PASS', 'PASS']， 最大动作为0号位打出的['Bomb', 'K', ['HK', 'CK', 'CK', 'DK']]
[22:06:58] [yf1_v4] [INFO] 3号位打出['PASS', 'PASS', 'PASS']， 最大动作为0号位打出的['Bomb', 'K', ['HK', 'CK', 'CK', 'DK']]
[22:06:58] [YFAdapter-P0] [INFO] [YF-P0] Decision context: myPos=0, curPos=-1, greaterPos=-1, teammate=2, curAction=[, actionList_size=136
[22:06:58] [YFAdapter-P0] [INFO] [YF-P0] Decided: action_index=3, action=['Single', '3', [['H', '3']]]
[22:06:58] [HybridV4-P0] [INFO] ✓ Decision complete: action=3 (score=110.0, layer=YF), candidates=8, time=0.016s
[22:06:58] [yf1_v4] [INFO] 0号位打出['Single', '3', ['H3']]， 最大动作为0号位打出的['Single', '3', ['H3']]
[22:06:58] [yf1_v4] [INFO] 1号位打出['Single', '9', ['S9']]， 最大动作为1号位打出的['Single', '9', ['S9']]
[22:06:58] [yf1_v4] [INFO] 2号位打出['Single', 'J', ['SJ']]， 最大动作为2号位打出的['Single', 'J', ['SJ']]
[22:06:58] [yf1_v4] [INFO] 3号位打出['Single', 'A', ['SA']]， 最大动作为3号位打出的['Single', 'A', ['SA']]
[22:06:58] [YFAdapter-P0] [INFO] [YF-P0] Decision context: myPos=0, curPos=3, greaterPos=3, teammate=2, curAction=[, actionList_size=2
[22:06:58] [YFAdapter-P0] [INFO] [YF-P0] Decided: action_index=0, action=['PASS', 'PASS', 'PASS']
[22:06:58] [HybridV4-P0] [INFO] ✓ Decision complete: action=1 (score=132.0, layer=YF), candidates=2, time=0.009s
[22:06:58] [yf1_v4] [INFO] 0号位打出['Bomb', '4', ['S4', 'S4', 'H4', 'C4']]， 最大动作为0号位打出的['Bomb', '4', ['S4', 'S4', 'H4', 'C4']]
[22:06:58] [yf1_v4] [INFO] 1号位打出['Bomb', '7', ['H7', 'H7', 'C7', 'D7', 'HA']]， 最大动作为1号位打出的['Bomb', '7', ['H7', 'H7', 'C7', 'D7', 'HA']]
[22:06:58] [yf1_v4] [INFO] 2号位打出['PASS', 'PASS', 'PASS']， 最大动作为1号位打出的['Bomb', '7', ['H7', 'H7', 'C7', 'D7', 'HA']]
[22:06:58] [yf1_v4] [INFO] 3号位打出['PASS', 'PASS', 'PASS']， 最大动作为1号位打出的['Bomb', '7', ['H7', 'H7', 'C7', 'D7', 'HA']]
[22:06:58] [YFAdapter-P0] [INFO] [YF-P0] Decision context: myPos=0, curPos=3, greaterPos=1, teammate=2, curAction=[, actionList_size=1
[22:06:58] [YFAdapter-P0] [INFO] [YF-P0] Decided: action_index=0, action=['PASS', 'PASS', 'PASS']
[22:06:58] [HybridV4-P0] [INFO] ✓ Decision complete: action=0 (score=95.0, layer=YF), candidates=1, time=0.004s
[22:06:58] [yf1_v4] [INFO] 0号位打出['PASS', 'PASS', 'PASS']， 最大动作为1号位打出的['Bomb', '7', ['H7', 'H7', 'C7', 'D7', 'HA']]
[22:06:58] [yf1_v4] [INFO] 1号位打出['Single', '2', ['C2']]， 最大动作为1号位打出的['Single', '2', ['C2']]
[22:06:58] [yf1_v4] [INFO] 2号位打出['Single', 'J', ['DJ']]， 最大动作为2号位打出的['Single', 'J', ['DJ']]
[22:06:58] [yf1_v4] [INFO] 3号位打出['Single', 'B', ['SB']]， 最大动作为3号位打出的['Single', 'B', ['SB']]
[22:06:58] [YFAdapter-P0] [INFO] [YF-P0] Decision context: myPos=0, curPos=3, greaterPos=3, teammate=2, curAction=[, actionList_size=1
[22:06:58] [YFAdapter-P0] [INFO] [YF-P0] Decided: action_index=0, action=['PASS', 'PASS', 'PASS']
[22:06:58] [HybridV4-P0] [INFO] ✓ Decision complete: action=0 (score=95.0, layer=YF), candidates=1, time=0.003s
[22:06:58] [yf1_v4] [INFO] 0号位打出['PASS', 'PASS', 'PASS']， 最大动作为3号位打出的['Single', 'B', ['SB']]
[22:06:58] [yf1_v4] [INFO] 1号位打出['PASS', 'PASS', 'PASS']， 最大动作为3号位打出的['Single', 'B', ['SB']]
[22:06:58] [yf1_v4] [INFO] 2号位打出['Bomb', '9', ['S9', 'H9', 'C9', 'D9']]， 最大动作为2号位打出的['Bomb', '9', ['S9', 'H9', 'C9', 'D9']]
[22:06:58] [yf1_v4] [INFO] 3号位打出['PASS', 'PASS', 'PASS']， 最大动作为2号位打出的['Bomb', '9', ['S9', 'H9', 'C9', 'D9']]
[22:06:58] [YFAdapter-P0] [INFO] [YF-P0] Decision context: myPos=0, curPos=3, greaterPos=2, teammate=2, curAction=[, actionList_size=1
[22:06:58] [YFAdapter-P0] [INFO] [YF-P0] Decided: action_index=0, action=['PASS', 'PASS', 'PASS']
[22:06:58] [HybridV4-P0] [INFO] ✓ Decision complete: action=0 (score=95.0, layer=YF), candidates=1, time=0.018s
[22:06:58] [yf1_v4] [INFO] 0号位打出['PASS', 'PASS', 'PASS']， 最大动作为2号位打出的['Bomb', '9', ['S9', 'H9', 'C9', 'D9']]
[22:06:58] [yf1_v4] [INFO] 1号位打出['PASS', 'PASS', 'PASS']， 最大动作为2号位打出的['Bomb', '9', ['S9', 'H9', 'C9', 'D9']]
[22:06:58] [yf1_v4] [INFO] 2号位打出['Pair', '4', ['H4', 'C4']]， 最大动作为2号位打出的['Pair', '4', ['H4', 'C4']]
[22:06:58] [yf1_v4] [INFO] 3号位打出['Pair', '5', ['S5', 'C5']]， 最大动作为3号位打出的['Pair', '5', ['S5', 'C5']]
[22:06:58] [YFAdapter-P0] [INFO] [YF-P0] Decision context: myPos=0, curPos=3, greaterPos=3, teammate=2, curAction=[, actionList_size=6
[22:06:58] [YFAdapter-P0] [INFO] [YF-P0] Decided: action_index=0, action=['PASS', 'PASS', 'PASS']
[22:06:58] [HybridV4-P0] [INFO] ✓ Decision complete: action=5 (score=142.5, layer=YF), candidates=6, time=0.005s
[22:06:58] [yf1_v4] [INFO] 0号位打出['Pair', 'A', ['CA', 'CA']]， 最大动作为0号位打出的['Pair', 'A', ['CA', 'CA']]
[22:06:58] [yf1_v4] [INFO] 1号位打出['PASS', 'PASS', 'PASS']， 最大动作为0号位打出的['Pair', 'A', ['CA', 'CA']]
[22:06:58] [yf1_v4] [INFO] 2号位打出['Bomb', '5', ['S5', 'H5', 'H5', 'D5']]， 最大动作为2号位打出的['Bomb', '5', ['S5', 'H5', 'H5', 'D5']]
[22:06:58] [yf1_v4] [INFO] 3号位打出['PASS', 'PASS', 'PASS']， 最大动作为2号位打出的['Bomb', '5', ['S5', 'H5', 'H5', 'D5']]
[22:06:58] [YFAdapter-P0] [INFO] [YF-P0] Decision context: myPos=0, curPos=3, greaterPos=2, teammate=2, curAction=[, actionList_size=1
[22:06:58] [YFAdapter-P0] [INFO] [YF-P0] Decided: action_index=0, action=['PASS', 'PASS', 'PASS']
[22:06:58] [HybridV4-P0] [INFO] ✓ Decision complete: action=0 (score=95.0, layer=YF), candidates=1, time=0.004s
[22:06:58] [yf1_v4] [INFO] 0号位打出['PASS', 'PASS', 'PASS']， 最大动作为2号位打出的['Bomb', '5', ['S5', 'H5', 'H5', 'D5']]
[22:06:58] [yf1_v4] [INFO] 1号位打出['PASS', 'PASS', 'PASS']， 最大动作为2号位打出的['Bomb', '5', ['S5', 'H5', 'H5', 'D5']]
[22:06:58] [yf1_v4] [INFO] 2号位打出['Pair', '7', ['S7', 'S7']]， 最大动作为2号位打出的['Pair', '7', ['S7', 'S7']]
[22:06:58] [yf1_v4] [INFO] 3号位打出['Pair', '8', ['H8', 'D8']]， 最大动作为3号位打出的['Pair', '8', ['H8', 'D8']]
[22:06:59] [YFAdapter-P0] [INFO] [YF-P0] Decision context: myPos=0, curPos=3, greaterPos=3, teammate=2, curAction=[, actionList_size=5
[22:06:59] [YFAdapter-P0] [INFO] [YF-P0] Decided: action_index=0, action=['PASS', 'PASS', 'PASS']
[22:06:59] [HybridV4-P0] [INFO] ✓ Decision complete: action=3 (score=139.0, layer=YF), candidates=5, time=0.017s
[22:06:59] [yf1_v4] [INFO] 0号位打出['Pair', 'J', ['SJ', 'HJ']]， 最大动作为0号位打出的['Pair', 'J', ['SJ', 'HJ']]
[22:06:59] [yf1_v4] [INFO] 1号位打出['Pair', 'Q', ['HQ', 'DQ']]， 最大动作为1号位打出的['Pair', 'Q', ['HQ', 'DQ']]
[22:06:59] [yf1_v4] [INFO] 2号位打出['PASS', 'PASS', 'PASS']， 最大动作为1号位打出的['Pair', 'Q', ['HQ', 'DQ']]
[22:06:59] [yf1_v4] [INFO] 3号位打出['Pair', 'K', ['SK', 'DK']]， 最大动作为3号位打出的['Pair', 'K', ['SK', 'DK']]
[22:06:59] [YFAdapter-P0] [INFO] [YF-P0] Decision context: myPos=0, curPos=3, greaterPos=3, teammate=2, curAction=[, actionList_size=1
[22:06:59] [YFAdapter-P0] [INFO] [YF-P0] Decided: action_index=0, action=['PASS', 'PASS', 'PASS']
[22:06:59] [HybridV4-P0] [INFO] ✓ Decision complete: action=0 (score=95.0, layer=YF), candidates=1, time=0.004s
[22:06:59] [yf1_v4] [INFO] 0号位打出['PASS', 'PASS', 'PASS']， 最大动作为3号位打出的['Pair', 'K', ['SK', 'DK']]
[22:06:59] [yf1_v4] [INFO] 1号位打出['PASS', 'PASS', 'PASS']， 最大动作为3号位打出的['Pair', 'K', ['SK', 'DK']]
[22:06:59] [yf1_v4] [INFO] 2号位打出['PASS', 'PASS', 'PASS']， 最大动作为3号位打出的['Pair', 'K', ['SK', 'DK']]
[22:06:59] [yf1_v4] [INFO] 3号位打出['Single', '2', ['H2']]， 最大动作为3号位打出的['Single', '2', ['H2']]
[22:06:59] [YFAdapter-P0] [INFO] [YF-P0] Decision context: myPos=0, curPos=3, greaterPos=3, teammate=2, curAction=[, actionList_size=10
[22:06:59] [YFAdapter-P0] [INFO] [YF-P0] Decided: action_index=0, action=['PASS', 'PASS', 'PASS']
[22:06:59] [HybridV4-P0] [INFO] ✓ Decision complete: action=8 (score=139.0, layer=YF), candidates=8, time=0.006s
[22:06:59] [yf1_v4] [INFO] 0号位打出['Single', 'Q', ['SQ']]， 最大动作为0号位打出的['Single', 'Q', ['SQ']]
[22:06:59] [yf1_v4] [INFO] 1号位打出['Single', 'K', ['SK']]， 最大动作为1号位打出的['Single', 'K', ['SK']]
[22:06:59] [yf1_v4] [INFO] 2号位打出['PASS', 'PASS', 'PASS']， 最大动作为1号位打出的['Single', 'K', ['SK']]
[22:06:59] [yf1_v4] [INFO] 3号位打出['PASS', 'PASS', 'PASS']， 最大动作为1号位打出的['Single', 'K', ['SK']]
[22:06:59] [YFAdapter-P0] [INFO] [YF-P0] Decision context: myPos=0, curPos=3, greaterPos=1, teammate=2, curAction=[, actionList_size=1
[22:06:59] [YFAdapter-P0] [INFO] [YF-P0] Decided: action_index=0, action=['PASS', 'PASS', 'PASS']
[22:06:59] [HybridV4-P0] [INFO] ✓ Decision complete: action=0 (score=95.0, layer=YF), candidates=1, time=0.018s
[22:06:59] [yf1_v4] [INFO] 0号位打出['PASS', 'PASS', 'PASS']， 最大动作为1号位打出的['Single', 'K', ['SK']]
[22:06:59] [yf1_v4] [INFO] 1号位打出['Single', '7', ['D7']]， 最大动作为1号位打出的['Single', '7', ['D7']]
[22:06:59] [yf1_v4] [INFO] 2号位打出['Single', 'Q', ['CQ']]， 最大动作为2号位打出的['Single', 'Q', ['CQ']]
[22:06:59] [yf1_v4] [INFO] 3号位打出['Single', 'B', ['SB']]， 最大动作为3号位打出的['Single', 'B', ['SB']]
[22:06:59] [YFAdapter-P0] [INFO] [YF-P0] Decision context: myPos=0, curPos=3, greaterPos=3, teammate=2, curAction=[, actionList_size=1
[22:06:59] [YFAdapter-P0] [INFO] [YF-P0] Decided: action_index=0, action=['PASS', 'PASS', 'PASS']
[22:06:59] [HybridV4-P0] [INFO] ✓ Decision complete: action=0 (score=95.0, layer=YF), candidates=1, time=0.002s
[22:06:59] [yf1_v4] [INFO] 0号位打出['PASS', 'PASS', 'PASS']， 最大动作为3号位打出的['Single', 'B', ['SB']]
[22:06:59] [yf1_v4] [INFO] 1号位打出['PASS', 'PASS', 'PASS']， 最大动作为3号位打出的['Single', 'B', ['SB']]
[22:06:59] [yf1_v4] [INFO] 2号位打出['PASS', 'PASS', 'PASS']， 最大动作为3号位打出的['Single', 'B', ['SB']]
[22:06:59] [yf1_v4] [INFO] 3号位打出['ThreeWithTwo', '3', ['S3', 'H3', 'D3', 'D4', 'D4']]， 最大动作为3号位打出的['ThreeWithTwo', '3', ['S3', 'H3', 'D3', 'D4', 'D4']]
[22:06:59] [YFAdapter-P0] [INFO] [YF-P0] Decision context: myPos=0, curPos=3, greaterPos=3, teammate=2, curAction=[, actionList_size=5
[22:06:59] [YFAdapter-P0] [INFO] [YF-P0] Decided: action_index=0, action=['PASS', 'PASS', 'PASS']
[22:06:59] [HybridV4-P0] [INFO] ✓ Decision complete: action=1 (score=155.5, layer=YF), candidates=5, time=0.005s
[22:06:59] [yf1_v4] [INFO] 0号位打出['ThreeWithTwo', 'T', ['ST', 'HT', 'HT', 'S2', 'D2']]， 最大动作为0号位打出的['ThreeWithTwo', 'T', ['ST', 'HT', 'HT', 'S2', 'D2']]
[22:06:59] [yf1_v4] [INFO] 1号位打出['ThreeWithTwo', 'J', ['HJ', 'CJ', 'DJ', 'S3', 'C3']]， 最大动作为1号位打出的['ThreeWithTwo', 'J', ['HJ', 'CJ', 'DJ', 'S3', 'C3']]
[22:06:59] [yf1_v4] [INFO] 2号位打出['PASS', 'PASS', 'PASS']， 最大动作为1号位打出的['ThreeWithTwo', 'J', ['HJ', 'CJ', 'DJ', 'S3', 'C3']]
[22:06:59] [yf1_v4] [INFO] 3号位打出['PASS', 'PASS', 'PASS']， 最大动作为1号位打出的['ThreeWithTwo', 'J', ['HJ', 'CJ', 'DJ', 'S3', 'C3']]
[22:06:59] [YFAdapter-P0] [INFO] [YF-P0] Decision context: myPos=0, curPos=3, greaterPos=1, teammate=2, curAction=[, actionList_size=1
[22:06:59] [YFAdapter-P0] [INFO] [YF-P0] Decided: action_index=0, action=['PASS', 'PASS', 'PASS']
[22:06:59] [HybridV4-P0] [INFO] ✓ Decision complete: action=0 (score=95.0, layer=YF), candidates=1, time=0.004s
[22:06:59] [yf1_v4] [INFO] 0号位打出['PASS', 'PASS', 'PASS']， 最大动作为1号位打出的['ThreeWithTwo', 'J', ['HJ', 'CJ', 'DJ', 'S3', 'C3']]
[22:06:59] [yf1_v4] [INFO] 1号位打出['ThreeWithTwo', '6', ['S6', 'H6', 'C6', 'H8', 'C8']]， 最大动作为1号位打出的['ThreeWithTwo', '6', ['S6', 'H6', 'C6', 'H8', 'C8']]
[22:06:59] [yf1_v4] [INFO] 2号位打出['ThreeWithTwo', '8', ['S8', 'S8', 'C8', 'C3', 'D3']]， 最大动作为2号位打出的['ThreeWithTwo', '8', ['S8', 'S8', 'C8', 'C3', 'D3']]
[22:06:59] [yf1_v4] [INFO] 3号位打出['ThreeWithTwo', '9', ['H9', 'C9', 'D9', 'ST', 'DT']]， 最大动作为3号位打出的['ThreeWithTwo', '9', ['H9', 'C9', 'D9', 'ST', 'DT']]
[22:06:59] [YFAdapter-P0] [INFO] [YF-P0] Decision context: myPos=0, curPos=3, greaterPos=3, teammate=2, curAction=[, actionList_size=1
[22:06:59] [YFAdapter-P0] [INFO] [YF-P0] Decided: action_index=0, action=['PASS', 'PASS', 'PASS']
[22:06:59] [HybridV4-P0] [INFO] ✓ Decision complete: action=0 (score=55.0, layer=YF), candidates=1, time=0.016s
[22:06:59] [yf1_v4] [INFO] 0号位打出['PASS', 'PASS', 'PASS']， 最大动作为3号位打出的['ThreeWithTwo', '9', ['H9', 'C9', 'D9', 'ST', 'DT']]
[22:06:59] [yf1_v4] [INFO] 1号位打出['ThreeWithTwo', 'T', ['CT', 'CT', 'DT', 'DA', 'DA']]， 最大动作为1号位打出的['ThreeWithTwo', 'T', ['CT', 'CT', 'DT', 'DA', 'DA']]
[22:06:59] [yf1_v4] [INFO] 2号位打出['PASS', 'PASS', 'PASS']， 最大动作为1号位打出的['ThreeWithTwo', 'T', ['CT', 'CT', 'DT', 'DA', 'DA']]
[22:06:59] [yf1_v4] [INFO] 3号位打出['PASS', 'PASS', 'PASS']， 最大动作为1号位打出的['ThreeWithTwo', 'T', ['CT', 'CT', 'DT', 'DA', 'DA']]
[22:06:59] [yf1_v4] [INFO] 3号位打出['ThreeWithTwo', '6', ['S6', 'D6', 'D6', 'SQ', 'CQ']]， 最大动作为3号位打出的['ThreeWithTwo', '6', ['S6', 'D6', 'D6', 'SQ', 'CQ']]
[22:06:59] [YFAdapter-P0] [INFO] [YF-P0] Decision context: myPos=0, curPos=3, greaterPos=3, teammate=2, curAction=[, actionList_size=1
[22:06:59] [YFAdapter-P0] [INFO] [YF-P0] Decided: action_index=0, action=['PASS', 'PASS', 'PASS']
[22:06:59] [HybridV4-P0] [INFO] ✓ Decision complete: action=0 (score=-5.0, layer=YF), candidates=1, time=0.004s
[22:06:59] [yf1_v4] [INFO] 0号位打出['PASS', 'PASS', 'PASS']， 最大动作为3号位打出的['ThreeWithTwo', '6', ['S6', 'D6', 'D6', 'SQ', 'CQ']]
[22:06:59] [yf1_v4] [INFO] 2号位打出['PASS', 'PASS', 'PASS']， 最大动作为3号位打出的['ThreeWithTwo', '6', ['S6', 'D6', 'D6', 'SQ', 'CQ']]
[22:06:59] [yf1_v4] [INFO] 3号位打出['Single', 'R', ['HR']]， 最大动作为3号位打出的['Single', 'R', ['HR']]
[22:06:59] [yf1_v4] [INFO] 游戏开始, 我是0号位，手牌：['H3', 'C3', 'D4', 'S5', 'H5', 'C5', 'D6', 'S7', 'C7', 'S8', 'C8', 'C9', 'D9', 'D9', 'ST', 'SJ', 'HJ', 'DJ', 'SQ', 'SQ', 'DQ', 'HK', 'DK', 'HA', 'CA', 'H2', 'HR']
[22:06:59] [yf1_v4] [INFO] 3号位打出['Single', '6', ['S6']]， 最大动作为3号位打出的['Single', '6', ['S6']]
[22:06:59] [YFAdapter-P0] [INFO] [YF-P0] Decision context: myPos=0, curPos=3, greaterPos=3, teammate=2, curAction=[, actionList_size=23
[22:06:59] [YFAdapter-P0] [INFO] [YF-P0] Decided: action_index=0, action=['PASS', 'PASS', 'PASS']
[22:06:59] [HybridV4-P0] [INFO] ✓ Decision complete: action=15 (score=142.5, layer=YF), candidates=8, time=0.002s
[22:06:59] [yf1_v4] [INFO] 0号位打出['Single', 'A', ['HA']]， 最大动作为0号位打出的['Single', 'A', ['HA']]
[22:06:59] [yf1_v4] [INFO] 1号位打出['Single', '2', ['C2']]， 最大动作为1号位打出的['Single', '2', ['C2']]
[22:06:59] [yf1_v4] [INFO] 2号位打出['Bomb', 'J', ['SJ', 'CJ', 'DJ', 'H2']]， 最大动作为2号位打出的['Bomb', 'J', ['SJ', 'CJ', 'DJ', 'H2']]
[22:06:59] [yf1_v4] [INFO] 3号位打出['PASS', 'PASS', 'PASS']， 最大动作为2号位打出的['Bomb', 'J', ['SJ', 'CJ', 'DJ', 'H2']]
[22:06:59] [YFAdapter-P0] [INFO] [YF-P0] Decision context: myPos=0, curPos=3, greaterPos=2, teammate=2, curAction=[, actionList_size=2
[22:06:59] [YFAdapter-P0] [INFO] [YF-P0] Decided: action_index=0, action=['PASS', 'PASS', 'PASS']
[22:06:59] [HybridV4-P0] [INFO] ✓ Decision complete: action=1 (score=109.0, layer=YF), candidates=2, time=0.005s
[22:06:59] [yf1_v4] [INFO] 0号位打出['Bomb', 'Q', ['SQ', 'SQ', 'DQ', 'H2']]， 最大动作为0号位打出的['Bomb', 'Q', ['SQ', 'SQ', 'DQ', 'H2']]
[22:06:59] [yf1_v4] [INFO] 1号位打出['PASS', 'PASS', 'PASS']， 最大动作为0号位打出的['Bomb', 'Q', ['SQ', 'SQ', 'DQ', 'H2']]
[22:06:59] [yf1_v4] [INFO] 2号位打出['PASS', 'PASS', 'PASS']， 最大动作为0号位打出的['Bomb', 'Q', ['SQ', 'SQ', 'DQ', 'H2']]
[22:06:59] [yf1_v4] [INFO] 3号位打出['PASS', 'PASS', 'PASS']， 最大动作为0号位打出的['Bomb', 'Q', ['SQ', 'SQ', 'DQ', 'H2']]
[22:06:59] [YFAdapter-P0] [INFO] [YF-P0] Decision context: myPos=0, curPos=-1, greaterPos=-1, teammate=2, curAction=[, actionList_size=146
[22:06:59] [YFAdapter-P0] [INFO] [YF-P0] Decided: action_index=2, action=['Single', '4', [['D', '4']]]
[22:06:59] [HybridV4-P0] [INFO] ✓ Decision complete: action=2 (score=110.0, layer=YF), candidates=8, time=0.005s
[22:06:59] [yf1_v4] [INFO] 0号位打出['Single', '4', ['D4']]， 最大动作为0号位打出的['Single', '4', ['D4']]
[22:06:59] [yf1_v4] [INFO] 1号位打出['Single', '5', ['C5']]， 最大动作为1号位打出的['Single', '5', ['C5']]
[22:06:59] [yf1_v4] [INFO] 2号位打出['Single', 'A', ['DA']]， 最大动作为2号位打出的['Single', 'A', ['DA']]
[22:06:59] [yf1_v4] [INFO] 3号位打出['Single', '2', ['S2']]， 最大动作为3号位打出的['Single', '2', ['S2']]
[22:06:59] [YFAdapter-P0] [INFO] [YF-P0] Decision context: myPos=0, curPos=3, greaterPos=3, teammate=2, curAction=[, actionList_size=2
[22:06:59] [YFAdapter-P0] [INFO] [YF-P0] Decided: action_index=0, action=['PASS', 'PASS', 'PASS']
[22:06:59] [HybridV4-P0] [INFO] ✓ Decision complete: action=1 (score=142.5, layer=YF), candidates=2, time=0.005s
[22:06:59] [yf1_v4] [INFO] 0号位打出['Single', 'R', ['HR']]， 最大动作为0号位打出的['Single', 'R', ['HR']]
[22:06:59] [yf1_v4] [INFO] 1号位打出['PASS', 'PASS', 'PASS']， 最大动作为0号位打出的['Single', 'R', ['HR']]
[22:06:59] [yf1_v4] [INFO] 2号位打出['PASS', 'PASS', 'PASS']， 最大动作为0号位打出的['Single', 'R', ['HR']]
[22:06:59] [yf1_v4] [INFO] 3号位打出['PASS', 'PASS', 'PASS']， 最大动作为0号位打出的['Single', 'R', ['HR']]
[22:06:59] [YFAdapter-P0] [INFO] [YF-P0] Decision context: myPos=0, curPos=-1, greaterPos=-1, teammate=2, curAction=[, actionList_size=120
[22:06:59] [YFAdapter-P0] [INFO] [YF-P0] Decided: action_index=5, action=['Single', '6', [['D', '6']]]
[22:06:59] [HybridV4-P0] [INFO] ✓ Decision complete: action=5 (score=110.0, layer=YF), candidates=8, time=0.012s
[22:06:59] [yf1_v4] [INFO] 0号位打出['Single', '6', ['D6']]， 最大动作为0号位打出的['Single', '6', ['D6']]
[22:06:59] [yf1_v4] [INFO] 1号位打出['Single', 'J', ['HJ']]， 最大动作为1号位打出的['Single', 'J', ['HJ']]
[22:06:59] [yf1_v4] [INFO] 2号位打出['Single', 'A', ['DA']]， 最大动作为2号位打出的['Single', 'A', ['DA']]
[22:06:59] [yf1_v4] [INFO] 3号位打出['Single', 'B', ['SB']]， 最大动作为3号位打出的['Single', 'B', ['SB']]
[22:06:59] [YFAdapter-P0] [INFO] [YF-P0] Decision context: myPos=0, curPos=3, greaterPos=3, teammate=2, curAction=[, actionList_size=1
[22:06:59] [YFAdapter-P0] [INFO] [YF-P0] Decided: action_index=0, action=['PASS', 'PASS', 'PASS']
[22:06:59] [HybridV4-P0] [INFO] ✓ Decision complete: action=0 (score=95.0, layer=YF), candidates=1, time=0.005s
[22:06:59] [yf1_v4] [INFO] 0号位打出['PASS', 'PASS', 'PASS']， 最大动作为3号位打出的['Single', 'B', ['SB']]
[22:06:59] [yf1_v4] [INFO] 1号位打出['PASS', 'PASS', 'PASS']， 最大动作为3号位打出的['Single', 'B', ['SB']]
[22:06:59] [yf1_v4] [INFO] 2号位打出['PASS', 'PASS', 'PASS']， 最大动作为3号位打出的['Single', 'B', ['SB']]
[22:06:59] [yf1_v4] [INFO] 3号位打出['ThreePair', '7', ['H7', 'C7', 'S8', 'C8', 'H9', 'C9']]， 最大动作为3号位打出的['ThreePair', '7', ['H7', 'C7', 'S8', 'C8', 'H9', 'C9']]
[22:06:59] [YFAdapter-P0] [INFO] [YF-P0] Decision context: myPos=0, curPos=3, greaterPos=3, teammate=2, curAction=[, actionList_size=1
[22:06:59] [YFAdapter-P0] [INFO] [YF-P0] Decided: action_index=0, action=['PASS', 'PASS', 'PASS']
[22:06:59] [HybridV4-P0] [INFO] ✓ Decision complete: action=0 (score=95.0, layer=YF), candidates=1, time=0.005s
[22:06:59] [yf1_v4] [INFO] 0号位打出['PASS', 'PASS', 'PASS']， 最大动作为3号位打出的['ThreePair', '7', ['H7', 'C7', 'S8', 'C8', 'H9', 'C9']]
[22:06:59] [yf1_v4] [INFO] 1号位打出['ThreePair', '8', ['H8', 'D8', 'S9', 'H9', 'HT', 'DT']]， 最大动作为1号位打出的['ThreePair', '8', ['H8', 'D8', 'S9', 'H9', 'HT', 'DT']]
[22:06:59] [yf1_v4] [INFO] 2号位打出['PASS', 'PASS', 'PASS']， 最大动作为1号位打出的['ThreePair', '8', ['H8', 'D8', 'S9', 'H9', 'HT', 'DT']]
[22:06:59] [yf1_v4] [INFO] 3号位打出['PASS', 'PASS', 'PASS']， 最大动作为1号位打出的['ThreePair', '8', ['H8', 'D8', 'S9', 'H9', 'HT', 'DT']]
[22:06:59] [YFAdapter-P0] [INFO] [YF-P0] Decision context: myPos=0, curPos=3, greaterPos=1, teammate=2, curAction=[, actionList_size=1
[22:06:59] [YFAdapter-P0] [INFO] [YF-P0] Decided: action_index=0, action=['PASS', 'PASS', 'PASS']
[22:06:59] [HybridV4-P0] [INFO] ✓ Decision complete: action=0 (score=95.0, layer=YF), candidates=1, time=0.004s
[22:06:59] [yf1_v4] [INFO] 0号位打出['PASS', 'PASS', 'PASS']， 最大动作为1号位打出的['ThreePair', '8', ['H8', 'D8', 'S9', 'H9', 'HT', 'DT']]
[22:06:59] [yf1_v4] [INFO] 1号位打出['ThreeWithTwo', '6', ['S6', 'C6', 'D6', 'S3', 'D3']]， 最大动作为1号位打出的['ThreeWithTwo', '6', ['S6', 'C6', 'D6', 'S3', 'D3']]
[22:06:59] [yf1_v4] [INFO] 2号位打出['ThreeWithTwo', 'K', ['HK', 'CK', 'CK', 'H6', 'C6']]， 最大动作为2号位打出的['ThreeWithTwo', 'K', ['HK', 'CK', 'CK', 'H6', 'C6']]
[22:06:59] [yf1_v4] [INFO] 3号位打出['PASS', 'PASS', 'PASS']， 最大动作为2号位打出的['ThreeWithTwo', 'K', ['HK', 'CK', 'CK', 'H6', 'C6']]
[22:06:59] [YFAdapter-P0] [INFO] [YF-P0] Decision context: myPos=0, curPos=3, greaterPos=2, teammate=2, curAction=[, actionList_size=1
[22:06:59] [YFAdapter-P0] [INFO] [YF-P0] Decided: action_index=0, action=['PASS', 'PASS', 'PASS']
[22:06:59] [HybridV4-P0] [INFO] ✓ Decision complete: action=0 (score=95.0, layer=YF), candidates=1, time=0.005s
[22:06:59] [yf1_v4] [INFO] 0号位打出['PASS', 'PASS', 'PASS']， 最大动作为2号位打出的['ThreeWithTwo', 'K', ['HK', 'CK', 'CK', 'H6', 'C6']]
[22:06:59] [yf1_v4] [INFO] 1号位打出['ThreeWithTwo', 'A', ['SA', 'HA', 'CA', 'S4', 'S4']]， 最大动作为1号位打出的['ThreeWithTwo', 'A', ['SA', 'HA', 'CA', 'S4', 'S4']]
[22:06:59] [yf1_v4] [INFO] 2号位打出['PASS', 'PASS', 'PASS']， 最大动作为1号位打出的['ThreeWithTwo', 'A', ['SA', 'HA', 'CA', 'S4', 'S4']]
[22:06:59] [yf1_v4] [INFO] 3号位打出['PASS', 'PASS', 'PASS']， 最大动作为1号位打出的['ThreeWithTwo', 'A', ['SA', 'HA', 'CA', 'S4', 'S4']]
[22:06:59] [YFAdapter-P0] [INFO] [YF-P0] Decision context: myPos=0, curPos=3, greaterPos=1, teammate=2, curAction=[, actionList_size=1
[22:06:59] [YFAdapter-P0] [INFO] [YF-P0] Decided: action_index=0, action=['PASS', 'PASS', 'PASS']
[22:06:59] [HybridV4-P0] [INFO] ✓ Decision complete: action=0 (score=75.0, layer=YF), candidates=1, time=0.013s
[22:06:59] [yf1_v4] [INFO] 0号位打出['PASS', 'PASS', 'PASS']， 最大动作为1号位打出的['ThreeWithTwo', 'A', ['SA', 'HA', 'CA', 'S4', 'S4']]
[22:06:59] [yf1_v4] [INFO] 1号位打出['Pair', '7', ['S7', 'H7']]， 最大动作为1号位打出的['Pair', '7', ['S7', 'H7']]
[22:06:59] [yf1_v4] [INFO] 2号位打出['Pair', '2', ['S2', 'C2']]， 最大动作为2号位打出的['Pair', '2', ['S2', 'C2']]
[22:06:59] [yf1_v4] [INFO] 3号位打出['Bomb', '4', ['H4', 'C4', 'C4', 'D4']]， 最大动作为3号位打出的['Bomb', '4', ['H4', 'C4', 'C4', 'D4']]
[22:06:59] [YFAdapter-P0] [INFO] [YF-P0] Decision context: myPos=0, curPos=3, greaterPos=3, teammate=2, curAction=[, actionList_size=1
[22:06:59] [YFAdapter-P0] [INFO] [YF-P0] Decided: action_index=0, action=['PASS', 'PASS', 'PASS']
[22:06:59] [HybridV4-P0] [INFO] ✓ Decision complete: action=0 (score=75.0, layer=YF), candidates=1, time=0.006s
[22:06:59] [yf1_v4] [INFO] 0号位打出['PASS', 'PASS', 'PASS']， 最大动作为3号位打出的['Bomb', '4', ['H4', 'C4', 'C4', 'D4']]
[22:06:59] [yf1_v4] [INFO] 1号位打出['PASS', 'PASS', 'PASS']， 最大动作为3号位打出的['Bomb', '4', ['H4', 'C4', 'C4', 'D4']]
[22:06:59] [yf1_v4] [INFO] 2号位打出['PASS', 'PASS', 'PASS']， 最大动作为3号位打出的['Bomb', '4', ['H4', 'C4', 'C4', 'D4']]
[22:06:59] [yf1_v4] [INFO] 3号位打出['Trips', '3', ['S3', 'H3', 'D3']]， 最大动作为3号位打出的['Trips', '3', ['S3', 'H3', 'D3']]
[22:06:59] [YFAdapter-P0] [INFO] [YF-P0] Decision context: myPos=0, curPos=3, greaterPos=3, teammate=2, curAction=[, actionList_size=4
[22:06:59] [YFAdapter-P0] [INFO] [YF-P0] Decided: action_index=0, action=['PASS', 'PASS', 'PASS']
[22:06:59] [HybridV4-P0] [INFO] ✓ Decision complete: action=3 (score=186.0, layer=YF), candidates=4, time=0.003s
[22:06:59] [yf1_v4] [INFO] 0号位打出['Trips', 'J', ['SJ', 'HJ', 'DJ']]， 最大动作为0号位打出的['Trips', 'J', ['SJ', 'HJ', 'DJ']]
[22:06:59] [yf1_v4] [INFO] 1号位打出['PASS', 'PASS', 'PASS']， 最大动作为0号位打出的['Trips', 'J', ['SJ', 'HJ', 'DJ']]
[22:06:59] [yf1_v4] [INFO] 2号位打出['PASS', 'PASS', 'PASS']， 最大动作为0号位打出的['Trips', 'J', ['SJ', 'HJ', 'DJ']]
[22:06:59] [yf1_v4] [INFO] 3号位打出['PASS', 'PASS', 'PASS']， 最大动作为0号位打出的['Trips', 'J', ['SJ', 'HJ', 'DJ']]
[22:06:59] [YFAdapter-P0] [INFO] [YF-P0] Decision context: myPos=0, curPos=-1, greaterPos=-1, teammate=2, curAction=[, actionList_size=41
[22:06:59] [YFAdapter-P0] [INFO] [YF-P0] Decided: action_index=28, action=['ThreeWithTwo', '5', [['S', '5'], ['H', '5'], ['C', '5'], ['H', '3'], ['C', '3']]]
[22:06:59] [HybridV4-P0] [INFO] ✓ Decision complete: action=28 (score=160.0, layer=YF), candidates=8, time=0.009s
[22:06:59] [yf1_v4] [INFO] 0号位打出['ThreeWithTwo', '5', ['S5', 'H5', 'C5', 'H3', 'C3']]， 最大动作为0号位打出的['ThreeWithTwo', '5', ['S5', 'H5', 'C5', 'H3', 'C3']]
[22:06:59] [yf1_v4] [INFO] 1号位打出['PASS', 'PASS', 'PASS']， 最大动作为0号位打出的['ThreeWithTwo', '5', ['S5', 'H5', 'C5', 'H3', 'C3']]
[22:06:59] [yf1_v4] [INFO] 2号位打出['ThreeWithTwo', 'T', ['CT', 'CT', 'DT', 'D7', 'D7']]， 最大动作为2号位打出的['ThreeWithTwo', 'T', ['CT', 'CT', 'DT', 'D7', 'D7']]
[22:06:59] [yf1_v4] [INFO] 3号位打出['PASS', 'PASS', 'PASS']， 最大动作为2号位打出的['ThreeWithTwo', 'T', ['CT', 'CT', 'DT', 'D7', 'D7']]
[22:06:59] [YFAdapter-P0] [INFO] [YF-P0] Decision context: myPos=0, curPos=3, greaterPos=2, teammate=2, curAction=[, actionList_size=1
[22:06:59] [YFAdapter-P0] [INFO] [YF-P0] Decided: action_index=0, action=['PASS', 'PASS', 'PASS']
[22:06:59] [HybridV4-P0] [INFO] ✓ Decision complete: action=0 (score=75.0, layer=YF), candidates=1, time=0.005s
[22:06:59] [yf1_v4] [INFO] 0号位打出['PASS', 'PASS', 'PASS']， 最大动作为2号位打出的['ThreeWithTwo', 'T', ['CT', 'CT', 'DT', 'D7', 'D7']]
[22:06:59] [yf1_v4] [INFO] 1号位打出['PASS', 'PASS', 'PASS']， 最大动作为2号位打出的['ThreeWithTwo', 'T', ['CT', 'CT', 'DT', 'D7', 'D7']]
[22:06:59] [yf1_v4] [INFO] 2号位打出['Single', '3', ['C3']]， 最大动作为2号位打出的['Single', '3', ['C3']]
[22:06:59] [yf1_v4] [INFO] 3号位打出['Single', 'T', ['HT']]， 最大动作为3号位打出的['Single', 'T', ['HT']]
[22:06:59] [YFAdapter-P0] [INFO] [YF-P0] Decision context: myPos=0, curPos=3, greaterPos=3, teammate=2, curAction=[, actionList_size=4
[22:06:59] [YFAdapter-P0] [INFO] [YF-P0] Decided: action_index=0, action=['PASS', 'PASS', 'PASS']
[22:06:59] [HybridV4-P0] [INFO] ✓ Decision complete: action=3 (score=189.5, layer=YF), candidates=4, time=0.004s
[22:06:59] [yf1_v4] [INFO] 0号位打出['Single', 'A', ['CA']]， 最大动作为0号位打出的['Single', 'A', ['CA']]
[22:06:59] [yf1_v4] [INFO] 1号位打出['Single', '2', ['D2']]， 最大动作为1号位打出的['Single', '2', ['D2']]
[22:07:00] [yf1_v4] [INFO] 2号位打出['PASS', 'PASS', 'PASS']， 最大动作为1号位打出的['Single', '2', ['D2']]
[22:07:00] [yf1_v4] [INFO] 3号位打出['PASS', 'PASS', 'PASS']， 最大动作为1号位打出的['Single', '2', ['D2']]
[22:07:00] [YFAdapter-P0] [INFO] [YF-P0] Decision context: myPos=0, curPos=3, greaterPos=1, teammate=2, curAction=[, actionList_size=1
[22:07:00] [YFAdapter-P0] [INFO] [YF-P0] Decided: action_index=0, action=['PASS', 'PASS', 'PASS']
[22:07:00] [HybridV4-P0] [INFO] ✓ Decision complete: action=0 (score=55.0, layer=YF), candidates=1, time=0.003s
[22:07:00] [yf1_v4] [INFO] 0号位打出['PASS', 'PASS', 'PASS']， 最大动作为1号位打出的['Single', '2', ['D2']]
[22:07:00] [yf1_v4] [INFO] 1号位打出['Pair', 'Q', ['HQ', 'CQ']]， 最大动作为1号位打出的['Pair', 'Q', ['HQ', 'CQ']]
[22:07:00] [yf1_v4] [INFO] 2号位打出['PASS', 'PASS', 'PASS']， 最大动作为1号位打出的['Pair', 'Q', ['HQ', 'CQ']]
[22:07:00] [yf1_v4] [INFO] 3号位打出['PASS', 'PASS', 'PASS']， 最大动作为1号位打出的['Pair', 'Q', ['HQ', 'CQ']]
[22:07:00] [YFAdapter-P0] [INFO] [YF-P0] Decision context: myPos=0, curPos=3, greaterPos=1, teammate=2, curAction=[, actionList_size=2
[22:07:00] [YFAdapter-P0] [INFO] [YF-P0] Decided: action_index=0, action=['PASS', 'PASS', 'PASS']
[22:07:00] [YFAdapter-P0] [WARNING] [YF-P0] 检测到过于保守: 对手快走完(剩3张), 触发Layer 2/3进行更积极的决策
[22:07:00] [HybridV4-P0] [INFO] ✓ Decision complete: action=1 (score=155.6, layer=DecisionEngine), candidates=2, time=0.007s
[22:07:00] [yf1_v4] [INFO] 0号位打出['Pair', 'K', ['HK', 'DK']]， 最大动作为0号位打出的['Pair', 'K', ['HK', 'DK']]
[22:07:00] [yf1_v4] [INFO] 1号位打出['PASS', 'PASS', 'PASS']， 最大动作为0号位打出的['Pair', 'K', ['HK', 'DK']]
[22:07:00] [yf1_v4] [INFO] 2号位打出['PASS', 'PASS', 'PASS']， 最大动作为0号位打出的['Pair', 'K', ['HK', 'DK']]
[22:07:00] [yf1_v4] [INFO] 3号位打出['PASS', 'PASS', 'PASS']， 最大动作为0号位打出的['Pair', 'K', ['HK', 'DK']]
[22:07:00] [YFAdapter-P0] [INFO] [YF-P0] Decision context: myPos=0, curPos=-1, greaterPos=-1, teammate=2, curAction=[, actionList_size=16
[22:07:00] [YFAdapter-P0] [INFO] [YF-P0] Decided: action_index=8, action=['Pair', '8', [['S', '8'], ['C', '8']]]
[22:07:00] [HybridV4-P0] [INFO] ✓ Decision complete: action=8 (score=235.0, layer=YF), candidates=7, time=0.008s
[22:07:00] [yf1_v4] [INFO] 0号位打出['Pair', '8', ['S8', 'C8']]， 最大动作为0号位打出的['Pair', '8', ['S8', 'C8']]
[22:07:00] [yf1_v4] [INFO] 1号位打出['PASS', 'PASS', 'PASS']， 最大动作为0号位打出的['Pair', '8', ['S8', 'C8']]
[22:07:00] [yf1_v4] [INFO] 2号位打出['Pair', 'Q', ['HQ', 'DQ']]， 最大动作为2号位打出的['Pair', 'Q', ['HQ', 'DQ']]
[22:07:00] [yf1_v4] [INFO] 3号位打出['PASS', 'PASS', 'PASS']， 最大动作为2号位打出的['Pair', 'Q', ['HQ', 'DQ']]
[22:07:00] [YFAdapter-P0] [INFO] [YF-P0] Decision context: myPos=0, curPos=3, greaterPos=2, teammate=2, curAction=[, actionList_size=1
[22:07:00] [YFAdapter-P0] [INFO] [YF-P0] Decided: action_index=0, action=['PASS', 'PASS', 'PASS']
[22:07:00] [HybridV4-P0] [INFO] ✓ Decision complete: action=0 (score=-5.0, layer=YF), candidates=1, time=0.002s
[22:07:00] [yf1_v4] [INFO] 0号位打出['PASS', 'PASS', 'PASS']， 最大动作为2号位打出的['Pair', 'Q', ['HQ', 'DQ']]
[22:07:00] [yf1_v4] [INFO] 1号位打出['PASS', 'PASS', 'PASS']， 最大动作为2号位打出的['Pair', 'Q', ['HQ', 'DQ']]
[22:07:00] [yf1_v4] [INFO] 2号位打出['Pair', '8', ['H8', 'D8']]， 最大动作为2号位打出的['Pair', '8', ['H8', 'D8']]
[22:07:00] [yf1_v4] [INFO] 3号位打出['PASS', 'PASS', 'PASS']， 最大动作为2号位打出的['Pair', '8', ['H8', 'D8']]
[22:07:00] [YFAdapter-P0] [INFO] [YF-P0] Decision context: myPos=0, curPos=3, greaterPos=2, teammate=2, curAction=[, actionList_size=3
[22:07:00] [YFAdapter-P0] [INFO] [YF-P0] Decided: action_index=0, action=['PASS', 'PASS', 'PASS']
[22:07:00] [YFAdapter-P0] [WARNING] [YF-P0] 检测到过于保守: 对手快走完(剩3张), 触发Layer 2/3进行更积极的决策
[22:07:00] [HybridV4-P0] [INFO] ✓ Decision complete: action=1 (score=125.6, layer=DecisionEngine), candidates=3, time=0.013s
[22:07:00] [yf1_v4] [INFO] 0号位打出['Pair', '9', ['C9', 'D9']]， 最大动作为0号位打出的['Pair', '9', ['C9', 'D9']]
[22:07:00] [yf1_v4] [INFO] 1号位打出['PASS', 'PASS', 'PASS']， 最大动作为0号位打出的['Pair', '9', ['C9', 'D9']]
[22:07:00] [yf1_v4] [INFO] 2号位打出['PASS', 'PASS', 'PASS']， 最大动作为0号位打出的['Pair', '9', ['C9', 'D9']]
[22:07:00] [yf1_v4] [INFO] 3号位打出['PASS', 'PASS', 'PASS']， 最大动作为0号位打出的['Pair', '9', ['C9', 'D9']]
[22:07:00] [YFAdapter-P0] [INFO] [YF-P0] Decision context: myPos=0, curPos=-1, greaterPos=-1, teammate=2, curAction=[, actionList_size=5
[22:07:00] [YFAdapter-P0] [INFO] [YF-P0] Decided: action_index=4, action=['Pair', '7', [['S', '7'], ['C', '7']]]
[22:07:00] [HybridV4-P0] [INFO] ✓ Decision complete: action=4 (score=235.0, layer=YF), candidates=5, time=0.006s
[22:07:00] [yf1_v4] [INFO] 0号位打出['Pair', '7', ['S7', 'C7']]， 最大动作为0号位打出的['Pair', '7', ['S7', 'C7']]
[22:07:00] [yf1_v4] [INFO] 1号位打出['PASS', 'PASS', 'PASS']， 最大动作为0号位打出的['Pair', '7', ['S7', 'C7']]
[22:07:00] [yf1_v4] [INFO] 2号位打出['PASS', 'PASS', 'PASS']， 最大动作为0号位打出的['Pair', '7', ['S7', 'C7']]
[22:07:00] [yf1_v4] [INFO] 3号位打出['PASS', 'PASS', 'PASS']， 最大动作为0号位打出的['Pair', '7', ['S7', 'C7']]
[22:07:00] [YFAdapter-P0] [INFO] [YF-P0] Decision context: myPos=0, curPos=-1, greaterPos=-1, teammate=2, curAction=[, actionList_size=2
[22:07:00] [YFAdapter-P0] [INFO] [YF-P0] Decided: action_index=0, action=['Single', '9', [['D', '9']]]
[22:07:00] [YFAdapter-P0] [WARNING] [YF-P0] 检测到过于保守: 对手快走完(剩3张), 触发Layer 2/3进行更积极的决策
[22:07:00] [HybridV4-P0] [INFO] ✓ Decision complete: action=0 (score=100.6, layer=DecisionEngine), candidates=2, time=0.017s
[22:07:00] [yf1_v4] [INFO] 0号位打出['Single', '9', ['D9']]， 最大动作为0号位打出的['Single', '9', ['D9']]
[22:07:00] [yf1_v4] [INFO] 1号位打出['Single', 'R', ['HR']]， 最大动作为1号位打出的['Single', 'R', ['HR']]
[22:07:00] [yf1_v4] [INFO] 2号位打出['PASS', 'PASS', 'PASS']， 最大动作为1号位打出的['Single', 'R', ['HR']]
[22:07:00] [yf1_v4] [INFO] 3号位打出['PASS', 'PASS', 'PASS']， 最大动作为1号位打出的['Single', 'R', ['HR']]
[22:07:00] [YFAdapter-P0] [INFO] [YF-P0] Decision context: myPos=0, curPos=3, greaterPos=1, teammate=2, curAction=[, actionList_size=1
[22:07:00] [YFAdapter-P0] [INFO] [YF-P0] Decided: action_index=0, action=['PASS', 'PASS', 'PASS']
[22:07:00] [HybridV4-P0] [INFO] ✓ Decision complete: action=0 (score=-5.0, layer=YF), candidates=1, time=0.002s
[22:07:00] [yf1_v4] [INFO] 0号位打出['PASS', 'PASS', 'PASS']， 最大动作为1号位打出的['Single', 'R', ['HR']]
[22:07:00] [yf1_v4] [INFO] 1号位打出['Single', 'K', ['SK']]， 最大动作为1号位打出的['Single', 'K', ['SK']]
[22:07:00] [yf1_v4] [INFO] 2号位打出['PASS', 'PASS', 'PASS']， 最大动作为1号位打出的['Single', 'K', ['SK']]
[22:07:00] [yf1_v4] [INFO] 3号位打出['Single', 'B', ['SB']]， 最大动作为3号位打出的['Single', 'B', ['SB']]
[22:07:00] [YFAdapter-P0] [INFO] [YF-P0] Decision context: myPos=0, curPos=3, greaterPos=3, teammate=2, curAction=[, actionList_size=1
[22:07:00] [YFAdapter-P0] [INFO] [YF-P0] Decided: action_index=0, action=['PASS', 'PASS', 'PASS']
[22:07:00] [HybridV4-P0] [INFO] ✓ Decision complete: action=0 (score=-5.0, layer=YF), candidates=1, time=0.004s
[22:07:00] [yf1_v4] [INFO] 0号位打出['PASS', 'PASS', 'PASS']， 最大动作为3号位打出的['Single', 'B', ['SB']]
[22:07:00] [yf1_v4] [INFO] 1号位打出['PASS', 'PASS', 'PASS']， 最大动作为3号位打出的['Single', 'B', ['SB']]
[22:07:00] [yf1_v4] [INFO] 2号位打出['PASS', 'PASS', 'PASS']， 最大动作为3号位打出的['Single', 'B', ['SB']]
[22:07:00] [yf1_v4] [INFO] 3号位打出['Trips', '5', ['S5', 'H5', 'D5']]， 最大动作为3号位打出的['Trips', '5', ['S5', 'H5', 'D5']]
[22:07:00] [YFAdapter-P0] [INFO] [YF-P0] Decision context: myPos=0, curPos=3, greaterPos=3, teammate=2, curAction=[, actionList_size=1
[22:07:00] [YFAdapter-P0] [INFO] [YF-P0] Decided: action_index=0, action=['PASS', 'PASS', 'PASS']
[22:07:00] [HybridV4-P0] [INFO] ✓ Decision complete: action=0 (score=-5.0, layer=YF), candidates=1, time=0.004s
[22:07:00] [yf1_v4] [INFO] 0号位打出['PASS', 'PASS', 'PASS']， 最大动作为3号位打出的['Trips', '5', ['S5', 'H5', 'D5']]
[22:07:00] [yf1_v4] [INFO] 1号位打出['PASS', 'PASS', 'PASS']， 最大动作为3号位打出的['Trips', '5', ['S5', 'H5', 'D5']]
[22:07:00] [yf1_v4] [INFO] 2号位打出['PASS', 'PASS', 'PASS']， 最大动作为3号位打出的['Trips', '5', ['S5', 'H5', 'D5']]
[22:07:00] [yf1_v4] [INFO] 3号位打出['Pair', 'K', ['SK', 'DK']]， 最大动作为3号位打出的['Pair', 'K', ['SK', 'DK']]
[22:07:00] [YFAdapter-P0] [INFO] [YF-P0] Decision context: myPos=0, curPos=3, greaterPos=3, teammate=2, curAction=[, actionList_size=1
[22:07:00] [YFAdapter-P0] [INFO] [YF-P0] Decided: action_index=0, action=['PASS', 'PASS', 'PASS']
[22:07:00] [HybridV4-P0] [INFO] ✓ Decision complete: action=0 (score=-5.0, layer=YF), candidates=1, time=0.016s
[22:07:00] [yf1_v4] [INFO] 0号位打出['PASS', 'PASS', 'PASS']， 最大动作为3号位打出的['Pair', 'K', ['SK', 'DK']]
[22:07:00] [yf1_v4] [INFO] 1号位打出['PASS', 'PASS', 'PASS']， 最大动作为3号位打出的['Pair', 'K', ['SK', 'DK']]
[22:07:00] [yf1_v4] [INFO] 2号位打出['PASS', 'PASS', 'PASS']， 最大动作为3号位打出的['Pair', 'K', ['SK', 'DK']]
[22:07:00] [yf1_v4] [INFO] 3号位打出['Single', 'A', ['SA']]， 最大动作为3号位打出的['Single', 'A', ['SA']]
[22:07:00] [YFAdapter-P0] [INFO] [YF-P0] Decision context: myPos=0, curPos=3, greaterPos=3, teammate=2, curAction=[, actionList_size=1
[22:07:00] [YFAdapter-P0] [INFO] [YF-P0] Decided: action_index=0, action=['PASS', 'PASS', 'PASS']
[22:07:00] [HybridV4-P0] [INFO] ✓ Decision complete: action=0 (score=-5.0, layer=YF), candidates=1, time=0.003s
[22:07:00] [yf1_v4] [INFO] 0号位打出['PASS', 'PASS', 'PASS']， 最大动作为3号位打出的['Single', 'A', ['SA']]
[22:07:00] [yf1_v4] [INFO] 1号位打出['Single', '2', ['D2']]， 最大动作为1号位打出的['Single', '2', ['D2']]
[22:07:00] [yf1_v4] [INFO] 2号位打出['PASS', 'PASS', 'PASS']， 最大动作为1号位打出的['Single', '2', ['D2']]
[22:07:00] [yf1_v4] [INFO] 3号位打出['PASS', 'PASS', 'PASS']， 最大动作为1号位打出的['Single', '2', ['D2']]
[22:07:00] [yf1_v4] [INFO] 3号位打出['Single', 'Q', ['CQ']]， 最大动作为3号位打出的['Single', 'Q', ['CQ']]
[22:07:00] [YFAdapter-P0] [INFO] [YF-P0] Decision context: myPos=0, curPos=3, greaterPos=3, teammate=2, curAction=[, actionList_size=1
[22:07:00] [YFAdapter-P0] [INFO] [YF-P0] Decided: action_index=0, action=['PASS', 'PASS', 'PASS']
[22:07:00] [HybridV4-P0] [INFO] ✓ Decision complete: action=0 (score=-5.0, layer=YF), candidates=1, time=0.005s
[22:07:00] [yf1_v4] [INFO] 0号位打出['PASS', 'PASS', 'PASS']， 最大动作为3号位打出的['Single', 'Q', ['CQ']]
[22:07:00] [yf1_v4] [INFO] 2号位打出['PASS', 'PASS', 'PASS']， 最大动作为3号位打出的['Single', 'Q', ['CQ']]
[22:07:00] [yf1_v4] [INFO] 3号位打出['Single', 'J', ['CJ']]， 最大动作为3号位打出的['Single', 'J', ['CJ']]
[22:07:00] [YFAdapter-P0] [INFO] [YF-P0] Decision context: myPos=0, curPos=3, greaterPos=3, teammate=2, curAction=[, actionList_size=1
[22:07:00] [YFAdapter-P0] [INFO] [YF-P0] Decided: action_index=0, action=['PASS', 'PASS', 'PASS']
[22:07:00] [HybridV4-P0] [INFO] ✓ Decision complete: action=0 (score=-5.0, layer=YF), candidates=1, time=0.002s
[22:07:00] [yf1_v4] [INFO] 0号位打出['PASS', 'PASS', 'PASS']， 最大动作为3号位打出的['Single', 'J', ['CJ']]
[22:07:00] [yf1_v4] [INFO] 2号位打出['PASS', 'PASS', 'PASS']， 最大动作为3号位打出的['Single', 'J', ['CJ']]
[22:07:00] [yf1_v4] [INFO] 3号位打出['Single', 'T', ['ST']]， 最大动作为3号位打出的['Single', 'T', ['ST']]
[22:07:00] [yf1_v4] [INFO] 游戏开始, 我是0号位，手牌：['S2', 'H3', 'C3', 'D3', 'D3', 'H4', 'D4', 'D4', 'H6', 'H7', 'D7', 'S8', 'D8', 'S9', 'HT', 'SJ', 'DJ', 'HQ', 'HQ', 'SK', 'CK', 'DK', 'DA', 'H5', 'C5', 'D5', 'SB']
[22:07:00] [YFAdapter-P0] [INFO] [YF-P0] Decision context: myPos=0, curPos=-1, greaterPos=-1, teammate=2, curAction=[, actionList_size=1
[22:07:00] [YFAdapter-P0] [INFO] [YF-P0] Decided: action_index=0, action=['tribute', 'tribute', [['S', 'B']]]
[22:07:00] [HybridV4-P0] [INFO] ✓ Decision complete: action=0 (score=110.0, layer=YF), candidates=1, time=0.010s
[22:07:00] [YFAdapter-P0] [INFO] [YF-P0] Decision context: myPos=0, curPos=-1, greaterPos=-1, teammate=2, curAction=[, actionList_size=1089
[22:07:00] [YFAdapter-P0] [INFO] [YF-P0] Decided: action_index=0, action=['Single', '2', [['S', '2']]]
[22:07:00] [HybridV4-P0] [INFO] ✓ Decision complete: action=0 (score=125.0, layer=YF), candidates=8, time=0.018s
[22:07:00] [yf1_v4] [INFO] 0号位打出['Single', '2', ['S2']]， 最大动作为0号位打出的['Single', '2', ['S2']]
[22:07:00] [yf1_v4] [INFO] 1号位打出['Single', 'J', ['CJ']]， 最大动作为1号位打出的['Single', 'J', ['CJ']]
[22:07:00] [yf1_v4] [INFO] 2号位打出['Single', 'A', ['HA']]， 最大动作为2号位打出的['Single', 'A', ['HA']]
[22:07:00] [yf1_v4] [INFO] 3号位打出['Single', '5', ['D5']]， 最大动作为3号位打出的['Single', '5', ['D5']]
[22:07:00] [YFAdapter-P0] [INFO] [YF-P0] Decision context: myPos=0, curPos=3, greaterPos=3, teammate=2, curAction=[, actionList_size=12
[22:07:00] [YFAdapter-P0] [INFO] [YF-P0] Decided: action_index=0, action=['PASS', 'PASS', 'PASS']
[22:07:00] [HybridV4-P0] [INFO] ✓ Decision complete: action=7 (score=139.0, layer=YF), candidates=8, time=0.008s
[22:07:00] [yf1_v4] [INFO] 0号位打出['Bomb', 'K', ['SK', 'CK', 'DK', 'H5']]， 最大动作为0号位打出的['Bomb', 'K', ['SK', 'CK', 'DK', 'H5']]
[22:07:00] [yf1_v4] [INFO] 1号位打出['PASS', 'PASS', 'PASS']， 最大动作为0号位打出的['Bomb', 'K', ['SK', 'CK', 'DK', 'H5']]
[22:07:00] [yf1_v4] [INFO] 2号位打出['PASS', 'PASS', 'PASS']， 最大动作为0号位打出的['Bomb', 'K', ['SK', 'CK', 'DK', 'H5']]
[22:07:00] [yf1_v4] [INFO] 3号位打出['PASS', 'PASS', 'PASS']， 最大动作为0号位打出的['Bomb', 'K', ['SK', 'CK', 'DK', 'H5']]
[22:07:00] [YFAdapter-P0] [INFO] [YF-P0] Decision context: myPos=0, curPos=-1, greaterPos=-1, teammate=2, curAction=[, actionList_size=178
[22:07:00] [YFAdapter-P0] [INFO] [YF-P0] Decided: action_index=7, action=['Single', '7', [['D', '7']]]
[22:07:00] [HybridV4-P0] [INFO] ✓ Decision complete: action=7 (score=115.0, layer=YF), candidates=8, time=0.007s
[22:07:00] [yf1_v4] [INFO] 0号位打出['Single', '7', ['D7']]， 最大动作为0号位打出的['Single', '7', ['D7']]
[22:07:00] [yf1_v4] [INFO] 1号位打出['Single', 'A', ['SA']]， 最大动作为1号位打出的['Single', 'A', ['SA']]
[22:07:00] [yf1_v4] [INFO] 2号位打出['Bomb', '2', ['H2', 'C2', 'C2', 'H5']]， 最大动作为2号位打出的['Bomb', '2', ['H2', 'C2', 'C2', 'H5']]
[22:07:00] [yf1_v4] [INFO] 3号位打出['PASS', 'PASS', 'PASS']， 最大动作为2号位打出的['Bomb', '2', ['H2', 'C2', 'C2', 'H5']]
[22:07:00] [YFAdapter-P0] [INFO] [YF-P0] Decision context: myPos=0, curPos=3, greaterPos=2, teammate=2, curAction=[, actionList_size=2
[22:07:00] [YFAdapter-P0] [INFO] [YF-P0] Decided: action_index=0, action=['PASS', 'PASS', 'PASS']
[22:07:00] [HybridV4-P0] [INFO] ✓ Decision complete: action=1 (score=102.0, layer=YF), candidates=2, time=0.008s
[22:07:00] [yf1_v4] [INFO] 0号位打出['Bomb', '3', ['H3', 'C3', 'D3', 'D3']]， 最大动作为0号位打出的['Bomb', '3', ['H3', 'C3', 'D3', 'D3']]
[22:07:00] [yf1_v4] [INFO] 1号位打出['PASS', 'PASS', 'PASS']， 最大动作为0号位打出的['Bomb', '3', ['H3', 'C3', 'D3', 'D3']]
[22:07:00] [yf1_v4] [INFO] 2号位打出['PASS', 'PASS', 'PASS']， 最大动作为0号位打出的['Bomb', '3', ['H3', 'C3', 'D3', 'D3']]
[22:07:00] [yf1_v4] [INFO] 3号位打出['Bomb', 'A', ['SA', 'HA', 'CA', 'DA']]， 最大动作为3号位打出的['Bomb', 'A', ['SA', 'HA', 'CA', 'DA']]
[22:07:00] [YFAdapter-P0] [INFO] [YF-P0] Decision context: myPos=0, curPos=3, greaterPos=3, teammate=2, curAction=[, actionList_size=1
[22:07:00] [YFAdapter-P0] [INFO] [YF-P0] Decided: action_index=0, action=['PASS', 'PASS', 'PASS']
[22:07:00] [HybridV4-P0] [INFO] ✓ Decision complete: action=0 (score=95.0, layer=YF), candidates=1, time=0.005s
[22:07:00] [yf1_v4] [INFO] 0号位打出['PASS', 'PASS', 'PASS']， 最大动作为3号位打出的['Bomb', 'A', ['SA', 'HA', 'CA', 'DA']]
[22:07:00] [yf1_v4] [INFO] 1号位打出['PASS', 'PASS', 'PASS']， 最大动作为3号位打出的['Bomb', 'A', ['SA', 'HA', 'CA', 'DA']]
[22:07:00] [yf1_v4] [INFO] 2号位打出['PASS', 'PASS', 'PASS']， 最大动作为3号位打出的['Bomb', 'A', ['SA', 'HA', 'CA', 'DA']]
[22:07:00] [yf1_v4] [INFO] 3号位打出['Single', '3', ['C3']]， 最大动作为3号位打出的['Single', '3', ['C3']]
[22:07:00] [YFAdapter-P0] [INFO] [YF-P0] Decision context: myPos=0, curPos=3, greaterPos=3, teammate=2, curAction=[, actionList_size=16
[22:07:00] [YFAdapter-P0] [INFO] [YF-P0] Decided: action_index=0, action=['PASS', 'PASS', 'PASS']
[22:07:00] [HybridV4-P0] [INFO] ✓ Decision complete: action=13 (score=142.5, layer=YF), candidates=8, time=0.010s
[22:07:00] [yf1_v4] [INFO] 0号位打出['Single', 'A', ['DA']]， 最大动作为0号位打出的['Single', 'A', ['DA']]
[22:07:00] [yf1_v4] [INFO] 1号位打出['Single', '5', ['S5']]， 最大动作为1号位打出的['Single', '5', ['S5']]
[22:07:00] [yf1_v4] [INFO] 2号位打出['PASS', 'PASS', 'PASS']， 最大动作为1号位打出的['Single', '5', ['S5']]
[22:07:00] [yf1_v4] [INFO] 3号位打出['PASS', 'PASS', 'PASS']， 最大动作为1号位打出的['Single', '5', ['S5']]
[22:07:00] [YFAdapter-P0] [INFO] [YF-P0] Decision context: myPos=0, curPos=3, greaterPos=1, teammate=2, curAction=[, actionList_size=1
[22:07:00] [YFAdapter-P0] [INFO] [YF-P0] Decided: action_index=0, action=['PASS', 'PASS', 'PASS']
[22:07:00] [HybridV4-P0] [INFO] ✓ Decision complete: action=0 (score=95.0, layer=YF), candidates=1, time=0.002s
[22:07:00] [yf1_v4] [INFO] 0号位打出['PASS', 'PASS', 'PASS']， 最大动作为1号位打出的['Single', '5', ['S5']]
[22:07:00] [yf1_v4] [INFO] 1号位打出['ThreeWithTwo', 'T', ['ST', 'CT', 'CT', 'S3', 'S3']]， 最大动作为1号位打出的['ThreeWithTwo', 'T', ['ST', 'CT', 'CT', 'S3', 'S3']]
[22:07:00] [yf1_v4] [INFO] 2号位打出['ThreeWithTwo', 'J', ['HJ', 'HJ', 'DJ', 'H4', 'C4']]， 最大动作为2号位打出的['ThreeWithTwo', 'J', ['HJ', 'HJ', 'DJ', 'H4', 'C4']]
[22:07:00] [yf1_v4] [INFO] 3号位打出['PASS', 'PASS', 'PASS']， 最大动作为2号位打出的['ThreeWithTwo', 'J', ['HJ', 'HJ', 'DJ', 'H4', 'C4']]
[22:07:00] [YFAdapter-P0] [INFO] [YF-P0] Decision context: myPos=0, curPos=3, greaterPos=2, teammate=2, curAction=[, actionList_size=1
[22:07:00] [YFAdapter-P0] [INFO] [YF-P0] Decided: action_index=0, action=['PASS', 'PASS', 'PASS']
[22:07:00] [HybridV4-P0] [INFO] ✓ Decision complete: action=0 (score=95.0, layer=YF), candidates=1, time=0.004s
[22:07:00] [yf1_v4] [INFO] 0号位打出['PASS', 'PASS', 'PASS']， 最大动作为2号位打出的['ThreeWithTwo', 'J', ['HJ', 'HJ', 'DJ', 'H4', 'C4']]
[22:07:00] [yf1_v4] [INFO] 1号位打出['ThreeWithTwo', 'Q', ['SQ', 'SQ', 'CQ', 'S4', 'C4']]， 最大动作为1号位打出的['ThreeWithTwo', 'Q', ['SQ', 'SQ', 'CQ', 'S4', 'C4']]
[22:07:00] [yf1_v4] [INFO] 2号位打出['PASS', 'PASS', 'PASS']， 最大动作为1号位打出的['ThreeWithTwo', 'Q', ['SQ', 'SQ', 'CQ', 'S4', 'C4']]
[22:07:00] [yf1_v4] [INFO] 3号位打出['PASS', 'PASS', 'PASS']， 最大动作为1号位打出的['ThreeWithTwo', 'Q', ['SQ', 'SQ', 'CQ', 'S4', 'C4']]
[22:07:00] [YFAdapter-P0] [INFO] [YF-P0] Decision context: myPos=0, curPos=3, greaterPos=1, teammate=2, curAction=[, actionList_size=1
[22:07:00] [YFAdapter-P0] [INFO] [YF-P0] Decided: action_index=0, action=['PASS', 'PASS', 'PASS']
[22:07:00] [HybridV4-P0] [INFO] ✓ Decision complete: action=0 (score=95.0, layer=YF), candidates=1, time=0.023s
[22:07:00] [yf1_v4] [INFO] 0号位打出['PASS', 'PASS', 'PASS']， 最大动作为1号位打出的['ThreeWithTwo', 'Q', ['SQ', 'SQ', 'CQ', 'S4', 'C4']]
[22:07:00] [yf1_v4] [INFO] 1号位打出['Pair', '6', ['C6', 'D6']]， 最大动作为1号位打出的['Pair', '6', ['C6', 'D6']]
[22:07:01] [yf1_v4] [INFO] 2号位打出['Pair', 'Q', ['CQ', 'DQ']]， 最大动作为2号位打出的['Pair', 'Q', ['CQ', 'DQ']]
[22:07:01] [yf1_v4] [INFO] 3号位打出['Pair', 'K', ['HK', 'HK']]， 最大动作为3号位打出的['Pair', 'K', ['HK', 'HK']]
[22:07:01] [YFAdapter-P0] [INFO] [YF-P0] Decision context: myPos=0, curPos=3, greaterPos=3, teammate=2, curAction=[, actionList_size=2
[22:07:01] [YFAdapter-P0] [INFO] [YF-P0] Decided: action_index=0, action=['PASS', 'PASS', 'PASS']
[22:07:01] [HybridV4-P0] [INFO] ✓ Decision complete: action=1 (score=152.0, layer=YF), candidates=2, time=0.004s
[22:07:01] [yf1_v4] [INFO] 0号位打出['Pair', '5', ['C5', 'D5']]， 最大动作为0号位打出的['Pair', '5', ['C5', 'D5']]
[22:07:01] [yf1_v4] [INFO] 1号位打出['Pair', 'R', ['HR', 'HR']]， 最大动作为1号位打出的['Pair', 'R', ['HR', 'HR']]
[22:07:01] [yf1_v4] [INFO] 2号位打出['PASS', 'PASS', 'PASS']， 最大动作为1号位打出的['Pair', 'R', ['HR', 'HR']]
[22:07:01] [yf1_v4] [INFO] 3号位打出['PASS', 'PASS', 'PASS']， 最大动作为1号位打出的['Pair', 'R', ['HR', 'HR']]
[22:07:01] [YFAdapter-P0] [INFO] [YF-P0] Decision context: myPos=0, curPos=3, greaterPos=1, teammate=2, curAction=[, actionList_size=1
[22:07:01] [YFAdapter-P0] [INFO] [YF-P0] Decided: action_index=0, action=['PASS', 'PASS', 'PASS']
[22:07:01] [HybridV4-P0] [INFO] ✓ Decision complete: action=0 (score=95.0, layer=YF), candidates=1, time=0.005s
[22:07:01] [yf1_v4] [INFO] 0号位打出['PASS', 'PASS', 'PASS']， 最大动作为1号位打出的['Pair', 'R', ['HR', 'HR']]
[22:07:01] [yf1_v4] [INFO] 1号位打出['Pair', '8', ['S8', 'C8']]， 最大动作为1号位打出的['Pair', '8', ['S8', 'C8']]
[22:07:01] [yf1_v4] [INFO] 2号位打出['Pair', '9', ['C9', 'D9']]， 最大动作为2号位打出的['Pair', '9', ['C9', 'D9']]
[22:07:01] [yf1_v4] [INFO] 3号位打出['Pair', 'T', ['DT', 'DT']]， 最大动作为3号位打出的['Pair', 'T', ['DT', 'DT']]
[22:07:01] [YFAdapter-P0] [INFO] [YF-P0] Decision context: myPos=0, curPos=3, greaterPos=3, teammate=2, curAction=[, actionList_size=3
[22:07:01] [YFAdapter-P0] [INFO] [YF-P0] Decided: action_index=0, action=['PASS', 'PASS', 'PASS']
[22:07:01] [HybridV4-P0] [INFO] ✓ Decision complete: action=1 (score=186.0, layer=YF), candidates=3, time=0.006s
[22:07:01] [yf1_v4] [INFO] 0号位打出['Pair', 'J', ['SJ', 'DJ']]， 最大动作为0号位打出的['Pair', 'J', ['SJ', 'DJ']]
[22:07:01] [yf1_v4] [INFO] 1号位打出['Pair', '5', ['S5', 'C5']]， 最大动作为1号位打出的['Pair', '5', ['S5', 'C5']]
[22:07:01] [yf1_v4] [INFO] 2号位打出['PASS', 'PASS', 'PASS']， 最大动作为1号位打出的['Pair', '5', ['S5', 'C5']]
[22:07:01] [yf1_v4] [INFO] 3号位打出['PASS', 'PASS', 'PASS']， 最大动作为1号位打出的['Pair', '5', ['S5', 'C5']]
[22:07:01] [YFAdapter-P0] [INFO] [YF-P0] Decision context: myPos=0, curPos=3, greaterPos=1, teammate=2, curAction=[, actionList_size=1
[22:07:01] [YFAdapter-P0] [INFO] [YF-P0] Decided: action_index=0, action=['PASS', 'PASS', 'PASS']
[22:07:01] [HybridV4-P0] [INFO] ✓ Decision complete: action=0 (score=75.0, layer=YF), candidates=1, time=0.015s
[22:07:01] [yf1_v4] [INFO] 0号位打出['PASS', 'PASS', 'PASS']， 最大动作为1号位打出的['Pair', '5', ['S5', 'C5']]
[22:07:01] [yf1_v4] [INFO] 1号位打出['ThreeWithTwo', 'K', ['SK', 'CK', 'DK', 'H9', 'C9']]， 最大动作为1号位打出的['ThreeWithTwo', 'K', ['SK', 'CK', 'DK', 'H9', 'C9']]
[22:07:01] [yf1_v4] [INFO] 2号位打出['PASS', 'PASS', 'PASS']， 最大动作为1号位打出的['ThreeWithTwo', 'K', ['SK', 'CK', 'DK', 'H9', 'C9']]
[22:07:01] [yf1_v4] [INFO] 3号位打出['PASS', 'PASS', 'PASS']， 最大动作为1号位打出的['ThreeWithTwo', 'K', ['SK', 'CK', 'DK', 'H9', 'C9']]
[22:07:01] [YFAdapter-P0] [INFO] [YF-P0] Decision context: myPos=0, curPos=3, greaterPos=1, teammate=2, curAction=[, actionList_size=1
[22:07:01] [YFAdapter-P0] [INFO] [YF-P0] Decided: action_index=0, action=['PASS', 'PASS', 'PASS']
[22:07:01] [HybridV4-P0] [INFO] ✓ Decision complete: action=0 (score=-5.0, layer=YF), candidates=1, time=0.002s
[22:07:01] [yf1_v4] [INFO] 0号位打出['PASS', 'PASS', 'PASS']， 最大动作为1号位打出的['ThreeWithTwo', 'K', ['SK', 'CK', 'DK', 'H9', 'C9']]
[22:07:01] [yf1_v4] [INFO] 1号位打出['Single', 'B', ['SB']]， 最大动作为1号位打出的['Single', 'B', ['SB']]
[22:07:01] [yf1_v4] [INFO] 2号位打出['PASS', 'PASS', 'PASS']， 最大动作为1号位打出的['Single', 'B', ['SB']]
[22:07:01] [yf1_v4] [INFO] 3号位打出['PASS', 'PASS', 'PASS']， 最大动作为1号位打出的['Single', 'B', ['SB']]
[22:07:01] [yf1_v4] [INFO] 3号位打出['Single', '4', ['S4']]， 最大动作为3号位打出的['Single', '4', ['S4']]
[22:07:01] [YFAdapter-P0] [INFO] [YF-P0] Decision context: myPos=0, curPos=3, greaterPos=3, teammate=2, curAction=[, actionList_size=9
[22:07:01] [YFAdapter-P0] [INFO] [YF-P0] Decided: action_index=0, action=['PASS', 'PASS', 'PASS']
[22:07:01] [YFAdapter-P0] [WARNING] [YF-P0] 检测到过于保守: 对手快走完(剩0张), 触发Layer 2/3进行更积极的决策
[22:07:01] [HybridV4-P0] [INFO] ✓ Decision complete: action=1 (score=155.6, layer=DecisionEngine), candidates=5, time=0.016s
[22:07:01] [yf1_v4] [INFO] 0号位打出['Single', '6', ['H6']]， 最大动作为0号位打出的['Single', '6', ['H6']]
[22:07:01] [yf1_v4] [INFO] 2号位打出['Single', '7', ['S7']]， 最大动作为2号位打出的['Single', '7', ['S7']]
[22:07:01] [yf1_v4] [INFO] 3号位打出['Single', 'Q', ['DQ']]， 最大动作为3号位打出的['Single', 'Q', ['DQ']]
[22:07:01] [YFAdapter-P0] [INFO] [YF-P0] Decision context: myPos=0, curPos=3, greaterPos=3, teammate=2, curAction=[, actionList_size=1
[22:07:01] [YFAdapter-P0] [INFO] [YF-P0] Decided: action_index=0, action=['PASS', 'PASS', 'PASS']
[22:07:01] [HybridV4-P0] [INFO] ✓ Decision complete: action=0 (score=-5.0, layer=YF), candidates=1, time=0.015s
[22:07:01] [yf1_v4] [INFO] 0号位打出['PASS', 'PASS', 'PASS']， 最大动作为3号位打出的['Single', 'Q', ['DQ']]
[22:07:01] [yf1_v4] [INFO] 2号位打出['Single', 'A', ['CA']]， 最大动作为2号位打出的['Single', 'A', ['CA']]
[22:07:01] [yf1_v4] [INFO] 3号位打出['Single', 'B', ['SB']]， 最大动作为3号位打出的['Single', 'B', ['SB']]
[22:07:01] [YFAdapter-P0] [INFO] [YF-P0] Decision context: myPos=0, curPos=3, greaterPos=3, teammate=2, curAction=[, actionList_size=1
[22:07:01] [YFAdapter-P0] [INFO] [YF-P0] Decided: action_index=0, action=['PASS', 'PASS', 'PASS']
[22:07:01] [HybridV4-P0] [INFO] ✓ Decision complete: action=0 (score=-5.0, layer=YF), candidates=1, time=0.016s
[22:07:01] [yf1_v4] [INFO] 0号位打出['PASS', 'PASS', 'PASS']， 最大动作为3号位打出的['Single', 'B', ['SB']]
[22:07:01] [yf1_v4] [INFO] 2号位打出['PASS', 'PASS', 'PASS']， 最大动作为3号位打出的['Single', 'B', ['SB']]
[22:07:01] [yf1_v4] [INFO] 3号位打出['Single', '2', ['S2']]， 最大动作为3号位打出的['Single', '2', ['S2']]
[22:07:01] [YFAdapter-P0] [INFO] [YF-P0] Decision context: myPos=0, curPos=3, greaterPos=3, teammate=2, curAction=[, actionList_size=10
[22:07:01] [YFAdapter-P0] [INFO] [YF-P0] Decided: action_index=0, action=['PASS', 'PASS', 'PASS']
[22:07:01] [YFAdapter-P0] [WARNING] [YF-P0] 检测到过于保守: 对手快走完(剩0张), 触发Layer 2/3进行更积极的决策
[22:07:01] [HybridV4-P0] [INFO] ✓ Decision complete: action=1 (score=155.6, layer=DecisionEngine), candidates=5, time=0.017s
[22:07:01] [yf1_v4] [INFO] 0号位打出['Single', '4', ['H4']]， 最大动作为0号位打出的['Single', '4', ['H4']]
[22:07:01] [yf1_v4] [INFO] 2号位打出['Single', '6', ['C6']]， 最大动作为2号位打出的['Single', '6', ['C6']]
[22:07:01] [yf1_v4] [INFO] 3号位打出['PASS', 'PASS', 'PASS']， 最大动作为2号位打出的['Single', '6', ['C6']]
[22:07:01] [YFAdapter-P0] [INFO] [YF-P0] Decision context: myPos=0, curPos=3, greaterPos=2, teammate=2, curAction=[, actionList_size=8
[22:07:01] [YFAdapter-P0] [INFO] [YF-P0] Decided: action_index=0, action=['PASS', 'PASS', 'PASS']
[22:07:01] [YFAdapter-P0] [WARNING] [YF-P0] 检测到过于保守: 对手快走完(剩0张), 触发Layer 2/3进行更积极的决策
[22:07:01] [HybridV4-P0] [INFO] ✓ Decision complete: action=1 (score=125.6, layer=DecisionEngine), candidates=5, time=0.018s
[22:07:01] [yf1_v4] [INFO] 0号位打出['Single', '7', ['H7']]， 最大动作为0号位打出的['Single', '7', ['H7']]
[22:07:01] [yf1_v4] [INFO] 2号位打出['Single', '8', ['H8']]， 最大动作为2号位打出的['Single', '8', ['H8']]
[22:07:01] [yf1_v4] [INFO] 3号位打出['PASS', 'PASS', 'PASS']， 最大动作为2号位打出的['Single', '8', ['H8']]
[22:07:01] [YFAdapter-P0] [INFO] [YF-P0] Decision context: myPos=0, curPos=3, greaterPos=2, teammate=2, curAction=[, actionList_size=4
[22:07:01] [YFAdapter-P0] [INFO] [YF-P0] Decided: action_index=0, action=['PASS', 'PASS', 'PASS']
[22:07:01] [YFAdapter-P0] [WARNING] [YF-P0] 检测到过于保守: 对手快走完(剩0张), 触发Layer 2/3进行更积极的决策
[22:07:01] [HybridV4-P0] [INFO] ✓ Decision complete: action=1 (score=125.6, layer=DecisionEngine), candidates=4, time=0.003s
[22:07:01] [yf1_v4] [INFO] 0号位打出['Single', '9', ['S9']]， 最大动作为0号位打出的['Single', '9', ['S9']]
[22:07:01] [yf1_v4] [INFO] 2号位打出['Single', 'T', ['ST']]， 最大动作为2号位打出的['Single', 'T', ['ST']]
[22:07:01] [yf1_v4] [INFO] 3号位打出['PASS', 'PASS', 'PASS']， 最大动作为2号位打出的['Single', 'T', ['ST']]
[22:07:01] [YFAdapter-P0] [INFO] [YF-P0] Decision context: myPos=0, curPos=3, greaterPos=2, teammate=2, curAction=[, actionList_size=2
[22:07:01] [YFAdapter-P0] [INFO] [YF-P0] Decided: action_index=0, action=['PASS', 'PASS', 'PASS']
[22:07:01] [YFAdapter-P0] [WARNING] [YF-P0] 检测到过于保守: 对手快走完(剩0张), 触发Layer 2/3进行更积极的决策
[22:07:01] [HybridV4-P0] [INFO] ✓ Decision complete: action=1 (score=125.6, layer=DecisionEngine), candidates=2, time=0.018s
[22:07:01] [yf1_v4] [INFO] 0号位打出['Single', 'Q', ['HQ']]， 最大动作为0号位打出的['Single', 'Q', ['HQ']]
[22:07:01] [yf1_v4] [INFO] 2号位打出['PASS', 'PASS', 'PASS']， 最大动作为0号位打出的['Single', 'Q', ['HQ']]
[22:07:01] [yf1_v4] [INFO] 3号位打出['PASS', 'PASS', 'PASS']， 最大动作为0号位打出的['Single', 'Q', ['HQ']]
[22:07:01] [YFAdapter-P0] [INFO] [YF-P0] Decision context: myPos=0, curPos=-1, greaterPos=-1, teammate=2, curAction=[, actionList_size=12
[22:07:01] [YFAdapter-P0] [INFO] [YF-P0] Decided: action_index=11, action=['ThreeWithTwo', '8', [['S', '8'], ['H', '8'], ['D', '8'], ['D', '4'], ['D', '4']]]
[22:07:01] [HybridV4-P0] [INFO] ✓ Decision complete: action=11 (score=235.0, layer=YF), candidates=8, time=0.003s
[22:07:01] [yf1_v4] [INFO] 0号位打出['ThreeWithTwo', '8', ['S8', 'H8', 'D8', 'D4', 'D4']]， 最大动作为0号位打出的['ThreeWithTwo', '8', ['S8', 'H8', 'D8', 'D4', 'D4']]
[22:07:01] [yf1_v4] [INFO] 2号位打出['PASS', 'PASS', 'PASS']， 最大动作为0号位打出的['ThreeWithTwo', '8', ['S8', 'H8', 'D8', 'D4', 'D4']]
[22:07:01] [yf1_v4] [INFO] 3号位打出['PASS', 'PASS', 'PASS']， 最大动作为0号位打出的['ThreeWithTwo', '8', ['S8', 'H8', 'D8', 'D4', 'D4']]
[22:07:01] [YFAdapter-P0] [INFO] [YF-P0] Decision context: myPos=0, curPos=-1, greaterPos=-1, teammate=2, curAction=[, actionList_size=2
[22:07:01] [YFAdapter-P0] [INFO] [YF-P0] Decided: action_index=0, action=['Single', 'T', [['H', 'T']]]
[22:07:01] [YFAdapter-P0] [WARNING] [YF-P0] 检测到过于保守: 对手快走完(剩0张), 触发Layer 2/3进行更积极的决策
[22:07:01] [HybridV4-P0] [INFO] ✓ Decision complete: action=0 (score=100.6, layer=DecisionEngine), candidates=2, time=0.019s
[22:07:01] [yf1_v4] [INFO] 0号位打出['Single', 'T', ['HT']]， 最大动作为0号位打出的['Single', 'T', ['HT']]
[22:07:01] [yf1_v4] [INFO] 2号位打出['PASS', 'PASS', 'PASS']， 最大动作为0号位打出的['Single', 'T', ['HT']]
[22:07:01] [yf1_v4] [INFO] 3号位打出['Single', 'J', ['SJ']]， 最大动作为3号位打出的['Single', 'J', ['SJ']]
[22:07:01] [YFAdapter-P0] [INFO] [YF-P0] Decision context: myPos=0, curPos=3, greaterPos=3, teammate=2, curAction=[, actionList_size=2
[22:07:01] [YFAdapter-P0] [INFO] [YF-P0] Decided: action_index=0, action=['PASS', 'PASS', 'PASS']
[22:07:01] [YFAdapter-P0] [WARNING] [YF-P0] 检测到过于保守: 对手快走完(剩0张), 触发Layer 2/3进行更积极的决策
[22:07:01] [HybridV4-P0] [INFO] ✓ Decision complete: action=1 (score=155.6, layer=DecisionEngine), candidates=2, time=0.022s
[22:07:01] [yf1_v4] [INFO] 0号位打出['Single', 'Q', ['HQ']]， 最大动作为0号位打出的['Single', 'Q', ['HQ']]
[22:07:01] [yf1_v4] [INFO] 2号位打出['PASS', 'PASS', 'PASS']， 最大动作为0号位打出的['Single', 'Q', ['HQ']]
[22:07:01] [yf1_v4] [INFO] 2号位打出['Pair', '7', ['H7', 'D7']]， 最大动作为2号位打出的['Pair', '7', ['H7', 'D7']]
[22:07:01] [yf1_v4] [INFO] 3号位打出['Pair', '9', ['S9', 'H9']]， 最大动作为3号位打出的['Pair', '9', ['S9', 'H9']]
[22:07:01] [yf1_v4] [INFO] 2号位打出['PASS', 'PASS', 'PASS']， 最大动作为3号位打出的['Pair', '9', ['S9', 'H9']]
[22:07:01] [yf1_v4] [INFO] 3号位打出['Single', '2', ['H2']]， 最大动作为3号位打出的['Single', '2', ['H2']]
[22:07:01] [yf1_v4] [INFO] 2号位打出['Single', '3', ['H3']]， 最大动作为2号位打出的['Single', '3', ['H3']]
[22:07:01] [yf1_v4] [INFO] 3号位打出['Single', 'J', ['CJ']]， 最大动作为3号位打出的['Single', 'J', ['CJ']]
[22:07:01] [yf1_v4] [INFO] 2号位打出['PASS', 'PASS', 'PASS']， 最大动作为3号位打出的['Single', 'J', ['CJ']]
[22:07:01] [yf1_v4] [INFO] 3号位打出['Single', '2', ['D2']]， 最大动作为3号位打出的['Single', '2', ['D2']]
[22:07:01] [yf1_v4] [INFO] 2号位打出['Single', '6', ['D6']]， 最大动作为2号位打出的['Single', '6', ['D6']]
[22:07:01] [yf1_v4] [INFO] 3号位打出['PASS', 'PASS', 'PASS']， 最大动作为2号位打出的['Single', '6', ['D6']]
[22:07:01] [yf1_v4] [INFO] 2号位打出['Pair', '8', ['C8', 'D8']]， 最大动作为2号位打出的['Pair', '8', ['C8', 'D8']]
[22:07:01] [yf1_v4] [INFO] 3号位打出['PASS', 'PASS', 'PASS']， 最大动作为2号位打出的['Pair', '8', ['C8', 'D8']]
[22:07:01] [yf1_v4] [INFO] 2号位打出['Single', '9', ['D9']]， 最大动作为2号位打出的['Single', '9', ['D9']]
[22:07:01] [yf1_v4] [INFO] 3号位打出['PASS', 'PASS', 'PASS']， 最大动作为2号位打出的['Single', '9', ['D9']]
[22:07:01] [yf1_v4] [INFO] 2号位打出['Single', 'T', ['HT']]， 最大动作为2号位打出的['Single', 'T', ['HT']]
[22:07:01] [yf1_v4] [INFO] 游戏开始, 我是0号位，手牌：['C2', 'D2', 'H3', 'H4', 'H4', 'S5', 'H5', 'C5', 'D5', 'C7', 'D7', 'H8', 'HT', 'HT', 'CT', 'DT', 'DT', 'CQ', 'DQ', 'SK', 'SK', 'CK', 'SA', 'SA', 'CA', 'D6', 'HR']
[22:07:01] [yf1_v4] [INFO] 3号位打出['Single', '7', ['S7']]， 最大动作为3号位打出的['Single', '7', ['S7']]
[22:07:01] [YFAdapter-P0] [INFO] [YF-P0] Decision context: myPos=0, curPos=3, greaterPos=3, teammate=2, curAction=[, actionList_size=18
[22:07:01] [YFAdapter-P0] [INFO] [YF-P0] Decided: action_index=0, action=['PASS', 'PASS', 'PASS']
[22:07:01] [HybridV4-P0] [INFO] ✓ Decision complete: action=9 (score=142.5, layer=YF), candidates=8, time=0.011s
[22:07:01] [yf1_v4] [INFO] 0号位打出['Single', 'A', ['SA']]， 最大动作为0号位打出的['Single', 'A', ['SA']]
[22:07:01] [yf1_v4] [INFO] 1号位打出['Single', '6', ['H6']]， 最大动作为1号位打出的['Single', '6', ['H6']]
[22:07:01] [yf1_v4] [INFO] 2号位打出['Single', 'B', ['SB']]， 最大动作为2号位打出的['Single', 'B', ['SB']]
[22:07:01] [yf1_v4] [INFO] 3号位打出['PASS', 'PASS', 'PASS']， 最大动作为2号位打出的['Single', 'B', ['SB']]
[22:07:01] [YFAdapter-P0] [INFO] [YF-P0] Decision context: myPos=0, curPos=3, greaterPos=2, teammate=2, curAction=[, actionList_size=7
[22:07:01] [YFAdapter-P0] [INFO] [YF-P0] Decided: action_index=0, action=['PASS', 'PASS', 'PASS']
[22:07:01] [HybridV4-P0] [INFO] ✓ Decision complete: action=1 (score=112.5, layer=YF), candidates=7, time=0.005s
[22:07:01] [yf1_v4] [INFO] 0号位打出['Single', 'R', ['HR']]， 最大动作为0号位打出的['Single', 'R', ['HR']]
[22:07:01] [yf1_v4] [INFO] 1号位打出['PASS', 'PASS', 'PASS']， 最大动作为0号位打出的['Single', 'R', ['HR']]
[22:07:01] [yf1_v4] [INFO] 2号位打出['Bomb', '8', ['H8', 'C8', 'C8', 'D8']]， 最大动作为2号位打出的['Bomb', '8', ['H8', 'C8', 'C8', 'D8']]
[22:07:01] [yf1_v4] [INFO] 3号位打出['PASS', 'PASS', 'PASS']， 最大动作为2号位打出的['Bomb', '8', ['H8', 'C8', 'C8', 'D8']]
[22:07:01] [YFAdapter-P0] [INFO] [YF-P0] Decision context: myPos=0, curPos=3, greaterPos=2, teammate=2, curAction=[, actionList_size=5
[22:07:01] [YFAdapter-P0] [INFO] [YF-P0] Decided: action_index=0, action=['PASS', 'PASS', 'PASS']
[22:07:01] [HybridV4-P0] [INFO] ✓ Decision complete: action=1 (score=105.5, layer=YF), candidates=5, time=0.015s
[22:07:01] [yf1_v4] [INFO] 0号位打出['Bomb', 'T', ['HT', 'HT', 'CT', 'DT']]， 最大动作为0号位打出的['Bomb', 'T', ['HT', 'HT', 'CT', 'DT']]
[22:07:01] [yf1_v4] [INFO] 1号位打出['PASS', 'PASS', 'PASS']， 最大动作为0号位打出的['Bomb', 'T', ['HT', 'HT', 'CT', 'DT']]
[22:07:01] [yf1_v4] [INFO] 2号位打出['PASS', 'PASS', 'PASS']， 最大动作为0号位打出的['Bomb', 'T', ['HT', 'HT', 'CT', 'DT']]
[22:07:01] [yf1_v4] [INFO] 3号位打出['PASS', 'PASS', 'PASS']， 最大动作为0号位打出的['Bomb', 'T', ['HT', 'HT', 'CT', 'DT']]
[22:07:01] [YFAdapter-P0] [INFO] [YF-P0] Decision context: myPos=0, curPos=-1, greaterPos=-1, teammate=2, curAction=[, actionList_size=119
[22:07:01] [YFAdapter-P0] [INFO] [YF-P0] Decided: action_index=2, action=['Single', '3', [['H', '3']]]
[22:07:01] [HybridV4-P0] [INFO] ✓ Decision complete: action=2 (score=110.0, layer=YF), candidates=8, time=0.007s
[22:07:01] [yf1_v4] [INFO] 0号位打出['Single', '3', ['H3']]， 最大动作为0号位打出的['Single', '3', ['H3']]
[22:07:01] [yf1_v4] [INFO] 1号位打出['Single', 'A', ['HA']]， 最大动作为1号位打出的['Single', 'A', ['HA']]
[22:07:01] [yf1_v4] [INFO] 2号位打出['Single', '6', ['C6']]， 最大动作为2号位打出的['Single', '6', ['C6']]
[22:07:01] [yf1_v4] [INFO] 3号位打出['Single', 'B', ['SB']]， 最大动作为3号位打出的['Single', 'B', ['SB']]
[22:07:01] [YFAdapter-P0] [INFO] [YF-P0] Decision context: myPos=0, curPos=3, greaterPos=3, teammate=2, curAction=[, actionList_size=2
[22:07:01] [YFAdapter-P0] [INFO] [YF-P0] Decided: action_index=0, action=['PASS', 'PASS', 'PASS']
[22:07:01] [HybridV4-P0] [INFO] ✓ Decision complete: action=1 (score=132.0, layer=YF), candidates=2, time=0.005s
[22:07:01] [yf1_v4] [INFO] 0号位打出['Bomb', '5', ['S5', 'H5', 'C5', 'D5']]， 最大动作为0号位打出的['Bomb', '5', ['S5', 'H5', 'C5', 'D5']]
[22:07:01] [yf1_v4] [INFO] 1号位打出['Bomb', '9', ['H9', 'C9', 'C9', 'H6']]， 最大动作为1号位打出的['Bomb', '9', ['H9', 'C9', 'C9', 'H6']]
[22:07:01] [yf1_v4] [INFO] 2号位打出['PASS', 'PASS', 'PASS']， 最大动作为1号位打出的['Bomb', '9', ['H9', 'C9', 'C9', 'H6']]
[22:07:01] [yf1_v4] [INFO] 3号位打出['PASS', 'PASS', 'PASS']， 最大动作为1号位打出的['Bomb', '9', ['H9', 'C9', 'C9', 'H6']]
[22:07:02] [YFAdapter-P0] [INFO] [YF-P0] Decision context: myPos=0, curPos=3, greaterPos=1, teammate=2, curAction=[, actionList_size=1
[22:07:02] [YFAdapter-P0] [INFO] [YF-P0] Decided: action_index=0, action=['PASS', 'PASS', 'PASS']
[22:07:02] [HybridV4-P0] [INFO] ✓ Decision complete: action=0 (score=95.0, layer=YF), candidates=1, time=0.017s
[22:07:02] [yf1_v4] [INFO] 0号位打出['PASS', 'PASS', 'PASS']， 最大动作为1号位打出的['Bomb', '9', ['H9', 'C9', 'C9', 'H6']]
[22:07:02] [yf1_v4] [INFO] 1号位打出['ThreeWithTwo', '3', ['S3', 'S3', 'D3', 'D4', 'D4']]， 最大动作为1号位打出的['ThreeWithTwo', '3', ['S3', 'S3', 'D3', 'D4', 'D4']]
[22:07:02] [yf1_v4] [INFO] 2号位打出['PASS', 'PASS', 'PASS']， 最大动作为1号位打出的['ThreeWithTwo', '3', ['S3', 'S3', 'D3', 'D4', 'D4']]
[22:07:02] [yf1_v4] [INFO] 3号位打出['ThreeWithTwo', '8', ['S8', 'S8', 'D8', 'C3', 'D3']]， 最大动作为3号位打出的['ThreeWithTwo', '8', ['S8', 'S8', 'D8', 'C3', 'D3']]
[22:07:02] [YFAdapter-P0] [INFO] [YF-P0] Decision context: myPos=0, curPos=3, greaterPos=3, teammate=2, curAction=[, actionList_size=6
[22:07:02] [YFAdapter-P0] [INFO] [YF-P0] Decided: action_index=0, action=['PASS', 'PASS', 'PASS']
[22:07:02] [HybridV4-P0] [INFO] ✓ Decision complete: action=1 (score=139.0, layer=YF), candidates=6, time=0.010s
[22:07:02] [yf1_v4] [INFO] 0号位打出['ThreeWithTwo', 'K', ['SK', 'SK', 'CK', 'C2', 'D2']]， 最大动作为0号位打出的['ThreeWithTwo', 'K', ['SK', 'SK', 'CK', 'C2', 'D2']]
[22:07:02] [yf1_v4] [INFO] 1号位打出['Bomb', 'J', ['SJ', 'HJ', 'CJ', 'CJ']]， 最大动作为1号位打出的['Bomb', 'J', ['SJ', 'HJ', 'CJ', 'CJ']]
[22:07:02] [yf1_v4] [INFO] 2号位打出['PASS', 'PASS', 'PASS']， 最大动作为1号位打出的['Bomb', 'J', ['SJ', 'HJ', 'CJ', 'CJ']]
[22:07:02] [yf1_v4] [INFO] 3号位打出['PASS', 'PASS', 'PASS']， 最大动作为1号位打出的['Bomb', 'J', ['SJ', 'HJ', 'CJ', 'CJ']]
[22:07:02] [YFAdapter-P0] [INFO] [YF-P0] Decision context: myPos=0, curPos=3, greaterPos=1, teammate=2, curAction=[, actionList_size=1
[22:07:02] [YFAdapter-P0] [INFO] [YF-P0] Decided: action_index=0, action=['PASS', 'PASS', 'PASS']
[22:07:02] [HybridV4-P0] [INFO] ✓ Decision complete: action=0 (score=95.0, layer=YF), candidates=1, time=0.005s
[22:07:02] [yf1_v4] [INFO] 0号位打出['PASS', 'PASS', 'PASS']， 最大动作为1号位打出的['Bomb', 'J', ['SJ', 'HJ', 'CJ', 'CJ']]
[22:07:02] [yf1_v4] [INFO] 1号位打出['ThreeWithTwo', '7', ['H7', 'C7', 'D7', 'H5', 'D5']]， 最大动作为1号位打出的['ThreeWithTwo', '7', ['H7', 'C7', 'D7', 'H5', 'D5']]
[22:07:02] [yf1_v4] [INFO] 2号位打出['PASS', 'PASS', 'PASS']， 最大动作为1号位打出的['ThreeWithTwo', '7', ['H7', 'C7', 'D7', 'H5', 'D5']]
[22:07:02] [yf1_v4] [INFO] 3号位打出['ThreeWithTwo', '6', ['S6', 'S6', 'C6', 'S4', 'C4']]， 最大动作为3号位打出的['ThreeWithTwo', '6', ['S6', 'S6', 'C6', 'S4', 'C4']]
[22:07:02] [YFAdapter-P0] [INFO] [YF-P0] Decision context: myPos=0, curPos=3, greaterPos=3, teammate=2, curAction=[, actionList_size=1
[22:07:02] [YFAdapter-P0] [INFO] [YF-P0] Decided: action_index=0, action=['PASS', 'PASS', 'PASS']
[22:07:02] [HybridV4-P0] [INFO] ✓ Decision complete: action=0 (score=75.0, layer=YF), candidates=1, time=0.004s
[22:07:02] [yf1_v4] [INFO] 0号位打出['PASS', 'PASS', 'PASS']， 最大动作为3号位打出的['ThreeWithTwo', '6', ['S6', 'S6', 'C6', 'S4', 'C4']]
[22:07:02] [yf1_v4] [INFO] 1号位打出['PASS', 'PASS', 'PASS']， 最大动作为3号位打出的['ThreeWithTwo', '6', ['S6', 'S6', 'C6', 'S4', 'C4']]
[22:07:02] [yf1_v4] [INFO] 2号位打出['PASS', 'PASS', 'PASS']， 最大动作为3号位打出的['ThreeWithTwo', '6', ['S6', 'S6', 'C6', 'S4', 'C4']]
[22:07:02] [yf1_v4] [INFO] 3号位打出['Pair', '9', ['S9', 'H9']]， 最大动作为3号位打出的['Pair', '9', ['S9', 'H9']]
[22:07:02] [YFAdapter-P0] [INFO] [YF-P0] Decision context: myPos=0, curPos=3, greaterPos=3, teammate=2, curAction=[, actionList_size=3
[22:07:02] [YFAdapter-P0] [INFO] [YF-P0] Decided: action_index=0, action=['PASS', 'PASS', 'PASS']
[22:07:02] [HybridV4-P0] [INFO] ✓ Decision complete: action=2 (score=189.5, layer=YF), candidates=3, time=0.017s
[22:07:02] [yf1_v4] [INFO] 0号位打出['Pair', 'A', ['SA', 'CA']]， 最大动作为0号位打出的['Pair', 'A', ['SA', 'CA']]
[22:07:02] [yf1_v4] [INFO] 1号位打出['PASS', 'PASS', 'PASS']， 最大动作为0号位打出的['Pair', 'A', ['SA', 'CA']]
[22:07:02] [yf1_v4] [INFO] 2号位打出['PASS', 'PASS', 'PASS']， 最大动作为0号位打出的['Pair', 'A', ['SA', 'CA']]
[22:07:02] [yf1_v4] [INFO] 3号位打出['Bomb', '2', ['S2', 'S2', 'H2', 'C2', 'D2']]， 最大动作为3号位打出的['Bomb', '2', ['S2', 'S2', 'H2', 'C2', 'D2']]
[22:07:02] [YFAdapter-P0] [INFO] [YF-P0] Decision context: myPos=0, curPos=3, greaterPos=3, teammate=2, curAction=[, actionList_size=1
[22:07:02] [YFAdapter-P0] [INFO] [YF-P0] Decided: action_index=0, action=['PASS', 'PASS', 'PASS']
[22:07:02] [HybridV4-P0] [INFO] ✓ Decision complete: action=0 (score=75.0, layer=YF), candidates=1, time=0.002s
[22:07:02] [yf1_v4] [INFO] 0号位打出['PASS', 'PASS', 'PASS']， 最大动作为3号位打出的['Bomb', '2', ['S2', 'S2', 'H2', 'C2', 'D2']]
[22:07:02] [yf1_v4] [INFO] 1号位打出['PASS', 'PASS', 'PASS']， 最大动作为3号位打出的['Bomb', '2', ['S2', 'S2', 'H2', 'C2', 'D2']]
[22:07:02] [yf1_v4] [INFO] 2号位打出['PASS', 'PASS', 'PASS']， 最大动作为3号位打出的['Bomb', '2', ['S2', 'S2', 'H2', 'C2', 'D2']]
[22:07:02] [yf1_v4] [INFO] 3号位打出['Single', 'T', ['ST']]， 最大动作为3号位打出的['Single', 'T', ['ST']]
[22:07:02] [YFAdapter-P0] [INFO] [YF-P0] Decision context: myPos=0, curPos=3, greaterPos=3, teammate=2, curAction=[, actionList_size=4
[22:07:02] [YFAdapter-P0] [INFO] [YF-P0] Decided: action_index=0, action=['PASS', 'PASS', 'PASS']
[22:07:02] [HybridV4-P0] [INFO] ✓ Decision complete: action=1 (score=186.0, layer=YF), candidates=4, time=0.004s
[22:07:02] [yf1_v4] [INFO] 0号位打出['Single', 'Q', ['CQ']]， 最大动作为0号位打出的['Single', 'Q', ['CQ']]
[22:07:02] [yf1_v4] [INFO] 1号位打出['Single', '6', ['D6']]， 最大动作为1号位打出的['Single', '6', ['D6']]
[22:07:02] [yf1_v4] [INFO] 2号位打出['PASS', 'PASS', 'PASS']， 最大动作为1号位打出的['Single', '6', ['D6']]
[22:07:02] [yf1_v4] [INFO] 3号位打出['PASS', 'PASS', 'PASS']， 最大动作为1号位打出的['Single', '6', ['D6']]
[22:07:02] [YFAdapter-P0] [INFO] [YF-P0] Decision context: myPos=0, curPos=3, greaterPos=1, teammate=2, curAction=[, actionList_size=1
[22:07:02] [YFAdapter-P0] [INFO] [YF-P0] Decided: action_index=0, action=['PASS', 'PASS', 'PASS']
[22:07:02] [HybridV4-P0] [INFO] ✓ Decision complete: action=0 (score=75.0, layer=YF), candidates=1, time=0.004s
[22:07:02] [yf1_v4] [INFO] 0号位打出['PASS', 'PASS', 'PASS']， 最大动作为1号位打出的['Single', '6', ['D6']]
[22:07:02] [yf1_v4] [INFO] 1号位打出['Single', '9', ['D9']]， 最大动作为1号位打出的['Single', '9', ['D9']]
[22:07:02] [yf1_v4] [INFO] 2号位打出['Single', 'T', ['ST']]， 最大动作为2号位打出的['Single', 'T', ['ST']]
[22:07:02] [yf1_v4] [INFO] 3号位打出['Single', 'K', ['CK']]， 最大动作为3号位打出的['Single', 'K', ['CK']]
[22:07:02] [YFAdapter-P0] [INFO] [YF-P0] Decision context: myPos=0, curPos=3, greaterPos=3, teammate=2, curAction=[, actionList_size=2
[22:07:02] [YFAdapter-P0] [INFO] [YF-P0] Decided: action_index=0, action=['PASS', 'PASS', 'PASS']
[22:07:02] [YFAdapter-P0] [WARNING] [YF-P0] 检测到过于保守: 对手快走完(剩5张), 触发Layer 2/3进行更积极的决策
[22:07:02] [HybridV4-P0] [INFO] ✓ Decision complete: action=1 (score=115.6, layer=DecisionEngine), candidates=2, time=0.006s
[22:07:02] [yf1_v4] [INFO] 0号位打出['Single', '6', ['D6']]， 最大动作为0号位打出的['Single', '6', ['D6']]
[22:07:02] [yf1_v4] [INFO] 1号位打出['Single', 'R', ['HR']]， 最大动作为1号位打出的['Single', 'R', ['HR']]
[22:07:02] [yf1_v4] [INFO] 2号位打出['PASS', 'PASS', 'PASS']， 最大动作为1号位打出的['Single', 'R', ['HR']]
[22:07:02] [yf1_v4] [INFO] 3号位打出['PASS', 'PASS', 'PASS']， 最大动作为1号位打出的['Single', 'R', ['HR']]
[22:07:02] [YFAdapter-P0] [INFO] [YF-P0] Decision context: myPos=0, curPos=3, greaterPos=1, teammate=2, curAction=[, actionList_size=1
[22:07:02] [YFAdapter-P0] [INFO] [YF-P0] Decided: action_index=0, action=['PASS', 'PASS', 'PASS']
[22:07:02] [HybridV4-P0] [INFO] ✓ Decision complete: action=0 (score=125.0, layer=YF), candidates=1, time=0.009s
[22:07:02] [yf1_v4] [INFO] 0号位打出['PASS', 'PASS', 'PASS']， 最大动作为1号位打出的['Single', 'R', ['HR']]
[22:07:02] [yf1_v4] [INFO] 1号位打出['Pair', 'Q', ['HQ', 'DQ']]， 最大动作为1号位打出的['Pair', 'Q', ['HQ', 'DQ']]
[22:07:02] [yf1_v4] [INFO] 2号位打出['Pair', 'K', ['HK', 'HK']]， 最大动作为2号位打出的['Pair', 'K', ['HK', 'HK']]
[22:07:02] [yf1_v4] [INFO] 3号位打出['Pair', 'A', ['HA', 'DA']]， 最大动作为3号位打出的['Pair', 'A', ['HA', 'DA']]
[22:07:02] [YFAdapter-P0] [INFO] [YF-P0] Decision context: myPos=0, curPos=3, greaterPos=3, teammate=2, curAction=[, actionList_size=1
[22:07:02] [YFAdapter-P0] [INFO] [YF-P0] Decided: action_index=0, action=['PASS', 'PASS', 'PASS']
[22:07:02] [HybridV4-P0] [INFO] ✓ Decision complete: action=0 (score=-5.0, layer=YF), candidates=1, time=0.012s
[22:07:02] [yf1_v4] [INFO] 0号位打出['PASS', 'PASS', 'PASS']， 最大动作为3号位打出的['Pair', 'A', ['HA', 'DA']]
[22:07:02] [yf1_v4] [INFO] 1号位打出['PASS', 'PASS', 'PASS']， 最大动作为3号位打出的['Pair', 'A', ['HA', 'DA']]
[22:07:02] [yf1_v4] [INFO] 2号位打出['PASS', 'PASS', 'PASS']， 最大动作为3号位打出的['Pair', 'A', ['HA', 'DA']]
[22:07:02] [yf1_v4] [INFO] 3号位打出['Pair', 'J', ['SJ', 'DJ']]， 最大动作为3号位打出的['Pair', 'J', ['SJ', 'DJ']]
[22:07:02] [YFAdapter-P0] [INFO] [YF-P0] Decision context: myPos=0, curPos=3, greaterPos=3, teammate=2, curAction=[, actionList_size=1
[22:07:02] [YFAdapter-P0] [INFO] [YF-P0] Decided: action_index=0, action=['PASS', 'PASS', 'PASS']
[22:07:02] [HybridV4-P0] [INFO] ✓ Decision complete: action=0 (score=-5.0, layer=YF), candidates=1, time=0.005s
[22:07:02] [yf1_v4] [INFO] 0号位打出['PASS', 'PASS', 'PASS']， 最大动作为3号位打出的['Pair', 'J', ['SJ', 'DJ']]
[22:07:02] [yf1_v4] [INFO] 1号位打出['Pair', 'K', ['DK', 'DK']]， 最大动作为1号位打出的['Pair', 'K', ['DK', 'DK']]
[22:07:02] [yf1_v4] [INFO] 2号位打出['Pair', 'A', ['CA', 'DA']]， 最大动作为2号位打出的['Pair', 'A', ['CA', 'DA']]
[22:07:02] [yf1_v4] [INFO] 3号位打出['PASS', 'PASS', 'PASS']， 最大动作为2号位打出的['Pair', 'A', ['CA', 'DA']]
[22:07:02] [YFAdapter-P0] [INFO] [YF-P0] Decision context: myPos=0, curPos=3, greaterPos=2, teammate=2, curAction=[, actionList_size=1
[22:07:02] [YFAdapter-P0] [INFO] [YF-P0] Decided: action_index=0, action=['PASS', 'PASS', 'PASS']
[22:07:02] [HybridV4-P0] [INFO] ✓ Decision complete: action=0 (score=-5.0, layer=YF), candidates=1, time=0.003s
[22:07:02] [yf1_v4] [INFO] 0号位打出['PASS', 'PASS', 'PASS']， 最大动作为2号位打出的['Pair', 'A', ['CA', 'DA']]
[22:07:02] [yf1_v4] [INFO] 2号位打出['ThreePair', '3', ['H3', 'C3', 'S4', 'C4', 'S5', 'C5']]， 最大动作为2号位打出的['ThreePair', '3', ['H3', 'C3', 'S4', 'C4', 'S5', 'C5']]
[22:07:02] [yf1_v4] [INFO] 3号位打出['PASS', 'PASS', 'PASS']， 最大动作为2号位打出的['ThreePair', '3', ['H3', 'C3', 'S4', 'C4', 'S5', 'C5']]
[22:07:02] [YFAdapter-P0] [INFO] [YF-P0] Decision context: myPos=0, curPos=3, greaterPos=2, teammate=2, curAction=[, actionList_size=1
[22:07:02] [YFAdapter-P0] [INFO] [YF-P0] Decided: action_index=0, action=['PASS', 'PASS', 'PASS']
[22:07:02] [HybridV4-P0] [INFO] ✓ Decision complete: action=0 (score=-5.0, layer=YF), candidates=1, time=0.003s
[22:07:02] [yf1_v4] [INFO] 0号位打出['PASS', 'PASS', 'PASS']， 最大动作为2号位打出的['ThreePair', '3', ['H3', 'C3', 'S4', 'C4', 'S5', 'C5']]
[22:07:02] [yf1_v4] [INFO] 2号位打出['Pair', '7', ['S7', 'H7']]， 最大动作为2号位打出的['Pair', '7', ['S7', 'H7']]
[22:07:02] [yf1_v4] [INFO] 3号位打出['Pair', 'Q', ['SQ', 'CQ']]， 最大动作为3号位打出的['Pair', 'Q', ['SQ', 'CQ']]
[22:07:02] [yf1_v4] [INFO] 游戏开始, 我是0号位，手牌：['S2', 'D2', 'C3', 'S4', 'H5', 'C5', 'C5', 'S6', 'H6', 'D6', 'S7', 'S8', 'H8', 'D8', 'CT', 'DT', 'HJ', 'HQ', 'HK', 'CK', 'SA', 'SA', 'HA', 'CA', 'C9', 'SB', 'SB']
[22:07:02] [YFAdapter-P0] [INFO] [YF-P0] Decision context: myPos=0, curPos=-1, greaterPos=-1, teammate=2, curAction=[, actionList_size=1
[22:07:02] [YFAdapter-P0] [INFO] [YF-P0] Decided: action_index=0, action=['tribute', 'tribute', [['S', 'B']]]
[22:07:02] [HybridV4-P0] [INFO] ✓ Decision complete: action=0 (score=110.0, layer=YF), candidates=1, time=0.006s
[22:07:02] [yf1_v4] [INFO] 2号位打出['Single', '5', ['H5']]， 最大动作为2号位打出的['Single', '5', ['H5']]
[22:07:02] [yf1_v4] [INFO] 3号位打出['Single', '9', ['H9']]， 最大动作为3号位打出的['Single', '9', ['H9']]
[22:07:02] [YFAdapter-P0] [INFO] [YF-P0] Decision context: myPos=0, curPos=3, greaterPos=3, teammate=2, curAction=[, actionList_size=4
[22:07:02] [YFAdapter-P0] [INFO] [YF-P0] Decided: action_index=0, action=['PASS', 'PASS', 'PASS']
[22:07:02] [HybridV4-P0] [INFO] ✓ Decision complete: action=1 (score=142.5, layer=YF), candidates=4, time=0.005s
[22:07:02] [yf1_v4] [INFO] 0号位打出['Single', 'B', ['SB']]， 最大动作为0号位打出的['Single', 'B', ['SB']]
[22:07:02] [yf1_v4] [INFO] 1号位打出['Single', 'R', ['HR']]， 最大动作为1号位打出的['Single', 'R', ['HR']]
[22:07:02] [yf1_v4] [INFO] 2号位打出['Bomb', '3', ['S3', 'H3', 'D3', 'D3']]， 最大动作为2号位打出的['Bomb', '3', ['S3', 'H3', 'D3', 'D3']]
[22:07:02] [yf1_v4] [INFO] 3号位打出['PASS', 'PASS', 'PASS']， 最大动作为2号位打出的['Bomb', '3', ['S3', 'H3', 'D3', 'D3']]
[22:07:02] [YFAdapter-P0] [INFO] [YF-P0] Decision context: myPos=0, curPos=3, greaterPos=2, teammate=2, curAction=[, actionList_size=3
[22:07:02] [YFAdapter-P0] [INFO] [YF-P0] Decided: action_index=0, action=['PASS', 'PASS', 'PASS']
[22:07:02] [HybridV4-P0] [INFO] ✓ Decision complete: action=2 (score=112.5, layer=YF), candidates=3, time=0.006s
[22:07:02] [yf1_v4] [INFO] 0号位打出['Bomb', 'A', ['SA', 'SA', 'HA', 'CA']]， 最大动作为0号位打出的['Bomb', 'A', ['SA', 'SA', 'HA', 'CA']]
[22:07:02] [yf1_v4] [INFO] 1号位打出['PASS', 'PASS', 'PASS']， 最大动作为0号位打出的['Bomb', 'A', ['SA', 'SA', 'HA', 'CA']]
[22:07:02] [yf1_v4] [INFO] 2号位打出['PASS', 'PASS', 'PASS']， 最大动作为0号位打出的['Bomb', 'A', ['SA', 'SA', 'HA', 'CA']]
[22:07:02] [yf1_v4] [INFO] 3号位打出['PASS', 'PASS', 'PASS']， 最大动作为0号位打出的['Bomb', 'A', ['SA', 'SA', 'HA', 'CA']]
[22:07:02] [YFAdapter-P0] [INFO] [YF-P0] Decision context: myPos=0, curPos=-1, greaterPos=-1, teammate=2, curAction=[, actionList_size=209
[22:07:02] [YFAdapter-P0] [INFO] [YF-P0] Decided: action_index=2, action=['Single', '3', [['C', '3']]]
[22:07:02] [HybridV4-P0] [INFO] ✓ Decision complete: action=2 (score=110.0, layer=YF), candidates=7, time=0.006s
[22:07:02] [yf1_v4] [INFO] 0号位打出['Single', '3', ['C3']]， 最大动作为0号位打出的['Single', '3', ['C3']]
[22:07:02] [yf1_v4] [INFO] 1号位打出['Single', '7', ['C7']]， 最大动作为1号位打出的['Single', '7', ['C7']]
[22:07:02] [yf1_v4] [INFO] 2号位打出['Single', 'A', ['DA']]， 最大动作为2号位打出的['Single', 'A', ['DA']]
[22:07:02] [yf1_v4] [INFO] 3号位打出['Single', '9', ['H9']]， 最大动作为3号位打出的['Single', '9', ['H9']]
[22:07:02] [YFAdapter-P0] [INFO] [YF-P0] Decision context: myPos=0, curPos=3, greaterPos=3, teammate=2, curAction=[, actionList_size=2
[22:07:02] [YFAdapter-P0] [INFO] [YF-P0] Decided: action_index=0, action=['PASS', 'PASS', 'PASS']
[22:07:02] [HybridV4-P0] [INFO] ✓ Decision complete: action=1 (score=132.0, layer=YF), candidates=2, time=0.004s
[22:07:02] [yf1_v4] [INFO] 0号位打出['Bomb', '6', ['S6', 'H6', 'C6', 'D6']]， 最大动作为0号位打出的['Bomb', '6', ['S6', 'H6', 'C6', 'D6']]
[22:07:02] [yf1_v4] [INFO] 1号位打出['PASS', 'PASS', 'PASS']， 最大动作为0号位打出的['Bomb', '6', ['S6', 'H6', 'C6', 'D6']]
[22:07:02] [yf1_v4] [INFO] 2号位打出['PASS', 'PASS', 'PASS']， 最大动作为0号位打出的['Bomb', '6', ['S6', 'H6', 'C6', 'D6']]
[22:07:02] [yf1_v4] [INFO] 3号位打出['Bomb', '7', ['S7', 'H7', 'D7', 'D7']]， 最大动作为3号位打出的['Bomb', '7', ['S7', 'H7', 'D7', 'D7']]
[22:07:02] [YFAdapter-P0] [INFO] [YF-P0] Decision context: myPos=0, curPos=3, greaterPos=3, teammate=2, curAction=[, actionList_size=1
[22:07:02] [YFAdapter-P0] [INFO] [YF-P0] Decided: action_index=0, action=['PASS', 'PASS', 'PASS']
[22:07:02] [HybridV4-P0] [INFO] ✓ Decision complete: action=0 (score=95.0, layer=YF), candidates=1, time=0.004s
[22:07:02] [yf1_v4] [INFO] 0号位打出['PASS', 'PASS', 'PASS']， 最大动作为3号位打出的['Bomb', '7', ['S7', 'H7', 'D7', 'D7']]
[22:07:02] [yf1_v4] [INFO] 1号位打出['PASS', 'PASS', 'PASS']， 最大动作为3号位打出的['Bomb', '7', ['S7', 'H7', 'D7', 'D7']]
[22:07:02] [yf1_v4] [INFO] 2号位打出['PASS', 'PASS', 'PASS']， 最大动作为3号位打出的['Bomb', '7', ['S7', 'H7', 'D7', 'D7']]
[22:07:02] [yf1_v4] [INFO] 3号位打出['ThreeWithTwo', '4', ['H4', 'C4', 'D4', 'S5', 'D5']]， 最大动作为3号位打出的['ThreeWithTwo', '4', ['H4', 'C4', 'D4', 'S5', 'D5']]
[22:07:02] [YFAdapter-P0] [INFO] [YF-P0] Decision context: myPos=0, curPos=3, greaterPos=3, teammate=2, curAction=[, actionList_size=12
[22:07:02] [YFAdapter-P0] [INFO] [YF-P0] Decided: action_index=0, action=['PASS', 'PASS', 'PASS']
[22:07:02] [HybridV4-P0] [INFO] ✓ Decision complete: action=7 (score=135.5, layer=YF), candidates=8, time=0.010s
[22:07:02] [yf1_v4] [INFO] 0号位打出['ThreeWithTwo', '8', ['S8', 'H8', 'D8', 'S2', 'D2']]， 最大动作为0号位打出的['ThreeWithTwo', '8', ['S8', 'H8', 'D8', 'S2', 'D2']]
[22:07:02] [yf1_v4] [INFO] 1号位打出['ThreeWithTwo', 'T', ['ST', 'HT', 'DT', 'S4', 'C4']]， 最大动作为1号位打出的['ThreeWithTwo', 'T', ['ST', 'HT', 'DT', 'S4', 'C4']]
[22:07:02] [yf1_v4] [INFO] 2号位打出['ThreeWithTwo', 'Q', ['SQ', 'DQ', 'DQ', 'S2', 'C2']]， 最大动作为2号位打出的['ThreeWithTwo', 'Q', ['SQ', 'DQ', 'DQ', 'S2', 'C2']]
[22:07:02] [yf1_v4] [INFO] 3号位打出['PASS', 'PASS', 'PASS']， 最大动作为2号位打出的['ThreeWithTwo', 'Q', ['SQ', 'DQ', 'DQ', 'S2', 'C2']]
[22:07:02] [YFAdapter-P0] [INFO] [YF-P0] Decision context: myPos=0, curPos=3, greaterPos=2, teammate=2, curAction=[, actionList_size=1
[22:07:02] [YFAdapter-P0] [INFO] [YF-P0] Decided: action_index=0, action=['PASS', 'PASS', 'PASS']
[22:07:02] [HybridV4-P0] [INFO] ✓ Decision complete: action=0 (score=95.0, layer=YF), candidates=1, time=0.004s
[22:07:02] [yf1_v4] [INFO] 0号位打出['PASS', 'PASS', 'PASS']， 最大动作为2号位打出的['ThreeWithTwo', 'Q', ['SQ', 'DQ', 'DQ', 'S2', 'C2']]
[22:07:02] [yf1_v4] [INFO] 1号位打出['ThreeWithTwo', 'K', ['HK', 'CK', 'DK', 'S5', 'D5']]， 最大动作为1号位打出的['ThreeWithTwo', 'K', ['HK', 'CK', 'DK', 'S5', 'D5']]
[22:07:02] [yf1_v4] [INFO] 2号位打出['ThreeWithTwo', '9', ['S9', 'D9', 'D9', 'H4', 'D4']]， 最大动作为2号位打出的['ThreeWithTwo', '9', ['S9', 'D9', 'D9', 'H4', 'D4']]
[22:07:02] [yf1_v4] [INFO] 3号位打出['Bomb', '2', ['H2', 'H2', 'C2', 'D2']]， 最大动作为3号位打出的['Bomb', '2', ['H2', 'H2', 'C2', 'D2']]
[22:07:02] [YFAdapter-P0] [INFO] [YF-P0] Decision context: myPos=0, curPos=3, greaterPos=3, teammate=2, curAction=[, actionList_size=1
[22:07:02] [YFAdapter-P0] [INFO] [YF-P0] Decided: action_index=0, action=['PASS', 'PASS', 'PASS']
[22:07:02] [HybridV4-P0] [INFO] ✓ Decision complete: action=0 (score=95.0, layer=YF), candidates=1, time=0.015s
[22:07:02] [yf1_v4] [INFO] 0号位打出['PASS', 'PASS', 'PASS']， 最大动作为3号位打出的['Bomb', '2', ['H2', 'H2', 'C2', 'D2']]
[22:07:02] [yf1_v4] [INFO] 1号位打出['PASS', 'PASS', 'PASS']， 最大动作为3号位打出的['Bomb', '2', ['H2', 'H2', 'C2', 'D2']]
[22:07:02] [yf1_v4] [INFO] 2号位打出['Bomb', '6', ['S6', 'H6', 'C6', 'D6']]， 最大动作为2号位打出的['Bomb', '6', ['S6', 'H6', 'C6', 'D6']]
[22:07:02] [yf1_v4] [INFO] 3号位打出['PASS', 'PASS', 'PASS']， 最大动作为2号位打出的['Bomb', '6', ['S6', 'H6', 'C6', 'D6']]
[22:07:02] [YFAdapter-P0] [INFO] [YF-P0] Decision context: myPos=0, curPos=3, greaterPos=2, teammate=2, curAction=[, actionList_size=1
[22:07:02] [YFAdapter-P0] [INFO] [YF-P0] Decided: action_index=0, action=['PASS', 'PASS', 'PASS']
[22:07:02] [HybridV4-P0] [INFO] ✓ Decision complete: action=0 (score=95.0, layer=YF), candidates=1, time=0.003s
[22:07:02] [yf1_v4] [INFO] 0号位打出['PASS', 'PASS', 'PASS']， 最大动作为2号位打出的['Bomb', '6', ['S6', 'H6', 'C6', 'D6']]
[22:07:03] [yf1_v4] [INFO] 1号位打出['PASS', 'PASS', 'PASS']， 最大动作为2号位打出的['Bomb', '6', ['S6', 'H6', 'C6', 'D6']]
[22:07:03] [yf1_v4] [INFO] 2号位打出['ThreeWithTwo', 'K', ['SK', 'SK', 'DK', 'H7', 'C7']]， 最大动作为2号位打出的['ThreeWithTwo', 'K', ['SK', 'SK', 'DK', 'H7', 'C7']]
[22:07:03] [yf1_v4] [INFO] 3号位打出['PASS', 'PASS', 'PASS']， 最大动作为2号位打出的['ThreeWithTwo', 'K', ['SK', 'SK', 'DK', 'H7', 'C7']]
[22:07:03] [HybridV4-P0] [INFO] [Critical Rule] Teammate protection: teammate has 2 cards, PASS
[22:07:03] [HybridV4-P0] [INFO] ✓ Critical Rule triggered: action=0, time=0.001s
[22:07:03] [yf1_v4] [INFO] 0号位打出['PASS', 'PASS', 'PASS']， 最大动作为2号位打出的['ThreeWithTwo', 'K', ['SK', 'SK', 'DK', 'H7', 'C7']]
[22:07:03] [yf1_v4] [INFO] 1号位打出['ThreeWithTwo', 'A', ['HA', 'CA', 'DA', 'S8', 'C8']]， 最大动作为1号位打出的['ThreeWithTwo', 'A', ['HA', 'CA', 'DA', 'S8', 'C8']]
[22:07:03] [yf1_v4] [INFO] 2号位打出['PASS', 'PASS', 'PASS']， 最大动作为1号位打出的['ThreeWithTwo', 'A', ['HA', 'CA', 'DA', 'S8', 'C8']]
[22:07:03] [yf1_v4] [INFO] 3号位打出['PASS', 'PASS', 'PASS']， 最大动作为1号位打出的['ThreeWithTwo', 'A', ['HA', 'CA', 'DA', 'S8', 'C8']]
[22:07:03] [YFAdapter-P0] [INFO] [YF-P0] Decision context: myPos=0, curPos=3, greaterPos=1, teammate=2, curAction=[, actionList_size=1
[22:07:03] [YFAdapter-P0] [INFO] [YF-P0] Decided: action_index=0, action=['PASS', 'PASS', 'PASS']
[22:07:03] [HybridV4-P0] [INFO] ✓ Decision complete: action=0 (score=95.0, layer=YF), candidates=1, time=0.003s
[22:07:03] [yf1_v4] [INFO] 0号位打出['PASS', 'PASS', 'PASS']， 最大动作为1号位打出的['ThreeWithTwo', 'A', ['HA', 'CA', 'DA', 'S8', 'C8']]
[22:07:03] [yf1_v4] [INFO] 1号位打出['ThreeWithTwo', '3', ['S3', 'H3', 'C3', 'S9', 'C9']]， 最大动作为1号位打出的['ThreeWithTwo', '3', ['S3', 'H3', 'C3', 'S9', 'C9']]
[22:07:03] [yf1_v4] [INFO] 2号位打出['PASS', 'PASS', 'PASS']， 最大动作为1号位打出的['ThreeWithTwo', '3', ['S3', 'H3', 'C3', 'S9', 'C9']]
[22:07:03] [yf1_v4] [INFO] 3号位打出['ThreeWithTwo', 'Q', ['SQ', 'CQ', 'CQ', 'CJ', 'DJ']]， 最大动作为3号位打出的['ThreeWithTwo', 'Q', ['SQ', 'CQ', 'CQ', 'CJ', 'DJ']]
[22:07:03] [YFAdapter-P0] [INFO] [YF-P0] Decision context: myPos=0, curPos=3, greaterPos=3, teammate=2, curAction=[, actionList_size=1
[22:07:03] [YFAdapter-P0] [INFO] [YF-P0] Decided: action_index=0, action=['PASS', 'PASS', 'PASS']
[22:07:03] [HybridV4-P0] [INFO] ✓ Decision complete: action=0 (score=55.0, layer=YF), candidates=1, time=0.003s
[22:07:03] [yf1_v4] [INFO] 0号位打出['PASS', 'PASS', 'PASS']， 最大动作为3号位打出的['ThreeWithTwo', 'Q', ['SQ', 'CQ', 'CQ', 'CJ', 'DJ']]
[22:07:03] [yf1_v4] [INFO] 1号位打出['PASS', 'PASS', 'PASS']， 最大动作为3号位打出的['ThreeWithTwo', 'Q', ['SQ', 'CQ', 'CQ', 'CJ', 'DJ']]
[22:07:03] [yf1_v4] [INFO] 2号位打出['PASS', 'PASS', 'PASS']， 最大动作为3号位打出的['ThreeWithTwo', 'Q', ['SQ', 'CQ', 'CQ', 'CJ', 'DJ']]
[22:07:03] [yf1_v4] [INFO] 3号位打出['Trips', '8', ['H8', 'C8', 'D8']]， 最大动作为3号位打出的['Trips', '8', ['H8', 'C8', 'D8']]
[22:07:03] [YFAdapter-P0] [INFO] [YF-P0] Decision context: myPos=0, curPos=3, greaterPos=3, teammate=2, curAction=[, actionList_size=1
[22:07:03] [YFAdapter-P0] [INFO] [YF-P0] Decided: action_index=0, action=['PASS', 'PASS', 'PASS']
[22:07:03] [HybridV4-P0] [INFO] ✓ Decision complete: action=0 (score=125.0, layer=YF), candidates=1, time=0.003s
[22:07:03] [yf1_v4] [INFO] 0号位打出['PASS', 'PASS', 'PASS']， 最大动作为3号位打出的['Trips', '8', ['H8', 'C8', 'D8']]
[22:07:03] [yf1_v4] [INFO] 1号位打出['Trips', 'J', ['SJ', 'HJ', 'CJ']]， 最大动作为1号位打出的['Trips', 'J', ['SJ', 'HJ', 'CJ']]
[22:07:03] [yf1_v4] [INFO] 2号位打出['PASS', 'PASS', 'PASS']， 最大动作为1号位打出的['Trips', 'J', ['SJ', 'HJ', 'CJ']]
[22:07:03] [yf1_v4] [INFO] 3号位打出['PASS', 'PASS', 'PASS']， 最大动作为1号位打出的['Trips', 'J', ['SJ', 'HJ', 'CJ']]
[22:07:03] [YFAdapter-P0] [INFO] [YF-P0] Decision context: myPos=0, curPos=3, greaterPos=1, teammate=2, curAction=[, actionList_size=1
[22:07:03] [YFAdapter-P0] [INFO] [YF-P0] Decided: action_index=0, action=['PASS', 'PASS', 'PASS']
[22:07:03] [HybridV4-P0] [INFO] ✓ Decision complete: action=0 (score=-5.0, layer=YF), candidates=1, time=0.004s
[22:07:03] [yf1_v4] [INFO] 0号位打出['PASS', 'PASS', 'PASS']， 最大动作为1号位打出的['Trips', 'J', ['SJ', 'HJ', 'CJ']]
[22:07:03] [yf1_v4] [INFO] 1号位打出['Single', 'Q', ['HQ']]， 最大动作为1号位打出的['Single', 'Q', ['HQ']]
[22:07:03] [yf1_v4] [INFO] 2号位打出['PASS', 'PASS', 'PASS']， 最大动作为1号位打出的['Single', 'Q', ['HQ']]
[22:07:03] [yf1_v4] [INFO] 3号位打出['Single', 'B', ['SB']]， 最大动作为3号位打出的['Single', 'B', ['SB']]
[22:07:03] [YFAdapter-P0] [INFO] [YF-P0] Decision context: myPos=0, curPos=3, greaterPos=3, teammate=2, curAction=[, actionList_size=1
[22:07:03] [YFAdapter-P0] [INFO] [YF-P0] Decided: action_index=0, action=['PASS', 'PASS', 'PASS']
[22:07:03] [HybridV4-P0] [INFO] ✓ Decision complete: action=0 (score=-5.0, layer=YF), candidates=1, time=0.002s
[22:07:03] [yf1_v4] [INFO] 0号位打出['PASS', 'PASS', 'PASS']， 最大动作为3号位打出的['Single', 'B', ['SB']]
[22:07:03] [yf1_v4] [INFO] 1号位打出['Single', 'R', ['HR']]， 最大动作为1号位打出的['Single', 'R', ['HR']]
[22:07:03] [yf1_v4] [INFO] 2号位打出['PASS', 'PASS', 'PASS']， 最大动作为1号位打出的['Single', 'R', ['HR']]
[22:07:03] [yf1_v4] [INFO] 3号位打出['PASS', 'PASS', 'PASS']， 最大动作为1号位打出的['Single', 'R', ['HR']]
[22:07:03] [yf1_v4] [INFO] 3号位打出['Trips', 'T', ['ST', 'HT', 'CT']]， 最大动作为3号位打出的['Trips', 'T', ['ST', 'HT', 'CT']]
[22:07:03] [yf1_v4] [INFO] 游戏开始, 我是0号位，手牌：['S2', 'D2', 'S5', 'H5', 'S6', 'H6', 'C6', 'D6', 'H7', 'C7', 'D7', 'S8', 'C8', 'C8', 'D8', 'S9', 'C9', 'D9', 'ST', 'HT', 'CT', 'HJ', 'CK', 'DK', 'DK', 'DA', 'SQ']
[22:07:03] [YFAdapter-P0] [INFO] [YF-P0] Decision context: myPos=0, curPos=-1, greaterPos=-1, teammate=2, curAction=[, actionList_size=1
[22:07:03] [YFAdapter-P0] [INFO] [YF-P0] Decided: action_index=0, action=['tribute', 'tribute', [['S', 'Q']]]
[22:07:03] [HybridV4-P0] [INFO] ✓ Decision complete: action=0 (score=110.0, layer=YF), candidates=1, time=0.002s
[22:07:03] [yf1_v4] [INFO] 2号位打出['Single', '7', ['S7']]， 最大动作为2号位打出的['Single', '7', ['S7']]
[22:07:03] [yf1_v4] [INFO] 3号位打出['Single', '9', ['C9']]， 最大动作为3号位打出的['Single', '9', ['C9']]
[22:07:03] [YFAdapter-P0] [INFO] [YF-P0] Decision context: myPos=0, curPos=3, greaterPos=3, teammate=2, curAction=[, actionList_size=12
[22:07:03] [YFAdapter-P0] [INFO] [YF-P0] Decided: action_index=0, action=['PASS', 'PASS', 'PASS']
[22:07:03] [HybridV4-P0] [INFO] ✓ Decision complete: action=7 (score=142.5, layer=YF), candidates=8, time=0.009s
[22:07:03] [yf1_v4] [INFO] 0号位打出['Single', 'A', ['DA']]， 最大动作为0号位打出的['Single', 'A', ['DA']]
[22:07:03] [yf1_v4] [INFO] 1号位打出['Single', 'Q', ['CQ']]， 最大动作为1号位打出的['Single', 'Q', ['CQ']]
[22:07:03] [yf1_v4] [INFO] 2号位打出['Bomb', '2', ['S2', 'H2', 'HQ', 'HQ']]， 最大动作为2号位打出的['Bomb', '2', ['S2', 'H2', 'HQ', 'HQ']]
[22:07:03] [yf1_v4] [INFO] 3号位打出['Bomb', '3', ['S3', 'H3', 'C3', 'D3']]， 最大动作为3号位打出的['Bomb', '3', ['S3', 'H3', 'C3', 'D3']]
[22:07:03] [YFAdapter-P0] [INFO] [YF-P0] Decision context: myPos=0, curPos=3, greaterPos=3, teammate=2, curAction=[, actionList_size=3
[22:07:03] [YFAdapter-P0] [INFO] [YF-P0] Decided: action_index=0, action=['PASS', 'PASS', 'PASS']
[22:07:03] [HybridV4-P0] [INFO] ✓ Decision complete: action=2 (score=135.5, layer=YF), candidates=3, time=0.007s
[22:07:03] [yf1_v4] [INFO] 0号位打出['Bomb', '8', ['S8', 'C8', 'C8', 'D8']]， 最大动作为0号位打出的['Bomb', '8', ['S8', 'C8', 'C8', 'D8']]
[22:07:03] [yf1_v4] [INFO] 1号位打出['PASS', 'PASS', 'PASS']， 最大动作为0号位打出的['Bomb', '8', ['S8', 'C8', 'C8', 'D8']]
[22:07:03] [yf1_v4] [INFO] 2号位打出['PASS', 'PASS', 'PASS']， 最大动作为0号位打出的['Bomb', '8', ['S8', 'C8', 'C8', 'D8']]
[22:07:03] [yf1_v4] [INFO] 3号位打出['PASS', 'PASS', 'PASS']， 最大动作为0号位打出的['Bomb', '8', ['S8', 'C8', 'C8', 'D8']]
[22:07:03] [YFAdapter-P0] [INFO] [YF-P0] Decision context: myPos=0, curPos=-1, greaterPos=-1, teammate=2, curAction=[, actionList_size=257
[22:07:03] [YFAdapter-P0] [INFO] [YF-P0] Decided: action_index=0, action=['Single', '2', [['S', '2']]]
[22:07:03] [HybridV4-P0] [INFO] ✓ Decision complete: action=0 (score=125.0, layer=YF), candidates=8, time=0.006s
[22:07:03] [yf1_v4] [INFO] 0号位打出['Single', '2', ['S2']]， 最大动作为0号位打出的['Single', '2', ['S2']]
[22:07:03] [yf1_v4] [INFO] 1号位打出['Single', 'J', ['SJ']]， 最大动作为1号位打出的['Single', 'J', ['SJ']]
[22:07:03] [yf1_v4] [INFO] 2号位打出['Single', 'A', ['HA']]， 最大动作为2号位打出的['Single', 'A', ['HA']]
[22:07:03] [yf1_v4] [INFO] 3号位打出['Single', 'Q', ['SQ']]， 最大动作为3号位打出的['Single', 'Q', ['SQ']]
[22:07:03] [YFAdapter-P0] [INFO] [YF-P0] Decision context: myPos=0, curPos=3, greaterPos=3, teammate=2, curAction=[, actionList_size=2
[22:07:03] [YFAdapter-P0] [INFO] [YF-P0] Decided: action_index=0, action=['PASS', 'PASS', 'PASS']
[22:07:03] [HybridV4-P0] [INFO] ✓ Decision complete: action=1 (score=132.0, layer=YF), candidates=2, time=0.014s
[22:07:03] [yf1_v4] [INFO] 0号位打出['Bomb', '6', ['S6', 'H6', 'C6', 'D6']]， 最大动作为0号位打出的['Bomb', '6', ['S6', 'H6', 'C6', 'D6']]
[22:07:03] [yf1_v4] [INFO] 1号位打出['PASS', 'PASS', 'PASS']， 最大动作为0号位打出的['Bomb', '6', ['S6', 'H6', 'C6', 'D6']]
[22:07:03] [yf1_v4] [INFO] 2号位打出['PASS', 'PASS', 'PASS']， 最大动作为0号位打出的['Bomb', '6', ['S6', 'H6', 'C6', 'D6']]
[22:07:03] [yf1_v4] [INFO] 3号位打出['Bomb', 'T', ['ST', 'HT', 'CT', 'DT']]， 最大动作为3号位打出的['Bomb', 'T', ['ST', 'HT', 'CT', 'DT']]
[22:07:03] [YFAdapter-P0] [INFO] [YF-P0] Decision context: myPos=0, curPos=3, greaterPos=3, teammate=2, curAction=[, actionList_size=1
[22:07:03] [YFAdapter-P0] [INFO] [YF-P0] Decided: action_index=0, action=['PASS', 'PASS', 'PASS']
[22:07:03] [HybridV4-P0] [INFO] ✓ Decision complete: action=0 (score=95.0, layer=YF), candidates=1, time=0.005s
[22:07:03] [yf1_v4] [INFO] 0号位打出['PASS', 'PASS', 'PASS']， 最大动作为3号位打出的['Bomb', 'T', ['ST', 'HT', 'CT', 'DT']]
[22:07:03] [yf1_v4] [INFO] 1号位打出['PASS', 'PASS', 'PASS']， 最大动作为3号位打出的['Bomb', 'T', ['ST', 'HT', 'CT', 'DT']]
[22:07:03] [yf1_v4] [INFO] 2号位打出['PASS', 'PASS', 'PASS']， 最大动作为3号位打出的['Bomb', 'T', ['ST', 'HT', 'CT', 'DT']]
[22:07:03] [yf1_v4] [INFO] 3号位打出['Single', '4', ['H4']]， 最大动作为3号位打出的['Single', '4', ['H4']]
[22:07:03] [YFAdapter-P0] [INFO] [YF-P0] Decision context: myPos=0, curPos=3, greaterPos=3, teammate=2, curAction=[, actionList_size=16
[22:07:03] [YFAdapter-P0] [INFO] [YF-P0] Decided: action_index=0, action=['PASS', 'PASS', 'PASS']
[22:07:03] [HybridV4-P0] [INFO] ✓ Decision complete: action=13 (score=139.0, layer=YF), candidates=8, time=0.005s
[22:07:03] [yf1_v4] [INFO] 0号位打出['Single', 'J', ['HJ']]， 最大动作为0号位打出的['Single', 'J', ['HJ']]
[22:07:03] [yf1_v4] [INFO] 1号位打出['Single', 'Q', ['CQ']]， 最大动作为1号位打出的['Single', 'Q', ['CQ']]
[22:07:03] [yf1_v4] [INFO] 2号位打出['PASS', 'PASS', 'PASS']， 最大动作为1号位打出的['Single', 'Q', ['CQ']]
[22:07:03] [yf1_v4] [INFO] 3号位打出['PASS', 'PASS', 'PASS']， 最大动作为1号位打出的['Single', 'Q', ['CQ']]
[22:07:03] [YFAdapter-P0] [INFO] [YF-P0] Decision context: myPos=0, curPos=3, greaterPos=1, teammate=2, curAction=[, actionList_size=1
[22:07:03] [YFAdapter-P0] [INFO] [YF-P0] Decided: action_index=0, action=['PASS', 'PASS', 'PASS']
[22:07:03] [HybridV4-P0] [INFO] ✓ Decision complete: action=0 (score=95.0, layer=YF), candidates=1, time=0.016s
[22:07:03] [yf1_v4] [INFO] 0号位打出['PASS', 'PASS', 'PASS']， 最大动作为1号位打出的['Single', 'Q', ['CQ']]
[22:07:03] [yf1_v4] [INFO] 1号位打出['ThreePair', '5', ['H5', 'D5', 'C6', 'D6', 'H7', 'D7']]， 最大动作为1号位打出的['ThreePair', '5', ['H5', 'D5', 'C6', 'D6', 'H7', 'D7']]
[22:07:03] [yf1_v4] [INFO] 2号位打出['PASS', 'PASS', 'PASS']， 最大动作为1号位打出的['ThreePair', '5', ['H5', 'D5', 'C6', 'D6', 'H7', 'D7']]
[22:07:03] [yf1_v4] [INFO] 3号位打出['PASS', 'PASS', 'PASS']， 最大动作为1号位打出的['ThreePair', '5', ['H5', 'D5', 'C6', 'D6', 'H7', 'D7']]
[22:07:03] [YFAdapter-P0] [INFO] [YF-P0] Decision context: myPos=0, curPos=3, greaterPos=1, teammate=2, curAction=[, actionList_size=1
[22:07:03] [YFAdapter-P0] [INFO] [YF-P0] Decided: action_index=0, action=['PASS', 'PASS', 'PASS']
[22:07:03] [HybridV4-P0] [INFO] ✓ Decision complete: action=0 (score=95.0, layer=YF), candidates=1, time=0.005s
[22:07:03] [yf1_v4] [INFO] 0号位打出['PASS', 'PASS', 'PASS']， 最大动作为1号位打出的['ThreePair', '5', ['H5', 'D5', 'C6', 'D6', 'H7', 'D7']]
[22:07:03] [yf1_v4] [INFO] 1号位打出['Pair', '2', ['H2', 'D2']]， 最大动作为1号位打出的['Pair', '2', ['H2', 'D2']]
[22:07:03] [yf1_v4] [INFO] 2号位打出['Pair', 'A', ['HA', 'CA']]， 最大动作为2号位打出的['Pair', 'A', ['HA', 'CA']]
[22:07:03] [yf1_v4] [INFO] 3号位打出['Pair', 'Q', ['SQ', 'DQ']]， 最大动作为3号位打出的['Pair', 'Q', ['SQ', 'DQ']]
[22:07:03] [YFAdapter-P0] [INFO] [YF-P0] Decision context: myPos=0, curPos=3, greaterPos=3, teammate=2, curAction=[, actionList_size=1
[22:07:03] [YFAdapter-P0] [INFO] [YF-P0] Decided: action_index=0, action=['PASS', 'PASS', 'PASS']
[22:07:03] [HybridV4-P0] [INFO] ✓ Decision complete: action=0 (score=95.0, layer=YF), candidates=1, time=0.004s
[22:07:03] [yf1_v4] [INFO] 0号位打出['PASS', 'PASS', 'PASS']， 最大动作为3号位打出的['Pair', 'Q', ['SQ', 'DQ']]
[22:07:03] [yf1_v4] [INFO] 1号位打出['PASS', 'PASS', 'PASS']， 最大动作为3号位打出的['Pair', 'Q', ['SQ', 'DQ']]
[22:07:03] [yf1_v4] [INFO] 2号位打出['PASS', 'PASS', 'PASS']， 最大动作为3号位打出的['Pair', 'Q', ['SQ', 'DQ']]
[22:07:03] [yf1_v4] [INFO] 3号位打出['Pair', '2', ['C2', 'C2']]， 最大动作为3号位打出的['Pair', '2', ['C2', 'C2']]
[22:07:03] [YFAdapter-P0] [INFO] [YF-P0] Decision context: myPos=0, curPos=3, greaterPos=3, teammate=2, curAction=[, actionList_size=15
[22:07:03] [YFAdapter-P0] [INFO] [YF-P0] Decided: action_index=0, action=['PASS', 'PASS', 'PASS']
[22:07:03] [HybridV4-P0] [INFO] ✓ Decision complete: action=13 (score=159.0, layer=YF), candidates=8, time=0.006s
[22:07:03] [yf1_v4] [INFO] 0号位打出['Pair', 'K', ['CK', 'DK']]， 最大动作为0号位打出的['Pair', 'K', ['CK', 'DK']]
[22:07:03] [yf1_v4] [INFO] 1号位打出['Pair', 'A', ['SA', 'DA']]， 最大动作为1号位打出的['Pair', 'A', ['SA', 'DA']]
[22:07:03] [yf1_v4] [INFO] 2号位打出['PASS', 'PASS', 'PASS']， 最大动作为1号位打出的['Pair', 'A', ['SA', 'DA']]
[22:07:03] [yf1_v4] [INFO] 3号位打出['PASS', 'PASS', 'PASS']， 最大动作为1号位打出的['Pair', 'A', ['SA', 'DA']]
[22:07:03] [YFAdapter-P0] [INFO] [YF-P0] Decision context: myPos=0, curPos=3, greaterPos=1, teammate=2, curAction=[, actionList_size=1
[22:07:03] [YFAdapter-P0] [INFO] [YF-P0] Decided: action_index=0, action=['PASS', 'PASS', 'PASS']
[22:07:03] [HybridV4-P0] [INFO] ✓ Decision complete: action=0 (score=95.0, layer=YF), candidates=1, time=0.005s
[22:07:03] [yf1_v4] [INFO] 0号位打出['PASS', 'PASS', 'PASS']， 最大动作为1号位打出的['Pair', 'A', ['SA', 'DA']]
[22:07:03] [yf1_v4] [INFO] 1号位打出['Pair', '3', ['H3', 'C3']]， 最大动作为1号位打出的['Pair', '3', ['H3', 'C3']]
[22:07:03] [yf1_v4] [INFO] 2号位打出['Pair', 'J', ['SJ', 'DJ']]， 最大动作为2号位打出的['Pair', 'J', ['SJ', 'DJ']]
[22:07:03] [yf1_v4] [INFO] 3号位打出['Pair', 'A', ['SA', 'CA']]， 最大动作为3号位打出的['Pair', 'A', ['SA', 'CA']]
[22:07:03] [YFAdapter-P0] [INFO] [YF-P0] Decision context: myPos=0, curPos=3, greaterPos=3, teammate=2, curAction=[, actionList_size=1
[22:07:03] [YFAdapter-P0] [INFO] [YF-P0] Decided: action_index=0, action=['PASS', 'PASS', 'PASS']
[22:07:03] [HybridV4-P0] [INFO] ✓ Decision complete: action=0 (score=95.0, layer=YF), candidates=1, time=0.004s
[22:07:03] [yf1_v4] [INFO] 0号位打出['PASS', 'PASS', 'PASS']， 最大动作为3号位打出的['Pair', 'A', ['SA', 'CA']]
[22:07:03] [yf1_v4] [INFO] 1号位打出['PASS', 'PASS', 'PASS']， 最大动作为3号位打出的['Pair', 'A', ['SA', 'CA']]
[22:07:03] [yf1_v4] [INFO] 2号位打出['PASS', 'PASS', 'PASS']， 最大动作为3号位打出的['Pair', 'A', ['SA', 'CA']]
[22:07:03] [yf1_v4] [INFO] 3号位打出['Pair', '7', ['S7', 'C7']]， 最大动作为3号位打出的['Pair', '7', ['S7', 'C7']]
[22:07:03] [YFAdapter-P0] [INFO] [YF-P0] Decision context: myPos=0, curPos=3, greaterPos=3, teammate=2, curAction=[, actionList_size=7
[22:07:03] [YFAdapter-P0] [INFO] [YF-P0] Decided: action_index=0, action=['PASS', 'PASS', 'PASS']
[22:07:03] [HybridV4-P0] [INFO] ✓ Decision complete: action=1 (score=182.5, layer=YF), candidates=6, time=0.005s
[22:07:03] [yf1_v4] [INFO] 0号位打出['Pair', '9', ['S9', 'D9']]， 最大动作为0号位打出的['Pair', '9', ['S9', 'D9']]
[22:07:03] [yf1_v4] [INFO] 1号位打出['Pair', 'B', ['SB', 'SB']]， 最大动作为1号位打出的['Pair', 'B', ['SB', 'SB']]
[22:07:03] [yf1_v4] [INFO] 2号位打出['PASS', 'PASS', 'PASS']， 最大动作为1号位打出的['Pair', 'B', ['SB', 'SB']]
[22:07:03] [yf1_v4] [INFO] 3号位打出['PASS', 'PASS', 'PASS']， 最大动作为1号位打出的['Pair', 'B', ['SB', 'SB']]
[22:07:03] [YFAdapter-P0] [INFO] [YF-P0] Decision context: myPos=0, curPos=3, greaterPos=1, teammate=2, curAction=[, actionList_size=1
[22:07:03] [YFAdapter-P0] [INFO] [YF-P0] Decided: action_index=0, action=['PASS', 'PASS', 'PASS']
[22:07:03] [HybridV4-P0] [INFO] ✓ Decision complete: action=0 (score=75.0, layer=YF), candidates=1, time=0.016s
[22:07:03] [yf1_v4] [INFO] 0号位打出['PASS', 'PASS', 'PASS']， 最大动作为1号位打出的['Pair', 'B', ['SB', 'SB']]
[22:07:03] [yf1_v4] [INFO] 1号位打出['ThreeWithTwo', 'K', ['SK', 'SK', 'HK', 'H9', 'H9']]， 最大动作为1号位打出的['ThreeWithTwo', 'K', ['SK', 'SK', 'HK', 'H9', 'H9']]
[22:07:03] [yf1_v4] [INFO] 2号位打出['PASS', 'PASS', 'PASS']， 最大动作为1号位打出的['ThreeWithTwo', 'K', ['SK', 'SK', 'HK', 'H9', 'H9']]
[22:07:03] [yf1_v4] [INFO] 3号位打出['PASS', 'PASS', 'PASS']， 最大动作为1号位打出的['ThreeWithTwo', 'K', ['SK', 'SK', 'HK', 'H9', 'H9']]
[22:07:03] [YFAdapter-P0] [INFO] [YF-P0] Decision context: myPos=0, curPos=3, greaterPos=1, teammate=2, curAction=[, actionList_size=1
[22:07:03] [YFAdapter-P0] [INFO] [YF-P0] Decided: action_index=0, action=['PASS', 'PASS', 'PASS']
[22:07:03] [HybridV4-P0] [INFO] ✓ Decision complete: action=0 (score=55.0, layer=YF), candidates=1, time=0.002s
[22:07:03] [yf1_v4] [INFO] 0号位打出['PASS', 'PASS', 'PASS']， 最大动作为1号位打出的['ThreeWithTwo', 'K', ['SK', 'SK', 'HK', 'H9', 'H9']]
[22:07:03] [yf1_v4] [INFO] 1号位打出['Single', 'R', ['HR']]， 最大动作为1号位打出的['Single', 'R', ['HR']]
[22:07:03] [yf1_v4] [INFO] 2号位打出['PASS', 'PASS', 'PASS']， 最大动作为1号位打出的['Single', 'R', ['HR']]
[22:07:03] [yf1_v4] [INFO] 3号位打出['PASS', 'PASS', 'PASS']， 最大动作为1号位打出的['Single', 'R', ['HR']]
[22:07:03] [YFAdapter-P0] [INFO] [YF-P0] Decision context: myPos=0, curPos=3, greaterPos=1, teammate=2, curAction=[, actionList_size=1
[22:07:04] [YFAdapter-P0] [INFO] [YF-P0] Decided: action_index=0, action=['PASS', 'PASS', 'PASS']
[22:07:04] [HybridV4-P0] [INFO] ✓ Decision complete: action=0 (score=125.0, layer=YF), candidates=1, time=0.002s
[22:07:04] [yf1_v4] [INFO] 0号位打出['PASS', 'PASS', 'PASS']， 最大动作为1号位打出的['Single', 'R', ['HR']]
[22:07:04] [yf1_v4] [INFO] 1号位打出['Bomb', '4', ['S4', 'H4', 'C4', 'C4']]， 最大动作为1号位打出的['Bomb', '4', ['S4', 'H4', 'C4', 'C4']]
[22:07:04] [yf1_v4] [INFO] 2号位打出['PASS', 'PASS', 'PASS']， 最大动作为1号位打出的['Bomb', '4', ['S4', 'H4', 'C4', 'C4']]
[22:07:04] [yf1_v4] [INFO] 3号位打出['PASS', 'PASS', 'PASS']， 最大动作为1号位打出的['Bomb', '4', ['S4', 'H4', 'C4', 'C4']]
[22:07:04] [yf1_v4] [INFO] 3号位打出['ThreeWithTwo', 'J', ['HJ', 'CJ', 'DJ', 'S8', 'H8']]， 最大动作为3号位打出的['ThreeWithTwo', 'J', ['HJ', 'CJ', 'DJ', 'S8', 'H8']]
[22:07:04] [YFAdapter-P0] [INFO] [YF-P0] Decision context: myPos=0, curPos=3, greaterPos=3, teammate=2, curAction=[, actionList_size=1
[22:07:04] [YFAdapter-P0] [INFO] [YF-P0] Decided: action_index=0, action=['PASS', 'PASS', 'PASS']
[22:07:04] [HybridV4-P0] [INFO] ✓ Decision complete: action=0 (score=-5.0, layer=YF), candidates=1, time=0.004s
[22:07:04] [yf1_v4] [INFO] 0号位打出['PASS', 'PASS', 'PASS']， 最大动作为3号位打出的['ThreeWithTwo', 'J', ['HJ', 'CJ', 'DJ', 'S8', 'H8']]
[22:07:04] [yf1_v4] [INFO] 2号位打出['PASS', 'PASS', 'PASS']， 最大动作为3号位打出的['ThreeWithTwo', 'J', ['HJ', 'CJ', 'DJ', 'S8', 'H8']]
[22:07:04] [yf1_v4] [INFO] 3号位打出['Single', 'K', ['HK']]， 最大动作为3号位打出的['Single', 'K', ['HK']]
[22:07:04] [YFAdapter-P0] [INFO] [YF-P0] Decision context: myPos=0, curPos=3, greaterPos=3, teammate=2, curAction=[, actionList_size=1
[22:07:04] [YFAdapter-P0] [INFO] [YF-P0] Decided: action_index=0, action=['PASS', 'PASS', 'PASS']
[22:07:04] [HybridV4-P0] [INFO] ✓ Decision complete: action=0 (score=-5.0, layer=YF), candidates=1, time=0.004s
[22:07:04] [yf1_v4] [INFO] 0号位打出['PASS', 'PASS', 'PASS']， 最大动作为3号位打出的['Single', 'K', ['HK']]
[22:07:04] [yf1_v4] [INFO] 2号位打出['PASS', 'PASS', 'PASS']， 最大动作为3号位打出的['Single', 'K', ['HK']]
[22:07:04] [yf1_v4] [INFO] 3号位打出['Single', 'Q', ['DQ']]， 最大动作为3号位打出的['Single', 'Q', ['DQ']]
[22:07:04] [YFAdapter-P0] [INFO] [YF-P0] Decision context: myPos=0, curPos=3, greaterPos=3, teammate=2, curAction=[, actionList_size=1
[22:07:04] [YFAdapter-P0] [INFO] [YF-P0] Decided: action_index=0, action=['PASS', 'PASS', 'PASS']
[22:07:04] [HybridV4-P0] [INFO] ✓ Decision complete: action=0 (score=-5.0, layer=YF), candidates=1, time=0.004s
[22:07:04] [yf1_v4] [INFO] 0号位打出['PASS', 'PASS', 'PASS']， 最大动作为3号位打出的['Single', 'Q', ['DQ']]
[22:07:04] [yf1_v4] [INFO] 2号位打出['PASS', 'PASS', 'PASS']， 最大动作为3号位打出的['Single', 'Q', ['DQ']]
[22:07:04] [yf1_v4] [INFO] 3号位打出['Single', 'R', ['HR']]， 最大动作为3号位打出的['Single', 'R', ['HR']]
[22:07:04] [yf1_v4] [INFO] 游戏开始, 我是0号位，手牌：['S2', 'H2', 'D2', 'S3', 'H3', 'H3', 'H4', 'D4', 'C5', 'S6', 'C6', 'D6', 'C7', 'S8', 'C8', 'H9', 'C9', 'HT', 'SJ', 'HJ', 'DJ', 'DJ', 'SQ', 'SQ', 'HQ', 'SB', 'SB']
[22:07:04] [YFAdapter-P0] [INFO] [YF-P0] Decision context: myPos=0, curPos=-1, greaterPos=-1, teammate=2, curAction=[, actionList_size=1
[22:07:04] [YFAdapter-P0] [INFO] [YF-P0] Decided: action_index=0, action=['tribute', 'tribute', [['S', 'B']]]
[22:07:04] [HybridV4-P0] [INFO] ✓ Decision complete: action=0 (score=110.0, layer=YF), candidates=1, time=0.002s
[22:07:04] [yf1_v4] [INFO] 2号位打出['Single', '5', ['H5']]， 最大动作为2号位打出的['Single', '5', ['H5']]
[22:07:04] [yf1_v4] [INFO] 3号位打出['Single', '8', ['S8']]， 最大动作为3号位打出的['Single', '8', ['S8']]
[22:07:04] [YFAdapter-P0] [INFO] [YF-P0] Decision context: myPos=0, curPos=3, greaterPos=3, teammate=2, curAction=[, actionList_size=12
[22:07:04] [YFAdapter-P0] [INFO] [YF-P0] Decided: action_index=0, action=['PASS', 'PASS', 'PASS']
[22:07:04] [HybridV4-P0] [INFO] ✓ Decision complete: action=9 (score=142.5, layer=YF), candidates=8, time=0.005s
[22:07:04] [yf1_v4] [INFO] 0号位打出['Single', 'B', ['SB']]， 最大动作为0号位打出的['Single', 'B', ['SB']]
[22:07:04] [yf1_v4] [INFO] 1号位打出['Single', 'R', ['HR']]， 最大动作为1号位打出的['Single', 'R', ['HR']]
[22:07:04] [yf1_v4] [INFO] 2号位打出['Bomb', 'A', ['HA', 'HA', 'CA', 'DA']]， 最大动作为2号位打出的['Bomb', 'A', ['HA', 'HA', 'CA', 'DA']]
[22:07:04] [yf1_v4] [INFO] 3号位打出['PASS', 'PASS', 'PASS']， 最大动作为2号位打出的['Bomb', 'A', ['HA', 'HA', 'CA', 'DA']]
[22:07:04] [YFAdapter-P0] [INFO] [YF-P0] Decision context: myPos=0, curPos=3, greaterPos=2, teammate=2, curAction=[, actionList_size=1
[22:07:04] [YFAdapter-P0] [INFO] [YF-P0] Decided: action_index=0, action=['PASS', 'PASS', 'PASS']
[22:07:04] [HybridV4-P0] [INFO] ✓ Decision complete: action=0 (score=95.0, layer=YF), candidates=1, time=0.004s
[22:07:04] [yf1_v4] [INFO] 0号位打出['PASS', 'PASS', 'PASS']， 最大动作为2号位打出的['Bomb', 'A', ['HA', 'HA', 'CA', 'DA']]
[22:07:04] [yf1_v4] [INFO] 1号位打出['PASS', 'PASS', 'PASS']， 最大动作为2号位打出的['Bomb', 'A', ['HA', 'HA', 'CA', 'DA']]
[22:07:04] [yf1_v4] [INFO] 2号位打出['Straight', '3', ['C3', 'S4', 'S5', 'H6', 'S7']]， 最大动作为2号位打出的['Straight', '3', ['C3', 'S4', 'S5', 'H6', 'S7']]
[22:07:04] [yf1_v4] [INFO] 3号位打出['PASS', 'PASS', 'PASS']， 最大动作为2号位打出的['Straight', '3', ['C3', 'S4', 'S5', 'H6', 'S7']]
[22:07:04] [YFAdapter-P0] [INFO] [YF-P0] Decision context: myPos=0, curPos=3, greaterPos=2, teammate=2, curAction=[, actionList_size=81
[22:07:04] [YFAdapter-P0] [INFO] [YF-P0] Decided: action_index=0, action=['PASS', 'PASS', 'PASS']
[22:07:04] [HybridV4-P0] [INFO] ✓ Decision complete: action=79 (score=109.0, layer=YF), candidates=7, time=0.005s
[22:07:04] [yf1_v4] [INFO] 0号位打出['Bomb', 'J', ['SJ', 'HJ', 'DJ', 'DJ']]， 最大动作为0号位打出的['Bomb', 'J', ['SJ', 'HJ', 'DJ', 'DJ']]
[22:07:04] [yf1_v4] [INFO] 1号位打出['PASS', 'PASS', 'PASS']， 最大动作为0号位打出的['Bomb', 'J', ['SJ', 'HJ', 'DJ', 'DJ']]
[22:07:04] [yf1_v4] [INFO] 2号位打出['Bomb', '8', ['H8', 'H8', 'C8', 'D8', 'D8']]， 最大动作为2号位打出的['Bomb', '8', ['H8', 'H8', 'C8', 'D8', 'D8']]
[22:07:04] [yf1_v4] [INFO] 3号位打出['Bomb', 'K', ['SK', 'HK', 'HK', 'CK', 'DK']]， 最大动作为3号位打出的['Bomb', 'K', ['SK', 'HK', 'HK', 'CK', 'DK']]
[22:07:04] [YFAdapter-P0] [INFO] [YF-P0] Decision context: myPos=0, curPos=3, greaterPos=3, teammate=2, curAction=[, actionList_size=2
[22:07:04] [YFAdapter-P0] [INFO] [YF-P0] Decided: action_index=0, action=['PASS', 'PASS', 'PASS']
[22:07:04] [HybridV4-P0] [INFO] ✓ Decision complete: action=1 (score=132.0, layer=YF), candidates=2, time=0.004s
[22:07:04] [yf1_v4] [INFO] 0号位打出['StraightFlush', '5', ['C5', 'C6', 'C7', 'C8', 'C9']]， 最大动作为0号位打出的['StraightFlush', '5', ['C5', 'C6', 'C7', 'C8', 'C9']]
[22:07:04] [yf1_v4] [INFO] 1号位打出['PASS', 'PASS', 'PASS']， 最大动作为0号位打出的['StraightFlush', '5', ['C5', 'C6', 'C7', 'C8', 'C9']]
[22:07:04] [yf1_v4] [INFO] 2号位打出['PASS', 'PASS', 'PASS']， 最大动作为0号位打出的['StraightFlush', '5', ['C5', 'C6', 'C7', 'C8', 'C9']]
[22:07:04] [yf1_v4] [INFO] 3号位打出['PASS', 'PASS', 'PASS']， 最大动作为0号位打出的['StraightFlush', '5', ['C5', 'C6', 'C7', 'C8', 'C9']]
[22:07:04] [YFAdapter-P0] [INFO] [YF-P0] Decision context: myPos=0, curPos=-1, greaterPos=-1, teammate=2, curAction=[, actionList_size=82
[22:07:04] [YFAdapter-P0] [INFO] [YF-P0] Decided: action_index=10, action=['Single', '8', [['S', '8']]]
[22:07:04] [HybridV4-P0] [INFO] ✓ Decision complete: action=10 (score=115.0, layer=YF), candidates=8, time=0.004s
[22:07:04] [yf1_v4] [INFO] 0号位打出['Single', '8', ['S8']]， 最大动作为0号位打出的['Single', '8', ['S8']]
[22:07:04] [yf1_v4] [INFO] 1号位打出['Single', 'Q', ['CQ']]， 最大动作为1号位打出的['Single', 'Q', ['CQ']]
[22:07:04] [yf1_v4] [INFO] 2号位打出['Single', 'A', ['DA']]， 最大动作为2号位打出的['Single', 'A', ['DA']]
[22:07:04] [yf1_v4] [INFO] 3号位打出['Single', 'B', ['SB']]， 最大动作为3号位打出的['Single', 'B', ['SB']]
[22:07:04] [YFAdapter-P0] [INFO] [YF-P0] Decision context: myPos=0, curPos=3, greaterPos=3, teammate=2, curAction=[, actionList_size=1
[22:07:04] [YFAdapter-P0] [INFO] [YF-P0] Decided: action_index=0, action=['PASS', 'PASS', 'PASS']
[22:07:04] [HybridV4-P0] [INFO] ✓ Decision complete: action=0 (score=95.0, layer=YF), candidates=1, time=0.013s
[22:07:04] [yf1_v4] [INFO] 0号位打出['PASS', 'PASS', 'PASS']， 最大动作为3号位打出的['Single', 'B', ['SB']]
[22:07:04] [yf1_v4] [INFO] 1号位打出['PASS', 'PASS', 'PASS']， 最大动作为3号位打出的['Single', 'B', ['SB']]
[22:07:04] [yf1_v4] [INFO] 2号位打出['PASS', 'PASS', 'PASS']， 最大动作为3号位打出的['Single', 'B', ['SB']]
[22:07:04] [yf1_v4] [INFO] 3号位打出['Single', 'J', ['HJ']]， 最大动作为3号位打出的['Single', 'J', ['HJ']]
[22:07:04] [YFAdapter-P0] [INFO] [YF-P0] Decision context: myPos=0, curPos=3, greaterPos=3, teammate=2, curAction=[, actionList_size=3
[22:07:04] [YFAdapter-P0] [INFO] [YF-P0] Decided: action_index=0, action=['PASS', 'PASS', 'PASS']
[22:07:04] [HybridV4-P0] [INFO] ✓ Decision complete: action=1 (score=139.0, layer=YF), candidates=3, time=0.005s
[22:07:04] [yf1_v4] [INFO] 0号位打出['Single', 'Q', ['SQ']]， 最大动作为0号位打出的['Single', 'Q', ['SQ']]
[22:07:04] [yf1_v4] [INFO] 1号位打出['Single', 'K', ['DK']]， 最大动作为1号位打出的['Single', 'K', ['DK']]
[22:07:04] [yf1_v4] [INFO] 2号位打出['PASS', 'PASS', 'PASS']， 最大动作为1号位打出的['Single', 'K', ['DK']]
[22:07:04] [yf1_v4] [INFO] 3号位打出['PASS', 'PASS', 'PASS']， 最大动作为1号位打出的['Single', 'K', ['DK']]
[22:07:04] [YFAdapter-P0] [INFO] [YF-P0] Decision context: myPos=0, curPos=3, greaterPos=1, teammate=2, curAction=[, actionList_size=1
[22:07:04] [YFAdapter-P0] [INFO] [YF-P0] Decided: action_index=0, action=['PASS', 'PASS', 'PASS']
[22:07:04] [HybridV4-P0] [INFO] ✓ Decision complete: action=0 (score=95.0, layer=YF), candidates=1, time=0.002s
[22:07:04] [yf1_v4] [INFO] 0号位打出['PASS', 'PASS', 'PASS']， 最大动作为1号位打出的['Single', 'K', ['DK']]
[22:07:04] [yf1_v4] [INFO] 1号位打出['Single', '5', ['D5']]， 最大动作为1号位打出的['Single', '5', ['D5']]
[22:07:04] [yf1_v4] [INFO] 2号位打出['Single', 'J', ['SJ']]， 最大动作为2号位打出的['Single', 'J', ['SJ']]
[22:07:04] [yf1_v4] [INFO] 3号位打出['Single', 'A', ['SA']]， 最大动作为3号位打出的['Single', 'A', ['SA']]
[22:07:04] [YFAdapter-P0] [INFO] [YF-P0] Decision context: myPos=0, curPos=3, greaterPos=3, teammate=2, curAction=[, actionList_size=1
[22:07:04] [YFAdapter-P0] [INFO] [YF-P0] Decided: action_index=0, action=['PASS', 'PASS', 'PASS']
[22:07:04] [HybridV4-P0] [INFO] ✓ Decision complete: action=0 (score=95.0, layer=YF), candidates=1, time=0.004s
[22:07:04] [yf1_v4] [INFO] 0号位打出['PASS', 'PASS', 'PASS']， 最大动作为3号位打出的['Single', 'A', ['SA']]
[22:07:04] [yf1_v4] [INFO] 1号位打出['PASS', 'PASS', 'PASS']， 最大动作为3号位打出的['Single', 'A', ['SA']]
[22:07:04] [yf1_v4] [INFO] 2号位打出['PASS', 'PASS', 'PASS']， 最大动作为3号位打出的['Single', 'A', ['SA']]
[22:07:04] [yf1_v4] [INFO] 3号位打出['Pair', '2', ['S2', 'C2']]， 最大动作为3号位打出的['Pair', '2', ['S2', 'C2']]
[22:07:04] [YFAdapter-P0] [INFO] [YF-P0] Decision context: myPos=0, curPos=3, greaterPos=3, teammate=2, curAction=[, actionList_size=8
[22:07:04] [YFAdapter-P0] [INFO] [YF-P0] Decided: action_index=0, action=['PASS', 'PASS', 'PASS']
[22:07:04] [HybridV4-P0] [INFO] ✓ Decision complete: action=7 (score=139.0, layer=YF), candidates=7, time=0.015s
[22:07:04] [yf1_v4] [INFO] 0号位打出['Pair', 'Q', ['SQ', 'HQ']]， 最大动作为0号位打出的['Pair', 'Q', ['SQ', 'HQ']]
[22:07:04] [yf1_v4] [INFO] 1号位打出['PASS', 'PASS', 'PASS']， 最大动作为0号位打出的['Pair', 'Q', ['SQ', 'HQ']]
[22:07:04] [yf1_v4] [INFO] 2号位打出['Pair', 'K', ['SK', 'CK']]， 最大动作为2号位打出的['Pair', 'K', ['SK', 'CK']]
[22:07:04] [yf1_v4] [INFO] 3号位打出['Pair', 'A', ['SA', 'CA']]， 最大动作为3号位打出的['Pair', 'A', ['SA', 'CA']]
[22:07:04] [YFAdapter-P0] [INFO] [YF-P0] Decision context: myPos=0, curPos=3, greaterPos=3, teammate=2, curAction=[, actionList_size=1
[22:07:04] [YFAdapter-P0] [INFO] [YF-P0] Decided: action_index=0, action=['PASS', 'PASS', 'PASS']
[22:07:04] [HybridV4-P0] [INFO] ✓ Decision complete: action=0 (score=95.0, layer=YF), candidates=1, time=0.003s
[22:07:04] [yf1_v4] [INFO] 0号位打出['PASS', 'PASS', 'PASS']， 最大动作为3号位打出的['Pair', 'A', ['SA', 'CA']]
[22:07:04] [yf1_v4] [INFO] 1号位打出['PASS', 'PASS', 'PASS']， 最大动作为3号位打出的['Pair', 'A', ['SA', 'CA']]
[22:07:04] [yf1_v4] [INFO] 2号位打出['PASS', 'PASS', 'PASS']， 最大动作为3号位打出的['Pair', 'A', ['SA', 'CA']]
[22:07:04] [yf1_v4] [INFO] 3号位打出['Pair', '3', ['D3', 'D3']]， 最大动作为3号位打出的['Pair', '3', ['D3', 'D3']]
[22:07:04] [YFAdapter-P0] [INFO] [YF-P0] Decision context: myPos=0, curPos=3, greaterPos=3, teammate=2, curAction=[, actionList_size=5
[22:07:04] [YFAdapter-P0] [INFO] [YF-P0] Decided: action_index=0, action=['PASS', 'PASS', 'PASS']
[22:07:04] [HybridV4-P0] [INFO] ✓ Decision complete: action=1 (score=152.0, layer=YF), candidates=5, time=0.005s
[22:07:04] [yf1_v4] [INFO] 0号位打出['Pair', '4', ['S4', 'D4']]， 最大动作为0号位打出的['Pair', '4', ['S4', 'D4']]
[22:07:04] [yf1_v4] [INFO] 1号位打出['Pair', '9', ['S9', 'S9']]， 最大动作为1号位打出的['Pair', '9', ['S9', 'S9']]
[22:07:04] [yf1_v4] [INFO] 2号位打出['Pair', 'T', ['ST', 'DT']]， 最大动作为2号位打出的['Pair', 'T', ['ST', 'DT']]
[22:07:04] [yf1_v4] [INFO] 3号位打出['Bomb', '5', ['S5', 'H5', 'C5', 'D5']]， 最大动作为3号位打出的['Bomb', '5', ['S5', 'H5', 'C5', 'D5']]
[22:07:04] [YFAdapter-P0] [INFO] [YF-P0] Decision context: myPos=0, curPos=3, greaterPos=3, teammate=2, curAction=[, actionList_size=1
[22:07:04] [YFAdapter-P0] [INFO] [YF-P0] Decided: action_index=0, action=['PASS', 'PASS', 'PASS']
[22:07:04] [HybridV4-P0] [INFO] ✓ Decision complete: action=0 (score=75.0, layer=YF), candidates=1, time=0.004s
[22:07:04] [yf1_v4] [INFO] 0号位打出['PASS', 'PASS', 'PASS']， 最大动作为3号位打出的['Bomb', '5', ['S5', 'H5', 'C5', 'D5']]
[22:07:04] [yf1_v4] [INFO] 1号位打出['PASS', 'PASS', 'PASS']， 最大动作为3号位打出的['Bomb', '5', ['S5', 'H5', 'C5', 'D5']]
[22:07:04] [yf1_v4] [INFO] 2号位打出['PASS', 'PASS', 'PASS']， 最大动作为3号位打出的['Bomb', '5', ['S5', 'H5', 'C5', 'D5']]
[22:07:04] [yf1_v4] [INFO] 3号位打出['Pair', '7', ['C7', 'D7']]， 最大动作为3号位打出的['Pair', '7', ['C7', 'D7']]
[22:07:04] [YFAdapter-P0] [INFO] [YF-P0] Decision context: myPos=0, curPos=3, greaterPos=3, teammate=2, curAction=[, actionList_size=1
[22:07:04] [YFAdapter-P0] [INFO] [YF-P0] Decided: action_index=0, action=['PASS', 'PASS', 'PASS']
[22:07:04] [HybridV4-P0] [INFO] ✓ Decision complete: action=0 (score=75.0, layer=YF), candidates=1, time=0.014s
[22:07:04] [yf1_v4] [INFO] 0号位打出['PASS', 'PASS', 'PASS']， 最大动作为3号位打出的['Pair', '7', ['C7', 'D7']]
[22:07:04] [yf1_v4] [INFO] 1号位打出['Pair', 'J', ['CJ', 'CJ']]， 最大动作为1号位打出的['Pair', 'J', ['CJ', 'CJ']]
[22:07:04] [yf1_v4] [INFO] 2号位打出['PASS', 'PASS', 'PASS']， 最大动作为1号位打出的['Pair', 'J', ['CJ', 'CJ']]
[22:07:04] [yf1_v4] [INFO] 3号位打出['PASS', 'PASS', 'PASS']， 最大动作为1号位打出的['Pair', 'J', ['CJ', 'CJ']]
[22:07:04] [YFAdapter-P0] [INFO] [YF-P0] Decision context: myPos=0, curPos=3, greaterPos=1, teammate=2, curAction=[, actionList_size=1
[22:07:04] [YFAdapter-P0] [INFO] [YF-P0] Decided: action_index=0, action=['PASS', 'PASS', 'PASS']
[22:07:04] [HybridV4-P0] [INFO] ✓ Decision complete: action=0 (score=75.0, layer=YF), candidates=1, time=0.005s
[22:07:04] [yf1_v4] [INFO] 0号位打出['PASS', 'PASS', 'PASS']， 最大动作为1号位打出的['Pair', 'J', ['CJ', 'CJ']]
[22:07:04] [yf1_v4] [INFO] 1号位打出['ThreeWithTwo', '2', ['H2', 'C2', 'D2', 'S3', 'C3']]， 最大动作为1号位打出的['ThreeWithTwo', '2', ['H2', 'C2', 'D2', 'S3', 'C3']]
[22:07:04] [yf1_v4] [INFO] 2号位打出['PASS', 'PASS', 'PASS']， 最大动作为1号位打出的['ThreeWithTwo', '2', ['H2', 'C2', 'D2', 'S3', 'C3']]
[22:07:04] [yf1_v4] [INFO] 3号位打出['ThreeWithTwo', 'Q', ['CQ', 'DQ', 'DQ', 'C9', 'D9']]， 最大动作为3号位打出的['ThreeWithTwo', 'Q', ['CQ', 'DQ', 'DQ', 'C9', 'D9']]
[22:07:04] [YFAdapter-P0] [INFO] [YF-P0] Decision context: myPos=0, curPos=3, greaterPos=3, teammate=2, curAction=[, actionList_size=1
[22:07:04] [YFAdapter-P0] [INFO] [YF-P0] Decided: action_index=0, action=['PASS', 'PASS', 'PASS']
[22:07:04] [HybridV4-P0] [INFO] ✓ Decision complete: action=0 (score=-5.0, layer=YF), candidates=1, time=0.004s
[22:07:04] [yf1_v4] [INFO] 0号位打出['PASS', 'PASS', 'PASS']， 最大动作为3号位打出的['ThreeWithTwo', 'Q', ['CQ', 'DQ', 'DQ', 'C9', 'D9']]
[22:07:04] [yf1_v4] [INFO] 1号位打出['PASS', 'PASS', 'PASS']， 最大动作为3号位打出的['ThreeWithTwo', 'Q', ['CQ', 'DQ', 'DQ', 'C9', 'D9']]
[22:07:04] [yf1_v4] [INFO] 2号位打出['PASS', 'PASS', 'PASS']， 最大动作为3号位打出的['ThreeWithTwo', 'Q', ['CQ', 'DQ', 'DQ', 'C9', 'D9']]
[22:07:04] [yf1_v4] [INFO] 3号位打出['Single', 'R', ['HR']]， 最大动作为3号位打出的['Single', 'R', ['HR']]
[22:07:04] [YFAdapter-P0] [INFO] [YF-P0] Decision context: myPos=0, curPos=3, greaterPos=3, teammate=2, curAction=[, actionList_size=1
[22:07:04] [YFAdapter-P0] [INFO] [YF-P0] Decided: action_index=0, action=['PASS', 'PASS', 'PASS']
[22:07:04] [HybridV4-P0] [INFO] ✓ Decision complete: action=0 (score=-5.0, layer=YF), candidates=1, time=0.015s
[22:07:04] [yf1_v4] [INFO] 0号位打出['PASS', 'PASS', 'PASS']， 最大动作为3号位打出的['Single', 'R', ['HR']]
[22:07:04] [yf1_v4] [INFO] 1号位打出['PASS', 'PASS', 'PASS']， 最大动作为3号位打出的['Single', 'R', ['HR']]
[22:07:04] [yf1_v4] [INFO] 1号位打出['Pair', '4', ['H4', 'C4']]， 最大动作为1号位打出的['Pair', '4', ['H4', 'C4']]
[22:07:04] [yf1_v4] [INFO] 2号位打出['Pair', '9', ['H9', 'D9']]， 最大动作为2号位打出的['Pair', '9', ['H9', 'D9']]
[22:07:04] [YFAdapter-P0] [INFO] [YF-P0] Decision context: myPos=0, curPos=2, greaterPos=2, teammate=2, curAction=[, actionList_size=1
[22:07:04] [YFAdapter-P0] [INFO] [YF-P0] Decided: action_index=0, action=['PASS', 'PASS', 'PASS']
[22:07:04] [HybridV4-P0] [INFO] ✓ Decision complete: action=0 (score=10.0, layer=YF), candidates=1, time=0.005s
[22:07:04] [yf1_v4] [INFO] 0号位打出['PASS', 'PASS', 'PASS']， 最大动作为2号位打出的['Pair', '9', ['H9', 'D9']]
[22:07:04] [yf1_v4] [INFO] 1号位打出['Bomb', '6', ['S6', 'H6', 'C6', 'D6']]， 最大动作为1号位打出的['Bomb', '6', ['S6', 'H6', 'C6', 'D6']]
[22:07:04] [yf1_v4] [INFO] 2号位打出['PASS', 'PASS', 'PASS']， 最大动作为1号位打出的['Bomb', '6', ['S6', 'H6', 'C6', 'D6']]
[22:07:04] [YFAdapter-P0] [INFO] [YF-P0] Decision context: myPos=0, curPos=2, greaterPos=1, teammate=2, curAction=[, actionList_size=1
[22:07:04] [YFAdapter-P0] [INFO] [YF-P0] Decided: action_index=0, action=['PASS', 'PASS', 'PASS']
[22:07:04] [HybridV4-P0] [INFO] ✓ Decision complete: action=0 (score=10.0, layer=YF), candidates=1, time=0.006s
[22:07:04] [yf1_v4] [INFO] 0号位打出['PASS', 'PASS', 'PASS']， 最大动作为1号位打出的['Bomb', '6', ['S6', 'H6', 'C6', 'D6']]
[22:07:05] [yf1_v4] [INFO] 1号位打出['Single', '7', ['S7']]， 最大动作为1号位打出的['Single', '7', ['S7']]
[22:07:05] [yf1_v4] [INFO] 2号位打出['Single', 'T', ['CT']]， 最大动作为2号位打出的['Single', 'T', ['CT']]
[22:07:05] [YFAdapter-P0] [INFO] [YF-P0] Decision context: myPos=0, curPos=2, greaterPos=2, teammate=2, curAction=[, actionList_size=1
[22:07:05] [YFAdapter-P0] [INFO] [YF-P0] Decided: action_index=0, action=['PASS', 'PASS', 'PASS']
[22:07:05] [HybridV4-P0] [INFO] ✓ Decision complete: action=0 (score=10.0, layer=YF), candidates=1, time=0.005s
[22:07:05] [yf1_v4] [INFO] 0号位打出['PASS', 'PASS', 'PASS']， 最大动作为2号位打出的['Single', 'T', ['CT']]
[22:07:05] [yf1_v4] [INFO] 1号位打出['Bomb', 'T', ['ST', 'HT', 'CT', 'DT']]， 最大动作为1号位打出的['Bomb', 'T', ['ST', 'HT', 'CT', 'DT']]
[22:07:05] [yf1_v4] [INFO] 2号位打出['PASS', 'PASS', 'PASS']， 最大动作为1号位打出的['Bomb', 'T', ['ST', 'HT', 'CT', 'DT']]
[22:07:05] [YFAdapter-P0] [INFO] [YF-P0] Decision context: myPos=0, curPos=2, greaterPos=1, teammate=2, curAction=[, actionList_size=1
[22:07:05] [YFAdapter-P0] [INFO] [YF-P0] Decided: action_index=0, action=['PASS', 'PASS', 'PASS']
[22:07:05] [HybridV4-P0] [INFO] ✓ Decision complete: action=0 (score=110.0, layer=YF), candidates=1, time=0.006s
[22:07:05] [yf1_v4] [INFO] 0号位打出['PASS', 'PASS', 'PASS']， 最大动作为1号位打出的['Bomb', 'T', ['ST', 'HT', 'CT', 'DT']]
[22:07:05] [yf1_v4] [INFO] 1号位打出['Trips', '7', ['H7', 'H7', 'D7']]， 最大动作为1号位打出的['Trips', '7', ['H7', 'H7', 'D7']]
[22:07:05] [yf1_v4] [INFO] ============================================================
[22:07:05] [yf1_v4] [INFO] GAME RESULT
[22:07:05] [yf1_v4] [INFO] ============================================================
[22:07:05] [yf1_v4] [INFO] Victory counts: [0, 3, 0, 3]
[22:07:05] [yf1_v4] [INFO] Total decisions this game: 377
[22:07:05] [yf1_v4] [INFO] Total games played: 1
[22:07:05] [yf1_v4] [INFO] Layer usage statistics:
[22:07:05] [yf1_v4] [INFO]   CriticalRules: 4/4 (100.0%)
[22:07:05] [yf1_v4] [INFO]   KnowledgeEnhanced: 373/373 (100.0%)
[22:07:05] [yf1_v4] [INFO] ============================================================
[22:07:05] [HybridV4-P0] [INFO] Statistics reset
