[22:31:35] [websocket_manager.yf1_v5] [INFO] WebSocket Manager initialized for yf1_v5
[22:31:35] [websocket_manager.yf1_v5] [INFO]   - URI: ws://127.0.0.1:23456/game/yf1_v5
[22:31:35] [websocket_manager.yf1_v5] [INFO]   - Reconnect interval: 5s
[22:31:35] [websocket_manager.yf1_v5] [INFO]   - Heartbeat interval: 30s
[22:31:35] [websocket_manager.yf1_v5] [INFO]   - Timeout: 10s
[22:31:35] [HybridV4-P0] [INFO] HybridDecisionEngineV4 initialized
[22:31:38] [yf1_v5] [INFO] ✓ RL Engine initialized
[22:31:38] [yf1_v5] [INFO] ✓ yf1_v5 initialized (Player 0)
[22:31:38] [yf1_v5] [INFO]   - RL Engine: Available
[22:31:38] [yf1_v5] [INFO]   - Hybrid Decision: True
[22:31:38] [websocket_manager.yf1_v5] [INFO] Connecting to ws://127.0.0.1:23456/game/yf1_v5... (attempt 1)
[22:31:38] [websocket_manager.yf1_v5] [INFO] ✓ Connected to server: ws://127.0.0.1:23456/game/yf1_v5
[22:31:41] [yf1_v5] [INFO] 游戏开始, 我是1号位，手牌：['S3', 'S3', 'C3', 'D3', 'S4', 'C4', 'D4', 'H5', 'S7', 'H7', 'S8', 'S8', 'H8', 'H8', 'H9', 'D9', 'HJ', 'HQ', 'CQ', 'SK', 'HK', 'CK', 'HA', 'CA', 'CA', 'C2', 'D2']
[22:31:41] [yf1_v5] [INFO] 3号位打出['Single', '4', ['D4']]， 最大动作为3号位打出的['Single', '4', ['D4']]
[22:31:41] [yf1_v5] [INFO] 0号位打出['Single', '8', ['C8']]， 最大动作为0号位打出的['Single', '8', ['C8']]
[22:31:41] [YFAdapter-P0] [INFO] YF state initialized: player_id=0
[22:31:41] [YFAdapter-P0] [INFO] YFAdapter initialized for player 0
[22:31:41] [HybridV4-P0] [INFO] YFAdapter initialized (lazy)
[22:31:41] [YFAdapter-P0] [INFO] [YF-P0] Decision context: myPos=0, curPos=0, greaterPos=0, teammate=2, curAction=[, actionList_size=15
[22:31:41] [YFAdapter-P0] [INFO] [YF-P0] Decided: action_index=3, action=['Single', 'J', [['H', 'J']]]
[22:31:41] [HybridV4-P0] [INFO] DecisionEngine initialized (lazy)
[22:31:41] [HybridV4-P0] [INFO] KnowledgeEnhancedDecisionEngine initialized (lazy)
[22:31:41] [yf1_v5] [INFO] 1号位打出['Single', 'J', ['HJ']]， 最大动作为1号位打出的['Single', 'J', ['HJ']]
[22:31:41] [yf1_v5] [INFO] 2号位打出['Single', '2', ['S2']]， 最大动作为2号位打出的['Single', '2', ['S2']]
[22:31:41] [yf1_v5] [INFO] 3号位打出['StraightFlush', '9', ['C9', 'CT', 'CJ', 'CQ', 'CK']]， 最大动作为3号位打出的['StraightFlush', '9', ['C9', 'CT', 'CJ', 'CQ', 'CK']]
[22:31:41] [yf1_v5] [INFO] 0号位打出['PASS', 'PASS', 'PASS']， 最大动作为3号位打出的['StraightFlush', '9', ['C9', 'CT', 'CJ', 'CQ', 'CK']]
[22:31:41] [YFAdapter-P0] [INFO] [YF-P0] Decision context: myPos=0, curPos=0, greaterPos=3, teammate=2, curAction=[, actionList_size=1
[22:31:41] [YFAdapter-P0] [INFO] [YF-P0] Decided: action_index=0, action=['PASS', 'PASS', 'PASS']
[22:31:41] [yf1_v5] [INFO] 1号位打出['PASS', 'PASS', 'PASS']， 最大动作为3号位打出的['StraightFlush', '9', ['C9', 'CT', 'CJ', 'CQ', 'CK']]
[22:31:41] [yf1_v5] [INFO] 2号位打出['PASS', 'PASS', 'PASS']， 最大动作为3号位打出的['StraightFlush', '9', ['C9', 'CT', 'CJ', 'CQ', 'CK']]
[22:31:41] [yf1_v5] [INFO] 3号位打出['Pair', '3', ['H3', 'C3']]， 最大动作为3号位打出的['Pair', '3', ['H3', 'C3']]
[22:31:41] [yf1_v5] [INFO] 0号位打出['Pair', '6', ['S6', 'H6']]， 最大动作为0号位打出的['Pair', '6', ['S6', 'H6']]
[22:31:41] [YFAdapter-P0] [INFO] [YF-P0] Decision context: myPos=0, curPos=0, greaterPos=0, teammate=2, curAction=[, actionList_size=15
[22:31:41] [YFAdapter-P0] [INFO] [YF-P0] Decided: action_index=5, action=['Pair', '9', [['H', '9'], ['D', '9']]]
[22:31:41] [yf1_v5] [INFO] 1号位打出['Pair', '9', ['H9', 'D9']]， 最大动作为1号位打出的['Pair', '9', ['H9', 'D9']]
[22:31:41] [yf1_v5] [INFO] 2号位打出['Pair', 'J', ['SJ', 'H2']]， 最大动作为2号位打出的['Pair', 'J', ['SJ', 'H2']]
[22:31:41] [yf1_v5] [INFO] 3号位打出['Bomb', '7', ['C7', 'D7', 'D7', 'H2']]， 最大动作为3号位打出的['Bomb', '7', ['C7', 'D7', 'D7', 'H2']]
[22:31:41] [yf1_v5] [INFO] 0号位打出['Bomb', '9', ['S9', 'S9', 'C9', 'D9']]， 最大动作为0号位打出的['Bomb', '9', ['S9', 'S9', 'C9', 'D9']]
[22:31:41] [YFAdapter-P0] [INFO] [YF-P0] Decision context: myPos=0, curPos=0, greaterPos=0, teammate=2, curAction=[, actionList_size=1
[22:31:41] [YFAdapter-P0] [INFO] [YF-P0] Decided: action_index=0, action=['PASS', 'PASS', 'PASS']
[22:31:41] [yf1_v5] [INFO] 1号位打出['PASS', 'PASS', 'PASS']， 最大动作为0号位打出的['Bomb', '9', ['S9', 'S9', 'C9', 'D9']]
[22:31:41] [yf1_v5] [INFO] 2号位打出['PASS', 'PASS', 'PASS']， 最大动作为0号位打出的['Bomb', '9', ['S9', 'S9', 'C9', 'D9']]
[22:31:41] [yf1_v5] [INFO] 3号位打出['PASS', 'PASS', 'PASS']， 最大动作为0号位打出的['Bomb', '9', ['S9', 'S9', 'C9', 'D9']]
[22:31:41] [yf1_v5] [INFO] 0号位打出['Single', '3', ['D3']]， 最大动作为0号位打出的['Single', '3', ['D3']]
[22:31:41] [YFAdapter-P0] [INFO] [YF-P0] Decision context: myPos=0, curPos=0, greaterPos=0, teammate=2, curAction=[, actionList_size=20
[22:31:41] [YFAdapter-P0] [INFO] [YF-P0] Decided: action_index=16, action=['Single', '2', [['C', '2']]]
[22:31:41] [yf1_v5] [INFO] 1号位打出['Single', '2', ['C2']]， 最大动作为1号位打出的['Single', '2', ['C2']]
[22:31:41] [yf1_v5] [INFO] 2号位打出['Single', 'B', ['SB']]， 最大动作为2号位打出的['Single', 'B', ['SB']]
[22:31:41] [yf1_v5] [INFO] 3号位打出['Single', 'R', ['HR']]， 最大动作为3号位打出的['Single', 'R', ['HR']]
[22:31:41] [yf1_v5] [INFO] 0号位打出['Bomb', '5', ['S5', 'H5', 'C5', 'D5']]， 最大动作为0号位打出的['Bomb', '5', ['S5', 'H5', 'C5', 'D5']]
[22:31:41] [YFAdapter-P0] [INFO] [YF-P0] Decision context: myPos=0, curPos=0, greaterPos=0, teammate=2, curAction=[, actionList_size=2
[22:31:41] [YFAdapter-P0] [INFO] [YF-P0] Decided: action_index=0, action=['PASS', 'PASS', 'PASS']
[22:31:41] [yf1_v5] [INFO] 1号位打出['Bomb', '8', ['S8', 'S8', 'H8', 'H8']]， 最大动作为1号位打出的['Bomb', '8', ['S8', 'S8', 'H8', 'H8']]
[22:31:41] [yf1_v5] [INFO] 2号位打出['PASS', 'PASS', 'PASS']， 最大动作为1号位打出的['Bomb', '8', ['S8', 'S8', 'H8', 'H8']]
[22:31:41] [yf1_v5] [INFO] 3号位打出['PASS', 'PASS', 'PASS']， 最大动作为1号位打出的['Bomb', '8', ['S8', 'S8', 'H8', 'H8']]
[22:31:41] [yf1_v5] [INFO] 0号位打出['PASS', 'PASS', 'PASS']， 最大动作为1号位打出的['Bomb', '8', ['S8', 'S8', 'H8', 'H8']]
[22:31:41] [YFAdapter-P0] [INFO] [YF-P0] Decision context: myPos=0, curPos=-1, greaterPos=-1, teammate=2, curAction=[, actionList_size=126
[22:31:41] [YFAdapter-P0] [INFO] [YF-P0] Decided: action_index=6, action=['Single', '5', [['H', '5']]]
[22:31:41] [yf1_v5] [INFO] 1号位打出['Single', '5', ['H5']]， 最大动作为1号位打出的['Single', '5', ['H5']]
[22:31:41] [yf1_v5] [INFO] 2号位打出['Single', 'Q', ['HQ']]， 最大动作为2号位打出的['Single', 'Q', ['HQ']]
[22:31:41] [yf1_v5] [INFO] 3号位打出['Single', 'A', ['DA']]， 最大动作为3号位打出的['Single', 'A', ['DA']]
[22:31:41] [yf1_v5] [INFO] 0号位打出['Single', 'R', ['HR']]， 最大动作为0号位打出的['Single', 'R', ['HR']]
[22:31:41] [YFAdapter-P0] [INFO] [YF-P0] Decision context: myPos=0, curPos=0, greaterPos=0, teammate=2, curAction=[, actionList_size=2
[22:31:41] [YFAdapter-P0] [INFO] [YF-P0] Decided: action_index=0, action=['PASS', 'PASS', 'PASS']
[22:31:41] [yf1_v5] [INFO] 1号位打出['Bomb', '3', ['S3', 'S3', 'C3', 'D3']]， 最大动作为1号位打出的['Bomb', '3', ['S3', 'S3', 'C3', 'D3']]
[22:31:41] [yf1_v5] [INFO] 2号位打出['Bomb', '6', ['H6', 'C6', 'C6', 'D6']]， 最大动作为2号位打出的['Bomb', '6', ['H6', 'C6', 'C6', 'D6']]
[22:31:41] [yf1_v5] [INFO] 3号位打出['PASS', 'PASS', 'PASS']， 最大动作为2号位打出的['Bomb', '6', ['H6', 'C6', 'C6', 'D6']]
[22:31:41] [yf1_v5] [INFO] 0号位打出['PASS', 'PASS', 'PASS']， 最大动作为2号位打出的['Bomb', '6', ['H6', 'C6', 'C6', 'D6']]
[22:31:41] [YFAdapter-P0] [INFO] [YF-P0] Decision context: myPos=0, curPos=0, greaterPos=2, teammate=2, curAction=[, actionList_size=1
[22:31:41] [YFAdapter-P0] [INFO] [YF-P0] Decided: action_index=0, action=['PASS', 'PASS', 'PASS']
[22:31:41] [yf1_v5] [INFO] 1号位打出['PASS', 'PASS', 'PASS']， 最大动作为2号位打出的['Bomb', '6', ['H6', 'C6', 'C6', 'D6']]
[22:31:41] [yf1_v5] [INFO] 2号位打出['Single', '3', ['H3']]， 最大动作为2号位打出的['Single', '3', ['H3']]
[22:31:41] [yf1_v5] [INFO] 3号位打出['Single', '7', ['H7']]， 最大动作为3号位打出的['Single', '7', ['H7']]
[22:31:41] [yf1_v5] [INFO] 0号位打出['Single', 'Q', ['DQ']]， 最大动作为0号位打出的['Single', 'Q', ['DQ']]
[22:31:41] [YFAdapter-P0] [INFO] [YF-P0] Decision context: myPos=0, curPos=0, greaterPos=0, teammate=2, curAction=[, actionList_size=7
[22:31:41] [YFAdapter-P0] [INFO] [YF-P0] Decided: action_index=1, action=['Single', 'K', [['S', 'K']]]
[22:31:41] [yf1_v5] [INFO] 1号位打出['Single', 'K', ['SK']]， 最大动作为1号位打出的['Single', 'K', ['SK']]
[22:31:41] [yf1_v5] [INFO] 2号位打出['Single', '2', ['D2']]， 最大动作为2号位打出的['Single', '2', ['D2']]
[22:31:41] [yf1_v5] [INFO] 3号位打出['PASS', 'PASS', 'PASS']， 最大动作为2号位打出的['Single', '2', ['D2']]
[22:31:41] [yf1_v5] [INFO] 0号位打出['PASS', 'PASS', 'PASS']， 最大动作为2号位打出的['Single', '2', ['D2']]
[22:31:41] [YFAdapter-P0] [INFO] [YF-P0] Decision context: myPos=0, curPos=0, greaterPos=2, teammate=2, curAction=[, actionList_size=1
[22:31:41] [YFAdapter-P0] [INFO] [YF-P0] Decided: action_index=0, action=['PASS', 'PASS', 'PASS']
[22:31:41] [yf1_v5] [INFO] 1号位打出['PASS', 'PASS', 'PASS']， 最大动作为2号位打出的['Single', '2', ['D2']]
[22:31:41] [yf1_v5] [INFO] 2号位打出['Single', '5', ['D5']]， 最大动作为2号位打出的['Single', '5', ['D5']]
[22:31:41] [yf1_v5] [INFO] 3号位打出['PASS', 'PASS', 'PASS']， 最大动作为2号位打出的['Single', '5', ['D5']]
[22:31:41] [yf1_v5] [INFO] 0号位打出['Single', 'A', ['SA']]， 最大动作为0号位打出的['Single', 'A', ['SA']]
[22:31:41] [YFAdapter-P0] [INFO] [YF-P0] Decision context: myPos=0, curPos=0, greaterPos=0, teammate=2, curAction=[, actionList_size=2
[22:31:41] [YFAdapter-P0] [INFO] [YF-P0] Decided: action_index=1, action=['Single', '2', [['D', '2']]]
[22:31:41] [yf1_v5] [INFO] 1号位打出['Single', '2', ['D2']]， 最大动作为1号位打出的['Single', '2', ['D2']]
[22:31:41] [yf1_v5] [INFO] 2号位打出['Single', 'B', ['SB']]， 最大动作为2号位打出的['Single', 'B', ['SB']]
[22:31:41] [yf1_v5] [INFO] 3号位打出['PASS', 'PASS', 'PASS']， 最大动作为2号位打出的['Single', 'B', ['SB']]
[22:31:41] [yf1_v5] [INFO] 0号位打出['PASS', 'PASS', 'PASS']， 最大动作为2号位打出的['Single', 'B', ['SB']]
[22:31:41] [YFAdapter-P0] [INFO] [YF-P0] Decision context: myPos=0, curPos=0, greaterPos=2, teammate=2, curAction=[, actionList_size=1
[22:31:41] [YFAdapter-P0] [INFO] [YF-P0] Decided: action_index=0, action=['PASS', 'PASS', 'PASS']
[22:31:41] [yf1_v5] [INFO] 1号位打出['PASS', 'PASS', 'PASS']， 最大动作为2号位打出的['Single', 'B', ['SB']]
[22:31:41] [yf1_v5] [INFO] 2号位打出['Straight', '8', ['D8', 'H9', 'ST', 'SJ', 'SQ']]， 最大动作为2号位打出的['Straight', '8', ['D8', 'H9', 'ST', 'SJ', 'SQ']]
[22:31:41] [yf1_v5] [INFO] 3号位打出['PASS', 'PASS', 'PASS']， 最大动作为2号位打出的['Straight', '8', ['D8', 'H9', 'ST', 'SJ', 'SQ']]
[22:31:41] [yf1_v5] [INFO] 0号位打出['PASS', 'PASS', 'PASS']， 最大动作为2号位打出的['Straight', '8', ['D8', 'H9', 'ST', 'SJ', 'SQ']]
[22:31:41] [YFAdapter-P0] [INFO] [YF-P0] Decision context: myPos=0, curPos=0, greaterPos=2, teammate=2, curAction=[, actionList_size=1
[22:31:41] [YFAdapter-P0] [INFO] [YF-P0] Decided: action_index=0, action=['PASS', 'PASS', 'PASS']
[22:31:41] [yf1_v5] [INFO] 1号位打出['PASS', 'PASS', 'PASS']， 最大动作为2号位打出的['Straight', '8', ['D8', 'H9', 'ST', 'SJ', 'SQ']]
[22:31:41] [yf1_v5] [INFO] 2号位打出['ThreeWithTwo', '4', ['S4', 'H4', 'C4', 'HT', 'HT']]， 最大动作为2号位打出的['ThreeWithTwo', '4', ['S4', 'H4', 'C4', 'HT', 'HT']]
[22:31:41] [yf1_v5] [INFO] 3号位打出['PASS', 'PASS', 'PASS']， 最大动作为2号位打出的['ThreeWithTwo', '4', ['S4', 'H4', 'C4', 'HT', 'HT']]
[22:31:41] [yf1_v5] [INFO] 0号位打出['ThreeWithTwo', 'T', ['CT', 'DT', 'DT', 'S7', 'C7']]， 最大动作为0号位打出的['ThreeWithTwo', 'T', ['CT', 'DT', 'DT', 'S7', 'C7']]
[22:31:41] [YFAdapter-P0] [INFO] [YF-P0] Decision context: myPos=0, curPos=0, greaterPos=0, teammate=2, curAction=[, actionList_size=7
[22:31:41] [YFAdapter-P0] [INFO] [YF-P0] Decided: action_index=4, action=['ThreeWithTwo', 'A', [['H', 'A'], ['C', 'A'], ['C', 'A'], ['S', '7'], ['H', '7']]]
[22:31:41] [yf1_v5] [INFO] 1号位打出['ThreeWithTwo', 'A', ['HA', 'CA', 'CA', 'S7', 'H7']]， 最大动作为1号位打出的['ThreeWithTwo', 'A', ['HA', 'CA', 'CA', 'S7', 'H7']]
[22:31:41] [yf1_v5] [INFO] 2号位打出['PASS', 'PASS', 'PASS']， 最大动作为1号位打出的['ThreeWithTwo', 'A', ['HA', 'CA', 'CA', 'S7', 'H7']]
[22:31:41] [yf1_v5] [INFO] 3号位打出['PASS', 'PASS', 'PASS']， 最大动作为1号位打出的['ThreeWithTwo', 'A', ['HA', 'CA', 'CA', 'S7', 'H7']]
[22:31:41] [yf1_v5] [INFO] 0号位打出['Bomb', 'J', ['HJ', 'CJ', 'DJ', 'DJ']]， 最大动作为0号位打出的['Bomb', 'J', ['HJ', 'CJ', 'DJ', 'DJ']]
[22:31:41] [YFAdapter-P0] [INFO] [YF-P0] Decision context: myPos=0, curPos=0, greaterPos=0, teammate=2, curAction=[, actionList_size=1
[22:31:41] [YFAdapter-P0] [INFO] [YF-P0] Decided: action_index=0, action=['PASS', 'PASS', 'PASS']
[22:31:41] [yf1_v5] [INFO] 1号位打出['PASS', 'PASS', 'PASS']， 最大动作为0号位打出的['Bomb', 'J', ['HJ', 'CJ', 'DJ', 'DJ']]
[22:31:41] [yf1_v5] [INFO] 2号位打出['PASS', 'PASS', 'PASS']， 最大动作为0号位打出的['Bomb', 'J', ['HJ', 'CJ', 'DJ', 'DJ']]
[22:31:41] [yf1_v5] [INFO] 3号位打出['PASS', 'PASS', 'PASS']， 最大动作为0号位打出的['Bomb', 'J', ['HJ', 'CJ', 'DJ', 'DJ']]
[22:31:41] [yf1_v5] [INFO] 0号位打出['Single', '4', ['H4']]， 最大动作为0号位打出的['Single', '4', ['H4']]
[22:31:41] [YFAdapter-P0] [INFO] [YF-P0] Decision context: myPos=0, curPos=0, greaterPos=0, teammate=2, curAction=[, actionList_size=5
[22:31:41] [YFAdapter-P0] [INFO] [YF-P0] Decided: action_index=4, action=['Single', 'K', [['C', 'K']]]
[22:31:41] [yf1_v5] [INFO] 1号位打出['Single', 'K', ['CK']]， 最大动作为1号位打出的['Single', 'K', ['CK']]
[22:31:41] [yf1_v5] [INFO] 2号位打出['PASS', 'PASS', 'PASS']， 最大动作为1号位打出的['Single', 'K', ['CK']]
[22:31:41] [yf1_v5] [INFO] 3号位打出['PASS', 'PASS', 'PASS']， 最大动作为1号位打出的['Single', 'K', ['CK']]
[22:31:41] [yf1_v5] [INFO] 0号位打出['PASS', 'PASS', 'PASS']， 最大动作为1号位打出的['Single', 'K', ['CK']]
[22:31:41] [YFAdapter-P0] [INFO] [YF-P0] Decision context: myPos=0, curPos=-1, greaterPos=-1, teammate=2, curAction=[, actionList_size=12
[22:31:41] [YFAdapter-P0] [INFO] [YF-P0] Decided: action_index=11, action=['ThreeWithTwo', '4', [['S', '4'], ['C', '4'], ['D', '4'], ['H', 'Q'], ['C', 'Q']]]
[22:31:41] [yf1_v5] [INFO] 1号位打出['ThreeWithTwo', '4', ['S4', 'C4', 'D4', 'HQ', 'CQ']]， 最大动作为1号位打出的['ThreeWithTwo', '4', ['S4', 'C4', 'D4', 'HQ', 'CQ']]
[22:31:41] [yf1_v5] [INFO] 2号位打出['PASS', 'PASS', 'PASS']， 最大动作为1号位打出的['ThreeWithTwo', '4', ['S4', 'C4', 'D4', 'HQ', 'CQ']]
[22:31:41] [yf1_v5] [INFO] 3号位打出['PASS', 'PASS', 'PASS']， 最大动作为1号位打出的['ThreeWithTwo', '4', ['S4', 'C4', 'D4', 'HQ', 'CQ']]
[22:31:41] [yf1_v5] [INFO] 0号位打出['PASS', 'PASS', 'PASS']， 最大动作为1号位打出的['ThreeWithTwo', '4', ['S4', 'C4', 'D4', 'HQ', 'CQ']]
[22:31:41] [YFAdapter-P0] [INFO] [YF-P0] Decision context: myPos=0, curPos=-1, greaterPos=-1, teammate=2, curAction=[, actionList_size=1
[22:31:41] [YFAdapter-P0] [INFO] [YF-P0] Decided: action_index=0, action=['Single', 'K', [['H', 'K']]]
[22:31:42] [yf1_v5] [INFO] 1号位打出['Single', 'K', ['HK']]， 最大动作为1号位打出的['Single', 'K', ['HK']]
[22:31:42] [yf1_v5] [INFO] 2号位打出['Single', 'A', ['DA']]， 最大动作为2号位打出的['Single', 'A', ['DA']]
[22:31:42] [yf1_v5] [INFO] 3号位打出['Single', '2', ['S2']]， 最大动作为3号位打出的['Single', '2', ['S2']]
[22:31:42] [yf1_v5] [INFO] 0号位打出['PASS', 'PASS', 'PASS']， 最大动作为3号位打出的['Single', '2', ['S2']]
[22:31:42] [yf1_v5] [INFO] 2号位打出['PASS', 'PASS', 'PASS']， 最大动作为3号位打出的['Single', '2', ['S2']]
[22:31:42] [yf1_v5] [INFO] 3号位打出['Pair', '5', ['S5', 'C5']]， 最大动作为3号位打出的['Pair', '5', ['S5', 'C5']]
[22:31:42] [yf1_v5] [INFO] 0号位打出['Pair', 'K', ['SK', 'HK']]， 最大动作为0号位打出的['Pair', 'K', ['SK', 'HK']]
[22:31:42] [yf1_v5] [INFO] 2号位打出['PASS', 'PASS', 'PASS']， 最大动作为0号位打出的['Pair', 'K', ['SK', 'HK']]
[22:31:42] [yf1_v5] [INFO] 2号位打出['Pair', 'K', ['DK', 'DK']]， 最大动作为2号位打出的['Pair', 'K', ['DK', 'DK']]
[22:31:42] [yf1_v5] [INFO] 3号位打出['PASS', 'PASS', 'PASS']， 最大动作为2号位打出的['Pair', 'K', ['DK', 'DK']]
[22:31:42] [yf1_v5] [INFO] 2号位打出['Single', 'A', ['HA']]， 最大动作为2号位打出的['Single', 'A', ['HA']]
[22:31:42] [yf1_v5] [INFO] 游戏开始, 我是1号位，手牌：['H2', 'D2', 'C5', 'C6', 'D6', 'S7', 'H7', 'H7', 'S8', 'S8', 'C8', 'D8', 'C9', 'D9', 'ST', 'HT', 'HT', 'DT', 'HJ', 'SQ', 'SK', 'CK', 'DK', 'SA', 'HA', 'DA', 'H3']
[22:31:42] [YFAdapter-P0] [INFO] [YF-P0] Decision context: myPos=0, curPos=-1, greaterPos=-1, teammate=2, curAction=[, actionList_size=15
[22:31:42] [YFAdapter-P0] [ERROR] YF rule_parse failed: 'NoneType' object is not iterable
Traceback (most recent call last):
  File "D:\guandanscore\YiFeiAI-GD\src\communication\lalala_adapter_v4.py", line 462, in _make_yf_decision
    act_index = self.yf_action.rule_parse(
        message,
    ...<6 lines>...
        self.yf_state.tribute_result
    )
  File "D:\NYGD\lalala\action.py", line 1391, in rule_parse
    self.act = self.back_action(msg,mypos,tribute_result)
               ~~~~~~~~~~~~~~~~^^^^^^^^^^^^^^^^^^^^^^^^^^
  File "D:\NYGD\lalala\action.py", line 1331, in back_action
    card = choose_in_single(combined_temp["Single"])
  File "D:\NYGD\lalala\action.py", line 1212, in choose_in_single
    for my_pos in tribute_result:
                  ^^^^^^^^^^^^^^
TypeError: 'NoneType' object is not iterable
[22:31:42] [YFAdapter-P0] [ERROR] YF decision failed: YF decision failed: 'NoneType' object is not iterable
Traceback (most recent call last):
  File "D:\guandanscore\YiFeiAI-GD\src\communication\lalala_adapter_v4.py", line 462, in _make_yf_decision
    act_index = self.yf_action.rule_parse(
        message,
    ...<6 lines>...
        self.yf_state.tribute_result
    )
  File "D:\NYGD\lalala\action.py", line 1391, in rule_parse
    self.act = self.back_action(msg,mypos,tribute_result)
               ~~~~~~~~~~~~~~~~^^^^^^^^^^^^^^^^^^^^^^^^^^
  File "D:\NYGD\lalala\action.py", line 1331, in back_action
    card = choose_in_single(combined_temp["Single"])
  File "D:\NYGD\lalala\action.py", line 1212, in choose_in_single
    for my_pos in tribute_result:
                  ^^^^^^^^^^^^^^
TypeError: 'NoneType' object is not iterable

During handling of the above exception, another exception occurred:

Traceback (most recent call last):
  File "D:\guandanscore\YiFeiAI-GD\src\communication\lalala_adapter_v4.py", line 96, in decide
    action_index = self._make_yf_decision(converted_message)
  File "D:\guandanscore\YiFeiAI-GD\src\communication\lalala_adapter_v4.py", line 526, in _make_yf_decision
    raise RuntimeError(f"YF decision failed: {e}")
RuntimeError: YF decision failed: 'NoneType' object is not iterable
[22:31:42] [yf1_v5] [INFO] 3号位打出['Single', '4', ['S4']]， 最大动作为3号位打出的['Single', '4', ['S4']]
[22:31:42] [yf1_v5] [INFO] 0号位打出['Single', '3', ['S3']]， 最大动作为0号位打出的['Single', '3', ['S3']]
[22:31:42] [YFAdapter-P0] [INFO] [YF-P0] Decision context: myPos=0, curPos=0, greaterPos=0, teammate=2, curAction=[, actionList_size=15
[22:31:42] [YFAdapter-P0] [INFO] [YF-P0] Decided: action_index=3, action=['Bomb', '8', [['S', '8'], ['S', '8'], ['C', '8'], ['H', '3']]]
[22:31:42] [yf1_v5] [INFO] 1号位打出['Bomb', '8', ['S8', 'S8', 'C8', 'H3']]， 最大动作为1号位打出的['Bomb', '8', ['S8', 'S8', 'C8', 'H3']]
[22:31:42] [yf1_v5] [INFO] 2号位打出['PASS', 'PASS', 'PASS']， 最大动作为1号位打出的['Bomb', '8', ['S8', 'S8', 'C8', 'H3']]
[22:31:42] [yf1_v5] [INFO] 3号位打出['Bomb', '2', ['S2', 'H2', 'H2', 'C2', 'H3']]， 最大动作为3号位打出的['Bomb', '2', ['S2', 'H2', 'H2', 'C2', 'H3']]
[22:31:42] [yf1_v5] [INFO] 0号位打出['PASS', 'PASS', 'PASS']， 最大动作为3号位打出的['Bomb', '2', ['S2', 'H2', 'H2', 'C2', 'H3']]
[22:31:42] [YFAdapter-P0] [INFO] [YF-P0] Decision context: myPos=0, curPos=0, greaterPos=3, teammate=2, curAction=[, actionList_size=1
[22:31:42] [YFAdapter-P0] [INFO] [YF-P0] Decided: action_index=0, action=['PASS', 'PASS', 'PASS']
[22:31:42] [yf1_v5] [INFO] 1号位打出['PASS', 'PASS', 'PASS']， 最大动作为3号位打出的['Bomb', '2', ['S2', 'H2', 'H2', 'C2', 'H3']]
[22:31:42] [yf1_v5] [INFO] 2号位打出['PASS', 'PASS', 'PASS']， 最大动作为3号位打出的['Bomb', '2', ['S2', 'H2', 'H2', 'C2', 'H3']]
[22:31:42] [yf1_v5] [INFO] 3号位打出['Single', '8', ['H8']]， 最大动作为3号位打出的['Single', '8', ['H8']]
[22:31:42] [yf1_v5] [INFO] 0号位打出['Single', '3', ['S3']]， 最大动作为0号位打出的['Single', '3', ['S3']]
[22:31:42] [YFAdapter-P0] [INFO] [YF-P0] Decision context: myPos=0, curPos=0, greaterPos=0, teammate=2, curAction=[, actionList_size=3
[22:31:42] [YFAdapter-P0] [INFO] [YF-P0] Decided: action_index=2, action=['Bomb', 'T', [['S', 'T'], ['H', 'T'], ['H', 'T'], ['D', 'T']]]
[22:31:42] [yf1_v5] [INFO] 1号位打出['Bomb', 'T', ['ST', 'HT', 'HT', 'DT']]， 最大动作为1号位打出的['Bomb', 'T', ['ST', 'HT', 'HT', 'DT']]
[22:31:42] [yf1_v5] [INFO] 2号位打出['PASS', 'PASS', 'PASS']， 最大动作为1号位打出的['Bomb', 'T', ['ST', 'HT', 'HT', 'DT']]
[22:31:42] [yf1_v5] [INFO] 3号位打出['PASS', 'PASS', 'PASS']， 最大动作为1号位打出的['Bomb', 'T', ['ST', 'HT', 'HT', 'DT']]
[22:31:42] [yf1_v5] [INFO] 0号位打出['PASS', 'PASS', 'PASS']， 最大动作为1号位打出的['Bomb', 'T', ['ST', 'HT', 'HT', 'DT']]
[22:31:42] [YFAdapter-P0] [INFO] [YF-P0] Decision context: myPos=0, curPos=-1, greaterPos=-1, teammate=2, curAction=[, actionList_size=61
[22:31:42] [YFAdapter-P0] [INFO] [YF-P0] Decided: action_index=0, action=['Single', '2', [['D', '2']]]
[22:31:42] [yf1_v5] [INFO] 1号位打出['Single', '2', ['D2']]， 最大动作为1号位打出的['Single', '2', ['D2']]
[22:31:42] [yf1_v5] [INFO] 2号位打出['Single', '6', ['D6']]， 最大动作为2号位打出的['Single', '6', ['D6']]
[22:31:42] [yf1_v5] [INFO] 3号位打出['Single', 'Q', ['CQ']]， 最大动作为3号位打出的['Single', 'Q', ['CQ']]
[22:31:42] [yf1_v5] [INFO] 0号位打出['Single', '3', ['D3']]， 最大动作为0号位打出的['Single', '3', ['D3']]
[22:31:42] [YFAdapter-P0] [INFO] [YF-P0] Decision context: myPos=0, curPos=0, greaterPos=0, teammate=2, curAction=[, actionList_size=2
[22:31:42] [YFAdapter-P0] [INFO] [YF-P0] Decided: action_index=0, action=['PASS', 'PASS', 'PASS']
[22:31:42] [yf1_v5] [INFO] 1号位打出['PASS', 'PASS', 'PASS']， 最大动作为0号位打出的['Single', '3', ['D3']]
[22:31:42] [yf1_v5] [INFO] 2号位打出['PASS', 'PASS', 'PASS']， 最大动作为0号位打出的['Single', '3', ['D3']]
[22:31:42] [yf1_v5] [INFO] 3号位打出['PASS', 'PASS', 'PASS']， 最大动作为0号位打出的['Single', '3', ['D3']]
[22:31:42] [yf1_v5] [INFO] 0号位打出['Straight', '5', ['H5', 'H6', 'D7', 'D8', 'D9']]， 最大动作为0号位打出的['Straight', '5', ['H5', 'H6', 'D7', 'D8', 'D9']]
[22:31:42] [YFAdapter-P0] [INFO] [YF-P0] Decision context: myPos=0, curPos=0, greaterPos=0, teammate=2, curAction=[, actionList_size=1
[22:31:42] [YFAdapter-P0] [INFO] [YF-P0] Decided: action_index=0, action=['PASS', 'PASS', 'PASS']
[22:31:42] [yf1_v5] [INFO] 1号位打出['PASS', 'PASS', 'PASS']， 最大动作为0号位打出的['Straight', '5', ['H5', 'H6', 'D7', 'D8', 'D9']]
[22:31:42] [yf1_v5] [INFO] 2号位打出['PASS', 'PASS', 'PASS']， 最大动作为0号位打出的['Straight', '5', ['H5', 'H6', 'D7', 'D8', 'D9']]
[22:31:42] [yf1_v5] [INFO] 3号位打出['PASS', 'PASS', 'PASS']， 最大动作为0号位打出的['Straight', '5', ['H5', 'H6', 'D7', 'D8', 'D9']]
[22:31:42] [yf1_v5] [INFO] 0号位打出['ThreeWithTwo', '4', ['H4', 'C4', 'D4', 'S2', 'C2']]， 最大动作为0号位打出的['ThreeWithTwo', '4', ['H4', 'C4', 'D4', 'S2', 'C2']]
[22:31:42] [YFAdapter-P0] [INFO] [YF-P0] Decision context: myPos=0, curPos=0, greaterPos=0, teammate=2, curAction=[, actionList_size=23
[22:31:42] [YFAdapter-P0] [INFO] [YF-P0] Decided: action_index=13, action=['ThreeWithTwo', 'K', [['S', 'K'], ['C', 'K'], ['D', 'K'], ['S', 'A'], ['D', 'A']]]
[22:31:42] [yf1_v5] [INFO] 1号位打出['ThreeWithTwo', 'K', ['SK', 'CK', 'DK', 'SA', 'DA']]， 最大动作为1号位打出的['ThreeWithTwo', 'K', ['SK', 'CK', 'DK', 'SA', 'DA']]
[22:31:42] [yf1_v5] [INFO] 2号位打出['Bomb', '4', ['S4', 'H4', 'C4', 'D4']]， 最大动作为2号位打出的['Bomb', '4', ['S4', 'H4', 'C4', 'D4']]
[22:31:42] [yf1_v5] [INFO] 3号位打出['PASS', 'PASS', 'PASS']， 最大动作为2号位打出的['Bomb', '4', ['S4', 'H4', 'C4', 'D4']]
[22:31:42] [yf1_v5] [INFO] 0号位打出['PASS', 'PASS', 'PASS']， 最大动作为2号位打出的['Bomb', '4', ['S4', 'H4', 'C4', 'D4']]
[22:31:42] [YFAdapter-P0] [INFO] [YF-P0] Decision context: myPos=0, curPos=0, greaterPos=2, teammate=2, curAction=[, actionList_size=1
[22:31:42] [YFAdapter-P0] [INFO] [YF-P0] Decided: action_index=0, action=['PASS', 'PASS', 'PASS']
[22:31:42] [yf1_v5] [INFO] 1号位打出['PASS', 'PASS', 'PASS']， 最大动作为2号位打出的['Bomb', '4', ['S4', 'H4', 'C4', 'D4']]
[22:31:42] [yf1_v5] [INFO] 2号位打出['Single', '2', ['D2']]， 最大动作为2号位打出的['Single', '2', ['D2']]
[22:31:42] [yf1_v5] [INFO] 3号位打出['Single', 'A', ['CA']]， 最大动作为3号位打出的['Single', 'A', ['CA']]
[22:31:42] [yf1_v5] [INFO] 0号位打出['Single', '3', ['D3']]， 最大动作为0号位打出的['Single', '3', ['D3']]
[22:31:42] [YFAdapter-P0] [INFO] [YF-P0] Decision context: myPos=0, curPos=0, greaterPos=0, teammate=2, curAction=[, actionList_size=2
[22:31:42] [YFAdapter-P0] [INFO] [YF-P0] Decided: action_index=0, action=['PASS', 'PASS', 'PASS']
[22:31:42] [yf1_v5] [INFO] 1号位打出['Single', 'B', ['SB']]， 最大动作为1号位打出的['Single', 'B', ['SB']]
[22:31:42] [yf1_v5] [INFO] 2号位打出['Single', 'R', ['HR']]， 最大动作为2号位打出的['Single', 'R', ['HR']]
[22:31:42] [yf1_v5] [INFO] 3号位打出['PASS', 'PASS', 'PASS']， 最大动作为2号位打出的['Single', 'R', ['HR']]
[22:31:42] [yf1_v5] [INFO] 0号位打出['PASS', 'PASS', 'PASS']， 最大动作为2号位打出的['Single', 'R', ['HR']]
[22:31:42] [YFAdapter-P0] [INFO] [YF-P0] Decision context: myPos=0, curPos=0, greaterPos=2, teammate=2, curAction=[, actionList_size=1
[22:31:42] [YFAdapter-P0] [INFO] [YF-P0] Decided: action_index=0, action=['PASS', 'PASS', 'PASS']
[22:31:42] [yf1_v5] [INFO] 1号位打出['PASS', 'PASS', 'PASS']， 最大动作为2号位打出的['Single', 'R', ['HR']]
[22:31:42] [yf1_v5] [INFO] 2号位打出['Single', '7', ['C7']]， 最大动作为2号位打出的['Single', '7', ['C7']]
[22:31:42] [yf1_v5] [INFO] 3号位打出['Single', '3', ['C3']]， 最大动作为3号位打出的['Single', '3', ['C3']]
[22:31:42] [yf1_v5] [INFO] 0号位打出['Single', 'R', ['HR']]， 最大动作为0号位打出的['Single', 'R', ['HR']]
[22:31:42] [YFAdapter-P0] [INFO] [YF-P0] Decision context: myPos=0, curPos=0, greaterPos=0, teammate=2, curAction=[, actionList_size=1
[22:31:42] [YFAdapter-P0] [INFO] [YF-P0] Decided: action_index=0, action=['PASS', 'PASS', 'PASS']
[22:31:42] [yf1_v5] [INFO] 1号位打出['PASS', 'PASS', 'PASS']， 最大动作为0号位打出的['Single', 'R', ['HR']]
[22:31:42] [yf1_v5] [INFO] 2号位打出['PASS', 'PASS', 'PASS']， 最大动作为0号位打出的['Single', 'R', ['HR']]
[22:31:42] [yf1_v5] [INFO] 3号位打出['PASS', 'PASS', 'PASS']， 最大动作为0号位打出的['Single', 'R', ['HR']]
[22:31:42] [yf1_v5] [INFO] 0号位打出['ThreeWithTwo', 'J', ['CJ', 'DJ', 'DJ', 'H5', 'D5']]， 最大动作为0号位打出的['ThreeWithTwo', 'J', ['CJ', 'DJ', 'DJ', 'H5', 'D5']]
[22:31:42] [YFAdapter-P0] [INFO] [YF-P0] Decision context: myPos=0, curPos=0, greaterPos=0, teammate=2, curAction=[, actionList_size=1
[22:31:42] [YFAdapter-P0] [INFO] [YF-P0] Decided: action_index=0, action=['PASS', 'PASS', 'PASS']
[22:31:42] [yf1_v5] [INFO] 1号位打出['PASS', 'PASS', 'PASS']， 最大动作为0号位打出的['ThreeWithTwo', 'J', ['CJ', 'DJ', 'DJ', 'H5', 'D5']]
[22:31:42] [yf1_v5] [INFO] 2号位打出['PASS', 'PASS', 'PASS']， 最大动作为0号位打出的['ThreeWithTwo', 'J', ['CJ', 'DJ', 'DJ', 'H5', 'D5']]
[22:31:42] [yf1_v5] [INFO] 3号位打出['PASS', 'PASS', 'PASS']， 最大动作为0号位打出的['ThreeWithTwo', 'J', ['CJ', 'DJ', 'DJ', 'H5', 'D5']]
[22:31:42] [yf1_v5] [INFO] 0号位打出['ThreeWithTwo', 'A', ['HA', 'CA', 'DA', 'HQ', 'DQ']]， 最大动作为0号位打出的['ThreeWithTwo', 'A', ['HA', 'CA', 'DA', 'HQ', 'DQ']]
[22:31:42] [YFAdapter-P0] [INFO] [YF-P0] Decision context: myPos=0, curPos=0, greaterPos=0, teammate=2, curAction=[, actionList_size=1
[22:31:42] [YFAdapter-P0] [INFO] [YF-P0] Decided: action_index=0, action=['PASS', 'PASS', 'PASS']
[22:31:42] [yf1_v5] [INFO] 1号位打出['PASS', 'PASS', 'PASS']， 最大动作为0号位打出的['ThreeWithTwo', 'A', ['HA', 'CA', 'DA', 'HQ', 'DQ']]
[22:31:42] [yf1_v5] [INFO] 2号位打出['PASS', 'PASS', 'PASS']， 最大动作为0号位打出的['ThreeWithTwo', 'A', ['HA', 'CA', 'DA', 'HQ', 'DQ']]
[22:31:42] [yf1_v5] [INFO] 3号位打出['PASS', 'PASS', 'PASS']， 最大动作为0号位打出的['ThreeWithTwo', 'A', ['HA', 'CA', 'DA', 'HQ', 'DQ']]
[22:31:42] [yf1_v5] [INFO] 0号位打出['Pair', 'K', ['HK', 'DK']]， 最大动作为0号位打出的['Pair', 'K', ['HK', 'DK']]
[22:31:42] [YFAdapter-P0] [INFO] [YF-P0] Decision context: myPos=0, curPos=0, greaterPos=0, teammate=2, curAction=[, actionList_size=1
[22:31:42] [YFAdapter-P0] [INFO] [YF-P0] Decided: action_index=0, action=['PASS', 'PASS', 'PASS']
[22:31:42] [yf1_v5] [INFO] 1号位打出['PASS', 'PASS', 'PASS']， 最大动作为0号位打出的['Pair', 'K', ['HK', 'DK']]
[22:31:42] [yf1_v5] [INFO] 2号位打出['PASS', 'PASS', 'PASS']， 最大动作为0号位打出的['Pair', 'K', ['HK', 'DK']]
[22:31:42] [yf1_v5] [INFO] 2号位打出['Single', '5', ['S5']]， 最大动作为2号位打出的['Single', '5', ['S5']]
[22:31:42] [yf1_v5] [INFO] 3号位打出['Single', 'Q', ['DQ']]， 最大动作为3号位打出的['Single', 'Q', ['DQ']]
[22:31:42] [YFAdapter-P0] [INFO] [YF-P0] Decision context: myPos=0, curPos=3, greaterPos=3, teammate=2, curAction=[, actionList_size=2
[22:31:42] [YFAdapter-P0] [INFO] [YF-P0] Decided: action_index=0, action=['PASS', 'PASS', 'PASS']
[22:31:42] [yf1_v5] [INFO] 1号位打出['Single', 'A', ['HA']]， 最大动作为1号位打出的['Single', 'A', ['HA']]
[22:31:42] [yf1_v5] [INFO] 2号位打出['Single', '3', ['C3']]， 最大动作为2号位打出的['Single', '3', ['C3']]
[22:31:42] [yf1_v5] [INFO] 3号位打出['Bomb', '6', ['S6', 'S6', 'H6', 'C6']]， 最大动作为3号位打出的['Bomb', '6', ['S6', 'S6', 'H6', 'C6']]
[22:31:42] [YFAdapter-P0] [INFO] [YF-P0] Decision context: myPos=0, curPos=3, greaterPos=3, teammate=2, curAction=[, actionList_size=1
[22:31:42] [YFAdapter-P0] [INFO] [YF-P0] Decided: action_index=0, action=['PASS', 'PASS', 'PASS']
[22:31:42] [yf1_v5] [INFO] 1号位打出['PASS', 'PASS', 'PASS']， 最大动作为3号位打出的['Bomb', '6', ['S6', 'S6', 'H6', 'C6']]
[22:31:42] [yf1_v5] [INFO] 2号位打出['PASS', 'PASS', 'PASS']， 最大动作为3号位打出的['Bomb', '6', ['S6', 'S6', 'H6', 'C6']]
[22:31:42] [yf1_v5] [INFO] 3号位打出['Straight', '9', ['S9', 'CT', 'HJ', 'CQ', 'SK']]， 最大动作为3号位打出的['Straight', '9', ['S9', 'CT', 'HJ', 'CQ', 'SK']]
[22:31:42] [YFAdapter-P0] [INFO] [YF-P0] Decision context: myPos=0, curPos=3, greaterPos=3, teammate=2, curAction=[, actionList_size=1
[22:31:42] [YFAdapter-P0] [INFO] [YF-P0] Decided: action_index=0, action=['PASS', 'PASS', 'PASS']
[22:31:42] [yf1_v5] [INFO] 1号位打出['PASS', 'PASS', 'PASS']， 最大动作为3号位打出的['Straight', '9', ['S9', 'CT', 'HJ', 'CQ', 'SK']]
[22:31:42] [yf1_v5] [INFO] 2号位打出['PASS', 'PASS', 'PASS']， 最大动作为3号位打出的['Straight', '9', ['S9', 'CT', 'HJ', 'CQ', 'SK']]
[22:31:42] [yf1_v5] [INFO] 3号位打出['ThreeWithTwo', '7', ['S7', 'C7', 'D7', 'S5', 'C5']]， 最大动作为3号位打出的['ThreeWithTwo', '7', ['S7', 'C7', 'D7', 'S5', 'C5']]
[22:31:42] [YFAdapter-P0] [INFO] [YF-P0] Decision context: myPos=0, curPos=3, greaterPos=3, teammate=2, curAction=[, actionList_size=1
[22:31:42] [YFAdapter-P0] [INFO] [YF-P0] Decided: action_index=0, action=['PASS', 'PASS', 'PASS']
[22:31:42] [yf1_v5] [INFO] 1号位打出['PASS', 'PASS', 'PASS']， 最大动作为3号位打出的['ThreeWithTwo', '7', ['S7', 'C7', 'D7', 'S5', 'C5']]
[22:31:42] [yf1_v5] [INFO] 2号位打出['ThreeWithTwo', 'J', ['SJ', 'SJ', 'CJ', 'H8', 'C8']]， 最大动作为2号位打出的['ThreeWithTwo', 'J', ['SJ', 'SJ', 'CJ', 'H8', 'C8']]
[22:31:42] [yf1_v5] [INFO] 3号位打出['PASS', 'PASS', 'PASS']， 最大动作为2号位打出的['ThreeWithTwo', 'J', ['SJ', 'SJ', 'CJ', 'H8', 'C8']]
[22:31:42] [YFAdapter-P0] [INFO] [YF-P0] Decision context: myPos=0, curPos=3, greaterPos=2, teammate=2, curAction=[, actionList_size=1
[22:31:42] [YFAdapter-P0] [INFO] [YF-P0] Decided: action_index=0, action=['PASS', 'PASS', 'PASS']
[22:31:42] [yf1_v5] [INFO] 1号位打出['PASS', 'PASS', 'PASS']， 最大动作为2号位打出的['ThreeWithTwo', 'J', ['SJ', 'SJ', 'CJ', 'H8', 'C8']]
[22:31:42] [yf1_v5] [INFO] 2号位打出['Single', '5', ['D5']]， 最大动作为2号位打出的['Single', '5', ['D5']]
[22:31:42] [yf1_v5] [INFO] 3号位打出['Single', '9', ['H9']]， 最大动作为3号位打出的['Single', '9', ['H9']]
[22:31:42] [YFAdapter-P0] [INFO] [YF-P0] Decision context: myPos=0, curPos=3, greaterPos=3, teammate=2, curAction=[, actionList_size=3
[22:31:42] [YFAdapter-P0] [INFO] [YF-P0] Decided: action_index=0, action=['PASS', 'PASS', 'PASS']
[22:31:42] [YFAdapter-P0] [WARNING] [YF-P0] 检测到过于保守: 对手快走完(剩1张), 触发Layer 2/3进行更积极的决策
[22:31:42] [yf1_v5] [INFO] 1号位打出['Single', 'J', ['HJ']]， 最大动作为1号位打出的['Single', 'J', ['HJ']]
[22:31:42] [yf1_v5] [INFO] 2号位打出['Single', 'K', ['CK']]， 最大动作为2号位打出的['Single', 'K', ['CK']]
[22:31:42] [yf1_v5] [INFO] 3号位打出['PASS', 'PASS', 'PASS']， 最大动作为2号位打出的['Single', 'K', ['CK']]
[22:31:42] [YFAdapter-P0] [INFO] [YF-P0] Decision context: myPos=0, curPos=3, greaterPos=2, teammate=2, curAction=[, actionList_size=1
[22:31:42] [YFAdapter-P0] [INFO] [YF-P0] Decided: action_index=0, action=['PASS', 'PASS', 'PASS']
[22:31:42] [yf1_v5] [INFO] 1号位打出['PASS', 'PASS', 'PASS']， 最大动作为2号位打出的['Single', 'K', ['CK']]
[22:31:42] [yf1_v5] [INFO] 2号位打出['Single', '9', ['S9']]， 最大动作为2号位打出的['Single', '9', ['S9']]
[22:31:42] [yf1_v5] [INFO] 3号位打出['Single', 'K', ['HK']]， 最大动作为3号位打出的['Single', 'K', ['HK']]
[22:31:42] [YFAdapter-P0] [INFO] [YF-P0] Decision context: myPos=0, curPos=3, greaterPos=3, teammate=2, curAction=[, actionList_size=1
[22:31:42] [YFAdapter-P0] [INFO] [YF-P0] Decided: action_index=0, action=['PASS', 'PASS', 'PASS']
[22:31:42] [yf1_v5] [INFO] 1号位打出['PASS', 'PASS', 'PASS']， 最大动作为3号位打出的['Single', 'K', ['HK']]
[22:31:42] [YFAdapter-P0] [INFO] [YF-P0] Decision context: myPos=0, curPos=-1, greaterPos=-1, teammate=2, curAction=[, actionList_size=24
[22:31:42] [YFAdapter-P0] [INFO] [YF-P0] Decided: action_index=0, action=['Single', '5', [['C', '5']]]
[22:31:42] [YFAdapter-P0] [WARNING] [YF-P0] 检测到过于保守: 对手快走完(剩0张), 触发Layer 2/3进行更积极的决策
[22:31:42] [yf1_v5] [INFO] 1号位打出['Pair', '6', ['C6', 'D6']]， 最大动作为1号位打出的['Pair', '6', ['C6', 'D6']]
[22:31:42] [yf1_v5] [INFO] 2号位打出['Pair', '9', ['H9', 'C9']]， 最大动作为2号位打出的['Pair', '9', ['H9', 'C9']]
[22:31:42] [YFAdapter-P0] [INFO] [YF-P0] Decision context: myPos=0, curPos=2, greaterPos=2, teammate=2, curAction=[, actionList_size=1
[22:31:42] [YFAdapter-P0] [INFO] [YF-P0] Decided: action_index=0, action=['PASS', 'PASS', 'PASS']
[22:31:42] [yf1_v5] [INFO] 1号位打出['PASS', 'PASS', 'PASS']， 最大动作为2号位打出的['Pair', '9', ['H9', 'C9']]
[22:31:42] [yf1_v5] [INFO] 2号位打出['ThreeWithTwo', 'T', ['ST', 'CT', 'DT', 'SQ', 'HQ']]， 最大动作为2号位打出的['ThreeWithTwo', 'T', ['ST', 'CT', 'DT', 'SQ', 'HQ']]
[22:31:42] [YFAdapter-P0] [INFO] [YF-P0] Decision context: myPos=0, curPos=2, greaterPos=2, teammate=2, curAction=[, actionList_size=1
[22:31:42] [YFAdapter-P0] [INFO] [YF-P0] Decided: action_index=0, action=['PASS', 'PASS', 'PASS']
[22:31:42] [yf1_v5] [INFO] 1号位打出['PASS', 'PASS', 'PASS']， 最大动作为2号位打出的['ThreeWithTwo', 'T', ['ST', 'CT', 'DT', 'SQ', 'HQ']]
[22:31:42] [yf1_v5] [INFO] 2号位打出['Single', 'A', ['SA']]， 最大动作为2号位打出的['Single', 'A', ['SA']]
[22:31:42] [YFAdapter-P0] [INFO] [YF-P0] Decision context: myPos=0, curPos=2, greaterPos=2, teammate=2, curAction=[, actionList_size=1
[22:31:42] [YFAdapter-P0] [INFO] [YF-P0] Decided: action_index=0, action=['PASS', 'PASS', 'PASS']
[22:31:42] [yf1_v5] [INFO] 1号位打出['PASS', 'PASS', 'PASS']， 最大动作为2号位打出的['Single', 'A', ['SA']]
[22:31:42] [yf1_v5] [INFO] 2号位打出['Single', 'B', ['SB']]， 最大动作为2号位打出的['Single', 'B', ['SB']]
[22:31:42] [yf1_v5] [INFO] 游戏开始, 我是1号位，手牌：['H2', 'D2', 'D2', 'S3', 'H5', 'S6', 'H6', 'C6', 'C6', 'D6', 'S7', 'C7', 'S8', 'H8', 'C8', 'DT', 'SJ', 'DJ', 'DQ', 'SK', 'DK', 'SA', 'SA', 'DA', 'D4', 'D4', 'HR']
[22:31:42] [YFAdapter-P0] [INFO] [YF-P0] Decision context: myPos=0, curPos=-1, greaterPos=-1, teammate=2, curAction=[, actionList_size=1
[22:31:42] [YFAdapter-P0] [INFO] [YF-P0] Decided: action_index=0, action=['tribute', 'tribute', [['H', 'R']]]
[22:31:42] [YFAdapter-P0] [INFO] [YF-P0] Decision context: myPos=0, curPos=-1, greaterPos=-1, teammate=2, curAction=[, actionList_size=352
[22:31:42] [YFAdapter-P0] [INFO] [YF-P0] Decided: action_index=2, action=['Single', '3', [['S', '3']]]
[22:31:42] [yf1_v5] [INFO] 1号位打出['Single', '3', ['S3']]， 最大动作为1号位打出的['Single', '3', ['S3']]
[22:31:42] [yf1_v5] [INFO] 2号位打出['Single', '5', ['C5']]， 最大动作为2号位打出的['Single', '5', ['C5']]
[22:31:42] [yf1_v5] [INFO] 3号位打出['Single', '9', ['S9']]， 最大动作为3号位打出的['Single', '9', ['S9']]
[22:31:42] [yf1_v5] [INFO] 0号位打出['Single', 'J', ['CJ']]， 最大动作为0号位打出的['Single', 'J', ['CJ']]
[22:31:42] [YFAdapter-P0] [INFO] [YF-P0] Decision context: myPos=0, curPos=0, greaterPos=0, teammate=2, curAction=[, actionList_size=13
[22:31:42] [YFAdapter-P0] [INFO] [YF-P0] Decided: action_index=9, action=['Bomb', '6', [['S', '6'], ['C', '6'], ['C', '6'], ['D', '6']]]
[22:31:42] [yf1_v5] [INFO] 1号位打出['Bomb', '6', ['S6', 'C6', 'C6', 'D6']]， 最大动作为1号位打出的['Bomb', '6', ['S6', 'C6', 'C6', 'D6']]
[22:31:42] [yf1_v5] [INFO] 2号位打出['PASS', 'PASS', 'PASS']， 最大动作为1号位打出的['Bomb', '6', ['S6', 'C6', 'C6', 'D6']]
[22:31:42] [yf1_v5] [INFO] 3号位打出['PASS', 'PASS', 'PASS']， 最大动作为1号位打出的['Bomb', '6', ['S6', 'C6', 'C6', 'D6']]
[22:31:42] [yf1_v5] [INFO] 0号位打出['PASS', 'PASS', 'PASS']， 最大动作为1号位打出的['Bomb', '6', ['S6', 'C6', 'C6', 'D6']]
[22:31:42] [YFAdapter-P0] [INFO] [YF-P0] Decision context: myPos=0, curPos=-1, greaterPos=-1, teammate=2, curAction=[, actionList_size=96
[22:31:42] [YFAdapter-P0] [INFO] [YF-P0] Decided: action_index=2, action=['Single', '5', [['H', '5']]]
[22:31:42] [yf1_v5] [INFO] 1号位打出['Single', '5', ['H5']]， 最大动作为1号位打出的['Single', '5', ['H5']]
[22:31:42] [yf1_v5] [INFO] 2号位打出['Single', 'T', ['CT']]， 最大动作为2号位打出的['Single', 'T', ['CT']]
[22:31:42] [yf1_v5] [INFO] 3号位打出['Single', 'J', ['HJ']]， 最大动作为3号位打出的['Single', 'J', ['HJ']]
[22:31:42] [yf1_v5] [INFO] 0号位打出['Single', '4', ['S4']]， 最大动作为0号位打出的['Single', '4', ['S4']]
[22:31:42] [YFAdapter-P0] [INFO] [YF-P0] Decision context: myPos=0, curPos=0, greaterPos=0, teammate=2, curAction=[, actionList_size=2
[22:31:42] [YFAdapter-P0] [INFO] [YF-P0] Decided: action_index=1, action=['StraightFlush', 'T', [['D', 'T'], ['D', 'J'], ['D', 'Q'], ['D', 'K'], ['D', 'A']]]
[22:31:42] [yf1_v5] [INFO] 1号位打出['StraightFlush', 'T', ['DT', 'DJ', 'DQ', 'DK', 'DA']]， 最大动作为1号位打出的['StraightFlush', 'T', ['DT', 'DJ', 'DQ', 'DK', 'DA']]
[22:31:42] [yf1_v5] [INFO] 2号位打出['PASS', 'PASS', 'PASS']， 最大动作为1号位打出的['StraightFlush', 'T', ['DT', 'DJ', 'DQ', 'DK', 'DA']]
[22:31:42] [yf1_v5] [INFO] 3号位打出['PASS', 'PASS', 'PASS']， 最大动作为1号位打出的['StraightFlush', 'T', ['DT', 'DJ', 'DQ', 'DK', 'DA']]
[22:31:42] [yf1_v5] [INFO] 0号位打出['PASS', 'PASS', 'PASS']， 最大动作为1号位打出的['StraightFlush', 'T', ['DT', 'DJ', 'DQ', 'DK', 'DA']]
[22:31:42] [YFAdapter-P0] [INFO] [YF-P0] Decision context: myPos=0, curPos=-1, greaterPos=-1, teammate=2, curAction=[, actionList_size=48
[22:31:42] [YFAdapter-P0] [INFO] [YF-P0] Decided: action_index=2, action=['Single', '6', [['H', '6']]]
[22:31:42] [yf1_v5] [INFO] 1号位打出['Single', '6', ['H6']]， 最大动作为1号位打出的['Single', '6', ['H6']]
[22:31:42] [yf1_v5] [INFO] 2号位打出['Single', 'K', ['DK']]， 最大动作为2号位打出的['Single', 'K', ['DK']]
[22:31:42] [yf1_v5] [INFO] 3号位打出['Bomb', '5', ['S5', 'D5', 'D5', 'H4']]， 最大动作为3号位打出的['Bomb', '5', ['S5', 'D5', 'D5', 'H4']]
[22:31:42] [yf1_v5] [INFO] 0号位打出['PASS', 'PASS', 'PASS']， 最大动作为3号位打出的['Bomb', '5', ['S5', 'D5', 'D5', 'H4']]
[22:31:42] [YFAdapter-P0] [INFO] [YF-P0] Decision context: myPos=0, curPos=0, greaterPos=3, teammate=2, curAction=[, actionList_size=1
[22:31:42] [YFAdapter-P0] [INFO] [YF-P0] Decided: action_index=0, action=['PASS', 'PASS', 'PASS']
[22:31:42] [yf1_v5] [INFO] 1号位打出['PASS', 'PASS', 'PASS']， 最大动作为3号位打出的['Bomb', '5', ['S5', 'D5', 'D5', 'H4']]
[22:31:42] [yf1_v5] [INFO] 2号位打出['PASS', 'PASS', 'PASS']， 最大动作为3号位打出的['Bomb', '5', ['S5', 'D5', 'D5', 'H4']]
[22:31:42] [yf1_v5] [INFO] 3号位打出['Single', '2', ['S2']]， 最大动作为3号位打出的['Single', '2', ['S2']]
[22:31:42] [yf1_v5] [INFO] 0号位打出['Single', '4', ['C4']]， 最大动作为0号位打出的['Single', '4', ['C4']]
[22:31:42] [YFAdapter-P0] [INFO] [YF-P0] Decision context: myPos=0, curPos=0, greaterPos=0, teammate=2, curAction=[, actionList_size=1
[22:31:42] [YFAdapter-P0] [INFO] [YF-P0] Decided: action_index=0, action=['PASS', 'PASS', 'PASS']
[22:31:42] [yf1_v5] [INFO] 1号位打出['PASS', 'PASS', 'PASS']， 最大动作为0号位打出的['Single', '4', ['C4']]
[22:31:42] [yf1_v5] [INFO] 2号位打出['PASS', 'PASS', 'PASS']， 最大动作为0号位打出的['Single', '4', ['C4']]
[22:31:42] [yf1_v5] [INFO] 3号位打出['PASS', 'PASS', 'PASS']， 最大动作为0号位打出的['Single', '4', ['C4']]
[22:31:42] [yf1_v5] [INFO] 0号位打出['Single', '2', ['C2']]， 最大动作为0号位打出的['Single', '2', ['C2']]
[22:31:42] [YFAdapter-P0] [INFO] [YF-P0] Decision context: myPos=0, curPos=0, greaterPos=0, teammate=2, curAction=[, actionList_size=11
[22:31:42] [YFAdapter-P0] [INFO] [YF-P0] Decided: action_index=6, action=['Single', '8', [['C', '8']]]
[22:31:42] [yf1_v5] [INFO] 1号位打出['Single', '8', ['C8']]， 最大动作为1号位打出的['Single', '8', ['C8']]
[22:31:42] [yf1_v5] [INFO] 2号位打出['Single', '4', ['H4']]， 最大动作为2号位打出的['Single', '4', ['H4']]
[22:31:42] [yf1_v5] [INFO] 3号位打出['PASS', 'PASS', 'PASS']， 最大动作为2号位打出的['Single', '4', ['H4']]
[22:31:42] [yf1_v5] [INFO] 0号位打出['PASS', 'PASS', 'PASS']， 最大动作为2号位打出的['Single', '4', ['H4']]
[22:31:42] [YFAdapter-P0] [INFO] [YF-P0] Decision context: myPos=0, curPos=0, greaterPos=2, teammate=2, curAction=[, actionList_size=1
[22:31:42] [YFAdapter-P0] [INFO] [YF-P0] Decided: action_index=0, action=['PASS', 'PASS', 'PASS']
[22:31:42] [yf1_v5] [INFO] 1号位打出['PASS', 'PASS', 'PASS']， 最大动作为2号位打出的['Single', '4', ['H4']]
[22:31:42] [yf1_v5] [INFO] 2号位打出['ThreeWithTwo', '2', ['S2', 'H2', 'C2', 'D3', 'D3']]， 最大动作为2号位打出的['ThreeWithTwo', '2', ['S2', 'H2', 'C2', 'D3', 'D3']]
[22:31:42] [yf1_v5] [INFO] 3号位打出['ThreeWithTwo', '3', ['S3', 'H3', 'C3', 'SK', 'CK']]， 最大动作为3号位打出的['ThreeWithTwo', '3', ['S3', 'H3', 'C3', 'SK', 'CK']]
[22:31:42] [yf1_v5] [INFO] 0号位打出['ThreeWithTwo', '8', ['S8', 'H8', 'D8', 'H3', 'C3']]， 最大动作为0号位打出的['ThreeWithTwo', '8', ['S8', 'H8', 'D8', 'H3', 'C3']]
[22:31:42] [YFAdapter-P0] [INFO] [YF-P0] Decision context: myPos=0, curPos=0, greaterPos=0, teammate=2, curAction=[, actionList_size=1
[22:31:42] [YFAdapter-P0] [INFO] [YF-P0] Decided: action_index=0, action=['PASS', 'PASS', 'PASS']
[22:31:42] [yf1_v5] [INFO] 1号位打出['PASS', 'PASS', 'PASS']， 最大动作为0号位打出的['ThreeWithTwo', '8', ['S8', 'H8', 'D8', 'H3', 'C3']]
[22:31:42] [yf1_v5] [INFO] 2号位打出['ThreeWithTwo', 'J', ['HJ', 'CJ', 'DJ', 'S9', 'H9']]， 最大动作为2号位打出的['ThreeWithTwo', 'J', ['HJ', 'CJ', 'DJ', 'S9', 'H9']]
[22:31:42] [yf1_v5] [INFO] 3号位打出['PASS', 'PASS', 'PASS']， 最大动作为2号位打出的['ThreeWithTwo', 'J', ['HJ', 'CJ', 'DJ', 'S9', 'H9']]
[22:31:42] [yf1_v5] [INFO] 0号位打出['ThreeWithTwo', 'K', ['HK', 'HK', 'CK', 'S5', 'H5']]， 最大动作为0号位打出的['ThreeWithTwo', 'K', ['HK', 'HK', 'CK', 'S5', 'H5']]
[22:31:42] [YFAdapter-P0] [INFO] [YF-P0] Decision context: myPos=0, curPos=0, greaterPos=0, teammate=2, curAction=[, actionList_size=1
[22:31:42] [YFAdapter-P0] [INFO] [YF-P0] Decided: action_index=0, action=['PASS', 'PASS', 'PASS']
[22:31:42] [yf1_v5] [INFO] 1号位打出['PASS', 'PASS', 'PASS']， 最大动作为0号位打出的['ThreeWithTwo', 'K', ['HK', 'HK', 'CK', 'S5', 'H5']]
[22:31:42] [yf1_v5] [INFO] 2号位打出['PASS', 'PASS', 'PASS']， 最大动作为0号位打出的['ThreeWithTwo', 'K', ['HK', 'HK', 'CK', 'S5', 'H5']]
[22:31:42] [yf1_v5] [INFO] 3号位打出['PASS', 'PASS', 'PASS']， 最大动作为0号位打出的['ThreeWithTwo', 'K', ['HK', 'HK', 'CK', 'S5', 'H5']]
[22:31:42] [yf1_v5] [INFO] 0号位打出['Pair', 'Q', ['SQ', 'CQ']]， 最大动作为0号位打出的['Pair', 'Q', ['SQ', 'CQ']]
[22:31:42] [YFAdapter-P0] [INFO] [YF-P0] Decision context: myPos=0, curPos=0, greaterPos=0, teammate=2, curAction=[, actionList_size=3
[22:31:42] [YFAdapter-P0] [INFO] [YF-P0] Decided: action_index=1, action=['Pair', 'A', [['S', 'A'], ['S', 'A']]]
[22:31:42] [yf1_v5] [INFO] 1号位打出['Pair', 'A', ['SA', 'SA']]， 最大动作为1号位打出的['Pair', 'A', ['SA', 'SA']]
[22:31:42] [yf1_v5] [INFO] 2号位打出['Bomb', '7', ['S7', 'H7', 'C7', 'D7']]， 最大动作为2号位打出的['Bomb', '7', ['S7', 'H7', 'C7', 'D7']]
[22:31:42] [yf1_v5] [INFO] 3号位打出['PASS', 'PASS', 'PASS']， 最大动作为2号位打出的['Bomb', '7', ['S7', 'H7', 'C7', 'D7']]
[22:31:42] [yf1_v5] [INFO] 0号位打出['PASS', 'PASS', 'PASS']， 最大动作为2号位打出的['Bomb', '7', ['S7', 'H7', 'C7', 'D7']]
[22:31:42] [YFAdapter-P0] [INFO] [YF-P0] Decision context: myPos=0, curPos=0, greaterPos=2, teammate=2, curAction=[, actionList_size=1
[22:31:42] [YFAdapter-P0] [INFO] [YF-P0] Decided: action_index=0, action=['PASS', 'PASS', 'PASS']
[22:31:42] [yf1_v5] [INFO] 1号位打出['PASS', 'PASS', 'PASS']， 最大动作为2号位打出的['Bomb', '7', ['S7', 'H7', 'C7', 'D7']]
[22:31:42] [yf1_v5] [INFO] 2号位打出['Trips', 'Q', ['HQ', 'CQ', 'DQ']]， 最大动作为2号位打出的['Trips', 'Q', ['HQ', 'CQ', 'DQ']]
[22:31:42] [yf1_v5] [INFO] 3号位打出['PASS', 'PASS', 'PASS']， 最大动作为2号位打出的['Trips', 'Q', ['HQ', 'CQ', 'DQ']]
[22:31:42] [yf1_v5] [INFO] 0号位打出['PASS', 'PASS', 'PASS']， 最大动作为2号位打出的['Trips', 'Q', ['HQ', 'CQ', 'DQ']]
[22:31:42] [YFAdapter-P0] [INFO] [YF-P0] Decision context: myPos=0, curPos=0, greaterPos=2, teammate=2, curAction=[, actionList_size=1
[22:31:42] [YFAdapter-P0] [INFO] [YF-P0] Decided: action_index=0, action=['PASS', 'PASS', 'PASS']
[22:31:42] [yf1_v5] [INFO] 1号位打出['PASS', 'PASS', 'PASS']， 最大动作为2号位打出的['Trips', 'Q', ['HQ', 'CQ', 'DQ']]
[22:31:43] [yf1_v5] [INFO] 2号位打出['Trips', 'A', ['HA', 'CA', 'CA']]， 最大动作为2号位打出的['Trips', 'A', ['HA', 'CA', 'CA']]
[22:31:43] [yf1_v5] [INFO] 3号位打出['PASS', 'PASS', 'PASS']， 最大动作为2号位打出的['Trips', 'A', ['HA', 'CA', 'CA']]
[22:31:43] [yf1_v5] [INFO] 0号位打出['PASS', 'PASS', 'PASS']， 最大动作为2号位打出的['Trips', 'A', ['HA', 'CA', 'CA']]
[22:31:43] [YFAdapter-P0] [INFO] [YF-P0] Decision context: myPos=0, curPos=0, greaterPos=2, teammate=2, curAction=[, actionList_size=1
[22:31:43] [YFAdapter-P0] [INFO] [YF-P0] Decided: action_index=0, action=['PASS', 'PASS', 'PASS']
[22:31:43] [yf1_v5] [INFO] 1号位打出['PASS', 'PASS', 'PASS']， 最大动作为2号位打出的['Trips', 'A', ['HA', 'CA', 'CA']]
[22:31:43] [yf1_v5] [INFO] 2号位打出['Single', '4', ['C4']]， 最大动作为2号位打出的['Single', '4', ['C4']]
[22:31:43] [yf1_v5] [INFO] 3号位打出['PASS', 'PASS', 'PASS']， 最大动作为2号位打出的['Single', '4', ['C4']]
[22:31:43] [yf1_v5] [INFO] 0号位打出['PASS', 'PASS', 'PASS']， 最大动作为2号位打出的['Single', '4', ['C4']]
[22:31:43] [YFAdapter-P0] [INFO] [YF-P0] Decision context: myPos=0, curPos=0, greaterPos=2, teammate=2, curAction=[, actionList_size=1
[22:31:43] [YFAdapter-P0] [INFO] [YF-P0] Decided: action_index=0, action=['PASS', 'PASS', 'PASS']
[22:31:43] [yf1_v5] [INFO] 1号位打出['PASS', 'PASS', 'PASS']， 最大动作为2号位打出的['Single', '4', ['C4']]
[22:31:43] [yf1_v5] [INFO] 2号位打出['Single', 'B', ['SB']]， 最大动作为2号位打出的['Single', 'B', ['SB']]
[22:31:43] [yf1_v5] [INFO] 3号位打出['PASS', 'PASS', 'PASS']， 最大动作为2号位打出的['Single', 'B', ['SB']]
[22:31:43] [yf1_v5] [INFO] 0号位打出['PASS', 'PASS', 'PASS']， 最大动作为2号位打出的['Single', 'B', ['SB']]
[22:31:43] [YFAdapter-P0] [INFO] [YF-P0] Decision context: myPos=0, curPos=0, greaterPos=2, teammate=2, curAction=[, actionList_size=1
[22:31:43] [YFAdapter-P0] [INFO] [YF-P0] Decided: action_index=0, action=['PASS', 'PASS', 'PASS']
[22:31:43] [yf1_v5] [INFO] 1号位打出['PASS', 'PASS', 'PASS']， 最大动作为2号位打出的['Single', 'B', ['SB']]
[22:31:43] [yf1_v5] [INFO] 2号位打出['Single', 'R', ['HR']]， 最大动作为2号位打出的['Single', 'R', ['HR']]
[22:31:43] [yf1_v5] [INFO] 3号位打出['PASS', 'PASS', 'PASS']， 最大动作为2号位打出的['Single', 'R', ['HR']]
[22:31:43] [yf1_v5] [INFO] 0号位打出['PASS', 'PASS', 'PASS']， 最大动作为2号位打出的['Single', 'R', ['HR']]
[22:31:43] [yf1_v5] [INFO] 0号位打出['Pair', 'A', ['HA', 'DA']]， 最大动作为0号位打出的['Pair', 'A', ['HA', 'DA']]
[22:31:43] [YFAdapter-P0] [INFO] [YF-P0] Decision context: myPos=0, curPos=0, greaterPos=0, teammate=2, curAction=[, actionList_size=2
[22:31:43] [YFAdapter-P0] [INFO] [YF-P0] Decided: action_index=1, action=['Pair', '4', [['D', '4'], ['D', '4']]]
[22:31:43] [yf1_v5] [INFO] 1号位打出['Pair', '4', ['D4', 'D4']]， 最大动作为1号位打出的['Pair', '4', ['D4', 'D4']]
[22:31:43] [yf1_v5] [INFO] 3号位打出['PASS', 'PASS', 'PASS']， 最大动作为1号位打出的['Pair', '4', ['D4', 'D4']]
[22:31:43] [yf1_v5] [INFO] 0号位打出['Bomb', '9', ['H9', 'C9', 'C9', 'D9']]， 最大动作为0号位打出的['Bomb', '9', ['H9', 'C9', 'C9', 'D9']]
[22:31:43] [YFAdapter-P0] [INFO] [YF-P0] Decision context: myPos=0, curPos=0, greaterPos=0, teammate=2, curAction=[, actionList_size=1
[22:31:43] [YFAdapter-P0] [INFO] [YF-P0] Decided: action_index=0, action=['PASS', 'PASS', 'PASS']
[22:31:43] [yf1_v5] [INFO] 1号位打出['PASS', 'PASS', 'PASS']， 最大动作为0号位打出的['Bomb', '9', ['H9', 'C9', 'C9', 'D9']]
[22:31:43] [yf1_v5] [INFO] 3号位打出['PASS', 'PASS', 'PASS']， 最大动作为0号位打出的['Bomb', '9', ['H9', 'C9', 'C9', 'D9']]
[22:31:43] [yf1_v5] [INFO] 0号位打出['Single', 'R', ['HR']]， 最大动作为0号位打出的['Single', 'R', ['HR']]
[22:31:43] [YFAdapter-P0] [INFO] [YF-P0] Decision context: myPos=0, curPos=0, greaterPos=0, teammate=2, curAction=[, actionList_size=1
[22:31:43] [YFAdapter-P0] [INFO] [YF-P0] Decided: action_index=0, action=['PASS', 'PASS', 'PASS']
[22:31:43] [yf1_v5] [INFO] 1号位打出['PASS', 'PASS', 'PASS']， 最大动作为0号位打出的['Single', 'R', ['HR']]
[22:31:43] [yf1_v5] [INFO] 3号位打出['PASS', 'PASS', 'PASS']， 最大动作为0号位打出的['Single', 'R', ['HR']]
[22:31:43] [yf1_v5] [INFO] 0号位打出['Bomb', 'T', ['ST', 'ST', 'HT', 'DT']]， 最大动作为0号位打出的['Bomb', 'T', ['ST', 'ST', 'HT', 'DT']]
[22:31:43] [yf1_v5] [INFO] 游戏开始, 我是1号位，手牌：['H2', 'H3', 'C3', 'S4', 'H4', 'H4', 'C4', 'D4', 'H5', 'H5', 'S6', 'C6', 'D6', 'C8', 'D8', 'ST', 'CT', 'DJ', 'SQ', 'CK', 'SA', 'SA', 'HA', 'CA', 'C7', 'D7', 'SB']
[22:31:43] [yf1_v5] [INFO] 2号位打出['Single', '4', ['S4']]， 最大动作为2号位打出的['Single', '4', ['S4']]
[22:31:43] [yf1_v5] [INFO] 3号位打出['PASS', 'PASS', 'PASS']， 最大动作为2号位打出的['Single', '4', ['S4']]
[22:31:43] [yf1_v5] [INFO] 0号位打出['Single', 'J', ['CJ']]， 最大动作为0号位打出的['Single', 'J', ['CJ']]
[22:31:43] [YFAdapter-P0] [INFO] [YF-P0] Decision context: myPos=0, curPos=0, greaterPos=0, teammate=2, curAction=[, actionList_size=16
[22:31:43] [YFAdapter-P0] [INFO] [YF-P0] Decided: action_index=12, action=['Bomb', '4', [['H', '4'], ['H', '4'], ['C', '4'], ['D', '4']]]
[22:31:43] [yf1_v5] [INFO] 1号位打出['Bomb', '4', ['H4', 'H4', 'C4', 'D4']]， 最大动作为1号位打出的['Bomb', '4', ['H4', 'H4', 'C4', 'D4']]
[22:31:43] [yf1_v5] [INFO] 2号位打出['PASS', 'PASS', 'PASS']， 最大动作为1号位打出的['Bomb', '4', ['H4', 'H4', 'C4', 'D4']]
[22:31:43] [yf1_v5] [INFO] 3号位打出['Bomb', 'Q', ['SQ', 'HQ', 'CQ', 'CQ']]， 最大动作为3号位打出的['Bomb', 'Q', ['SQ', 'HQ', 'CQ', 'CQ']]
[22:31:43] [yf1_v5] [INFO] 0号位打出['PASS', 'PASS', 'PASS']， 最大动作为3号位打出的['Bomb', 'Q', ['SQ', 'HQ', 'CQ', 'CQ']]
[22:31:43] [YFAdapter-P0] [INFO] [YF-P0] Decision context: myPos=0, curPos=0, greaterPos=3, teammate=2, curAction=[, actionList_size=2
[22:31:43] [YFAdapter-P0] [INFO] [YF-P0] Decided: action_index=0, action=['PASS', 'PASS', 'PASS']
[22:31:43] [yf1_v5] [INFO] 1号位打出['Bomb', 'A', ['SA', 'SA', 'HA', 'CA']]， 最大动作为1号位打出的['Bomb', 'A', ['SA', 'SA', 'HA', 'CA']]
[22:31:43] [yf1_v5] [INFO] 2号位打出['PASS', 'PASS', 'PASS']， 最大动作为1号位打出的['Bomb', 'A', ['SA', 'SA', 'HA', 'CA']]
[22:31:43] [yf1_v5] [INFO] 3号位打出['PASS', 'PASS', 'PASS']， 最大动作为1号位打出的['Bomb', 'A', ['SA', 'SA', 'HA', 'CA']]
[22:31:43] [yf1_v5] [INFO] 0号位打出['PASS', 'PASS', 'PASS']， 最大动作为1号位打出的['Bomb', 'A', ['SA', 'SA', 'HA', 'CA']]
[22:31:43] [YFAdapter-P0] [INFO] [YF-P0] Decision context: myPos=0, curPos=-1, greaterPos=-1, teammate=2, curAction=[, actionList_size=68
[22:31:43] [YFAdapter-P0] [INFO] [YF-P0] Decided: action_index=0, action=['Single', '2', [['H', '2']]]
[22:31:43] [yf1_v5] [INFO] 1号位打出['Single', '2', ['H2']]， 最大动作为1号位打出的['Single', '2', ['H2']]
[22:31:43] [yf1_v5] [INFO] 2号位打出['Single', '6', ['S6']]， 最大动作为2号位打出的['Single', '6', ['S6']]
[22:31:43] [yf1_v5] [INFO] 3号位打出['Single', '7', ['C7']]， 最大动作为3号位打出的['Single', '7', ['C7']]
[22:31:43] [yf1_v5] [INFO] 0号位打出['PASS', 'PASS', 'PASS']， 最大动作为3号位打出的['Single', '7', ['C7']]
[22:31:43] [YFAdapter-P0] [INFO] [YF-P0] Decision context: myPos=0, curPos=0, greaterPos=3, teammate=2, curAction=[, actionList_size=2
[22:31:43] [YFAdapter-P0] [INFO] [YF-P0] Decided: action_index=0, action=['PASS', 'PASS', 'PASS']
[22:31:43] [yf1_v5] [INFO] 1号位打出['Single', 'B', ['SB']]， 最大动作为1号位打出的['Single', 'B', ['SB']]
[22:31:43] [yf1_v5] [INFO] 2号位打出['PASS', 'PASS', 'PASS']， 最大动作为1号位打出的['Single', 'B', ['SB']]
[22:31:43] [yf1_v5] [INFO] 3号位打出['Single', 'R', ['HR']]， 最大动作为3号位打出的['Single', 'R', ['HR']]
[22:31:43] [yf1_v5] [INFO] 0号位打出['PASS', 'PASS', 'PASS']， 最大动作为3号位打出的['Single', 'R', ['HR']]
[22:31:43] [YFAdapter-P0] [INFO] [YF-P0] Decision context: myPos=0, curPos=0, greaterPos=3, teammate=2, curAction=[, actionList_size=1
[22:31:43] [YFAdapter-P0] [INFO] [YF-P0] Decided: action_index=0, action=['PASS', 'PASS', 'PASS']
[22:31:43] [yf1_v5] [INFO] 1号位打出['PASS', 'PASS', 'PASS']， 最大动作为3号位打出的['Single', 'R', ['HR']]
[22:31:43] [yf1_v5] [INFO] 2号位打出['Bomb', '5', ['S5', 'S5', 'C5', 'D5']]， 最大动作为2号位打出的['Bomb', '5', ['S5', 'S5', 'C5', 'D5']]
[22:31:43] [yf1_v5] [INFO] 3号位打出['PASS', 'PASS', 'PASS']， 最大动作为2号位打出的['Bomb', '5', ['S5', 'S5', 'C5', 'D5']]
[22:31:43] [yf1_v5] [INFO] 0号位打出['PASS', 'PASS', 'PASS']， 最大动作为2号位打出的['Bomb', '5', ['S5', 'S5', 'C5', 'D5']]
[22:31:43] [YFAdapter-P0] [INFO] [YF-P0] Decision context: myPos=0, curPos=0, greaterPos=2, teammate=2, curAction=[, actionList_size=1
[22:31:43] [YFAdapter-P0] [INFO] [YF-P0] Decided: action_index=0, action=['PASS', 'PASS', 'PASS']
[22:31:43] [yf1_v5] [INFO] 1号位打出['PASS', 'PASS', 'PASS']， 最大动作为2号位打出的['Bomb', '5', ['S5', 'S5', 'C5', 'D5']]
[22:31:43] [yf1_v5] [INFO] 2号位打出['Pair', '2', ['S2', 'C2']]， 最大动作为2号位打出的['Pair', '2', ['S2', 'C2']]
[22:31:43] [yf1_v5] [INFO] 3号位打出['Pair', 'K', ['DK', 'DK']]， 最大动作为3号位打出的['Pair', 'K', ['DK', 'DK']]
[22:31:43] [yf1_v5] [INFO] 0号位打出['Pair', '7', ['S7', 'H7']]， 最大动作为0号位打出的['Pair', '7', ['S7', 'H7']]
[22:31:43] [YFAdapter-P0] [INFO] [YF-P0] Decision context: myPos=0, curPos=0, greaterPos=0, teammate=2, curAction=[, actionList_size=1
[22:31:43] [YFAdapter-P0] [INFO] [YF-P0] Decided: action_index=0, action=['PASS', 'PASS', 'PASS']
[22:31:43] [yf1_v5] [INFO] 1号位打出['PASS', 'PASS', 'PASS']， 最大动作为0号位打出的['Pair', '7', ['S7', 'H7']]
[22:31:43] [yf1_v5] [INFO] 2号位打出['PASS', 'PASS', 'PASS']， 最大动作为0号位打出的['Pair', '7', ['S7', 'H7']]
[22:31:43] [yf1_v5] [INFO] 3号位打出['PASS', 'PASS', 'PASS']， 最大动作为0号位打出的['Pair', '7', ['S7', 'H7']]
[22:31:43] [yf1_v5] [INFO] 0号位打出['Single', '4', ['C4']]， 最大动作为0号位打出的['Single', '4', ['C4']]
[22:31:43] [YFAdapter-P0] [INFO] [YF-P0] Decision context: myPos=0, curPos=0, greaterPos=0, teammate=2, curAction=[, actionList_size=14
[22:31:43] [YFAdapter-P0] [INFO] [YF-P0] Decided: action_index=0, action=['PASS', 'PASS', 'PASS']
[22:31:43] [yf1_v5] [INFO] 1号位打出['PASS', 'PASS', 'PASS']， 最大动作为0号位打出的['Single', '4', ['C4']]
[22:31:43] [yf1_v5] [INFO] 2号位打出['Single', 'Q', ['DQ']]， 最大动作为2号位打出的['Single', 'Q', ['DQ']]
[22:31:43] [yf1_v5] [INFO] 3号位打出['Single', 'K', ['SK']]， 最大动作为3号位打出的['Single', 'K', ['SK']]
[22:31:43] [yf1_v5] [INFO] 0号位打出['Single', '7', ['H7']]， 最大动作为0号位打出的['Single', '7', ['H7']]
[22:31:43] [YFAdapter-P0] [INFO] [YF-P0] Decision context: myPos=0, curPos=0, greaterPos=0, teammate=2, curAction=[, actionList_size=1
[22:31:43] [YFAdapter-P0] [INFO] [YF-P0] Decided: action_index=0, action=['PASS', 'PASS', 'PASS']
[22:31:43] [yf1_v5] [INFO] 1号位打出['PASS', 'PASS', 'PASS']， 最大动作为0号位打出的['Single', '7', ['H7']]
[22:31:43] [yf1_v5] [INFO] 2号位打出['PASS', 'PASS', 'PASS']， 最大动作为0号位打出的['Single', '7', ['H7']]
[22:31:43] [yf1_v5] [INFO] 3号位打出['PASS', 'PASS', 'PASS']， 最大动作为0号位打出的['Single', '7', ['H7']]
[22:31:43] [yf1_v5] [INFO] 0号位打出['Single', '2', ['C2']]， 最大动作为0号位打出的['Single', '2', ['C2']]
[22:31:43] [YFAdapter-P0] [INFO] [YF-P0] Decision context: myPos=0, curPos=0, greaterPos=0, teammate=2, curAction=[, actionList_size=17
[22:31:43] [YFAdapter-P0] [INFO] [YF-P0] Decided: action_index=2, action=['Single', '3', [['C', '3']]]
[22:31:43] [yf1_v5] [INFO] 1号位打出['Single', '3', ['C3']]， 最大动作为1号位打出的['Single', '3', ['C3']]
[22:31:43] [yf1_v5] [INFO] 2号位打出['Single', '7', ['S7']]， 最大动作为2号位打出的['Single', '7', ['S7']]
[22:31:43] [yf1_v5] [INFO] 3号位打出['Single', 'R', ['HR']]， 最大动作为3号位打出的['Single', 'R', ['HR']]
[22:31:43] [yf1_v5] [INFO] 0号位打出['PASS', 'PASS', 'PASS']， 最大动作为3号位打出的['Single', 'R', ['HR']]
[22:31:43] [YFAdapter-P0] [INFO] [YF-P0] Decision context: myPos=0, curPos=0, greaterPos=3, teammate=2, curAction=[, actionList_size=1
[22:31:43] [YFAdapter-P0] [INFO] [YF-P0] Decided: action_index=0, action=['PASS', 'PASS', 'PASS']
[22:31:43] [yf1_v5] [INFO] 1号位打出['PASS', 'PASS', 'PASS']， 最大动作为3号位打出的['Single', 'R', ['HR']]
[22:31:43] [yf1_v5] [INFO] 2号位打出['PASS', 'PASS', 'PASS']， 最大动作为3号位打出的['Single', 'R', ['HR']]
[22:31:43] [yf1_v5] [INFO] 3号位打出['Single', '2', ['H2']]， 最大动作为3号位打出的['Single', '2', ['H2']]
[22:31:43] [yf1_v5] [INFO] 0号位打出['PASS', 'PASS', 'PASS']， 最大动作为3号位打出的['Single', '2', ['H2']]
[22:31:43] [YFAdapter-P0] [INFO] [YF-P0] Decision context: myPos=0, curPos=0, greaterPos=3, teammate=2, curAction=[, actionList_size=16
[22:31:43] [YFAdapter-P0] [INFO] [YF-P0] Decided: action_index=0, action=['PASS', 'PASS', 'PASS']
[22:31:43] [yf1_v5] [INFO] 1号位打出['Single', 'J', ['DJ']]， 最大动作为1号位打出的['Single', 'J', ['DJ']]
[22:31:43] [yf1_v5] [INFO] 2号位打出['Single', '7', ['D7']]， 最大动作为2号位打出的['Single', '7', ['D7']]
[22:31:43] [yf1_v5] [INFO] 3号位打出['PASS', 'PASS', 'PASS']， 最大动作为2号位打出的['Single', '7', ['D7']]
[22:31:43] [yf1_v5] [INFO] 0号位打出['PASS', 'PASS', 'PASS']， 最大动作为2号位打出的['Single', '7', ['D7']]
[22:31:43] [YFAdapter-P0] [INFO] [YF-P0] Decision context: myPos=0, curPos=0, greaterPos=2, teammate=2, curAction=[, actionList_size=1
[22:31:43] [YFAdapter-P0] [INFO] [YF-P0] Decided: action_index=0, action=['PASS', 'PASS', 'PASS']
[22:31:43] [yf1_v5] [INFO] 1号位打出['PASS', 'PASS', 'PASS']， 最大动作为2号位打出的['Single', '7', ['D7']]
[22:31:43] [yf1_v5] [INFO] 2号位打出['Pair', '3', ['H3', 'C3']]， 最大动作为2号位打出的['Pair', '3', ['H3', 'C3']]
[22:31:43] [yf1_v5] [INFO] 3号位打出['Pair', 'T', ['ST', 'DT']]， 最大动作为3号位打出的['Pair', 'T', ['ST', 'DT']]
[22:31:43] [yf1_v5] [INFO] 0号位打出['Pair', 'Q', ['HQ', 'DQ']]， 最大动作为0号位打出的['Pair', 'Q', ['HQ', 'DQ']]
[22:31:43] [YFAdapter-P0] [INFO] [YF-P0] Decision context: myPos=0, curPos=0, greaterPos=0, teammate=2, curAction=[, actionList_size=2
[22:31:43] [YFAdapter-P0] [INFO] [YF-P0] Decided: action_index=0, action=['PASS', 'PASS', 'PASS']
[22:31:43] [yf1_v5] [INFO] 1号位打出['Pair', '7', ['C7', 'D7']]， 最大动作为1号位打出的['Pair', '7', ['C7', 'D7']]
[22:31:43] [yf1_v5] [INFO] 2号位打出['Bomb', 'J', ['SJ', 'SJ', 'HJ', 'HJ', 'CJ']]， 最大动作为2号位打出的['Bomb', 'J', ['SJ', 'SJ', 'HJ', 'HJ', 'CJ']]
[22:31:43] [yf1_v5] [INFO] 3号位打出['PASS', 'PASS', 'PASS']， 最大动作为2号位打出的['Bomb', 'J', ['SJ', 'SJ', 'HJ', 'HJ', 'CJ']]
[22:31:43] [yf1_v5] [INFO] 0号位打出['PASS', 'PASS', 'PASS']， 最大动作为2号位打出的['Bomb', 'J', ['SJ', 'SJ', 'HJ', 'HJ', 'CJ']]
[22:31:43] [YFAdapter-P0] [INFO] [YF-P0] Decision context: myPos=0, curPos=0, greaterPos=2, teammate=2, curAction=[, actionList_size=1
[22:31:43] [YFAdapter-P0] [INFO] [YF-P0] Decided: action_index=0, action=['PASS', 'PASS', 'PASS']
[22:31:43] [yf1_v5] [INFO] 1号位打出['PASS', 'PASS', 'PASS']， 最大动作为2号位打出的['Bomb', 'J', ['SJ', 'SJ', 'HJ', 'HJ', 'CJ']]
[22:31:43] [yf1_v5] [INFO] 2号位打出['Pair', '8', ['S8', 'C8']]， 最大动作为2号位打出的['Pair', '8', ['S8', 'C8']]
[22:31:43] [yf1_v5] [INFO] 3号位打出['Pair', 'A', ['HA', 'CA']]， 最大动作为3号位打出的['Pair', 'A', ['HA', 'CA']]
[22:31:43] [yf1_v5] [INFO] 0号位打出['Bomb', '9', ['S9', 'C9', 'C9', 'D9']]， 最大动作为0号位打出的['Bomb', '9', ['S9', 'C9', 'C9', 'D9']]
[22:31:43] [YFAdapter-P0] [INFO] [YF-P0] Decision context: myPos=0, curPos=0, greaterPos=0, teammate=2, curAction=[, actionList_size=1
[22:31:43] [YFAdapter-P0] [INFO] [YF-P0] Decided: action_index=0, action=['PASS', 'PASS', 'PASS']
[22:31:43] [yf1_v5] [INFO] 1号位打出['PASS', 'PASS', 'PASS']， 最大动作为0号位打出的['Bomb', '9', ['S9', 'C9', 'C9', 'D9']]
[22:31:43] [yf1_v5] [INFO] 2号位打出['PASS', 'PASS', 'PASS']， 最大动作为0号位打出的['Bomb', '9', ['S9', 'C9', 'C9', 'D9']]
[22:31:43] [yf1_v5] [INFO] 3号位打出['PASS', 'PASS', 'PASS']， 最大动作为0号位打出的['Bomb', '9', ['S9', 'C9', 'C9', 'D9']]
[22:31:43] [yf1_v5] [INFO] 0号位打出['ThreeWithTwo', '3', ['S3', 'D3', 'D3', 'D2', 'D2']]， 最大动作为0号位打出的['ThreeWithTwo', '3', ['S3', 'D3', 'D3', 'D2', 'D2']]
[22:31:43] [YFAdapter-P0] [INFO] [YF-P0] Decision context: myPos=0, curPos=0, greaterPos=0, teammate=2, curAction=[, actionList_size=4
[22:31:43] [YFAdapter-P0] [INFO] [YF-P0] Decided: action_index=2, action=['ThreeWithTwo', '6', [['S', '6'], ['C', '6'], ['D', '6'], ['C', '8'], ['D', '8']]]
[22:31:43] [yf1_v5] [INFO] 1号位打出['ThreeWithTwo', '6', ['S6', 'C6', 'D6', 'C8', 'D8']]， 最大动作为1号位打出的['ThreeWithTwo', '6', ['S6', 'C6', 'D6', 'C8', 'D8']]
[22:31:43] [yf1_v5] [INFO] 2号位打出['PASS', 'PASS', 'PASS']， 最大动作为1号位打出的['ThreeWithTwo', '6', ['S6', 'C6', 'D6', 'C8', 'D8']]
[22:31:43] [yf1_v5] [INFO] 3号位打出['PASS', 'PASS', 'PASS']， 最大动作为1号位打出的['ThreeWithTwo', '6', ['S6', 'C6', 'D6', 'C8', 'D8']]
[22:31:43] [yf1_v5] [INFO] 0号位打出['ThreeWithTwo', 'T', ['HT', 'HT', 'CT', 'H8', 'H8']]， 最大动作为0号位打出的['ThreeWithTwo', 'T', ['HT', 'HT', 'CT', 'H8', 'H8']]
[22:31:43] [YFAdapter-P0] [INFO] [YF-P0] Decision context: myPos=0, curPos=0, greaterPos=0, teammate=2, curAction=[, actionList_size=1
[22:31:43] [YFAdapter-P0] [INFO] [YF-P0] Decided: action_index=0, action=['PASS', 'PASS', 'PASS']
[22:31:43] [yf1_v5] [INFO] 1号位打出['PASS', 'PASS', 'PASS']， 最大动作为0号位打出的['ThreeWithTwo', 'T', ['HT', 'HT', 'CT', 'H8', 'H8']]
[22:31:43] [yf1_v5] [INFO] 2号位打出['PASS', 'PASS', 'PASS']， 最大动作为0号位打出的['ThreeWithTwo', 'T', ['HT', 'HT', 'CT', 'H8', 'H8']]
[22:31:43] [yf1_v5] [INFO] 3号位打出['PASS', 'PASS', 'PASS']， 最大动作为0号位打出的['ThreeWithTwo', 'T', ['HT', 'HT', 'CT', 'H8', 'H8']]
[22:31:43] [yf1_v5] [INFO] 0号位打出['ThreeWithTwo', '6', ['H6', 'H6', 'C6', 'HK', 'CK']]， 最大动作为0号位打出的['ThreeWithTwo', '6', ['H6', 'H6', 'C6', 'HK', 'CK']]
[22:31:43] [YFAdapter-P0] [INFO] [YF-P0] Decision context: myPos=0, curPos=0, greaterPos=0, teammate=2, curAction=[, actionList_size=1
[22:31:43] [YFAdapter-P0] [INFO] [YF-P0] Decided: action_index=0, action=['PASS', 'PASS', 'PASS']
[22:31:43] [yf1_v5] [INFO] 1号位打出['PASS', 'PASS', 'PASS']， 最大动作为0号位打出的['ThreeWithTwo', '6', ['H6', 'H6', 'C6', 'HK', 'CK']]
[22:31:43] [yf1_v5] [INFO] 2号位打出['PASS', 'PASS', 'PASS']， 最大动作为0号位打出的['ThreeWithTwo', '6', ['H6', 'H6', 'C6', 'HK', 'CK']]
[22:31:43] [yf1_v5] [INFO] 2号位打出['Pair', '9', ['H9', 'D9']]， 最大动作为2号位打出的['Pair', '9', ['H9', 'D9']]
[22:31:43] [yf1_v5] [INFO] 3号位打出['PASS', 'PASS', 'PASS']， 最大动作为2号位打出的['Pair', '9', ['H9', 'D9']]
[22:31:43] [YFAdapter-P0] [INFO] [YF-P0] Decision context: myPos=0, curPos=3, greaterPos=2, teammate=2, curAction=[, actionList_size=2
[22:31:43] [YFAdapter-P0] [INFO] [YF-P0] Decided: action_index=0, action=['PASS', 'PASS', 'PASS']
[22:31:43] [yf1_v5] [INFO] 1号位打出['PASS', 'PASS', 'PASS']， 最大动作为2号位打出的['Pair', '9', ['H9', 'D9']]
[22:31:43] [yf1_v5] [INFO] 2号位打出['Pair', 'K', ['SK', 'HK']]， 最大动作为2号位打出的['Pair', 'K', ['SK', 'HK']]
[22:31:43] [yf1_v5] [INFO] 3号位打出['PASS', 'PASS', 'PASS']， 最大动作为2号位打出的['Pair', 'K', ['SK', 'HK']]
[22:31:43] [YFAdapter-P0] [INFO] [YF-P0] Decision context: myPos=0, curPos=3, greaterPos=2, teammate=2, curAction=[, actionList_size=1
[22:31:43] [YFAdapter-P0] [INFO] [YF-P0] Decided: action_index=0, action=['PASS', 'PASS', 'PASS']
[22:31:43] [yf1_v5] [INFO] 1号位打出['PASS', 'PASS', 'PASS']， 最大动作为2号位打出的['Pair', 'K', ['SK', 'HK']]
[22:31:43] [yf1_v5] [INFO] 2号位打出['Pair', 'A', ['DA', 'DA']]， 最大动作为2号位打出的['Pair', 'A', ['DA', 'DA']]
[22:31:43] [yf1_v5] [INFO] 3号位打出['PASS', 'PASS', 'PASS']， 最大动作为2号位打出的['Pair', 'A', ['DA', 'DA']]
[22:31:43] [YFAdapter-P0] [INFO] [YF-P0] Decision context: myPos=0, curPos=3, greaterPos=2, teammate=2, curAction=[, actionList_size=1
[22:31:43] [YFAdapter-P0] [INFO] [YF-P0] Decided: action_index=0, action=['PASS', 'PASS', 'PASS']
[22:31:43] [yf1_v5] [INFO] 1号位打出['PASS', 'PASS', 'PASS']， 最大动作为2号位打出的['Pair', 'A', ['DA', 'DA']]
[22:31:43] [yf1_v5] [INFO] 2号位打出['Single', 'B', ['SB']]， 最大动作为2号位打出的['Single', 'B', ['SB']]
[22:31:43] [yf1_v5] [INFO] 游戏开始, 我是1号位，手牌：['S2', 'H2', 'S3', 'S4', 'C4', 'D4', 'S5', 'S6', 'D6', 'S7', 'H7', 'S8', 'D8', 'C9', 'C9', 'D9', 'SJ', 'DJ', 'SQ', 'SQ', 'HQ', 'DQ', 'HA', 'CA', 'ST', 'HT', 'CT']
[22:31:43] [YFAdapter-P0] [INFO] [YF-P0] Decision context: myPos=0, curPos=-1, greaterPos=-1, teammate=2, curAction=[, actionList_size=2
[22:31:43] [YFAdapter-P0] [INFO] [YF-P0] Decided: action_index=0, action=['tribute', 'tribute', [['S', 'T']]]
[22:31:43] [yf1_v5] [INFO] 3号位打出['Single', '4', ['D4']]， 最大动作为3号位打出的['Single', '4', ['D4']]
[22:31:43] [yf1_v5] [INFO] 0号位打出['Single', 'J', ['CJ']]， 最大动作为0号位打出的['Single', 'J', ['CJ']]
[22:31:43] [YFAdapter-P0] [INFO] [YF-P0] Decision context: myPos=0, curPos=0, greaterPos=0, teammate=2, curAction=[, actionList_size=23
[22:31:43] [YFAdapter-P0] [INFO] [YF-P0] Decided: action_index=22, action=['StraightFlush', '4', [['S', '4'], ['S', '5'], ['S', '6'], ['S', '7'], ['S', '8']]]
[22:31:43] [yf1_v5] [INFO] 1号位打出['StraightFlush', '4', ['S4', 'S5', 'S6', 'S7', 'S8']]， 最大动作为1号位打出的['StraightFlush', '4', ['S4', 'S5', 'S6', 'S7', 'S8']]
[22:31:43] [yf1_v5] [INFO] 2号位打出['PASS', 'PASS', 'PASS']， 最大动作为1号位打出的['StraightFlush', '4', ['S4', 'S5', 'S6', 'S7', 'S8']]
[22:31:43] [yf1_v5] [INFO] 3号位打出['PASS', 'PASS', 'PASS']， 最大动作为1号位打出的['StraightFlush', '4', ['S4', 'S5', 'S6', 'S7', 'S8']]
[22:31:43] [yf1_v5] [INFO] 0号位打出['PASS', 'PASS', 'PASS']， 最大动作为1号位打出的['StraightFlush', '4', ['S4', 'S5', 'S6', 'S7', 'S8']]
[22:31:43] [YFAdapter-P0] [INFO] [YF-P0] Decision context: myPos=0, curPos=-1, greaterPos=-1, teammate=2, curAction=[, actionList_size=454
[22:31:43] [YFAdapter-P0] [INFO] [YF-P0] Decided: action_index=2, action=['Single', '3', [['S', '3']]]
[22:31:43] [yf1_v5] [INFO] 1号位打出['Single', '3', ['S3']]， 最大动作为1号位打出的['Single', '3', ['S3']]
[22:31:43] [yf1_v5] [INFO] 2号位打出['Single', 'K', ['DK']]， 最大动作为2号位打出的['Single', 'K', ['DK']]
[22:31:43] [yf1_v5] [INFO] 3号位打出['Bomb', 'K', ['SK', 'HK', 'CK', 'DK', 'HT']]， 最大动作为3号位打出的['Bomb', 'K', ['SK', 'HK', 'CK', 'DK', 'HT']]
[22:31:43] [yf1_v5] [INFO] 0号位打出['PASS', 'PASS', 'PASS']， 最大动作为3号位打出的['Bomb', 'K', ['SK', 'HK', 'CK', 'DK', 'HT']]
[22:31:43] [YFAdapter-P0] [INFO] [YF-P0] Decision context: myPos=0, curPos=0, greaterPos=3, teammate=2, curAction=[, actionList_size=1
[22:31:43] [YFAdapter-P0] [INFO] [YF-P0] Decided: action_index=0, action=['PASS', 'PASS', 'PASS']
[22:31:43] [yf1_v5] [INFO] 1号位打出['PASS', 'PASS', 'PASS']， 最大动作为3号位打出的['Bomb', 'K', ['SK', 'HK', 'CK', 'DK', 'HT']]
[22:31:43] [yf1_v5] [INFO] 2号位打出['PASS', 'PASS', 'PASS']， 最大动作为3号位打出的['Bomb', 'K', ['SK', 'HK', 'CK', 'DK', 'HT']]
[22:31:43] [yf1_v5] [INFO] 3号位打出['Single', '5', ['S5']]， 最大动作为3号位打出的['Single', '5', ['S5']]
[22:31:43] [yf1_v5] [INFO] 0号位打出['Single', 'T', ['ST']]， 最大动作为0号位打出的['Single', 'T', ['ST']]
[22:31:43] [YFAdapter-P0] [INFO] [YF-P0] Decision context: myPos=0, curPos=0, greaterPos=0, teammate=2, curAction=[, actionList_size=8
[22:31:43] [YFAdapter-P0] [INFO] [YF-P0] Decided: action_index=5, action=['Bomb', 'Q', [['S', 'Q'], ['S', 'Q'], ['D', 'Q'], ['H', 'T']]]
[22:31:43] [yf1_v5] [INFO] 1号位打出['Bomb', 'Q', ['SQ', 'SQ', 'DQ', 'HT']]， 最大动作为1号位打出的['Bomb', 'Q', ['SQ', 'SQ', 'DQ', 'HT']]
[22:31:43] [yf1_v5] [INFO] 2号位打出['PASS', 'PASS', 'PASS']， 最大动作为1号位打出的['Bomb', 'Q', ['SQ', 'SQ', 'DQ', 'HT']]
[22:31:43] [yf1_v5] [INFO] 3号位打出['Bomb', 'T', ['ST', 'CT', 'DT', 'DT']]， 最大动作为3号位打出的['Bomb', 'T', ['ST', 'CT', 'DT', 'DT']]
[22:31:43] [yf1_v5] [INFO] 0号位打出['PASS', 'PASS', 'PASS']， 最大动作为3号位打出的['Bomb', 'T', ['ST', 'CT', 'DT', 'DT']]
[22:31:43] [YFAdapter-P0] [INFO] [YF-P0] Decision context: myPos=0, curPos=0, greaterPos=3, teammate=2, curAction=[, actionList_size=1
[22:31:43] [YFAdapter-P0] [INFO] [YF-P0] Decided: action_index=0, action=['PASS', 'PASS', 'PASS']
[22:31:43] [yf1_v5] [INFO] 1号位打出['PASS', 'PASS', 'PASS']， 最大动作为3号位打出的['Bomb', 'T', ['ST', 'CT', 'DT', 'DT']]
[22:31:43] [yf1_v5] [INFO] 2号位打出['PASS', 'PASS', 'PASS']， 最大动作为3号位打出的['Bomb', 'T', ['ST', 'CT', 'DT', 'DT']]
[22:31:43] [yf1_v5] [INFO] 3号位打出['ThreeWithTwo', '2', ['C2', 'C2', 'D2', 'D3', 'D3']]， 最大动作为3号位打出的['ThreeWithTwo', '2', ['C2', 'C2', 'D2', 'D3', 'D3']]
[22:31:43] [yf1_v5] [INFO] 0号位打出['ThreeWithTwo', '8', ['S8', 'H8', 'D8', 'C3', 'C3']]， 最大动作为0号位打出的['ThreeWithTwo', '8', ['S8', 'H8', 'D8', 'C3', 'C3']]
[22:31:43] [YFAdapter-P0] [INFO] [YF-P0] Decision context: myPos=0, curPos=0, greaterPos=0, teammate=2, curAction=[, actionList_size=7
[22:31:43] [YFAdapter-P0] [INFO] [YF-P0] Decided: action_index=4, action=['ThreeWithTwo', '9', [['C', '9'], ['C', '9'], ['D', '9'], ['C', '4'], ['D', '4']]]
[22:31:43] [yf1_v5] [INFO] 1号位打出['ThreeWithTwo', '9', ['C9', 'C9', 'D9', 'C4', 'D4']]， 最大动作为1号位打出的['ThreeWithTwo', '9', ['C9', 'C9', 'D9', 'C4', 'D4']]
[22:31:43] [yf1_v5] [INFO] 2号位打出['ThreeWithTwo', 'J', ['SJ', 'HJ', 'CJ', 'C7', 'D7']]， 最大动作为2号位打出的['ThreeWithTwo', 'J', ['SJ', 'HJ', 'CJ', 'C7', 'D7']]
[22:31:43] [yf1_v5] [INFO] 3号位打出['PASS', 'PASS', 'PASS']， 最大动作为2号位打出的['ThreeWithTwo', 'J', ['SJ', 'HJ', 'CJ', 'C7', 'D7']]
[22:31:43] [yf1_v5] [INFO] 0号位打出['ThreeWithTwo', 'K', ['SK', 'HK', 'CK', 'H5', 'D5']]， 最大动作为0号位打出的['ThreeWithTwo', 'K', ['SK', 'HK', 'CK', 'H5', 'D5']]
[22:31:43] [YFAdapter-P0] [INFO] [YF-P0] Decision context: myPos=0, curPos=0, greaterPos=0, teammate=2, curAction=[, actionList_size=1
[22:31:43] [YFAdapter-P0] [INFO] [YF-P0] Decided: action_index=0, action=['PASS', 'PASS', 'PASS']
[22:31:43] [yf1_v5] [INFO] 1号位打出['PASS', 'PASS', 'PASS']， 最大动作为0号位打出的['ThreeWithTwo', 'K', ['SK', 'HK', 'CK', 'H5', 'D5']]
[22:31:43] [yf1_v5] [INFO] 2号位打出['PASS', 'PASS', 'PASS']， 最大动作为0号位打出的['ThreeWithTwo', 'K', ['SK', 'HK', 'CK', 'H5', 'D5']]
[22:31:43] [yf1_v5] [INFO] 3号位打出['PASS', 'PASS', 'PASS']， 最大动作为0号位打出的['ThreeWithTwo', 'K', ['SK', 'HK', 'CK', 'H5', 'D5']]
[22:31:43] [yf1_v5] [INFO] 0号位打出['ThreeWithTwo', '2', ['S2', 'H2', 'D2', 'C6', 'D6']]， 最大动作为0号位打出的['ThreeWithTwo', '2', ['S2', 'H2', 'D2', 'C6', 'D6']]
[22:31:43] [YFAdapter-P0] [INFO] [YF-P0] Decision context: myPos=0, curPos=0, greaterPos=0, teammate=2, curAction=[, actionList_size=1
[22:31:43] [YFAdapter-P0] [INFO] [YF-P0] Decided: action_index=0, action=['PASS', 'PASS', 'PASS']
[22:31:43] [yf1_v5] [INFO] 1号位打出['PASS', 'PASS', 'PASS']， 最大动作为0号位打出的['ThreeWithTwo', '2', ['S2', 'H2', 'D2', 'C6', 'D6']]
[22:31:43] [yf1_v5] [INFO] 2号位打出['ThreeWithTwo', '3', ['S3', 'H3', 'H3', 'S9', 'S9']]， 最大动作为2号位打出的['ThreeWithTwo', '3', ['S3', 'H3', 'H3', 'S9', 'S9']]
[22:31:43] [yf1_v5] [INFO] 3号位打出['PASS', 'PASS', 'PASS']， 最大动作为2号位打出的['ThreeWithTwo', '3', ['S3', 'H3', 'H3', 'S9', 'S9']]
[22:31:43] [yf1_v5] [INFO] 0号位打出['ThreeWithTwo', 'A', ['SA', 'CA', 'DA', 'S7', 'H7']]， 最大动作为0号位打出的['ThreeWithTwo', 'A', ['SA', 'CA', 'DA', 'S7', 'H7']]
[22:31:43] [YFAdapter-P0] [INFO] [YF-P0] Decision context: myPos=0, curPos=0, greaterPos=0, teammate=2, curAction=[, actionList_size=1
[22:31:43] [YFAdapter-P0] [INFO] [YF-P0] Decided: action_index=0, action=['PASS', 'PASS', 'PASS']
[22:31:43] [yf1_v5] [INFO] 1号位打出['PASS', 'PASS', 'PASS']， 最大动作为0号位打出的['ThreeWithTwo', 'A', ['SA', 'CA', 'DA', 'S7', 'H7']]
[22:31:43] [yf1_v5] [INFO] 2号位打出['PASS', 'PASS', 'PASS']， 最大动作为0号位打出的['ThreeWithTwo', 'A', ['SA', 'CA', 'DA', 'S7', 'H7']]
[22:31:44] [yf1_v5] [INFO] 3号位打出['PASS', 'PASS', 'PASS']， 最大动作为0号位打出的['ThreeWithTwo', 'A', ['SA', 'CA', 'DA', 'S7', 'H7']]
[22:31:44] [yf1_v5] [INFO] 0号位打出['Pair', '9', ['H9', 'D9']]， 最大动作为0号位打出的['Pair', '9', ['H9', 'D9']]
[22:31:44] [YFAdapter-P0] [INFO] [YF-P0] Decision context: myPos=0, curPos=0, greaterPos=0, teammate=2, curAction=[, actionList_size=3
[22:31:44] [YFAdapter-P0] [INFO] [YF-P0] Decided: action_index=2, action=['Pair', 'A', [['H', 'A'], ['C', 'A']]]
[22:31:44] [yf1_v5] [INFO] 1号位打出['Pair', 'A', ['HA', 'CA']]， 最大动作为1号位打出的['Pair', 'A', ['HA', 'CA']]
[22:31:44] [yf1_v5] [INFO] 2号位打出['Bomb', '5', ['H5', 'C5', 'C5', 'D5']]， 最大动作为2号位打出的['Bomb', '5', ['H5', 'C5', 'C5', 'D5']]
[22:31:44] [yf1_v5] [INFO] 3号位打出['PASS', 'PASS', 'PASS']， 最大动作为2号位打出的['Bomb', '5', ['H5', 'C5', 'C5', 'D5']]
[22:31:44] [yf1_v5] [INFO] 0号位打出['PASS', 'PASS', 'PASS']， 最大动作为2号位打出的['Bomb', '5', ['H5', 'C5', 'C5', 'D5']]
[22:31:44] [YFAdapter-P0] [INFO] [YF-P0] Decision context: myPos=0, curPos=0, greaterPos=2, teammate=2, curAction=[, actionList_size=1
[22:31:44] [YFAdapter-P0] [INFO] [YF-P0] Decided: action_index=0, action=['PASS', 'PASS', 'PASS']
[22:31:44] [yf1_v5] [INFO] 1号位打出['PASS', 'PASS', 'PASS']， 最大动作为2号位打出的['Bomb', '5', ['H5', 'C5', 'C5', 'D5']]
[22:31:44] [yf1_v5] [INFO] 2号位打出['Trips', '4', ['S4', 'H4', 'C4']]， 最大动作为2号位打出的['Trips', '4', ['S4', 'H4', 'C4']]
[22:31:44] [yf1_v5] [INFO] 3号位打出['Trips', '8', ['H8', 'C8', 'C8']]， 最大动作为3号位打出的['Trips', '8', ['H8', 'C8', 'C8']]
[22:31:44] [yf1_v5] [INFO] 0号位打出['PASS', 'PASS', 'PASS']， 最大动作为3号位打出的['Trips', '8', ['H8', 'C8', 'C8']]
[22:31:44] [YFAdapter-P0] [INFO] [YF-P0] Decision context: myPos=0, curPos=0, greaterPos=3, teammate=2, curAction=[, actionList_size=1
[22:31:44] [YFAdapter-P0] [INFO] [YF-P0] Decided: action_index=0, action=['PASS', 'PASS', 'PASS']
[22:31:44] [yf1_v5] [INFO] 1号位打出['PASS', 'PASS', 'PASS']， 最大动作为3号位打出的['Trips', '8', ['H8', 'C8', 'C8']]
[22:31:44] [yf1_v5] [INFO] 2号位打出['Trips', 'A', ['SA', 'HA', 'DA']]， 最大动作为2号位打出的['Trips', 'A', ['SA', 'HA', 'DA']]
[22:31:44] [yf1_v5] [INFO] 3号位打出['PASS', 'PASS', 'PASS']， 最大动作为2号位打出的['Trips', 'A', ['SA', 'HA', 'DA']]
[22:31:44] [yf1_v5] [INFO] 0号位打出['PASS', 'PASS', 'PASS']， 最大动作为2号位打出的['Trips', 'A', ['SA', 'HA', 'DA']]
[22:31:44] [YFAdapter-P0] [INFO] [YF-P0] Decision context: myPos=0, curPos=0, greaterPos=2, teammate=2, curAction=[, actionList_size=1
[22:31:44] [YFAdapter-P0] [INFO] [YF-P0] Decided: action_index=0, action=['PASS', 'PASS', 'PASS']
[22:31:44] [yf1_v5] [INFO] 1号位打出['PASS', 'PASS', 'PASS']， 最大动作为2号位打出的['Trips', 'A', ['SA', 'HA', 'DA']]
[22:31:44] [yf1_v5] [INFO] 2号位打出['Single', 'B', ['SB']]， 最大动作为2号位打出的['Single', 'B', ['SB']]
[22:31:44] [yf1_v5] [INFO] 3号位打出['PASS', 'PASS', 'PASS']， 最大动作为2号位打出的['Single', 'B', ['SB']]
[22:31:44] [yf1_v5] [INFO] 0号位打出['PASS', 'PASS', 'PASS']， 最大动作为2号位打出的['Single', 'B', ['SB']]
[22:31:44] [YFAdapter-P0] [INFO] [YF-P0] Decision context: myPos=0, curPos=0, greaterPos=2, teammate=2, curAction=[, actionList_size=1
[22:31:44] [YFAdapter-P0] [INFO] [YF-P0] Decided: action_index=0, action=['PASS', 'PASS', 'PASS']
[22:31:44] [yf1_v5] [INFO] 1号位打出['PASS', 'PASS', 'PASS']， 最大动作为2号位打出的['Single', 'B', ['SB']]
[22:31:44] [yf1_v5] [INFO] 2号位打出['Single', 'R', ['HR']]， 最大动作为2号位打出的['Single', 'R', ['HR']]
[22:31:44] [yf1_v5] [INFO] 3号位打出['PASS', 'PASS', 'PASS']， 最大动作为2号位打出的['Single', 'R', ['HR']]
[22:31:44] [yf1_v5] [INFO] 0号位打出['PASS', 'PASS', 'PASS']， 最大动作为2号位打出的['Single', 'R', ['HR']]
[22:31:44] [YFAdapter-P0] [INFO] [YF-P0] Decision context: myPos=0, curPos=0, greaterPos=2, teammate=2, curAction=[, actionList_size=1
[22:31:44] [YFAdapter-P0] [INFO] [YF-P0] Decided: action_index=0, action=['PASS', 'PASS', 'PASS']
[22:31:44] [yf1_v5] [INFO] 1号位打出['PASS', 'PASS', 'PASS']， 最大动作为2号位打出的['Single', 'R', ['HR']]
[22:31:44] [yf1_v5] [INFO] 2号位打出['Bomb', '6', ['S6', 'H6', 'H6', 'C6']]， 最大动作为2号位打出的['Bomb', '6', ['S6', 'H6', 'H6', 'C6']]
[22:31:44] [yf1_v5] [INFO] 3号位打出['PASS', 'PASS', 'PASS']， 最大动作为2号位打出的['Bomb', '6', ['S6', 'H6', 'H6', 'C6']]
[22:31:44] [yf1_v5] [INFO] 0号位打出['PASS', 'PASS', 'PASS']， 最大动作为2号位打出的['Bomb', '6', ['S6', 'H6', 'H6', 'C6']]
[22:31:44] [yf1_v5] [INFO] 0号位打出['Pair', 'Q', ['HQ', 'DQ']]， 最大动作为0号位打出的['Pair', 'Q', ['HQ', 'DQ']]
[22:31:44] [YFAdapter-P0] [INFO] [YF-P0] Decision context: myPos=0, curPos=0, greaterPos=0, teammate=2, curAction=[, actionList_size=1
[22:31:44] [YFAdapter-P0] [INFO] [YF-P0] Decided: action_index=0, action=['PASS', 'PASS', 'PASS']
[22:31:44] [yf1_v5] [INFO] 1号位打出['PASS', 'PASS', 'PASS']， 最大动作为0号位打出的['Pair', 'Q', ['HQ', 'DQ']]
[22:31:44] [yf1_v5] [INFO] 3号位打出['PASS', 'PASS', 'PASS']， 最大动作为0号位打出的['Pair', 'Q', ['HQ', 'DQ']]
[22:31:44] [yf1_v5] [INFO] 0号位打出['Single', 'R', ['HR']]， 最大动作为0号位打出的['Single', 'R', ['HR']]
[22:31:44] [yf1_v5] [INFO] 游戏开始, 我是1号位，手牌：['S2', 'S2', 'H2', 'S3', 'D3', 'H4', 'D5', 'C6', 'D6', 'H7', 'S8', 'H8', 'D8', 'H9', 'C9', 'CT', 'DT', 'SJ', 'HJ', 'HJ', 'DJ', 'SQ', 'DQ', 'SA', 'DA', 'CK', 'DK']
[22:31:44] [YFAdapter-P0] [INFO] [YF-P0] Decision context: myPos=0, curPos=-1, greaterPos=-1, teammate=2, curAction=[, actionList_size=2
[22:31:44] [YFAdapter-P0] [INFO] [YF-P0] Decided: action_index=0, action=['tribute', 'tribute', [['C', 'K']]]
[22:31:44] [yf1_v5] [INFO] 3号位打出['Single', '5', ['H5']]， 最大动作为3号位打出的['Single', '5', ['H5']]
[22:31:44] [yf1_v5] [INFO] 0号位打出['Single', '7', ['S7']]， 最大动作为0号位打出的['Single', '7', ['S7']]
[22:31:44] [YFAdapter-P0] [INFO] [YF-P0] Decision context: myPos=0, curPos=0, greaterPos=0, teammate=2, curAction=[, actionList_size=18
[22:31:44] [YFAdapter-P0] [INFO] [YF-P0] Decided: action_index=10, action=['Single', 'J', [['D', 'J']]]
[22:31:44] [yf1_v5] [INFO] 1号位打出['Single', 'J', ['DJ']]， 最大动作为1号位打出的['Single', 'J', ['DJ']]
[22:31:44] [yf1_v5] [INFO] 2号位打出['Single', 'K', ['HK']]， 最大动作为2号位打出的['Single', 'K', ['HK']]
[22:31:44] [yf1_v5] [INFO] 3号位打出['Single', 'B', ['SB']]， 最大动作为3号位打出的['Single', 'B', ['SB']]
[22:31:44] [yf1_v5] [INFO] 0号位打出['Single', 'R', ['HR']]， 最大动作为0号位打出的['Single', 'R', ['HR']]
[22:31:44] [YFAdapter-P0] [INFO] [YF-P0] Decision context: myPos=0, curPos=0, greaterPos=0, teammate=2, curAction=[, actionList_size=1
[22:31:44] [YFAdapter-P0] [INFO] [YF-P0] Decided: action_index=0, action=['PASS', 'PASS', 'PASS']
[22:31:44] [yf1_v5] [INFO] 1号位打出['PASS', 'PASS', 'PASS']， 最大动作为0号位打出的['Single', 'R', ['HR']]
[22:31:44] [yf1_v5] [INFO] 2号位打出['PASS', 'PASS', 'PASS']， 最大动作为0号位打出的['Single', 'R', ['HR']]
[22:31:44] [yf1_v5] [INFO] 3号位打出['PASS', 'PASS', 'PASS']， 最大动作为0号位打出的['Single', 'R', ['HR']]
[22:31:44] [yf1_v5] [INFO] 0号位打出['Single', '2', ['D2']]， 最大动作为0号位打出的['Single', '2', ['D2']]
[22:31:44] [YFAdapter-P0] [INFO] [YF-P0] Decision context: myPos=0, curPos=0, greaterPos=0, teammate=2, curAction=[, actionList_size=23
[22:31:44] [YFAdapter-P0] [INFO] [YF-P0] Decided: action_index=8, action=['Single', '7', [['H', '7']]]
[22:31:44] [yf1_v5] [INFO] 1号位打出['Single', '7', ['H7']]， 最大动作为1号位打出的['Single', '7', ['H7']]
[22:31:44] [yf1_v5] [INFO] 2号位打出['Single', '9', ['C9']]， 最大动作为2号位打出的['Single', '9', ['C9']]
[22:31:44] [yf1_v5] [INFO] 3号位打出['Bomb', '8', ['S8', 'H8', 'C8', 'D8']]， 最大动作为3号位打出的['Bomb', '8', ['S8', 'H8', 'C8', 'D8']]
[22:31:44] [yf1_v5] [INFO] 0号位打出['Bomb', 'A', ['SA', 'HA', 'CA', 'CA']]， 最大动作为0号位打出的['Bomb', 'A', ['SA', 'HA', 'CA', 'CA']]
[22:31:44] [YFAdapter-P0] [INFO] [YF-P0] Decision context: myPos=0, curPos=0, greaterPos=0, teammate=2, curAction=[, actionList_size=1
[22:31:44] [YFAdapter-P0] [INFO] [YF-P0] Decided: action_index=0, action=['PASS', 'PASS', 'PASS']
[22:31:44] [yf1_v5] [INFO] 1号位打出['PASS', 'PASS', 'PASS']， 最大动作为0号位打出的['Bomb', 'A', ['SA', 'HA', 'CA', 'CA']]
[22:31:44] [yf1_v5] [INFO] 2号位打出['PASS', 'PASS', 'PASS']， 最大动作为0号位打出的['Bomb', 'A', ['SA', 'HA', 'CA', 'CA']]
[22:31:44] [yf1_v5] [INFO] 3号位打出['PASS', 'PASS', 'PASS']， 最大动作为0号位打出的['Bomb', 'A', ['SA', 'HA', 'CA', 'CA']]
[22:31:44] [yf1_v5] [INFO] 0号位打出['Single', '3', ['C3']]， 最大动作为0号位打出的['Single', '3', ['C3']]
[22:31:44] [YFAdapter-P0] [INFO] [YF-P0] Decision context: myPos=0, curPos=0, greaterPos=0, teammate=2, curAction=[, actionList_size=20
[22:31:44] [YFAdapter-P0] [INFO] [YF-P0] Decided: action_index=0, action=['PASS', 'PASS', 'PASS']
[22:31:44] [yf1_v5] [INFO] 1号位打出['PASS', 'PASS', 'PASS']， 最大动作为0号位打出的['Single', '3', ['C3']]
[22:31:44] [yf1_v5] [INFO] 2号位打出['Single', '4', ['D4']]， 最大动作为2号位打出的['Single', '4', ['D4']]
[22:31:44] [yf1_v5] [INFO] 3号位打出['Single', 'T', ['CT']]， 最大动作为3号位打出的['Single', 'T', ['CT']]
[22:31:44] [yf1_v5] [INFO] 0号位打出['Single', 'Q', ['DQ']]， 最大动作为0号位打出的['Single', 'Q', ['DQ']]
[22:31:44] [YFAdapter-P0] [INFO] [YF-P0] Decision context: myPos=0, curPos=0, greaterPos=0, teammate=2, curAction=[, actionList_size=4
[22:31:44] [YFAdapter-P0] [INFO] [YF-P0] Decided: action_index=1, action=['Single', 'A', [['S', 'A']]]
[22:31:44] [yf1_v5] [INFO] 1号位打出['Single', 'A', ['SA']]， 最大动作为1号位打出的['Single', 'A', ['SA']]
[22:31:44] [yf1_v5] [INFO] 2号位打出['Single', 'K', ['HK']]， 最大动作为2号位打出的['Single', 'K', ['HK']]
[22:31:44] [yf1_v5] [INFO] 3号位打出['PASS', 'PASS', 'PASS']， 最大动作为2号位打出的['Single', 'K', ['HK']]
[22:31:44] [yf1_v5] [INFO] 0号位打出['PASS', 'PASS', 'PASS']， 最大动作为2号位打出的['Single', 'K', ['HK']]
[22:31:44] [YFAdapter-P0] [INFO] [YF-P0] Decision context: myPos=0, curPos=0, greaterPos=2, teammate=2, curAction=[, actionList_size=1
[22:31:44] [YFAdapter-P0] [INFO] [YF-P0] Decided: action_index=0, action=['PASS', 'PASS', 'PASS']
[22:31:44] [yf1_v5] [INFO] 1号位打出['PASS', 'PASS', 'PASS']， 最大动作为2号位打出的['Single', 'K', ['HK']]
[22:31:44] [yf1_v5] [INFO] 2号位打出['ThreeWithTwo', '7', ['C7', 'C7', 'D7', 'C2', 'D2']]， 最大动作为2号位打出的['ThreeWithTwo', '7', ['C7', 'C7', 'D7', 'C2', 'D2']]
[22:31:44] [yf1_v5] [INFO] 3号位打出['ThreeWithTwo', 'Q', ['SQ', 'HQ', 'CQ', 'S7', 'D7']]， 最大动作为3号位打出的['ThreeWithTwo', 'Q', ['SQ', 'HQ', 'CQ', 'S7', 'D7']]
[22:31:44] [yf1_v5] [INFO] 0号位打出['ThreeWithTwo', 'K', ['SK', 'SK', 'CK', 'S9', 'H9']]， 最大动作为0号位打出的['ThreeWithTwo', 'K', ['SK', 'SK', 'CK', 'S9', 'H9']]
[22:31:44] [YFAdapter-P0] [INFO] [YF-P0] Decision context: myPos=0, curPos=0, greaterPos=0, teammate=2, curAction=[, actionList_size=1
[22:31:44] [YFAdapter-P0] [INFO] [YF-P0] Decided: action_index=0, action=['PASS', 'PASS', 'PASS']
[22:31:44] [yf1_v5] [INFO] 1号位打出['PASS', 'PASS', 'PASS']， 最大动作为0号位打出的['ThreeWithTwo', 'K', ['SK', 'SK', 'CK', 'S9', 'H9']]
[22:31:44] [yf1_v5] [INFO] 2号位打出['PASS', 'PASS', 'PASS']， 最大动作为0号位打出的['ThreeWithTwo', 'K', ['SK', 'SK', 'CK', 'S9', 'H9']]
[22:31:44] [yf1_v5] [INFO] 3号位打出['PASS', 'PASS', 'PASS']， 最大动作为0号位打出的['ThreeWithTwo', 'K', ['SK', 'SK', 'CK', 'S9', 'H9']]
[22:31:44] [yf1_v5] [INFO] 0号位打出['Single', '8', ['C8']]， 最大动作为0号位打出的['Single', '8', ['C8']]
[22:31:44] [YFAdapter-P0] [INFO] [YF-P0] Decision context: myPos=0, curPos=0, greaterPos=0, teammate=2, curAction=[, actionList_size=11
[22:31:44] [YFAdapter-P0] [INFO] [YF-P0] Decided: action_index=10, action=['Single', 'K', [['D', 'K']]]
[22:31:44] [yf1_v5] [INFO] 1号位打出['Single', 'K', ['DK']]， 最大动作为1号位打出的['Single', 'K', ['DK']]
[22:31:44] [yf1_v5] [INFO] 2号位打出['Single', 'B', ['SB']]， 最大动作为2号位打出的['Single', 'B', ['SB']]
[22:31:44] [yf1_v5] [INFO] 3号位打出['PASS', 'PASS', 'PASS']， 最大动作为2号位打出的['Single', 'B', ['SB']]
[22:31:44] [yf1_v5] [INFO] 0号位打出['PASS', 'PASS', 'PASS']， 最大动作为2号位打出的['Single', 'B', ['SB']]
[22:31:44] [YFAdapter-P0] [INFO] [YF-P0] Decision context: myPos=0, curPos=0, greaterPos=2, teammate=2, curAction=[, actionList_size=1
[22:31:44] [YFAdapter-P0] [INFO] [YF-P0] Decided: action_index=0, action=['PASS', 'PASS', 'PASS']
[22:31:44] [yf1_v5] [INFO] 1号位打出['PASS', 'PASS', 'PASS']， 最大动作为2号位打出的['Single', 'B', ['SB']]
[22:31:44] [yf1_v5] [INFO] 2号位打出['Pair', '5', ['S5', 'C5']]， 最大动作为2号位打出的['Pair', '5', ['S5', 'C5']]
[22:31:44] [yf1_v5] [INFO] 3号位打出['Pair', '9', ['D9', 'D9']]， 最大动作为3号位打出的['Pair', '9', ['D9', 'D9']]
[22:31:44] [yf1_v5] [INFO] 0号位打出['Pair', 'J', ['SJ', 'CJ']]， 最大动作为0号位打出的['Pair', 'J', ['SJ', 'CJ']]
[22:31:44] [YFAdapter-P0] [INFO] [YF-P0] Decision context: myPos=0, curPos=0, greaterPos=0, teammate=2, curAction=[, actionList_size=2
[22:31:44] [YFAdapter-P0] [INFO] [YF-P0] Decided: action_index=0, action=['PASS', 'PASS', 'PASS']
[22:31:44] [yf1_v5] [INFO] 1号位打出['Pair', 'Q', ['SQ', 'DQ']]， 最大动作为1号位打出的['Pair', 'Q', ['SQ', 'DQ']]
[22:31:44] [yf1_v5] [INFO] 2号位打出['PASS', 'PASS', 'PASS']， 最大动作为1号位打出的['Pair', 'Q', ['SQ', 'DQ']]
[22:31:44] [yf1_v5] [INFO] 3号位打出['Pair', 'A', ['HA', 'DA']]， 最大动作为3号位打出的['Pair', 'A', ['HA', 'DA']]
[22:31:44] [yf1_v5] [INFO] 0号位打出['Bomb', '5', ['S5', 'H5', 'C5', 'D5']]， 最大动作为0号位打出的['Bomb', '5', ['S5', 'H5', 'C5', 'D5']]
[22:31:44] [YFAdapter-P0] [INFO] [YF-P0] Decision context: myPos=0, curPos=0, greaterPos=0, teammate=2, curAction=[, actionList_size=1
[22:31:44] [YFAdapter-P0] [INFO] [YF-P0] Decided: action_index=0, action=['PASS', 'PASS', 'PASS']
[22:31:44] [yf1_v5] [INFO] 1号位打出['PASS', 'PASS', 'PASS']， 最大动作为0号位打出的['Bomb', '5', ['S5', 'H5', 'C5', 'D5']]
[22:31:44] [yf1_v5] [INFO] 2号位打出['PASS', 'PASS', 'PASS']， 最大动作为0号位打出的['Bomb', '5', ['S5', 'H5', 'C5', 'D5']]
[22:31:44] [yf1_v5] [INFO] 3号位打出['PASS', 'PASS', 'PASS']， 最大动作为0号位打出的['Bomb', '5', ['S5', 'H5', 'C5', 'D5']]
[22:31:44] [yf1_v5] [INFO] 0号位打出['Bomb', '4', ['S4', 'S4', 'H4', 'C4', 'C4', 'D4']]， 最大动作为0号位打出的['Bomb', '4', ['S4', 'S4', 'H4', 'C4', 'C4', 'D4']]
[22:31:44] [YFAdapter-P0] [INFO] [YF-P0] Decision context: myPos=0, curPos=0, greaterPos=0, teammate=2, curAction=[, actionList_size=1
[22:31:44] [YFAdapter-P0] [INFO] [YF-P0] Decided: action_index=0, action=['PASS', 'PASS', 'PASS']
[22:31:44] [yf1_v5] [INFO] 1号位打出['PASS', 'PASS', 'PASS']， 最大动作为0号位打出的['Bomb', '4', ['S4', 'S4', 'H4', 'C4', 'C4', 'D4']]
[22:31:44] [yf1_v5] [INFO] 2号位打出['PASS', 'PASS', 'PASS']， 最大动作为0号位打出的['Bomb', '4', ['S4', 'S4', 'H4', 'C4', 'C4', 'D4']]
[22:31:44] [yf1_v5] [INFO] 2号位打出['ThreeWithTwo', 'T', ['HT', 'HT', 'DT', 'C3', 'D3']]， 最大动作为2号位打出的['ThreeWithTwo', 'T', ['HT', 'HT', 'DT', 'C3', 'D3']]
[22:31:44] [yf1_v5] [INFO] 3号位打出['PASS', 'PASS', 'PASS']， 最大动作为2号位打出的['ThreeWithTwo', 'T', ['HT', 'HT', 'DT', 'C3', 'D3']]
[22:31:44] [YFAdapter-P0] [INFO] [YF-P0] Decision context: myPos=0, curPos=3, greaterPos=2, teammate=2, curAction=[, actionList_size=12
[22:31:44] [YFAdapter-P0] [INFO] [YF-P0] Decided: action_index=0, action=['PASS', 'PASS', 'PASS']
[22:31:44] [yf1_v5] [INFO] 1号位打出['ThreeWithTwo', 'J', ['SJ', 'HJ', 'HJ', 'S2', 'H2']]， 最大动作为1号位打出的['ThreeWithTwo', 'J', ['SJ', 'HJ', 'HJ', 'S2', 'H2']]
[22:31:44] [yf1_v5] [INFO] 2号位打出['PASS', 'PASS', 'PASS']， 最大动作为1号位打出的['ThreeWithTwo', 'J', ['SJ', 'HJ', 'HJ', 'S2', 'H2']]
[22:31:44] [yf1_v5] [INFO] 3号位打出['PASS', 'PASS', 'PASS']， 最大动作为1号位打出的['ThreeWithTwo', 'J', ['SJ', 'HJ', 'HJ', 'S2', 'H2']]
[22:31:44] [YFAdapter-P0] [INFO] [YF-P0] Decision context: myPos=0, curPos=-1, greaterPos=-1, teammate=2, curAction=[, actionList_size=50
[22:31:44] [YFAdapter-P0] [INFO] [YF-P0] Decided: action_index=2, action=['Single', '3', [['D', '3']]]
[22:31:44] [yf1_v5] [INFO] 1号位打出['Single', '3', ['D3']]， 最大动作为1号位打出的['Single', '3', ['D3']]
[22:31:44] [yf1_v5] [INFO] 2号位打出['Single', 'K', ['CK']]， 最大动作为2号位打出的['Single', 'K', ['CK']]
[22:31:44] [yf1_v5] [INFO] 3号位打出['PASS', 'PASS', 'PASS']， 最大动作为2号位打出的['Single', 'K', ['CK']]
[22:31:44] [YFAdapter-P0] [INFO] [YF-P0] Decision context: myPos=0, curPos=3, greaterPos=2, teammate=2, curAction=[, actionList_size=1
[22:31:44] [YFAdapter-P0] [INFO] [YF-P0] Decided: action_index=0, action=['PASS', 'PASS', 'PASS']
[22:31:44] [yf1_v5] [INFO] 1号位打出['PASS', 'PASS', 'PASS']， 最大动作为2号位打出的['Single', 'K', ['CK']]
[22:31:44] [yf1_v5] [INFO] 2号位打出['Pair', 'J', ['CJ', 'DJ']]， 最大动作为2号位打出的['Pair', 'J', ['CJ', 'DJ']]
[22:31:44] [yf1_v5] [INFO] 3号位打出['PASS', 'PASS', 'PASS']， 最大动作为2号位打出的['Pair', 'J', ['CJ', 'DJ']]
[22:31:44] [YFAdapter-P0] [INFO] [YF-P0] Decision context: myPos=0, curPos=3, greaterPos=2, teammate=2, curAction=[, actionList_size=1
[22:31:44] [YFAdapter-P0] [INFO] [YF-P0] Decided: action_index=0, action=['PASS', 'PASS', 'PASS']
[22:31:44] [yf1_v5] [INFO] 1号位打出['PASS', 'PASS', 'PASS']， 最大动作为2号位打出的['Pair', 'J', ['CJ', 'DJ']]
[22:31:44] [yf1_v5] [INFO] 2号位打出['Pair', 'Q', ['HQ', 'CQ']]， 最大动作为2号位打出的['Pair', 'Q', ['HQ', 'CQ']]
[22:31:44] [yf1_v5] [INFO] 3号位打出['PASS', 'PASS', 'PASS']， 最大动作为2号位打出的['Pair', 'Q', ['HQ', 'CQ']]
[22:31:44] [YFAdapter-P0] [INFO] [YF-P0] Decision context: myPos=0, curPos=3, greaterPos=2, teammate=2, curAction=[, actionList_size=1
[22:31:44] [YFAdapter-P0] [INFO] [YF-P0] Decided: action_index=0, action=['PASS', 'PASS', 'PASS']
[22:31:44] [yf1_v5] [INFO] 1号位打出['PASS', 'PASS', 'PASS']， 最大动作为2号位打出的['Pair', 'Q', ['HQ', 'CQ']]
[22:31:44] [yf1_v5] [INFO] 2号位打出['Single', 'R', ['HR']]， 最大动作为2号位打出的['Single', 'R', ['HR']]
[22:31:44] [yf1_v5] [INFO] 3号位打出['PASS', 'PASS', 'PASS']， 最大动作为2号位打出的['Single', 'R', ['HR']]
[22:31:44] [YFAdapter-P0] [INFO] [YF-P0] Decision context: myPos=0, curPos=3, greaterPos=2, teammate=2, curAction=[, actionList_size=1
[22:31:44] [YFAdapter-P0] [INFO] [YF-P0] Decided: action_index=0, action=['PASS', 'PASS', 'PASS']
[22:31:44] [yf1_v5] [INFO] 1号位打出['PASS', 'PASS', 'PASS']， 最大动作为2号位打出的['Single', 'R', ['HR']]
[22:31:44] [yf1_v5] [INFO] 2号位打出['Bomb', '6', ['S6', 'H6', 'C6', 'D6']]， 最大动作为2号位打出的['Bomb', '6', ['S6', 'H6', 'C6', 'D6']]
[22:31:44] [yf1_v5] [INFO] 游戏开始, 我是1号位，手牌：['C2', 'C2', 'H3', 'H3', 'C3', 'D3', 'S4', 'H4', 'D4', 'S5', 'H5', 'C5', 'D5', 'C6', 'S7', 'D8', 'S9', 'H9', 'D9', 'DT', 'HJ', 'DJ', 'SQ', 'SK', 'SA', 'HA', 'CA']
[22:31:44] [YFAdapter-P0] [INFO] [YF-P0] Decision context: myPos=0, curPos=-1, greaterPos=-1, teammate=2, curAction=[, actionList_size=2
[22:31:44] [YFAdapter-P0] [INFO] [YF-P0] Decided: action_index=0, action=['tribute', 'tribute', [['S', 'A']]]
[22:31:44] [yf1_v5] [INFO] 3号位打出['Single', '5', ['C5']]， 最大动作为3号位打出的['Single', '5', ['C5']]
[22:31:44] [yf1_v5] [INFO] 0号位打出['Single', '8', ['S8']]， 最大动作为0号位打出的['Single', '8', ['S8']]
[22:31:44] [YFAdapter-P0] [INFO] [YF-P0] Decision context: myPos=0, curPos=0, greaterPos=0, teammate=2, curAction=[, actionList_size=35
[22:31:44] [YFAdapter-P0] [INFO] [YF-P0] Decided: action_index=0, action=['PASS', 'PASS', 'PASS']
[22:31:44] [yf1_v5] [INFO] 1号位打出['PASS', 'PASS', 'PASS']， 最大动作为0号位打出的['Single', '8', ['S8']]
[22:31:44] [yf1_v5] [INFO] 2号位打出['Single', 'A', ['SA']]， 最大动作为2号位打出的['Single', 'A', ['SA']]
[22:31:44] [yf1_v5] [INFO] 3号位打出['Bomb', '7', ['H7', 'H7', 'D7', 'HA']]， 最大动作为3号位打出的['Bomb', '7', ['H7', 'H7', 'D7', 'HA']]
[22:31:44] [yf1_v5] [INFO] 0号位打出['PASS', 'PASS', 'PASS']， 最大动作为3号位打出的['Bomb', '7', ['H7', 'H7', 'D7', 'HA']]
[22:31:44] [YFAdapter-P0] [INFO] [YF-P0] Decision context: myPos=0, curPos=0, greaterPos=3, teammate=2, curAction=[, actionList_size=9
[22:31:44] [YFAdapter-P0] [INFO] [YF-P0] Decided: action_index=0, action=['PASS', 'PASS', 'PASS']
[22:31:44] [yf1_v5] [INFO] 1号位打出['Bomb', '9', ['S9', 'H9', 'D9', 'HA']]， 最大动作为1号位打出的['Bomb', '9', ['S9', 'H9', 'D9', 'HA']]
[22:31:44] [yf1_v5] [INFO] 2号位打出['Bomb', 'T', ['ST', 'ST', 'HT', 'DT']]， 最大动作为2号位打出的['Bomb', 'T', ['ST', 'ST', 'HT', 'DT']]
[22:31:44] [yf1_v5] [INFO] 3号位打出['PASS', 'PASS', 'PASS']， 最大动作为2号位打出的['Bomb', 'T', ['ST', 'ST', 'HT', 'DT']]
[22:31:44] [yf1_v5] [INFO] 0号位打出['PASS', 'PASS', 'PASS']， 最大动作为2号位打出的['Bomb', 'T', ['ST', 'ST', 'HT', 'DT']]
[22:31:44] [YFAdapter-P0] [INFO] [YF-P0] Decision context: myPos=0, curPos=0, greaterPos=2, teammate=2, curAction=[, actionList_size=2
[22:31:44] [YFAdapter-P0] [INFO] [YF-P0] Decided: action_index=0, action=['PASS', 'PASS', 'PASS']
[22:31:44] [yf1_v5] [INFO] 1号位打出['PASS', 'PASS', 'PASS']， 最大动作为2号位打出的['Bomb', 'T', ['ST', 'ST', 'HT', 'DT']]
[22:31:44] [yf1_v5] [INFO] 2号位打出['Single', '2', ['S2']]， 最大动作为2号位打出的['Single', '2', ['S2']]
[22:31:44] [yf1_v5] [INFO] 3号位打出['PASS', 'PASS', 'PASS']， 最大动作为2号位打出的['Single', '2', ['S2']]
[22:31:44] [yf1_v5] [INFO] 0号位打出['Single', 'A', ['SA']]， 最大动作为0号位打出的['Single', 'A', ['SA']]
[22:31:44] [YFAdapter-P0] [INFO] [YF-P0] Decision context: myPos=0, curPos=0, greaterPos=0, teammate=2, curAction=[, actionList_size=7
[22:31:44] [YFAdapter-P0] [INFO] [YF-P0] Decided: action_index=6, action=['Bomb', '5', [['S', '5'], ['H', '5'], ['H', '5'], ['C', '5'], ['D', '5']]]
[22:31:44] [yf1_v5] [INFO] 1号位打出['Bomb', '5', ['S5', 'H5', 'H5', 'C5', 'D5']]， 最大动作为1号位打出的['Bomb', '5', ['S5', 'H5', 'H5', 'C5', 'D5']]
[22:31:44] [yf1_v5] [INFO] 2号位打出['PASS', 'PASS', 'PASS']， 最大动作为1号位打出的['Bomb', '5', ['S5', 'H5', 'H5', 'C5', 'D5']]
[22:31:44] [yf1_v5] [INFO] 3号位打出['PASS', 'PASS', 'PASS']， 最大动作为1号位打出的['Bomb', '5', ['S5', 'H5', 'H5', 'C5', 'D5']]
[22:31:44] [yf1_v5] [INFO] 0号位打出['PASS', 'PASS', 'PASS']， 最大动作为1号位打出的['Bomb', '5', ['S5', 'H5', 'H5', 'C5', 'D5']]
[22:31:44] [YFAdapter-P0] [INFO] [YF-P0] Decision context: myPos=0, curPos=-1, greaterPos=-1, teammate=2, curAction=[, actionList_size=65
[22:31:44] [YFAdapter-P0] [INFO] [YF-P0] Decided: action_index=7, action=['Single', '6', [['C', '6']]]
[22:31:44] [yf1_v5] [INFO] 1号位打出['Single', '6', ['C6']]， 最大动作为1号位打出的['Single', '6', ['C6']]
[22:31:44] [yf1_v5] [INFO] 2号位打出['Single', 'A', ['DA']]， 最大动作为2号位打出的['Single', 'A', ['DA']]
[22:31:44] [yf1_v5] [INFO] 3号位打出['Bomb', '2', ['S2', 'H2', 'H2', 'D2']]， 最大动作为3号位打出的['Bomb', '2', ['S2', 'H2', 'H2', 'D2']]
[22:31:44] [yf1_v5] [INFO] 0号位打出['Bomb', 'Q', ['SQ', 'HQ', 'DQ', 'DQ']]， 最大动作为0号位打出的['Bomb', 'Q', ['SQ', 'HQ', 'DQ', 'DQ']]
[22:31:44] [YFAdapter-P0] [INFO] [YF-P0] Decision context: myPos=0, curPos=0, greaterPos=0, teammate=2, curAction=[, actionList_size=1
[22:31:44] [YFAdapter-P0] [INFO] [YF-P0] Decided: action_index=0, action=['PASS', 'PASS', 'PASS']
[22:31:44] [yf1_v5] [INFO] 1号位打出['PASS', 'PASS', 'PASS']， 最大动作为0号位打出的['Bomb', 'Q', ['SQ', 'HQ', 'DQ', 'DQ']]
[22:31:44] [yf1_v5] [INFO] 2号位打出['PASS', 'PASS', 'PASS']， 最大动作为0号位打出的['Bomb', 'Q', ['SQ', 'HQ', 'DQ', 'DQ']]
[22:31:44] [yf1_v5] [INFO] 3号位打出['PASS', 'PASS', 'PASS']， 最大动作为0号位打出的['Bomb', 'Q', ['SQ', 'HQ', 'DQ', 'DQ']]
[22:31:44] [yf1_v5] [INFO] 0号位打出['Straight', '7', ['C7', 'S8', 'H9', 'HT', 'CJ']]， 最大动作为0号位打出的['Straight', '7', ['C7', 'S8', 'H9', 'HT', 'CJ']]
[22:31:44] [YFAdapter-P0] [INFO] [YF-P0] Decision context: myPos=0, curPos=0, greaterPos=0, teammate=2, curAction=[, actionList_size=4
[22:31:44] [YFAdapter-P0] [INFO] [YF-P0] Decided: action_index=2, action=['Straight', 'T', [['D', 'T'], ['D', 'J'], ['S', 'Q'], ['S', 'K'], ['C', 'A']]]
[22:31:44] [yf1_v5] [INFO] 1号位打出['Straight', 'T', ['DT', 'DJ', 'SQ', 'SK', 'CA']]， 最大动作为1号位打出的['Straight', 'T', ['DT', 'DJ', 'SQ', 'SK', 'CA']]
[22:31:44] [yf1_v5] [INFO] 2号位打出['Bomb', '6', ['S6', 'S6', 'D6', 'D6']]， 最大动作为2号位打出的['Bomb', '6', ['S6', 'S6', 'D6', 'D6']]
[22:31:44] [yf1_v5] [INFO] 3号位打出['PASS', 'PASS', 'PASS']， 最大动作为2号位打出的['Bomb', '6', ['S6', 'S6', 'D6', 'D6']]
[22:31:44] [yf1_v5] [INFO] 0号位打出['PASS', 'PASS', 'PASS']， 最大动作为2号位打出的['Bomb', '6', ['S6', 'S6', 'D6', 'D6']]
[22:31:44] [YFAdapter-P0] [INFO] [YF-P0] Decision context: myPos=0, curPos=0, greaterPos=2, teammate=2, curAction=[, actionList_size=1
[22:31:44] [YFAdapter-P0] [INFO] [YF-P0] Decided: action_index=0, action=['PASS', 'PASS', 'PASS']
[22:31:44] [yf1_v5] [INFO] 1号位打出['PASS', 'PASS', 'PASS']， 最大动作为2号位打出的['Bomb', '6', ['S6', 'S6', 'D6', 'D6']]
[22:31:44] [yf1_v5] [INFO] 2号位打出['Single', '2', ['D2']]， 最大动作为2号位打出的['Single', '2', ['D2']]
[22:31:44] [yf1_v5] [INFO] 3号位打出['Single', '4', ['C4']]， 最大动作为3号位打出的['Single', '4', ['C4']]
[22:31:44] [yf1_v5] [INFO] 0号位打出['Single', 'A', ['DA']]， 最大动作为0号位打出的['Single', 'A', ['DA']]
[22:31:44] [YFAdapter-P0] [INFO] [YF-P0] Decision context: myPos=0, curPos=0, greaterPos=0, teammate=2, curAction=[, actionList_size=2
[22:31:44] [YFAdapter-P0] [INFO] [YF-P0] Decided: action_index=0, action=['PASS', 'PASS', 'PASS']
[22:31:44] [yf1_v5] [INFO] 1号位打出['Bomb', '3', ['H3', 'H3', 'C3', 'D3']]， 最大动作为1号位打出的['Bomb', '3', ['H3', 'H3', 'C3', 'D3']]
[22:31:44] [yf1_v5] [INFO] 2号位打出['Bomb', 'J', ['SJ', 'SJ', 'HJ', 'DJ']]， 最大动作为2号位打出的['Bomb', 'J', ['SJ', 'SJ', 'HJ', 'DJ']]
[22:31:44] [yf1_v5] [INFO] 3号位打出['PASS', 'PASS', 'PASS']， 最大动作为2号位打出的['Bomb', 'J', ['SJ', 'SJ', 'HJ', 'DJ']]
[22:31:44] [yf1_v5] [INFO] 0号位打出['PASS', 'PASS', 'PASS']， 最大动作为2号位打出的['Bomb', 'J', ['SJ', 'SJ', 'HJ', 'DJ']]
[22:31:44] [YFAdapter-P0] [INFO] [YF-P0] Decision context: myPos=0, curPos=0, greaterPos=2, teammate=2, curAction=[, actionList_size=1
[22:31:44] [YFAdapter-P0] [INFO] [YF-P0] Decided: action_index=0, action=['PASS', 'PASS', 'PASS']
[22:31:44] [yf1_v5] [INFO] 1号位打出['PASS', 'PASS', 'PASS']， 最大动作为2号位打出的['Bomb', 'J', ['SJ', 'SJ', 'HJ', 'DJ']]
[22:31:44] [yf1_v5] [INFO] 2号位打出['Single', '5', ['S5']]， 最大动作为2号位打出的['Single', '5', ['S5']]
[22:31:44] [yf1_v5] [INFO] 3号位打出['Single', 'J', ['CJ']]， 最大动作为3号位打出的['Single', 'J', ['CJ']]
[22:31:44] [yf1_v5] [INFO] 0号位打出['Single', 'B', ['SB']]， 最大动作为0号位打出的['Single', 'B', ['SB']]
[22:31:44] [YFAdapter-P0] [INFO] [YF-P0] Decision context: myPos=0, curPos=0, greaterPos=0, teammate=2, curAction=[, actionList_size=1
[22:31:44] [YFAdapter-P0] [INFO] [YF-P0] Decided: action_index=0, action=['PASS', 'PASS', 'PASS']
[22:31:44] [yf1_v5] [INFO] 1号位打出['PASS', 'PASS', 'PASS']， 最大动作为0号位打出的['Single', 'B', ['SB']]
[22:31:44] [yf1_v5] [INFO] 2号位打出['PASS', 'PASS', 'PASS']， 最大动作为0号位打出的['Single', 'B', ['SB']]
[22:31:44] [yf1_v5] [INFO] 3号位打出['PASS', 'PASS', 'PASS']， 最大动作为0号位打出的['Single', 'B', ['SB']]
[22:31:44] [yf1_v5] [INFO] 0号位打出['ThreeWithTwo', '6', ['H6', 'H6', 'C6', 'C3', 'D3']]， 最大动作为0号位打出的['ThreeWithTwo', '6', ['H6', 'H6', 'C6', 'C3', 'D3']]
[22:31:44] [YFAdapter-P0] [INFO] [YF-P0] Decision context: myPos=0, curPos=0, greaterPos=0, teammate=2, curAction=[, actionList_size=1
[22:31:44] [YFAdapter-P0] [INFO] [YF-P0] Decided: action_index=0, action=['PASS', 'PASS', 'PASS']
[22:31:44] [yf1_v5] [INFO] 1号位打出['PASS', 'PASS', 'PASS']， 最大动作为0号位打出的['ThreeWithTwo', '6', ['H6', 'H6', 'C6', 'C3', 'D3']]
[22:31:44] [yf1_v5] [INFO] 2号位打出['ThreeWithTwo', '7', ['S7', 'C7', 'D7', 'HK', 'CK']]， 最大动作为2号位打出的['ThreeWithTwo', '7', ['S7', 'C7', 'D7', 'HK', 'CK']]
[22:31:44] [yf1_v5] [INFO] 3号位打出['PASS', 'PASS', 'PASS']， 最大动作为2号位打出的['ThreeWithTwo', '7', ['S7', 'C7', 'D7', 'HK', 'CK']]
[22:31:44] [yf1_v5] [INFO] 0号位打出['ThreeWithTwo', 'K', ['SK', 'CK', 'DK', 'H4', 'C4']]， 最大动作为0号位打出的['ThreeWithTwo', 'K', ['SK', 'CK', 'DK', 'H4', 'C4']]
[22:31:44] [YFAdapter-P0] [INFO] [YF-P0] Decision context: myPos=0, curPos=0, greaterPos=0, teammate=2, curAction=[, actionList_size=1
[22:31:44] [YFAdapter-P0] [INFO] [YF-P0] Decided: action_index=0, action=['PASS', 'PASS', 'PASS']
[22:31:44] [yf1_v5] [INFO] 1号位打出['PASS', 'PASS', 'PASS']， 最大动作为0号位打出的['ThreeWithTwo', 'K', ['SK', 'CK', 'DK', 'H4', 'C4']]
[22:31:45] [yf1_v5] [INFO] 2号位打出['PASS', 'PASS', 'PASS']， 最大动作为0号位打出的['ThreeWithTwo', 'K', ['SK', 'CK', 'DK', 'H4', 'C4']]
[22:31:45] [yf1_v5] [INFO] 3号位打出['PASS', 'PASS', 'PASS']， 最大动作为0号位打出的['ThreeWithTwo', 'K', ['SK', 'CK', 'DK', 'H4', 'C4']]
[22:31:45] [yf1_v5] [INFO] 0号位打出['Pair', '9', ['C9', 'D9']]， 最大动作为0号位打出的['Pair', '9', ['C9', 'D9']]
[22:31:45] [YFAdapter-P0] [INFO] [YF-P0] Decision context: myPos=0, curPos=0, greaterPos=0, teammate=2, curAction=[, actionList_size=1
[22:31:45] [YFAdapter-P0] [INFO] [YF-P0] Decided: action_index=0, action=['PASS', 'PASS', 'PASS']
[22:31:45] [yf1_v5] [INFO] 1号位打出['PASS', 'PASS', 'PASS']， 最大动作为0号位打出的['Pair', '9', ['C9', 'D9']]
[22:31:45] [yf1_v5] [INFO] 2号位打出['PASS', 'PASS', 'PASS']， 最大动作为0号位打出的['Pair', '9', ['C9', 'D9']]
[22:31:45] [yf1_v5] [INFO] 3号位打出['PASS', 'PASS', 'PASS']， 最大动作为0号位打出的['Pair', '9', ['C9', 'D9']]
[22:31:45] [yf1_v5] [INFO] 0号位打出['Pair', 'R', ['HR', 'HR']]， 最大动作为0号位打出的['Pair', 'R', ['HR', 'HR']]
[22:31:45] [YFAdapter-P0] [INFO] [YF-P0] Decision context: myPos=0, curPos=0, greaterPos=0, teammate=2, curAction=[, actionList_size=1
[22:31:45] [YFAdapter-P0] [INFO] [YF-P0] Decided: action_index=0, action=['PASS', 'PASS', 'PASS']
[22:31:45] [yf1_v5] [INFO] 1号位打出['PASS', 'PASS', 'PASS']， 最大动作为0号位打出的['Pair', 'R', ['HR', 'HR']]
[22:31:45] [yf1_v5] [INFO] 2号位打出['PASS', 'PASS', 'PASS']， 最大动作为0号位打出的['Pair', 'R', ['HR', 'HR']]
[22:31:45] [yf1_v5] [INFO] 2号位打出['Single', '5', ['D5']]， 最大动作为2号位打出的['Single', '5', ['D5']]
[22:31:45] [yf1_v5] [INFO] 3号位打出['PASS', 'PASS', 'PASS']， 最大动作为2号位打出的['Single', '5', ['D5']]
[22:31:45] [YFAdapter-P0] [INFO] [YF-P0] Decision context: myPos=0, curPos=3, greaterPos=2, teammate=2, curAction=[, actionList_size=4
[22:31:45] [YFAdapter-P0] [INFO] [YF-P0] Decided: action_index=0, action=['PASS', 'PASS', 'PASS']
[22:31:45] [yf1_v5] [INFO] 1号位打出['PASS', 'PASS', 'PASS']， 最大动作为2号位打出的['Single', '5', ['D5']]
[22:31:45] [yf1_v5] [INFO] 2号位打出['Trips', '8', ['H8', 'C8', 'C8']]， 最大动作为2号位打出的['Trips', '8', ['H8', 'C8', 'C8']]
[22:31:45] [yf1_v5] [INFO] 3号位打出['PASS', 'PASS', 'PASS']， 最大动作为2号位打出的['Trips', '8', ['H8', 'C8', 'C8']]
[22:31:45] [YFAdapter-P0] [INFO] [YF-P0] Decision context: myPos=0, curPos=3, greaterPos=2, teammate=2, curAction=[, actionList_size=1
[22:31:45] [YFAdapter-P0] [INFO] [YF-P0] Decided: action_index=0, action=['PASS', 'PASS', 'PASS']
[22:31:45] [yf1_v5] [INFO] 1号位打出['PASS', 'PASS', 'PASS']， 最大动作为2号位打出的['Trips', '8', ['H8', 'C8', 'C8']]
[22:31:45] [yf1_v5] [INFO] 2号位打出['Single', 'B', ['SB']]， 最大动作为2号位打出的['Single', 'B', ['SB']]
[22:31:45] [yf1_v5] [INFO] 游戏开始, 我是1号位，手牌：['S3', 'H3', 'S4', 'C4', 'D4', 'S5', 'S6', 'C6', 'S7', 'H7', 'C7', 'S8', 'D9', 'CT', 'CT', 'DT', 'SJ', 'HJ', 'CJ', 'CJ', 'HK', 'DK', 'SA', 'CA', 'S2', 'C2', 'D2']
[22:31:45] [yf1_v5] [INFO] 0号位打出['Straight', '6', ['S6', 'H7', 'S8', 'S9', 'HT']]， 最大动作为0号位打出的['Straight', '6', ['S6', 'H7', 'S8', 'S9', 'HT']]
[22:31:45] [YFAdapter-P0] [INFO] [YF-P0] Decision context: myPos=0, curPos=0, greaterPos=0, teammate=2, curAction=[, actionList_size=24
[22:31:45] [YFAdapter-P0] [INFO] [YF-P0] Decided: action_index=20, action=['StraightFlush', 'A', [['S', 'A'], ['S', '2'], ['S', '3'], ['S', '4'], ['S', '5']]]
[22:31:45] [yf1_v5] [INFO] 1号位打出['StraightFlush', 'A', ['SA', 'S2', 'S3', 'S4', 'S5']]， 最大动作为1号位打出的['StraightFlush', 'A', ['SA', 'S2', 'S3', 'S4', 'S5']]
[22:31:45] [yf1_v5] [INFO] 2号位打出['PASS', 'PASS', 'PASS']， 最大动作为1号位打出的['StraightFlush', 'A', ['SA', 'S2', 'S3', 'S4', 'S5']]
[22:31:45] [yf1_v5] [INFO] 3号位打出['StraightFlush', '2', ['H2', 'H3', 'H4', 'H5', 'H6']]， 最大动作为3号位打出的['StraightFlush', '2', ['H2', 'H3', 'H4', 'H5', 'H6']]
[22:31:45] [yf1_v5] [INFO] 0号位打出['PASS', 'PASS', 'PASS']， 最大动作为3号位打出的['StraightFlush', '2', ['H2', 'H3', 'H4', 'H5', 'H6']]
[22:31:45] [YFAdapter-P0] [INFO] [YF-P0] Decision context: myPos=0, curPos=0, greaterPos=3, teammate=2, curAction=[, actionList_size=1
[22:31:45] [YFAdapter-P0] [INFO] [YF-P0] Decided: action_index=0, action=['PASS', 'PASS', 'PASS']
[22:31:45] [yf1_v5] [INFO] 1号位打出['PASS', 'PASS', 'PASS']， 最大动作为3号位打出的['StraightFlush', '2', ['H2', 'H3', 'H4', 'H5', 'H6']]
[22:31:45] [yf1_v5] [INFO] 2号位打出['PASS', 'PASS', 'PASS']， 最大动作为3号位打出的['StraightFlush', '2', ['H2', 'H3', 'H4', 'H5', 'H6']]
[22:31:45] [yf1_v5] [INFO] 3号位打出['Single', '5', ['D5']]， 最大动作为3号位打出的['Single', '5', ['D5']]
[22:31:45] [yf1_v5] [INFO] 0号位打出['Single', 'K', ['DK']]， 最大动作为0号位打出的['Single', 'K', ['DK']]
[22:31:45] [YFAdapter-P0] [INFO] [YF-P0] Decision context: myPos=0, curPos=0, greaterPos=0, teammate=2, curAction=[, actionList_size=5
[22:31:45] [YFAdapter-P0] [INFO] [YF-P0] Decided: action_index=2, action=['Single', '2', [['C', '2']]]
[22:31:45] [yf1_v5] [INFO] 1号位打出['Single', '2', ['C2']]， 最大动作为1号位打出的['Single', '2', ['C2']]
[22:31:45] [yf1_v5] [INFO] 2号位打出['PASS', 'PASS', 'PASS']， 最大动作为1号位打出的['Single', '2', ['C2']]
[22:31:45] [yf1_v5] [INFO] 3号位打出['Single', 'B', ['SB']]， 最大动作为3号位打出的['Single', 'B', ['SB']]
[22:31:45] [yf1_v5] [INFO] 0号位打出['Single', 'R', ['HR']]， 最大动作为0号位打出的['Single', 'R', ['HR']]
[22:31:45] [YFAdapter-P0] [INFO] [YF-P0] Decision context: myPos=0, curPos=0, greaterPos=0, teammate=2, curAction=[, actionList_size=2
[22:31:45] [YFAdapter-P0] [INFO] [YF-P0] Decided: action_index=1, action=['Bomb', 'J', [['S', 'J'], ['H', 'J'], ['C', 'J'], ['C', 'J']]]
[22:31:45] [yf1_v5] [INFO] 1号位打出['Bomb', 'J', ['SJ', 'HJ', 'CJ', 'CJ']]， 最大动作为1号位打出的['Bomb', 'J', ['SJ', 'HJ', 'CJ', 'CJ']]
[22:31:45] [yf1_v5] [INFO] 2号位打出['Bomb', 'K', ['SK', 'HK', 'CK', 'CK']]， 最大动作为2号位打出的['Bomb', 'K', ['SK', 'HK', 'CK', 'CK']]
[22:31:45] [yf1_v5] [INFO] 3号位打出['PASS', 'PASS', 'PASS']， 最大动作为2号位打出的['Bomb', 'K', ['SK', 'HK', 'CK', 'CK']]
[22:31:45] [yf1_v5] [INFO] 0号位打出['PASS', 'PASS', 'PASS']， 最大动作为2号位打出的['Bomb', 'K', ['SK', 'HK', 'CK', 'CK']]
[22:31:45] [YFAdapter-P0] [INFO] [YF-P0] Decision context: myPos=0, curPos=0, greaterPos=2, teammate=2, curAction=[, actionList_size=1
[22:31:45] [YFAdapter-P0] [INFO] [YF-P0] Decided: action_index=0, action=['PASS', 'PASS', 'PASS']
[22:31:45] [yf1_v5] [INFO] 1号位打出['PASS', 'PASS', 'PASS']， 最大动作为2号位打出的['Bomb', 'K', ['SK', 'HK', 'CK', 'CK']]
[22:31:45] [yf1_v5] [INFO] 2号位打出['Single', '8', ['D8']]， 最大动作为2号位打出的['Single', '8', ['D8']]
[22:31:45] [yf1_v5] [INFO] 3号位打出['Single', 'T', ['DT']]， 最大动作为3号位打出的['Single', 'T', ['DT']]
[22:31:45] [yf1_v5] [INFO] 0号位打出['Single', '2', ['H2']]， 最大动作为0号位打出的['Single', '2', ['H2']]
[22:31:45] [YFAdapter-P0] [INFO] [YF-P0] Decision context: myPos=0, curPos=0, greaterPos=0, teammate=2, curAction=[, actionList_size=1
[22:31:45] [YFAdapter-P0] [INFO] [YF-P0] Decided: action_index=0, action=['PASS', 'PASS', 'PASS']
[22:31:45] [yf1_v5] [INFO] 1号位打出['PASS', 'PASS', 'PASS']， 最大动作为0号位打出的['Single', '2', ['H2']]
[22:31:45] [yf1_v5] [INFO] 2号位打出['PASS', 'PASS', 'PASS']， 最大动作为0号位打出的['Single', '2', ['H2']]
[22:31:45] [yf1_v5] [INFO] 3号位打出['PASS', 'PASS', 'PASS']， 最大动作为0号位打出的['Single', '2', ['H2']]
[22:31:45] [yf1_v5] [INFO] 0号位打出['ThreeWithTwo', '3', ['S3', 'C3', 'D3', 'H4', 'D4']]， 最大动作为0号位打出的['ThreeWithTwo', '3', ['S3', 'C3', 'D3', 'H4', 'D4']]
[22:31:45] [YFAdapter-P0] [INFO] [YF-P0] Decision context: myPos=0, curPos=0, greaterPos=0, teammate=2, curAction=[, actionList_size=12
[22:31:45] [YFAdapter-P0] [INFO] [YF-P0] Decided: action_index=9, action=['ThreeWithTwo', 'T', [['C', 'T'], ['C', 'T'], ['D', 'T'], ['S', '7'], ['H', '7']]]
[22:31:45] [yf1_v5] [INFO] 1号位打出['ThreeWithTwo', 'T', ['CT', 'CT', 'DT', 'S7', 'H7']]， 最大动作为1号位打出的['ThreeWithTwo', 'T', ['CT', 'CT', 'DT', 'S7', 'H7']]
[22:31:45] [yf1_v5] [INFO] 2号位打出['PASS', 'PASS', 'PASS']， 最大动作为1号位打出的['ThreeWithTwo', 'T', ['CT', 'CT', 'DT', 'S7', 'H7']]
[22:31:45] [yf1_v5] [INFO] 3号位打出['ThreeWithTwo', 'A', ['HA', 'HA', 'DA', 'D7', 'D7']]， 最大动作为3号位打出的['ThreeWithTwo', 'A', ['HA', 'HA', 'DA', 'D7', 'D7']]
[22:31:45] [yf1_v5] [INFO] 0号位打出['PASS', 'PASS', 'PASS']， 最大动作为3号位打出的['ThreeWithTwo', 'A', ['HA', 'HA', 'DA', 'D7', 'D7']]
[22:31:45] [YFAdapter-P0] [INFO] [YF-P0] Decision context: myPos=0, curPos=0, greaterPos=3, teammate=2, curAction=[, actionList_size=1
[22:31:45] [YFAdapter-P0] [INFO] [YF-P0] Decided: action_index=0, action=['PASS', 'PASS', 'PASS']
[22:31:45] [yf1_v5] [INFO] 1号位打出['PASS', 'PASS', 'PASS']， 最大动作为3号位打出的['ThreeWithTwo', 'A', ['HA', 'HA', 'DA', 'D7', 'D7']]
[22:31:45] [yf1_v5] [INFO] 2号位打出['Bomb', '9', ['H9', 'H9', 'C9', 'C9', 'D9']]， 最大动作为2号位打出的['Bomb', '9', ['H9', 'H9', 'C9', 'C9', 'D9']]
[22:31:45] [yf1_v5] [INFO] 3号位打出['StraightFlush', '9', ['S9', 'ST', 'SJ', 'SQ', 'SK']]， 最大动作为3号位打出的['StraightFlush', '9', ['S9', 'ST', 'SJ', 'SQ', 'SK']]
[22:31:45] [yf1_v5] [INFO] 0号位打出['PASS', 'PASS', 'PASS']， 最大动作为3号位打出的['StraightFlush', '9', ['S9', 'ST', 'SJ', 'SQ', 'SK']]
[22:31:45] [YFAdapter-P0] [INFO] [YF-P0] Decision context: myPos=0, curPos=0, greaterPos=3, teammate=2, curAction=[, actionList_size=1
[22:31:45] [YFAdapter-P0] [INFO] [YF-P0] Decided: action_index=0, action=['PASS', 'PASS', 'PASS']
[22:31:45] [yf1_v5] [INFO] 1号位打出['PASS', 'PASS', 'PASS']， 最大动作为3号位打出的['StraightFlush', '9', ['S9', 'ST', 'SJ', 'SQ', 'SK']]
[22:31:45] [yf1_v5] [INFO] 2号位打出['PASS', 'PASS', 'PASS']， 最大动作为3号位打出的['StraightFlush', '9', ['S9', 'ST', 'SJ', 'SQ', 'SK']]
[22:31:45] [yf1_v5] [INFO] 3号位打出['ThreeWithTwo', '8', ['H8', 'H8', 'D8', 'DJ', 'DJ']]， 最大动作为3号位打出的['ThreeWithTwo', '8', ['H8', 'H8', 'D8', 'DJ', 'DJ']]
[22:31:45] [yf1_v5] [INFO] 0号位打出['ThreeWithTwo', 'Q', ['SQ', 'HQ', 'DQ', 'C6', 'D6']]， 最大动作为0号位打出的['ThreeWithTwo', 'Q', ['SQ', 'HQ', 'DQ', 'C6', 'D6']]
[22:31:45] [YFAdapter-P0] [INFO] [YF-P0] Decision context: myPos=0, curPos=0, greaterPos=0, teammate=2, curAction=[, actionList_size=1
[22:31:45] [YFAdapter-P0] [INFO] [YF-P0] Decided: action_index=0, action=['PASS', 'PASS', 'PASS']
[22:31:45] [yf1_v5] [INFO] 1号位打出['PASS', 'PASS', 'PASS']， 最大动作为0号位打出的['ThreeWithTwo', 'Q', ['SQ', 'HQ', 'DQ', 'C6', 'D6']]
[22:31:45] [yf1_v5] [INFO] 2号位打出['PASS', 'PASS', 'PASS']， 最大动作为0号位打出的['ThreeWithTwo', 'Q', ['SQ', 'HQ', 'DQ', 'C6', 'D6']]
[22:31:45] [yf1_v5] [INFO] 3号位打出['PASS', 'PASS', 'PASS']， 最大动作为0号位打出的['ThreeWithTwo', 'Q', ['SQ', 'HQ', 'DQ', 'C6', 'D6']]
[22:31:45] [yf1_v5] [INFO] 0号位打出['Pair', '8', ['C8', 'C8']]， 最大动作为0号位打出的['Pair', '8', ['C8', 'C8']]
[22:31:45] [YFAdapter-P0] [INFO] [YF-P0] Decision context: myPos=0, curPos=0, greaterPos=0, teammate=2, curAction=[, actionList_size=2
[22:31:45] [YFAdapter-P0] [INFO] [YF-P0] Decided: action_index=1, action=['Pair', 'K', [['H', 'K'], ['D', 'K']]]
[22:31:45] [yf1_v5] [INFO] 1号位打出['Pair', 'K', ['HK', 'DK']]， 最大动作为1号位打出的['Pair', 'K', ['HK', 'DK']]
[22:31:45] [yf1_v5] [INFO] 2号位打出['PASS', 'PASS', 'PASS']， 最大动作为1号位打出的['Pair', 'K', ['HK', 'DK']]
[22:31:45] [yf1_v5] [INFO] 3号位打出['PASS', 'PASS', 'PASS']， 最大动作为1号位打出的['Pair', 'K', ['HK', 'DK']]
[22:31:45] [yf1_v5] [INFO] 0号位打出['Pair', 'A', ['SA', 'CA']]， 最大动作为0号位打出的['Pair', 'A', ['SA', 'CA']]
[22:31:45] [YFAdapter-P0] [INFO] [YF-P0] Decision context: myPos=0, curPos=0, greaterPos=0, teammate=2, curAction=[, actionList_size=1
[22:31:45] [YFAdapter-P0] [INFO] [YF-P0] Decided: action_index=0, action=['PASS', 'PASS', 'PASS']
[22:31:45] [yf1_v5] [INFO] 1号位打出['PASS', 'PASS', 'PASS']， 最大动作为0号位打出的['Pair', 'A', ['SA', 'CA']]
[22:31:45] [yf1_v5] [INFO] 2号位打出['PASS', 'PASS', 'PASS']， 最大动作为0号位打出的['Pair', 'A', ['SA', 'CA']]
[22:31:45] [yf1_v5] [INFO] 3号位打出['PASS', 'PASS', 'PASS']， 最大动作为0号位打出的['Pair', 'A', ['SA', 'CA']]
[22:31:45] [yf1_v5] [INFO] 0号位打出['Trips', '5', ['H5', 'C5', 'C5']]， 最大动作为0号位打出的['Trips', '5', ['H5', 'C5', 'C5']]
[22:31:45] [YFAdapter-P0] [INFO] [YF-P0] Decision context: myPos=0, curPos=0, greaterPos=0, teammate=2, curAction=[, actionList_size=1
[22:31:45] [YFAdapter-P0] [INFO] [YF-P0] Decided: action_index=0, action=['PASS', 'PASS', 'PASS']
[22:31:45] [yf1_v5] [INFO] 1号位打出['PASS', 'PASS', 'PASS']， 最大动作为0号位打出的['Trips', '5', ['H5', 'C5', 'C5']]
[22:31:45] [yf1_v5] [INFO] 2号位打出['PASS', 'PASS', 'PASS']， 最大动作为0号位打出的['Trips', '5', ['H5', 'C5', 'C5']]
[22:31:45] [yf1_v5] [INFO] 3号位打出['PASS', 'PASS', 'PASS']， 最大动作为0号位打出的['Trips', '5', ['H5', 'C5', 'C5']]
[22:31:45] [yf1_v5] [INFO] 0号位打出['Single', '2', ['C2']]， 最大动作为0号位打出的['Single', '2', ['C2']]
[22:31:45] [YFAdapter-P0] [INFO] [YF-P0] Decision context: myPos=0, curPos=0, greaterPos=0, teammate=2, curAction=[, actionList_size=1
[22:31:45] [YFAdapter-P0] [INFO] [YF-P0] Decided: action_index=0, action=['PASS', 'PASS', 'PASS']
[22:31:45] [yf1_v5] [INFO] 1号位打出['PASS', 'PASS', 'PASS']， 最大动作为0号位打出的['Single', '2', ['C2']]
[22:31:45] [yf1_v5] [INFO] 2号位打出['PASS', 'PASS', 'PASS']， 最大动作为0号位打出的['Single', '2', ['C2']]
[22:31:45] [yf1_v5] [INFO] 3号位打出['Single', 'R', ['HR']]， 最大动作为3号位打出的['Single', 'R', ['HR']]
[22:31:45] [yf1_v5] [INFO] 0号位打出['PASS', 'PASS', 'PASS']， 最大动作为3号位打出的['Single', 'R', ['HR']]
[22:31:45] [YFAdapter-P0] [INFO] [YF-P0] Decision context: myPos=0, curPos=0, greaterPos=3, teammate=2, curAction=[, actionList_size=1
[22:31:45] [YFAdapter-P0] [INFO] [YF-P0] Decided: action_index=0, action=['PASS', 'PASS', 'PASS']
[22:31:45] [yf1_v5] [INFO] 1号位打出['PASS', 'PASS', 'PASS']， 最大动作为3号位打出的['Single', 'R', ['HR']]
[22:31:45] [yf1_v5] [INFO] 2号位打出['PASS', 'PASS', 'PASS']， 最大动作为3号位打出的['Single', 'R', ['HR']]
[22:31:45] [yf1_v5] [INFO] 3号位打出['Pair', 'Q', ['CQ', 'DQ']]， 最大动作为3号位打出的['Pair', 'Q', ['CQ', 'DQ']]
[22:31:45] [yf1_v5] [INFO] 0号位打出['PASS', 'PASS', 'PASS']， 最大动作为3号位打出的['Pair', 'Q', ['CQ', 'DQ']]
[22:31:45] [YFAdapter-P0] [INFO] [YF-P0] Decision context: myPos=0, curPos=0, greaterPos=3, teammate=2, curAction=[, actionList_size=1
[22:31:45] [YFAdapter-P0] [INFO] [YF-P0] Decided: action_index=0, action=['PASS', 'PASS', 'PASS']
[22:31:45] [yf1_v5] [INFO] 1号位打出['PASS', 'PASS', 'PASS']， 最大动作为3号位打出的['Pair', 'Q', ['CQ', 'DQ']]
[22:31:45] [yf1_v5] [INFO] 2号位打出['PASS', 'PASS', 'PASS']， 最大动作为3号位打出的['Pair', 'Q', ['CQ', 'DQ']]
[22:31:45] [yf1_v5] [INFO] 3号位打出['Single', '2', ['D2']]， 最大动作为3号位打出的['Single', '2', ['D2']]
[22:31:45] [yf1_v5] [INFO] 0号位打出['Single', 'B', ['SB']]， 最大动作为0号位打出的['Single', 'B', ['SB']]
[22:31:45] [YFAdapter-P0] [INFO] [YF-P0] Decision context: myPos=0, curPos=0, greaterPos=0, teammate=2, curAction=[, actionList_size=1
[22:31:45] [YFAdapter-P0] [INFO] [YF-P0] Decided: action_index=0, action=['PASS', 'PASS', 'PASS']
[22:31:45] [yf1_v5] [INFO] 1号位打出['PASS', 'PASS', 'PASS']， 最大动作为0号位打出的['Single', 'B', ['SB']]
[22:31:45] [yf1_v5] [INFO] 2号位打出['PASS', 'PASS', 'PASS']， 最大动作为0号位打出的['Single', 'B', ['SB']]
[22:31:45] [yf1_v5] [INFO] 2号位打出['ThreePair', '3', ['C3', 'D3', 'S4', 'C4', 'S5', 'D5']]， 最大动作为2号位打出的['ThreePair', '3', ['C3', 'D3', 'S4', 'C4', 'S5', 'D5']]
[22:31:45] [YFAdapter-P0] [INFO] [YF-P0] Decision context: myPos=0, curPos=2, greaterPos=2, teammate=2, curAction=[, actionList_size=1
[22:31:45] [YFAdapter-P0] [INFO] [YF-P0] Decided: action_index=0, action=['PASS', 'PASS', 'PASS']
[22:31:45] [yf1_v5] [INFO] 1号位打出['PASS', 'PASS', 'PASS']， 最大动作为2号位打出的['ThreePair', '3', ['C3', 'D3', 'S4', 'C4', 'S5', 'D5']]
[22:31:45] [yf1_v5] [INFO] 2号位打出['Pair', '6', ['H6', 'D6']]， 最大动作为2号位打出的['Pair', '6', ['H6', 'D6']]
[22:31:45] [YFAdapter-P0] [INFO] [YF-P0] Decision context: myPos=0, curPos=2, greaterPos=2, teammate=2, curAction=[, actionList_size=1
[22:31:45] [YFAdapter-P0] [INFO] [YF-P0] Decided: action_index=0, action=['PASS', 'PASS', 'PASS']
[22:31:45] [yf1_v5] [INFO] 1号位打出['PASS', 'PASS', 'PASS']， 最大动作为2号位打出的['Pair', '6', ['H6', 'D6']]
[22:31:45] [yf1_v5] [INFO] 2号位打出['Pair', '7', ['S7', 'C7']]， 最大动作为2号位打出的['Pair', '7', ['S7', 'C7']]
[22:31:45] [YFAdapter-P0] [INFO] [YF-P0] Decision context: myPos=0, curPos=2, greaterPos=2, teammate=2, curAction=[, actionList_size=1
[22:31:45] [YFAdapter-P0] [INFO] [YF-P0] Decided: action_index=0, action=['PASS', 'PASS', 'PASS']
[22:31:45] [yf1_v5] [INFO] 1号位打出['PASS', 'PASS', 'PASS']， 最大动作为2号位打出的['Pair', '7', ['S7', 'C7']]
[22:31:45] [yf1_v5] [INFO] 2号位打出['Pair', 'T', ['ST', 'HT']]， 最大动作为2号位打出的['Pair', 'T', ['ST', 'HT']]
[22:31:45] [YFAdapter-P0] [INFO] [YF-P0] Decision context: myPos=0, curPos=2, greaterPos=2, teammate=2, curAction=[, actionList_size=1
[22:31:45] [YFAdapter-P0] [INFO] [YF-P0] Decided: action_index=0, action=['PASS', 'PASS', 'PASS']
[22:31:45] [yf1_v5] [INFO] 1号位打出['PASS', 'PASS', 'PASS']， 最大动作为2号位打出的['Pair', 'T', ['ST', 'HT']]
[22:31:45] [yf1_v5] [INFO] 2号位打出['Pair', 'Q', ['HQ', 'CQ']]， 最大动作为2号位打出的['Pair', 'Q', ['HQ', 'CQ']]
[22:31:45] [YFAdapter-P0] [INFO] [YF-P0] Decision context: myPos=0, curPos=2, greaterPos=2, teammate=2, curAction=[, actionList_size=1
[22:31:45] [YFAdapter-P0] [INFO] [YF-P0] Decided: action_index=0, action=['PASS', 'PASS', 'PASS']
[22:31:45] [yf1_v5] [INFO] 1号位打出['PASS', 'PASS', 'PASS']， 最大动作为2号位打出的['Pair', 'Q', ['HQ', 'CQ']]
[22:31:45] [yf1_v5] [INFO] 2号位打出['Single', 'J', ['HJ']]， 最大动作为2号位打出的['Single', 'J', ['HJ']]
[22:31:45] [YFAdapter-P0] [INFO] [YF-P0] Decision context: myPos=0, curPos=2, greaterPos=2, teammate=2, curAction=[, actionList_size=3
[22:31:45] [YFAdapter-P0] [INFO] [YF-P0] Decided: action_index=0, action=['PASS', 'PASS', 'PASS']
[22:31:45] [YFAdapter-P0] [WARNING] [YF-P0] 检测到过于保守: 对手快走完(剩0张), 触发Layer 2/3进行更积极的决策
[22:31:45] [yf1_v5] [INFO] 1号位打出['Single', 'A', ['CA']]， 最大动作为1号位打出的['Single', 'A', ['CA']]
[22:31:45] [yf1_v5] [INFO] 2号位打出['Single', '2', ['S2']]， 最大动作为2号位打出的['Single', '2', ['S2']]
[22:31:45] [YFAdapter-P0] [INFO] [YF-P0] Decision context: myPos=0, curPos=2, greaterPos=2, teammate=2, curAction=[, actionList_size=1
[22:31:45] [YFAdapter-P0] [INFO] [YF-P0] Decided: action_index=0, action=['PASS', 'PASS', 'PASS']
[22:31:45] [yf1_v5] [INFO] 1号位打出['PASS', 'PASS', 'PASS']， 最大动作为2号位打出的['Single', '2', ['S2']]
[22:31:45] [yf1_v5] [INFO] 2号位打出['Single', 'A', ['DA']]， 最大动作为2号位打出的['Single', 'A', ['DA']]
[22:31:45] [yf1_v5] [INFO] 游戏开始, 我是1号位，手牌：['S4', 'C4', 'S5', 'H5', 'C5', 'S6', 'C6', 'S7', 'S8', 'C9', 'D9', 'ST', 'DT', 'SJ', 'HJ', 'DJ', 'SK', 'CK', 'SA', 'CA', 'S3', 'S3', 'H3', 'H3', 'C3', 'D3', 'HR']
[22:31:45] [YFAdapter-P0] [INFO] [YF-P0] Decision context: myPos=0, curPos=-1, greaterPos=-1, teammate=2, curAction=[, actionList_size=1
[22:31:45] [YFAdapter-P0] [INFO] [YF-P0] Decided: action_index=0, action=['tribute', 'tribute', [['H', 'R']]]
[22:31:45] [YFAdapter-P0] [INFO] [YF-P0] Decision context: myPos=0, curPos=-1, greaterPos=-1, teammate=2, curAction=[, actionList_size=2703
[22:31:45] [YFAdapter-P0] [INFO] [YF-P0] Decided: action_index=0, action=['Single', '2', [['S', '2']]]
[22:31:45] [yf1_v5] [INFO] 1号位打出['Single', '2', ['S2']]， 最大动作为1号位打出的['Single', '2', ['S2']]
[22:31:45] [yf1_v5] [INFO] 2号位打出['Single', '7', ['D7']]， 最大动作为2号位打出的['Single', '7', ['D7']]
[22:31:45] [yf1_v5] [INFO] 3号位打出['PASS', 'PASS', 'PASS']， 最大动作为2号位打出的['Single', '7', ['D7']]
[22:31:45] [yf1_v5] [INFO] 0号位打出['Single', 'T', ['DT']]， 最大动作为0号位打出的['Single', 'T', ['DT']]
[22:31:45] [YFAdapter-P0] [INFO] [YF-P0] Decision context: myPos=0, curPos=0, greaterPos=0, teammate=2, curAction=[, actionList_size=43
[22:31:45] [YFAdapter-P0] [INFO] [YF-P0] Decided: action_index=7, action=['Single', 'A', [['C', 'A']]]
[22:31:45] [yf1_v5] [INFO] 1号位打出['Single', 'A', ['CA']]， 最大动作为1号位打出的['Single', 'A', ['CA']]
[22:31:45] [yf1_v5] [INFO] 2号位打出['Single', '3', ['C3']]， 最大动作为2号位打出的['Single', '3', ['C3']]
[22:31:45] [yf1_v5] [INFO] 3号位打出['Bomb', 'Q', ['SQ', 'SQ', 'HQ', 'DQ']]， 最大动作为3号位打出的['Bomb', 'Q', ['SQ', 'SQ', 'HQ', 'DQ']]
[22:31:45] [yf1_v5] [INFO] 0号位打出['PASS', 'PASS', 'PASS']， 最大动作为3号位打出的['Bomb', 'Q', ['SQ', 'SQ', 'HQ', 'DQ']]
[22:31:45] [YFAdapter-P0] [INFO] [YF-P0] Decision context: myPos=0, curPos=0, greaterPos=3, teammate=2, curAction=[, actionList_size=17
[22:31:45] [YFAdapter-P0] [INFO] [YF-P0] Decided: action_index=0, action=['PASS', 'PASS', 'PASS']
[22:31:45] [yf1_v5] [INFO] 1号位打出['Bomb', 'K', ['SK', 'CK', 'H3', 'H3']]， 最大动作为1号位打出的['Bomb', 'K', ['SK', 'CK', 'H3', 'H3']]
[22:31:45] [yf1_v5] [INFO] 2号位打出['PASS', 'PASS', 'PASS']， 最大动作为1号位打出的['Bomb', 'K', ['SK', 'CK', 'H3', 'H3']]
[22:31:45] [yf1_v5] [INFO] 3号位打出['PASS', 'PASS', 'PASS']， 最大动作为1号位打出的['Bomb', 'K', ['SK', 'CK', 'H3', 'H3']]
[22:31:45] [yf1_v5] [INFO] 0号位打出['PASS', 'PASS', 'PASS']， 最大动作为1号位打出的['Bomb', 'K', ['SK', 'CK', 'H3', 'H3']]
[22:31:45] [YFAdapter-P0] [INFO] [YF-P0] Decision context: myPos=0, curPos=-1, greaterPos=-1, teammate=2, curAction=[, actionList_size=192
[22:31:45] [YFAdapter-P0] [INFO] [YF-P0] Decided: action_index=7, action=['Single', '7', [['S', '7']]]
[22:31:45] [yf1_v5] [INFO] 1号位打出['Single', '7', ['S7']]， 最大动作为1号位打出的['Single', '7', ['S7']]
[22:31:45] [yf1_v5] [INFO] 2号位打出['Single', '9', ['S9']]， 最大动作为2号位打出的['Single', '9', ['S9']]
[22:31:45] [yf1_v5] [INFO] 3号位打出['Single', 'B', ['SB']]， 最大动作为3号位打出的['Single', 'B', ['SB']]
[22:31:45] [yf1_v5] [INFO] 0号位打出['PASS', 'PASS', 'PASS']， 最大动作为3号位打出的['Single', 'B', ['SB']]
[22:31:45] [YFAdapter-P0] [INFO] [YF-P0] Decision context: myPos=0, curPos=0, greaterPos=3, teammate=2, curAction=[, actionList_size=2
[22:31:45] [YFAdapter-P0] [INFO] [YF-P0] Decided: action_index=0, action=['PASS', 'PASS', 'PASS']
[22:31:45] [yf1_v5] [INFO] 1号位打出['Bomb', '3', ['S3', 'S3', 'C3', 'D3']]， 最大动作为1号位打出的['Bomb', '3', ['S3', 'S3', 'C3', 'D3']]
[22:31:45] [yf1_v5] [INFO] 2号位打出['PASS', 'PASS', 'PASS']， 最大动作为1号位打出的['Bomb', '3', ['S3', 'S3', 'C3', 'D3']]
[22:31:45] [yf1_v5] [INFO] 3号位打出['PASS', 'PASS', 'PASS']， 最大动作为1号位打出的['Bomb', '3', ['S3', 'S3', 'C3', 'D3']]
[22:31:45] [yf1_v5] [INFO] 0号位打出['PASS', 'PASS', 'PASS']， 最大动作为1号位打出的['Bomb', '3', ['S3', 'S3', 'C3', 'D3']]
[22:31:45] [YFAdapter-P0] [INFO] [YF-P0] Decision context: myPos=0, curPos=-1, greaterPos=-1, teammate=2, curAction=[, actionList_size=48
[22:31:45] [YFAdapter-P0] [INFO] [YF-P0] Decided: action_index=7, action=['Single', '8', [['S', '8']]]
[22:31:45] [yf1_v5] [INFO] 1号位打出['Single', '8', ['S8']]， 最大动作为1号位打出的['Single', '8', ['S8']]
[22:31:45] [yf1_v5] [INFO] 2号位打出['Single', 'K', ['HK']]， 最大动作为2号位打出的['Single', 'K', ['HK']]
[22:31:45] [yf1_v5] [INFO] 3号位打出['Single', 'R', ['HR']]， 最大动作为3号位打出的['Single', 'R', ['HR']]
[22:31:45] [yf1_v5] [INFO] 0号位打出['PASS', 'PASS', 'PASS']， 最大动作为3号位打出的['Single', 'R', ['HR']]
[22:31:45] [YFAdapter-P0] [INFO] [YF-P0] Decision context: myPos=0, curPos=0, greaterPos=3, teammate=2, curAction=[, actionList_size=1
[22:31:45] [YFAdapter-P0] [INFO] [YF-P0] Decided: action_index=0, action=['PASS', 'PASS', 'PASS']
[22:31:45] [yf1_v5] [INFO] 1号位打出['PASS', 'PASS', 'PASS']， 最大动作为3号位打出的['Single', 'R', ['HR']]
[22:31:45] [yf1_v5] [INFO] 2号位打出['Bomb', '2', ['C2', 'C2', 'D2', 'D2']]， 最大动作为2号位打出的['Bomb', '2', ['C2', 'C2', 'D2', 'D2']]
[22:31:45] [yf1_v5] [INFO] 3号位打出['PASS', 'PASS', 'PASS']， 最大动作为2号位打出的['Bomb', '2', ['C2', 'C2', 'D2', 'D2']]
[22:31:45] [yf1_v5] [INFO] 0号位打出['PASS', 'PASS', 'PASS']， 最大动作为2号位打出的['Bomb', '2', ['C2', 'C2', 'D2', 'D2']]
[22:31:45] [YFAdapter-P0] [INFO] [YF-P0] Decision context: myPos=0, curPos=0, greaterPos=2, teammate=2, curAction=[, actionList_size=1
[22:31:45] [YFAdapter-P0] [INFO] [YF-P0] Decided: action_index=0, action=['PASS', 'PASS', 'PASS']
[22:31:45] [yf1_v5] [INFO] 1号位打出['PASS', 'PASS', 'PASS']， 最大动作为2号位打出的['Bomb', '2', ['C2', 'C2', 'D2', 'D2']]
[22:31:45] [yf1_v5] [INFO] 2号位打出['ThreeWithTwo', 'J', ['SJ', 'HJ', 'CJ', 'H4', 'C4']]， 最大动作为2号位打出的['ThreeWithTwo', 'J', ['SJ', 'HJ', 'CJ', 'H4', 'C4']]
[22:31:45] [yf1_v5] [INFO] 3号位打出['PASS', 'PASS', 'PASS']， 最大动作为2号位打出的['ThreeWithTwo', 'J', ['SJ', 'HJ', 'CJ', 'H4', 'C4']]
[22:31:45] [yf1_v5] [INFO] 0号位打出['ThreeWithTwo', 'K', ['HK', 'CK', 'DK', 'H2', 'H2']]， 最大动作为0号位打出的['ThreeWithTwo', 'K', ['HK', 'CK', 'DK', 'H2', 'H2']]
[22:31:45] [YFAdapter-P0] [INFO] [YF-P0] Decision context: myPos=0, curPos=0, greaterPos=0, teammate=2, curAction=[, actionList_size=1
[22:31:45] [YFAdapter-P0] [INFO] [YF-P0] Decided: action_index=0, action=['PASS', 'PASS', 'PASS']
[22:31:45] [yf1_v5] [INFO] 1号位打出['PASS', 'PASS', 'PASS']， 最大动作为0号位打出的['ThreeWithTwo', 'K', ['HK', 'CK', 'DK', 'H2', 'H2']]
[22:31:45] [yf1_v5] [INFO] 2号位打出['PASS', 'PASS', 'PASS']， 最大动作为0号位打出的['ThreeWithTwo', 'K', ['HK', 'CK', 'DK', 'H2', 'H2']]
[22:31:45] [yf1_v5] [INFO] 3号位打出['PASS', 'PASS', 'PASS']， 最大动作为0号位打出的['ThreeWithTwo', 'K', ['HK', 'CK', 'DK', 'H2', 'H2']]
[22:31:45] [yf1_v5] [INFO] 0号位打出['Single', '6', ['C6']]， 最大动作为0号位打出的['Single', '6', ['C6']]
[22:31:45] [YFAdapter-P0] [INFO] [YF-P0] Decision context: myPos=0, curPos=0, greaterPos=0, teammate=2, curAction=[, actionList_size=9
[22:31:45] [YFAdapter-P0] [INFO] [YF-P0] Decided: action_index=8, action=['Single', 'A', [['S', 'A']]]
[22:31:45] [yf1_v5] [INFO] 1号位打出['Single', 'A', ['SA']]， 最大动作为1号位打出的['Single', 'A', ['SA']]
[22:31:45] [yf1_v5] [INFO] 2号位打出['PASS', 'PASS', 'PASS']， 最大动作为1号位打出的['Single', 'A', ['SA']]
[22:31:45] [yf1_v5] [INFO] 3号位打出['Single', 'R', ['HR']]， 最大动作为3号位打出的['Single', 'R', ['HR']]
[22:31:45] [yf1_v5] [INFO] 0号位打出['PASS', 'PASS', 'PASS']， 最大动作为3号位打出的['Single', 'R', ['HR']]
[22:31:45] [YFAdapter-P0] [INFO] [YF-P0] Decision context: myPos=0, curPos=0, greaterPos=3, teammate=2, curAction=[, actionList_size=1
[22:31:45] [YFAdapter-P0] [INFO] [YF-P0] Decided: action_index=0, action=['PASS', 'PASS', 'PASS']
[22:31:45] [yf1_v5] [INFO] 1号位打出['PASS', 'PASS', 'PASS']， 最大动作为3号位打出的['Single', 'R', ['HR']]
[22:31:45] [yf1_v5] [INFO] 2号位打出['PASS', 'PASS', 'PASS']， 最大动作为3号位打出的['Single', 'R', ['HR']]
[22:31:45] [yf1_v5] [INFO] 3号位打出['Single', '2', ['S2']]， 最大动作为3号位打出的['Single', '2', ['S2']]
[22:31:45] [yf1_v5] [INFO] 0号位打出['Single', 'Q', ['HQ']]， 最大动作为0号位打出的['Single', 'Q', ['HQ']]
[22:31:45] [YFAdapter-P0] [INFO] [YF-P0] Decision context: myPos=0, curPos=0, greaterPos=0, teammate=2, curAction=[, actionList_size=1
[22:31:45] [YFAdapter-P0] [INFO] [YF-P0] Decided: action_index=0, action=['PASS', 'PASS', 'PASS']
[22:31:45] [yf1_v5] [INFO] 1号位打出['PASS', 'PASS', 'PASS']， 最大动作为0号位打出的['Single', 'Q', ['HQ']]
[22:31:45] [yf1_v5] [INFO] 2号位打出['Single', 'A', ['CA']]， 最大动作为2号位打出的['Single', 'A', ['CA']]
[22:31:45] [yf1_v5] [INFO] 3号位打出['PASS', 'PASS', 'PASS']， 最大动作为2号位打出的['Single', 'A', ['CA']]
[22:31:45] [yf1_v5] [INFO] 0号位打出['PASS', 'PASS', 'PASS']， 最大动作为2号位打出的['Single', 'A', ['CA']]
[22:31:45] [YFAdapter-P0] [INFO] [YF-P0] Decision context: myPos=0, curPos=0, greaterPos=2, teammate=2, curAction=[, actionList_size=1
[22:31:45] [YFAdapter-P0] [INFO] [YF-P0] Decided: action_index=0, action=['PASS', 'PASS', 'PASS']
[22:31:46] [yf1_v5] [INFO] 1号位打出['PASS', 'PASS', 'PASS']， 最大动作为2号位打出的['Single', 'A', ['CA']]
[22:31:46] [yf1_v5] [INFO] 2号位打出['Pair', '5', ['S5', 'D5']]， 最大动作为2号位打出的['Pair', '5', ['S5', 'D5']]
[22:31:46] [yf1_v5] [INFO] 3号位打出['Pair', '7', ['H7', 'C7']]， 最大动作为3号位打出的['Pair', '7', ['H7', 'C7']]
[22:31:46] [yf1_v5] [INFO] 0号位打出['Pair', '8', ['S8', 'H8']]， 最大动作为0号位打出的['Pair', '8', ['S8', 'H8']]
[22:31:46] [YFAdapter-P0] [INFO] [YF-P0] Decision context: myPos=0, curPos=0, greaterPos=0, teammate=2, curAction=[, actionList_size=6
[22:31:46] [YFAdapter-P0] [INFO] [YF-P0] Decided: action_index=3, action=['Pair', 'J', [['S', 'J'], ['D', 'J']]]
[22:31:46] [yf1_v5] [INFO] 1号位打出['Pair', 'J', ['SJ', 'DJ']]， 最大动作为1号位打出的['Pair', 'J', ['SJ', 'DJ']]
[22:31:46] [yf1_v5] [INFO] 2号位打出['PASS', 'PASS', 'PASS']， 最大动作为1号位打出的['Pair', 'J', ['SJ', 'DJ']]
[22:31:46] [yf1_v5] [INFO] 3号位打出['Pair', 'K', ['SK', 'DK']]， 最大动作为3号位打出的['Pair', 'K', ['SK', 'DK']]
[22:31:46] [yf1_v5] [INFO] 0号位打出['Bomb', 'A', ['SA', 'HA', 'DA', 'DA']]， 最大动作为0号位打出的['Bomb', 'A', ['SA', 'HA', 'DA', 'DA']]
[22:31:46] [YFAdapter-P0] [INFO] [YF-P0] Decision context: myPos=0, curPos=0, greaterPos=0, teammate=2, curAction=[, actionList_size=1
[22:31:46] [YFAdapter-P0] [INFO] [YF-P0] Decided: action_index=0, action=['PASS', 'PASS', 'PASS']
[22:31:46] [yf1_v5] [INFO] 1号位打出['PASS', 'PASS', 'PASS']， 最大动作为0号位打出的['Bomb', 'A', ['SA', 'HA', 'DA', 'DA']]
[22:31:46] [yf1_v5] [INFO] 2号位打出['PASS', 'PASS', 'PASS']， 最大动作为0号位打出的['Bomb', 'A', ['SA', 'HA', 'DA', 'DA']]
[22:31:46] [yf1_v5] [INFO] 3号位打出['PASS', 'PASS', 'PASS']， 最大动作为0号位打出的['Bomb', 'A', ['SA', 'HA', 'DA', 'DA']]
[22:31:46] [yf1_v5] [INFO] 0号位打出['Pair', '5', ['H5', 'C5']]， 最大动作为0号位打出的['Pair', '5', ['H5', 'C5']]
[22:31:46] [YFAdapter-P0] [INFO] [YF-P0] Decision context: myPos=0, curPos=0, greaterPos=0, teammate=2, curAction=[, actionList_size=4
[22:31:46] [YFAdapter-P0] [INFO] [YF-P0] Decided: action_index=0, action=['PASS', 'PASS', 'PASS']
[22:31:46] [yf1_v5] [INFO] 1号位打出['Pair', '9', ['C9', 'D9']]， 最大动作为1号位打出的['Pair', '9', ['C9', 'D9']]
[22:31:46] [yf1_v5] [INFO] 2号位打出['Pair', 'T', ['HT', 'CT']]， 最大动作为2号位打出的['Pair', 'T', ['HT', 'CT']]
[22:31:46] [yf1_v5] [INFO] 3号位打出['PASS', 'PASS', 'PASS']， 最大动作为2号位打出的['Pair', 'T', ['HT', 'CT']]
[22:31:46] [yf1_v5] [INFO] 0号位打出['PASS', 'PASS', 'PASS']， 最大动作为2号位打出的['Pair', 'T', ['HT', 'CT']]
[22:31:46] [YFAdapter-P0] [INFO] [YF-P0] Decision context: myPos=0, curPos=0, greaterPos=2, teammate=2, curAction=[, actionList_size=1
[22:31:46] [YFAdapter-P0] [INFO] [YF-P0] Decided: action_index=0, action=['PASS', 'PASS', 'PASS']
[22:31:46] [yf1_v5] [INFO] 1号位打出['PASS', 'PASS', 'PASS']， 最大动作为2号位打出的['Pair', 'T', ['HT', 'CT']]
[22:31:46] [yf1_v5] [INFO] 2号位打出['ThreeWithTwo', 'Q', ['CQ', 'CQ', 'DQ', 'D8', 'D8']]， 最大动作为2号位打出的['ThreeWithTwo', 'Q', ['CQ', 'CQ', 'DQ', 'D8', 'D8']]
[22:31:46] [yf1_v5] [INFO] 3号位打出['PASS', 'PASS', 'PASS']， 最大动作为2号位打出的['ThreeWithTwo', 'Q', ['CQ', 'CQ', 'DQ', 'D8', 'D8']]
[22:31:46] [yf1_v5] [INFO] 0号位打出['PASS', 'PASS', 'PASS']， 最大动作为2号位打出的['ThreeWithTwo', 'Q', ['CQ', 'CQ', 'DQ', 'D8', 'D8']]
[22:31:46] [YFAdapter-P0] [INFO] [YF-P0] Decision context: myPos=0, curPos=0, greaterPos=2, teammate=2, curAction=[, actionList_size=1
[22:31:46] [YFAdapter-P0] [INFO] [YF-P0] Decided: action_index=0, action=['PASS', 'PASS', 'PASS']
[22:31:46] [yf1_v5] [INFO] 1号位打出['PASS', 'PASS', 'PASS']， 最大动作为2号位打出的['ThreeWithTwo', 'Q', ['CQ', 'CQ', 'DQ', 'D8', 'D8']]
[22:31:46] [yf1_v5] [INFO] 2号位打出['Bomb', '6', ['S6', 'H6', 'H6', 'D6']]， 最大动作为2号位打出的['Bomb', '6', ['S6', 'H6', 'H6', 'D6']]
[22:31:46] [yf1_v5] [INFO] 3号位打出['PASS', 'PASS', 'PASS']， 最大动作为2号位打出的['Bomb', '6', ['S6', 'H6', 'H6', 'D6']]
[22:31:46] [yf1_v5] [INFO] 0号位打出['PASS', 'PASS', 'PASS']， 最大动作为2号位打出的['Bomb', '6', ['S6', 'H6', 'H6', 'D6']]
[22:31:46] [yf1_v5] [INFO] 0号位打出['Pair', '9', ['S9', 'C9']]， 最大动作为0号位打出的['Pair', '9', ['S9', 'C9']]
[22:31:46] [YFAdapter-P0] [INFO] [YF-P0] Decision context: myPos=0, curPos=0, greaterPos=0, teammate=2, curAction=[, actionList_size=2
[22:31:46] [YFAdapter-P0] [INFO] [YF-P0] Decided: action_index=1, action=['Pair', 'T', [['S', 'T'], ['D', 'T']]]
[22:31:46] [yf1_v5] [INFO] 1号位打出['Pair', 'T', ['ST', 'DT']]， 最大动作为1号位打出的['Pair', 'T', ['ST', 'DT']]
[22:31:46] [yf1_v5] [INFO] 3号位打出['PASS', 'PASS', 'PASS']， 最大动作为1号位打出的['Pair', 'T', ['ST', 'DT']]
[22:31:46] [yf1_v5] [INFO] 0号位打出['Pair', 'J', ['CJ', 'DJ']]， 最大动作为0号位打出的['Pair', 'J', ['CJ', 'DJ']]
[22:31:46] [YFAdapter-P0] [INFO] [YF-P0] Decision context: myPos=0, curPos=0, greaterPos=0, teammate=2, curAction=[, actionList_size=1
[22:31:46] [YFAdapter-P0] [INFO] [YF-P0] Decided: action_index=0, action=['PASS', 'PASS', 'PASS']
[22:31:46] [yf1_v5] [INFO] 1号位打出['PASS', 'PASS', 'PASS']， 最大动作为0号位打出的['Pair', 'J', ['CJ', 'DJ']]
[22:31:46] [yf1_v5] [INFO] 3号位打出['PASS', 'PASS', 'PASS']， 最大动作为0号位打出的['Pair', 'J', ['CJ', 'DJ']]
[22:31:46] [yf1_v5] [INFO] 0号位打出['ThreeWithTwo', '7', ['H7', 'C7', 'D7', 'S4', 'H4']]， 最大动作为0号位打出的['ThreeWithTwo', '7', ['H7', 'C7', 'D7', 'S4', 'H4']]
[22:31:46] [YFAdapter-P0] [INFO] [YF-P0] Decision context: myPos=0, curPos=0, greaterPos=0, teammate=2, curAction=[, actionList_size=1
[22:31:46] [YFAdapter-P0] [INFO] [YF-P0] Decided: action_index=0, action=['PASS', 'PASS', 'PASS']
[22:31:46] [yf1_v5] [INFO] 1号位打出['PASS', 'PASS', 'PASS']， 最大动作为0号位打出的['ThreeWithTwo', '7', ['H7', 'C7', 'D7', 'S4', 'H4']]
[22:31:46] [yf1_v5] [INFO] 3号位打出['ThreeWithTwo', '8', ['H8', 'C8', 'C8', 'D4', 'D4']]， 最大动作为3号位打出的['ThreeWithTwo', '8', ['H8', 'C8', 'C8', 'D4', 'D4']]
[22:31:46] [yf1_v5] [INFO] 0号位打出['PASS', 'PASS', 'PASS']， 最大动作为3号位打出的['ThreeWithTwo', '8', ['H8', 'C8', 'C8', 'D4', 'D4']]
[22:31:46] [YFAdapter-P0] [INFO] [YF-P0] Decision context: myPos=0, curPos=0, greaterPos=3, teammate=2, curAction=[, actionList_size=1
[22:31:46] [YFAdapter-P0] [INFO] [YF-P0] Decided: action_index=0, action=['PASS', 'PASS', 'PASS']
[22:31:46] [yf1_v5] [INFO] 1号位打出['PASS', 'PASS', 'PASS']， 最大动作为3号位打出的['ThreeWithTwo', '8', ['H8', 'C8', 'C8', 'D4', 'D4']]
[22:31:46] [yf1_v5] [INFO] 3号位打出['Single', '5', ['D5']]， 最大动作为3号位打出的['Single', '5', ['D5']]
[22:31:46] [yf1_v5] [INFO] 0号位打出['Single', '3', ['D3']]， 最大动作为0号位打出的['Single', '3', ['D3']]
[22:31:46] [YFAdapter-P0] [INFO] [YF-P0] Decision context: myPos=0, curPos=0, greaterPos=0, teammate=2, curAction=[, actionList_size=1
[22:31:46] [YFAdapter-P0] [INFO] [YF-P0] Decided: action_index=0, action=['PASS', 'PASS', 'PASS']
[22:31:46] [yf1_v5] [INFO] 1号位打出['PASS', 'PASS', 'PASS']， 最大动作为0号位打出的['Single', '3', ['D3']]
[22:31:46] [yf1_v5] [INFO] 3号位打出['PASS', 'PASS', 'PASS']， 最大动作为0号位打出的['Single', '3', ['D3']]
[22:31:46] [yf1_v5] [INFO] 0号位打出['Single', 'B', ['SB']]， 最大动作为0号位打出的['Single', 'B', ['SB']]
[22:31:46] [yf1_v5] [INFO] 游戏开始, 我是1号位，手牌：['S2', 'C2', 'D3', 'S4', 'S4', 'C6', 'S7', 'C7', 'D7', 'C8', 'D8', 'H9', 'H9', 'HJ', 'CJ', 'DJ', 'HQ', 'DQ', 'SK', 'HK', 'HA', 'CA', 'S5', 'H5', 'C5', 'D5', 'D5']
[22:31:46] [YFAdapter-P0] [INFO] [YF-P0] Decision context: myPos=0, curPos=-1, greaterPos=-1, teammate=2, curAction=[, actionList_size=3
[22:31:46] [YFAdapter-P0] [INFO] [YF-P0] Decided: action_index=0, action=['tribute', 'tribute', [['S', '5']]]
[22:31:46] [yf1_v5] [INFO] 3号位打出['Straight', '8', ['S8', 'S9', 'HT', 'SJ', 'CQ']]， 最大动作为3号位打出的['Straight', '8', ['S8', 'S9', 'HT', 'SJ', 'CQ']]
[22:31:46] [yf1_v5] [INFO] 0号位打出['PASS', 'PASS', 'PASS']， 最大动作为3号位打出的['Straight', '8', ['S8', 'S9', 'HT', 'SJ', 'CQ']]
[22:31:46] [YFAdapter-P0] [INFO] [YF-P0] Decision context: myPos=0, curPos=0, greaterPos=3, teammate=2, curAction=[, actionList_size=19
[22:31:46] [YFAdapter-P0] [INFO] [YF-P0] Decided: action_index=0, action=['PASS', 'PASS', 'PASS']
[22:31:46] [yf1_v5] [INFO] 1号位打出['Bomb', 'J', ['HJ', 'CJ', 'DJ', 'H5']]， 最大动作为1号位打出的['Bomb', 'J', ['HJ', 'CJ', 'DJ', 'H5']]
[22:31:46] [yf1_v5] [INFO] 2号位打出['PASS', 'PASS', 'PASS']， 最大动作为1号位打出的['Bomb', 'J', ['HJ', 'CJ', 'DJ', 'H5']]
[22:31:46] [yf1_v5] [INFO] 3号位打出['PASS', 'PASS', 'PASS']， 最大动作为1号位打出的['Bomb', 'J', ['HJ', 'CJ', 'DJ', 'H5']]
[22:31:46] [yf1_v5] [INFO] 0号位打出['PASS', 'PASS', 'PASS']， 最大动作为1号位打出的['Bomb', 'J', ['HJ', 'CJ', 'DJ', 'H5']]
[22:31:46] [YFAdapter-P0] [INFO] [YF-P0] Decision context: myPos=0, curPos=-1, greaterPos=-1, teammate=2, curAction=[, actionList_size=144
[22:31:46] [YFAdapter-P0] [INFO] [YF-P0] Decided: action_index=2, action=['Single', '3', [['D', '3']]]
[22:31:46] [yf1_v5] [INFO] 1号位打出['Single', '3', ['D3']]， 最大动作为1号位打出的['Single', '3', ['D3']]
[22:31:46] [yf1_v5] [INFO] 2号位打出['Single', '4', ['H4']]， 最大动作为2号位打出的['Single', '4', ['H4']]
[22:31:46] [yf1_v5] [INFO] 3号位打出['Single', '9', ['D9']]， 最大动作为3号位打出的['Single', '9', ['D9']]
[22:31:46] [yf1_v5] [INFO] 0号位打出['Single', 'J', ['DJ']]， 最大动作为0号位打出的['Single', 'J', ['DJ']]
[22:31:46] [YFAdapter-P0] [INFO] [YF-P0] Decision context: myPos=0, curPos=0, greaterPos=0, teammate=2, curAction=[, actionList_size=9
[22:31:46] [YFAdapter-P0] [INFO] [YF-P0] Decided: action_index=5, action=['Single', 'A', [['H', 'A']]]
[22:31:46] [yf1_v5] [INFO] 1号位打出['Single', 'A', ['HA']]， 最大动作为1号位打出的['Single', 'A', ['HA']]
[22:31:46] [yf1_v5] [INFO] 2号位打出['Single', '5', ['H5']]， 最大动作为2号位打出的['Single', '5', ['H5']]
[22:31:46] [yf1_v5] [INFO] 3号位打出['Bomb', '2', ['S2', 'H2', 'H2', 'C2']]， 最大动作为3号位打出的['Bomb', '2', ['S2', 'H2', 'H2', 'C2']]
[22:31:46] [yf1_v5] [INFO] 0号位打出['Bomb', '6', ['S6', 'H6', 'D6', 'D6']]， 最大动作为0号位打出的['Bomb', '6', ['S6', 'H6', 'D6', 'D6']]
[22:31:46] [YFAdapter-P0] [INFO] [YF-P0] Decision context: myPos=0, curPos=0, greaterPos=0, teammate=2, curAction=[, actionList_size=1
[22:31:46] [YFAdapter-P0] [INFO] [YF-P0] Decided: action_index=0, action=['PASS', 'PASS', 'PASS']
[22:31:46] [yf1_v5] [INFO] 1号位打出['PASS', 'PASS', 'PASS']， 最大动作为0号位打出的['Bomb', '6', ['S6', 'H6', 'D6', 'D6']]
[22:31:46] [yf1_v5] [INFO] 2号位打出['PASS', 'PASS', 'PASS']， 最大动作为0号位打出的['Bomb', '6', ['S6', 'H6', 'D6', 'D6']]
[22:31:46] [yf1_v5] [INFO] 3号位打出['PASS', 'PASS', 'PASS']， 最大动作为0号位打出的['Bomb', '6', ['S6', 'H6', 'D6', 'D6']]
[22:31:46] [yf1_v5] [INFO] 0号位打出['ThreePair', '2', ['D2', 'D2', 'S3', 'C3', 'D4', 'D4']]， 最大动作为0号位打出的['ThreePair', '2', ['D2', 'D2', 'S3', 'C3', 'D4', 'D4']]
[22:31:46] [YFAdapter-P0] [INFO] [YF-P0] Decision context: myPos=0, curPos=0, greaterPos=0, teammate=2, curAction=[, actionList_size=4
[22:31:46] [YFAdapter-P0] [INFO] [YF-P0] Decided: action_index=2, action=['ThreePair', '7', [['S', '7'], ['C', '7'], ['C', '8'], ['D', '8'], ['H', '9'], ['H', '9']]]
[22:31:46] [yf1_v5] [INFO] 1号位打出['ThreePair', '7', ['S7', 'C7', 'C8', 'D8', 'H9', 'H9']]， 最大动作为1号位打出的['ThreePair', '7', ['S7', 'C7', 'C8', 'D8', 'H9', 'H9']]
[22:31:46] [yf1_v5] [INFO] 2号位打出['PASS', 'PASS', 'PASS']， 最大动作为1号位打出的['ThreePair', '7', ['S7', 'C7', 'C8', 'D8', 'H9', 'H9']]
[22:31:46] [yf1_v5] [INFO] 3号位打出['StraightFlush', '3', ['C3', 'C4', 'C5', 'C6', 'C7']]， 最大动作为3号位打出的['StraightFlush', '3', ['C3', 'C4', 'C5', 'C6', 'C7']]
[22:31:46] [yf1_v5] [INFO] 0号位打出['PASS', 'PASS', 'PASS']， 最大动作为3号位打出的['StraightFlush', '3', ['C3', 'C4', 'C5', 'C6', 'C7']]
[22:31:46] [YFAdapter-P0] [INFO] [YF-P0] Decision context: myPos=0, curPos=0, greaterPos=3, teammate=2, curAction=[, actionList_size=1
[22:31:46] [YFAdapter-P0] [INFO] [YF-P0] Decided: action_index=0, action=['PASS', 'PASS', 'PASS']
[22:31:46] [yf1_v5] [INFO] 1号位打出['PASS', 'PASS', 'PASS']， 最大动作为3号位打出的['StraightFlush', '3', ['C3', 'C4', 'C5', 'C6', 'C7']]
[22:31:46] [yf1_v5] [INFO] 2号位打出['PASS', 'PASS', 'PASS']， 最大动作为3号位打出的['StraightFlush', '3', ['C3', 'C4', 'C5', 'C6', 'C7']]
[22:31:46] [yf1_v5] [INFO] 3号位打出['Single', '4', ['C4']]， 最大动作为3号位打出的['Single', '4', ['C4']]
[22:31:46] [yf1_v5] [INFO] 0号位打出['Single', '5', ['S5']]， 最大动作为0号位打出的['Single', '5', ['S5']]
[22:31:46] [YFAdapter-P0] [INFO] [YF-P0] Decision context: myPos=0, curPos=0, greaterPos=0, teammate=2, curAction=[, actionList_size=1
[22:31:46] [YFAdapter-P0] [INFO] [YF-P0] Decided: action_index=0, action=['PASS', 'PASS', 'PASS']
[22:31:46] [yf1_v5] [INFO] 1号位打出['PASS', 'PASS', 'PASS']， 最大动作为0号位打出的['Single', '5', ['S5']]
[22:31:46] [yf1_v5] [INFO] 2号位打出['PASS', 'PASS', 'PASS']， 最大动作为0号位打出的['Single', '5', ['S5']]
[22:31:46] [yf1_v5] [INFO] 3号位打出['PASS', 'PASS', 'PASS']， 最大动作为0号位打出的['Single', '5', ['S5']]
[22:31:46] [yf1_v5] [INFO] 0号位打出['Single', '8', ['H8']]， 最大动作为0号位打出的['Single', '8', ['H8']]
[22:31:46] [YFAdapter-P0] [INFO] [YF-P0] Decision context: myPos=0, curPos=0, greaterPos=0, teammate=2, curAction=[, actionList_size=8
[22:31:46] [YFAdapter-P0] [INFO] [YF-P0] Decided: action_index=5, action=['Single', 'A', [['C', 'A']]]
[22:31:46] [yf1_v5] [INFO] 1号位打出['Single', 'A', ['CA']]， 最大动作为1号位打出的['Single', 'A', ['CA']]
[22:31:46] [yf1_v5] [INFO] 2号位打出['Single', 'B', ['SB']]， 最大动作为2号位打出的['Single', 'B', ['SB']]
[22:31:46] [yf1_v5] [INFO] 3号位打出['PASS', 'PASS', 'PASS']， 最大动作为2号位打出的['Single', 'B', ['SB']]
[22:31:46] [yf1_v5] [INFO] 0号位打出['PASS', 'PASS', 'PASS']， 最大动作为2号位打出的['Single', 'B', ['SB']]
[22:31:46] [YFAdapter-P0] [INFO] [YF-P0] Decision context: myPos=0, curPos=0, greaterPos=2, teammate=2, curAction=[, actionList_size=1
[22:31:46] [YFAdapter-P0] [INFO] [YF-P0] Decided: action_index=0, action=['PASS', 'PASS', 'PASS']
[22:31:46] [yf1_v5] [INFO] 1号位打出['PASS', 'PASS', 'PASS']， 最大动作为2号位打出的['Single', 'B', ['SB']]
[22:31:46] [yf1_v5] [INFO] 2号位打出['Pair', '8', ['S8', 'H8']]， 最大动作为2号位打出的['Pair', '8', ['S8', 'H8']]
[22:31:46] [yf1_v5] [INFO] 3号位打出['PASS', 'PASS', 'PASS']， 最大动作为2号位打出的['Pair', '8', ['S8', 'H8']]
[22:31:46] [yf1_v5] [INFO] 0号位打出['Pair', 'T', ['CT', 'DT']]， 最大动作为0号位打出的['Pair', 'T', ['CT', 'DT']]
[22:31:46] [YFAdapter-P0] [INFO] [YF-P0] Decision context: myPos=0, curPos=0, greaterPos=0, teammate=2, curAction=[, actionList_size=5
[22:31:46] [YFAdapter-P0] [INFO] [YF-P0] Decided: action_index=1, action=['Pair', 'Q', [['H', 'Q'], ['D', 'Q']]]
[22:31:46] [yf1_v5] [INFO] 1号位打出['Pair', 'Q', ['HQ', 'DQ']]， 最大动作为1号位打出的['Pair', 'Q', ['HQ', 'DQ']]
[22:31:46] [yf1_v5] [INFO] 2号位打出['Pair', 'R', ['HR', 'HR']]， 最大动作为2号位打出的['Pair', 'R', ['HR', 'HR']]
[22:31:46] [yf1_v5] [INFO] 3号位打出['PASS', 'PASS', 'PASS']， 最大动作为2号位打出的['Pair', 'R', ['HR', 'HR']]
[22:31:46] [yf1_v5] [INFO] 0号位打出['PASS', 'PASS', 'PASS']， 最大动作为2号位打出的['Pair', 'R', ['HR', 'HR']]
[22:31:46] [YFAdapter-P0] [INFO] [YF-P0] Decision context: myPos=0, curPos=0, greaterPos=2, teammate=2, curAction=[, actionList_size=1
[22:31:46] [YFAdapter-P0] [INFO] [YF-P0] Decided: action_index=0, action=['PASS', 'PASS', 'PASS']
[22:31:46] [yf1_v5] [INFO] 1号位打出['PASS', 'PASS', 'PASS']， 最大动作为2号位打出的['Pair', 'R', ['HR', 'HR']]
[22:31:46] [yf1_v5] [INFO] 2号位打出['ThreeWithTwo', '7', ['H7', 'H7', 'D7', 'S3', 'D3']]， 最大动作为2号位打出的['ThreeWithTwo', '7', ['H7', 'H7', 'D7', 'S3', 'D3']]
[22:31:46] [yf1_v5] [INFO] 3号位打出['PASS', 'PASS', 'PASS']， 最大动作为2号位打出的['ThreeWithTwo', '7', ['H7', 'H7', 'D7', 'S3', 'D3']]
[22:31:46] [yf1_v5] [INFO] 0号位打出['ThreeWithTwo', '9', ['S9', 'C9', 'D9', 'C8', 'D8']]， 最大动作为0号位打出的['ThreeWithTwo', '9', ['S9', 'C9', 'D9', 'C8', 'D8']]
[22:31:46] [YFAdapter-P0] [INFO] [YF-P0] Decision context: myPos=0, curPos=0, greaterPos=0, teammate=2, curAction=[, actionList_size=5
[22:31:46] [YFAdapter-P0] [INFO] [YF-P0] Decided: action_index=1, action=['ThreeWithTwo', '5', [['C', '5'], ['D', '5'], ['D', '5'], ['S', '2'], ['C', '2']]]
[22:31:46] [yf1_v5] [INFO] 1号位打出['ThreeWithTwo', '5', ['C5', 'D5', 'D5', 'S2', 'C2']]， 最大动作为1号位打出的['ThreeWithTwo', '5', ['C5', 'D5', 'D5', 'S2', 'C2']]
[22:31:46] [yf1_v5] [INFO] 2号位打出['Bomb', 'T', ['ST', 'ST', 'HT', 'CT', 'DT']]， 最大动作为2号位打出的['Bomb', 'T', ['ST', 'ST', 'HT', 'CT', 'DT']]
[22:31:46] [yf1_v5] [INFO] 3号位打出['PASS', 'PASS', 'PASS']， 最大动作为2号位打出的['Bomb', 'T', ['ST', 'ST', 'HT', 'CT', 'DT']]
[22:31:46] [yf1_v5] [INFO] 0号位打出['PASS', 'PASS', 'PASS']， 最大动作为2号位打出的['Bomb', 'T', ['ST', 'ST', 'HT', 'CT', 'DT']]
[22:31:46] [YFAdapter-P0] [INFO] [YF-P0] Decision context: myPos=0, curPos=0, greaterPos=2, teammate=2, curAction=[, actionList_size=1
[22:31:46] [YFAdapter-P0] [INFO] [YF-P0] Decided: action_index=0, action=['PASS', 'PASS', 'PASS']
[22:31:46] [yf1_v5] [INFO] 1号位打出['PASS', 'PASS', 'PASS']， 最大动作为2号位打出的['Bomb', 'T', ['ST', 'ST', 'HT', 'CT', 'DT']]
[22:31:46] [yf1_v5] [INFO] 2号位打出['Pair', 'J', ['SJ', 'CJ']]， 最大动作为2号位打出的['Pair', 'J', ['SJ', 'CJ']]
[22:31:46] [yf1_v5] [INFO] 3号位打出['Pair', 'K', ['SK', 'DK']]， 最大动作为3号位打出的['Pair', 'K', ['SK', 'DK']]
[22:31:46] [yf1_v5] [INFO] 0号位打出['PASS', 'PASS', 'PASS']， 最大动作为3号位打出的['Pair', 'K', ['SK', 'DK']]
[22:31:46] [YFAdapter-P0] [INFO] [YF-P0] Decision context: myPos=0, curPos=0, greaterPos=3, teammate=2, curAction=[, actionList_size=1
[22:31:46] [YFAdapter-P0] [INFO] [YF-P0] Decided: action_index=0, action=['PASS', 'PASS', 'PASS']
[22:31:46] [yf1_v5] [INFO] 1号位打出['PASS', 'PASS', 'PASS']， 最大动作为3号位打出的['Pair', 'K', ['SK', 'DK']]
[22:31:46] [yf1_v5] [INFO] 2号位打出['Bomb', 'A', ['SA', 'HA', 'CA', 'DA', 'DA']]， 最大动作为2号位打出的['Bomb', 'A', ['SA', 'HA', 'CA', 'DA', 'DA']]
[22:31:46] [yf1_v5] [INFO] 3号位打出['PASS', 'PASS', 'PASS']， 最大动作为2号位打出的['Bomb', 'A', ['SA', 'HA', 'CA', 'DA', 'DA']]
[22:31:46] [yf1_v5] [INFO] 0号位打出['PASS', 'PASS', 'PASS']， 最大动作为2号位打出的['Bomb', 'A', ['SA', 'HA', 'CA', 'DA', 'DA']]
[22:31:46] [YFAdapter-P0] [INFO] [YF-P0] Decision context: myPos=0, curPos=0, greaterPos=2, teammate=2, curAction=[, actionList_size=1
[22:31:46] [YFAdapter-P0] [INFO] [YF-P0] Decided: action_index=0, action=['PASS', 'PASS', 'PASS']
[22:31:46] [yf1_v5] [INFO] 1号位打出['PASS', 'PASS', 'PASS']， 最大动作为2号位打出的['Bomb', 'A', ['SA', 'HA', 'CA', 'DA', 'DA']]
[22:31:46] [yf1_v5] [INFO] 2号位打出['Pair', 'Q', ['HQ', 'CQ']]， 最大动作为2号位打出的['Pair', 'Q', ['HQ', 'CQ']]
[22:31:46] [yf1_v5] [INFO] 3号位打出['PASS', 'PASS', 'PASS']， 最大动作为2号位打出的['Pair', 'Q', ['HQ', 'CQ']]
[22:31:46] [yf1_v5] [INFO] 0号位打出['PASS', 'PASS', 'PASS']， 最大动作为2号位打出的['Pair', 'Q', ['HQ', 'CQ']]
[22:31:46] [YFAdapter-P0] [INFO] [YF-P0] Decision context: myPos=0, curPos=0, greaterPos=2, teammate=2, curAction=[, actionList_size=2
[22:31:46] [YFAdapter-P0] [INFO] [YF-P0] Decided: action_index=0, action=['PASS', 'PASS', 'PASS']
[22:31:46] [yf1_v5] [INFO] 1号位打出['PASS', 'PASS', 'PASS']， 最大动作为2号位打出的['Pair', 'Q', ['HQ', 'CQ']]
[22:31:46] [yf1_v5] [INFO] 2号位打出['Single', 'K', ['CK']]， 最大动作为2号位打出的['Single', 'K', ['CK']]
[22:31:46] [yf1_v5] [INFO] 3号位打出['PASS', 'PASS', 'PASS']， 最大动作为2号位打出的['Single', 'K', ['CK']]
[22:31:46] [yf1_v5] [INFO] 0号位打出['PASS', 'PASS', 'PASS']， 最大动作为2号位打出的['Single', 'K', ['CK']]
[22:31:46] [yf1_v5] [INFO] 0号位打出['Trips', 'Q', ['SQ', 'SQ', 'DQ']]， 最大动作为0号位打出的['Trips', 'Q', ['SQ', 'SQ', 'DQ']]
[22:31:46] [YFAdapter-P0] [INFO] [YF-P0] Decision context: myPos=0, curPos=0, greaterPos=0, teammate=2, curAction=[, actionList_size=1
[22:31:46] [YFAdapter-P0] [INFO] [YF-P0] Decided: action_index=0, action=['PASS', 'PASS', 'PASS']
[22:31:46] [yf1_v5] [INFO] 1号位打出['PASS', 'PASS', 'PASS']， 最大动作为0号位打出的['Trips', 'Q', ['SQ', 'SQ', 'DQ']]
[22:31:46] [yf1_v5] [INFO] 3号位打出['PASS', 'PASS', 'PASS']， 最大动作为0号位打出的['Trips', 'Q', ['SQ', 'SQ', 'DQ']]
[22:31:46] [yf1_v5] [INFO] 0号位打出['Trips', 'K', ['HK', 'CK', 'DK']]， 最大动作为0号位打出的['Trips', 'K', ['HK', 'CK', 'DK']]
[22:31:46] [YFAdapter-P0] [INFO] [YF-P0] Decision context: myPos=0, curPos=0, greaterPos=0, teammate=2, curAction=[, actionList_size=1
[22:31:46] [YFAdapter-P0] [INFO] [YF-P0] Decided: action_index=0, action=['PASS', 'PASS', 'PASS']
[22:31:46] [yf1_v5] [INFO] 1号位打出['PASS', 'PASS', 'PASS']， 最大动作为0号位打出的['Trips', 'K', ['HK', 'CK', 'DK']]
[22:31:46] [yf1_v5] [INFO] 3号位打出['PASS', 'PASS', 'PASS']， 最大动作为0号位打出的['Trips', 'K', ['HK', 'CK', 'DK']]
[22:31:46] [yf1_v5] [INFO] 0号位打出['Single', 'B', ['SB']]， 最大动作为0号位打出的['Single', 'B', ['SB']]
[22:31:46] [yf1_v5] [INFO] 游戏开始, 我是1号位，手牌：['S2', 'H2', 'C2', 'H3', 'D3', 'D3', 'H4', 'D4', 'C5', 'D5', 'H6', 'C6', 'C6', 'S7', 'D7', 'C9', 'ST', 'HT', 'HT', 'SQ', 'HQ', 'HQ', 'CQ', 'CK', 'DA', 'H8', 'H8']
[22:31:46] [YFAdapter-P0] [INFO] [YF-P0] Decision context: myPos=0, curPos=-1, greaterPos=-1, teammate=2, curAction=[, actionList_size=1
[22:31:46] [YFAdapter-P0] [INFO] [YF-P0] Decided: action_index=0, action=['tribute', 'tribute', [['D', 'A']]]
[22:31:46] [yf1_v5] [INFO] 3号位打出['Pair', '4', ['C4', 'D4']]， 最大动作为3号位打出的['Pair', '4', ['C4', 'D4']]
[22:31:46] [yf1_v5] [INFO] 0号位打出['Pair', 'K', ['HK', 'DK']]， 最大动作为0号位打出的['Pair', 'K', ['HK', 'DK']]
[22:31:46] [YFAdapter-P0] [INFO] [YF-P0] Decision context: myPos=0, curPos=0, greaterPos=0, teammate=2, curAction=[, actionList_size=50
[22:31:46] [YFAdapter-P0] [INFO] [YF-P0] Decided: action_index=19, action=['Bomb', 'T', [['S', 'T'], ['H', 'T'], ['H', 'T'], ['H', '8']]]
[22:31:46] [yf1_v5] [INFO] 1号位打出['Bomb', 'T', ['ST', 'HT', 'HT', 'H8']]， 最大动作为1号位打出的['Bomb', 'T', ['ST', 'HT', 'HT', 'H8']]
[22:31:46] [yf1_v5] [INFO] 2号位打出['PASS', 'PASS', 'PASS']， 最大动作为1号位打出的['Bomb', 'T', ['ST', 'HT', 'HT', 'H8']]
[22:31:46] [yf1_v5] [INFO] 3号位打出['Bomb', 'A', ['SA', 'HA', 'CA', 'DA']]， 最大动作为3号位打出的['Bomb', 'A', ['SA', 'HA', 'CA', 'DA']]
[22:31:46] [yf1_v5] [INFO] 0号位打出['PASS', 'PASS', 'PASS']， 最大动作为3号位打出的['Bomb', 'A', ['SA', 'HA', 'CA', 'DA']]
[22:31:46] [YFAdapter-P0] [INFO] [YF-P0] Decision context: myPos=0, curPos=0, greaterPos=3, teammate=2, curAction=[, actionList_size=3
[22:31:46] [YFAdapter-P0] [INFO] [YF-P0] Decided: action_index=0, action=['PASS', 'PASS', 'PASS']
[22:31:46] [yf1_v5] [INFO] 1号位打出['Bomb', '2', ['S2', 'S2', 'H2', 'C2', 'H8']]， 最大动作为1号位打出的['Bomb', '2', ['S2', 'S2', 'H2', 'C2', 'H8']]
[22:31:46] [yf1_v5] [INFO] 2号位打出['PASS', 'PASS', 'PASS']， 最大动作为1号位打出的['Bomb', '2', ['S2', 'S2', 'H2', 'C2', 'H8']]
[22:31:46] [yf1_v5] [INFO] 3号位打出['Bomb', 'J', ['SJ', 'HJ', 'CJ', 'CJ', 'DJ']]， 最大动作为3号位打出的['Bomb', 'J', ['SJ', 'HJ', 'CJ', 'CJ', 'DJ']]
[22:31:46] [yf1_v5] [INFO] 0号位打出['PASS', 'PASS', 'PASS']， 最大动作为3号位打出的['Bomb', 'J', ['SJ', 'HJ', 'CJ', 'CJ', 'DJ']]
[22:31:46] [YFAdapter-P0] [INFO] [YF-P0] Decision context: myPos=0, curPos=0, greaterPos=3, teammate=2, curAction=[, actionList_size=1
[22:31:46] [YFAdapter-P0] [INFO] [YF-P0] Decided: action_index=0, action=['PASS', 'PASS', 'PASS']
[22:31:46] [yf1_v5] [INFO] 1号位打出['PASS', 'PASS', 'PASS']， 最大动作为3号位打出的['Bomb', 'J', ['SJ', 'HJ', 'CJ', 'CJ', 'DJ']]
[22:31:46] [yf1_v5] [INFO] 2号位打出['PASS', 'PASS', 'PASS']， 最大动作为3号位打出的['Bomb', 'J', ['SJ', 'HJ', 'CJ', 'CJ', 'DJ']]
[22:31:46] [yf1_v5] [INFO] 3号位打出['Pair', '5', ['S5', 'D5']]， 最大动作为3号位打出的['Pair', '5', ['S5', 'D5']]
[22:31:46] [yf1_v5] [INFO] 0号位打出['Pair', '8', ['S8', 'D8']]， 最大动作为0号位打出的['Pair', '8', ['S8', 'D8']]
[22:31:46] [YFAdapter-P0] [INFO] [YF-P0] Decision context: myPos=0, curPos=0, greaterPos=0, teammate=2, curAction=[, actionList_size=2
[22:31:46] [YFAdapter-P0] [INFO] [YF-P0] Decided: action_index=0, action=['PASS', 'PASS', 'PASS']
[22:31:46] [yf1_v5] [INFO] 1号位打出['Bomb', 'Q', ['SQ', 'HQ', 'HQ', 'CQ']]， 最大动作为1号位打出的['Bomb', 'Q', ['SQ', 'HQ', 'HQ', 'CQ']]
[22:31:46] [yf1_v5] [INFO] 2号位打出['PASS', 'PASS', 'PASS']， 最大动作为1号位打出的['Bomb', 'Q', ['SQ', 'HQ', 'HQ', 'CQ']]
[22:31:46] [yf1_v5] [INFO] 3号位打出['Bomb', 'K', ['SK', 'HK', 'CK', 'DK']]， 最大动作为3号位打出的['Bomb', 'K', ['SK', 'HK', 'CK', 'DK']]
[22:31:46] [yf1_v5] [INFO] 0号位打出['PASS', 'PASS', 'PASS']， 最大动作为3号位打出的['Bomb', 'K', ['SK', 'HK', 'CK', 'DK']]
[22:31:46] [YFAdapter-P0] [INFO] [YF-P0] Decision context: myPos=0, curPos=0, greaterPos=3, teammate=2, curAction=[, actionList_size=1
[22:31:46] [YFAdapter-P0] [INFO] [YF-P0] Decided: action_index=0, action=['PASS', 'PASS', 'PASS']
[22:31:46] [yf1_v5] [INFO] 1号位打出['PASS', 'PASS', 'PASS']， 最大动作为3号位打出的['Bomb', 'K', ['SK', 'HK', 'CK', 'DK']]
[22:31:46] [yf1_v5] [INFO] 2号位打出['PASS', 'PASS', 'PASS']， 最大动作为3号位打出的['Bomb', 'K', ['SK', 'HK', 'CK', 'DK']]
[22:31:46] [yf1_v5] [INFO] 3号位打出['Pair', '9', ['S9', 'D9']]， 最大动作为3号位打出的['Pair', '9', ['S9', 'D9']]
[22:31:46] [yf1_v5] [INFO] 0号位打出['Pair', '8', ['C8', 'C8']]， 最大动作为0号位打出的['Pair', '8', ['C8', 'C8']]
[22:31:46] [YFAdapter-P0] [INFO] [YF-P0] Decision context: myPos=0, curPos=0, greaterPos=0, teammate=2, curAction=[, actionList_size=1
[22:31:46] [YFAdapter-P0] [INFO] [YF-P0] Decided: action_index=0, action=['PASS', 'PASS', 'PASS']
[22:31:46] [yf1_v5] [INFO] 1号位打出['PASS', 'PASS', 'PASS']， 最大动作为0号位打出的['Pair', '8', ['C8', 'C8']]
[22:31:46] [yf1_v5] [INFO] 2号位打出['PASS', 'PASS', 'PASS']， 最大动作为0号位打出的['Pair', '8', ['C8', 'C8']]
[22:31:46] [yf1_v5] [INFO] 3号位打出['PASS', 'PASS', 'PASS']， 最大动作为0号位打出的['Pair', '8', ['C8', 'C8']]
[22:31:46] [yf1_v5] [INFO] 0号位打出['Single', '3', ['S3']]， 最大动作为0号位打出的['Single', '3', ['S3']]
[22:31:46] [YFAdapter-P0] [INFO] [YF-P0] Decision context: myPos=0, curPos=0, greaterPos=0, teammate=2, curAction=[, actionList_size=11
[22:31:46] [YFAdapter-P0] [INFO] [YF-P0] Decided: action_index=10, action=['Single', 'K', [['C', 'K']]]
[22:31:46] [yf1_v5] [INFO] 1号位打出['Single', 'K', ['CK']]， 最大动作为1号位打出的['Single', 'K', ['CK']]
[22:31:46] [yf1_v5] [INFO] 2号位打出['Single', '8', ['S8']]， 最大动作为2号位打出的['Single', '8', ['S8']]
[22:31:46] [yf1_v5] [INFO] 3号位打出['PASS', 'PASS', 'PASS']， 最大动作为2号位打出的['Single', '8', ['S8']]
[22:31:46] [yf1_v5] [INFO] 0号位打出['PASS', 'PASS', 'PASS']， 最大动作为2号位打出的['Single', '8', ['S8']]
[22:31:46] [YFAdapter-P0] [INFO] [YF-P0] Decision context: myPos=0, curPos=0, greaterPos=2, teammate=2, curAction=[, actionList_size=1
[22:31:46] [YFAdapter-P0] [INFO] [YF-P0] Decided: action_index=0, action=['PASS', 'PASS', 'PASS']
[22:31:46] [yf1_v5] [INFO] 1号位打出['PASS', 'PASS', 'PASS']， 最大动作为2号位打出的['Single', '8', ['S8']]
[22:31:46] [yf1_v5] [INFO] 2号位打出['Single', '2', ['C2']]， 最大动作为2号位打出的['Single', '2', ['C2']]
[22:31:46] [yf1_v5] [INFO] 3号位打出['Single', 'Q', ['CQ']]， 最大动作为3号位打出的['Single', 'Q', ['CQ']]
[22:31:46] [yf1_v5] [INFO] 0号位打出['PASS', 'PASS', 'PASS']， 最大动作为3号位打出的['Single', 'Q', ['CQ']]
[22:31:46] [YFAdapter-P0] [INFO] [YF-P0] Decision context: myPos=0, curPos=0, greaterPos=3, teammate=2, curAction=[, actionList_size=1
[22:31:46] [YFAdapter-P0] [INFO] [YF-P0] Decided: action_index=0, action=['PASS', 'PASS', 'PASS']
[22:31:46] [yf1_v5] [INFO] 1号位打出['PASS', 'PASS', 'PASS']， 最大动作为3号位打出的['Single', 'Q', ['CQ']]
[22:31:46] [yf1_v5] [INFO] 2号位打出['Single', 'K', ['SK']]， 最大动作为2号位打出的['Single', 'K', ['SK']]
[22:31:46] [yf1_v5] [INFO] 3号位打出['Single', '8', ['D8']]， 最大动作为3号位打出的['Single', '8', ['D8']]
[22:31:46] [yf1_v5] [INFO] 0号位打出['PASS', 'PASS', 'PASS']， 最大动作为3号位打出的['Single', '8', ['D8']]
[22:31:46] [YFAdapter-P0] [INFO] [YF-P0] Decision context: myPos=0, curPos=0, greaterPos=3, teammate=2, curAction=[, actionList_size=1
[22:31:46] [YFAdapter-P0] [INFO] [YF-P0] Decided: action_index=0, action=['PASS', 'PASS', 'PASS']
[22:31:46] [yf1_v5] [INFO] 1号位打出['PASS', 'PASS', 'PASS']， 最大动作为3号位打出的['Single', '8', ['D8']]
[22:31:46] [yf1_v5] [INFO] 2号位打出['Single', 'B', ['SB']]， 最大动作为2号位打出的['Single', 'B', ['SB']]
[22:31:46] [yf1_v5] [INFO] 3号位打出['PASS', 'PASS', 'PASS']， 最大动作为2号位打出的['Single', 'B', ['SB']]
[22:31:46] [yf1_v5] [INFO] 0号位打出['PASS', 'PASS', 'PASS']， 最大动作为2号位打出的['Single', 'B', ['SB']]
[22:31:46] [YFAdapter-P0] [INFO] [YF-P0] Decision context: myPos=0, curPos=0, greaterPos=2, teammate=2, curAction=[, actionList_size=1
[22:31:46] [YFAdapter-P0] [INFO] [YF-P0] Decided: action_index=0, action=['PASS', 'PASS', 'PASS']
[22:31:46] [yf1_v5] [INFO] 1号位打出['PASS', 'PASS', 'PASS']， 最大动作为2号位打出的['Single', 'B', ['SB']]
[22:31:46] [yf1_v5] [INFO] 2号位打出['Straight', 'A', ['SA', 'H2', 'C3', 'S4', 'H5']]， 最大动作为2号位打出的['Straight', 'A', ['SA', 'H2', 'C3', 'S4', 'H5']]
[22:31:46] [yf1_v5] [INFO] 3号位打出['PASS', 'PASS', 'PASS']， 最大动作为2号位打出的['Straight', 'A', ['SA', 'H2', 'C3', 'S4', 'H5']]
[22:31:47] [yf1_v5] [INFO] 0号位打出['PASS', 'PASS', 'PASS']， 最大动作为2号位打出的['Straight', 'A', ['SA', 'H2', 'C3', 'S4', 'H5']]
[22:31:47] [YFAdapter-P0] [INFO] [YF-P0] Decision context: myPos=0, curPos=0, greaterPos=2, teammate=2, curAction=[, actionList_size=33
[22:31:47] [YFAdapter-P0] [INFO] [YF-P0] Decided: action_index=0, action=['PASS', 'PASS', 'PASS']
[22:31:47] [yf1_v5] [INFO] 1号位打出['Straight', '3', ['H3', 'H4', 'C5', 'H6', 'S7']]， 最大动作为1号位打出的['Straight', '3', ['H3', 'H4', 'C5', 'H6', 'S7']]
[22:31:47] [yf1_v5] [INFO] 2号位打出['Bomb', 'T', ['ST', 'CT', 'DT', 'DT']]， 最大动作为2号位打出的['Bomb', 'T', ['ST', 'CT', 'DT', 'DT']]
[22:31:47] [yf1_v5] [INFO] 3号位打出['PASS', 'PASS', 'PASS']， 最大动作为2号位打出的['Bomb', 'T', ['ST', 'CT', 'DT', 'DT']]
[22:31:47] [yf1_v5] [INFO] 0号位打出['PASS', 'PASS', 'PASS']， 最大动作为2号位打出的['Bomb', 'T', ['ST', 'CT', 'DT', 'DT']]
[22:31:47] [YFAdapter-P0] [INFO] [YF-P0] Decision context: myPos=0, curPos=0, greaterPos=2, teammate=2, curAction=[, actionList_size=1
[22:31:47] [YFAdapter-P0] [INFO] [YF-P0] Decided: action_index=0, action=['PASS', 'PASS', 'PASS']
[22:31:47] [yf1_v5] [INFO] 1号位打出['PASS', 'PASS', 'PASS']， 最大动作为2号位打出的['Bomb', 'T', ['ST', 'CT', 'DT', 'DT']]
[22:31:47] [yf1_v5] [INFO] 2号位打出['Pair', '9', ['H9', 'C9']]， 最大动作为2号位打出的['Pair', '9', ['H9', 'C9']]
[22:31:47] [yf1_v5] [INFO] 3号位打出['PASS', 'PASS', 'PASS']， 最大动作为2号位打出的['Pair', '9', ['H9', 'C9']]
[22:31:47] [yf1_v5] [INFO] 0号位打出['PASS', 'PASS', 'PASS']， 最大动作为2号位打出的['Pair', '9', ['H9', 'C9']]
[22:31:47] [YFAdapter-P0] [INFO] [YF-P0] Decision context: myPos=0, curPos=0, greaterPos=2, teammate=2, curAction=[, actionList_size=1
[22:31:47] [YFAdapter-P0] [INFO] [YF-P0] Decided: action_index=0, action=['PASS', 'PASS', 'PASS']
[22:31:47] [yf1_v5] [INFO] 1号位打出['PASS', 'PASS', 'PASS']， 最大动作为2号位打出的['Pair', '9', ['H9', 'C9']]
[22:31:47] [yf1_v5] [INFO] 2号位打出['ThreeWithTwo', '7', ['S7', 'H7', 'D7', 'S6', 'D6']]， 最大动作为2号位打出的['ThreeWithTwo', '7', ['S7', 'H7', 'D7', 'S6', 'D6']]
[22:31:47] [yf1_v5] [INFO] 3号位打出['PASS', 'PASS', 'PASS']， 最大动作为2号位打出的['ThreeWithTwo', '7', ['S7', 'H7', 'D7', 'S6', 'D6']]
[22:31:47] [yf1_v5] [INFO] 0号位打出['PASS', 'PASS', 'PASS']， 最大动作为2号位打出的['ThreeWithTwo', '7', ['S7', 'H7', 'D7', 'S6', 'D6']]
[22:31:47] [YFAdapter-P0] [INFO] [YF-P0] Decision context: myPos=0, curPos=0, greaterPos=2, teammate=2, curAction=[, actionList_size=1
[22:31:47] [YFAdapter-P0] [INFO] [YF-P0] Decided: action_index=0, action=['PASS', 'PASS', 'PASS']
[22:31:47] [yf1_v5] [INFO] 1号位打出['PASS', 'PASS', 'PASS']， 最大动作为2号位打出的['ThreeWithTwo', '7', ['S7', 'H7', 'D7', 'S6', 'D6']]
[22:31:47] [yf1_v5] [INFO] 2号位打出['Pair', 'J', ['SJ', 'HJ']]， 最大动作为2号位打出的['Pair', 'J', ['SJ', 'HJ']]
[22:31:47] [yf1_v5] [INFO] 3号位打出['PASS', 'PASS', 'PASS']， 最大动作为2号位打出的['Pair', 'J', ['SJ', 'HJ']]
[22:31:47] [yf1_v5] [INFO] 0号位打出['PASS', 'PASS', 'PASS']， 最大动作为2号位打出的['Pair', 'J', ['SJ', 'HJ']]
[22:31:47] [YFAdapter-P0] [INFO] [YF-P0] Decision context: myPos=0, curPos=0, greaterPos=2, teammate=2, curAction=[, actionList_size=1
[22:31:47] [YFAdapter-P0] [INFO] [YF-P0] Decided: action_index=0, action=['PASS', 'PASS', 'PASS']
[22:31:47] [yf1_v5] [INFO] 1号位打出['PASS', 'PASS', 'PASS']， 最大动作为2号位打出的['Pair', 'J', ['SJ', 'HJ']]
[22:31:47] [yf1_v5] [INFO] 2号位打出['Pair', 'Q', ['SQ', 'DQ']]， 最大动作为2号位打出的['Pair', 'Q', ['SQ', 'DQ']]
[22:31:47] [yf1_v5] [INFO] 3号位打出['PASS', 'PASS', 'PASS']， 最大动作为2号位打出的['Pair', 'Q', ['SQ', 'DQ']]
[22:31:47] [yf1_v5] [INFO] 0号位打出['PASS', 'PASS', 'PASS']， 最大动作为2号位打出的['Pair', 'Q', ['SQ', 'DQ']]
[22:31:47] [YFAdapter-P0] [INFO] [YF-P0] Decision context: myPos=0, curPos=0, greaterPos=2, teammate=2, curAction=[, actionList_size=1
[22:31:47] [YFAdapter-P0] [INFO] [YF-P0] Decided: action_index=0, action=['PASS', 'PASS', 'PASS']
[22:31:47] [yf1_v5] [INFO] 1号位打出['PASS', 'PASS', 'PASS']， 最大动作为2号位打出的['Pair', 'Q', ['SQ', 'DQ']]
[22:31:47] [yf1_v5] [INFO] 2号位打出['Single', 'B', ['SB']]， 最大动作为2号位打出的['Single', 'B', ['SB']]
[22:31:47] [yf1_v5] [INFO] 3号位打出['PASS', 'PASS', 'PASS']， 最大动作为2号位打出的['Single', 'B', ['SB']]
[22:31:47] [yf1_v5] [INFO] 0号位打出['PASS', 'PASS', 'PASS']， 最大动作为2号位打出的['Single', 'B', ['SB']]
[22:31:47] [YFAdapter-P0] [INFO] [YF-P0] Decision context: myPos=0, curPos=0, greaterPos=2, teammate=2, curAction=[, actionList_size=1
[22:31:47] [YFAdapter-P0] [INFO] [YF-P0] Decided: action_index=0, action=['PASS', 'PASS', 'PASS']
[22:31:47] [yf1_v5] [INFO] 1号位打出['PASS', 'PASS', 'PASS']， 最大动作为2号位打出的['Single', 'B', ['SB']]
[22:31:47] [yf1_v5] [INFO] 2号位打出['Pair', 'R', ['HR', 'HR']]， 最大动作为2号位打出的['Pair', 'R', ['HR', 'HR']]
[22:31:47] [yf1_v5] [INFO] 3号位打出['PASS', 'PASS', 'PASS']， 最大动作为2号位打出的['Pair', 'R', ['HR', 'HR']]
[22:31:47] [yf1_v5] [INFO] 0号位打出['PASS', 'PASS', 'PASS']， 最大动作为2号位打出的['Pair', 'R', ['HR', 'HR']]
[22:31:47] [yf1_v5] [INFO] 0号位打出['Single', '3', ['S3']]， 最大动作为0号位打出的['Single', '3', ['S3']]
[22:31:47] [YFAdapter-P0] [INFO] [YF-P0] Decision context: myPos=0, curPos=0, greaterPos=0, teammate=2, curAction=[, actionList_size=6
[22:31:47] [YFAdapter-P0] [INFO] [YF-P0] Decided: action_index=5, action=['Single', '9', [['C', '9']]]
[22:31:47] [yf1_v5] [INFO] 1号位打出['Single', '9', ['C9']]， 最大动作为1号位打出的['Single', '9', ['C9']]
[22:31:47] [yf1_v5] [INFO] 3号位打出['Single', 'T', ['CT']]， 最大动作为3号位打出的['Single', 'T', ['CT']]
[22:31:47] [yf1_v5] [INFO] 0号位打出['Single', 'J', ['DJ']]， 最大动作为0号位打出的['Single', 'J', ['DJ']]
[22:31:47] [YFAdapter-P0] [INFO] [YF-P0] Decision context: myPos=0, curPos=0, greaterPos=0, teammate=2, curAction=[, actionList_size=1
[22:31:47] [YFAdapter-P0] [INFO] [YF-P0] Decided: action_index=0, action=['PASS', 'PASS', 'PASS']
[22:31:47] [yf1_v5] [INFO] 1号位打出['PASS', 'PASS', 'PASS']， 最大动作为0号位打出的['Single', 'J', ['DJ']]
[22:31:47] [yf1_v5] [INFO] 3号位打出['PASS', 'PASS', 'PASS']， 最大动作为0号位打出的['Single', 'J', ['DJ']]
[22:31:47] [yf1_v5] [INFO] 0号位打出['Single', '3', ['H3']]， 最大动作为0号位打出的['Single', '3', ['H3']]
[22:31:47] [YFAdapter-P0] [INFO] [YF-P0] Decision context: myPos=0, curPos=0, greaterPos=0, teammate=2, curAction=[, actionList_size=5
[22:31:47] [YFAdapter-P0] [INFO] [YF-P0] Decided: action_index=0, action=['PASS', 'PASS', 'PASS']
[22:31:47] [YFAdapter-P0] [WARNING] [YF-P0] 检测到过于保守: 对手快走完(剩5张), 触发Layer 2/3进行更积极的决策
[22:31:47] [yf1_v5] [INFO] 1号位打出['Single', '4', ['D4']]， 最大动作为1号位打出的['Single', '4', ['D4']]
[22:31:47] [yf1_v5] [INFO] 3号位打出['Single', '7', ['H7']]， 最大动作为3号位打出的['Single', '7', ['H7']]
[22:31:47] [yf1_v5] [INFO] 0号位打出['Single', 'Q', ['DQ']]， 最大动作为0号位打出的['Single', 'Q', ['DQ']]
[22:31:47] [YFAdapter-P0] [INFO] [YF-P0] Decision context: myPos=0, curPos=0, greaterPos=0, teammate=2, curAction=[, actionList_size=1
[22:31:47] [YFAdapter-P0] [INFO] [YF-P0] Decided: action_index=0, action=['PASS', 'PASS', 'PASS']
[22:31:47] [yf1_v5] [INFO] 1号位打出['PASS', 'PASS', 'PASS']， 最大动作为0号位打出的['Single', 'Q', ['DQ']]
[22:31:47] [yf1_v5] [INFO] 3号位打出['PASS', 'PASS', 'PASS']， 最大动作为0号位打出的['Single', 'Q', ['DQ']]
[22:31:47] [yf1_v5] [INFO] 0号位打出['Single', '3', ['C3']]， 最大动作为0号位打出的['Single', '3', ['C3']]
[22:31:47] [YFAdapter-P0] [INFO] [YF-P0] Decision context: myPos=0, curPos=0, greaterPos=0, teammate=2, curAction=[, actionList_size=4
[22:31:47] [YFAdapter-P0] [INFO] [YF-P0] Decided: action_index=0, action=['PASS', 'PASS', 'PASS']
[22:31:47] [YFAdapter-P0] [WARNING] [YF-P0] 检测到过于保守: 对手快走完(剩4张), 触发Layer 2/3进行更积极的决策
[22:31:47] [yf1_v5] [INFO] 1号位打出['Single', '5', ['D5']]， 最大动作为1号位打出的['Single', '5', ['D5']]
[22:31:47] [yf1_v5] [INFO] 3号位打出['Single', '7', ['C7']]， 最大动作为3号位打出的['Single', '7', ['C7']]
[22:31:47] [yf1_v5] [INFO] 0号位打出['Single', '9', ['S9']]， 最大动作为0号位打出的['Single', '9', ['S9']]
[22:31:47] [YFAdapter-P0] [INFO] [YF-P0] Decision context: myPos=0, curPos=0, greaterPos=0, teammate=2, curAction=[, actionList_size=1
[22:31:47] [YFAdapter-P0] [INFO] [YF-P0] Decided: action_index=0, action=['PASS', 'PASS', 'PASS']
[22:31:47] [yf1_v5] [INFO] 1号位打出['PASS', 'PASS', 'PASS']， 最大动作为0号位打出的['Single', '9', ['S9']]
[22:31:47] [yf1_v5] [INFO] 3号位打出['PASS', 'PASS', 'PASS']， 最大动作为0号位打出的['Single', '9', ['S9']]
[22:31:47] [yf1_v5] [INFO] 0号位打出['Single', '4', ['S4']]， 最大动作为0号位打出的['Single', '4', ['S4']]
[22:31:47] [YFAdapter-P0] [INFO] [YF-P0] Decision context: myPos=0, curPos=0, greaterPos=0, teammate=2, curAction=[, actionList_size=3
[22:31:47] [YFAdapter-P0] [INFO] [YF-P0] Decided: action_index=1, action=['Single', '6', [['C', '6']]]
[22:31:47] [yf1_v5] [INFO] 1号位打出['Single', '6', ['C6']]， 最大动作为1号位打出的['Single', '6', ['C6']]
[22:31:47] [yf1_v5] [INFO] 3号位打出['Single', '7', ['C7']]， 最大动作为3号位打出的['Single', '7', ['C7']]
[22:31:47] [yf1_v5] [INFO] 0号位打出['Single', '9', ['H9']]， 最大动作为0号位打出的['Single', '9', ['H9']]
[22:31:47] [YFAdapter-P0] [INFO] [YF-P0] Decision context: myPos=0, curPos=0, greaterPos=0, teammate=2, curAction=[, actionList_size=1
[22:31:47] [YFAdapter-P0] [INFO] [YF-P0] Decided: action_index=0, action=['PASS', 'PASS', 'PASS']
[22:31:47] [yf1_v5] [INFO] 1号位打出['PASS', 'PASS', 'PASS']， 最大动作为0号位打出的['Single', '9', ['H9']]
[22:31:47] [yf1_v5] [INFO] 3号位打出['PASS', 'PASS', 'PASS']， 最大动作为0号位打出的['Single', '9', ['H9']]
[22:31:47] [yf1_v5] [INFO] 0号位打出['Single', '4', ['H4']]， 最大动作为0号位打出的['Single', '4', ['H4']]
[22:31:47] [YFAdapter-P0] [INFO] [YF-P0] Decision context: myPos=0, curPos=0, greaterPos=0, teammate=2, curAction=[, actionList_size=3
[22:31:47] [YFAdapter-P0] [INFO] [YF-P0] Decided: action_index=1, action=['Single', '6', [['C', '6']]]
[22:31:47] [yf1_v5] [INFO] 1号位打出['Single', '6', ['C6']]， 最大动作为1号位打出的['Single', '6', ['C6']]
[22:31:47] [yf1_v5] [INFO] 3号位打出['PASS', 'PASS', 'PASS']， 最大动作为1号位打出的['Single', '6', ['C6']]
[22:31:47] [yf1_v5] [INFO] 0号位打出['Single', '9', ['D9']]， 最大动作为0号位打出的['Single', '9', ['D9']]
[22:31:47] [YFAdapter-P0] [INFO] [YF-P0] Decision context: myPos=0, curPos=0, greaterPos=0, teammate=2, curAction=[, actionList_size=1
[22:31:47] [YFAdapter-P0] [INFO] [YF-P0] Decided: action_index=0, action=['PASS', 'PASS', 'PASS']
[22:31:47] [yf1_v5] [INFO] 1号位打出['PASS', 'PASS', 'PASS']， 最大动作为0号位打出的['Single', '9', ['D9']]
[22:31:47] [yf1_v5] [INFO] 3号位打出['PASS', 'PASS', 'PASS']， 最大动作为0号位打出的['Single', '9', ['D9']]
[22:31:47] [yf1_v5] [INFO] 0号位打出['Single', '4', ['C4']]， 最大动作为0号位打出的['Single', '4', ['C4']]
[22:31:47] [YFAdapter-P0] [INFO] [YF-P0] Decision context: myPos=0, curPos=0, greaterPos=0, teammate=2, curAction=[, actionList_size=2
[22:31:47] [YFAdapter-P0] [INFO] [YF-P0] Decided: action_index=0, action=['PASS', 'PASS', 'PASS']
[22:31:47] [YFAdapter-P0] [WARNING] [YF-P0] 检测到过于保守: 对手快走完(剩2张), 触发Layer 2/3进行更积极的决策
[22:31:47] [yf1_v5] [INFO] 1号位打出['Single', '7', ['D7']]， 最大动作为1号位打出的['Single', '7', ['D7']]
[22:31:47] [yf1_v5] [INFO] 3号位打出['PASS', 'PASS', 'PASS']， 最大动作为1号位打出的['Single', '7', ['D7']]
[22:31:47] [yf1_v5] [INFO] 0号位打出['Single', 'A', ['HA']]， 最大动作为0号位打出的['Single', 'A', ['HA']]
[22:31:47] [YFAdapter-P0] [INFO] [YF-P0] Decision context: myPos=0, curPos=0, greaterPos=0, teammate=2, curAction=[, actionList_size=1
[22:31:47] [YFAdapter-P0] [INFO] [YF-P0] Decided: action_index=0, action=['PASS', 'PASS', 'PASS']
[22:31:47] [yf1_v5] [INFO] 1号位打出['PASS', 'PASS', 'PASS']， 最大动作为0号位打出的['Single', 'A', ['HA']]
[22:31:47] [yf1_v5] [INFO] 3号位打出['PASS', 'PASS', 'PASS']， 最大动作为0号位打出的['Single', 'A', ['HA']]
[22:31:47] [yf1_v5] [INFO] 0号位打出['Single', '5', ['S5']]， 最大动作为0号位打出的['Single', '5', ['S5']]
[22:31:47] [YFAdapter-P0] [INFO] [YF-P0] Decision context: myPos=0, curPos=0, greaterPos=0, teammate=2, curAction=[, actionList_size=1
[22:31:47] [YFAdapter-P0] [INFO] [YF-P0] Decided: action_index=0, action=['PASS', 'PASS', 'PASS']
[22:31:47] [yf1_v5] [INFO] 1号位打出['PASS', 'PASS', 'PASS']， 最大动作为0号位打出的['Single', '5', ['S5']]
[22:31:47] [yf1_v5] [INFO] 3号位打出['PASS', 'PASS', 'PASS']， 最大动作为0号位打出的['Single', '5', ['S5']]
[22:31:47] [yf1_v5] [INFO] 0号位打出['ThreeWithTwo', '6', ['S6', 'H6', 'D6', 'H5', 'C5']]， 最大动作为0号位打出的['ThreeWithTwo', '6', ['S6', 'H6', 'D6', 'H5', 'C5']]
[22:31:47] [YFAdapter-P0] [INFO] [YF-P0] Decision context: myPos=0, curPos=0, greaterPos=0, teammate=2, curAction=[, actionList_size=1
[22:31:47] [YFAdapter-P0] [INFO] [YF-P0] Decided: action_index=0, action=['PASS', 'PASS', 'PASS']
[22:31:47] [yf1_v5] [INFO] 1号位打出['PASS', 'PASS', 'PASS']， 最大动作为0号位打出的['ThreeWithTwo', '6', ['S6', 'H6', 'D6', 'H5', 'C5']]
[22:31:47] [yf1_v5] [INFO] 3号位打出['PASS', 'PASS', 'PASS']， 最大动作为0号位打出的['ThreeWithTwo', '6', ['S6', 'H6', 'D6', 'H5', 'C5']]
[22:31:47] [yf1_v5] [INFO] 0号位打出['Pair', 'A', ['CA', 'DA']]， 最大动作为0号位打出的['Pair', 'A', ['CA', 'DA']]
[22:31:47] [yf1_v5] [INFO] 游戏开始, 我是1号位，手牌：['S2', 'C2', 'C3', 'D3', 'D3', 'C4', 'D4', 'S5', 'H5', 'H5', 'D5', 'H6', 'H7', 'D7', 'S8', 'C8', 'HT', 'SQ', 'HQ', 'SK', 'DK', 'SA', 'SA', 'HA', 'DA', 'HJ', 'HR']
[22:31:47] [YFAdapter-P0] [INFO] [YF-P0] Decision context: myPos=0, curPos=-1, greaterPos=-1, teammate=2, curAction=[, actionList_size=1
[22:31:47] [YFAdapter-P0] [INFO] [YF-P0] Decided: action_index=0, action=['tribute', 'tribute', [['H', 'R']]]
[22:31:47] [YFAdapter-P0] [INFO] [YF-P0] Decision context: myPos=0, curPos=-1, greaterPos=-1, teammate=2, curAction=[, actionList_size=1403
[22:31:47] [YFAdapter-P0] [INFO] [YF-P0] Decided: action_index=9, action=['Single', '6', [['H', '6']]]
[22:31:47] [yf1_v5] [INFO] 1号位打出['Single', '6', ['H6']]， 最大动作为1号位打出的['Single', '6', ['H6']]
[22:31:47] [yf1_v5] [INFO] 2号位打出['Single', 'J', ['SJ']]， 最大动作为2号位打出的['Single', 'J', ['SJ']]
[22:31:47] [yf1_v5] [INFO] 3号位打出['Bomb', 'T', ['ST', 'CT', 'CT', 'HJ']]， 最大动作为3号位打出的['Bomb', 'T', ['ST', 'CT', 'CT', 'HJ']]
[22:31:47] [yf1_v5] [INFO] 0号位打出['PASS', 'PASS', 'PASS']， 最大动作为3号位打出的['Bomb', 'T', ['ST', 'CT', 'CT', 'HJ']]
[22:31:47] [YFAdapter-P0] [INFO] [YF-P0] Decision context: myPos=0, curPos=0, greaterPos=3, teammate=2, curAction=[, actionList_size=7
[22:31:47] [YFAdapter-P0] [INFO] [YF-P0] Decided: action_index=0, action=['PASS', 'PASS', 'PASS']
[22:31:47] [yf1_v5] [INFO] 1号位打出['Bomb', 'A', ['SA', 'SA', 'HA', 'HJ']]， 最大动作为1号位打出的['Bomb', 'A', ['SA', 'SA', 'HA', 'HJ']]
[22:31:47] [yf1_v5] [INFO] 2号位打出['PASS', 'PASS', 'PASS']， 最大动作为1号位打出的['Bomb', 'A', ['SA', 'SA', 'HA', 'HJ']]
[22:31:47] [yf1_v5] [INFO] 3号位打出['PASS', 'PASS', 'PASS']， 最大动作为1号位打出的['Bomb', 'A', ['SA', 'SA', 'HA', 'HJ']]
[22:31:47] [yf1_v5] [INFO] 0号位打出['PASS', 'PASS', 'PASS']， 最大动作为1号位打出的['Bomb', 'A', ['SA', 'SA', 'HA', 'HJ']]
[22:31:47] [YFAdapter-P0] [INFO] [YF-P0] Decision context: myPos=0, curPos=-1, greaterPos=-1, teammate=2, curAction=[, actionList_size=127
[22:31:47] [YFAdapter-P0] [INFO] [YF-P0] Decided: action_index=49, action=['ThreeWithTwo', '3', [['C', '3'], ['D', '3'], ['D', '3'], ['S', '2'], ['C', '2']]]
[22:31:47] [yf1_v5] [INFO] 1号位打出['ThreeWithTwo', '3', ['C3', 'D3', 'D3', 'S2', 'C2']]， 最大动作为1号位打出的['ThreeWithTwo', '3', ['C3', 'D3', 'D3', 'S2', 'C2']]
[22:31:47] [yf1_v5] [INFO] 2号位打出['ThreeWithTwo', 'A', ['HA', 'CA', 'DA', 'S2', 'H2']]， 最大动作为2号位打出的['ThreeWithTwo', 'A', ['HA', 'CA', 'DA', 'S2', 'H2']]
[22:31:47] [yf1_v5] [INFO] 3号位打出['PASS', 'PASS', 'PASS']， 最大动作为2号位打出的['ThreeWithTwo', 'A', ['HA', 'CA', 'DA', 'S2', 'H2']]
[22:31:47] [yf1_v5] [INFO] 0号位打出['PASS', 'PASS', 'PASS']， 最大动作为2号位打出的['ThreeWithTwo', 'A', ['HA', 'CA', 'DA', 'S2', 'H2']]
[22:31:47] [YFAdapter-P0] [INFO] [YF-P0] Decision context: myPos=0, curPos=0, greaterPos=2, teammate=2, curAction=[, actionList_size=2
[22:31:47] [YFAdapter-P0] [INFO] [YF-P0] Decided: action_index=0, action=['PASS', 'PASS', 'PASS']
[22:31:47] [yf1_v5] [INFO] 1号位打出['PASS', 'PASS', 'PASS']， 最大动作为2号位打出的['ThreeWithTwo', 'A', ['HA', 'CA', 'DA', 'S2', 'H2']]
[22:31:47] [yf1_v5] [INFO] 2号位打出['ThreePair', '3', ['S3', 'H3', 'H4', 'H4', 'C5', 'D5']]， 最大动作为2号位打出的['ThreePair', '3', ['S3', 'H3', 'H4', 'H4', 'C5', 'D5']]
[22:31:47] [yf1_v5] [INFO] 3号位打出['ThreePair', '8', ['H8', 'D8', 'S9', 'S9', 'ST', 'DT']]， 最大动作为3号位打出的['ThreePair', '8', ['H8', 'D8', 'S9', 'S9', 'ST', 'DT']]
[22:31:47] [yf1_v5] [INFO] 0号位打出['Bomb', '6', ['S6', 'C6', 'D6', 'D6']]， 最大动作为0号位打出的['Bomb', '6', ['S6', 'C6', 'D6', 'D6']]
[22:31:47] [YFAdapter-P0] [INFO] [YF-P0] Decision context: myPos=0, curPos=0, greaterPos=0, teammate=2, curAction=[, actionList_size=1
[22:31:47] [YFAdapter-P0] [INFO] [YF-P0] Decided: action_index=0, action=['PASS', 'PASS', 'PASS']
[22:31:47] [yf1_v5] [INFO] 1号位打出['PASS', 'PASS', 'PASS']， 最大动作为0号位打出的['Bomb', '6', ['S6', 'C6', 'D6', 'D6']]
[22:31:47] [yf1_v5] [INFO] 2号位打出['PASS', 'PASS', 'PASS']， 最大动作为0号位打出的['Bomb', '6', ['S6', 'C6', 'D6', 'D6']]
[22:31:47] [yf1_v5] [INFO] 3号位打出['PASS', 'PASS', 'PASS']， 最大动作为0号位打出的['Bomb', '6', ['S6', 'C6', 'D6', 'D6']]
[22:31:47] [yf1_v5] [INFO] 0号位打出['Single', '8', ['S8']]， 最大动作为0号位打出的['Single', '8', ['S8']]
[22:31:47] [YFAdapter-P0] [INFO] [YF-P0] Decision context: myPos=0, curPos=0, greaterPos=0, teammate=2, curAction=[, actionList_size=8
[22:31:47] [YFAdapter-P0] [INFO] [YF-P0] Decided: action_index=0, action=['PASS', 'PASS', 'PASS']
[22:31:47] [yf1_v5] [INFO] 1号位打出['PASS', 'PASS', 'PASS']， 最大动作为0号位打出的['Single', '8', ['S8']]
[22:31:47] [yf1_v5] [INFO] 2号位打出['Single', 'J', ['SJ']]， 最大动作为2号位打出的['Single', 'J', ['SJ']]
[22:31:47] [yf1_v5] [INFO] 3号位打出['PASS', 'PASS', 'PASS']， 最大动作为2号位打出的['Single', 'J', ['SJ']]
[22:31:47] [yf1_v5] [INFO] 0号位打出['PASS', 'PASS', 'PASS']， 最大动作为2号位打出的['Single', 'J', ['SJ']]
[22:31:47] [YFAdapter-P0] [INFO] [YF-P0] Decision context: myPos=0, curPos=0, greaterPos=2, teammate=2, curAction=[, actionList_size=2
[22:31:47] [YFAdapter-P0] [INFO] [YF-P0] Decided: action_index=0, action=['PASS', 'PASS', 'PASS']
[22:31:47] [yf1_v5] [INFO] 1号位打出['PASS', 'PASS', 'PASS']， 最大动作为2号位打出的['Single', 'J', ['SJ']]
[22:31:47] [yf1_v5] [INFO] 2号位打出['ThreePair', '8', ['H8', 'C8', 'H9', 'D9', 'HT', 'DT']]， 最大动作为2号位打出的['ThreePair', '8', ['H8', 'C8', 'H9', 'D9', 'HT', 'DT']]
[22:31:47] [yf1_v5] [INFO] 3号位打出['PASS', 'PASS', 'PASS']， 最大动作为2号位打出的['ThreePair', '8', ['H8', 'C8', 'H9', 'D9', 'HT', 'DT']]
[22:31:47] [yf1_v5] [INFO] 0号位打出['PASS', 'PASS', 'PASS']， 最大动作为2号位打出的['ThreePair', '8', ['H8', 'C8', 'H9', 'D9', 'HT', 'DT']]
[22:31:47] [YFAdapter-P0] [INFO] [YF-P0] Decision context: myPos=0, curPos=0, greaterPos=2, teammate=2, curAction=[, actionList_size=2
[22:31:47] [YFAdapter-P0] [INFO] [YF-P0] Decided: action_index=0, action=['PASS', 'PASS', 'PASS']
[22:31:47] [yf1_v5] [INFO] 1号位打出['PASS', 'PASS', 'PASS']， 最大动作为2号位打出的['ThreePair', '8', ['H8', 'C8', 'H9', 'D9', 'HT', 'DT']]
[22:31:47] [yf1_v5] [INFO] 2号位打出['Pair', '6', ['S6', 'C6']]， 最大动作为2号位打出的['Pair', '6', ['S6', 'C6']]
[22:31:47] [yf1_v5] [INFO] 3号位打出['Pair', 'J', ['DJ', 'DJ']]， 最大动作为3号位打出的['Pair', 'J', ['DJ', 'DJ']]
[22:31:47] [yf1_v5] [INFO] 0号位打出['Pair', 'B', ['SB', 'SB']]， 最大动作为0号位打出的['Pair', 'B', ['SB', 'SB']]
[22:31:47] [YFAdapter-P0] [INFO] [YF-P0] Decision context: myPos=0, curPos=0, greaterPos=0, teammate=2, curAction=[, actionList_size=2
[22:31:47] [YFAdapter-P0] [INFO] [YF-P0] Decided: action_index=1, action=['Bomb', '5', [['S', '5'], ['H', '5'], ['H', '5'], ['D', '5']]]
[22:31:47] [yf1_v5] [INFO] 1号位打出['Bomb', '5', ['S5', 'H5', 'H5', 'D5']]， 最大动作为1号位打出的['Bomb', '5', ['S5', 'H5', 'H5', 'D5']]
[22:31:47] [yf1_v5] [INFO] 2号位打出['Bomb', '7', ['S7', 'H7', 'C7', 'D7']]， 最大动作为2号位打出的['Bomb', '7', ['S7', 'H7', 'C7', 'D7']]
[22:31:47] [yf1_v5] [INFO] 3号位打出['PASS', 'PASS', 'PASS']， 最大动作为2号位打出的['Bomb', '7', ['S7', 'H7', 'C7', 'D7']]
[22:31:47] [yf1_v5] [INFO] 0号位打出['PASS', 'PASS', 'PASS']， 最大动作为2号位打出的['Bomb', '7', ['S7', 'H7', 'C7', 'D7']]
[22:31:47] [YFAdapter-P0] [INFO] [YF-P0] Decision context: myPos=0, curPos=0, greaterPos=2, teammate=2, curAction=[, actionList_size=1
[22:31:47] [YFAdapter-P0] [INFO] [YF-P0] Decided: action_index=0, action=['PASS', 'PASS', 'PASS']
[22:31:47] [yf1_v5] [INFO] 1号位打出['PASS', 'PASS', 'PASS']， 最大动作为2号位打出的['Bomb', '7', ['S7', 'H7', 'C7', 'D7']]
[22:31:47] [yf1_v5] [INFO] 2号位打出['Pair', 'K', ['CK', 'DK']]， 最大动作为2号位打出的['Pair', 'K', ['CK', 'DK']]
[22:31:47] [yf1_v5] [INFO] 3号位打出['PASS', 'PASS', 'PASS']， 最大动作为2号位打出的['Pair', 'K', ['CK', 'DK']]
[22:31:47] [yf1_v5] [INFO] 0号位打出['PASS', 'PASS', 'PASS']， 最大动作为2号位打出的['Pair', 'K', ['CK', 'DK']]
[22:31:47] [yf1_v5] [INFO] 0号位打出['ThreeWithTwo', '3', ['S3', 'H3', 'C3', 'D2', 'D2']]， 最大动作为0号位打出的['ThreeWithTwo', '3', ['S3', 'H3', 'C3', 'D2', 'D2']]
[22:31:47] [YFAdapter-P0] [INFO] [YF-P0] Decision context: myPos=0, curPos=0, greaterPos=0, teammate=2, curAction=[, actionList_size=5
[22:31:47] [YFAdapter-P0] [INFO] [YF-P0] Decided: action_index=1, action=['ThreeWithTwo', '7', [['S', '7'], ['H', '7'], ['D', '7'], ['C', '4'], ['D', '4']]]
[22:31:47] [yf1_v5] [INFO] 1号位打出['ThreeWithTwo', '7', ['S7', 'H7', 'D7', 'C4', 'D4']]， 最大动作为1号位打出的['ThreeWithTwo', '7', ['S7', 'H7', 'D7', 'C4', 'D4']]
[22:31:47] [yf1_v5] [INFO] 3号位打出['ThreeWithTwo', 'K', ['HK', 'HK', 'CK', 'H2', 'C2']]， 最大动作为3号位打出的['ThreeWithTwo', 'K', ['HK', 'HK', 'CK', 'H2', 'C2']]
[22:31:47] [yf1_v5] [INFO] 0号位打出['Bomb', 'Q', ['SQ', 'HQ', 'CQ', 'CQ', 'DQ']]， 最大动作为0号位打出的['Bomb', 'Q', ['SQ', 'HQ', 'CQ', 'CQ', 'DQ']]
[22:31:47] [YFAdapter-P0] [INFO] [YF-P0] Decision context: myPos=0, curPos=0, greaterPos=0, teammate=2, curAction=[, actionList_size=1
[22:31:47] [YFAdapter-P0] [INFO] [YF-P0] Decided: action_index=0, action=['PASS', 'PASS', 'PASS']
[22:31:47] [yf1_v5] [INFO] 1号位打出['PASS', 'PASS', 'PASS']， 最大动作为0号位打出的['Bomb', 'Q', ['SQ', 'HQ', 'CQ', 'CQ', 'DQ']]
[22:31:47] [yf1_v5] [INFO] 3号位打出['PASS', 'PASS', 'PASS']， 最大动作为0号位打出的['Bomb', 'Q', ['SQ', 'HQ', 'CQ', 'CQ', 'DQ']]
[22:31:47] [yf1_v5] [INFO] 0号位打出['Pair', '4', ['S4', 'C4']]， 最大动作为0号位打出的['Pair', '4', ['S4', 'C4']]
[22:31:47] [YFAdapter-P0] [INFO] [YF-P0] Decision context: myPos=0, curPos=0, greaterPos=0, teammate=2, curAction=[, actionList_size=4
[22:31:47] [YFAdapter-P0] [INFO] [YF-P0] Decided: action_index=1, action=['Pair', '8', [['S', '8'], ['C', '8']]]
[22:31:47] [yf1_v5] [INFO] 1号位打出['Pair', '8', ['S8', 'C8']]， 最大动作为1号位打出的['Pair', '8', ['S8', 'C8']]
[22:31:47] [yf1_v5] [INFO] 3号位打出['PASS', 'PASS', 'PASS']， 最大动作为1号位打出的['Pair', '8', ['S8', 'C8']]
[22:31:47] [yf1_v5] [INFO] 0号位打出['Pair', 'J', ['CJ', 'CJ']]， 最大动作为0号位打出的['Pair', 'J', ['CJ', 'CJ']]
[22:31:47] [YFAdapter-P0] [INFO] [YF-P0] Decision context: myPos=0, curPos=0, greaterPos=0, teammate=2, curAction=[, actionList_size=1
[22:31:47] [YFAdapter-P0] [INFO] [YF-P0] Decided: action_index=0, action=['PASS', 'PASS', 'PASS']
[22:31:47] [yf1_v5] [INFO] 1号位打出['PASS', 'PASS', 'PASS']， 最大动作为0号位打出的['Pair', 'J', ['CJ', 'CJ']]
[22:31:47] [yf1_v5] [INFO] 3号位打出['PASS', 'PASS', 'PASS']， 最大动作为0号位打出的['Pair', 'J', ['CJ', 'CJ']]
[22:31:47] [yf1_v5] [INFO] 0号位打出['ThreeWithTwo', '9', ['C9', 'C9', 'D9', 'HR', 'HR']]， 最大动作为0号位打出的['ThreeWithTwo', '9', ['C9', 'C9', 'D9', 'HR', 'HR']]
[22:31:47] [YFAdapter-P0] [INFO] [YF-P0] Decision context: myPos=0, curPos=0, greaterPos=0, teammate=2, curAction=[, actionList_size=1
[22:31:47] [YFAdapter-P0] [INFO] [YF-P0] Decided: action_index=0, action=['PASS', 'PASS', 'PASS']
[22:31:47] [yf1_v5] [INFO] 1号位打出['PASS', 'PASS', 'PASS']， 最大动作为0号位打出的['ThreeWithTwo', '9', ['C9', 'C9', 'D9', 'HR', 'HR']]
[22:31:47] [yf1_v5] [INFO] 3号位打出['PASS', 'PASS', 'PASS']， 最大动作为0号位打出的['ThreeWithTwo', '9', ['C9', 'C9', 'D9', 'HR', 'HR']]
[22:31:47] [yf1_v5] [INFO] 0号位打出['Single', 'K', ['SK']]， 最大动作为0号位打出的['Single', 'K', ['SK']]
[22:31:47] [yf1_v5] [INFO] 游戏开始, 我是1号位，手牌：['C3', 'D3', 'D4', 'D4', 'S5', 'H5', 'D5', 'S6', 'S6', 'D6', 'C7', 'D7', 'H8', 'H9', 'C9', 'HT', 'CT', 'DT', 'CJ', 'SQ', 'HQ', 'CQ', 'HK', 'CK', 'DK', 'SA', 'SB']
[22:31:47] [YFAdapter-P0] [INFO] [YF-P0] Decision context: myPos=0, curPos=-1, greaterPos=-1, teammate=2, curAction=[, actionList_size=1
[22:31:47] [YFAdapter-P0] [INFO] [YF-P0] Decided: action_index=0, action=['tribute', 'tribute', [['S', 'B']]]
[22:31:47] [YFAdapter-P0] [INFO] [YF-P0] Decision context: myPos=0, curPos=-1, greaterPos=-1, teammate=2, curAction=[, actionList_size=384
[22:31:47] [YFAdapter-P0] [INFO] [YF-P0] Decided: action_index=11, action=['Single', '8', [['H', '8']]]
[22:31:47] [yf1_v5] [INFO] 1号位打出['Single', '8', ['H8']]， 最大动作为1号位打出的['Single', '8', ['H8']]
[22:31:47] [yf1_v5] [INFO] 2号位打出['Single', 'T', ['HT']]， 最大动作为2号位打出的['Single', 'T', ['HT']]
[22:31:47] [yf1_v5] [INFO] 3号位打出['Bomb', '8', ['H8', 'C8', 'C8', 'D8']]， 最大动作为3号位打出的['Bomb', '8', ['H8', 'C8', 'C8', 'D8']]
[22:31:47] [yf1_v5] [INFO] 0号位打出['PASS', 'PASS', 'PASS']， 最大动作为3号位打出的['Bomb', '8', ['H8', 'C8', 'C8', 'D8']]
[22:31:47] [YFAdapter-P0] [INFO] [YF-P0] Decision context: myPos=0, curPos=0, greaterPos=3, teammate=2, curAction=[, actionList_size=1
[22:31:47] [YFAdapter-P0] [INFO] [YF-P0] Decided: action_index=0, action=['PASS', 'PASS', 'PASS']
[22:31:47] [yf1_v5] [INFO] 1号位打出['PASS', 'PASS', 'PASS']， 最大动作为3号位打出的['Bomb', '8', ['H8', 'C8', 'C8', 'D8']]
[22:31:47] [yf1_v5] [INFO] 2号位打出['PASS', 'PASS', 'PASS']， 最大动作为3号位打出的['Bomb', '8', ['H8', 'C8', 'C8', 'D8']]
[22:31:47] [yf1_v5] [INFO] 3号位打出['Straight', '4', ['S4', 'H5', 'H6', 'S7', 'D8']]， 最大动作为3号位打出的['Straight', '4', ['S4', 'H5', 'H6', 'S7', 'D8']]
[22:31:47] [yf1_v5] [INFO] 0号位打出['PASS', 'PASS', 'PASS']， 最大动作为3号位打出的['Straight', '4', ['S4', 'H5', 'H6', 'S7', 'D8']]
[22:31:47] [YFAdapter-P0] [INFO] [YF-P0] Decision context: myPos=0, curPos=0, greaterPos=3, teammate=2, curAction=[, actionList_size=84
[22:31:47] [YFAdapter-P0] [INFO] [YF-P0] Decided: action_index=0, action=['PASS', 'PASS', 'PASS']
[22:31:47] [yf1_v5] [INFO] 1号位打出['Straight', '9', ['H9', 'HT', 'CJ', 'SQ', 'HK']]， 最大动作为1号位打出的['Straight', '9', ['H9', 'HT', 'CJ', 'SQ', 'HK']]
[22:31:47] [yf1_v5] [INFO] 2号位打出['Bomb', 'Q', ['HQ', 'CQ', 'DQ', 'HA']]， 最大动作为2号位打出的['Bomb', 'Q', ['HQ', 'CQ', 'DQ', 'HA']]
[22:31:47] [yf1_v5] [INFO] 3号位打出['Bomb', '2', ['S2', 'H2', 'C2', 'C2', 'D2']]， 最大动作为3号位打出的['Bomb', '2', ['S2', 'H2', 'C2', 'C2', 'D2']]
[22:31:47] [yf1_v5] [INFO] 0号位打出['PASS', 'PASS', 'PASS']， 最大动作为3号位打出的['Bomb', '2', ['S2', 'H2', 'C2', 'C2', 'D2']]
[22:31:47] [YFAdapter-P0] [INFO] [YF-P0] Decision context: myPos=0, curPos=0, greaterPos=3, teammate=2, curAction=[, actionList_size=2
[22:31:47] [YFAdapter-P0] [INFO] [YF-P0] Decided: action_index=0, action=['PASS', 'PASS', 'PASS']
[22:31:47] [yf1_v5] [INFO] 1号位打出['StraightFlush', '3', ['D3', 'D4', 'D5', 'D6', 'D7']]， 最大动作为1号位打出的['StraightFlush', '3', ['D3', 'D4', 'D5', 'D6', 'D7']]
[22:31:47] [yf1_v5] [INFO] 2号位打出['PASS', 'PASS', 'PASS']， 最大动作为1号位打出的['StraightFlush', '3', ['D3', 'D4', 'D5', 'D6', 'D7']]
[22:31:48] [yf1_v5] [INFO] 3号位打出['PASS', 'PASS', 'PASS']， 最大动作为1号位打出的['StraightFlush', '3', ['D3', 'D4', 'D5', 'D6', 'D7']]
[22:31:48] [yf1_v5] [INFO] 0号位打出['PASS', 'PASS', 'PASS']， 最大动作为1号位打出的['StraightFlush', '3', ['D3', 'D4', 'D5', 'D6', 'D7']]
[22:31:48] [YFAdapter-P0] [INFO] [YF-P0] Decision context: myPos=0, curPos=-1, greaterPos=-1, teammate=2, curAction=[, actionList_size=25
[22:31:48] [YFAdapter-P0] [INFO] [YF-P0] Decided: action_index=2, action=['Single', '4', [['D', '4']]]
[22:31:48] [yf1_v5] [INFO] 1号位打出['Single', '4', ['D4']]， 最大动作为1号位打出的['Single', '4', ['D4']]
[22:31:48] [yf1_v5] [INFO] 2号位打出['Single', 'Q', ['DQ']]， 最大动作为2号位打出的['Single', 'Q', ['DQ']]
[22:31:48] [yf1_v5] [INFO] 3号位打出['PASS', 'PASS', 'PASS']， 最大动作为2号位打出的['Single', 'Q', ['DQ']]
[22:31:48] [yf1_v5] [INFO] 0号位打出['Single', 'K', ['CK']]， 最大动作为0号位打出的['Single', 'K', ['CK']]
[22:31:48] [YFAdapter-P0] [INFO] [YF-P0] Decision context: myPos=0, curPos=0, greaterPos=0, teammate=2, curAction=[, actionList_size=2
[22:31:48] [YFAdapter-P0] [INFO] [YF-P0] Decided: action_index=1, action=['Single', 'A', [['S', 'A']]]
[22:31:48] [yf1_v5] [INFO] 1号位打出['Single', 'A', ['SA']]， 最大动作为1号位打出的['Single', 'A', ['SA']]
[22:31:48] [yf1_v5] [INFO] 2号位打出['Single', 'R', ['HR']]， 最大动作为2号位打出的['Single', 'R', ['HR']]
[22:31:48] [yf1_v5] [INFO] 3号位打出['PASS', 'PASS', 'PASS']， 最大动作为2号位打出的['Single', 'R', ['HR']]
[22:31:48] [yf1_v5] [INFO] 0号位打出['PASS', 'PASS', 'PASS']， 最大动作为2号位打出的['Single', 'R', ['HR']]
[22:31:48] [YFAdapter-P0] [INFO] [YF-P0] Decision context: myPos=0, curPos=0, greaterPos=2, teammate=2, curAction=[, actionList_size=1
[22:31:48] [YFAdapter-P0] [INFO] [YF-P0] Decided: action_index=0, action=['PASS', 'PASS', 'PASS']
[22:31:48] [yf1_v5] [INFO] 1号位打出['PASS', 'PASS', 'PASS']， 最大动作为2号位打出的['Single', 'R', ['HR']]
[22:31:48] [yf1_v5] [INFO] 2号位打出['Single', '2', ['S2']]， 最大动作为2号位打出的['Single', '2', ['S2']]
[22:31:48] [yf1_v5] [INFO] 3号位打出['Single', '6', ['D6']]， 最大动作为3号位打出的['Single', '6', ['D6']]
[22:31:48] [yf1_v5] [INFO] 0号位打出['Single', 'A', ['HA']]， 最大动作为0号位打出的['Single', 'A', ['HA']]
[22:31:48] [YFAdapter-P0] [INFO] [YF-P0] Decision context: myPos=0, curPos=0, greaterPos=0, teammate=2, curAction=[, actionList_size=1
[22:31:48] [YFAdapter-P0] [INFO] [YF-P0] Decided: action_index=0, action=['PASS', 'PASS', 'PASS']
[22:31:48] [yf1_v5] [INFO] 1号位打出['PASS', 'PASS', 'PASS']， 最大动作为0号位打出的['Single', 'A', ['HA']]
[22:31:48] [yf1_v5] [INFO] 2号位打出['PASS', 'PASS', 'PASS']， 最大动作为0号位打出的['Single', 'A', ['HA']]
[22:31:48] [yf1_v5] [INFO] 3号位打出['PASS', 'PASS', 'PASS']， 最大动作为0号位打出的['Single', 'A', ['HA']]
[22:31:48] [yf1_v5] [INFO] 0号位打出['ThreeWithTwo', '4', ['H4', 'C4', 'C4', 'H2', 'D2']]， 最大动作为0号位打出的['ThreeWithTwo', '4', ['H4', 'C4', 'C4', 'H2', 'D2']]
[22:31:48] [YFAdapter-P0] [INFO] [YF-P0] Decision context: myPos=0, curPos=0, greaterPos=0, teammate=2, curAction=[, actionList_size=1
[22:31:48] [YFAdapter-P0] [INFO] [YF-P0] Decided: action_index=0, action=['PASS', 'PASS', 'PASS']
[22:31:48] [yf1_v5] [INFO] 1号位打出['PASS', 'PASS', 'PASS']， 最大动作为0号位打出的['ThreeWithTwo', '4', ['H4', 'C4', 'C4', 'H2', 'D2']]
[22:31:48] [yf1_v5] [INFO] 2号位打出['ThreeWithTwo', 'K', ['SK', 'SK', 'HK', 'S4', 'H4']]， 最大动作为2号位打出的['ThreeWithTwo', 'K', ['SK', 'SK', 'HK', 'S4', 'H4']]
[22:31:48] [yf1_v5] [INFO] 3号位打出['PASS', 'PASS', 'PASS']， 最大动作为2号位打出的['ThreeWithTwo', 'K', ['SK', 'SK', 'HK', 'S4', 'H4']]
[22:31:48] [yf1_v5] [INFO] 0号位打出['PASS', 'PASS', 'PASS']， 最大动作为2号位打出的['ThreeWithTwo', 'K', ['SK', 'SK', 'HK', 'S4', 'H4']]
[22:31:48] [YFAdapter-P0] [INFO] [YF-P0] Decision context: myPos=0, curPos=0, greaterPos=2, teammate=2, curAction=[, actionList_size=1
[22:31:48] [YFAdapter-P0] [INFO] [YF-P0] Decided: action_index=0, action=['PASS', 'PASS', 'PASS']
[22:31:48] [yf1_v5] [INFO] 1号位打出['PASS', 'PASS', 'PASS']， 最大动作为2号位打出的['ThreeWithTwo', 'K', ['SK', 'SK', 'HK', 'S4', 'H4']]
[22:31:48] [yf1_v5] [INFO] 2号位打出['ThreeWithTwo', '3', ['S3', 'H3', 'C3', 'S5', 'C5']]， 最大动作为2号位打出的['ThreeWithTwo', '3', ['S3', 'H3', 'C3', 'S5', 'C5']]
[22:31:48] [yf1_v5] [INFO] 3号位打出['PASS', 'PASS', 'PASS']， 最大动作为2号位打出的['ThreeWithTwo', '3', ['S3', 'H3', 'C3', 'S5', 'C5']]
[22:31:48] [yf1_v5] [INFO] 0号位打出['ThreeWithTwo', '7', ['S7', 'H7', 'C7', 'C5', 'D5']]， 最大动作为0号位打出的['ThreeWithTwo', '7', ['S7', 'H7', 'C7', 'C5', 'D5']]
[22:31:48] [YFAdapter-P0] [INFO] [YF-P0] Decision context: myPos=0, curPos=0, greaterPos=0, teammate=2, curAction=[, actionList_size=1
[22:31:48] [YFAdapter-P0] [INFO] [YF-P0] Decided: action_index=0, action=['PASS', 'PASS', 'PASS']
[22:31:48] [yf1_v5] [INFO] 1号位打出['PASS', 'PASS', 'PASS']， 最大动作为0号位打出的['ThreeWithTwo', '7', ['S7', 'H7', 'C7', 'C5', 'D5']]
[22:31:48] [yf1_v5] [INFO] 2号位打出['ThreeWithTwo', 'A', ['SA', 'CA', 'DA', 'H7', 'D7']]， 最大动作为2号位打出的['ThreeWithTwo', 'A', ['SA', 'CA', 'DA', 'H7', 'D7']]
[22:31:48] [yf1_v5] [INFO] 3号位打出['PASS', 'PASS', 'PASS']， 最大动作为2号位打出的['ThreeWithTwo', 'A', ['SA', 'CA', 'DA', 'H7', 'D7']]
[22:31:48] [yf1_v5] [INFO] 0号位打出['PASS', 'PASS', 'PASS']， 最大动作为2号位打出的['ThreeWithTwo', 'A', ['SA', 'CA', 'DA', 'H7', 'D7']]
[22:31:48] [YFAdapter-P0] [INFO] [YF-P0] Decision context: myPos=0, curPos=0, greaterPos=2, teammate=2, curAction=[, actionList_size=1
[22:31:48] [YFAdapter-P0] [INFO] [YF-P0] Decided: action_index=0, action=['PASS', 'PASS', 'PASS']
[22:31:48] [yf1_v5] [INFO] 1号位打出['PASS', 'PASS', 'PASS']， 最大动作为2号位打出的['ThreeWithTwo', 'A', ['SA', 'CA', 'DA', 'H7', 'D7']]
[22:31:48] [yf1_v5] [INFO] 2号位打出['Pair', '9', ['S9', 'S9']]， 最大动作为2号位打出的['Pair', '9', ['S9', 'S9']]
[22:31:48] [yf1_v5] [INFO] 3号位打出['PASS', 'PASS', 'PASS']， 最大动作为2号位打出的['Pair', '9', ['S9', 'S9']]
[22:31:48] [yf1_v5] [INFO] 0号位打出['Pair', 'J', ['CJ', 'DJ']]， 最大动作为0号位打出的['Pair', 'J', ['CJ', 'DJ']]
[22:31:48] [YFAdapter-P0] [INFO] [YF-P0] Decision context: myPos=0, curPos=0, greaterPos=0, teammate=2, curAction=[, actionList_size=3
[22:31:48] [YFAdapter-P0] [INFO] [YF-P0] Decided: action_index=0, action=['PASS', 'PASS', 'PASS']
[22:31:48] [yf1_v5] [INFO] 1号位打出['Pair', 'Q', ['HQ', 'CQ']]， 最大动作为1号位打出的['Pair', 'Q', ['HQ', 'CQ']]
[22:31:48] [yf1_v5] [INFO] 2号位打出['PASS', 'PASS', 'PASS']， 最大动作为1号位打出的['Pair', 'Q', ['HQ', 'CQ']]
[22:31:48] [yf1_v5] [INFO] 3号位打出['PASS', 'PASS', 'PASS']， 最大动作为1号位打出的['Pair', 'Q', ['HQ', 'CQ']]
[22:31:48] [yf1_v5] [INFO] 0号位打出['Pair', 'B', ['SB', 'SB']]， 最大动作为0号位打出的['Pair', 'B', ['SB', 'SB']]
[22:31:48] [YFAdapter-P0] [INFO] [YF-P0] Decision context: myPos=0, curPos=0, greaterPos=0, teammate=2, curAction=[, actionList_size=1
[22:31:48] [YFAdapter-P0] [INFO] [YF-P0] Decided: action_index=0, action=['PASS', 'PASS', 'PASS']
[22:31:48] [yf1_v5] [INFO] 1号位打出['PASS', 'PASS', 'PASS']， 最大动作为0号位打出的['Pair', 'B', ['SB', 'SB']]
[22:31:48] [yf1_v5] [INFO] 2号位打出['PASS', 'PASS', 'PASS']， 最大动作为0号位打出的['Pair', 'B', ['SB', 'SB']]
[22:31:48] [yf1_v5] [INFO] 3号位打出['PASS', 'PASS', 'PASS']， 最大动作为0号位打出的['Pair', 'B', ['SB', 'SB']]
[22:31:48] [yf1_v5] [INFO] 0号位打出['Pair', '8', ['S8', 'S8']]， 最大动作为0号位打出的['Pair', '8', ['S8', 'S8']]
[22:31:48] [YFAdapter-P0] [INFO] [YF-P0] Decision context: myPos=0, curPos=0, greaterPos=0, teammate=2, curAction=[, actionList_size=3
[22:31:48] [YFAdapter-P0] [INFO] [YF-P0] Decided: action_index=1, action=['Pair', 'T', [['C', 'T'], ['D', 'T']]]
[22:31:48] [yf1_v5] [INFO] 1号位打出['Pair', 'T', ['CT', 'DT']]， 最大动作为1号位打出的['Pair', 'T', ['CT', 'DT']]
[22:31:48] [yf1_v5] [INFO] 2号位打出['Pair', 'J', ['SJ', 'HJ']]， 最大动作为2号位打出的['Pair', 'J', ['SJ', 'HJ']]
[22:31:48] [yf1_v5] [INFO] 3号位打出['PASS', 'PASS', 'PASS']， 最大动作为2号位打出的['Pair', 'J', ['SJ', 'HJ']]
[22:31:48] [yf1_v5] [INFO] 0号位打出['PASS', 'PASS', 'PASS']， 最大动作为2号位打出的['Pair', 'J', ['SJ', 'HJ']]
[22:31:48] [yf1_v5] [INFO] 0号位打出['Pair', '9', ['H9', 'C9']]， 最大动作为0号位打出的['Pair', '9', ['H9', 'C9']]
[22:31:48] [YFAdapter-P0] [INFO] [YF-P0] Decision context: myPos=0, curPos=0, greaterPos=0, teammate=2, curAction=[, actionList_size=2
[22:31:48] [YFAdapter-P0] [INFO] [YF-P0] Decided: action_index=1, action=['Pair', 'K', [['C', 'K'], ['D', 'K']]]
[22:31:48] [yf1_v5] [INFO] 1号位打出['Pair', 'K', ['CK', 'DK']]， 最大动作为1号位打出的['Pair', 'K', ['CK', 'DK']]
[22:31:48] [yf1_v5] [INFO] 3号位打出['PASS', 'PASS', 'PASS']， 最大动作为1号位打出的['Pair', 'K', ['CK', 'DK']]
[22:31:48] [yf1_v5] [INFO] 0号位打出['PASS', 'PASS', 'PASS']， 最大动作为1号位打出的['Pair', 'K', ['CK', 'DK']]
[22:31:48] [YFAdapter-P0] [INFO] [YF-P0] Decision context: myPos=0, curPos=-1, greaterPos=-1, teammate=2, curAction=[, actionList_size=10
[22:31:48] [YFAdapter-P0] [INFO] [YF-P0] Decided: action_index=5, action=['Single', '7', [['C', '7']]]
[22:31:48] [yf1_v5] [INFO] 1号位打出['Single', '7', ['C7']]， 最大动作为1号位打出的['Single', '7', ['C7']]
[22:31:48] [yf1_v5] [INFO] 3号位打出['Single', 'A', ['CA']]， 最大动作为3号位打出的['Single', 'A', ['CA']]
[22:31:48] [yf1_v5] [INFO] 0号位打出['Single', 'R', ['HR']]， 最大动作为0号位打出的['Single', 'R', ['HR']]
[22:31:48] [YFAdapter-P0] [INFO] [YF-P0] Decision context: myPos=0, curPos=0, greaterPos=0, teammate=2, curAction=[, actionList_size=1
[22:31:48] [YFAdapter-P0] [INFO] [YF-P0] Decided: action_index=0, action=['PASS', 'PASS', 'PASS']
[22:31:48] [yf1_v5] [INFO] 1号位打出['PASS', 'PASS', 'PASS']， 最大动作为0号位打出的['Single', 'R', ['HR']]
[22:31:48] [yf1_v5] [INFO] 3号位打出['PASS', 'PASS', 'PASS']， 最大动作为0号位打出的['Single', 'R', ['HR']]
[22:31:48] [yf1_v5] [INFO] 0号位打出['ThreeWithTwo', 'T', ['ST', 'CT', 'DT', 'H6', 'C6']]， 最大动作为0号位打出的['ThreeWithTwo', 'T', ['ST', 'CT', 'DT', 'H6', 'C6']]
[22:31:48] [YFAdapter-P0] [INFO] [YF-P0] Decision context: myPos=0, curPos=0, greaterPos=0, teammate=2, curAction=[, actionList_size=1
[22:31:48] [YFAdapter-P0] [INFO] [YF-P0] Decided: action_index=0, action=['PASS', 'PASS', 'PASS']
[22:31:48] [yf1_v5] [INFO] 1号位打出['PASS', 'PASS', 'PASS']， 最大动作为0号位打出的['ThreeWithTwo', 'T', ['ST', 'CT', 'DT', 'H6', 'C6']]
[22:31:48] [yf1_v5] [INFO] 3号位打出['ThreeWithTwo', 'J', ['SJ', 'HJ', 'DJ', 'H3', 'D3']]， 最大动作为3号位打出的['ThreeWithTwo', 'J', ['SJ', 'HJ', 'DJ', 'H3', 'D3']]
[22:31:48] [yf1_v5] [INFO] 0号位打出['PASS', 'PASS', 'PASS']， 最大动作为3号位打出的['ThreeWithTwo', 'J', ['SJ', 'HJ', 'DJ', 'H3', 'D3']]
[22:31:48] [YFAdapter-P0] [INFO] [YF-P0] Decision context: myPos=0, curPos=0, greaterPos=3, teammate=2, curAction=[, actionList_size=1
[22:31:48] [YFAdapter-P0] [INFO] [YF-P0] Decided: action_index=0, action=['PASS', 'PASS', 'PASS']
[22:31:48] [yf1_v5] [INFO] 1号位打出['PASS', 'PASS', 'PASS']， 最大动作为3号位打出的['ThreeWithTwo', 'J', ['SJ', 'HJ', 'DJ', 'H3', 'D3']]
[22:31:48] [yf1_v5] [INFO] 3号位打出['Single', '6', ['C6']]， 最大动作为3号位打出的['Single', '6', ['C6']]
[22:31:48] [yf1_v5] [INFO] 0号位打出['Single', 'A', ['DA']]， 最大动作为0号位打出的['Single', 'A', ['DA']]
[22:31:48] [yf1_v5] [INFO] 游戏开始, 我是1号位，手牌：['S4', 'S4', 'H4', 'H5', 'D5', 'S6', 'S7', 'S7', 'H7', 'D7', 'S8', 'H8', 'H8', 'C8', 'S9', 'C9', 'CT', 'DT', 'DJ', 'DJ', 'SQ', 'CQ', 'HK', 'DK', 'DA', 'DA', 'S2']
[22:31:48] [yf1_v5] [INFO] 0号位打出['ThreeWithTwo', '4', ['C4', 'D4', 'D4', 'H3', 'H3']]， 最大动作为0号位打出的['ThreeWithTwo', '4', ['C4', 'D4', 'D4', 'H3', 'H3']]
[22:31:48] [YFAdapter-P0] [INFO] [YF-P0] Decision context: myPos=0, curPos=0, greaterPos=0, teammate=2, curAction=[, actionList_size=81
[22:31:48] [YFAdapter-P0] [INFO] [YF-P0] Decided: action_index=64, action=['ThreeWithTwo', '8', [['S', '8'], ['H', '8'], ['H', '8'], ['H', 'K'], ['D', 'K']]]
[22:31:48] [yf1_v5] [INFO] 1号位打出['ThreeWithTwo', '8', ['S8', 'H8', 'H8', 'HK', 'DK']]， 最大动作为1号位打出的['ThreeWithTwo', '8', ['S8', 'H8', 'H8', 'HK', 'DK']]
[22:31:48] [yf1_v5] [INFO] 2号位打出['PASS', 'PASS', 'PASS']， 最大动作为1号位打出的['ThreeWithTwo', '8', ['S8', 'H8', 'H8', 'HK', 'DK']]
[22:31:48] [yf1_v5] [INFO] 3号位打出['ThreeWithTwo', 'A', ['SA', 'HA', 'H2', 'H6', 'D6']]， 最大动作为3号位打出的['ThreeWithTwo', 'A', ['SA', 'HA', 'H2', 'H6', 'D6']]
[22:31:48] [yf1_v5] [INFO] 0号位打出['PASS', 'PASS', 'PASS']， 最大动作为3号位打出的['ThreeWithTwo', 'A', ['SA', 'HA', 'H2', 'H6', 'D6']]
[22:31:48] [YFAdapter-P0] [INFO] [YF-P0] Decision context: myPos=0, curPos=0, greaterPos=3, teammate=2, curAction=[, actionList_size=2
[22:31:48] [YFAdapter-P0] [INFO] [YF-P0] Decided: action_index=0, action=['PASS', 'PASS', 'PASS']
[22:31:48] [yf1_v5] [INFO] 1号位打出['Bomb', '7', ['S7', 'S7', 'H7', 'D7']]， 最大动作为1号位打出的['Bomb', '7', ['S7', 'S7', 'H7', 'D7']]
[22:31:48] [yf1_v5] [INFO] 2号位打出['Bomb', '2', ['S2', 'H2', 'C2', 'D2']]， 最大动作为2号位打出的['Bomb', '2', ['S2', 'H2', 'C2', 'D2']]
[22:31:48] [yf1_v5] [INFO] 3号位打出['PASS', 'PASS', 'PASS']， 最大动作为2号位打出的['Bomb', '2', ['S2', 'H2', 'C2', 'D2']]
[22:31:48] [yf1_v5] [INFO] 0号位打出['PASS', 'PASS', 'PASS']， 最大动作为2号位打出的['Bomb', '2', ['S2', 'H2', 'C2', 'D2']]
[22:31:48] [YFAdapter-P0] [INFO] [YF-P0] Decision context: myPos=0, curPos=0, greaterPos=2, teammate=2, curAction=[, actionList_size=1
[22:31:48] [YFAdapter-P0] [INFO] [YF-P0] Decided: action_index=0, action=['PASS', 'PASS', 'PASS']
[22:31:48] [yf1_v5] [INFO] 1号位打出['PASS', 'PASS', 'PASS']， 最大动作为2号位打出的['Bomb', '2', ['S2', 'H2', 'C2', 'D2']]
[22:31:48] [yf1_v5] [INFO] 2号位打出['Single', '4', ['H4']]， 最大动作为2号位打出的['Single', '4', ['H4']]
[22:31:48] [yf1_v5] [INFO] 3号位打出['Single', 'T', ['DT']]， 最大动作为3号位打出的['Single', 'T', ['DT']]
[22:31:48] [yf1_v5] [INFO] 0号位打出['Single', '2', ['C2']]， 最大动作为0号位打出的['Single', '2', ['C2']]
[22:31:48] [YFAdapter-P0] [INFO] [YF-P0] Decision context: myPos=0, curPos=0, greaterPos=0, teammate=2, curAction=[, actionList_size=1
[22:31:48] [YFAdapter-P0] [INFO] [YF-P0] Decided: action_index=0, action=['PASS', 'PASS', 'PASS']
[22:31:48] [yf1_v5] [INFO] 1号位打出['PASS', 'PASS', 'PASS']， 最大动作为0号位打出的['Single', '2', ['C2']]
[22:31:48] [yf1_v5] [INFO] 2号位打出['PASS', 'PASS', 'PASS']， 最大动作为0号位打出的['Single', '2', ['C2']]
[22:31:48] [yf1_v5] [INFO] 3号位打出['PASS', 'PASS', 'PASS']， 最大动作为0号位打出的['Single', '2', ['C2']]
[22:31:48] [yf1_v5] [INFO] 0号位打出['Pair', '5', ['S5', 'S5']]， 最大动作为0号位打出的['Pair', '5', ['S5', 'S5']]
[22:31:48] [YFAdapter-P0] [INFO] [YF-P0] Decision context: myPos=0, curPos=0, greaterPos=0, teammate=2, curAction=[, actionList_size=6
[22:31:48] [YFAdapter-P0] [INFO] [YF-P0] Decided: action_index=2, action=['Pair', 'T', [['C', 'T'], ['D', 'T']]]
[22:31:48] [yf1_v5] [INFO] 1号位打出['Pair', 'T', ['CT', 'DT']]， 最大动作为1号位打出的['Pair', 'T', ['CT', 'DT']]
[22:31:48] [yf1_v5] [INFO] 2号位打出['Pair', 'A', ['HA', 'CA']]， 最大动作为2号位打出的['Pair', 'A', ['HA', 'CA']]
[22:31:48] [yf1_v5] [INFO] 3号位打出['PASS', 'PASS', 'PASS']， 最大动作为2号位打出的['Pair', 'A', ['HA', 'CA']]
[22:31:48] [yf1_v5] [INFO] 0号位打出['PASS', 'PASS', 'PASS']， 最大动作为2号位打出的['Pair', 'A', ['HA', 'CA']]
[22:31:48] [YFAdapter-P0] [INFO] [YF-P0] Decision context: myPos=0, curPos=0, greaterPos=2, teammate=2, curAction=[, actionList_size=1
[22:31:48] [YFAdapter-P0] [INFO] [YF-P0] Decided: action_index=0, action=['PASS', 'PASS', 'PASS']
[22:31:48] [yf1_v5] [INFO] 1号位打出['PASS', 'PASS', 'PASS']， 最大动作为2号位打出的['Pair', 'A', ['HA', 'CA']]
[22:31:48] [yf1_v5] [INFO] 2号位打出['Straight', '9', ['H9', 'HT', 'SJ', 'SQ', 'HK']]， 最大动作为2号位打出的['Straight', '9', ['H9', 'HT', 'SJ', 'SQ', 'HK']]
[22:31:48] [yf1_v5] [INFO] 3号位打出['Bomb', '7', ['H7', 'C7', 'C7', 'D7']]， 最大动作为3号位打出的['Bomb', '7', ['H7', 'C7', 'C7', 'D7']]
[22:31:48] [yf1_v5] [INFO] 0号位打出['Bomb', '9', ['S9', 'H9', 'C9', 'D9']]， 最大动作为0号位打出的['Bomb', '9', ['S9', 'H9', 'C9', 'D9']]
[22:31:48] [YFAdapter-P0] [INFO] [YF-P0] Decision context: myPos=0, curPos=0, greaterPos=0, teammate=2, curAction=[, actionList_size=1
[22:31:48] [YFAdapter-P0] [INFO] [YF-P0] Decided: action_index=0, action=['PASS', 'PASS', 'PASS']
[22:31:48] [yf1_v5] [INFO] 1号位打出['PASS', 'PASS', 'PASS']， 最大动作为0号位打出的['Bomb', '9', ['S9', 'H9', 'C9', 'D9']]
[22:31:48] [yf1_v5] [INFO] 2号位打出['PASS', 'PASS', 'PASS']， 最大动作为0号位打出的['Bomb', '9', ['S9', 'H9', 'C9', 'D9']]
[22:31:48] [yf1_v5] [INFO] 3号位打出['PASS', 'PASS', 'PASS']， 最大动作为0号位打出的['Bomb', '9', ['S9', 'H9', 'C9', 'D9']]
[22:31:48] [yf1_v5] [INFO] 0号位打出['ThreeWithTwo', 'J', ['SJ', 'HJ', 'CJ', 'S6', 'D6']]， 最大动作为0号位打出的['ThreeWithTwo', 'J', ['SJ', 'HJ', 'CJ', 'S6', 'D6']]
[22:31:48] [YFAdapter-P0] [INFO] [YF-P0] Decision context: myPos=0, curPos=0, greaterPos=0, teammate=2, curAction=[, actionList_size=1
[22:31:48] [YFAdapter-P0] [INFO] [YF-P0] Decided: action_index=0, action=['PASS', 'PASS', 'PASS']
[22:31:48] [yf1_v5] [INFO] 1号位打出['PASS', 'PASS', 'PASS']， 最大动作为0号位打出的['ThreeWithTwo', 'J', ['SJ', 'HJ', 'CJ', 'S6', 'D6']]
[22:31:48] [yf1_v5] [INFO] 2号位打出['PASS', 'PASS', 'PASS']， 最大动作为0号位打出的['ThreeWithTwo', 'J', ['SJ', 'HJ', 'CJ', 'S6', 'D6']]
[22:31:48] [yf1_v5] [INFO] 3号位打出['PASS', 'PASS', 'PASS']， 最大动作为0号位打出的['ThreeWithTwo', 'J', ['SJ', 'HJ', 'CJ', 'S6', 'D6']]
[22:31:48] [yf1_v5] [INFO] 0号位打出['Single', 'T', ['ST']]， 最大动作为0号位打出的['Single', 'T', ['ST']]
[22:31:48] [YFAdapter-P0] [INFO] [YF-P0] Decision context: myPos=0, curPos=0, greaterPos=0, teammate=2, curAction=[, actionList_size=6
[22:31:48] [YFAdapter-P0] [INFO] [YF-P0] Decided: action_index=5, action=['Single', '2', [['S', '2']]]
[22:31:48] [yf1_v5] [INFO] 1号位打出['Single', '2', ['S2']]， 最大动作为1号位打出的['Single', '2', ['S2']]
[22:31:48] [yf1_v5] [INFO] 2号位打出['Single', 'B', ['SB']]， 最大动作为2号位打出的['Single', 'B', ['SB']]
[22:31:48] [yf1_v5] [INFO] 3号位打出['Single', 'R', ['HR']]， 最大动作为3号位打出的['Single', 'R', ['HR']]
[22:31:48] [yf1_v5] [INFO] 0号位打出['PASS', 'PASS', 'PASS']， 最大动作为3号位打出的['Single', 'R', ['HR']]
[22:31:48] [YFAdapter-P0] [INFO] [YF-P0] Decision context: myPos=0, curPos=0, greaterPos=3, teammate=2, curAction=[, actionList_size=1
[22:31:48] [YFAdapter-P0] [INFO] [YF-P0] Decided: action_index=0, action=['PASS', 'PASS', 'PASS']
[22:31:48] [yf1_v5] [INFO] 1号位打出['PASS', 'PASS', 'PASS']， 最大动作为3号位打出的['Single', 'R', ['HR']]
[22:31:48] [yf1_v5] [INFO] 2号位打出['PASS', 'PASS', 'PASS']， 最大动作为3号位打出的['Single', 'R', ['HR']]
[22:31:48] [yf1_v5] [INFO] 3号位打出['Single', '3', ['S3']]， 最大动作为3号位打出的['Single', '3', ['S3']]
[22:31:48] [yf1_v5] [INFO] 0号位打出['Single', '2', ['D2']]， 最大动作为0号位打出的['Single', '2', ['D2']]
[22:31:48] [YFAdapter-P0] [INFO] [YF-P0] Decision context: myPos=0, curPos=0, greaterPos=0, teammate=2, curAction=[, actionList_size=1
[22:31:48] [YFAdapter-P0] [INFO] [YF-P0] Decided: action_index=0, action=['PASS', 'PASS', 'PASS']
[22:31:48] [yf1_v5] [INFO] 1号位打出['PASS', 'PASS', 'PASS']， 最大动作为0号位打出的['Single', '2', ['D2']]
[22:31:48] [yf1_v5] [INFO] 2号位打出['PASS', 'PASS', 'PASS']， 最大动作为0号位打出的['Single', '2', ['D2']]
[22:31:48] [yf1_v5] [INFO] 3号位打出['PASS', 'PASS', 'PASS']， 最大动作为0号位打出的['Single', '2', ['D2']]
[22:31:48] [yf1_v5] [INFO] 0号位打出['Pair', 'K', ['SK', 'DK']]， 最大动作为0号位打出的['Pair', 'K', ['SK', 'DK']]
[22:31:48] [YFAdapter-P0] [INFO] [YF-P0] Decision context: myPos=0, curPos=0, greaterPos=0, teammate=2, curAction=[, actionList_size=2
[22:31:48] [YFAdapter-P0] [INFO] [YF-P0] Decided: action_index=1, action=['Pair', 'A', [['D', 'A'], ['D', 'A']]]
[22:31:48] [yf1_v5] [INFO] 1号位打出['Pair', 'A', ['DA', 'DA']]， 最大动作为1号位打出的['Pair', 'A', ['DA', 'DA']]
[22:31:48] [yf1_v5] [INFO] 2号位打出['Bomb', '5', ['H5', 'C5', 'C5', 'D5']]， 最大动作为2号位打出的['Bomb', '5', ['H5', 'C5', 'C5', 'D5']]
[22:31:48] [yf1_v5] [INFO] 3号位打出['PASS', 'PASS', 'PASS']， 最大动作为2号位打出的['Bomb', '5', ['H5', 'C5', 'C5', 'D5']]
[22:31:48] [yf1_v5] [INFO] 0号位打出['PASS', 'PASS', 'PASS']， 最大动作为2号位打出的['Bomb', '5', ['H5', 'C5', 'C5', 'D5']]
[22:31:48] [YFAdapter-P0] [INFO] [YF-P0] Decision context: myPos=0, curPos=0, greaterPos=2, teammate=2, curAction=[, actionList_size=1
[22:31:48] [YFAdapter-P0] [INFO] [YF-P0] Decided: action_index=0, action=['PASS', 'PASS', 'PASS']
[22:31:48] [yf1_v5] [INFO] 1号位打出['PASS', 'PASS', 'PASS']， 最大动作为2号位打出的['Bomb', '5', ['H5', 'C5', 'C5', 'D5']]
[22:31:48] [yf1_v5] [INFO] 2号位打出['Pair', '8', ['C8', 'D8']]， 最大动作为2号位打出的['Pair', '8', ['C8', 'D8']]
[22:31:48] [yf1_v5] [INFO] 3号位打出['Pair', 'T', ['ST', 'CT']]， 最大动作为3号位打出的['Pair', 'T', ['ST', 'CT']]
[22:31:48] [yf1_v5] [INFO] 0号位打出['Pair', 'A', ['SA', 'CA']]， 最大动作为0号位打出的['Pair', 'A', ['SA', 'CA']]
[22:31:48] [YFAdapter-P0] [INFO] [YF-P0] Decision context: myPos=0, curPos=0, greaterPos=0, teammate=2, curAction=[, actionList_size=1
[22:31:48] [YFAdapter-P0] [INFO] [YF-P0] Decided: action_index=0, action=['PASS', 'PASS', 'PASS']
[22:31:48] [yf1_v5] [INFO] 1号位打出['PASS', 'PASS', 'PASS']， 最大动作为0号位打出的['Pair', 'A', ['SA', 'CA']]
[22:31:48] [yf1_v5] [INFO] 2号位打出['PASS', 'PASS', 'PASS']， 最大动作为0号位打出的['Pair', 'A', ['SA', 'CA']]
[22:31:48] [yf1_v5] [INFO] 3号位打出['PASS', 'PASS', 'PASS']， 最大动作为0号位打出的['Pair', 'A', ['SA', 'CA']]
[22:31:48] [yf1_v5] [INFO] 0号位打出['Bomb', 'Q', ['HQ', 'HQ', 'DQ', 'DQ']]， 最大动作为0号位打出的['Bomb', 'Q', ['HQ', 'HQ', 'DQ', 'DQ']]
[22:31:48] [YFAdapter-P0] [INFO] [YF-P0] Decision context: myPos=0, curPos=0, greaterPos=0, teammate=2, curAction=[, actionList_size=1
[22:31:48] [YFAdapter-P0] [INFO] [YF-P0] Decided: action_index=0, action=['PASS', 'PASS', 'PASS']
[22:31:48] [yf1_v5] [INFO] 1号位打出['PASS', 'PASS', 'PASS']， 最大动作为0号位打出的['Bomb', 'Q', ['HQ', 'HQ', 'DQ', 'DQ']]
[22:31:48] [yf1_v5] [INFO] 2号位打出['PASS', 'PASS', 'PASS']， 最大动作为0号位打出的['Bomb', 'Q', ['HQ', 'HQ', 'DQ', 'DQ']]
[22:31:48] [yf1_v5] [INFO] 2号位打出['Single', 'J', ['CJ']]， 最大动作为2号位打出的['Single', 'J', ['CJ']]
[22:31:48] [yf1_v5] [INFO] 3号位打出['PASS', 'PASS', 'PASS']， 最大动作为2号位打出的['Single', 'J', ['CJ']]
[22:31:48] [YFAdapter-P0] [INFO] [YF-P0] Decision context: myPos=0, curPos=3, greaterPos=2, teammate=2, curAction=[, actionList_size=3
[22:31:48] [YFAdapter-P0] [INFO] [YF-P0] Decided: action_index=0, action=['PASS', 'PASS', 'PASS']
[22:31:48] [yf1_v5] [INFO] 1号位打出['Single', 'Q', ['SQ']]， 最大动作为1号位打出的['Single', 'Q', ['SQ']]
[22:31:48] [yf1_v5] [INFO] 2号位打出['Single', 'K', ['CK']]， 最大动作为2号位打出的['Single', 'K', ['CK']]
[22:31:48] [yf1_v5] [INFO] 3号位打出['Single', 'B', ['SB']]， 最大动作为3号位打出的['Single', 'B', ['SB']]
[22:31:48] [YFAdapter-P0] [INFO] [YF-P0] Decision context: myPos=0, curPos=3, greaterPos=3, teammate=2, curAction=[, actionList_size=1
[22:31:48] [YFAdapter-P0] [INFO] [YF-P0] Decided: action_index=0, action=['PASS', 'PASS', 'PASS']
[22:31:48] [yf1_v5] [INFO] 1号位打出['PASS', 'PASS', 'PASS']， 最大动作为3号位打出的['Single', 'B', ['SB']]
[22:31:48] [yf1_v5] [INFO] 2号位打出['Single', 'R', ['HR']]， 最大动作为2号位打出的['Single', 'R', ['HR']]
[22:31:48] [yf1_v5] [INFO] 3号位打出['PASS', 'PASS', 'PASS']， 最大动作为2号位打出的['Single', 'R', ['HR']]
[22:31:48] [YFAdapter-P0] [INFO] [YF-P0] Decision context: myPos=0, curPos=3, greaterPos=2, teammate=2, curAction=[, actionList_size=1
[22:31:48] [YFAdapter-P0] [INFO] [YF-P0] Decided: action_index=0, action=['PASS', 'PASS', 'PASS']
[22:31:48] [yf1_v5] [INFO] 1号位打出['PASS', 'PASS', 'PASS']， 最大动作为2号位打出的['Single', 'R', ['HR']]
[22:31:48] [yf1_v5] [INFO] 2号位打出['Bomb', '3', ['S3', 'C3', 'C3', 'D3', 'D3']]， 最大动作为2号位打出的['Bomb', '3', ['S3', 'C3', 'C3', 'D3', 'D3']]
[22:31:48] [yf1_v5] [INFO] 游戏开始, 我是1号位，手牌：['H3', 'S4', 'H4', 'C4', 'D4', 'D4', 'S6', 'H7', 'C7', 'C7', 'S8', 'H8', 'H9', 'C9', 'C9', 'D9', 'DT', 'SJ', 'SJ', 'HJ', 'DQ', 'CA', 'DA', 'S5', 'C5', 'D5', 'SB']
[22:31:48] [YFAdapter-P0] [INFO] [YF-P0] Decision context: myPos=0, curPos=-1, greaterPos=-1, teammate=2, curAction=[, actionList_size=1
[22:31:48] [YFAdapter-P0] [INFO] [YF-P0] Decided: action_index=0, action=['tribute', 'tribute', [['S', 'B']]]
[22:31:48] [YFAdapter-P0] [INFO] [YF-P0] Decision context: myPos=0, curPos=-1, greaterPos=-1, teammate=2, curAction=[, actionList_size=548
[22:31:48] [YFAdapter-P0] [INFO] [YF-P0] Decided: action_index=0, action=['Single', '3', [['H', '3']]]
[22:31:48] [yf1_v5] [INFO] 1号位打出['Single', '3', ['H3']]， 最大动作为1号位打出的['Single', '3', ['H3']]
[22:31:48] [yf1_v5] [INFO] 2号位打出['Single', '4', ['C4']]， 最大动作为2号位打出的['Single', '4', ['C4']]
[22:31:48] [yf1_v5] [INFO] 3号位打出['Bomb', '8', ['S8', 'H8', 'C8', 'D8']]， 最大动作为3号位打出的['Bomb', '8', ['S8', 'H8', 'C8', 'D8']]
[22:31:48] [yf1_v5] [INFO] 0号位打出['PASS', 'PASS', 'PASS']， 最大动作为3号位打出的['Bomb', '8', ['S8', 'H8', 'C8', 'D8']]
[22:31:48] [YFAdapter-P0] [INFO] [YF-P0] Decision context: myPos=0, curPos=0, greaterPos=3, teammate=2, curAction=[, actionList_size=3
[22:31:48] [YFAdapter-P0] [INFO] [YF-P0] Decided: action_index=0, action=['PASS', 'PASS', 'PASS']
[22:31:48] [yf1_v5] [INFO] 1号位打出['Bomb', '9', ['H9', 'C9', 'C9', 'D9']]， 最大动作为1号位打出的['Bomb', '9', ['H9', 'C9', 'C9', 'D9']]
[22:31:48] [yf1_v5] [INFO] 2号位打出['PASS', 'PASS', 'PASS']， 最大动作为1号位打出的['Bomb', '9', ['H9', 'C9', 'C9', 'D9']]
[22:31:48] [yf1_v5] [INFO] 3号位打出['Bomb', 'J', ['HJ', 'CJ', 'CJ', 'DJ']]， 最大动作为3号位打出的['Bomb', 'J', ['HJ', 'CJ', 'CJ', 'DJ']]
[22:31:48] [yf1_v5] [INFO] 0号位打出['PASS', 'PASS', 'PASS']， 最大动作为3号位打出的['Bomb', 'J', ['HJ', 'CJ', 'CJ', 'DJ']]
[22:31:48] [YFAdapter-P0] [INFO] [YF-P0] Decision context: myPos=0, curPos=0, greaterPos=3, teammate=2, curAction=[, actionList_size=2
[22:31:48] [YFAdapter-P0] [INFO] [YF-P0] Decided: action_index=0, action=['PASS', 'PASS', 'PASS']
[22:31:48] [yf1_v5] [INFO] 1号位打出['Bomb', '4', ['S4', 'H4', 'C4', 'D4', 'D4']]， 最大动作为1号位打出的['Bomb', '4', ['S4', 'H4', 'C4', 'D4', 'D4']]
[22:31:48] [yf1_v5] [INFO] 2号位打出['PASS', 'PASS', 'PASS']， 最大动作为1号位打出的['Bomb', '4', ['S4', 'H4', 'C4', 'D4', 'D4']]
[22:31:48] [yf1_v5] [INFO] 3号位打出['PASS', 'PASS', 'PASS']， 最大动作为1号位打出的['Bomb', '4', ['S4', 'H4', 'C4', 'D4', 'D4']]
[22:31:48] [yf1_v5] [INFO] 0号位打出['PASS', 'PASS', 'PASS']， 最大动作为1号位打出的['Bomb', '4', ['S4', 'H4', 'C4', 'D4', 'D4']]
[22:31:48] [YFAdapter-P0] [INFO] [YF-P0] Decision context: myPos=0, curPos=-1, greaterPos=-1, teammate=2, curAction=[, actionList_size=64
[22:31:48] [YFAdapter-P0] [INFO] [YF-P0] Decided: action_index=0, action=['Single', '6', [['S', '6']]]
[22:31:48] [yf1_v5] [INFO] 1号位打出['Single', '6', ['S6']]， 最大动作为1号位打出的['Single', '6', ['S6']]
[22:31:48] [yf1_v5] [INFO] 2号位打出['Single', '8', ['C8']]， 最大动作为2号位打出的['Single', '8', ['C8']]
[22:31:48] [yf1_v5] [INFO] 3号位打出['Single', 'K', ['HK']]， 最大动作为3号位打出的['Single', 'K', ['HK']]
[22:31:48] [yf1_v5] [INFO] 0号位打出['Single', '5', ['S5']]， 最大动作为0号位打出的['Single', '5', ['S5']]
[22:31:48] [YFAdapter-P0] [INFO] [YF-P0] Decision context: myPos=0, curPos=0, greaterPos=0, teammate=2, curAction=[, actionList_size=1
[22:31:48] [YFAdapter-P0] [INFO] [YF-P0] Decided: action_index=0, action=['PASS', 'PASS', 'PASS']
[22:31:48] [yf1_v5] [INFO] 1号位打出['PASS', 'PASS', 'PASS']， 最大动作为0号位打出的['Single', '5', ['S5']]
[22:31:48] [yf1_v5] [INFO] 2号位打出['PASS', 'PASS', 'PASS']， 最大动作为0号位打出的['Single', '5', ['S5']]
[22:31:48] [yf1_v5] [INFO] 3号位打出['PASS', 'PASS', 'PASS']， 最大动作为0号位打出的['Single', '5', ['S5']]
[22:31:48] [yf1_v5] [INFO] 0号位打出['Single', '4', ['H4']]， 最大动作为0号位打出的['Single', '4', ['H4']]
[22:31:48] [YFAdapter-P0] [INFO] [YF-P0] Decision context: myPos=0, curPos=0, greaterPos=0, teammate=2, curAction=[, actionList_size=15
[22:31:48] [YFAdapter-P0] [INFO] [YF-P0] Decided: action_index=9, action=['Single', 'Q', [['D', 'Q']]]
[22:31:48] [yf1_v5] [INFO] 1号位打出['Single', 'Q', ['DQ']]， 最大动作为1号位打出的['Single', 'Q', ['DQ']]
[22:31:48] [yf1_v5] [INFO] 2号位打出['Single', '5', ['H5']]， 最大动作为2号位打出的['Single', '5', ['H5']]
[22:31:48] [yf1_v5] [INFO] 3号位打出['PASS', 'PASS', 'PASS']， 最大动作为2号位打出的['Single', '5', ['H5']]
[22:31:48] [yf1_v5] [INFO] 0号位打出['PASS', 'PASS', 'PASS']， 最大动作为2号位打出的['Single', '5', ['H5']]
[22:31:48] [YFAdapter-P0] [INFO] [YF-P0] Decision context: myPos=0, curPos=0, greaterPos=2, teammate=2, curAction=[, actionList_size=1
[22:31:49] [YFAdapter-P0] [INFO] [YF-P0] Decided: action_index=0, action=['PASS', 'PASS', 'PASS']
[22:31:49] [yf1_v5] [INFO] 1号位打出['PASS', 'PASS', 'PASS']， 最大动作为2号位打出的['Single', '5', ['H5']]
[22:31:49] [yf1_v5] [INFO] 2号位打出['ThreeWithTwo', '7', ['S7', 'H7', 'D7', 'C3', 'D3']]， 最大动作为2号位打出的['ThreeWithTwo', '7', ['S7', 'H7', 'D7', 'C3', 'D3']]
[22:31:49] [yf1_v5] [INFO] 3号位打出['ThreeWithTwo', 'T', ['ST', 'CT', 'CT', 'S3', 'D3']]， 最大动作为3号位打出的['ThreeWithTwo', 'T', ['ST', 'CT', 'CT', 'S3', 'D3']]
[22:31:49] [yf1_v5] [INFO] 0号位打出['PASS', 'PASS', 'PASS']， 最大动作为3号位打出的['ThreeWithTwo', 'T', ['ST', 'CT', 'CT', 'S3', 'D3']]
[22:31:49] [YFAdapter-P0] [INFO] [YF-P0] Decision context: myPos=0, curPos=0, greaterPos=3, teammate=2, curAction=[, actionList_size=18
[22:31:49] [YFAdapter-P0] [INFO] [YF-P0] Decided: action_index=0, action=['PASS', 'PASS', 'PASS']
[22:31:49] [yf1_v5] [INFO] 1号位打出['ThreeWithTwo', 'J', ['SJ', 'SJ', 'HJ', 'H7', 'C7']]， 最大动作为1号位打出的['ThreeWithTwo', 'J', ['SJ', 'SJ', 'HJ', 'H7', 'C7']]
[22:31:49] [yf1_v5] [INFO] 2号位打出['ThreeWithTwo', 'K', ['HK', 'CK', 'DK', 'H6', 'C6']]， 最大动作为2号位打出的['ThreeWithTwo', 'K', ['HK', 'CK', 'DK', 'H6', 'C6']]
[22:31:49] [yf1_v5] [INFO] 3号位打出['PASS', 'PASS', 'PASS']， 最大动作为2号位打出的['ThreeWithTwo', 'K', ['HK', 'CK', 'DK', 'H6', 'C6']]
[22:31:49] [yf1_v5] [INFO] 0号位打出['PASS', 'PASS', 'PASS']， 最大动作为2号位打出的['ThreeWithTwo', 'K', ['HK', 'CK', 'DK', 'H6', 'C6']]
[22:31:49] [YFAdapter-P0] [INFO] [YF-P0] Decision context: myPos=0, curPos=0, greaterPos=2, teammate=2, curAction=[, actionList_size=5
[22:31:49] [YFAdapter-P0] [INFO] [YF-P0] Decided: action_index=0, action=['PASS', 'PASS', 'PASS']
[22:31:49] [yf1_v5] [INFO] 1号位打出['ThreeWithTwo', '5', ['S5', 'C5', 'D5', 'S8', 'D8']]， 最大动作为1号位打出的['ThreeWithTwo', '5', ['S5', 'C5', 'D5', 'S8', 'D8']]
[22:31:49] [yf1_v5] [INFO] 2号位打出['Bomb', 'A', ['SA', 'HA', 'CA', 'DA']]， 最大动作为2号位打出的['Bomb', 'A', ['SA', 'HA', 'CA', 'DA']]
[22:31:49] [yf1_v5] [INFO] 3号位打出['PASS', 'PASS', 'PASS']， 最大动作为2号位打出的['Bomb', 'A', ['SA', 'HA', 'CA', 'DA']]
[22:31:49] [yf1_v5] [INFO] 0号位打出['PASS', 'PASS', 'PASS']， 最大动作为2号位打出的['Bomb', 'A', ['SA', 'HA', 'CA', 'DA']]
[22:31:49] [YFAdapter-P0] [INFO] [YF-P0] Decision context: myPos=0, curPos=0, greaterPos=2, teammate=2, curAction=[, actionList_size=1
[22:31:49] [YFAdapter-P0] [INFO] [YF-P0] Decided: action_index=0, action=['PASS', 'PASS', 'PASS']
[22:31:49] [yf1_v5] [INFO] 1号位打出['PASS', 'PASS', 'PASS']， 最大动作为2号位打出的['Bomb', 'A', ['SA', 'HA', 'CA', 'DA']]
[22:31:49] [yf1_v5] [INFO] 2号位打出['ThreeWithTwo', 'T', ['ST', 'HT', 'DT', 'S9', 'D9']]， 最大动作为2号位打出的['ThreeWithTwo', 'T', ['ST', 'HT', 'DT', 'S9', 'D9']]
[22:31:49] [yf1_v5] [INFO] 3号位打出['ThreeWithTwo', 'K', ['SK', 'SK', 'CK', 'C6', 'D6']]， 最大动作为3号位打出的['ThreeWithTwo', 'K', ['SK', 'SK', 'CK', 'C6', 'D6']]
[22:31:49] [yf1_v5] [INFO] 0号位打出['Bomb', '2', ['S2', 'H2', 'C2', 'D2', 'H5']]， 最大动作为0号位打出的['Bomb', '2', ['S2', 'H2', 'C2', 'D2', 'H5']]
[22:31:49] [YFAdapter-P0] [INFO] [YF-P0] Decision context: myPos=0, curPos=0, greaterPos=0, teammate=2, curAction=[, actionList_size=1
[22:31:49] [YFAdapter-P0] [INFO] [YF-P0] Decided: action_index=0, action=['PASS', 'PASS', 'PASS']
[22:31:49] [yf1_v5] [INFO] 1号位打出['PASS', 'PASS', 'PASS']， 最大动作为0号位打出的['Bomb', '2', ['S2', 'H2', 'C2', 'D2', 'H5']]
[22:31:49] [yf1_v5] [INFO] 2号位打出['PASS', 'PASS', 'PASS']， 最大动作为0号位打出的['Bomb', '2', ['S2', 'H2', 'C2', 'D2', 'H5']]
[22:31:49] [yf1_v5] [INFO] 3号位打出['PASS', 'PASS', 'PASS']， 最大动作为0号位打出的['Bomb', '2', ['S2', 'H2', 'C2', 'D2', 'H5']]
[22:31:49] [yf1_v5] [INFO] 0号位打出['Single', '2', ['D2']]， 最大动作为0号位打出的['Single', '2', ['D2']]
[22:31:49] [YFAdapter-P0] [INFO] [YF-P0] Decision context: myPos=0, curPos=0, greaterPos=0, teammate=2, curAction=[, actionList_size=6
[22:31:49] [YFAdapter-P0] [INFO] [YF-P0] Decided: action_index=5, action=['Single', 'A', [['D', 'A']]]
[22:31:49] [yf1_v5] [INFO] 1号位打出['Single', 'A', ['DA']]， 最大动作为1号位打出的['Single', 'A', ['DA']]
[22:31:49] [yf1_v5] [INFO] 2号位打出['Single', '5', ['C5']]， 最大动作为2号位打出的['Single', '5', ['C5']]
[22:31:49] [yf1_v5] [INFO] 3号位打出['PASS', 'PASS', 'PASS']， 最大动作为2号位打出的['Single', '5', ['C5']]
[22:31:49] [yf1_v5] [INFO] 0号位打出['PASS', 'PASS', 'PASS']， 最大动作为2号位打出的['Single', '5', ['C5']]
[22:31:49] [YFAdapter-P0] [INFO] [YF-P0] Decision context: myPos=0, curPos=0, greaterPos=2, teammate=2, curAction=[, actionList_size=1
[22:31:49] [YFAdapter-P0] [INFO] [YF-P0] Decided: action_index=0, action=['PASS', 'PASS', 'PASS']
[22:31:49] [yf1_v5] [INFO] 1号位打出['PASS', 'PASS', 'PASS']， 最大动作为2号位打出的['Single', '5', ['C5']]
[22:31:49] [yf1_v5] [INFO] 2号位打出['Pair', 'Q', ['HQ', 'CQ']]， 最大动作为2号位打出的['Pair', 'Q', ['HQ', 'CQ']]
[22:31:49] [yf1_v5] [INFO] 3号位打出['PASS', 'PASS', 'PASS']， 最大动作为2号位打出的['Pair', 'Q', ['HQ', 'CQ']]
[22:31:49] [yf1_v5] [INFO] 0号位打出['PASS', 'PASS', 'PASS']， 最大动作为2号位打出的['Pair', 'Q', ['HQ', 'CQ']]
[22:31:49] [YFAdapter-P0] [INFO] [YF-P0] Decision context: myPos=0, curPos=0, greaterPos=2, teammate=2, curAction=[, actionList_size=1
[22:31:49] [YFAdapter-P0] [INFO] [YF-P0] Decided: action_index=0, action=['PASS', 'PASS', 'PASS']
[22:31:49] [yf1_v5] [INFO] 1号位打出['PASS', 'PASS', 'PASS']， 最大动作为2号位打出的['Pair', 'Q', ['HQ', 'CQ']]
[22:31:49] [yf1_v5] [INFO] 2号位打出['Single', 'B', ['SB']]， 最大动作为2号位打出的['Single', 'B', ['SB']]
[22:31:49] [yf1_v5] [INFO] 3号位打出['PASS', 'PASS', 'PASS']， 最大动作为2号位打出的['Single', 'B', ['SB']]
[22:31:49] [yf1_v5] [INFO] 0号位打出['PASS', 'PASS', 'PASS']， 最大动作为2号位打出的['Single', 'B', ['SB']]
[22:31:49] [YFAdapter-P0] [INFO] [YF-P0] Decision context: myPos=0, curPos=0, greaterPos=2, teammate=2, curAction=[, actionList_size=1
[22:31:49] [YFAdapter-P0] [INFO] [YF-P0] Decided: action_index=0, action=['PASS', 'PASS', 'PASS']
[22:31:49] [yf1_v5] [INFO] 1号位打出['PASS', 'PASS', 'PASS']， 最大动作为2号位打出的['Single', 'B', ['SB']]
[22:31:49] [yf1_v5] [INFO] 2号位打出['Single', 'R', ['HR']]， 最大动作为2号位打出的['Single', 'R', ['HR']]
[22:31:49] [yf1_v5] [INFO] 3号位打出['PASS', 'PASS', 'PASS']， 最大动作为2号位打出的['Single', 'R', ['HR']]
[22:31:49] [yf1_v5] [INFO] 0号位打出['PASS', 'PASS', 'PASS']， 最大动作为2号位打出的['Single', 'R', ['HR']]
[22:31:49] [yf1_v5] [INFO] 0号位打出['Straight', '9', ['S9', 'HT', 'DJ', 'HQ', 'DK']]， 最大动作为0号位打出的['Straight', '9', ['S9', 'HT', 'DJ', 'HQ', 'DK']]
[22:31:49] [YFAdapter-P0] [INFO] [YF-P0] Decision context: myPos=0, curPos=0, greaterPos=0, teammate=2, curAction=[, actionList_size=1
[22:31:49] [YFAdapter-P0] [INFO] [YF-P0] Decided: action_index=0, action=['PASS', 'PASS', 'PASS']
[22:31:49] [yf1_v5] [INFO] 1号位打出['PASS', 'PASS', 'PASS']， 最大动作为0号位打出的['Straight', '9', ['S9', 'HT', 'DJ', 'HQ', 'DK']]
[22:31:49] [yf1_v5] [INFO] 3号位打出['PASS', 'PASS', 'PASS']， 最大动作为0号位打出的['Straight', '9', ['S9', 'HT', 'DJ', 'HQ', 'DK']]
[22:31:49] [yf1_v5] [INFO] 0号位打出['ThreeWithTwo', '3', ['S3', 'H3', 'C3', 'S6', 'H6']]， 最大动作为0号位打出的['ThreeWithTwo', '3', ['S3', 'H3', 'C3', 'S6', 'H6']]
[22:31:49] [YFAdapter-P0] [INFO] [YF-P0] Decision context: myPos=0, curPos=0, greaterPos=0, teammate=2, curAction=[, actionList_size=1
[22:31:49] [YFAdapter-P0] [INFO] [YF-P0] Decided: action_index=0, action=['PASS', 'PASS', 'PASS']
[22:31:49] [yf1_v5] [INFO] 1号位打出['PASS', 'PASS', 'PASS']， 最大动作为0号位打出的['ThreeWithTwo', '3', ['S3', 'H3', 'C3', 'S6', 'H6']]
[22:31:49] [yf1_v5] [INFO] 3号位打出['PASS', 'PASS', 'PASS']， 最大动作为0号位打出的['ThreeWithTwo', '3', ['S3', 'H3', 'C3', 'S6', 'H6']]
[22:31:49] [yf1_v5] [INFO] 0号位打出['Pair', '7', ['S7', 'D7']]， 最大动作为0号位打出的['Pair', '7', ['S7', 'D7']]
[22:31:49] [YFAdapter-P0] [INFO] [YF-P0] Decision context: myPos=0, curPos=0, greaterPos=0, teammate=2, curAction=[, actionList_size=1
[22:31:49] [YFAdapter-P0] [INFO] [YF-P0] Decided: action_index=0, action=['PASS', 'PASS', 'PASS']
[22:31:49] [yf1_v5] [INFO] 1号位打出['PASS', 'PASS', 'PASS']， 最大动作为0号位打出的['Pair', '7', ['S7', 'D7']]
[22:31:49] [yf1_v5] [INFO] 3号位打出['Pair', 'Q', ['SQ', 'SQ']]， 最大动作为3号位打出的['Pair', 'Q', ['SQ', 'SQ']]
[22:31:49] [yf1_v5] [INFO] 0号位打出['Pair', 'A', ['SA', 'HA']]， 最大动作为0号位打出的['Pair', 'A', ['SA', 'HA']]
[22:31:49] [YFAdapter-P0] [INFO] [YF-P0] Decision context: myPos=0, curPos=0, greaterPos=0, teammate=2, curAction=[, actionList_size=1
[22:31:49] [YFAdapter-P0] [INFO] [YF-P0] Decided: action_index=0, action=['PASS', 'PASS', 'PASS']
[22:31:49] [yf1_v5] [INFO] 1号位打出['PASS', 'PASS', 'PASS']， 最大动作为0号位打出的['Pair', 'A', ['SA', 'HA']]
[22:31:49] [yf1_v5] [INFO] 3号位打出['PASS', 'PASS', 'PASS']， 最大动作为0号位打出的['Pair', 'A', ['SA', 'HA']]
[22:31:49] [yf1_v5] [INFO] 0号位打出['Pair', 'Q', ['CQ', 'DQ']]， 最大动作为0号位打出的['Pair', 'Q', ['CQ', 'DQ']]
[22:31:49] [YFAdapter-P0] [INFO] [YF-P0] Decision context: myPos=0, curPos=0, greaterPos=0, teammate=2, curAction=[, actionList_size=1
[22:31:49] [YFAdapter-P0] [INFO] [YF-P0] Decided: action_index=0, action=['PASS', 'PASS', 'PASS']
[22:31:49] [yf1_v5] [INFO] 1号位打出['PASS', 'PASS', 'PASS']， 最大动作为0号位打出的['Pair', 'Q', ['CQ', 'DQ']]
[22:31:49] [yf1_v5] [INFO] 3号位打出['PASS', 'PASS', 'PASS']， 最大动作为0号位打出的['Pair', 'Q', ['CQ', 'DQ']]
[22:31:49] [yf1_v5] [INFO] 0号位打出['Single', '5', ['D5']]， 最大动作为0号位打出的['Single', '5', ['D5']]
[22:31:49] [YFAdapter-P0] [INFO] [YF-P0] Decision context: myPos=0, curPos=0, greaterPos=0, teammate=2, curAction=[, actionList_size=1
[22:31:49] [YFAdapter-P0] [INFO] [YF-P0] Decided: action_index=0, action=['PASS', 'PASS', 'PASS']
[22:31:49] [yf1_v5] [INFO] 1号位打出['PASS', 'PASS', 'PASS']， 最大动作为0号位打出的['Single', '5', ['D5']]
[22:31:49] [yf1_v5] [INFO] 3号位打出['PASS', 'PASS', 'PASS']， 最大动作为0号位打出的['Single', '5', ['D5']]
[22:31:49] [yf1_v5] [INFO] 0号位打出['Single', 'B', ['SB']]， 最大动作为0号位打出的['Single', 'B', ['SB']]
[22:31:49] [YFAdapter-P0] [INFO] [YF-P0] Decision context: myPos=0, curPos=0, greaterPos=0, teammate=2, curAction=[, actionList_size=1
[22:31:49] [YFAdapter-P0] [INFO] [YF-P0] Decided: action_index=0, action=['PASS', 'PASS', 'PASS']
[22:31:49] [yf1_v5] [INFO] 1号位打出['PASS', 'PASS', 'PASS']， 最大动作为0号位打出的['Single', 'B', ['SB']]
[22:31:49] [yf1_v5] [INFO] 3号位打出['PASS', 'PASS', 'PASS']， 最大动作为0号位打出的['Single', 'B', ['SB']]
[22:31:49] [yf1_v5] [INFO] 0号位打出['Single', 'R', ['HR']]， 最大动作为0号位打出的['Single', 'R', ['HR']]
[22:31:49] [yf1_v5] [INFO] 游戏开始, 我是1号位，手牌：['S2', 'S2', 'H2', 'S3', 'H3', 'S4', 'H4', 'H5', 'C5', 'D5', 'D6', 'ST', 'HT', 'DT', 'SJ', 'HJ', 'CJ', 'DJ', 'SK', 'SA', 'S8', 'H8', 'C8', 'D8', 'SB', 'SB', 'HR']
[22:31:49] [YFAdapter-P0] [INFO] [YF-P0] Decision context: myPos=0, curPos=-1, greaterPos=-1, teammate=2, curAction=[, actionList_size=1
[22:31:49] [YFAdapter-P0] [INFO] [YF-P0] Decided: action_index=0, action=['tribute', 'tribute', [['H', 'R']]]
[22:31:49] [YFAdapter-P0] [INFO] [YF-P0] Decision context: myPos=0, curPos=-1, greaterPos=-1, teammate=2, curAction=[, actionList_size=1141
[22:31:49] [YFAdapter-P0] [INFO] [YF-P0] Decided: action_index=9, action=['Single', '6', [['D', '6']]]
[22:31:49] [yf1_v5] [INFO] 1号位打出['Single', '6', ['D6']]， 最大动作为1号位打出的['Single', '6', ['D6']]
[22:31:49] [yf1_v5] [INFO] 2号位打出['Single', 'Q', ['SQ']]， 最大动作为2号位打出的['Single', 'Q', ['SQ']]
[22:31:49] [yf1_v5] [INFO] 3号位打出['Bomb', 'K', ['HK', 'CK', 'DK', 'H8']]， 最大动作为3号位打出的['Bomb', 'K', ['HK', 'CK', 'DK', 'H8']]
[22:31:49] [yf1_v5] [INFO] 0号位打出['PASS', 'PASS', 'PASS']， 最大动作为3号位打出的['Bomb', 'K', ['HK', 'CK', 'DK', 'H8']]
[22:31:49] [YFAdapter-P0] [INFO] [YF-P0] Decision context: myPos=0, curPos=0, greaterPos=3, teammate=2, curAction=[, actionList_size=3
[22:31:49] [YFAdapter-P0] [INFO] [YF-P0] Decided: action_index=0, action=['PASS', 'PASS', 'PASS']
[22:31:49] [yf1_v5] [INFO] 1号位打出['Bomb', 'J', ['SJ', 'HJ', 'CJ', 'DJ', 'H8']]， 最大动作为1号位打出的['Bomb', 'J', ['SJ', 'HJ', 'CJ', 'DJ', 'H8']]
[22:31:49] [yf1_v5] [INFO] 2号位打出['PASS', 'PASS', 'PASS']， 最大动作为1号位打出的['Bomb', 'J', ['SJ', 'HJ', 'CJ', 'DJ', 'H8']]
[22:31:49] [yf1_v5] [INFO] 3号位打出['PASS', 'PASS', 'PASS']， 最大动作为1号位打出的['Bomb', 'J', ['SJ', 'HJ', 'CJ', 'DJ', 'H8']]
[22:31:49] [yf1_v5] [INFO] 0号位打出['PASS', 'PASS', 'PASS']， 最大动作为1号位打出的['Bomb', 'J', ['SJ', 'HJ', 'CJ', 'DJ', 'H8']]
[22:31:49] [YFAdapter-P0] [INFO] [YF-P0] Decision context: myPos=0, curPos=-1, greaterPos=-1, teammate=2, curAction=[, actionList_size=111
[22:31:49] [YFAdapter-P0] [INFO] [YF-P0] Decided: action_index=9, action=['Single', '7', [['S', '7']]]
[22:31:49] [yf1_v5] [INFO] 1号位打出['Single', '7', ['S7']]， 最大动作为1号位打出的['Single', '7', ['S7']]
[22:31:49] [yf1_v5] [INFO] 2号位打出['Single', '8', ['S8']]， 最大动作为2号位打出的['Single', '8', ['S8']]
[22:31:49] [yf1_v5] [INFO] 3号位打出['Bomb', 'A', ['SA', 'CA', 'DA', 'DA']]， 最大动作为3号位打出的['Bomb', 'A', ['SA', 'CA', 'DA', 'DA']]
[22:31:49] [yf1_v5] [INFO] 0号位打出['PASS', 'PASS', 'PASS']， 最大动作为3号位打出的['Bomb', 'A', ['SA', 'CA', 'DA', 'DA']]
[22:31:49] [YFAdapter-P0] [INFO] [YF-P0] Decision context: myPos=0, curPos=0, greaterPos=3, teammate=2, curAction=[, actionList_size=1
[22:31:49] [YFAdapter-P0] [INFO] [YF-P0] Decided: action_index=0, action=['PASS', 'PASS', 'PASS']
[22:31:49] [yf1_v5] [INFO] 1号位打出['PASS', 'PASS', 'PASS']， 最大动作为3号位打出的['Bomb', 'A', ['SA', 'CA', 'DA', 'DA']]
[22:31:49] [yf1_v5] [INFO] 2号位打出['PASS', 'PASS', 'PASS']， 最大动作为3号位打出的['Bomb', 'A', ['SA', 'CA', 'DA', 'DA']]
[22:31:49] [yf1_v5] [INFO] 3号位打出['Single', '2', ['H2']]， 最大动作为3号位打出的['Single', '2', ['H2']]
[22:31:49] [yf1_v5] [INFO] 0号位打出['Single', 'A', ['HA']]， 最大动作为0号位打出的['Single', 'A', ['HA']]
[22:31:49] [YFAdapter-P0] [INFO] [YF-P0] Decision context: myPos=0, curPos=0, greaterPos=0, teammate=2, curAction=[, actionList_size=5
[22:31:49] [YFAdapter-P0] [INFO] [YF-P0] Decided: action_index=3, action=['Single', '8', [['D', '8']]]
[22:31:49] [yf1_v5] [INFO] 1号位打出['Single', '8', ['D8']]， 最大动作为1号位打出的['Single', '8', ['D8']]
[22:31:49] [yf1_v5] [INFO] 2号位打出['Single', 'R', ['HR']]， 最大动作为2号位打出的['Single', 'R', ['HR']]
[22:31:49] [yf1_v5] [INFO] 3号位打出['PASS', 'PASS', 'PASS']， 最大动作为2号位打出的['Single', 'R', ['HR']]
[22:31:49] [yf1_v5] [INFO] 0号位打出['PASS', 'PASS', 'PASS']， 最大动作为2号位打出的['Single', 'R', ['HR']]
[22:31:49] [YFAdapter-P0] [INFO] [YF-P0] Decision context: myPos=0, curPos=0, greaterPos=2, teammate=2, curAction=[, actionList_size=1
[22:31:49] [YFAdapter-P0] [INFO] [YF-P0] Decided: action_index=0, action=['PASS', 'PASS', 'PASS']
[22:31:49] [yf1_v5] [INFO] 1号位打出['PASS', 'PASS', 'PASS']， 最大动作为2号位打出的['Single', 'R', ['HR']]
[22:31:49] [yf1_v5] [INFO] 2号位打出['ThreePair', '2', ['C2', 'D2', 'S3', 'C3', 'S4', 'H4']]， 最大动作为2号位打出的['ThreePair', '2', ['C2', 'D2', 'S3', 'C3', 'S4', 'H4']]
[22:31:49] [yf1_v5] [INFO] 3号位打出['ThreePair', '3', ['D3', 'D3', 'D4', 'D4', 'S5', 'H5']]， 最大动作为3号位打出的['ThreePair', '3', ['D3', 'D3', 'D4', 'D4', 'S5', 'H5']]
[22:31:49] [yf1_v5] [INFO] 0号位打出['PASS', 'PASS', 'PASS']， 最大动作为3号位打出的['ThreePair', '3', ['D3', 'D3', 'D4', 'D4', 'S5', 'H5']]
[22:31:49] [YFAdapter-P0] [INFO] [YF-P0] Decision context: myPos=0, curPos=0, greaterPos=3, teammate=2, curAction=[, actionList_size=1
[22:31:49] [YFAdapter-P0] [INFO] [YF-P0] Decided: action_index=0, action=['PASS', 'PASS', 'PASS']
[22:31:49] [yf1_v5] [INFO] 1号位打出['PASS', 'PASS', 'PASS']， 最大动作为3号位打出的['ThreePair', '3', ['D3', 'D3', 'D4', 'D4', 'S5', 'H5']]
[22:31:49] [yf1_v5] [INFO] 2号位打出['PASS', 'PASS', 'PASS']， 最大动作为3号位打出的['ThreePair', '3', ['D3', 'D3', 'D4', 'D4', 'S5', 'H5']]
[22:31:49] [yf1_v5] [INFO] 3号位打出['Single', '7', ['D7']]， 最大动作为3号位打出的['Single', '7', ['D7']]
[22:31:49] [yf1_v5] [INFO] 0号位打出['Single', '8', ['C8']]， 最大动作为0号位打出的['Single', '8', ['C8']]
[22:31:49] [YFAdapter-P0] [INFO] [YF-P0] Decision context: myPos=0, curPos=0, greaterPos=0, teammate=2, curAction=[, actionList_size=2
[22:31:49] [YFAdapter-P0] [INFO] [YF-P0] Decided: action_index=0, action=['PASS', 'PASS', 'PASS']
[22:31:49] [yf1_v5] [INFO] 1号位打出['Single', 'B', ['SB']]， 最大动作为1号位打出的['Single', 'B', ['SB']]
[22:31:49] [yf1_v5] [INFO] 2号位打出['PASS', 'PASS', 'PASS']， 最大动作为1号位打出的['Single', 'B', ['SB']]
[22:31:49] [yf1_v5] [INFO] 3号位打出['PASS', 'PASS', 'PASS']， 最大动作为1号位打出的['Single', 'B', ['SB']]
[22:31:49] [yf1_v5] [INFO] 0号位打出['Single', 'R', ['HR']]， 最大动作为0号位打出的['Single', 'R', ['HR']]
[22:31:49] [YFAdapter-P0] [INFO] [YF-P0] Decision context: myPos=0, curPos=0, greaterPos=0, teammate=2, curAction=[, actionList_size=1
[22:31:49] [YFAdapter-P0] [INFO] [YF-P0] Decided: action_index=0, action=['PASS', 'PASS', 'PASS']
[22:31:49] [yf1_v5] [INFO] 1号位打出['PASS', 'PASS', 'PASS']， 最大动作为0号位打出的['Single', 'R', ['HR']]
[22:31:49] [yf1_v5] [INFO] 2号位打出['PASS', 'PASS', 'PASS']， 最大动作为0号位打出的['Single', 'R', ['HR']]
[22:31:49] [yf1_v5] [INFO] 3号位打出['PASS', 'PASS', 'PASS']， 最大动作为0号位打出的['Single', 'R', ['HR']]
[22:31:49] [yf1_v5] [INFO] 0号位打出['ThreePair', '2', ['C2', 'D2', 'H3', 'C3', 'C4', 'C4']]， 最大动作为0号位打出的['ThreePair', '2', ['C2', 'D2', 'H3', 'C3', 'C4', 'C4']]
[22:31:49] [YFAdapter-P0] [INFO] [YF-P0] Decision context: myPos=0, curPos=0, greaterPos=0, teammate=2, curAction=[, actionList_size=4
[22:31:49] [YFAdapter-P0] [INFO] [YF-P0] Decided: action_index=2, action=['ThreePair', '3', [['S', '3'], ['H', '3'], ['S', '4'], ['H', '4'], ['H', '5'], ['C', '5']]]
[22:31:49] [yf1_v5] [INFO] 1号位打出['ThreePair', '3', ['S3', 'H3', 'S4', 'H4', 'H5', 'C5']]， 最大动作为1号位打出的['ThreePair', '3', ['S3', 'H3', 'S4', 'H4', 'H5', 'C5']]
[22:31:49] [yf1_v5] [INFO] 2号位打出['Bomb', '7', ['S7', 'H7', 'H7', 'C7']]， 最大动作为2号位打出的['Bomb', '7', ['S7', 'H7', 'H7', 'C7']]
[22:31:49] [yf1_v5] [INFO] 3号位打出['PASS', 'PASS', 'PASS']， 最大动作为2号位打出的['Bomb', '7', ['S7', 'H7', 'H7', 'C7']]
[22:31:49] [yf1_v5] [INFO] 0号位打出['PASS', 'PASS', 'PASS']， 最大动作为2号位打出的['Bomb', '7', ['S7', 'H7', 'H7', 'C7']]
[22:31:49] [YFAdapter-P0] [INFO] [YF-P0] Decision context: myPos=0, curPos=0, greaterPos=2, teammate=2, curAction=[, actionList_size=1
[22:31:49] [YFAdapter-P0] [INFO] [YF-P0] Decided: action_index=0, action=['PASS', 'PASS', 'PASS']
[22:31:49] [yf1_v5] [INFO] 1号位打出['PASS', 'PASS', 'PASS']， 最大动作为2号位打出的['Bomb', '7', ['S7', 'H7', 'H7', 'C7']]
[22:31:49] [yf1_v5] [INFO] 2号位打出['Single', '5', ['S5']]， 最大动作为2号位打出的['Single', '5', ['S5']]
[22:31:49] [yf1_v5] [INFO] 3号位打出['Single', 'T', ['ST']]， 最大动作为3号位打出的['Single', 'T', ['ST']]
[22:31:49] [yf1_v5] [INFO] 0号位打出['PASS', 'PASS', 'PASS']， 最大动作为3号位打出的['Single', 'T', ['ST']]
[22:31:49] [YFAdapter-P0] [INFO] [YF-P0] Decision context: myPos=0, curPos=0, greaterPos=3, teammate=2, curAction=[, actionList_size=6
[22:31:49] [YFAdapter-P0] [INFO] [YF-P0] Decided: action_index=0, action=['PASS', 'PASS', 'PASS']
[22:31:49] [yf1_v5] [INFO] 1号位打出['Single', 'A', ['SA']]， 最大动作为1号位打出的['Single', 'A', ['SA']]
[22:31:49] [yf1_v5] [INFO] 2号位打出['PASS', 'PASS', 'PASS']， 最大动作为1号位打出的['Single', 'A', ['SA']]
[22:31:49] [yf1_v5] [INFO] 3号位打出['Single', '8', ['D8']]， 最大动作为3号位打出的['Single', '8', ['D8']]
[22:31:49] [yf1_v5] [INFO] 0号位打出['Bomb', '9', ['S9', 'H9', 'C9', 'C9', 'D9']]， 最大动作为0号位打出的['Bomb', '9', ['S9', 'H9', 'C9', 'C9', 'D9']]
[22:31:49] [YFAdapter-P0] [INFO] [YF-P0] Decision context: myPos=0, curPos=0, greaterPos=0, teammate=2, curAction=[, actionList_size=1
[22:31:49] [YFAdapter-P0] [INFO] [YF-P0] Decided: action_index=0, action=['PASS', 'PASS', 'PASS']
[22:31:49] [yf1_v5] [INFO] 1号位打出['PASS', 'PASS', 'PASS']， 最大动作为0号位打出的['Bomb', '9', ['S9', 'H9', 'C9', 'C9', 'D9']]
[22:31:49] [yf1_v5] [INFO] 2号位打出['PASS', 'PASS', 'PASS']， 最大动作为0号位打出的['Bomb', '9', ['S9', 'H9', 'C9', 'C9', 'D9']]
[22:31:49] [yf1_v5] [INFO] 3号位打出['PASS', 'PASS', 'PASS']， 最大动作为0号位打出的['Bomb', '9', ['S9', 'H9', 'C9', 'C9', 'D9']]
[22:31:49] [yf1_v5] [INFO] 0号位打出['Pair', '6', ['S6', 'H6']]， 最大动作为0号位打出的['Pair', '6', ['S6', 'H6']]
[22:31:49] [YFAdapter-P0] [INFO] [YF-P0] Decision context: myPos=0, curPos=0, greaterPos=0, teammate=2, curAction=[, actionList_size=5
[22:31:49] [YFAdapter-P0] [INFO] [YF-P0] Decided: action_index=0, action=['PASS', 'PASS', 'PASS']
[22:31:49] [yf1_v5] [INFO] 1号位打出['Pair', 'T', ['ST', 'DT']]， 最大动作为1号位打出的['Pair', 'T', ['ST', 'DT']]
[22:31:49] [yf1_v5] [INFO] 2号位打出['Pair', 'K', ['SK', 'HK']]， 最大动作为2号位打出的['Pair', 'K', ['SK', 'HK']]
[22:31:49] [yf1_v5] [INFO] 3号位打出['PASS', 'PASS', 'PASS']， 最大动作为2号位打出的['Pair', 'K', ['SK', 'HK']]
[22:31:49] [yf1_v5] [INFO] 0号位打出['PASS', 'PASS', 'PASS']， 最大动作为2号位打出的['Pair', 'K', ['SK', 'HK']]
[22:31:49] [YFAdapter-P0] [INFO] [YF-P0] Decision context: myPos=0, curPos=0, greaterPos=2, teammate=2, curAction=[, actionList_size=2
[22:31:49] [YFAdapter-P0] [INFO] [YF-P0] Decided: action_index=0, action=['PASS', 'PASS', 'PASS']
[22:31:49] [yf1_v5] [INFO] 1号位打出['Pair', '8', ['S8', 'C8']]， 最大动作为1号位打出的['Pair', '8', ['S8', 'C8']]
[22:31:49] [yf1_v5] [INFO] 2号位打出['PASS', 'PASS', 'PASS']， 最大动作为1号位打出的['Pair', '8', ['S8', 'C8']]
[22:31:49] [yf1_v5] [INFO] 3号位打出['PASS', 'PASS', 'PASS']， 最大动作为1号位打出的['Pair', '8', ['S8', 'C8']]
[22:31:49] [yf1_v5] [INFO] 0号位打出['Bomb', 'Q', ['SQ', 'HQ', 'CQ', 'CQ', 'DQ']]， 最大动作为0号位打出的['Bomb', 'Q', ['SQ', 'HQ', 'CQ', 'CQ', 'DQ']]
[22:31:49] [YFAdapter-P0] [INFO] [YF-P0] Decision context: myPos=0, curPos=0, greaterPos=0, teammate=2, curAction=[, actionList_size=1
[22:31:49] [YFAdapter-P0] [INFO] [YF-P0] Decided: action_index=0, action=['PASS', 'PASS', 'PASS']
[22:31:49] [yf1_v5] [INFO] 1号位打出['PASS', 'PASS', 'PASS']， 最大动作为0号位打出的['Bomb', 'Q', ['SQ', 'HQ', 'CQ', 'CQ', 'DQ']]
[22:31:49] [yf1_v5] [INFO] 2号位打出['PASS', 'PASS', 'PASS']， 最大动作为0号位打出的['Bomb', 'Q', ['SQ', 'HQ', 'CQ', 'CQ', 'DQ']]
[22:31:49] [yf1_v5] [INFO] 3号位打出['PASS', 'PASS', 'PASS']， 最大动作为0号位打出的['Bomb', 'Q', ['SQ', 'HQ', 'CQ', 'CQ', 'DQ']]
[22:31:49] [yf1_v5] [INFO] 0号位打出['Pair', '7', ['C7', 'D7']]， 最大动作为0号位打出的['Pair', '7', ['C7', 'D7']]
[22:31:49] [YFAdapter-P0] [INFO] [YF-P0] Decision context: myPos=0, curPos=0, greaterPos=0, teammate=2, curAction=[, actionList_size=1
[22:31:49] [YFAdapter-P0] [INFO] [YF-P0] Decided: action_index=0, action=['PASS', 'PASS', 'PASS']
[22:31:49] [yf1_v5] [INFO] 1号位打出['PASS', 'PASS', 'PASS']， 最大动作为0号位打出的['Pair', '7', ['C7', 'D7']]
[22:31:49] [yf1_v5] [INFO] 2号位打出['Pair', '9', ['H9', 'D9']]， 最大动作为2号位打出的['Pair', '9', ['H9', 'D9']]
[22:31:49] [yf1_v5] [INFO] 3号位打出['Pair', 'J', ['HJ', 'CJ']]， 最大动作为3号位打出的['Pair', 'J', ['HJ', 'CJ']]
[22:31:49] [yf1_v5] [INFO] 0号位打出['PASS', 'PASS', 'PASS']， 最大动作为3号位打出的['Pair', 'J', ['HJ', 'CJ']]
[22:31:49] [YFAdapter-P0] [INFO] [YF-P0] Decision context: myPos=0, curPos=0, greaterPos=3, teammate=2, curAction=[, actionList_size=1
[22:31:49] [YFAdapter-P0] [INFO] [YF-P0] Decided: action_index=0, action=['PASS', 'PASS', 'PASS']
[22:31:49] [yf1_v5] [INFO] 1号位打出['PASS', 'PASS', 'PASS']， 最大动作为3号位打出的['Pair', 'J', ['HJ', 'CJ']]
[22:31:49] [yf1_v5] [INFO] 2号位打出['Pair', 'A', ['HA', 'CA']]， 最大动作为2号位打出的['Pair', 'A', ['HA', 'CA']]
[22:31:49] [yf1_v5] [INFO] 3号位打出['PASS', 'PASS', 'PASS']， 最大动作为2号位打出的['Pair', 'A', ['HA', 'CA']]
[22:31:49] [yf1_v5] [INFO] 0号位打出['PASS', 'PASS', 'PASS']， 最大动作为2号位打出的['Pair', 'A', ['HA', 'CA']]
[22:31:49] [YFAdapter-P0] [INFO] [YF-P0] Decision context: myPos=0, curPos=0, greaterPos=2, teammate=2, curAction=[, actionList_size=1
[22:31:49] [YFAdapter-P0] [INFO] [YF-P0] Decided: action_index=0, action=['PASS', 'PASS', 'PASS']
[22:31:49] [yf1_v5] [INFO] 1号位打出['PASS', 'PASS', 'PASS']， 最大动作为2号位打出的['Pair', 'A', ['HA', 'CA']]
[22:31:49] [yf1_v5] [INFO] 2号位打出['Pair', 'T', ['HT', 'CT']]， 最大动作为2号位打出的['Pair', 'T', ['HT', 'CT']]
[22:31:49] [yf1_v5] [INFO] 3号位打出['PASS', 'PASS', 'PASS']， 最大动作为2号位打出的['Pair', 'T', ['HT', 'CT']]
[22:31:49] [yf1_v5] [INFO] 0号位打出['Pair', 'J', ['SJ', 'DJ']]， 最大动作为0号位打出的['Pair', 'J', ['SJ', 'DJ']]
[22:31:49] [YFAdapter-P0] [INFO] [YF-P0] Decision context: myPos=0, curPos=0, greaterPos=0, teammate=2, curAction=[, actionList_size=1
[22:31:49] [YFAdapter-P0] [INFO] [YF-P0] Decided: action_index=0, action=['PASS', 'PASS', 'PASS']
[22:31:49] [yf1_v5] [INFO] 1号位打出['PASS', 'PASS', 'PASS']， 最大动作为0号位打出的['Pair', 'J', ['SJ', 'DJ']]
[22:31:49] [yf1_v5] [INFO] 2号位打出['PASS', 'PASS', 'PASS']， 最大动作为0号位打出的['Pair', 'J', ['SJ', 'DJ']]
[22:31:49] [yf1_v5] [INFO] 3号位打出['PASS', 'PASS', 'PASS']， 最大动作为0号位打出的['Pair', 'J', ['SJ', 'DJ']]
[22:31:49] [yf1_v5] [INFO] 0号位打出['Pair', 'T', ['CT', 'DT']]， 最大动作为0号位打出的['Pair', 'T', ['CT', 'DT']]
[22:31:49] [YFAdapter-P0] [INFO] [YF-P0] Decision context: myPos=0, curPos=0, greaterPos=0, teammate=2, curAction=[, actionList_size=1
[22:31:49] [YFAdapter-P0] [INFO] [YF-P0] Decided: action_index=0, action=['PASS', 'PASS', 'PASS']
[22:31:49] [yf1_v5] [INFO] 1号位打出['PASS', 'PASS', 'PASS']， 最大动作为0号位打出的['Pair', 'T', ['CT', 'DT']]
[22:31:49] [yf1_v5] [INFO] 2号位打出['PASS', 'PASS', 'PASS']， 最大动作为0号位打出的['Pair', 'T', ['CT', 'DT']]
[22:31:49] [yf1_v5] [INFO] 2号位打出['ThreeWithTwo', '6', ['S6', 'H6', 'C6', 'C5', 'D5']]， 最大动作为2号位打出的['ThreeWithTwo', '6', ['S6', 'H6', 'C6', 'C5', 'D5']]
[22:31:49] [yf1_v5] [INFO] 游戏开始, 我是1号位，手牌：['S2', 'S2', 'H2', 'C2', 'S3', 'S3', 'H3', 'C4', 'S5', 'D5', 'H7', 'H7', 'C7', 'S8', 'H8', 'H8', 'C8', 'D8', 'S9', 'CT', 'DT', 'HQ', 'HA', 'DA', 'SB', 'SB', 'HR']
[22:31:49] [YFAdapter-P0] [INFO] [YF-P0] Decision context: myPos=0, curPos=-1, greaterPos=-1, teammate=2, curAction=[, actionList_size=1
[22:31:49] [YFAdapter-P0] [INFO] [YF-P0] Decided: action_index=0, action=['tribute', 'tribute', [['H', 'R']]]
[22:31:49] [YFAdapter-P0] [INFO] [YF-P0] Decision context: myPos=0, curPos=-1, greaterPos=-1, teammate=2, curAction=[, actionList_size=288
[22:31:49] [YFAdapter-P0] [INFO] [YF-P0] Decided: action_index=5, action=['Single', '4', [['C', '4']]]
[22:31:49] [yf1_v5] [INFO] 1号位打出['Single', '4', ['C4']]， 最大动作为1号位打出的['Single', '4', ['C4']]
[22:31:49] [yf1_v5] [INFO] 2号位打出['Single', '7', ['D7']]， 最大动作为2号位打出的['Single', '7', ['D7']]
[22:31:49] [yf1_v5] [INFO] 3号位打出['Bomb', '3', ['C3', 'D3', 'D3', 'HJ']]， 最大动作为3号位打出的['Bomb', '3', ['C3', 'D3', 'D3', 'HJ']]
[22:31:49] [yf1_v5] [INFO] 0号位打出['PASS', 'PASS', 'PASS']， 最大动作为3号位打出的['Bomb', '3', ['C3', 'D3', 'D3', 'HJ']]
[22:31:49] [YFAdapter-P0] [INFO] [YF-P0] Decision context: myPos=0, curPos=0, greaterPos=3, teammate=2, curAction=[, actionList_size=6
[22:31:49] [YFAdapter-P0] [INFO] [YF-P0] Decided: action_index=0, action=['PASS', 'PASS', 'PASS']
[22:31:49] [yf1_v5] [INFO] 1号位打出['Bomb', '8', ['S8', 'H8', 'H8', 'D8']]， 最大动作为1号位打出的['Bomb', '8', ['S8', 'H8', 'H8', 'D8']]
[22:31:49] [yf1_v5] [INFO] 2号位打出['PASS', 'PASS', 'PASS']， 最大动作为1号位打出的['Bomb', '8', ['S8', 'H8', 'H8', 'D8']]
[22:31:49] [yf1_v5] [INFO] 3号位打出['Bomb', 'K', ['SK', 'CK', 'DK', 'DK']]， 最大动作为3号位打出的['Bomb', 'K', ['SK', 'CK', 'DK', 'DK']]
[22:31:49] [yf1_v5] [INFO] 0号位打出['PASS', 'PASS', 'PASS']， 最大动作为3号位打出的['Bomb', 'K', ['SK', 'CK', 'DK', 'DK']]
[22:31:49] [YFAdapter-P0] [INFO] [YF-P0] Decision context: myPos=0, curPos=0, greaterPos=3, teammate=2, curAction=[, actionList_size=1
[22:31:49] [YFAdapter-P0] [INFO] [YF-P0] Decided: action_index=0, action=['PASS', 'PASS', 'PASS']
[22:31:50] [yf1_v5] [INFO] 1号位打出['PASS', 'PASS', 'PASS']， 最大动作为3号位打出的['Bomb', 'K', ['SK', 'CK', 'DK', 'DK']]
[22:31:50] [yf1_v5] [INFO] 2号位打出['PASS', 'PASS', 'PASS']， 最大动作为3号位打出的['Bomb', 'K', ['SK', 'CK', 'DK', 'DK']]
[22:31:50] [yf1_v5] [INFO] 3号位打出['Single', '7', ['D7']]， 最大动作为3号位打出的['Single', '7', ['D7']]
[22:31:50] [yf1_v5] [INFO] 0号位打出['Single', 'T', ['HT']]， 最大动作为0号位打出的['Single', 'T', ['HT']]
[22:31:50] [YFAdapter-P0] [INFO] [YF-P0] Decision context: myPos=0, curPos=0, greaterPos=0, teammate=2, curAction=[, actionList_size=7
[22:31:50] [YFAdapter-P0] [INFO] [YF-P0] Decided: action_index=6, action=['Bomb', '3', [['S', '3'], ['S', '3'], ['H', '3'], ['H', '3']]]
[22:31:50] [yf1_v5] [INFO] 1号位打出['Bomb', '3', ['S3', 'S3', 'H3', 'H3']]， 最大动作为1号位打出的['Bomb', '3', ['S3', 'S3', 'H3', 'H3']]
[22:31:50] [yf1_v5] [INFO] 2号位打出['Bomb', '5', ['S5', 'H5', 'H5', 'C5', 'D5']]， 最大动作为2号位打出的['Bomb', '5', ['S5', 'H5', 'H5', 'C5', 'D5']]
[22:31:50] [yf1_v5] [INFO] 3号位打出['Bomb', '9', ['H9', 'H9', 'C9', 'C9', 'D9']]， 最大动作为3号位打出的['Bomb', '9', ['H9', 'H9', 'C9', 'C9', 'D9']]
[22:31:50] [yf1_v5] [INFO] 0号位打出['PASS', 'PASS', 'PASS']， 最大动作为3号位打出的['Bomb', '9', ['H9', 'H9', 'C9', 'C9', 'D9']]
[22:31:50] [YFAdapter-P0] [INFO] [YF-P0] Decision context: myPos=0, curPos=0, greaterPos=3, teammate=2, curAction=[, actionList_size=1
[22:31:50] [YFAdapter-P0] [INFO] [YF-P0] Decided: action_index=0, action=['PASS', 'PASS', 'PASS']
[22:31:50] [yf1_v5] [INFO] 1号位打出['PASS', 'PASS', 'PASS']， 最大动作为3号位打出的['Bomb', '9', ['H9', 'H9', 'C9', 'C9', 'D9']]
[22:31:50] [yf1_v5] [INFO] 2号位打出['PASS', 'PASS', 'PASS']， 最大动作为3号位打出的['Bomb', '9', ['H9', 'H9', 'C9', 'C9', 'D9']]
[22:31:50] [yf1_v5] [INFO] 3号位打出['ThreeWithTwo', '4', ['S4', 'C4', 'D4', 'H2', 'D2']]， 最大动作为3号位打出的['ThreeWithTwo', '4', ['S4', 'C4', 'D4', 'H2', 'D2']]
[22:31:50] [yf1_v5] [INFO] 0号位打出['ThreeWithTwo', '6', ['S6', 'C6', 'HJ', 'C2', 'D2']]， 最大动作为0号位打出的['ThreeWithTwo', '6', ['S6', 'C6', 'HJ', 'C2', 'D2']]
[22:31:50] [YFAdapter-P0] [INFO] [YF-P0] Decision context: myPos=0, curPos=0, greaterPos=0, teammate=2, curAction=[, actionList_size=10
[22:31:50] [YFAdapter-P0] [INFO] [YF-P0] Decided: action_index=7, action=['ThreeWithTwo', '7', [['H', '7'], ['H', '7'], ['C', '7'], ['H', 'A'], ['D', 'A']]]
[22:31:50] [yf1_v5] [INFO] 1号位打出['ThreeWithTwo', '7', ['H7', 'H7', 'C7', 'HA', 'DA']]， 最大动作为1号位打出的['ThreeWithTwo', '7', ['H7', 'H7', 'C7', 'HA', 'DA']]
[22:31:50] [yf1_v5] [INFO] 2号位打出['ThreeWithTwo', '8', ['S8', 'C8', 'D8', 'S4', 'D4']]， 最大动作为2号位打出的['ThreeWithTwo', '8', ['S8', 'C8', 'D8', 'S4', 'D4']]
[22:31:50] [yf1_v5] [INFO] 3号位打出['ThreeWithTwo', 'T', ['ST', 'HT', 'DT', 'SQ', 'CQ']]， 最大动作为3号位打出的['ThreeWithTwo', 'T', ['ST', 'HT', 'DT', 'SQ', 'CQ']]
[22:31:50] [yf1_v5] [INFO] 0号位打出['ThreeWithTwo', 'J', ['CJ', 'CJ', 'DJ', 'H4', 'H4']]， 最大动作为0号位打出的['ThreeWithTwo', 'J', ['CJ', 'CJ', 'DJ', 'H4', 'H4']]
[22:31:50] [YFAdapter-P0] [INFO] [YF-P0] Decision context: myPos=0, curPos=0, greaterPos=0, teammate=2, curAction=[, actionList_size=2
[22:31:50] [YFAdapter-P0] [INFO] [YF-P0] Decided: action_index=1, action=['Bomb', '2', [['S', '2'], ['S', '2'], ['H', '2'], ['C', '2']]]
[22:31:50] [yf1_v5] [INFO] 1号位打出['Bomb', '2', ['S2', 'S2', 'H2', 'C2']]， 最大动作为1号位打出的['Bomb', '2', ['S2', 'S2', 'H2', 'C2']]
[22:31:50] [yf1_v5] [INFO] 2号位打出['PASS', 'PASS', 'PASS']， 最大动作为1号位打出的['Bomb', '2', ['S2', 'S2', 'H2', 'C2']]
[22:31:50] [yf1_v5] [INFO] 3号位打出['PASS', 'PASS', 'PASS']， 最大动作为1号位打出的['Bomb', '2', ['S2', 'S2', 'H2', 'C2']]
[22:31:50] [yf1_v5] [INFO] 0号位打出['Bomb', 'A', ['SA', 'SA', 'HA', 'CA']]， 最大动作为0号位打出的['Bomb', 'A', ['SA', 'SA', 'HA', 'CA']]
[22:31:50] [YFAdapter-P0] [INFO] [YF-P0] Decision context: myPos=0, curPos=0, greaterPos=0, teammate=2, curAction=[, actionList_size=1
[22:31:50] [YFAdapter-P0] [INFO] [YF-P0] Decided: action_index=0, action=['PASS', 'PASS', 'PASS']
[22:31:50] [yf1_v5] [INFO] 1号位打出['PASS', 'PASS', 'PASS']， 最大动作为0号位打出的['Bomb', 'A', ['SA', 'SA', 'HA', 'CA']]
[22:31:50] [yf1_v5] [INFO] 2号位打出['PASS', 'PASS', 'PASS']， 最大动作为0号位打出的['Bomb', 'A', ['SA', 'SA', 'HA', 'CA']]
[22:31:50] [yf1_v5] [INFO] 3号位打出['PASS', 'PASS', 'PASS']， 最大动作为0号位打出的['Bomb', 'A', ['SA', 'SA', 'HA', 'CA']]
[22:31:50] [yf1_v5] [INFO] 0号位打出['Single', '5', ['C5']]， 最大动作为0号位打出的['Single', '5', ['C5']]
[22:31:50] [YFAdapter-P0] [INFO] [YF-P0] Decision context: myPos=0, curPos=0, greaterPos=0, teammate=2, curAction=[, actionList_size=7
[22:31:50] [YFAdapter-P0] [INFO] [YF-P0] Decided: action_index=0, action=['PASS', 'PASS', 'PASS']
[22:31:50] [YFAdapter-P0] [WARNING] [YF-P0] 检测到过于保守: 对手快走完(剩3张), 触发Layer 2/3进行更积极的决策
[22:31:50] [yf1_v5] [INFO] 1号位打出['Single', '8', ['C8']]， 最大动作为1号位打出的['Single', '8', ['C8']]
[22:31:50] [yf1_v5] [INFO] 2号位打出['Single', 'J', ['SJ']]， 最大动作为2号位打出的['Single', 'J', ['SJ']]
[22:31:50] [yf1_v5] [INFO] 3号位打出['PASS', 'PASS', 'PASS']， 最大动作为2号位打出的['Single', 'J', ['SJ']]
[22:31:50] [yf1_v5] [INFO] 0号位打出['PASS', 'PASS', 'PASS']， 最大动作为2号位打出的['Single', 'J', ['SJ']]
[22:31:50] [YFAdapter-P0] [INFO] [YF-P0] Decision context: myPos=0, curPos=0, greaterPos=2, teammate=2, curAction=[, actionList_size=2
[22:31:50] [YFAdapter-P0] [INFO] [YF-P0] Decided: action_index=0, action=['PASS', 'PASS', 'PASS']
[22:31:50] [YFAdapter-P0] [WARNING] [YF-P0] 检测到过于保守: 对手快走完(剩3张), 触发Layer 2/3进行更积极的决策
[22:31:50] [yf1_v5] [INFO] 1号位打出['Single', 'B', ['SB']]， 最大动作为1号位打出的['Single', 'B', ['SB']]
[22:31:50] [yf1_v5] [INFO] 2号位打出['PASS', 'PASS', 'PASS']， 最大动作为1号位打出的['Single', 'B', ['SB']]
[22:31:50] [yf1_v5] [INFO] 3号位打出['PASS', 'PASS', 'PASS']， 最大动作为1号位打出的['Single', 'B', ['SB']]
[22:31:50] [yf1_v5] [INFO] 0号位打出['Single', 'R', ['HR']]， 最大动作为0号位打出的['Single', 'R', ['HR']]
[22:31:50] [YFAdapter-P0] [INFO] [YF-P0] Decision context: myPos=0, curPos=0, greaterPos=0, teammate=2, curAction=[, actionList_size=1
[22:31:50] [YFAdapter-P0] [INFO] [YF-P0] Decided: action_index=0, action=['PASS', 'PASS', 'PASS']
[22:31:50] [yf1_v5] [INFO] 1号位打出['PASS', 'PASS', 'PASS']， 最大动作为0号位打出的['Single', 'R', ['HR']]
[22:31:50] [yf1_v5] [INFO] 2号位打出['PASS', 'PASS', 'PASS']， 最大动作为0号位打出的['Single', 'R', ['HR']]
[22:31:50] [yf1_v5] [INFO] 3号位打出['PASS', 'PASS', 'PASS']， 最大动作为0号位打出的['Single', 'R', ['HR']]
[22:31:50] [yf1_v5] [INFO] 0号位打出['Single', '6', ['D6']]， 最大动作为0号位打出的['Single', '6', ['D6']]
[22:31:50] [YFAdapter-P0] [INFO] [YF-P0] Decision context: myPos=0, curPos=0, greaterPos=0, teammate=2, curAction=[, actionList_size=6
[22:31:50] [YFAdapter-P0] [INFO] [YF-P0] Decided: action_index=4, action=['Single', 'Q', [['H', 'Q']]]
[22:31:50] [yf1_v5] [INFO] 1号位打出['Single', 'Q', ['HQ']]， 最大动作为1号位打出的['Single', 'Q', ['HQ']]
[22:31:50] [yf1_v5] [INFO] 2号位打出['Single', 'J', ['SJ']]， 最大动作为2号位打出的['Single', 'J', ['SJ']]
[22:31:50] [yf1_v5] [INFO] 3号位打出['PASS', 'PASS', 'PASS']， 最大动作为2号位打出的['Single', 'J', ['SJ']]
[22:31:50] [yf1_v5] [INFO] 0号位打出['PASS', 'PASS', 'PASS']， 最大动作为2号位打出的['Single', 'J', ['SJ']]
[22:31:50] [YFAdapter-P0] [INFO] [YF-P0] Decision context: myPos=0, curPos=0, greaterPos=2, teammate=2, curAction=[, actionList_size=2
[22:31:50] [YFAdapter-P0] [INFO] [YF-P0] Decided: action_index=0, action=['PASS', 'PASS', 'PASS']
[22:31:50] [YFAdapter-P0] [WARNING] [YF-P0] 检测到过于保守: 对手快走完(剩3张), 触发Layer 2/3进行更积极的决策
[22:31:50] [yf1_v5] [INFO] 1号位打出['Single', 'B', ['SB']]， 最大动作为1号位打出的['Single', 'B', ['SB']]
[22:31:50] [yf1_v5] [INFO] 2号位打出['PASS', 'PASS', 'PASS']， 最大动作为1号位打出的['Single', 'B', ['SB']]
[22:31:50] [yf1_v5] [INFO] 3号位打出['PASS', 'PASS', 'PASS']， 最大动作为1号位打出的['Single', 'B', ['SB']]
[22:31:50] [yf1_v5] [INFO] 0号位打出['Single', 'R', ['HR']]， 最大动作为0号位打出的['Single', 'R', ['HR']]
[22:31:50] [YFAdapter-P0] [INFO] [YF-P0] Decision context: myPos=0, curPos=0, greaterPos=0, teammate=2, curAction=[, actionList_size=1
[22:31:50] [YFAdapter-P0] [INFO] [YF-P0] Decided: action_index=0, action=['PASS', 'PASS', 'PASS']
[22:31:50] [yf1_v5] [INFO] 1号位打出['PASS', 'PASS', 'PASS']， 最大动作为0号位打出的['Single', 'R', ['HR']]
[22:31:50] [yf1_v5] [INFO] 2号位打出['PASS', 'PASS', 'PASS']， 最大动作为0号位打出的['Single', 'R', ['HR']]
[22:31:50] [yf1_v5] [INFO] 3号位打出['PASS', 'PASS', 'PASS']， 最大动作为0号位打出的['Single', 'R', ['HR']]
[22:31:50] [yf1_v5] [INFO] 0号位打出['Trips', '7', ['S7', 'S7', 'C7']]， 最大动作为0号位打出的['Trips', '7', ['S7', 'S7', 'C7']]
[22:31:50] [YFAdapter-P0] [INFO] [YF-P0] Decision context: myPos=0, curPos=0, greaterPos=0, teammate=2, curAction=[, actionList_size=1
[22:31:50] [YFAdapter-P0] [INFO] [YF-P0] Decided: action_index=0, action=['PASS', 'PASS', 'PASS']
[22:31:50] [yf1_v5] [INFO] 1号位打出['PASS', 'PASS', 'PASS']， 最大动作为0号位打出的['Trips', '7', ['S7', 'S7', 'C7']]
[22:31:50] [yf1_v5] [INFO] 2号位打出['PASS', 'PASS', 'PASS']， 最大动作为0号位打出的['Trips', '7', ['S7', 'S7', 'C7']]
[22:31:50] [yf1_v5] [INFO] 3号位打出['PASS', 'PASS', 'PASS']， 最大动作为0号位打出的['Trips', '7', ['S7', 'S7', 'C7']]
[22:31:50] [yf1_v5] [INFO] 0号位打出['ThreeWithTwo', 'Q', ['SQ', 'CQ', 'DQ', 'SK', 'HK']]， 最大动作为0号位打出的['ThreeWithTwo', 'Q', ['SQ', 'CQ', 'DQ', 'SK', 'HK']]
[22:31:50] [YFAdapter-P0] [INFO] [YF-P0] Decision context: myPos=0, curPos=0, greaterPos=0, teammate=2, curAction=[, actionList_size=1
[22:31:50] [YFAdapter-P0] [INFO] [YF-P0] Decided: action_index=0, action=['PASS', 'PASS', 'PASS']
[22:31:50] [yf1_v5] [INFO] 1号位打出['PASS', 'PASS', 'PASS']， 最大动作为0号位打出的['ThreeWithTwo', 'Q', ['SQ', 'CQ', 'DQ', 'SK', 'HK']]
[22:31:50] [yf1_v5] [INFO] 2号位打出['PASS', 'PASS', 'PASS']， 最大动作为0号位打出的['ThreeWithTwo', 'Q', ['SQ', 'CQ', 'DQ', 'SK', 'HK']]
[22:31:50] [yf1_v5] [INFO] 2号位打出['Single', '3', ['C3']]， 最大动作为2号位打出的['Single', '3', ['C3']]
[22:31:50] [yf1_v5] [INFO] 3号位打出['Single', 'A', ['DA']]， 最大动作为3号位打出的['Single', 'A', ['DA']]
[22:31:50] [YFAdapter-P0] [INFO] [YF-P0] Decision context: myPos=0, curPos=3, greaterPos=3, teammate=2, curAction=[, actionList_size=1
[22:31:50] [YFAdapter-P0] [INFO] [YF-P0] Decided: action_index=0, action=['PASS', 'PASS', 'PASS']
[22:31:50] [yf1_v5] [INFO] 1号位打出['PASS', 'PASS', 'PASS']， 最大动作为3号位打出的['Single', 'A', ['DA']]
[22:31:50] [yf1_v5] [INFO] 2号位打出['Single', 'J', ['DJ']]， 最大动作为2号位打出的['Single', 'J', ['DJ']]
[22:31:50] [yf1_v5] [INFO] 3号位打出['PASS', 'PASS', 'PASS']， 最大动作为2号位打出的['Single', 'J', ['DJ']]
[22:31:50] [YFAdapter-P0] [INFO] [YF-P0] Decision context: myPos=0, curPos=3, greaterPos=2, teammate=2, curAction=[, actionList_size=1
[22:31:50] [YFAdapter-P0] [INFO] [YF-P0] Decided: action_index=0, action=['PASS', 'PASS', 'PASS']
[22:31:50] [yf1_v5] [INFO] 1号位打出['PASS', 'PASS', 'PASS']， 最大动作为2号位打出的['Single', 'J', ['DJ']]
[22:31:50] [yf1_v5] [INFO] 2号位打出['ThreeWithTwo', '6', ['H6', 'H6', 'D6', 'S9', 'D9']]， 最大动作为2号位打出的['ThreeWithTwo', '6', ['H6', 'H6', 'D6', 'S9', 'D9']]
[22:31:50] [yf1_v5] [INFO] 3号位打出['PASS', 'PASS', 'PASS']， 最大动作为2号位打出的['ThreeWithTwo', '6', ['H6', 'H6', 'D6', 'S9', 'D9']]
[22:31:50] [YFAdapter-P0] [INFO] [YF-P0] Decision context: myPos=0, curPos=3, greaterPos=2, teammate=2, curAction=[, actionList_size=1
[22:31:50] [YFAdapter-P0] [INFO] [YF-P0] Decided: action_index=0, action=['PASS', 'PASS', 'PASS']
[22:31:50] [yf1_v5] [INFO] 1号位打出['PASS', 'PASS', 'PASS']， 最大动作为2号位打出的['ThreeWithTwo', '6', ['H6', 'H6', 'D6', 'S9', 'D9']]
[22:31:50] [yf1_v5] [INFO] 2号位打出['Single', 'A', ['CA']]， 最大动作为2号位打出的['Single', 'A', ['CA']]
[22:31:50] [yf1_v5] [INFO] 3号位打出['PASS', 'PASS', 'PASS']， 最大动作为2号位打出的['Single', 'A', ['CA']]
[22:31:50] [YFAdapter-P0] [INFO] [YF-P0] Decision context: myPos=0, curPos=3, greaterPos=2, teammate=2, curAction=[, actionList_size=1
[22:31:50] [YFAdapter-P0] [INFO] [YF-P0] Decided: action_index=0, action=['PASS', 'PASS', 'PASS']
[22:31:50] [yf1_v5] [INFO] 1号位打出['PASS', 'PASS', 'PASS']， 最大动作为2号位打出的['Single', 'A', ['CA']]
[22:31:50] [yf1_v5] [INFO] 2号位打出['Pair', 'T', ['ST', 'CT']]， 最大动作为2号位打出的['Pair', 'T', ['ST', 'CT']]
[22:31:50] [yf1_v5] [INFO] 3号位打出['PASS', 'PASS', 'PASS']， 最大动作为2号位打出的['Pair', 'T', ['ST', 'CT']]
[22:31:50] [YFAdapter-P0] [INFO] [YF-P0] Decision context: myPos=0, curPos=3, greaterPos=2, teammate=2, curAction=[, actionList_size=1
[22:31:50] [YFAdapter-P0] [INFO] [YF-P0] Decided: action_index=0, action=['PASS', 'PASS', 'PASS']
[22:31:50] [yf1_v5] [INFO] 1号位打出['PASS', 'PASS', 'PASS']， 最大动作为2号位打出的['Pair', 'T', ['ST', 'CT']]
[22:31:50] [yf1_v5] [INFO] 2号位打出['Pair', 'Q', ['HQ', 'DQ']]， 最大动作为2号位打出的['Pair', 'Q', ['HQ', 'DQ']]
[22:31:50] [yf1_v5] [INFO] 3号位打出['PASS', 'PASS', 'PASS']， 最大动作为2号位打出的['Pair', 'Q', ['HQ', 'DQ']]
[22:31:50] [YFAdapter-P0] [INFO] [YF-P0] Decision context: myPos=0, curPos=3, greaterPos=2, teammate=2, curAction=[, actionList_size=1
[22:31:50] [YFAdapter-P0] [INFO] [YF-P0] Decided: action_index=0, action=['PASS', 'PASS', 'PASS']
[22:31:50] [yf1_v5] [INFO] 1号位打出['PASS', 'PASS', 'PASS']， 最大动作为2号位打出的['Pair', 'Q', ['HQ', 'DQ']]
[22:31:50] [yf1_v5] [INFO] 2号位打出['Pair', 'K', ['HK', 'CK']]， 最大动作为2号位打出的['Pair', 'K', ['HK', 'CK']]
[22:31:50] [yf1_v5] [INFO] 游戏开始, 我是1号位，手牌：['C2', 'C4', 'S5', 'D5', 'S6', 'S6', 'C6', 'S7', 'C8', 'H9', 'D9', 'ST', 'CT', 'SJ', 'SJ', 'HJ', 'HJ', 'CJ', 'DJ', 'HQ', 'CQ', 'DQ', 'DK', 'SA', 'SB', 'SB', 'HR']
[22:31:50] [yf1_v5] [INFO] 0号位打出['Single', '4', ['S4']]， 最大动作为0号位打出的['Single', '4', ['S4']]
[22:31:50] [YFAdapter-P0] [INFO] [YF-P0] Decision context: myPos=0, curPos=0, greaterPos=0, teammate=2, curAction=[, actionList_size=35
[22:31:50] [YFAdapter-P0] [INFO] [YF-P0] Decided: action_index=6, action=['Single', '8', [['C', '8']]]
[22:31:50] [yf1_v5] [INFO] 1号位打出['Single', '8', ['C8']]， 最大动作为1号位打出的['Single', '8', ['C8']]
[22:31:50] [yf1_v5] [INFO] 2号位打出['Single', 'Q', ['CQ']]， 最大动作为2号位打出的['Single', 'Q', ['CQ']]
[22:31:50] [yf1_v5] [INFO] 3号位打出['Bomb', 'K', ['SK', 'HK', 'CK', 'HA']]， 最大动作为3号位打出的['Bomb', 'K', ['SK', 'HK', 'CK', 'HA']]
[22:31:50] [yf1_v5] [INFO] 0号位打出['PASS', 'PASS', 'PASS']， 最大动作为3号位打出的['Bomb', 'K', ['SK', 'HK', 'CK', 'HA']]
[22:31:50] [YFAdapter-P0] [INFO] [YF-P0] Decision context: myPos=0, curPos=0, greaterPos=3, teammate=2, curAction=[, actionList_size=6
[22:31:50] [YFAdapter-P0] [INFO] [YF-P0] Decided: action_index=0, action=['PASS', 'PASS', 'PASS']
[22:31:50] [yf1_v5] [INFO] 1号位打出['Bomb', 'J', ['SJ', 'SJ', 'HJ', 'HJ', 'DJ']]， 最大动作为1号位打出的['Bomb', 'J', ['SJ', 'SJ', 'HJ', 'HJ', 'DJ']]
[22:31:50] [yf1_v5] [INFO] 2号位打出['PASS', 'PASS', 'PASS']， 最大动作为1号位打出的['Bomb', 'J', ['SJ', 'SJ', 'HJ', 'HJ', 'DJ']]
[22:31:50] [yf1_v5] [INFO] 3号位打出['PASS', 'PASS', 'PASS']， 最大动作为1号位打出的['Bomb', 'J', ['SJ', 'SJ', 'HJ', 'HJ', 'DJ']]
[22:31:50] [yf1_v5] [INFO] 0号位打出['PASS', 'PASS', 'PASS']， 最大动作为1号位打出的['Bomb', 'J', ['SJ', 'SJ', 'HJ', 'HJ', 'DJ']]
[22:31:50] [YFAdapter-P0] [INFO] [YF-P0] Decision context: myPos=0, curPos=-1, greaterPos=-1, teammate=2, curAction=[, actionList_size=61
[22:31:50] [YFAdapter-P0] [INFO] [YF-P0] Decided: action_index=0, action=['Single', '2', [['C', '2']]]
[22:31:50] [yf1_v5] [INFO] 1号位打出['Single', '2', ['C2']]， 最大动作为1号位打出的['Single', '2', ['C2']]
[22:31:50] [yf1_v5] [INFO] 2号位打出['PASS', 'PASS', 'PASS']， 最大动作为1号位打出的['Single', '2', ['C2']]
[22:31:50] [yf1_v5] [INFO] 3号位打出['Single', 'A', ['SA']]， 最大动作为3号位打出的['Single', 'A', ['SA']]
[22:31:50] [yf1_v5] [INFO] 0号位打出['PASS', 'PASS', 'PASS']， 最大动作为3号位打出的['Single', 'A', ['SA']]
[22:31:50] [YFAdapter-P0] [INFO] [YF-P0] Decision context: myPos=0, curPos=0, greaterPos=3, teammate=2, curAction=[, actionList_size=3
[22:31:50] [YFAdapter-P0] [INFO] [YF-P0] Decided: action_index=0, action=['PASS', 'PASS', 'PASS']
[22:31:50] [yf1_v5] [INFO] 1号位打出['Single', 'B', ['SB']]， 最大动作为1号位打出的['Single', 'B', ['SB']]
[22:31:50] [yf1_v5] [INFO] 2号位打出['PASS', 'PASS', 'PASS']， 最大动作为1号位打出的['Single', 'B', ['SB']]
[22:31:50] [yf1_v5] [INFO] 3号位打出['Single', 'R', ['HR']]， 最大动作为3号位打出的['Single', 'R', ['HR']]
[22:31:50] [yf1_v5] [INFO] 0号位打出['Bomb', '3', ['H3', 'C3', 'D3', 'HA']]， 最大动作为0号位打出的['Bomb', '3', ['H3', 'C3', 'D3', 'HA']]
[22:31:50] [YFAdapter-P0] [INFO] [YF-P0] Decision context: myPos=0, curPos=0, greaterPos=0, teammate=2, curAction=[, actionList_size=1
[22:31:50] [YFAdapter-P0] [INFO] [YF-P0] Decided: action_index=0, action=['PASS', 'PASS', 'PASS']
[22:31:50] [yf1_v5] [INFO] 1号位打出['PASS', 'PASS', 'PASS']， 最大动作为0号位打出的['Bomb', '3', ['H3', 'C3', 'D3', 'HA']]
[22:31:50] [yf1_v5] [INFO] 2号位打出['PASS', 'PASS', 'PASS']， 最大动作为0号位打出的['Bomb', '3', ['H3', 'C3', 'D3', 'HA']]
[22:31:50] [yf1_v5] [INFO] 3号位打出['PASS', 'PASS', 'PASS']， 最大动作为0号位打出的['Bomb', '3', ['H3', 'C3', 'D3', 'HA']]
[22:31:50] [yf1_v5] [INFO] 0号位打出['Single', '3', ['D3']]， 最大动作为0号位打出的['Single', '3', ['D3']]
[22:31:50] [YFAdapter-P0] [INFO] [YF-P0] Decision context: myPos=0, curPos=0, greaterPos=0, teammate=2, curAction=[, actionList_size=19
[22:31:50] [YFAdapter-P0] [INFO] [YF-P0] Decided: action_index=1, action=['Single', '4', [['C', '4']]]
[22:31:50] [yf1_v5] [INFO] 1号位打出['Single', '4', ['C4']]， 最大动作为1号位打出的['Single', '4', ['C4']]
[22:31:50] [yf1_v5] [INFO] 2号位打出['Single', 'T', ['DT']]， 最大动作为2号位打出的['Single', 'T', ['DT']]
[22:31:50] [yf1_v5] [INFO] 3号位打出['Single', 'J', ['CJ']]， 最大动作为3号位打出的['Single', 'J', ['CJ']]
[22:31:50] [yf1_v5] [INFO] 0号位打出['Single', 'A', ['CA']]， 最大动作为0号位打出的['Single', 'A', ['CA']]
[22:31:50] [YFAdapter-P0] [INFO] [YF-P0] Decision context: myPos=0, curPos=0, greaterPos=0, teammate=2, curAction=[, actionList_size=3
[22:31:50] [YFAdapter-P0] [INFO] [YF-P0] Decided: action_index=1, action=['Single', 'B', [['S', 'B']]]
[22:31:50] [yf1_v5] [INFO] 1号位打出['Single', 'B', ['SB']]， 最大动作为1号位打出的['Single', 'B', ['SB']]
[22:31:50] [yf1_v5] [INFO] 2号位打出['PASS', 'PASS', 'PASS']， 最大动作为1号位打出的['Single', 'B', ['SB']]
[22:31:50] [yf1_v5] [INFO] 3号位打出['PASS', 'PASS', 'PASS']， 最大动作为1号位打出的['Single', 'B', ['SB']]
[22:31:50] [yf1_v5] [INFO] 0号位打出['PASS', 'PASS', 'PASS']， 最大动作为1号位打出的['Single', 'B', ['SB']]
[22:31:50] [YFAdapter-P0] [INFO] [YF-P0] Decision context: myPos=0, curPos=-1, greaterPos=-1, teammate=2, curAction=[, actionList_size=55
[22:31:50] [YFAdapter-P0] [INFO] [YF-P0] Decided: action_index=4, action=['Single', '7', [['S', '7']]]
[22:31:50] [yf1_v5] [INFO] 1号位打出['Single', '7', ['S7']]， 最大动作为1号位打出的['Single', '7', ['S7']]
[22:31:50] [yf1_v5] [INFO] 2号位打出['Single', 'T', ['CT']]， 最大动作为2号位打出的['Single', 'T', ['CT']]
[22:31:50] [yf1_v5] [INFO] 3号位打出['PASS', 'PASS', 'PASS']， 最大动作为2号位打出的['Single', 'T', ['CT']]
[22:31:50] [yf1_v5] [INFO] 0号位打出['Single', 'J', ['DJ']]， 最大动作为0号位打出的['Single', 'J', ['DJ']]
[22:31:50] [YFAdapter-P0] [INFO] [YF-P0] Decision context: myPos=0, curPos=0, greaterPos=0, teammate=2, curAction=[, actionList_size=7
[22:31:50] [YFAdapter-P0] [INFO] [YF-P0] Decided: action_index=0, action=['PASS', 'PASS', 'PASS']
[22:31:50] [yf1_v5] [INFO] 1号位打出['PASS', 'PASS', 'PASS']， 最大动作为0号位打出的['Single', 'J', ['DJ']]
[22:31:50] [yf1_v5] [INFO] 2号位打出['PASS', 'PASS', 'PASS']， 最大动作为0号位打出的['Single', 'J', ['DJ']]
[22:31:50] [yf1_v5] [INFO] 3号位打出['PASS', 'PASS', 'PASS']， 最大动作为0号位打出的['Single', 'J', ['DJ']]
[22:31:50] [yf1_v5] [INFO] 0号位打出['Single', '5', ['C5']]， 最大动作为0号位打出的['Single', '5', ['C5']]
[22:31:50] [YFAdapter-P0] [INFO] [YF-P0] Decision context: myPos=0, curPos=0, greaterPos=0, teammate=2, curAction=[, actionList_size=14
[22:31:50] [YFAdapter-P0] [INFO] [YF-P0] Decided: action_index=11, action=['Single', 'K', [['D', 'K']]]
[22:31:50] [yf1_v5] [INFO] 1号位打出['Single', 'K', ['DK']]， 最大动作为1号位打出的['Single', 'K', ['DK']]
[22:31:50] [yf1_v5] [INFO] 2号位打出['PASS', 'PASS', 'PASS']， 最大动作为1号位打出的['Single', 'K', ['DK']]
[22:31:50] [yf1_v5] [INFO] 3号位打出['Single', 'A', ['CA']]， 最大动作为3号位打出的['Single', 'A', ['CA']]
[22:31:50] [yf1_v5] [INFO] 0号位打出['PASS', 'PASS', 'PASS']， 最大动作为3号位打出的['Single', 'A', ['CA']]
[22:31:50] [YFAdapter-P0] [INFO] [YF-P0] Decision context: myPos=0, curPos=0, greaterPos=3, teammate=2, curAction=[, actionList_size=2
[22:31:50] [YFAdapter-P0] [INFO] [YF-P0] Decided: action_index=0, action=['PASS', 'PASS', 'PASS']
[22:31:50] [yf1_v5] [INFO] 1号位打出['Single', 'R', ['HR']]， 最大动作为1号位打出的['Single', 'R', ['HR']]
[22:31:50] [yf1_v5] [INFO] 2号位打出['Bomb', '4', ['S4', 'H4', 'H4', 'C4']]， 最大动作为2号位打出的['Bomb', '4', ['S4', 'H4', 'H4', 'C4']]
[22:31:50] [yf1_v5] [INFO] 3号位打出['PASS', 'PASS', 'PASS']， 最大动作为2号位打出的['Bomb', '4', ['S4', 'H4', 'H4', 'C4']]
[22:31:50] [yf1_v5] [INFO] 0号位打出['PASS', 'PASS', 'PASS']， 最大动作为2号位打出的['Bomb', '4', ['S4', 'H4', 'H4', 'C4']]
[22:31:50] [YFAdapter-P0] [INFO] [YF-P0] Decision context: myPos=0, curPos=0, greaterPos=2, teammate=2, curAction=[, actionList_size=1
[22:31:50] [YFAdapter-P0] [INFO] [YF-P0] Decided: action_index=0, action=['PASS', 'PASS', 'PASS']
[22:31:50] [yf1_v5] [INFO] 1号位打出['PASS', 'PASS', 'PASS']， 最大动作为2号位打出的['Bomb', '4', ['S4', 'H4', 'H4', 'C4']]
[22:31:50] [yf1_v5] [INFO] 2号位打出['Pair', '5', ['H5', 'H5']]， 最大动作为2号位打出的['Pair', '5', ['H5', 'H5']]
[22:31:50] [yf1_v5] [INFO] 3号位打出['Pair', '9', ['S9', 'D9']]， 最大动作为3号位打出的['Pair', '9', ['S9', 'D9']]
[22:31:50] [yf1_v5] [INFO] 0号位打出['Pair', 'Q', ['SQ', 'HQ']]， 最大动作为0号位打出的['Pair', 'Q', ['SQ', 'HQ']]
[22:31:50] [YFAdapter-P0] [INFO] [YF-P0] Decision context: myPos=0, curPos=0, greaterPos=0, teammate=2, curAction=[, actionList_size=1
[22:31:50] [YFAdapter-P0] [INFO] [YF-P0] Decided: action_index=0, action=['PASS', 'PASS', 'PASS']
[22:31:50] [yf1_v5] [INFO] 1号位打出['PASS', 'PASS', 'PASS']， 最大动作为0号位打出的['Pair', 'Q', ['SQ', 'HQ']]
[22:31:50] [yf1_v5] [INFO] 2号位打出['PASS', 'PASS', 'PASS']， 最大动作为0号位打出的['Pair', 'Q', ['SQ', 'HQ']]
[22:31:50] [yf1_v5] [INFO] 3号位打出['PASS', 'PASS', 'PASS']， 最大动作为0号位打出的['Pair', 'Q', ['SQ', 'HQ']]
[22:31:50] [yf1_v5] [INFO] 0号位打出['Single', '6', ['C6']]， 最大动作为0号位打出的['Single', '6', ['C6']]
[22:31:50] [YFAdapter-P0] [INFO] [YF-P0] Decision context: myPos=0, curPos=0, greaterPos=0, teammate=2, curAction=[, actionList_size=10
[22:31:50] [YFAdapter-P0] [INFO] [YF-P0] Decided: action_index=5, action=['Single', 'J', [['C', 'J']]]
[22:31:50] [yf1_v5] [INFO] 1号位打出['Single', 'J', ['CJ']]， 最大动作为1号位打出的['Single', 'J', ['CJ']]
[22:31:50] [yf1_v5] [INFO] 2号位打出['PASS', 'PASS', 'PASS']， 最大动作为1号位打出的['Single', 'J', ['CJ']]
[22:31:50] [yf1_v5] [INFO] 3号位打出['Single', 'A', ['DA']]， 最大动作为3号位打出的['Single', 'A', ['DA']]
[22:31:50] [yf1_v5] [INFO] 0号位打出['PASS', 'PASS', 'PASS']， 最大动作为3号位打出的['Single', 'A', ['DA']]
[22:31:50] [YFAdapter-P0] [INFO] [YF-P0] Decision context: myPos=0, curPos=0, greaterPos=3, teammate=2, curAction=[, actionList_size=1
[22:31:50] [YFAdapter-P0] [INFO] [YF-P0] Decided: action_index=0, action=['PASS', 'PASS', 'PASS']
[22:31:50] [yf1_v5] [INFO] 1号位打出['PASS', 'PASS', 'PASS']， 最大动作为3号位打出的['Single', 'A', ['DA']]
[22:31:50] [yf1_v5] [INFO] 2号位打出['Bomb', '6', ['H6', 'H6', 'D6', 'D6']]， 最大动作为2号位打出的['Bomb', '6', ['H6', 'H6', 'D6', 'D6']]
[22:31:50] [yf1_v5] [INFO] 3号位打出['PASS', 'PASS', 'PASS']， 最大动作为2号位打出的['Bomb', '6', ['H6', 'H6', 'D6', 'D6']]
[22:31:50] [yf1_v5] [INFO] 0号位打出['PASS', 'PASS', 'PASS']， 最大动作为2号位打出的['Bomb', '6', ['H6', 'H6', 'D6', 'D6']]
[22:31:50] [YFAdapter-P0] [INFO] [YF-P0] Decision context: myPos=0, curPos=0, greaterPos=2, teammate=2, curAction=[, actionList_size=1
[22:31:50] [YFAdapter-P0] [INFO] [YF-P0] Decided: action_index=0, action=['PASS', 'PASS', 'PASS']
[22:31:50] [yf1_v5] [INFO] 1号位打出['PASS', 'PASS', 'PASS']， 最大动作为2号位打出的['Bomb', '6', ['H6', 'H6', 'D6', 'D6']]
[22:31:50] [yf1_v5] [INFO] 2号位打出['Pair', '7', ['S7', 'C7']]， 最大动作为2号位打出的['Pair', '7', ['S7', 'C7']]
[22:31:50] [yf1_v5] [INFO] 3号位打出['Pair', 'Q', ['SQ', 'DQ']]， 最大动作为3号位打出的['Pair', 'Q', ['SQ', 'DQ']]
[22:31:50] [yf1_v5] [INFO] 0号位打出['Bomb', 'K', ['SK', 'HK', 'CK', 'DK']]， 最大动作为0号位打出的['Bomb', 'K', ['SK', 'HK', 'CK', 'DK']]
[22:31:50] [YFAdapter-P0] [INFO] [YF-P0] Decision context: myPos=0, curPos=0, greaterPos=0, teammate=2, curAction=[, actionList_size=1
[22:31:50] [YFAdapter-P0] [INFO] [YF-P0] Decided: action_index=0, action=['PASS', 'PASS', 'PASS']
[22:31:50] [yf1_v5] [INFO] 1号位打出['PASS', 'PASS', 'PASS']， 最大动作为0号位打出的['Bomb', 'K', ['SK', 'HK', 'CK', 'DK']]
[22:31:50] [yf1_v5] [INFO] 2号位打出['PASS', 'PASS', 'PASS']， 最大动作为0号位打出的['Bomb', 'K', ['SK', 'HK', 'CK', 'DK']]
[22:31:50] [yf1_v5] [INFO] 3号位打出['PASS', 'PASS', 'PASS']， 最大动作为0号位打出的['Bomb', 'K', ['SK', 'HK', 'CK', 'DK']]
[22:31:50] [yf1_v5] [INFO] 0号位打出['ThreeWithTwo', '2', ['S2', 'H2', 'H2', 'C7', 'D7']]， 最大动作为0号位打出的['ThreeWithTwo', '2', ['S2', 'H2', 'H2', 'C7', 'D7']]
[22:31:50] [YFAdapter-P0] [INFO] [YF-P0] Decision context: myPos=0, curPos=0, greaterPos=0, teammate=2, curAction=[, actionList_size=12
[22:31:50] [YFAdapter-P0] [INFO] [YF-P0] Decided: action_index=2, action=['ThreeWithTwo', '6', [['S', '6'], ['S', '6'], ['C', '6'], ['H', '9'], ['D', '9']]]
[22:31:50] [yf1_v5] [INFO] 1号位打出['ThreeWithTwo', '6', ['S6', 'S6', 'C6', 'H9', 'D9']]， 最大动作为1号位打出的['ThreeWithTwo', '6', ['S6', 'S6', 'C6', 'H9', 'D9']]
[22:31:50] [yf1_v5] [INFO] 2号位打出['PASS', 'PASS', 'PASS']， 最大动作为1号位打出的['ThreeWithTwo', '6', ['S6', 'S6', 'C6', 'H9', 'D9']]
[22:31:50] [yf1_v5] [INFO] 3号位打出['ThreeWithTwo', '7', ['H7', 'H7', 'D7', 'S2', 'D2']]， 最大动作为3号位打出的['ThreeWithTwo', '7', ['H7', 'H7', 'D7', 'S2', 'D2']]
[22:31:50] [yf1_v5] [INFO] 0号位打出['ThreeWithTwo', 'T', ['ST', 'HT', 'DT', 'S9', 'C9']]， 最大动作为0号位打出的['ThreeWithTwo', 'T', ['ST', 'HT', 'DT', 'S9', 'C9']]
[22:31:50] [YFAdapter-P0] [INFO] [YF-P0] Decision context: myPos=0, curPos=0, greaterPos=0, teammate=2, curAction=[, actionList_size=3
[22:31:50] [YFAdapter-P0] [INFO] [YF-P0] Decided: action_index=0, action=['PASS', 'PASS', 'PASS']
[22:31:50] [yf1_v5] [INFO] 1号位打出['ThreeWithTwo', 'Q', ['HQ', 'CQ', 'DQ', 'S5', 'D5']]， 最大动作为1号位打出的['ThreeWithTwo', 'Q', ['HQ', 'CQ', 'DQ', 'S5', 'D5']]
[22:31:50] [yf1_v5] [INFO] 2号位打出['Bomb', '8', ['S8', 'S8', 'H8', 'H8', 'D8']]， 最大动作为2号位打出的['Bomb', '8', ['S8', 'S8', 'H8', 'H8', 'D8']]
[22:31:50] [yf1_v5] [INFO] 3号位打出['PASS', 'PASS', 'PASS']， 最大动作为2号位打出的['Bomb', '8', ['S8', 'S8', 'H8', 'H8', 'D8']]
[22:31:50] [yf1_v5] [INFO] 0号位打出['PASS', 'PASS', 'PASS']， 最大动作为2号位打出的['Bomb', '8', ['S8', 'S8', 'H8', 'H8', 'D8']]
[22:31:50] [YFAdapter-P0] [INFO] [YF-P0] Decision context: myPos=0, curPos=0, greaterPos=2, teammate=2, curAction=[, actionList_size=1
[22:31:50] [YFAdapter-P0] [INFO] [YF-P0] Decided: action_index=0, action=['PASS', 'PASS', 'PASS']
[22:31:50] [yf1_v5] [INFO] 1号位打出['PASS', 'PASS', 'PASS']， 最大动作为2号位打出的['Bomb', '8', ['S8', 'S8', 'H8', 'H8', 'D8']]
[22:31:50] [yf1_v5] [INFO] 2号位打出['Pair', '9', ['H9', 'C9']]， 最大动作为2号位打出的['Pair', '9', ['H9', 'C9']]
[22:31:50] [yf1_v5] [INFO] 3号位打出['PASS', 'PASS', 'PASS']， 最大动作为2号位打出的['Pair', '9', ['H9', 'C9']]
[22:31:50] [yf1_v5] [INFO] 0号位打出['PASS', 'PASS', 'PASS']， 最大动作为2号位打出的['Pair', '9', ['H9', 'C9']]
[22:31:50] [YFAdapter-P0] [INFO] [YF-P0] Decision context: myPos=0, curPos=0, greaterPos=2, teammate=2, curAction=[, actionList_size=2
[22:31:50] [YFAdapter-P0] [INFO] [YF-P0] Decided: action_index=0, action=['PASS', 'PASS', 'PASS']
[22:31:50] [YFAdapter-P0] [WARNING] [YF-P0] 检测到过于保守: 对手快走完(剩3张), 触发Layer 2/3进行更积极的决策
[22:31:50] [yf1_v5] [INFO] 1号位打出['Pair', 'T', ['ST', 'CT']]， 最大动作为1号位打出的['Pair', 'T', ['ST', 'CT']]
[22:31:50] [yf1_v5] [INFO] 2号位打出['PASS', 'PASS', 'PASS']， 最大动作为1号位打出的['Pair', 'T', ['ST', 'CT']]
[22:31:50] [yf1_v5] [INFO] 3号位打出['PASS', 'PASS', 'PASS']， 最大动作为1号位打出的['Pair', 'T', ['ST', 'CT']]
[22:31:50] [yf1_v5] [INFO] 0号位打出['PASS', 'PASS', 'PASS']， 最大动作为1号位打出的['Pair', 'T', ['ST', 'CT']]
[22:31:50] [YFAdapter-P0] [INFO] [YF-P0] Decision context: myPos=0, curPos=-1, greaterPos=-1, teammate=2, curAction=[, actionList_size=1
[22:31:50] [YFAdapter-P0] [INFO] [YF-P0] Decided: action_index=0, action=['Single', 'A', [['S', 'A']]]
[22:31:50] [yf1_v5] [INFO] 1号位打出['Single', 'A', ['SA']]， 最大动作为1号位打出的['Single', 'A', ['SA']]
[22:31:50] [yf1_v5] [INFO] 2号位打出['PASS', 'PASS', 'PASS']， 最大动作为1号位打出的['Single', 'A', ['SA']]
[22:31:50] [yf1_v5] [INFO] 3号位打出['PASS', 'PASS', 'PASS']， 最大动作为1号位打出的['Single', 'A', ['SA']]
[22:31:50] [yf1_v5] [INFO] 3号位打出['Pair', '4', ['D4', 'D4']]， 最大动作为3号位打出的['Pair', '4', ['D4', 'D4']]
[22:31:50] [yf1_v5] [INFO] 0号位打出['PASS', 'PASS', 'PASS']， 最大动作为3号位打出的['Pair', '4', ['D4', 'D4']]
[22:31:50] [yf1_v5] [INFO] 2号位打出['PASS', 'PASS', 'PASS']， 最大动作为3号位打出的['Pair', '4', ['D4', 'D4']]
[22:31:51] [yf1_v5] [INFO] 3号位打出['Pair', '5', ['S5', 'D5']]， 最大动作为3号位打出的['Pair', '5', ['S5', 'D5']]
[22:31:51] [yf1_v5] [INFO] 0号位打出['PASS', 'PASS', 'PASS']， 最大动作为3号位打出的['Pair', '5', ['S5', 'D5']]
[22:31:51] [yf1_v5] [INFO] 2号位打出['PASS', 'PASS', 'PASS']， 最大动作为3号位打出的['Pair', '5', ['S5', 'D5']]
[22:31:51] [yf1_v5] [INFO] 3号位打出['Pair', '8', ['C8', 'D8']]， 最大动作为3号位打出的['Pair', '8', ['C8', 'D8']]
[22:31:51] [yf1_v5] [INFO] 0号位打出['PASS', 'PASS', 'PASS']， 最大动作为3号位打出的['Pair', '8', ['C8', 'D8']]
[22:31:51] [yf1_v5] [INFO] 2号位打出['PASS', 'PASS', 'PASS']， 最大动作为3号位打出的['Pair', '8', ['C8', 'D8']]
[22:31:51] [yf1_v5] [INFO] 3号位打出['Single', '3', ['H3']]， 最大动作为3号位打出的['Single', '3', ['H3']]
[22:31:51] [yf1_v5] [INFO] 0号位打出['Single', 'A', ['DA']]， 最大动作为0号位打出的['Single', 'A', ['DA']]
[22:31:51] [yf1_v5] [INFO] 2号位打出['PASS', 'PASS', 'PASS']， 最大动作为0号位打出的['Single', 'A', ['DA']]
[22:31:51] [yf1_v5] [INFO] 2号位打出['ThreeWithTwo', '3', ['S3', 'S3', 'C3', 'C2', 'D2']]， 最大动作为2号位打出的['ThreeWithTwo', '3', ['S3', 'S3', 'C3', 'C2', 'D2']]
[22:31:51] [yf1_v5] [INFO] 游戏开始, 我是1号位，手牌：['H2', 'H6', 'H6', 'H7', 'H7', 'C7', 'D7', 'D7', 'S8', 'S8', 'H8', 'H8', 'H9', 'D9', 'ST', 'HT', 'HJ', 'CJ', 'SQ', 'SQ', 'CQ', 'CQ', 'DQ', 'HK', 'CK', 'SA', 'H3']
[22:31:51] [YFAdapter-P0] [INFO] [YF-P0] Decision context: myPos=0, curPos=-1, greaterPos=-1, teammate=2, curAction=[, actionList_size=11
[22:31:51] [YFAdapter-P0] [ERROR] YF rule_parse failed: 'NoneType' object is not iterable
Traceback (most recent call last):
  File "D:\guandanscore\YiFeiAI-GD\src\communication\lalala_adapter_v4.py", line 462, in _make_yf_decision
    act_index = self.yf_action.rule_parse(
        message,
    ...<6 lines>...
        self.yf_state.tribute_result
    )
  File "D:\NYGD\lalala\action.py", line 1391, in rule_parse
    self.act = self.back_action(msg,mypos,tribute_result)
               ~~~~~~~~~~~~~~~~^^^^^^^^^^^^^^^^^^^^^^^^^^
  File "D:\NYGD\lalala\action.py", line 1331, in back_action
    card = choose_in_single(combined_temp["Single"])
  File "D:\NYGD\lalala\action.py", line 1212, in choose_in_single
    for my_pos in tribute_result:
                  ^^^^^^^^^^^^^^
TypeError: 'NoneType' object is not iterable
[22:31:51] [YFAdapter-P0] [ERROR] YF decision failed: YF decision failed: 'NoneType' object is not iterable
Traceback (most recent call last):
  File "D:\guandanscore\YiFeiAI-GD\src\communication\lalala_adapter_v4.py", line 462, in _make_yf_decision
    act_index = self.yf_action.rule_parse(
        message,
    ...<6 lines>...
        self.yf_state.tribute_result
    )
  File "D:\NYGD\lalala\action.py", line 1391, in rule_parse
    self.act = self.back_action(msg,mypos,tribute_result)
               ~~~~~~~~~~~~~~~~^^^^^^^^^^^^^^^^^^^^^^^^^^
  File "D:\NYGD\lalala\action.py", line 1331, in back_action
    card = choose_in_single(combined_temp["Single"])
  File "D:\NYGD\lalala\action.py", line 1212, in choose_in_single
    for my_pos in tribute_result:
                  ^^^^^^^^^^^^^^
TypeError: 'NoneType' object is not iterable

During handling of the above exception, another exception occurred:

Traceback (most recent call last):
  File "D:\guandanscore\YiFeiAI-GD\src\communication\lalala_adapter_v4.py", line 96, in decide
    action_index = self._make_yf_decision(converted_message)
  File "D:\guandanscore\YiFeiAI-GD\src\communication\lalala_adapter_v4.py", line 526, in _make_yf_decision
    raise RuntimeError(f"YF decision failed: {e}")
RuntimeError: YF decision failed: 'NoneType' object is not iterable
[22:31:51] [yf1_v5] [INFO] 3号位打出['Single', '7', ['C7']]， 最大动作为3号位打出的['Single', '7', ['C7']]
[22:31:51] [yf1_v5] [INFO] 0号位打出['Single', '8', ['C8']]， 最大动作为0号位打出的['Single', '8', ['C8']]
[22:31:51] [YFAdapter-P0] [INFO] [YF-P0] Decision context: myPos=0, curPos=0, greaterPos=0, teammate=2, curAction=[, actionList_size=60
[22:31:51] [YFAdapter-P0] [INFO] [YF-P0] Decided: action_index=40, action=['Bomb', 'Q', [['S', 'Q'], ['S', 'Q'], ['C', 'Q'], ['C', 'Q'], ['D', 'Q']]]
[22:31:51] [yf1_v5] [INFO] 1号位打出['Bomb', 'Q', ['SQ', 'SQ', 'CQ', 'CQ', 'DQ']]， 最大动作为1号位打出的['Bomb', 'Q', ['SQ', 'SQ', 'CQ', 'CQ', 'DQ']]
[22:31:51] [yf1_v5] [INFO] 2号位打出['PASS', 'PASS', 'PASS']， 最大动作为1号位打出的['Bomb', 'Q', ['SQ', 'SQ', 'CQ', 'CQ', 'DQ']]
[22:31:51] [yf1_v5] [INFO] 3号位打出['PASS', 'PASS', 'PASS']， 最大动作为1号位打出的['Bomb', 'Q', ['SQ', 'SQ', 'CQ', 'CQ', 'DQ']]
[22:31:51] [yf1_v5] [INFO] 0号位打出['PASS', 'PASS', 'PASS']， 最大动作为1号位打出的['Bomb', 'Q', ['SQ', 'SQ', 'CQ', 'CQ', 'DQ']]
[22:31:51] [YFAdapter-P0] [INFO] [YF-P0] Decision context: myPos=0, curPos=-1, greaterPos=-1, teammate=2, curAction=[, actionList_size=822
[22:31:51] [YFAdapter-P0] [INFO] [YF-P0] Decided: action_index=199, action=['ThreePair', '9', [['H', '9'], ['D', '9'], ['S', 'T'], ['H', 'T'], ['H', 'J'], ['C', 'J']]]
[22:31:51] [yf1_v5] [INFO] 1号位打出['ThreePair', '9', ['H9', 'D9', 'ST', 'HT', 'HJ', 'CJ']]， 最大动作为1号位打出的['ThreePair', '9', ['H9', 'D9', 'ST', 'HT', 'HJ', 'CJ']]
[22:31:51] [yf1_v5] [INFO] 2号位打出['PASS', 'PASS', 'PASS']， 最大动作为1号位打出的['ThreePair', '9', ['H9', 'D9', 'ST', 'HT', 'HJ', 'CJ']]
[22:31:51] [yf1_v5] [INFO] 3号位打出['Bomb', 'A', ['HA', 'HA', 'CA', 'CA']]， 最大动作为3号位打出的['Bomb', 'A', ['HA', 'HA', 'CA', 'CA']]
[22:31:51] [yf1_v5] [INFO] 0号位打出['PASS', 'PASS', 'PASS']， 最大动作为3号位打出的['Bomb', 'A', ['HA', 'HA', 'CA', 'CA']]
[22:31:51] [YFAdapter-P0] [INFO] [YF-P0] Decision context: myPos=0, curPos=0, greaterPos=3, teammate=2, curAction=[, actionList_size=7
[22:31:51] [YFAdapter-P0] [INFO] [YF-P0] Decided: action_index=0, action=['PASS', 'PASS', 'PASS']
[22:31:51] [yf1_v5] [INFO] 1号位打出['Bomb', '7', ['H7', 'H7', 'C7', 'D7', 'H3']]， 最大动作为1号位打出的['Bomb', '7', ['H7', 'H7', 'C7', 'D7', 'H3']]
[22:31:51] [yf1_v5] [INFO] 2号位打出['Bomb', 'K', ['SK', 'HK', 'CK', 'DK', 'DK']]， 最大动作为2号位打出的['Bomb', 'K', ['SK', 'HK', 'CK', 'DK', 'DK']]
[22:31:51] [yf1_v5] [INFO] 3号位打出['Bomb', '5', ['S5', 'H5', 'H5', 'C5', 'D5', 'D5']]， 最大动作为3号位打出的['Bomb', '5', ['S5', 'H5', 'H5', 'C5', 'D5', 'D5']]
[22:31:51] [yf1_v5] [INFO] 0号位打出['PASS', 'PASS', 'PASS']， 最大动作为3号位打出的['Bomb', '5', ['S5', 'H5', 'H5', 'C5', 'D5', 'D5']]
[22:31:51] [YFAdapter-P0] [INFO] [YF-P0] Decision context: myPos=0, curPos=0, greaterPos=3, teammate=2, curAction=[, actionList_size=1
[22:31:51] [YFAdapter-P0] [INFO] [YF-P0] Decided: action_index=0, action=['PASS', 'PASS', 'PASS']
[22:31:51] [yf1_v5] [INFO] 1号位打出['PASS', 'PASS', 'PASS']， 最大动作为3号位打出的['Bomb', '5', ['S5', 'H5', 'H5', 'C5', 'D5', 'D5']]
[22:31:51] [yf1_v5] [INFO] 2号位打出['PASS', 'PASS', 'PASS']， 最大动作为3号位打出的['Bomb', '5', ['S5', 'H5', 'H5', 'C5', 'D5', 'D5']]
[22:31:51] [yf1_v5] [INFO] 3号位打出['Straight', '8', ['D8', 'D9', 'CT', 'CJ', 'HQ']]， 最大动作为3号位打出的['Straight', '8', ['D8', 'D9', 'CT', 'CJ', 'HQ']]
[22:31:51] [yf1_v5] [INFO] 0号位打出['Bomb', '2', ['S2', 'C2', 'C2', 'H3']]， 最大动作为0号位打出的['Bomb', '2', ['S2', 'C2', 'C2', 'H3']]
[22:31:51] [YFAdapter-P0] [INFO] [YF-P0] Decision context: myPos=0, curPos=0, greaterPos=0, teammate=2, curAction=[, actionList_size=2
[22:31:51] [YFAdapter-P0] [INFO] [YF-P0] Decided: action_index=1, action=['Bomb', '8', [['S', '8'], ['S', '8'], ['H', '8'], ['H', '8']]]
[22:31:51] [yf1_v5] [INFO] 1号位打出['Bomb', '8', ['S8', 'S8', 'H8', 'H8']]， 最大动作为1号位打出的['Bomb', '8', ['S8', 'S8', 'H8', 'H8']]
[22:31:51] [yf1_v5] [INFO] 2号位打出['PASS', 'PASS', 'PASS']， 最大动作为1号位打出的['Bomb', '8', ['S8', 'S8', 'H8', 'H8']]
[22:31:51] [yf1_v5] [INFO] 3号位打出['PASS', 'PASS', 'PASS']， 最大动作为1号位打出的['Bomb', '8', ['S8', 'S8', 'H8', 'H8']]
[22:31:51] [yf1_v5] [INFO] 0号位打出['Bomb', 'J', ['SJ', 'SJ', 'HJ', 'DJ']]， 最大动作为0号位打出的['Bomb', 'J', ['SJ', 'SJ', 'HJ', 'DJ']]
[22:31:51] [YFAdapter-P0] [INFO] [YF-P0] Decision context: myPos=0, curPos=0, greaterPos=0, teammate=2, curAction=[, actionList_size=1
[22:31:51] [YFAdapter-P0] [INFO] [YF-P0] Decided: action_index=0, action=['PASS', 'PASS', 'PASS']
[22:31:51] [yf1_v5] [INFO] 1号位打出['PASS', 'PASS', 'PASS']， 最大动作为0号位打出的['Bomb', 'J', ['SJ', 'SJ', 'HJ', 'DJ']]
[22:31:51] [yf1_v5] [INFO] 2号位打出['PASS', 'PASS', 'PASS']， 最大动作为0号位打出的['Bomb', 'J', ['SJ', 'SJ', 'HJ', 'DJ']]
[22:31:51] [yf1_v5] [INFO] 3号位打出['PASS', 'PASS', 'PASS']， 最大动作为0号位打出的['Bomb', 'J', ['SJ', 'SJ', 'HJ', 'DJ']]
[22:31:51] [yf1_v5] [INFO] 0号位打出['Single', '2', ['D2']]， 最大动作为0号位打出的['Single', '2', ['D2']]
[22:31:51] [YFAdapter-P0] [INFO] [YF-P0] Decision context: myPos=0, curPos=0, greaterPos=0, teammate=2, curAction=[, actionList_size=7
[22:31:51] [YFAdapter-P0] [INFO] [YF-P0] Decided: action_index=2, action=['Single', '7', [['D', '7']]]
[22:31:51] [yf1_v5] [INFO] 1号位打出['Single', '7', ['D7']]， 最大动作为1号位打出的['Single', '7', ['D7']]
[22:31:51] [yf1_v5] [INFO] 2号位打出['Single', 'J', ['DJ']]， 最大动作为2号位打出的['Single', 'J', ['DJ']]
[22:31:51] [yf1_v5] [INFO] 3号位打出['Single', '3', ['D3']]， 最大动作为3号位打出的['Single', '3', ['D3']]
[22:31:51] [yf1_v5] [INFO] 0号位打出['Single', 'R', ['HR']]， 最大动作为0号位打出的['Single', 'R', ['HR']]
[22:31:51] [YFAdapter-P0] [INFO] [YF-P0] Decision context: myPos=0, curPos=0, greaterPos=0, teammate=2, curAction=[, actionList_size=1
[22:31:51] [YFAdapter-P0] [INFO] [YF-P0] Decided: action_index=0, action=['PASS', 'PASS', 'PASS']
[22:31:51] [yf1_v5] [INFO] 1号位打出['PASS', 'PASS', 'PASS']， 最大动作为0号位打出的['Single', 'R', ['HR']]
[22:31:51] [yf1_v5] [INFO] 2号位打出['PASS', 'PASS', 'PASS']， 最大动作为0号位打出的['Single', 'R', ['HR']]
[22:31:51] [yf1_v5] [INFO] 3号位打出['PASS', 'PASS', 'PASS']， 最大动作为0号位打出的['Single', 'R', ['HR']]
[22:31:51] [yf1_v5] [INFO] 0号位打出['Single', '5', ['C5']]， 最大动作为0号位打出的['Single', '5', ['C5']]
[22:31:51] [YFAdapter-P0] [INFO] [YF-P0] Decision context: myPos=0, curPos=0, greaterPos=0, teammate=2, curAction=[, actionList_size=6
[22:31:51] [YFAdapter-P0] [INFO] [YF-P0] Decided: action_index=5, action=['Single', '3', [['S', '3']]]
[22:31:51] [yf1_v5] [INFO] 1号位打出['Single', '3', ['S3']]， 最大动作为1号位打出的['Single', '3', ['S3']]
[22:31:51] [yf1_v5] [INFO] 2号位打出['Single', 'B', ['SB']]， 最大动作为2号位打出的['Single', 'B', ['SB']]
[22:31:51] [yf1_v5] [INFO] 3号位打出['PASS', 'PASS', 'PASS']， 最大动作为2号位打出的['Single', 'B', ['SB']]
[22:31:51] [yf1_v5] [INFO] 0号位打出['PASS', 'PASS', 'PASS']， 最大动作为2号位打出的['Single', 'B', ['SB']]
[22:31:51] [YFAdapter-P0] [INFO] [YF-P0] Decision context: myPos=0, curPos=0, greaterPos=2, teammate=2, curAction=[, actionList_size=1
[22:31:51] [YFAdapter-P0] [INFO] [YF-P0] Decided: action_index=0, action=['PASS', 'PASS', 'PASS']
[22:31:51] [yf1_v5] [INFO] 1号位打出['PASS', 'PASS', 'PASS']， 最大动作为2号位打出的['Single', 'B', ['SB']]
[22:31:51] [yf1_v5] [INFO] 2号位打出['Single', '2', ['S2']]， 最大动作为2号位打出的['Single', '2', ['S2']]
[22:31:51] [yf1_v5] [INFO] 3号位打出['Single', '4', ['C4']]， 最大动作为3号位打出的['Single', '4', ['C4']]
[22:31:51] [yf1_v5] [INFO] 0号位打出['Single', 'Q', ['HQ']]， 最大动作为0号位打出的['Single', 'Q', ['HQ']]
[22:31:51] [YFAdapter-P0] [INFO] [YF-P0] Decision context: myPos=0, curPos=0, greaterPos=0, teammate=2, curAction=[, actionList_size=4
[22:31:51] [YFAdapter-P0] [INFO] [YF-P0] Decided: action_index=2, action=['Single', 'K', [['C', 'K']]]
[22:31:51] [yf1_v5] [INFO] 1号位打出['Single', 'K', ['CK']]， 最大动作为1号位打出的['Single', 'K', ['CK']]
[22:31:51] [yf1_v5] [INFO] 2号位打出['Single', '3', ['C3']]， 最大动作为2号位打出的['Single', '3', ['C3']]
[22:31:51] [yf1_v5] [INFO] 3号位打出['PASS', 'PASS', 'PASS']， 最大动作为2号位打出的['Single', '3', ['C3']]
[22:31:51] [yf1_v5] [INFO] 0号位打出['PASS', 'PASS', 'PASS']， 最大动作为2号位打出的['Single', '3', ['C3']]
[22:31:51] [YFAdapter-P0] [INFO] [YF-P0] Decision context: myPos=0, curPos=0, greaterPos=2, teammate=2, curAction=[, actionList_size=1
[22:31:51] [YFAdapter-P0] [INFO] [YF-P0] Decided: action_index=0, action=['PASS', 'PASS', 'PASS']
[22:31:51] [yf1_v5] [INFO] 1号位打出['PASS', 'PASS', 'PASS']， 最大动作为2号位打出的['Single', '3', ['C3']]
[22:31:51] [yf1_v5] [INFO] 2号位打出['Single', '5', ['S5']]， 最大动作为2号位打出的['Single', '5', ['S5']]
[22:31:51] [yf1_v5] [INFO] 3号位打出['Single', '6', ['C6']]， 最大动作为3号位打出的['Single', '6', ['C6']]
[22:31:51] [yf1_v5] [INFO] 0号位打出['Single', '3', ['S3']]， 最大动作为0号位打出的['Single', '3', ['S3']]
[22:31:51] [YFAdapter-P0] [INFO] [YF-P0] Decision context: myPos=0, curPos=0, greaterPos=0, teammate=2, curAction=[, actionList_size=1
[22:31:51] [YFAdapter-P0] [INFO] [YF-P0] Decided: action_index=0, action=['PASS', 'PASS', 'PASS']
[22:31:51] [yf1_v5] [INFO] 1号位打出['PASS', 'PASS', 'PASS']， 最大动作为0号位打出的['Single', '3', ['S3']]
[22:31:51] [yf1_v5] [INFO] 2号位打出['PASS', 'PASS', 'PASS']， 最大动作为0号位打出的['Single', '3', ['S3']]
[22:31:51] [yf1_v5] [INFO] 3号位打出['PASS', 'PASS', 'PASS']， 最大动作为0号位打出的['Single', '3', ['S3']]
[22:31:51] [yf1_v5] [INFO] 0号位打出['Pair', '7', ['S7', 'S7']]， 最大动作为0号位打出的['Pair', '7', ['S7', 'S7']]
[22:31:51] [YFAdapter-P0] [INFO] [YF-P0] Decision context: myPos=0, curPos=0, greaterPos=0, teammate=2, curAction=[, actionList_size=1
[22:31:51] [YFAdapter-P0] [INFO] [YF-P0] Decided: action_index=0, action=['PASS', 'PASS', 'PASS']
[22:31:51] [yf1_v5] [INFO] 1号位打出['PASS', 'PASS', 'PASS']， 最大动作为0号位打出的['Pair', '7', ['S7', 'S7']]
[22:31:51] [yf1_v5] [INFO] 2号位打出['Pair', 'A', ['DA', 'DA']]， 最大动作为2号位打出的['Pair', 'A', ['DA', 'DA']]
[22:31:51] [yf1_v5] [INFO] 3号位打出['PASS', 'PASS', 'PASS']， 最大动作为2号位打出的['Pair', 'A', ['DA', 'DA']]
[22:31:51] [yf1_v5] [INFO] 0号位打出['PASS', 'PASS', 'PASS']， 最大动作为2号位打出的['Pair', 'A', ['DA', 'DA']]
[22:31:51] [YFAdapter-P0] [INFO] [YF-P0] Decision context: myPos=0, curPos=0, greaterPos=2, teammate=2, curAction=[, actionList_size=1
[22:31:51] [YFAdapter-P0] [INFO] [YF-P0] Decided: action_index=0, action=['PASS', 'PASS', 'PASS']
[22:31:51] [yf1_v5] [INFO] 1号位打出['PASS', 'PASS', 'PASS']， 最大动作为2号位打出的['Pair', 'A', ['DA', 'DA']]
[22:31:51] [yf1_v5] [INFO] 2号位打出['ThreeWithTwo', '4', ['H4', 'C4', 'D4', 'C8', 'D8']]， 最大动作为2号位打出的['ThreeWithTwo', '4', ['H4', 'C4', 'D4', 'C8', 'D8']]
[22:31:51] [yf1_v5] [INFO] 3号位打出['PASS', 'PASS', 'PASS']， 最大动作为2号位打出的['ThreeWithTwo', '4', ['H4', 'C4', 'D4', 'C8', 'D8']]
[22:31:51] [yf1_v5] [INFO] 0号位打出['ThreeWithTwo', '6', ['S6', 'D6', 'D6', 'S4', 'D4']]， 最大动作为0号位打出的['ThreeWithTwo', '6', ['S6', 'D6', 'D6', 'S4', 'D4']]
[22:31:51] [YFAdapter-P0] [INFO] [YF-P0] Decision context: myPos=0, curPos=0, greaterPos=0, teammate=2, curAction=[, actionList_size=1
[22:31:51] [YFAdapter-P0] [INFO] [YF-P0] Decided: action_index=0, action=['PASS', 'PASS', 'PASS']
[22:31:51] [yf1_v5] [INFO] 1号位打出['PASS', 'PASS', 'PASS']， 最大动作为0号位打出的['ThreeWithTwo', '6', ['S6', 'D6', 'D6', 'S4', 'D4']]
[22:31:51] [yf1_v5] [INFO] 2号位打出['ThreeWithTwo', '9', ['S9', 'C9', 'C9', 'ST', 'DT']]， 最大动作为2号位打出的['ThreeWithTwo', '9', ['S9', 'C9', 'C9', 'ST', 'DT']]
[22:31:51] [yf1_v5] [INFO] 3号位打出['PASS', 'PASS', 'PASS']， 最大动作为2号位打出的['ThreeWithTwo', '9', ['S9', 'C9', 'C9', 'ST', 'DT']]
[22:31:51] [yf1_v5] [INFO] 0号位打出['PASS', 'PASS', 'PASS']， 最大动作为2号位打出的['ThreeWithTwo', '9', ['S9', 'C9', 'C9', 'ST', 'DT']]
[22:31:51] [YFAdapter-P0] [INFO] [YF-P0] Decision context: myPos=0, curPos=0, greaterPos=2, teammate=2, curAction=[, actionList_size=1
[22:31:51] [YFAdapter-P0] [INFO] [YF-P0] Decided: action_index=0, action=['PASS', 'PASS', 'PASS']
[22:31:51] [yf1_v5] [INFO] 1号位打出['PASS', 'PASS', 'PASS']， 最大动作为2号位打出的['ThreeWithTwo', '9', ['S9', 'C9', 'C9', 'ST', 'DT']]
[22:31:51] [yf1_v5] [INFO] 2号位打出['Single', 'Q', ['DQ']]， 最大动作为2号位打出的['Single', 'Q', ['DQ']]
[22:31:51] [yf1_v5] [INFO] 3号位打出['PASS', 'PASS', 'PASS']， 最大动作为2号位打出的['Single', 'Q', ['DQ']]
[22:31:51] [yf1_v5] [INFO] 0号位打出['Single', 'K', ['SK']]， 最大动作为0号位打出的['Single', 'K', ['SK']]
[22:31:51] [YFAdapter-P0] [INFO] [YF-P0] Decision context: myPos=0, curPos=0, greaterPos=0, teammate=2, curAction=[, actionList_size=2
[22:31:51] [YFAdapter-P0] [INFO] [YF-P0] Decided: action_index=0, action=['PASS', 'PASS', 'PASS']
[22:31:51] [YFAdapter-P0] [WARNING] [YF-P0] 检测到过于保守: 对手快走完(剩4张), 触发Layer 2/3进行更积极的决策
[22:31:51] [yf1_v5] [INFO] 1号位打出['Single', 'A', ['SA']]， 最大动作为1号位打出的['Single', 'A', ['SA']]
[22:31:51] [yf1_v5] [INFO] 2号位打出['Single', 'B', ['SB']]， 最大动作为2号位打出的['Single', 'B', ['SB']]
[22:31:51] [yf1_v5] [INFO] 3号位打出['PASS', 'PASS', 'PASS']， 最大动作为2号位打出的['Single', 'B', ['SB']]
[22:31:51] [yf1_v5] [INFO] 0号位打出['PASS', 'PASS', 'PASS']， 最大动作为2号位打出的['Single', 'B', ['SB']]
[22:31:51] [YFAdapter-P0] [INFO] [YF-P0] Decision context: myPos=0, curPos=0, greaterPos=2, teammate=2, curAction=[, actionList_size=1
[22:31:51] [YFAdapter-P0] [INFO] [YF-P0] Decided: action_index=0, action=['PASS', 'PASS', 'PASS']
[22:31:51] [yf1_v5] [INFO] 1号位打出['PASS', 'PASS', 'PASS']， 最大动作为2号位打出的['Single', 'B', ['SB']]
[22:31:51] [yf1_v5] [INFO] 2号位打出['Pair', '3', ['C3', 'D3']]， 最大动作为2号位打出的['Pair', '3', ['C3', 'D3']]
[22:31:51] [yf1_v5] [INFO] 3号位打出['PASS', 'PASS', 'PASS']， 最大动作为2号位打出的['Pair', '3', ['C3', 'D3']]
[22:31:51] [yf1_v5] [INFO] 0号位打出['PASS', 'PASS', 'PASS']， 最大动作为2号位打出的['Pair', '3', ['C3', 'D3']]
[22:31:51] [YFAdapter-P0] [INFO] [YF-P0] Decision context: myPos=0, curPos=0, greaterPos=2, teammate=2, curAction=[, actionList_size=1
[22:31:51] [YFAdapter-P0] [INFO] [YF-P0] Decided: action_index=0, action=['PASS', 'PASS', 'PASS']
[22:31:51] [yf1_v5] [INFO] 1号位打出['PASS', 'PASS', 'PASS']， 最大动作为2号位打出的['Pair', '3', ['C3', 'D3']]
[22:31:51] [yf1_v5] [INFO] 2号位打出['Single', 'R', ['HR']]， 最大动作为2号位打出的['Single', 'R', ['HR']]
[22:31:51] [yf1_v5] [INFO] 3号位打出['PASS', 'PASS', 'PASS']， 最大动作为2号位打出的['Single', 'R', ['HR']]
[22:31:51] [yf1_v5] [INFO] 0号位打出['PASS', 'PASS', 'PASS']， 最大动作为2号位打出的['Single', 'R', ['HR']]
[22:31:51] [yf1_v5] [INFO] 0号位打出['Pair', '9', ['S9', 'H9']]， 最大动作为0号位打出的['Pair', '9', ['S9', 'H9']]
[22:31:51] [YFAdapter-P0] [INFO] [YF-P0] Decision context: myPos=0, curPos=0, greaterPos=0, teammate=2, curAction=[, actionList_size=1
[22:31:51] [YFAdapter-P0] [INFO] [YF-P0] Decided: action_index=0, action=['PASS', 'PASS', 'PASS']
[22:31:51] [yf1_v5] [INFO] 1号位打出['PASS', 'PASS', 'PASS']， 最大动作为0号位打出的['Pair', '9', ['S9', 'H9']]
[22:31:51] [yf1_v5] [INFO] 3号位打出['PASS', 'PASS', 'PASS']， 最大动作为0号位打出的['Pair', '9', ['S9', 'H9']]
[22:31:51] [yf1_v5] [INFO] 0号位打出['Pair', 'T', ['HT', 'DT']]， 最大动作为0号位打出的['Pair', 'T', ['HT', 'DT']]
[22:31:51] [YFAdapter-P0] [INFO] [YF-P0] Decision context: myPos=0, curPos=0, greaterPos=0, teammate=2, curAction=[, actionList_size=1
[22:31:51] [YFAdapter-P0] [INFO] [YF-P0] Decided: action_index=0, action=['PASS', 'PASS', 'PASS']
[22:31:51] [yf1_v5] [INFO] 1号位打出['PASS', 'PASS', 'PASS']， 最大动作为0号位打出的['Pair', 'T', ['HT', 'DT']]
[22:31:51] [yf1_v5] [INFO] 3号位打出['PASS', 'PASS', 'PASS']， 最大动作为0号位打出的['Pair', 'T', ['HT', 'DT']]
[22:31:51] [yf1_v5] [INFO] 0号位打出['Single', 'A', ['SA']]， 最大动作为0号位打出的['Single', 'A', ['SA']]
[22:31:51] [yf1_v5] [INFO] 游戏开始, 我是1号位，手牌：['H3', 'D3', 'D4', 'C5', 'S7', 'S7', 'H8', 'C8', 'C9', 'D9', 'ST', 'HT', 'CT', 'CT', 'DT', 'SJ', 'CJ', 'CJ', 'DJ', 'HQ', 'DQ', 'DK', 'H2', 'D2', 'D2', 'SB', 'HR']
[22:31:51] [YFAdapter-P0] [INFO] [YF-P0] Decision context: myPos=0, curPos=-1, greaterPos=0, teammate=2, curAction=[, actionList_size=1
[22:31:51] [YFAdapter-P0] [INFO] [YF-P0] Decided: action_index=0, action=['tribute', 'tribute', [['H', 'R']]]
[22:31:51] [YFAdapter-P0] [INFO] [YF-P0] Decision context: myPos=0, curPos=-1, greaterPos=0, teammate=2, curAction=[, actionList_size=1736
[22:31:51] [YFAdapter-P0] [INFO] [YF-P0] Decided: action_index=3, action=['Single', '4', [['D', '4']]]
[22:31:51] [yf1_v5] [INFO] 1号位打出['Single', '4', ['D4']]， 最大动作为1号位打出的['Single', '4', ['D4']]
[22:31:51] [yf1_v5] [INFO] 2号位打出['Single', '2', ['S2']]， 最大动作为2号位打出的['Single', '2', ['S2']]
[22:31:51] [yf1_v5] [INFO] 3号位打出['PASS', 'PASS', 'PASS']， 最大动作为2号位打出的['Single', '2', ['S2']]
[22:31:51] [yf1_v5] [INFO] 0号位打出['PASS', 'PASS', 'PASS']， 最大动作为2号位打出的['Single', '2', ['S2']]
[22:31:51] [YFAdapter-P0] [INFO] [YF-P0] Decision context: myPos=0, curPos=0, greaterPos=2, teammate=2, curAction=[, actionList_size=26
[22:31:51] [YFAdapter-P0] [INFO] [YF-P0] Decided: action_index=0, action=['PASS', 'PASS', 'PASS']
[22:31:51] [yf1_v5] [INFO] 1号位打出['PASS', 'PASS', 'PASS']， 最大动作为2号位打出的['Single', '2', ['S2']]
[22:31:51] [yf1_v5] [INFO] 2号位打出['Single', '3', ['S3']]， 最大动作为2号位打出的['Single', '3', ['S3']]
[22:31:51] [yf1_v5] [INFO] 3号位打出['Single', '4', ['C4']]， 最大动作为3号位打出的['Single', '4', ['C4']]
[22:31:51] [yf1_v5] [INFO] 0号位打出['Single', 'T', ['DT']]， 最大动作为0号位打出的['Single', 'T', ['DT']]
[22:31:51] [YFAdapter-P0] [INFO] [YF-P0] Decision context: myPos=0, curPos=0, greaterPos=0, teammate=2, curAction=[, actionList_size=34
[22:31:51] [YFAdapter-P0] [INFO] [YF-P0] Decided: action_index=19, action=['Bomb', 'T', [['H', 'T'], ['C', 'T'], ['C', 'T'], ['D', 'T']]]
[22:31:51] [yf1_v5] [INFO] 1号位打出['Bomb', 'T', ['HT', 'CT', 'CT', 'DT']]， 最大动作为1号位打出的['Bomb', 'T', ['HT', 'CT', 'CT', 'DT']]
[22:31:51] [yf1_v5] [INFO] 2号位打出['PASS', 'PASS', 'PASS']， 最大动作为1号位打出的['Bomb', 'T', ['HT', 'CT', 'CT', 'DT']]
[22:31:51] [yf1_v5] [INFO] 3号位打出['PASS', 'PASS', 'PASS']， 最大动作为1号位打出的['Bomb', 'T', ['HT', 'CT', 'CT', 'DT']]
[22:31:51] [yf1_v5] [INFO] 0号位打出['PASS', 'PASS', 'PASS']， 最大动作为1号位打出的['Bomb', 'T', ['HT', 'CT', 'CT', 'DT']]
[22:31:51] [YFAdapter-P0] [INFO] [YF-P0] Decision context: myPos=0, curPos=-1, greaterPos=-1, teammate=2, curAction=[, actionList_size=507
[22:31:51] [YFAdapter-P0] [INFO] [YF-P0] Decided: action_index=3, action=['Single', '5', [['C', '5']]]
[22:31:51] [yf1_v5] [INFO] 1号位打出['Single', '5', ['C5']]， 最大动作为1号位打出的['Single', '5', ['C5']]
[22:31:51] [yf1_v5] [INFO] 2号位打出['Single', '2', ['H2']]， 最大动作为2号位打出的['Single', '2', ['H2']]
[22:31:51] [yf1_v5] [INFO] 3号位打出['PASS', 'PASS', 'PASS']， 最大动作为2号位打出的['Single', '2', ['H2']]
[22:31:51] [yf1_v5] [INFO] 0号位打出['PASS', 'PASS', 'PASS']， 最大动作为2号位打出的['Single', '2', ['H2']]
[22:31:51] [YFAdapter-P0] [INFO] [YF-P0] Decision context: myPos=0, curPos=0, greaterPos=2, teammate=2, curAction=[, actionList_size=8
[22:31:51] [YFAdapter-P0] [INFO] [YF-P0] Decided: action_index=0, action=['PASS', 'PASS', 'PASS']
[22:31:51] [yf1_v5] [INFO] 1号位打出['PASS', 'PASS', 'PASS']， 最大动作为2号位打出的['Single', '2', ['H2']]
[22:31:51] [yf1_v5] [INFO] 2号位打出['Straight', '7', ['H7', 'S8', 'S9', 'ST', 'HJ']]， 最大动作为2号位打出的['Straight', '7', ['H7', 'S8', 'S9', 'ST', 'HJ']]
[22:31:51] [yf1_v5] [INFO] 3号位打出['Straight', '8', ['S8', 'D9', 'HT', 'HJ', 'CQ']]， 最大动作为3号位打出的['Straight', '8', ['S8', 'D9', 'HT', 'HJ', 'CQ']]
[22:31:51] [yf1_v5] [INFO] 0号位打出['PASS', 'PASS', 'PASS']， 最大动作为3号位打出的['Straight', '8', ['S8', 'D9', 'HT', 'HJ', 'CQ']]
[22:31:51] [YFAdapter-P0] [INFO] [YF-P0] Decision context: myPos=0, curPos=0, greaterPos=3, teammate=2, curAction=[, actionList_size=59
[22:31:51] [YFAdapter-P0] [INFO] [YF-P0] Decided: action_index=0, action=['PASS', 'PASS', 'PASS']
[22:31:51] [yf1_v5] [INFO] 1号位打出['Bomb', 'J', ['SJ', 'CJ', 'CJ', 'H2']]， 最大动作为1号位打出的['Bomb', 'J', ['SJ', 'CJ', 'CJ', 'H2']]
[22:31:51] [yf1_v5] [INFO] 2号位打出['Bomb', '6', ['S6', 'H6', 'C6', 'C6', 'D6']]， 最大动作为2号位打出的['Bomb', '6', ['S6', 'H6', 'C6', 'C6', 'D6']]
[22:31:51] [yf1_v5] [INFO] 3号位打出['PASS', 'PASS', 'PASS']， 最大动作为2号位打出的['Bomb', '6', ['S6', 'H6', 'C6', 'C6', 'D6']]
[22:31:51] [yf1_v5] [INFO] 0号位打出['PASS', 'PASS', 'PASS']， 最大动作为2号位打出的['Bomb', '6', ['S6', 'H6', 'C6', 'C6', 'D6']]
[22:31:51] [YFAdapter-P0] [INFO] [YF-P0] Decision context: myPos=0, curPos=0, greaterPos=2, teammate=2, curAction=[, actionList_size=1
[22:31:51] [YFAdapter-P0] [INFO] [YF-P0] Decided: action_index=0, action=['PASS', 'PASS', 'PASS']
[22:31:51] [yf1_v5] [INFO] 1号位打出['PASS', 'PASS', 'PASS']， 最大动作为2号位打出的['Bomb', '6', ['S6', 'H6', 'C6', 'C6', 'D6']]
[22:31:51] [yf1_v5] [INFO] 2号位打出['ThreeWithTwo', '4', ['S4', 'H4', 'C4', 'S3', 'D3']]， 最大动作为2号位打出的['ThreeWithTwo', '4', ['S4', 'H4', 'C4', 'S3', 'D3']]
[22:31:51] [yf1_v5] [INFO] 3号位打出['ThreeWithTwo', 'K', ['SK', 'HK', 'HK', 'SJ', 'DJ']]， 最大动作为3号位打出的['ThreeWithTwo', 'K', ['SK', 'HK', 'HK', 'SJ', 'DJ']]
[22:31:51] [yf1_v5] [INFO] 0号位打出['ThreeWithTwo', 'A', ['SA', 'DA', 'DA', 'S4', 'H4']]， 最大动作为0号位打出的['ThreeWithTwo', 'A', ['SA', 'DA', 'DA', 'S4', 'H4']]
[22:31:51] [YFAdapter-P0] [INFO] [YF-P0] Decision context: myPos=0, curPos=0, greaterPos=0, teammate=2, curAction=[, actionList_size=1
[22:31:51] [YFAdapter-P0] [INFO] [YF-P0] Decided: action_index=0, action=['PASS', 'PASS', 'PASS']
[22:31:51] [yf1_v5] [INFO] 1号位打出['PASS', 'PASS', 'PASS']， 最大动作为0号位打出的['ThreeWithTwo', 'A', ['SA', 'DA', 'DA', 'S4', 'H4']]
[22:31:51] [yf1_v5] [INFO] 2号位打出['PASS', 'PASS', 'PASS']， 最大动作为0号位打出的['ThreeWithTwo', 'A', ['SA', 'DA', 'DA', 'S4', 'H4']]
[22:31:51] [yf1_v5] [INFO] 3号位打出['PASS', 'PASS', 'PASS']， 最大动作为0号位打出的['ThreeWithTwo', 'A', ['SA', 'DA', 'DA', 'S4', 'H4']]
[22:31:51] [yf1_v5] [INFO] 0号位打出['ThreePair', '5', ['H5', 'D5', 'S6', 'D6', 'C7', 'D7']]， 最大动作为0号位打出的['ThreePair', '5', ['H5', 'D5', 'S6', 'D6', 'C7', 'D7']]
[22:31:51] [YFAdapter-P0] [INFO] [YF-P0] Decision context: myPos=0, curPos=0, greaterPos=0, teammate=2, curAction=[, actionList_size=2
[22:31:51] [YFAdapter-P0] [INFO] [YF-P0] Decided: action_index=0, action=['PASS', 'PASS', 'PASS']
[22:31:51] [yf1_v5] [INFO] 1号位打出['PASS', 'PASS', 'PASS']， 最大动作为0号位打出的['ThreePair', '5', ['H5', 'D5', 'S6', 'D6', 'C7', 'D7']]
[22:31:51] [yf1_v5] [INFO] 2号位打出['PASS', 'PASS', 'PASS']， 最大动作为0号位打出的['ThreePair', '5', ['H5', 'D5', 'S6', 'D6', 'C7', 'D7']]
[22:31:51] [yf1_v5] [INFO] 3号位打出['PASS', 'PASS', 'PASS']， 最大动作为0号位打出的['ThreePair', '5', ['H5', 'D5', 'S6', 'D6', 'C7', 'D7']]
[22:31:51] [yf1_v5] [INFO] 0号位打出['ThreeWithTwo', '8', ['H8', 'C8', 'D8', 'S9', 'C9']]， 最大动作为0号位打出的['ThreeWithTwo', '8', ['H8', 'C8', 'D8', 'S9', 'C9']]
[22:31:51] [YFAdapter-P0] [INFO] [YF-P0] Decision context: myPos=0, curPos=0, greaterPos=0, teammate=2, curAction=[, actionList_size=1
[22:31:51] [YFAdapter-P0] [INFO] [YF-P0] Decided: action_index=0, action=['PASS', 'PASS', 'PASS']
[22:31:51] [yf1_v5] [INFO] 1号位打出['PASS', 'PASS', 'PASS']， 最大动作为0号位打出的['ThreeWithTwo', '8', ['H8', 'C8', 'D8', 'S9', 'C9']]
[22:31:51] [yf1_v5] [INFO] 2号位打出['ThreeWithTwo', 'A', ['HA', 'CA', 'CA', 'S5', 'H5']]， 最大动作为2号位打出的['ThreeWithTwo', 'A', ['HA', 'CA', 'CA', 'S5', 'H5']]
[22:31:52] [yf1_v5] [INFO] 3号位打出['PASS', 'PASS', 'PASS']， 最大动作为2号位打出的['ThreeWithTwo', 'A', ['HA', 'CA', 'CA', 'S5', 'H5']]
[22:31:52] [yf1_v5] [INFO] 0号位打出['PASS', 'PASS', 'PASS']， 最大动作为2号位打出的['ThreeWithTwo', 'A', ['HA', 'CA', 'CA', 'S5', 'H5']]
[22:31:52] [YFAdapter-P0] [INFO] [YF-P0] Decision context: myPos=0, curPos=0, greaterPos=2, teammate=2, curAction=[, actionList_size=1
[22:31:52] [YFAdapter-P0] [INFO] [YF-P0] Decided: action_index=0, action=['PASS', 'PASS', 'PASS']
[22:31:52] [yf1_v5] [INFO] 1号位打出['PASS', 'PASS', 'PASS']， 最大动作为2号位打出的['ThreeWithTwo', 'A', ['HA', 'CA', 'CA', 'S5', 'H5']]
[22:31:52] [yf1_v5] [INFO] 2号位打出['Pair', 'Q', ['HQ', 'CQ']]， 最大动作为2号位打出的['Pair', 'Q', ['HQ', 'CQ']]
[22:31:52] [yf1_v5] [INFO] 3号位打出['PASS', 'PASS', 'PASS']， 最大动作为2号位打出的['Pair', 'Q', ['HQ', 'CQ']]
[22:31:52] [yf1_v5] [INFO] 0号位打出['PASS', 'PASS', 'PASS']， 最大动作为2号位打出的['Pair', 'Q', ['HQ', 'CQ']]
[22:31:52] [YFAdapter-P0] [INFO] [YF-P0] Decision context: myPos=0, curPos=0, greaterPos=2, teammate=2, curAction=[, actionList_size=2
[22:31:52] [YFAdapter-P0] [INFO] [YF-P0] Decided: action_index=0, action=['PASS', 'PASS', 'PASS']
[22:31:52] [yf1_v5] [INFO] 1号位打出['PASS', 'PASS', 'PASS']， 最大动作为2号位打出的['Pair', 'Q', ['HQ', 'CQ']]
[22:31:52] [yf1_v5] [INFO] 2号位打出['Pair', '2', ['C2', 'C2']]， 最大动作为2号位打出的['Pair', '2', ['C2', 'C2']]
[22:31:52] [yf1_v5] [INFO] 3号位打出['PASS', 'PASS', 'PASS']， 最大动作为2号位打出的['Pair', '2', ['C2', 'C2']]
[22:31:52] [yf1_v5] [INFO] 0号位打出['PASS', 'PASS', 'PASS']， 最大动作为2号位打出的['Pair', '2', ['C2', 'C2']]
[22:31:52] [yf1_v5] [INFO] 0号位打出['Pair', 'Q', ['SQ', 'DQ']]， 最大动作为0号位打出的['Pair', 'Q', ['SQ', 'DQ']]
[22:31:52] [YFAdapter-P0] [INFO] [YF-P0] Decision context: myPos=0, curPos=0, greaterPos=0, teammate=2, curAction=[, actionList_size=2
[22:31:52] [YFAdapter-P0] [INFO] [YF-P0] Decided: action_index=1, action=['Pair', '2', [['D', '2'], ['D', '2']]]
[22:31:52] [yf1_v5] [INFO] 1号位打出['Pair', '2', ['D2', 'D2']]， 最大动作为1号位打出的['Pair', '2', ['D2', 'D2']]
[22:31:52] [yf1_v5] [INFO] 3号位打出['PASS', 'PASS', 'PASS']， 最大动作为1号位打出的['Pair', '2', ['D2', 'D2']]
[22:31:52] [yf1_v5] [INFO] 0号位打出['Pair', 'R', ['HR', 'HR']]， 最大动作为0号位打出的['Pair', 'R', ['HR', 'HR']]
[22:31:52] [YFAdapter-P0] [INFO] [YF-P0] Decision context: myPos=0, curPos=0, greaterPos=0, teammate=2, curAction=[, actionList_size=1
[22:31:52] [YFAdapter-P0] [INFO] [YF-P0] Decided: action_index=0, action=['PASS', 'PASS', 'PASS']
[22:31:52] [yf1_v5] [INFO] 1号位打出['PASS', 'PASS', 'PASS']， 最大动作为0号位打出的['Pair', 'R', ['HR', 'HR']]
[22:31:52] [yf1_v5] [INFO] 3号位打出['PASS', 'PASS', 'PASS']， 最大动作为0号位打出的['Pair', 'R', ['HR', 'HR']]
[22:31:52] [yf1_v5] [INFO] 0号位打出['Single', '2', ['S2']]， 最大动作为0号位打出的['Single', '2', ['S2']]
[22:31:52] [YFAdapter-P0] [INFO] [YF-P0] Decision context: myPos=0, curPos=0, greaterPos=0, teammate=2, curAction=[, actionList_size=2
[22:31:52] [YFAdapter-P0] [INFO] [YF-P0] Decided: action_index=0, action=['PASS', 'PASS', 'PASS']
[22:31:52] [yf1_v5] [INFO] 1号位打出['Single', 'B', ['SB']]， 最大动作为1号位打出的['Single', 'B', ['SB']]
[22:31:52] [yf1_v5] [INFO] 3号位打出['PASS', 'PASS', 'PASS']， 最大动作为1号位打出的['Single', 'B', ['SB']]
[22:31:52] [yf1_v5] [INFO] 0号位打出['Bomb', 'K', ['SK', 'CK', 'CK', 'DK']]， 最大动作为0号位打出的['Bomb', 'K', ['SK', 'CK', 'CK', 'DK']]
[22:31:52] [YFAdapter-P0] [INFO] [YF-P0] Decision context: myPos=0, curPos=0, greaterPos=0, teammate=2, curAction=[, actionList_size=1
[22:31:52] [YFAdapter-P0] [INFO] [YF-P0] Decided: action_index=0, action=['PASS', 'PASS', 'PASS']
[22:31:52] [yf1_v5] [INFO] 1号位打出['PASS', 'PASS', 'PASS']， 最大动作为0号位打出的['Bomb', 'K', ['SK', 'CK', 'CK', 'DK']]
[22:31:52] [yf1_v5] [INFO] 3号位打出['PASS', 'PASS', 'PASS']， 最大动作为0号位打出的['Bomb', 'K', ['SK', 'CK', 'CK', 'DK']]
[22:31:52] [yf1_v5] [INFO] 0号位打出['Single', 'B', ['SB']]， 最大动作为0号位打出的['Single', 'B', ['SB']]
[22:31:52] [yf1_v5] [INFO] 游戏开始, 我是1号位，手牌：['S2', 'D2', 'D3', 'H4', 'D6', 'H7', 'C7', 'C8', 'D9', 'ST', 'ST', 'HT', 'SJ', 'SJ', 'HJ', 'CJ', 'SQ', 'HQ', 'DQ', 'SK', 'CK', 'CK', 'DK', 'CA', 'D5', 'HR', 'HR']
[22:31:52] [yf1_v5] [INFO] 2号位打出['Single', '2', ['H2']]， 最大动作为2号位打出的['Single', '2', ['H2']]
[22:31:52] [yf1_v5] [INFO] 3号位打出['Single', '7', ['D7']]， 最大动作为3号位打出的['Single', '7', ['D7']]
[22:31:52] [yf1_v5] [INFO] 0号位打出['Single', 'T', ['HT']]， 最大动作为0号位打出的['Single', 'T', ['HT']]
[22:31:52] [YFAdapter-P0] [INFO] [YF-P0] Decision context: myPos=0, curPos=0, greaterPos=0, teammate=2, curAction=[, actionList_size=15
[22:31:52] [YFAdapter-P0] [INFO] [YF-P0] Decided: action_index=7, action=['Single', 'K', [['S', 'K']]]
[22:31:52] [yf1_v5] [INFO] 1号位打出['Single', 'K', ['SK']]， 最大动作为1号位打出的['Single', 'K', ['SK']]
[22:31:52] [yf1_v5] [INFO] 2号位打出['Single', '5', ['S5']]， 最大动作为2号位打出的['Single', '5', ['S5']]
[22:31:52] [yf1_v5] [INFO] 3号位打出['Bomb', '2', ['H2', 'C2', 'C2', 'D2']]， 最大动作为3号位打出的['Bomb', '2', ['H2', 'C2', 'C2', 'D2']]
[22:31:52] [yf1_v5] [INFO] 0号位打出['Bomb', '7', ['S7', 'H7', 'C7', 'H5']]， 最大动作为0号位打出的['Bomb', '7', ['S7', 'H7', 'C7', 'H5']]
[22:31:52] [YFAdapter-P0] [INFO] [YF-P0] Decision context: myPos=0, curPos=0, greaterPos=0, teammate=2, curAction=[, actionList_size=2
[22:31:52] [YFAdapter-P0] [INFO] [YF-P0] Decided: action_index=1, action=['Bomb', 'J', [['S', 'J'], ['S', 'J'], ['H', 'J'], ['C', 'J']]]
[22:31:52] [yf1_v5] [INFO] 1号位打出['Bomb', 'J', ['SJ', 'SJ', 'HJ', 'CJ']]， 最大动作为1号位打出的['Bomb', 'J', ['SJ', 'SJ', 'HJ', 'CJ']]
[22:31:52] [yf1_v5] [INFO] 2号位打出['PASS', 'PASS', 'PASS']， 最大动作为1号位打出的['Bomb', 'J', ['SJ', 'SJ', 'HJ', 'CJ']]
[22:31:52] [yf1_v5] [INFO] 3号位打出['Bomb', 'A', ['HA', 'CA', 'DA', 'DA']]， 最大动作为3号位打出的['Bomb', 'A', ['HA', 'CA', 'DA', 'DA']]
[22:31:52] [yf1_v5] [INFO] 0号位打出['PASS', 'PASS', 'PASS']， 最大动作为3号位打出的['Bomb', 'A', ['HA', 'CA', 'DA', 'DA']]
[22:31:52] [YFAdapter-P0] [INFO] [YF-P0] Decision context: myPos=0, curPos=0, greaterPos=3, teammate=2, curAction=[, actionList_size=1
[22:31:52] [YFAdapter-P0] [INFO] [YF-P0] Decided: action_index=0, action=['PASS', 'PASS', 'PASS']
[22:31:52] [yf1_v5] [INFO] 1号位打出['PASS', 'PASS', 'PASS']， 最大动作为3号位打出的['Bomb', 'A', ['HA', 'CA', 'DA', 'DA']]
[22:31:52] [yf1_v5] [INFO] 2号位打出['Bomb', '9', ['H9', 'H9', 'C9', 'C9', 'D9']]， 最大动作为2号位打出的['Bomb', '9', ['H9', 'H9', 'C9', 'C9', 'D9']]
[22:31:52] [yf1_v5] [INFO] 3号位打出['PASS', 'PASS', 'PASS']， 最大动作为2号位打出的['Bomb', '9', ['H9', 'H9', 'C9', 'C9', 'D9']]
[22:31:52] [yf1_v5] [INFO] 0号位打出['PASS', 'PASS', 'PASS']， 最大动作为2号位打出的['Bomb', '9', ['H9', 'H9', 'C9', 'C9', 'D9']]
[22:31:52] [YFAdapter-P0] [INFO] [YF-P0] Decision context: myPos=0, curPos=0, greaterPos=2, teammate=2, curAction=[, actionList_size=1
[22:31:52] [YFAdapter-P0] [INFO] [YF-P0] Decided: action_index=0, action=['PASS', 'PASS', 'PASS']
[22:31:52] [yf1_v5] [INFO] 1号位打出['PASS', 'PASS', 'PASS']， 最大动作为2号位打出的['Bomb', '9', ['H9', 'H9', 'C9', 'C9', 'D9']]
[22:31:52] [yf1_v5] [INFO] 2号位打出['Single', '7', ['S7']]， 最大动作为2号位打出的['Single', '7', ['S7']]
[22:31:52] [yf1_v5] [INFO] 3号位打出['Bomb', '4', ['S4', 'C4', 'D4', 'D4']]， 最大动作为3号位打出的['Bomb', '4', ['S4', 'C4', 'D4', 'D4']]
[22:31:52] [yf1_v5] [INFO] 0号位打出['Bomb', '8', ['S8', 'H8', 'C8', 'H5']]， 最大动作为0号位打出的['Bomb', '8', ['S8', 'H8', 'C8', 'H5']]
[22:31:52] [YFAdapter-P0] [INFO] [YF-P0] Decision context: myPos=0, curPos=0, greaterPos=0, teammate=2, curAction=[, actionList_size=1
[22:31:52] [YFAdapter-P0] [INFO] [YF-P0] Decided: action_index=0, action=['PASS', 'PASS', 'PASS']
[22:31:52] [yf1_v5] [INFO] 1号位打出['PASS', 'PASS', 'PASS']， 最大动作为0号位打出的['Bomb', '8', ['S8', 'H8', 'C8', 'H5']]
[22:31:52] [yf1_v5] [INFO] 2号位打出['PASS', 'PASS', 'PASS']， 最大动作为0号位打出的['Bomb', '8', ['S8', 'H8', 'C8', 'H5']]
[22:31:52] [yf1_v5] [INFO] 3号位打出['PASS', 'PASS', 'PASS']， 最大动作为0号位打出的['Bomb', '8', ['S8', 'H8', 'C8', 'H5']]
[22:31:52] [yf1_v5] [INFO] 0号位打出['Single', '2', ['S2']]， 最大动作为0号位打出的['Single', '2', ['S2']]
[22:31:52] [YFAdapter-P0] [INFO] [YF-P0] Decision context: myPos=0, curPos=0, greaterPos=0, teammate=2, curAction=[, actionList_size=18
[22:31:52] [YFAdapter-P0] [INFO] [YF-P0] Decided: action_index=12, action=['Single', 'Q', [['D', 'Q']]]
[22:31:52] [yf1_v5] [INFO] 1号位打出['Single', 'Q', ['DQ']]， 最大动作为1号位打出的['Single', 'Q', ['DQ']]
[22:31:52] [yf1_v5] [INFO] 2号位打出['Single', '5', ['D5']]， 最大动作为2号位打出的['Single', '5', ['D5']]
[22:31:52] [yf1_v5] [INFO] 3号位打出['PASS', 'PASS', 'PASS']， 最大动作为2号位打出的['Single', '5', ['D5']]
[22:31:52] [yf1_v5] [INFO] 0号位打出['PASS', 'PASS', 'PASS']， 最大动作为2号位打出的['Single', '5', ['D5']]
[22:31:52] [YFAdapter-P0] [INFO] [YF-P0] Decision context: myPos=0, curPos=0, greaterPos=2, teammate=2, curAction=[, actionList_size=2
[22:31:52] [YFAdapter-P0] [INFO] [YF-P0] Decided: action_index=0, action=['PASS', 'PASS', 'PASS']
[22:31:52] [yf1_v5] [INFO] 1号位打出['Single', 'R', ['HR']]， 最大动作为1号位打出的['Single', 'R', ['HR']]
[22:31:52] [yf1_v5] [INFO] 2号位打出['PASS', 'PASS', 'PASS']， 最大动作为1号位打出的['Single', 'R', ['HR']]
[22:31:52] [yf1_v5] [INFO] 3号位打出['Bomb', '3', ['S3', 'H3', 'C3', 'D3']]， 最大动作为3号位打出的['Bomb', '3', ['S3', 'H3', 'C3', 'D3']]
[22:31:52] [yf1_v5] [INFO] 0号位打出['PASS', 'PASS', 'PASS']， 最大动作为3号位打出的['Bomb', '3', ['S3', 'H3', 'C3', 'D3']]
[22:31:52] [YFAdapter-P0] [INFO] [YF-P0] Decision context: myPos=0, curPos=0, greaterPos=3, teammate=2, curAction=[, actionList_size=1
[22:31:52] [YFAdapter-P0] [INFO] [YF-P0] Decided: action_index=0, action=['PASS', 'PASS', 'PASS']
[22:31:52] [yf1_v5] [INFO] 1号位打出['PASS', 'PASS', 'PASS']， 最大动作为3号位打出的['Bomb', '3', ['S3', 'H3', 'C3', 'D3']]
[22:31:52] [yf1_v5] [INFO] 2号位打出['PASS', 'PASS', 'PASS']， 最大动作为3号位打出的['Bomb', '3', ['S3', 'H3', 'C3', 'D3']]
[22:31:52] [yf1_v5] [INFO] 3号位打出['Single', '8', ['S8']]， 最大动作为3号位打出的['Single', '8', ['S8']]
[22:31:52] [yf1_v5] [INFO] 0号位打出['Single', 'A', ['SA']]， 最大动作为0号位打出的['Single', 'A', ['SA']]
[22:31:52] [YFAdapter-P0] [INFO] [YF-P0] Decision context: myPos=0, curPos=0, greaterPos=0, teammate=2, curAction=[, actionList_size=3
[22:31:52] [YFAdapter-P0] [INFO] [YF-P0] Decided: action_index=0, action=['PASS', 'PASS', 'PASS']
[22:31:52] [yf1_v5] [INFO] 1号位打出['Single', 'R', ['HR']]， 最大动作为1号位打出的['Single', 'R', ['HR']]
[22:31:52] [yf1_v5] [INFO] 2号位打出['PASS', 'PASS', 'PASS']， 最大动作为1号位打出的['Single', 'R', ['HR']]
[22:31:52] [yf1_v5] [INFO] 3号位打出['PASS', 'PASS', 'PASS']， 最大动作为1号位打出的['Single', 'R', ['HR']]
[22:31:52] [yf1_v5] [INFO] 0号位打出['PASS', 'PASS', 'PASS']， 最大动作为1号位打出的['Single', 'R', ['HR']]
[22:31:52] [YFAdapter-P0] [INFO] [YF-P0] Decision context: myPos=0, curPos=-1, greaterPos=-1, teammate=2, curAction=[, actionList_size=50
[22:31:52] [YFAdapter-P0] [INFO] [YF-P0] Decided: action_index=2, action=['Single', '3', [['D', '3']]]
[22:31:52] [yf1_v5] [INFO] 1号位打出['Single', '3', ['D3']]， 最大动作为1号位打出的['Single', '3', ['D3']]
[22:31:52] [yf1_v5] [INFO] 2号位打出['Single', 'B', ['SB']]， 最大动作为2号位打出的['Single', 'B', ['SB']]
[22:31:52] [yf1_v5] [INFO] 3号位打出['PASS', 'PASS', 'PASS']， 最大动作为2号位打出的['Single', 'B', ['SB']]
[22:31:52] [yf1_v5] [INFO] 0号位打出['PASS', 'PASS', 'PASS']， 最大动作为2号位打出的['Single', 'B', ['SB']]
[22:31:52] [YFAdapter-P0] [INFO] [YF-P0] Decision context: myPos=0, curPos=0, greaterPos=2, teammate=2, curAction=[, actionList_size=1
[22:31:52] [YFAdapter-P0] [INFO] [YF-P0] Decided: action_index=0, action=['PASS', 'PASS', 'PASS']
[22:31:52] [yf1_v5] [INFO] 1号位打出['PASS', 'PASS', 'PASS']， 最大动作为2号位打出的['Single', 'B', ['SB']]
[22:31:52] [yf1_v5] [INFO] 2号位打出['ThreeWithTwo', '6', ['C6', 'C6', 'D6', 'S3', 'C3']]， 最大动作为2号位打出的['ThreeWithTwo', '6', ['C6', 'C6', 'D6', 'S3', 'C3']]
[22:31:52] [yf1_v5] [INFO] 3号位打出['PASS', 'PASS', 'PASS']， 最大动作为2号位打出的['ThreeWithTwo', '6', ['C6', 'C6', 'D6', 'S3', 'C3']]
[22:31:52] [yf1_v5] [INFO] 0号位打出['ThreeWithTwo', 'Q', ['SQ', 'HQ', 'CQ', 'S9', 'S9']]， 最大动作为0号位打出的['ThreeWithTwo', 'Q', ['SQ', 'HQ', 'CQ', 'S9', 'S9']]
[22:31:52] [YFAdapter-P0] [INFO] [YF-P0] Decision context: myPos=0, curPos=0, greaterPos=0, teammate=2, curAction=[, actionList_size=6
[22:31:52] [YFAdapter-P0] [INFO] [YF-P0] Decided: action_index=5, action=['ThreeWithTwo', 'K', [['C', 'K'], ['C', 'K'], ['D', 'K'], ['S', 'Q'], ['H', 'Q']]]
[22:31:52] [yf1_v5] [INFO] 1号位打出['ThreeWithTwo', 'K', ['CK', 'CK', 'DK', 'SQ', 'HQ']]， 最大动作为1号位打出的['ThreeWithTwo', 'K', ['CK', 'CK', 'DK', 'SQ', 'HQ']]
[22:31:52] [yf1_v5] [INFO] 2号位打出['PASS', 'PASS', 'PASS']， 最大动作为1号位打出的['ThreeWithTwo', 'K', ['CK', 'CK', 'DK', 'SQ', 'HQ']]
[22:31:52] [yf1_v5] [INFO] 3号位打出['PASS', 'PASS', 'PASS']， 最大动作为1号位打出的['ThreeWithTwo', 'K', ['CK', 'CK', 'DK', 'SQ', 'HQ']]
[22:31:52] [yf1_v5] [INFO] 0号位打出['PASS', 'PASS', 'PASS']， 最大动作为1号位打出的['ThreeWithTwo', 'K', ['CK', 'CK', 'DK', 'SQ', 'HQ']]
[22:31:52] [YFAdapter-P0] [INFO] [YF-P0] Decision context: myPos=0, curPos=-1, greaterPos=-1, teammate=2, curAction=[, actionList_size=27
[22:31:52] [YFAdapter-P0] [INFO] [YF-P0] Decided: action_index=2, action=['Single', '4', [['H', '4']]]
[22:31:52] [yf1_v5] [INFO] 1号位打出['Single', '4', ['H4']]， 最大动作为1号位打出的['Single', '4', ['H4']]
[22:31:52] [yf1_v5] [INFO] 2号位打出['Single', 'B', ['SB']]， 最大动作为2号位打出的['Single', 'B', ['SB']]
[22:31:52] [yf1_v5] [INFO] 3号位打出['PASS', 'PASS', 'PASS']， 最大动作为2号位打出的['Single', 'B', ['SB']]
[22:31:52] [yf1_v5] [INFO] 0号位打出['PASS', 'PASS', 'PASS']， 最大动作为2号位打出的['Single', 'B', ['SB']]
[22:31:52] [YFAdapter-P0] [INFO] [YF-P0] Decision context: myPos=0, curPos=0, greaterPos=2, teammate=2, curAction=[, actionList_size=1
[22:31:52] [YFAdapter-P0] [INFO] [YF-P0] Decided: action_index=0, action=['PASS', 'PASS', 'PASS']
[22:31:52] [yf1_v5] [INFO] 1号位打出['PASS', 'PASS', 'PASS']， 最大动作为2号位打出的['Single', 'B', ['SB']]
[22:31:52] [yf1_v5] [INFO] 2号位打出['ThreeWithTwo', 'T', ['CT', 'CT', 'DT', 'H8', 'D8']]， 最大动作为2号位打出的['ThreeWithTwo', 'T', ['CT', 'CT', 'DT', 'H8', 'D8']]
[22:31:52] [yf1_v5] [INFO] 3号位打出['PASS', 'PASS', 'PASS']， 最大动作为2号位打出的['ThreeWithTwo', 'T', ['CT', 'CT', 'DT', 'H8', 'D8']]
[22:31:52] [yf1_v5] [INFO] 0号位打出['PASS', 'PASS', 'PASS']， 最大动作为2号位打出的['ThreeWithTwo', 'T', ['CT', 'CT', 'DT', 'H8', 'D8']]
[22:31:52] [YFAdapter-P0] [INFO] [YF-P0] Decision context: myPos=0, curPos=0, greaterPos=2, teammate=2, curAction=[, actionList_size=1
[22:31:52] [YFAdapter-P0] [INFO] [YF-P0] Decided: action_index=0, action=['PASS', 'PASS', 'PASS']
[22:31:52] [yf1_v5] [INFO] 1号位打出['PASS', 'PASS', 'PASS']， 最大动作为2号位打出的['ThreeWithTwo', 'T', ['CT', 'CT', 'DT', 'H8', 'D8']]
[22:31:52] [yf1_v5] [INFO] 2号位打出['Pair', 'J', ['HJ', 'CJ']]， 最大动作为2号位打出的['Pair', 'J', ['HJ', 'CJ']]
[22:31:52] [yf1_v5] [INFO] 3号位打出['PASS', 'PASS', 'PASS']， 最大动作为2号位打出的['Pair', 'J', ['HJ', 'CJ']]
[22:31:52] [yf1_v5] [INFO] 0号位打出['PASS', 'PASS', 'PASS']， 最大动作为2号位打出的['Pair', 'J', ['HJ', 'CJ']]
[22:31:52] [YFAdapter-P0] [INFO] [YF-P0] Decision context: myPos=0, curPos=0, greaterPos=2, teammate=2, curAction=[, actionList_size=1
[22:31:52] [YFAdapter-P0] [INFO] [YF-P0] Decided: action_index=0, action=['PASS', 'PASS', 'PASS']
[22:31:52] [yf1_v5] [INFO] 1号位打出['PASS', 'PASS', 'PASS']， 最大动作为2号位打出的['Pair', 'J', ['HJ', 'CJ']]
[22:31:52] [yf1_v5] [INFO] 2号位打出['Pair', 'Q', ['CQ', 'DQ']]， 最大动作为2号位打出的['Pair', 'Q', ['CQ', 'DQ']]
[22:31:52] [yf1_v5] [INFO] 3号位打出['PASS', 'PASS', 'PASS']， 最大动作为2号位打出的['Pair', 'Q', ['CQ', 'DQ']]
[22:31:52] [yf1_v5] [INFO] 0号位打出['Pair', 'K', ['HK', 'DK']]， 最大动作为0号位打出的['Pair', 'K', ['HK', 'DK']]
[22:31:52] [YFAdapter-P0] [INFO] [YF-P0] Decision context: myPos=0, curPos=0, greaterPos=0, teammate=2, curAction=[, actionList_size=1
[22:31:52] [YFAdapter-P0] [INFO] [YF-P0] Decided: action_index=0, action=['PASS', 'PASS', 'PASS']
[22:31:52] [yf1_v5] [INFO] 1号位打出['PASS', 'PASS', 'PASS']， 最大动作为0号位打出的['Pair', 'K', ['HK', 'DK']]
[22:31:52] [yf1_v5] [INFO] 2号位打出['Pair', 'A', ['SA', 'HA']]， 最大动作为2号位打出的['Pair', 'A', ['SA', 'HA']]
[22:31:52] [yf1_v5] [INFO] 3号位打出['PASS', 'PASS', 'PASS']， 最大动作为2号位打出的['Pair', 'A', ['SA', 'HA']]
[22:31:52] [yf1_v5] [INFO] 0号位打出['PASS', 'PASS', 'PASS']， 最大动作为2号位打出的['Pair', 'A', ['SA', 'HA']]
[22:31:52] [yf1_v5] [INFO] 0号位打出['Single', '3', ['H3']]， 最大动作为0号位打出的['Single', '3', ['H3']]
[22:31:52] [YFAdapter-P0] [INFO] [YF-P0] Decision context: myPos=0, curPos=0, greaterPos=0, teammate=2, curAction=[, actionList_size=10
[22:31:52] [YFAdapter-P0] [INFO] [YF-P0] Decided: action_index=6, action=['Single', 'T', [['S', 'T']]]
[22:31:52] [yf1_v5] [INFO] 1号位打出['Single', 'T', ['ST']]， 最大动作为1号位打出的['Single', 'T', ['ST']]
[22:31:52] [yf1_v5] [INFO] 3号位打出['Single', 'J', ['DJ']]， 最大动作为3号位打出的['Single', 'J', ['DJ']]
[22:31:52] [yf1_v5] [INFO] 0号位打出['Single', '5', ['C5']]， 最大动作为0号位打出的['Single', '5', ['C5']]
[22:31:52] [YFAdapter-P0] [INFO] [YF-P0] Decision context: myPos=0, curPos=0, greaterPos=0, teammate=2, curAction=[, actionList_size=1
[22:31:52] [YFAdapter-P0] [INFO] [YF-P0] Decided: action_index=0, action=['PASS', 'PASS', 'PASS']
[22:31:52] [yf1_v5] [INFO] 1号位打出['PASS', 'PASS', 'PASS']， 最大动作为0号位打出的['Single', '5', ['C5']]
[22:31:52] [yf1_v5] [INFO] 3号位打出['PASS', 'PASS', 'PASS']， 最大动作为0号位打出的['Single', '5', ['C5']]
[22:31:52] [yf1_v5] [INFO] 0号位打出['Single', '6', ['S6']]， 最大动作为0号位打出的['Single', '6', ['S6']]
[22:31:52] [YFAdapter-P0] [INFO] [YF-P0] Decision context: myPos=0, curPos=0, greaterPos=0, teammate=2, curAction=[, actionList_size=9
[22:31:52] [YFAdapter-P0] [INFO] [YF-P0] Decided: action_index=6, action=['Single', 'T', [['H', 'T']]]
[22:31:52] [yf1_v5] [INFO] 1号位打出['Single', 'T', ['HT']]， 最大动作为1号位打出的['Single', 'T', ['HT']]
[22:31:52] [yf1_v5] [INFO] 3号位打出['Single', 'J', ['DJ']]， 最大动作为3号位打出的['Single', 'J', ['DJ']]
[22:31:52] [yf1_v5] [INFO] 0号位打出['Single', '5', ['C5']]， 最大动作为0号位打出的['Single', '5', ['C5']]
[22:31:52] [YFAdapter-P0] [INFO] [YF-P0] Decision context: myPos=0, curPos=0, greaterPos=0, teammate=2, curAction=[, actionList_size=1
[22:31:52] [YFAdapter-P0] [INFO] [YF-P0] Decided: action_index=0, action=['PASS', 'PASS', 'PASS']
[22:31:52] [yf1_v5] [INFO] 1号位打出['PASS', 'PASS', 'PASS']， 最大动作为0号位打出的['Single', '5', ['C5']]
[22:31:52] [yf1_v5] [INFO] 3号位打出['PASS', 'PASS', 'PASS']， 最大动作为0号位打出的['Single', '5', ['C5']]
[22:31:52] [yf1_v5] [INFO] 0号位打出['Single', '7', ['D7']]， 最大动作为0号位打出的['Single', '7', ['D7']]
[22:31:52] [YFAdapter-P0] [INFO] [YF-P0] Decision context: myPos=0, curPos=0, greaterPos=0, teammate=2, curAction=[, actionList_size=6
[22:31:52] [YFAdapter-P0] [INFO] [YF-P0] Decided: action_index=5, action=['Single', '5', [['D', '5']]]
[22:31:52] [yf1_v5] [INFO] 1号位打出['Single', '5', ['D5']]， 最大动作为1号位打出的['Single', '5', ['D5']]
[22:31:52] [yf1_v5] [INFO] 3号位打出['PASS', 'PASS', 'PASS']， 最大动作为1号位打出的['Single', '5', ['D5']]
[22:31:52] [yf1_v5] [INFO] 0号位打出['PASS', 'PASS', 'PASS']， 最大动作为1号位打出的['Single', '5', ['D5']]
[22:31:52] [YFAdapter-P0] [INFO] [YF-P0] Decision context: myPos=0, curPos=-1, greaterPos=-1, teammate=2, curAction=[, actionList_size=13
[22:31:52] [YFAdapter-P0] [INFO] [YF-P0] Decided: action_index=4, action=['Single', '7', [['C', '7']]]
[22:31:52] [yf1_v5] [INFO] 1号位打出['Single', '7', ['C7']]， 最大动作为1号位打出的['Single', '7', ['C7']]
[22:31:52] [yf1_v5] [INFO] 3号位打出['Single', 'K', ['SK']]， 最大动作为3号位打出的['Single', 'K', ['SK']]
[22:31:52] [yf1_v5] [INFO] 0号位打出['PASS', 'PASS', 'PASS']， 最大动作为3号位打出的['Single', 'K', ['SK']]
[22:31:52] [YFAdapter-P0] [INFO] [YF-P0] Decision context: myPos=0, curPos=0, greaterPos=3, teammate=2, curAction=[, actionList_size=2
[22:31:52] [YFAdapter-P0] [INFO] [YF-P0] Decided: action_index=0, action=['PASS', 'PASS', 'PASS']
[22:31:52] [yf1_v5] [INFO] 1号位打出['Single', 'A', ['CA']]， 最大动作为1号位打出的['Single', 'A', ['CA']]
[22:31:52] [yf1_v5] [INFO] 3号位打出['Single', '5', ['S5']]， 最大动作为3号位打出的['Single', '5', ['S5']]
[22:31:52] [yf1_v5] [INFO] 0号位打出['PASS', 'PASS', 'PASS']， 最大动作为3号位打出的['Single', '5', ['S5']]
[22:31:52] [YFAdapter-P0] [INFO] [YF-P0] Decision context: myPos=0, curPos=0, greaterPos=3, teammate=2, curAction=[, actionList_size=1
[22:31:52] [YFAdapter-P0] [INFO] [YF-P0] Decided: action_index=0, action=['PASS', 'PASS', 'PASS']
[22:31:52] [yf1_v5] [INFO] 1号位打出['PASS', 'PASS', 'PASS']， 最大动作为3号位打出的['Single', '5', ['S5']]
[22:31:52] [yf1_v5] [INFO] 3号位打出['Pair', '6', ['S6', 'H6']]， 最大动作为3号位打出的['Pair', '6', ['S6', 'H6']]
[22:31:52] [yf1_v5] [INFO] 0号位打出['PASS', 'PASS', 'PASS']， 最大动作为3号位打出的['Pair', '6', ['S6', 'H6']]
[22:31:52] [YFAdapter-P0] [INFO] [YF-P0] Decision context: myPos=0, curPos=0, greaterPos=3, teammate=2, curAction=[, actionList_size=1
[22:31:52] [YFAdapter-P0] [INFO] [YF-P0] Decided: action_index=0, action=['PASS', 'PASS', 'PASS']
[22:31:52] [yf1_v5] [INFO] 1号位打出['PASS', 'PASS', 'PASS']， 最大动作为3号位打出的['Pair', '6', ['S6', 'H6']]
[22:31:52] [yf1_v5] [INFO] 3号位打出['Single', '6', ['H6']]， 最大动作为3号位打出的['Single', '6', ['H6']]
[22:31:52] [yf1_v5] [INFO] 0号位打出['Single', '8', ['D8']]， 最大动作为0号位打出的['Single', '8', ['D8']]
[22:31:52] [YFAdapter-P0] [INFO] [YF-P0] Decision context: myPos=0, curPos=0, greaterPos=0, teammate=2, curAction=[, actionList_size=3
[22:31:52] [YFAdapter-P0] [INFO] [YF-P0] Decided: action_index=2, action=['Single', 'T', [['S', 'T']]]
[22:31:52] [yf1_v5] [INFO] 1号位打出['Single', 'T', ['ST']]， 最大动作为1号位打出的['Single', 'T', ['ST']]
[22:31:52] [yf1_v5] [INFO] 3号位打出['Single', 'K', ['HK']]， 最大动作为3号位打出的['Single', 'K', ['HK']]
[22:31:52] [yf1_v5] [INFO] 0号位打出['PASS', 'PASS', 'PASS']， 最大动作为3号位打出的['Single', 'K', ['HK']]
[22:31:52] [YFAdapter-P0] [INFO] [YF-P0] Decision context: myPos=0, curPos=0, greaterPos=3, teammate=2, curAction=[, actionList_size=1
[22:31:52] [YFAdapter-P0] [INFO] [YF-P0] Decided: action_index=0, action=['PASS', 'PASS', 'PASS']
[22:31:52] [yf1_v5] [INFO] 1号位打出['PASS', 'PASS', 'PASS']， 最大动作为3号位打出的['Single', 'K', ['HK']]
[22:31:52] [yf1_v5] [INFO] 3号位打出['Single', 'T', ['DT']]， 最大动作为3号位打出的['Single', 'T', ['DT']]
[22:31:52] [yf1_v5] [INFO] 0号位打出['PASS', 'PASS', 'PASS']， 最大动作为3号位打出的['Single', 'T', ['DT']]
[22:31:52] [YFAdapter-P0] [INFO] [YF-P0] Decision context: myPos=0, curPos=0, greaterPos=3, teammate=2, curAction=[, actionList_size=1
[22:31:52] [YFAdapter-P0] [INFO] [YF-P0] Decided: action_index=0, action=['PASS', 'PASS', 'PASS']
[22:31:52] [yf1_v5] [INFO] 1号位打出['PASS', 'PASS', 'PASS']， 最大动作为3号位打出的['Single', 'T', ['DT']]
[22:31:52] [YFAdapter-P0] [INFO] [YF-P0] Decision context: myPos=0, curPos=-1, greaterPos=-1, teammate=2, curAction=[, actionList_size=7
[22:31:52] [YFAdapter-P0] [INFO] [YF-P0] Decided: action_index=2, action=['Single', '6', [['D', '6']]]
[22:31:52] [yf1_v5] [INFO] 1号位打出['Single', '6', ['D6']]， 最大动作为1号位打出的['Single', '6', ['D6']]
[22:31:52] [yf1_v5] [INFO] 0号位打出['PASS', 'PASS', 'PASS']， 最大动作为1号位打出的['Single', '6', ['D6']]
[22:31:52] [YFAdapter-P0] [INFO] [YF-P0] Decision context: myPos=0, curPos=-1, greaterPos=-1, teammate=2, curAction=[, actionList_size=6
[22:31:52] [YFAdapter-P0] [INFO] [YF-P0] Decided: action_index=2, action=['Single', '7', [['H', '7']]]
[22:31:52] [yf1_v5] [INFO] 1号位打出['Single', '7', ['H7']]， 最大动作为1号位打出的['Single', '7', ['H7']]
[22:31:52] [yf1_v5] [INFO] 0号位打出['PASS', 'PASS', 'PASS']， 最大动作为1号位打出的['Single', '7', ['H7']]
[22:31:52] [YFAdapter-P0] [INFO] [YF-P0] Decision context: myPos=0, curPos=-1, greaterPos=-1, teammate=2, curAction=[, actionList_size=5
[22:31:52] [YFAdapter-P0] [INFO] [YF-P0] Decided: action_index=2, action=['Single', '8', [['C', '8']]]
[22:31:52] [yf1_v5] [INFO] 1号位打出['Single', '8', ['C8']]， 最大动作为1号位打出的['Single', '8', ['C8']]
[22:31:52] [yf1_v5] [INFO] 0号位打出['PASS', 'PASS', 'PASS']， 最大动作为1号位打出的['Single', '8', ['C8']]
[22:31:52] [YFAdapter-P0] [INFO] [YF-P0] Decision context: myPos=0, curPos=-1, greaterPos=-1, teammate=2, curAction=[, actionList_size=4
[22:31:52] [YFAdapter-P0] [INFO] [YF-P0] Decided: action_index=3, action=['Pair', '2', [['S', '2'], ['D', '2']]]
[22:31:52] [yf1_v5] [INFO] 1号位打出['Pair', '2', ['S2', 'D2']]， 最大动作为1号位打出的['Pair', '2', ['S2', 'D2']]
[22:31:52] [yf1_v5] [INFO] 0号位打出['Pair', '4', ['S4', 'C4']]， 最大动作为0号位打出的['Pair', '4', ['S4', 'C4']]
[22:31:52] [YFAdapter-P0] [INFO] [YF-P0] Decision context: myPos=0, curPos=0, greaterPos=0, teammate=2, curAction=[, actionList_size=1
[22:31:52] [YFAdapter-P0] [INFO] [YF-P0] Decided: action_index=0, action=['PASS', 'PASS', 'PASS']
[22:31:52] [yf1_v5] [INFO] 1号位打出['PASS', 'PASS', 'PASS']， 最大动作为0号位打出的['Pair', '4', ['S4', 'C4']]
[22:31:52] [yf1_v5] [INFO] 0号位打出['Single', '4', ['H4']]， 最大动作为0号位打出的['Single', '4', ['H4']]
[22:31:52] [yf1_v5] [INFO] 游戏开始, 我是1号位，手牌：['D2', 'C3', 'S4', 'C4', 'C4', 'D4', 'S5', 'C5', 'D5', 'H6', 'D6', 'ST', 'HT', 'CJ', 'DJ', 'SQ', 'HQ', 'HK', 'DK', 'SA', 'CA', 'CA', 'DA', 'DA', 'S7', 'H7', 'HR']
[22:31:52] [YFAdapter-P0] [INFO] [YF-P0] Decision context: myPos=0, curPos=-1, greaterPos=-1, teammate=2, curAction=[, actionList_size=1
[22:31:52] [YFAdapter-P0] [INFO] [YF-P0] Decided: action_index=0, action=['tribute', 'tribute', [['H', 'R']]]
[22:31:52] [YFAdapter-P0] [INFO] [YF-P0] Decision context: myPos=0, curPos=-1, greaterPos=-1, teammate=2, curAction=[, actionList_size=1321
[22:31:52] [YFAdapter-P0] [INFO] [YF-P0] Decided: action_index=0, action=['Single', '2', [['D', '2']]]
[22:31:52] [yf1_v5] [INFO] 1号位打出['Single', '2', ['D2']]， 最大动作为1号位打出的['Single', '2', ['D2']]
[22:31:52] [yf1_v5] [INFO] 2号位打出['Single', 'K', ['DK']]， 最大动作为2号位打出的['Single', 'K', ['DK']]
[22:31:52] [yf1_v5] [INFO] 3号位打出['Single', 'B', ['SB']]， 最大动作为3号位打出的['Single', 'B', ['SB']]
[22:31:52] [yf1_v5] [INFO] 0号位打出['PASS', 'PASS', 'PASS']， 最大动作为3号位打出的['Single', 'B', ['SB']]
[22:31:52] [YFAdapter-P0] [INFO] [YF-P0] Decision context: myPos=0, curPos=0, greaterPos=3, teammate=2, curAction=[, actionList_size=24
[22:31:52] [YFAdapter-P0] [INFO] [YF-P0] Decided: action_index=0, action=['PASS', 'PASS', 'PASS']
[22:31:52] [yf1_v5] [INFO] 1号位打出['Bomb', 'A', ['SA', 'CA', 'CA', 'H7']]， 最大动作为1号位打出的['Bomb', 'A', ['SA', 'CA', 'CA', 'H7']]
[22:31:52] [yf1_v5] [INFO] 2号位打出['PASS', 'PASS', 'PASS']， 最大动作为1号位打出的['Bomb', 'A', ['SA', 'CA', 'CA', 'H7']]
[22:31:52] [yf1_v5] [INFO] 3号位打出['PASS', 'PASS', 'PASS']， 最大动作为1号位打出的['Bomb', 'A', ['SA', 'CA', 'CA', 'H7']]
[22:31:52] [yf1_v5] [INFO] 0号位打出['PASS', 'PASS', 'PASS']， 最大动作为1号位打出的['Bomb', 'A', ['SA', 'CA', 'CA', 'H7']]
[22:31:52] [YFAdapter-P0] [INFO] [YF-P0] Decision context: myPos=0, curPos=-1, greaterPos=-1, teammate=2, curAction=[, actionList_size=154
[22:31:52] [YFAdapter-P0] [INFO] [YF-P0] Decided: action_index=0, action=['Single', '3', [['C', '3']]]
[22:31:52] [yf1_v5] [INFO] 1号位打出['Single', '3', ['C3']]， 最大动作为1号位打出的['Single', '3', ['C3']]
[22:31:52] [yf1_v5] [INFO] 2号位打出['Single', '7', ['C7']]， 最大动作为2号位打出的['Single', '7', ['C7']]
[22:31:52] [yf1_v5] [INFO] 3号位打出['PASS', 'PASS', 'PASS']， 最大动作为2号位打出的['Single', '7', ['C7']]
[22:31:52] [yf1_v5] [INFO] 0号位打出['PASS', 'PASS', 'PASS']， 最大动作为2号位打出的['Single', '7', ['C7']]
[22:31:52] [YFAdapter-P0] [INFO] [YF-P0] Decision context: myPos=0, curPos=0, greaterPos=2, teammate=2, curAction=[, actionList_size=3
[22:31:52] [YFAdapter-P0] [INFO] [YF-P0] Decided: action_index=0, action=['PASS', 'PASS', 'PASS']
[22:31:52] [yf1_v5] [INFO] 1号位打出['PASS', 'PASS', 'PASS']， 最大动作为2号位打出的['Single', '7', ['C7']]
[22:31:52] [yf1_v5] [INFO] 2号位打出['Straight', '2', ['S2', 'H3', 'S4', 'C5', 'D6']]， 最大动作为2号位打出的['Straight', '2', ['S2', 'H3', 'S4', 'C5', 'D6']]
[22:31:53] [yf1_v5] [INFO] 3号位打出['Straight', '5', ['H5', 'H6', 'D7', 'S8', 'S9']]， 最大动作为3号位打出的['Straight', '5', ['H5', 'H6', 'D7', 'S8', 'S9']]
[22:31:53] [yf1_v5] [INFO] 0号位打出['Bomb', '8', ['H8', 'C8', 'D8', 'H7']]， 最大动作为0号位打出的['Bomb', '8', ['H8', 'C8', 'D8', 'H7']]
[22:31:53] [YFAdapter-P0] [INFO] [YF-P0] Decision context: myPos=0, curPos=0, greaterPos=0, teammate=2, curAction=[, actionList_size=1
[22:31:53] [YFAdapter-P0] [INFO] [YF-P0] Decided: action_index=0, action=['PASS', 'PASS', 'PASS']
[22:31:53] [yf1_v5] [INFO] 1号位打出['PASS', 'PASS', 'PASS']， 最大动作为0号位打出的['Bomb', '8', ['H8', 'C8', 'D8', 'H7']]
[22:31:53] [yf1_v5] [INFO] 2号位打出['PASS', 'PASS', 'PASS']， 最大动作为0号位打出的['Bomb', '8', ['H8', 'C8', 'D8', 'H7']]
[22:31:53] [yf1_v5] [INFO] 3号位打出['PASS', 'PASS', 'PASS']， 最大动作为0号位打出的['Bomb', '8', ['H8', 'C8', 'D8', 'H7']]
[22:31:53] [yf1_v5] [INFO] 0号位打出['Single', '8', ['D8']]， 最大动作为0号位打出的['Single', '8', ['D8']]
[22:31:53] [YFAdapter-P0] [INFO] [YF-P0] Decision context: myPos=0, curPos=0, greaterPos=0, teammate=2, curAction=[, actionList_size=13
[22:31:53] [YFAdapter-P0] [INFO] [YF-P0] Decided: action_index=1, action=['Single', 'T', [['S', 'T']]]
[22:31:53] [yf1_v5] [INFO] 1号位打出['Single', 'T', ['ST']]， 最大动作为1号位打出的['Single', 'T', ['ST']]
[22:31:53] [yf1_v5] [INFO] 2号位打出['Single', '7', ['D7']]， 最大动作为2号位打出的['Single', '7', ['D7']]
[22:31:53] [yf1_v5] [INFO] 3号位打出['PASS', 'PASS', 'PASS']， 最大动作为2号位打出的['Single', '7', ['D7']]
[22:31:53] [yf1_v5] [INFO] 0号位打出['PASS', 'PASS', 'PASS']， 最大动作为2号位打出的['Single', '7', ['D7']]
[22:31:53] [YFAdapter-P0] [INFO] [YF-P0] Decision context: myPos=0, curPos=0, greaterPos=2, teammate=2, curAction=[, actionList_size=3
[22:31:53] [YFAdapter-P0] [INFO] [YF-P0] Decided: action_index=0, action=['PASS', 'PASS', 'PASS']
[22:31:53] [yf1_v5] [INFO] 1号位打出['PASS', 'PASS', 'PASS']， 最大动作为2号位打出的['Single', '7', ['D7']]
[22:31:53] [yf1_v5] [INFO] 2号位打出['ThreeWithTwo', '8', ['S8', 'H8', 'C8', 'H2', 'H2']]， 最大动作为2号位打出的['ThreeWithTwo', '8', ['S8', 'H8', 'C8', 'H2', 'H2']]
[22:31:53] [yf1_v5] [INFO] 3号位打出['ThreeWithTwo', 'K', ['SK', 'HK', 'CK', 'S9', 'H9']]， 最大动作为3号位打出的['ThreeWithTwo', 'K', ['SK', 'HK', 'CK', 'S9', 'H9']]
[22:31:53] [yf1_v5] [INFO] 0号位打出['PASS', 'PASS', 'PASS']， 最大动作为3号位打出的['ThreeWithTwo', 'K', ['SK', 'HK', 'CK', 'S9', 'H9']]
[22:31:53] [YFAdapter-P0] [INFO] [YF-P0] Decision context: myPos=0, curPos=0, greaterPos=3, teammate=2, curAction=[, actionList_size=3
[22:31:53] [YFAdapter-P0] [INFO] [YF-P0] Decided: action_index=0, action=['PASS', 'PASS', 'PASS']
[22:31:53] [yf1_v5] [INFO] 1号位打出['Bomb', '4', ['S4', 'C4', 'C4', 'D4']]， 最大动作为1号位打出的['Bomb', '4', ['S4', 'C4', 'C4', 'D4']]
[22:31:53] [yf1_v5] [INFO] 2号位打出['PASS', 'PASS', 'PASS']， 最大动作为1号位打出的['Bomb', '4', ['S4', 'C4', 'C4', 'D4']]
[22:31:53] [yf1_v5] [INFO] 3号位打出['PASS', 'PASS', 'PASS']， 最大动作为1号位打出的['Bomb', '4', ['S4', 'C4', 'C4', 'D4']]
[22:31:53] [yf1_v5] [INFO] 0号位打出['PASS', 'PASS', 'PASS']， 最大动作为1号位打出的['Bomb', '4', ['S4', 'C4', 'C4', 'D4']]
[22:31:53] [YFAdapter-P0] [INFO] [YF-P0] Decision context: myPos=0, curPos=-1, greaterPos=-1, teammate=2, curAction=[, actionList_size=52
[22:31:53] [YFAdapter-P0] [INFO] [YF-P0] Decided: action_index=18, action=['Pair', '6', [['H', '6'], ['D', '6']]]
[22:31:53] [yf1_v5] [INFO] 1号位打出['Pair', '6', ['H6', 'D6']]， 最大动作为1号位打出的['Pair', '6', ['H6', 'D6']]
[22:31:53] [yf1_v5] [INFO] 2号位打出['Pair', '9', ['C9', 'D9']]， 最大动作为2号位打出的['Pair', '9', ['C9', 'D9']]
[22:31:53] [yf1_v5] [INFO] 3号位打出['Pair', 'A', ['SA', 'HA']]， 最大动作为3号位打出的['Pair', 'A', ['SA', 'HA']]
[22:31:53] [yf1_v5] [INFO] 0号位打出['PASS', 'PASS', 'PASS']， 最大动作为3号位打出的['Pair', 'A', ['SA', 'HA']]
[22:31:53] [YFAdapter-P0] [INFO] [YF-P0] Decision context: myPos=0, curPos=0, greaterPos=3, teammate=2, curAction=[, actionList_size=2
[22:31:53] [YFAdapter-P0] [INFO] [YF-P0] Decided: action_index=0, action=['PASS', 'PASS', 'PASS']
[22:31:53] [yf1_v5] [INFO] 1号位打出['Bomb', '5', ['S5', 'C5', 'D5', 'D5']]， 最大动作为1号位打出的['Bomb', '5', ['S5', 'C5', 'D5', 'D5']]
[22:31:53] [yf1_v5] [INFO] 2号位打出['PASS', 'PASS', 'PASS']， 最大动作为1号位打出的['Bomb', '5', ['S5', 'C5', 'D5', 'D5']]
[22:31:53] [yf1_v5] [INFO] 3号位打出['PASS', 'PASS', 'PASS']， 最大动作为1号位打出的['Bomb', '5', ['S5', 'C5', 'D5', 'D5']]
[22:31:53] [yf1_v5] [INFO] 0号位打出['PASS', 'PASS', 'PASS']， 最大动作为1号位打出的['Bomb', '5', ['S5', 'C5', 'D5', 'D5']]
[22:31:53] [YFAdapter-P0] [INFO] [YF-P0] Decision context: myPos=0, curPos=-1, greaterPos=-1, teammate=2, curAction=[, actionList_size=23
[22:31:53] [YFAdapter-P0] [INFO] [YF-P0] Decided: action_index=0, action=['Single', 'T', [['H', 'T']]]
[22:31:53] [yf1_v5] [INFO] 1号位打出['Single', 'T', ['HT']]， 最大动作为1号位打出的['Single', 'T', ['HT']]
[22:31:53] [yf1_v5] [INFO] 2号位打出['Single', 'B', ['SB']]， 最大动作为2号位打出的['Single', 'B', ['SB']]
[22:31:53] [yf1_v5] [INFO] 3号位打出['PASS', 'PASS', 'PASS']， 最大动作为2号位打出的['Single', 'B', ['SB']]
[22:31:53] [yf1_v5] [INFO] 0号位打出['PASS', 'PASS', 'PASS']， 最大动作为2号位打出的['Single', 'B', ['SB']]
[22:31:53] [YFAdapter-P0] [INFO] [YF-P0] Decision context: myPos=0, curPos=0, greaterPos=2, teammate=2, curAction=[, actionList_size=1
[22:31:53] [YFAdapter-P0] [INFO] [YF-P0] Decided: action_index=0, action=['PASS', 'PASS', 'PASS']
[22:31:53] [yf1_v5] [INFO] 1号位打出['PASS', 'PASS', 'PASS']， 最大动作为2号位打出的['Single', 'B', ['SB']]
[22:31:53] [yf1_v5] [INFO] 2号位打出['Trips', 'T', ['ST', 'HT', 'CT']]， 最大动作为2号位打出的['Trips', 'T', ['ST', 'HT', 'CT']]
[22:31:53] [yf1_v5] [INFO] 3号位打出['Trips', 'Q', ['SQ', 'CQ', 'DQ']]， 最大动作为3号位打出的['Trips', 'Q', ['SQ', 'CQ', 'DQ']]
[22:31:53] [yf1_v5] [INFO] 0号位打出['PASS', 'PASS', 'PASS']， 最大动作为3号位打出的['Trips', 'Q', ['SQ', 'CQ', 'DQ']]
[22:31:53] [YFAdapter-P0] [INFO] [YF-P0] Decision context: myPos=0, curPos=0, greaterPos=3, teammate=2, curAction=[, actionList_size=1
[22:31:53] [YFAdapter-P0] [INFO] [YF-P0] Decided: action_index=0, action=['PASS', 'PASS', 'PASS']
[22:31:53] [yf1_v5] [INFO] 1号位打出['PASS', 'PASS', 'PASS']， 最大动作为3号位打出的['Trips', 'Q', ['SQ', 'CQ', 'DQ']]
[22:31:53] [yf1_v5] [INFO] 2号位打出['PASS', 'PASS', 'PASS']， 最大动作为3号位打出的['Trips', 'Q', ['SQ', 'CQ', 'DQ']]
[22:31:53] [yf1_v5] [INFO] 3号位打出['Single', '4', ['H4']]， 最大动作为3号位打出的['Single', '4', ['H4']]
[22:31:53] [yf1_v5] [INFO] 0号位打出['Single', 'A', ['HA']]， 最大动作为0号位打出的['Single', 'A', ['HA']]
[22:31:53] [YFAdapter-P0] [INFO] [YF-P0] Decision context: myPos=0, curPos=0, greaterPos=0, teammate=2, curAction=[, actionList_size=2
[22:31:53] [YFAdapter-P0] [INFO] [YF-P0] Decided: action_index=1, action=['Single', '7', [['S', '7']]]
[22:31:53] [yf1_v5] [INFO] 1号位打出['Single', '7', ['S7']]， 最大动作为1号位打出的['Single', '7', ['S7']]
[22:31:53] [yf1_v5] [INFO] 2号位打出['Single', 'R', ['HR']]， 最大动作为2号位打出的['Single', 'R', ['HR']]
[22:31:53] [yf1_v5] [INFO] 3号位打出['PASS', 'PASS', 'PASS']， 最大动作为2号位打出的['Single', 'R', ['HR']]
[22:31:53] [yf1_v5] [INFO] 0号位打出['PASS', 'PASS', 'PASS']， 最大动作为2号位打出的['Single', 'R', ['HR']]
[22:31:53] [YFAdapter-P0] [INFO] [YF-P0] Decision context: myPos=0, curPos=0, greaterPos=2, teammate=2, curAction=[, actionList_size=1
[22:31:53] [YFAdapter-P0] [INFO] [YF-P0] Decided: action_index=0, action=['PASS', 'PASS', 'PASS']
[22:31:53] [yf1_v5] [INFO] 1号位打出['PASS', 'PASS', 'PASS']， 最大动作为2号位打出的['Single', 'R', ['HR']]
[22:31:53] [yf1_v5] [INFO] 2号位打出['Trips', 'J', ['HJ', 'CJ', 'DJ']]， 最大动作为2号位打出的['Trips', 'J', ['HJ', 'CJ', 'DJ']]
[22:31:53] [yf1_v5] [INFO] 3号位打出['PASS', 'PASS', 'PASS']， 最大动作为2号位打出的['Trips', 'J', ['HJ', 'CJ', 'DJ']]
[22:31:53] [yf1_v5] [INFO] 0号位打出['PASS', 'PASS', 'PASS']， 最大动作为2号位打出的['Trips', 'J', ['HJ', 'CJ', 'DJ']]
[22:31:53] [YFAdapter-P0] [INFO] [YF-P0] Decision context: myPos=0, curPos=0, greaterPos=2, teammate=2, curAction=[, actionList_size=1
[22:31:53] [YFAdapter-P0] [INFO] [YF-P0] Decided: action_index=0, action=['PASS', 'PASS', 'PASS']
[22:31:53] [yf1_v5] [INFO] 1号位打出['PASS', 'PASS', 'PASS']， 最大动作为2号位打出的['Trips', 'J', ['HJ', 'CJ', 'DJ']]
[22:31:53] [yf1_v5] [INFO] 2号位打出['Trips', 'Q', ['HQ', 'CQ', 'DQ']]， 最大动作为2号位打出的['Trips', 'Q', ['HQ', 'CQ', 'DQ']]
[22:31:53] [yf1_v5] [INFO] 3号位打出['PASS', 'PASS', 'PASS']， 最大动作为2号位打出的['Trips', 'Q', ['HQ', 'CQ', 'DQ']]
[22:31:53] [yf1_v5] [INFO] 0号位打出['PASS', 'PASS', 'PASS']， 最大动作为2号位打出的['Trips', 'Q', ['HQ', 'CQ', 'DQ']]
[22:31:53] [YFAdapter-P0] [INFO] [YF-P0] Decision context: myPos=0, curPos=0, greaterPos=2, teammate=2, curAction=[, actionList_size=1
[22:31:53] [YFAdapter-P0] [INFO] [YF-P0] Decided: action_index=0, action=['PASS', 'PASS', 'PASS']
[22:31:53] [yf1_v5] [INFO] 1号位打出['PASS', 'PASS', 'PASS']， 最大动作为2号位打出的['Trips', 'Q', ['HQ', 'CQ', 'DQ']]
[22:31:53] [yf1_v5] [INFO] 2号位打出['Single', 'R', ['HR']]， 最大动作为2号位打出的['Single', 'R', ['HR']]
[22:31:53] [yf1_v5] [INFO] 3号位打出['PASS', 'PASS', 'PASS']， 最大动作为2号位打出的['Single', 'R', ['HR']]
[22:31:53] [yf1_v5] [INFO] 0号位打出['PASS', 'PASS', 'PASS']， 最大动作为2号位打出的['Single', 'R', ['HR']]
[22:31:53] [yf1_v5] [INFO] 0号位打出['ThreePair', '4', ['H4', 'D4', 'S5', 'H5', 'S6', 'C6']]， 最大动作为0号位打出的['ThreePair', '4', ['H4', 'D4', 'S5', 'H5', 'S6', 'C6']]
[22:31:53] [YFAdapter-P0] [INFO] [YF-P0] Decision context: myPos=0, curPos=0, greaterPos=0, teammate=2, curAction=[, actionList_size=3
[22:31:53] [YFAdapter-P0] [INFO] [YF-P0] Decided: action_index=0, action=['PASS', 'PASS', 'PASS']
[22:31:53] [yf1_v5] [INFO] 1号位打出['ThreePair', 'J', ['CJ', 'DJ', 'SQ', 'HQ', 'HK', 'DK']]， 最大动作为1号位打出的['ThreePair', 'J', ['CJ', 'DJ', 'SQ', 'HQ', 'HK', 'DK']]
[22:31:53] [yf1_v5] [INFO] 3号位打出['PASS', 'PASS', 'PASS']， 最大动作为1号位打出的['ThreePair', 'J', ['CJ', 'DJ', 'SQ', 'HQ', 'HK', 'DK']]
[22:31:53] [yf1_v5] [INFO] 0号位打出['PASS', 'PASS', 'PASS']， 最大动作为1号位打出的['ThreePair', 'J', ['CJ', 'DJ', 'SQ', 'HQ', 'HK', 'DK']]
[22:31:53] [YFAdapter-P0] [INFO] [YF-P0] Decision context: myPos=0, curPos=-1, greaterPos=-1, teammate=2, curAction=[, actionList_size=2
[22:31:53] [YFAdapter-P0] [INFO] [YF-P0] Decided: action_index=1, action=['Pair', 'A', [['D', 'A'], ['D', 'A']]]
[22:31:53] [yf1_v5] [INFO] 1号位打出['Pair', 'A', ['DA', 'DA']]， 最大动作为1号位打出的['Pair', 'A', ['DA', 'DA']]
[22:31:53] [yf1_v5] [INFO] 3号位打出['PASS', 'PASS', 'PASS']， 最大动作为1号位打出的['Pair', 'A', ['DA', 'DA']]
[22:31:53] [yf1_v5] [INFO] 3号位打出['Pair', '6', ['S6', 'C6']]， 最大动作为3号位打出的['Pair', '6', ['S6', 'C6']]
[22:31:53] [yf1_v5] [INFO] 0号位打出['Pair', '9', ['H9', 'C9']]， 最大动作为0号位打出的['Pair', '9', ['H9', 'C9']]
[22:31:53] [yf1_v5] [INFO] 3号位打出['PASS', 'PASS', 'PASS']， 最大动作为0号位打出的['Pair', '9', ['H9', 'C9']]
[22:31:53] [yf1_v5] [INFO] 0号位打出['ThreeWithTwo', '3', ['S3', 'C3', 'D3', 'S2', 'C2']]， 最大动作为0号位打出的['ThreeWithTwo', '3', ['S3', 'C3', 'D3', 'S2', 'C2']]
[22:31:53] [yf1_v5] [INFO] 3号位打出['PASS', 'PASS', 'PASS']， 最大动作为0号位打出的['ThreeWithTwo', '3', ['S3', 'C3', 'D3', 'S2', 'C2']]
[22:31:53] [yf1_v5] [INFO] 0号位打出['ThreeWithTwo', 'J', ['SJ', 'SJ', 'HJ', 'CT', 'DT']]， 最大动作为0号位打出的['ThreeWithTwo', 'J', ['SJ', 'SJ', 'HJ', 'CT', 'DT']]
[22:31:53] [yf1_v5] [INFO] 3号位打出['PASS', 'PASS', 'PASS']， 最大动作为0号位打出的['ThreeWithTwo', 'J', ['SJ', 'SJ', 'HJ', 'CT', 'DT']]
[22:31:53] [yf1_v5] [INFO] 0号位打出['Pair', 'K', ['SK', 'CK']]， 最大动作为0号位打出的['Pair', 'K', ['SK', 'CK']]
[22:31:53] [yf1_v5] [INFO] 3号位打出['PASS', 'PASS', 'PASS']， 最大动作为0号位打出的['Pair', 'K', ['SK', 'CK']]
[22:31:53] [yf1_v5] [INFO] 0号位打出['Single', '7', ['S7']]， 最大动作为0号位打出的['Single', '7', ['S7']]
[22:31:53] [yf1_v5] [INFO] 游戏开始, 我是1号位，手牌：['S2', 'H2', 'C2', 'S4', 'H4', 'C4', 'S5', 'H5', 'C5', 'C5', 'D5', 'S6', 'H6', 'C6', 'D6', 'C7', 'H8', 'C8', 'HT', 'CT', 'DJ', 'HQ', 'HK', 'HA', 'CA', 'H9', 'H9']
[22:31:53] [yf1_v5] [INFO] 3号位打出['Single', '4', ['H4']]， 最大动作为3号位打出的['Single', '4', ['H4']]
[22:31:53] [yf1_v5] [INFO] 0号位打出['Single', '5', ['S5']]， 最大动作为0号位打出的['Single', '5', ['S5']]
[22:31:53] [YFAdapter-P0] [INFO] [YF-P0] Decision context: myPos=0, curPos=0, greaterPos=0, teammate=2, curAction=[, actionList_size=108
[22:31:53] [YFAdapter-P0] [INFO] [YF-P0] Decided: action_index=11, action=['Single', 'Q', [['H', 'Q']]]
[22:31:53] [yf1_v5] [INFO] 1号位打出['Single', 'Q', ['HQ']]， 最大动作为1号位打出的['Single', 'Q', ['HQ']]
[22:31:53] [yf1_v5] [INFO] 2号位打出['Single', 'K', ['HK']]， 最大动作为2号位打出的['Single', 'K', ['HK']]
[22:31:53] [yf1_v5] [INFO] 3号位打出['Bomb', 'A', ['SA', 'HA', 'DA', 'DA']]， 最大动作为3号位打出的['Bomb', 'A', ['SA', 'HA', 'DA', 'DA']]
[22:31:53] [yf1_v5] [INFO] 0号位打出['PASS', 'PASS', 'PASS']， 最大动作为3号位打出的['Bomb', 'A', ['SA', 'HA', 'DA', 'DA']]
[22:31:53] [YFAdapter-P0] [INFO] [YF-P0] Decision context: myPos=0, curPos=0, greaterPos=3, teammate=2, curAction=[, actionList_size=27
[22:31:53] [YFAdapter-P0] [INFO] [YF-P0] Decided: action_index=0, action=['PASS', 'PASS', 'PASS']
[22:31:53] [yf1_v5] [INFO] 1号位打出['Bomb', '2', ['S2', 'H2', 'C2', 'H9', 'H9']]， 最大动作为1号位打出的['Bomb', '2', ['S2', 'H2', 'C2', 'H9', 'H9']]
[22:31:53] [yf1_v5] [INFO] 2号位打出['PASS', 'PASS', 'PASS']， 最大动作为1号位打出的['Bomb', '2', ['S2', 'H2', 'C2', 'H9', 'H9']]
[22:31:53] [yf1_v5] [INFO] 3号位打出['PASS', 'PASS', 'PASS']， 最大动作为1号位打出的['Bomb', '2', ['S2', 'H2', 'C2', 'H9', 'H9']]
[22:31:53] [yf1_v5] [INFO] 0号位打出['PASS', 'PASS', 'PASS']， 最大动作为1号位打出的['Bomb', '2', ['S2', 'H2', 'C2', 'H9', 'H9']]
[22:31:53] [YFAdapter-P0] [INFO] [YF-P0] Decision context: myPos=0, curPos=-1, greaterPos=-1, teammate=2, curAction=[, actionList_size=432
[22:31:53] [YFAdapter-P0] [INFO] [YF-P0] Decided: action_index=11, action=['Single', '7', [['C', '7']]]
[22:31:53] [yf1_v5] [INFO] 1号位打出['Single', '7', ['C7']]， 最大动作为1号位打出的['Single', '7', ['C7']]
[22:31:53] [yf1_v5] [INFO] 2号位打出['Single', 'J', ['SJ']]， 最大动作为2号位打出的['Single', 'J', ['SJ']]
[22:31:53] [yf1_v5] [INFO] 3号位打出['Bomb', '3', ['S3', 'H3', 'C3', 'C3']]， 最大动作为3号位打出的['Bomb', '3', ['S3', 'H3', 'C3', 'C3']]
[22:31:53] [yf1_v5] [INFO] 0号位打出['PASS', 'PASS', 'PASS']， 最大动作为3号位打出的['Bomb', '3', ['S3', 'H3', 'C3', 'C3']]
[22:31:53] [YFAdapter-P0] [INFO] [YF-P0] Decision context: myPos=0, curPos=0, greaterPos=3, teammate=2, curAction=[, actionList_size=7
[22:31:53] [YFAdapter-P0] [INFO] [YF-P0] Decided: action_index=0, action=['PASS', 'PASS', 'PASS']
[22:31:53] [yf1_v5] [INFO] 1号位打出['Bomb', '5', ['S5', 'H5', 'C5', 'D5']]， 最大动作为1号位打出的['Bomb', '5', ['S5', 'H5', 'C5', 'D5']]
[22:31:53] [yf1_v5] [INFO] 2号位打出['Bomb', '7', ['S7', 'S7', 'H7', 'C7']]， 最大动作为2号位打出的['Bomb', '7', ['S7', 'S7', 'H7', 'C7']]
[22:31:53] [yf1_v5] [INFO] 3号位打出['PASS', 'PASS', 'PASS']， 最大动作为2号位打出的['Bomb', '7', ['S7', 'S7', 'H7', 'C7']]
[22:31:53] [yf1_v5] [INFO] 0号位打出['PASS', 'PASS', 'PASS']， 最大动作为2号位打出的['Bomb', '7', ['S7', 'S7', 'H7', 'C7']]
[22:31:53] [YFAdapter-P0] [INFO] [YF-P0] Decision context: myPos=0, curPos=0, greaterPos=2, teammate=2, curAction=[, actionList_size=1
[22:31:53] [YFAdapter-P0] [INFO] [YF-P0] Decided: action_index=0, action=['PASS', 'PASS', 'PASS']
[22:31:53] [yf1_v5] [INFO] 1号位打出['PASS', 'PASS', 'PASS']， 最大动作为2号位打出的['Bomb', '7', ['S7', 'S7', 'H7', 'C7']]
[22:31:53] [yf1_v5] [INFO] 2号位打出['ThreeWithTwo', 'T', ['ST', 'CT', 'DT', 'H2', 'D2']]， 最大动作为2号位打出的['ThreeWithTwo', 'T', ['ST', 'CT', 'DT', 'H2', 'D2']]
[22:31:53] [yf1_v5] [INFO] 3号位打出['PASS', 'PASS', 'PASS']， 最大动作为2号位打出的['ThreeWithTwo', 'T', ['ST', 'CT', 'DT', 'H2', 'D2']]
[22:31:53] [yf1_v5] [INFO] 0号位打出['ThreeWithTwo', 'J', ['SJ', 'HJ', 'HJ', 'C4', 'D4']]， 最大动作为0号位打出的['ThreeWithTwo', 'J', ['SJ', 'HJ', 'HJ', 'C4', 'D4']]
[22:31:53] [YFAdapter-P0] [INFO] [YF-P0] Decision context: myPos=0, curPos=0, greaterPos=0, teammate=2, curAction=[, actionList_size=2
[22:31:53] [YFAdapter-P0] [INFO] [YF-P0] Decided: action_index=1, action=['Bomb', '6', [['S', '6'], ['H', '6'], ['C', '6'], ['D', '6']]]
[22:31:53] [yf1_v5] [INFO] 1号位打出['Bomb', '6', ['S6', 'H6', 'C6', 'D6']]， 最大动作为1号位打出的['Bomb', '6', ['S6', 'H6', 'C6', 'D6']]
[22:31:53] [yf1_v5] [INFO] 2号位打出['Bomb', 'Q', ['SQ', 'HQ', 'CQ', 'CQ', 'DQ']]， 最大动作为2号位打出的['Bomb', 'Q', ['SQ', 'HQ', 'CQ', 'CQ', 'DQ']]
[22:31:53] [yf1_v5] [INFO] 3号位打出['PASS', 'PASS', 'PASS']， 最大动作为2号位打出的['Bomb', 'Q', ['SQ', 'HQ', 'CQ', 'CQ', 'DQ']]
[22:31:53] [yf1_v5] [INFO] 0号位打出['PASS', 'PASS', 'PASS']， 最大动作为2号位打出的['Bomb', 'Q', ['SQ', 'HQ', 'CQ', 'CQ', 'DQ']]
[22:31:53] [YFAdapter-P0] [INFO] [YF-P0] Decision context: myPos=0, curPos=0, greaterPos=2, teammate=2, curAction=[, actionList_size=1
[22:31:53] [YFAdapter-P0] [INFO] [YF-P0] Decided: action_index=0, action=['PASS', 'PASS', 'PASS']
[22:31:53] [yf1_v5] [INFO] 1号位打出['PASS', 'PASS', 'PASS']， 最大动作为2号位打出的['Bomb', 'Q', ['SQ', 'HQ', 'CQ', 'CQ', 'DQ']]
[22:31:53] [yf1_v5] [INFO] 2号位打出['Pair', '4', ['S4', 'D4']]， 最大动作为2号位打出的['Pair', '4', ['S4', 'D4']]
[22:31:53] [yf1_v5] [INFO] 3号位打出['Pair', '8', ['S8', 'C8']]， 最大动作为3号位打出的['Pair', '8', ['S8', 'C8']]
[22:31:53] [yf1_v5] [INFO] 0号位打出['Pair', 'T', ['HT', 'DT']]， 最大动作为0号位打出的['Pair', 'T', ['HT', 'DT']]
[22:31:53] [YFAdapter-P0] [INFO] [YF-P0] Decision context: myPos=0, curPos=0, greaterPos=0, teammate=2, curAction=[, actionList_size=2
[22:31:53] [YFAdapter-P0] [INFO] [YF-P0] Decided: action_index=1, action=['Pair', 'A', [['H', 'A'], ['C', 'A']]]
[22:31:53] [yf1_v5] [INFO] 1号位打出['Pair', 'A', ['HA', 'CA']]， 最大动作为1号位打出的['Pair', 'A', ['HA', 'CA']]
[22:31:53] [yf1_v5] [INFO] 2号位打出['Pair', '9', ['S9', 'C9']]， 最大动作为2号位打出的['Pair', '9', ['S9', 'C9']]
[22:31:53] [yf1_v5] [INFO] 3号位打出['PASS', 'PASS', 'PASS']， 最大动作为2号位打出的['Pair', '9', ['S9', 'C9']]
[22:31:53] [yf1_v5] [INFO] 0号位打出['PASS', 'PASS', 'PASS']， 最大动作为2号位打出的['Pair', '9', ['S9', 'C9']]
[22:31:53] [YFAdapter-P0] [INFO] [YF-P0] Decision context: myPos=0, curPos=0, greaterPos=2, teammate=2, curAction=[, actionList_size=1
[22:31:53] [YFAdapter-P0] [INFO] [YF-P0] Decided: action_index=0, action=['PASS', 'PASS', 'PASS']
[22:31:53] [yf1_v5] [INFO] 1号位打出['PASS', 'PASS', 'PASS']， 最大动作为2号位打出的['Pair', '9', ['S9', 'C9']]
[22:31:53] [yf1_v5] [INFO] 2号位打出['Pair', '5', ['H5', 'D5']]， 最大动作为2号位打出的['Pair', '5', ['H5', 'D5']]
[22:31:53] [yf1_v5] [INFO] 3号位打出['PASS', 'PASS', 'PASS']， 最大动作为2号位打出的['Pair', '5', ['H5', 'D5']]
[22:31:53] [yf1_v5] [INFO] 0号位打出['Pair', '6', ['S6', 'C6']]， 最大动作为0号位打出的['Pair', '6', ['S6', 'C6']]
[22:31:53] [YFAdapter-P0] [INFO] [YF-P0] Decision context: myPos=0, curPos=0, greaterPos=0, teammate=2, curAction=[, actionList_size=3
[22:31:53] [YFAdapter-P0] [INFO] [YF-P0] Decided: action_index=2, action=['Pair', 'T', [['H', 'T'], ['C', 'T']]]
[22:31:53] [yf1_v5] [INFO] 1号位打出['Pair', 'T', ['HT', 'CT']]， 最大动作为1号位打出的['Pair', 'T', ['HT', 'CT']]
[22:31:53] [yf1_v5] [INFO] 2号位打出['PASS', 'PASS', 'PASS']， 最大动作为1号位打出的['Pair', 'T', ['HT', 'CT']]
[22:31:53] [yf1_v5] [INFO] 3号位打出['PASS', 'PASS', 'PASS']， 最大动作为1号位打出的['Pair', 'T', ['HT', 'CT']]
[22:31:53] [yf1_v5] [INFO] 0号位打出['Pair', '9', ['S9', 'D9']]， 最大动作为0号位打出的['Pair', '9', ['S9', 'D9']]
[22:31:53] [YFAdapter-P0] [INFO] [YF-P0] Decision context: myPos=0, curPos=0, greaterPos=0, teammate=2, curAction=[, actionList_size=1
[22:31:53] [YFAdapter-P0] [INFO] [YF-P0] Decided: action_index=0, action=['PASS', 'PASS', 'PASS']
[22:31:53] [yf1_v5] [INFO] 1号位打出['PASS', 'PASS', 'PASS']， 最大动作为0号位打出的['Pair', '9', ['S9', 'D9']]
[22:31:53] [yf1_v5] [INFO] 2号位打出['PASS', 'PASS', 'PASS']， 最大动作为0号位打出的['Pair', '9', ['S9', 'D9']]
[22:31:53] [yf1_v5] [INFO] 3号位打出['PASS', 'PASS', 'PASS']， 最大动作为0号位打出的['Pair', '9', ['S9', 'D9']]
[22:31:53] [yf1_v5] [INFO] 0号位打出['Single', '8', ['D8']]， 最大动作为0号位打出的['Single', '8', ['D8']]
[22:31:53] [YFAdapter-P0] [INFO] [YF-P0] Decision context: myPos=0, curPos=0, greaterPos=0, teammate=2, curAction=[, actionList_size=3
[22:31:53] [YFAdapter-P0] [INFO] [YF-P0] Decided: action_index=1, action=['Single', 'J', [['D', 'J']]]
[22:31:53] [yf1_v5] [INFO] 1号位打出['Single', 'J', ['DJ']]， 最大动作为1号位打出的['Single', 'J', ['DJ']]
[22:31:53] [yf1_v5] [INFO] 2号位打出['Single', 'A', ['CA']]， 最大动作为2号位打出的['Single', 'A', ['CA']]
[22:31:53] [yf1_v5] [INFO] 3号位打出['PASS', 'PASS', 'PASS']， 最大动作为2号位打出的['Single', 'A', ['CA']]
[22:31:53] [yf1_v5] [INFO] 0号位打出['PASS', 'PASS', 'PASS']， 最大动作为2号位打出的['Single', 'A', ['CA']]
[22:31:53] [YFAdapter-P0] [INFO] [YF-P0] Decision context: myPos=0, curPos=0, greaterPos=2, teammate=2, curAction=[, actionList_size=1
[22:31:53] [YFAdapter-P0] [INFO] [YF-P0] Decided: action_index=0, action=['PASS', 'PASS', 'PASS']
[22:31:53] [yf1_v5] [INFO] 1号位打出['PASS', 'PASS', 'PASS']， 最大动作为2号位打出的['Single', 'A', ['CA']]
[22:31:53] [yf1_v5] [INFO] 2号位打出['Pair', '8', ['S8', 'H8']]， 最大动作为2号位打出的['Pair', '8', ['S8', 'H8']]
[22:31:53] [yf1_v5] [INFO] 3号位打出['PASS', 'PASS', 'PASS']， 最大动作为2号位打出的['Pair', '8', ['S8', 'H8']]
[22:31:53] [yf1_v5] [INFO] 0号位打出['Pair', 'R', ['HR', 'HR']]， 最大动作为0号位打出的['Pair', 'R', ['HR', 'HR']]
[22:31:53] [YFAdapter-P0] [INFO] [YF-P0] Decision context: myPos=0, curPos=0, greaterPos=0, teammate=2, curAction=[, actionList_size=1
[22:31:53] [YFAdapter-P0] [INFO] [YF-P0] Decided: action_index=0, action=['PASS', 'PASS', 'PASS']
[22:31:53] [yf1_v5] [INFO] 1号位打出['PASS', 'PASS', 'PASS']， 最大动作为0号位打出的['Pair', 'R', ['HR', 'HR']]
[22:31:53] [yf1_v5] [INFO] 2号位打出['PASS', 'PASS', 'PASS']， 最大动作为0号位打出的['Pair', 'R', ['HR', 'HR']]
[22:31:53] [yf1_v5] [INFO] 3号位打出['PASS', 'PASS', 'PASS']， 最大动作为0号位打出的['Pair', 'R', ['HR', 'HR']]
[22:31:53] [yf1_v5] [INFO] 0号位打出['ThreeWithTwo', 'K', ['SK', 'CK', 'CK', 'H7', 'D7']]， 最大动作为0号位打出的['ThreeWithTwo', 'K', ['SK', 'CK', 'CK', 'H7', 'D7']]
[22:31:53] [YFAdapter-P0] [INFO] [YF-P0] Decision context: myPos=0, curPos=0, greaterPos=0, teammate=2, curAction=[, actionList_size=1
[22:31:53] [YFAdapter-P0] [INFO] [YF-P0] Decided: action_index=0, action=['PASS', 'PASS', 'PASS']
[22:31:53] [yf1_v5] [INFO] 1号位打出['PASS', 'PASS', 'PASS']， 最大动作为0号位打出的['ThreeWithTwo', 'K', ['SK', 'CK', 'CK', 'H7', 'D7']]
[22:31:53] [yf1_v5] [INFO] 2号位打出['PASS', 'PASS', 'PASS']， 最大动作为0号位打出的['ThreeWithTwo', 'K', ['SK', 'CK', 'CK', 'H7', 'D7']]
[22:31:53] [yf1_v5] [INFO] 3号位打出['PASS', 'PASS', 'PASS']， 最大动作为0号位打出的['ThreeWithTwo', 'K', ['SK', 'CK', 'CK', 'H7', 'D7']]
[22:31:53] [yf1_v5] [INFO] 0号位打出['Single', 'A', ['SA']]， 最大动作为0号位打出的['Single', 'A', ['SA']]
[22:31:53] [YFAdapter-P0] [INFO] [YF-P0] Decision context: myPos=0, curPos=0, greaterPos=0, teammate=2, curAction=[, actionList_size=1
[22:31:53] [YFAdapter-P0] [INFO] [YF-P0] Decided: action_index=0, action=['PASS', 'PASS', 'PASS']
[22:31:53] [yf1_v5] [INFO] 1号位打出['PASS', 'PASS', 'PASS']， 最大动作为0号位打出的['Single', 'A', ['SA']]
[22:31:53] [yf1_v5] [INFO] 2号位打出['PASS', 'PASS', 'PASS']， 最大动作为0号位打出的['Single', 'A', ['SA']]
[22:31:53] [yf1_v5] [INFO] 3号位打出['PASS', 'PASS', 'PASS']， 最大动作为0号位打出的['Single', 'A', ['SA']]
[22:31:53] [yf1_v5] [INFO] 0号位打出['Single', '9', ['D9']]， 最大动作为0号位打出的['Single', '9', ['D9']]
[22:31:53] [YFAdapter-P0] [INFO] [YF-P0] Decision context: myPos=0, curPos=0, greaterPos=0, teammate=2, curAction=[, actionList_size=1
[22:31:53] [YFAdapter-P0] [INFO] [YF-P0] Decided: action_index=0, action=['PASS', 'PASS', 'PASS']
[22:31:53] [yf1_v5] [INFO] 1号位打出['PASS', 'PASS', 'PASS']， 最大动作为0号位打出的['Single', '9', ['D9']]
[22:31:53] [yf1_v5] [INFO] 2号位打出['PASS', 'PASS', 'PASS']， 最大动作为0号位打出的['Single', '9', ['D9']]
[22:31:53] [yf1_v5] [INFO] 3号位打出['PASS', 'PASS', 'PASS']， 最大动作为0号位打出的['Single', '9', ['D9']]
[22:31:53] [yf1_v5] [INFO] 0号位打出['Single', 'B', ['SB']]， 最大动作为0号位打出的['Single', 'B', ['SB']]
[22:31:53] [YFAdapter-P0] [INFO] [YF-P0] Decision context: myPos=0, curPos=0, greaterPos=0, teammate=2, curAction=[, actionList_size=1
[22:31:53] [YFAdapter-P0] [INFO] [YF-P0] Decided: action_index=0, action=['PASS', 'PASS', 'PASS']
[22:31:53] [yf1_v5] [INFO] 1号位打出['PASS', 'PASS', 'PASS']， 最大动作为0号位打出的['Single', 'B', ['SB']]
[22:31:53] [yf1_v5] [INFO] 2号位打出['PASS', 'PASS', 'PASS']， 最大动作为0号位打出的['Single', 'B', ['SB']]
[22:31:53] [yf1_v5] [INFO] 3号位打出['PASS', 'PASS', 'PASS']， 最大动作为0号位打出的['Single', 'B', ['SB']]
[22:31:53] [yf1_v5] [INFO] 0号位打出['Bomb', '3', ['S3', 'H3', 'D3', 'D3']]， 最大动作为0号位打出的['Bomb', '3', ['S3', 'H3', 'D3', 'D3']]
[22:31:53] [YFAdapter-P0] [INFO] [YF-P0] Decision context: myPos=0, curPos=0, greaterPos=0, teammate=2, curAction=[, actionList_size=1
[22:31:53] [YFAdapter-P0] [INFO] [YF-P0] Decided: action_index=0, action=['PASS', 'PASS', 'PASS']
[22:31:53] [yf1_v5] [INFO] 1号位打出['PASS', 'PASS', 'PASS']， 最大动作为0号位打出的['Bomb', '3', ['S3', 'H3', 'D3', 'D3']]
[22:31:53] [yf1_v5] [INFO] 2号位打出['PASS', 'PASS', 'PASS']， 最大动作为0号位打出的['Bomb', '3', ['S3', 'H3', 'D3', 'D3']]
[22:31:53] [yf1_v5] [INFO] 2号位打出['Single', '9', ['C9']]， 最大动作为2号位打出的['Single', '9', ['C9']]
[22:31:53] [yf1_v5] [INFO] 3号位打出['PASS', 'PASS', 'PASS']， 最大动作为2号位打出的['Single', '9', ['C9']]
[22:31:53] [YFAdapter-P0] [INFO] [YF-P0] Decision context: myPos=0, curPos=3, greaterPos=2, teammate=2, curAction=[, actionList_size=1
[22:31:53] [YFAdapter-P0] [INFO] [YF-P0] Decided: action_index=0, action=['PASS', 'PASS', 'PASS']
[22:31:53] [yf1_v5] [INFO] 1号位打出['PASS', 'PASS', 'PASS']， 最大动作为2号位打出的['Single', '9', ['C9']]
[22:31:53] [yf1_v5] [INFO] 2号位打出['Single', 'B', ['SB']]， 最大动作为2号位打出的['Single', 'B', ['SB']]
[22:31:53] [yf1_v5] [INFO] 游戏开始, 我是1号位，手牌：['S2', 'D2', 'D3', 'C4', 'S5', 'H5', 'C5', 'D5', 'S7', 'H7', 'C7', 'D7', 'H8', 'C8', 'C9', 'CT', 'DT', 'SJ', 'SJ', 'SK', 'HK', 'CK', 'DK', 'CA', 'SQ', 'SQ', 'HQ']
[22:31:53] [YFAdapter-P0] [INFO] [YF-P0] Decision context: myPos=0, curPos=-1, greaterPos=-1, teammate=2, curAction=[, actionList_size=1
[22:31:53] [YFAdapter-P0] [INFO] [YF-P0] Decided: action_index=0, action=['tribute', 'tribute', [['S', 'Q']]]
[22:31:54] [yf1_v5] [INFO] 3号位打出['Single', '6', ['C6']]， 最大动作为3号位打出的['Single', '6', ['C6']]
[22:31:54] [yf1_v5] [INFO] 0号位打出['Single', '7', ['D7']]， 最大动作为0号位打出的['Single', '7', ['D7']]
[22:31:54] [YFAdapter-P0] [INFO] [YF-P0] Decision context: myPos=0, curPos=0, greaterPos=0, teammate=2, curAction=[, actionList_size=33
[22:31:54] [YFAdapter-P0] [INFO] [YF-P0] Decided: action_index=18, action=['Bomb', '5', [['S', '5'], ['C', '5'], ['D', '5'], ['H', 'Q']]]
[22:31:54] [yf1_v5] [INFO] 1号位打出['Bomb', '5', ['S5', 'C5', 'D5', 'HQ']]， 最大动作为1号位打出的['Bomb', '5', ['S5', 'C5', 'D5', 'HQ']]
[22:31:54] [yf1_v5] [INFO] 2号位打出['PASS', 'PASS', 'PASS']， 最大动作为1号位打出的['Bomb', '5', ['S5', 'C5', 'D5', 'HQ']]
[22:31:54] [yf1_v5] [INFO] 3号位打出['Bomb', 'Q', ['CQ', 'CQ', 'DQ', 'DQ']]， 最大动作为3号位打出的['Bomb', 'Q', ['CQ', 'CQ', 'DQ', 'DQ']]
[22:31:54] [yf1_v5] [INFO] 0号位打出['PASS', 'PASS', 'PASS']， 最大动作为3号位打出的['Bomb', 'Q', ['CQ', 'CQ', 'DQ', 'DQ']]
[22:31:54] [YFAdapter-P0] [INFO] [YF-P0] Decision context: myPos=0, curPos=0, greaterPos=3, teammate=2, curAction=[, actionList_size=1
[22:31:54] [YFAdapter-P0] [INFO] [YF-P0] Decided: action_index=0, action=['PASS', 'PASS', 'PASS']
[22:31:54] [yf1_v5] [INFO] 1号位打出['PASS', 'PASS', 'PASS']， 最大动作为3号位打出的['Bomb', 'Q', ['CQ', 'CQ', 'DQ', 'DQ']]
[22:31:54] [yf1_v5] [INFO] 2号位打出['PASS', 'PASS', 'PASS']， 最大动作为3号位打出的['Bomb', 'Q', ['CQ', 'CQ', 'DQ', 'DQ']]
[22:31:54] [yf1_v5] [INFO] 3号位打出['Single', '8', ['S8']]， 最大动作为3号位打出的['Single', '8', ['S8']]
[22:31:54] [yf1_v5] [INFO] 0号位打出['Single', 'T', ['CT']]， 最大动作为0号位打出的['Single', 'T', ['CT']]
[22:31:54] [YFAdapter-P0] [INFO] [YF-P0] Decision context: myPos=0, curPos=0, greaterPos=0, teammate=2, curAction=[, actionList_size=10
[22:31:54] [YFAdapter-P0] [INFO] [YF-P0] Decided: action_index=8, action=['Bomb', '7', [['S', '7'], ['H', '7'], ['C', '7'], ['D', '7']]]
[22:31:54] [yf1_v5] [INFO] 1号位打出['Bomb', '7', ['S7', 'H7', 'C7', 'D7']]， 最大动作为1号位打出的['Bomb', '7', ['S7', 'H7', 'C7', 'D7']]
[22:31:54] [yf1_v5] [INFO] 2号位打出['PASS', 'PASS', 'PASS']， 最大动作为1号位打出的['Bomb', '7', ['S7', 'H7', 'C7', 'D7']]
[22:31:54] [yf1_v5] [INFO] 3号位打出['PASS', 'PASS', 'PASS']， 最大动作为1号位打出的['Bomb', '7', ['S7', 'H7', 'C7', 'D7']]
[22:31:54] [yf1_v5] [INFO] 0号位打出['PASS', 'PASS', 'PASS']， 最大动作为1号位打出的['Bomb', '7', ['S7', 'H7', 'C7', 'D7']]
[22:31:54] [YFAdapter-P0] [INFO] [YF-P0] Decision context: myPos=0, curPos=-1, greaterPos=-1, teammate=2, curAction=[, actionList_size=85
[22:31:54] [YFAdapter-P0] [INFO] [YF-P0] Decided: action_index=62, action=['Straight', 'A', [['C', 'A'], ['S', '2'], ['D', '3'], ['C', '4'], ['H', '5']]]
[22:31:54] [yf1_v5] [INFO] 1号位打出['Straight', 'A', ['CA', 'S2', 'D3', 'C4', 'H5']]， 最大动作为1号位打出的['Straight', 'A', ['CA', 'S2', 'D3', 'C4', 'H5']]
[22:31:54] [yf1_v5] [INFO] 2号位打出['Straight', '3', ['H3', 'S4', 'H5', 'S6', 'H7']]， 最大动作为2号位打出的['Straight', '3', ['H3', 'S4', 'H5', 'S6', 'H7']]
[22:31:54] [yf1_v5] [INFO] 3号位打出['PASS', 'PASS', 'PASS']， 最大动作为2号位打出的['Straight', '3', ['H3', 'S4', 'H5', 'S6', 'H7']]
[22:31:54] [yf1_v5] [INFO] 0号位打出['PASS', 'PASS', 'PASS']， 最大动作为2号位打出的['Straight', '3', ['H3', 'S4', 'H5', 'S6', 'H7']]
[22:31:54] [YFAdapter-P0] [INFO] [YF-P0] Decision context: myPos=0, curPos=0, greaterPos=2, teammate=2, curAction=[, actionList_size=14
[22:31:54] [YFAdapter-P0] [INFO] [YF-P0] Decided: action_index=0, action=['PASS', 'PASS', 'PASS']
[22:31:54] [yf1_v5] [INFO] 1号位打出['Bomb', 'K', ['SK', 'HK', 'CK', 'DK']]， 最大动作为1号位打出的['Bomb', 'K', ['SK', 'HK', 'CK', 'DK']]
[22:31:54] [yf1_v5] [INFO] 2号位打出['PASS', 'PASS', 'PASS']， 最大动作为1号位打出的['Bomb', 'K', ['SK', 'HK', 'CK', 'DK']]
[22:31:54] [yf1_v5] [INFO] 3号位打出['PASS', 'PASS', 'PASS']， 最大动作为1号位打出的['Bomb', 'K', ['SK', 'HK', 'CK', 'DK']]
[22:31:54] [yf1_v5] [INFO] 0号位打出['PASS', 'PASS', 'PASS']， 最大动作为1号位打出的['Bomb', 'K', ['SK', 'HK', 'CK', 'DK']]
[22:31:54] [YFAdapter-P0] [INFO] [YF-P0] Decision context: myPos=0, curPos=-1, greaterPos=-1, teammate=2, curAction=[, actionList_size=17
[22:31:54] [YFAdapter-P0] [INFO] [YF-P0] Decided: action_index=9, action=['Pair', '2', [['S', '2'], ['D', '2']]]
[22:31:54] [yf1_v5] [INFO] 1号位打出['Pair', '2', ['S2', 'D2']]， 最大动作为1号位打出的['Pair', '2', ['S2', 'D2']]
[22:31:54] [yf1_v5] [INFO] 2号位打出['Pair', '6', ['H6', 'HQ']]， 最大动作为2号位打出的['Pair', '6', ['H6', 'HQ']]
[22:31:54] [yf1_v5] [INFO] 3号位打出['Pair', 'J', ['HJ', 'CJ']]， 最大动作为3号位打出的['Pair', 'J', ['HJ', 'CJ']]
[22:31:54] [yf1_v5] [INFO] 0号位打出['Pair', 'K', ['HK', 'CK']]， 最大动作为0号位打出的['Pair', 'K', ['HK', 'CK']]
[22:31:54] [YFAdapter-P0] [INFO] [YF-P0] Decision context: myPos=0, curPos=0, greaterPos=0, teammate=2, curAction=[, actionList_size=1
[22:31:54] [YFAdapter-P0] [INFO] [YF-P0] Decided: action_index=0, action=['PASS', 'PASS', 'PASS']
[22:31:54] [yf1_v5] [INFO] 1号位打出['PASS', 'PASS', 'PASS']， 最大动作为0号位打出的['Pair', 'K', ['HK', 'CK']]
[22:31:54] [yf1_v5] [INFO] 2号位打出['PASS', 'PASS', 'PASS']， 最大动作为0号位打出的['Pair', 'K', ['HK', 'CK']]
[22:31:54] [yf1_v5] [INFO] 3号位打出['Pair', 'A', ['HA', 'DA']]， 最大动作为3号位打出的['Pair', 'A', ['HA', 'DA']]
[22:31:54] [yf1_v5] [INFO] 0号位打出['Pair', 'R', ['HR', 'HR']]， 最大动作为0号位打出的['Pair', 'R', ['HR', 'HR']]
[22:31:54] [YFAdapter-P0] [INFO] [YF-P0] Decision context: myPos=0, curPos=0, greaterPos=0, teammate=2, curAction=[, actionList_size=1
[22:31:54] [YFAdapter-P0] [INFO] [YF-P0] Decided: action_index=0, action=['PASS', 'PASS', 'PASS']
[22:31:54] [yf1_v5] [INFO] 1号位打出['PASS', 'PASS', 'PASS']， 最大动作为0号位打出的['Pair', 'R', ['HR', 'HR']]
[22:31:54] [yf1_v5] [INFO] 2号位打出['PASS', 'PASS', 'PASS']， 最大动作为0号位打出的['Pair', 'R', ['HR', 'HR']]
[22:31:54] [yf1_v5] [INFO] 3号位打出['PASS', 'PASS', 'PASS']， 最大动作为0号位打出的['Pair', 'R', ['HR', 'HR']]
[22:31:54] [yf1_v5] [INFO] 0号位打出['Single', '5', ['D5']]， 最大动作为0号位打出的['Single', '5', ['D5']]
[22:31:54] [YFAdapter-P0] [INFO] [YF-P0] Decision context: myPos=0, curPos=0, greaterPos=0, teammate=2, curAction=[, actionList_size=8
[22:31:54] [YFAdapter-P0] [INFO] [YF-P0] Decided: action_index=5, action=['Single', 'T', [['D', 'T']]]
[22:31:54] [yf1_v5] [INFO] 1号位打出['Single', 'T', ['DT']]， 最大动作为1号位打出的['Single', 'T', ['DT']]
[22:31:54] [yf1_v5] [INFO] 2号位打出['Single', 'K', ['DK']]， 最大动作为2号位打出的['Single', 'K', ['DK']]
[22:31:54] [yf1_v5] [INFO] 3号位打出['PASS', 'PASS', 'PASS']， 最大动作为2号位打出的['Single', 'K', ['DK']]
[22:31:54] [yf1_v5] [INFO] 0号位打出['Single', 'Q', ['SQ']]， 最大动作为0号位打出的['Single', 'Q', ['SQ']]
[22:31:54] [YFAdapter-P0] [INFO] [YF-P0] Decision context: myPos=0, curPos=0, greaterPos=0, teammate=2, curAction=[, actionList_size=1
[22:31:54] [YFAdapter-P0] [INFO] [YF-P0] Decided: action_index=0, action=['PASS', 'PASS', 'PASS']
[22:31:54] [yf1_v5] [INFO] 1号位打出['PASS', 'PASS', 'PASS']， 最大动作为0号位打出的['Single', 'Q', ['SQ']]
[22:31:54] [yf1_v5] [INFO] 2号位打出['PASS', 'PASS', 'PASS']， 最大动作为0号位打出的['Single', 'Q', ['SQ']]
[22:31:54] [yf1_v5] [INFO] 3号位打出['PASS', 'PASS', 'PASS']， 最大动作为0号位打出的['Single', 'Q', ['SQ']]
[22:31:54] [yf1_v5] [INFO] 0号位打出['ThreeWithTwo', '4', ['H4', 'C4', 'D4', 'H9', 'C9']]， 最大动作为0号位打出的['ThreeWithTwo', '4', ['H4', 'C4', 'D4', 'H9', 'C9']]
[22:31:54] [YFAdapter-P0] [INFO] [YF-P0] Decision context: myPos=0, curPos=0, greaterPos=0, teammate=2, curAction=[, actionList_size=1
[22:31:54] [YFAdapter-P0] [INFO] [YF-P0] Decided: action_index=0, action=['PASS', 'PASS', 'PASS']
[22:31:54] [yf1_v5] [INFO] 1号位打出['PASS', 'PASS', 'PASS']， 最大动作为0号位打出的['ThreeWithTwo', '4', ['H4', 'C4', 'D4', 'H9', 'C9']]
[22:31:54] [yf1_v5] [INFO] 2号位打出['ThreeWithTwo', 'A', ['SA', 'SA', 'DA', 'C8', 'D8']]， 最大动作为2号位打出的['ThreeWithTwo', 'A', ['SA', 'SA', 'DA', 'C8', 'D8']]
[22:31:54] [yf1_v5] [INFO] 3号位打出['PASS', 'PASS', 'PASS']， 最大动作为2号位打出的['ThreeWithTwo', 'A', ['SA', 'SA', 'DA', 'C8', 'D8']]
[22:31:54] [yf1_v5] [INFO] 0号位打出['PASS', 'PASS', 'PASS']， 最大动作为2号位打出的['ThreeWithTwo', 'A', ['SA', 'SA', 'DA', 'C8', 'D8']]
[22:31:54] [YFAdapter-P0] [INFO] [YF-P0] Decision context: myPos=0, curPos=0, greaterPos=2, teammate=2, curAction=[, actionList_size=1
[22:31:54] [YFAdapter-P0] [INFO] [YF-P0] Decided: action_index=0, action=['PASS', 'PASS', 'PASS']
[22:31:54] [yf1_v5] [INFO] 1号位打出['PASS', 'PASS', 'PASS']， 最大动作为2号位打出的['ThreeWithTwo', 'A', ['SA', 'SA', 'DA', 'C8', 'D8']]
[22:31:54] [yf1_v5] [INFO] 2号位打出['Single', '6', ['C6']]， 最大动作为2号位打出的['Single', '6', ['C6']]
[22:31:54] [yf1_v5] [INFO] 3号位打出['Single', 'T', ['DT']]， 最大动作为3号位打出的['Single', 'T', ['DT']]
[22:31:54] [yf1_v5] [INFO] 0号位打出['Single', 'B', ['SB']]， 最大动作为0号位打出的['Single', 'B', ['SB']]
[22:31:54] [YFAdapter-P0] [INFO] [YF-P0] Decision context: myPos=0, curPos=0, greaterPos=0, teammate=2, curAction=[, actionList_size=1
[22:31:54] [YFAdapter-P0] [INFO] [YF-P0] Decided: action_index=0, action=['PASS', 'PASS', 'PASS']
[22:31:54] [yf1_v5] [INFO] 1号位打出['PASS', 'PASS', 'PASS']， 最大动作为0号位打出的['Single', 'B', ['SB']]
[22:31:54] [yf1_v5] [INFO] 2号位打出['PASS', 'PASS', 'PASS']， 最大动作为0号位打出的['Single', 'B', ['SB']]
[22:31:54] [yf1_v5] [INFO] 3号位打出['PASS', 'PASS', 'PASS']， 最大动作为0号位打出的['Single', 'B', ['SB']]
[22:31:54] [yf1_v5] [INFO] 0号位打出['ThreeWithTwo', '8', ['S8', 'H8', 'D8', 'HA', 'CA']]， 最大动作为0号位打出的['ThreeWithTwo', '8', ['S8', 'H8', 'D8', 'HA', 'CA']]
[22:31:54] [YFAdapter-P0] [INFO] [YF-P0] Decision context: myPos=0, curPos=0, greaterPos=0, teammate=2, curAction=[, actionList_size=1
[22:31:54] [YFAdapter-P0] [INFO] [YF-P0] Decided: action_index=0, action=['PASS', 'PASS', 'PASS']
[22:31:54] [yf1_v5] [INFO] 1号位打出['PASS', 'PASS', 'PASS']， 最大动作为0号位打出的['ThreeWithTwo', '8', ['S8', 'H8', 'D8', 'HA', 'CA']]
[22:31:54] [yf1_v5] [INFO] 2号位打出['ThreeWithTwo', '9', ['S9', 'S9', 'H9', 'ST', 'HT']]， 最大动作为2号位打出的['ThreeWithTwo', '9', ['S9', 'S9', 'H9', 'ST', 'HT']]
[22:31:54] [yf1_v5] [INFO] 3号位打出['PASS', 'PASS', 'PASS']， 最大动作为2号位打出的['ThreeWithTwo', '9', ['S9', 'S9', 'H9', 'ST', 'HT']]
[22:31:54] [yf1_v5] [INFO] 0号位打出['Bomb', '3', ['S3', 'H3', 'C3', 'D3']]， 最大动作为0号位打出的['Bomb', '3', ['S3', 'H3', 'C3', 'D3']]
[22:31:54] [YFAdapter-P0] [INFO] [YF-P0] Decision context: myPos=0, curPos=0, greaterPos=0, teammate=2, curAction=[, actionList_size=1
[22:31:54] [YFAdapter-P0] [INFO] [YF-P0] Decided: action_index=0, action=['PASS', 'PASS', 'PASS']
[22:31:54] [yf1_v5] [INFO] 1号位打出['PASS', 'PASS', 'PASS']， 最大动作为0号位打出的['Bomb', '3', ['S3', 'H3', 'C3', 'D3']]
[22:31:54] [yf1_v5] [INFO] 2号位打出['PASS', 'PASS', 'PASS']， 最大动作为0号位打出的['Bomb', '3', ['S3', 'H3', 'C3', 'D3']]
[22:31:54] [yf1_v5] [INFO] 3号位打出['PASS', 'PASS', 'PASS']， 最大动作为0号位打出的['Bomb', '3', ['S3', 'H3', 'C3', 'D3']]
[22:31:54] [yf1_v5] [INFO] 0号位打出['Bomb', '6', ['S6', 'H6', 'D6', 'D6']]， 最大动作为0号位打出的['Bomb', '6', ['S6', 'H6', 'D6', 'D6']]
[22:31:54] [YFAdapter-P0] [INFO] [YF-P0] Decision context: myPos=0, curPos=0, greaterPos=0, teammate=2, curAction=[, actionList_size=1
[22:31:54] [YFAdapter-P0] [INFO] [YF-P0] Decided: action_index=0, action=['PASS', 'PASS', 'PASS']
[22:31:54] [yf1_v5] [INFO] 1号位打出['PASS', 'PASS', 'PASS']， 最大动作为0号位打出的['Bomb', '6', ['S6', 'H6', 'D6', 'D6']]
[22:31:54] [yf1_v5] [INFO] 2号位打出['PASS', 'PASS', 'PASS']， 最大动作为0号位打出的['Bomb', '6', ['S6', 'H6', 'D6', 'D6']]
[22:31:54] [yf1_v5] [INFO] 2号位打出['Trips', '2', ['H2', 'C2', 'D2']]， 最大动作为2号位打出的['Trips', '2', ['H2', 'C2', 'D2']]
[22:31:54] [yf1_v5] [INFO] 3号位打出['PASS', 'PASS', 'PASS']， 最大动作为2号位打出的['Trips', '2', ['H2', 'C2', 'D2']]
[22:31:54] [YFAdapter-P0] [INFO] [YF-P0] Decision context: myPos=0, curPos=3, greaterPos=2, teammate=2, curAction=[, actionList_size=1
[22:31:54] [YFAdapter-P0] [INFO] [YF-P0] Decided: action_index=0, action=['PASS', 'PASS', 'PASS']
[22:31:54] [yf1_v5] [INFO] 1号位打出['PASS', 'PASS', 'PASS']， 最大动作为2号位打出的['Trips', '2', ['H2', 'C2', 'D2']]
[22:31:54] [yf1_v5] [INFO] 2号位打出['Single', 'B', ['SB']]， 最大动作为2号位打出的['Single', 'B', ['SB']]
[22:31:54] [yf1_v5] [INFO] 3号位打出['PASS', 'PASS', 'PASS']， 最大动作为2号位打出的['Single', 'B', ['SB']]
[22:31:54] [YFAdapter-P0] [INFO] [YF-P0] Decision context: myPos=0, curPos=3, greaterPos=2, teammate=2, curAction=[, actionList_size=1
[22:31:54] [YFAdapter-P0] [INFO] [YF-P0] Decided: action_index=0, action=['PASS', 'PASS', 'PASS']
[22:31:54] [yf1_v5] [INFO] 1号位打出['PASS', 'PASS', 'PASS']， 最大动作为2号位打出的['Single', 'B', ['SB']]
[22:31:54] [yf1_v5] [INFO] 2号位打出['Bomb', 'J', ['HJ', 'CJ', 'DJ', 'DJ']]， 最大动作为2号位打出的['Bomb', 'J', ['HJ', 'CJ', 'DJ', 'DJ']]
[22:31:54] [yf1_v5] [INFO] 游戏开始, 我是1号位，手牌：['S2', 'S3', 'S4', 'H4', 'C4', 'D4', 'S6', 'D6', 'H7', 'C7', 'D7', 'C8', 'S9', 'C9', 'ST', 'HT', 'CT', 'CJ', 'DJ', 'HQ', 'CQ', 'CQ', 'SK', 'DK', 'CA', 'DA', 'HR']
[22:31:54] [YFAdapter-P0] [INFO] [YF-P0] Decision context: myPos=0, curPos=-1, greaterPos=-1, teammate=2, curAction=[, actionList_size=1
[22:31:54] [YFAdapter-P0] [INFO] [YF-P0] Decided: action_index=0, action=['tribute', 'tribute', [['H', 'R']]]
[22:31:54] [YFAdapter-P0] [INFO] [YF-P0] Decision context: myPos=0, curPos=-1, greaterPos=-1, teammate=2, curAction=[, actionList_size=474
[22:31:54] [YFAdapter-P0] [INFO] [YF-P0] Decided: action_index=0, action=['Single', '2', [['S', '2']]]
[22:31:54] [yf1_v5] [INFO] 1号位打出['Single', '2', ['S2']]， 最大动作为1号位打出的['Single', '2', ['S2']]
[22:31:54] [yf1_v5] [INFO] 2号位打出['Single', '9', ['D9']]， 最大动作为2号位打出的['Single', '9', ['D9']]
[22:31:54] [yf1_v5] [INFO] 3号位打出['Single', 'Q', ['DQ']]， 最大动作为3号位打出的['Single', 'Q', ['DQ']]
[22:31:54] [yf1_v5] [INFO] 0号位打出['Single', 'A', ['HA']]， 最大动作为0号位打出的['Single', 'A', ['HA']]
[22:31:54] [YFAdapter-P0] [INFO] [YF-P0] Decision context: myPos=0, curPos=0, greaterPos=0, teammate=2, curAction=[, actionList_size=4
[22:31:54] [YFAdapter-P0] [INFO] [YF-P0] Decided: action_index=1, action=['Bomb', '4', [['S', '4'], ['H', '4'], ['C', '4'], ['D', '4']]]
[22:31:54] [yf1_v5] [INFO] 1号位打出['Bomb', '4', ['S4', 'H4', 'C4', 'D4']]， 最大动作为1号位打出的['Bomb', '4', ['S4', 'H4', 'C4', 'D4']]
[22:31:54] [yf1_v5] [INFO] 2号位打出['PASS', 'PASS', 'PASS']， 最大动作为1号位打出的['Bomb', '4', ['S4', 'H4', 'C4', 'D4']]
[22:31:54] [yf1_v5] [INFO] 3号位打出['Bomb', '9', ['S9', 'H9', 'C9', 'D9']]， 最大动作为3号位打出的['Bomb', '9', ['S9', 'H9', 'C9', 'D9']]
[22:31:54] [yf1_v5] [INFO] 0号位打出['PASS', 'PASS', 'PASS']， 最大动作为3号位打出的['Bomb', '9', ['S9', 'H9', 'C9', 'D9']]
[22:31:54] [YFAdapter-P0] [INFO] [YF-P0] Decision context: myPos=0, curPos=0, greaterPos=3, teammate=2, curAction=[, actionList_size=1
[22:31:54] [YFAdapter-P0] [INFO] [YF-P0] Decided: action_index=0, action=['PASS', 'PASS', 'PASS']
[22:31:54] [yf1_v5] [INFO] 1号位打出['PASS', 'PASS', 'PASS']， 最大动作为3号位打出的['Bomb', '9', ['S9', 'H9', 'C9', 'D9']]
[22:31:54] [yf1_v5] [INFO] 2号位打出['PASS', 'PASS', 'PASS']， 最大动作为3号位打出的['Bomb', '9', ['S9', 'H9', 'C9', 'D9']]
[22:31:54] [yf1_v5] [INFO] 3号位打出['Single', '2', ['H2']]， 最大动作为3号位打出的['Single', '2', ['H2']]
[22:31:54] [yf1_v5] [INFO] 0号位打出['Single', '4', ['H4']]， 最大动作为0号位打出的['Single', '4', ['H4']]
[22:31:54] [YFAdapter-P0] [INFO] [YF-P0] Decision context: myPos=0, curPos=0, greaterPos=0, teammate=2, curAction=[, actionList_size=23
[22:31:54] [YFAdapter-P0] [INFO] [YF-P0] Decided: action_index=11, action=['Single', 'T', [['H', 'T']]]
[22:31:54] [yf1_v5] [INFO] 1号位打出['Single', 'T', ['HT']]， 最大动作为1号位打出的['Single', 'T', ['HT']]
[22:31:54] [yf1_v5] [INFO] 2号位打出['Single', 'K', ['CK']]， 最大动作为2号位打出的['Single', 'K', ['CK']]
[22:31:54] [yf1_v5] [INFO] 3号位打出['Single', 'A', ['SA']]， 最大动作为3号位打出的['Single', 'A', ['SA']]
[22:31:54] [yf1_v5] [INFO] 0号位打出['Single', 'B', ['SB']]， 最大动作为0号位打出的['Single', 'B', ['SB']]
[22:31:54] [YFAdapter-P0] [INFO] [YF-P0] Decision context: myPos=0, curPos=0, greaterPos=0, teammate=2, curAction=[, actionList_size=3
[22:31:54] [YFAdapter-P0] [INFO] [YF-P0] Decided: action_index=0, action=['PASS', 'PASS', 'PASS']
[22:31:54] [yf1_v5] [INFO] 1号位打出['PASS', 'PASS', 'PASS']， 最大动作为0号位打出的['Single', 'B', ['SB']]
[22:31:54] [yf1_v5] [INFO] 2号位打出['PASS', 'PASS', 'PASS']， 最大动作为0号位打出的['Single', 'B', ['SB']]
[22:31:54] [yf1_v5] [INFO] 3号位打出['PASS', 'PASS', 'PASS']， 最大动作为0号位打出的['Single', 'B', ['SB']]
[22:31:54] [yf1_v5] [INFO] 0号位打出['Single', '7', ['S7']]， 最大动作为0号位打出的['Single', '7', ['S7']]
[22:31:54] [YFAdapter-P0] [INFO] [YF-P0] Decision context: myPos=0, curPos=0, greaterPos=0, teammate=2, curAction=[, actionList_size=17
[22:31:54] [YFAdapter-P0] [INFO] [YF-P0] Decided: action_index=10, action=['Single', 'Q', [['C', 'Q']]]
[22:31:54] [yf1_v5] [INFO] 1号位打出['Single', 'Q', ['CQ']]， 最大动作为1号位打出的['Single', 'Q', ['CQ']]
[22:31:54] [yf1_v5] [INFO] 2号位打出['Single', 'A', ['HA']]， 最大动作为2号位打出的['Single', 'A', ['HA']]
[22:31:54] [yf1_v5] [INFO] 3号位打出['PASS', 'PASS', 'PASS']， 最大动作为2号位打出的['Single', 'A', ['HA']]
[22:31:54] [yf1_v5] [INFO] 0号位打出['PASS', 'PASS', 'PASS']， 最大动作为2号位打出的['Single', 'A', ['HA']]
[22:31:54] [YFAdapter-P0] [INFO] [YF-P0] Decision context: myPos=0, curPos=0, greaterPos=2, teammate=2, curAction=[, actionList_size=3
[22:31:54] [YFAdapter-P0] [INFO] [YF-P0] Decided: action_index=0, action=['PASS', 'PASS', 'PASS']
[22:31:54] [yf1_v5] [INFO] 1号位打出['PASS', 'PASS', 'PASS']， 最大动作为2号位打出的['Single', 'A', ['HA']]
[22:31:54] [yf1_v5] [INFO] 2号位打出['Straight', '3', ['C3', 'S4', 'S5', 'H6', 'S7']]， 最大动作为2号位打出的['Straight', '3', ['C3', 'S4', 'S5', 'H6', 'S7']]
[22:31:54] [yf1_v5] [INFO] 3号位打出['PASS', 'PASS', 'PASS']， 最大动作为2号位打出的['Straight', '3', ['C3', 'S4', 'S5', 'H6', 'S7']]
[22:31:54] [yf1_v5] [INFO] 0号位打出['PASS', 'PASS', 'PASS']， 最大动作为2号位打出的['Straight', '3', ['C3', 'S4', 'S5', 'H6', 'S7']]
[22:31:54] [YFAdapter-P0] [INFO] [YF-P0] Decision context: myPos=0, curPos=0, greaterPos=2, teammate=2, curAction=[, actionList_size=179
[22:31:54] [YFAdapter-P0] [INFO] [YF-P0] Decided: action_index=0, action=['PASS', 'PASS', 'PASS']
[22:31:54] [yf1_v5] [INFO] 1号位打出['PASS', 'PASS', 'PASS']， 最大动作为2号位打出的['Straight', '3', ['C3', 'S4', 'S5', 'H6', 'S7']]
[22:31:54] [yf1_v5] [INFO] 2号位打出['ThreeWithTwo', '2', ['S2', 'C2', 'D2', 'S5', 'D5']]， 最大动作为2号位打出的['ThreeWithTwo', '2', ['S2', 'C2', 'D2', 'S5', 'D5']]
[22:31:54] [yf1_v5] [INFO] 3号位打出['ThreeWithTwo', '7', ['H7', 'C7', 'D7', 'H5', 'D5']]， 最大动作为3号位打出的['ThreeWithTwo', '7', ['H7', 'C7', 'D7', 'H5', 'D5']]
[22:31:54] [yf1_v5] [INFO] 0号位打出['PASS', 'PASS', 'PASS']， 最大动作为3号位打出的['ThreeWithTwo', '7', ['H7', 'C7', 'D7', 'H5', 'D5']]
[22:31:54] [YFAdapter-P0] [INFO] [YF-P0] Decision context: myPos=0, curPos=0, greaterPos=3, teammate=2, curAction=[, actionList_size=12
[22:31:54] [YFAdapter-P0] [INFO] [YF-P0] Decided: action_index=0, action=['PASS', 'PASS', 'PASS']
[22:31:54] [yf1_v5] [INFO] 1号位打出['ThreeWithTwo', '9', ['S9', 'H9', 'C9', 'S6', 'D6']]， 最大动作为1号位打出的['ThreeWithTwo', '9', ['S9', 'H9', 'C9', 'S6', 'D6']]
[22:31:54] [yf1_v5] [INFO] 2号位打出['ThreeWithTwo', 'Q', ['SQ', 'HQ', 'DQ', 'HT', 'CT']]， 最大动作为2号位打出的['ThreeWithTwo', 'Q', ['SQ', 'HQ', 'DQ', 'HT', 'CT']]
[22:31:54] [yf1_v5] [INFO] 3号位打出['ThreeWithTwo', 'K', ['HK', 'CK', 'DK', 'C4', 'D4']]， 最大动作为3号位打出的['ThreeWithTwo', 'K', ['HK', 'CK', 'DK', 'C4', 'D4']]
[22:31:54] [yf1_v5] [INFO] 0号位打出['Bomb', '8', ['S8', 'H8', 'C8', 'D8']]， 最大动作为0号位打出的['Bomb', '8', ['S8', 'H8', 'C8', 'D8']]
[22:31:54] [YFAdapter-P0] [INFO] [YF-P0] Decision context: myPos=0, curPos=0, greaterPos=0, teammate=2, curAction=[, actionList_size=1
[22:31:54] [YFAdapter-P0] [INFO] [YF-P0] Decided: action_index=0, action=['PASS', 'PASS', 'PASS']
[22:31:54] [yf1_v5] [INFO] 1号位打出['PASS', 'PASS', 'PASS']， 最大动作为0号位打出的['Bomb', '8', ['S8', 'H8', 'C8', 'D8']]
[22:31:54] [yf1_v5] [INFO] 2号位打出['PASS', 'PASS', 'PASS']， 最大动作为0号位打出的['Bomb', '8', ['S8', 'H8', 'C8', 'D8']]
[22:31:54] [yf1_v5] [INFO] 3号位打出['PASS', 'PASS', 'PASS']， 最大动作为0号位打出的['Bomb', '8', ['S8', 'H8', 'C8', 'D8']]
[22:31:54] [yf1_v5] [INFO] 0号位打出['ThreeWithTwo', '3', ['S3', 'H3', 'C3', 'H2', 'D2']]， 最大动作为0号位打出的['ThreeWithTwo', '3', ['S3', 'H3', 'C3', 'H2', 'D2']]
[22:31:54] [YFAdapter-P0] [INFO] [YF-P0] Decision context: myPos=0, curPos=0, greaterPos=0, teammate=2, curAction=[, actionList_size=6
[22:31:54] [YFAdapter-P0] [INFO] [YF-P0] Decided: action_index=5, action=['ThreeWithTwo', '7', [['H', '7'], ['C', '7'], ['D', '7'], ['C', 'A'], ['D', 'A']]]
[22:31:54] [yf1_v5] [INFO] 1号位打出['ThreeWithTwo', '7', ['H7', 'C7', 'D7', 'CA', 'DA']]， 最大动作为1号位打出的['ThreeWithTwo', '7', ['H7', 'C7', 'D7', 'CA', 'DA']]
[22:31:54] [yf1_v5] [INFO] 2号位打出['PASS', 'PASS', 'PASS']， 最大动作为1号位打出的['ThreeWithTwo', '7', ['H7', 'C7', 'D7', 'CA', 'DA']]
[22:31:54] [yf1_v5] [INFO] 3号位打出['ThreeWithTwo', '8', ['S8', 'H8', 'D8', 'H3', 'D3']]， 最大动作为3号位打出的['ThreeWithTwo', '8', ['S8', 'H8', 'D8', 'H3', 'D3']]
[22:31:54] [yf1_v5] [INFO] 0号位打出['Bomb', '6', ['S6', 'H6', 'C6', 'C6', 'D6']]， 最大动作为0号位打出的['Bomb', '6', ['S6', 'H6', 'C6', 'C6', 'D6']]
[22:31:54] [YFAdapter-P0] [INFO] [YF-P0] Decision context: myPos=0, curPos=0, greaterPos=0, teammate=2, curAction=[, actionList_size=1
[22:31:54] [YFAdapter-P0] [INFO] [YF-P0] Decided: action_index=0, action=['PASS', 'PASS', 'PASS']
[22:31:54] [yf1_v5] [INFO] 1号位打出['PASS', 'PASS', 'PASS']， 最大动作为0号位打出的['Bomb', '6', ['S6', 'H6', 'C6', 'C6', 'D6']]
[22:31:54] [yf1_v5] [INFO] 2号位打出['PASS', 'PASS', 'PASS']， 最大动作为0号位打出的['Bomb', '6', ['S6', 'H6', 'C6', 'C6', 'D6']]
[22:31:54] [yf1_v5] [INFO] 3号位打出['PASS', 'PASS', 'PASS']， 最大动作为0号位打出的['Bomb', '6', ['S6', 'H6', 'C6', 'C6', 'D6']]
[22:31:54] [yf1_v5] [INFO] 0号位打出['ThreeWithTwo', '5', ['H5', 'C5', 'C5', 'DT', 'DT']]， 最大动作为0号位打出的['ThreeWithTwo', '5', ['H5', 'C5', 'C5', 'DT', 'DT']]
[22:31:54] [YFAdapter-P0] [INFO] [YF-P0] Decision context: myPos=0, curPos=0, greaterPos=0, teammate=2, curAction=[, actionList_size=1
[22:31:54] [YFAdapter-P0] [INFO] [YF-P0] Decided: action_index=0, action=['PASS', 'PASS', 'PASS']
[22:31:54] [yf1_v5] [INFO] 1号位打出['PASS', 'PASS', 'PASS']， 最大动作为0号位打出的['ThreeWithTwo', '5', ['H5', 'C5', 'C5', 'DT', 'DT']]
[22:31:54] [yf1_v5] [INFO] 2号位打出['Bomb', 'J', ['SJ', 'HJ', 'HJ', 'CJ', 'DJ']]， 最大动作为2号位打出的['Bomb', 'J', ['SJ', 'HJ', 'HJ', 'CJ', 'DJ']]
[22:31:54] [yf1_v5] [INFO] 3号位打出['PASS', 'PASS', 'PASS']， 最大动作为2号位打出的['Bomb', 'J', ['SJ', 'HJ', 'HJ', 'CJ', 'DJ']]
[22:31:54] [yf1_v5] [INFO] 0号位打出['PASS', 'PASS', 'PASS']， 最大动作为2号位打出的['Bomb', 'J', ['SJ', 'HJ', 'HJ', 'CJ', 'DJ']]
[22:31:54] [YFAdapter-P0] [INFO] [YF-P0] Decision context: myPos=0, curPos=0, greaterPos=2, teammate=2, curAction=[, actionList_size=1
[22:31:54] [YFAdapter-P0] [INFO] [YF-P0] Decided: action_index=0, action=['PASS', 'PASS', 'PASS']
[22:31:54] [yf1_v5] [INFO] 1号位打出['PASS', 'PASS', 'PASS']， 最大动作为2号位打出的['Bomb', 'J', ['SJ', 'HJ', 'HJ', 'CJ', 'DJ']]
[22:31:54] [yf1_v5] [INFO] 2号位打出['Pair', 'A', ['CA', 'DA']]， 最大动作为2号位打出的['Pair', 'A', ['CA', 'DA']]
[22:31:54] [yf1_v5] [INFO] 3号位打出['PASS', 'PASS', 'PASS']， 最大动作为2号位打出的['Pair', 'A', ['CA', 'DA']]
[22:31:54] [yf1_v5] [INFO] 0号位打出['PASS', 'PASS', 'PASS']， 最大动作为2号位打出的['Pair', 'A', ['CA', 'DA']]
[22:31:54] [YFAdapter-P0] [INFO] [YF-P0] Decision context: myPos=0, curPos=0, greaterPos=2, teammate=2, curAction=[, actionList_size=1
[22:31:54] [YFAdapter-P0] [INFO] [YF-P0] Decided: action_index=0, action=['PASS', 'PASS', 'PASS']
[22:31:54] [yf1_v5] [INFO] 1号位打出['PASS', 'PASS', 'PASS']， 最大动作为2号位打出的['Pair', 'A', ['CA', 'DA']]
[22:31:54] [yf1_v5] [INFO] 2号位打出['Single', 'B', ['SB']]， 最大动作为2号位打出的['Single', 'B', ['SB']]
[22:31:54] [yf1_v5] [INFO] 3号位打出['PASS', 'PASS', 'PASS']， 最大动作为2号位打出的['Single', 'B', ['SB']]
[22:31:54] [yf1_v5] [INFO] 0号位打出['PASS', 'PASS', 'PASS']， 最大动作为2号位打出的['Single', 'B', ['SB']]
[22:31:54] [YFAdapter-P0] [INFO] [YF-P0] Decision context: myPos=0, curPos=0, greaterPos=2, teammate=2, curAction=[, actionList_size=1
[22:31:54] [YFAdapter-P0] [INFO] [YF-P0] Decided: action_index=0, action=['PASS', 'PASS', 'PASS']
[22:31:54] [yf1_v5] [INFO] 1号位打出['PASS', 'PASS', 'PASS']， 最大动作为2号位打出的['Single', 'B', ['SB']]
[22:31:54] [yf1_v5] [INFO] 2号位打出['Single', 'R', ['HR']]， 最大动作为2号位打出的['Single', 'R', ['HR']]
[22:31:54] [yf1_v5] [INFO] 3号位打出['PASS', 'PASS', 'PASS']， 最大动作为2号位打出的['Single', 'R', ['HR']]
[22:31:54] [yf1_v5] [INFO] 0号位打出['PASS', 'PASS', 'PASS']， 最大动作为2号位打出的['Single', 'R', ['HR']]
[22:31:54] [yf1_v5] [INFO] 0号位打出['Pair', 'K', ['SK', 'HK']]， 最大动作为0号位打出的['Pair', 'K', ['SK', 'HK']]
[22:31:54] [YFAdapter-P0] [INFO] [YF-P0] Decision context: myPos=0, curPos=0, greaterPos=0, teammate=2, curAction=[, actionList_size=1
[22:31:54] [YFAdapter-P0] [INFO] [YF-P0] Decided: action_index=0, action=['PASS', 'PASS', 'PASS']
[22:31:54] [yf1_v5] [INFO] 1号位打出['PASS', 'PASS', 'PASS']， 最大动作为0号位打出的['Pair', 'K', ['SK', 'HK']]
[22:31:54] [yf1_v5] [INFO] 3号位打出['PASS', 'PASS', 'PASS']， 最大动作为0号位打出的['Pair', 'K', ['SK', 'HK']]
[22:31:54] [yf1_v5] [INFO] 0号位打出['Single', 'Q', ['SQ']]， 最大动作为0号位打出的['Single', 'Q', ['SQ']]
[22:31:54] [YFAdapter-P0] [INFO] [YF-P0] Decision context: myPos=0, curPos=0, greaterPos=0, teammate=2, curAction=[, actionList_size=3
[22:31:54] [YFAdapter-P0] [INFO] [YF-P0] Decided: action_index=1, action=['Single', 'K', [['S', 'K']]]
[22:31:54] [yf1_v5] [INFO] 1号位打出['Single', 'K', ['SK']]， 最大动作为1号位打出的['Single', 'K', ['SK']]
[22:31:54] [yf1_v5] [INFO] 3号位打出['Single', 'A', ['SA']]， 最大动作为3号位打出的['Single', 'A', ['SA']]
[22:31:54] [yf1_v5] [INFO] 0号位打出['Single', 'R', ['HR']]， 最大动作为0号位打出的['Single', 'R', ['HR']]
[22:31:54] [yf1_v5] [INFO] ============================================================
[22:31:54] [yf1_v5] [INFO] GAME RESULT (V5)
[22:31:54] [yf1_v5] [INFO] ============================================================
[22:31:54] [yf1_v5] [INFO] Victory counts: [3, 0, 3, 0]
[22:31:54] [yf1_v5] [INFO] Total decisions: 541
[22:31:54] [yf1_v5] [INFO]   - RL decisions: 541
[22:31:54] [yf1_v5] [INFO]   - Knowledge decisions: 1513
[22:31:54] [yf1_v5] [INFO] Total games played: 1
[22:31:54] [yf1_v5] [INFO] Layer usage statistics:
[22:31:54] [yf1_v5] [INFO] ============================================================
[22:31:54] [HybridV4-P0] [INFO] Statistics reset
[22:33:18] [websocket_manager.yf1_v5] [INFO] Connection closed: no close frame received or sent
[22:33:18] [websocket_manager.yf1_v5] [INFO] Message handling loop ended
