[22:44:08] [websocket_manager.yf1_v5] [INFO] WebSocket Manager initialized for yf1_v5
[22:44:08] [websocket_manager.yf1_v5] [INFO]   - URI: ws://127.0.0.1:23456/game/yf1_v5
[22:44:08] [websocket_manager.yf1_v5] [INFO]   - Reconnect interval: 5s
[22:44:08] [websocket_manager.yf1_v5] [INFO]   - Heartbeat interval: 30s
[22:44:08] [websocket_manager.yf1_v5] [INFO]   - Timeout: 10s
[22:44:08] [HybridV4-P0] [INFO] HybridDecisionEngineV4 initialized
[22:44:10] [yf1_v5] [INFO] ✓ RL Engine initialized
[22:44:10] [yf1_v5] [INFO] ✓ yf1_v5 initialized (Player 0)
[22:44:10] [yf1_v5] [INFO]   - RL Engine: Available
[22:44:10] [yf1_v5] [INFO]   - Hybrid Decision: True
[22:44:10] [websocket_manager.yf1_v5] [INFO] Connecting to ws://127.0.0.1:23456/game/yf1_v5... (attempt 1)
[22:44:10] [websocket_manager.yf1_v5] [INFO] ✓ Connected to server: ws://127.0.0.1:23456/game/yf1_v5
[22:44:17] [yf1_v5] [INFO] 游戏开始, 我是1号位，手牌：['D3', 'S4', 'C4', 'S5', 'D5', 'S6', 'H6', 'H6', 'C6', 'C7', 'H8', 'D8', 'S9', 'H9', 'C9', 'C9', 'D9', 'DT', 'SQ', 'CQ', 'DQ', 'CK', 'HA', 'CA', 'C2', 'D2', 'SB']
[22:44:17] [yf1_v5] [INFO] 2号位打出['Single', '6', ['C6']]， 最大动作为2号位打出的['Single', '6', ['C6']]
[22:44:17] [yf1_v5] [INFO] 3号位打出['Bomb', '5', ['S5', 'H5', 'C5', 'H2']]， 最大动作为3号位打出的['Bomb', '5', ['S5', 'H5', 'C5', 'H2']]
[22:44:17] [yf1_v5] [INFO] 0号位打出['Bomb', '4', ['S4', 'H4', 'H4', 'D4', 'H2']]， 最大动作为0号位打出的['Bomb', '4', ['S4', 'H4', 'H4', 'D4', 'H2']]
[22:44:17] [YFAdapter-P0] [INFO] YF state initialized: player_id=0
[22:44:17] [YFAdapter-P0] [INFO] YFAdapter initialized for player 0
[22:44:17] [HybridV4-P0] [INFO] YFAdapter initialized (lazy)
[22:44:17] [YFAdapter-P0] [INFO] [YF-P0] Decision context: myPos=0, curPos=0, greaterPos=0, teammate=2, curAction=[, actionList_size=2
[22:44:17] [YFAdapter-P0] [INFO] [YF-P0] Decided: action_index=1, action=['Bomb', '9', [['S', '9'], ['H', '9'], ['C', '9'], ['C', '9'], ['D', '9']]]
[22:44:17] [HybridV4-P0] [INFO] DecisionEngine initialized (lazy)
[22:44:17] [HybridV4-P0] [INFO] KnowledgeEnhancedDecisionEngine initialized (lazy)
[22:44:17] [yf1_v5] [INFO] 1号位打出['Bomb', '9', ['S9', 'H9', 'C9', 'C9', 'D9']]， 最大动作为1号位打出的['Bomb', '9', ['S9', 'H9', 'C9', 'C9', 'D9']]
[22:44:17] [yf1_v5] [INFO] 2号位打出['PASS', 'PASS', 'PASS']， 最大动作为1号位打出的['Bomb', '9', ['S9', 'H9', 'C9', 'C9', 'D9']]
[22:44:17] [yf1_v5] [INFO] 3号位打出['PASS', 'PASS', 'PASS']， 最大动作为1号位打出的['Bomb', '9', ['S9', 'H9', 'C9', 'C9', 'D9']]
[22:44:17] [yf1_v5] [INFO] 0号位打出['PASS', 'PASS', 'PASS']， 最大动作为1号位打出的['Bomb', '9', ['S9', 'H9', 'C9', 'C9', 'D9']]
[22:44:17] [YFAdapter-P0] [INFO] [YF-P0] Decision context: myPos=0, curPos=-1, greaterPos=-1, teammate=2, curAction=[, actionList_size=151
[22:44:17] [YFAdapter-P0] [INFO] [YF-P0] Decided: action_index=0, action=['Single', '3', [['D', '3']]]
[22:44:17] [yf1_v5] [INFO] 1号位打出['Single', '3', ['D3']]， 最大动作为1号位打出的['Single', '3', ['D3']]
[22:44:17] [yf1_v5] [INFO] 2号位打出['Single', 'T', ['DT']]， 最大动作为2号位打出的['Single', 'T', ['DT']]
[22:44:17] [yf1_v5] [INFO] 3号位打出['Single', 'A', ['CA']]， 最大动作为3号位打出的['Single', 'A', ['CA']]
[22:44:17] [yf1_v5] [INFO] 0号位打出['PASS', 'PASS', 'PASS']， 最大动作为3号位打出的['Single', 'A', ['CA']]
[22:44:17] [YFAdapter-P0] [INFO] [YF-P0] Decision context: myPos=0, curPos=0, greaterPos=3, teammate=2, curAction=[, actionList_size=5
[22:44:17] [YFAdapter-P0] [INFO] [YF-P0] Decided: action_index=0, action=['PASS', 'PASS', 'PASS']
[22:44:17] [yf1_v5] [INFO] 1号位打出['Single', '2', ['C2']]， 最大动作为1号位打出的['Single', '2', ['C2']]
[22:44:17] [yf1_v5] [INFO] 2号位打出['Single', 'B', ['SB']]， 最大动作为2号位打出的['Single', 'B', ['SB']]
[22:44:17] [yf1_v5] [INFO] 3号位打出['Single', 'R', ['HR']]， 最大动作为3号位打出的['Single', 'R', ['HR']]
[22:44:17] [yf1_v5] [INFO] 0号位打出['PASS', 'PASS', 'PASS']， 最大动作为3号位打出的['Single', 'R', ['HR']]
[22:44:17] [YFAdapter-P0] [INFO] [YF-P0] Decision context: myPos=0, curPos=0, greaterPos=3, teammate=2, curAction=[, actionList_size=2
[22:44:17] [YFAdapter-P0] [INFO] [YF-P0] Decided: action_index=0, action=['PASS', 'PASS', 'PASS']
[22:44:17] [yf1_v5] [INFO] 1号位打出['Bomb', '6', ['S6', 'H6', 'H6', 'C6']]， 最大动作为1号位打出的['Bomb', '6', ['S6', 'H6', 'H6', 'C6']]
[22:44:17] [yf1_v5] [INFO] 2号位打出['Bomb', 'K', ['HK', 'HK', 'CK', 'DK']]， 最大动作为2号位打出的['Bomb', 'K', ['HK', 'HK', 'CK', 'DK']]
[22:44:17] [yf1_v5] [INFO] 3号位打出['PASS', 'PASS', 'PASS']， 最大动作为2号位打出的['Bomb', 'K', ['HK', 'HK', 'CK', 'DK']]
[22:44:17] [yf1_v5] [INFO] 0号位打出['PASS', 'PASS', 'PASS']， 最大动作为2号位打出的['Bomb', 'K', ['HK', 'HK', 'CK', 'DK']]
[22:44:17] [YFAdapter-P0] [INFO] [YF-P0] Decision context: myPos=0, curPos=0, greaterPos=2, teammate=2, curAction=[, actionList_size=1
[22:44:17] [YFAdapter-P0] [INFO] [YF-P0] Decided: action_index=0, action=['PASS', 'PASS', 'PASS']
[22:44:17] [yf1_v5] [INFO] 1号位打出['PASS', 'PASS', 'PASS']， 最大动作为2号位打出的['Bomb', 'K', ['HK', 'HK', 'CK', 'DK']]
[22:44:17] [yf1_v5] [INFO] 2号位打出['ThreeWithTwo', '7', ['S7', 'D7', 'D7', 'S3', 'C3']]， 最大动作为2号位打出的['ThreeWithTwo', '7', ['S7', 'D7', 'D7', 'S3', 'C3']]
[22:44:17] [yf1_v5] [INFO] 3号位打出['PASS', 'PASS', 'PASS']， 最大动作为2号位打出的['ThreeWithTwo', '7', ['S7', 'D7', 'D7', 'S3', 'C3']]
[22:44:17] [yf1_v5] [INFO] 0号位打出['PASS', 'PASS', 'PASS']， 最大动作为2号位打出的['ThreeWithTwo', '7', ['S7', 'D7', 'D7', 'S3', 'C3']]
[22:44:17] [YFAdapter-P0] [INFO] [YF-P0] Decision context: myPos=0, curPos=0, greaterPos=2, teammate=2, curAction=[, actionList_size=5
[22:44:17] [YFAdapter-P0] [INFO] [YF-P0] Decided: action_index=0, action=['PASS', 'PASS', 'PASS']
[22:44:17] [yf1_v5] [INFO] 1号位打出['PASS', 'PASS', 'PASS']， 最大动作为2号位打出的['ThreeWithTwo', '7', ['S7', 'D7', 'D7', 'S3', 'C3']]
[22:44:17] [yf1_v5] [INFO] 2号位打出['Pair', '5', ['C5', 'D5']]， 最大动作为2号位打出的['Pair', '5', ['C5', 'D5']]
[22:44:17] [yf1_v5] [INFO] 3号位打出['Pair', 'A', ['SA', 'DA']]， 最大动作为3号位打出的['Pair', 'A', ['SA', 'DA']]
[22:44:17] [yf1_v5] [INFO] 0号位打出['Bomb', '3', ['S3', 'H3', 'C3', 'D3']]， 最大动作为0号位打出的['Bomb', '3', ['S3', 'H3', 'C3', 'D3']]
[22:44:17] [YFAdapter-P0] [INFO] [YF-P0] Decision context: myPos=0, curPos=0, greaterPos=0, teammate=2, curAction=[, actionList_size=1
[22:44:17] [YFAdapter-P0] [INFO] [YF-P0] Decided: action_index=0, action=['PASS', 'PASS', 'PASS']
[22:44:17] [yf1_v5] [INFO] 1号位打出['PASS', 'PASS', 'PASS']， 最大动作为0号位打出的['Bomb', '3', ['S3', 'H3', 'C3', 'D3']]
[22:44:17] [yf1_v5] [INFO] 2号位打出['PASS', 'PASS', 'PASS']， 最大动作为0号位打出的['Bomb', '3', ['S3', 'H3', 'C3', 'D3']]
[22:44:17] [yf1_v5] [INFO] 3号位打出['PASS', 'PASS', 'PASS']， 最大动作为0号位打出的['Bomb', '3', ['S3', 'H3', 'C3', 'D3']]
[22:44:17] [yf1_v5] [INFO] 0号位打出['Single', '4', ['D4']]， 最大动作为0号位打出的['Single', '4', ['D4']]
[22:44:17] [YFAdapter-P0] [INFO] [YF-P0] Decision context: myPos=0, curPos=0, greaterPos=0, teammate=2, curAction=[, actionList_size=15
[22:44:17] [YFAdapter-P0] [INFO] [YF-P0] Decided: action_index=3, action=['Single', '7', [['C', '7']]]
[22:44:17] [yf1_v5] [INFO] 1号位打出['Single', '7', ['C7']]， 最大动作为1号位打出的['Single', '7', ['C7']]
[22:44:17] [yf1_v5] [INFO] 2号位打出['Single', 'A', ['DA']]， 最大动作为2号位打出的['Single', 'A', ['DA']]
[22:44:17] [yf1_v5] [INFO] 3号位打出['PASS', 'PASS', 'PASS']， 最大动作为2号位打出的['Single', 'A', ['DA']]
[22:44:17] [yf1_v5] [INFO] 0号位打出['PASS', 'PASS', 'PASS']， 最大动作为2号位打出的['Single', 'A', ['DA']]
[22:44:17] [YFAdapter-P0] [INFO] [YF-P0] Decision context: myPos=0, curPos=0, greaterPos=2, teammate=2, curAction=[, actionList_size=3
[22:44:17] [YFAdapter-P0] [INFO] [YF-P0] Decided: action_index=0, action=['PASS', 'PASS', 'PASS']
[22:44:17] [yf1_v5] [INFO] 1号位打出['Single', '2', ['D2']]， 最大动作为1号位打出的['Single', '2', ['D2']]
[22:44:17] [yf1_v5] [INFO] 2号位打出['Bomb', 'J', ['SJ', 'SJ', 'HJ', 'CJ', 'DJ']]， 最大动作为2号位打出的['Bomb', 'J', ['SJ', 'SJ', 'HJ', 'CJ', 'DJ']]
[22:44:17] [yf1_v5] [INFO] 3号位打出['PASS', 'PASS', 'PASS']， 最大动作为2号位打出的['Bomb', 'J', ['SJ', 'SJ', 'HJ', 'CJ', 'DJ']]
[22:44:17] [yf1_v5] [INFO] 0号位打出['PASS', 'PASS', 'PASS']， 最大动作为2号位打出的['Bomb', 'J', ['SJ', 'SJ', 'HJ', 'CJ', 'DJ']]
[22:44:17] [YFAdapter-P0] [INFO] [YF-P0] Decision context: myPos=0, curPos=0, greaterPos=2, teammate=2, curAction=[, actionList_size=1
[22:44:17] [YFAdapter-P0] [INFO] [YF-P0] Decided: action_index=0, action=['PASS', 'PASS', 'PASS']
[22:44:17] [yf1_v5] [INFO] 1号位打出['PASS', 'PASS', 'PASS']， 最大动作为2号位打出的['Bomb', 'J', ['SJ', 'SJ', 'HJ', 'CJ', 'DJ']]
[22:44:17] [yf1_v5] [INFO] 2号位打出['ThreeWithTwo', 'Q', ['SQ', 'HQ', 'DQ', 'S8', 'C8']]， 最大动作为2号位打出的['ThreeWithTwo', 'Q', ['SQ', 'HQ', 'DQ', 'S8', 'C8']]
[22:44:17] [yf1_v5] [INFO] 3号位打出['PASS', 'PASS', 'PASS']， 最大动作为2号位打出的['ThreeWithTwo', 'Q', ['SQ', 'HQ', 'DQ', 'S8', 'C8']]
[22:44:17] [yf1_v5] [INFO] 0号位打出['PASS', 'PASS', 'PASS']， 最大动作为2号位打出的['ThreeWithTwo', 'Q', ['SQ', 'HQ', 'DQ', 'S8', 'C8']]
[22:44:17] [YFAdapter-P0] [INFO] [YF-P0] Decision context: myPos=0, curPos=0, greaterPos=2, teammate=2, curAction=[, actionList_size=1
[22:44:17] [YFAdapter-P0] [INFO] [YF-P0] Decided: action_index=0, action=['PASS', 'PASS', 'PASS']
[22:44:17] [yf1_v5] [INFO] 1号位打出['PASS', 'PASS', 'PASS']， 最大动作为2号位打出的['ThreeWithTwo', 'Q', ['SQ', 'HQ', 'DQ', 'S8', 'C8']]
[22:44:17] [yf1_v5] [INFO] 2号位打出['Pair', '2', ['S2', 'D2']]， 最大动作为2号位打出的['Pair', '2', ['S2', 'D2']]
[22:44:17] [yf1_v5] [INFO] 3号位打出['PASS', 'PASS', 'PASS']， 最大动作为2号位打出的['Pair', '2', ['S2', 'D2']]
[22:44:18] [yf1_v5] [INFO] 0号位打出['PASS', 'PASS', 'PASS']， 最大动作为2号位打出的['Pair', '2', ['S2', 'D2']]
[22:44:18] [yf1_v5] [INFO] 0号位打出['Single', '5', ['H5']]， 最大动作为0号位打出的['Single', '5', ['H5']]
[22:44:18] [YFAdapter-P0] [INFO] [YF-P0] Decision context: myPos=0, curPos=0, greaterPos=0, teammate=2, curAction=[, actionList_size=11
[22:44:18] [YFAdapter-P0] [INFO] [YF-P0] Decided: action_index=7, action=['Single', 'K', [['C', 'K']]]
[22:44:18] [yf1_v5] [INFO] 1号位打出['Single', 'K', ['CK']]， 最大动作为1号位打出的['Single', 'K', ['CK']]
[22:44:18] [yf1_v5] [INFO] 3号位打出['Single', '2', ['S2']]， 最大动作为3号位打出的['Single', '2', ['S2']]
[22:44:18] [yf1_v5] [INFO] 0号位打出['PASS', 'PASS', 'PASS']， 最大动作为3号位打出的['Single', '2', ['S2']]
[22:44:18] [YFAdapter-P0] [INFO] [YF-P0] Decision context: myPos=0, curPos=0, greaterPos=3, teammate=2, curAction=[, actionList_size=2
[22:44:18] [YFAdapter-P0] [INFO] [YF-P0] Decided: action_index=0, action=['PASS', 'PASS', 'PASS']
[22:44:18] [yf1_v5] [INFO] 1号位打出['Single', 'B', ['SB']]， 最大动作为1号位打出的['Single', 'B', ['SB']]
[22:44:18] [yf1_v5] [INFO] 3号位打出['Single', 'R', ['HR']]， 最大动作为3号位打出的['Single', 'R', ['HR']]
[22:44:18] [yf1_v5] [INFO] 0号位打出['PASS', 'PASS', 'PASS']， 最大动作为3号位打出的['Single', 'R', ['HR']]
[22:44:18] [YFAdapter-P0] [INFO] [YF-P0] Decision context: myPos=0, curPos=0, greaterPos=3, teammate=2, curAction=[, actionList_size=1
[22:44:18] [YFAdapter-P0] [INFO] [YF-P0] Decided: action_index=0, action=['PASS', 'PASS', 'PASS']
[22:44:18] [yf1_v5] [INFO] 1号位打出['PASS', 'PASS', 'PASS']， 最大动作为3号位打出的['Single', 'R', ['HR']]
[22:44:18] [yf1_v5] [INFO] 3号位打出['Single', '3', ['H3']]， 最大动作为3号位打出的['Single', '3', ['H3']]
[22:44:18] [yf1_v5] [INFO] 0号位打出['Single', '7', ['C7']]， 最大动作为0号位打出的['Single', '7', ['C7']]
[22:44:18] [YFAdapter-P0] [INFO] [YF-P0] Decision context: myPos=0, curPos=0, greaterPos=0, teammate=2, curAction=[, actionList_size=9
[22:44:18] [YFAdapter-P0] [INFO] [YF-P0] Decided: action_index=5, action=['Single', 'Q', [['C', 'Q']]]
[22:44:18] [yf1_v5] [INFO] 1号位打出['Single', 'Q', ['CQ']]， 最大动作为1号位打出的['Single', 'Q', ['CQ']]
[22:44:18] [yf1_v5] [INFO] 3号位打出['Single', '2', ['C2']]， 最大动作为3号位打出的['Single', '2', ['C2']]
[22:44:18] [yf1_v5] [INFO] 0号位打出['Bomb', 'T', ['ST', 'ST', 'HT', 'CT', 'CT']]， 最大动作为0号位打出的['Bomb', 'T', ['ST', 'ST', 'HT', 'CT', 'CT']]
[22:44:18] [YFAdapter-P0] [INFO] [YF-P0] Decision context: myPos=0, curPos=0, greaterPos=0, teammate=2, curAction=[, actionList_size=1
[22:44:18] [YFAdapter-P0] [INFO] [YF-P0] Decided: action_index=0, action=['PASS', 'PASS', 'PASS']
[22:44:18] [yf1_v5] [INFO] 1号位打出['PASS', 'PASS', 'PASS']， 最大动作为0号位打出的['Bomb', 'T', ['ST', 'ST', 'HT', 'CT', 'CT']]
[22:44:18] [yf1_v5] [INFO] 3号位打出['PASS', 'PASS', 'PASS']， 最大动作为0号位打出的['Bomb', 'T', ['ST', 'ST', 'HT', 'CT', 'CT']]
[22:44:18] [yf1_v5] [INFO] 0号位打出['Pair', '8', ['S8', 'D8']]， 最大动作为0号位打出的['Pair', '8', ['S8', 'D8']]
[22:44:18] [YFAdapter-P0] [INFO] [YF-P0] Decision context: myPos=0, curPos=0, greaterPos=0, teammate=2, curAction=[, actionList_size=3
[22:44:18] [YFAdapter-P0] [INFO] [YF-P0] Decided: action_index=0, action=['PASS', 'PASS', 'PASS']
[22:44:18] [yf1_v5] [INFO] 1号位打出['Pair', 'A', ['HA', 'CA']]， 最大动作为1号位打出的['Pair', 'A', ['HA', 'CA']]
[22:44:18] [yf1_v5] [INFO] 3号位打出['PASS', 'PASS', 'PASS']， 最大动作为1号位打出的['Pair', 'A', ['HA', 'CA']]
[22:44:18] [yf1_v5] [INFO] 0号位打出['PASS', 'PASS', 'PASS']， 最大动作为1号位打出的['Pair', 'A', ['HA', 'CA']]
[22:44:18] [YFAdapter-P0] [INFO] [YF-P0] Decision context: myPos=0, curPos=-1, greaterPos=-1, teammate=2, curAction=[, actionList_size=13
[22:44:18] [YFAdapter-P0] [INFO] [YF-P0] Decided: action_index=9, action=['Pair', '4', [['S', '4'], ['C', '4']]]
[22:44:18] [yf1_v5] [INFO] 1号位打出['Pair', '4', ['S4', 'C4']]， 最大动作为1号位打出的['Pair', '4', ['S4', 'C4']]
[22:44:18] [yf1_v5] [INFO] 3号位打出['Pair', '7', ['S7', 'H7']]， 最大动作为3号位打出的['Pair', '7', ['S7', 'H7']]
[22:44:18] [yf1_v5] [INFO] 0号位打出['Pair', 'J', ['HJ', 'DJ']]， 最大动作为0号位打出的['Pair', 'J', ['HJ', 'DJ']]
[22:44:18] [YFAdapter-P0] [INFO] [YF-P0] Decision context: myPos=0, curPos=0, greaterPos=0, teammate=2, curAction=[, actionList_size=2
[22:44:18] [YFAdapter-P0] [INFO] [YF-P0] Decided: action_index=1, action=['Pair', 'Q', [['S', 'Q'], ['D', 'Q']]]
[22:44:18] [yf1_v5] [INFO] 1号位打出['Pair', 'Q', ['SQ', 'DQ']]， 最大动作为1号位打出的['Pair', 'Q', ['SQ', 'DQ']]
[22:44:18] [yf1_v5] [INFO] 3号位打出['PASS', 'PASS', 'PASS']， 最大动作为1号位打出的['Pair', 'Q', ['SQ', 'DQ']]
[22:44:18] [yf1_v5] [INFO] 0号位打出['Pair', 'K', ['SK', 'SK']]， 最大动作为0号位打出的['Pair', 'K', ['SK', 'SK']]
[22:44:18] [YFAdapter-P0] [INFO] [YF-P0] Decision context: myPos=0, curPos=0, greaterPos=0, teammate=2, curAction=[, actionList_size=1
[22:44:18] [YFAdapter-P0] [INFO] [YF-P0] Decided: action_index=0, action=['PASS', 'PASS', 'PASS']
[22:44:18] [yf1_v5] [INFO] 1号位打出['PASS', 'PASS', 'PASS']， 最大动作为0号位打出的['Pair', 'K', ['SK', 'SK']]
[22:44:18] [yf1_v5] [INFO] 3号位打出['PASS', 'PASS', 'PASS']， 最大动作为0号位打出的['Pair', 'K', ['SK', 'SK']]
[22:44:18] [yf1_v5] [INFO] 0号位打出['Single', '9', ['S9']]， 最大动作为0号位打出的['Single', '9', ['S9']]
[22:44:18] [YFAdapter-P0] [INFO] [YF-P0] Decision context: myPos=0, curPos=0, greaterPos=0, teammate=2, curAction=[, actionList_size=2
[22:44:18] [YFAdapter-P0] [INFO] [YF-P0] Decided: action_index=0, action=['PASS', 'PASS', 'PASS']
[22:44:18] [YFAdapter-P0] [WARNING] [YF-P0] 检测到过于保守: 对手快走完(剩5张), 触发Layer 2/3进行更积极的决策
[22:44:18] [yf1_v5] [INFO] 1号位打出['Single', 'T', ['DT']]， 最大动作为1号位打出的['Single', 'T', ['DT']]
[22:44:18] [yf1_v5] [INFO] 3号位打出['Single', 'J', ['CJ']]， 最大动作为3号位打出的['Single', 'J', ['CJ']]
[22:44:18] [yf1_v5] [INFO] 0号位打出['Single', 'A', ['SA']]， 最大动作为0号位打出的['Single', 'A', ['SA']]
[22:44:18] [YFAdapter-P0] [INFO] [YF-P0] Decision context: myPos=0, curPos=0, greaterPos=0, teammate=2, curAction=[, actionList_size=1
[22:44:18] [YFAdapter-P0] [INFO] [YF-P0] Decided: action_index=0, action=['PASS', 'PASS', 'PASS']
[22:44:18] [yf1_v5] [INFO] 1号位打出['PASS', 'PASS', 'PASS']， 最大动作为0号位打出的['Single', 'A', ['SA']]
[22:44:18] [yf1_v5] [INFO] 3号位打出['PASS', 'PASS', 'PASS']， 最大动作为0号位打出的['Single', 'A', ['SA']]
[22:44:18] [yf1_v5] [INFO] 0号位打出['Single', 'Q', ['HQ']]， 最大动作为0号位打出的['Single', 'Q', ['HQ']]
[22:44:18] [YFAdapter-P0] [INFO] [YF-P0] Decision context: myPos=0, curPos=0, greaterPos=0, teammate=2, curAction=[, actionList_size=1
[22:44:18] [YFAdapter-P0] [INFO] [YF-P0] Decided: action_index=0, action=['PASS', 'PASS', 'PASS']
[22:44:18] [yf1_v5] [INFO] 1号位打出['PASS', 'PASS', 'PASS']， 最大动作为0号位打出的['Single', 'Q', ['HQ']]
[22:44:18] [yf1_v5] [INFO] 3号位打出['Single', 'K', ['DK']]， 最大动作为3号位打出的['Single', 'K', ['DK']]
[22:44:18] [yf1_v5] [INFO] 0号位打出['Single', 'A', ['HA']]， 最大动作为0号位打出的['Single', 'A', ['HA']]
[22:44:18] [yf1_v5] [INFO] 游戏开始, 我是1号位，手牌：['S2', 'H2', 'D2', 'H3', 'C3', 'C3', 'D3', 'S6', 'C6', 'D7', 'S8', 'H8', 'C8', 'D8', 'S9', 'ST', 'DT', 'SJ', 'SQ', 'HQ', 'DQ', 'SK', 'HK', 'SA', 'HA', 'S5', 'S5']
[22:44:18] [YFAdapter-P0] [INFO] [YF-P0] Decision context: myPos=0, curPos=-1, greaterPos=-1, teammate=2, curAction=[, actionList_size=1
[22:44:18] [YFAdapter-P0] [INFO] [YF-P0] Decided: action_index=0, action=['tribute', 'tribute', [['S', '5']]]
[22:44:18] [yf1_v5] [INFO] 3号位打出['Single', '2', ['S2']]， 最大动作为3号位打出的['Single', '2', ['S2']]
[22:44:18] [yf1_v5] [INFO] 0号位打出['Single', '3', ['D3']]， 最大动作为0号位打出的['Single', '3', ['D3']]
[22:44:18] [YFAdapter-P0] [INFO] [YF-P0] Decision context: myPos=0, curPos=0, greaterPos=0, teammate=2, curAction=[, actionList_size=29
[22:44:18] [YFAdapter-P0] [INFO] [YF-P0] Decided: action_index=26, action=['StraightFlush', '8', [['S', '8'], ['S', '9'], ['S', 'T'], ['S', 'J'], ['S', 'Q']]]
[22:44:18] [yf1_v5] [INFO] 1号位打出['StraightFlush', '8', ['S8', 'S9', 'ST', 'SJ', 'SQ']]， 最大动作为1号位打出的['StraightFlush', '8', ['S8', 'S9', 'ST', 'SJ', 'SQ']]
[22:44:18] [yf1_v5] [INFO] 2号位打出['PASS', 'PASS', 'PASS']， 最大动作为1号位打出的['StraightFlush', '8', ['S8', 'S9', 'ST', 'SJ', 'SQ']]
[22:44:18] [yf1_v5] [INFO] 3号位打出['PASS', 'PASS', 'PASS']， 最大动作为1号位打出的['StraightFlush', '8', ['S8', 'S9', 'ST', 'SJ', 'SQ']]
[22:44:18] [yf1_v5] [INFO] 0号位打出['PASS', 'PASS', 'PASS']， 最大动作为1号位打出的['StraightFlush', '8', ['S8', 'S9', 'ST', 'SJ', 'SQ']]
[22:44:18] [YFAdapter-P0] [INFO] [YF-P0] Decision context: myPos=0, curPos=-1, greaterPos=-1, teammate=2, curAction=[, actionList_size=158
[22:44:18] [YFAdapter-P0] [INFO] [YF-P0] Decided: action_index=8, action=['Single', '7', [['D', '7']]]
[22:44:18] [yf1_v5] [INFO] 1号位打出['Single', '7', ['D7']]， 最大动作为1号位打出的['Single', '7', ['D7']]
[22:44:18] [yf1_v5] [INFO] 2号位打出['Single', '9', ['D9']]， 最大动作为2号位打出的['Single', '9', ['D9']]
[22:44:18] [yf1_v5] [INFO] 3号位打出['Single', '5', ['C5']]， 最大动作为3号位打出的['Single', '5', ['C5']]
[22:44:18] [yf1_v5] [INFO] 0号位打出['Single', 'R', ['HR']]， 最大动作为0号位打出的['Single', 'R', ['HR']]
[22:44:18] [YFAdapter-P0] [INFO] [YF-P0] Decision context: myPos=0, curPos=0, greaterPos=0, teammate=2, curAction=[, actionList_size=3
[22:44:18] [YFAdapter-P0] [INFO] [YF-P0] Decided: action_index=1, action=['Bomb', '3', [['H', '3'], ['C', '3'], ['C', '3'], ['D', '3']]]
[22:44:18] [yf1_v5] [INFO] 1号位打出['Bomb', '3', ['H3', 'C3', 'C3', 'D3']]， 最大动作为1号位打出的['Bomb', '3', ['H3', 'C3', 'C3', 'D3']]
[22:44:18] [yf1_v5] [INFO] 2号位打出['PASS', 'PASS', 'PASS']， 最大动作为1号位打出的['Bomb', '3', ['H3', 'C3', 'C3', 'D3']]
[22:44:18] [yf1_v5] [INFO] 3号位打出['Bomb', 'J', ['HJ', 'CJ', 'CJ', 'DJ']]， 最大动作为3号位打出的['Bomb', 'J', ['HJ', 'CJ', 'CJ', 'DJ']]
[22:44:18] [yf1_v5] [INFO] 0号位打出['PASS', 'PASS', 'PASS']， 最大动作为3号位打出的['Bomb', 'J', ['HJ', 'CJ', 'CJ', 'DJ']]
[22:44:18] [YFAdapter-P0] [INFO] [YF-P0] Decision context: myPos=0, curPos=0, greaterPos=3, teammate=2, curAction=[, actionList_size=1
[22:44:18] [YFAdapter-P0] [INFO] [YF-P0] Decided: action_index=0, action=['PASS', 'PASS', 'PASS']
[22:44:18] [yf1_v5] [INFO] 1号位打出['PASS', 'PASS', 'PASS']， 最大动作为3号位打出的['Bomb', 'J', ['HJ', 'CJ', 'CJ', 'DJ']]
[22:44:18] [yf1_v5] [INFO] 2号位打出['PASS', 'PASS', 'PASS']， 最大动作为3号位打出的['Bomb', 'J', ['HJ', 'CJ', 'CJ', 'DJ']]
[22:44:18] [yf1_v5] [INFO] 3号位打出['Single', '8', ['C8']]， 最大动作为3号位打出的['Single', '8', ['C8']]
[22:44:18] [yf1_v5] [INFO] 0号位打出['Single', '5', ['S5']]， 最大动作为0号位打出的['Single', '5', ['S5']]
[22:44:18] [YFAdapter-P0] [INFO] [YF-P0] Decision context: myPos=0, curPos=0, greaterPos=0, teammate=2, curAction=[, actionList_size=2
[22:44:18] [YFAdapter-P0] [INFO] [YF-P0] Decided: action_index=1, action=['Bomb', '8', [['S', '8'], ['H', '8'], ['C', '8'], ['D', '8']]]
[22:44:18] [yf1_v5] [INFO] 1号位打出['Bomb', '8', ['S8', 'H8', 'C8', 'D8']]， 最大动作为1号位打出的['Bomb', '8', ['S8', 'H8', 'C8', 'D8']]
[22:44:18] [yf1_v5] [INFO] 2号位打出['PASS', 'PASS', 'PASS']， 最大动作为1号位打出的['Bomb', '8', ['S8', 'H8', 'C8', 'D8']]
[22:44:18] [yf1_v5] [INFO] 3号位打出['PASS', 'PASS', 'PASS']， 最大动作为1号位打出的['Bomb', '8', ['S8', 'H8', 'C8', 'D8']]
[22:44:18] [yf1_v5] [INFO] 0号位打出['PASS', 'PASS', 'PASS']， 最大动作为1号位打出的['Bomb', '8', ['S8', 'H8', 'C8', 'D8']]
[22:44:18] [YFAdapter-P0] [INFO] [YF-P0] Decision context: myPos=0, curPos=-1, greaterPos=-1, teammate=2, curAction=[, actionList_size=26
[22:44:18] [YFAdapter-P0] [INFO] [YF-P0] Decided: action_index=22, action=['ThreeWithTwo', '2', [['S', '2'], ['H', '2'], ['D', '2'], ['S', '6'], ['C', '6']]]
[22:44:18] [yf1_v5] [INFO] 1号位打出['ThreeWithTwo', '2', ['S2', 'H2', 'D2', 'S6', 'C6']]， 最大动作为1号位打出的['ThreeWithTwo', '2', ['S2', 'H2', 'D2', 'S6', 'C6']]
[22:44:18] [yf1_v5] [INFO] 2号位打出['ThreeWithTwo', '4', ['S4', 'S4', 'D4', 'S7', 'H7']]， 最大动作为2号位打出的['ThreeWithTwo', '4', ['S4', 'S4', 'D4', 'S7', 'H7']]
[22:44:18] [yf1_v5] [INFO] 3号位打出['ThreeWithTwo', '9', ['H9', 'C9', 'D9', 'DA', 'DA']]， 最大动作为3号位打出的['ThreeWithTwo', '9', ['H9', 'C9', 'D9', 'DA', 'DA']]
[22:44:18] [yf1_v5] [INFO] 0号位打出['ThreeWithTwo', 'A', ['SA', 'CA', 'H5', 'S7', 'H5']]， 最大动作为0号位打出的['ThreeWithTwo', 'A', ['SA', 'CA', 'H5', 'S7', 'H5']]
[22:44:18] [YFAdapter-P0] [INFO] [YF-P0] Decision context: myPos=0, curPos=0, greaterPos=0, teammate=2, curAction=[, actionList_size=1
[22:44:18] [YFAdapter-P0] [INFO] [YF-P0] Decided: action_index=0, action=['PASS', 'PASS', 'PASS']
[22:44:18] [yf1_v5] [INFO] 1号位打出['PASS', 'PASS', 'PASS']， 最大动作为0号位打出的['ThreeWithTwo', 'A', ['SA', 'CA', 'H5', 'S7', 'H5']]
[22:44:18] [yf1_v5] [INFO] 2号位打出['PASS', 'PASS', 'PASS']， 最大动作为0号位打出的['ThreeWithTwo', 'A', ['SA', 'CA', 'H5', 'S7', 'H5']]
[22:44:18] [yf1_v5] [INFO] 3号位打出['PASS', 'PASS', 'PASS']， 最大动作为0号位打出的['ThreeWithTwo', 'A', ['SA', 'CA', 'H5', 'S7', 'H5']]
[22:44:18] [yf1_v5] [INFO] 0号位打出['Single', '2', ['C2']]， 最大动作为0号位打出的['Single', '2', ['C2']]
[22:44:18] [YFAdapter-P0] [INFO] [YF-P0] Decision context: myPos=0, curPos=0, greaterPos=0, teammate=2, curAction=[, actionList_size=9
[22:44:18] [YFAdapter-P0] [INFO] [YF-P0] Decided: action_index=7, action=['Single', 'A', [['H', 'A']]]
[22:44:18] [yf1_v5] [INFO] 1号位打出['Single', 'A', ['HA']]， 最大动作为1号位打出的['Single', 'A', ['HA']]
[22:44:18] [yf1_v5] [INFO] 2号位打出['Single', '5', ['C5']]， 最大动作为2号位打出的['Single', '5', ['C5']]
[22:44:18] [yf1_v5] [INFO] 3号位打出['PASS', 'PASS', 'PASS']， 最大动作为2号位打出的['Single', '5', ['C5']]
[22:44:18] [yf1_v5] [INFO] 0号位打出['PASS', 'PASS', 'PASS']， 最大动作为2号位打出的['Single', '5', ['C5']]
[22:44:18] [YFAdapter-P0] [INFO] [YF-P0] Decision context: myPos=0, curPos=0, greaterPos=2, teammate=2, curAction=[, actionList_size=1
[22:44:18] [YFAdapter-P0] [INFO] [YF-P0] Decided: action_index=0, action=['PASS', 'PASS', 'PASS']
[22:44:18] [yf1_v5] [INFO] 1号位打出['PASS', 'PASS', 'PASS']， 最大动作为2号位打出的['Single', '5', ['C5']]
[22:44:18] [yf1_v5] [INFO] 2号位打出['Single', '3', ['S3']]， 最大动作为2号位打出的['Single', '3', ['S3']]
[22:44:18] [yf1_v5] [INFO] 3号位打出['Single', 'K', ['HK']]， 最大动作为3号位打出的['Single', 'K', ['HK']]
[22:44:18] [yf1_v5] [INFO] 0号位打出['Single', 'A', ['CA']]， 最大动作为0号位打出的['Single', 'A', ['CA']]
[22:44:18] [YFAdapter-P0] [INFO] [YF-P0] Decision context: myPos=0, curPos=0, greaterPos=0, teammate=2, curAction=[, actionList_size=2
[22:44:18] [YFAdapter-P0] [INFO] [YF-P0] Decided: action_index=1, action=['Single', '5', [['S', '5']]]
[22:44:18] [yf1_v5] [INFO] 1号位打出['Single', '5', ['S5']]， 最大动作为1号位打出的['Single', '5', ['S5']]
[22:44:18] [yf1_v5] [INFO] 2号位打出['Single', 'B', ['SB']]， 最大动作为2号位打出的['Single', 'B', ['SB']]
[22:44:18] [yf1_v5] [INFO] 3号位打出['PASS', 'PASS', 'PASS']， 最大动作为2号位打出的['Single', 'B', ['SB']]
[22:44:18] [yf1_v5] [INFO] 0号位打出['PASS', 'PASS', 'PASS']， 最大动作为2号位打出的['Single', 'B', ['SB']]
[22:44:18] [YFAdapter-P0] [INFO] [YF-P0] Decision context: myPos=0, curPos=0, greaterPos=2, teammate=2, curAction=[, actionList_size=1
[22:44:18] [YFAdapter-P0] [INFO] [YF-P0] Decided: action_index=0, action=['PASS', 'PASS', 'PASS']
[22:44:18] [yf1_v5] [INFO] 1号位打出['PASS', 'PASS', 'PASS']， 最大动作为2号位打出的['Single', 'B', ['SB']]
[22:44:18] [yf1_v5] [INFO] 2号位打出['ThreeWithTwo', '2', ['H2', 'C2', 'D2', 'H8', 'D8']]， 最大动作为2号位打出的['ThreeWithTwo', '2', ['H2', 'C2', 'D2', 'H8', 'D8']]
[22:44:18] [yf1_v5] [INFO] 3号位打出['ThreeWithTwo', '7', ['C7', 'C7', 'D7', 'CT', 'DT']]， 最大动作为3号位打出的['ThreeWithTwo', '7', ['C7', 'C7', 'D7', 'CT', 'DT']]
[22:44:18] [yf1_v5] [INFO] 0号位打出['ThreeWithTwo', '9', ['S9', 'H9', 'C9', 'HT', 'HT']]， 最大动作为0号位打出的['ThreeWithTwo', '9', ['S9', 'H9', 'C9', 'HT', 'HT']]
[22:44:18] [YFAdapter-P0] [INFO] [YF-P0] Decision context: myPos=0, curPos=0, greaterPos=0, teammate=2, curAction=[, actionList_size=1
[22:44:18] [YFAdapter-P0] [INFO] [YF-P0] Decided: action_index=0, action=['PASS', 'PASS', 'PASS']
[22:44:18] [yf1_v5] [INFO] 1号位打出['PASS', 'PASS', 'PASS']， 最大动作为0号位打出的['ThreeWithTwo', '9', ['S9', 'H9', 'C9', 'HT', 'HT']]
[22:44:18] [yf1_v5] [INFO] 2号位打出['ThreeWithTwo', 'K', ['SK', 'CK', 'DK', 'ST', 'CT']]， 最大动作为2号位打出的['ThreeWithTwo', 'K', ['SK', 'CK', 'DK', 'ST', 'CT']]
[22:44:18] [yf1_v5] [INFO] 3号位打出['PASS', 'PASS', 'PASS']， 最大动作为2号位打出的['ThreeWithTwo', 'K', ['SK', 'CK', 'DK', 'ST', 'CT']]
[22:44:18] [yf1_v5] [INFO] 0号位打出['PASS', 'PASS', 'PASS']， 最大动作为2号位打出的['ThreeWithTwo', 'K', ['SK', 'CK', 'DK', 'ST', 'CT']]
[22:44:18] [YFAdapter-P0] [INFO] [YF-P0] Decision context: myPos=0, curPos=0, greaterPos=2, teammate=2, curAction=[, actionList_size=1
[22:44:18] [YFAdapter-P0] [INFO] [YF-P0] Decided: action_index=0, action=['PASS', 'PASS', 'PASS']
[22:44:18] [yf1_v5] [INFO] 1号位打出['PASS', 'PASS', 'PASS']， 最大动作为2号位打出的['ThreeWithTwo', 'K', ['SK', 'CK', 'DK', 'ST', 'CT']]
[22:44:18] [yf1_v5] [INFO] 2号位打出['Trips', 'J', ['SJ', 'HJ', 'DJ']]， 最大动作为2号位打出的['Trips', 'J', ['SJ', 'HJ', 'DJ']]
[22:44:18] [yf1_v5] [INFO] 3号位打出['PASS', 'PASS', 'PASS']， 最大动作为2号位打出的['Trips', 'J', ['SJ', 'HJ', 'DJ']]
[22:44:18] [yf1_v5] [INFO] 0号位打出['PASS', 'PASS', 'PASS']， 最大动作为2号位打出的['Trips', 'J', ['SJ', 'HJ', 'DJ']]
[22:44:18] [YFAdapter-P0] [INFO] [YF-P0] Decision context: myPos=0, curPos=0, greaterPos=2, teammate=2, curAction=[, actionList_size=1
[22:44:18] [YFAdapter-P0] [INFO] [YF-P0] Decided: action_index=0, action=['PASS', 'PASS', 'PASS']
[22:44:18] [yf1_v5] [INFO] 1号位打出['PASS', 'PASS', 'PASS']， 最大动作为2号位打出的['Trips', 'J', ['SJ', 'HJ', 'DJ']]
[22:44:18] [yf1_v5] [INFO] 2号位打出['Single', 'Q', ['HQ']]， 最大动作为2号位打出的['Single', 'Q', ['HQ']]
[22:44:18] [yf1_v5] [INFO] 3号位打出['PASS', 'PASS', 'PASS']， 最大动作为2号位打出的['Single', 'Q', ['HQ']]
[22:44:18] [yf1_v5] [INFO] 0号位打出['PASS', 'PASS', 'PASS']， 最大动作为2号位打出的['Single', 'Q', ['HQ']]
[22:44:18] [YFAdapter-P0] [INFO] [YF-P0] Decision context: myPos=0, curPos=0, greaterPos=2, teammate=2, curAction=[, actionList_size=4
[22:44:18] [YFAdapter-P0] [INFO] [YF-P0] Decided: action_index=0, action=['PASS', 'PASS', 'PASS']
[22:44:18] [yf1_v5] [INFO] 1号位打出['PASS', 'PASS', 'PASS']， 最大动作为2号位打出的['Single', 'Q', ['HQ']]
[22:44:18] [yf1_v5] [INFO] 2号位打出['Single', 'A', ['HA']]， 最大动作为2号位打出的['Single', 'A', ['HA']]
[22:44:18] [yf1_v5] [INFO] 3号位打出['PASS', 'PASS', 'PASS']， 最大动作为2号位打出的['Single', 'A', ['HA']]
[22:44:18] [yf1_v5] [INFO] 0号位打出['PASS', 'PASS', 'PASS']， 最大动作为2号位打出的['Single', 'A', ['HA']]
[22:44:18] [YFAdapter-P0] [INFO] [YF-P0] Decision context: myPos=0, curPos=0, greaterPos=2, teammate=2, curAction=[, actionList_size=1
[22:44:18] [YFAdapter-P0] [INFO] [YF-P0] Decided: action_index=0, action=['PASS', 'PASS', 'PASS']
[22:44:18] [yf1_v5] [INFO] 1号位打出['PASS', 'PASS', 'PASS']， 最大动作为2号位打出的['Single', 'A', ['HA']]
[22:44:18] [yf1_v5] [INFO] 2号位打出['Single', '5', ['D5']]， 最大动作为2号位打出的['Single', '5', ['D5']]
[22:44:18] [yf1_v5] [INFO] 3号位打出['PASS', 'PASS', 'PASS']， 最大动作为2号位打出的['Single', '5', ['D5']]
[22:44:18] [yf1_v5] [INFO] 0号位打出['PASS', 'PASS', 'PASS']， 最大动作为2号位打出的['Single', '5', ['D5']]
[22:44:18] [YFAdapter-P0] [INFO] [YF-P0] Decision context: myPos=0, curPos=0, greaterPos=2, teammate=2, curAction=[, actionList_size=1
[22:44:18] [YFAdapter-P0] [INFO] [YF-P0] Decided: action_index=0, action=['PASS', 'PASS', 'PASS']
[22:44:18] [yf1_v5] [INFO] 1号位打出['PASS', 'PASS', 'PASS']， 最大动作为2号位打出的['Single', '5', ['D5']]
[22:44:18] [yf1_v5] [INFO] 2号位打出['Single', 'B', ['SB']]， 最大动作为2号位打出的['Single', 'B', ['SB']]
[22:44:18] [yf1_v5] [INFO] 3号位打出['PASS', 'PASS', 'PASS']， 最大动作为2号位打出的['Single', 'B', ['SB']]
[22:44:18] [yf1_v5] [INFO] 0号位打出['PASS', 'PASS', 'PASS']， 最大动作为2号位打出的['Single', 'B', ['SB']]
[22:44:18] [YFAdapter-P0] [INFO] [YF-P0] Decision context: myPos=0, curPos=0, greaterPos=2, teammate=2, curAction=[, actionList_size=1
[22:44:18] [YFAdapter-P0] [INFO] [YF-P0] Decided: action_index=0, action=['PASS', 'PASS', 'PASS']
[22:44:18] [yf1_v5] [INFO] 1号位打出['PASS', 'PASS', 'PASS']， 最大动作为2号位打出的['Single', 'B', ['SB']]
[22:44:18] [yf1_v5] [INFO] 2号位打出['Single', 'R', ['HR']]， 最大动作为2号位打出的['Single', 'R', ['HR']]
[22:44:18] [yf1_v5] [INFO] 3号位打出['PASS', 'PASS', 'PASS']， 最大动作为2号位打出的['Single', 'R', ['HR']]
[22:44:18] [yf1_v5] [INFO] 0号位打出['PASS', 'PASS', 'PASS']， 最大动作为2号位打出的['Single', 'R', ['HR']]
[22:44:18] [yf1_v5] [INFO] 0号位打出['Single', '7', ['H7']]， 最大动作为0号位打出的['Single', '7', ['H7']]
[22:44:18] [YFAdapter-P0] [INFO] [YF-P0] Decision context: myPos=0, curPos=0, greaterPos=0, teammate=2, curAction=[, actionList_size=7
[22:44:18] [YFAdapter-P0] [INFO] [YF-P0] Decided: action_index=5, action=['Single', 'K', [['H', 'K']]]
[22:44:18] [yf1_v5] [INFO] 1号位打出['Single', 'K', ['HK']]， 最大动作为1号位打出的['Single', 'K', ['HK']]
[22:44:18] [yf1_v5] [INFO] 3号位打出['PASS', 'PASS', 'PASS']， 最大动作为1号位打出的['Single', 'K', ['HK']]
[22:44:18] [yf1_v5] [INFO] 0号位打出['Single', '5', ['D5']]， 最大动作为0号位打出的['Single', '5', ['D5']]
[22:44:18] [YFAdapter-P0] [INFO] [YF-P0] Decision context: myPos=0, curPos=0, greaterPos=0, teammate=2, curAction=[, actionList_size=1
[22:44:18] [YFAdapter-P0] [INFO] [YF-P0] Decided: action_index=0, action=['PASS', 'PASS', 'PASS']
[22:44:18] [yf1_v5] [INFO] 1号位打出['PASS', 'PASS', 'PASS']， 最大动作为0号位打出的['Single', '5', ['D5']]
[22:44:18] [yf1_v5] [INFO] 3号位打出['PASS', 'PASS', 'PASS']， 最大动作为0号位打出的['Single', '5', ['D5']]
[22:44:18] [yf1_v5] [INFO] 0号位打出['ThreeWithTwo', '4', ['H4', 'C4', 'D4', 'SQ', 'CQ']]， 最大动作为0号位打出的['ThreeWithTwo', '4', ['H4', 'C4', 'D4', 'SQ', 'CQ']]
[22:44:18] [YFAdapter-P0] [INFO] [YF-P0] Decision context: myPos=0, curPos=0, greaterPos=0, teammate=2, curAction=[, actionList_size=1
[22:44:18] [YFAdapter-P0] [INFO] [YF-P0] Decided: action_index=0, action=['PASS', 'PASS', 'PASS']
[22:44:18] [yf1_v5] [INFO] 1号位打出['PASS', 'PASS', 'PASS']， 最大动作为0号位打出的['ThreeWithTwo', '4', ['H4', 'C4', 'D4', 'SQ', 'CQ']]
[22:44:18] [yf1_v5] [INFO] 3号位打出['ThreeWithTwo', '6', ['H6', 'H6', 'D6', 'S3', 'H3']]， 最大动作为3号位打出的['ThreeWithTwo', '6', ['H6', 'H6', 'D6', 'S3', 'H3']]
[22:44:18] [yf1_v5] [INFO] 0号位打出['PASS', 'PASS', 'PASS']， 最大动作为3号位打出的['ThreeWithTwo', '6', ['H6', 'H6', 'D6', 'S3', 'H3']]
[22:44:18] [YFAdapter-P0] [INFO] [YF-P0] Decision context: myPos=0, curPos=0, greaterPos=3, teammate=2, curAction=[, actionList_size=1
[22:44:18] [YFAdapter-P0] [INFO] [YF-P0] Decided: action_index=0, action=['PASS', 'PASS', 'PASS']
[22:44:18] [yf1_v5] [INFO] 1号位打出['PASS', 'PASS', 'PASS']， 最大动作为3号位打出的['ThreeWithTwo', '6', ['H6', 'H6', 'D6', 'S3', 'H3']]
[22:44:18] [yf1_v5] [INFO] 3号位打出['Pair', '4', ['H4', 'C4']]， 最大动作为3号位打出的['Pair', '4', ['H4', 'C4']]
[22:44:18] [yf1_v5] [INFO] 0号位打出['Pair', 'K', ['CK', 'DK']]， 最大动作为0号位打出的['Pair', 'K', ['CK', 'DK']]
[22:44:18] [YFAdapter-P0] [INFO] [YF-P0] Decision context: myPos=0, curPos=0, greaterPos=0, teammate=2, curAction=[, actionList_size=1
[22:44:18] [YFAdapter-P0] [INFO] [YF-P0] Decided: action_index=0, action=['PASS', 'PASS', 'PASS']
[22:44:18] [yf1_v5] [INFO] 1号位打出['PASS', 'PASS', 'PASS']， 最大动作为0号位打出的['Pair', 'K', ['CK', 'DK']]
[22:44:18] [yf1_v5] [INFO] 3号位打出['PASS', 'PASS', 'PASS']， 最大动作为0号位打出的['Pair', 'K', ['CK', 'DK']]
[22:44:18] [yf1_v5] [INFO] 0号位打出['Trips', '6', ['S6', 'C6', 'D6']]， 最大动作为0号位打出的['Trips', '6', ['S6', 'C6', 'D6']]
[22:44:18] [yf1_v5] [INFO] 游戏开始, 我是1号位，手牌：['S2', 'C2', 'H3', 'C3', 'D3', 'S4', 'H4', 'S6', 'H7', 'C7', 'H9', 'ST', 'HT', 'CT', 'CT', 'DJ', 'CQ', 'SK', 'HK', 'DK', 'SA', 'CA', 'DA', 'S8', 'H8', 'D8', 'HR']
[22:44:18] [yf1_v5] [INFO] 2号位打出['Single', '6', ['C6']]， 最大动作为2号位打出的['Single', '6', ['C6']]
[22:44:18] [yf1_v5] [INFO] 3号位打出['Single', '7', ['H7']]， 最大动作为3号位打出的['Single', '7', ['H7']]
[22:44:18] [yf1_v5] [INFO] 0号位打出['Single', 'J', ['DJ']]， 最大动作为0号位打出的['Single', 'J', ['DJ']]
[22:44:18] [YFAdapter-P0] [INFO] [YF-P0] Decision context: myPos=0, curPos=0, greaterPos=0, teammate=2, curAction=[, actionList_size=20
[22:44:18] [YFAdapter-P0] [INFO] [YF-P0] Decided: action_index=0, action=['PASS', 'PASS', 'PASS']
[22:44:18] [yf1_v5] [INFO] 1号位打出['PASS', 'PASS', 'PASS']， 最大动作为0号位打出的['Single', 'J', ['DJ']]
[22:44:18] [yf1_v5] [INFO] 2号位打出['Single', 'Q', ['DQ']]， 最大动作为2号位打出的['Single', 'Q', ['DQ']]
[22:44:18] [yf1_v5] [INFO] 3号位打出['Single', 'K', ['DK']]， 最大动作为3号位打出的['Single', 'K', ['DK']]
[22:44:18] [yf1_v5] [INFO] 0号位打出['Single', '8', ['C8']]， 最大动作为0号位打出的['Single', '8', ['C8']]
[22:44:18] [YFAdapter-P0] [INFO] [YF-P0] Decision context: myPos=0, curPos=0, greaterPos=0, teammate=2, curAction=[, actionList_size=10
[22:44:18] [YFAdapter-P0] [INFO] [YF-P0] Decided: action_index=9, action=['Bomb', 'T', [['S', 'T'], ['H', 'T'], ['C', 'T'], ['C', 'T'], ['H', '8']]]
[22:44:18] [yf1_v5] [INFO] 1号位打出['Bomb', 'T', ['ST', 'HT', 'CT', 'CT', 'H8']]， 最大动作为1号位打出的['Bomb', 'T', ['ST', 'HT', 'CT', 'CT', 'H8']]
[22:44:18] [yf1_v5] [INFO] 2号位打出['PASS', 'PASS', 'PASS']， 最大动作为1号位打出的['Bomb', 'T', ['ST', 'HT', 'CT', 'CT', 'H8']]
[22:44:18] [yf1_v5] [INFO] 3号位打出['PASS', 'PASS', 'PASS']， 最大动作为1号位打出的['Bomb', 'T', ['ST', 'HT', 'CT', 'CT', 'H8']]
[22:44:18] [yf1_v5] [INFO] 0号位打出['PASS', 'PASS', 'PASS']， 最大动作为1号位打出的['Bomb', 'T', ['ST', 'HT', 'CT', 'CT', 'H8']]
[22:44:18] [YFAdapter-P0] [INFO] [YF-P0] Decision context: myPos=0, curPos=-1, greaterPos=-1, teammate=2, curAction=[, actionList_size=80
[22:44:18] [YFAdapter-P0] [INFO] [YF-P0] Decided: action_index=7, action=['Single', '6', [['S', '6']]]
[22:44:18] [yf1_v5] [INFO] 1号位打出['Single', '6', ['S6']]， 最大动作为1号位打出的['Single', '6', ['S6']]
[22:44:18] [yf1_v5] [INFO] 2号位打出['Single', '8', ['H8']]， 最大动作为2号位打出的['Single', '8', ['H8']]
[22:44:18] [yf1_v5] [INFO] 3号位打出['Single', 'R', ['HR']]， 最大动作为3号位打出的['Single', 'R', ['HR']]
[22:44:18] [yf1_v5] [INFO] 0号位打出['PASS', 'PASS', 'PASS']， 最大动作为3号位打出的['Single', 'R', ['HR']]
[22:44:18] [YFAdapter-P0] [INFO] [YF-P0] Decision context: myPos=0, curPos=0, greaterPos=3, teammate=2, curAction=[, actionList_size=1
[22:44:18] [YFAdapter-P0] [INFO] [YF-P0] Decided: action_index=0, action=['PASS', 'PASS', 'PASS']
[22:44:18] [yf1_v5] [INFO] 1号位打出['PASS', 'PASS', 'PASS']， 最大动作为3号位打出的['Single', 'R', ['HR']]
[22:44:18] [yf1_v5] [INFO] 2号位打出['PASS', 'PASS', 'PASS']， 最大动作为3号位打出的['Single', 'R', ['HR']]
[22:44:18] [yf1_v5] [INFO] 3号位打出['Single', '3', ['H3']]， 最大动作为3号位打出的['Single', '3', ['H3']]
[22:44:18] [yf1_v5] [INFO] 0号位打出['Single', '7', ['S7']]， 最大动作为0号位打出的['Single', '7', ['S7']]
[22:44:18] [YFAdapter-P0] [INFO] [YF-P0] Decision context: myPos=0, curPos=0, greaterPos=0, teammate=2, curAction=[, actionList_size=13
[22:44:18] [YFAdapter-P0] [INFO] [YF-P0] Decided: action_index=7, action=['Single', 'A', [['S', 'A']]]
[22:44:18] [yf1_v5] [INFO] 1号位打出['Single', 'A', ['SA']]， 最大动作为1号位打出的['Single', 'A', ['SA']]
[22:44:18] [yf1_v5] [INFO] 2号位打出['Single', '8', ['C8']]， 最大动作为2号位打出的['Single', '8', ['C8']]
[22:44:18] [yf1_v5] [INFO] 3号位打出['PASS', 'PASS', 'PASS']， 最大动作为2号位打出的['Single', '8', ['C8']]
[22:44:18] [yf1_v5] [INFO] 0号位打出['PASS', 'PASS', 'PASS']， 最大动作为2号位打出的['Single', '8', ['C8']]
[22:44:19] [YFAdapter-P0] [INFO] [YF-P0] Decision context: myPos=0, curPos=0, greaterPos=2, teammate=2, curAction=[, actionList_size=2
[22:44:19] [YFAdapter-P0] [INFO] [YF-P0] Decided: action_index=0, action=['PASS', 'PASS', 'PASS']
[22:44:19] [yf1_v5] [INFO] 1号位打出['PASS', 'PASS', 'PASS']， 最大动作为2号位打出的['Single', '8', ['C8']]
[22:44:19] [yf1_v5] [INFO] 2号位打出['ThreePair', '2', ['H2', 'D2', 'S3', 'D3', 'H4', 'D4']]， 最大动作为2号位打出的['ThreePair', '2', ['H2', 'D2', 'S3', 'D3', 'H4', 'D4']]
[22:44:19] [yf1_v5] [INFO] 3号位打出['ThreePair', '4', ['S4', 'C4', 'S5', 'C5', 'H6', 'C6']]， 最大动作为3号位打出的['ThreePair', '4', ['S4', 'C4', 'S5', 'C5', 'H6', 'C6']]
[22:44:19] [yf1_v5] [INFO] 0号位打出['PASS', 'PASS', 'PASS']， 最大动作为3号位打出的['ThreePair', '4', ['S4', 'C4', 'S5', 'C5', 'H6', 'C6']]
[22:44:19] [YFAdapter-P0] [INFO] [YF-P0] Decision context: myPos=0, curPos=0, greaterPos=3, teammate=2, curAction=[, actionList_size=1
[22:44:19] [YFAdapter-P0] [INFO] [YF-P0] Decided: action_index=0, action=['PASS', 'PASS', 'PASS']
[22:44:19] [yf1_v5] [INFO] 1号位打出['PASS', 'PASS', 'PASS']， 最大动作为3号位打出的['ThreePair', '4', ['S4', 'C4', 'S5', 'C5', 'H6', 'C6']]
[22:44:19] [yf1_v5] [INFO] 2号位打出['PASS', 'PASS', 'PASS']， 最大动作为3号位打出的['ThreePair', '4', ['S4', 'C4', 'S5', 'C5', 'H6', 'C6']]
[22:44:19] [yf1_v5] [INFO] 3号位打出['Single', '7', ['C7']]， 最大动作为3号位打出的['Single', '7', ['C7']]
[22:44:19] [yf1_v5] [INFO] 0号位打出['Single', 'B', ['SB']]， 最大动作为0号位打出的['Single', 'B', ['SB']]
[22:44:19] [YFAdapter-P0] [INFO] [YF-P0] Decision context: myPos=0, curPos=0, greaterPos=0, teammate=2, curAction=[, actionList_size=2
[22:44:19] [YFAdapter-P0] [INFO] [YF-P0] Decided: action_index=1, action=['Single', 'R', [['H', 'R']]]
[22:44:19] [yf1_v5] [INFO] 1号位打出['Single', 'R', ['HR']]， 最大动作为1号位打出的['Single', 'R', ['HR']]
[22:44:19] [yf1_v5] [INFO] 2号位打出['PASS', 'PASS', 'PASS']， 最大动作为1号位打出的['Single', 'R', ['HR']]
[22:44:19] [yf1_v5] [INFO] 3号位打出['PASS', 'PASS', 'PASS']， 最大动作为1号位打出的['Single', 'R', ['HR']]
[22:44:19] [yf1_v5] [INFO] 0号位打出['PASS', 'PASS', 'PASS']， 最大动作为1号位打出的['Single', 'R', ['HR']]
[22:44:19] [YFAdapter-P0] [INFO] [YF-P0] Decision context: myPos=0, curPos=-1, greaterPos=-1, teammate=2, curAction=[, actionList_size=54
[22:44:19] [YFAdapter-P0] [INFO] [YF-P0] Decided: action_index=38, action=['ThreeWithTwo', '3', [['H', '3'], ['C', '3'], ['D', '3'], ['S', '2'], ['C', '2']]]
[22:44:19] [yf1_v5] [INFO] 1号位打出['ThreeWithTwo', '3', ['H3', 'C3', 'D3', 'S2', 'C2']]， 最大动作为1号位打出的['ThreeWithTwo', '3', ['H3', 'C3', 'D3', 'S2', 'C2']]
[22:44:19] [yf1_v5] [INFO] 2号位打出['ThreeWithTwo', '7', ['S7', 'D7', 'D7', 'D5', 'D5']]， 最大动作为2号位打出的['ThreeWithTwo', '7', ['S7', 'D7', 'D7', 'D5', 'D5']]
[22:44:19] [yf1_v5] [INFO] 3号位打出['ThreeWithTwo', 'J', ['SJ', 'HJ', 'HJ', 'C9', 'C9']]， 最大动作为3号位打出的['ThreeWithTwo', 'J', ['SJ', 'HJ', 'HJ', 'C9', 'C9']]
[22:44:19] [yf1_v5] [INFO] 0号位打出['ThreeWithTwo', 'Q', ['SQ', 'HQ', 'HQ', 'S3', 'C3']]， 最大动作为0号位打出的['ThreeWithTwo', 'Q', ['SQ', 'HQ', 'HQ', 'S3', 'C3']]
[22:44:19] [YFAdapter-P0] [INFO] [YF-P0] Decision context: myPos=0, curPos=0, greaterPos=0, teammate=2, curAction=[, actionList_size=5
[22:44:19] [YFAdapter-P0] [INFO] [YF-P0] Decided: action_index=2, action=['ThreeWithTwo', 'K', [['S', 'K'], ['H', 'K'], ['D', 'K'], ['H', '7'], ['C', '7']]]
[22:44:19] [yf1_v5] [INFO] 1号位打出['ThreeWithTwo', 'K', ['SK', 'HK', 'DK', 'H7', 'C7']]， 最大动作为1号位打出的['ThreeWithTwo', 'K', ['SK', 'HK', 'DK', 'H7', 'C7']]
[22:44:19] [yf1_v5] [INFO] 2号位打出['Bomb', 'A', ['SA', 'HA', 'CA', 'DA']]， 最大动作为2号位打出的['Bomb', 'A', ['SA', 'HA', 'CA', 'DA']]
[22:44:19] [yf1_v5] [INFO] 3号位打出['PASS', 'PASS', 'PASS']， 最大动作为2号位打出的['Bomb', 'A', ['SA', 'HA', 'CA', 'DA']]
[22:44:19] [yf1_v5] [INFO] 0号位打出['PASS', 'PASS', 'PASS']， 最大动作为2号位打出的['Bomb', 'A', ['SA', 'HA', 'CA', 'DA']]
[22:44:19] [YFAdapter-P0] [INFO] [YF-P0] Decision context: myPos=0, curPos=0, greaterPos=2, teammate=2, curAction=[, actionList_size=1
[22:44:19] [YFAdapter-P0] [INFO] [YF-P0] Decided: action_index=0, action=['PASS', 'PASS', 'PASS']
[22:44:19] [yf1_v5] [INFO] 1号位打出['PASS', 'PASS', 'PASS']， 最大动作为2号位打出的['Bomb', 'A', ['SA', 'HA', 'CA', 'DA']]
[22:44:19] [yf1_v5] [INFO] 2号位打出['Straight', '9', ['H9', 'ST', 'SJ', 'DQ', 'SK']]， 最大动作为2号位打出的['Straight', '9', ['H9', 'ST', 'SJ', 'DQ', 'SK']]
[22:44:19] [yf1_v5] [INFO] 3号位打出['PASS', 'PASS', 'PASS']， 最大动作为2号位打出的['Straight', '9', ['H9', 'ST', 'SJ', 'DQ', 'SK']]
[22:44:19] [yf1_v5] [INFO] 0号位打出['PASS', 'PASS', 'PASS']， 最大动作为2号位打出的['Straight', '9', ['H9', 'ST', 'SJ', 'DQ', 'SK']]
[22:44:19] [YFAdapter-P0] [INFO] [YF-P0] Decision context: myPos=0, curPos=0, greaterPos=2, teammate=2, curAction=[, actionList_size=1
[22:44:19] [YFAdapter-P0] [INFO] [YF-P0] Decided: action_index=0, action=['PASS', 'PASS', 'PASS']
[22:44:19] [yf1_v5] [INFO] 1号位打出['PASS', 'PASS', 'PASS']， 最大动作为2号位打出的['Straight', '9', ['H9', 'ST', 'SJ', 'DQ', 'SK']]
[22:44:19] [yf1_v5] [INFO] 2号位打出['Pair', 'J', ['CJ', 'CJ']]， 最大动作为2号位打出的['Pair', 'J', ['CJ', 'CJ']]
[22:44:19] [yf1_v5] [INFO] 3号位打出['PASS', 'PASS', 'PASS']， 最大动作为2号位打出的['Pair', 'J', ['CJ', 'CJ']]
[22:44:19] [yf1_v5] [INFO] 0号位打出['PASS', 'PASS', 'PASS']， 最大动作为2号位打出的['Pair', 'J', ['CJ', 'CJ']]
[22:44:19] [YFAdapter-P0] [INFO] [YF-P0] Decision context: myPos=0, curPos=0, greaterPos=2, teammate=2, curAction=[, actionList_size=3
[22:44:19] [YFAdapter-P0] [INFO] [YF-P0] Decided: action_index=0, action=['PASS', 'PASS', 'PASS']
[22:44:19] [yf1_v5] [INFO] 1号位打出['PASS', 'PASS', 'PASS']， 最大动作为2号位打出的['Pair', 'J', ['CJ', 'CJ']]
[22:44:19] [yf1_v5] [INFO] 2号位打出['Single', 'B', ['SB']]， 最大动作为2号位打出的['Single', 'B', ['SB']]
[22:44:19] [yf1_v5] [INFO] 3号位打出['PASS', 'PASS', 'PASS']， 最大动作为2号位打出的['Single', 'B', ['SB']]
[22:44:19] [yf1_v5] [INFO] 0号位打出['PASS', 'PASS', 'PASS']， 最大动作为2号位打出的['Single', 'B', ['SB']]
[22:44:19] [yf1_v5] [INFO] 0号位打出['Single', '2', ['H2']]， 最大动作为0号位打出的['Single', '2', ['H2']]
[22:44:19] [YFAdapter-P0] [INFO] [YF-P0] Decision context: myPos=0, curPos=0, greaterPos=0, teammate=2, curAction=[, actionList_size=10
[22:44:19] [YFAdapter-P0] [INFO] [YF-P0] Decided: action_index=4, action=['Single', 'J', [['D', 'J']]]
[22:44:19] [yf1_v5] [INFO] 1号位打出['Single', 'J', ['DJ']]， 最大动作为1号位打出的['Single', 'J', ['DJ']]
[22:44:19] [yf1_v5] [INFO] 3号位打出['Single', 'A', ['HA']]， 最大动作为3号位打出的['Single', 'A', ['HA']]
[22:44:19] [yf1_v5] [INFO] 0号位打出['Bomb', '5', ['S5', 'H5', 'H5', 'C5']]， 最大动作为0号位打出的['Bomb', '5', ['S5', 'H5', 'H5', 'C5']]
[22:44:19] [YFAdapter-P0] [INFO] [YF-P0] Decision context: myPos=0, curPos=0, greaterPos=0, teammate=2, curAction=[, actionList_size=1
[22:44:19] [YFAdapter-P0] [INFO] [YF-P0] Decided: action_index=0, action=['PASS', 'PASS', 'PASS']
[22:44:19] [yf1_v5] [INFO] 1号位打出['PASS', 'PASS', 'PASS']， 最大动作为0号位打出的['Bomb', '5', ['S5', 'H5', 'H5', 'C5']]
[22:44:19] [yf1_v5] [INFO] 3号位打出['PASS', 'PASS', 'PASS']， 最大动作为0号位打出的['Bomb', '5', ['S5', 'H5', 'H5', 'C5']]
[22:44:19] [yf1_v5] [INFO] 0号位打出['Pair', 'T', ['HT', 'DT']]， 最大动作为0号位打出的['Pair', 'T', ['HT', 'DT']]
[22:44:19] [YFAdapter-P0] [INFO] [YF-P0] Decision context: myPos=0, curPos=0, greaterPos=0, teammate=2, curAction=[, actionList_size=3
[22:44:19] [YFAdapter-P0] [INFO] [YF-P0] Decided: action_index=2, action=['Pair', '8', [['S', '8'], ['D', '8']]]
[22:44:19] [yf1_v5] [INFO] 1号位打出['Pair', '8', ['S8', 'D8']]， 最大动作为1号位打出的['Pair', '8', ['S8', 'D8']]
[22:44:19] [yf1_v5] [INFO] 3号位打出['PASS', 'PASS', 'PASS']， 最大动作为1号位打出的['Pair', '8', ['S8', 'D8']]
[22:44:19] [yf1_v5] [INFO] 0号位打出['Bomb', '6', ['S6', 'H6', 'D6', 'D6']]， 最大动作为0号位打出的['Bomb', '6', ['S6', 'H6', 'D6', 'D6']]
[22:44:19] [YFAdapter-P0] [INFO] [YF-P0] Decision context: myPos=0, curPos=0, greaterPos=0, teammate=2, curAction=[, actionList_size=1
[22:44:19] [YFAdapter-P0] [INFO] [YF-P0] Decided: action_index=0, action=['PASS', 'PASS', 'PASS']
[22:44:19] [yf1_v5] [INFO] 1号位打出['PASS', 'PASS', 'PASS']， 最大动作为0号位打出的['Bomb', '6', ['S6', 'H6', 'D6', 'D6']]
[22:44:19] [yf1_v5] [INFO] 3号位打出['PASS', 'PASS', 'PASS']， 最大动作为0号位打出的['Bomb', '6', ['S6', 'H6', 'D6', 'D6']]
[22:44:19] [yf1_v5] [INFO] 0号位打出['Pair', '4', ['C4', 'D4']]， 最大动作为0号位打出的['Pair', '4', ['C4', 'D4']]
[22:44:19] [YFAdapter-P0] [INFO] [YF-P0] Decision context: myPos=0, curPos=0, greaterPos=0, teammate=2, curAction=[, actionList_size=2
[22:44:19] [YFAdapter-P0] [INFO] [YF-P0] Decided: action_index=1, action=['Pair', 'A', [['C', 'A'], ['D', 'A']]]
[22:44:19] [yf1_v5] [INFO] 1号位打出['Pair', 'A', ['CA', 'DA']]， 最大动作为1号位打出的['Pair', 'A', ['CA', 'DA']]
[22:44:19] [yf1_v5] [INFO] 3号位打出['Pair', '8', ['S8', 'D8']]， 最大动作为3号位打出的['Pair', '8', ['S8', 'D8']]
[22:44:19] [yf1_v5] [INFO] 0号位打出['PASS', 'PASS', 'PASS']， 最大动作为3号位打出的['Pair', '8', ['S8', 'D8']]
[22:44:19] [YFAdapter-P0] [INFO] [YF-P0] Decision context: myPos=0, curPos=0, greaterPos=3, teammate=2, curAction=[, actionList_size=1
[22:44:19] [YFAdapter-P0] [INFO] [YF-P0] Decided: action_index=0, action=['PASS', 'PASS', 'PASS']
[22:44:19] [yf1_v5] [INFO] 1号位打出['PASS', 'PASS', 'PASS']， 最大动作为3号位打出的['Pair', '8', ['S8', 'D8']]
[22:44:19] [yf1_v5] [INFO] 3号位打出['ThreeWithTwo', '2', ['S2', 'C2', 'D2', 'SQ', 'CQ']]， 最大动作为3号位打出的['ThreeWithTwo', '2', ['S2', 'C2', 'D2', 'SQ', 'CQ']]
[22:44:19] [yf1_v5] [INFO] 0号位打出['ThreeWithTwo', '9', ['S9', 'S9', 'D9', 'HK', 'CK']]， 最大动作为0号位打出的['ThreeWithTwo', '9', ['S9', 'S9', 'D9', 'HK', 'CK']]
[22:44:19] [yf1_v5] [INFO] 游戏开始, 我是1号位，手牌：['H2', 'C2', 'D2', 'C3', 'D3', 'S4', 'C4', 'S5', 'S5', 'H5', 'D5', 'C6', 'S7', 'S8', 'H8', 'H9', 'ST', 'ST', 'HT', 'CT', 'DT', 'HQ', 'HQ', 'DA', 'SJ', 'CJ', 'DJ']
[22:44:19] [yf1_v5] [INFO] 2号位打出['Single', '3', ['C3']]， 最大动作为2号位打出的['Single', '3', ['C3']]
[22:44:19] [yf1_v5] [INFO] 3号位打出['Single', 'Q', ['CQ']]， 最大动作为3号位打出的['Single', 'Q', ['CQ']]
[22:44:19] [yf1_v5] [INFO] 0号位打出['Single', 'J', ['SJ']]， 最大动作为0号位打出的['Single', 'J', ['SJ']]
[22:44:19] [YFAdapter-P0] [INFO] [YF-P0] Decision context: myPos=0, curPos=0, greaterPos=0, teammate=2, curAction=[, actionList_size=7
[22:44:19] [YFAdapter-P0] [INFO] [YF-P0] Decided: action_index=4, action=['Bomb', 'T', [['S', 'T'], ['S', 'T'], ['C', 'T'], ['D', 'T']]]
[22:44:19] [yf1_v5] [INFO] 1号位打出['Bomb', 'T', ['ST', 'ST', 'CT', 'DT']]， 最大动作为1号位打出的['Bomb', 'T', ['ST', 'ST', 'CT', 'DT']]
[22:44:19] [yf1_v5] [INFO] 2号位打出['PASS', 'PASS', 'PASS']， 最大动作为1号位打出的['Bomb', 'T', ['ST', 'ST', 'CT', 'DT']]
[22:44:19] [yf1_v5] [INFO] 3号位打出['PASS', 'PASS', 'PASS']， 最大动作为1号位打出的['Bomb', 'T', ['ST', 'ST', 'CT', 'DT']]
[22:44:19] [yf1_v5] [INFO] 0号位打出['PASS', 'PASS', 'PASS']， 最大动作为1号位打出的['Bomb', 'T', ['ST', 'ST', 'CT', 'DT']]
[22:44:19] [YFAdapter-P0] [INFO] [YF-P0] Decision context: myPos=0, curPos=-1, greaterPos=-1, teammate=2, curAction=[, actionList_size=216
[22:44:19] [YFAdapter-P0] [INFO] [YF-P0] Decided: action_index=13, action=['Single', '8', [['H', '8']]]
[22:44:19] [yf1_v5] [INFO] 1号位打出['Single', '8', ['H8']]， 最大动作为1号位打出的['Single', '8', ['H8']]
[22:44:19] [yf1_v5] [INFO] 2号位打出['Single', 'T', ['DT']]， 最大动作为2号位打出的['Single', 'T', ['DT']]
[22:44:19] [yf1_v5] [INFO] 3号位打出['Single', 'A', ['HA']]， 最大动作为3号位打出的['Single', 'A', ['HA']]
[22:44:19] [yf1_v5] [INFO] 0号位打出['Single', 'J', ['HJ']]， 最大动作为0号位打出的['Single', 'J', ['HJ']]
[22:44:19] [YFAdapter-P0] [INFO] [YF-P0] Decision context: myPos=0, curPos=0, greaterPos=0, teammate=2, curAction=[, actionList_size=2
[22:44:19] [YFAdapter-P0] [INFO] [YF-P0] Decided: action_index=1, action=['Bomb', '5', [['S', '5'], ['S', '5'], ['H', '5'], ['D', '5']]]
[22:44:19] [yf1_v5] [INFO] 1号位打出['Bomb', '5', ['S5', 'S5', 'H5', 'D5']]， 最大动作为1号位打出的['Bomb', '5', ['S5', 'S5', 'H5', 'D5']]
[22:44:19] [yf1_v5] [INFO] 2号位打出['Bomb', 'K', ['SK', 'HK', 'CK', 'HJ']]， 最大动作为2号位打出的['Bomb', 'K', ['SK', 'HK', 'CK', 'HJ']]
[22:44:19] [yf1_v5] [INFO] 3号位打出['PASS', 'PASS', 'PASS']， 最大动作为2号位打出的['Bomb', 'K', ['SK', 'HK', 'CK', 'HJ']]
[22:44:19] [yf1_v5] [INFO] 0号位打出['PASS', 'PASS', 'PASS']， 最大动作为2号位打出的['Bomb', 'K', ['SK', 'HK', 'CK', 'HJ']]
[22:44:19] [YFAdapter-P0] [INFO] [YF-P0] Decision context: myPos=0, curPos=0, greaterPos=2, teammate=2, curAction=[, actionList_size=1
[22:44:19] [YFAdapter-P0] [INFO] [YF-P0] Decided: action_index=0, action=['PASS', 'PASS', 'PASS']
[22:44:19] [yf1_v5] [INFO] 1号位打出['PASS', 'PASS', 'PASS']， 最大动作为2号位打出的['Bomb', 'K', ['SK', 'HK', 'CK', 'HJ']]
[22:44:19] [yf1_v5] [INFO] 2号位打出['Straight', '2', ['C2', 'S3', 'H4', 'H5', 'H6']]， 最大动作为2号位打出的['Straight', '2', ['C2', 'S3', 'H4', 'H5', 'H6']]
[22:44:19] [yf1_v5] [INFO] 3号位打出['Straight', '6', ['S6', 'D7', 'S8', 'C9', 'CT']]， 最大动作为3号位打出的['Straight', '6', ['S6', 'D7', 'S8', 'C9', 'CT']]
[22:44:19] [yf1_v5] [INFO] 0号位打出['PASS', 'PASS', 'PASS']， 最大动作为3号位打出的['Straight', '6', ['S6', 'D7', 'S8', 'C9', 'CT']]
[22:44:19] [YFAdapter-P0] [INFO] [YF-P0] Decision context: myPos=0, curPos=0, greaterPos=3, teammate=2, curAction=[, actionList_size=7
[22:44:19] [YFAdapter-P0] [INFO] [YF-P0] Decided: action_index=0, action=['PASS', 'PASS', 'PASS']
[22:44:19] [yf1_v5] [INFO] 1号位打出['Straight', '7', ['S7', 'S8', 'H9', 'HT', 'SJ']]， 最大动作为1号位打出的['Straight', '7', ['S7', 'S8', 'H9', 'HT', 'SJ']]
[22:44:19] [yf1_v5] [INFO] 2号位打出['PASS', 'PASS', 'PASS']， 最大动作为1号位打出的['Straight', '7', ['S7', 'S8', 'H9', 'HT', 'SJ']]
[22:44:19] [yf1_v5] [INFO] 3号位打出['Straight', '9', ['S9', 'HT', 'DJ', 'SQ', 'DK']]， 最大动作为3号位打出的['Straight', '9', ['S9', 'HT', 'DJ', 'SQ', 'DK']]
[22:44:19] [yf1_v5] [INFO] 0号位打出['PASS', 'PASS', 'PASS']， 最大动作为3号位打出的['Straight', '9', ['S9', 'HT', 'DJ', 'SQ', 'DK']]
[22:44:19] [YFAdapter-P0] [INFO] [YF-P0] Decision context: myPos=0, curPos=0, greaterPos=3, teammate=2, curAction=[, actionList_size=1
[22:44:19] [YFAdapter-P0] [INFO] [YF-P0] Decided: action_index=0, action=['PASS', 'PASS', 'PASS']
[22:44:19] [yf1_v5] [INFO] 1号位打出['PASS', 'PASS', 'PASS']， 最大动作为3号位打出的['Straight', '9', ['S9', 'HT', 'DJ', 'SQ', 'DK']]
[22:44:19] [yf1_v5] [INFO] 2号位打出['PASS', 'PASS', 'PASS']， 最大动作为3号位打出的['Straight', '9', ['S9', 'HT', 'DJ', 'SQ', 'DK']]
[22:44:19] [yf1_v5] [INFO] 3号位打出['Single', '6', ['D6']]， 最大动作为3号位打出的['Single', '6', ['D6']]
[22:44:19] [yf1_v5] [INFO] 0号位打出['Single', 'A', ['CA']]， 最大动作为0号位打出的['Single', 'A', ['CA']]
[22:44:19] [YFAdapter-P0] [INFO] [YF-P0] Decision context: myPos=0, curPos=0, greaterPos=0, teammate=2, curAction=[, actionList_size=3
[22:44:19] [YFAdapter-P0] [INFO] [YF-P0] Decided: action_index=0, action=['PASS', 'PASS', 'PASS']
[22:44:19] [yf1_v5] [INFO] 1号位打出['Single', 'J', ['CJ']]， 最大动作为1号位打出的['Single', 'J', ['CJ']]
[22:44:19] [yf1_v5] [INFO] 2号位打出['Single', 'B', ['SB']]， 最大动作为2号位打出的['Single', 'B', ['SB']]
[22:44:19] [yf1_v5] [INFO] 3号位打出['PASS', 'PASS', 'PASS']， 最大动作为2号位打出的['Single', 'B', ['SB']]
[22:44:19] [yf1_v5] [INFO] 0号位打出['PASS', 'PASS', 'PASS']， 最大动作为2号位打出的['Single', 'B', ['SB']]
[22:44:19] [YFAdapter-P0] [INFO] [YF-P0] Decision context: myPos=0, curPos=0, greaterPos=2, teammate=2, curAction=[, actionList_size=1
[22:44:19] [YFAdapter-P0] [INFO] [YF-P0] Decided: action_index=0, action=['PASS', 'PASS', 'PASS']
[22:44:19] [yf1_v5] [INFO] 1号位打出['PASS', 'PASS', 'PASS']， 最大动作为2号位打出的['Single', 'B', ['SB']]
[22:44:19] [yf1_v5] [INFO] 2号位打出['Pair', '7', ['S7', 'H7']]， 最大动作为2号位打出的['Pair', '7', ['S7', 'H7']]
[22:44:19] [yf1_v5] [INFO] 3号位打出['Pair', 'R', ['HR', 'HR']]， 最大动作为3号位打出的['Pair', 'R', ['HR', 'HR']]
[22:44:19] [yf1_v5] [INFO] 0号位打出['PASS', 'PASS', 'PASS']， 最大动作为3号位打出的['Pair', 'R', ['HR', 'HR']]
[22:44:19] [YFAdapter-P0] [INFO] [YF-P0] Decision context: myPos=0, curPos=0, greaterPos=3, teammate=2, curAction=[, actionList_size=1
[22:44:19] [YFAdapter-P0] [INFO] [YF-P0] Decided: action_index=0, action=['PASS', 'PASS', 'PASS']
[22:44:19] [yf1_v5] [INFO] 1号位打出['PASS', 'PASS', 'PASS']， 最大动作为3号位打出的['Pair', 'R', ['HR', 'HR']]
[22:44:19] [yf1_v5] [INFO] 2号位打出['PASS', 'PASS', 'PASS']， 最大动作为3号位打出的['Pair', 'R', ['HR', 'HR']]
[22:44:19] [yf1_v5] [INFO] 3号位打出['Straight', '3', ['S3', 'S4', 'C5', 'D6', 'H7']]， 最大动作为3号位打出的['Straight', '3', ['S3', 'S4', 'C5', 'D6', 'H7']]
[22:44:19] [yf1_v5] [INFO] 0号位打出['PASS', 'PASS', 'PASS']， 最大动作为3号位打出的['Straight', '3', ['S3', 'S4', 'C5', 'D6', 'H7']]
[22:44:19] [YFAdapter-P0] [INFO] [YF-P0] Decision context: myPos=0, curPos=0, greaterPos=3, teammate=2, curAction=[, actionList_size=1
[22:44:19] [YFAdapter-P0] [INFO] [YF-P0] Decided: action_index=0, action=['PASS', 'PASS', 'PASS']
[22:44:19] [yf1_v5] [INFO] 1号位打出['PASS', 'PASS', 'PASS']， 最大动作为3号位打出的['Straight', '3', ['S3', 'S4', 'C5', 'D6', 'H7']]
[22:44:19] [yf1_v5] [INFO] 2号位打出['PASS', 'PASS', 'PASS']， 最大动作为3号位打出的['Straight', '3', ['S3', 'S4', 'C5', 'D6', 'H7']]
[22:44:19] [yf1_v5] [INFO] 3号位打出['Pair', '2', ['S2', 'S2']]， 最大动作为3号位打出的['Pair', '2', ['S2', 'S2']]
[22:44:19] [yf1_v5] [INFO] 0号位打出['Pair', '4', ['C4', 'D4']]， 最大动作为0号位打出的['Pair', '4', ['C4', 'D4']]
[22:44:19] [YFAdapter-P0] [INFO] [YF-P0] Decision context: myPos=0, curPos=0, greaterPos=0, teammate=2, curAction=[, actionList_size=2
[22:44:19] [YFAdapter-P0] [INFO] [YF-P0] Decided: action_index=0, action=['PASS', 'PASS', 'PASS']
[22:44:19] [YFAdapter-P0] [WARNING] [YF-P0] 检测到过于保守: 对手快走完(剩5张), 触发Layer 2/3进行更积极的决策
[22:44:19] [yf1_v5] [INFO] 1号位打出['Pair', 'Q', ['HQ', 'HQ']]， 最大动作为1号位打出的['Pair', 'Q', ['HQ', 'HQ']]
[22:44:19] [yf1_v5] [INFO] 2号位打出['Pair', 'A', ['SA', 'HA']]， 最大动作为2号位打出的['Pair', 'A', ['SA', 'HA']]
[22:44:19] [yf1_v5] [INFO] 3号位打出['PASS', 'PASS', 'PASS']， 最大动作为2号位打出的['Pair', 'A', ['SA', 'HA']]
[22:44:19] [yf1_v5] [INFO] 0号位打出['PASS', 'PASS', 'PASS']， 最大动作为2号位打出的['Pair', 'A', ['SA', 'HA']]
[22:44:19] [YFAdapter-P0] [INFO] [YF-P0] Decision context: myPos=0, curPos=0, greaterPos=2, teammate=2, curAction=[, actionList_size=1
[22:44:19] [YFAdapter-P0] [INFO] [YF-P0] Decided: action_index=0, action=['PASS', 'PASS', 'PASS']
[22:44:19] [yf1_v5] [INFO] 1号位打出['PASS', 'PASS', 'PASS']， 最大动作为2号位打出的['Pair', 'A', ['SA', 'HA']]
[22:44:19] [yf1_v5] [INFO] 2号位打出['Pair', '8', ['C8', 'D8']]， 最大动作为2号位打出的['Pair', '8', ['C8', 'D8']]
[22:44:19] [yf1_v5] [INFO] 3号位打出['Pair', 'A', ['SA', 'DA']]， 最大动作为3号位打出的['Pair', 'A', ['SA', 'DA']]
[22:44:19] [yf1_v5] [INFO] 0号位打出['PASS', 'PASS', 'PASS']， 最大动作为3号位打出的['Pair', 'A', ['SA', 'DA']]
[22:44:19] [YFAdapter-P0] [INFO] [YF-P0] Decision context: myPos=0, curPos=0, greaterPos=3, teammate=2, curAction=[, actionList_size=1
[22:44:19] [YFAdapter-P0] [INFO] [YF-P0] Decided: action_index=0, action=['PASS', 'PASS', 'PASS']
[22:44:19] [yf1_v5] [INFO] 1号位打出['PASS', 'PASS', 'PASS']， 最大动作为3号位打出的['Pair', 'A', ['SA', 'DA']]
[22:44:19] [yf1_v5] [INFO] 2号位打出['PASS', 'PASS', 'PASS']， 最大动作为3号位打出的['Pair', 'A', ['SA', 'DA']]
[22:44:19] [yf1_v5] [INFO] 3号位打出['Pair', '3', ['H3', 'H3']]， 最大动作为3号位打出的['Pair', '3', ['H3', 'H3']]
[22:44:19] [yf1_v5] [INFO] 0号位打出['Pair', 'K', ['HK', 'CK']]， 最大动作为0号位打出的['Pair', 'K', ['HK', 'CK']]
[22:44:19] [YFAdapter-P0] [INFO] [YF-P0] Decision context: myPos=0, curPos=0, greaterPos=0, teammate=2, curAction=[, actionList_size=1
[22:44:19] [YFAdapter-P0] [INFO] [YF-P0] Decided: action_index=0, action=['PASS', 'PASS', 'PASS']
[22:44:19] [yf1_v5] [INFO] 1号位打出['PASS', 'PASS', 'PASS']， 最大动作为0号位打出的['Pair', 'K', ['HK', 'CK']]
[22:44:19] [yf1_v5] [INFO] 2号位打出['PASS', 'PASS', 'PASS']， 最大动作为0号位打出的['Pair', 'K', ['HK', 'CK']]
[22:44:19] [yf1_v5] [INFO] 3号位打出['PASS', 'PASS', 'PASS']， 最大动作为0号位打出的['Pair', 'K', ['HK', 'CK']]
[22:44:19] [yf1_v5] [INFO] 0号位打出['Single', '3', ['D3']]， 最大动作为0号位打出的['Single', '3', ['D3']]
[22:44:19] [YFAdapter-P0] [INFO] [YF-P0] Decision context: myPos=0, curPos=0, greaterPos=0, teammate=2, curAction=[, actionList_size=6
[22:44:19] [YFAdapter-P0] [INFO] [YF-P0] Decided: action_index=4, action=['Single', 'A', [['D', 'A']]]
[22:44:19] [yf1_v5] [INFO] 1号位打出['Single', 'A', ['DA']]， 最大动作为1号位打出的['Single', 'A', ['DA']]
[22:44:19] [yf1_v5] [INFO] 2号位打出['Single', 'J', ['CJ']]， 最大动作为2号位打出的['Single', 'J', ['CJ']]
[22:44:19] [yf1_v5] [INFO] 3号位打出['PASS', 'PASS', 'PASS']， 最大动作为2号位打出的['Single', 'J', ['CJ']]
[22:44:19] [yf1_v5] [INFO] 0号位打出['PASS', 'PASS', 'PASS']， 最大动作为2号位打出的['Single', 'J', ['CJ']]
[22:44:19] [YFAdapter-P0] [INFO] [YF-P0] Decision context: myPos=0, curPos=0, greaterPos=2, teammate=2, curAction=[, actionList_size=1
[22:44:19] [YFAdapter-P0] [INFO] [YF-P0] Decided: action_index=0, action=['PASS', 'PASS', 'PASS']
[22:44:19] [yf1_v5] [INFO] 1号位打出['PASS', 'PASS', 'PASS']， 最大动作为2号位打出的['Single', 'J', ['CJ']]
[22:44:19] [yf1_v5] [INFO] 2号位打出['ThreeWithTwo', '9', ['S9', 'D9', 'D9', 'H4', 'D4']]， 最大动作为2号位打出的['ThreeWithTwo', '9', ['S9', 'D9', 'D9', 'H4', 'D4']]
[22:44:19] [yf1_v5] [INFO] 3号位打出['PASS', 'PASS', 'PASS']， 最大动作为2号位打出的['ThreeWithTwo', '9', ['S9', 'D9', 'D9', 'H4', 'D4']]
[22:44:19] [yf1_v5] [INFO] 0号位打出['PASS', 'PASS', 'PASS']， 最大动作为2号位打出的['ThreeWithTwo', '9', ['S9', 'D9', 'D9', 'H4', 'D4']]
[22:44:19] [YFAdapter-P0] [INFO] [YF-P0] Decision context: myPos=0, curPos=0, greaterPos=2, teammate=2, curAction=[, actionList_size=1
[22:44:19] [YFAdapter-P0] [INFO] [YF-P0] Decided: action_index=0, action=['PASS', 'PASS', 'PASS']
[22:44:19] [yf1_v5] [INFO] 1号位打出['PASS', 'PASS', 'PASS']， 最大动作为2号位打出的['ThreeWithTwo', '9', ['S9', 'D9', 'D9', 'H4', 'D4']]
[22:44:19] [yf1_v5] [INFO] 2号位打出['Single', 'B', ['SB']]， 最大动作为2号位打出的['Single', 'B', ['SB']]
[22:44:19] [yf1_v5] [INFO] 3号位打出['PASS', 'PASS', 'PASS']， 最大动作为2号位打出的['Single', 'B', ['SB']]
[22:44:19] [yf1_v5] [INFO] 0号位打出['PASS', 'PASS', 'PASS']， 最大动作为2号位打出的['Single', 'B', ['SB']]
[22:44:19] [YFAdapter-P0] [INFO] [YF-P0] Decision context: myPos=0, curPos=0, greaterPos=2, teammate=2, curAction=[, actionList_size=1
[22:44:19] [YFAdapter-P0] [INFO] [YF-P0] Decided: action_index=0, action=['PASS', 'PASS', 'PASS']
[22:44:19] [yf1_v5] [INFO] 1号位打出['PASS', 'PASS', 'PASS']， 最大动作为2号位打出的['Single', 'B', ['SB']]
[22:44:19] [yf1_v5] [INFO] 2号位打出['Single', 'K', ['DK']]， 最大动作为2号位打出的['Single', 'K', ['DK']]
[22:44:19] [yf1_v5] [INFO] 3号位打出['PASS', 'PASS', 'PASS']， 最大动作为2号位打出的['Single', 'K', ['DK']]
[22:44:19] [yf1_v5] [INFO] 0号位打出['Single', 'A', ['CA']]， 最大动作为0号位打出的['Single', 'A', ['CA']]
[22:44:19] [YFAdapter-P0] [INFO] [YF-P0] Decision context: myPos=0, curPos=0, greaterPos=0, teammate=2, curAction=[, actionList_size=2
[22:44:19] [YFAdapter-P0] [INFO] [YF-P0] Decided: action_index=1, action=['Single', 'J', [['D', 'J']]]
[22:44:19] [yf1_v5] [INFO] 1号位打出['Single', 'J', ['DJ']]， 最大动作为1号位打出的['Single', 'J', ['DJ']]
[22:44:19] [yf1_v5] [INFO] 2号位打出['PASS', 'PASS', 'PASS']， 最大动作为1号位打出的['Single', 'J', ['DJ']]
[22:44:19] [yf1_v5] [INFO] 3号位打出['PASS', 'PASS', 'PASS']， 最大动作为1号位打出的['Single', 'J', ['DJ']]
[22:44:19] [yf1_v5] [INFO] 0号位打出['PASS', 'PASS', 'PASS']， 最大动作为1号位打出的['Single', 'J', ['DJ']]
[22:44:19] [YFAdapter-P0] [INFO] [YF-P0] Decision context: myPos=0, curPos=-1, greaterPos=-1, teammate=2, curAction=[, actionList_size=19
[22:44:19] [YFAdapter-P0] [INFO] [YF-P0] Decided: action_index=7, action=['Single', '6', [['C', '6']]]
[22:44:19] [yf1_v5] [INFO] 1号位打出['Single', '6', ['C6']]， 最大动作为1号位打出的['Single', '6', ['C6']]
[22:44:19] [yf1_v5] [INFO] 2号位打出['Single', 'Q', ['DQ']]， 最大动作为2号位打出的['Single', 'Q', ['DQ']]
[22:44:19] [yf1_v5] [INFO] 3号位打出['PASS', 'PASS', 'PASS']， 最大动作为2号位打出的['Single', 'Q', ['DQ']]
[22:44:19] [yf1_v5] [INFO] 0号位打出['PASS', 'PASS', 'PASS']， 最大动作为2号位打出的['Single', 'Q', ['DQ']]
[22:44:19] [yf1_v5] [INFO] 0号位打出['Single', '2', ['H2']]， 最大动作为0号位打出的['Single', '2', ['H2']]
[22:44:19] [YFAdapter-P0] [INFO] [YF-P0] Decision context: myPos=0, curPos=0, greaterPos=0, teammate=2, curAction=[, actionList_size=5
[22:44:19] [YFAdapter-P0] [INFO] [YF-P0] Decided: action_index=1, action=['Single', '3', [['C', '3']]]
[22:44:19] [yf1_v5] [INFO] 1号位打出['Single', '3', ['C3']]， 最大动作为1号位打出的['Single', '3', ['C3']]
[22:44:19] [yf1_v5] [INFO] 3号位打出['Single', 'Q', ['CQ']]， 最大动作为3号位打出的['Single', 'Q', ['CQ']]
[22:44:19] [yf1_v5] [INFO] 0号位打出['Single', 'K', ['SK']]， 最大动作为0号位打出的['Single', 'K', ['SK']]
[22:44:19] [YFAdapter-P0] [INFO] [YF-P0] Decision context: myPos=0, curPos=0, greaterPos=0, teammate=2, curAction=[, actionList_size=1
[22:44:19] [YFAdapter-P0] [INFO] [YF-P0] Decided: action_index=0, action=['PASS', 'PASS', 'PASS']
[22:44:19] [yf1_v5] [INFO] 1号位打出['PASS', 'PASS', 'PASS']， 最大动作为0号位打出的['Single', 'K', ['SK']]
[22:44:19] [yf1_v5] [INFO] 0号位打出['Single', '2', ['D2']]， 最大动作为0号位打出的['Single', '2', ['D2']]
[22:44:19] [YFAdapter-P0] [INFO] [YF-P0] Decision context: myPos=0, curPos=0, greaterPos=0, teammate=2, curAction=[, actionList_size=4
[22:44:19] [YFAdapter-P0] [INFO] [YF-P0] Decided: action_index=3, action=['Single', '4', [['C', '4']]]
[22:44:20] [yf1_v5] [INFO] 1号位打出['Single', '4', ['C4']]， 最大动作为1号位打出的['Single', '4', ['C4']]
[22:44:20] [yf1_v5] [INFO] 0号位打出['PASS', 'PASS', 'PASS']， 最大动作为1号位打出的['Single', '4', ['C4']]
[22:44:20] [YFAdapter-P0] [INFO] [YF-P0] Decision context: myPos=0, curPos=-1, greaterPos=-1, teammate=2, curAction=[, actionList_size=9
[22:44:20] [YFAdapter-P0] [INFO] [YF-P0] Decided: action_index=3, action=['Single', '3', [['D', '3']]]
[22:44:20] [yf1_v5] [INFO] 1号位打出['Single', '3', ['D3']]， 最大动作为1号位打出的['Single', '3', ['D3']]
[22:44:20] [yf1_v5] [INFO] 0号位打出['Single', '7', ['C7']]， 最大动作为0号位打出的['Single', '7', ['C7']]
[22:44:20] [YFAdapter-P0] [INFO] [YF-P0] Decision context: myPos=0, curPos=0, greaterPos=0, teammate=2, curAction=[, actionList_size=1
[22:44:20] [YFAdapter-P0] [INFO] [YF-P0] Decided: action_index=0, action=['PASS', 'PASS', 'PASS']
[22:44:20] [yf1_v5] [INFO] 1号位打出['PASS', 'PASS', 'PASS']， 最大动作为0号位打出的['Single', '7', ['C7']]
[22:44:20] [yf1_v5] [INFO] 0号位打出['ThreeWithTwo', '6', ['S6', 'H6', 'C6', 'C5', 'D5']]， 最大动作为0号位打出的['ThreeWithTwo', '6', ['S6', 'H6', 'C6', 'C5', 'D5']]
[22:44:20] [YFAdapter-P0] [INFO] [YF-P0] Decision context: myPos=0, curPos=0, greaterPos=0, teammate=2, curAction=[, actionList_size=1
[22:44:20] [YFAdapter-P0] [INFO] [YF-P0] Decided: action_index=0, action=['PASS', 'PASS', 'PASS']
[22:44:20] [yf1_v5] [INFO] 1号位打出['PASS', 'PASS', 'PASS']， 最大动作为0号位打出的['ThreeWithTwo', '6', ['S6', 'H6', 'C6', 'C5', 'D5']]
[22:44:20] [yf1_v5] [INFO] 0号位打出['Pair', '9', ['H9', 'C9']]， 最大动作为0号位打出的['Pair', '9', ['H9', 'C9']]
[22:44:20] [YFAdapter-P0] [INFO] [YF-P0] Decision context: myPos=0, curPos=0, greaterPos=0, teammate=2, curAction=[, actionList_size=1
[22:44:20] [YFAdapter-P0] [INFO] [YF-P0] Decided: action_index=0, action=['PASS', 'PASS', 'PASS']
[22:44:20] [yf1_v5] [INFO] 1号位打出['PASS', 'PASS', 'PASS']， 最大动作为0号位打出的['Pair', '9', ['H9', 'C9']]
[22:44:20] [yf1_v5] [INFO] 0号位打出['ThreeWithTwo', '8', ['H8', 'C8', 'D8', 'C7', 'D7']]， 最大动作为0号位打出的['ThreeWithTwo', '8', ['H8', 'C8', 'D8', 'C7', 'D7']]
[22:44:20] [YFAdapter-P0] [INFO] [YF-P0] Decision context: myPos=0, curPos=0, greaterPos=0, teammate=2, curAction=[, actionList_size=1
[22:44:20] [YFAdapter-P0] [INFO] [YF-P0] Decided: action_index=0, action=['PASS', 'PASS', 'PASS']
[22:44:20] [yf1_v5] [INFO] 1号位打出['PASS', 'PASS', 'PASS']， 最大动作为0号位打出的['ThreeWithTwo', '8', ['H8', 'C8', 'D8', 'C7', 'D7']]
[22:44:20] [yf1_v5] [INFO] 0号位打出['Pair', 'Q', ['SQ', 'DQ']]， 最大动作为0号位打出的['Pair', 'Q', ['SQ', 'DQ']]
[22:44:20] [yf1_v5] [INFO] 游戏开始, 我是1号位，手牌：['C2', 'S3', 'S4', 'C4', 'D4', 'H5', 'C5', 'D5', 'S6', 'H6', 'D7', 'D8', 'S9', 'HT', 'CT', 'DT', 'SJ', 'CJ', 'HQ', 'HQ', 'HA', 'DA', 'SK', 'HK', 'DK', 'DK', 'HR']
[22:44:20] [YFAdapter-P0] [INFO] [YF-P0] Decision context: myPos=0, curPos=-1, greaterPos=-1, teammate=2, curAction=[, actionList_size=1
[22:44:20] [YFAdapter-P0] [INFO] [YF-P0] Decided: action_index=0, action=['tribute', 'tribute', [['H', 'R']]]
[22:44:20] [YFAdapter-P0] [INFO] [YF-P0] Decision context: myPos=0, curPos=-1, greaterPos=-1, teammate=2, curAction=[, actionList_size=1111
[22:44:20] [YFAdapter-P0] [INFO] [YF-P0] Decided: action_index=0, action=['Single', '2', [['C', '2']]]
[22:44:20] [yf1_v5] [INFO] 1号位打出['Single', '2', ['C2']]， 最大动作为1号位打出的['Single', '2', ['C2']]
[22:44:20] [yf1_v5] [INFO] 2号位打出['Single', 'J', ['DJ']]， 最大动作为2号位打出的['Single', 'J', ['DJ']]
[22:44:20] [yf1_v5] [INFO] 3号位打出['Single', 'B', ['SB']]， 最大动作为3号位打出的['Single', 'B', ['SB']]
[22:44:20] [yf1_v5] [INFO] 0号位打出['Single', 'R', ['HR']]， 最大动作为0号位打出的['Single', 'R', ['HR']]
[22:44:20] [YFAdapter-P0] [INFO] [YF-P0] Decision context: myPos=0, curPos=0, greaterPos=0, teammate=2, curAction=[, actionList_size=5
[22:44:20] [YFAdapter-P0] [INFO] [YF-P0] Decided: action_index=2, action=['Bomb', '5', [['H', '5'], ['C', '5'], ['D', '5'], ['H', 'K']]]
[22:44:20] [yf1_v5] [INFO] 1号位打出['Bomb', '5', ['H5', 'C5', 'D5', 'HK']]， 最大动作为1号位打出的['Bomb', '5', ['H5', 'C5', 'D5', 'HK']]
[22:44:20] [yf1_v5] [INFO] 2号位打出['PASS', 'PASS', 'PASS']， 最大动作为1号位打出的['Bomb', '5', ['H5', 'C5', 'D5', 'HK']]
[22:44:20] [yf1_v5] [INFO] 3号位打出['Bomb', '2', ['S2', 'S2', 'H2', 'H2', 'HK']]， 最大动作为3号位打出的['Bomb', '2', ['S2', 'S2', 'H2', 'H2', 'HK']]
[22:44:20] [yf1_v5] [INFO] 0号位打出['PASS', 'PASS', 'PASS']， 最大动作为3号位打出的['Bomb', '2', ['S2', 'S2', 'H2', 'H2', 'HK']]
[22:44:20] [YFAdapter-P0] [INFO] [YF-P0] Decision context: myPos=0, curPos=0, greaterPos=3, teammate=2, curAction=[, actionList_size=1
[22:44:20] [YFAdapter-P0] [INFO] [YF-P0] Decided: action_index=0, action=['PASS', 'PASS', 'PASS']
[22:44:20] [yf1_v5] [INFO] 1号位打出['PASS', 'PASS', 'PASS']， 最大动作为3号位打出的['Bomb', '2', ['S2', 'S2', 'H2', 'H2', 'HK']]
[22:44:20] [yf1_v5] [INFO] 2号位打出['PASS', 'PASS', 'PASS']， 最大动作为3号位打出的['Bomb', '2', ['S2', 'S2', 'H2', 'H2', 'HK']]
[22:44:20] [yf1_v5] [INFO] 3号位打出['Single', '7', ['S7']]， 最大动作为3号位打出的['Single', '7', ['S7']]
[22:44:20] [yf1_v5] [INFO] 0号位打出['Single', 'B', ['SB']]， 最大动作为0号位打出的['Single', 'B', ['SB']]
[22:44:20] [YFAdapter-P0] [INFO] [YF-P0] Decision context: myPos=0, curPos=0, greaterPos=0, teammate=2, curAction=[, actionList_size=1
[22:44:20] [YFAdapter-P0] [INFO] [YF-P0] Decided: action_index=0, action=['PASS', 'PASS', 'PASS']
[22:44:20] [yf1_v5] [INFO] 1号位打出['PASS', 'PASS', 'PASS']， 最大动作为0号位打出的['Single', 'B', ['SB']]
[22:44:20] [yf1_v5] [INFO] 2号位打出['PASS', 'PASS', 'PASS']， 最大动作为0号位打出的['Single', 'B', ['SB']]
[22:44:20] [yf1_v5] [INFO] 3号位打出['PASS', 'PASS', 'PASS']， 最大动作为0号位打出的['Single', 'B', ['SB']]
[22:44:20] [yf1_v5] [INFO] 0号位打出['Single', '2', ['D2']]， 最大动作为0号位打出的['Single', '2', ['D2']]
[22:44:20] [YFAdapter-P0] [INFO] [YF-P0] Decision context: myPos=0, curPos=0, greaterPos=0, teammate=2, curAction=[, actionList_size=20
[22:44:20] [YFAdapter-P0] [INFO] [YF-P0] Decided: action_index=8, action=['Single', '8', [['D', '8']]]
[22:44:20] [yf1_v5] [INFO] 1号位打出['Single', '8', ['D8']]， 最大动作为1号位打出的['Single', '8', ['D8']]
[22:44:20] [yf1_v5] [INFO] 2号位打出['Single', 'K', ['SK']]， 最大动作为2号位打出的['Single', 'K', ['SK']]
[22:44:20] [yf1_v5] [INFO] 3号位打出['PASS', 'PASS', 'PASS']， 最大动作为2号位打出的['Single', 'K', ['SK']]
[22:44:20] [yf1_v5] [INFO] 0号位打出['PASS', 'PASS', 'PASS']， 最大动作为2号位打出的['Single', 'K', ['SK']]
[22:44:20] [YFAdapter-P0] [INFO] [YF-P0] Decision context: myPos=0, curPos=0, greaterPos=2, teammate=2, curAction=[, actionList_size=1
[22:44:20] [YFAdapter-P0] [INFO] [YF-P0] Decided: action_index=0, action=['PASS', 'PASS', 'PASS']
[22:44:20] [yf1_v5] [INFO] 1号位打出['PASS', 'PASS', 'PASS']， 最大动作为2号位打出的['Single', 'K', ['SK']]
[22:44:20] [yf1_v5] [INFO] 2号位打出['ThreePair', '8', ['C8', 'C8', 'C9', 'D9', 'ST', 'HT']]， 最大动作为2号位打出的['ThreePair', '8', ['C8', 'C8', 'C9', 'D9', 'ST', 'HT']]
[22:44:20] [yf1_v5] [INFO] 3号位打出['PASS', 'PASS', 'PASS']， 最大动作为2号位打出的['ThreePair', '8', ['C8', 'C8', 'C9', 'D9', 'ST', 'HT']]
[22:44:20] [yf1_v5] [INFO] 0号位打出['ThreePair', '9', ['H9', 'D9', 'CT', 'DT', 'HJ', 'HJ']]， 最大动作为0号位打出的['ThreePair', '9', ['H9', 'D9', 'CT', 'DT', 'HJ', 'HJ']]
[22:44:20] [YFAdapter-P0] [INFO] [YF-P0] Decision context: myPos=0, curPos=0, greaterPos=0, teammate=2, curAction=[, actionList_size=8
[22:44:20] [YFAdapter-P0] [INFO] [YF-P0] Decided: action_index=1, action=['ThreePair', 'T', [['H', 'T'], ['D', 'T'], ['S', 'J'], ['C', 'J'], ['H', 'Q'], ['H', 'Q']]]
[22:44:20] [yf1_v5] [INFO] 1号位打出['ThreePair', 'T', ['HT', 'DT', 'SJ', 'CJ', 'HQ', 'HQ']]， 最大动作为1号位打出的['ThreePair', 'T', ['HT', 'DT', 'SJ', 'CJ', 'HQ', 'HQ']]
[22:44:20] [yf1_v5] [INFO] 2号位打出['PASS', 'PASS', 'PASS']， 最大动作为1号位打出的['ThreePair', 'T', ['HT', 'DT', 'SJ', 'CJ', 'HQ', 'HQ']]
[22:44:20] [yf1_v5] [INFO] 3号位打出['PASS', 'PASS', 'PASS']， 最大动作为1号位打出的['ThreePair', 'T', ['HT', 'DT', 'SJ', 'CJ', 'HQ', 'HQ']]
[22:44:20] [yf1_v5] [INFO] 0号位打出['Bomb', '7', ['S7', 'H7', 'C7', 'C7', 'D7']]， 最大动作为0号位打出的['Bomb', '7', ['S7', 'H7', 'C7', 'C7', 'D7']]
[22:44:20] [YFAdapter-P0] [INFO] [YF-P0] Decision context: myPos=0, curPos=0, greaterPos=0, teammate=2, curAction=[, actionList_size=1
[22:44:20] [YFAdapter-P0] [INFO] [YF-P0] Decided: action_index=0, action=['PASS', 'PASS', 'PASS']
[22:44:20] [yf1_v5] [INFO] 1号位打出['PASS', 'PASS', 'PASS']， 最大动作为0号位打出的['Bomb', '7', ['S7', 'H7', 'C7', 'C7', 'D7']]
[22:44:20] [yf1_v5] [INFO] 2号位打出['PASS', 'PASS', 'PASS']， 最大动作为0号位打出的['Bomb', '7', ['S7', 'H7', 'C7', 'C7', 'D7']]
[22:44:20] [yf1_v5] [INFO] 3号位打出['PASS', 'PASS', 'PASS']， 最大动作为0号位打出的['Bomb', '7', ['S7', 'H7', 'C7', 'C7', 'D7']]
[22:44:20] [yf1_v5] [INFO] 0号位打出['Single', '4', ['D4']]， 最大动作为0号位打出的['Single', '4', ['D4']]
[22:44:20] [YFAdapter-P0] [INFO] [YF-P0] Decision context: myPos=0, curPos=0, greaterPos=0, teammate=2, curAction=[, actionList_size=10
[22:44:20] [YFAdapter-P0] [INFO] [YF-P0] Decided: action_index=4, action=['Single', '9', [['S', '9']]]
[22:44:20] [yf1_v5] [INFO] 1号位打出['Single', '9', ['S9']]， 最大动作为1号位打出的['Single', '9', ['S9']]
[22:44:20] [yf1_v5] [INFO] 2号位打出['Single', 'K', ['CK']]， 最大动作为2号位打出的['Single', 'K', ['CK']]
[22:44:20] [yf1_v5] [INFO] 3号位打出['PASS', 'PASS', 'PASS']， 最大动作为2号位打出的['Single', 'K', ['CK']]
[22:44:20] [yf1_v5] [INFO] 0号位打出['PASS', 'PASS', 'PASS']， 最大动作为2号位打出的['Single', 'K', ['CK']]
[22:44:20] [YFAdapter-P0] [INFO] [YF-P0] Decision context: myPos=0, curPos=0, greaterPos=2, teammate=2, curAction=[, actionList_size=1
[22:44:20] [YFAdapter-P0] [INFO] [YF-P0] Decided: action_index=0, action=['PASS', 'PASS', 'PASS']
[22:44:20] [yf1_v5] [INFO] 1号位打出['PASS', 'PASS', 'PASS']， 最大动作为2号位打出的['Single', 'K', ['CK']]
[22:44:20] [yf1_v5] [INFO] 2号位打出['Straight', '4', ['S4', 'H5', 'S6', 'H7', 'S8']]， 最大动作为2号位打出的['Straight', '4', ['S4', 'H5', 'S6', 'H7', 'S8']]
[22:44:20] [yf1_v5] [INFO] 3号位打出['Straight', '8', ['H8', 'C9', 'ST', 'SJ', 'DQ']]， 最大动作为3号位打出的['Straight', '8', ['H8', 'C9', 'ST', 'SJ', 'DQ']]
[22:44:20] [yf1_v5] [INFO] 0号位打出['PASS', 'PASS', 'PASS']， 最大动作为3号位打出的['Straight', '8', ['H8', 'C9', 'ST', 'SJ', 'DQ']]
[22:44:20] [YFAdapter-P0] [INFO] [YF-P0] Decision context: myPos=0, curPos=0, greaterPos=3, teammate=2, curAction=[, actionList_size=1
[22:44:20] [YFAdapter-P0] [INFO] [YF-P0] Decided: action_index=0, action=['PASS', 'PASS', 'PASS']
[22:44:20] [yf1_v5] [INFO] 1号位打出['PASS', 'PASS', 'PASS']， 最大动作为3号位打出的['Straight', '8', ['H8', 'C9', 'ST', 'SJ', 'DQ']]
[22:44:20] [yf1_v5] [INFO] 2号位打出['PASS', 'PASS', 'PASS']， 最大动作为3号位打出的['Straight', '8', ['H8', 'C9', 'ST', 'SJ', 'DQ']]
[22:44:20] [yf1_v5] [INFO] 3号位打出['ThreeWithTwo', '4', ['H4', 'H4', 'C4', 'S3', 'C3']]， 最大动作为3号位打出的['ThreeWithTwo', '4', ['H4', 'H4', 'C4', 'S3', 'C3']]
[22:44:20] [yf1_v5] [INFO] 0号位打出['ThreeWithTwo', '8', ['S8', 'H8', 'D8', 'S5', 'D5']]， 最大动作为0号位打出的['ThreeWithTwo', '8', ['S8', 'H8', 'D8', 'S5', 'D5']]
[22:44:20] [YFAdapter-P0] [INFO] [YF-P0] Decision context: myPos=0, curPos=0, greaterPos=0, teammate=2, curAction=[, actionList_size=6
[22:44:20] [YFAdapter-P0] [INFO] [YF-P0] Decided: action_index=4, action=['ThreeWithTwo', 'K', [['S', 'K'], ['D', 'K'], ['D', 'K'], ['S', '6'], ['H', '6']]]
[22:44:20] [yf1_v5] [INFO] 1号位打出['ThreeWithTwo', 'K', ['SK', 'DK', 'DK', 'S6', 'H6']]， 最大动作为1号位打出的['ThreeWithTwo', 'K', ['SK', 'DK', 'DK', 'S6', 'H6']]
[22:44:20] [yf1_v5] [INFO] 2号位打出['PASS', 'PASS', 'PASS']， 最大动作为1号位打出的['ThreeWithTwo', 'K', ['SK', 'DK', 'DK', 'S6', 'H6']]
[22:44:20] [yf1_v5] [INFO] 3号位打出['PASS', 'PASS', 'PASS']， 最大动作为1号位打出的['ThreeWithTwo', 'K', ['SK', 'DK', 'DK', 'S6', 'H6']]
[22:44:20] [yf1_v5] [INFO] 0号位打出['PASS', 'PASS', 'PASS']， 最大动作为1号位打出的['ThreeWithTwo', 'K', ['SK', 'DK', 'DK', 'S6', 'H6']]
[22:44:20] [YFAdapter-P0] [INFO] [YF-P0] Decision context: myPos=0, curPos=-1, greaterPos=-1, teammate=2, curAction=[, actionList_size=15
[22:44:20] [YFAdapter-P0] [INFO] [YF-P0] Decided: action_index=0, action=['Single', '3', [['S', '3']]]
[22:44:20] [yf1_v5] [INFO] 1号位打出['Single', '3', ['S3']]， 最大动作为1号位打出的['Single', '3', ['S3']]
[22:44:20] [yf1_v5] [INFO] 2号位打出['Single', 'R', ['HR']]， 最大动作为2号位打出的['Single', 'R', ['HR']]
[22:44:20] [yf1_v5] [INFO] 3号位打出['PASS', 'PASS', 'PASS']， 最大动作为2号位打出的['Single', 'R', ['HR']]
[22:44:20] [yf1_v5] [INFO] 0号位打出['PASS', 'PASS', 'PASS']， 最大动作为2号位打出的['Single', 'R', ['HR']]
[22:44:20] [YFAdapter-P0] [INFO] [YF-P0] Decision context: myPos=0, curPos=0, greaterPos=2, teammate=2, curAction=[, actionList_size=1
[22:44:20] [YFAdapter-P0] [INFO] [YF-P0] Decided: action_index=0, action=['PASS', 'PASS', 'PASS']
[22:44:20] [yf1_v5] [INFO] 1号位打出['PASS', 'PASS', 'PASS']， 最大动作为2号位打出的['Single', 'R', ['HR']]
[22:44:20] [yf1_v5] [INFO] 2号位打出['ThreeWithTwo', 'Q', ['SQ', 'SQ', 'CQ', 'C2', 'D2']]， 最大动作为2号位打出的['ThreeWithTwo', 'Q', ['SQ', 'SQ', 'CQ', 'C2', 'D2']]
[22:44:20] [yf1_v5] [INFO] 3号位打出['PASS', 'PASS', 'PASS']， 最大动作为2号位打出的['ThreeWithTwo', 'Q', ['SQ', 'SQ', 'CQ', 'C2', 'D2']]
[22:44:20] [yf1_v5] [INFO] 0号位打出['PASS', 'PASS', 'PASS']， 最大动作为2号位打出的['ThreeWithTwo', 'Q', ['SQ', 'SQ', 'CQ', 'C2', 'D2']]
[22:44:20] [YFAdapter-P0] [INFO] [YF-P0] Decision context: myPos=0, curPos=0, greaterPos=2, teammate=2, curAction=[, actionList_size=1
[22:44:20] [YFAdapter-P0] [INFO] [YF-P0] Decided: action_index=0, action=['PASS', 'PASS', 'PASS']
[22:44:20] [yf1_v5] [INFO] 1号位打出['PASS', 'PASS', 'PASS']， 最大动作为2号位打出的['ThreeWithTwo', 'Q', ['SQ', 'SQ', 'CQ', 'C2', 'D2']]
[22:44:20] [yf1_v5] [INFO] 2号位打出['Pair', '3', ['D3', 'D3']]， 最大动作为2号位打出的['Pair', '3', ['D3', 'D3']]
[22:44:20] [yf1_v5] [INFO] 3号位打出['PASS', 'PASS', 'PASS']， 最大动作为2号位打出的['Pair', '3', ['D3', 'D3']]
[22:44:20] [yf1_v5] [INFO] 0号位打出['Pair', 'Q', ['CQ', 'DQ']]， 最大动作为0号位打出的['Pair', 'Q', ['CQ', 'DQ']]
[22:44:20] [YFAdapter-P0] [INFO] [YF-P0] Decision context: myPos=0, curPos=0, greaterPos=0, teammate=2, curAction=[, actionList_size=2
[22:44:20] [YFAdapter-P0] [INFO] [YF-P0] Decided: action_index=0, action=['PASS', 'PASS', 'PASS']
[22:44:20] [yf1_v5] [INFO] 1号位打出['Pair', 'A', ['HA', 'DA']]， 最大动作为1号位打出的['Pair', 'A', ['HA', 'DA']]
[22:44:20] [yf1_v5] [INFO] 2号位打出['PASS', 'PASS', 'PASS']， 最大动作为1号位打出的['Pair', 'A', ['HA', 'DA']]
[22:44:20] [yf1_v5] [INFO] 3号位打出['PASS', 'PASS', 'PASS']， 最大动作为1号位打出的['Pair', 'A', ['HA', 'DA']]
[22:44:20] [yf1_v5] [INFO] 0号位打出['PASS', 'PASS', 'PASS']， 最大动作为1号位打出的['Pair', 'A', ['HA', 'DA']]
[22:44:20] [YFAdapter-P0] [INFO] [YF-P0] Decision context: myPos=0, curPos=-1, greaterPos=-1, teammate=2, curAction=[, actionList_size=10
[22:44:20] [YFAdapter-P0] [INFO] [YF-P0] Decided: action_index=3, action=['Single', '7', [['D', '7']]]
[22:44:20] [yf1_v5] [INFO] 1号位打出['Single', '7', ['D7']]， 最大动作为1号位打出的['Single', '7', ['D7']]
[22:44:20] [yf1_v5] [INFO] 2号位打出['PASS', 'PASS', 'PASS']， 最大动作为1号位打出的['Single', '7', ['D7']]
[22:44:20] [yf1_v5] [INFO] 3号位打出['Single', '9', ['H9']]， 最大动作为3号位打出的['Single', '9', ['H9']]
[22:44:20] [yf1_v5] [INFO] 0号位打出['PASS', 'PASS', 'PASS']， 最大动作为3号位打出的['Single', '9', ['H9']]
[22:44:20] [YFAdapter-P0] [INFO] [YF-P0] Decision context: myPos=0, curPos=0, greaterPos=3, teammate=2, curAction=[, actionList_size=2
[22:44:20] [YFAdapter-P0] [INFO] [YF-P0] Decided: action_index=0, action=['PASS', 'PASS', 'PASS']
[22:44:20] [YFAdapter-P0] [WARNING] [YF-P0] 检测到过于保守: 对手快走完(剩5张), 触发Layer 2/3进行更积极的决策
[22:44:20] [yf1_v5] [INFO] 1号位打出['Single', 'T', ['CT']]， 最大动作为1号位打出的['Single', 'T', ['CT']]
[22:44:20] [yf1_v5] [INFO] 2号位打出['PASS', 'PASS', 'PASS']， 最大动作为1号位打出的['Single', 'T', ['CT']]
[22:44:20] [yf1_v5] [INFO] 3号位打出['PASS', 'PASS', 'PASS']， 最大动作为1号位打出的['Single', 'T', ['CT']]
[22:44:20] [yf1_v5] [INFO] 0号位打出['Single', 'A', ['SA']]， 最大动作为0号位打出的['Single', 'A', ['SA']]
[22:44:20] [YFAdapter-P0] [INFO] [YF-P0] Decision context: myPos=0, curPos=0, greaterPos=0, teammate=2, curAction=[, actionList_size=1
[22:44:20] [YFAdapter-P0] [INFO] [YF-P0] Decided: action_index=0, action=['PASS', 'PASS', 'PASS']
[22:44:20] [yf1_v5] [INFO] 1号位打出['PASS', 'PASS', 'PASS']， 最大动作为0号位打出的['Single', 'A', ['SA']]
[22:44:20] [yf1_v5] [INFO] 2号位打出['PASS', 'PASS', 'PASS']， 最大动作为0号位打出的['Single', 'A', ['SA']]
[22:44:20] [yf1_v5] [INFO] 3号位打出['PASS', 'PASS', 'PASS']， 最大动作为0号位打出的['Single', 'A', ['SA']]
[22:44:20] [yf1_v5] [INFO] 0号位打出['Trips', '3', ['H3', 'H3', 'C3']]， 最大动作为0号位打出的['Trips', '3', ['H3', 'H3', 'C3']]
[22:44:20] [YFAdapter-P0] [INFO] [YF-P0] Decision context: myPos=0, curPos=0, greaterPos=0, teammate=2, curAction=[, actionList_size=2
[22:44:20] [YFAdapter-P0] [INFO] [YF-P0] Decided: action_index=1, action=['Trips', '4', [['S', '4'], ['C', '4'], ['D', '4']]]
[22:44:20] [yf1_v5] [INFO] 1号位打出['Trips', '4', ['S4', 'C4', 'D4']]， 最大动作为1号位打出的['Trips', '4', ['S4', 'C4', 'D4']]
[22:44:20] [yf1_v5] [INFO] 2号位打出['Trips', 'A', ['SA', 'HA', 'CA']]， 最大动作为2号位打出的['Trips', 'A', ['SA', 'HA', 'CA']]
[22:44:20] [yf1_v5] [INFO] 3号位打出['PASS', 'PASS', 'PASS']， 最大动作为2号位打出的['Trips', 'A', ['SA', 'HA', 'CA']]
[22:44:20] [yf1_v5] [INFO] 0号位打出['PASS', 'PASS', 'PASS']， 最大动作为2号位打出的['Trips', 'A', ['SA', 'HA', 'CA']]
[22:44:20] [YFAdapter-P0] [INFO] [YF-P0] Decision context: myPos=0, curPos=0, greaterPos=2, teammate=2, curAction=[, actionList_size=1
[22:44:20] [YFAdapter-P0] [INFO] [YF-P0] Decided: action_index=0, action=['PASS', 'PASS', 'PASS']
[22:44:20] [yf1_v5] [INFO] 1号位打出['PASS', 'PASS', 'PASS']， 最大动作为2号位打出的['Trips', 'A', ['SA', 'HA', 'CA']]
[22:44:20] [yf1_v5] [INFO] 2号位打出['Pair', '6', ['H6', 'C6']]， 最大动作为2号位打出的['Pair', '6', ['H6', 'C6']]
[22:44:20] [yf1_v5] [INFO] 3号位打出['Pair', 'J', ['CJ', 'DJ']]， 最大动作为3号位打出的['Pair', 'J', ['CJ', 'DJ']]
[22:44:20] [yf1_v5] [INFO] 0号位打出['PASS', 'PASS', 'PASS']， 最大动作为3号位打出的['Pair', 'J', ['CJ', 'DJ']]
[22:44:20] [YFAdapter-P0] [INFO] [YF-P0] Decision context: myPos=0, curPos=0, greaterPos=3, teammate=2, curAction=[, actionList_size=1
[22:44:20] [YFAdapter-P0] [INFO] [YF-P0] Decided: action_index=0, action=['PASS', 'PASS', 'PASS']
[22:44:20] [yf1_v5] [INFO] 1号位打出['PASS', 'PASS', 'PASS']， 最大动作为3号位打出的['Pair', 'J', ['CJ', 'DJ']]
[22:44:20] [yf1_v5] [INFO] 3号位打出['ThreeWithTwo', '6', ['C6', 'D6', 'D6', 'S5', 'C5']]， 最大动作为3号位打出的['ThreeWithTwo', '6', ['C6', 'D6', 'D6', 'S5', 'C5']]
[22:44:20] [yf1_v5] [INFO] 0号位打出['PASS', 'PASS', 'PASS']， 最大动作为3号位打出的['ThreeWithTwo', '6', ['C6', 'D6', 'D6', 'S5', 'C5']]
[22:44:20] [YFAdapter-P0] [INFO] [YF-P0] Decision context: myPos=0, curPos=0, greaterPos=3, teammate=2, curAction=[, actionList_size=1
[22:44:20] [YFAdapter-P0] [INFO] [YF-P0] Decided: action_index=0, action=['PASS', 'PASS', 'PASS']
[22:44:20] [yf1_v5] [INFO] 1号位打出['PASS', 'PASS', 'PASS']， 最大动作为3号位打出的['ThreeWithTwo', '6', ['C6', 'D6', 'D6', 'S5', 'C5']]
[22:44:20] [yf1_v5] [INFO] 3号位打出['Single', 'A', ['CA']]， 最大动作为3号位打出的['Single', 'A', ['CA']]
[22:44:20] [yf1_v5] [INFO] 0号位打出['PASS', 'PASS', 'PASS']， 最大动作为3号位打出的['Single', 'A', ['CA']]
[22:44:20] [YFAdapter-P0] [INFO] [YF-P0] Decision context: myPos=0, curPos=0, greaterPos=3, teammate=2, curAction=[, actionList_size=1
[22:44:20] [YFAdapter-P0] [INFO] [YF-P0] Decided: action_index=0, action=['PASS', 'PASS', 'PASS']
[22:44:20] [yf1_v5] [INFO] 1号位打出['PASS', 'PASS', 'PASS']， 最大动作为3号位打出的['Single', 'A', ['CA']]
[22:44:20] [yf1_v5] [INFO] 3号位打出['Single', 'K', ['CK']]， 最大动作为3号位打出的['Single', 'K', ['CK']]
[22:44:20] [yf1_v5] [INFO] 0号位打出['PASS', 'PASS', 'PASS']， 最大动作为3号位打出的['Single', 'K', ['CK']]
[22:44:20] [YFAdapter-P0] [INFO] [YF-P0] Decision context: myPos=0, curPos=0, greaterPos=3, teammate=2, curAction=[, actionList_size=1
[22:44:20] [YFAdapter-P0] [INFO] [YF-P0] Decided: action_index=0, action=['PASS', 'PASS', 'PASS']
[22:44:20] [yf1_v5] [INFO] 1号位打出['PASS', 'PASS', 'PASS']， 最大动作为3号位打出的['Single', 'K', ['CK']]
[22:44:20] [YFAdapter-P0] [INFO] [YF-P0] Decision context: myPos=0, curPos=-1, greaterPos=-1, teammate=2, curAction=[, actionList_size=1
[22:44:20] [YFAdapter-P0] [INFO] [YF-P0] Decided: action_index=0, action=['Single', '9', [['S', '9']]]
[22:44:20] [yf1_v5] [INFO] 1号位打出['Single', '9', ['S9']]， 最大动作为1号位打出的['Single', '9', ['S9']]
[22:44:20] [yf1_v5] [INFO] 游戏开始, 我是1号位，手牌：['H2', 'D3', 'S4', 'C4', 'D4', 'C5', 'C5', 'D5', 'H6', 'C6', 'S8', 'S8', 'C9', 'ST', 'CT', 'DT', 'HJ', 'CJ', 'SQ', 'CQ', 'CQ', 'DQ', 'SK', 'HK', 'SA', 'CA', 'HR']
[22:44:20] [yf1_v5] [INFO] 0号位打出['Single', '6', ['D6']]， 最大动作为0号位打出的['Single', '6', ['D6']]
[22:44:20] [YFAdapter-P0] [INFO] [YF-P0] Decision context: myPos=0, curPos=0, greaterPos=0, teammate=2, curAction=[, actionList_size=17
[22:44:20] [YFAdapter-P0] [INFO] [YF-P0] Decided: action_index=10, action=['Single', 'Q', [['D', 'Q']]]
[22:44:20] [yf1_v5] [INFO] 1号位打出['Single', 'Q', ['DQ']]， 最大动作为1号位打出的['Single', 'Q', ['DQ']]
[22:44:20] [yf1_v5] [INFO] 2号位打出['Single', 'A', ['SA']]， 最大动作为2号位打出的['Single', 'A', ['SA']]
[22:44:20] [yf1_v5] [INFO] 3号位打出['StraightFlush', '7', ['H7', 'H8', 'H9', 'HA', 'HJ']]， 最大动作为3号位打出的['StraightFlush', '7', ['H7', 'H8', 'H9', 'HA', 'HJ']]
[22:44:20] [yf1_v5] [INFO] 0号位打出['PASS', 'PASS', 'PASS']， 最大动作为3号位打出的['StraightFlush', '7', ['H7', 'H8', 'H9', 'HA', 'HJ']]
[22:44:20] [YFAdapter-P0] [INFO] [YF-P0] Decision context: myPos=0, curPos=0, greaterPos=3, teammate=2, curAction=[, actionList_size=1
[22:44:20] [YFAdapter-P0] [INFO] [YF-P0] Decided: action_index=0, action=['PASS', 'PASS', 'PASS']
[22:44:20] [yf1_v5] [INFO] 1号位打出['PASS', 'PASS', 'PASS']， 最大动作为3号位打出的['StraightFlush', '7', ['H7', 'H8', 'H9', 'HA', 'HJ']]
[22:44:20] [yf1_v5] [INFO] 2号位打出['PASS', 'PASS', 'PASS']， 最大动作为3号位打出的['StraightFlush', '7', ['H7', 'H8', 'H9', 'HA', 'HJ']]
[22:44:20] [yf1_v5] [INFO] 3号位打出['Single', '2', ['C2']]， 最大动作为3号位打出的['Single', '2', ['C2']]
[22:44:20] [yf1_v5] [INFO] 0号位打出['Single', '8', ['C8']]， 最大动作为0号位打出的['Single', '8', ['C8']]
[22:44:20] [YFAdapter-P0] [INFO] [YF-P0] Decision context: myPos=0, curPos=0, greaterPos=0, teammate=2, curAction=[, actionList_size=14
[22:44:20] [YFAdapter-P0] [INFO] [YF-P0] Decided: action_index=9, action=['Single', 'K', [['S', 'K']]]
[22:44:20] [yf1_v5] [INFO] 1号位打出['Single', 'K', ['SK']]， 最大动作为1号位打出的['Single', 'K', ['SK']]
[22:44:20] [yf1_v5] [INFO] 2号位打出['Single', 'A', ['DA']]， 最大动作为2号位打出的['Single', 'A', ['DA']]
[22:44:20] [yf1_v5] [INFO] 3号位打出['Single', 'B', ['SB']]， 最大动作为3号位打出的['Single', 'B', ['SB']]
[22:44:20] [yf1_v5] [INFO] 0号位打出['PASS', 'PASS', 'PASS']， 最大动作为3号位打出的['Single', 'B', ['SB']]
[22:44:20] [YFAdapter-P0] [INFO] [YF-P0] Decision context: myPos=0, curPos=0, greaterPos=3, teammate=2, curAction=[, actionList_size=2
[22:44:20] [YFAdapter-P0] [INFO] [YF-P0] Decided: action_index=0, action=['PASS', 'PASS', 'PASS']
[22:44:20] [yf1_v5] [INFO] 1号位打出['Single', 'R', ['HR']]， 最大动作为1号位打出的['Single', 'R', ['HR']]
[22:44:20] [yf1_v5] [INFO] 2号位打出['PASS', 'PASS', 'PASS']， 最大动作为1号位打出的['Single', 'R', ['HR']]
[22:44:20] [yf1_v5] [INFO] 3号位打出['PASS', 'PASS', 'PASS']， 最大动作为1号位打出的['Single', 'R', ['HR']]
[22:44:20] [yf1_v5] [INFO] 0号位打出['PASS', 'PASS', 'PASS']， 最大动作为1号位打出的['Single', 'R', ['HR']]
[22:44:20] [YFAdapter-P0] [INFO] [YF-P0] Decision context: myPos=0, curPos=-1, greaterPos=-1, teammate=2, curAction=[, actionList_size=169
[22:44:20] [YFAdapter-P0] [INFO] [YF-P0] Decided: action_index=0, action=['Single', '2', [['H', '2']]]
[22:44:20] [yf1_v5] [INFO] 1号位打出['Single', '2', ['H2']]， 最大动作为1号位打出的['Single', '2', ['H2']]
[22:44:20] [yf1_v5] [INFO] 2号位打出['Single', '5', ['S5']]， 最大动作为2号位打出的['Single', '5', ['S5']]
[22:44:20] [yf1_v5] [INFO] 3号位打出['Single', '8', ['C8']]， 最大动作为3号位打出的['Single', '8', ['C8']]
[22:44:20] [yf1_v5] [INFO] 0号位打出['Single', '9', ['C9']]， 最大动作为0号位打出的['Single', '9', ['C9']]
[22:44:20] [YFAdapter-P0] [INFO] [YF-P0] Decision context: myPos=0, curPos=0, greaterPos=0, teammate=2, curAction=[, actionList_size=11
[22:44:20] [YFAdapter-P0] [INFO] [YF-P0] Decided: action_index=7, action=['Single', 'Q', [['C', 'Q']]]
[22:44:20] [yf1_v5] [INFO] 1号位打出['Single', 'Q', ['CQ']]， 最大动作为1号位打出的['Single', 'Q', ['CQ']]
[22:44:20] [yf1_v5] [INFO] 2号位打出['Single', 'A', ['DA']]， 最大动作为2号位打出的['Single', 'A', ['DA']]
[22:44:20] [yf1_v5] [INFO] 3号位打出['PASS', 'PASS', 'PASS']， 最大动作为2号位打出的['Single', 'A', ['DA']]
[22:44:20] [yf1_v5] [INFO] 0号位打出['PASS', 'PASS', 'PASS']， 最大动作为2号位打出的['Single', 'A', ['DA']]
[22:44:20] [YFAdapter-P0] [INFO] [YF-P0] Decision context: myPos=0, curPos=0, greaterPos=2, teammate=2, curAction=[, actionList_size=1
[22:44:20] [YFAdapter-P0] [INFO] [YF-P0] Decided: action_index=0, action=['PASS', 'PASS', 'PASS']
[22:44:20] [yf1_v5] [INFO] 1号位打出['PASS', 'PASS', 'PASS']， 最大动作为2号位打出的['Single', 'A', ['DA']]
[22:44:20] [yf1_v5] [INFO] 2号位打出['ThreePair', '6', ['H6', 'C6', 'S7', 'D7', 'H8', 'D8']]， 最大动作为2号位打出的['ThreePair', '6', ['H6', 'C6', 'S7', 'D7', 'H8', 'D8']]
[22:44:20] [yf1_v5] [INFO] 3号位打出['StraightFlush', '6', ['D6', 'D7', 'D8', 'D9', 'DT']]， 最大动作为3号位打出的['StraightFlush', '6', ['D6', 'D7', 'D8', 'D9', 'DT']]
[22:44:20] [yf1_v5] [INFO] 0号位打出['PASS', 'PASS', 'PASS']， 最大动作为3号位打出的['StraightFlush', '6', ['D6', 'D7', 'D8', 'D9', 'DT']]
[22:44:20] [YFAdapter-P0] [INFO] [YF-P0] Decision context: myPos=0, curPos=0, greaterPos=3, teammate=2, curAction=[, actionList_size=1
[22:44:20] [YFAdapter-P0] [INFO] [YF-P0] Decided: action_index=0, action=['PASS', 'PASS', 'PASS']
[22:44:20] [yf1_v5] [INFO] 1号位打出['PASS', 'PASS', 'PASS']， 最大动作为3号位打出的['StraightFlush', '6', ['D6', 'D7', 'D8', 'D9', 'DT']]
[22:44:20] [yf1_v5] [INFO] 2号位打出['PASS', 'PASS', 'PASS']， 最大动作为3号位打出的['StraightFlush', '6', ['D6', 'D7', 'D8', 'D9', 'DT']]
[22:44:20] [yf1_v5] [INFO] 3号位打出['ThreeWithTwo', '4', ['S4', 'H4', 'D4', 'S5', 'H5']]， 最大动作为3号位打出的['ThreeWithTwo', '4', ['S4', 'H4', 'D4', 'S5', 'H5']]
[22:44:20] [yf1_v5] [INFO] 0号位打出['PASS', 'PASS', 'PASS']， 最大动作为3号位打出的['ThreeWithTwo', '4', ['S4', 'H4', 'D4', 'S5', 'H5']]
[22:44:20] [YFAdapter-P0] [INFO] [YF-P0] Decision context: myPos=0, curPos=0, greaterPos=3, teammate=2, curAction=[, actionList_size=22
[22:44:20] [YFAdapter-P0] [INFO] [YF-P0] Decided: action_index=0, action=['PASS', 'PASS', 'PASS']
[22:44:20] [yf1_v5] [INFO] 1号位打出['ThreeWithTwo', 'T', ['ST', 'CT', 'DT', 'S4', 'D4']]， 最大动作为1号位打出的['ThreeWithTwo', 'T', ['ST', 'CT', 'DT', 'S4', 'D4']]
[22:44:20] [yf1_v5] [INFO] 2号位打出['ThreeWithTwo', 'K', ['SK', 'CK', 'DK', 'S3', 'C3']]， 最大动作为2号位打出的['ThreeWithTwo', 'K', ['SK', 'CK', 'DK', 'S3', 'C3']]
[22:44:20] [yf1_v5] [INFO] 3号位打出['PASS', 'PASS', 'PASS']， 最大动作为2号位打出的['ThreeWithTwo', 'K', ['SK', 'CK', 'DK', 'S3', 'C3']]
[22:44:20] [yf1_v5] [INFO] 0号位打出['PASS', 'PASS', 'PASS']， 最大动作为2号位打出的['ThreeWithTwo', 'K', ['SK', 'CK', 'DK', 'S3', 'C3']]
[22:44:20] [YFAdapter-P0] [INFO] [YF-P0] Decision context: myPos=0, curPos=0, greaterPos=2, teammate=2, curAction=[, actionList_size=1
[22:44:20] [YFAdapter-P0] [INFO] [YF-P0] Decided: action_index=0, action=['PASS', 'PASS', 'PASS']
[22:44:20] [yf1_v5] [INFO] 1号位打出['PASS', 'PASS', 'PASS']， 最大动作为2号位打出的['ThreeWithTwo', 'K', ['SK', 'CK', 'DK', 'S3', 'C3']]
[22:44:20] [yf1_v5] [INFO] 2号位打出['ThreeWithTwo', '9', ['S9', 'H9', 'D9', 'SJ', 'DJ']]， 最大动作为2号位打出的['ThreeWithTwo', '9', ['S9', 'H9', 'D9', 'SJ', 'DJ']]
[22:44:20] [yf1_v5] [INFO] 3号位打出['PASS', 'PASS', 'PASS']， 最大动作为2号位打出的['ThreeWithTwo', '9', ['S9', 'H9', 'D9', 'SJ', 'DJ']]
[22:44:21] [yf1_v5] [INFO] 0号位打出['PASS', 'PASS', 'PASS']， 最大动作为2号位打出的['ThreeWithTwo', '9', ['S9', 'H9', 'D9', 'SJ', 'DJ']]
[22:44:21] [YFAdapter-P0] [INFO] [YF-P0] Decision context: myPos=0, curPos=0, greaterPos=2, teammate=2, curAction=[, actionList_size=1
[22:44:21] [YFAdapter-P0] [INFO] [YF-P0] Decided: action_index=0, action=['PASS', 'PASS', 'PASS']
[22:44:21] [yf1_v5] [INFO] 1号位打出['PASS', 'PASS', 'PASS']， 最大动作为2号位打出的['ThreeWithTwo', '9', ['S9', 'H9', 'D9', 'SJ', 'DJ']]
[22:44:21] [yf1_v5] [INFO] 2号位打出['Pair', 'Q', ['SQ', 'HQ']]， 最大动作为2号位打出的['Pair', 'Q', ['SQ', 'HQ']]
[22:44:21] [yf1_v5] [INFO] 3号位打出['PASS', 'PASS', 'PASS']， 最大动作为2号位打出的['Pair', 'Q', ['SQ', 'HQ']]
[22:44:21] [yf1_v5] [INFO] 0号位打出['Pair', 'K', ['CK', 'HA']]， 最大动作为0号位打出的['Pair', 'K', ['CK', 'HA']]
[22:44:21] [YFAdapter-P0] [INFO] [YF-P0] Decision context: myPos=0, curPos=0, greaterPos=0, teammate=2, curAction=[, actionList_size=2
[22:44:21] [YFAdapter-P0] [INFO] [YF-P0] Decided: action_index=0, action=['PASS', 'PASS', 'PASS']
[22:44:21] [yf1_v5] [INFO] 1号位打出['Pair', 'A', ['SA', 'CA']]， 最大动作为1号位打出的['Pair', 'A', ['SA', 'CA']]
[22:44:21] [yf1_v5] [INFO] 2号位打出['Bomb', '2', ['S2', 'S2', 'C2', 'D2']]， 最大动作为2号位打出的['Bomb', '2', ['S2', 'S2', 'C2', 'D2']]
[22:44:21] [yf1_v5] [INFO] 3号位打出['PASS', 'PASS', 'PASS']， 最大动作为2号位打出的['Bomb', '2', ['S2', 'S2', 'C2', 'D2']]
[22:44:21] [yf1_v5] [INFO] 0号位打出['PASS', 'PASS', 'PASS']， 最大动作为2号位打出的['Bomb', '2', ['S2', 'S2', 'C2', 'D2']]
[22:44:21] [YFAdapter-P0] [INFO] [YF-P0] Decision context: myPos=0, curPos=0, greaterPos=2, teammate=2, curAction=[, actionList_size=1
[22:44:21] [YFAdapter-P0] [INFO] [YF-P0] Decided: action_index=0, action=['PASS', 'PASS', 'PASS']
[22:44:21] [yf1_v5] [INFO] 1号位打出['PASS', 'PASS', 'PASS']， 最大动作为2号位打出的['Bomb', '2', ['S2', 'S2', 'C2', 'D2']]
[22:44:21] [yf1_v5] [INFO] 2号位打出['Single', 'R', ['HR']]， 最大动作为2号位打出的['Single', 'R', ['HR']]
[22:44:21] [yf1_v5] [INFO] 3号位打出['PASS', 'PASS', 'PASS']， 最大动作为2号位打出的['Single', 'R', ['HR']]
[22:44:21] [yf1_v5] [INFO] 0号位打出['PASS', 'PASS', 'PASS']， 最大动作为2号位打出的['Single', 'R', ['HR']]
[22:44:21] [yf1_v5] [INFO] 0号位打出['ThreePair', 'T', ['ST', 'CT', 'SJ', 'DJ', 'HQ', 'DQ']]， 最大动作为0号位打出的['ThreePair', 'T', ['ST', 'CT', 'SJ', 'DJ', 'HQ', 'DQ']]
[22:44:21] [YFAdapter-P0] [INFO] [YF-P0] Decision context: myPos=0, curPos=0, greaterPos=0, teammate=2, curAction=[, actionList_size=1
[22:44:21] [YFAdapter-P0] [INFO] [YF-P0] Decided: action_index=0, action=['PASS', 'PASS', 'PASS']
[22:44:21] [yf1_v5] [INFO] 1号位打出['PASS', 'PASS', 'PASS']， 最大动作为0号位打出的['ThreePair', 'T', ['ST', 'CT', 'SJ', 'DJ', 'HQ', 'DQ']]
[22:44:21] [yf1_v5] [INFO] 3号位打出['PASS', 'PASS', 'PASS']， 最大动作为0号位打出的['ThreePair', 'T', ['ST', 'CT', 'SJ', 'DJ', 'HQ', 'DQ']]
[22:44:21] [yf1_v5] [INFO] 0号位打出['Pair', '2', ['H2', 'D2']]， 最大动作为0号位打出的['Pair', '2', ['H2', 'D2']]
[22:44:21] [YFAdapter-P0] [INFO] [YF-P0] Decision context: myPos=0, curPos=0, greaterPos=0, teammate=2, curAction=[, actionList_size=7
[22:44:21] [YFAdapter-P0] [INFO] [YF-P0] Decided: action_index=5, action=['Pair', 'J', [['H', 'J'], ['C', 'J']]]
[22:44:21] [yf1_v5] [INFO] 1号位打出['Pair', 'J', ['HJ', 'CJ']]， 最大动作为1号位打出的['Pair', 'J', ['HJ', 'CJ']]
[22:44:21] [yf1_v5] [INFO] 3号位打出['PASS', 'PASS', 'PASS']， 最大动作为1号位打出的['Pair', 'J', ['HJ', 'CJ']]
[22:44:21] [yf1_v5] [INFO] 0号位打出['Bomb', '7', ['S7', 'H7', 'C7', 'C7']]， 最大动作为0号位打出的['Bomb', '7', ['S7', 'H7', 'C7', 'C7']]
[22:44:21] [YFAdapter-P0] [INFO] [YF-P0] Decision context: myPos=0, curPos=0, greaterPos=0, teammate=2, curAction=[, actionList_size=1
[22:44:21] [YFAdapter-P0] [INFO] [YF-P0] Decided: action_index=0, action=['PASS', 'PASS', 'PASS']
[22:44:21] [yf1_v5] [INFO] 1号位打出['PASS', 'PASS', 'PASS']， 最大动作为0号位打出的['Bomb', '7', ['S7', 'H7', 'C7', 'C7']]
[22:44:21] [yf1_v5] [INFO] 3号位打出['PASS', 'PASS', 'PASS']， 最大动作为0号位打出的['Bomb', '7', ['S7', 'H7', 'C7', 'C7']]
[22:44:21] [yf1_v5] [INFO] 0号位打出['Pair', '4', ['H4', 'C4']]， 最大动作为0号位打出的['Pair', '4', ['H4', 'C4']]
[22:44:21] [YFAdapter-P0] [INFO] [YF-P0] Decision context: myPos=0, curPos=0, greaterPos=0, teammate=2, curAction=[, actionList_size=6
[22:44:21] [YFAdapter-P0] [INFO] [YF-P0] Decided: action_index=5, action=['Pair', 'Q', [['S', 'Q'], ['C', 'Q']]]
[22:44:21] [yf1_v5] [INFO] 1号位打出['Pair', 'Q', ['SQ', 'CQ']]， 最大动作为1号位打出的['Pair', 'Q', ['SQ', 'CQ']]
[22:44:21] [yf1_v5] [INFO] 3号位打出['PASS', 'PASS', 'PASS']， 最大动作为1号位打出的['Pair', 'Q', ['SQ', 'CQ']]
[22:44:21] [yf1_v5] [INFO] 0号位打出['Bomb', '3', ['S3', 'H3', 'H3', 'C3', 'D3']]， 最大动作为0号位打出的['Bomb', '3', ['S3', 'H3', 'H3', 'C3', 'D3']]
[22:44:21] [YFAdapter-P0] [INFO] [YF-P0] Decision context: myPos=0, curPos=0, greaterPos=0, teammate=2, curAction=[, actionList_size=1
[22:44:21] [YFAdapter-P0] [INFO] [YF-P0] Decided: action_index=0, action=['PASS', 'PASS', 'PASS']
[22:44:21] [yf1_v5] [INFO] 1号位打出['PASS', 'PASS', 'PASS']， 最大动作为0号位打出的['Bomb', '3', ['S3', 'H3', 'H3', 'C3', 'D3']]
[22:44:21] [yf1_v5] [INFO] 3号位打出['PASS', 'PASS', 'PASS']， 最大动作为0号位打出的['Bomb', '3', ['S3', 'H3', 'H3', 'C3', 'D3']]
[22:44:21] [yf1_v5] [INFO] 0号位打出['Pair', '5', ['H5', 'D5']]， 最大动作为0号位打出的['Pair', '5', ['H5', 'D5']]
[22:44:21] [YFAdapter-P0] [INFO] [YF-P0] Decision context: myPos=0, curPos=0, greaterPos=0, teammate=2, curAction=[, actionList_size=3
[22:44:21] [YFAdapter-P0] [INFO] [YF-P0] Decided: action_index=1, action=['Pair', '6', [['H', '6'], ['C', '6']]]
[22:44:21] [yf1_v5] [INFO] 1号位打出['Pair', '6', ['H6', 'C6']]， 最大动作为1号位打出的['Pair', '6', ['H6', 'C6']]
[22:44:21] [yf1_v5] [INFO] 3号位打出['Pair', 'T', ['HT', 'HT']]， 最大动作为3号位打出的['Pair', 'T', ['HT', 'HT']]
[22:44:21] [yf1_v5] [INFO] 0号位打出['PASS', 'PASS', 'PASS']， 最大动作为3号位打出的['Pair', 'T', ['HT', 'HT']]
[22:44:21] [YFAdapter-P0] [INFO] [YF-P0] Decision context: myPos=0, curPos=0, greaterPos=3, teammate=2, curAction=[, actionList_size=1
[22:44:21] [YFAdapter-P0] [INFO] [YF-P0] Decided: action_index=0, action=['PASS', 'PASS', 'PASS']
[22:44:21] [yf1_v5] [INFO] 1号位打出['PASS', 'PASS', 'PASS']， 最大动作为3号位打出的['Pair', 'T', ['HT', 'HT']]
[22:44:21] [yf1_v5] [INFO] 3号位打出['Pair', '6', ['S6', 'S6']]， 最大动作为3号位打出的['Pair', '6', ['S6', 'S6']]
[22:44:21] [yf1_v5] [INFO] 0号位打出['PASS', 'PASS', 'PASS']， 最大动作为3号位打出的['Pair', '6', ['S6', 'S6']]
[22:44:21] [YFAdapter-P0] [INFO] [YF-P0] Decision context: myPos=0, curPos=0, greaterPos=3, teammate=2, curAction=[, actionList_size=2
[22:44:21] [YFAdapter-P0] [INFO] [YF-P0] Decided: action_index=0, action=['PASS', 'PASS', 'PASS']
[22:44:21] [YFAdapter-P0] [WARNING] [YF-P0] 检测到过于保守: 对手快走完(剩5张), 触发Layer 2/3进行更积极的决策
[22:44:21] [yf1_v5] [INFO] 1号位打出['Pair', '8', ['S8', 'S8']]， 最大动作为1号位打出的['Pair', '8', ['S8', 'S8']]
[22:44:21] [yf1_v5] [INFO] 3号位打出['PASS', 'PASS', 'PASS']， 最大动作为1号位打出的['Pair', '8', ['S8', 'S8']]
[22:44:21] [yf1_v5] [INFO] 0号位打出['PASS', 'PASS', 'PASS']， 最大动作为1号位打出的['Pair', '8', ['S8', 'S8']]
[22:44:21] [YFAdapter-P0] [INFO] [YF-P0] Decision context: myPos=0, curPos=-1, greaterPos=-1, teammate=2, curAction=[, actionList_size=9
[22:44:21] [YFAdapter-P0] [INFO] [YF-P0] Decided: action_index=0, action=['Single', '3', [['D', '3']]]
[22:44:21] [YFAdapter-P0] [WARNING] [YF-P0] 检测到过于保守: 对手快走完(剩5张), 触发Layer 2/3进行更积极的决策
[22:44:21] [yf1_v5] [INFO] 1号位打出['Pair', '5', ['C5', 'D5']]， 最大动作为1号位打出的['Pair', '5', ['C5', 'D5']]
[22:44:21] [yf1_v5] [INFO] 3号位打出['PASS', 'PASS', 'PASS']， 最大动作为1号位打出的['Pair', '5', ['C5', 'D5']]
[22:44:21] [yf1_v5] [INFO] 0号位打出['PASS', 'PASS', 'PASS']， 最大动作为1号位打出的['Pair', '5', ['C5', 'D5']]
[22:44:21] [YFAdapter-P0] [INFO] [YF-P0] Decision context: myPos=0, curPos=-1, greaterPos=-1, teammate=2, curAction=[, actionList_size=5
[22:44:21] [YFAdapter-P0] [INFO] [YF-P0] Decided: action_index=0, action=['Single', '3', [['D', '3']]]
[22:44:21] [YFAdapter-P0] [WARNING] [YF-P0] 检测到过于保守: 对手快走完(剩5张), 触发Layer 2/3进行更积极的决策
[22:44:21] [yf1_v5] [INFO] 1号位打出['Single', '3', ['D3']]， 最大动作为1号位打出的['Single', '3', ['D3']]
[22:44:21] [yf1_v5] [INFO] 3号位打出['Single', '9', ['S9']]， 最大动作为3号位打出的['Single', '9', ['S9']]
[22:44:21] [yf1_v5] [INFO] 0号位打出['Single', 'K', ['DK']]， 最大动作为0号位打出的['Single', 'K', ['DK']]
[22:44:21] [yf1_v5] [INFO] 游戏开始, 我是1号位，手牌：['S3', 'S3', 'H3', 'S4', 'C4', 'C5', 'D5', 'S6', 'C6', 'D6', 'S7', 'C7', 'S8', 'D8', 'S9', 'H9', 'D9', 'D9', 'HT', 'HJ', 'HJ', 'CJ', 'SK', 'HK', 'SA', 'S2', 'H2']
[22:44:21] [yf1_v5] [INFO] 2号位打出['Single', '4', ['H4']]， 最大动作为2号位打出的['Single', '4', ['H4']]
[22:44:21] [yf1_v5] [INFO] 3号位打出['Bomb', 'A', ['SA', 'HA', 'CA', 'CA']]， 最大动作为3号位打出的['Bomb', 'A', ['SA', 'HA', 'CA', 'CA']]
[22:44:21] [yf1_v5] [INFO] 0号位打出['PASS', 'PASS', 'PASS']， 最大动作为3号位打出的['Bomb', 'A', ['SA', 'HA', 'CA', 'CA']]
[22:44:21] [YFAdapter-P0] [INFO] [YF-P0] Decision context: myPos=0, curPos=0, greaterPos=3, teammate=2, curAction=[, actionList_size=2
[22:44:21] [YFAdapter-P0] [INFO] [YF-P0] Decided: action_index=0, action=['PASS', 'PASS', 'PASS']
[22:44:21] [yf1_v5] [INFO] 1号位打出['Bomb', '9', ['S9', 'H9', 'D9', 'D9', 'H2']]， 最大动作为1号位打出的['Bomb', '9', ['S9', 'H9', 'D9', 'D9', 'H2']]
[22:44:21] [yf1_v5] [INFO] 2号位打出['PASS', 'PASS', 'PASS']， 最大动作为1号位打出的['Bomb', '9', ['S9', 'H9', 'D9', 'D9', 'H2']]
[22:44:21] [yf1_v5] [INFO] 3号位打出['PASS', 'PASS', 'PASS']， 最大动作为1号位打出的['Bomb', '9', ['S9', 'H9', 'D9', 'D9', 'H2']]
[22:44:21] [yf1_v5] [INFO] 0号位打出['PASS', 'PASS', 'PASS']， 最大动作为1号位打出的['Bomb', '9', ['S9', 'H9', 'D9', 'D9', 'H2']]
[22:44:21] [YFAdapter-P0] [INFO] [YF-P0] Decision context: myPos=0, curPos=-1, greaterPos=-1, teammate=2, curAction=[, actionList_size=203
[22:44:21] [YFAdapter-P0] [INFO] [YF-P0] Decided: action_index=46, action=['ThreeWithTwo', '3', [['S', '3'], ['S', '3'], ['H', '3'], ['S', '4'], ['C', '4']]]
[22:44:21] [yf1_v5] [INFO] 1号位打出['ThreeWithTwo', '3', ['S3', 'S3', 'H3', 'S4', 'C4']]， 最大动作为1号位打出的['ThreeWithTwo', '3', ['S3', 'S3', 'H3', 'S4', 'C4']]
[22:44:21] [yf1_v5] [INFO] 2号位打出['ThreeWithTwo', 'Q', ['SQ', 'HQ', 'H2', 'C3', 'D3']]， 最大动作为2号位打出的['ThreeWithTwo', 'Q', ['SQ', 'HQ', 'H2', 'C3', 'D3']]
[22:44:21] [yf1_v5] [INFO] 3号位打出['Bomb', 'J', ['SJ', 'CJ', 'DJ', 'DJ']]， 最大动作为3号位打出的['Bomb', 'J', ['SJ', 'CJ', 'DJ', 'DJ']]
[22:44:21] [yf1_v5] [INFO] 0号位打出['PASS', 'PASS', 'PASS']， 最大动作为3号位打出的['Bomb', 'J', ['SJ', 'CJ', 'DJ', 'DJ']]
[22:44:21] [YFAdapter-P0] [INFO] [YF-P0] Decision context: myPos=0, curPos=0, greaterPos=3, teammate=2, curAction=[, actionList_size=1
[22:44:21] [YFAdapter-P0] [INFO] [YF-P0] Decided: action_index=0, action=['PASS', 'PASS', 'PASS']
[22:44:21] [yf1_v5] [INFO] 1号位打出['PASS', 'PASS', 'PASS']， 最大动作为3号位打出的['Bomb', 'J', ['SJ', 'CJ', 'DJ', 'DJ']]
[22:44:21] [yf1_v5] [INFO] 2号位打出['PASS', 'PASS', 'PASS']， 最大动作为3号位打出的['Bomb', 'J', ['SJ', 'CJ', 'DJ', 'DJ']]
[22:44:21] [yf1_v5] [INFO] 3号位打出['Single', '8', ['H8']]， 最大动作为3号位打出的['Single', '8', ['H8']]
[22:44:21] [yf1_v5] [INFO] 0号位打出['Single', '9', ['C9']]， 最大动作为0号位打出的['Single', '9', ['C9']]
[22:44:21] [YFAdapter-P0] [INFO] [YF-P0] Decision context: myPos=0, curPos=0, greaterPos=0, teammate=2, curAction=[, actionList_size=8
[22:44:21] [YFAdapter-P0] [INFO] [YF-P0] Decided: action_index=6, action=['Single', 'A', [['S', 'A']]]
[22:44:21] [yf1_v5] [INFO] 1号位打出['Single', 'A', ['SA']]， 最大动作为1号位打出的['Single', 'A', ['SA']]
[22:44:21] [yf1_v5] [INFO] 2号位打出['Single', '2', ['C2']]， 最大动作为2号位打出的['Single', '2', ['C2']]
[22:44:21] [yf1_v5] [INFO] 3号位打出['Single', 'R', ['HR']]， 最大动作为3号位打出的['Single', 'R', ['HR']]
[22:44:21] [yf1_v5] [INFO] 0号位打出['Bomb', '8', ['S8', 'H8', 'C8', 'C8']]， 最大动作为0号位打出的['Bomb', '8', ['S8', 'H8', 'C8', 'C8']]
[22:44:21] [YFAdapter-P0] [INFO] [YF-P0] Decision context: myPos=0, curPos=0, greaterPos=0, teammate=2, curAction=[, actionList_size=1
[22:44:21] [YFAdapter-P0] [INFO] [YF-P0] Decided: action_index=0, action=['PASS', 'PASS', 'PASS']
[22:44:21] [yf1_v5] [INFO] 1号位打出['PASS', 'PASS', 'PASS']， 最大动作为0号位打出的['Bomb', '8', ['S8', 'H8', 'C8', 'C8']]
[22:44:21] [yf1_v5] [INFO] 2号位打出['PASS', 'PASS', 'PASS']， 最大动作为0号位打出的['Bomb', '8', ['S8', 'H8', 'C8', 'C8']]
[22:44:21] [yf1_v5] [INFO] 3号位打出['PASS', 'PASS', 'PASS']， 最大动作为0号位打出的['Bomb', '8', ['S8', 'H8', 'C8', 'C8']]
[22:44:21] [yf1_v5] [INFO] 0号位打出['Single', '3', ['H3']]， 最大动作为0号位打出的['Single', '3', ['H3']]
[22:44:21] [YFAdapter-P0] [INFO] [YF-P0] Decision context: myPos=0, curPos=0, greaterPos=0, teammate=2, curAction=[, actionList_size=16
[22:44:21] [YFAdapter-P0] [INFO] [YF-P0] Decided: action_index=7, action=['Single', '7', [['C', '7']]]
[22:44:21] [yf1_v5] [INFO] 1号位打出['Single', '7', ['C7']]， 最大动作为1号位打出的['Single', '7', ['C7']]
[22:44:21] [yf1_v5] [INFO] 2号位打出['Single', '9', ['H9']]， 最大动作为2号位打出的['Single', '9', ['H9']]
[22:44:21] [yf1_v5] [INFO] 3号位打出['Single', 'Q', ['CQ']]， 最大动作为3号位打出的['Single', 'Q', ['CQ']]
[22:44:21] [yf1_v5] [INFO] 0号位打出['Single', 'K', ['SK']]， 最大动作为0号位打出的['Single', 'K', ['SK']]
[22:44:21] [YFAdapter-P0] [INFO] [YF-P0] Decision context: myPos=0, curPos=0, greaterPos=0, teammate=2, curAction=[, actionList_size=2
[22:44:21] [YFAdapter-P0] [INFO] [YF-P0] Decided: action_index=1, action=['Single', '2', [['S', '2']]]
[22:44:21] [yf1_v5] [INFO] 1号位打出['Single', '2', ['S2']]， 最大动作为1号位打出的['Single', '2', ['S2']]
[22:44:21] [yf1_v5] [INFO] 2号位打出['Single', 'R', ['HR']]， 最大动作为2号位打出的['Single', 'R', ['HR']]
[22:44:21] [yf1_v5] [INFO] 3号位打出['PASS', 'PASS', 'PASS']， 最大动作为2号位打出的['Single', 'R', ['HR']]
[22:44:21] [yf1_v5] [INFO] 0号位打出['PASS', 'PASS', 'PASS']， 最大动作为2号位打出的['Single', 'R', ['HR']]
[22:44:21] [YFAdapter-P0] [INFO] [YF-P0] Decision context: myPos=0, curPos=0, greaterPos=2, teammate=2, curAction=[, actionList_size=1
[22:44:21] [YFAdapter-P0] [INFO] [YF-P0] Decided: action_index=0, action=['PASS', 'PASS', 'PASS']
[22:44:21] [yf1_v5] [INFO] 1号位打出['PASS', 'PASS', 'PASS']， 最大动作为2号位打出的['Single', 'R', ['HR']]
[22:44:21] [yf1_v5] [INFO] 2号位打出['Single', '7', ['D7']]， 最大动作为2号位打出的['Single', '7', ['D7']]
[22:44:21] [yf1_v5] [INFO] 3号位打出['Single', 'K', ['DK']]， 最大动作为3号位打出的['Single', 'K', ['DK']]
[22:44:21] [yf1_v5] [INFO] 0号位打出['Single', 'A', ['HA']]， 最大动作为0号位打出的['Single', 'A', ['HA']]
[22:44:21] [YFAdapter-P0] [INFO] [YF-P0] Decision context: myPos=0, curPos=0, greaterPos=0, teammate=2, curAction=[, actionList_size=1
[22:44:21] [YFAdapter-P0] [INFO] [YF-P0] Decided: action_index=0, action=['PASS', 'PASS', 'PASS']
[22:44:21] [yf1_v5] [INFO] 1号位打出['PASS', 'PASS', 'PASS']， 最大动作为0号位打出的['Single', 'A', ['HA']]
[22:44:21] [yf1_v5] [INFO] 2号位打出['PASS', 'PASS', 'PASS']， 最大动作为0号位打出的['Single', 'A', ['HA']]
[22:44:21] [yf1_v5] [INFO] 3号位打出['PASS', 'PASS', 'PASS']， 最大动作为0号位打出的['Single', 'A', ['HA']]
[22:44:21] [yf1_v5] [INFO] 0号位打出['Single', '6', ['H6']]， 最大动作为0号位打出的['Single', '6', ['H6']]
[22:44:21] [YFAdapter-P0] [INFO] [YF-P0] Decision context: myPos=0, curPos=0, greaterPos=0, teammate=2, curAction=[, actionList_size=9
[22:44:21] [YFAdapter-P0] [INFO] [YF-P0] Decided: action_index=6, action=['Single', 'J', [['C', 'J']]]
[22:44:21] [yf1_v5] [INFO] 1号位打出['Single', 'J', ['CJ']]， 最大动作为1号位打出的['Single', 'J', ['CJ']]
[22:44:21] [yf1_v5] [INFO] 2号位打出['Single', '2', ['D2']]， 最大动作为2号位打出的['Single', '2', ['D2']]
[22:44:21] [yf1_v5] [INFO] 3号位打出['PASS', 'PASS', 'PASS']， 最大动作为2号位打出的['Single', '2', ['D2']]
[22:44:21] [yf1_v5] [INFO] 0号位打出['PASS', 'PASS', 'PASS']， 最大动作为2号位打出的['Single', '2', ['D2']]
[22:44:21] [YFAdapter-P0] [INFO] [YF-P0] Decision context: myPos=0, curPos=0, greaterPos=2, teammate=2, curAction=[, actionList_size=1
[22:44:21] [YFAdapter-P0] [INFO] [YF-P0] Decided: action_index=0, action=['PASS', 'PASS', 'PASS']
[22:44:21] [yf1_v5] [INFO] 1号位打出['PASS', 'PASS', 'PASS']， 最大动作为2号位打出的['Single', '2', ['D2']]
[22:44:21] [yf1_v5] [INFO] 2号位打出['Straight', '8', ['D8', 'S9', 'ST', 'SJ', 'CQ']]， 最大动作为2号位打出的['Straight', '8', ['D8', 'S9', 'ST', 'SJ', 'CQ']]
[22:44:21] [yf1_v5] [INFO] 3号位打出['PASS', 'PASS', 'PASS']， 最大动作为2号位打出的['Straight', '8', ['D8', 'S9', 'ST', 'SJ', 'CQ']]
[22:44:21] [yf1_v5] [INFO] 0号位打出['PASS', 'PASS', 'PASS']， 最大动作为2号位打出的['Straight', '8', ['D8', 'S9', 'ST', 'SJ', 'CQ']]
[22:44:21] [YFAdapter-P0] [INFO] [YF-P0] Decision context: myPos=0, curPos=0, greaterPos=2, teammate=2, curAction=[, actionList_size=1
[22:44:21] [YFAdapter-P0] [INFO] [YF-P0] Decided: action_index=0, action=['PASS', 'PASS', 'PASS']
[22:44:21] [yf1_v5] [INFO] 1号位打出['PASS', 'PASS', 'PASS']， 最大动作为2号位打出的['Straight', '8', ['D8', 'S9', 'ST', 'SJ', 'CQ']]
[22:44:21] [yf1_v5] [INFO] 2号位打出['Pair', '5', ['C5', 'D5']]， 最大动作为2号位打出的['Pair', '5', ['C5', 'D5']]
[22:44:21] [yf1_v5] [INFO] 3号位打出['PASS', 'PASS', 'PASS']， 最大动作为2号位打出的['Pair', '5', ['C5', 'D5']]
[22:44:21] [yf1_v5] [INFO] 0号位打出['Pair', 'Q', ['HQ', 'DQ']]， 最大动作为0号位打出的['Pair', 'Q', ['HQ', 'DQ']]
[22:44:21] [YFAdapter-P0] [INFO] [YF-P0] Decision context: myPos=0, curPos=0, greaterPos=0, teammate=2, curAction=[, actionList_size=2
[22:44:21] [YFAdapter-P0] [INFO] [YF-P0] Decided: action_index=0, action=['PASS', 'PASS', 'PASS']
[22:44:21] [yf1_v5] [INFO] 1号位打出['Pair', 'K', ['SK', 'HK']]， 最大动作为1号位打出的['Pair', 'K', ['SK', 'HK']]
[22:44:21] [yf1_v5] [INFO] 2号位打出['PASS', 'PASS', 'PASS']， 最大动作为1号位打出的['Pair', 'K', ['SK', 'HK']]
[22:44:21] [yf1_v5] [INFO] 3号位打出['Pair', 'A', ['DA', 'DA']]， 最大动作为3号位打出的['Pair', 'A', ['DA', 'DA']]
[22:44:21] [yf1_v5] [INFO] 0号位打出['Pair', '2', ['S2', 'D2']]， 最大动作为0号位打出的['Pair', '2', ['S2', 'D2']]
[22:44:21] [YFAdapter-P0] [INFO] [YF-P0] Decision context: myPos=0, curPos=0, greaterPos=0, teammate=2, curAction=[, actionList_size=1
[22:44:21] [YFAdapter-P0] [INFO] [YF-P0] Decided: action_index=0, action=['PASS', 'PASS', 'PASS']
[22:44:21] [yf1_v5] [INFO] 1号位打出['PASS', 'PASS', 'PASS']， 最大动作为0号位打出的['Pair', '2', ['S2', 'D2']]
[22:44:21] [yf1_v5] [INFO] 2号位打出['PASS', 'PASS', 'PASS']， 最大动作为0号位打出的['Pair', '2', ['S2', 'D2']]
[22:44:21] [yf1_v5] [INFO] 3号位打出['PASS', 'PASS', 'PASS']， 最大动作为0号位打出的['Pair', '2', ['S2', 'D2']]
[22:44:21] [yf1_v5] [INFO] 0号位打出['ThreeWithTwo', '4', ['S4', 'C4', 'D4', 'S5', 'S5']]， 最大动作为0号位打出的['ThreeWithTwo', '4', ['S4', 'C4', 'D4', 'S5', 'S5']]
[22:44:21] [YFAdapter-P0] [INFO] [YF-P0] Decision context: myPos=0, curPos=0, greaterPos=0, teammate=2, curAction=[, actionList_size=4
[22:44:21] [YFAdapter-P0] [INFO] [YF-P0] Decided: action_index=2, action=['ThreeWithTwo', '6', [['S', '6'], ['C', '6'], ['D', '6'], ['S', '8'], ['D', '8']]]
[22:44:21] [yf1_v5] [INFO] 1号位打出['ThreeWithTwo', '6', ['S6', 'C6', 'D6', 'S8', 'D8']]， 最大动作为1号位打出的['ThreeWithTwo', '6', ['S6', 'C6', 'D6', 'S8', 'D8']]
[22:44:21] [yf1_v5] [INFO] 2号位打出['Bomb', '6', ['S6', 'H6', 'C6', 'D6']]， 最大动作为2号位打出的['Bomb', '6', ['S6', 'H6', 'C6', 'D6']]
[22:44:21] [yf1_v5] [INFO] 3号位打出['PASS', 'PASS', 'PASS']， 最大动作为2号位打出的['Bomb', '6', ['S6', 'H6', 'C6', 'D6']]
[22:44:21] [yf1_v5] [INFO] 0号位打出['PASS', 'PASS', 'PASS']， 最大动作为2号位打出的['Bomb', '6', ['S6', 'H6', 'C6', 'D6']]
[22:44:21] [YFAdapter-P0] [INFO] [YF-P0] Decision context: myPos=0, curPos=0, greaterPos=2, teammate=2, curAction=[, actionList_size=1
[22:44:21] [YFAdapter-P0] [INFO] [YF-P0] Decided: action_index=0, action=['PASS', 'PASS', 'PASS']
[22:44:21] [yf1_v5] [INFO] 1号位打出['PASS', 'PASS', 'PASS']， 最大动作为2号位打出的['Bomb', '6', ['S6', 'H6', 'C6', 'D6']]
[22:44:21] [yf1_v5] [INFO] 2号位打出['Single', 'T', ['CT']]， 最大动作为2号位打出的['Single', 'T', ['CT']]
[22:44:21] [yf1_v5] [INFO] 3号位打出['PASS', 'PASS', 'PASS']， 最大动作为2号位打出的['Single', 'T', ['CT']]
[22:44:21] [yf1_v5] [INFO] 0号位打出['Single', 'B', ['SB']]， 最大动作为0号位打出的['Single', 'B', ['SB']]
[22:44:21] [YFAdapter-P0] [INFO] [YF-P0] Decision context: myPos=0, curPos=0, greaterPos=0, teammate=2, curAction=[, actionList_size=1
[22:44:21] [YFAdapter-P0] [INFO] [YF-P0] Decided: action_index=0, action=['PASS', 'PASS', 'PASS']
[22:44:21] [yf1_v5] [INFO] 1号位打出['PASS', 'PASS', 'PASS']， 最大动作为0号位打出的['Single', 'B', ['SB']]
[22:44:21] [yf1_v5] [INFO] 2号位打出['Bomb', 'K', ['HK', 'CK', 'CK', 'DK']]， 最大动作为2号位打出的['Bomb', 'K', ['HK', 'CK', 'CK', 'DK']]
[22:44:21] [yf1_v5] [INFO] 3号位打出['PASS', 'PASS', 'PASS']， 最大动作为2号位打出的['Bomb', 'K', ['HK', 'CK', 'CK', 'DK']]
[22:44:21] [yf1_v5] [INFO] 0号位打出['PASS', 'PASS', 'PASS']， 最大动作为2号位打出的['Bomb', 'K', ['HK', 'CK', 'CK', 'DK']]
[22:44:21] [yf1_v5] [INFO] 0号位打出['Trips', '7', ['S7', 'H7', 'D7']]， 最大动作为0号位打出的['Trips', '7', ['S7', 'H7', 'D7']]
[22:44:21] [YFAdapter-P0] [INFO] [YF-P0] Decision context: myPos=0, curPos=0, greaterPos=0, teammate=2, curAction=[, actionList_size=1
[22:44:21] [YFAdapter-P0] [INFO] [YF-P0] Decided: action_index=0, action=['PASS', 'PASS', 'PASS']
[22:44:21] [yf1_v5] [INFO] 1号位打出['PASS', 'PASS', 'PASS']， 最大动作为0号位打出的['Trips', '7', ['S7', 'H7', 'D7']]
[22:44:21] [yf1_v5] [INFO] 3号位打出['PASS', 'PASS', 'PASS']， 最大动作为0号位打出的['Trips', '7', ['S7', 'H7', 'D7']]
[22:44:21] [yf1_v5] [INFO] 0号位打出['Single', 'B', ['SB']]， 最大动作为0号位打出的['Single', 'B', ['SB']]
[22:44:21] [YFAdapter-P0] [INFO] [YF-P0] Decision context: myPos=0, curPos=0, greaterPos=0, teammate=2, curAction=[, actionList_size=1
[22:44:21] [YFAdapter-P0] [INFO] [YF-P0] Decided: action_index=0, action=['PASS', 'PASS', 'PASS']
[22:44:21] [yf1_v5] [INFO] 1号位打出['PASS', 'PASS', 'PASS']， 最大动作为0号位打出的['Single', 'B', ['SB']]
[22:44:21] [yf1_v5] [INFO] 3号位打出['PASS', 'PASS', 'PASS']， 最大动作为0号位打出的['Single', 'B', ['SB']]
[22:44:21] [yf1_v5] [INFO] 0号位打出['Bomb', 'T', ['ST', 'HT', 'DT', 'DT']]， 最大动作为0号位打出的['Bomb', 'T', ['ST', 'HT', 'DT', 'DT']]
[22:44:21] [yf1_v5] [INFO] 游戏开始, 我是1号位，手牌：['S2', 'C2', 'H3', 'C3', 'S4', 'C4', 'D4', 'H6', 'D7', 'D7', 'S8', 'H8', 'C8', 'C8', 'S9', 'D9', 'ST', 'DT', 'SJ', 'DJ', 'HQ', 'HQ', 'SA', 'HA', 'C5', 'D5', 'HR']
[22:44:21] [YFAdapter-P0] [INFO] [YF-P0] Decision context: myPos=0, curPos=-1, greaterPos=-1, teammate=2, curAction=[, actionList_size=1
[22:44:21] [YFAdapter-P0] [INFO] [YF-P0] Decided: action_index=0, action=['tribute', 'tribute', [['H', 'R']]]
[22:44:21] [YFAdapter-P0] [INFO] [YF-P0] Decision context: myPos=0, curPos=-1, greaterPos=-1, teammate=2, curAction=[, actionList_size=388
[22:44:21] [YFAdapter-P0] [INFO] [YF-P0] Decided: action_index=7, action=['Single', '6', [['H', '6']]]
[22:44:21] [yf1_v5] [INFO] 1号位打出['Single', '6', ['H6']]， 最大动作为1号位打出的['Single', '6', ['H6']]
[22:44:21] [yf1_v5] [INFO] 2号位打出['Single', '5', ['S5']]， 最大动作为2号位打出的['Single', '5', ['S5']]
[22:44:21] [yf1_v5] [INFO] 3号位打出['Bomb', 'K', ['CK', 'DK', 'DK', 'H5']]， 最大动作为3号位打出的['Bomb', 'K', ['CK', 'DK', 'DK', 'H5']]
[22:44:21] [yf1_v5] [INFO] 0号位打出['PASS', 'PASS', 'PASS']， 最大动作为3号位打出的['Bomb', 'K', ['CK', 'DK', 'DK', 'H5']]
[22:44:21] [YFAdapter-P0] [INFO] [YF-P0] Decision context: myPos=0, curPos=0, greaterPos=3, teammate=2, curAction=[, actionList_size=1
[22:44:21] [YFAdapter-P0] [INFO] [YF-P0] Decided: action_index=0, action=['PASS', 'PASS', 'PASS']
[22:44:21] [yf1_v5] [INFO] 1号位打出['PASS', 'PASS', 'PASS']， 最大动作为3号位打出的['Bomb', 'K', ['CK', 'DK', 'DK', 'H5']]
[22:44:21] [yf1_v5] [INFO] 2号位打出['PASS', 'PASS', 'PASS']， 最大动作为3号位打出的['Bomb', 'K', ['CK', 'DK', 'DK', 'H5']]
[22:44:21] [yf1_v5] [INFO] 3号位打出['Single', '2', ['S2']]， 最大动作为3号位打出的['Single', '2', ['S2']]
[22:44:21] [yf1_v5] [INFO] 0号位打出['Single', 'J', ['DJ']]， 最大动作为0号位打出的['Single', 'J', ['DJ']]
[22:44:21] [YFAdapter-P0] [INFO] [YF-P0] Decision context: myPos=0, curPos=0, greaterPos=0, teammate=2, curAction=[, actionList_size=7
[22:44:21] [YFAdapter-P0] [INFO] [YF-P0] Decided: action_index=2, action=['Single', 'A', [['S', 'A']]]
[22:44:21] [yf1_v5] [INFO] 1号位打出['Single', 'A', ['SA']]， 最大动作为1号位打出的['Single', 'A', ['SA']]
[22:44:21] [yf1_v5] [INFO] 2号位打出['Single', '5', ['D5']]， 最大动作为2号位打出的['Single', '5', ['D5']]
[22:44:21] [yf1_v5] [INFO] 3号位打出['Bomb', 'Q', ['SQ', 'CQ', 'CQ', 'DQ']]， 最大动作为3号位打出的['Bomb', 'Q', ['SQ', 'CQ', 'CQ', 'DQ']]
[22:44:21] [yf1_v5] [INFO] 0号位打出['Bomb', 'A', ['HA', 'CA', 'DA', 'H5']]， 最大动作为0号位打出的['Bomb', 'A', ['HA', 'CA', 'DA', 'H5']]
[22:44:21] [YFAdapter-P0] [INFO] [YF-P0] Decision context: myPos=0, curPos=0, greaterPos=0, teammate=2, curAction=[, actionList_size=1
[22:44:21] [YFAdapter-P0] [INFO] [YF-P0] Decided: action_index=0, action=['PASS', 'PASS', 'PASS']
[22:44:21] [yf1_v5] [INFO] 1号位打出['PASS', 'PASS', 'PASS']， 最大动作为0号位打出的['Bomb', 'A', ['HA', 'CA', 'DA', 'H5']]
[22:44:21] [yf1_v5] [INFO] 2号位打出['PASS', 'PASS', 'PASS']， 最大动作为0号位打出的['Bomb', 'A', ['HA', 'CA', 'DA', 'H5']]
[22:44:21] [yf1_v5] [INFO] 3号位打出['PASS', 'PASS', 'PASS']， 最大动作为0号位打出的['Bomb', 'A', ['HA', 'CA', 'DA', 'H5']]
[22:44:21] [yf1_v5] [INFO] 0号位打出['ThreePair', '2', ['H2', 'C2', 'D3', 'D3', 'H4', 'C4']]， 最大动作为0号位打出的['ThreePair', '2', ['H2', 'C2', 'D3', 'D3', 'H4', 'C4']]
[22:44:21] [YFAdapter-P0] [INFO] [YF-P0] Decision context: myPos=0, curPos=0, greaterPos=0, teammate=2, curAction=[, actionList_size=19
[22:44:21] [YFAdapter-P0] [INFO] [YF-P0] Decided: action_index=2, action=['ThreePair', '3', [['H', '3'], ['C', '3'], ['S', '4'], ['C', '4'], ['C', '5'], ['D', '5']]]
[22:44:21] [yf1_v5] [INFO] 1号位打出['ThreePair', '3', ['H3', 'C3', 'S4', 'C4', 'C5', 'D5']]， 最大动作为1号位打出的['ThreePair', '3', ['H3', 'C3', 'S4', 'C4', 'C5', 'D5']]
[22:44:21] [yf1_v5] [INFO] 2号位打出['ThreePair', 'J', ['SJ', 'HJ', 'SQ', 'DQ', 'HK', 'CK']]， 最大动作为2号位打出的['ThreePair', 'J', ['SJ', 'HJ', 'SQ', 'DQ', 'HK', 'CK']]
[22:44:21] [yf1_v5] [INFO] 3号位打出['Bomb', '7', ['S7', 'S7', 'H7', 'C7']]， 最大动作为3号位打出的['Bomb', '7', ['S7', 'S7', 'H7', 'C7']]
[22:44:21] [yf1_v5] [INFO] 0号位打出['Bomb', '6', ['S6', 'C6', 'C6', 'D6', 'D6']]， 最大动作为0号位打出的['Bomb', '6', ['S6', 'C6', 'C6', 'D6', 'D6']]
[22:44:21] [YFAdapter-P0] [INFO] [YF-P0] Decision context: myPos=0, curPos=0, greaterPos=0, teammate=2, curAction=[, actionList_size=1
[22:44:21] [YFAdapter-P0] [INFO] [YF-P0] Decided: action_index=0, action=['PASS', 'PASS', 'PASS']
[22:44:21] [yf1_v5] [INFO] 1号位打出['PASS', 'PASS', 'PASS']， 最大动作为0号位打出的['Bomb', '6', ['S6', 'C6', 'C6', 'D6', 'D6']]
[22:44:21] [yf1_v5] [INFO] 2号位打出['PASS', 'PASS', 'PASS']， 最大动作为0号位打出的['Bomb', '6', ['S6', 'C6', 'C6', 'D6', 'D6']]
[22:44:21] [yf1_v5] [INFO] 3号位打出['PASS', 'PASS', 'PASS']， 最大动作为0号位打出的['Bomb', '6', ['S6', 'C6', 'C6', 'D6', 'D6']]
[22:44:22] [yf1_v5] [INFO] 0号位打出['Straight', '7', ['H7', 'H8', 'C9', 'DT', 'HJ']]， 最大动作为0号位打出的['Straight', '7', ['H7', 'H8', 'C9', 'DT', 'HJ']]
[22:44:22] [YFAdapter-P0] [INFO] [YF-P0] Decision context: myPos=0, curPos=0, greaterPos=0, teammate=2, curAction=[, actionList_size=26
[22:44:22] [YFAdapter-P0] [INFO] [YF-P0] Decided: action_index=17, action=['Straight', '8', [['C', '8'], ['S', '9'], ['S', 'T'], ['S', 'J'], ['H', 'Q']]]
[22:44:22] [yf1_v5] [INFO] 1号位打出['Straight', '8', ['C8', 'S9', 'ST', 'SJ', 'HQ']]， 最大动作为1号位打出的['Straight', '8', ['C8', 'S9', 'ST', 'SJ', 'HQ']]
[22:44:22] [yf1_v5] [INFO] 2号位打出['Bomb', '9', ['S9', 'H9', 'C9', 'D9']]， 最大动作为2号位打出的['Bomb', '9', ['S9', 'H9', 'C9', 'D9']]
[22:44:22] [yf1_v5] [INFO] 3号位打出['PASS', 'PASS', 'PASS']， 最大动作为2号位打出的['Bomb', '9', ['S9', 'H9', 'C9', 'D9']]
[22:44:22] [yf1_v5] [INFO] 0号位打出['PASS', 'PASS', 'PASS']， 最大动作为2号位打出的['Bomb', '9', ['S9', 'H9', 'C9', 'D9']]
[22:44:22] [YFAdapter-P0] [INFO] [YF-P0] Decision context: myPos=0, curPos=0, greaterPos=2, teammate=2, curAction=[, actionList_size=1
[22:44:22] [YFAdapter-P0] [INFO] [YF-P0] Decided: action_index=0, action=['PASS', 'PASS', 'PASS']
[22:44:22] [yf1_v5] [INFO] 1号位打出['PASS', 'PASS', 'PASS']， 最大动作为2号位打出的['Bomb', '9', ['S9', 'H9', 'C9', 'D9']]
[22:44:22] [yf1_v5] [INFO] 2号位打出['Single', '2', ['H2']]， 最大动作为2号位打出的['Single', '2', ['H2']]
[22:44:22] [yf1_v5] [INFO] 3号位打出['Single', 'T', ['CT']]， 最大动作为3号位打出的['Single', 'T', ['CT']]
[22:44:22] [yf1_v5] [INFO] 0号位打出['Single', 'K', ['SK']]， 最大动作为0号位打出的['Single', 'K', ['SK']]
[22:44:22] [YFAdapter-P0] [INFO] [YF-P0] Decision context: myPos=0, curPos=0, greaterPos=0, teammate=2, curAction=[, actionList_size=2
[22:44:22] [YFAdapter-P0] [INFO] [YF-P0] Decided: action_index=1, action=['Single', 'A', [['H', 'A']]]
[22:44:22] [yf1_v5] [INFO] 1号位打出['Single', 'A', ['HA']]， 最大动作为1号位打出的['Single', 'A', ['HA']]
[22:44:22] [yf1_v5] [INFO] 2号位打出['Single', 'R', ['HR']]， 最大动作为2号位打出的['Single', 'R', ['HR']]
[22:44:22] [yf1_v5] [INFO] 3号位打出['PASS', 'PASS', 'PASS']， 最大动作为2号位打出的['Single', 'R', ['HR']]
[22:44:22] [yf1_v5] [INFO] 0号位打出['PASS', 'PASS', 'PASS']， 最大动作为2号位打出的['Single', 'R', ['HR']]
[22:44:22] [YFAdapter-P0] [INFO] [YF-P0] Decision context: myPos=0, curPos=0, greaterPos=2, teammate=2, curAction=[, actionList_size=1
[22:44:22] [YFAdapter-P0] [INFO] [YF-P0] Decided: action_index=0, action=['PASS', 'PASS', 'PASS']
[22:44:22] [yf1_v5] [INFO] 1号位打出['PASS', 'PASS', 'PASS']， 最大动作为2号位打出的['Single', 'R', ['HR']]
[22:44:22] [yf1_v5] [INFO] 2号位打出['ThreeWithTwo', '3', ['S3', 'H3', 'C3', 'D2', 'D2']]， 最大动作为2号位打出的['ThreeWithTwo', '3', ['S3', 'H3', 'C3', 'D2', 'D2']]
[22:44:22] [yf1_v5] [INFO] 3号位打出['ThreeWithTwo', '4', ['S4', 'H4', 'D4', 'CJ', 'CJ']]， 最大动作为3号位打出的['ThreeWithTwo', '4', ['S4', 'H4', 'D4', 'CJ', 'CJ']]
[22:44:22] [yf1_v5] [INFO] 0号位打出['PASS', 'PASS', 'PASS']， 最大动作为3号位打出的['ThreeWithTwo', '4', ['S4', 'H4', 'D4', 'CJ', 'CJ']]
[22:44:22] [YFAdapter-P0] [INFO] [YF-P0] Decision context: myPos=0, curPos=0, greaterPos=3, teammate=2, curAction=[, actionList_size=8
[22:44:22] [YFAdapter-P0] [INFO] [YF-P0] Decided: action_index=0, action=['PASS', 'PASS', 'PASS']
[22:44:22] [yf1_v5] [INFO] 1号位打出['ThreeWithTwo', '7', ['C7', 'D7', 'D7', 'S2', 'C2']]， 最大动作为1号位打出的['ThreeWithTwo', '7', ['C7', 'D7', 'D7', 'S2', 'C2']]
[22:44:22] [yf1_v5] [INFO] 2号位打出['ThreeWithTwo', '8', ['S8', 'D8', 'D8', 'S6', 'H6']]， 最大动作为2号位打出的['ThreeWithTwo', '8', ['S8', 'D8', 'D8', 'S6', 'H6']]
[22:44:22] [yf1_v5] [INFO] 3号位打出['PASS', 'PASS', 'PASS']， 最大动作为2号位打出的['ThreeWithTwo', '8', ['S8', 'D8', 'D8', 'S6', 'H6']]
[22:44:22] [yf1_v5] [INFO] 0号位打出['PASS', 'PASS', 'PASS']， 最大动作为2号位打出的['ThreeWithTwo', '8', ['S8', 'D8', 'D8', 'S6', 'H6']]
[22:44:22] [YFAdapter-P0] [INFO] [YF-P0] Decision context: myPos=0, curPos=0, greaterPos=2, teammate=2, curAction=[, actionList_size=1
[22:44:22] [YFAdapter-P0] [INFO] [YF-P0] Decided: action_index=0, action=['PASS', 'PASS', 'PASS']
[22:44:22] [yf1_v5] [INFO] 1号位打出['PASS', 'PASS', 'PASS']， 最大动作为2号位打出的['ThreeWithTwo', '8', ['S8', 'D8', 'D8', 'S6', 'H6']]
[22:44:22] [yf1_v5] [INFO] 2号位打出['Trips', 'T', ['ST', 'HT', 'CT']]， 最大动作为2号位打出的['Trips', 'T', ['ST', 'HT', 'CT']]
[22:44:22] [yf1_v5] [INFO] 3号位打出['PASS', 'PASS', 'PASS']， 最大动作为2号位打出的['Trips', 'T', ['ST', 'HT', 'CT']]
[22:44:22] [yf1_v5] [INFO] 0号位打出['PASS', 'PASS', 'PASS']， 最大动作为2号位打出的['Trips', 'T', ['ST', 'HT', 'CT']]
[22:44:22] [yf1_v5] [INFO] 0号位打出['Single', 'A', ['DA']]， 最大动作为0号位打出的['Single', 'A', ['DA']]
[22:44:22] [YFAdapter-P0] [INFO] [YF-P0] Decision context: myPos=0, curPos=0, greaterPos=0, teammate=2, curAction=[, actionList_size=1
[22:44:22] [YFAdapter-P0] [INFO] [YF-P0] Decided: action_index=0, action=['PASS', 'PASS', 'PASS']
[22:44:22] [yf1_v5] [INFO] 1号位打出['PASS', 'PASS', 'PASS']， 最大动作为0号位打出的['Single', 'A', ['DA']]
[22:44:22] [yf1_v5] [INFO] 3号位打出['Single', '5', ['S5']]， 最大动作为3号位打出的['Single', '5', ['S5']]
[22:44:22] [yf1_v5] [INFO] 0号位打出['Single', 'B', ['SB']]， 最大动作为0号位打出的['Single', 'B', ['SB']]
[22:44:22] [YFAdapter-P0] [INFO] [YF-P0] Decision context: myPos=0, curPos=0, greaterPos=0, teammate=2, curAction=[, actionList_size=1
[22:44:22] [YFAdapter-P0] [INFO] [YF-P0] Decided: action_index=0, action=['PASS', 'PASS', 'PASS']
[22:44:22] [yf1_v5] [INFO] 1号位打出['PASS', 'PASS', 'PASS']， 最大动作为0号位打出的['Single', 'B', ['SB']]
[22:44:22] [yf1_v5] [INFO] 3号位打出['PASS', 'PASS', 'PASS']， 最大动作为0号位打出的['Single', 'B', ['SB']]
[22:44:22] [yf1_v5] [INFO] 0号位打出['Single', '5', ['C5']]， 最大动作为0号位打出的['Single', '5', ['C5']]
[22:44:22] [YFAdapter-P0] [INFO] [YF-P0] Decision context: myPos=0, curPos=0, greaterPos=0, teammate=2, curAction=[, actionList_size=1
[22:44:22] [YFAdapter-P0] [INFO] [YF-P0] Decided: action_index=0, action=['PASS', 'PASS', 'PASS']
[22:44:22] [yf1_v5] [INFO] 1号位打出['PASS', 'PASS', 'PASS']， 最大动作为0号位打出的['Single', '5', ['C5']]
[22:44:22] [yf1_v5] [INFO] 3号位打出['PASS', 'PASS', 'PASS']， 最大动作为0号位打出的['Single', '5', ['C5']]
[22:44:22] [yf1_v5] [INFO] 0号位打出['Single', 'B', ['SB']]， 最大动作为0号位打出的['Single', 'B', ['SB']]
[22:44:22] [YFAdapter-P0] [INFO] [YF-P0] Decision context: myPos=0, curPos=0, greaterPos=0, teammate=2, curAction=[, actionList_size=1
[22:44:22] [YFAdapter-P0] [INFO] [YF-P0] Decided: action_index=0, action=['PASS', 'PASS', 'PASS']
[22:44:22] [yf1_v5] [INFO] 1号位打出['PASS', 'PASS', 'PASS']， 最大动作为0号位打出的['Single', 'B', ['SB']]
[22:44:22] [yf1_v5] [INFO] 3号位打出['PASS', 'PASS', 'PASS']， 最大动作为0号位打出的['Single', 'B', ['SB']]
[22:44:22] [yf1_v5] [INFO] 0号位打出['Single', 'R', ['HR']]， 最大动作为0号位打出的['Single', 'R', ['HR']]
[22:44:22] [yf1_v5] [INFO] 游戏开始, 我是1号位，手牌：['S2', 'H2', 'S3', 'S3', 'H3', 'C3', 'D3', 'S4', 'C4', 'S5', 'H5', 'C5', 'D5', 'S6', 'D6', 'D6', 'C7', 'ST', 'CT', 'DT', 'SJ', 'CJ', 'DQ', 'DK', 'HA', 'DA', 'SB']
[22:44:22] [YFAdapter-P0] [INFO] [YF-P0] Decision context: myPos=0, curPos=-1, greaterPos=-1, teammate=2, curAction=[, actionList_size=1
[22:44:22] [YFAdapter-P0] [INFO] [YF-P0] Decided: action_index=0, action=['tribute', 'tribute', [['S', 'B']]]
[22:44:22] [YFAdapter-P0] [INFO] [YF-P0] Decision context: myPos=0, curPos=-1, greaterPos=-1, teammate=2, curAction=[, actionList_size=681
[22:44:22] [YFAdapter-P0] [INFO] [YF-P0] Decided: action_index=14, action=['Single', '7', [['C', '7']]]
[22:44:22] [yf1_v5] [INFO] 1号位打出['Single', '7', ['C7']]， 最大动作为1号位打出的['Single', '7', ['C7']]
[22:44:22] [yf1_v5] [INFO] 2号位打出['Single', 'K', ['CK']]， 最大动作为2号位打出的['Single', 'K', ['CK']]
[22:44:22] [yf1_v5] [INFO] 3号位打出['Bomb', 'Q', ['SQ', 'SQ', 'HQ', 'CQ', 'DQ']]， 最大动作为3号位打出的['Bomb', 'Q', ['SQ', 'SQ', 'HQ', 'CQ', 'DQ']]
[22:44:22] [yf1_v5] [INFO] 0号位打出['PASS', 'PASS', 'PASS']， 最大动作为3号位打出的['Bomb', 'Q', ['SQ', 'SQ', 'HQ', 'CQ', 'DQ']]
[22:44:22] [YFAdapter-P0] [INFO] [YF-P0] Decision context: myPos=0, curPos=0, greaterPos=3, teammate=2, curAction=[, actionList_size=2
[22:44:22] [YFAdapter-P0] [INFO] [YF-P0] Decided: action_index=0, action=['PASS', 'PASS', 'PASS']
[22:44:22] [yf1_v5] [INFO] 1号位打出['StraightFlush', '2', ['S2', 'S3', 'S4', 'S5', 'S6']]， 最大动作为1号位打出的['StraightFlush', '2', ['S2', 'S3', 'S4', 'S5', 'S6']]
[22:44:22] [yf1_v5] [INFO] 2号位打出['PASS', 'PASS', 'PASS']， 最大动作为1号位打出的['StraightFlush', '2', ['S2', 'S3', 'S4', 'S5', 'S6']]
[22:44:22] [yf1_v5] [INFO] 3号位打出['PASS', 'PASS', 'PASS']， 最大动作为1号位打出的['StraightFlush', '2', ['S2', 'S3', 'S4', 'S5', 'S6']]
[22:44:22] [yf1_v5] [INFO] 0号位打出['PASS', 'PASS', 'PASS']， 最大动作为1号位打出的['StraightFlush', '2', ['S2', 'S3', 'S4', 'S5', 'S6']]
[22:44:22] [YFAdapter-P0] [INFO] [YF-P0] Decision context: myPos=0, curPos=-1, greaterPos=-1, teammate=2, curAction=[, actionList_size=156
[22:44:22] [YFAdapter-P0] [INFO] [YF-P0] Decided: action_index=0, action=['Single', '2', [['H', '2']]]
[22:44:22] [yf1_v5] [INFO] 1号位打出['Single', '2', ['H2']]， 最大动作为1号位打出的['Single', '2', ['H2']]
[22:44:22] [yf1_v5] [INFO] 2号位打出['Single', '8', ['S8']]， 最大动作为2号位打出的['Single', '8', ['S8']]
[22:44:22] [yf1_v5] [INFO] 3号位打出['Bomb', 'K', ['SK', 'SK', 'DK', 'H8']]， 最大动作为3号位打出的['Bomb', 'K', ['SK', 'SK', 'DK', 'H8']]
[22:44:22] [yf1_v5] [INFO] 0号位打出['PASS', 'PASS', 'PASS']， 最大动作为3号位打出的['Bomb', 'K', ['SK', 'SK', 'DK', 'H8']]
[22:44:22] [YFAdapter-P0] [INFO] [YF-P0] Decision context: myPos=0, curPos=0, greaterPos=3, teammate=2, curAction=[, actionList_size=1
[22:44:22] [YFAdapter-P0] [INFO] [YF-P0] Decided: action_index=0, action=['PASS', 'PASS', 'PASS']
[22:44:22] [yf1_v5] [INFO] 1号位打出['PASS', 'PASS', 'PASS']， 最大动作为3号位打出的['Bomb', 'K', ['SK', 'SK', 'DK', 'H8']]
[22:44:22] [yf1_v5] [INFO] 2号位打出['Bomb', '9', ['H9', 'H9', 'C9', 'C9', 'D9', 'D9']]， 最大动作为2号位打出的['Bomb', '9', ['H9', 'H9', 'C9', 'C9', 'D9', 'D9']]
[22:44:22] [yf1_v5] [INFO] 3号位打出['PASS', 'PASS', 'PASS']， 最大动作为2号位打出的['Bomb', '9', ['H9', 'H9', 'C9', 'C9', 'D9', 'D9']]
[22:44:22] [yf1_v5] [INFO] 0号位打出['PASS', 'PASS', 'PASS']， 最大动作为2号位打出的['Bomb', '9', ['H9', 'H9', 'C9', 'C9', 'D9', 'D9']]
[22:44:22] [YFAdapter-P0] [INFO] [YF-P0] Decision context: myPos=0, curPos=0, greaterPos=2, teammate=2, curAction=[, actionList_size=1
[22:44:22] [YFAdapter-P0] [INFO] [YF-P0] Decided: action_index=0, action=['PASS', 'PASS', 'PASS']
[22:44:22] [yf1_v5] [INFO] 1号位打出['PASS', 'PASS', 'PASS']， 最大动作为2号位打出的['Bomb', '9', ['H9', 'H9', 'C9', 'C9', 'D9', 'D9']]
[22:44:22] [yf1_v5] [INFO] 2号位打出['ThreeWithTwo', '2', ['H2', 'C2', 'D2', 'S4', 'D4']]， 最大动作为2号位打出的['ThreeWithTwo', '2', ['H2', 'C2', 'D2', 'S4', 'D4']]
[22:44:22] [yf1_v5] [INFO] 3号位打出['ThreeWithTwo', '3', ['H3', 'C3', 'D3', 'H6', 'H6']]， 最大动作为3号位打出的['ThreeWithTwo', '3', ['H3', 'C3', 'D3', 'H6', 'H6']]
[22:44:22] [yf1_v5] [INFO] 0号位打出['ThreeWithTwo', 'A', ['SA', 'HA', 'H8', 'S2', 'D2']]， 最大动作为0号位打出的['ThreeWithTwo', 'A', ['SA', 'HA', 'H8', 'S2', 'D2']]
[22:44:22] [YFAdapter-P0] [INFO] [YF-P0] Decision context: myPos=0, curPos=0, greaterPos=0, teammate=2, curAction=[, actionList_size=2
[22:44:22] [YFAdapter-P0] [INFO] [YF-P0] Decided: action_index=1, action=['Bomb', '3', [['S', '3'], ['H', '3'], ['C', '3'], ['D', '3']]]
[22:44:22] [yf1_v5] [INFO] 1号位打出['Bomb', '3', ['S3', 'H3', 'C3', 'D3']]， 最大动作为1号位打出的['Bomb', '3', ['S3', 'H3', 'C3', 'D3']]
[22:44:22] [yf1_v5] [INFO] 2号位打出['PASS', 'PASS', 'PASS']， 最大动作为1号位打出的['Bomb', '3', ['S3', 'H3', 'C3', 'D3']]
[22:44:22] [yf1_v5] [INFO] 3号位打出['PASS', 'PASS', 'PASS']， 最大动作为1号位打出的['Bomb', '3', ['S3', 'H3', 'C3', 'D3']]
[22:44:22] [yf1_v5] [INFO] 0号位打出['Bomb', '7', ['H7', 'H7', 'D7', 'D7']]， 最大动作为0号位打出的['Bomb', '7', ['H7', 'H7', 'D7', 'D7']]
[22:44:22] [YFAdapter-P0] [INFO] [YF-P0] Decision context: myPos=0, curPos=0, greaterPos=0, teammate=2, curAction=[, actionList_size=1
[22:44:22] [YFAdapter-P0] [INFO] [YF-P0] Decided: action_index=0, action=['PASS', 'PASS', 'PASS']
[22:44:22] [yf1_v5] [INFO] 1号位打出['PASS', 'PASS', 'PASS']， 最大动作为0号位打出的['Bomb', '7', ['H7', 'H7', 'D7', 'D7']]
[22:44:22] [yf1_v5] [INFO] 2号位打出['PASS', 'PASS', 'PASS']， 最大动作为0号位打出的['Bomb', '7', ['H7', 'H7', 'D7', 'D7']]
[22:44:22] [yf1_v5] [INFO] 3号位打出['PASS', 'PASS', 'PASS']， 最大动作为0号位打出的['Bomb', '7', ['H7', 'H7', 'D7', 'D7']]
[22:44:22] [yf1_v5] [INFO] 0号位打出['ThreePair', '4', ['H4', 'H4', 'S5', 'H5', 'C6', 'C6']]， 最大动作为0号位打出的['ThreePair', '4', ['H4', 'H4', 'S5', 'H5', 'C6', 'C6']]
[22:44:22] [YFAdapter-P0] [INFO] [YF-P0] Decision context: myPos=0, curPos=0, greaterPos=0, teammate=2, curAction=[, actionList_size=1
[22:44:22] [YFAdapter-P0] [INFO] [YF-P0] Decided: action_index=0, action=['PASS', 'PASS', 'PASS']
[22:44:22] [yf1_v5] [INFO] 1号位打出['PASS', 'PASS', 'PASS']， 最大动作为0号位打出的['ThreePair', '4', ['H4', 'H4', 'S5', 'H5', 'C6', 'C6']]
[22:44:22] [yf1_v5] [INFO] 2号位打出['PASS', 'PASS', 'PASS']， 最大动作为0号位打出的['ThreePair', '4', ['H4', 'H4', 'S5', 'H5', 'C6', 'C6']]
[22:44:22] [yf1_v5] [INFO] 3号位打出['PASS', 'PASS', 'PASS']， 最大动作为0号位打出的['ThreePair', '4', ['H4', 'H4', 'S5', 'H5', 'C6', 'C6']]
[22:44:22] [yf1_v5] [INFO] 0号位打出['Single', 'T', ['HT']]， 最大动作为0号位打出的['Single', 'T', ['HT']]
[22:44:22] [YFAdapter-P0] [INFO] [YF-P0] Decision context: myPos=0, curPos=0, greaterPos=0, teammate=2, curAction=[, actionList_size=7
[22:44:22] [YFAdapter-P0] [INFO] [YF-P0] Decided: action_index=3, action=['Single', 'Q', [['D', 'Q']]]
[22:44:22] [yf1_v5] [INFO] 1号位打出['Single', 'Q', ['DQ']]， 最大动作为1号位打出的['Single', 'Q', ['DQ']]
[22:44:22] [yf1_v5] [INFO] 2号位打出['Single', '8', ['S8']]， 最大动作为2号位打出的['Single', '8', ['S8']]
[22:44:22] [yf1_v5] [INFO] 3号位打出['PASS', 'PASS', 'PASS']， 最大动作为2号位打出的['Single', '8', ['S8']]
[22:44:22] [yf1_v5] [INFO] 0号位打出['PASS', 'PASS', 'PASS']， 最大动作为2号位打出的['Single', '8', ['S8']]
[22:44:22] [YFAdapter-P0] [INFO] [YF-P0] Decision context: myPos=0, curPos=0, greaterPos=2, teammate=2, curAction=[, actionList_size=1
[22:44:22] [YFAdapter-P0] [INFO] [YF-P0] Decided: action_index=0, action=['PASS', 'PASS', 'PASS']
[22:44:22] [yf1_v5] [INFO] 1号位打出['PASS', 'PASS', 'PASS']， 最大动作为2号位打出的['Single', '8', ['S8']]
[22:44:22] [yf1_v5] [INFO] 2号位打出['Pair', '5', ['C5', 'D5']]， 最大动作为2号位打出的['Pair', '5', ['C5', 'D5']]
[22:44:22] [yf1_v5] [INFO] 3号位打出['Pair', 'A', ['CA', 'CA']]， 最大动作为3号位打出的['Pair', 'A', ['CA', 'CA']]
[22:44:22] [yf1_v5] [INFO] 0号位打出['Pair', 'B', ['SB', 'SB']]， 最大动作为0号位打出的['Pair', 'B', ['SB', 'SB']]
[22:44:22] [YFAdapter-P0] [INFO] [YF-P0] Decision context: myPos=0, curPos=0, greaterPos=0, teammate=2, curAction=[, actionList_size=1
[22:44:22] [YFAdapter-P0] [INFO] [YF-P0] Decided: action_index=0, action=['PASS', 'PASS', 'PASS']
[22:44:22] [yf1_v5] [INFO] 1号位打出['PASS', 'PASS', 'PASS']， 最大动作为0号位打出的['Pair', 'B', ['SB', 'SB']]
[22:44:22] [yf1_v5] [INFO] 2号位打出['PASS', 'PASS', 'PASS']， 最大动作为0号位打出的['Pair', 'B', ['SB', 'SB']]
[22:44:22] [yf1_v5] [INFO] 3号位打出['PASS', 'PASS', 'PASS']， 最大动作为0号位打出的['Pair', 'B', ['SB', 'SB']]
[22:44:22] [yf1_v5] [INFO] 0号位打出['Single', 'Q', ['HQ']]， 最大动作为0号位打出的['Single', 'Q', ['HQ']]
[22:44:22] [YFAdapter-P0] [INFO] [YF-P0] Decision context: myPos=0, curPos=0, greaterPos=0, teammate=2, curAction=[, actionList_size=4
[22:44:22] [YFAdapter-P0] [INFO] [YF-P0] Decided: action_index=1, action=['Single', 'K', [['D', 'K']]]
[22:44:22] [yf1_v5] [INFO] 1号位打出['Single', 'K', ['DK']]， 最大动作为1号位打出的['Single', 'K', ['DK']]
[22:44:22] [yf1_v5] [INFO] 2号位打出['Single', '8', ['C8']]， 最大动作为2号位打出的['Single', '8', ['C8']]
[22:44:22] [yf1_v5] [INFO] 3号位打出['PASS', 'PASS', 'PASS']， 最大动作为2号位打出的['Single', '8', ['C8']]
[22:44:22] [yf1_v5] [INFO] 0号位打出['PASS', 'PASS', 'PASS']， 最大动作为2号位打出的['Single', '8', ['C8']]
[22:44:22] [YFAdapter-P0] [INFO] [YF-P0] Decision context: myPos=0, curPos=0, greaterPos=2, teammate=2, curAction=[, actionList_size=1
[22:44:22] [YFAdapter-P0] [INFO] [YF-P0] Decided: action_index=0, action=['PASS', 'PASS', 'PASS']
[22:44:22] [yf1_v5] [INFO] 1号位打出['PASS', 'PASS', 'PASS']， 最大动作为2号位打出的['Single', '8', ['C8']]
[22:44:22] [yf1_v5] [INFO] 2号位打出['Pair', '7', ['S7', 'C7']]， 最大动作为2号位打出的['Pair', '7', ['S7', 'C7']]
[22:44:22] [yf1_v5] [INFO] 3号位打出['PASS', 'PASS', 'PASS']， 最大动作为2号位打出的['Pair', '7', ['S7', 'C7']]
[22:44:22] [yf1_v5] [INFO] 0号位打出['PASS', 'PASS', 'PASS']， 最大动作为2号位打出的['Pair', '7', ['S7', 'C7']]
[22:44:22] [YFAdapter-P0] [INFO] [YF-P0] Decision context: myPos=0, curPos=0, greaterPos=2, teammate=2, curAction=[, actionList_size=6
[22:44:22] [YFAdapter-P0] [INFO] [YF-P0] Decided: action_index=0, action=['PASS', 'PASS', 'PASS']
[22:44:22] [yf1_v5] [INFO] 1号位打出['Pair', 'A', ['HA', 'DA']]， 最大动作为1号位打出的['Pair', 'A', ['HA', 'DA']]
[22:44:22] [yf1_v5] [INFO] 2号位打出['PASS', 'PASS', 'PASS']， 最大动作为1号位打出的['Pair', 'A', ['HA', 'DA']]
[22:44:22] [yf1_v5] [INFO] 3号位打出['Pair', '8', ['C8', 'D8']]， 最大动作为3号位打出的['Pair', '8', ['C8', 'D8']]
[22:44:22] [yf1_v5] [INFO] 0号位打出['Bomb', 'J', ['SJ', 'HJ', 'HJ', 'DJ']]， 最大动作为0号位打出的['Bomb', 'J', ['SJ', 'HJ', 'HJ', 'DJ']]
[22:44:22] [YFAdapter-P0] [INFO] [YF-P0] Decision context: myPos=0, curPos=0, greaterPos=0, teammate=2, curAction=[, actionList_size=1
[22:44:22] [YFAdapter-P0] [INFO] [YF-P0] Decided: action_index=0, action=['PASS', 'PASS', 'PASS']
[22:44:22] [yf1_v5] [INFO] 1号位打出['PASS', 'PASS', 'PASS']， 最大动作为0号位打出的['Bomb', 'J', ['SJ', 'HJ', 'HJ', 'DJ']]
[22:44:22] [yf1_v5] [INFO] 2号位打出['PASS', 'PASS', 'PASS']， 最大动作为0号位打出的['Bomb', 'J', ['SJ', 'HJ', 'HJ', 'DJ']]
[22:44:22] [yf1_v5] [INFO] 3号位打出['PASS', 'PASS', 'PASS']， 最大动作为0号位打出的['Bomb', 'J', ['SJ', 'HJ', 'HJ', 'DJ']]
[22:44:22] [yf1_v5] [INFO] 0号位打出['Single', 'K', ['HK']]， 最大动作为0号位打出的['Single', 'K', ['HK']]
[22:44:22] [YFAdapter-P0] [INFO] [YF-P0] Decision context: myPos=0, curPos=0, greaterPos=0, teammate=2, curAction=[, actionList_size=1
[22:44:22] [YFAdapter-P0] [INFO] [YF-P0] Decided: action_index=0, action=['PASS', 'PASS', 'PASS']
[22:44:22] [yf1_v5] [INFO] 1号位打出['PASS', 'PASS', 'PASS']， 最大动作为0号位打出的['Single', 'K', ['HK']]
[22:44:22] [yf1_v5] [INFO] 2号位打出['PASS', 'PASS', 'PASS']， 最大动作为0号位打出的['Single', 'K', ['HK']]
[22:44:22] [yf1_v5] [INFO] 3号位打出['PASS', 'PASS', 'PASS']， 最大动作为0号位打出的['Single', 'K', ['HK']]
[22:44:22] [yf1_v5] [INFO] 0号位打出['Single', 'A', ['DA']]， 最大动作为0号位打出的['Single', 'A', ['DA']]
[22:44:22] [YFAdapter-P0] [INFO] [YF-P0] Decision context: myPos=0, curPos=0, greaterPos=0, teammate=2, curAction=[, actionList_size=1
[22:44:22] [YFAdapter-P0] [INFO] [YF-P0] Decided: action_index=0, action=['PASS', 'PASS', 'PASS']
[22:44:22] [yf1_v5] [INFO] 1号位打出['PASS', 'PASS', 'PASS']， 最大动作为0号位打出的['Single', 'A', ['DA']]
[22:44:22] [yf1_v5] [INFO] 2号位打出['PASS', 'PASS', 'PASS']， 最大动作为0号位打出的['Single', 'A', ['DA']]
[22:44:22] [yf1_v5] [INFO] 3号位打出['PASS', 'PASS', 'PASS']， 最大动作为0号位打出的['Single', 'A', ['DA']]
[22:44:22] [yf1_v5] [INFO] 0号位打出['Single', '8', ['D8']]， 最大动作为0号位打出的['Single', '8', ['D8']]
[22:44:22] [YFAdapter-P0] [INFO] [YF-P0] Decision context: myPos=0, curPos=0, greaterPos=0, teammate=2, curAction=[, actionList_size=1
[22:44:22] [YFAdapter-P0] [INFO] [YF-P0] Decided: action_index=0, action=['PASS', 'PASS', 'PASS']
[22:44:22] [yf1_v5] [INFO] 1号位打出['PASS', 'PASS', 'PASS']， 最大动作为0号位打出的['Single', '8', ['D8']]
[22:44:22] [yf1_v5] [INFO] 2号位打出['PASS', 'PASS', 'PASS']， 最大动作为0号位打出的['Single', '8', ['D8']]
[22:44:22] [yf1_v5] [INFO] 3号位打出['PASS', 'PASS', 'PASS']， 最大动作为0号位打出的['Single', '8', ['D8']]
[22:44:22] [yf1_v5] [INFO] 0号位打出['Single', 'R', ['HR']]， 最大动作为0号位打出的['Single', 'R', ['HR']]
[22:44:22] [YFAdapter-P0] [INFO] [YF-P0] Decision context: myPos=0, curPos=0, greaterPos=0, teammate=2, curAction=[, actionList_size=1
[22:44:22] [YFAdapter-P0] [INFO] [YF-P0] Decided: action_index=0, action=['PASS', 'PASS', 'PASS']
[22:44:22] [yf1_v5] [INFO] 1号位打出['PASS', 'PASS', 'PASS']， 最大动作为0号位打出的['Single', 'R', ['HR']]
[22:44:22] [yf1_v5] [INFO] 2号位打出['PASS', 'PASS', 'PASS']， 最大动作为0号位打出的['Single', 'R', ['HR']]
[22:44:22] [yf1_v5] [INFO] 2号位打出['Pair', 'T', ['CT', 'DT']]， 最大动作为2号位打出的['Pair', 'T', ['CT', 'DT']]
[22:44:22] [yf1_v5] [INFO] 3号位打出['PASS', 'PASS', 'PASS']， 最大动作为2号位打出的['Pair', 'T', ['CT', 'DT']]
[22:44:22] [YFAdapter-P0] [INFO] [YF-P0] Decision context: myPos=0, curPos=3, greaterPos=2, teammate=2, curAction=[, actionList_size=2
[22:44:22] [YFAdapter-P0] [INFO] [YF-P0] Decided: action_index=0, action=['PASS', 'PASS', 'PASS']
[22:44:22] [yf1_v5] [INFO] 1号位打出['Pair', 'J', ['SJ', 'CJ']]， 最大动作为1号位打出的['Pair', 'J', ['SJ', 'CJ']]
[22:44:22] [yf1_v5] [INFO] 2号位打出['PASS', 'PASS', 'PASS']， 最大动作为1号位打出的['Pair', 'J', ['SJ', 'CJ']]
[22:44:22] [yf1_v5] [INFO] 3号位打出['PASS', 'PASS', 'PASS']， 最大动作为1号位打出的['Pair', 'J', ['SJ', 'CJ']]
[22:44:22] [YFAdapter-P0] [INFO] [YF-P0] Decision context: myPos=0, curPos=-1, greaterPos=-1, teammate=2, curAction=[, actionList_size=26
[22:44:22] [YFAdapter-P0] [INFO] [YF-P0] Decided: action_index=0, action=['Single', '4', [['C', '4']]]
[22:44:22] [yf1_v5] [INFO] 1号位打出['Single', '4', ['C4']]， 最大动作为1号位打出的['Single', '4', ['C4']]
[22:44:22] [yf1_v5] [INFO] 2号位打出['Single', 'R', ['HR']]， 最大动作为2号位打出的['Single', 'R', ['HR']]
[22:44:22] [yf1_v5] [INFO] 3号位打出['PASS', 'PASS', 'PASS']， 最大动作为2号位打出的['Single', 'R', ['HR']]
[22:44:22] [YFAdapter-P0] [INFO] [YF-P0] Decision context: myPos=0, curPos=3, greaterPos=2, teammate=2, curAction=[, actionList_size=1
[22:44:22] [YFAdapter-P0] [INFO] [YF-P0] Decided: action_index=0, action=['PASS', 'PASS', 'PASS']
[22:44:22] [yf1_v5] [INFO] 1号位打出['PASS', 'PASS', 'PASS']， 最大动作为2号位打出的['Single', 'R', ['HR']]
[22:44:22] [yf1_v5] [INFO] 2号位打出['Straight', 'T', ['HT', 'CJ', 'CQ', 'HK', 'SA']]， 最大动作为2号位打出的['Straight', 'T', ['HT', 'CJ', 'CQ', 'HK', 'SA']]
[22:44:22] [yf1_v5] [INFO] 游戏开始, 我是1号位，手牌：['S3', 'H3', 'C3', 'S4', 'S5', 'H5', 'C5', 'H6', 'C6', 'C6', 'H7', 'C8', 'S9', 'D9', 'HT', 'CT', 'SQ', 'HQ', 'CQ', 'DK', 'CA', 'DA', 'SJ', 'SJ', 'CJ', 'DJ', 'HR']
[22:44:22] [YFAdapter-P0] [INFO] [YF-P0] Decision context: myPos=0, curPos=-1, greaterPos=-1, teammate=2, curAction=[, actionList_size=1
[22:44:22] [YFAdapter-P0] [INFO] [YF-P0] Decided: action_index=0, action=['tribute', 'tribute', [['H', 'R']]]
[22:44:22] [YFAdapter-P0] [INFO] [YF-P0] Decision context: myPos=0, curPos=-1, greaterPos=-1, teammate=2, curAction=[, actionList_size=382
[22:44:22] [YFAdapter-P0] [INFO] [YF-P0] Decided: action_index=10, action=['Single', '7', [['H', '7']]]
[22:44:22] [yf1_v5] [INFO] 1号位打出['Single', '7', ['H7']]， 最大动作为1号位打出的['Single', '7', ['H7']]
[22:44:22] [yf1_v5] [INFO] 2号位打出['Single', 'J', ['HJ']]， 最大动作为2号位打出的['Single', 'J', ['HJ']]
[22:44:22] [yf1_v5] [INFO] 3号位打出['Bomb', '4', ['S4', 'H4', 'C4', 'C4', 'D4']]， 最大动作为3号位打出的['Bomb', '4', ['S4', 'H4', 'C4', 'C4', 'D4']]
[22:44:22] [yf1_v5] [INFO] 0号位打出['PASS', 'PASS', 'PASS']， 最大动作为3号位打出的['Bomb', '4', ['S4', 'H4', 'C4', 'C4', 'D4']]
[22:44:22] [YFAdapter-P0] [INFO] [YF-P0] Decision context: myPos=0, curPos=0, greaterPos=3, teammate=2, curAction=[, actionList_size=1
[22:44:22] [YFAdapter-P0] [INFO] [YF-P0] Decided: action_index=0, action=['PASS', 'PASS', 'PASS']
[22:44:22] [yf1_v5] [INFO] 1号位打出['PASS', 'PASS', 'PASS']， 最大动作为3号位打出的['Bomb', '4', ['S4', 'H4', 'C4', 'C4', 'D4']]
[22:44:22] [yf1_v5] [INFO] 2号位打出['PASS', 'PASS', 'PASS']， 最大动作为3号位打出的['Bomb', '4', ['S4', 'H4', 'C4', 'C4', 'D4']]
[22:44:22] [yf1_v5] [INFO] 3号位打出['Single', '7', ['H7']]， 最大动作为3号位打出的['Single', '7', ['H7']]
[22:44:22] [yf1_v5] [INFO] 0号位打出['Single', '8', ['H8']]， 最大动作为0号位打出的['Single', '8', ['H8']]
[22:44:22] [YFAdapter-P0] [INFO] [YF-P0] Decision context: myPos=0, curPos=0, greaterPos=0, teammate=2, curAction=[, actionList_size=15
[22:44:22] [YFAdapter-P0] [INFO] [YF-P0] Decided: action_index=1, action=['Single', '9', [['S', '9']]]
[22:44:22] [yf1_v5] [INFO] 1号位打出['Single', '9', ['S9']]， 最大动作为1号位打出的['Single', '9', ['S9']]
[22:44:22] [yf1_v5] [INFO] 2号位打出['Single', 'J', ['DJ']]， 最大动作为2号位打出的['Single', 'J', ['DJ']]
[22:44:22] [yf1_v5] [INFO] 3号位打出['Bomb', '5', ['S5', 'H5', 'C5', 'D5']]， 最大动作为3号位打出的['Bomb', '5', ['S5', 'H5', 'C5', 'D5']]
[22:44:22] [yf1_v5] [INFO] 0号位打出['Bomb', '7', ['S7', 'C7', 'D7', 'HJ']]， 最大动作为0号位打出的['Bomb', '7', ['S7', 'C7', 'D7', 'HJ']]
[22:44:22] [YFAdapter-P0] [INFO] [YF-P0] Decision context: myPos=0, curPos=0, greaterPos=0, teammate=2, curAction=[, actionList_size=2
[22:44:22] [YFAdapter-P0] [INFO] [YF-P0] Decided: action_index=0, action=['PASS', 'PASS', 'PASS']
[22:44:22] [yf1_v5] [INFO] 1号位打出['PASS', 'PASS', 'PASS']， 最大动作为0号位打出的['Bomb', '7', ['S7', 'C7', 'D7', 'HJ']]
[22:44:22] [yf1_v5] [INFO] 2号位打出['PASS', 'PASS', 'PASS']， 最大动作为0号位打出的['Bomb', '7', ['S7', 'C7', 'D7', 'HJ']]
[22:44:22] [yf1_v5] [INFO] 3号位打出['PASS', 'PASS', 'PASS']， 最大动作为0号位打出的['Bomb', '7', ['S7', 'C7', 'D7', 'HJ']]
[22:44:22] [yf1_v5] [INFO] 0号位打出['Single', '7', ['D7']]， 最大动作为0号位打出的['Single', '7', ['D7']]
[22:44:22] [YFAdapter-P0] [INFO] [YF-P0] Decision context: myPos=0, curPos=0, greaterPos=0, teammate=2, curAction=[, actionList_size=15
[22:44:22] [YFAdapter-P0] [INFO] [YF-P0] Decided: action_index=7, action=['Single', 'Q', [['C', 'Q']]]
[22:44:22] [yf1_v5] [INFO] 1号位打出['Single', 'Q', ['CQ']]， 最大动作为1号位打出的['Single', 'Q', ['CQ']]
[22:44:22] [yf1_v5] [INFO] 2号位打出['Single', 'B', ['SB']]， 最大动作为2号位打出的['Single', 'B', ['SB']]
[22:44:22] [yf1_v5] [INFO] 3号位打出['Bomb', '8', ['S8', 'S8', 'H8', 'D8']]， 最大动作为3号位打出的['Bomb', '8', ['S8', 'S8', 'H8', 'D8']]
[22:44:22] [yf1_v5] [INFO] 0号位打出['Bomb', '2', ['S2', 'S2', 'C2', 'C2', 'D2']]， 最大动作为0号位打出的['Bomb', '2', ['S2', 'S2', 'C2', 'C2', 'D2']]
[22:44:22] [YFAdapter-P0] [INFO] [YF-P0] Decision context: myPos=0, curPos=0, greaterPos=0, teammate=2, curAction=[, actionList_size=1
[22:44:22] [YFAdapter-P0] [INFO] [YF-P0] Decided: action_index=0, action=['PASS', 'PASS', 'PASS']
[22:44:22] [yf1_v5] [INFO] 1号位打出['PASS', 'PASS', 'PASS']， 最大动作为0号位打出的['Bomb', '2', ['S2', 'S2', 'C2', 'C2', 'D2']]
[22:44:22] [yf1_v5] [INFO] 2号位打出['PASS', 'PASS', 'PASS']， 最大动作为0号位打出的['Bomb', '2', ['S2', 'S2', 'C2', 'C2', 'D2']]
[22:44:22] [yf1_v5] [INFO] 3号位打出['PASS', 'PASS', 'PASS']， 最大动作为0号位打出的['Bomb', '2', ['S2', 'S2', 'C2', 'C2', 'D2']]
[22:44:22] [yf1_v5] [INFO] 0号位打出['Pair', '3', ['S3', 'D3']]， 最大动作为0号位打出的['Pair', '3', ['S3', 'D3']]
[22:44:22] [YFAdapter-P0] [INFO] [YF-P0] Decision context: myPos=0, curPos=0, greaterPos=0, teammate=2, curAction=[, actionList_size=15
[22:44:22] [YFAdapter-P0] [INFO] [YF-P0] Decided: action_index=12, action=['Pair', 'J', [['S', 'J'], ['S', 'J']]]
[22:44:22] [yf1_v5] [INFO] 1号位打出['Pair', 'J', ['SJ', 'SJ']]， 最大动作为1号位打出的['Pair', 'J', ['SJ', 'SJ']]
[22:44:22] [yf1_v5] [INFO] 2号位打出['PASS', 'PASS', 'PASS']， 最大动作为1号位打出的['Pair', 'J', ['SJ', 'SJ']]
[22:44:22] [yf1_v5] [INFO] 3号位打出['PASS', 'PASS', 'PASS']， 最大动作为1号位打出的['Pair', 'J', ['SJ', 'SJ']]
[22:44:22] [yf1_v5] [INFO] 0号位打出['Pair', 'R', ['HR', 'HR']]， 最大动作为0号位打出的['Pair', 'R', ['HR', 'HR']]
[22:44:22] [YFAdapter-P0] [INFO] [YF-P0] Decision context: myPos=0, curPos=0, greaterPos=0, teammate=2, curAction=[, actionList_size=1
[22:44:22] [YFAdapter-P0] [INFO] [YF-P0] Decided: action_index=0, action=['PASS', 'PASS', 'PASS']
[22:44:22] [yf1_v5] [INFO] 1号位打出['PASS', 'PASS', 'PASS']， 最大动作为0号位打出的['Pair', 'R', ['HR', 'HR']]
[22:44:22] [yf1_v5] [INFO] 2号位打出['PASS', 'PASS', 'PASS']， 最大动作为0号位打出的['Pair', 'R', ['HR', 'HR']]
[22:44:22] [yf1_v5] [INFO] 3号位打出['PASS', 'PASS', 'PASS']， 最大动作为0号位打出的['Pair', 'R', ['HR', 'HR']]
[22:44:22] [yf1_v5] [INFO] 0号位打出['Pair', '6', ['H6', 'D6']]， 最大动作为0号位打出的['Pair', '6', ['H6', 'D6']]
[22:44:22] [YFAdapter-P0] [INFO] [YF-P0] Decision context: myPos=0, curPos=0, greaterPos=0, teammate=2, curAction=[, actionList_size=5
[22:44:22] [YFAdapter-P0] [INFO] [YF-P0] Decided: action_index=4, action=['Pair', 'J', [['C', 'J'], ['D', 'J']]]
[22:44:23] [yf1_v5] [INFO] 1号位打出['Pair', 'J', ['CJ', 'DJ']]， 最大动作为1号位打出的['Pair', 'J', ['CJ', 'DJ']]
[22:44:23] [yf1_v5] [INFO] 2号位打出['PASS', 'PASS', 'PASS']， 最大动作为1号位打出的['Pair', 'J', ['CJ', 'DJ']]
[22:44:23] [yf1_v5] [INFO] 3号位打出['PASS', 'PASS', 'PASS']， 最大动作为1号位打出的['Pair', 'J', ['CJ', 'DJ']]
[22:44:23] [yf1_v5] [INFO] 0号位打出['PASS', 'PASS', 'PASS']， 最大动作为1号位打出的['Pair', 'J', ['CJ', 'DJ']]
[22:44:23] [YFAdapter-P0] [INFO] [YF-P0] Decision context: myPos=0, curPos=-1, greaterPos=-1, teammate=2, curAction=[, actionList_size=77
[22:44:23] [YFAdapter-P0] [INFO] [YF-P0] Decided: action_index=10, action=['Single', '8', [['C', '8']]]
[22:44:23] [yf1_v5] [INFO] 1号位打出['Single', '8', ['C8']]， 最大动作为1号位打出的['Single', '8', ['C8']]
[22:44:23] [yf1_v5] [INFO] 2号位打出['Single', 'A', ['HA']]， 最大动作为2号位打出的['Single', 'A', ['HA']]
[22:44:23] [yf1_v5] [INFO] 3号位打出['PASS', 'PASS', 'PASS']， 最大动作为2号位打出的['Single', 'A', ['HA']]
[22:44:23] [yf1_v5] [INFO] 0号位打出['PASS', 'PASS', 'PASS']， 最大动作为2号位打出的['Single', 'A', ['HA']]
[22:44:23] [YFAdapter-P0] [INFO] [YF-P0] Decision context: myPos=0, curPos=0, greaterPos=2, teammate=2, curAction=[, actionList_size=1
[22:44:23] [YFAdapter-P0] [INFO] [YF-P0] Decided: action_index=0, action=['PASS', 'PASS', 'PASS']
[22:44:23] [yf1_v5] [INFO] 1号位打出['PASS', 'PASS', 'PASS']， 最大动作为2号位打出的['Single', 'A', ['HA']]
[22:44:23] [yf1_v5] [INFO] 2号位打出['Single', '2', ['H2']]， 最大动作为2号位打出的['Single', '2', ['H2']]
[22:44:23] [yf1_v5] [INFO] 3号位打出['Single', '6', ['D6']]， 最大动作为3号位打出的['Single', '6', ['D6']]
[22:44:23] [yf1_v5] [INFO] 0号位打出['Single', '9', ['H9']]， 最大动作为0号位打出的['Single', '9', ['H9']]
[22:44:23] [YFAdapter-P0] [INFO] [YF-P0] Decision context: myPos=0, curPos=0, greaterPos=0, teammate=2, curAction=[, actionList_size=8
[22:44:23] [YFAdapter-P0] [INFO] [YF-P0] Decided: action_index=1, action=['Single', 'T', [['H', 'T']]]
[22:44:23] [yf1_v5] [INFO] 1号位打出['Single', 'T', ['HT']]， 最大动作为1号位打出的['Single', 'T', ['HT']]
[22:44:23] [yf1_v5] [INFO] 2号位打出['Single', 'A', ['SA']]， 最大动作为2号位打出的['Single', 'A', ['SA']]
[22:44:23] [yf1_v5] [INFO] 3号位打出['PASS', 'PASS', 'PASS']， 最大动作为2号位打出的['Single', 'A', ['SA']]
[22:44:23] [yf1_v5] [INFO] 0号位打出['PASS', 'PASS', 'PASS']， 最大动作为2号位打出的['Single', 'A', ['SA']]
[22:44:23] [YFAdapter-P0] [INFO] [YF-P0] Decision context: myPos=0, curPos=0, greaterPos=2, teammate=2, curAction=[, actionList_size=1
[22:44:23] [YFAdapter-P0] [INFO] [YF-P0] Decided: action_index=0, action=['PASS', 'PASS', 'PASS']
[22:44:23] [yf1_v5] [INFO] 1号位打出['PASS', 'PASS', 'PASS']， 最大动作为2号位打出的['Single', 'A', ['SA']]
[22:44:23] [yf1_v5] [INFO] 2号位打出['Single', '7', ['C7']]， 最大动作为2号位打出的['Single', '7', ['C7']]
[22:44:23] [yf1_v5] [INFO] 3号位打出['Single', 'T', ['ST']]， 最大动作为3号位打出的['Single', 'T', ['ST']]
[22:44:23] [yf1_v5] [INFO] 0号位打出['Single', 'J', ['CJ']]， 最大动作为0号位打出的['Single', 'J', ['CJ']]
[22:44:23] [YFAdapter-P0] [INFO] [YF-P0] Decision context: myPos=0, curPos=0, greaterPos=0, teammate=2, curAction=[, actionList_size=1
[22:44:23] [YFAdapter-P0] [INFO] [YF-P0] Decided: action_index=0, action=['PASS', 'PASS', 'PASS']
[22:44:23] [yf1_v5] [INFO] 1号位打出['PASS', 'PASS', 'PASS']， 最大动作为0号位打出的['Single', 'J', ['CJ']]
[22:44:23] [yf1_v5] [INFO] 2号位打出['PASS', 'PASS', 'PASS']， 最大动作为0号位打出的['Single', 'J', ['CJ']]
[22:44:23] [yf1_v5] [INFO] 3号位打出['PASS', 'PASS', 'PASS']， 最大动作为0号位打出的['Single', 'J', ['CJ']]
[22:44:23] [yf1_v5] [INFO] 0号位打出['ThreeWithTwo', 'K', ['SK', 'CK', 'CK', 'HT', 'DT']]， 最大动作为0号位打出的['ThreeWithTwo', 'K', ['SK', 'CK', 'CK', 'HT', 'DT']]
[22:44:23] [YFAdapter-P0] [INFO] [YF-P0] Decision context: myPos=0, curPos=0, greaterPos=0, teammate=2, curAction=[, actionList_size=1
[22:44:23] [YFAdapter-P0] [INFO] [YF-P0] Decided: action_index=0, action=['PASS', 'PASS', 'PASS']
[22:44:23] [yf1_v5] [INFO] 1号位打出['PASS', 'PASS', 'PASS']， 最大动作为0号位打出的['ThreeWithTwo', 'K', ['SK', 'CK', 'CK', 'HT', 'DT']]
[22:44:23] [yf1_v5] [INFO] 2号位打出['PASS', 'PASS', 'PASS']， 最大动作为0号位打出的['ThreeWithTwo', 'K', ['SK', 'CK', 'CK', 'HT', 'DT']]
[22:44:23] [yf1_v5] [INFO] 3号位打出['PASS', 'PASS', 'PASS']， 最大动作为0号位打出的['ThreeWithTwo', 'K', ['SK', 'CK', 'CK', 'HT', 'DT']]
[22:44:23] [yf1_v5] [INFO] 0号位打出['Pair', 'A', ['SA', 'CA']]， 最大动作为0号位打出的['Pair', 'A', ['SA', 'CA']]
[22:44:23] [YFAdapter-P0] [INFO] [YF-P0] Decision context: myPos=0, curPos=0, greaterPos=0, teammate=2, curAction=[, actionList_size=1
[22:44:23] [YFAdapter-P0] [INFO] [YF-P0] Decided: action_index=0, action=['PASS', 'PASS', 'PASS']
[22:44:23] [yf1_v5] [INFO] 1号位打出['PASS', 'PASS', 'PASS']， 最大动作为0号位打出的['Pair', 'A', ['SA', 'CA']]
[22:44:23] [yf1_v5] [INFO] 2号位打出['PASS', 'PASS', 'PASS']， 最大动作为0号位打出的['Pair', 'A', ['SA', 'CA']]
[22:44:23] [yf1_v5] [INFO] 3号位打出['PASS', 'PASS', 'PASS']， 最大动作为0号位打出的['Pair', 'A', ['SA', 'CA']]
[22:44:23] [yf1_v5] [INFO] 0号位打出['Single', 'B', ['SB']]， 最大动作为0号位打出的['Single', 'B', ['SB']]
[22:44:23] [YFAdapter-P0] [INFO] [YF-P0] Decision context: myPos=0, curPos=0, greaterPos=0, teammate=2, curAction=[, actionList_size=1
[22:44:23] [YFAdapter-P0] [INFO] [YF-P0] Decided: action_index=0, action=['PASS', 'PASS', 'PASS']
[22:44:23] [yf1_v5] [INFO] 1号位打出['PASS', 'PASS', 'PASS']， 最大动作为0号位打出的['Single', 'B', ['SB']]
[22:44:23] [yf1_v5] [INFO] 2号位打出['PASS', 'PASS', 'PASS']， 最大动作为0号位打出的['Single', 'B', ['SB']]
[22:44:23] [yf1_v5] [INFO] 2号位打出['Single', '3', ['H3']]， 最大动作为2号位打出的['Single', '3', ['H3']]
[22:44:23] [yf1_v5] [INFO] 3号位打出['Single', 'Q', ['DQ']]， 最大动作为3号位打出的['Single', 'Q', ['DQ']]
[22:44:23] [YFAdapter-P0] [INFO] [YF-P0] Decision context: myPos=0, curPos=3, greaterPos=3, teammate=2, curAction=[, actionList_size=4
[22:44:23] [YFAdapter-P0] [INFO] [YF-P0] Decided: action_index=0, action=['PASS', 'PASS', 'PASS']
[22:44:23] [yf1_v5] [INFO] 1号位打出['Single', 'A', ['CA']]， 最大动作为1号位打出的['Single', 'A', ['CA']]
[22:44:23] [yf1_v5] [INFO] 2号位打出['PASS', 'PASS', 'PASS']， 最大动作为1号位打出的['Single', 'A', ['CA']]
[22:44:23] [yf1_v5] [INFO] 3号位打出['PASS', 'PASS', 'PASS']， 最大动作为1号位打出的['Single', 'A', ['CA']]
[22:44:23] [YFAdapter-P0] [INFO] [YF-P0] Decision context: myPos=0, curPos=-1, greaterPos=-1, teammate=2, curAction=[, actionList_size=66
[22:44:23] [YFAdapter-P0] [INFO] [YF-P0] Decided: action_index=0, action=['Single', '3', [['S', '3']]]
[22:44:23] [yf1_v5] [INFO] 1号位打出['Single', '3', ['S3']]， 最大动作为1号位打出的['Single', '3', ['S3']]
[22:44:23] [yf1_v5] [INFO] 2号位打出['Single', '8', ['D8']]， 最大动作为2号位打出的['Single', '8', ['D8']]
[22:44:23] [yf1_v5] [INFO] 3号位打出['Single', 'A', ['HA']]， 最大动作为3号位打出的['Single', 'A', ['HA']]
[22:44:23] [YFAdapter-P0] [INFO] [YF-P0] Decision context: myPos=0, curPos=3, greaterPos=3, teammate=2, curAction=[, actionList_size=1
[22:44:23] [YFAdapter-P0] [INFO] [YF-P0] Decided: action_index=0, action=['PASS', 'PASS', 'PASS']
[22:44:23] [yf1_v5] [INFO] 1号位打出['PASS', 'PASS', 'PASS']， 最大动作为3号位打出的['Single', 'A', ['HA']]
[22:44:23] [yf1_v5] [INFO] 2号位打出['Bomb', 'Q', ['SQ', 'HQ', 'CQ', 'DQ']]， 最大动作为2号位打出的['Bomb', 'Q', ['SQ', 'HQ', 'CQ', 'DQ']]
[22:44:23] [yf1_v5] [INFO] 3号位打出['PASS', 'PASS', 'PASS']， 最大动作为2号位打出的['Bomb', 'Q', ['SQ', 'HQ', 'CQ', 'DQ']]
[22:44:23] [YFAdapter-P0] [INFO] [YF-P0] Decision context: myPos=0, curPos=3, greaterPos=2, teammate=2, curAction=[, actionList_size=1
[22:44:23] [YFAdapter-P0] [INFO] [YF-P0] Decided: action_index=0, action=['PASS', 'PASS', 'PASS']
[22:44:23] [yf1_v5] [INFO] 1号位打出['PASS', 'PASS', 'PASS']， 最大动作为2号位打出的['Bomb', 'Q', ['SQ', 'HQ', 'CQ', 'DQ']]
[22:44:23] [yf1_v5] [INFO] 2号位打出['Single', '4', ['D4']]， 最大动作为2号位打出的['Single', '4', ['D4']]
[22:44:23] [yf1_v5] [INFO] 3号位打出['Single', 'A', ['DA']]， 最大动作为3号位打出的['Single', 'A', ['DA']]
[22:44:23] [YFAdapter-P0] [INFO] [YF-P0] Decision context: myPos=0, curPos=3, greaterPos=3, teammate=2, curAction=[, actionList_size=1
[22:44:23] [YFAdapter-P0] [INFO] [YF-P0] Decided: action_index=0, action=['PASS', 'PASS', 'PASS']
[22:44:23] [yf1_v5] [INFO] 1号位打出['PASS', 'PASS', 'PASS']， 最大动作为3号位打出的['Single', 'A', ['DA']]
[22:44:23] [yf1_v5] [INFO] 2号位打出['PASS', 'PASS', 'PASS']， 最大动作为3号位打出的['Single', 'A', ['DA']]
[22:44:23] [yf1_v5] [INFO] 3号位打出['Single', '6', ['S6']]， 最大动作为3号位打出的['Single', '6', ['S6']]
[22:44:23] [YFAdapter-P0] [INFO] [YF-P0] Decision context: myPos=0, curPos=3, greaterPos=3, teammate=2, curAction=[, actionList_size=7
[22:44:23] [YFAdapter-P0] [INFO] [YF-P0] Decided: action_index=0, action=['PASS', 'PASS', 'PASS']
[22:44:23] [yf1_v5] [INFO] 1号位打出['Single', 'A', ['DA']]， 最大动作为1号位打出的['Single', 'A', ['DA']]
[22:44:23] [yf1_v5] [INFO] 2号位打出['PASS', 'PASS', 'PASS']， 最大动作为1号位打出的['Single', 'A', ['DA']]
[22:44:23] [yf1_v5] [INFO] 3号位打出['PASS', 'PASS', 'PASS']， 最大动作为1号位打出的['Single', 'A', ['DA']]
[22:44:23] [YFAdapter-P0] [INFO] [YF-P0] Decision context: myPos=0, curPos=-1, greaterPos=-1, teammate=2, curAction=[, actionList_size=44
[22:44:23] [YFAdapter-P0] [INFO] [YF-P0] Decided: action_index=0, action=['Single', '3', [['H', '3']]]
[22:44:23] [yf1_v5] [INFO] 1号位打出['Single', '3', ['H3']]， 最大动作为1号位打出的['Single', '3', ['H3']]
[22:44:23] [yf1_v5] [INFO] 2号位打出['PASS', 'PASS', 'PASS']， 最大动作为1号位打出的['Single', '3', ['H3']]
[22:44:23] [yf1_v5] [INFO] 3号位打出['Single', 'K', ['HK']]， 最大动作为3号位打出的['Single', 'K', ['HK']]
[22:44:23] [YFAdapter-P0] [INFO] [YF-P0] Decision context: myPos=0, curPos=3, greaterPos=3, teammate=2, curAction=[, actionList_size=1
[22:44:23] [YFAdapter-P0] [INFO] [YF-P0] Decided: action_index=0, action=['PASS', 'PASS', 'PASS']
[22:44:23] [yf1_v5] [INFO] 1号位打出['PASS', 'PASS', 'PASS']， 最大动作为3号位打出的['Single', 'K', ['HK']]
[22:44:23] [yf1_v5] [INFO] 2号位打出['PASS', 'PASS', 'PASS']， 最大动作为3号位打出的['Single', 'K', ['HK']]
[22:44:23] [yf1_v5] [INFO] 3号位打出['Pair', '2', ['H2', 'D2']]， 最大动作为3号位打出的['Pair', '2', ['H2', 'D2']]
[22:44:23] [YFAdapter-P0] [INFO] [YF-P0] Decision context: myPos=0, curPos=3, greaterPos=3, teammate=2, curAction=[, actionList_size=8
[22:44:23] [YFAdapter-P0] [INFO] [YF-P0] Decided: action_index=0, action=['PASS', 'PASS', 'PASS']
[22:44:23] [YFAdapter-P0] [WARNING] [YF-P0] 检测到过于保守: 对手快走完(剩4张), 触发Layer 2/3进行更积极的决策
[22:44:23] [yf1_v5] [INFO] 1号位打出['Pair', '4', ['S4', 'H4']]， 最大动作为1号位打出的['Pair', '4', ['S4', 'H4']]
[22:44:23] [yf1_v5] [INFO] 2号位打出['Pair', 'K', ['SK', 'DK']]， 最大动作为2号位打出的['Pair', 'K', ['SK', 'DK']]
[22:44:23] [yf1_v5] [INFO] 3号位打出['PASS', 'PASS', 'PASS']， 最大动作为2号位打出的['Pair', 'K', ['SK', 'DK']]
[22:44:23] [YFAdapter-P0] [INFO] [YF-P0] Decision context: myPos=0, curPos=3, greaterPos=2, teammate=2, curAction=[, actionList_size=1
[22:44:23] [YFAdapter-P0] [INFO] [YF-P0] Decided: action_index=0, action=['PASS', 'PASS', 'PASS']
[22:44:23] [yf1_v5] [INFO] 1号位打出['PASS', 'PASS', 'PASS']， 最大动作为2号位打出的['Pair', 'K', ['SK', 'DK']]
[22:44:23] [yf1_v5] [INFO] 2号位打出['Straight', '5', ['D5', 'S6', 'S7', 'C8', 'S9']]， 最大动作为2号位打出的['Straight', '5', ['D5', 'S6', 'S7', 'C8', 'S9']]
[22:44:23] [yf1_v5] [INFO] 3号位打出['PASS', 'PASS', 'PASS']， 最大动作为2号位打出的['Straight', '5', ['D5', 'S6', 'S7', 'C8', 'S9']]
[22:44:23] [YFAdapter-P0] [INFO] [YF-P0] Decision context: myPos=0, curPos=3, greaterPos=2, teammate=2, curAction=[, actionList_size=1
[22:44:23] [YFAdapter-P0] [INFO] [YF-P0] Decided: action_index=0, action=['PASS', 'PASS', 'PASS']
[22:44:23] [yf1_v5] [INFO] 1号位打出['PASS', 'PASS', 'PASS']， 最大动作为2号位打出的['Straight', '5', ['D5', 'S6', 'S7', 'C8', 'S9']]
[22:44:23] [yf1_v5] [INFO] 2号位打出['ThreeWithTwo', 'T', ['ST', 'CT', 'DT', 'H9', 'C9']]， 最大动作为2号位打出的['ThreeWithTwo', 'T', ['ST', 'CT', 'DT', 'H9', 'C9']]
[22:44:23] [yf1_v5] [INFO] 3号位打出['PASS', 'PASS', 'PASS']， 最大动作为2号位打出的['ThreeWithTwo', 'T', ['ST', 'CT', 'DT', 'H9', 'C9']]
[22:44:23] [YFAdapter-P0] [INFO] [YF-P0] Decision context: myPos=0, curPos=3, greaterPos=2, teammate=2, curAction=[, actionList_size=1
[22:44:23] [YFAdapter-P0] [INFO] [YF-P0] Decided: action_index=0, action=['PASS', 'PASS', 'PASS']
[22:44:23] [yf1_v5] [INFO] 1号位打出['PASS', 'PASS', 'PASS']， 最大动作为2号位打出的['ThreeWithTwo', 'T', ['ST', 'CT', 'DT', 'H9', 'C9']]
[22:44:23] [yf1_v5] [INFO] 2号位打出['Single', 'K', ['HK']]， 最大动作为2号位打出的['Single', 'K', ['HK']]
[22:44:23] [yf1_v5] [INFO] 游戏开始, 我是1号位，手牌：['S2', 'C2', 'D3', 'C4', 'D4', 'S5', 'S5', 'S6', 'C6', 'D6', 'D7', 'S8', 'C8', 'H9', 'D9', 'ST', 'SJ', 'SJ', 'HQ', 'CQ', 'CK', 'CK', 'SA', 'SA', 'HA', 'DA', 'HR']
[22:44:23] [yf1_v5] [INFO] 0号位打出['Single', '4', ['C4']]， 最大动作为0号位打出的['Single', '4', ['C4']]
[22:44:23] [YFAdapter-P0] [INFO] [YF-P0] Decision context: myPos=0, curPos=0, greaterPos=0, teammate=2, curAction=[, actionList_size=21
[22:44:23] [YFAdapter-P0] [INFO] [YF-P0] Decided: action_index=2, action=['Single', '6', [['S', '6']]]
[22:44:23] [yf1_v5] [INFO] 1号位打出['Single', '6', ['S6']]， 最大动作为1号位打出的['Single', '6', ['S6']]
[22:44:23] [yf1_v5] [INFO] 2号位打出['Single', '9', ['S9']]， 最大动作为2号位打出的['Single', '9', ['S9']]
[22:44:23] [yf1_v5] [INFO] 3号位打出['Single', 'J', ['CJ']]， 最大动作为3号位打出的['Single', 'J', ['CJ']]
[22:44:23] [yf1_v5] [INFO] 0号位打出['Single', 'A', ['DA']]， 最大动作为0号位打出的['Single', 'A', ['DA']]
[22:44:23] [YFAdapter-P0] [INFO] [YF-P0] Decision context: myPos=0, curPos=0, greaterPos=0, teammate=2, curAction=[, actionList_size=3
[22:44:23] [YFAdapter-P0] [INFO] [YF-P0] Decided: action_index=2, action=['Bomb', 'A', [['S', 'A'], ['S', 'A'], ['H', 'A'], ['D', 'A']]]
[22:44:23] [yf1_v5] [INFO] 1号位打出['Bomb', 'A', ['SA', 'SA', 'HA', 'DA']]， 最大动作为1号位打出的['Bomb', 'A', ['SA', 'SA', 'HA', 'DA']]
[22:44:23] [yf1_v5] [INFO] 2号位打出['Bomb', '3', ['S3', 'S3', 'H3', 'C3', 'HA']]， 最大动作为2号位打出的['Bomb', '3', ['S3', 'S3', 'H3', 'C3', 'HA']]
[22:44:23] [yf1_v5] [INFO] 3号位打出['PASS', 'PASS', 'PASS']， 最大动作为2号位打出的['Bomb', '3', ['S3', 'S3', 'H3', 'C3', 'HA']]
[22:44:23] [yf1_v5] [INFO] 0号位打出['PASS', 'PASS', 'PASS']， 最大动作为2号位打出的['Bomb', '3', ['S3', 'S3', 'H3', 'C3', 'HA']]
[22:44:23] [YFAdapter-P0] [INFO] [YF-P0] Decision context: myPos=0, curPos=0, greaterPos=2, teammate=2, curAction=[, actionList_size=1
[22:44:23] [YFAdapter-P0] [INFO] [YF-P0] Decided: action_index=0, action=['PASS', 'PASS', 'PASS']
[22:44:23] [yf1_v5] [INFO] 1号位打出['PASS', 'PASS', 'PASS']， 最大动作为2号位打出的['Bomb', '3', ['S3', 'S3', 'H3', 'C3', 'HA']]
[22:44:23] [yf1_v5] [INFO] 2号位打出['Single', '3', ['D3']]， 最大动作为2号位打出的['Single', '3', ['D3']]
[22:44:23] [yf1_v5] [INFO] 3号位打出['Single', '4', ['H4']]， 最大动作为3号位打出的['Single', '4', ['H4']]
[22:44:23] [yf1_v5] [INFO] 0号位打出['Single', 'J', ['HJ']]， 最大动作为0号位打出的['Single', 'J', ['HJ']]
[22:44:23] [YFAdapter-P0] [INFO] [YF-P0] Decision context: myPos=0, curPos=0, greaterPos=0, teammate=2, curAction=[, actionList_size=5
[22:44:23] [YFAdapter-P0] [INFO] [YF-P0] Decided: action_index=2, action=['Single', 'Q', [['C', 'Q']]]
[22:44:23] [yf1_v5] [INFO] 1号位打出['Single', 'Q', ['CQ']]， 最大动作为1号位打出的['Single', 'Q', ['CQ']]
[22:44:23] [yf1_v5] [INFO] 2号位打出['Single', 'K', ['DK']]， 最大动作为2号位打出的['Single', 'K', ['DK']]
[22:44:23] [yf1_v5] [INFO] 3号位打出['PASS', 'PASS', 'PASS']， 最大动作为2号位打出的['Single', 'K', ['DK']]
[22:44:23] [yf1_v5] [INFO] 0号位打出['Single', 'B', ['SB']]， 最大动作为0号位打出的['Single', 'B', ['SB']]
[22:44:23] [YFAdapter-P0] [INFO] [YF-P0] Decision context: myPos=0, curPos=0, greaterPos=0, teammate=2, curAction=[, actionList_size=2
[22:44:23] [YFAdapter-P0] [INFO] [YF-P0] Decided: action_index=1, action=['Single', 'R', [['H', 'R']]]
[22:44:23] [yf1_v5] [INFO] 1号位打出['Single', 'R', ['HR']]， 最大动作为1号位打出的['Single', 'R', ['HR']]
[22:44:23] [yf1_v5] [INFO] 2号位打出['Bomb', '4', ['S4', 'S4', 'H4', 'D4']]， 最大动作为2号位打出的['Bomb', '4', ['S4', 'S4', 'H4', 'D4']]
[22:44:23] [yf1_v5] [INFO] 3号位打出['PASS', 'PASS', 'PASS']， 最大动作为2号位打出的['Bomb', '4', ['S4', 'S4', 'H4', 'D4']]
[22:44:23] [yf1_v5] [INFO] 0号位打出['PASS', 'PASS', 'PASS']， 最大动作为2号位打出的['Bomb', '4', ['S4', 'S4', 'H4', 'D4']]
[22:44:23] [YFAdapter-P0] [INFO] [YF-P0] Decision context: myPos=0, curPos=0, greaterPos=2, teammate=2, curAction=[, actionList_size=1
[22:44:23] [YFAdapter-P0] [INFO] [YF-P0] Decided: action_index=0, action=['PASS', 'PASS', 'PASS']
[22:44:23] [yf1_v5] [INFO] 1号位打出['PASS', 'PASS', 'PASS']， 最大动作为2号位打出的['Bomb', '4', ['S4', 'S4', 'H4', 'D4']]
[22:44:23] [yf1_v5] [INFO] 2号位打出['Single', '6', ['S6']]， 最大动作为2号位打出的['Single', '6', ['S6']]
[22:44:23] [yf1_v5] [INFO] 3号位打出['Single', '8', ['C8']]， 最大动作为3号位打出的['Single', '8', ['C8']]
[22:44:23] [yf1_v5] [INFO] 0号位打出['PASS', 'PASS', 'PASS']， 最大动作为3号位打出的['Single', '8', ['C8']]
[22:44:23] [YFAdapter-P0] [INFO] [YF-P0] Decision context: myPos=0, curPos=0, greaterPos=3, teammate=2, curAction=[, actionList_size=7
[22:44:23] [YFAdapter-P0] [INFO] [YF-P0] Decided: action_index=0, action=['PASS', 'PASS', 'PASS']
[22:44:23] [yf1_v5] [INFO] 1号位打出['Single', 'J', ['SJ']]， 最大动作为1号位打出的['Single', 'J', ['SJ']]
[22:44:23] [yf1_v5] [INFO] 2号位打出['Single', 'A', ['CA']]， 最大动作为2号位打出的['Single', 'A', ['CA']]
[22:44:23] [yf1_v5] [INFO] 3号位打出['Bomb', 'Q', ['SQ', 'SQ', 'CQ', 'DQ']]， 最大动作为3号位打出的['Bomb', 'Q', ['SQ', 'SQ', 'CQ', 'DQ']]
[22:44:23] [yf1_v5] [INFO] 0号位打出['PASS', 'PASS', 'PASS']， 最大动作为3号位打出的['Bomb', 'Q', ['SQ', 'SQ', 'CQ', 'DQ']]
[22:44:23] [YFAdapter-P0] [INFO] [YF-P0] Decision context: myPos=0, curPos=0, greaterPos=3, teammate=2, curAction=[, actionList_size=1
[22:44:23] [YFAdapter-P0] [INFO] [YF-P0] Decided: action_index=0, action=['PASS', 'PASS', 'PASS']
[22:44:23] [yf1_v5] [INFO] 1号位打出['PASS', 'PASS', 'PASS']， 最大动作为3号位打出的['Bomb', 'Q', ['SQ', 'SQ', 'CQ', 'DQ']]
[22:44:23] [yf1_v5] [INFO] 2号位打出['PASS', 'PASS', 'PASS']， 最大动作为3号位打出的['Bomb', 'Q', ['SQ', 'SQ', 'CQ', 'DQ']]
[22:44:23] [yf1_v5] [INFO] 3号位打出['Single', '5', ['D5']]， 最大动作为3号位打出的['Single', '5', ['D5']]
[22:44:23] [yf1_v5] [INFO] 0号位打出['Single', 'K', ['DK']]， 最大动作为0号位打出的['Single', 'K', ['DK']]
[22:44:23] [YFAdapter-P0] [INFO] [YF-P0] Decision context: myPos=0, curPos=0, greaterPos=0, teammate=2, curAction=[, actionList_size=1
[22:44:23] [YFAdapter-P0] [INFO] [YF-P0] Decided: action_index=0, action=['PASS', 'PASS', 'PASS']
[22:44:23] [yf1_v5] [INFO] 1号位打出['PASS', 'PASS', 'PASS']， 最大动作为0号位打出的['Single', 'K', ['DK']]
[22:44:23] [yf1_v5] [INFO] 2号位打出['Single', 'B', ['SB']]， 最大动作为2号位打出的['Single', 'B', ['SB']]
[22:44:23] [yf1_v5] [INFO] 3号位打出['PASS', 'PASS', 'PASS']， 最大动作为2号位打出的['Single', 'B', ['SB']]
[22:44:23] [yf1_v5] [INFO] 0号位打出['PASS', 'PASS', 'PASS']， 最大动作为2号位打出的['Single', 'B', ['SB']]
[22:44:23] [YFAdapter-P0] [INFO] [YF-P0] Decision context: myPos=0, curPos=0, greaterPos=2, teammate=2, curAction=[, actionList_size=1
[22:44:23] [YFAdapter-P0] [INFO] [YF-P0] Decided: action_index=0, action=['PASS', 'PASS', 'PASS']
[22:44:23] [yf1_v5] [INFO] 1号位打出['PASS', 'PASS', 'PASS']， 最大动作为2号位打出的['Single', 'B', ['SB']]
[22:44:23] [yf1_v5] [INFO] 2号位打出['Pair', 'T', ['ST', 'DT']]， 最大动作为2号位打出的['Pair', 'T', ['ST', 'DT']]
[22:44:23] [yf1_v5] [INFO] 3号位打出['Pair', 'K', ['HK', 'HK']]， 最大动作为3号位打出的['Pair', 'K', ['HK', 'HK']]
[22:44:23] [yf1_v5] [INFO] 0号位打出['PASS', 'PASS', 'PASS']， 最大动作为3号位打出的['Pair', 'K', ['HK', 'HK']]
[22:44:23] [YFAdapter-P0] [INFO] [YF-P0] Decision context: myPos=0, curPos=0, greaterPos=3, teammate=2, curAction=[, actionList_size=1
[22:44:23] [YFAdapter-P0] [INFO] [YF-P0] Decided: action_index=0, action=['PASS', 'PASS', 'PASS']
[22:44:23] [yf1_v5] [INFO] 1号位打出['PASS', 'PASS', 'PASS']， 最大动作为3号位打出的['Pair', 'K', ['HK', 'HK']]
[22:44:23] [yf1_v5] [INFO] 2号位打出['PASS', 'PASS', 'PASS']， 最大动作为3号位打出的['Pair', 'K', ['HK', 'HK']]
[22:44:23] [yf1_v5] [INFO] 3号位打出['Single', '6', ['H6']]， 最大动作为3号位打出的['Single', '6', ['H6']]
[22:44:23] [yf1_v5] [INFO] 0号位打出['Single', 'K', ['SK']]， 最大动作为0号位打出的['Single', 'K', ['SK']]
[22:44:23] [YFAdapter-P0] [INFO] [YF-P0] Decision context: myPos=0, curPos=0, greaterPos=0, teammate=2, curAction=[, actionList_size=1
[22:44:23] [YFAdapter-P0] [INFO] [YF-P0] Decided: action_index=0, action=['PASS', 'PASS', 'PASS']
[22:44:23] [yf1_v5] [INFO] 1号位打出['PASS', 'PASS', 'PASS']， 最大动作为0号位打出的['Single', 'K', ['SK']]
[22:44:23] [yf1_v5] [INFO] 2号位打出['PASS', 'PASS', 'PASS']， 最大动作为0号位打出的['Single', 'K', ['SK']]
[22:44:23] [yf1_v5] [INFO] 3号位打出['PASS', 'PASS', 'PASS']， 最大动作为0号位打出的['Single', 'K', ['SK']]
[22:44:23] [yf1_v5] [INFO] 0号位打出['Single', '2', ['S2']]， 最大动作为0号位打出的['Single', '2', ['S2']]
[22:44:23] [YFAdapter-P0] [INFO] [YF-P0] Decision context: myPos=0, curPos=0, greaterPos=0, teammate=2, curAction=[, actionList_size=16
[22:44:23] [YFAdapter-P0] [INFO] [YF-P0] Decided: action_index=0, action=['PASS', 'PASS', 'PASS']
[22:44:23] [yf1_v5] [INFO] 1号位打出['PASS', 'PASS', 'PASS']， 最大动作为0号位打出的['Single', '2', ['S2']]
[22:44:23] [yf1_v5] [INFO] 2号位打出['Single', 'J', ['DJ']]， 最大动作为2号位打出的['Single', 'J', ['DJ']]
[22:44:23] [yf1_v5] [INFO] 3号位打出['Single', 'K', ['SK']]， 最大动作为3号位打出的['Single', 'K', ['SK']]
[22:44:23] [yf1_v5] [INFO] 0号位打出['PASS', 'PASS', 'PASS']， 最大动作为3号位打出的['Single', 'K', ['SK']]
[22:44:23] [YFAdapter-P0] [INFO] [YF-P0] Decision context: myPos=0, curPos=0, greaterPos=3, teammate=2, curAction=[, actionList_size=1
[22:44:23] [YFAdapter-P0] [INFO] [YF-P0] Decided: action_index=0, action=['PASS', 'PASS', 'PASS']
[22:44:23] [yf1_v5] [INFO] 1号位打出['PASS', 'PASS', 'PASS']， 最大动作为3号位打出的['Single', 'K', ['SK']]
[22:44:23] [yf1_v5] [INFO] 2号位打出['PASS', 'PASS', 'PASS']， 最大动作为3号位打出的['Single', 'K', ['SK']]
[22:44:23] [yf1_v5] [INFO] 3号位打出['Single', '8', ['H8']]， 最大动作为3号位打出的['Single', '8', ['H8']]
[22:44:23] [yf1_v5] [INFO] 0号位打出['PASS', 'PASS', 'PASS']， 最大动作为3号位打出的['Single', '8', ['H8']]
[22:44:23] [YFAdapter-P0] [INFO] [YF-P0] Decision context: myPos=0, curPos=0, greaterPos=3, teammate=2, curAction=[, actionList_size=7
[22:44:23] [YFAdapter-P0] [INFO] [YF-P0] Decided: action_index=0, action=['PASS', 'PASS', 'PASS']
[22:44:23] [yf1_v5] [INFO] 1号位打出['Single', 'J', ['SJ']]， 最大动作为1号位打出的['Single', 'J', ['SJ']]
[22:44:23] [yf1_v5] [INFO] 2号位打出['PASS', 'PASS', 'PASS']， 最大动作为1号位打出的['Single', 'J', ['SJ']]
[22:44:23] [yf1_v5] [INFO] 3号位打出['Single', 'A', ['CA']]， 最大动作为3号位打出的['Single', 'A', ['CA']]
[22:44:23] [yf1_v5] [INFO] 0号位打出['Bomb', '8', ['S8', 'H8', 'D8', 'D8']]， 最大动作为0号位打出的['Bomb', '8', ['S8', 'H8', 'D8', 'D8']]
[22:44:23] [YFAdapter-P0] [INFO] [YF-P0] Decision context: myPos=0, curPos=0, greaterPos=0, teammate=2, curAction=[, actionList_size=1
[22:44:23] [YFAdapter-P0] [INFO] [YF-P0] Decided: action_index=0, action=['PASS', 'PASS', 'PASS']
[22:44:23] [yf1_v5] [INFO] 1号位打出['PASS', 'PASS', 'PASS']， 最大动作为0号位打出的['Bomb', '8', ['S8', 'H8', 'D8', 'D8']]
[22:44:23] [yf1_v5] [INFO] 2号位打出['PASS', 'PASS', 'PASS']， 最大动作为0号位打出的['Bomb', '8', ['S8', 'H8', 'D8', 'D8']]
[22:44:23] [yf1_v5] [INFO] 3号位打出['PASS', 'PASS', 'PASS']， 最大动作为0号位打出的['Bomb', '8', ['S8', 'H8', 'D8', 'D8']]
[22:44:23] [yf1_v5] [INFO] 0号位打出['Single', '2', ['H2']]， 最大动作为0号位打出的['Single', '2', ['H2']]
[22:44:23] [YFAdapter-P0] [INFO] [YF-P0] Decision context: myPos=0, curPos=0, greaterPos=0, teammate=2, curAction=[, actionList_size=15
[22:44:23] [YFAdapter-P0] [INFO] [YF-P0] Decided: action_index=5, action=['Single', '6', [['C', '6']]]
[22:44:23] [yf1_v5] [INFO] 1号位打出['Single', '6', ['C6']]， 最大动作为1号位打出的['Single', '6', ['C6']]
[22:44:23] [yf1_v5] [INFO] 2号位打出['PASS', 'PASS', 'PASS']， 最大动作为1号位打出的['Single', '6', ['C6']]
[22:44:23] [yf1_v5] [INFO] 3号位打出['Single', 'R', ['HR']]， 最大动作为3号位打出的['Single', 'R', ['HR']]
[22:44:23] [yf1_v5] [INFO] 0号位打出['PASS', 'PASS', 'PASS']， 最大动作为3号位打出的['Single', 'R', ['HR']]
[22:44:23] [YFAdapter-P0] [INFO] [YF-P0] Decision context: myPos=0, curPos=0, greaterPos=3, teammate=2, curAction=[, actionList_size=1
[22:44:23] [YFAdapter-P0] [INFO] [YF-P0] Decided: action_index=0, action=['PASS', 'PASS', 'PASS']
[22:44:23] [yf1_v5] [INFO] 1号位打出['PASS', 'PASS', 'PASS']， 最大动作为3号位打出的['Single', 'R', ['HR']]
[22:44:23] [yf1_v5] [INFO] 2号位打出['Bomb', '7', ['H7', 'C7', 'C7', 'D7']]， 最大动作为2号位打出的['Bomb', '7', ['H7', 'C7', 'C7', 'D7']]
[22:44:23] [yf1_v5] [INFO] 3号位打出['PASS', 'PASS', 'PASS']， 最大动作为2号位打出的['Bomb', '7', ['H7', 'C7', 'C7', 'D7']]
[22:44:23] [yf1_v5] [INFO] 0号位打出['PASS', 'PASS', 'PASS']， 最大动作为2号位打出的['Bomb', '7', ['H7', 'C7', 'C7', 'D7']]
[22:44:23] [YFAdapter-P0] [INFO] [YF-P0] Decision context: myPos=0, curPos=0, greaterPos=2, teammate=2, curAction=[, actionList_size=1
[22:44:23] [YFAdapter-P0] [INFO] [YF-P0] Decided: action_index=0, action=['PASS', 'PASS', 'PASS']
[22:44:23] [yf1_v5] [INFO] 1号位打出['PASS', 'PASS', 'PASS']， 最大动作为2号位打出的['Bomb', '7', ['H7', 'C7', 'C7', 'D7']]
[22:44:23] [yf1_v5] [INFO] 2号位打出['ThreeWithTwo', '5', ['H5', 'H5', 'C5', 'C2', 'D2']]， 最大动作为2号位打出的['ThreeWithTwo', '5', ['H5', 'H5', 'C5', 'C2', 'D2']]
[22:44:23] [yf1_v5] [INFO] 3号位打出['PASS', 'PASS', 'PASS']， 最大动作为2号位打出的['ThreeWithTwo', '5', ['H5', 'H5', 'C5', 'C2', 'D2']]
[22:44:23] [yf1_v5] [INFO] 0号位打出['ThreeWithTwo', '6', ['H6', 'C6', 'D6', 'C5', 'D5']]， 最大动作为0号位打出的['ThreeWithTwo', '6', ['H6', 'C6', 'D6', 'C5', 'D5']]
[22:44:23] [YFAdapter-P0] [INFO] [YF-P0] Decision context: myPos=0, curPos=0, greaterPos=0, teammate=2, curAction=[, actionList_size=1
[22:44:23] [YFAdapter-P0] [INFO] [YF-P0] Decided: action_index=0, action=['PASS', 'PASS', 'PASS']
[22:44:23] [yf1_v5] [INFO] 1号位打出['PASS', 'PASS', 'PASS']， 最大动作为0号位打出的['ThreeWithTwo', '6', ['H6', 'C6', 'D6', 'C5', 'D5']]
[22:44:23] [yf1_v5] [INFO] 3号位打出['ThreeWithTwo', 'J', ['HJ', 'CJ', 'DJ', 'H2', 'D2']]， 最大动作为3号位打出的['ThreeWithTwo', 'J', ['HJ', 'CJ', 'DJ', 'H2', 'D2']]
[22:44:23] [yf1_v5] [INFO] 0号位打出['PASS', 'PASS', 'PASS']， 最大动作为3号位打出的['ThreeWithTwo', 'J', ['HJ', 'CJ', 'DJ', 'H2', 'D2']]
[22:44:23] [YFAdapter-P0] [INFO] [YF-P0] Decision context: myPos=0, curPos=0, greaterPos=3, teammate=2, curAction=[, actionList_size=1
[22:44:23] [YFAdapter-P0] [INFO] [YF-P0] Decided: action_index=0, action=['PASS', 'PASS', 'PASS']
[22:44:23] [yf1_v5] [INFO] 1号位打出['PASS', 'PASS', 'PASS']， 最大动作为3号位打出的['ThreeWithTwo', 'J', ['HJ', 'CJ', 'DJ', 'H2', 'D2']]
[22:44:23] [yf1_v5] [INFO] 3号位打出['Pair', 'T', ['CT', 'DT']]， 最大动作为3号位打出的['Pair', 'T', ['CT', 'DT']]
[22:44:23] [yf1_v5] [INFO] 0号位打出['Pair', 'Q', ['HQ', 'DQ']]， 最大动作为0号位打出的['Pair', 'Q', ['HQ', 'DQ']]
[22:44:23] [YFAdapter-P0] [INFO] [YF-P0] Decision context: myPos=0, curPos=0, greaterPos=0, teammate=2, curAction=[, actionList_size=2
[22:44:23] [YFAdapter-P0] [INFO] [YF-P0] Decided: action_index=0, action=['PASS', 'PASS', 'PASS']
[22:44:23] [YFAdapter-P0] [WARNING] [YF-P0] 检测到过于保守: 对手快走完(剩5张), 触发Layer 2/3进行更积极的决策
[22:44:23] [yf1_v5] [INFO] 1号位打出['Pair', 'K', ['CK', 'CK']]， 最大动作为1号位打出的['Pair', 'K', ['CK', 'CK']]
[22:44:23] [yf1_v5] [INFO] 3号位打出['PASS', 'PASS', 'PASS']， 最大动作为1号位打出的['Pair', 'K', ['CK', 'CK']]
[22:44:23] [yf1_v5] [INFO] 0号位打出['PASS', 'PASS', 'PASS']， 最大动作为1号位打出的['Pair', 'K', ['CK', 'CK']]
[22:44:23] [YFAdapter-P0] [INFO] [YF-P0] Decision context: myPos=0, curPos=-1, greaterPos=-1, teammate=2, curAction=[, actionList_size=37
[22:44:23] [YFAdapter-P0] [INFO] [YF-P0] Decided: action_index=2, action=['Single', '3', [['D', '3']]]
[22:44:23] [yf1_v5] [INFO] 1号位打出['Pair', '2', ['S2', 'C2']]， 最大动作为1号位打出的['Pair', '2', ['S2', 'C2']]
[22:44:23] [yf1_v5] [INFO] 3号位打出['Pair', '3', ['H3', 'C3']]， 最大动作为3号位打出的['Pair', '3', ['H3', 'C3']]
[22:44:24] [yf1_v5] [INFO] 0号位打出['Pair', 'T', ['HT', 'CT']]， 最大动作为0号位打出的['Pair', 'T', ['HT', 'CT']]
[22:44:24] [YFAdapter-P0] [INFO] [YF-P0] Decision context: myPos=0, curPos=0, greaterPos=0, teammate=2, curAction=[, actionList_size=1
[22:44:24] [YFAdapter-P0] [INFO] [YF-P0] Decided: action_index=0, action=['PASS', 'PASS', 'PASS']
[22:44:24] [yf1_v5] [INFO] 1号位打出['PASS', 'PASS', 'PASS']， 最大动作为0号位打出的['Pair', 'T', ['HT', 'CT']]
[22:44:24] [yf1_v5] [INFO] 3号位打出['PASS', 'PASS', 'PASS']， 最大动作为0号位打出的['Pair', 'T', ['HT', 'CT']]
[22:44:24] [yf1_v5] [INFO] 0号位打出['ThreeWithTwo', '7', ['S7', 'S7', 'H7', 'S9', 'H9']]， 最大动作为0号位打出的['ThreeWithTwo', '7', ['S7', 'S7', 'H7', 'S9', 'H9']]
[22:44:24] [YFAdapter-P0] [INFO] [YF-P0] Decision context: myPos=0, curPos=0, greaterPos=0, teammate=2, curAction=[, actionList_size=1
[22:44:24] [YFAdapter-P0] [INFO] [YF-P0] Decided: action_index=0, action=['PASS', 'PASS', 'PASS']
[22:44:24] [yf1_v5] [INFO] 1号位打出['PASS', 'PASS', 'PASS']， 最大动作为0号位打出的['ThreeWithTwo', '7', ['S7', 'S7', 'H7', 'S9', 'H9']]
[22:44:24] [yf1_v5] [INFO] 3号位打出['PASS', 'PASS', 'PASS']， 最大动作为0号位打出的['ThreeWithTwo', '7', ['S7', 'S7', 'H7', 'S9', 'H9']]
[22:44:24] [yf1_v5] [INFO] 0号位打出['Single', 'T', ['HT']]， 最大动作为0号位打出的['Single', 'T', ['HT']]
[22:44:24] [yf1_v5] [INFO] 游戏开始, 我是1号位，手牌：['C3', 'S4', 'S4', 'C4', 'C4', 'S5', 'D5', 'S7', 'H7', 'H8', 'S9', 'C9', 'ST', 'CT', 'DT', 'SJ', 'HJ', 'DQ', 'SK', 'SK', 'HK', 'DK', 'HA', 'HA', 'S2', 'H2', 'H2']
[22:44:24] [yf1_v5] [INFO] 0号位打出['Single', '4', ['H4']]， 最大动作为0号位打出的['Single', '4', ['H4']]
[22:44:24] [YFAdapter-P0] [INFO] [YF-P0] Decision context: myPos=0, curPos=0, greaterPos=0, teammate=2, curAction=[, actionList_size=55
[22:44:24] [YFAdapter-P0] [INFO] [YF-P0] Decided: action_index=2, action=['Single', '5', [['D', '5']]]
[22:44:24] [yf1_v5] [INFO] 1号位打出['Single', '5', ['D5']]， 最大动作为1号位打出的['Single', '5', ['D5']]
[22:44:24] [yf1_v5] [INFO] 2号位打出['Single', '7', ['C7']]， 最大动作为2号位打出的['Single', '7', ['C7']]
[22:44:24] [yf1_v5] [INFO] 3号位打出['Single', '2', ['S2']]， 最大动作为3号位打出的['Single', '2', ['S2']]
[22:44:24] [yf1_v5] [INFO] 0号位打出['Single', 'B', ['SB']]， 最大动作为0号位打出的['Single', 'B', ['SB']]
[22:44:24] [YFAdapter-P0] [INFO] [YF-P0] Decision context: myPos=0, curPos=0, greaterPos=0, teammate=2, curAction=[, actionList_size=35
[22:44:24] [YFAdapter-P0] [INFO] [YF-P0] Decided: action_index=24, action=['Bomb', '4', [['S', '4'], ['S', '4'], ['C', '4'], ['H', '2'], ['H', '2']]]
[22:44:24] [yf1_v5] [INFO] 1号位打出['Bomb', '4', ['S4', 'S4', 'C4', 'H2', 'H2']]， 最大动作为1号位打出的['Bomb', '4', ['S4', 'S4', 'C4', 'H2', 'H2']]
[22:44:24] [yf1_v5] [INFO] 2号位打出['PASS', 'PASS', 'PASS']， 最大动作为1号位打出的['Bomb', '4', ['S4', 'S4', 'C4', 'H2', 'H2']]
[22:44:24] [yf1_v5] [INFO] 3号位打出['PASS', 'PASS', 'PASS']， 最大动作为1号位打出的['Bomb', '4', ['S4', 'S4', 'C4', 'H2', 'H2']]
[22:44:24] [yf1_v5] [INFO] 0号位打出['PASS', 'PASS', 'PASS']， 最大动作为1号位打出的['Bomb', '4', ['S4', 'S4', 'C4', 'H2', 'H2']]
[22:44:24] [YFAdapter-P0] [INFO] [YF-P0] Decision context: myPos=0, curPos=-1, greaterPos=-1, teammate=2, curAction=[, actionList_size=158
[22:44:24] [YFAdapter-P0] [INFO] [YF-P0] Decided: action_index=0, action=['Single', '3', [['C', '3']]]
[22:44:24] [yf1_v5] [INFO] 1号位打出['Single', '3', ['C3']]， 最大动作为1号位打出的['Single', '3', ['C3']]
[22:44:24] [yf1_v5] [INFO] 2号位打出['Single', '8', ['S8']]， 最大动作为2号位打出的['Single', '8', ['S8']]
[22:44:24] [yf1_v5] [INFO] 3号位打出['Single', '2', ['D2']]， 最大动作为3号位打出的['Single', '2', ['D2']]
[22:44:24] [yf1_v5] [INFO] 0号位打出['Single', 'R', ['HR']]， 最大动作为0号位打出的['Single', 'R', ['HR']]
[22:44:24] [YFAdapter-P0] [INFO] [YF-P0] Decision context: myPos=0, curPos=0, greaterPos=0, teammate=2, curAction=[, actionList_size=2
[22:44:24] [YFAdapter-P0] [INFO] [YF-P0] Decided: action_index=0, action=['PASS', 'PASS', 'PASS']
[22:44:24] [yf1_v5] [INFO] 1号位打出['PASS', 'PASS', 'PASS']， 最大动作为0号位打出的['Single', 'R', ['HR']]
[22:44:24] [yf1_v5] [INFO] 2号位打出['PASS', 'PASS', 'PASS']， 最大动作为0号位打出的['Single', 'R', ['HR']]
[22:44:24] [yf1_v5] [INFO] 3号位打出['PASS', 'PASS', 'PASS']， 最大动作为0号位打出的['Single', 'R', ['HR']]
[22:44:24] [yf1_v5] [INFO] 0号位打出['Pair', '3', ['S3', 'D3']]， 最大动作为0号位打出的['Pair', '3', ['S3', 'D3']]
[22:44:24] [YFAdapter-P0] [INFO] [YF-P0] Decision context: myPos=0, curPos=0, greaterPos=0, teammate=2, curAction=[, actionList_size=13
[22:44:24] [YFAdapter-P0] [INFO] [YF-P0] Decided: action_index=6, action=['Pair', 'J', [['S', 'J'], ['H', 'J']]]
[22:44:24] [yf1_v5] [INFO] 1号位打出['Pair', 'J', ['SJ', 'HJ']]， 最大动作为1号位打出的['Pair', 'J', ['SJ', 'HJ']]
[22:44:24] [yf1_v5] [INFO] 2号位打出['Pair', 'A', ['CA', 'DA']]， 最大动作为2号位打出的['Pair', 'A', ['CA', 'DA']]
[22:44:24] [yf1_v5] [INFO] 3号位打出['PASS', 'PASS', 'PASS']， 最大动作为2号位打出的['Pair', 'A', ['CA', 'DA']]
[22:44:24] [yf1_v5] [INFO] 0号位打出['PASS', 'PASS', 'PASS']， 最大动作为2号位打出的['Pair', 'A', ['CA', 'DA']]
[22:44:24] [YFAdapter-P0] [INFO] [YF-P0] Decision context: myPos=0, curPos=0, greaterPos=2, teammate=2, curAction=[, actionList_size=2
[22:44:24] [YFAdapter-P0] [INFO] [YF-P0] Decided: action_index=0, action=['PASS', 'PASS', 'PASS']
[22:44:24] [yf1_v5] [INFO] 1号位打出['PASS', 'PASS', 'PASS']， 最大动作为2号位打出的['Pair', 'A', ['CA', 'DA']]
[22:44:24] [yf1_v5] [INFO] 2号位打出['Straight', '4', ['D4', 'C5', 'S6', 'S7', 'S8']]， 最大动作为2号位打出的['Straight', '4', ['D4', 'C5', 'S6', 'S7', 'S8']]
[22:44:24] [yf1_v5] [INFO] 3号位打出['Straight', '5', ['H5', 'C6', 'D7', 'C8', 'H9']]， 最大动作为3号位打出的['Straight', '5', ['H5', 'C6', 'D7', 'C8', 'H9']]
[22:44:24] [yf1_v5] [INFO] 0号位打出['PASS', 'PASS', 'PASS']， 最大动作为3号位打出的['Straight', '5', ['H5', 'C6', 'D7', 'C8', 'H9']]
[22:44:24] [YFAdapter-P0] [INFO] [YF-P0] Decision context: myPos=0, curPos=0, greaterPos=3, teammate=2, curAction=[, actionList_size=2
[22:44:24] [YFAdapter-P0] [INFO] [YF-P0] Decided: action_index=0, action=['PASS', 'PASS', 'PASS']
[22:44:24] [yf1_v5] [INFO] 1号位打出['Bomb', 'K', ['SK', 'SK', 'HK', 'DK']]， 最大动作为1号位打出的['Bomb', 'K', ['SK', 'SK', 'HK', 'DK']]
[22:44:24] [yf1_v5] [INFO] 2号位打出['PASS', 'PASS', 'PASS']， 最大动作为1号位打出的['Bomb', 'K', ['SK', 'SK', 'HK', 'DK']]
[22:44:24] [yf1_v5] [INFO] 3号位打出['PASS', 'PASS', 'PASS']， 最大动作为1号位打出的['Bomb', 'K', ['SK', 'SK', 'HK', 'DK']]
[22:44:24] [yf1_v5] [INFO] 0号位打出['PASS', 'PASS', 'PASS']， 最大动作为1号位打出的['Bomb', 'K', ['SK', 'SK', 'HK', 'DK']]
[22:44:24] [YFAdapter-P0] [INFO] [YF-P0] Decision context: myPos=0, curPos=-1, greaterPos=-1, teammate=2, curAction=[, actionList_size=23
[22:44:24] [YFAdapter-P0] [INFO] [YF-P0] Decided: action_index=0, action=['Single', '4', [['C', '4']]]
[22:44:24] [yf1_v5] [INFO] 1号位打出['Single', '4', ['C4']]， 最大动作为1号位打出的['Single', '4', ['C4']]
[22:44:24] [yf1_v5] [INFO] 2号位打出['Single', 'J', ['DJ']]， 最大动作为2号位打出的['Single', 'J', ['DJ']]
[22:44:24] [yf1_v5] [INFO] 3号位打出['Single', 'A', ['SA']]， 最大动作为3号位打出的['Single', 'A', ['SA']]
[22:44:24] [yf1_v5] [INFO] 0号位打出['PASS', 'PASS', 'PASS']， 最大动作为3号位打出的['Single', 'A', ['SA']]
[22:44:24] [YFAdapter-P0] [INFO] [YF-P0] Decision context: myPos=0, curPos=0, greaterPos=3, teammate=2, curAction=[, actionList_size=2
[22:44:24] [YFAdapter-P0] [INFO] [YF-P0] Decided: action_index=0, action=['PASS', 'PASS', 'PASS']
[22:44:24] [yf1_v5] [INFO] 1号位打出['Single', '2', ['S2']]， 最大动作为1号位打出的['Single', '2', ['S2']]
[22:44:24] [yf1_v5] [INFO] 2号位打出['Bomb', 'Q', ['SQ', 'HQ', 'CQ', 'DQ']]， 最大动作为2号位打出的['Bomb', 'Q', ['SQ', 'HQ', 'CQ', 'DQ']]
[22:44:24] [yf1_v5] [INFO] 3号位打出['PASS', 'PASS', 'PASS']， 最大动作为2号位打出的['Bomb', 'Q', ['SQ', 'HQ', 'CQ', 'DQ']]
[22:44:24] [yf1_v5] [INFO] 0号位打出['PASS', 'PASS', 'PASS']， 最大动作为2号位打出的['Bomb', 'Q', ['SQ', 'HQ', 'CQ', 'DQ']]
[22:44:24] [YFAdapter-P0] [INFO] [YF-P0] Decision context: myPos=0, curPos=0, greaterPos=2, teammate=2, curAction=[, actionList_size=1
[22:44:24] [YFAdapter-P0] [INFO] [YF-P0] Decided: action_index=0, action=['PASS', 'PASS', 'PASS']
[22:44:24] [yf1_v5] [INFO] 1号位打出['PASS', 'PASS', 'PASS']， 最大动作为2号位打出的['Bomb', 'Q', ['SQ', 'HQ', 'CQ', 'DQ']]
[22:44:24] [yf1_v5] [INFO] 2号位打出['ThreeWithTwo', 'T', ['ST', 'HT', 'CT', 'H3', 'H3']]， 最大动作为2号位打出的['ThreeWithTwo', 'T', ['ST', 'HT', 'CT', 'H3', 'H3']]
[22:44:24] [yf1_v5] [INFO] 3号位打出['PASS', 'PASS', 'PASS']， 最大动作为2号位打出的['ThreeWithTwo', 'T', ['ST', 'HT', 'CT', 'H3', 'H3']]
[22:44:24] [yf1_v5] [INFO] 0号位打出['ThreeWithTwo', 'Q', ['SQ', 'HQ', 'CQ', 'H7', 'C7']]， 最大动作为0号位打出的['ThreeWithTwo', 'Q', ['SQ', 'HQ', 'CQ', 'H7', 'C7']]
[22:44:24] [YFAdapter-P0] [INFO] [YF-P0] Decision context: myPos=0, curPos=0, greaterPos=0, teammate=2, curAction=[, actionList_size=1
[22:44:24] [YFAdapter-P0] [INFO] [YF-P0] Decided: action_index=0, action=['PASS', 'PASS', 'PASS']
[22:44:24] [yf1_v5] [INFO] 1号位打出['PASS', 'PASS', 'PASS']， 最大动作为0号位打出的['ThreeWithTwo', 'Q', ['SQ', 'HQ', 'CQ', 'H7', 'C7']]
[22:44:24] [yf1_v5] [INFO] 2号位打出['PASS', 'PASS', 'PASS']， 最大动作为0号位打出的['ThreeWithTwo', 'Q', ['SQ', 'HQ', 'CQ', 'H7', 'C7']]
[22:44:24] [yf1_v5] [INFO] 3号位打出['PASS', 'PASS', 'PASS']， 最大动作为0号位打出的['ThreeWithTwo', 'Q', ['SQ', 'HQ', 'CQ', 'H7', 'C7']]
[22:44:24] [yf1_v5] [INFO] 0号位打出['Pair', '8', ['C8', 'D8']]， 最大动作为0号位打出的['Pair', '8', ['C8', 'D8']]
[22:44:24] [YFAdapter-P0] [INFO] [YF-P0] Decision context: myPos=0, curPos=0, greaterPos=0, teammate=2, curAction=[, actionList_size=6
[22:44:24] [YFAdapter-P0] [INFO] [YF-P0] Decided: action_index=3, action=['Pair', 'T', [['S', 'T'], ['C', 'T']]]
[22:44:24] [yf1_v5] [INFO] 1号位打出['Pair', 'T', ['ST', 'CT']]， 最大动作为1号位打出的['Pair', 'T', ['ST', 'CT']]
[22:44:24] [yf1_v5] [INFO] 2号位打出['Pair', '2', ['C2', 'D2']]， 最大动作为2号位打出的['Pair', '2', ['C2', 'D2']]
[22:44:24] [yf1_v5] [INFO] 3号位打出['PASS', 'PASS', 'PASS']， 最大动作为2号位打出的['Pair', '2', ['C2', 'D2']]
[22:44:24] [yf1_v5] [INFO] 0号位打出['PASS', 'PASS', 'PASS']， 最大动作为2号位打出的['Pair', '2', ['C2', 'D2']]
[22:44:24] [YFAdapter-P0] [INFO] [YF-P0] Decision context: myPos=0, curPos=0, greaterPos=2, teammate=2, curAction=[, actionList_size=1
[22:44:24] [YFAdapter-P0] [INFO] [YF-P0] Decided: action_index=0, action=['PASS', 'PASS', 'PASS']
[22:44:24] [yf1_v5] [INFO] 1号位打出['PASS', 'PASS', 'PASS']， 最大动作为2号位打出的['Pair', '2', ['C2', 'D2']]
[22:44:24] [yf1_v5] [INFO] 2号位打出['ThreeWithTwo', 'K', ['HK', 'CK', 'CK', 'H9', 'D9']]， 最大动作为2号位打出的['ThreeWithTwo', 'K', ['HK', 'CK', 'CK', 'H9', 'D9']]
[22:44:24] [yf1_v5] [INFO] 3号位打出['PASS', 'PASS', 'PASS']， 最大动作为2号位打出的['ThreeWithTwo', 'K', ['HK', 'CK', 'CK', 'H9', 'D9']]
[22:44:24] [yf1_v5] [INFO] 0号位打出['PASS', 'PASS', 'PASS']， 最大动作为2号位打出的['ThreeWithTwo', 'K', ['HK', 'CK', 'CK', 'H9', 'D9']]
[22:44:24] [YFAdapter-P0] [INFO] [YF-P0] Decision context: myPos=0, curPos=0, greaterPos=2, teammate=2, curAction=[, actionList_size=1
[22:44:24] [YFAdapter-P0] [INFO] [YF-P0] Decided: action_index=0, action=['PASS', 'PASS', 'PASS']
[22:44:24] [yf1_v5] [INFO] 1号位打出['PASS', 'PASS', 'PASS']， 最大动作为2号位打出的['ThreeWithTwo', 'K', ['HK', 'CK', 'CK', 'H9', 'D9']]
[22:44:24] [yf1_v5] [INFO] 2号位打出['Single', '2', ['C2']]， 最大动作为2号位打出的['Single', '2', ['C2']]
[22:44:24] [yf1_v5] [INFO] 3号位打出['PASS', 'PASS', 'PASS']， 最大动作为2号位打出的['Single', '2', ['C2']]
[22:44:24] [yf1_v5] [INFO] 0号位打出['PASS', 'PASS', 'PASS']， 最大动作为2号位打出的['Single', '2', ['C2']]
[22:44:24] [yf1_v5] [INFO] 0号位打出['Single', '9', ['C9']]， 最大动作为0号位打出的['Single', '9', ['C9']]
[22:44:24] [YFAdapter-P0] [INFO] [YF-P0] Decision context: myPos=0, curPos=0, greaterPos=0, teammate=2, curAction=[, actionList_size=4
[22:44:24] [YFAdapter-P0] [INFO] [YF-P0] Decided: action_index=0, action=['PASS', 'PASS', 'PASS']
[22:44:24] [yf1_v5] [INFO] 1号位打出['Single', 'A', ['HA']]， 最大动作为1号位打出的['Single', 'A', ['HA']]
[22:44:24] [yf1_v5] [INFO] 3号位打出['Single', 'B', ['SB']]， 最大动作为3号位打出的['Single', 'B', ['SB']]
[22:44:24] [yf1_v5] [INFO] 0号位打出['PASS', 'PASS', 'PASS']， 最大动作为3号位打出的['Single', 'B', ['SB']]
[22:44:24] [YFAdapter-P0] [INFO] [YF-P0] Decision context: myPos=0, curPos=0, greaterPos=3, teammate=2, curAction=[, actionList_size=1
[22:44:24] [YFAdapter-P0] [INFO] [YF-P0] Decided: action_index=0, action=['PASS', 'PASS', 'PASS']
[22:44:24] [yf1_v5] [INFO] 1号位打出['PASS', 'PASS', 'PASS']， 最大动作为3号位打出的['Single', 'B', ['SB']]
[22:44:24] [yf1_v5] [INFO] 3号位打出['Single', '7', ['D7']]， 最大动作为3号位打出的['Single', '7', ['D7']]
[22:44:24] [yf1_v5] [INFO] 0号位打出['Single', 'K', ['DK']]， 最大动作为0号位打出的['Single', 'K', ['DK']]
[22:44:24] [YFAdapter-P0] [INFO] [YF-P0] Decision context: myPos=0, curPos=0, greaterPos=0, teammate=2, curAction=[, actionList_size=2
[22:44:24] [YFAdapter-P0] [INFO] [YF-P0] Decided: action_index=1, action=['Single', 'A', [['H', 'A']]]
[22:44:24] [yf1_v5] [INFO] 1号位打出['Single', 'A', ['HA']]， 最大动作为1号位打出的['Single', 'A', ['HA']]
[22:44:24] [yf1_v5] [INFO] 3号位打出['Single', 'R', ['HR']]， 最大动作为3号位打出的['Single', 'R', ['HR']]
[22:44:24] [yf1_v5] [INFO] 0号位打出['PASS', 'PASS', 'PASS']， 最大动作为3号位打出的['Single', 'R', ['HR']]
[22:44:24] [YFAdapter-P0] [INFO] [YF-P0] Decision context: myPos=0, curPos=0, greaterPos=3, teammate=2, curAction=[, actionList_size=1
[22:44:24] [YFAdapter-P0] [INFO] [YF-P0] Decided: action_index=0, action=['PASS', 'PASS', 'PASS']
[22:44:24] [yf1_v5] [INFO] 1号位打出['PASS', 'PASS', 'PASS']， 最大动作为3号位打出的['Single', 'R', ['HR']]
[22:44:24] [yf1_v5] [INFO] 3号位打出['ThreePair', '8', ['H8', 'D8', 'S9', 'D9', 'HT', 'DT']]， 最大动作为3号位打出的['ThreePair', '8', ['H8', 'D8', 'S9', 'D9', 'HT', 'DT']]
[22:44:24] [yf1_v5] [INFO] 0号位打出['Bomb', '5', ['S5', 'H5', 'C5', 'D5']]， 最大动作为0号位打出的['Bomb', '5', ['S5', 'H5', 'C5', 'D5']]
[22:44:24] [YFAdapter-P0] [INFO] [YF-P0] Decision context: myPos=0, curPos=0, greaterPos=0, teammate=2, curAction=[, actionList_size=1
[22:44:24] [YFAdapter-P0] [INFO] [YF-P0] Decided: action_index=0, action=['PASS', 'PASS', 'PASS']
[22:44:24] [yf1_v5] [INFO] 1号位打出['PASS', 'PASS', 'PASS']， 最大动作为0号位打出的['Bomb', '5', ['S5', 'H5', 'C5', 'D5']]
[22:44:24] [yf1_v5] [INFO] 3号位打出['PASS', 'PASS', 'PASS']， 最大动作为0号位打出的['Bomb', '5', ['S5', 'H5', 'C5', 'D5']]
[22:44:24] [yf1_v5] [INFO] 0号位打出['Single', 'A', ['DA']]， 最大动作为0号位打出的['Single', 'A', ['DA']]
[22:44:24] [YFAdapter-P0] [INFO] [YF-P0] Decision context: myPos=0, curPos=0, greaterPos=0, teammate=2, curAction=[, actionList_size=1
[22:44:24] [YFAdapter-P0] [INFO] [YF-P0] Decided: action_index=0, action=['PASS', 'PASS', 'PASS']
[22:44:24] [yf1_v5] [INFO] 1号位打出['PASS', 'PASS', 'PASS']， 最大动作为0号位打出的['Single', 'A', ['DA']]
[22:44:24] [yf1_v5] [INFO] 3号位打出['PASS', 'PASS', 'PASS']， 最大动作为0号位打出的['Single', 'A', ['DA']]
[22:44:24] [yf1_v5] [INFO] 0号位打出['Single', '6', ['H6']]， 最大动作为0号位打出的['Single', '6', ['H6']]
[22:44:24] [YFAdapter-P0] [INFO] [YF-P0] Decision context: myPos=0, curPos=0, greaterPos=0, teammate=2, curAction=[, actionList_size=8
[22:44:24] [YFAdapter-P0] [INFO] [YF-P0] Decided: action_index=7, action=['Single', 'Q', [['D', 'Q']]]
[22:44:24] [yf1_v5] [INFO] 1号位打出['Single', 'Q', ['DQ']]， 最大动作为1号位打出的['Single', 'Q', ['DQ']]
[22:44:24] [yf1_v5] [INFO] 3号位打出['Single', 'A', ['SA']]， 最大动作为3号位打出的['Single', 'A', ['SA']]
[22:44:24] [yf1_v5] [INFO] 0号位打出['Bomb', 'J', ['SJ', 'HJ', 'CJ', 'DJ']]， 最大动作为0号位打出的['Bomb', 'J', ['SJ', 'HJ', 'CJ', 'DJ']]
[22:44:24] [YFAdapter-P0] [INFO] [YF-P0] Decision context: myPos=0, curPos=0, greaterPos=0, teammate=2, curAction=[, actionList_size=1
[22:44:24] [YFAdapter-P0] [INFO] [YF-P0] Decided: action_index=0, action=['PASS', 'PASS', 'PASS']
[22:44:24] [yf1_v5] [INFO] 1号位打出['PASS', 'PASS', 'PASS']， 最大动作为0号位打出的['Bomb', 'J', ['SJ', 'HJ', 'CJ', 'DJ']]
[22:44:24] [yf1_v5] [INFO] 3号位打出['PASS', 'PASS', 'PASS']， 最大动作为0号位打出的['Bomb', 'J', ['SJ', 'HJ', 'CJ', 'DJ']]
[22:44:24] [yf1_v5] [INFO] 0号位打出['Trips', '6', ['H6', 'D6', 'D6']]， 最大动作为0号位打出的['Trips', '6', ['H6', 'D6', 'D6']]
[22:44:24] [yf1_v5] [INFO] 游戏开始, 我是1号位，手牌：['H3', 'S4', 'S4', 'H4', 'C4', 'D6', 'C7', 'D7', 'S8', 'S9', 'C9', 'ST', 'SJ', 'CJ', 'DJ', 'DJ', 'HQ', 'HQ', 'SK', 'CK', 'SA', 'SA', 'CA', 'S5', 'H5', 'SB', 'SB']
[22:44:24] [YFAdapter-P0] [INFO] [YF-P0] Decision context: myPos=0, curPos=-1, greaterPos=-1, teammate=2, curAction=[, actionList_size=1
[22:44:24] [YFAdapter-P0] [INFO] [YF-P0] Decided: action_index=0, action=['tribute', 'tribute', [['S', 'B']]]
[22:44:24] [yf1_v5] [INFO] 3号位打出['Single', '4', ['H4']]， 最大动作为3号位打出的['Single', '4', ['H4']]
[22:44:24] [yf1_v5] [INFO] 0号位打出['Single', 'J', ['HJ']]， 最大动作为0号位打出的['Single', 'J', ['HJ']]
[22:44:24] [YFAdapter-P0] [INFO] [YF-P0] Decision context: myPos=0, curPos=0, greaterPos=0, teammate=2, curAction=[, actionList_size=21
[22:44:24] [YFAdapter-P0] [INFO] [YF-P0] Decided: action_index=19, action=['Bomb', '4', [['S', '4'], ['S', '4'], ['H', '4'], ['C', '4'], ['H', '5']]]
[22:44:24] [yf1_v5] [INFO] 1号位打出['Bomb', '4', ['S4', 'S4', 'H4', 'C4', 'H5']]， 最大动作为1号位打出的['Bomb', '4', ['S4', 'S4', 'H4', 'C4', 'H5']]
[22:44:24] [yf1_v5] [INFO] 2号位打出['PASS', 'PASS', 'PASS']， 最大动作为1号位打出的['Bomb', '4', ['S4', 'S4', 'H4', 'C4', 'H5']]
[22:44:24] [yf1_v5] [INFO] 3号位打出['PASS', 'PASS', 'PASS']， 最大动作为1号位打出的['Bomb', '4', ['S4', 'S4', 'H4', 'C4', 'H5']]
[22:44:24] [yf1_v5] [INFO] 0号位打出['PASS', 'PASS', 'PASS']， 最大动作为1号位打出的['Bomb', '4', ['S4', 'S4', 'H4', 'C4', 'H5']]
[22:44:24] [YFAdapter-P0] [INFO] [YF-P0] Decision context: myPos=0, curPos=-1, greaterPos=-1, teammate=2, curAction=[, actionList_size=155
[22:44:24] [YFAdapter-P0] [INFO] [YF-P0] Decided: action_index=0, action=['Single', '3', [['H', '3']]]
[22:44:24] [yf1_v5] [INFO] 1号位打出['Single', '3', ['H3']]， 最大动作为1号位打出的['Single', '3', ['H3']]
[22:44:24] [yf1_v5] [INFO] 2号位打出['Single', 'J', ['SJ']]， 最大动作为2号位打出的['Single', 'J', ['SJ']]
[22:44:24] [yf1_v5] [INFO] 3号位打出['Bomb', '6', ['S6', 'S6', 'C6', 'D6']]， 最大动作为3号位打出的['Bomb', '6', ['S6', 'S6', 'C6', 'D6']]
[22:44:24] [yf1_v5] [INFO] 0号位打出['PASS', 'PASS', 'PASS']， 最大动作为3号位打出的['Bomb', '6', ['S6', 'S6', 'C6', 'D6']]
[22:44:24] [YFAdapter-P0] [INFO] [YF-P0] Decision context: myPos=0, curPos=0, greaterPos=3, teammate=2, curAction=[, actionList_size=2
[22:44:24] [YFAdapter-P0] [INFO] [YF-P0] Decided: action_index=0, action=['PASS', 'PASS', 'PASS']
[22:44:24] [yf1_v5] [INFO] 1号位打出['Bomb', 'J', ['SJ', 'CJ', 'DJ', 'DJ']]， 最大动作为1号位打出的['Bomb', 'J', ['SJ', 'CJ', 'DJ', 'DJ']]
[22:44:24] [yf1_v5] [INFO] 2号位打出['Bomb', '5', ['H5', 'C5', 'D5', 'D5']]， 最大动作为2号位打出的['Bomb', '5', ['H5', 'C5', 'D5', 'D5']]
[22:44:24] [yf1_v5] [INFO] 3号位打出['PASS', 'PASS', 'PASS']， 最大动作为2号位打出的['Bomb', '5', ['H5', 'C5', 'D5', 'D5']]
[22:44:24] [yf1_v5] [INFO] 0号位打出['PASS', 'PASS', 'PASS']， 最大动作为2号位打出的['Bomb', '5', ['H5', 'C5', 'D5', 'D5']]
[22:44:24] [YFAdapter-P0] [INFO] [YF-P0] Decision context: myPos=0, curPos=0, greaterPos=2, teammate=2, curAction=[, actionList_size=1
[22:44:24] [YFAdapter-P0] [INFO] [YF-P0] Decided: action_index=0, action=['PASS', 'PASS', 'PASS']
[22:44:24] [yf1_v5] [INFO] 1号位打出['PASS', 'PASS', 'PASS']， 最大动作为2号位打出的['Bomb', '5', ['H5', 'C5', 'D5', 'D5']]
[22:44:24] [yf1_v5] [INFO] 2号位打出['ThreeWithTwo', '6', ['H6', 'H6', 'C6', 'H8', 'C8']]， 最大动作为2号位打出的['ThreeWithTwo', '6', ['H6', 'H6', 'C6', 'H8', 'C8']]
[22:44:24] [yf1_v5] [INFO] 3号位打出['ThreeWithTwo', '7', ['S7', 'H7', 'D7', 'C8', 'D8']]， 最大动作为3号位打出的['ThreeWithTwo', '7', ['S7', 'H7', 'D7', 'C8', 'D8']]
[22:44:24] [yf1_v5] [INFO] 0号位打出['Bomb', 'Q', ['SQ', 'SQ', 'CQ', 'DQ']]， 最大动作为0号位打出的['Bomb', 'Q', ['SQ', 'SQ', 'CQ', 'DQ']]
[22:44:24] [YFAdapter-P0] [INFO] [YF-P0] Decision context: myPos=0, curPos=0, greaterPos=0, teammate=2, curAction=[, actionList_size=1
[22:44:24] [YFAdapter-P0] [INFO] [YF-P0] Decided: action_index=0, action=['PASS', 'PASS', 'PASS']
[22:44:24] [yf1_v5] [INFO] 1号位打出['PASS', 'PASS', 'PASS']， 最大动作为0号位打出的['Bomb', 'Q', ['SQ', 'SQ', 'CQ', 'DQ']]
[22:44:24] [yf1_v5] [INFO] 2号位打出['PASS', 'PASS', 'PASS']， 最大动作为0号位打出的['Bomb', 'Q', ['SQ', 'SQ', 'CQ', 'DQ']]
[22:44:24] [yf1_v5] [INFO] 3号位打出['PASS', 'PASS', 'PASS']， 最大动作为0号位打出的['Bomb', 'Q', ['SQ', 'SQ', 'CQ', 'DQ']]
[22:44:24] [yf1_v5] [INFO] 0号位打出['Pair', '3', ['H3', 'D3']]， 最大动作为0号位打出的['Pair', '3', ['H3', 'D3']]
[22:44:24] [YFAdapter-P0] [INFO] [YF-P0] Decision context: myPos=0, curPos=0, greaterPos=0, teammate=2, curAction=[, actionList_size=9
[22:44:24] [YFAdapter-P0] [INFO] [YF-P0] Decided: action_index=0, action=['PASS', 'PASS', 'PASS']
[22:44:24] [yf1_v5] [INFO] 1号位打出['PASS', 'PASS', 'PASS']， 最大动作为0号位打出的['Pair', '3', ['H3', 'D3']]
[22:44:24] [yf1_v5] [INFO] 2号位打出['Pair', 'A', ['HA', 'DA']]， 最大动作为2号位打出的['Pair', 'A', ['HA', 'DA']]
[22:44:24] [yf1_v5] [INFO] 3号位打出['PASS', 'PASS', 'PASS']， 最大动作为2号位打出的['Pair', 'A', ['HA', 'DA']]
[22:44:24] [yf1_v5] [INFO] 0号位打出['PASS', 'PASS', 'PASS']， 最大动作为2号位打出的['Pair', 'A', ['HA', 'DA']]
[22:44:24] [YFAdapter-P0] [INFO] [YF-P0] Decision context: myPos=0, curPos=0, greaterPos=2, teammate=2, curAction=[, actionList_size=1
[22:44:24] [YFAdapter-P0] [INFO] [YF-P0] Decided: action_index=0, action=['PASS', 'PASS', 'PASS']
[22:44:24] [yf1_v5] [INFO] 1号位打出['PASS', 'PASS', 'PASS']， 最大动作为2号位打出的['Pair', 'A', ['HA', 'DA']]
[22:44:24] [yf1_v5] [INFO] 2号位打出['ThreeWithTwo', '9', ['S9', 'C9', 'D9', 'HR', 'HR']]， 最大动作为2号位打出的['ThreeWithTwo', '9', ['S9', 'C9', 'D9', 'HR', 'HR']]
[22:44:24] [yf1_v5] [INFO] 3号位打出['ThreeWithTwo', 'K', ['HK', 'CK', 'DK', 'S5', 'C5']]， 最大动作为3号位打出的['ThreeWithTwo', 'K', ['HK', 'CK', 'DK', 'S5', 'C5']]
[22:44:24] [yf1_v5] [INFO] 0号位打出['Bomb', 'T', ['HT', 'HT', 'CT', 'CT', 'DT', 'DT']]， 最大动作为0号位打出的['Bomb', 'T', ['HT', 'HT', 'CT', 'CT', 'DT', 'DT']]
[22:44:24] [YFAdapter-P0] [INFO] [YF-P0] Decision context: myPos=0, curPos=0, greaterPos=0, teammate=2, curAction=[, actionList_size=1
[22:44:24] [YFAdapter-P0] [INFO] [YF-P0] Decided: action_index=0, action=['PASS', 'PASS', 'PASS']
[22:44:24] [yf1_v5] [INFO] 1号位打出['PASS', 'PASS', 'PASS']， 最大动作为0号位打出的['Bomb', 'T', ['HT', 'HT', 'CT', 'CT', 'DT', 'DT']]
[22:44:24] [yf1_v5] [INFO] 2号位打出['PASS', 'PASS', 'PASS']， 最大动作为0号位打出的['Bomb', 'T', ['HT', 'HT', 'CT', 'CT', 'DT', 'DT']]
[22:44:24] [yf1_v5] [INFO] 3号位打出['PASS', 'PASS', 'PASS']， 最大动作为0号位打出的['Bomb', 'T', ['HT', 'HT', 'CT', 'CT', 'DT', 'DT']]
[22:44:24] [yf1_v5] [INFO] 0号位打出['Pair', '7', ['S7', 'C7']]， 最大动作为0号位打出的['Pair', '7', ['S7', 'C7']]
[22:44:24] [YFAdapter-P0] [INFO] [YF-P0] Decision context: myPos=0, curPos=0, greaterPos=0, teammate=2, curAction=[, actionList_size=8
[22:44:24] [YFAdapter-P0] [INFO] [YF-P0] Decided: action_index=5, action=['Pair', 'K', [['S', 'K'], ['C', 'K']]]
[22:44:24] [yf1_v5] [INFO] 1号位打出['Pair', 'K', ['SK', 'CK']]， 最大动作为1号位打出的['Pair', 'K', ['SK', 'CK']]
[22:44:24] [yf1_v5] [INFO] 2号位打出['PASS', 'PASS', 'PASS']， 最大动作为1号位打出的['Pair', 'K', ['SK', 'CK']]
[22:44:24] [yf1_v5] [INFO] 3号位打出['PASS', 'PASS', 'PASS']， 最大动作为1号位打出的['Pair', 'K', ['SK', 'CK']]
[22:44:24] [yf1_v5] [INFO] 0号位打出['Pair', 'A', ['CA', 'DA']]， 最大动作为0号位打出的['Pair', 'A', ['CA', 'DA']]
[22:44:24] [YFAdapter-P0] [INFO] [YF-P0] Decision context: myPos=0, curPos=0, greaterPos=0, teammate=2, curAction=[, actionList_size=1
[22:44:24] [YFAdapter-P0] [INFO] [YF-P0] Decided: action_index=0, action=['PASS', 'PASS', 'PASS']
[22:44:24] [yf1_v5] [INFO] 1号位打出['PASS', 'PASS', 'PASS']， 最大动作为0号位打出的['Pair', 'A', ['CA', 'DA']]
[22:44:24] [yf1_v5] [INFO] 2号位打出['PASS', 'PASS', 'PASS']， 最大动作为0号位打出的['Pair', 'A', ['CA', 'DA']]
[22:44:24] [yf1_v5] [INFO] 3号位打出['PASS', 'PASS', 'PASS']， 最大动作为0号位打出的['Pair', 'A', ['CA', 'DA']]
[22:44:24] [yf1_v5] [INFO] 0号位打出['Pair', '8', ['S8', 'D8']]， 最大动作为0号位打出的['Pair', '8', ['S8', 'D8']]
[22:44:24] [YFAdapter-P0] [INFO] [YF-P0] Decision context: myPos=0, curPos=0, greaterPos=0, teammate=2, curAction=[, actionList_size=7
[22:44:24] [YFAdapter-P0] [INFO] [YF-P0] Decided: action_index=6, action=['Pair', 'A', [['S', 'A'], ['S', 'A']]]
[22:44:24] [yf1_v5] [INFO] 1号位打出['Pair', 'A', ['SA', 'SA']]， 最大动作为1号位打出的['Pair', 'A', ['SA', 'SA']]
[22:44:24] [yf1_v5] [INFO] 2号位打出['Bomb', '2', ['S2', 'H2', 'D2', 'D2']]， 最大动作为2号位打出的['Bomb', '2', ['S2', 'H2', 'D2', 'D2']]
[22:44:24] [yf1_v5] [INFO] 3号位打出['PASS', 'PASS', 'PASS']， 最大动作为2号位打出的['Bomb', '2', ['S2', 'H2', 'D2', 'D2']]
[22:44:24] [yf1_v5] [INFO] 0号位打出['PASS', 'PASS', 'PASS']， 最大动作为2号位打出的['Bomb', '2', ['S2', 'H2', 'D2', 'D2']]
[22:44:24] [YFAdapter-P0] [INFO] [YF-P0] Decision context: myPos=0, curPos=0, greaterPos=2, teammate=2, curAction=[, actionList_size=1
[22:44:24] [YFAdapter-P0] [INFO] [YF-P0] Decided: action_index=0, action=['PASS', 'PASS', 'PASS']
[22:44:24] [yf1_v5] [INFO] 1号位打出['PASS', 'PASS', 'PASS']， 最大动作为2号位打出的['Bomb', '2', ['S2', 'H2', 'D2', 'D2']]
[22:44:24] [yf1_v5] [INFO] 2号位打出['Single', 'Q', ['DQ']]， 最大动作为2号位打出的['Single', 'Q', ['DQ']]
[22:44:24] [yf1_v5] [INFO] 3号位打出['PASS', 'PASS', 'PASS']， 最大动作为2号位打出的['Single', 'Q', ['DQ']]
[22:44:24] [yf1_v5] [INFO] 0号位打出['Single', 'B', ['SB']]， 最大动作为0号位打出的['Single', 'B', ['SB']]
[22:44:24] [YFAdapter-P0] [INFO] [YF-P0] Decision context: myPos=0, curPos=0, greaterPos=0, teammate=2, curAction=[, actionList_size=1
[22:44:24] [YFAdapter-P0] [INFO] [YF-P0] Decided: action_index=0, action=['PASS', 'PASS', 'PASS']
[22:44:24] [yf1_v5] [INFO] 1号位打出['PASS', 'PASS', 'PASS']， 最大动作为0号位打出的['Single', 'B', ['SB']]
[22:44:24] [yf1_v5] [INFO] 2号位打出['Bomb', '3', ['S3', 'S3', 'C3', 'C3', 'D3']]， 最大动作为2号位打出的['Bomb', '3', ['S3', 'S3', 'C3', 'C3', 'D3']]
[22:44:24] [yf1_v5] [INFO] 3号位打出['PASS', 'PASS', 'PASS']， 最大动作为2号位打出的['Bomb', '3', ['S3', 'S3', 'C3', 'C3', 'D3']]
[22:44:24] [yf1_v5] [INFO] 0号位打出['PASS', 'PASS', 'PASS']， 最大动作为2号位打出的['Bomb', '3', ['S3', 'S3', 'C3', 'C3', 'D3']]
[22:44:25] [yf1_v5] [INFO] 0号位打出['Pair', '2', ['S2', 'C2']]， 最大动作为0号位打出的['Pair', '2', ['S2', 'C2']]
[22:44:25] [YFAdapter-P0] [INFO] [YF-P0] Decision context: myPos=0, curPos=0, greaterPos=0, teammate=2, curAction=[, actionList_size=6
[22:44:25] [YFAdapter-P0] [INFO] [YF-P0] Decided: action_index=4, action=['Pair', '9', [['H', '9'], ['C', '9']]]
[22:44:25] [yf1_v5] [INFO] 1号位打出['Pair', '9', ['H9', 'C9']]， 最大动作为1号位打出的['Pair', '9', ['H9', 'C9']]
[22:44:25] [yf1_v5] [INFO] 3号位打出['Pair', 'J', ['HJ', 'CJ']]， 最大动作为3号位打出的['Pair', 'J', ['HJ', 'CJ']]
[22:44:25] [yf1_v5] [INFO] 0号位打出['Pair', 'K', ['SK', 'DK']]， 最大动作为0号位打出的['Pair', 'K', ['SK', 'DK']]
[22:44:25] [YFAdapter-P0] [INFO] [YF-P0] Decision context: myPos=0, curPos=0, greaterPos=0, teammate=2, curAction=[, actionList_size=1
[22:44:25] [YFAdapter-P0] [INFO] [YF-P0] Decided: action_index=0, action=['PASS', 'PASS', 'PASS']
[22:44:25] [yf1_v5] [INFO] 1号位打出['PASS', 'PASS', 'PASS']， 最大动作为0号位打出的['Pair', 'K', ['SK', 'DK']]
[22:44:25] [yf1_v5] [INFO] 3号位打出['PASS', 'PASS', 'PASS']， 最大动作为0号位打出的['Pair', 'K', ['SK', 'DK']]
[22:44:25] [yf1_v5] [INFO] 0号位打出['Trips', '4', ['C4', 'D4', 'D4']]， 最大动作为0号位打出的['Trips', '4', ['C4', 'D4', 'D4']]
[22:44:25] [yf1_v5] [INFO] 游戏开始, 我是1号位，手牌：['S2', 'C2', 'S3', 'S3', 'D3', 'S4', 'C4', 'D4', 'D5', 'S6', 'S7', 'S9', 'C9', 'D9', 'CJ', 'SQ', 'HQ', 'DQ', 'HK', 'CK', 'CK', 'DK', 'SA', 'CA', 'S8', 'H8', 'HR']
[22:44:25] [YFAdapter-P0] [INFO] [YF-P0] Decision context: myPos=0, curPos=-1, greaterPos=-1, teammate=2, curAction=[, actionList_size=1
[22:44:25] [YFAdapter-P0] [INFO] [YF-P0] Decided: action_index=0, action=['tribute', 'tribute', [['H', 'R']]]
[22:44:25] [YFAdapter-P0] [INFO] [YF-P0] Decision context: myPos=0, curPos=-1, greaterPos=-1, teammate=2, curAction=[, actionList_size=1103
[22:44:25] [YFAdapter-P0] [INFO] [YF-P0] Decided: action_index=7, action=['Single', '5', [['D', '5']]]
[22:44:25] [yf1_v5] [INFO] 1号位打出['Single', '5', ['D5']]， 最大动作为1号位打出的['Single', '5', ['D5']]
[22:44:25] [yf1_v5] [INFO] 2号位打出['Single', '9', ['H9']]， 最大动作为2号位打出的['Single', '9', ['H9']]
[22:44:25] [yf1_v5] [INFO] 3号位打出['Bomb', 'T', ['ST', 'CT', 'CT', 'DT']]， 最大动作为3号位打出的['Bomb', 'T', ['ST', 'CT', 'CT', 'DT']]
[22:44:25] [yf1_v5] [INFO] 0号位打出['PASS', 'PASS', 'PASS']， 最大动作为3号位打出的['Bomb', 'T', ['ST', 'CT', 'CT', 'DT']]
[22:44:25] [YFAdapter-P0] [INFO] [YF-P0] Decision context: myPos=0, curPos=0, greaterPos=3, teammate=2, curAction=[, actionList_size=7
[22:44:25] [YFAdapter-P0] [INFO] [YF-P0] Decided: action_index=0, action=['PASS', 'PASS', 'PASS']
[22:44:25] [yf1_v5] [INFO] 1号位打出['Bomb', 'Q', ['SQ', 'HQ', 'DQ', 'H8']]， 最大动作为1号位打出的['Bomb', 'Q', ['SQ', 'HQ', 'DQ', 'H8']]
[22:44:25] [yf1_v5] [INFO] 2号位打出['PASS', 'PASS', 'PASS']， 最大动作为1号位打出的['Bomb', 'Q', ['SQ', 'HQ', 'DQ', 'H8']]
[22:44:25] [yf1_v5] [INFO] 3号位打出['PASS', 'PASS', 'PASS']， 最大动作为1号位打出的['Bomb', 'Q', ['SQ', 'HQ', 'DQ', 'H8']]
[22:44:25] [yf1_v5] [INFO] 0号位打出['PASS', 'PASS', 'PASS']， 最大动作为1号位打出的['Bomb', 'Q', ['SQ', 'HQ', 'DQ', 'H8']]
[22:44:25] [YFAdapter-P0] [INFO] [YF-P0] Decision context: myPos=0, curPos=-1, greaterPos=-1, teammate=2, curAction=[, actionList_size=120
[22:44:25] [YFAdapter-P0] [INFO] [YF-P0] Decided: action_index=9, action=['Single', '7', [['S', '7']]]
[22:44:25] [yf1_v5] [INFO] 1号位打出['Single', '7', ['S7']]， 最大动作为1号位打出的['Single', '7', ['S7']]
[22:44:25] [yf1_v5] [INFO] 2号位打出['Single', 'Q', ['SQ']]， 最大动作为2号位打出的['Single', 'Q', ['SQ']]
[22:44:25] [yf1_v5] [INFO] 3号位打出['Bomb', '6', ['H6', 'H6', 'C6', 'D6']]， 最大动作为3号位打出的['Bomb', '6', ['H6', 'H6', 'C6', 'D6']]
[22:44:25] [yf1_v5] [INFO] 0号位打出['PASS', 'PASS', 'PASS']， 最大动作为3号位打出的['Bomb', '6', ['H6', 'H6', 'C6', 'D6']]
[22:44:25] [YFAdapter-P0] [INFO] [YF-P0] Decision context: myPos=0, curPos=0, greaterPos=3, teammate=2, curAction=[, actionList_size=2
[22:44:25] [YFAdapter-P0] [INFO] [YF-P0] Decided: action_index=0, action=['PASS', 'PASS', 'PASS']
[22:44:25] [yf1_v5] [INFO] 1号位打出['Bomb', 'K', ['HK', 'CK', 'CK', 'DK']]， 最大动作为1号位打出的['Bomb', 'K', ['HK', 'CK', 'CK', 'DK']]
[22:44:25] [yf1_v5] [INFO] 2号位打出['Bomb', 'J', ['HJ', 'HJ', 'CJ', 'DJ', 'DJ']]， 最大动作为2号位打出的['Bomb', 'J', ['HJ', 'HJ', 'CJ', 'DJ', 'DJ']]
[22:44:25] [yf1_v5] [INFO] 3号位打出['PASS', 'PASS', 'PASS']， 最大动作为2号位打出的['Bomb', 'J', ['HJ', 'HJ', 'CJ', 'DJ', 'DJ']]
[22:44:25] [yf1_v5] [INFO] 0号位打出['PASS', 'PASS', 'PASS']， 最大动作为2号位打出的['Bomb', 'J', ['HJ', 'HJ', 'CJ', 'DJ', 'DJ']]
[22:44:25] [YFAdapter-P0] [INFO] [YF-P0] Decision context: myPos=0, curPos=0, greaterPos=2, teammate=2, curAction=[, actionList_size=1
[22:44:25] [YFAdapter-P0] [INFO] [YF-P0] Decided: action_index=0, action=['PASS', 'PASS', 'PASS']
[22:44:25] [yf1_v5] [INFO] 1号位打出['PASS', 'PASS', 'PASS']， 最大动作为2号位打出的['Bomb', 'J', ['HJ', 'HJ', 'CJ', 'DJ', 'DJ']]
[22:44:25] [yf1_v5] [INFO] 2号位打出['ThreeWithTwo', '3', ['H3', 'C3', 'C3', 'H2', 'D2']]， 最大动作为2号位打出的['ThreeWithTwo', '3', ['H3', 'C3', 'C3', 'H2', 'D2']]
[22:44:25] [yf1_v5] [INFO] 3号位打出['ThreeWithTwo', '5', ['H5', 'C5', 'C5', 'CQ', 'DQ']]， 最大动作为3号位打出的['ThreeWithTwo', '5', ['H5', 'C5', 'C5', 'CQ', 'DQ']]
[22:44:25] [yf1_v5] [INFO] 0号位打出['ThreeWithTwo', '7', ['S7', 'C7', 'H8', 'S5', 'D5']]， 最大动作为0号位打出的['ThreeWithTwo', '7', ['S7', 'C7', 'H8', 'S5', 'D5']]
[22:44:25] [YFAdapter-P0] [INFO] [YF-P0] Decision context: myPos=0, curPos=0, greaterPos=0, teammate=2, curAction=[, actionList_size=9
[22:44:25] [YFAdapter-P0] [INFO] [YF-P0] Decided: action_index=3, action=['ThreeWithTwo', '9', [['S', '9'], ['C', '9'], ['D', '9'], ['S', '3'], ['S', '3']]]
[22:44:25] [yf1_v5] [INFO] 1号位打出['ThreeWithTwo', '9', ['S9', 'C9', 'D9', 'S3', 'S3']]， 最大动作为1号位打出的['ThreeWithTwo', '9', ['S9', 'C9', 'D9', 'S3', 'S3']]
[22:44:25] [yf1_v5] [INFO] 2号位打出['ThreeWithTwo', 'A', ['SA', 'HA', 'DA', 'S5', 'H5']]， 最大动作为2号位打出的['ThreeWithTwo', 'A', ['SA', 'HA', 'DA', 'S5', 'H5']]
[22:44:25] [yf1_v5] [INFO] 3号位打出['PASS', 'PASS', 'PASS']， 最大动作为2号位打出的['ThreeWithTwo', 'A', ['SA', 'HA', 'DA', 'S5', 'H5']]
[22:44:25] [yf1_v5] [INFO] 0号位打出['PASS', 'PASS', 'PASS']， 最大动作为2号位打出的['ThreeWithTwo', 'A', ['SA', 'HA', 'DA', 'S5', 'H5']]
[22:44:25] [YFAdapter-P0] [INFO] [YF-P0] Decision context: myPos=0, curPos=0, greaterPos=2, teammate=2, curAction=[, actionList_size=1
[22:44:25] [YFAdapter-P0] [INFO] [YF-P0] Decided: action_index=0, action=['PASS', 'PASS', 'PASS']
[22:44:25] [yf1_v5] [INFO] 1号位打出['PASS', 'PASS', 'PASS']， 最大动作为2号位打出的['ThreeWithTwo', 'A', ['SA', 'HA', 'DA', 'S5', 'H5']]
[22:44:25] [yf1_v5] [INFO] 2号位打出['Pair', 'T', ['HT', 'DT']]， 最大动作为2号位打出的['Pair', 'T', ['HT', 'DT']]
[22:44:25] [yf1_v5] [INFO] 3号位打出['Pair', 'K', ['SK', 'SK']]， 最大动作为3号位打出的['Pair', 'K', ['SK', 'SK']]
[22:44:25] [yf1_v5] [INFO] 0号位打出['Pair', 'A', ['HA', 'DA']]， 最大动作为0号位打出的['Pair', 'A', ['HA', 'DA']]
[22:44:25] [YFAdapter-P0] [INFO] [YF-P0] Decision context: myPos=0, curPos=0, greaterPos=0, teammate=2, curAction=[, actionList_size=1
[22:44:25] [YFAdapter-P0] [INFO] [YF-P0] Decided: action_index=0, action=['PASS', 'PASS', 'PASS']
[22:44:25] [yf1_v5] [INFO] 1号位打出['PASS', 'PASS', 'PASS']， 最大动作为0号位打出的['Pair', 'A', ['HA', 'DA']]
[22:44:25] [yf1_v5] [INFO] 2号位打出['PASS', 'PASS', 'PASS']， 最大动作为0号位打出的['Pair', 'A', ['HA', 'DA']]
[22:44:25] [yf1_v5] [INFO] 3号位打出['PASS', 'PASS', 'PASS']， 最大动作为0号位打出的['Pair', 'A', ['HA', 'DA']]
[22:44:25] [yf1_v5] [INFO] 0号位打出['Single', '2', ['S2']]， 最大动作为0号位打出的['Single', '2', ['S2']]
[22:44:25] [YFAdapter-P0] [INFO] [YF-P0] Decision context: myPos=0, curPos=0, greaterPos=0, teammate=2, curAction=[, actionList_size=11
[22:44:25] [YFAdapter-P0] [INFO] [YF-P0] Decided: action_index=4, action=['Single', '4', [['D', '4']]]
[22:44:25] [yf1_v5] [INFO] 1号位打出['Single', '4', ['D4']]， 最大动作为1号位打出的['Single', '4', ['D4']]
[22:44:25] [yf1_v5] [INFO] 2号位打出['Single', '8', ['S8']]， 最大动作为2号位打出的['Single', '8', ['S8']]
[22:44:25] [yf1_v5] [INFO] 3号位打出['PASS', 'PASS', 'PASS']， 最大动作为2号位打出的['Single', '8', ['S8']]
[22:44:25] [yf1_v5] [INFO] 0号位打出['PASS', 'PASS', 'PASS']， 最大动作为2号位打出的['Single', '8', ['S8']]
[22:44:25] [YFAdapter-P0] [INFO] [YF-P0] Decision context: myPos=0, curPos=0, greaterPos=2, teammate=2, curAction=[, actionList_size=1
[22:44:25] [YFAdapter-P0] [INFO] [YF-P0] Decided: action_index=0, action=['PASS', 'PASS', 'PASS']
[22:44:25] [yf1_v5] [INFO] 1号位打出['PASS', 'PASS', 'PASS']， 最大动作为2号位打出的['Single', '8', ['S8']]
[22:44:25] [yf1_v5] [INFO] 2号位打出['ThreeWithTwo', '7', ['H7', 'D7', 'D7', 'S6', 'D6']]， 最大动作为2号位打出的['ThreeWithTwo', '7', ['H7', 'D7', 'D7', 'S6', 'D6']]
[22:44:25] [yf1_v5] [INFO] 3号位打出['PASS', 'PASS', 'PASS']， 最大动作为2号位打出的['ThreeWithTwo', '7', ['H7', 'D7', 'D7', 'S6', 'D6']]
[22:44:25] [yf1_v5] [INFO] 0号位打出['ThreeWithTwo', '9', ['H9', 'C9', 'D9', 'SJ', 'SJ']]， 最大动作为0号位打出的['ThreeWithTwo', '9', ['H9', 'C9', 'D9', 'SJ', 'SJ']]
[22:44:25] [YFAdapter-P0] [INFO] [YF-P0] Decision context: myPos=0, curPos=0, greaterPos=0, teammate=2, curAction=[, actionList_size=1
[22:44:25] [YFAdapter-P0] [INFO] [YF-P0] Decided: action_index=0, action=['PASS', 'PASS', 'PASS']
[22:44:25] [yf1_v5] [INFO] 1号位打出['PASS', 'PASS', 'PASS']， 最大动作为0号位打出的['ThreeWithTwo', '9', ['H9', 'C9', 'D9', 'SJ', 'SJ']]
[22:44:25] [yf1_v5] [INFO] 2号位打出['PASS', 'PASS', 'PASS']， 最大动作为0号位打出的['ThreeWithTwo', '9', ['H9', 'C9', 'D9', 'SJ', 'SJ']]
[22:44:25] [yf1_v5] [INFO] 3号位打出['PASS', 'PASS', 'PASS']， 最大动作为0号位打出的['ThreeWithTwo', '9', ['H9', 'C9', 'D9', 'SJ', 'SJ']]
[22:44:25] [yf1_v5] [INFO] 0号位打出['Single', '7', ['C7']]， 最大动作为0号位打出的['Single', '7', ['C7']]
[22:44:25] [YFAdapter-P0] [INFO] [YF-P0] Decision context: myPos=0, curPos=0, greaterPos=0, teammate=2, curAction=[, actionList_size=5
[22:44:25] [YFAdapter-P0] [INFO] [YF-P0] Decided: action_index=2, action=['Single', 'A', [['S', 'A']]]
[22:44:25] [yf1_v5] [INFO] 1号位打出['Single', 'A', ['SA']]， 最大动作为1号位打出的['Single', 'A', ['SA']]
[22:44:25] [yf1_v5] [INFO] 2号位打出['Single', 'B', ['SB']]， 最大动作为2号位打出的['Single', 'B', ['SB']]
[22:44:25] [yf1_v5] [INFO] 3号位打出['PASS', 'PASS', 'PASS']， 最大动作为2号位打出的['Single', 'B', ['SB']]
[22:44:25] [yf1_v5] [INFO] 0号位打出['PASS', 'PASS', 'PASS']， 最大动作为2号位打出的['Single', 'B', ['SB']]
[22:44:25] [YFAdapter-P0] [INFO] [YF-P0] Decision context: myPos=0, curPos=0, greaterPos=2, teammate=2, curAction=[, actionList_size=1
[22:44:25] [YFAdapter-P0] [INFO] [YF-P0] Decided: action_index=0, action=['PASS', 'PASS', 'PASS']
[22:44:25] [yf1_v5] [INFO] 1号位打出['PASS', 'PASS', 'PASS']， 最大动作为2号位打出的['Single', 'B', ['SB']]
[22:44:25] [yf1_v5] [INFO] 2号位打出['Single', 'R', ['HR']]， 最大动作为2号位打出的['Single', 'R', ['HR']]
[22:44:25] [yf1_v5] [INFO] 3号位打出['PASS', 'PASS', 'PASS']， 最大动作为2号位打出的['Single', 'R', ['HR']]
[22:44:25] [yf1_v5] [INFO] 0号位打出['PASS', 'PASS', 'PASS']， 最大动作为2号位打出的['Single', 'R', ['HR']]
[22:44:25] [yf1_v5] [INFO] 0号位打出['ThreeWithTwo', '8', ['C8', 'D8', 'D8', 'HQ', 'CQ']]， 最大动作为0号位打出的['ThreeWithTwo', '8', ['C8', 'D8', 'D8', 'HQ', 'CQ']]
[22:44:25] [YFAdapter-P0] [INFO] [YF-P0] Decision context: myPos=0, curPos=0, greaterPos=0, teammate=2, curAction=[, actionList_size=1
[22:44:25] [YFAdapter-P0] [INFO] [YF-P0] Decided: action_index=0, action=['PASS', 'PASS', 'PASS']
[22:44:25] [yf1_v5] [INFO] 1号位打出['PASS', 'PASS', 'PASS']， 最大动作为0号位打出的['ThreeWithTwo', '8', ['C8', 'D8', 'D8', 'HQ', 'CQ']]
[22:44:25] [yf1_v5] [INFO] 3号位打出['PASS', 'PASS', 'PASS']， 最大动作为0号位打出的['ThreeWithTwo', '8', ['C8', 'D8', 'D8', 'HQ', 'CQ']]
[22:44:25] [yf1_v5] [INFO] 0号位打出['Single', 'T', ['HT']]， 最大动作为0号位打出的['Single', 'T', ['HT']]
[22:44:25] [YFAdapter-P0] [INFO] [YF-P0] Decision context: myPos=0, curPos=0, greaterPos=0, teammate=2, curAction=[, actionList_size=4
[22:44:25] [YFAdapter-P0] [INFO] [YF-P0] Decided: action_index=1, action=['Single', 'J', [['C', 'J']]]
[22:44:25] [yf1_v5] [INFO] 1号位打出['Single', 'J', ['CJ']]， 最大动作为1号位打出的['Single', 'J', ['CJ']]
[22:44:25] [yf1_v5] [INFO] 3号位打出['Single', 'A', ['CA']]， 最大动作为3号位打出的['Single', 'A', ['CA']]
[22:44:25] [yf1_v5] [INFO] 0号位打出['Single', 'R', ['HR']]， 最大动作为0号位打出的['Single', 'R', ['HR']]
[22:44:25] [YFAdapter-P0] [INFO] [YF-P0] Decision context: myPos=0, curPos=0, greaterPos=0, teammate=2, curAction=[, actionList_size=1
[22:44:25] [YFAdapter-P0] [INFO] [YF-P0] Decided: action_index=0, action=['PASS', 'PASS', 'PASS']
[22:44:25] [yf1_v5] [INFO] 1号位打出['PASS', 'PASS', 'PASS']， 最大动作为0号位打出的['Single', 'R', ['HR']]
[22:44:25] [yf1_v5] [INFO] 3号位打出['PASS', 'PASS', 'PASS']， 最大动作为0号位打出的['Single', 'R', ['HR']]
[22:44:25] [yf1_v5] [INFO] 0号位打出['Pair', 'K', ['HK', 'DK']]， 最大动作为0号位打出的['Pair', 'K', ['HK', 'DK']]
[22:44:25] [YFAdapter-P0] [INFO] [YF-P0] Decision context: myPos=0, curPos=0, greaterPos=0, teammate=2, curAction=[, actionList_size=1
[22:44:25] [YFAdapter-P0] [INFO] [YF-P0] Decided: action_index=0, action=['PASS', 'PASS', 'PASS']
[22:44:25] [yf1_v5] [INFO] 1号位打出['PASS', 'PASS', 'PASS']， 最大动作为0号位打出的['Pair', 'K', ['HK', 'DK']]
[22:44:25] [yf1_v5] [INFO] 3号位打出['PASS', 'PASS', 'PASS']， 最大动作为0号位打出的['Pair', 'K', ['HK', 'DK']]
[22:44:25] [yf1_v5] [INFO] 0号位打出['Bomb', '4', ['S4', 'H4', 'H4', 'C4']]， 最大动作为0号位打出的['Bomb', '4', ['S4', 'H4', 'H4', 'C4']]
[22:44:25] [yf1_v5] [INFO] 游戏开始, 我是1号位，手牌：['H2', 'D3', 'D3', 'S4', 'H4', 'H4', 'C4', 'D4', 'S5', 'S5', 'D5', 'H6', 'S7', 'S7', 'C7', 'D7', 'S9', 'S9', 'D9', 'HT', 'SQ', 'SK', 'HK', 'HA', 'CA', 'CJ', 'HR']
[22:44:25] [yf1_v5] [INFO] 2号位打出['Single', '2', ['D2']]， 最大动作为2号位打出的['Single', '2', ['D2']]
[22:44:25] [yf1_v5] [INFO] 3号位打出['Bomb', 'K', ['SK', 'DK', 'HJ', 'HJ']]， 最大动作为3号位打出的['Bomb', 'K', ['SK', 'DK', 'HJ', 'HJ']]
[22:44:25] [yf1_v5] [INFO] 0号位打出['PASS', 'PASS', 'PASS']， 最大动作为3号位打出的['Bomb', 'K', ['SK', 'DK', 'HJ', 'HJ']]
[22:44:25] [YFAdapter-P0] [INFO] [YF-P0] Decision context: myPos=0, curPos=0, greaterPos=3, teammate=2, curAction=[, actionList_size=2
[22:44:25] [YFAdapter-P0] [INFO] [YF-P0] Decided: action_index=0, action=['PASS', 'PASS', 'PASS']
[22:44:25] [yf1_v5] [INFO] 1号位打出['Bomb', '4', ['S4', 'H4', 'H4', 'C4', 'D4']]， 最大动作为1号位打出的['Bomb', '4', ['S4', 'H4', 'H4', 'C4', 'D4']]
[22:44:25] [yf1_v5] [INFO] 2号位打出['PASS', 'PASS', 'PASS']， 最大动作为1号位打出的['Bomb', '4', ['S4', 'H4', 'H4', 'C4', 'D4']]
[22:44:25] [yf1_v5] [INFO] 3号位打出['PASS', 'PASS', 'PASS']， 最大动作为1号位打出的['Bomb', '4', ['S4', 'H4', 'H4', 'C4', 'D4']]
[22:44:25] [yf1_v5] [INFO] 0号位打出['PASS', 'PASS', 'PASS']， 最大动作为1号位打出的['Bomb', '4', ['S4', 'H4', 'H4', 'C4', 'D4']]
[22:44:25] [YFAdapter-P0] [INFO] [YF-P0] Decision context: myPos=0, curPos=-1, greaterPos=-1, teammate=2, curAction=[, actionList_size=82
[22:44:25] [YFAdapter-P0] [INFO] [YF-P0] Decided: action_index=0, action=['Single', '2', [['H', '2']]]
[22:44:25] [yf1_v5] [INFO] 1号位打出['Single', '2', ['H2']]， 最大动作为1号位打出的['Single', '2', ['H2']]
[22:44:25] [yf1_v5] [INFO] 2号位打出['Single', 'K', ['DK']]， 最大动作为2号位打出的['Single', 'K', ['DK']]
[22:44:25] [yf1_v5] [INFO] 3号位打出['Single', 'R', ['HR']]， 最大动作为3号位打出的['Single', 'R', ['HR']]
[22:44:25] [yf1_v5] [INFO] 0号位打出['PASS', 'PASS', 'PASS']， 最大动作为3号位打出的['Single', 'R', ['HR']]
[22:44:25] [YFAdapter-P0] [INFO] [YF-P0] Decision context: myPos=0, curPos=0, greaterPos=3, teammate=2, curAction=[, actionList_size=2
[22:44:25] [YFAdapter-P0] [INFO] [YF-P0] Decided: action_index=0, action=['PASS', 'PASS', 'PASS']
[22:44:25] [yf1_v5] [INFO] 1号位打出['Bomb', '7', ['S7', 'S7', 'C7', 'D7']]， 最大动作为1号位打出的['Bomb', '7', ['S7', 'S7', 'C7', 'D7']]
[22:44:25] [yf1_v5] [INFO] 2号位打出['Bomb', 'T', ['ST', 'ST', 'CT', 'DT']]， 最大动作为2号位打出的['Bomb', 'T', ['ST', 'ST', 'CT', 'DT']]
[22:44:25] [yf1_v5] [INFO] 3号位打出['PASS', 'PASS', 'PASS']， 最大动作为2号位打出的['Bomb', 'T', ['ST', 'ST', 'CT', 'DT']]
[22:44:25] [yf1_v5] [INFO] 0号位打出['PASS', 'PASS', 'PASS']， 最大动作为2号位打出的['Bomb', 'T', ['ST', 'ST', 'CT', 'DT']]
[22:44:25] [YFAdapter-P0] [INFO] [YF-P0] Decision context: myPos=0, curPos=0, greaterPos=2, teammate=2, curAction=[, actionList_size=1
[22:44:25] [YFAdapter-P0] [INFO] [YF-P0] Decided: action_index=0, action=['PASS', 'PASS', 'PASS']
[22:44:25] [yf1_v5] [INFO] 1号位打出['PASS', 'PASS', 'PASS']， 最大动作为2号位打出的['Bomb', 'T', ['ST', 'ST', 'CT', 'DT']]
[22:44:25] [yf1_v5] [INFO] 2号位打出['ThreeWithTwo', 'Q', ['HQ', 'CQ', 'DQ', 'S3', 'H3']]， 最大动作为2号位打出的['ThreeWithTwo', 'Q', ['HQ', 'CQ', 'DQ', 'S3', 'H3']]
[22:44:25] [yf1_v5] [INFO] 3号位打出['Bomb', '2', ['S2', 'H2', 'C2', 'D2']]， 最大动作为3号位打出的['Bomb', '2', ['S2', 'H2', 'C2', 'D2']]
[22:44:25] [yf1_v5] [INFO] 0号位打出['Bomb', '8', ['S8', 'H8', 'C8', 'D8']]， 最大动作为0号位打出的['Bomb', '8', ['S8', 'H8', 'C8', 'D8']]
[22:44:25] [YFAdapter-P0] [INFO] [YF-P0] Decision context: myPos=0, curPos=0, greaterPos=0, teammate=2, curAction=[, actionList_size=1
[22:44:25] [YFAdapter-P0] [INFO] [YF-P0] Decided: action_index=0, action=['PASS', 'PASS', 'PASS']
[22:44:25] [yf1_v5] [INFO] 1号位打出['PASS', 'PASS', 'PASS']， 最大动作为0号位打出的['Bomb', '8', ['S8', 'H8', 'C8', 'D8']]
[22:44:25] [yf1_v5] [INFO] 2号位打出['PASS', 'PASS', 'PASS']， 最大动作为0号位打出的['Bomb', '8', ['S8', 'H8', 'C8', 'D8']]
[22:44:25] [yf1_v5] [INFO] 3号位打出['PASS', 'PASS', 'PASS']， 最大动作为0号位打出的['Bomb', '8', ['S8', 'H8', 'C8', 'D8']]
[22:44:25] [yf1_v5] [INFO] 0号位打出['Single', '5', ['D5']]， 最大动作为0号位打出的['Single', '5', ['D5']]
[22:44:25] [YFAdapter-P0] [INFO] [YF-P0] Decision context: myPos=0, curPos=0, greaterPos=0, teammate=2, curAction=[, actionList_size=12
[22:44:25] [YFAdapter-P0] [INFO] [YF-P0] Decided: action_index=0, action=['PASS', 'PASS', 'PASS']
[22:44:25] [yf1_v5] [INFO] 1号位打出['PASS', 'PASS', 'PASS']， 最大动作为0号位打出的['Single', '5', ['D5']]
[22:44:25] [yf1_v5] [INFO] 2号位打出['Single', 'J', ['SJ']]， 最大动作为2号位打出的['Single', 'J', ['SJ']]
[22:44:25] [yf1_v5] [INFO] 3号位打出['Single', 'B', ['SB']]， 最大动作为3号位打出的['Single', 'B', ['SB']]
[22:44:25] [yf1_v5] [INFO] 0号位打出['PASS', 'PASS', 'PASS']， 最大动作为3号位打出的['Single', 'B', ['SB']]
[22:44:25] [YFAdapter-P0] [INFO] [YF-P0] Decision context: myPos=0, curPos=0, greaterPos=3, teammate=2, curAction=[, actionList_size=2
[22:44:25] [YFAdapter-P0] [INFO] [YF-P0] Decided: action_index=0, action=['PASS', 'PASS', 'PASS']
[22:44:25] [yf1_v5] [INFO] 1号位打出['Single', 'R', ['HR']]， 最大动作为1号位打出的['Single', 'R', ['HR']]
[22:44:25] [yf1_v5] [INFO] 2号位打出['PASS', 'PASS', 'PASS']， 最大动作为1号位打出的['Single', 'R', ['HR']]
[22:44:25] [yf1_v5] [INFO] 3号位打出['PASS', 'PASS', 'PASS']， 最大动作为1号位打出的['Single', 'R', ['HR']]
[22:44:25] [yf1_v5] [INFO] 0号位打出['PASS', 'PASS', 'PASS']， 最大动作为1号位打出的['Single', 'R', ['HR']]
[22:44:25] [YFAdapter-P0] [INFO] [YF-P0] Decision context: myPos=0, curPos=-1, greaterPos=-1, teammate=2, curAction=[, actionList_size=40
[22:44:25] [YFAdapter-P0] [INFO] [YF-P0] Decided: action_index=3, action=['Single', '6', [['H', '6']]]
[22:44:25] [yf1_v5] [INFO] 1号位打出['Single', '6', ['H6']]， 最大动作为1号位打出的['Single', '6', ['H6']]
[22:44:25] [yf1_v5] [INFO] 2号位打出['Single', 'J', ['CJ']]， 最大动作为2号位打出的['Single', 'J', ['CJ']]
[22:44:25] [yf1_v5] [INFO] 3号位打出['PASS', 'PASS', 'PASS']， 最大动作为2号位打出的['Single', 'J', ['CJ']]
[22:44:25] [yf1_v5] [INFO] 0号位打出['PASS', 'PASS', 'PASS']， 最大动作为2号位打出的['Single', 'J', ['CJ']]
[22:44:25] [YFAdapter-P0] [INFO] [YF-P0] Decision context: myPos=0, curPos=0, greaterPos=2, teammate=2, curAction=[, actionList_size=1
[22:44:25] [YFAdapter-P0] [INFO] [YF-P0] Decided: action_index=0, action=['PASS', 'PASS', 'PASS']
[22:44:25] [yf1_v5] [INFO] 1号位打出['PASS', 'PASS', 'PASS']， 最大动作为2号位打出的['Single', 'J', ['CJ']]
[22:44:25] [yf1_v5] [INFO] 2号位打出['Pair', '5', ['C5', 'C5']]， 最大动作为2号位打出的['Pair', '5', ['C5', 'C5']]
[22:44:25] [yf1_v5] [INFO] 3号位打出['Pair', '6', ['S6', 'D6']]， 最大动作为3号位打出的['Pair', '6', ['S6', 'D6']]
[22:44:25] [yf1_v5] [INFO] 0号位打出['Pair', '9', ['H9', 'D9']]， 最大动作为0号位打出的['Pair', '9', ['H9', 'D9']]
[22:44:25] [YFAdapter-P0] [INFO] [YF-P0] Decision context: myPos=0, curPos=0, greaterPos=0, teammate=2, curAction=[, actionList_size=3
[22:44:25] [YFAdapter-P0] [INFO] [YF-P0] Decided: action_index=1, action=['Pair', 'K', [['S', 'K'], ['H', 'K']]]
[22:44:25] [yf1_v5] [INFO] 1号位打出['Pair', 'K', ['SK', 'HK']]， 最大动作为1号位打出的['Pair', 'K', ['SK', 'HK']]
[22:44:25] [yf1_v5] [INFO] 2号位打出['Pair', 'J', ['DJ', 'DJ']]， 最大动作为2号位打出的['Pair', 'J', ['DJ', 'DJ']]
[22:44:25] [yf1_v5] [INFO] 3号位打出['PASS', 'PASS', 'PASS']， 最大动作为2号位打出的['Pair', 'J', ['DJ', 'DJ']]
[22:44:25] [yf1_v5] [INFO] 0号位打出['PASS', 'PASS', 'PASS']， 最大动作为2号位打出的['Pair', 'J', ['DJ', 'DJ']]
[22:44:25] [YFAdapter-P0] [INFO] [YF-P0] Decision context: myPos=0, curPos=0, greaterPos=2, teammate=2, curAction=[, actionList_size=1
[22:44:25] [YFAdapter-P0] [INFO] [YF-P0] Decided: action_index=0, action=['PASS', 'PASS', 'PASS']
[22:44:25] [yf1_v5] [INFO] 1号位打出['PASS', 'PASS', 'PASS']， 最大动作为2号位打出的['Pair', 'J', ['DJ', 'DJ']]
[22:44:25] [yf1_v5] [INFO] 2号位打出['Pair', '6', ['H6', 'C6']]， 最大动作为2号位打出的['Pair', '6', ['H6', 'C6']]
[22:44:25] [yf1_v5] [INFO] 3号位打出['Pair', '7', ['H7', 'D7']]， 最大动作为3号位打出的['Pair', '7', ['H7', 'D7']]
[22:44:25] [yf1_v5] [INFO] 0号位打出['PASS', 'PASS', 'PASS']， 最大动作为3号位打出的['Pair', '7', ['H7', 'D7']]
[22:44:25] [YFAdapter-P0] [INFO] [YF-P0] Decision context: myPos=0, curPos=0, greaterPos=3, teammate=2, curAction=[, actionList_size=4
[22:44:25] [YFAdapter-P0] [INFO] [YF-P0] Decided: action_index=0, action=['PASS', 'PASS', 'PASS']
[22:44:25] [yf1_v5] [INFO] 1号位打出['Pair', 'A', ['HA', 'CA']]， 最大动作为1号位打出的['Pair', 'A', ['HA', 'CA']]
[22:44:25] [yf1_v5] [INFO] 2号位打出['PASS', 'PASS', 'PASS']， 最大动作为1号位打出的['Pair', 'A', ['HA', 'CA']]
[22:44:25] [yf1_v5] [INFO] 3号位打出['PASS', 'PASS', 'PASS']， 最大动作为1号位打出的['Pair', 'A', ['HA', 'CA']]
[22:44:25] [yf1_v5] [INFO] 0号位打出['PASS', 'PASS', 'PASS']， 最大动作为1号位打出的['Pair', 'A', ['HA', 'CA']]
[22:44:25] [YFAdapter-P0] [INFO] [YF-P0] Decision context: myPos=0, curPos=-1, greaterPos=-1, teammate=2, curAction=[, actionList_size=21
[22:44:25] [YFAdapter-P0] [INFO] [YF-P0] Decided: action_index=15, action=['ThreeWithTwo', '5', [['S', '5'], ['S', '5'], ['D', '5'], ['D', '3'], ['D', '3']]]
[22:44:25] [yf1_v5] [INFO] 1号位打出['ThreeWithTwo', '5', ['S5', 'S5', 'D5', 'D3', 'D3']]， 最大动作为1号位打出的['ThreeWithTwo', '5', ['S5', 'S5', 'D5', 'D3', 'D3']]
[22:44:25] [yf1_v5] [INFO] 2号位打出['ThreeWithTwo', 'A', ['SA', 'HA', 'CA', 'S8', 'C8']]， 最大动作为2号位打出的['ThreeWithTwo', 'A', ['SA', 'HA', 'CA', 'S8', 'C8']]
[22:44:25] [yf1_v5] [INFO] 3号位打出['PASS', 'PASS', 'PASS']， 最大动作为2号位打出的['ThreeWithTwo', 'A', ['SA', 'HA', 'CA', 'S8', 'C8']]
[22:44:25] [yf1_v5] [INFO] 0号位打出['PASS', 'PASS', 'PASS']， 最大动作为2号位打出的['ThreeWithTwo', 'A', ['SA', 'HA', 'CA', 'S8', 'C8']]
[22:44:25] [YFAdapter-P0] [INFO] [YF-P0] Decision context: myPos=0, curPos=0, greaterPos=2, teammate=2, curAction=[, actionList_size=1
[22:44:25] [YFAdapter-P0] [INFO] [YF-P0] Decided: action_index=0, action=['PASS', 'PASS', 'PASS']
[22:44:25] [yf1_v5] [INFO] 1号位打出['PASS', 'PASS', 'PASS']， 最大动作为2号位打出的['ThreeWithTwo', 'A', ['SA', 'HA', 'CA', 'S8', 'C8']]
[22:44:25] [yf1_v5] [INFO] 2号位打出['Pair', '9', ['H9', 'C9']]， 最大动作为2号位打出的['Pair', '9', ['H9', 'C9']]
[22:44:25] [yf1_v5] [INFO] 3号位打出['PASS', 'PASS', 'PASS']， 最大动作为2号位打出的['Pair', '9', ['H9', 'C9']]
[22:44:25] [yf1_v5] [INFO] 0号位打出['PASS', 'PASS', 'PASS']， 最大动作为2号位打出的['Pair', '9', ['H9', 'C9']]
[22:44:25] [YFAdapter-P0] [INFO] [YF-P0] Decision context: myPos=0, curPos=0, greaterPos=2, teammate=2, curAction=[, actionList_size=1
[22:44:25] [YFAdapter-P0] [INFO] [YF-P0] Decided: action_index=0, action=['PASS', 'PASS', 'PASS']
[22:44:25] [yf1_v5] [INFO] 1号位打出['PASS', 'PASS', 'PASS']， 最大动作为2号位打出的['Pair', '9', ['H9', 'C9']]
[22:44:25] [yf1_v5] [INFO] 2号位打出['Single', 'B', ['SB']]， 最大动作为2号位打出的['Single', 'B', ['SB']]
[22:44:25] [yf1_v5] [INFO] 3号位打出['PASS', 'PASS', 'PASS']， 最大动作为2号位打出的['Single', 'B', ['SB']]
[22:44:25] [yf1_v5] [INFO] 0号位打出['PASS', 'PASS', 'PASS']， 最大动作为2号位打出的['Single', 'B', ['SB']]
[22:44:25] [yf1_v5] [INFO] 0号位打出['Single', '7', ['H7']]， 最大动作为0号位打出的['Single', '7', ['H7']]
[22:44:25] [YFAdapter-P0] [INFO] [YF-P0] Decision context: myPos=0, curPos=0, greaterPos=0, teammate=2, curAction=[, actionList_size=6
[22:44:25] [YFAdapter-P0] [INFO] [YF-P0] Decided: action_index=2, action=['Single', '9', [['D', '9']]]
[22:44:25] [yf1_v5] [INFO] 1号位打出['Single', '9', ['D9']]， 最大动作为1号位打出的['Single', '9', ['D9']]
[22:44:25] [yf1_v5] [INFO] 3号位打出['Single', 'Q', ['HQ']]， 最大动作为3号位打出的['Single', 'Q', ['HQ']]
[22:44:25] [yf1_v5] [INFO] 0号位打出['Single', 'K', ['CK']]， 最大动作为0号位打出的['Single', 'K', ['CK']]
[22:44:25] [YFAdapter-P0] [INFO] [YF-P0] Decision context: myPos=0, curPos=0, greaterPos=0, teammate=2, curAction=[, actionList_size=2
[22:44:25] [YFAdapter-P0] [INFO] [YF-P0] Decided: action_index=1, action=['Single', 'J', [['C', 'J']]]
[22:44:25] [yf1_v5] [INFO] 1号位打出['Single', 'J', ['CJ']]， 最大动作为1号位打出的['Single', 'J', ['CJ']]
[22:44:25] [yf1_v5] [INFO] 3号位打出['PASS', 'PASS', 'PASS']， 最大动作为1号位打出的['Single', 'J', ['CJ']]
[22:44:25] [yf1_v5] [INFO] 0号位打出['PASS', 'PASS', 'PASS']， 最大动作为1号位打出的['Single', 'J', ['CJ']]
[22:44:25] [YFAdapter-P0] [INFO] [YF-P0] Decision context: myPos=0, curPos=-1, greaterPos=-1, teammate=2, curAction=[, actionList_size=4
[22:44:25] [YFAdapter-P0] [INFO] [YF-P0] Decided: action_index=3, action=['Pair', '9', [['S', '9'], ['S', '9']]]
[22:44:25] [yf1_v5] [INFO] 1号位打出['Pair', '9', ['S9', 'S9']]， 最大动作为1号位打出的['Pair', '9', ['S9', 'S9']]
[22:44:25] [yf1_v5] [INFO] 3号位打出['Pair', 'K', ['HK', 'CK']]， 最大动作为3号位打出的['Pair', 'K', ['HK', 'CK']]
[22:44:25] [yf1_v5] [INFO] 0号位打出['Pair', 'A', ['SA', 'DA']]， 最大动作为0号位打出的['Pair', 'A', ['SA', 'DA']]
[22:44:25] [YFAdapter-P0] [INFO] [YF-P0] Decision context: myPos=0, curPos=0, greaterPos=0, teammate=2, curAction=[, actionList_size=1
[22:44:25] [YFAdapter-P0] [INFO] [YF-P0] Decided: action_index=0, action=['PASS', 'PASS', 'PASS']
[22:44:26] [yf1_v5] [INFO] 1号位打出['PASS', 'PASS', 'PASS']， 最大动作为0号位打出的['Pair', 'A', ['SA', 'DA']]
[22:44:26] [yf1_v5] [INFO] 3号位打出['PASS', 'PASS', 'PASS']， 最大动作为0号位打出的['Pair', 'A', ['SA', 'DA']]
[22:44:26] [yf1_v5] [INFO] 0号位打出['ThreeWithTwo', '3', ['S3', 'H3', 'C3', 'S2', 'C2']]， 最大动作为0号位打出的['ThreeWithTwo', '3', ['S3', 'H3', 'C3', 'S2', 'C2']]
[22:44:26] [YFAdapter-P0] [INFO] [YF-P0] Decision context: myPos=0, curPos=0, greaterPos=0, teammate=2, curAction=[, actionList_size=1
[22:44:26] [YFAdapter-P0] [INFO] [YF-P0] Decided: action_index=0, action=['PASS', 'PASS', 'PASS']
[22:44:26] [yf1_v5] [INFO] 1号位打出['PASS', 'PASS', 'PASS']， 最大动作为0号位打出的['ThreeWithTwo', '3', ['S3', 'H3', 'C3', 'S2', 'C2']]
[22:44:26] [yf1_v5] [INFO] 3号位打出['ThreeWithTwo', '4', ['S4', 'C4', 'D4', 'H5', 'H5']]， 最大动作为3号位打出的['ThreeWithTwo', '4', ['S4', 'C4', 'D4', 'H5', 'H5']]
[22:44:26] [yf1_v5] [INFO] 0号位打出['ThreeWithTwo', 'Q', ['SQ', 'CQ', 'DQ', 'HT', 'DT']]， 最大动作为0号位打出的['ThreeWithTwo', 'Q', ['SQ', 'CQ', 'DQ', 'HT', 'DT']]
[22:44:26] [YFAdapter-P0] [INFO] [YF-P0] Decision context: myPos=0, curPos=0, greaterPos=0, teammate=2, curAction=[, actionList_size=1
[22:44:26] [YFAdapter-P0] [INFO] [YF-P0] Decided: action_index=0, action=['PASS', 'PASS', 'PASS']
[22:44:26] [yf1_v5] [INFO] 1号位打出['PASS', 'PASS', 'PASS']， 最大动作为0号位打出的['ThreeWithTwo', 'Q', ['SQ', 'CQ', 'DQ', 'HT', 'DT']]
[22:44:26] [yf1_v5] [INFO] 3号位打出['PASS', 'PASS', 'PASS']， 最大动作为0号位打出的['ThreeWithTwo', 'Q', ['SQ', 'CQ', 'DQ', 'HT', 'DT']]
[22:44:26] [yf1_v5] [INFO] 0号位打出['Trips', '6', ['S6', 'C6', 'D6']]， 最大动作为0号位打出的['Trips', '6', ['S6', 'C6', 'D6']]
[22:44:26] [YFAdapter-P0] [INFO] [YF-P0] Decision context: myPos=0, curPos=0, greaterPos=0, teammate=2, curAction=[, actionList_size=1
[22:44:26] [YFAdapter-P0] [INFO] [YF-P0] Decided: action_index=0, action=['PASS', 'PASS', 'PASS']
[22:44:26] [yf1_v5] [INFO] 1号位打出['PASS', 'PASS', 'PASS']， 最大动作为0号位打出的['Trips', '6', ['S6', 'C6', 'D6']]
[22:44:26] [yf1_v5] [INFO] 3号位打出['PASS', 'PASS', 'PASS']， 最大动作为0号位打出的['Trips', '6', ['S6', 'C6', 'D6']]
[22:44:26] [yf1_v5] [INFO] 0号位打出['Single', 'T', ['CT']]， 最大动作为0号位打出的['Single', 'T', ['CT']]
[22:44:26] [YFAdapter-P0] [INFO] [YF-P0] Decision context: myPos=0, curPos=0, greaterPos=0, teammate=2, curAction=[, actionList_size=2
[22:44:26] [YFAdapter-P0] [INFO] [YF-P0] Decided: action_index=0, action=['PASS', 'PASS', 'PASS']
[22:44:26] [YFAdapter-P0] [WARNING] [YF-P0] 检测到过于保守: 对手快走完(剩2张), 触发Layer 2/3进行更积极的决策
[22:44:26] [yf1_v5] [INFO] 1号位打出['Single', 'Q', ['SQ']]， 最大动作为1号位打出的['Single', 'Q', ['SQ']]
[22:44:26] [yf1_v5] [INFO] 3号位打出['PASS', 'PASS', 'PASS']， 最大动作为1号位打出的['Single', 'Q', ['SQ']]
[22:44:26] [yf1_v5] [INFO] 0号位打出['Single', 'A', ['DA']]， 最大动作为0号位打出的['Single', 'A', ['DA']]
[22:44:26] [YFAdapter-P0] [INFO] [YF-P0] Decision context: myPos=0, curPos=0, greaterPos=0, teammate=2, curAction=[, actionList_size=1
[22:44:26] [YFAdapter-P0] [INFO] [YF-P0] Decided: action_index=0, action=['PASS', 'PASS', 'PASS']
[22:44:26] [yf1_v5] [INFO] 1号位打出['PASS', 'PASS', 'PASS']， 最大动作为0号位打出的['Single', 'A', ['DA']]
[22:44:26] [yf1_v5] [INFO] 3号位打出['PASS', 'PASS', 'PASS']， 最大动作为0号位打出的['Single', 'A', ['DA']]
[22:44:26] [yf1_v5] [INFO] 0号位打出['Single', 'J', ['SJ']]， 最大动作为0号位打出的['Single', 'J', ['SJ']]
[22:44:26] [yf1_v5] [INFO] 游戏开始, 我是1号位，手牌：['H2', 'C2', 'H3', 'S4', 'S4', 'D4', 'C5', 'S6', 'H7', 'S8', 'H8', 'C8', 'D8', 'S9', 'H9', 'C9', 'D9', 'D9', 'CT', 'SJ', 'HJ', 'CJ', 'CK', 'DK', 'HA', 'DA', 'SB']
[22:44:26] [YFAdapter-P0] [INFO] [YF-P0] Decision context: myPos=0, curPos=-1, greaterPos=-1, teammate=2, curAction=[, actionList_size=1
[22:44:26] [YFAdapter-P0] [INFO] [YF-P0] Decided: action_index=0, action=['tribute', 'tribute', [['S', 'B']]]
[22:44:26] [YFAdapter-P0] [INFO] [YF-P0] Decision context: myPos=0, curPos=-1, greaterPos=-1, teammate=2, curAction=[, actionList_size=1626
[22:44:26] [YFAdapter-P0] [INFO] [YF-P0] Decided: action_index=1134, action=['Straight', '3', [['H', '3'], ['S', '4'], ['C', '5'], ['S', '6'], ['H', '7']]]
[22:44:26] [yf1_v5] [INFO] 1号位打出['Straight', '3', ['H3', 'S4', 'C5', 'S6', 'H7']]， 最大动作为1号位打出的['Straight', '3', ['H3', 'S4', 'C5', 'S6', 'H7']]
[22:44:26] [yf1_v5] [INFO] 2号位打出['PASS', 'PASS', 'PASS']， 最大动作为1号位打出的['Straight', '3', ['H3', 'S4', 'C5', 'S6', 'H7']]
[22:44:26] [yf1_v5] [INFO] 3号位打出['Straight', 'T', ['ST', 'HJ', 'SQ', 'SK', 'CA']]， 最大动作为3号位打出的['Straight', 'T', ['ST', 'HJ', 'SQ', 'SK', 'CA']]
[22:44:26] [yf1_v5] [INFO] 0号位打出['PASS', 'PASS', 'PASS']， 最大动作为3号位打出的['Straight', 'T', ['ST', 'HJ', 'SQ', 'SK', 'CA']]
[22:44:26] [YFAdapter-P0] [INFO] [YF-P0] Decision context: myPos=0, curPos=0, greaterPos=3, teammate=2, curAction=[, actionList_size=36
[22:44:26] [YFAdapter-P0] [INFO] [YF-P0] Decided: action_index=0, action=['PASS', 'PASS', 'PASS']
[22:44:26] [yf1_v5] [INFO] 1号位打出['Bomb', 'J', ['SJ', 'HJ', 'CJ', 'HA']]， 最大动作为1号位打出的['Bomb', 'J', ['SJ', 'HJ', 'CJ', 'HA']]
[22:44:26] [yf1_v5] [INFO] 2号位打出['Bomb', 'Q', ['HQ', 'HQ', 'CQ', 'DQ', 'DQ']]， 最大动作为2号位打出的['Bomb', 'Q', ['HQ', 'HQ', 'CQ', 'DQ', 'DQ']]
[22:44:26] [yf1_v5] [INFO] 3号位打出['PASS', 'PASS', 'PASS']， 最大动作为2号位打出的['Bomb', 'Q', ['HQ', 'HQ', 'CQ', 'DQ', 'DQ']]
[22:44:26] [yf1_v5] [INFO] 0号位打出['PASS', 'PASS', 'PASS']， 最大动作为2号位打出的['Bomb', 'Q', ['HQ', 'HQ', 'CQ', 'DQ', 'DQ']]
[22:44:26] [YFAdapter-P0] [INFO] [YF-P0] Decision context: myPos=0, curPos=0, greaterPos=2, teammate=2, curAction=[, actionList_size=1
[22:44:26] [YFAdapter-P0] [INFO] [YF-P0] Decided: action_index=0, action=['PASS', 'PASS', 'PASS']
[22:44:26] [yf1_v5] [INFO] 1号位打出['PASS', 'PASS', 'PASS']， 最大动作为2号位打出的['Bomb', 'Q', ['HQ', 'HQ', 'CQ', 'DQ', 'DQ']]
[22:44:26] [yf1_v5] [INFO] 2号位打出['ThreeWithTwo', '3', ['S3', 'H3', 'C3', 'S2', 'H2']]， 最大动作为2号位打出的['ThreeWithTwo', '3', ['S3', 'H3', 'C3', 'S2', 'H2']]
[22:44:26] [yf1_v5] [INFO] 3号位打出['ThreeWithTwo', '8', ['S8', 'C8', 'D8', 'SQ', 'CQ']]， 最大动作为3号位打出的['ThreeWithTwo', '8', ['S8', 'C8', 'D8', 'SQ', 'CQ']]
[22:44:26] [yf1_v5] [INFO] 0号位打出['ThreeWithTwo', '9', ['S9', 'H9', 'HA', 'D3', 'D3']]， 最大动作为0号位打出的['ThreeWithTwo', '9', ['S9', 'H9', 'HA', 'D3', 'D3']]
[22:44:26] [YFAdapter-P0] [INFO] [YF-P0] Decision context: myPos=0, curPos=0, greaterPos=0, teammate=2, curAction=[, actionList_size=11
[22:44:26] [YFAdapter-P0] [INFO] [YF-P0] Decided: action_index=8, action=['Bomb', '9', [['H', '9'], ['C', '9'], ['D', '9'], ['D', '9']]]
[22:44:26] [yf1_v5] [INFO] 1号位打出['Bomb', '9', ['H9', 'C9', 'D9', 'D9']]， 最大动作为1号位打出的['Bomb', '9', ['H9', 'C9', 'D9', 'D9']]
[22:44:26] [yf1_v5] [INFO] 2号位打出['PASS', 'PASS', 'PASS']， 最大动作为1号位打出的['Bomb', '9', ['H9', 'C9', 'D9', 'D9']]
[22:44:26] [yf1_v5] [INFO] 3号位打出['PASS', 'PASS', 'PASS']， 最大动作为1号位打出的['Bomb', '9', ['H9', 'C9', 'D9', 'D9']]
[22:44:26] [yf1_v5] [INFO] 0号位打出['PASS', 'PASS', 'PASS']， 最大动作为1号位打出的['Bomb', '9', ['H9', 'C9', 'D9', 'D9']]
[22:44:26] [YFAdapter-P0] [INFO] [YF-P0] Decision context: myPos=0, curPos=-1, greaterPos=-1, teammate=2, curAction=[, actionList_size=56
[22:44:26] [YFAdapter-P0] [INFO] [YF-P0] Decided: action_index=13, action=['Pair', '2', [['H', '2'], ['C', '2']]]
[22:44:26] [yf1_v5] [INFO] 1号位打出['Pair', '2', ['H2', 'C2']]， 最大动作为1号位打出的['Pair', '2', ['H2', 'C2']]
[22:44:26] [yf1_v5] [INFO] 2号位打出['Pair', '6', ['D6', 'D6']]， 最大动作为2号位打出的['Pair', '6', ['D6', 'D6']]
[22:44:26] [yf1_v5] [INFO] 3号位打出['Pair', 'K', ['HK', 'HK']]， 最大动作为3号位打出的['Pair', 'K', ['HK', 'HK']]
[22:44:26] [yf1_v5] [INFO] 0号位打出['Pair', 'B', ['SB', 'SB']]， 最大动作为0号位打出的['Pair', 'B', ['SB', 'SB']]
[22:44:26] [YFAdapter-P0] [INFO] [YF-P0] Decision context: myPos=0, curPos=0, greaterPos=0, teammate=2, curAction=[, actionList_size=6
[22:44:26] [YFAdapter-P0] [INFO] [YF-P0] Decided: action_index=3, action=['Bomb', '8', [['S', '8'], ['H', '8'], ['C', '8'], ['D', '8']]]
[22:44:26] [yf1_v5] [INFO] 1号位打出['Bomb', '8', ['S8', 'H8', 'C8', 'D8']]， 最大动作为1号位打出的['Bomb', '8', ['S8', 'H8', 'C8', 'D8']]
[22:44:26] [yf1_v5] [INFO] 2号位打出['PASS', 'PASS', 'PASS']， 最大动作为1号位打出的['Bomb', '8', ['S8', 'H8', 'C8', 'D8']]
[22:44:26] [yf1_v5] [INFO] 3号位打出['PASS', 'PASS', 'PASS']， 最大动作为1号位打出的['Bomb', '8', ['S8', 'H8', 'C8', 'D8']]
[22:44:26] [yf1_v5] [INFO] 0号位打出['PASS', 'PASS', 'PASS']， 最大动作为1号位打出的['Bomb', '8', ['S8', 'H8', 'C8', 'D8']]
[22:44:26] [YFAdapter-P0] [INFO] [YF-P0] Decision context: myPos=0, curPos=-1, greaterPos=-1, teammate=2, curAction=[, actionList_size=10
[22:44:26] [YFAdapter-P0] [INFO] [YF-P0] Decided: action_index=2, action=['Single', '8', [['H', '8']]]
[22:44:26] [yf1_v5] [INFO] 1号位打出['Single', '8', ['H8']]， 最大动作为1号位打出的['Single', '8', ['H8']]
[22:44:26] [yf1_v5] [INFO] 2号位打出['Single', 'A', ['SA']]， 最大动作为2号位打出的['Single', 'A', ['SA']]
[22:44:26] [yf1_v5] [INFO] 3号位打出['PASS', 'PASS', 'PASS']， 最大动作为2号位打出的['Single', 'A', ['SA']]
[22:44:26] [yf1_v5] [INFO] 0号位打出['PASS', 'PASS', 'PASS']， 最大动作为2号位打出的['Single', 'A', ['SA']]
[22:44:26] [YFAdapter-P0] [INFO] [YF-P0] Decision context: myPos=0, curPos=0, greaterPos=2, teammate=2, curAction=[, actionList_size=1
[22:44:26] [YFAdapter-P0] [INFO] [YF-P0] Decided: action_index=0, action=['PASS', 'PASS', 'PASS']
[22:44:26] [yf1_v5] [INFO] 1号位打出['PASS', 'PASS', 'PASS']， 最大动作为2号位打出的['Single', 'A', ['SA']]
[22:44:26] [yf1_v5] [INFO] 2号位打出['ThreeWithTwo', '5', ['H5', 'D5', 'D5', 'ST', 'HT']]， 最大动作为2号位打出的['ThreeWithTwo', '5', ['H5', 'D5', 'D5', 'ST', 'HT']]
[22:44:26] [yf1_v5] [INFO] 3号位打出['PASS', 'PASS', 'PASS']， 最大动作为2号位打出的['ThreeWithTwo', '5', ['H5', 'D5', 'D5', 'ST', 'HT']]
[22:44:26] [yf1_v5] [INFO] 0号位打出['ThreeWithTwo', 'T', ['HT', 'DT', 'DT', 'H4', 'C4']]， 最大动作为0号位打出的['ThreeWithTwo', 'T', ['HT', 'DT', 'DT', 'H4', 'C4']]
[22:44:26] [YFAdapter-P0] [INFO] [YF-P0] Decision context: myPos=0, curPos=0, greaterPos=0, teammate=2, curAction=[, actionList_size=1
[22:44:26] [YFAdapter-P0] [INFO] [YF-P0] Decided: action_index=0, action=['PASS', 'PASS', 'PASS']
[22:44:26] [yf1_v5] [INFO] 1号位打出['PASS', 'PASS', 'PASS']， 最大动作为0号位打出的['ThreeWithTwo', 'T', ['HT', 'DT', 'DT', 'H4', 'C4']]
[22:44:26] [yf1_v5] [INFO] 2号位打出['PASS', 'PASS', 'PASS']， 最大动作为0号位打出的['ThreeWithTwo', 'T', ['HT', 'DT', 'DT', 'H4', 'C4']]
[22:44:26] [yf1_v5] [INFO] 3号位打出['PASS', 'PASS', 'PASS']， 最大动作为0号位打出的['ThreeWithTwo', 'T', ['HT', 'DT', 'DT', 'H4', 'C4']]
[22:44:26] [yf1_v5] [INFO] 0号位打出['Single', '2', ['S2']]， 最大动作为0号位打出的['Single', '2', ['S2']]
[22:44:26] [YFAdapter-P0] [INFO] [YF-P0] Decision context: myPos=0, curPos=0, greaterPos=0, teammate=2, curAction=[, actionList_size=8
[22:44:26] [YFAdapter-P0] [INFO] [YF-P0] Decided: action_index=0, action=['PASS', 'PASS', 'PASS']
[22:44:26] [yf1_v5] [INFO] 1号位打出['Single', 'A', ['DA']]， 最大动作为1号位打出的['Single', 'A', ['DA']]
[22:44:26] [yf1_v5] [INFO] 2号位打出['Single', 'R', ['HR']]， 最大动作为2号位打出的['Single', 'R', ['HR']]
[22:44:26] [yf1_v5] [INFO] 3号位打出['PASS', 'PASS', 'PASS']， 最大动作为2号位打出的['Single', 'R', ['HR']]
[22:44:26] [yf1_v5] [INFO] 0号位打出['PASS', 'PASS', 'PASS']， 最大动作为2号位打出的['Single', 'R', ['HR']]
[22:44:26] [YFAdapter-P0] [INFO] [YF-P0] Decision context: myPos=0, curPos=0, greaterPos=2, teammate=2, curAction=[, actionList_size=1
[22:44:26] [YFAdapter-P0] [INFO] [YF-P0] Decided: action_index=0, action=['PASS', 'PASS', 'PASS']
[22:44:26] [yf1_v5] [INFO] 1号位打出['PASS', 'PASS', 'PASS']， 最大动作为2号位打出的['Single', 'R', ['HR']]
[22:44:26] [yf1_v5] [INFO] 2号位打出['ThreeWithTwo', '7', ['H7', 'C7', 'C7', 'SJ', 'DJ']]， 最大动作为2号位打出的['ThreeWithTwo', '7', ['H7', 'C7', 'C7', 'SJ', 'DJ']]
[22:44:26] [yf1_v5] [INFO] 3号位打出['PASS', 'PASS', 'PASS']， 最大动作为2号位打出的['ThreeWithTwo', '7', ['H7', 'C7', 'C7', 'SJ', 'DJ']]
[22:44:26] [yf1_v5] [INFO] 0号位打出['PASS', 'PASS', 'PASS']， 最大动作为2号位打出的['ThreeWithTwo', '7', ['H7', 'C7', 'C7', 'SJ', 'DJ']]
[22:44:26] [YFAdapter-P0] [INFO] [YF-P0] Decision context: myPos=0, curPos=0, greaterPos=2, teammate=2, curAction=[, actionList_size=1
[22:44:26] [YFAdapter-P0] [INFO] [YF-P0] Decided: action_index=0, action=['PASS', 'PASS', 'PASS']
[22:44:26] [yf1_v5] [INFO] 1号位打出['PASS', 'PASS', 'PASS']， 最大动作为2号位打出的['ThreeWithTwo', '7', ['H7', 'C7', 'C7', 'SJ', 'DJ']]
[22:44:26] [yf1_v5] [INFO] 2号位打出['Pair', 'K', ['CK', 'DK']]， 最大动作为2号位打出的['Pair', 'K', ['CK', 'DK']]
[22:44:26] [yf1_v5] [INFO] 3号位打出['PASS', 'PASS', 'PASS']， 最大动作为2号位打出的['Pair', 'K', ['CK', 'DK']]
[22:44:26] [yf1_v5] [INFO] 0号位打出['PASS', 'PASS', 'PASS']， 最大动作为2号位打出的['Pair', 'K', ['CK', 'DK']]
[22:44:26] [YFAdapter-P0] [INFO] [YF-P0] Decision context: myPos=0, curPos=0, greaterPos=2, teammate=2, curAction=[, actionList_size=1
[22:44:26] [YFAdapter-P0] [INFO] [YF-P0] Decided: action_index=0, action=['PASS', 'PASS', 'PASS']
[22:44:26] [yf1_v5] [INFO] 1号位打出['PASS', 'PASS', 'PASS']， 最大动作为2号位打出的['Pair', 'K', ['CK', 'DK']]
[22:44:26] [yf1_v5] [INFO] 2号位打出['Single', 'A', ['DA']]， 最大动作为2号位打出的['Single', 'A', ['DA']]
[22:44:26] [yf1_v5] [INFO] 3号位打出['PASS', 'PASS', 'PASS']， 最大动作为2号位打出的['Single', 'A', ['DA']]
[22:44:26] [yf1_v5] [INFO] 0号位打出['PASS', 'PASS', 'PASS']， 最大动作为2号位打出的['Single', 'A', ['DA']]
[22:44:26] [yf1_v5] [INFO] 0号位打出['Single', '5', ['S5']]， 最大动作为0号位打出的['Single', '5', ['S5']]
[22:44:26] [YFAdapter-P0] [INFO] [YF-P0] Decision context: myPos=0, curPos=0, greaterPos=0, teammate=2, curAction=[, actionList_size=5
[22:44:26] [YFAdapter-P0] [INFO] [YF-P0] Decided: action_index=0, action=['PASS', 'PASS', 'PASS']
[22:44:26] [yf1_v5] [INFO] 1号位打出['Single', 'K', ['CK']]， 最大动作为1号位打出的['Single', 'K', ['CK']]
[22:44:26] [yf1_v5] [INFO] 3号位打出['Single', 'A', ['CA']]， 最大动作为3号位打出的['Single', 'A', ['CA']]
[22:44:26] [yf1_v5] [INFO] 0号位打出['Single', 'R', ['HR']]， 最大动作为0号位打出的['Single', 'R', ['HR']]
[22:44:26] [YFAdapter-P0] [INFO] [YF-P0] Decision context: myPos=0, curPos=0, greaterPos=0, teammate=2, curAction=[, actionList_size=1
[22:44:26] [YFAdapter-P0] [INFO] [YF-P0] Decided: action_index=0, action=['PASS', 'PASS', 'PASS']
[22:44:26] [yf1_v5] [INFO] 1号位打出['PASS', 'PASS', 'PASS']， 最大动作为0号位打出的['Single', 'R', ['HR']]
[22:44:26] [yf1_v5] [INFO] 3号位打出['PASS', 'PASS', 'PASS']， 最大动作为0号位打出的['Single', 'R', ['HR']]
[22:44:26] [yf1_v5] [INFO] 0号位打出['Single', '5', ['H5']]， 最大动作为0号位打出的['Single', '5', ['H5']]
[22:44:26] [YFAdapter-P0] [INFO] [YF-P0] Decision context: myPos=0, curPos=0, greaterPos=0, teammate=2, curAction=[, actionList_size=4
[22:44:26] [YFAdapter-P0] [INFO] [YF-P0] Decided: action_index=3, action=['Single', 'K', [['D', 'K']]]
[22:44:26] [yf1_v5] [INFO] 1号位打出['Single', 'K', ['DK']]， 最大动作为1号位打出的['Single', 'K', ['DK']]
[22:44:26] [yf1_v5] [INFO] 3号位打出['PASS', 'PASS', 'PASS']， 最大动作为1号位打出的['Single', 'K', ['DK']]
[22:44:26] [yf1_v5] [INFO] 0号位打出['Single', 'A', ['SA']]， 最大动作为0号位打出的['Single', 'A', ['SA']]
[22:44:26] [YFAdapter-P0] [INFO] [YF-P0] Decision context: myPos=0, curPos=0, greaterPos=0, teammate=2, curAction=[, actionList_size=1
[22:44:26] [YFAdapter-P0] [INFO] [YF-P0] Decided: action_index=0, action=['PASS', 'PASS', 'PASS']
[22:44:26] [yf1_v5] [INFO] 1号位打出['PASS', 'PASS', 'PASS']， 最大动作为0号位打出的['Single', 'A', ['SA']]
[22:44:26] [yf1_v5] [INFO] 3号位打出['PASS', 'PASS', 'PASS']， 最大动作为0号位打出的['Single', 'A', ['SA']]
[22:44:26] [yf1_v5] [INFO] 0号位打出['Single', '5', ['C5']]， 最大动作为0号位打出的['Single', '5', ['C5']]
[22:44:26] [YFAdapter-P0] [INFO] [YF-P0] Decision context: myPos=0, curPos=0, greaterPos=0, teammate=2, curAction=[, actionList_size=3
[22:44:26] [YFAdapter-P0] [INFO] [YF-P0] Decided: action_index=1, action=['Single', '9', [['S', '9']]]
[22:44:26] [yf1_v5] [INFO] 1号位打出['Single', '9', ['S9']]， 最大动作为1号位打出的['Single', '9', ['S9']]
[22:44:26] [yf1_v5] [INFO] 3号位打出['Single', 'T', ['CT']]， 最大动作为3号位打出的['Single', 'T', ['CT']]
[22:44:26] [yf1_v5] [INFO] 0号位打出['Single', 'J', ['CJ']]， 最大动作为0号位打出的['Single', 'J', ['CJ']]
[22:44:26] [YFAdapter-P0] [INFO] [YF-P0] Decision context: myPos=0, curPos=0, greaterPos=0, teammate=2, curAction=[, actionList_size=1
[22:44:26] [YFAdapter-P0] [INFO] [YF-P0] Decided: action_index=0, action=['PASS', 'PASS', 'PASS']
[22:44:26] [yf1_v5] [INFO] 1号位打出['PASS', 'PASS', 'PASS']， 最大动作为0号位打出的['Single', 'J', ['CJ']]
[22:44:26] [yf1_v5] [INFO] 3号位打出['PASS', 'PASS', 'PASS']， 最大动作为0号位打出的['Single', 'J', ['CJ']]
[22:44:26] [yf1_v5] [INFO] 0号位打出['Single', '6', ['S6']]， 最大动作为0号位打出的['Single', '6', ['S6']]
[22:44:26] [YFAdapter-P0] [INFO] [YF-P0] Decision context: myPos=0, curPos=0, greaterPos=0, teammate=2, curAction=[, actionList_size=2
[22:44:26] [YFAdapter-P0] [INFO] [YF-P0] Decided: action_index=0, action=['PASS', 'PASS', 'PASS']
[22:44:26] [YFAdapter-P0] [WARNING] [YF-P0] 检测到过于保守: 对手快走完(剩3张), 触发Layer 2/3进行更积极的决策
[22:44:26] [yf1_v5] [INFO] 1号位打出['Single', 'T', ['CT']]， 最大动作为1号位打出的['Single', 'T', ['CT']]
[22:44:26] [yf1_v5] [INFO] 3号位打出['Single', 'J', ['DJ']]， 最大动作为3号位打出的['Single', 'J', ['DJ']]
[22:44:26] [yf1_v5] [INFO] 0号位打出['Single', 'K', ['SK']]， 最大动作为0号位打出的['Single', 'K', ['SK']]
[22:44:26] [YFAdapter-P0] [INFO] [YF-P0] Decision context: myPos=0, curPos=0, greaterPos=0, teammate=2, curAction=[, actionList_size=1
[22:44:26] [YFAdapter-P0] [INFO] [YF-P0] Decided: action_index=0, action=['PASS', 'PASS', 'PASS']
[22:44:26] [yf1_v5] [INFO] 1号位打出['PASS', 'PASS', 'PASS']， 最大动作为0号位打出的['Single', 'K', ['SK']]
[22:44:26] [yf1_v5] [INFO] 3号位打出['PASS', 'PASS', 'PASS']， 最大动作为0号位打出的['Single', 'K', ['SK']]
[22:44:26] [yf1_v5] [INFO] 0号位打出['ThreeWithTwo', '7', ['S7', 'D7', 'D7', 'H6', 'C6']]， 最大动作为0号位打出的['ThreeWithTwo', '7', ['S7', 'D7', 'D7', 'H6', 'C6']]
[22:44:26] [YFAdapter-P0] [INFO] [YF-P0] Decision context: myPos=0, curPos=0, greaterPos=0, teammate=2, curAction=[, actionList_size=1
[22:44:26] [YFAdapter-P0] [INFO] [YF-P0] Decided: action_index=0, action=['PASS', 'PASS', 'PASS']
[22:44:26] [yf1_v5] [INFO] 1号位打出['PASS', 'PASS', 'PASS']， 最大动作为0号位打出的['ThreeWithTwo', '7', ['S7', 'D7', 'D7', 'H6', 'C6']]
[22:44:26] [yf1_v5] [INFO] 3号位打出['PASS', 'PASS', 'PASS']， 最大动作为0号位打出的['ThreeWithTwo', '7', ['S7', 'D7', 'D7', 'H6', 'C6']]
[22:44:26] [yf1_v5] [INFO] 0号位打出['Single', '9', ['C9']]， 最大动作为0号位打出的['Single', '9', ['C9']]
[22:44:26] [yf1_v5] [INFO] ============================================================
[22:44:26] [yf1_v5] [INFO] GAME RESULT (V5)
[22:44:26] [yf1_v5] [INFO] ============================================================
[22:44:26] [yf1_v5] [INFO] Victory counts: [3, 0, 3, 0]
[22:44:26] [yf1_v5] [INFO] Total decisions: 361
[22:44:26] [yf1_v5] [INFO]   - RL decisions: 361
[22:44:26] [yf1_v5] [INFO]   - Knowledge decisions: 1084
[22:44:26] [yf1_v5] [INFO] Total games played: 1
[22:44:26] [yf1_v5] [INFO] Layer usage statistics:
[22:44:26] [yf1_v5] [INFO] ============================================================
[22:44:26] [yf1_v5] [INFO] Team A wins! (6 vs 0)
[22:44:26] [yf1_v5] [INFO] Game scores saved: Team A 1/1, Team B 0/1
[22:44:26] [HybridV4-P0] [INFO] Statistics reset
