[23:20:44] [websocket_manager.yf2_v5] [INFO] WebSocket Manager initialized for yf2_v5
[23:20:44] [websocket_manager.yf2_v5] [INFO]   - URI: ws://127.0.0.1:23456/game/yf2_v5
[23:20:44] [websocket_manager.yf2_v5] [INFO]   - Reconnect interval: 5s
[23:20:44] [websocket_manager.yf2_v5] [INFO]   - Heartbeat interval: 30s
[23:20:44] [websocket_manager.yf2_v5] [INFO]   - Timeout: 10s
[23:20:44] [HybridV4-P2] [INFO] HybridDecisionEngineV4 initialized
[23:20:46] [yf2_v5] [INFO] ✓ RL Engine initialized
[23:20:46] [yf2_v5] [INFO] ✓ yf2_v5 initialized (Player 2)
[23:20:46] [yf2_v5] [INFO]   - RL Engine: Available
[23:20:46] [yf2_v5] [INFO]   - Hybrid Decision: True
[23:20:46] [websocket_manager.yf2_v5] [INFO] Connecting to ws://127.0.0.1:23456/game/yf2_v5... (attempt 1)
[23:20:46] [websocket_manager.yf2_v5] [INFO] ✓ Connected to server: ws://127.0.0.1:23456/game/yf2_v5
[23:20:46] [yf2_v5] [INFO] Position updated: 2 -> 3
[23:20:46] [yf2_v5] [INFO] 游戏开始, 我是3号位，手牌：['H3', 'C3', 'D3', 'D3', 'H4', 'H4', 'C5', 'D5', 'S6', 'S6', 'D6', 'S7', 'C7', 'D8', 'D8', 'ST', 'HT', 'CT', 'SQ', 'SA', 'HA', 'CA', 'S2', 'H2', 'C2', 'SB', 'HR']
[23:20:46] [yf2_v5] [INFO] 2号位打出['Single', '3', ['S3']]， 最大动作为2号位打出的['Single', '3', ['S3']]
[23:20:46] [YFAdapter-P2] [INFO] YF state initialized: player_id=2
[23:20:46] [YFAdapter-P2] [INFO] YFAdapter initialized for player 2
[23:20:46] [HybridV4-P2] [INFO] YFAdapter initialized (lazy)
[23:20:46] [YFAdapter-P2] [INFO] [YF-P2] Decision context: myPos=2, curPos=2, greaterPos=2, teammate=0, curAction=[, actionList_size=29
[23:20:46] [YFAdapter-P2] [INFO] [YF-P2] Decided: action_index=8, action=['Single', '8', [['D', '8']]]
[23:20:46] [HybridV4-P2] [INFO] DecisionEngine initialized (lazy)
[23:20:46] [HybridV4-P2] [INFO] KnowledgeEnhancedDecisionEngine initialized (lazy)
[23:20:46] [yf2_v5] [INFO] 3号位打出['Single', '8', ['D8']]， 最大动作为3号位打出的['Single', '8', ['D8']]
[23:20:46] [yf2_v5] [INFO] 0号位打出['Single', 'J', ['CJ']]， 最大动作为0号位打出的['Single', 'J', ['CJ']]
[23:20:46] [yf2_v5] [INFO] 1号位打出['Single', 'A', ['HA']]， 最大动作为1号位打出的['Single', 'A', ['HA']]
[23:20:46] [yf2_v5] [INFO] 2号位打出['Single', '2', ['S2']]， 最大动作为2号位打出的['Single', '2', ['S2']]
[23:20:46] [YFAdapter-P2] [INFO] [YF-P2] Decision context: myPos=2, curPos=2, greaterPos=2, teammate=0, curAction=[, actionList_size=11
[23:20:46] [YFAdapter-P2] [INFO] [YF-P2] Decided: action_index=0, action=['PASS', 'PASS', 'PASS']
[23:20:46] [yf2_v5] [INFO] 3号位打出['PASS', 'PASS', 'PASS']， 最大动作为2号位打出的['Single', '2', ['S2']]
[23:20:46] [yf2_v5] [INFO] 0号位打出['PASS', 'PASS', 'PASS']， 最大动作为2号位打出的['Single', '2', ['S2']]
[23:20:46] [yf2_v5] [INFO] 1号位打出['PASS', 'PASS', 'PASS']， 最大动作为2号位打出的['Single', '2', ['S2']]
[23:20:46] [yf2_v5] [INFO] 2号位打出['Single', '4', ['C4']]， 最大动作为2号位打出的['Single', '4', ['C4']]
[23:20:46] [YFAdapter-P2] [INFO] [YF-P2] Decision context: myPos=2, curPos=2, greaterPos=2, teammate=0, curAction=[, actionList_size=28
[23:20:46] [YFAdapter-P2] [INFO] [YF-P2] Decided: action_index=27, action=['Bomb', '3', [['H', '3'], ['C', '3'], ['D', '3'], ['D', '3'], ['H', '2']]]
[23:20:46] [yf2_v5] [INFO] 3号位打出['Bomb', '3', ['H3', 'C3', 'D3', 'D3', 'H2']]， 最大动作为3号位打出的['Bomb', '3', ['H3', 'C3', 'D3', 'D3', 'H2']]
[23:20:46] [yf2_v5] [INFO] 0号位打出['PASS', 'PASS', 'PASS']， 最大动作为3号位打出的['Bomb', '3', ['H3', 'C3', 'D3', 'D3', 'H2']]
[23:20:46] [yf2_v5] [INFO] 1号位打出['StraightFlush', '6', ['H6', 'H7', 'H8', 'H9', 'HT']]， 最大动作为1号位打出的['StraightFlush', '6', ['H6', 'H7', 'H8', 'H9', 'HT']]
[23:20:46] [yf2_v5] [INFO] 2号位打出['PASS', 'PASS', 'PASS']， 最大动作为1号位打出的['StraightFlush', '6', ['H6', 'H7', 'H8', 'H9', 'HT']]
[23:20:46] [YFAdapter-P2] [INFO] [YF-P2] Decision context: myPos=2, curPos=2, greaterPos=1, teammate=0, curAction=[, actionList_size=1
[23:20:46] [YFAdapter-P2] [INFO] [YF-P2] Decided: action_index=0, action=['PASS', 'PASS', 'PASS']
[23:20:46] [yf2_v5] [INFO] 3号位打出['PASS', 'PASS', 'PASS']， 最大动作为1号位打出的['StraightFlush', '6', ['H6', 'H7', 'H8', 'H9', 'HT']]
[23:20:46] [yf2_v5] [INFO] 0号位打出['PASS', 'PASS', 'PASS']， 最大动作为1号位打出的['StraightFlush', '6', ['H6', 'H7', 'H8', 'H9', 'HT']]
[23:20:46] [yf2_v5] [INFO] 1号位打出['Single', '3', ['S3']]， 最大动作为1号位打出的['Single', '3', ['S3']]
[23:20:46] [yf2_v5] [INFO] 2号位打出['Single', '7', ['H7']]， 最大动作为2号位打出的['Single', '7', ['H7']]
[23:20:46] [YFAdapter-P2] [INFO] [YF-P2] Decision context: myPos=2, curPos=2, greaterPos=2, teammate=0, curAction=[, actionList_size=13
[23:20:46] [YFAdapter-P2] [INFO] [YF-P2] Decided: action_index=2, action=['Single', 'T', [['S', 'T']]]
[23:20:46] [yf2_v5] [INFO] 3号位打出['Single', 'T', ['ST']]， 最大动作为3号位打出的['Single', 'T', ['ST']]
[23:20:46] [yf2_v5] [INFO] 0号位打出['Single', '2', ['H2']]， 最大动作为0号位打出的['Single', '2', ['H2']]
[23:20:46] [yf2_v5] [INFO] 1号位打出['Single', 'R', ['HR']]， 最大动作为1号位打出的['Single', 'R', ['HR']]
[23:20:46] [yf2_v5] [INFO] 2号位打出['PASS', 'PASS', 'PASS']， 最大动作为1号位打出的['Single', 'R', ['HR']]
[23:20:46] [YFAdapter-P2] [INFO] [YF-P2] Decision context: myPos=2, curPos=2, greaterPos=1, teammate=0, curAction=[, actionList_size=1
[23:20:46] [YFAdapter-P2] [INFO] [YF-P2] Decided: action_index=0, action=['PASS', 'PASS', 'PASS']
[23:20:46] [yf2_v5] [INFO] 3号位打出['PASS', 'PASS', 'PASS']， 最大动作为1号位打出的['Single', 'R', ['HR']]
[23:20:46] [yf2_v5] [INFO] 0号位打出['PASS', 'PASS', 'PASS']， 最大动作为1号位打出的['Single', 'R', ['HR']]
[23:20:46] [yf2_v5] [INFO] 1号位打出['Single', '5', ['D5']]， 最大动作为1号位打出的['Single', '5', ['D5']]
[23:20:46] [yf2_v5] [INFO] 2号位打出['Single', 'T', ['DT']]， 最大动作为2号位打出的['Single', 'T', ['DT']]
[23:20:46] [YFAdapter-P2] [INFO] [YF-P2] Decision context: myPos=2, curPos=2, greaterPos=2, teammate=0, curAction=[, actionList_size=9
[23:20:46] [YFAdapter-P2] [INFO] [YF-P2] Decided: action_index=8, action=['Single', 'R', [['H', 'R']]]
[23:20:47] [yf2_v5] [INFO] 3号位打出['Single', 'R', ['HR']]， 最大动作为3号位打出的['Single', 'R', ['HR']]
[23:20:47] [yf2_v5] [INFO] 0号位打出['PASS', 'PASS', 'PASS']， 最大动作为3号位打出的['Single', 'R', ['HR']]
[23:20:47] [yf2_v5] [INFO] 1号位打出['PASS', 'PASS', 'PASS']， 最大动作为3号位打出的['Single', 'R', ['HR']]
[23:20:47] [yf2_v5] [INFO] 2号位打出['PASS', 'PASS', 'PASS']， 最大动作为3号位打出的['Single', 'R', ['HR']]
[23:20:47] [YFAdapter-P2] [INFO] [YF-P2] Decision context: myPos=2, curPos=-1, greaterPos=-1, teammate=0, curAction=[, actionList_size=56
[23:20:47] [YFAdapter-P2] [INFO] [YF-P2] Decided: action_index=7, action=['Single', '8', [['D', '8']]]
[23:20:47] [yf2_v5] [INFO] 3号位打出['Single', '8', ['D8']]， 最大动作为3号位打出的['Single', '8', ['D8']]
[23:20:47] [yf2_v5] [INFO] 0号位打出['PASS', 'PASS', 'PASS']， 最大动作为3号位打出的['Single', '8', ['D8']]
[23:20:47] [yf2_v5] [INFO] 1号位打出['Single', '2', ['C2']]， 最大动作为1号位打出的['Single', '2', ['C2']]
[23:20:47] [yf2_v5] [INFO] 2号位打出['Single', 'B', ['SB']]， 最大动作为2号位打出的['Single', 'B', ['SB']]
[23:20:47] [YFAdapter-P2] [INFO] [YF-P2] Decision context: myPos=2, curPos=2, greaterPos=2, teammate=0, curAction=[, actionList_size=1
[23:20:47] [YFAdapter-P2] [INFO] [YF-P2] Decided: action_index=0, action=['PASS', 'PASS', 'PASS']
[23:20:47] [yf2_v5] [INFO] 3号位打出['PASS', 'PASS', 'PASS']， 最大动作为2号位打出的['Single', 'B', ['SB']]
[23:20:47] [yf2_v5] [INFO] 0号位打出['PASS', 'PASS', 'PASS']， 最大动作为2号位打出的['Single', 'B', ['SB']]
[23:20:47] [yf2_v5] [INFO] 1号位打出['PASS', 'PASS', 'PASS']， 最大动作为2号位打出的['Single', 'B', ['SB']]
[23:20:47] [yf2_v5] [INFO] 2号位打出['Pair', '5', ['H5', 'C5']]， 最大动作为2号位打出的['Pair', '5', ['H5', 'C5']]
[23:20:47] [YFAdapter-P2] [INFO] [YF-P2] Decision context: myPos=2, curPos=2, greaterPos=2, teammate=0, curAction=[, actionList_size=9
[23:20:47] [YFAdapter-P2] [INFO] [YF-P2] Decided: action_index=2, action=['Pair', '6', [['S', '6'], ['S', '6']]]
[23:20:47] [yf2_v5] [INFO] 3号位打出['Pair', '6', ['S6', 'S6']]， 最大动作为3号位打出的['Pair', '6', ['S6', 'S6']]
[23:20:47] [yf2_v5] [INFO] 0号位打出['Pair', '8', ['H8', 'C8']]， 最大动作为0号位打出的['Pair', '8', ['H8', 'C8']]
[23:20:47] [yf2_v5] [INFO] 1号位打出['Pair', '9', ['C9', 'D9']]， 最大动作为1号位打出的['Pair', '9', ['C9', 'D9']]
[23:20:47] [yf2_v5] [INFO] 2号位打出['Pair', 'Q', ['HQ', 'CQ']]， 最大动作为2号位打出的['Pair', 'Q', ['HQ', 'CQ']]
[23:20:47] [YFAdapter-P2] [INFO] [YF-P2] Decision context: myPos=2, curPos=2, greaterPos=2, teammate=0, curAction=[, actionList_size=5
[23:20:47] [YFAdapter-P2] [INFO] [YF-P2] Decided: action_index=1, action=['Pair', 'A', [['S', 'A'], ['C', 'A']]]
[23:20:47] [yf2_v5] [INFO] 3号位打出['Pair', 'A', ['SA', 'CA']]， 最大动作为3号位打出的['Pair', 'A', ['SA', 'CA']]
[23:20:47] [yf2_v5] [INFO] 0号位打出['Bomb', 'Q', ['HQ', 'CQ', 'DQ', 'DQ']]， 最大动作为0号位打出的['Bomb', 'Q', ['HQ', 'CQ', 'DQ', 'DQ']]
[23:20:47] [yf2_v5] [INFO] 1号位打出['PASS', 'PASS', 'PASS']， 最大动作为0号位打出的['Bomb', 'Q', ['HQ', 'CQ', 'DQ', 'DQ']]
[23:20:47] [yf2_v5] [INFO] 2号位打出['PASS', 'PASS', 'PASS']， 最大动作为0号位打出的['Bomb', 'Q', ['HQ', 'CQ', 'DQ', 'DQ']]
[23:20:47] [YFAdapter-P2] [INFO] [YF-P2] Decision context: myPos=2, curPos=2, greaterPos=0, teammate=0, curAction=[, actionList_size=1
[23:20:47] [YFAdapter-P2] [INFO] [YF-P2] Decided: action_index=0, action=['PASS', 'PASS', 'PASS']
[23:20:47] [yf2_v5] [INFO] 3号位打出['PASS', 'PASS', 'PASS']， 最大动作为0号位打出的['Bomb', 'Q', ['HQ', 'CQ', 'DQ', 'DQ']]
[23:20:47] [yf2_v5] [INFO] 0号位打出['Single', '6', ['D6']]， 最大动作为0号位打出的['Single', '6', ['D6']]
[23:20:47] [yf2_v5] [INFO] 1号位打出['Single', '8', ['C8']]， 最大动作为1号位打出的['Single', '8', ['C8']]
[23:20:47] [yf2_v5] [INFO] 2号位打出['Single', 'A', ['DA']]， 最大动作为2号位打出的['Single', 'A', ['DA']]
[23:20:47] [YFAdapter-P2] [INFO] [YF-P2] Decision context: myPos=2, curPos=2, greaterPos=2, teammate=0, curAction=[, actionList_size=4
[23:20:47] [YFAdapter-P2] [INFO] [YF-P2] Decided: action_index=3, action=['Single', 'B', [['S', 'B']]]
[23:20:47] [yf2_v5] [INFO] 3号位打出['Single', 'B', ['SB']]， 最大动作为3号位打出的['Single', 'B', ['SB']]
[23:20:47] [yf2_v5] [INFO] 0号位打出['PASS', 'PASS', 'PASS']， 最大动作为3号位打出的['Single', 'B', ['SB']]
[23:20:47] [yf2_v5] [INFO] 1号位打出['PASS', 'PASS', 'PASS']， 最大动作为3号位打出的['Single', 'B', ['SB']]
[23:20:47] [yf2_v5] [INFO] 2号位打出['Bomb', 'K', ['SK', 'HK', 'HK', 'CK', 'DK']]， 最大动作为2号位打出的['Bomb', 'K', ['SK', 'HK', 'HK', 'CK', 'DK']]
[23:20:47] [YFAdapter-P2] [INFO] [YF-P2] Decision context: myPos=2, curPos=2, greaterPos=2, teammate=0, curAction=[, actionList_size=1
[23:20:47] [YFAdapter-P2] [INFO] [YF-P2] Decided: action_index=0, action=['PASS', 'PASS', 'PASS']
[23:20:47] [yf2_v5] [INFO] 3号位打出['PASS', 'PASS', 'PASS']， 最大动作为2号位打出的['Bomb', 'K', ['SK', 'HK', 'HK', 'CK', 'DK']]
[23:20:47] [yf2_v5] [INFO] 0号位打出['PASS', 'PASS', 'PASS']， 最大动作为2号位打出的['Bomb', 'K', ['SK', 'HK', 'HK', 'CK', 'DK']]
[23:20:47] [yf2_v5] [INFO] 1号位打出['PASS', 'PASS', 'PASS']， 最大动作为2号位打出的['Bomb', 'K', ['SK', 'HK', 'HK', 'CK', 'DK']]
[23:20:47] [yf2_v5] [INFO] 2号位打出['Pair', '8', ['S8', 'S8']]， 最大动作为2号位打出的['Pair', '8', ['S8', 'S8']]
[23:20:47] [YFAdapter-P2] [INFO] [YF-P2] Decision context: myPos=2, curPos=2, greaterPos=2, teammate=0, curAction=[, actionList_size=3
[23:20:47] [YFAdapter-P2] [INFO] [YF-P2] Decided: action_index=1, action=['Pair', 'T', [['H', 'T'], ['C', 'T']]]
[23:20:47] [yf2_v5] [INFO] 3号位打出['Pair', 'T', ['HT', 'CT']]， 最大动作为3号位打出的['Pair', 'T', ['HT', 'CT']]
[23:20:47] [yf2_v5] [INFO] 0号位打出['PASS', 'PASS', 'PASS']， 最大动作为3号位打出的['Pair', 'T', ['HT', 'CT']]
[23:20:47] [yf2_v5] [INFO] 1号位打出['PASS', 'PASS', 'PASS']， 最大动作为3号位打出的['Pair', 'T', ['HT', 'CT']]
[23:20:47] [yf2_v5] [INFO] 2号位打出['PASS', 'PASS', 'PASS']， 最大动作为3号位打出的['Pair', 'T', ['HT', 'CT']]
[23:20:47] [YFAdapter-P2] [INFO] [YF-P2] Decision context: myPos=2, curPos=-1, greaterPos=-1, teammate=0, curAction=[, actionList_size=14
[23:20:47] [YFAdapter-P2] [INFO] [YF-P2] Decided: action_index=3, action=['Single', '6', [['D', '6']]]
[23:20:47] [yf2_v5] [INFO] 3号位打出['Single', '6', ['D6']]， 最大动作为3号位打出的['Single', '6', ['D6']]
[23:20:47] [yf2_v5] [INFO] 0号位打出['Single', '7', ['C7']]， 最大动作为0号位打出的['Single', '7', ['C7']]
[23:20:47] [yf2_v5] [INFO] 1号位打出['Single', 'T', ['DT']]， 最大动作为1号位打出的['Single', 'T', ['DT']]
[23:20:47] [yf2_v5] [INFO] 2号位打出['Single', '2', ['D2']]， 最大动作为2号位打出的['Single', '2', ['D2']]
[23:20:47] [YFAdapter-P2] [INFO] [YF-P2] Decision context: myPos=2, curPos=2, greaterPos=2, teammate=0, curAction=[, actionList_size=1
[23:20:47] [YFAdapter-P2] [INFO] [YF-P2] Decided: action_index=0, action=['PASS', 'PASS', 'PASS']
[23:20:47] [yf2_v5] [INFO] 3号位打出['PASS', 'PASS', 'PASS']， 最大动作为2号位打出的['Single', '2', ['D2']]
[23:20:47] [yf2_v5] [INFO] 0号位打出['PASS', 'PASS', 'PASS']， 最大动作为2号位打出的['Single', '2', ['D2']]
[23:20:47] [yf2_v5] [INFO] 1号位打出['PASS', 'PASS', 'PASS']， 最大动作为2号位打出的['Single', '2', ['D2']]
[23:20:47] [yf2_v5] [INFO] 2号位打出['Pair', '9', ['S9', 'C9']]， 最大动作为2号位打出的['Pair', '9', ['S9', 'C9']]
[23:20:47] [YFAdapter-P2] [INFO] [YF-P2] Decision context: myPos=2, curPos=2, greaterPos=2, teammate=0, curAction=[, actionList_size=2
[23:20:47] [YFAdapter-P2] [INFO] [YF-P2] Decided: action_index=0, action=['PASS', 'PASS', 'PASS']
[23:20:47] [yf2_v5] [INFO] 3号位打出['Pair', '2', ['S2', 'C2']]， 最大动作为3号位打出的['Pair', '2', ['S2', 'C2']]
[23:20:47] [yf2_v5] [INFO] 0号位打出['PASS', 'PASS', 'PASS']， 最大动作为3号位打出的['Pair', '2', ['S2', 'C2']]
[23:20:47] [yf2_v5] [INFO] 1号位打出['PASS', 'PASS', 'PASS']， 最大动作为3号位打出的['Pair', '2', ['S2', 'C2']]
[23:20:47] [yf2_v5] [INFO] 2号位打出['Bomb', 'J', ['SJ', 'HJ', 'HJ', 'CJ', 'DJ', 'DJ']]， 最大动作为2号位打出的['Bomb', 'J', ['SJ', 'HJ', 'HJ', 'CJ', 'DJ', 'DJ']]
[23:20:47] [YFAdapter-P2] [INFO] [YF-P2] Decision context: myPos=2, curPos=2, greaterPos=2, teammate=0, curAction=[, actionList_size=1
[23:20:47] [YFAdapter-P2] [INFO] [YF-P2] Decided: action_index=0, action=['PASS', 'PASS', 'PASS']
[23:20:47] [yf2_v5] [INFO] 3号位打出['PASS', 'PASS', 'PASS']， 最大动作为2号位打出的['Bomb', 'J', ['SJ', 'HJ', 'HJ', 'CJ', 'DJ', 'DJ']]
[23:20:47] [yf2_v5] [INFO] 0号位打出['PASS', 'PASS', 'PASS']， 最大动作为2号位打出的['Bomb', 'J', ['SJ', 'HJ', 'HJ', 'CJ', 'DJ', 'DJ']]
[23:20:47] [yf2_v5] [INFO] 0号位打出['Single', '3', ['H3']]， 最大动作为0号位打出的['Single', '3', ['H3']]
[23:20:47] [yf2_v5] [INFO] 1号位打出['Single', '4', ['S4']]， 最大动作为1号位打出的['Single', '4', ['S4']]
[23:20:47] [YFAdapter-P2] [INFO] [YF-P2] Decision context: myPos=2, curPos=1, greaterPos=1, teammate=0, curAction=[, actionList_size=7
[23:20:47] [YFAdapter-P2] [INFO] [YF-P2] Decided: action_index=0, action=['PASS', 'PASS', 'PASS']
[23:20:47] [yf2_v5] [INFO] 3号位打出['Single', 'A', ['HA']]， 最大动作为3号位打出的['Single', 'A', ['HA']]
[23:20:47] [yf2_v5] [INFO] 0号位打出['PASS', 'PASS', 'PASS']， 最大动作为3号位打出的['Single', 'A', ['HA']]
[23:20:47] [yf2_v5] [INFO] 1号位打出['Single', '2', ['D2']]， 最大动作为1号位打出的['Single', '2', ['D2']]
[23:20:47] [YFAdapter-P2] [INFO] [YF-P2] Decision context: myPos=2, curPos=1, greaterPos=1, teammate=0, curAction=[, actionList_size=1
[23:20:47] [YFAdapter-P2] [INFO] [YF-P2] Decided: action_index=0, action=['PASS', 'PASS', 'PASS']
[23:20:47] [yf2_v5] [INFO] 3号位打出['PASS', 'PASS', 'PASS']， 最大动作为1号位打出的['Single', '2', ['D2']]
[23:20:47] [yf2_v5] [INFO] 0号位打出['PASS', 'PASS', 'PASS']， 最大动作为1号位打出的['Single', '2', ['D2']]
[23:20:47] [yf2_v5] [INFO] 1号位打出['Single', '4', ['C4']]， 最大动作为1号位打出的['Single', '4', ['C4']]
[23:20:47] [YFAdapter-P2] [INFO] [YF-P2] Decision context: myPos=2, curPos=1, greaterPos=1, teammate=0, curAction=[, actionList_size=6
[23:20:47] [YFAdapter-P2] [INFO] [YF-P2] Decided: action_index=0, action=['PASS', 'PASS', 'PASS']
[23:20:47] [yf2_v5] [INFO] 3号位打出['Single', 'Q', ['SQ']]， 最大动作为3号位打出的['Single', 'Q', ['SQ']]
[23:20:47] [yf2_v5] [INFO] 0号位打出['PASS', 'PASS', 'PASS']， 最大动作为3号位打出的['Single', 'Q', ['SQ']]
[23:20:47] [yf2_v5] [INFO] 1号位打出['PASS', 'PASS', 'PASS']， 最大动作为3号位打出的['Single', 'Q', ['SQ']]
[23:20:47] [YFAdapter-P2] [INFO] [YF-P2] Decision context: myPos=2, curPos=-1, greaterPos=-1, teammate=0, curAction=[, actionList_size=8
[23:20:47] [YFAdapter-P2] [INFO] [YF-P2] Decided: action_index=5, action=['Pair', '4', [['H', '4'], ['H', '4']]]
[23:20:47] [yf2_v5] [INFO] 3号位打出['Pair', '4', ['H4', 'H4']]， 最大动作为3号位打出的['Pair', '4', ['H4', 'H4']]
[23:20:47] [yf2_v5] [INFO] 0号位打出['Pair', 'K', ['SK', 'DK']]， 最大动作为0号位打出的['Pair', 'K', ['SK', 'DK']]
[23:20:47] [yf2_v5] [INFO] 1号位打出['PASS', 'PASS', 'PASS']， 最大动作为0号位打出的['Pair', 'K', ['SK', 'DK']]
[23:20:47] [YFAdapter-P2] [INFO] [YF-P2] Decision context: myPos=2, curPos=1, greaterPos=0, teammate=0, curAction=[, actionList_size=1
[23:20:47] [YFAdapter-P2] [INFO] [YF-P2] Decided: action_index=0, action=['PASS', 'PASS', 'PASS']
[23:20:47] [yf2_v5] [INFO] 3号位打出['PASS', 'PASS', 'PASS']， 最大动作为0号位打出的['Pair', 'K', ['SK', 'DK']]
[23:20:47] [yf2_v5] [INFO] 0号位打出['Single', '3', ['C3']]， 最大动作为0号位打出的['Single', '3', ['C3']]
[23:20:47] [yf2_v5] [INFO] 1号位打出['Single', 'T', ['CT']]， 最大动作为1号位打出的['Single', 'T', ['CT']]
[23:20:47] [YFAdapter-P2] [INFO] [YF-P2] Decision context: myPos=2, curPos=1, greaterPos=1, teammate=0, curAction=[, actionList_size=1
[23:20:47] [YFAdapter-P2] [INFO] [YF-P2] Decided: action_index=0, action=['PASS', 'PASS', 'PASS']
[23:20:47] [yf2_v5] [INFO] 3号位打出['PASS', 'PASS', 'PASS']， 最大动作为1号位打出的['Single', 'T', ['CT']]
[23:20:47] [yf2_v5] [INFO] 0号位打出['Single', 'K', ['CK']]， 最大动作为0号位打出的['Single', 'K', ['CK']]
[23:20:47] [yf2_v5] [INFO] 1号位打出['PASS', 'PASS', 'PASS']， 最大动作为0号位打出的['Single', 'K', ['CK']]
[23:20:47] [YFAdapter-P2] [INFO] [YF-P2] Decision context: myPos=2, curPos=1, greaterPos=0, teammate=0, curAction=[, actionList_size=1
[23:20:47] [YFAdapter-P2] [INFO] [YF-P2] Decided: action_index=0, action=['PASS', 'PASS', 'PASS']
[23:20:47] [yf2_v5] [INFO] 3号位打出['PASS', 'PASS', 'PASS']， 最大动作为0号位打出的['Single', 'K', ['CK']]
[23:20:47] [yf2_v5] [INFO] 0号位打出['Single', '4', ['S4']]， 最大动作为0号位打出的['Single', '4', ['S4']]
[23:20:47] [yf2_v5] [INFO] 1号位打出['Single', '7', ['D7']]， 最大动作为1号位打出的['Single', '7', ['D7']]
[23:20:47] [YFAdapter-P2] [INFO] [YF-P2] Decision context: myPos=2, curPos=1, greaterPos=1, teammate=0, curAction=[, actionList_size=1
[23:20:47] [YFAdapter-P2] [INFO] [YF-P2] Decided: action_index=0, action=['PASS', 'PASS', 'PASS']
[23:20:47] [yf2_v5] [INFO] 3号位打出['PASS', 'PASS', 'PASS']， 最大动作为1号位打出的['Single', '7', ['D7']]
[23:20:47] [yf2_v5] [INFO] 0号位打出['PASS', 'PASS', 'PASS']， 最大动作为1号位打出的['Single', '7', ['D7']]
[23:20:47] [yf2_v5] [INFO] 1号位打出['ThreeWithTwo', '6', ['H6', 'C6', 'C6', 'S7', 'D7']]， 最大动作为1号位打出的['ThreeWithTwo', '6', ['H6', 'C6', 'C6', 'S7', 'D7']]
[23:20:47] [YFAdapter-P2] [INFO] [YF-P2] Decision context: myPos=2, curPos=1, greaterPos=1, teammate=0, curAction=[, actionList_size=1
[23:20:47] [YFAdapter-P2] [INFO] [YF-P2] Decided: action_index=0, action=['PASS', 'PASS', 'PASS']
[23:20:47] [yf2_v5] [INFO] 3号位打出['PASS', 'PASS', 'PASS']， 最大动作为1号位打出的['ThreeWithTwo', '6', ['H6', 'C6', 'C6', 'S7', 'D7']]
[23:20:47] [yf2_v5] [INFO] 0号位打出['ThreeWithTwo', 'A', ['SA', 'CA', 'DA', 'D4', 'D4']]， 最大动作为0号位打出的['ThreeWithTwo', 'A', ['SA', 'CA', 'DA', 'D4', 'D4']]
[23:20:47] [yf2_v5] [INFO] 1号位打出['PASS', 'PASS', 'PASS']， 最大动作为0号位打出的['ThreeWithTwo', 'A', ['SA', 'CA', 'DA', 'D4', 'D4']]
[23:20:47] [YFAdapter-P2] [INFO] [YF-P2] Decision context: myPos=2, curPos=1, greaterPos=0, teammate=0, curAction=[, actionList_size=1
[23:20:47] [YFAdapter-P2] [INFO] [YF-P2] Decided: action_index=0, action=['PASS', 'PASS', 'PASS']
[23:20:47] [yf2_v5] [INFO] 3号位打出['PASS', 'PASS', 'PASS']， 最大动作为0号位打出的['ThreeWithTwo', 'A', ['SA', 'CA', 'DA', 'D4', 'D4']]
[23:20:47] [yf2_v5] [INFO] 0号位打出['Trips', '5', ['S5', 'S5', 'H5']]， 最大动作为0号位打出的['Trips', '5', ['S5', 'S5', 'H5']]
[23:20:47] [yf2_v5] [INFO] 1号位打出['PASS', 'PASS', 'PASS']， 最大动作为0号位打出的['Trips', '5', ['S5', 'S5', 'H5']]
[23:20:47] [YFAdapter-P2] [INFO] [YF-P2] Decision context: myPos=2, curPos=1, greaterPos=0, teammate=0, curAction=[, actionList_size=1
[23:20:47] [YFAdapter-P2] [INFO] [YF-P2] Decided: action_index=0, action=['PASS', 'PASS', 'PASS']
[23:20:47] [yf2_v5] [INFO] 3号位打出['PASS', 'PASS', 'PASS']， 最大动作为0号位打出的['Trips', '5', ['S5', 'S5', 'H5']]
[23:20:47] [yf2_v5] [INFO] 0号位打出['Trips', '9', ['S9', 'H9', 'D9']]， 最大动作为0号位打出的['Trips', '9', ['S9', 'H9', 'D9']]
[23:20:47] [yf2_v5] [INFO] 游戏开始, 我是3号位，手牌：['D3', 'S4', 'H4', 'C4', 'S6', 'S7', 'H7', 'C7', 'D7', 'H8', 'H8', 'S9', 'S9', 'HT', 'CT', 'CJ', 'DJ', 'HQ', 'CK', 'SA', 'HA', 'HA', 'H5', 'C5', 'C5', 'D5', 'SB']
[23:20:47] [YFAdapter-P2] [INFO] [YF-P2] Decision context: myPos=2, curPos=-1, greaterPos=-1, teammate=0, curAction=[, actionList_size=1
[23:20:47] [YFAdapter-P2] [INFO] [YF-P2] Decided: action_index=0, action=['tribute', 'tribute', [['S', 'B']]]
[23:20:47] [YFAdapter-P2] [INFO] [YF-P2] Decision context: myPos=2, curPos=-1, greaterPos=-1, teammate=0, curAction=[, actionList_size=1393
[23:20:47] [YFAdapter-P2] [INFO] [YF-P2] Decided: action_index=0, action=['Single', '3', [['D', '3']]]
[23:20:47] [yf2_v5] [INFO] 3号位打出['Single', '3', ['D3']]， 最大动作为3号位打出的['Single', '3', ['D3']]
[23:20:47] [yf2_v5] [INFO] 0号位打出['Single', '5', ['S5']]， 最大动作为0号位打出的['Single', '5', ['S5']]
[23:20:47] [yf2_v5] [INFO] 1号位打出['StraightFlush', '9', ['H9', 'H5', 'HJ', 'HQ', 'HK']]， 最大动作为1号位打出的['StraightFlush', '9', ['H9', 'H5', 'HJ', 'HQ', 'HK']]
[23:20:47] [yf2_v5] [INFO] 2号位打出['PASS', 'PASS', 'PASS']， 最大动作为1号位打出的['StraightFlush', '9', ['H9', 'H5', 'HJ', 'HQ', 'HK']]
[23:20:47] [YFAdapter-P2] [INFO] [YF-P2] Decision context: myPos=2, curPos=2, greaterPos=1, teammate=0, curAction=[, actionList_size=1
[23:20:47] [YFAdapter-P2] [INFO] [YF-P2] Decided: action_index=0, action=['PASS', 'PASS', 'PASS']
[23:20:47] [yf2_v5] [INFO] 3号位打出['PASS', 'PASS', 'PASS']， 最大动作为1号位打出的['StraightFlush', '9', ['H9', 'H5', 'HJ', 'HQ', 'HK']]
[23:20:47] [yf2_v5] [INFO] 0号位打出['PASS', 'PASS', 'PASS']， 最大动作为1号位打出的['StraightFlush', '9', ['H9', 'H5', 'HJ', 'HQ', 'HK']]
[23:20:47] [yf2_v5] [INFO] 1号位打出['Single', '3', ['D3']]， 最大动作为1号位打出的['Single', '3', ['D3']]
[23:20:47] [yf2_v5] [INFO] 2号位打出['Single', '4', ['D4']]， 最大动作为2号位打出的['Single', '4', ['D4']]
[23:20:47] [YFAdapter-P2] [INFO] [YF-P2] Decision context: myPos=2, curPos=2, greaterPos=2, teammate=0, curAction=[, actionList_size=31
[23:20:47] [YFAdapter-P2] [INFO] [YF-P2] Decided: action_index=16, action=['Single', 'A', [['H', 'A']]]
[23:20:47] [yf2_v5] [INFO] 3号位打出['Single', 'A', ['HA']]， 最大动作为3号位打出的['Single', 'A', ['HA']]
[23:20:47] [yf2_v5] [INFO] 0号位打出['Single', '5', ['S5']]， 最大动作为0号位打出的['Single', '5', ['S5']]
[23:20:47] [yf2_v5] [INFO] 1号位打出['Bomb', 'A', ['SA', 'CA', 'DA', 'DA']]， 最大动作为1号位打出的['Bomb', 'A', ['SA', 'CA', 'DA', 'DA']]
[23:20:47] [yf2_v5] [INFO] 2号位打出['PASS', 'PASS', 'PASS']， 最大动作为1号位打出的['Bomb', 'A', ['SA', 'CA', 'DA', 'DA']]
[23:20:47] [YFAdapter-P2] [INFO] [YF-P2] Decision context: myPos=2, curPos=2, greaterPos=1, teammate=0, curAction=[, actionList_size=3
[23:20:47] [YFAdapter-P2] [INFO] [YF-P2] Decided: action_index=0, action=['PASS', 'PASS', 'PASS']
[23:20:47] [yf2_v5] [INFO] 3号位打出['Bomb', '7', ['S7', 'H7', 'C7', 'D7', 'H5']]， 最大动作为3号位打出的['Bomb', '7', ['S7', 'H7', 'C7', 'D7', 'H5']]
[23:20:47] [yf2_v5] [INFO] 0号位打出['PASS', 'PASS', 'PASS']， 最大动作为3号位打出的['Bomb', '7', ['S7', 'H7', 'C7', 'D7', 'H5']]
[23:20:47] [yf2_v5] [INFO] 1号位打出['PASS', 'PASS', 'PASS']， 最大动作为3号位打出的['Bomb', '7', ['S7', 'H7', 'C7', 'D7', 'H5']]
[23:20:47] [yf2_v5] [INFO] 2号位打出['PASS', 'PASS', 'PASS']， 最大动作为3号位打出的['Bomb', '7', ['S7', 'H7', 'C7', 'D7', 'H5']]
[23:20:47] [YFAdapter-P2] [INFO] [YF-P2] Decision context: myPos=2, curPos=-1, greaterPos=-1, teammate=0, curAction=[, actionList_size=71
[23:20:47] [YFAdapter-P2] [INFO] [YF-P2] Decided: action_index=36, action=['ThreePair', '8', [['H', '8'], ['H', '8'], ['S', '9'], ['S', '9'], ['H', 'T'], ['C', 'T']]]
[23:20:47] [yf2_v5] [INFO] 3号位打出['ThreePair', '8', ['H8', 'H8', 'S9', 'S9', 'HT', 'CT']]， 最大动作为3号位打出的['ThreePair', '8', ['H8', 'H8', 'S9', 'S9', 'HT', 'CT']]
[23:20:47] [yf2_v5] [INFO] 0号位打出['ThreePair', '9', ['H9', 'C9', 'CT', 'DT', 'CJ', 'DJ']]， 最大动作为0号位打出的['ThreePair', '9', ['H9', 'C9', 'CT', 'DT', 'CJ', 'DJ']]
[23:20:47] [yf2_v5] [INFO] 1号位打出['PASS', 'PASS', 'PASS']， 最大动作为0号位打出的['ThreePair', '9', ['H9', 'C9', 'CT', 'DT', 'CJ', 'DJ']]
[23:20:47] [yf2_v5] [INFO] 2号位打出['PASS', 'PASS', 'PASS']， 最大动作为0号位打出的['ThreePair', '9', ['H9', 'C9', 'CT', 'DT', 'CJ', 'DJ']]
[23:20:47] [YFAdapter-P2] [INFO] [YF-P2] Decision context: myPos=2, curPos=2, greaterPos=0, teammate=0, curAction=[, actionList_size=1
[23:20:47] [YFAdapter-P2] [INFO] [YF-P2] Decided: action_index=0, action=['PASS', 'PASS', 'PASS']
[23:20:47] [yf2_v5] [INFO] 3号位打出['PASS', 'PASS', 'PASS']， 最大动作为0号位打出的['ThreePair', '9', ['H9', 'C9', 'CT', 'DT', 'CJ', 'DJ']]
[23:20:47] [yf2_v5] [INFO] 0号位打出['ThreePair', '2', ['H2', 'C2', 'H3', 'C3', 'S4', 'H4']]， 最大动作为0号位打出的['ThreePair', '2', ['H2', 'C2', 'H3', 'C3', 'S4', 'H4']]
[23:20:48] [yf2_v5] [INFO] 1号位打出['ThreePair', '6', ['C6', 'C6', 'C7', 'D7', 'S8', 'D8']]， 最大动作为1号位打出的['ThreePair', '6', ['C6', 'C6', 'C7', 'D7', 'S8', 'D8']]
[23:20:48] [yf2_v5] [INFO] 2号位打出['Bomb', '3', ['S3', 'S3', 'H3', 'C3']]， 最大动作为2号位打出的['Bomb', '3', ['S3', 'S3', 'H3', 'C3']]
[23:20:48] [YFAdapter-P2] [INFO] [YF-P2] Decision context: myPos=2, curPos=2, greaterPos=2, teammate=0, curAction=[, actionList_size=1
[23:20:48] [YFAdapter-P2] [INFO] [YF-P2] Decided: action_index=0, action=['PASS', 'PASS', 'PASS']
[23:20:48] [yf2_v5] [INFO] 3号位打出['PASS', 'PASS', 'PASS']， 最大动作为2号位打出的['Bomb', '3', ['S3', 'S3', 'H3', 'C3']]
[23:20:48] [yf2_v5] [INFO] 0号位打出['PASS', 'PASS', 'PASS']， 最大动作为2号位打出的['Bomb', '3', ['S3', 'S3', 'H3', 'C3']]
[23:20:48] [yf2_v5] [INFO] 1号位打出['PASS', 'PASS', 'PASS']， 最大动作为2号位打出的['Bomb', '3', ['S3', 'S3', 'H3', 'C3']]
[23:20:48] [yf2_v5] [INFO] 2号位打出['ThreeWithTwo', '2', ['S2', 'H2', 'C2', 'S7', 'H7']]， 最大动作为2号位打出的['ThreeWithTwo', '2', ['S2', 'H2', 'C2', 'S7', 'H7']]
[23:20:48] [YFAdapter-P2] [INFO] [YF-P2] Decision context: myPos=2, curPos=2, greaterPos=2, teammate=0, curAction=[, actionList_size=12
[23:20:48] [YFAdapter-P2] [INFO] [YF-P2] Decided: action_index=1, action=['ThreeWithTwo', '4', [['S', '4'], ['H', '4'], ['C', '4'], ['S', '6'], ['H', '6']]]
[23:20:48] [yf2_v5] [INFO] 3号位打出['ThreeWithTwo', '4', ['S4', 'H4', 'C4', 'S6', 'H6']]， 最大动作为3号位打出的['ThreeWithTwo', '4', ['S4', 'H4', 'C4', 'S6', 'H6']]
[23:20:48] [yf2_v5] [INFO] 0号位打出['PASS', 'PASS', 'PASS']， 最大动作为3号位打出的['ThreeWithTwo', '4', ['S4', 'H4', 'C4', 'S6', 'H6']]
[23:20:48] [yf2_v5] [INFO] 1号位打出['PASS', 'PASS', 'PASS']， 最大动作为3号位打出的['ThreeWithTwo', '4', ['S4', 'H4', 'C4', 'S6', 'H6']]
[23:20:48] [yf2_v5] [INFO] 2号位打出['ThreeWithTwo', 'K', ['SK', 'HK', 'DK', 'D9', 'D9']]， 最大动作为2号位打出的['ThreeWithTwo', 'K', ['SK', 'HK', 'DK', 'D9', 'D9']]
[23:20:48] [YFAdapter-P2] [INFO] [YF-P2] Decision context: myPos=2, curPos=2, greaterPos=2, teammate=0, curAction=[, actionList_size=3
[23:20:48] [YFAdapter-P2] [INFO] [YF-P2] Decided: action_index=2, action=['ThreeWithTwo', '5', [['C', '5'], ['C', '5'], ['D', '5'], ['S', 'A'], ['H', 'A']]]
[23:20:48] [yf2_v5] [INFO] 3号位打出['ThreeWithTwo', '5', ['C5', 'C5', 'D5', 'SA', 'HA']]， 最大动作为3号位打出的['ThreeWithTwo', '5', ['C5', 'C5', 'D5', 'SA', 'HA']]
[23:20:48] [yf2_v5] [INFO] 0号位打出['Bomb', '6', ['S6', 'H6', 'D6', 'D6']]， 最大动作为0号位打出的['Bomb', '6', ['S6', 'H6', 'D6', 'D6']]
[23:20:48] [yf2_v5] [INFO] 1号位打出['PASS', 'PASS', 'PASS']， 最大动作为0号位打出的['Bomb', '6', ['S6', 'H6', 'D6', 'D6']]
[23:20:48] [yf2_v5] [INFO] 2号位打出['PASS', 'PASS', 'PASS']， 最大动作为0号位打出的['Bomb', '6', ['S6', 'H6', 'D6', 'D6']]
[23:20:48] [YFAdapter-P2] [INFO] [YF-P2] Decision context: myPos=2, curPos=2, greaterPos=0, teammate=0, curAction=[, actionList_size=1
[23:20:48] [YFAdapter-P2] [INFO] [YF-P2] Decided: action_index=0, action=['PASS', 'PASS', 'PASS']
[23:20:48] [yf2_v5] [INFO] 3号位打出['PASS', 'PASS', 'PASS']， 最大动作为0号位打出的['Bomb', '6', ['S6', 'H6', 'D6', 'D6']]
[23:20:48] [yf2_v5] [INFO] 0号位打出['Trips', 'Q', ['CQ', 'DQ', 'DQ']]， 最大动作为0号位打出的['Trips', 'Q', ['CQ', 'DQ', 'DQ']]
[23:20:48] [yf2_v5] [INFO] 1号位打出['PASS', 'PASS', 'PASS']， 最大动作为0号位打出的['Trips', 'Q', ['CQ', 'DQ', 'DQ']]
[23:20:48] [yf2_v5] [INFO] 2号位打出['PASS', 'PASS', 'PASS']， 最大动作为0号位打出的['Trips', 'Q', ['CQ', 'DQ', 'DQ']]
[23:20:48] [YFAdapter-P2] [INFO] [YF-P2] Decision context: myPos=2, curPos=2, greaterPos=0, teammate=0, curAction=[, actionList_size=1
[23:20:48] [YFAdapter-P2] [INFO] [YF-P2] Decided: action_index=0, action=['PASS', 'PASS', 'PASS']
[23:20:48] [yf2_v5] [INFO] 3号位打出['PASS', 'PASS', 'PASS']， 最大动作为0号位打出的['Trips', 'Q', ['CQ', 'DQ', 'DQ']]
[23:20:48] [yf2_v5] [INFO] 0号位打出['Trips', 'K', ['SK', 'CK', 'DK']]， 最大动作为0号位打出的['Trips', 'K', ['SK', 'CK', 'DK']]
[23:20:48] [yf2_v5] [INFO] 1号位打出['PASS', 'PASS', 'PASS']， 最大动作为0号位打出的['Trips', 'K', ['SK', 'CK', 'DK']]
[23:20:48] [yf2_v5] [INFO] 2号位打出['PASS', 'PASS', 'PASS']， 最大动作为0号位打出的['Trips', 'K', ['SK', 'CK', 'DK']]
[23:20:48] [YFAdapter-P2] [INFO] [YF-P2] Decision context: myPos=2, curPos=2, greaterPos=0, teammate=0, curAction=[, actionList_size=1
[23:20:48] [YFAdapter-P2] [INFO] [YF-P2] Decided: action_index=0, action=['PASS', 'PASS', 'PASS']
[23:20:48] [yf2_v5] [INFO] 3号位打出['PASS', 'PASS', 'PASS']， 最大动作为0号位打出的['Trips', 'K', ['SK', 'CK', 'DK']]
[23:20:48] [yf2_v5] [INFO] 0号位打出['Single', '5', ['D5']]， 最大动作为0号位打出的['Single', '5', ['D5']]
[23:20:48] [yf2_v5] [INFO] 1号位打出['PASS', 'PASS', 'PASS']， 最大动作为0号位打出的['Single', '5', ['D5']]
[23:20:48] [yf2_v5] [INFO] 2号位打出['PASS', 'PASS', 'PASS']， 最大动作为0号位打出的['Single', '5', ['D5']]
[23:20:48] [YFAdapter-P2] [INFO] [YF-P2] Decision context: myPos=2, curPos=2, greaterPos=0, teammate=0, curAction=[, actionList_size=1
[23:20:48] [YFAdapter-P2] [INFO] [YF-P2] Decided: action_index=0, action=['PASS', 'PASS', 'PASS']
[23:20:48] [yf2_v5] [INFO] 3号位打出['PASS', 'PASS', 'PASS']， 最大动作为0号位打出的['Single', '5', ['D5']]
[23:20:48] [yf2_v5] [INFO] 0号位打出['Single', 'B', ['SB']]， 最大动作为0号位打出的['Single', 'B', ['SB']]
[23:20:48] [yf2_v5] [INFO] 1号位打出['PASS', 'PASS', 'PASS']， 最大动作为0号位打出的['Single', 'B', ['SB']]
[23:20:48] [yf2_v5] [INFO] 2号位打出['PASS', 'PASS', 'PASS']， 最大动作为0号位打出的['Single', 'B', ['SB']]
[23:20:48] [YFAdapter-P2] [INFO] [YF-P2] Decision context: myPos=2, curPos=2, greaterPos=0, teammate=0, curAction=[, actionList_size=1
[23:20:48] [YFAdapter-P2] [INFO] [YF-P2] Decided: action_index=0, action=['PASS', 'PASS', 'PASS']
[23:20:48] [yf2_v5] [INFO] 3号位打出['PASS', 'PASS', 'PASS']， 最大动作为0号位打出的['Single', 'B', ['SB']]
[23:20:48] [yf2_v5] [INFO] 0号位打出['Single', 'R', ['HR']]， 最大动作为0号位打出的['Single', 'R', ['HR']]
[23:20:48] [yf2_v5] [INFO] 1号位打出['PASS', 'PASS', 'PASS']， 最大动作为0号位打出的['Single', 'R', ['HR']]
[23:20:48] [yf2_v5] [INFO] 2号位打出['PASS', 'PASS', 'PASS']， 最大动作为0号位打出的['Single', 'R', ['HR']]
[23:20:48] [yf2_v5] [INFO] 2号位打出['Pair', 'T', ['ST', 'HT']]， 最大动作为2号位打出的['Pair', 'T', ['ST', 'HT']]
[23:20:48] [YFAdapter-P2] [INFO] [YF-P2] Decision context: myPos=2, curPos=2, greaterPos=2, teammate=0, curAction=[, actionList_size=2
[23:20:48] [YFAdapter-P2] [INFO] [YF-P2] Decided: action_index=0, action=['PASS', 'PASS', 'PASS']
[23:20:48] [YFAdapter-P2] [WARNING] [YF-P2] 检测到过于保守: 对手快走完(剩4张), 触发Layer 2/3进行更积极的决策
[23:20:48] [yf2_v5] [INFO] 3号位打出['PASS', 'PASS', 'PASS']， 最大动作为2号位打出的['Pair', 'T', ['ST', 'HT']]
[23:20:48] [yf2_v5] [INFO] 1号位打出['PASS', 'PASS', 'PASS']， 最大动作为2号位打出的['Pair', 'T', ['ST', 'HT']]
[23:20:48] [yf2_v5] [INFO] 2号位打出['Pair', 'Q', ['SQ', 'CQ']]， 最大动作为2号位打出的['Pair', 'Q', ['SQ', 'CQ']]
[23:20:48] [YFAdapter-P2] [INFO] [YF-P2] Decision context: myPos=2, curPos=2, greaterPos=2, teammate=0, curAction=[, actionList_size=1
[23:20:48] [YFAdapter-P2] [INFO] [YF-P2] Decided: action_index=0, action=['PASS', 'PASS', 'PASS']
[23:20:48] [yf2_v5] [INFO] 3号位打出['PASS', 'PASS', 'PASS']， 最大动作为2号位打出的['Pair', 'Q', ['SQ', 'CQ']]
[23:20:48] [yf2_v5] [INFO] 1号位打出['PASS', 'PASS', 'PASS']， 最大动作为2号位打出的['Pair', 'Q', ['SQ', 'CQ']]
[23:20:48] [yf2_v5] [INFO] 2号位打出['Single', 'J', ['HJ']]， 最大动作为2号位打出的['Single', 'J', ['HJ']]
[23:20:48] [YFAdapter-P2] [INFO] [YF-P2] Decision context: myPos=2, curPos=2, greaterPos=2, teammate=0, curAction=[, actionList_size=3
[23:20:48] [YFAdapter-P2] [INFO] [YF-P2] Decided: action_index=1, action=['Single', 'Q', [['H', 'Q']]]
[23:20:48] [yf2_v5] [INFO] 3号位打出['Single', 'Q', ['HQ']]， 最大动作为3号位打出的['Single', 'Q', ['HQ']]
[23:20:48] [yf2_v5] [INFO] 1号位打出['PASS', 'PASS', 'PASS']， 最大动作为3号位打出的['Single', 'Q', ['HQ']]
[23:20:48] [yf2_v5] [INFO] 2号位打出['Single', 'A', ['CA']]， 最大动作为2号位打出的['Single', 'A', ['CA']]
[23:20:48] [YFAdapter-P2] [INFO] [YF-P2] Decision context: myPos=2, curPos=2, greaterPos=2, teammate=0, curAction=[, actionList_size=1
[23:20:48] [YFAdapter-P2] [INFO] [YF-P2] Decided: action_index=0, action=['PASS', 'PASS', 'PASS']
[23:20:48] [yf2_v5] [INFO] 3号位打出['PASS', 'PASS', 'PASS']， 最大动作为2号位打出的['Single', 'A', ['CA']]
[23:20:48] [yf2_v5] [INFO] 1号位打出['PASS', 'PASS', 'PASS']， 最大动作为2号位打出的['Single', 'A', ['CA']]
[23:20:48] [yf2_v5] [INFO] 2号位打出['Single', 'B', ['SB']]， 最大动作为2号位打出的['Single', 'B', ['SB']]
[23:20:48] [YFAdapter-P2] [INFO] [YF-P2] Decision context: myPos=2, curPos=2, greaterPos=2, teammate=0, curAction=[, actionList_size=1
[23:20:48] [YFAdapter-P2] [INFO] [YF-P2] Decided: action_index=0, action=['PASS', 'PASS', 'PASS']
[23:20:48] [yf2_v5] [INFO] 3号位打出['PASS', 'PASS', 'PASS']， 最大动作为2号位打出的['Single', 'B', ['SB']]
[23:20:48] [yf2_v5] [INFO] 1号位打出['PASS', 'PASS', 'PASS']， 最大动作为2号位打出的['Single', 'B', ['SB']]
[23:20:48] [yf2_v5] [INFO] 2号位打出['Single', 'R', ['HR']]， 最大动作为2号位打出的['Single', 'R', ['HR']]
[23:20:48] [YFAdapter-P2] [INFO] [YF-P2] Decision context: myPos=2, curPos=2, greaterPos=2, teammate=0, curAction=[, actionList_size=1
[23:20:48] [YFAdapter-P2] [INFO] [YF-P2] Decided: action_index=0, action=['PASS', 'PASS', 'PASS']
[23:20:48] [yf2_v5] [INFO] 3号位打出['PASS', 'PASS', 'PASS']， 最大动作为2号位打出的['Single', 'R', ['HR']]
[23:20:48] [yf2_v5] [INFO] 1号位打出['PASS', 'PASS', 'PASS']， 最大动作为2号位打出的['Single', 'R', ['HR']]
[23:20:48] [yf2_v5] [INFO] 2号位打出['Bomb', '8', ['S8', 'C8', 'C8', 'D8']]， 最大动作为2号位打出的['Bomb', '8', ['S8', 'C8', 'C8', 'D8']]
[23:20:48] [yf2_v5] [INFO] 游戏开始, 我是3号位，手牌：['H2', 'D2', 'D2', 'H3', 'D3', 'S4', 'H5', 'C5', 'S6', 'H6', 'C6', 'H7', 'H7', 'D7', 'H9', 'H9', 'D9', 'CT', 'DT', 'SJ', 'CJ', 'CQ', 'DQ', 'SK', 'DA', 'S8', 'SB']
[23:20:48] [YFAdapter-P2] [INFO] [YF-P2] Decision context: myPos=2, curPos=-1, greaterPos=-1, teammate=0, curAction=[, actionList_size=1
[23:20:48] [YFAdapter-P2] [INFO] [YF-P2] Decided: action_index=0, action=['tribute', 'tribute', [['S', 'B']]]
[23:20:48] [YFAdapter-P2] [INFO] [YF-P2] Decision context: myPos=2, curPos=-1, greaterPos=-1, teammate=0, curAction=[, actionList_size=321
[23:20:48] [YFAdapter-P2] [INFO] [YF-P2] Decided: action_index=5, action=['Single', '4', [['S', '4']]]
[23:20:48] [yf2_v5] [INFO] 3号位打出['Single', '4', ['S4']]， 最大动作为3号位打出的['Single', '4', ['S4']]
[23:20:48] [yf2_v5] [INFO] 0号位打出['Single', '6', ['D6']]， 最大动作为0号位打出的['Single', '6', ['D6']]
[23:20:48] [yf2_v5] [INFO] 1号位打出['Single', '7', ['C7']]， 最大动作为1号位打出的['Single', '7', ['C7']]
[23:20:48] [yf2_v5] [INFO] 2号位打出['Single', 'A', ['SA']]， 最大动作为2号位打出的['Single', 'A', ['SA']]
[23:20:48] [YFAdapter-P2] [INFO] [YF-P2] Decision context: myPos=2, curPos=2, greaterPos=2, teammate=0, curAction=[, actionList_size=3
[23:20:48] [YFAdapter-P2] [INFO] [YF-P2] Decided: action_index=0, action=['PASS', 'PASS', 'PASS']
[23:20:48] [yf2_v5] [INFO] 3号位打出['PASS', 'PASS', 'PASS']， 最大动作为2号位打出的['Single', 'A', ['SA']]
[23:20:48] [yf2_v5] [INFO] 0号位打出['PASS', 'PASS', 'PASS']， 最大动作为2号位打出的['Single', 'A', ['SA']]
[23:20:48] [yf2_v5] [INFO] 1号位打出['PASS', 'PASS', 'PASS']， 最大动作为2号位打出的['Single', 'A', ['SA']]
[23:20:48] [yf2_v5] [INFO] 2号位打出['Single', '3', ['S3']]， 最大动作为2号位打出的['Single', '3', ['S3']]
[23:20:48] [YFAdapter-P2] [INFO] [YF-P2] Decision context: myPos=2, curPos=2, greaterPos=2, teammate=0, curAction=[, actionList_size=20
[23:20:48] [YFAdapter-P2] [INFO] [YF-P2] Decided: action_index=3, action=['Single', '6', [['S', '6']]]
[23:20:48] [yf2_v5] [INFO] 3号位打出['Single', '6', ['S6']]， 最大动作为3号位打出的['Single', '6', ['S6']]
[23:20:48] [yf2_v5] [INFO] 0号位打出['Single', '8', ['S8']]， 最大动作为0号位打出的['Single', '8', ['S8']]
[23:20:48] [yf2_v5] [INFO] 1号位打出['StraightFlush', 'A', ['SA', 'S2', 'S3', 'S4', 'S5']]， 最大动作为1号位打出的['StraightFlush', 'A', ['SA', 'S2', 'S3', 'S4', 'S5']]
[23:20:48] [yf2_v5] [INFO] 2号位打出['PASS', 'PASS', 'PASS']， 最大动作为1号位打出的['StraightFlush', 'A', ['SA', 'S2', 'S3', 'S4', 'S5']]
[23:20:48] [YFAdapter-P2] [INFO] [YF-P2] Decision context: myPos=2, curPos=2, greaterPos=1, teammate=0, curAction=[, actionList_size=1
[23:20:48] [YFAdapter-P2] [INFO] [YF-P2] Decided: action_index=0, action=['PASS', 'PASS', 'PASS']
[23:20:48] [yf2_v5] [INFO] 3号位打出['PASS', 'PASS', 'PASS']， 最大动作为1号位打出的['StraightFlush', 'A', ['SA', 'S2', 'S3', 'S4', 'S5']]
[23:20:48] [yf2_v5] [INFO] 0号位打出['PASS', 'PASS', 'PASS']， 最大动作为1号位打出的['StraightFlush', 'A', ['SA', 'S2', 'S3', 'S4', 'S5']]
[23:20:48] [yf2_v5] [INFO] 1号位打出['Single', '2', ['C2']]， 最大动作为1号位打出的['Single', '2', ['C2']]
[23:20:48] [yf2_v5] [INFO] 2号位打出['Single', '5', ['S5']]， 最大动作为2号位打出的['Single', '5', ['S5']]
[23:20:48] [YFAdapter-P2] [INFO] [YF-P2] Decision context: myPos=2, curPos=2, greaterPos=2, teammate=0, curAction=[, actionList_size=17
[23:20:48] [YFAdapter-P2] [INFO] [YF-P2] Decided: action_index=15, action=['Single', '8', [['S', '8']]]
[23:20:48] [yf2_v5] [INFO] 3号位打出['Single', '8', ['S8']]， 最大动作为3号位打出的['Single', '8', ['S8']]
[23:20:48] [yf2_v5] [INFO] 0号位打出['Single', 'B', ['SB']]， 最大动作为0号位打出的['Single', 'B', ['SB']]
[23:20:48] [yf2_v5] [INFO] 1号位打出['PASS', 'PASS', 'PASS']， 最大动作为0号位打出的['Single', 'B', ['SB']]
[23:20:48] [yf2_v5] [INFO] 2号位打出['PASS', 'PASS', 'PASS']， 最大动作为0号位打出的['Single', 'B', ['SB']]
[23:20:48] [YFAdapter-P2] [INFO] [YF-P2] Decision context: myPos=2, curPos=2, greaterPos=0, teammate=0, curAction=[, actionList_size=2
[23:20:48] [YFAdapter-P2] [INFO] [YF-P2] Decided: action_index=0, action=['PASS', 'PASS', 'PASS']
[23:20:48] [yf2_v5] [INFO] 3号位打出['PASS', 'PASS', 'PASS']， 最大动作为0号位打出的['Single', 'B', ['SB']]
[23:20:48] [yf2_v5] [INFO] 0号位打出['Single', '4', ['H4']]， 最大动作为0号位打出的['Single', '4', ['H4']]
[23:20:48] [yf2_v5] [INFO] 1号位打出['Single', 'A', ['CA']]， 最大动作为1号位打出的['Single', 'A', ['CA']]
[23:20:48] [yf2_v5] [INFO] 2号位打出['Single', '8', ['D8']]， 最大动作为2号位打出的['Single', '8', ['D8']]
[23:20:48] [YFAdapter-P2] [INFO] [YF-P2] Decision context: myPos=2, curPos=2, greaterPos=2, teammate=0, curAction=[, actionList_size=2
[23:20:48] [YFAdapter-P2] [INFO] [YF-P2] Decided: action_index=1, action=['Bomb', '2', [['H', '2'], ['C', '2'], ['D', '2'], ['D', '2']]]
[23:20:48] [yf2_v5] [INFO] 3号位打出['Bomb', '2', ['H2', 'C2', 'D2', 'D2']]， 最大动作为3号位打出的['Bomb', '2', ['H2', 'C2', 'D2', 'D2']]
[23:20:48] [yf2_v5] [INFO] 0号位打出['PASS', 'PASS', 'PASS']， 最大动作为3号位打出的['Bomb', '2', ['H2', 'C2', 'D2', 'D2']]
[23:20:48] [yf2_v5] [INFO] 1号位打出['PASS', 'PASS', 'PASS']， 最大动作为3号位打出的['Bomb', '2', ['H2', 'C2', 'D2', 'D2']]
[23:20:48] [yf2_v5] [INFO] 2号位打出['PASS', 'PASS', 'PASS']， 最大动作为3号位打出的['Bomb', '2', ['H2', 'C2', 'D2', 'D2']]
[23:20:48] [YFAdapter-P2] [INFO] [YF-P2] Decision context: myPos=2, curPos=-1, greaterPos=-1, teammate=0, curAction=[, actionList_size=75
[23:20:48] [YFAdapter-P2] [INFO] [YF-P2] Decided: action_index=34, action=['ThreePair', 'T', [['C', 'T'], ['D', 'T'], ['S', 'J'], ['C', 'J'], ['C', 'Q'], ['D', 'Q']]]
[23:20:48] [yf2_v5] [INFO] 3号位打出['ThreePair', 'T', ['CT', 'DT', 'SJ', 'CJ', 'CQ', 'DQ']]， 最大动作为3号位打出的['ThreePair', 'T', ['CT', 'DT', 'SJ', 'CJ', 'CQ', 'DQ']]
[23:20:48] [yf2_v5] [INFO] 0号位打出['ThreePair', 'J', ['SJ', 'H8', 'SQ', 'H8', 'HK', 'DK']]， 最大动作为0号位打出的['ThreePair', 'J', ['SJ', 'H8', 'SQ', 'H8', 'HK', 'DK']]
[23:20:48] [yf2_v5] [INFO] 1号位打出['PASS', 'PASS', 'PASS']， 最大动作为0号位打出的['ThreePair', 'J', ['SJ', 'H8', 'SQ', 'H8', 'HK', 'DK']]
[23:20:48] [yf2_v5] [INFO] 2号位打出['PASS', 'PASS', 'PASS']， 最大动作为0号位打出的['ThreePair', 'J', ['SJ', 'H8', 'SQ', 'H8', 'HK', 'DK']]
[23:20:48] [YFAdapter-P2] [INFO] [YF-P2] Decision context: myPos=2, curPos=2, greaterPos=0, teammate=0, curAction=[, actionList_size=1
[23:20:48] [YFAdapter-P2] [INFO] [YF-P2] Decided: action_index=0, action=['PASS', 'PASS', 'PASS']
[23:20:48] [yf2_v5] [INFO] 3号位打出['PASS', 'PASS', 'PASS']， 最大动作为0号位打出的['ThreePair', 'J', ['SJ', 'H8', 'SQ', 'H8', 'HK', 'DK']]
[23:20:48] [yf2_v5] [INFO] 0号位打出['Pair', '3', ['H3', 'D3']]， 最大动作为0号位打出的['Pair', '3', ['H3', 'D3']]
[23:20:48] [yf2_v5] [INFO] 1号位打出['Pair', 'T', ['ST', 'CT']]， 最大动作为1号位打出的['Pair', 'T', ['ST', 'CT']]
[23:20:48] [yf2_v5] [INFO] 2号位打出['Pair', 'J', ['CJ', 'DJ']]， 最大动作为2号位打出的['Pair', 'J', ['CJ', 'DJ']]
[23:20:48] [YFAdapter-P2] [INFO] [YF-P2] Decision context: myPos=2, curPos=2, greaterPos=2, teammate=0, curAction=[, actionList_size=1
[23:20:48] [YFAdapter-P2] [INFO] [YF-P2] Decided: action_index=0, action=['PASS', 'PASS', 'PASS']
[23:20:48] [yf2_v5] [INFO] 3号位打出['PASS', 'PASS', 'PASS']， 最大动作为2号位打出的['Pair', 'J', ['CJ', 'DJ']]
[23:20:48] [yf2_v5] [INFO] 0号位打出['Pair', 'Q', ['SQ', 'DQ']]， 最大动作为0号位打出的['Pair', 'Q', ['SQ', 'DQ']]
[23:20:48] [yf2_v5] [INFO] 1号位打出['Pair', 'A', ['HA', 'HA']]， 最大动作为1号位打出的['Pair', 'A', ['HA', 'HA']]
[23:20:48] [yf2_v5] [INFO] 2号位打出['Bomb', '4', ['H4', 'C4', 'C4', 'D4', 'D4']]， 最大动作为2号位打出的['Bomb', '4', ['H4', 'C4', 'C4', 'D4', 'D4']]
[23:20:48] [YFAdapter-P2] [INFO] [YF-P2] Decision context: myPos=2, curPos=2, greaterPos=2, teammate=0, curAction=[, actionList_size=1
[23:20:48] [YFAdapter-P2] [INFO] [YF-P2] Decided: action_index=0, action=['PASS', 'PASS', 'PASS']
[23:20:48] [yf2_v5] [INFO] 3号位打出['PASS', 'PASS', 'PASS']， 最大动作为2号位打出的['Bomb', '4', ['H4', 'C4', 'C4', 'D4', 'D4']]
[23:20:48] [yf2_v5] [INFO] 0号位打出['PASS', 'PASS', 'PASS']， 最大动作为2号位打出的['Bomb', '4', ['H4', 'C4', 'C4', 'D4', 'D4']]
[23:20:48] [yf2_v5] [INFO] 1号位打出['PASS', 'PASS', 'PASS']， 最大动作为2号位打出的['Bomb', '4', ['H4', 'C4', 'C4', 'D4', 'D4']]
[23:20:48] [yf2_v5] [INFO] 2号位打出['ThreeWithTwo', '7', ['S7', 'S7', 'C7', 'S6', 'C6']]， 最大动作为2号位打出的['ThreeWithTwo', '7', ['S7', 'S7', 'C7', 'S6', 'C6']]
[23:20:48] [YFAdapter-P2] [INFO] [YF-P2] Decision context: myPos=2, curPos=2, greaterPos=2, teammate=0, curAction=[, actionList_size=6
[23:20:48] [YFAdapter-P2] [INFO] [YF-P2] Decided: action_index=0, action=['PASS', 'PASS', 'PASS']
[23:20:48] [yf2_v5] [INFO] 3号位打出['PASS', 'PASS', 'PASS']， 最大动作为2号位打出的['ThreeWithTwo', '7', ['S7', 'S7', 'C7', 'S6', 'C6']]
[23:20:48] [yf2_v5] [INFO] 0号位打出['ThreeWithTwo', '9', ['S9', 'S9', 'C9', 'S2', 'H2']]， 最大动作为0号位打出的['ThreeWithTwo', '9', ['S9', 'S9', 'C9', 'S2', 'H2']]
[23:20:48] [yf2_v5] [INFO] 1号位打出['ThreeWithTwo', '8', ['C8', 'C8', 'D8', 'HJ', 'HJ']]， 最大动作为1号位打出的['ThreeWithTwo', '8', ['C8', 'C8', 'D8', 'HJ', 'HJ']]
[23:20:48] [yf2_v5] [INFO] 2号位打出['PASS', 'PASS', 'PASS']， 最大动作为1号位打出的['ThreeWithTwo', '8', ['C8', 'C8', 'D8', 'HJ', 'HJ']]
[23:20:48] [YFAdapter-P2] [INFO] [YF-P2] Decision context: myPos=2, curPos=2, greaterPos=1, teammate=0, curAction=[, actionList_size=1
[23:20:48] [YFAdapter-P2] [INFO] [YF-P2] Decided: action_index=0, action=['PASS', 'PASS', 'PASS']
[23:20:48] [yf2_v5] [INFO] 3号位打出['PASS', 'PASS', 'PASS']， 最大动作为1号位打出的['ThreeWithTwo', '8', ['C8', 'C8', 'D8', 'HJ', 'HJ']]
[23:20:48] [yf2_v5] [INFO] 0号位打出['Bomb', '5', ['H5', 'C5', 'D5', 'D5']]， 最大动作为0号位打出的['Bomb', '5', ['H5', 'C5', 'D5', 'D5']]
[23:20:48] [yf2_v5] [INFO] 1号位打出['PASS', 'PASS', 'PASS']， 最大动作为0号位打出的['Bomb', '5', ['H5', 'C5', 'D5', 'D5']]
[23:20:48] [yf2_v5] [INFO] 2号位打出['PASS', 'PASS', 'PASS']， 最大动作为0号位打出的['Bomb', '5', ['H5', 'C5', 'D5', 'D5']]
[23:20:48] [YFAdapter-P2] [INFO] [YF-P2] Decision context: myPos=2, curPos=2, greaterPos=0, teammate=0, curAction=[, actionList_size=1
[23:20:48] [YFAdapter-P2] [INFO] [YF-P2] Decided: action_index=0, action=['PASS', 'PASS', 'PASS']
[23:20:48] [yf2_v5] [INFO] 3号位打出['PASS', 'PASS', 'PASS']， 最大动作为0号位打出的['Bomb', '5', ['H5', 'C5', 'D5', 'D5']]
[23:20:48] [yf2_v5] [INFO] 0号位打出['Single', 'J', ['DJ']]， 最大动作为0号位打出的['Single', 'J', ['DJ']]
[23:20:48] [yf2_v5] [INFO] 1号位打出['Single', 'K', ['CK']]， 最大动作为1号位打出的['Single', 'K', ['CK']]
[23:20:48] [yf2_v5] [INFO] 2号位打出['Single', 'B', ['SB']]， 最大动作为2号位打出的['Single', 'B', ['SB']]
[23:20:48] [YFAdapter-P2] [INFO] [YF-P2] Decision context: myPos=2, curPos=2, greaterPos=2, teammate=0, curAction=[, actionList_size=1
[23:20:48] [YFAdapter-P2] [INFO] [YF-P2] Decided: action_index=0, action=['PASS', 'PASS', 'PASS']
[23:20:48] [yf2_v5] [INFO] 3号位打出['PASS', 'PASS', 'PASS']， 最大动作为2号位打出的['Single', 'B', ['SB']]
[23:20:48] [yf2_v5] [INFO] 0号位打出['PASS', 'PASS', 'PASS']， 最大动作为2号位打出的['Single', 'B', ['SB']]
[23:20:48] [yf2_v5] [INFO] 1号位打出['PASS', 'PASS', 'PASS']， 最大动作为2号位打出的['Single', 'B', ['SB']]
[23:20:48] [yf2_v5] [INFO] 2号位打出['ThreeWithTwo', 'T', ['ST', 'HT', 'DT', 'C9', 'D9']]， 最大动作为2号位打出的['ThreeWithTwo', 'T', ['ST', 'HT', 'DT', 'C9', 'D9']]
[23:20:48] [YFAdapter-P2] [INFO] [YF-P2] Decision context: myPos=2, curPos=2, greaterPos=2, teammate=0, curAction=[, actionList_size=1
[23:20:48] [YFAdapter-P2] [INFO] [YF-P2] Decided: action_index=0, action=['PASS', 'PASS', 'PASS']
[23:20:48] [yf2_v5] [INFO] 3号位打出['PASS', 'PASS', 'PASS']， 最大动作为2号位打出的['ThreeWithTwo', 'T', ['ST', 'HT', 'DT', 'C9', 'D9']]
[23:20:48] [yf2_v5] [INFO] 0号位打出['PASS', 'PASS', 'PASS']， 最大动作为2号位打出的['ThreeWithTwo', 'T', ['ST', 'HT', 'DT', 'C9', 'D9']]
[23:20:48] [yf2_v5] [INFO] 1号位打出['PASS', 'PASS', 'PASS']， 最大动作为2号位打出的['ThreeWithTwo', 'T', ['ST', 'HT', 'DT', 'C9', 'D9']]
[23:20:48] [yf2_v5] [INFO] 2号位打出['Pair', 'Q', ['HQ', 'HQ']]， 最大动作为2号位打出的['Pair', 'Q', ['HQ', 'HQ']]
[23:20:48] [YFAdapter-P2] [INFO] [YF-P2] Decision context: myPos=2, curPos=2, greaterPos=2, teammate=0, curAction=[, actionList_size=1
[23:20:48] [YFAdapter-P2] [INFO] [YF-P2] Decided: action_index=0, action=['PASS', 'PASS', 'PASS']
[23:20:48] [yf2_v5] [INFO] 3号位打出['PASS', 'PASS', 'PASS']， 最大动作为2号位打出的['Pair', 'Q', ['HQ', 'HQ']]
[23:20:48] [yf2_v5] [INFO] 0号位打出['PASS', 'PASS', 'PASS']， 最大动作为2号位打出的['Pair', 'Q', ['HQ', 'HQ']]
[23:20:48] [yf2_v5] [INFO] 1号位打出['PASS', 'PASS', 'PASS']， 最大动作为2号位打出的['Pair', 'Q', ['HQ', 'HQ']]
[23:20:48] [yf2_v5] [INFO] 2号位打出['Pair', 'K', ['SK', 'HK']]， 最大动作为2号位打出的['Pair', 'K', ['SK', 'HK']]
[23:20:48] [YFAdapter-P2] [INFO] [YF-P2] Decision context: myPos=2, curPos=2, greaterPos=2, teammate=0, curAction=[, actionList_size=1
[23:20:48] [YFAdapter-P2] [INFO] [YF-P2] Decided: action_index=0, action=['PASS', 'PASS', 'PASS']
[23:20:48] [yf2_v5] [INFO] 3号位打出['PASS', 'PASS', 'PASS']， 最大动作为2号位打出的['Pair', 'K', ['SK', 'HK']]
[23:20:48] [yf2_v5] [INFO] 0号位打出['PASS', 'PASS', 'PASS']， 最大动作为2号位打出的['Pair', 'K', ['SK', 'HK']]
[23:20:48] [yf2_v5] [INFO] 1号位打出['PASS', 'PASS', 'PASS']， 最大动作为2号位打出的['Pair', 'K', ['SK', 'HK']]
[23:20:48] [yf2_v5] [INFO] 2号位打出['Single', 'R', ['HR']]， 最大动作为2号位打出的['Single', 'R', ['HR']]
[23:20:48] [YFAdapter-P2] [INFO] [YF-P2] Decision context: myPos=2, curPos=2, greaterPos=2, teammate=0, curAction=[, actionList_size=1
[23:20:48] [YFAdapter-P2] [INFO] [YF-P2] Decided: action_index=0, action=['PASS', 'PASS', 'PASS']
[23:20:48] [yf2_v5] [INFO] 3号位打出['PASS', 'PASS', 'PASS']， 最大动作为2号位打出的['Single', 'R', ['HR']]
[23:20:48] [yf2_v5] [INFO] 0号位打出['PASS', 'PASS', 'PASS']， 最大动作为2号位打出的['Single', 'R', ['HR']]
[23:20:48] [yf2_v5] [INFO] 0号位打出['Pair', 'A', ['CA', 'DA']]， 最大动作为0号位打出的['Pair', 'A', ['CA', 'DA']]
[23:20:48] [yf2_v5] [INFO] 1号位打出['PASS', 'PASS', 'PASS']， 最大动作为0号位打出的['Pair', 'A', ['CA', 'DA']]
[23:20:48] [YFAdapter-P2] [INFO] [YF-P2] Decision context: myPos=2, curPos=1, greaterPos=0, teammate=0, curAction=[, actionList_size=1
[23:20:48] [YFAdapter-P2] [INFO] [YF-P2] Decided: action_index=0, action=['PASS', 'PASS', 'PASS']
[23:20:48] [yf2_v5] [INFO] 3号位打出['PASS', 'PASS', 'PASS']， 最大动作为0号位打出的['Pair', 'A', ['CA', 'DA']]
[23:20:48] [yf2_v5] [INFO] 0号位打出['Single', 'R', ['HR']]， 最大动作为0号位打出的['Single', 'R', ['HR']]
[23:20:48] [yf2_v5] [INFO] 游戏开始, 我是3号位，手牌：['S2', 'S2', 'C3', 'D3', 'S4', 'S4', 'C4', 'C4', 'D4', 'H6', 'C6', 'D6', 'D6', 'D7', 'S8', 'C8', 'S9', 'H9', 'D9', 'HT', 'CT', 'HQ', 'CQ', 'SA', 'DA', 'HJ', 'DJ']
[23:20:48] [YFAdapter-P2] [INFO] [YF-P2] Decision context: myPos=2, curPos=-1, greaterPos=-1, teammate=0, curAction=[, actionList_size=1
[23:20:48] [YFAdapter-P2] [INFO] [YF-P2] Decided: action_index=0, action=['tribute', 'tribute', [['D', 'J']]]
[23:20:48] [yf2_v5] [INFO] 1号位打出['Single', '5', ['D5']]， 最大动作为1号位打出的['Single', '5', ['D5']]
[23:20:48] [yf2_v5] [INFO] 2号位打出['Single', '6', ['H6']]， 最大动作为2号位打出的['Single', '6', ['H6']]
[23:20:48] [YFAdapter-P2] [INFO] [YF-P2] Decision context: myPos=2, curPos=2, greaterPos=2, teammate=0, curAction=[, actionList_size=37
[23:20:48] [YFAdapter-P2] [INFO] [YF-P2] Decided: action_index=25, action=['Bomb', '6', [['C', '6'], ['D', '6'], ['D', '6'], ['H', 'J']]]
[23:20:48] [yf2_v5] [INFO] 3号位打出['Bomb', '6', ['C6', 'D6', 'D6', 'HJ']]， 最大动作为3号位打出的['Bomb', '6', ['C6', 'D6', 'D6', 'HJ']]
[23:20:48] [yf2_v5] [INFO] 0号位打出['PASS', 'PASS', 'PASS']， 最大动作为3号位打出的['Bomb', '6', ['C6', 'D6', 'D6', 'HJ']]
[23:20:48] [yf2_v5] [INFO] 1号位打出['Bomb', 'T', ['ST', 'ST', 'CT', 'DT']]， 最大动作为1号位打出的['Bomb', 'T', ['ST', 'ST', 'CT', 'DT']]
[23:20:48] [yf2_v5] [INFO] 2号位打出['PASS', 'PASS', 'PASS']， 最大动作为1号位打出的['Bomb', 'T', ['ST', 'ST', 'CT', 'DT']]
[23:20:48] [YFAdapter-P2] [INFO] [YF-P2] Decision context: myPos=2, curPos=2, greaterPos=1, teammate=0, curAction=[, actionList_size=2
[23:20:48] [YFAdapter-P2] [INFO] [YF-P2] Decided: action_index=0, action=['PASS', 'PASS', 'PASS']
[23:20:48] [yf2_v5] [INFO] 3号位打出['PASS', 'PASS', 'PASS']， 最大动作为1号位打出的['Bomb', 'T', ['ST', 'ST', 'CT', 'DT']]
[23:20:48] [yf2_v5] [INFO] 0号位打出['PASS', 'PASS', 'PASS']， 最大动作为1号位打出的['Bomb', 'T', ['ST', 'ST', 'CT', 'DT']]
[23:20:48] [yf2_v5] [INFO] 1号位打出['Single', '8', ['D8']]， 最大动作为1号位打出的['Single', '8', ['D8']]
[23:20:48] [yf2_v5] [INFO] 2号位打出['Single', 'J', ['CJ']]， 最大动作为2号位打出的['Single', 'J', ['CJ']]
[23:20:48] [YFAdapter-P2] [INFO] [YF-P2] Decision context: myPos=2, curPos=2, greaterPos=2, teammate=0, curAction=[, actionList_size=6
[23:20:48] [YFAdapter-P2] [INFO] [YF-P2] Decided: action_index=0, action=['PASS', 'PASS', 'PASS']
[23:20:48] [yf2_v5] [INFO] 3号位打出['PASS', 'PASS', 'PASS']， 最大动作为2号位打出的['Single', 'J', ['CJ']]
[23:20:48] [yf2_v5] [INFO] 0号位打出['PASS', 'PASS', 'PASS']， 最大动作为2号位打出的['Single', 'J', ['CJ']]
[23:20:49] [yf2_v5] [INFO] 1号位打出['PASS', 'PASS', 'PASS']， 最大动作为2号位打出的['Single', 'J', ['CJ']]
[23:20:49] [yf2_v5] [INFO] 2号位打出['Single', '4', ['D4']]， 最大动作为2号位打出的['Single', '4', ['D4']]
[23:20:49] [YFAdapter-P2] [INFO] [YF-P2] Decision context: myPos=2, curPos=2, greaterPos=2, teammate=0, curAction=[, actionList_size=19
[23:20:49] [YFAdapter-P2] [INFO] [YF-P2] Decided: action_index=4, action=['Single', '8', [['C', '8']]]
[23:20:49] [yf2_v5] [INFO] 3号位打出['Single', '8', ['C8']]， 最大动作为3号位打出的['Single', '8', ['C8']]
[23:20:49] [yf2_v5] [INFO] 0号位打出['Single', '9', ['C9']]， 最大动作为0号位打出的['Single', '9', ['C9']]
[23:20:49] [yf2_v5] [INFO] 1号位打出['PASS', 'PASS', 'PASS']， 最大动作为0号位打出的['Single', '9', ['C9']]
[23:20:49] [yf2_v5] [INFO] 2号位打出['Single', 'J', ['DJ']]， 最大动作为2号位打出的['Single', 'J', ['DJ']]
[23:20:49] [YFAdapter-P2] [INFO] [YF-P2] Decision context: myPos=2, curPos=2, greaterPos=2, teammate=0, curAction=[, actionList_size=6
[23:20:49] [YFAdapter-P2] [INFO] [YF-P2] Decided: action_index=5, action=['Bomb', '4', [['S', '4'], ['S', '4'], ['C', '4'], ['C', '4'], ['D', '4']]]
[23:20:49] [yf2_v5] [INFO] 3号位打出['Bomb', '4', ['S4', 'S4', 'C4', 'C4', 'D4']]， 最大动作为3号位打出的['Bomb', '4', ['S4', 'S4', 'C4', 'C4', 'D4']]
[23:20:49] [yf2_v5] [INFO] 0号位打出['PASS', 'PASS', 'PASS']， 最大动作为3号位打出的['Bomb', '4', ['S4', 'S4', 'C4', 'C4', 'D4']]
[23:20:49] [yf2_v5] [INFO] 1号位打出['PASS', 'PASS', 'PASS']， 最大动作为3号位打出的['Bomb', '4', ['S4', 'S4', 'C4', 'C4', 'D4']]
[23:20:49] [yf2_v5] [INFO] 2号位打出['PASS', 'PASS', 'PASS']， 最大动作为3号位打出的['Bomb', '4', ['S4', 'S4', 'C4', 'C4', 'D4']]
[23:20:49] [YFAdapter-P2] [INFO] [YF-P2] Decision context: myPos=2, curPos=-1, greaterPos=-1, teammate=0, curAction=[, actionList_size=50
[23:20:49] [YFAdapter-P2] [INFO] [YF-P2] Decided: action_index=3, action=['Single', '6', [['H', '6']]]
[23:20:49] [yf2_v5] [INFO] 3号位打出['Single', '6', ['H6']]， 最大动作为3号位打出的['Single', '6', ['H6']]
[23:20:49] [yf2_v5] [INFO] 0号位打出['Single', 'Q', ['SQ']]， 最大动作为0号位打出的['Single', 'Q', ['SQ']]
[23:20:49] [yf2_v5] [INFO] 1号位打出['Single', 'J', ['SJ']]， 最大动作为1号位打出的['Single', 'J', ['SJ']]
[23:20:49] [yf2_v5] [INFO] 2号位打出['PASS', 'PASS', 'PASS']， 最大动作为1号位打出的['Single', 'J', ['SJ']]
[23:20:49] [YFAdapter-P2] [INFO] [YF-P2] Decision context: myPos=2, curPos=2, greaterPos=1, teammate=0, curAction=[, actionList_size=2
[23:20:49] [YFAdapter-P2] [INFO] [YF-P2] Decided: action_index=0, action=['PASS', 'PASS', 'PASS']
[23:20:49] [yf2_v5] [INFO] 3号位打出['Bomb', '9', ['S9', 'H9', 'H9', 'D9']]， 最大动作为3号位打出的['Bomb', '9', ['S9', 'H9', 'H9', 'D9']]
[23:20:49] [yf2_v5] [INFO] 0号位打出['Bomb', 'K', ['SK', 'HK', 'CK', 'HJ']]， 最大动作为0号位打出的['Bomb', 'K', ['SK', 'HK', 'CK', 'HJ']]
[23:20:49] [yf2_v5] [INFO] 1号位打出['PASS', 'PASS', 'PASS']， 最大动作为0号位打出的['Bomb', 'K', ['SK', 'HK', 'CK', 'HJ']]
[23:20:49] [yf2_v5] [INFO] 2号位打出['PASS', 'PASS', 'PASS']， 最大动作为0号位打出的['Bomb', 'K', ['SK', 'HK', 'CK', 'HJ']]
[23:20:49] [YFAdapter-P2] [INFO] [YF-P2] Decision context: myPos=2, curPos=2, greaterPos=0, teammate=0, curAction=[, actionList_size=1
[23:20:49] [YFAdapter-P2] [INFO] [YF-P2] Decided: action_index=0, action=['PASS', 'PASS', 'PASS']
[23:20:49] [yf2_v5] [INFO] 3号位打出['PASS', 'PASS', 'PASS']， 最大动作为0号位打出的['Bomb', 'K', ['SK', 'HK', 'CK', 'HJ']]
[23:20:49] [yf2_v5] [INFO] 0号位打出['Single', '2', ['H2']]， 最大动作为0号位打出的['Single', '2', ['H2']]
[23:20:49] [yf2_v5] [INFO] 1号位打出['Single', '9', ['S9']]， 最大动作为1号位打出的['Single', '9', ['S9']]
[23:20:49] [yf2_v5] [INFO] 2号位打出['Single', 'A', ['HA']]， 最大动作为2号位打出的['Single', 'A', ['HA']]
[23:20:49] [YFAdapter-P2] [INFO] [YF-P2] Decision context: myPos=2, curPos=2, greaterPos=2, teammate=0, curAction=[, actionList_size=1
[23:20:49] [YFAdapter-P2] [INFO] [YF-P2] Decided: action_index=0, action=['PASS', 'PASS', 'PASS']
[23:20:49] [yf2_v5] [INFO] 3号位打出['PASS', 'PASS', 'PASS']， 最大动作为2号位打出的['Single', 'A', ['HA']]
[23:20:49] [yf2_v5] [INFO] 0号位打出['PASS', 'PASS', 'PASS']， 最大动作为2号位打出的['Single', 'A', ['HA']]
[23:20:49] [yf2_v5] [INFO] 1号位打出['Single', 'B', ['SB']]， 最大动作为1号位打出的['Single', 'B', ['SB']]
[23:20:49] [yf2_v5] [INFO] 2号位打出['PASS', 'PASS', 'PASS']， 最大动作为1号位打出的['Single', 'B', ['SB']]
[23:20:49] [YFAdapter-P2] [INFO] [YF-P2] Decision context: myPos=2, curPos=2, greaterPos=1, teammate=0, curAction=[, actionList_size=1
[23:20:49] [YFAdapter-P2] [INFO] [YF-P2] Decided: action_index=0, action=['PASS', 'PASS', 'PASS']
[23:20:49] [yf2_v5] [INFO] 3号位打出['PASS', 'PASS', 'PASS']， 最大动作为1号位打出的['Single', 'B', ['SB']]
[23:20:49] [yf2_v5] [INFO] 0号位打出['Single', 'R', ['HR']]， 最大动作为0号位打出的['Single', 'R', ['HR']]
[23:20:49] [yf2_v5] [INFO] 1号位打出['PASS', 'PASS', 'PASS']， 最大动作为0号位打出的['Single', 'R', ['HR']]
[23:20:49] [yf2_v5] [INFO] 2号位打出['PASS', 'PASS', 'PASS']， 最大动作为0号位打出的['Single', 'R', ['HR']]
[23:20:49] [YFAdapter-P2] [INFO] [YF-P2] Decision context: myPos=2, curPos=2, greaterPos=0, teammate=0, curAction=[, actionList_size=1
[23:20:49] [YFAdapter-P2] [INFO] [YF-P2] Decided: action_index=0, action=['PASS', 'PASS', 'PASS']
[23:20:49] [yf2_v5] [INFO] 3号位打出['PASS', 'PASS', 'PASS']， 最大动作为0号位打出的['Single', 'R', ['HR']]
[23:20:49] [yf2_v5] [INFO] 0号位打出['Single', '2', ['D2']]， 最大动作为0号位打出的['Single', '2', ['D2']]
[23:20:49] [yf2_v5] [INFO] 1号位打出['Single', '6', ['C6']]， 最大动作为1号位打出的['Single', '6', ['C6']]
[23:20:49] [yf2_v5] [INFO] 2号位打出['PASS', 'PASS', 'PASS']， 最大动作为1号位打出的['Single', '6', ['C6']]
[23:20:49] [YFAdapter-P2] [INFO] [YF-P2] Decision context: myPos=2, curPos=2, greaterPos=1, teammate=0, curAction=[, actionList_size=9
[23:20:49] [YFAdapter-P2] [INFO] [YF-P2] Decided: action_index=0, action=['PASS', 'PASS', 'PASS']
[23:20:49] [yf2_v5] [INFO] 3号位打出['Single', 'A', ['SA']]， 最大动作为3号位打出的['Single', 'A', ['SA']]
[23:20:49] [yf2_v5] [INFO] 0号位打出['Single', 'J', ['SJ']]， 最大动作为0号位打出的['Single', 'J', ['SJ']]
[23:20:49] [yf2_v5] [INFO] 1号位打出['PASS', 'PASS', 'PASS']， 最大动作为0号位打出的['Single', 'J', ['SJ']]
[23:20:49] [yf2_v5] [INFO] 2号位打出['PASS', 'PASS', 'PASS']， 最大动作为0号位打出的['Single', 'J', ['SJ']]
[23:20:49] [YFAdapter-P2] [INFO] [YF-P2] Decision context: myPos=2, curPos=2, greaterPos=0, teammate=0, curAction=[, actionList_size=1
[23:20:49] [YFAdapter-P2] [INFO] [YF-P2] Decided: action_index=0, action=['PASS', 'PASS', 'PASS']
[23:20:49] [yf2_v5] [INFO] 3号位打出['PASS', 'PASS', 'PASS']， 最大动作为0号位打出的['Single', 'J', ['SJ']]
[23:20:49] [yf2_v5] [INFO] 0号位打出['Single', '4', ['H4']]， 最大动作为0号位打出的['Single', '4', ['H4']]
[23:20:49] [yf2_v5] [INFO] 1号位打出['Single', '7', ['H7']]， 最大动作为1号位打出的['Single', '7', ['H7']]
[23:20:49] [yf2_v5] [INFO] 2号位打出['Single', 'A', ['HA']]， 最大动作为2号位打出的['Single', 'A', ['HA']]
[23:20:49] [YFAdapter-P2] [INFO] [YF-P2] Decision context: myPos=2, curPos=2, greaterPos=2, teammate=0, curAction=[, actionList_size=1
[23:20:49] [YFAdapter-P2] [INFO] [YF-P2] Decided: action_index=0, action=['PASS', 'PASS', 'PASS']
[23:20:49] [yf2_v5] [INFO] 3号位打出['PASS', 'PASS', 'PASS']， 最大动作为2号位打出的['Single', 'A', ['HA']]
[23:20:49] [yf2_v5] [INFO] 0号位打出['PASS', 'PASS', 'PASS']， 最大动作为2号位打出的['Single', 'A', ['HA']]
[23:20:49] [yf2_v5] [INFO] 1号位打出['Single', 'J', ['CJ']]， 最大动作为1号位打出的['Single', 'J', ['CJ']]
[23:20:49] [yf2_v5] [INFO] 2号位打出['PASS', 'PASS', 'PASS']， 最大动作为1号位打出的['Single', 'J', ['CJ']]
[23:20:49] [YFAdapter-P2] [INFO] [YF-P2] Decision context: myPos=2, curPos=2, greaterPos=1, teammate=0, curAction=[, actionList_size=1
[23:20:49] [YFAdapter-P2] [INFO] [YF-P2] Decided: action_index=0, action=['PASS', 'PASS', 'PASS']
[23:20:49] [yf2_v5] [INFO] 3号位打出['PASS', 'PASS', 'PASS']， 最大动作为1号位打出的['Single', 'J', ['CJ']]
[23:20:49] [yf2_v5] [INFO] 0号位打出['Single', 'B', ['SB']]， 最大动作为0号位打出的['Single', 'B', ['SB']]
[23:20:49] [yf2_v5] [INFO] 1号位打出['PASS', 'PASS', 'PASS']， 最大动作为0号位打出的['Single', 'B', ['SB']]
[23:20:49] [yf2_v5] [INFO] 2号位打出['PASS', 'PASS', 'PASS']， 最大动作为0号位打出的['Single', 'B', ['SB']]
[23:20:49] [YFAdapter-P2] [INFO] [YF-P2] Decision context: myPos=2, curPos=2, greaterPos=0, teammate=0, curAction=[, actionList_size=1
[23:20:49] [YFAdapter-P2] [INFO] [YF-P2] Decided: action_index=0, action=['PASS', 'PASS', 'PASS']
[23:20:49] [yf2_v5] [INFO] 3号位打出['PASS', 'PASS', 'PASS']， 最大动作为0号位打出的['Single', 'B', ['SB']]
[23:20:49] [yf2_v5] [INFO] 0号位打出['Single', '4', ['H4']]， 最大动作为0号位打出的['Single', '4', ['H4']]
[23:20:49] [yf2_v5] [INFO] 1号位打出['Single', 'K', ['HK']]， 最大动作为1号位打出的['Single', 'K', ['HK']]
[23:20:49] [yf2_v5] [INFO] 2号位打出['Single', 'A', ['SA']]， 最大动作为2号位打出的['Single', 'A', ['SA']]
[23:20:49] [YFAdapter-P2] [INFO] [YF-P2] Decision context: myPos=2, curPos=2, greaterPos=2, teammate=0, curAction=[, actionList_size=1
[23:20:49] [YFAdapter-P2] [INFO] [YF-P2] Decided: action_index=0, action=['PASS', 'PASS', 'PASS']
[23:20:49] [yf2_v5] [INFO] 3号位打出['PASS', 'PASS', 'PASS']， 最大动作为2号位打出的['Single', 'A', ['SA']]
[23:20:49] [yf2_v5] [INFO] 0号位打出['PASS', 'PASS', 'PASS']， 最大动作为2号位打出的['Single', 'A', ['SA']]
[23:20:49] [yf2_v5] [INFO] 1号位打出['Single', 'J', ['DJ']]， 最大动作为1号位打出的['Single', 'J', ['DJ']]
[23:20:49] [yf2_v5] [INFO] 2号位打出['PASS', 'PASS', 'PASS']， 最大动作为1号位打出的['Single', 'J', ['DJ']]
[23:20:49] [YFAdapter-P2] [INFO] [YF-P2] Decision context: myPos=2, curPos=2, greaterPos=1, teammate=0, curAction=[, actionList_size=1
[23:20:49] [YFAdapter-P2] [INFO] [YF-P2] Decided: action_index=0, action=['PASS', 'PASS', 'PASS']
[23:20:49] [yf2_v5] [INFO] 3号位打出['PASS', 'PASS', 'PASS']， 最大动作为1号位打出的['Single', 'J', ['DJ']]
[23:20:49] [yf2_v5] [INFO] 0号位打出['Single', 'R', ['HR']]， 最大动作为0号位打出的['Single', 'R', ['HR']]
[23:20:49] [yf2_v5] [INFO] 1号位打出['PASS', 'PASS', 'PASS']， 最大动作为0号位打出的['Single', 'R', ['HR']]
[23:20:49] [yf2_v5] [INFO] 2号位打出['PASS', 'PASS', 'PASS']， 最大动作为0号位打出的['Single', 'R', ['HR']]
[23:20:49] [YFAdapter-P2] [INFO] [YF-P2] Decision context: myPos=2, curPos=2, greaterPos=0, teammate=0, curAction=[, actionList_size=1
[23:20:49] [YFAdapter-P2] [INFO] [YF-P2] Decided: action_index=0, action=['PASS', 'PASS', 'PASS']
[23:20:49] [yf2_v5] [INFO] 3号位打出['PASS', 'PASS', 'PASS']， 最大动作为0号位打出的['Single', 'R', ['HR']]
[23:20:49] [yf2_v5] [INFO] 0号位打出['Single', '5', ['S5']]， 最大动作为0号位打出的['Single', '5', ['S5']]
[23:20:49] [yf2_v5] [INFO] 1号位打出['Single', 'Q', ['DQ']]， 最大动作为1号位打出的['Single', 'Q', ['DQ']]
[23:20:49] [yf2_v5] [INFO] 2号位打出['PASS', 'PASS', 'PASS']， 最大动作为1号位打出的['Single', 'Q', ['DQ']]
[23:20:49] [YFAdapter-P2] [INFO] [YF-P2] Decision context: myPos=2, curPos=2, greaterPos=1, teammate=0, curAction=[, actionList_size=2
[23:20:49] [YFAdapter-P2] [INFO] [YF-P2] Decided: action_index=0, action=['PASS', 'PASS', 'PASS']
[23:20:49] [yf2_v5] [INFO] 3号位打出['Single', 'A', ['DA']]， 最大动作为3号位打出的['Single', 'A', ['DA']]
[23:20:49] [yf2_v5] [INFO] 0号位打出['PASS', 'PASS', 'PASS']， 最大动作为3号位打出的['Single', 'A', ['DA']]
[23:20:49] [yf2_v5] [INFO] 1号位打出['PASS', 'PASS', 'PASS']， 最大动作为3号位打出的['Single', 'A', ['DA']]
[23:20:49] [yf2_v5] [INFO] 2号位打出['PASS', 'PASS', 'PASS']， 最大动作为3号位打出的['Single', 'A', ['DA']]
[23:20:49] [YFAdapter-P2] [INFO] [YF-P2] Decision context: myPos=2, curPos=-1, greaterPos=-1, teammate=0, curAction=[, actionList_size=13
[23:20:49] [YFAdapter-P2] [INFO] [YF-P2] Decided: action_index=3, action=['Single', '7', [['D', '7']]]
[23:20:49] [yf2_v5] [INFO] 3号位打出['Single', '7', ['D7']]， 最大动作为3号位打出的['Single', '7', ['D7']]
[23:20:49] [yf2_v5] [INFO] 0号位打出['Single', 'K', ['DK']]， 最大动作为0号位打出的['Single', 'K', ['DK']]
[23:20:49] [yf2_v5] [INFO] 1号位打出['Single', 'A', ['DA']]， 最大动作为1号位打出的['Single', 'A', ['DA']]
[23:20:49] [yf2_v5] [INFO] 2号位打出['PASS', 'PASS', 'PASS']， 最大动作为1号位打出的['Single', 'A', ['DA']]
[23:20:49] [YFAdapter-P2] [INFO] [YF-P2] Decision context: myPos=2, curPos=2, greaterPos=1, teammate=0, curAction=[, actionList_size=1
[23:20:49] [YFAdapter-P2] [INFO] [YF-P2] Decided: action_index=0, action=['PASS', 'PASS', 'PASS']
[23:20:49] [yf2_v5] [INFO] 3号位打出['PASS', 'PASS', 'PASS']， 最大动作为1号位打出的['Single', 'A', ['DA']]
[23:20:49] [yf2_v5] [INFO] 0号位打出['PASS', 'PASS', 'PASS']， 最大动作为1号位打出的['Single', 'A', ['DA']]
[23:20:49] [yf2_v5] [INFO] 1号位打出['Single', '7', ['H7']]， 最大动作为1号位打出的['Single', '7', ['H7']]
[23:20:49] [yf2_v5] [INFO] 2号位打出['Single', 'K', ['DK']]， 最大动作为2号位打出的['Single', 'K', ['DK']]
[23:20:49] [YFAdapter-P2] [INFO] [YF-P2] Decision context: myPos=2, curPos=2, greaterPos=2, teammate=0, curAction=[, actionList_size=1
[23:20:49] [YFAdapter-P2] [INFO] [YF-P2] Decided: action_index=0, action=['PASS', 'PASS', 'PASS']
[23:20:49] [yf2_v5] [INFO] 3号位打出['PASS', 'PASS', 'PASS']， 最大动作为2号位打出的['Single', 'K', ['DK']]
[23:20:49] [yf2_v5] [INFO] 0号位打出['PASS', 'PASS', 'PASS']， 最大动作为2号位打出的['Single', 'K', ['DK']]
[23:20:49] [yf2_v5] [INFO] 1号位打出['PASS', 'PASS', 'PASS']， 最大动作为2号位打出的['Single', 'K', ['DK']]
[23:20:49] [yf2_v5] [INFO] 2号位打出['ThreeWithTwo', '3', ['S3', 'H3', 'C3', 'C2', 'D2']]， 最大动作为2号位打出的['ThreeWithTwo', '3', ['S3', 'H3', 'C3', 'C2', 'D2']]
[23:20:49] [YFAdapter-P2] [INFO] [YF-P2] Decision context: myPos=2, curPos=2, greaterPos=2, teammate=0, curAction=[, actionList_size=1
[23:20:49] [YFAdapter-P2] [INFO] [YF-P2] Decided: action_index=0, action=['PASS', 'PASS', 'PASS']
[23:20:49] [yf2_v5] [INFO] 3号位打出['PASS', 'PASS', 'PASS']， 最大动作为2号位打出的['ThreeWithTwo', '3', ['S3', 'H3', 'C3', 'C2', 'D2']]
[23:20:49] [yf2_v5] [INFO] 0号位打出['PASS', 'PASS', 'PASS']， 最大动作为2号位打出的['ThreeWithTwo', '3', ['S3', 'H3', 'C3', 'C2', 'D2']]
[23:20:49] [yf2_v5] [INFO] 1号位打出['PASS', 'PASS', 'PASS']， 最大动作为2号位打出的['ThreeWithTwo', '3', ['S3', 'H3', 'C3', 'C2', 'D2']]
[23:20:49] [yf2_v5] [INFO] 2号位打出['ThreeWithTwo', '5', ['S5', 'C5', 'D5', 'S7', 'C7']]， 最大动作为2号位打出的['ThreeWithTwo', '5', ['S5', 'C5', 'D5', 'S7', 'C7']]
[23:20:49] [YFAdapter-P2] [INFO] [YF-P2] Decision context: myPos=2, curPos=2, greaterPos=2, teammate=0, curAction=[, actionList_size=1
[23:20:49] [YFAdapter-P2] [INFO] [YF-P2] Decided: action_index=0, action=['PASS', 'PASS', 'PASS']
[23:20:49] [yf2_v5] [INFO] 3号位打出['PASS', 'PASS', 'PASS']， 最大动作为2号位打出的['ThreeWithTwo', '5', ['S5', 'C5', 'D5', 'S7', 'C7']]
[23:20:49] [yf2_v5] [INFO] 0号位打出['PASS', 'PASS', 'PASS']， 最大动作为2号位打出的['ThreeWithTwo', '5', ['S5', 'C5', 'D5', 'S7', 'C7']]
[23:20:49] [yf2_v5] [INFO] 1号位打出['PASS', 'PASS', 'PASS']， 最大动作为2号位打出的['ThreeWithTwo', '5', ['S5', 'C5', 'D5', 'S7', 'C7']]
[23:20:49] [yf2_v5] [INFO] 2号位打出['Pair', '8', ['S8', 'C8']]， 最大动作为2号位打出的['Pair', '8', ['S8', 'C8']]
[23:20:49] [YFAdapter-P2] [INFO] [YF-P2] Decision context: myPos=2, curPos=2, greaterPos=2, teammate=0, curAction=[, actionList_size=3
[23:20:49] [YFAdapter-P2] [INFO] [YF-P2] Decided: action_index=2, action=['Pair', 'Q', [['H', 'Q'], ['C', 'Q']]]
[23:20:49] [yf2_v5] [INFO] 3号位打出['Pair', 'Q', ['HQ', 'CQ']]， 最大动作为3号位打出的['Pair', 'Q', ['HQ', 'CQ']]
[23:20:49] [yf2_v5] [INFO] 0号位打出['Pair', 'A', ['CA', 'CA']]， 最大动作为0号位打出的['Pair', 'A', ['CA', 'CA']]
[23:20:49] [yf2_v5] [INFO] 1号位打出['PASS', 'PASS', 'PASS']， 最大动作为0号位打出的['Pair', 'A', ['CA', 'CA']]
[23:20:49] [yf2_v5] [INFO] 2号位打出['PASS', 'PASS', 'PASS']， 最大动作为0号位打出的['Pair', 'A', ['CA', 'CA']]
[23:20:49] [YFAdapter-P2] [INFO] [YF-P2] Decision context: myPos=2, curPos=2, greaterPos=0, teammate=0, curAction=[, actionList_size=1
[23:20:49] [YFAdapter-P2] [INFO] [YF-P2] Decided: action_index=0, action=['PASS', 'PASS', 'PASS']
[23:20:49] [yf2_v5] [INFO] 3号位打出['PASS', 'PASS', 'PASS']， 最大动作为0号位打出的['Pair', 'A', ['CA', 'CA']]
[23:20:49] [yf2_v5] [INFO] 0号位打出['Single', '5', ['H5']]， 最大动作为0号位打出的['Single', '5', ['H5']]
[23:20:49] [yf2_v5] [INFO] 1号位打出['Single', 'Q', ['HQ']]， 最大动作为1号位打出的['Single', 'Q', ['HQ']]
[23:20:49] [yf2_v5] [INFO] 2号位打出['PASS', 'PASS', 'PASS']， 最大动作为1号位打出的['Single', 'Q', ['HQ']]
[23:20:49] [YFAdapter-P2] [INFO] [YF-P2] Decision context: myPos=2, curPos=2, greaterPos=1, teammate=0, curAction=[, actionList_size=1
[23:20:49] [YFAdapter-P2] [INFO] [YF-P2] Decided: action_index=0, action=['PASS', 'PASS', 'PASS']
[23:20:49] [yf2_v5] [INFO] 3号位打出['PASS', 'PASS', 'PASS']， 最大动作为1号位打出的['Single', 'Q', ['HQ']]
[23:20:49] [yf2_v5] [INFO] 0号位打出['PASS', 'PASS', 'PASS']， 最大动作为1号位打出的['Single', 'Q', ['HQ']]
[23:20:49] [yf2_v5] [INFO] 1号位打出['Pair', '6', ['S6', 'S6']]， 最大动作为1号位打出的['Pair', '6', ['S6', 'S6']]
[23:20:49] [yf2_v5] [INFO] 2号位打出['Pair', 'T', ['HT', 'DT']]， 最大动作为2号位打出的['Pair', 'T', ['HT', 'DT']]
[23:20:49] [YFAdapter-P2] [INFO] [YF-P2] Decision context: myPos=2, curPos=2, greaterPos=2, teammate=0, curAction=[, actionList_size=1
[23:20:49] [YFAdapter-P2] [INFO] [YF-P2] Decided: action_index=0, action=['PASS', 'PASS', 'PASS']
[23:20:49] [yf2_v5] [INFO] 3号位打出['PASS', 'PASS', 'PASS']， 最大动作为2号位打出的['Pair', 'T', ['HT', 'DT']]
[23:20:49] [yf2_v5] [INFO] 0号位打出['PASS', 'PASS', 'PASS']， 最大动作为2号位打出的['Pair', 'T', ['HT', 'DT']]
[23:20:49] [yf2_v5] [INFO] 1号位打出['PASS', 'PASS', 'PASS']， 最大动作为2号位打出的['Pair', 'T', ['HT', 'DT']]
[23:20:49] [yf2_v5] [INFO] 2号位打出['ThreeWithTwo', 'Q', ['SQ', 'CQ', 'DQ', 'SK', 'CK']]， 最大动作为2号位打出的['ThreeWithTwo', 'Q', ['SQ', 'CQ', 'DQ', 'SK', 'CK']]
[23:20:49] [YFAdapter-P2] [INFO] [YF-P2] Decision context: myPos=2, curPos=2, greaterPos=2, teammate=0, curAction=[, actionList_size=1
[23:20:49] [YFAdapter-P2] [INFO] [YF-P2] Decided: action_index=0, action=['PASS', 'PASS', 'PASS']
[23:20:49] [yf2_v5] [INFO] 3号位打出['PASS', 'PASS', 'PASS']， 最大动作为2号位打出的['ThreeWithTwo', 'Q', ['SQ', 'CQ', 'DQ', 'SK', 'CK']]
[23:20:49] [yf2_v5] [INFO] 0号位打出['PASS', 'PASS', 'PASS']， 最大动作为2号位打出的['ThreeWithTwo', 'Q', ['SQ', 'CQ', 'DQ', 'SK', 'CK']]
[23:20:49] [yf2_v5] [INFO] 0号位打出['Single', '5', ['H5']]， 最大动作为0号位打出的['Single', '5', ['H5']]
[23:20:49] [yf2_v5] [INFO] 1号位打出['Single', '9', ['D9']]， 最大动作为1号位打出的['Single', '9', ['D9']]
[23:20:49] [YFAdapter-P2] [INFO] [YF-P2] Decision context: myPos=2, curPos=1, greaterPos=1, teammate=0, curAction=[, actionList_size=3
[23:20:49] [YFAdapter-P2] [INFO] [YF-P2] Decided: action_index=0, action=['PASS', 'PASS', 'PASS']
[23:20:49] [yf2_v5] [INFO] 3号位打出['Single', 'T', ['HT']]， 最大动作为3号位打出的['Single', 'T', ['HT']]
[23:20:49] [yf2_v5] [INFO] 0号位打出['PASS', 'PASS', 'PASS']， 最大动作为3号位打出的['Single', 'T', ['HT']]
[23:20:49] [yf2_v5] [INFO] 1号位打出['PASS', 'PASS', 'PASS']， 最大动作为3号位打出的['Single', 'T', ['HT']]
[23:20:49] [YFAdapter-P2] [INFO] [YF-P2] Decision context: myPos=2, curPos=-1, greaterPos=-1, teammate=0, curAction=[, actionList_size=7
[23:20:49] [YFAdapter-P2] [INFO] [YF-P2] Decided: action_index=3, action=['Single', '8', [['S', '8']]]
[23:20:49] [yf2_v5] [INFO] 3号位打出['Single', '8', ['S8']]， 最大动作为3号位打出的['Single', '8', ['S8']]
[23:20:49] [yf2_v5] [INFO] 0号位打出['PASS', 'PASS', 'PASS']， 最大动作为3号位打出的['Single', '8', ['S8']]
[23:20:49] [yf2_v5] [INFO] 1号位打出['Single', '9', ['C9']]， 最大动作为1号位打出的['Single', '9', ['C9']]
[23:20:49] [YFAdapter-P2] [INFO] [YF-P2] Decision context: myPos=2, curPos=1, greaterPos=1, teammate=0, curAction=[, actionList_size=2
[23:20:49] [YFAdapter-P2] [INFO] [YF-P2] Decided: action_index=0, action=['PASS', 'PASS', 'PASS']
[23:20:49] [YFAdapter-P2] [WARNING] [YF-P2] 检测到过于保守: 对手快走完(剩5张), 触发Layer 2/3进行更积极的决策
[23:20:49] [yf2_v5] [INFO] 3号位打出['Single', 'T', ['CT']]， 最大动作为3号位打出的['Single', 'T', ['CT']]
[23:20:49] [yf2_v5] [INFO] 0号位打出['PASS', 'PASS', 'PASS']， 最大动作为3号位打出的['Single', 'T', ['CT']]
[23:20:49] [yf2_v5] [INFO] 1号位打出['PASS', 'PASS', 'PASS']， 最大动作为3号位打出的['Single', 'T', ['CT']]
[23:20:49] [YFAdapter-P2] [INFO] [YF-P2] Decision context: myPos=2, curPos=-1, greaterPos=-1, teammate=0, curAction=[, actionList_size=5
[23:20:49] [YFAdapter-P2] [INFO] [YF-P2] Decided: action_index=3, action=['Pair', '2', [['S', '2'], ['S', '2']]]
[23:20:49] [yf2_v5] [INFO] 3号位打出['Pair', '2', ['S2', 'S2']]， 最大动作为3号位打出的['Pair', '2', ['S2', 'S2']]
[23:20:49] [yf2_v5] [INFO] 0号位打出['Pair', '7', ['S7', 'D7']]， 最大动作为0号位打出的['Pair', '7', ['S7', 'D7']]
[23:20:49] [yf2_v5] [INFO] 1号位打出['PASS', 'PASS', 'PASS']， 最大动作为0号位打出的['Pair', '7', ['S7', 'D7']]
[23:20:49] [YFAdapter-P2] [INFO] [YF-P2] Decision context: myPos=2, curPos=1, greaterPos=0, teammate=0, curAction=[, actionList_size=1
[23:20:49] [YFAdapter-P2] [INFO] [YF-P2] Decided: action_index=0, action=['PASS', 'PASS', 'PASS']
[23:20:49] [yf2_v5] [INFO] 3号位打出['PASS', 'PASS', 'PASS']， 最大动作为0号位打出的['Pair', '7', ['S7', 'D7']]
[23:20:49] [yf2_v5] [INFO] 0号位打出['Single', '5', ['C5']]， 最大动作为0号位打出的['Single', '5', ['C5']]
[23:20:49] [yf2_v5] [INFO] 1号位打出['PASS', 'PASS', 'PASS']， 最大动作为0号位打出的['Single', '5', ['C5']]
[23:20:49] [YFAdapter-P2] [INFO] [YF-P2] Decision context: myPos=2, curPos=1, greaterPos=0, teammate=0, curAction=[, actionList_size=1
[23:20:49] [YFAdapter-P2] [INFO] [YF-P2] Decided: action_index=0, action=['PASS', 'PASS', 'PASS']
[23:20:49] [yf2_v5] [INFO] 3号位打出['PASS', 'PASS', 'PASS']， 最大动作为0号位打出的['Single', '5', ['C5']]
[23:20:49] [yf2_v5] [INFO] 0号位打出['Single', '7', ['C7']]， 最大动作为0号位打出的['Single', '7', ['C7']]
[23:20:49] [yf2_v5] [INFO] 1号位打出['PASS', 'PASS', 'PASS']， 最大动作为0号位打出的['Single', '7', ['C7']]
[23:20:49] [YFAdapter-P2] [INFO] [YF-P2] Decision context: myPos=2, curPos=1, greaterPos=0, teammate=0, curAction=[, actionList_size=1
[23:20:49] [YFAdapter-P2] [INFO] [YF-P2] Decided: action_index=0, action=['PASS', 'PASS', 'PASS']
[23:20:49] [yf2_v5] [INFO] 3号位打出['PASS', 'PASS', 'PASS']， 最大动作为0号位打出的['Single', '7', ['C7']]
[23:20:49] [yf2_v5] [INFO] 0号位打出['Trips', '8', ['H8', 'H8', 'D8']]， 最大动作为0号位打出的['Trips', '8', ['H8', 'H8', 'D8']]
[23:20:49] [yf2_v5] [INFO] 游戏开始, 我是3号位，手牌：['S2', 'D2', 'S3', 'D3', 'S4', 'C4', 'D5', 'S6', 'H6', 'C6', 'S7', 'H8', 'D8', 'S9', 'H9', 'ST', 'DT', 'SJ', 'HJ', 'HJ', 'SQ', 'CQ', 'CK', 'SA', 'SB', 'SB', 'HR']
[23:20:49] [YFAdapter-P2] [INFO] [YF-P2] Decision context: myPos=2, curPos=-1, greaterPos=-1, teammate=0, curAction=[, actionList_size=1
[23:20:49] [YFAdapter-P2] [INFO] [YF-P2] Decided: action_index=0, action=['tribute', 'tribute', [['H', 'R']]]
[23:20:49] [YFAdapter-P2] [INFO] [YF-P2] Decision context: myPos=2, curPos=-1, greaterPos=-1, teammate=0, curAction=[, actionList_size=255
[23:20:49] [YFAdapter-P2] [INFO] [YF-P2] Decided: action_index=6, action=['Single', '5', [['D', '5']]]
[23:20:49] [yf2_v5] [INFO] 3号位打出['Single', '5', ['D5']]， 最大动作为3号位打出的['Single', '5', ['D5']]
[23:20:49] [yf2_v5] [INFO] 0号位打出['Single', 'T', ['DT']]， 最大动作为0号位打出的['Single', 'T', ['DT']]
[23:20:49] [yf2_v5] [INFO] 1号位打出['Bomb', '4', ['S4', 'H4', 'HA', 'HA']]， 最大动作为1号位打出的['Bomb', '4', ['S4', 'H4', 'HA', 'HA']]
[23:20:49] [yf2_v5] [INFO] 2号位打出['PASS', 'PASS', 'PASS']， 最大动作为1号位打出的['Bomb', '4', ['S4', 'H4', 'HA', 'HA']]
[23:20:49] [YFAdapter-P2] [INFO] [YF-P2] Decision context: myPos=2, curPos=2, greaterPos=1, teammate=0, curAction=[, actionList_size=2
[23:20:49] [YFAdapter-P2] [INFO] [YF-P2] Decided: action_index=0, action=['PASS', 'PASS', 'PASS']
[23:20:49] [yf2_v5] [INFO] 3号位打出['PASS', 'PASS', 'PASS']， 最大动作为1号位打出的['Bomb', '4', ['S4', 'H4', 'HA', 'HA']]
[23:20:49] [yf2_v5] [INFO] 0号位打出['Bomb', '9', ['H9', 'C9', 'D9', 'D9']]， 最大动作为0号位打出的['Bomb', '9', ['H9', 'C9', 'D9', 'D9']]
[23:20:49] [yf2_v5] [INFO] 1号位打出['PASS', 'PASS', 'PASS']， 最大动作为0号位打出的['Bomb', '9', ['H9', 'C9', 'D9', 'D9']]
[23:20:49] [yf2_v5] [INFO] 2号位打出['PASS', 'PASS', 'PASS']， 最大动作为0号位打出的['Bomb', '9', ['H9', 'C9', 'D9', 'D9']]
[23:20:49] [YFAdapter-P2] [INFO] [YF-P2] Decision context: myPos=2, curPos=2, greaterPos=0, teammate=0, curAction=[, actionList_size=1
[23:20:49] [YFAdapter-P2] [INFO] [YF-P2] Decided: action_index=0, action=['PASS', 'PASS', 'PASS']
[23:20:49] [yf2_v5] [INFO] 3号位打出['PASS', 'PASS', 'PASS']， 最大动作为0号位打出的['Bomb', '9', ['H9', 'C9', 'D9', 'D9']]
[23:20:49] [yf2_v5] [INFO] 0号位打出['Single', '5', ['S5']]， 最大动作为0号位打出的['Single', '5', ['S5']]
[23:20:49] [yf2_v5] [INFO] 1号位打出['Single', '6', ['D6']]， 最大动作为1号位打出的['Single', '6', ['D6']]
[23:20:49] [yf2_v5] [INFO] 2号位打出['Single', '9', ['C9']]， 最大动作为2号位打出的['Single', '9', ['C9']]
[23:20:49] [YFAdapter-P2] [INFO] [YF-P2] Decision context: myPos=2, curPos=2, greaterPos=2, teammate=0, curAction=[, actionList_size=11
[23:20:49] [YFAdapter-P2] [INFO] [YF-P2] Decided: action_index=7, action=['Single', 'K', [['C', 'K']]]
[23:20:49] [yf2_v5] [INFO] 3号位打出['Single', 'K', ['CK']]， 最大动作为3号位打出的['Single', 'K', ['CK']]
[23:20:50] [yf2_v5] [INFO] 0号位打出['Single', 'A', ['SA']]， 最大动作为0号位打出的['Single', 'A', ['SA']]
[23:20:50] [yf2_v5] [INFO] 1号位打出['Bomb', '5', ['H5', 'C5', 'C5', 'D5']]， 最大动作为1号位打出的['Bomb', '5', ['H5', 'C5', 'C5', 'D5']]
[23:20:50] [yf2_v5] [INFO] 2号位打出['Bomb', '7', ['S7', 'C7', 'D7', 'D7']]， 最大动作为2号位打出的['Bomb', '7', ['S7', 'C7', 'D7', 'D7']]
[23:20:50] [YFAdapter-P2] [INFO] [YF-P2] Decision context: myPos=2, curPos=2, greaterPos=2, teammate=0, curAction=[, actionList_size=1
[23:20:50] [YFAdapter-P2] [INFO] [YF-P2] Decided: action_index=0, action=['PASS', 'PASS', 'PASS']
[23:20:50] [yf2_v5] [INFO] 3号位打出['PASS', 'PASS', 'PASS']， 最大动作为2号位打出的['Bomb', '7', ['S7', 'C7', 'D7', 'D7']]
[23:20:50] [yf2_v5] [INFO] 0号位打出['PASS', 'PASS', 'PASS']， 最大动作为2号位打出的['Bomb', '7', ['S7', 'C7', 'D7', 'D7']]
[23:20:50] [yf2_v5] [INFO] 1号位打出['PASS', 'PASS', 'PASS']， 最大动作为2号位打出的['Bomb', '7', ['S7', 'C7', 'D7', 'D7']]
[23:20:50] [yf2_v5] [INFO] 2号位打出['ThreeWithTwo', '8', ['S8', 'S8', 'C8', 'H2', 'H2']]， 最大动作为2号位打出的['ThreeWithTwo', '8', ['S8', 'S8', 'C8', 'H2', 'H2']]
[23:20:50] [YFAdapter-P2] [INFO] [YF-P2] Decision context: myPos=2, curPos=2, greaterPos=2, teammate=0, curAction=[, actionList_size=14
[23:20:50] [YFAdapter-P2] [INFO] [YF-P2] Decided: action_index=7, action=['ThreeWithTwo', 'J', [['S', 'J'], ['H', 'J'], ['H', 'J'], ['C', '6'], ['C', '6']]]
[23:20:50] [yf2_v5] [INFO] 3号位打出['ThreeWithTwo', 'J', ['SJ', 'HJ', 'HJ', 'C6', 'C6']]， 最大动作为3号位打出的['ThreeWithTwo', 'J', ['SJ', 'HJ', 'HJ', 'C6', 'C6']]
[23:20:50] [yf2_v5] [INFO] 0号位打出['ThreeWithTwo', 'A', ['CA', 'CA', 'DA', 'H6', 'D6']]， 最大动作为0号位打出的['ThreeWithTwo', 'A', ['CA', 'CA', 'DA', 'H6', 'D6']]
[23:20:50] [yf2_v5] [INFO] 1号位打出['PASS', 'PASS', 'PASS']， 最大动作为0号位打出的['ThreeWithTwo', 'A', ['CA', 'CA', 'DA', 'H6', 'D6']]
[23:20:50] [yf2_v5] [INFO] 2号位打出['PASS', 'PASS', 'PASS']， 最大动作为0号位打出的['ThreeWithTwo', 'A', ['CA', 'CA', 'DA', 'H6', 'D6']]
[23:20:50] [YFAdapter-P2] [INFO] [YF-P2] Decision context: myPos=2, curPos=2, greaterPos=0, teammate=0, curAction=[, actionList_size=1
[23:20:50] [YFAdapter-P2] [INFO] [YF-P2] Decided: action_index=0, action=['PASS', 'PASS', 'PASS']
[23:20:50] [yf2_v5] [INFO] 3号位打出['PASS', 'PASS', 'PASS']， 最大动作为0号位打出的['ThreeWithTwo', 'A', ['CA', 'CA', 'DA', 'H6', 'D6']]
[23:20:50] [yf2_v5] [INFO] 0号位打出['ThreeWithTwo', '2', ['S2', 'C2', 'D2', 'CJ', 'DJ']]， 最大动作为0号位打出的['ThreeWithTwo', '2', ['S2', 'C2', 'D2', 'CJ', 'DJ']]
[23:20:50] [yf2_v5] [INFO] 1号位打出['ThreeWithTwo', '3', ['H3', 'H3', 'C3', 'H7', 'H7']]， 最大动作为1号位打出的['ThreeWithTwo', '3', ['H3', 'H3', 'C3', 'H7', 'H7']]
[23:20:50] [yf2_v5] [INFO] 2号位打出['ThreeWithTwo', 'T', ['HT', 'HT', 'CT', 'C3', 'D3']]， 最大动作为2号位打出的['ThreeWithTwo', 'T', ['HT', 'HT', 'CT', 'C3', 'D3']]
[23:20:50] [YFAdapter-P2] [INFO] [YF-P2] Decision context: myPos=2, curPos=2, greaterPos=2, teammate=0, curAction=[, actionList_size=1
[23:20:50] [YFAdapter-P2] [INFO] [YF-P2] Decided: action_index=0, action=['PASS', 'PASS', 'PASS']
[23:20:50] [yf2_v5] [INFO] 3号位打出['PASS', 'PASS', 'PASS']， 最大动作为2号位打出的['ThreeWithTwo', 'T', ['HT', 'HT', 'CT', 'C3', 'D3']]
[23:20:50] [yf2_v5] [INFO] 0号位打出['PASS', 'PASS', 'PASS']， 最大动作为2号位打出的['ThreeWithTwo', 'T', ['HT', 'HT', 'CT', 'C3', 'D3']]
[23:20:50] [yf2_v5] [INFO] 1号位打出['PASS', 'PASS', 'PASS']， 最大动作为2号位打出的['ThreeWithTwo', 'T', ['HT', 'HT', 'CT', 'C3', 'D3']]
[23:20:50] [yf2_v5] [INFO] 2号位打出['Single', 'J', ['DJ']]， 最大动作为2号位打出的['Single', 'J', ['DJ']]
[23:20:50] [YFAdapter-P2] [INFO] [YF-P2] Decision context: myPos=2, curPos=2, greaterPos=2, teammate=0, curAction=[, actionList_size=5
[23:20:50] [YFAdapter-P2] [INFO] [YF-P2] Decided: action_index=4, action=['Single', 'B', [['S', 'B']]]
[23:20:50] [yf2_v5] [INFO] 3号位打出['Single', 'B', ['SB']]， 最大动作为3号位打出的['Single', 'B', ['SB']]
[23:20:50] [yf2_v5] [INFO] 0号位打出['Single', 'R', ['HR']]， 最大动作为0号位打出的['Single', 'R', ['HR']]
[23:20:50] [yf2_v5] [INFO] 1号位打出['PASS', 'PASS', 'PASS']， 最大动作为0号位打出的['Single', 'R', ['HR']]
[23:20:50] [yf2_v5] [INFO] 2号位打出['PASS', 'PASS', 'PASS']， 最大动作为0号位打出的['Single', 'R', ['HR']]
[23:20:50] [YFAdapter-P2] [INFO] [YF-P2] Decision context: myPos=2, curPos=2, greaterPos=0, teammate=0, curAction=[, actionList_size=1
[23:20:50] [YFAdapter-P2] [INFO] [YF-P2] Decided: action_index=0, action=['PASS', 'PASS', 'PASS']
[23:20:50] [yf2_v5] [INFO] 3号位打出['PASS', 'PASS', 'PASS']， 最大动作为0号位打出的['Single', 'R', ['HR']]
[23:20:50] [yf2_v5] [INFO] 0号位打出['ThreeWithTwo', '8', ['H8', 'C8', 'D8', 'HK', 'CK']]， 最大动作为0号位打出的['ThreeWithTwo', '8', ['H8', 'C8', 'D8', 'HK', 'CK']]
[23:20:50] [yf2_v5] [INFO] 1号位打出['PASS', 'PASS', 'PASS']， 最大动作为0号位打出的['ThreeWithTwo', '8', ['H8', 'C8', 'D8', 'HK', 'CK']]
[23:20:50] [yf2_v5] [INFO] 2号位打出['ThreeWithTwo', 'K', ['HK', 'DK', 'DK', 'S5', 'H5']]， 最大动作为2号位打出的['ThreeWithTwo', 'K', ['HK', 'DK', 'DK', 'S5', 'H5']]
[23:20:50] [YFAdapter-P2] [INFO] [YF-P2] Decision context: myPos=2, curPos=2, greaterPos=2, teammate=0, curAction=[, actionList_size=1
[23:20:50] [YFAdapter-P2] [INFO] [YF-P2] Decided: action_index=0, action=['PASS', 'PASS', 'PASS']
[23:20:50] [yf2_v5] [INFO] 3号位打出['PASS', 'PASS', 'PASS']， 最大动作为2号位打出的['ThreeWithTwo', 'K', ['HK', 'DK', 'DK', 'S5', 'H5']]
[23:20:50] [yf2_v5] [INFO] 0号位打出['Bomb', '4', ['H4', 'C4', 'D4', 'D4']]， 最大动作为0号位打出的['Bomb', '4', ['H4', 'C4', 'D4', 'D4']]
[23:20:50] [yf2_v5] [INFO] 1号位打出['PASS', 'PASS', 'PASS']， 最大动作为0号位打出的['Bomb', '4', ['H4', 'C4', 'D4', 'D4']]
[23:20:50] [yf2_v5] [INFO] 2号位打出['PASS', 'PASS', 'PASS']， 最大动作为0号位打出的['Bomb', '4', ['H4', 'C4', 'D4', 'D4']]
[23:20:50] [yf2_v5] [INFO] 2号位打出['Single', 'A', ['DA']]， 最大动作为2号位打出的['Single', 'A', ['DA']]
[23:20:50] [YFAdapter-P2] [INFO] [YF-P2] Decision context: myPos=2, curPos=2, greaterPos=2, teammate=0, curAction=[, actionList_size=2
[23:20:50] [YFAdapter-P2] [INFO] [YF-P2] Decided: action_index=0, action=['PASS', 'PASS', 'PASS']
[23:20:50] [yf2_v5] [INFO] 3号位打出['PASS', 'PASS', 'PASS']， 最大动作为2号位打出的['Single', 'A', ['DA']]
[23:20:50] [yf2_v5] [INFO] 1号位打出['PASS', 'PASS', 'PASS']， 最大动作为2号位打出的['Single', 'A', ['DA']]
[23:20:50] [yf2_v5] [INFO] 2号位打出['Single', 'R', ['HR']]， 最大动作为2号位打出的['Single', 'R', ['HR']]
[23:20:50] [YFAdapter-P2] [INFO] [YF-P2] Decision context: myPos=2, curPos=2, greaterPos=2, teammate=0, curAction=[, actionList_size=1
[23:20:50] [YFAdapter-P2] [INFO] [YF-P2] Decided: action_index=0, action=['PASS', 'PASS', 'PASS']
[23:20:50] [yf2_v5] [INFO] 3号位打出['PASS', 'PASS', 'PASS']， 最大动作为2号位打出的['Single', 'R', ['HR']]
[23:20:50] [yf2_v5] [INFO] 1号位打出['PASS', 'PASS', 'PASS']， 最大动作为2号位打出的['Single', 'R', ['HR']]
[23:20:50] [yf2_v5] [INFO] 2号位打出['Bomb', 'Q', ['SQ', 'HQ', 'HQ', 'DQ']]， 最大动作为2号位打出的['Bomb', 'Q', ['SQ', 'HQ', 'HQ', 'DQ']]
[23:20:50] [yf2_v5] [INFO] 游戏开始, 我是3号位，手牌：['D3', 'H4', 'D4', 'S5', 'H5', 'H5', 'S6', 'S6', 'D7', 'S8', 'D8', 'H9', 'D9', 'CJ', 'DJ', 'SQ', 'CQ', 'CQ', 'DQ', 'CK', 'DK', 'HA', 'S2', 'H2', 'H2', 'D2', 'SB']
[23:20:50] [yf2_v5] [INFO] 1号位打出['Single', '5', ['S5']]， 最大动作为1号位打出的['Single', '5', ['S5']]
[23:20:50] [yf2_v5] [INFO] 2号位打出['Single', '7', ['S7']]， 最大动作为2号位打出的['Single', '7', ['S7']]
[23:20:50] [YFAdapter-P2] [INFO] [YF-P2] Decision context: myPos=2, curPos=2, greaterPos=2, teammate=0, curAction=[, actionList_size=42
[23:20:50] [YFAdapter-P2] [INFO] [YF-P2] Decided: action_index=2, action=['Single', '8', [['D', '8']]]
[23:20:50] [yf2_v5] [INFO] 3号位打出['Single', '8', ['D8']]， 最大动作为3号位打出的['Single', '8', ['D8']]
[23:20:50] [yf2_v5] [INFO] 0号位打出['Single', '2', ['S2']]， 最大动作为0号位打出的['Single', '2', ['S2']]
[23:20:50] [yf2_v5] [INFO] 1号位打出['PASS', 'PASS', 'PASS']， 最大动作为0号位打出的['Single', '2', ['S2']]
[23:20:50] [yf2_v5] [INFO] 2号位打出['PASS', 'PASS', 'PASS']， 最大动作为0号位打出的['Single', '2', ['S2']]
[23:20:50] [YFAdapter-P2] [INFO] [YF-P2] Decision context: myPos=2, curPos=2, greaterPos=0, teammate=0, curAction=[, actionList_size=26
[23:20:50] [YFAdapter-P2] [INFO] [YF-P2] Decided: action_index=0, action=['PASS', 'PASS', 'PASS']
[23:20:50] [yf2_v5] [INFO] 3号位打出['PASS', 'PASS', 'PASS']， 最大动作为0号位打出的['Single', '2', ['S2']]
[23:20:50] [yf2_v5] [INFO] 0号位打出['Single', '5', ['C5']]， 最大动作为0号位打出的['Single', '5', ['C5']]
[23:20:50] [yf2_v5] [INFO] 1号位打出['Single', '2', ['C2']]， 最大动作为1号位打出的['Single', '2', ['C2']]
[23:20:50] [yf2_v5] [INFO] 2号位打出['PASS', 'PASS', 'PASS']， 最大动作为1号位打出的['Single', '2', ['C2']]
[23:20:50] [YFAdapter-P2] [INFO] [YF-P2] Decision context: myPos=2, curPos=2, greaterPos=1, teammate=0, curAction=[, actionList_size=26
[23:20:50] [YFAdapter-P2] [INFO] [YF-P2] Decided: action_index=0, action=['PASS', 'PASS', 'PASS']
[23:20:50] [yf2_v5] [INFO] 3号位打出['Single', 'B', ['SB']]， 最大动作为3号位打出的['Single', 'B', ['SB']]
[23:20:50] [yf2_v5] [INFO] 0号位打出['Single', 'R', ['HR']]， 最大动作为0号位打出的['Single', 'R', ['HR']]
[23:20:50] [yf2_v5] [INFO] 1号位打出['Bomb', 'T', ['ST', 'ST', 'HT', 'HT']]， 最大动作为1号位打出的['Bomb', 'T', ['ST', 'ST', 'HT', 'HT']]
[23:20:50] [yf2_v5] [INFO] 2号位打出['PASS', 'PASS', 'PASS']， 最大动作为1号位打出的['Bomb', 'T', ['ST', 'ST', 'HT', 'HT']]
[23:20:50] [YFAdapter-P2] [INFO] [YF-P2] Decision context: myPos=2, curPos=2, greaterPos=1, teammate=0, curAction=[, actionList_size=18
[23:20:50] [YFAdapter-P2] [INFO] [YF-P2] Decided: action_index=0, action=['PASS', 'PASS', 'PASS']
[23:20:50] [yf2_v5] [INFO] 3号位打出['Bomb', '2', ['S2', 'H2', 'H2', 'D2']]， 最大动作为3号位打出的['Bomb', '2', ['S2', 'H2', 'H2', 'D2']]
[23:20:50] [yf2_v5] [INFO] 0号位打出['PASS', 'PASS', 'PASS']， 最大动作为3号位打出的['Bomb', '2', ['S2', 'H2', 'H2', 'D2']]
[23:20:50] [yf2_v5] [INFO] 1号位打出['PASS', 'PASS', 'PASS']， 最大动作为3号位打出的['Bomb', '2', ['S2', 'H2', 'H2', 'D2']]
[23:20:50] [yf2_v5] [INFO] 2号位打出['PASS', 'PASS', 'PASS']， 最大动作为3号位打出的['Bomb', '2', ['S2', 'H2', 'H2', 'D2']]
[23:20:50] [YFAdapter-P2] [INFO] [YF-P2] Decision context: myPos=2, curPos=-1, greaterPos=-1, teammate=0, curAction=[, actionList_size=82
[23:20:50] [YFAdapter-P2] [INFO] [YF-P2] Decided: action_index=0, action=['Single', '3', [['D', '3']]]
[23:20:50] [yf2_v5] [INFO] 3号位打出['Single', '3', ['D3']]， 最大动作为3号位打出的['Single', '3', ['D3']]
[23:20:50] [yf2_v5] [INFO] 0号位打出['Single', '7', ['D7']]， 最大动作为0号位打出的['Single', '7', ['D7']]
[23:20:50] [yf2_v5] [INFO] 1号位打出['Single', 'R', ['HR']]， 最大动作为1号位打出的['Single', 'R', ['HR']]
[23:20:50] [yf2_v5] [INFO] 2号位打出['Bomb', '8', ['S8', 'H8', 'C8', 'D8']]， 最大动作为2号位打出的['Bomb', '8', ['S8', 'H8', 'C8', 'D8']]
[23:20:50] [YFAdapter-P2] [INFO] [YF-P2] Decision context: myPos=2, curPos=2, greaterPos=2, teammate=0, curAction=[, actionList_size=2
[23:20:50] [YFAdapter-P2] [INFO] [YF-P2] Decided: action_index=0, action=['PASS', 'PASS', 'PASS']
[23:20:50] [yf2_v5] [INFO] 3号位打出['PASS', 'PASS', 'PASS']， 最大动作为2号位打出的['Bomb', '8', ['S8', 'H8', 'C8', 'D8']]
[23:20:50] [yf2_v5] [INFO] 0号位打出['PASS', 'PASS', 'PASS']， 最大动作为2号位打出的['Bomb', '8', ['S8', 'H8', 'C8', 'D8']]
[23:20:50] [yf2_v5] [INFO] 1号位打出['PASS', 'PASS', 'PASS']， 最大动作为2号位打出的['Bomb', '8', ['S8', 'H8', 'C8', 'D8']]
[23:20:50] [yf2_v5] [INFO] 2号位打出['Single', '4', ['H4']]， 最大动作为2号位打出的['Single', '4', ['H4']]
[23:20:50] [YFAdapter-P2] [INFO] [YF-P2] Decision context: myPos=2, curPos=2, greaterPos=2, teammate=0, curAction=[, actionList_size=17
[23:20:50] [YFAdapter-P2] [INFO] [YF-P2] Decided: action_index=5, action=['Single', '8', [['S', '8']]]
[23:20:50] [yf2_v5] [INFO] 3号位打出['Single', '8', ['S8']]， 最大动作为3号位打出的['Single', '8', ['S8']]
[23:20:50] [yf2_v5] [INFO] 0号位打出['Single', '2', ['C2']]， 最大动作为0号位打出的['Single', '2', ['C2']]
[23:20:50] [yf2_v5] [INFO] 1号位打出['Bomb', '7', ['S7', 'H7', 'H7', 'C7']]， 最大动作为1号位打出的['Bomb', '7', ['S7', 'H7', 'H7', 'C7']]
[23:20:50] [yf2_v5] [INFO] 2号位打出['Bomb', 'J', ['SJ', 'HJ', 'HJ', 'CJ', 'DJ']]， 最大动作为2号位打出的['Bomb', 'J', ['SJ', 'HJ', 'HJ', 'CJ', 'DJ']]
[23:20:50] [YFAdapter-P2] [INFO] [YF-P2] Decision context: myPos=2, curPos=2, greaterPos=2, teammate=0, curAction=[, actionList_size=1
[23:20:50] [YFAdapter-P2] [INFO] [YF-P2] Decided: action_index=0, action=['PASS', 'PASS', 'PASS']
[23:20:50] [yf2_v5] [INFO] 3号位打出['PASS', 'PASS', 'PASS']， 最大动作为2号位打出的['Bomb', 'J', ['SJ', 'HJ', 'HJ', 'CJ', 'DJ']]
[23:20:50] [yf2_v5] [INFO] 0号位打出['PASS', 'PASS', 'PASS']， 最大动作为2号位打出的['Bomb', 'J', ['SJ', 'HJ', 'HJ', 'CJ', 'DJ']]
[23:20:50] [yf2_v5] [INFO] 1号位打出['PASS', 'PASS', 'PASS']， 最大动作为2号位打出的['Bomb', 'J', ['SJ', 'HJ', 'HJ', 'CJ', 'DJ']]
[23:20:50] [yf2_v5] [INFO] 2号位打出['ThreeWithTwo', '5', ['C5', 'D5', 'D5', 'S3', 'D3']]， 最大动作为2号位打出的['ThreeWithTwo', '5', ['C5', 'D5', 'D5', 'S3', 'D3']]
[23:20:50] [YFAdapter-P2] [INFO] [YF-P2] Decision context: myPos=2, curPos=2, greaterPos=2, teammate=0, curAction=[, actionList_size=23
[23:20:50] [YFAdapter-P2] [INFO] [YF-P2] Decided: action_index=4, action=['ThreeWithTwo', 'Q', [['S', 'Q'], ['C', 'Q'], ['D', 'Q'], ['S', '6'], ['S', '6']]]
[23:20:50] [yf2_v5] [INFO] 3号位打出['ThreeWithTwo', 'Q', ['SQ', 'CQ', 'DQ', 'S6', 'S6']]， 最大动作为3号位打出的['ThreeWithTwo', 'Q', ['SQ', 'CQ', 'DQ', 'S6', 'S6']]
[23:20:50] [yf2_v5] [INFO] 0号位打出['Bomb', '3', ['S3', 'H3', 'H3', 'C3', 'C3']]， 最大动作为0号位打出的['Bomb', '3', ['S3', 'H3', 'H3', 'C3', 'C3']]
[23:20:50] [yf2_v5] [INFO] 1号位打出['PASS', 'PASS', 'PASS']， 最大动作为0号位打出的['Bomb', '3', ['S3', 'H3', 'H3', 'C3', 'C3']]
[23:20:50] [yf2_v5] [INFO] 2号位打出['PASS', 'PASS', 'PASS']， 最大动作为0号位打出的['Bomb', '3', ['S3', 'H3', 'H3', 'C3', 'C3']]
[23:20:50] [YFAdapter-P2] [INFO] [YF-P2] Decision context: myPos=2, curPos=2, greaterPos=0, teammate=0, curAction=[, actionList_size=1
[23:20:50] [YFAdapter-P2] [INFO] [YF-P2] Decided: action_index=0, action=['PASS', 'PASS', 'PASS']
[23:20:50] [yf2_v5] [INFO] 3号位打出['PASS', 'PASS', 'PASS']， 最大动作为0号位打出的['Bomb', '3', ['S3', 'H3', 'H3', 'C3', 'C3']]
[23:20:50] [yf2_v5] [INFO] 0号位打出['Straight', '6', ['H6', 'C7', 'C8', 'S9', 'DT']]， 最大动作为0号位打出的['Straight', '6', ['H6', 'C7', 'C8', 'S9', 'DT']]
[23:20:50] [yf2_v5] [INFO] 1号位打出['Straight', 'T', ['CT', 'SJ', 'SQ', 'SK', 'HA']]， 最大动作为1号位打出的['Straight', 'T', ['CT', 'SJ', 'SQ', 'SK', 'HA']]
[23:20:50] [yf2_v5] [INFO] 2号位打出['PASS', 'PASS', 'PASS']， 最大动作为1号位打出的['Straight', 'T', ['CT', 'SJ', 'SQ', 'SK', 'HA']]
[23:20:50] [YFAdapter-P2] [INFO] [YF-P2] Decision context: myPos=2, curPos=2, greaterPos=1, teammate=0, curAction=[, actionList_size=1
[23:20:50] [YFAdapter-P2] [INFO] [YF-P2] Decided: action_index=0, action=['PASS', 'PASS', 'PASS']
[23:20:50] [yf2_v5] [INFO] 3号位打出['PASS', 'PASS', 'PASS']， 最大动作为1号位打出的['Straight', 'T', ['CT', 'SJ', 'SQ', 'SK', 'HA']]
[23:20:50] [yf2_v5] [INFO] 0号位打出['Bomb', 'K', ['SK', 'HK', 'HK', 'CK', 'DK']]， 最大动作为0号位打出的['Bomb', 'K', ['SK', 'HK', 'HK', 'CK', 'DK']]
[23:20:50] [yf2_v5] [INFO] 1号位打出['PASS', 'PASS', 'PASS']， 最大动作为0号位打出的['Bomb', 'K', ['SK', 'HK', 'HK', 'CK', 'DK']]
[23:20:50] [yf2_v5] [INFO] 2号位打出['PASS', 'PASS', 'PASS']， 最大动作为0号位打出的['Bomb', 'K', ['SK', 'HK', 'HK', 'CK', 'DK']]
[23:20:50] [YFAdapter-P2] [INFO] [YF-P2] Decision context: myPos=2, curPos=2, greaterPos=0, teammate=0, curAction=[, actionList_size=1
[23:20:50] [YFAdapter-P2] [INFO] [YF-P2] Decided: action_index=0, action=['PASS', 'PASS', 'PASS']
[23:20:50] [yf2_v5] [INFO] 3号位打出['PASS', 'PASS', 'PASS']， 最大动作为0号位打出的['Bomb', 'K', ['SK', 'HK', 'HK', 'CK', 'DK']]
[23:20:50] [yf2_v5] [INFO] 0号位打出['Pair', '4', ['S4', 'C4']]， 最大动作为0号位打出的['Pair', '4', ['S4', 'C4']]
[23:20:50] [yf2_v5] [INFO] 1号位打出['Pair', '6', ['H6', 'D6']]， 最大动作为1号位打出的['Pair', '6', ['H6', 'D6']]
[23:20:50] [yf2_v5] [INFO] 2号位打出['Pair', 'T', ['CT', 'DT']]， 最大动作为2号位打出的['Pair', 'T', ['CT', 'DT']]
[23:20:50] [YFAdapter-P2] [INFO] [YF-P2] Decision context: myPos=2, curPos=2, greaterPos=2, teammate=0, curAction=[, actionList_size=3
[23:20:50] [YFAdapter-P2] [INFO] [YF-P2] Decided: action_index=0, action=['PASS', 'PASS', 'PASS']
[23:20:50] [yf2_v5] [INFO] 3号位打出['Pair', 'J', ['CJ', 'DJ']]， 最大动作为3号位打出的['Pair', 'J', ['CJ', 'DJ']]
[23:20:50] [yf2_v5] [INFO] 0号位打出['Pair', 'A', ['SA', 'DA']]， 最大动作为0号位打出的['Pair', 'A', ['SA', 'DA']]
[23:20:50] [yf2_v5] [INFO] 1号位打出['PASS', 'PASS', 'PASS']， 最大动作为0号位打出的['Pair', 'A', ['SA', 'DA']]
[23:20:50] [yf2_v5] [INFO] 2号位打出['PASS', 'PASS', 'PASS']， 最大动作为0号位打出的['Pair', 'A', ['SA', 'DA']]
[23:20:50] [YFAdapter-P2] [INFO] [YF-P2] Decision context: myPos=2, curPos=2, greaterPos=0, teammate=0, curAction=[, actionList_size=1
[23:20:50] [YFAdapter-P2] [INFO] [YF-P2] Decided: action_index=0, action=['PASS', 'PASS', 'PASS']
[23:20:50] [yf2_v5] [INFO] 3号位打出['PASS', 'PASS', 'PASS']， 最大动作为0号位打出的['Pair', 'A', ['SA', 'DA']]
[23:20:50] [yf2_v5] [INFO] 0号位打出['Pair', '9', ['C9', 'D9']]， 最大动作为0号位打出的['Pair', '9', ['C9', 'D9']]
[23:20:50] [yf2_v5] [INFO] 1号位打出['PASS', 'PASS', 'PASS']， 最大动作为0号位打出的['Pair', '9', ['C9', 'D9']]
[23:20:50] [yf2_v5] [INFO] 2号位打出['PASS', 'PASS', 'PASS']， 最大动作为0号位打出的['Pair', '9', ['C9', 'D9']]
[23:20:50] [YFAdapter-P2] [INFO] [YF-P2] Decision context: myPos=2, curPos=2, greaterPos=0, teammate=0, curAction=[, actionList_size=2
[23:20:50] [YFAdapter-P2] [INFO] [YF-P2] Decided: action_index=0, action=['PASS', 'PASS', 'PASS']
[23:20:50] [yf2_v5] [INFO] 3号位打出['Pair', 'K', ['CK', 'DK']]， 最大动作为3号位打出的['Pair', 'K', ['CK', 'DK']]
[23:20:50] [yf2_v5] [INFO] 0号位打出['PASS', 'PASS', 'PASS']， 最大动作为3号位打出的['Pair', 'K', ['CK', 'DK']]
[23:20:50] [yf2_v5] [INFO] 1号位打出['PASS', 'PASS', 'PASS']， 最大动作为3号位打出的['Pair', 'K', ['CK', 'DK']]
[23:20:50] [yf2_v5] [INFO] 2号位打出['PASS', 'PASS', 'PASS']， 最大动作为3号位打出的['Pair', 'K', ['CK', 'DK']]
[23:20:50] [YFAdapter-P2] [INFO] [YF-P2] Decision context: myPos=2, curPos=-1, greaterPos=-1, teammate=0, curAction=[, actionList_size=16
[23:20:50] [YFAdapter-P2] [INFO] [YF-P2] Decided: action_index=4, action=['Single', '7', [['D', '7']]]
[23:20:50] [yf2_v5] [INFO] 3号位打出['Single', '7', ['D7']]， 最大动作为3号位打出的['Single', '7', ['D7']]
[23:20:50] [yf2_v5] [INFO] 0号位打出['Single', '2', ['D2']]， 最大动作为0号位打出的['Single', '2', ['D2']]
[23:20:50] [yf2_v5] [INFO] 1号位打出['Single', 'B', ['SB']]， 最大动作为1号位打出的['Single', 'B', ['SB']]
[23:20:50] [yf2_v5] [INFO] 2号位打出['PASS', 'PASS', 'PASS']， 最大动作为1号位打出的['Single', 'B', ['SB']]
[23:20:50] [YFAdapter-P2] [INFO] [YF-P2] Decision context: myPos=2, curPos=2, greaterPos=1, teammate=0, curAction=[, actionList_size=1
[23:20:50] [YFAdapter-P2] [INFO] [YF-P2] Decided: action_index=0, action=['PASS', 'PASS', 'PASS']
[23:20:50] [yf2_v5] [INFO] 3号位打出['PASS', 'PASS', 'PASS']， 最大动作为1号位打出的['Single', 'B', ['SB']]
[23:20:50] [yf2_v5] [INFO] 1号位打出['Single', '6', ['C6']]， 最大动作为1号位打出的['Single', '6', ['C6']]
[23:20:50] [yf2_v5] [INFO] 2号位打出['Single', '9', ['C9']]， 最大动作为2号位打出的['Single', '9', ['C9']]
[23:20:50] [YFAdapter-P2] [INFO] [YF-P2] Decision context: myPos=2, curPos=2, greaterPos=2, teammate=0, curAction=[, actionList_size=3
[23:20:50] [YFAdapter-P2] [INFO] [YF-P2] Decided: action_index=0, action=['PASS', 'PASS', 'PASS']
[23:20:50] [yf2_v5] [INFO] 3号位打出['Single', 'A', ['HA']]， 最大动作为3号位打出的['Single', 'A', ['HA']]
[23:20:50] [yf2_v5] [INFO] 1号位打出['PASS', 'PASS', 'PASS']， 最大动作为3号位打出的['Single', 'A', ['HA']]
[23:20:50] [yf2_v5] [INFO] 2号位打出['PASS', 'PASS', 'PASS']， 最大动作为3号位打出的['Single', 'A', ['HA']]
[23:20:50] [YFAdapter-P2] [INFO] [YF-P2] Decision context: myPos=2, curPos=-1, greaterPos=-1, teammate=0, curAction=[, actionList_size=14
[23:20:50] [YFAdapter-P2] [INFO] [YF-P2] Decided: action_index=10, action=['Pair', '9', [['H', '9'], ['D', '9']]]
[23:20:50] [yf2_v5] [INFO] 3号位打出['Pair', '9', ['H9', 'D9']]， 最大动作为3号位打出的['Pair', '9', ['H9', 'D9']]
[23:20:50] [yf2_v5] [INFO] 1号位打出['PASS', 'PASS', 'PASS']， 最大动作为3号位打出的['Pair', '9', ['H9', 'D9']]
[23:20:50] [yf2_v5] [INFO] 2号位打出['PASS', 'PASS', 'PASS']， 最大动作为3号位打出的['Pair', '9', ['H9', 'D9']]
[23:20:50] [YFAdapter-P2] [INFO] [YF-P2] Decision context: myPos=2, curPos=-1, greaterPos=-1, teammate=0, curAction=[, actionList_size=10
[23:20:50] [YFAdapter-P2] [INFO] [YF-P2] Decided: action_index=9, action=['ThreeWithTwo', '5', [['S', '5'], ['H', '5'], ['H', '5'], ['H', '4'], ['D', '4']]]
[23:20:50] [yf2_v5] [INFO] 3号位打出['ThreeWithTwo', '5', ['S5', 'H5', 'H5', 'H4', 'D4']]， 最大动作为3号位打出的['ThreeWithTwo', '5', ['S5', 'H5', 'H5', 'H4', 'D4']]
[23:20:50] [yf2_v5] [INFO] 1号位打出['PASS', 'PASS', 'PASS']， 最大动作为3号位打出的['ThreeWithTwo', '5', ['S5', 'H5', 'H5', 'H4', 'D4']]
[23:20:50] [yf2_v5] [INFO] 2号位打出['ThreeWithTwo', 'A', ['SA', 'CA', 'DA', 'C6', 'D6']]， 最大动作为2号位打出的['ThreeWithTwo', 'A', ['SA', 'CA', 'DA', 'C6', 'D6']]
[23:20:50] [YFAdapter-P2] [INFO] [YF-P2] Decision context: myPos=2, curPos=2, greaterPos=2, teammate=0, curAction=[, actionList_size=1
[23:20:50] [YFAdapter-P2] [INFO] [YF-P2] Decided: action_index=0, action=['PASS', 'PASS', 'PASS']
[23:20:50] [yf2_v5] [INFO] 3号位打出['PASS', 'PASS', 'PASS']， 最大动作为2号位打出的['ThreeWithTwo', 'A', ['SA', 'CA', 'DA', 'C6', 'D6']]
[23:20:50] [yf2_v5] [INFO] 1号位打出['PASS', 'PASS', 'PASS']， 最大动作为2号位打出的['ThreeWithTwo', 'A', ['SA', 'CA', 'DA', 'C6', 'D6']]
[23:20:50] [yf2_v5] [INFO] 2号位打出['Trips', 'Q', ['HQ', 'HQ', 'DQ']]， 最大动作为2号位打出的['Trips', 'Q', ['HQ', 'HQ', 'DQ']]
[23:20:50] [yf2_v5] [INFO] 游戏开始, 我是3号位，手牌：['S2', 'S2', 'C2', 'S3', 'H3', 'H3', 'H4', 'D4', 'D6', 'S7', 'H7', 'S8', 'S8', 'H8', 'H9', 'H9', 'C9', 'C9', 'DT', 'SJ', 'HJ', 'CJ', 'CQ', 'SK', 'CK', 'D5', 'D5']
[23:20:50] [YFAdapter-P2] [INFO] [YF-P2] Decision context: myPos=2, curPos=-1, greaterPos=-1, teammate=0, curAction=[, actionList_size=1
[23:20:50] [YFAdapter-P2] [INFO] [YF-P2] Decided: action_index=0, action=['tribute', 'tribute', [['D', '5']]]
[23:20:50] [yf2_v5] [INFO] 1号位打出['Single', '3', ['D3']]， 最大动作为1号位打出的['Single', '3', ['D3']]
[23:20:50] [yf2_v5] [INFO] 2号位打出['Single', '6', ['S6']]， 最大动作为2号位打出的['Single', '6', ['S6']]
[23:20:50] [YFAdapter-P2] [INFO] [YF-P2] Decision context: myPos=2, curPos=2, greaterPos=2, teammate=0, curAction=[, actionList_size=20
[23:20:50] [YFAdapter-P2] [INFO] [YF-P2] Decided: action_index=3, action=['Single', '8', [['S', '8']]]
[23:20:50] [yf2_v5] [INFO] 3号位打出['Single', '8', ['S8']]， 最大动作为3号位打出的['Single', '8', ['S8']]
[23:20:50] [yf2_v5] [INFO] 0号位打出['Single', '5', ['S5']]， 最大动作为0号位打出的['Single', '5', ['S5']]
[23:20:50] [yf2_v5] [INFO] 1号位打出['Bomb', '7', ['S7', 'C7', 'C7', 'D7']]， 最大动作为1号位打出的['Bomb', '7', ['S7', 'C7', 'C7', 'D7']]
[23:20:50] [yf2_v5] [INFO] 2号位打出['PASS', 'PASS', 'PASS']， 最大动作为1号位打出的['Bomb', '7', ['S7', 'C7', 'C7', 'D7']]
[23:20:50] [YFAdapter-P2] [INFO] [YF-P2] Decision context: myPos=2, curPos=2, greaterPos=1, teammate=0, curAction=[, actionList_size=5
[23:20:50] [YFAdapter-P2] [INFO] [YF-P2] Decided: action_index=0, action=['PASS', 'PASS', 'PASS']
[23:20:50] [yf2_v5] [INFO] 3号位打出['Bomb', '9', ['H9', 'H9', 'C9', 'D9']]， 最大动作为3号位打出的['Bomb', '9', ['H9', 'H9', 'C9', 'D9']]
[23:20:50] [yf2_v5] [INFO] 0号位打出['PASS', 'PASS', 'PASS']， 最大动作为3号位打出的['Bomb', '9', ['H9', 'H9', 'C9', 'D9']]
[23:20:50] [yf2_v5] [INFO] 1号位打出['Bomb', 'A', ['SA', 'HA', 'HA', 'DA']]， 最大动作为1号位打出的['Bomb', 'A', ['SA', 'HA', 'HA', 'DA']]
[23:20:50] [yf2_v5] [INFO] 2号位打出['PASS', 'PASS', 'PASS']， 最大动作为1号位打出的['Bomb', 'A', ['SA', 'HA', 'HA', 'DA']]
[23:20:50] [YFAdapter-P2] [INFO] [YF-P2] Decision context: myPos=2, curPos=2, greaterPos=1, teammate=0, curAction=[, actionList_size=1
[23:20:50] [YFAdapter-P2] [INFO] [YF-P2] Decided: action_index=0, action=['PASS', 'PASS', 'PASS']
[23:20:50] [yf2_v5] [INFO] 3号位打出['PASS', 'PASS', 'PASS']， 最大动作为1号位打出的['Bomb', 'A', ['SA', 'HA', 'HA', 'DA']]
[23:20:50] [yf2_v5] [INFO] 0号位打出['PASS', 'PASS', 'PASS']， 最大动作为1号位打出的['Bomb', 'A', ['SA', 'HA', 'HA', 'DA']]
[23:20:50] [yf2_v5] [INFO] 1号位打出['ThreeWithTwo', '2', ['H2', 'C2', 'D2', 'C8', 'D8']]， 最大动作为1号位打出的['ThreeWithTwo', '2', ['H2', 'C2', 'D2', 'C8', 'D8']]
[23:20:50] [yf2_v5] [INFO] 2号位打出['ThreeWithTwo', '3', ['S3', 'C3', 'H5', 'H2', 'D2']]， 最大动作为2号位打出的['ThreeWithTwo', '3', ['S3', 'C3', 'H5', 'H2', 'D2']]
[23:20:50] [YFAdapter-P2] [INFO] [YF-P2] Decision context: myPos=2, curPos=2, greaterPos=2, teammate=0, curAction=[, actionList_size=9
[23:20:50] [YFAdapter-P2] [INFO] [YF-P2] Decided: action_index=1, action=['ThreeWithTwo', 'J', [['S', 'J'], ['H', 'J'], ['C', 'J'], ['S', '2'], ['C', '2']]]
[23:20:50] [yf2_v5] [INFO] 3号位打出['ThreeWithTwo', 'J', ['SJ', 'HJ', 'CJ', 'S2', 'C2']]， 最大动作为3号位打出的['ThreeWithTwo', 'J', ['SJ', 'HJ', 'CJ', 'S2', 'C2']]
[23:20:50] [yf2_v5] [INFO] 0号位打出['ThreeWithTwo', 'A', ['CA', 'CA', 'H5', 'H6', 'C6']]， 最大动作为0号位打出的['ThreeWithTwo', 'A', ['CA', 'CA', 'H5', 'H6', 'C6']]
[23:20:50] [yf2_v5] [INFO] 1号位打出['Bomb', '6', ['S6', 'H6', 'C6', 'D6']]， 最大动作为1号位打出的['Bomb', '6', ['S6', 'H6', 'C6', 'D6']]
[23:20:50] [yf2_v5] [INFO] 2号位打出['Bomb', 'T', ['ST', 'HT', 'HT', 'CT']]， 最大动作为2号位打出的['Bomb', 'T', ['ST', 'HT', 'HT', 'CT']]
[23:20:50] [YFAdapter-P2] [INFO] [YF-P2] Decision context: myPos=2, curPos=2, greaterPos=2, teammate=0, curAction=[, actionList_size=1
[23:20:50] [YFAdapter-P2] [INFO] [YF-P2] Decided: action_index=0, action=['PASS', 'PASS', 'PASS']
[23:20:50] [yf2_v5] [INFO] 3号位打出['PASS', 'PASS', 'PASS']， 最大动作为2号位打出的['Bomb', 'T', ['ST', 'HT', 'HT', 'CT']]
[23:20:50] [yf2_v5] [INFO] 0号位打出['PASS', 'PASS', 'PASS']， 最大动作为2号位打出的['Bomb', 'T', ['ST', 'HT', 'HT', 'CT']]
[23:20:50] [yf2_v5] [INFO] 1号位打出['PASS', 'PASS', 'PASS']， 最大动作为2号位打出的['Bomb', 'T', ['ST', 'HT', 'HT', 'CT']]
[23:20:50] [yf2_v5] [INFO] 2号位打出['Single', '3', ['D3']]， 最大动作为2号位打出的['Single', '3', ['D3']]
[23:20:50] [YFAdapter-P2] [INFO] [YF-P2] Decision context: myPos=2, curPos=2, greaterPos=2, teammate=0, curAction=[, actionList_size=14
[23:20:50] [YFAdapter-P2] [INFO] [YF-P2] Decided: action_index=0, action=['PASS', 'PASS', 'PASS']
[23:20:50] [yf2_v5] [INFO] 3号位打出['Single', 'Q', ['CQ']]， 最大动作为3号位打出的['Single', 'Q', ['CQ']]
[23:20:50] [yf2_v5] [INFO] 0号位打出['Single', 'A', ['DA']]， 最大动作为0号位打出的['Single', 'A', ['DA']]
[23:20:50] [yf2_v5] [INFO] 1号位打出['Single', '5', ['C5']]， 最大动作为1号位打出的['Single', '5', ['C5']]
[23:20:50] [yf2_v5] [INFO] 2号位打出['Single', 'B', ['SB']]， 最大动作为2号位打出的['Single', 'B', ['SB']]
[23:20:50] [YFAdapter-P2] [INFO] [YF-P2] Decision context: myPos=2, curPos=2, greaterPos=2, teammate=0, curAction=[, actionList_size=1
[23:20:50] [YFAdapter-P2] [INFO] [YF-P2] Decided: action_index=0, action=['PASS', 'PASS', 'PASS']
[23:20:50] [yf2_v5] [INFO] 3号位打出['PASS', 'PASS', 'PASS']， 最大动作为2号位打出的['Single', 'B', ['SB']]
[23:20:50] [yf2_v5] [INFO] 0号位打出['PASS', 'PASS', 'PASS']， 最大动作为2号位打出的['Single', 'B', ['SB']]
[23:20:51] [yf2_v5] [INFO] 1号位打出['PASS', 'PASS', 'PASS']， 最大动作为2号位打出的['Single', 'B', ['SB']]
[23:20:51] [yf2_v5] [INFO] 2号位打出['Single', '7', ['D7']]， 最大动作为2号位打出的['Single', '7', ['D7']]
[23:20:51] [YFAdapter-P2] [INFO] [YF-P2] Decision context: myPos=2, curPos=2, greaterPos=2, teammate=0, curAction=[, actionList_size=8
[23:20:51] [YFAdapter-P2] [INFO] [YF-P2] Decided: action_index=6, action=['Single', 'K', [['C', 'K']]]
[23:20:51] [yf2_v5] [INFO] 3号位打出['Single', 'K', ['CK']]， 最大动作为3号位打出的['Single', 'K', ['CK']]
[23:20:51] [yf2_v5] [INFO] 0号位打出['Single', '5', ['C5']]， 最大动作为0号位打出的['Single', '5', ['C5']]
[23:20:51] [yf2_v5] [INFO] 1号位打出['PASS', 'PASS', 'PASS']， 最大动作为0号位打出的['Single', '5', ['C5']]
[23:20:51] [yf2_v5] [INFO] 2号位打出['PASS', 'PASS', 'PASS']， 最大动作为0号位打出的['Single', '5', ['C5']]
[23:20:51] [YFAdapter-P2] [INFO] [YF-P2] Decision context: myPos=2, curPos=2, greaterPos=0, teammate=0, curAction=[, actionList_size=1
[23:20:51] [YFAdapter-P2] [INFO] [YF-P2] Decided: action_index=0, action=['PASS', 'PASS', 'PASS']
[23:20:51] [yf2_v5] [INFO] 3号位打出['PASS', 'PASS', 'PASS']， 最大动作为0号位打出的['Single', '5', ['C5']]
[23:20:51] [yf2_v5] [INFO] 0号位打出['Single', '3', ['C3']]， 最大动作为0号位打出的['Single', '3', ['C3']]
[23:20:51] [yf2_v5] [INFO] 1号位打出['Single', '4', ['C4']]， 最大动作为1号位打出的['Single', '4', ['C4']]
[23:20:51] [yf2_v5] [INFO] 2号位打出['Single', 'A', ['SA']]， 最大动作为2号位打出的['Single', 'A', ['SA']]
[23:20:51] [YFAdapter-P2] [INFO] [YF-P2] Decision context: myPos=2, curPos=2, greaterPos=2, teammate=0, curAction=[, actionList_size=2
[23:20:51] [YFAdapter-P2] [INFO] [YF-P2] Decided: action_index=1, action=['Single', '5', [['D', '5']]]
[23:20:51] [yf2_v5] [INFO] 3号位打出['Single', '5', ['D5']]， 最大动作为3号位打出的['Single', '5', ['D5']]
[23:20:51] [yf2_v5] [INFO] 0号位打出['Single', 'B', ['SB']]， 最大动作为0号位打出的['Single', 'B', ['SB']]
[23:20:51] [yf2_v5] [INFO] 1号位打出['PASS', 'PASS', 'PASS']， 最大动作为0号位打出的['Single', 'B', ['SB']]
[23:20:51] [yf2_v5] [INFO] 2号位打出['PASS', 'PASS', 'PASS']， 最大动作为0号位打出的['Single', 'B', ['SB']]
[23:20:51] [YFAdapter-P2] [INFO] [YF-P2] Decision context: myPos=2, curPos=2, greaterPos=0, teammate=0, curAction=[, actionList_size=1
[23:20:51] [YFAdapter-P2] [INFO] [YF-P2] Decided: action_index=0, action=['PASS', 'PASS', 'PASS']
[23:20:51] [yf2_v5] [INFO] 3号位打出['PASS', 'PASS', 'PASS']， 最大动作为0号位打出的['Single', 'B', ['SB']]
[23:20:51] [yf2_v5] [INFO] 0号位打出['Single', '7', ['H7']]， 最大动作为0号位打出的['Single', '7', ['H7']]
[23:20:51] [yf2_v5] [INFO] 1号位打出['Single', 'Q', ['DQ']]， 最大动作为1号位打出的['Single', 'Q', ['DQ']]
[23:20:51] [yf2_v5] [INFO] 2号位打出['Single', '5', ['S5']]， 最大动作为2号位打出的['Single', '5', ['S5']]
[23:20:51] [YFAdapter-P2] [INFO] [YF-P2] Decision context: myPos=2, curPos=2, greaterPos=2, teammate=0, curAction=[, actionList_size=1
[23:20:51] [YFAdapter-P2] [INFO] [YF-P2] Decided: action_index=0, action=['PASS', 'PASS', 'PASS']
[23:20:51] [yf2_v5] [INFO] 3号位打出['PASS', 'PASS', 'PASS']， 最大动作为2号位打出的['Single', '5', ['S5']]
[23:20:51] [yf2_v5] [INFO] 0号位打出['PASS', 'PASS', 'PASS']， 最大动作为2号位打出的['Single', '5', ['S5']]
[23:20:51] [yf2_v5] [INFO] 1号位打出['PASS', 'PASS', 'PASS']， 最大动作为2号位打出的['Single', '5', ['S5']]
[23:20:51] [yf2_v5] [INFO] 2号位打出['ThreeWithTwo', '8', ['H8', 'C8', 'D8', 'SJ', 'DJ']]， 最大动作为2号位打出的['ThreeWithTwo', '8', ['H8', 'C8', 'D8', 'SJ', 'DJ']]
[23:20:51] [YFAdapter-P2] [INFO] [YF-P2] Decision context: myPos=2, curPos=2, greaterPos=2, teammate=0, curAction=[, actionList_size=1
[23:20:51] [YFAdapter-P2] [INFO] [YF-P2] Decided: action_index=0, action=['PASS', 'PASS', 'PASS']
[23:20:51] [yf2_v5] [INFO] 3号位打出['PASS', 'PASS', 'PASS']， 最大动作为2号位打出的['ThreeWithTwo', '8', ['H8', 'C8', 'D8', 'SJ', 'DJ']]
[23:20:51] [yf2_v5] [INFO] 0号位打出['ThreeWithTwo', 'J', ['HJ', 'CJ', 'DJ', 'S9', 'S9']]， 最大动作为0号位打出的['ThreeWithTwo', 'J', ['HJ', 'CJ', 'DJ', 'S9', 'S9']]
[23:20:51] [yf2_v5] [INFO] 1号位打出['PASS', 'PASS', 'PASS']， 最大动作为0号位打出的['ThreeWithTwo', 'J', ['HJ', 'CJ', 'DJ', 'S9', 'S9']]
[23:20:51] [yf2_v5] [INFO] 2号位打出['PASS', 'PASS', 'PASS']， 最大动作为0号位打出的['ThreeWithTwo', 'J', ['HJ', 'CJ', 'DJ', 'S9', 'S9']]
[23:20:51] [YFAdapter-P2] [INFO] [YF-P2] Decision context: myPos=2, curPos=2, greaterPos=0, teammate=0, curAction=[, actionList_size=1
[23:20:51] [YFAdapter-P2] [INFO] [YF-P2] Decided: action_index=0, action=['PASS', 'PASS', 'PASS']
[23:20:51] [yf2_v5] [INFO] 3号位打出['PASS', 'PASS', 'PASS']， 最大动作为0号位打出的['ThreeWithTwo', 'J', ['HJ', 'CJ', 'DJ', 'S9', 'S9']]
[23:20:51] [yf2_v5] [INFO] 0号位打出['ThreeWithTwo', '4', ['S4', 'C4', 'D4', 'SQ', 'CQ']]， 最大动作为0号位打出的['ThreeWithTwo', '4', ['S4', 'C4', 'D4', 'SQ', 'CQ']]
[23:20:51] [yf2_v5] [INFO] 1号位打出['PASS', 'PASS', 'PASS']， 最大动作为0号位打出的['ThreeWithTwo', '4', ['S4', 'C4', 'D4', 'SQ', 'CQ']]
[23:20:51] [yf2_v5] [INFO] 2号位打出['ThreeWithTwo', 'Q', ['SQ', 'HQ', 'HQ', 'SK', 'DK']]， 最大动作为2号位打出的['ThreeWithTwo', 'Q', ['SQ', 'HQ', 'HQ', 'SK', 'DK']]
[23:20:51] [YFAdapter-P2] [INFO] [YF-P2] Decision context: myPos=2, curPos=2, greaterPos=2, teammate=0, curAction=[, actionList_size=1
[23:20:51] [YFAdapter-P2] [INFO] [YF-P2] Decided: action_index=0, action=['PASS', 'PASS', 'PASS']
[23:20:51] [yf2_v5] [INFO] 3号位打出['PASS', 'PASS', 'PASS']， 最大动作为2号位打出的['ThreeWithTwo', 'Q', ['SQ', 'HQ', 'HQ', 'SK', 'DK']]
[23:20:51] [yf2_v5] [INFO] 0号位打出['PASS', 'PASS', 'PASS']， 最大动作为2号位打出的['ThreeWithTwo', 'Q', ['SQ', 'HQ', 'HQ', 'SK', 'DK']]
[23:20:51] [yf2_v5] [INFO] 1号位打出['PASS', 'PASS', 'PASS']， 最大动作为2号位打出的['ThreeWithTwo', 'Q', ['SQ', 'HQ', 'HQ', 'SK', 'DK']]
[23:20:51] [yf2_v5] [INFO] 2号位打出['Single', '5', ['D5']]， 最大动作为2号位打出的['Single', '5', ['D5']]
[23:20:51] [YFAdapter-P2] [INFO] [YF-P2] Decision context: myPos=2, curPos=2, greaterPos=2, teammate=0, curAction=[, actionList_size=1
[23:20:51] [YFAdapter-P2] [INFO] [YF-P2] Decided: action_index=0, action=['PASS', 'PASS', 'PASS']
[23:20:51] [yf2_v5] [INFO] 3号位打出['PASS', 'PASS', 'PASS']， 最大动作为2号位打出的['Single', '5', ['D5']]
[23:20:51] [yf2_v5] [INFO] 0号位打出['PASS', 'PASS', 'PASS']， 最大动作为2号位打出的['Single', '5', ['D5']]
[23:20:51] [yf2_v5] [INFO] 1号位打出['PASS', 'PASS', 'PASS']， 最大动作为2号位打出的['Single', '5', ['D5']]
[23:20:51] [yf2_v5] [INFO] 2号位打出['Single', 'R', ['HR']]， 最大动作为2号位打出的['Single', 'R', ['HR']]
[23:20:51] [YFAdapter-P2] [INFO] [YF-P2] Decision context: myPos=2, curPos=2, greaterPos=2, teammate=0, curAction=[, actionList_size=1
[23:20:51] [YFAdapter-P2] [INFO] [YF-P2] Decided: action_index=0, action=['PASS', 'PASS', 'PASS']
[23:20:51] [yf2_v5] [INFO] 3号位打出['PASS', 'PASS', 'PASS']， 最大动作为2号位打出的['Single', 'R', ['HR']]
[23:20:51] [yf2_v5] [INFO] 0号位打出['PASS', 'PASS', 'PASS']， 最大动作为2号位打出的['Single', 'R', ['HR']]
[23:20:51] [yf2_v5] [INFO] 0号位打出['ThreeWithTwo', 'T', ['ST', 'CT', 'DT', 'HK', 'HK']]， 最大动作为0号位打出的['ThreeWithTwo', 'T', ['ST', 'CT', 'DT', 'HK', 'HK']]
[23:20:51] [yf2_v5] [INFO] 1号位打出['PASS', 'PASS', 'PASS']， 最大动作为0号位打出的['ThreeWithTwo', 'T', ['ST', 'CT', 'DT', 'HK', 'HK']]
[23:20:51] [YFAdapter-P2] [INFO] [YF-P2] Decision context: myPos=2, curPos=1, greaterPos=0, teammate=0, curAction=[, actionList_size=1
[23:20:51] [YFAdapter-P2] [INFO] [YF-P2] Decided: action_index=0, action=['PASS', 'PASS', 'PASS']
[23:20:51] [yf2_v5] [INFO] 3号位打出['PASS', 'PASS', 'PASS']， 最大动作为0号位打出的['ThreeWithTwo', 'T', ['ST', 'CT', 'DT', 'HK', 'HK']]
[23:20:51] [yf2_v5] [INFO] 0号位打出['Single', 'R', ['HR']]， 最大动作为0号位打出的['Single', 'R', ['HR']]
[23:20:51] [yf2_v5] [INFO] 游戏开始, 我是3号位，手牌：['C2', 'D2', 'S3', 'S3', 'C3', 'D3', 'C4', 'S5', 'S5', 'H5', 'S6', 'S7', 'H7', 'C7', 'S9', 'ST', 'HT', 'HT', 'SQ', 'HQ', 'HK', 'HA', 'DA', 'DA', 'S8', 'H8', 'SB']
[23:20:51] [YFAdapter-P2] [INFO] [YF-P2] Decision context: myPos=2, curPos=-1, greaterPos=-1, teammate=0, curAction=[, actionList_size=1
[23:20:51] [YFAdapter-P2] [INFO] [YF-P2] Decided: action_index=0, action=['tribute', 'tribute', [['S', 'B']]]
[23:20:51] [yf2_v5] [INFO] 1号位打出['Single', '7', ['D7']]， 最大动作为1号位打出的['Single', '7', ['D7']]
[23:20:51] [yf2_v5] [INFO] 2号位打出['Single', '9', ['H9']]， 最大动作为2号位打出的['Single', '9', ['H9']]
[23:20:51] [YFAdapter-P2] [INFO] [YF-P2] Decision context: myPos=2, curPos=2, greaterPos=2, teammate=0, curAction=[, actionList_size=26
[23:20:51] [YFAdapter-P2] [INFO] [YF-P2] Decided: action_index=0, action=['PASS', 'PASS', 'PASS']
[23:20:51] [yf2_v5] [INFO] 3号位打出['PASS', 'PASS', 'PASS']， 最大动作为2号位打出的['Single', '9', ['H9']]
[23:20:51] [yf2_v5] [INFO] 0号位打出['Single', 'Q', ['DQ']]， 最大动作为0号位打出的['Single', 'Q', ['DQ']]
[23:20:51] [yf2_v5] [INFO] 1号位打出['Single', '8', ['D8']]， 最大动作为1号位打出的['Single', '8', ['D8']]
[23:20:51] [yf2_v5] [INFO] 2号位打出['Single', 'B', ['SB']]， 最大动作为2号位打出的['Single', 'B', ['SB']]
[23:20:51] [YFAdapter-P2] [INFO] [YF-P2] Decision context: myPos=2, curPos=2, greaterPos=2, teammate=0, curAction=[, actionList_size=17
[23:20:51] [YFAdapter-P2] [INFO] [YF-P2] Decided: action_index=8, action=['Bomb', '7', [['S', '7'], ['C', '7'], ['C', '7'], ['H', '8']]]
[23:20:51] [yf2_v5] [INFO] 3号位打出['Bomb', '7', ['S7', 'C7', 'C7', 'H8']]， 最大动作为3号位打出的['Bomb', '7', ['S7', 'C7', 'C7', 'H8']]
[23:20:51] [yf2_v5] [INFO] 0号位打出['PASS', 'PASS', 'PASS']， 最大动作为3号位打出的['Bomb', '7', ['S7', 'C7', 'C7', 'H8']]
[23:20:51] [yf2_v5] [INFO] 1号位打出['Bomb', 'J', ['SJ', 'SJ', 'HJ', 'DJ']]， 最大动作为1号位打出的['Bomb', 'J', ['SJ', 'SJ', 'HJ', 'DJ']]
[23:20:51] [yf2_v5] [INFO] 2号位打出['PASS', 'PASS', 'PASS']， 最大动作为1号位打出的['Bomb', 'J', ['SJ', 'SJ', 'HJ', 'DJ']]
[23:20:51] [YFAdapter-P2] [INFO] [YF-P2] Decision context: myPos=2, curPos=2, greaterPos=1, teammate=0, curAction=[, actionList_size=1
[23:20:51] [YFAdapter-P2] [INFO] [YF-P2] Decided: action_index=0, action=['PASS', 'PASS', 'PASS']
[23:20:51] [yf2_v5] [INFO] 3号位打出['PASS', 'PASS', 'PASS']， 最大动作为1号位打出的['Bomb', 'J', ['SJ', 'SJ', 'HJ', 'DJ']]
[23:20:51] [yf2_v5] [INFO] 0号位打出['PASS', 'PASS', 'PASS']， 最大动作为1号位打出的['Bomb', 'J', ['SJ', 'SJ', 'HJ', 'DJ']]
[23:20:51] [yf2_v5] [INFO] 1号位打出['Single', '2', ['S2']]， 最大动作为1号位打出的['Single', '2', ['S2']]
[23:20:51] [yf2_v5] [INFO] 2号位打出['Single', 'K', ['CK']]， 最大动作为2号位打出的['Single', 'K', ['CK']]
[23:20:51] [YFAdapter-P2] [INFO] [YF-P2] Decision context: myPos=2, curPos=2, greaterPos=2, teammate=0, curAction=[, actionList_size=5
[23:20:51] [YFAdapter-P2] [INFO] [YF-P2] Decided: action_index=3, action=['Single', '8', [['S', '8']]]
[23:20:51] [yf2_v5] [INFO] 3号位打出['Single', '8', ['S8']]， 最大动作为3号位打出的['Single', '8', ['S8']]
[23:20:51] [yf2_v5] [INFO] 0号位打出['Single', 'R', ['HR']]， 最大动作为0号位打出的['Single', 'R', ['HR']]
[23:20:51] [yf2_v5] [INFO] 1号位打出['PASS', 'PASS', 'PASS']， 最大动作为0号位打出的['Single', 'R', ['HR']]
[23:20:51] [yf2_v5] [INFO] 2号位打出['PASS', 'PASS', 'PASS']， 最大动作为0号位打出的['Single', 'R', ['HR']]
[23:20:51] [YFAdapter-P2] [INFO] [YF-P2] Decision context: myPos=2, curPos=2, greaterPos=0, teammate=0, curAction=[, actionList_size=2
[23:20:51] [YFAdapter-P2] [INFO] [YF-P2] Decided: action_index=0, action=['PASS', 'PASS', 'PASS']
[23:20:51] [yf2_v5] [INFO] 3号位打出['PASS', 'PASS', 'PASS']， 最大动作为0号位打出的['Single', 'R', ['HR']]
[23:20:51] [yf2_v5] [INFO] 0号位打出['Single', '2', ['H2']]， 最大动作为0号位打出的['Single', '2', ['H2']]
[23:20:51] [yf2_v5] [INFO] 1号位打出['Single', '4', ['H4']]， 最大动作为1号位打出的['Single', '4', ['H4']]
[23:20:51] [yf2_v5] [INFO] 2号位打出['Single', '8', ['H8']]， 最大动作为2号位打出的['Single', '8', ['H8']]
[23:20:51] [YFAdapter-P2] [INFO] [YF-P2] Decision context: myPos=2, curPos=2, greaterPos=2, teammate=0, curAction=[, actionList_size=2
[23:20:51] [YFAdapter-P2] [INFO] [YF-P2] Decided: action_index=1, action=['Bomb', '3', [['S', '3'], ['S', '3'], ['C', '3'], ['D', '3']]]
[23:20:51] [yf2_v5] [INFO] 3号位打出['Bomb', '3', ['S3', 'S3', 'C3', 'D3']]， 最大动作为3号位打出的['Bomb', '3', ['S3', 'S3', 'C3', 'D3']]
[23:20:51] [yf2_v5] [INFO] 0号位打出['PASS', 'PASS', 'PASS']， 最大动作为3号位打出的['Bomb', '3', ['S3', 'S3', 'C3', 'D3']]
[23:20:51] [yf2_v5] [INFO] 1号位打出['PASS', 'PASS', 'PASS']， 最大动作为3号位打出的['Bomb', '3', ['S3', 'S3', 'C3', 'D3']]
[23:20:51] [yf2_v5] [INFO] 2号位打出['Bomb', 'Q', ['SQ', 'HQ', 'CQ', 'DQ']]， 最大动作为2号位打出的['Bomb', 'Q', ['SQ', 'HQ', 'CQ', 'DQ']]
[23:20:51] [YFAdapter-P2] [INFO] [YF-P2] Decision context: myPos=2, curPos=2, greaterPos=2, teammate=0, curAction=[, actionList_size=1
[23:20:51] [YFAdapter-P2] [INFO] [YF-P2] Decided: action_index=0, action=['PASS', 'PASS', 'PASS']
[23:20:51] [yf2_v5] [INFO] 3号位打出['PASS', 'PASS', 'PASS']， 最大动作为2号位打出的['Bomb', 'Q', ['SQ', 'HQ', 'CQ', 'DQ']]
[23:20:51] [yf2_v5] [INFO] 0号位打出['PASS', 'PASS', 'PASS']， 最大动作为2号位打出的['Bomb', 'Q', ['SQ', 'HQ', 'CQ', 'DQ']]
[23:20:51] [yf2_v5] [INFO] 1号位打出['PASS', 'PASS', 'PASS']， 最大动作为2号位打出的['Bomb', 'Q', ['SQ', 'HQ', 'CQ', 'DQ']]
[23:20:51] [yf2_v5] [INFO] 2号位打出['ThreePair', '4', ['S4', 'C4', 'H5', 'C5', 'H6', 'D6']]， 最大动作为2号位打出的['ThreePair', '4', ['S4', 'C4', 'H5', 'C5', 'H6', 'D6']]
[23:20:51] [YFAdapter-P2] [INFO] [YF-P2] Decision context: myPos=2, curPos=2, greaterPos=2, teammate=0, curAction=[, actionList_size=1
[23:20:51] [YFAdapter-P2] [INFO] [YF-P2] Decided: action_index=0, action=['PASS', 'PASS', 'PASS']
[23:20:51] [yf2_v5] [INFO] 3号位打出['PASS', 'PASS', 'PASS']， 最大动作为2号位打出的['ThreePair', '4', ['S4', 'C4', 'H5', 'C5', 'H6', 'D6']]
[23:20:51] [yf2_v5] [INFO] 0号位打出['PASS', 'PASS', 'PASS']， 最大动作为2号位打出的['ThreePair', '4', ['S4', 'C4', 'H5', 'C5', 'H6', 'D6']]
[23:20:51] [yf2_v5] [INFO] 1号位打出['PASS', 'PASS', 'PASS']， 最大动作为2号位打出的['ThreePair', '4', ['S4', 'C4', 'H5', 'C5', 'H6', 'D6']]
[23:20:51] [yf2_v5] [INFO] 2号位打出['Pair', 'T', ['ST', 'CT']]， 最大动作为2号位打出的['Pair', 'T', ['ST', 'CT']]
[23:20:51] [YFAdapter-P2] [INFO] [YF-P2] Decision context: myPos=2, curPos=2, greaterPos=2, teammate=0, curAction=[, actionList_size=4
[23:20:51] [YFAdapter-P2] [INFO] [YF-P2] Decided: action_index=3, action=['Pair', 'A', [['D', 'A'], ['D', 'A']]]
[23:20:51] [yf2_v5] [INFO] 3号位打出['Pair', 'A', ['DA', 'DA']]， 最大动作为3号位打出的['Pair', 'A', ['DA', 'DA']]
[23:20:51] [yf2_v5] [INFO] 0号位打出['PASS', 'PASS', 'PASS']， 最大动作为3号位打出的['Pair', 'A', ['DA', 'DA']]
[23:20:51] [yf2_v5] [INFO] 1号位打出['PASS', 'PASS', 'PASS']， 最大动作为3号位打出的['Pair', 'A', ['DA', 'DA']]
[23:20:51] [yf2_v5] [INFO] 2号位打出['Pair', '8', ['C8', 'D8']]， 最大动作为2号位打出的['Pair', '8', ['C8', 'D8']]
[23:20:51] [YFAdapter-P2] [INFO] [YF-P2] Decision context: myPos=2, curPos=2, greaterPos=2, teammate=0, curAction=[, actionList_size=1
[23:20:51] [YFAdapter-P2] [INFO] [YF-P2] Decided: action_index=0, action=['PASS', 'PASS', 'PASS']
[23:20:51] [yf2_v5] [INFO] 3号位打出['PASS', 'PASS', 'PASS']， 最大动作为2号位打出的['Pair', '8', ['C8', 'D8']]
[23:20:51] [yf2_v5] [INFO] 0号位打出['PASS', 'PASS', 'PASS']， 最大动作为2号位打出的['Pair', '8', ['C8', 'D8']]
[23:20:51] [yf2_v5] [INFO] 1号位打出['PASS', 'PASS', 'PASS']， 最大动作为2号位打出的['Pair', '8', ['C8', 'D8']]
[23:20:51] [yf2_v5] [INFO] 2号位打出['ThreeWithTwo', '3', ['H3', 'C3', 'D3', 'S2', 'C2']]， 最大动作为2号位打出的['ThreeWithTwo', '3', ['H3', 'C3', 'D3', 'S2', 'C2']]
[23:20:51] [YFAdapter-P2] [INFO] [YF-P2] Decision context: myPos=2, curPos=2, greaterPos=2, teammate=0, curAction=[, actionList_size=9
[23:20:51] [YFAdapter-P2] [INFO] [YF-P2] Decided: action_index=3, action=['ThreeWithTwo', '5', [['S', '5'], ['S', '5'], ['H', '5'], ['H', 'T'], ['H', 'T']]]
[23:20:51] [yf2_v5] [INFO] 3号位打出['PASS', 'PASS', 'PASS']， 最大动作为2号位打出的['ThreeWithTwo', '3', ['H3', 'C3', 'D3', 'S2', 'C2']]
[23:20:51] [yf2_v5] [INFO] 0号位打出['ThreeWithTwo', '6', ['S6', 'H6', 'C6', 'H2', 'D2']]， 最大动作为0号位打出的['ThreeWithTwo', '6', ['S6', 'H6', 'C6', 'H2', 'D2']]
[23:20:51] [yf2_v5] [INFO] 1号位打出['ThreeWithTwo', 'K', ['SK', 'DK', 'DK', 'DT', 'DT']]， 最大动作为1号位打出的['ThreeWithTwo', 'K', ['SK', 'DK', 'DK', 'DT', 'DT']]
[23:20:51] [yf2_v5] [INFO] 2号位打出['PASS', 'PASS', 'PASS']， 最大动作为1号位打出的['ThreeWithTwo', 'K', ['SK', 'DK', 'DK', 'DT', 'DT']]
[23:20:51] [YFAdapter-P2] [INFO] [YF-P2] Decision context: myPos=2, curPos=2, greaterPos=1, teammate=0, curAction=[, actionList_size=1
[23:20:51] [YFAdapter-P2] [INFO] [YF-P2] Decided: action_index=0, action=['PASS', 'PASS', 'PASS']
[23:20:51] [yf2_v5] [INFO] 3号位打出['PASS', 'PASS', 'PASS']， 最大动作为1号位打出的['ThreeWithTwo', 'K', ['SK', 'DK', 'DK', 'DT', 'DT']]
[23:20:51] [yf2_v5] [INFO] 0号位打出['PASS', 'PASS', 'PASS']， 最大动作为1号位打出的['ThreeWithTwo', 'K', ['SK', 'DK', 'DK', 'DT', 'DT']]
[23:20:51] [yf2_v5] [INFO] 1号位打出['Single', '3', ['H3']]， 最大动作为1号位打出的['Single', '3', ['H3']]
[23:20:51] [yf2_v5] [INFO] 2号位打出['PASS', 'PASS', 'PASS']， 最大动作为1号位打出的['Single', '3', ['H3']]
[23:20:51] [YFAdapter-P2] [INFO] [YF-P2] Decision context: myPos=2, curPos=2, greaterPos=1, teammate=0, curAction=[, actionList_size=13
[23:20:51] [YFAdapter-P2] [INFO] [YF-P2] Decided: action_index=0, action=['PASS', 'PASS', 'PASS']
[23:20:51] [yf2_v5] [INFO] 3号位打出['PASS', 'PASS', 'PASS']， 最大动作为1号位打出的['Single', '3', ['H3']]
[23:20:51] [yf2_v5] [INFO] 0号位打出['Single', '8', ['C8']]， 最大动作为0号位打出的['Single', '8', ['C8']]
[23:20:51] [yf2_v5] [INFO] 1号位打出['Single', 'B', ['SB']]， 最大动作为1号位打出的['Single', 'B', ['SB']]
[23:20:51] [yf2_v5] [INFO] 2号位打出['PASS', 'PASS', 'PASS']， 最大动作为1号位打出的['Single', 'B', ['SB']]
[23:20:51] [YFAdapter-P2] [INFO] [YF-P2] Decision context: myPos=2, curPos=2, greaterPos=1, teammate=0, curAction=[, actionList_size=1
[23:20:51] [YFAdapter-P2] [INFO] [YF-P2] Decided: action_index=0, action=['PASS', 'PASS', 'PASS']
[23:20:51] [yf2_v5] [INFO] 3号位打出['PASS', 'PASS', 'PASS']， 最大动作为1号位打出的['Single', 'B', ['SB']]
[23:20:51] [yf2_v5] [INFO] 0号位打出['Single', 'R', ['HR']]， 最大动作为0号位打出的['Single', 'R', ['HR']]
[23:20:51] [yf2_v5] [INFO] 1号位打出['PASS', 'PASS', 'PASS']， 最大动作为0号位打出的['Single', 'R', ['HR']]
[23:20:51] [yf2_v5] [INFO] 2号位打出['PASS', 'PASS', 'PASS']， 最大动作为0号位打出的['Single', 'R', ['HR']]
[23:20:51] [YFAdapter-P2] [INFO] [YF-P2] Decision context: myPos=2, curPos=2, greaterPos=0, teammate=0, curAction=[, actionList_size=1
[23:20:51] [YFAdapter-P2] [INFO] [YF-P2] Decided: action_index=0, action=['PASS', 'PASS', 'PASS']
[23:20:51] [yf2_v5] [INFO] 3号位打出['PASS', 'PASS', 'PASS']， 最大动作为0号位打出的['Single', 'R', ['HR']]
[23:20:51] [yf2_v5] [INFO] 0号位打出['ThreeWithTwo', '7', ['S7', 'H7', 'D7', 'H4', 'D4']]， 最大动作为0号位打出的['ThreeWithTwo', '7', ['S7', 'H7', 'D7', 'H4', 'D4']]
[23:20:51] [yf2_v5] [INFO] 1号位打出['ThreeWithTwo', '9', ['H9', 'C9', 'D9', 'C6', 'D6']]， 最大动作为1号位打出的['ThreeWithTwo', '9', ['H9', 'C9', 'D9', 'C6', 'D6']]
[23:20:51] [yf2_v5] [INFO] 2号位打出['PASS', 'PASS', 'PASS']， 最大动作为1号位打出的['ThreeWithTwo', '9', ['H9', 'C9', 'D9', 'C6', 'D6']]
[23:20:51] [YFAdapter-P2] [INFO] [YF-P2] Decision context: myPos=2, curPos=2, greaterPos=1, teammate=0, curAction=[, actionList_size=5
[23:20:51] [YFAdapter-P2] [INFO] [YF-P2] Decided: action_index=0, action=['PASS', 'PASS', 'PASS']
[23:20:51] [yf2_v5] [INFO] 3号位打出['PASS', 'PASS', 'PASS']， 最大动作为1号位打出的['ThreeWithTwo', '9', ['H9', 'C9', 'D9', 'C6', 'D6']]
[23:20:51] [yf2_v5] [INFO] 0号位打出['ThreeWithTwo', 'K', ['SK', 'HK', 'CK', 'C5', 'D5']]， 最大动作为0号位打出的['ThreeWithTwo', 'K', ['SK', 'HK', 'CK', 'C5', 'D5']]
[23:20:51] [yf2_v5] [INFO] 1号位打出['PASS', 'PASS', 'PASS']， 最大动作为0号位打出的['ThreeWithTwo', 'K', ['SK', 'HK', 'CK', 'C5', 'D5']]
[23:20:51] [yf2_v5] [INFO] 2号位打出['PASS', 'PASS', 'PASS']， 最大动作为0号位打出的['ThreeWithTwo', 'K', ['SK', 'HK', 'CK', 'C5', 'D5']]
[23:20:51] [YFAdapter-P2] [INFO] [YF-P2] Decision context: myPos=2, curPos=2, greaterPos=0, teammate=0, curAction=[, actionList_size=1
[23:20:51] [YFAdapter-P2] [INFO] [YF-P2] Decided: action_index=0, action=['PASS', 'PASS', 'PASS']
[23:20:51] [yf2_v5] [INFO] 3号位打出['PASS', 'PASS', 'PASS']， 最大动作为0号位打出的['ThreeWithTwo', 'K', ['SK', 'HK', 'CK', 'C5', 'D5']]
[23:20:51] [yf2_v5] [INFO] 0号位打出['ThreeWithTwo', '9', ['S9', 'C9', 'D9', 'CJ', 'DJ']]， 最大动作为0号位打出的['ThreeWithTwo', '9', ['S9', 'C9', 'D9', 'CJ', 'DJ']]
[23:20:51] [yf2_v5] [INFO] 1号位打出['PASS', 'PASS', 'PASS']， 最大动作为0号位打出的['ThreeWithTwo', '9', ['S9', 'C9', 'D9', 'CJ', 'DJ']]
[23:20:51] [yf2_v5] [INFO] 2号位打出['PASS', 'PASS', 'PASS']， 最大动作为0号位打出的['ThreeWithTwo', '9', ['S9', 'C9', 'D9', 'CJ', 'DJ']]
[23:20:51] [YFAdapter-P2] [INFO] [YF-P2] Decision context: myPos=2, curPos=2, greaterPos=0, teammate=0, curAction=[, actionList_size=5
[23:20:51] [YFAdapter-P2] [INFO] [YF-P2] Decided: action_index=0, action=['PASS', 'PASS', 'PASS']
[23:20:51] [yf2_v5] [INFO] 3号位打出['PASS', 'PASS', 'PASS']， 最大动作为0号位打出的['ThreeWithTwo', '9', ['S9', 'C9', 'D9', 'CJ', 'DJ']]
[23:20:51] [yf2_v5] [INFO] 0号位打出['Pair', 'A', ['SA', 'CA']]， 最大动作为0号位打出的['Pair', 'A', ['SA', 'CA']]
[23:20:51] [yf2_v5] [INFO] 1号位打出['PASS', 'PASS', 'PASS']， 最大动作为0号位打出的['Pair', 'A', ['SA', 'CA']]
[23:20:51] [yf2_v5] [INFO] 2号位打出['PASS', 'PASS', 'PASS']， 最大动作为0号位打出的['Pair', 'A', ['SA', 'CA']]
[23:20:51] [yf2_v5] [INFO] 2号位打出['Pair', 'J', ['HJ', 'CJ']]， 最大动作为2号位打出的['Pair', 'J', ['HJ', 'CJ']]
[23:20:51] [YFAdapter-P2] [INFO] [YF-P2] Decision context: myPos=2, curPos=2, greaterPos=2, teammate=0, curAction=[, actionList_size=2
[23:20:51] [YFAdapter-P2] [INFO] [YF-P2] Decided: action_index=1, action=['Pair', 'Q', [['S', 'Q'], ['H', 'Q']]]
[23:20:51] [yf2_v5] [INFO] 3号位打出['PASS', 'PASS', 'PASS']， 最大动作为2号位打出的['Pair', 'J', ['HJ', 'CJ']]
[23:20:51] [yf2_v5] [INFO] 1号位打出['PASS', 'PASS', 'PASS']， 最大动作为2号位打出的['Pair', 'J', ['HJ', 'CJ']]
[23:20:51] [yf2_v5] [INFO] 2号位打出['Pair', 'A', ['SA', 'HA']]， 最大动作为2号位打出的['Pair', 'A', ['SA', 'HA']]
[23:20:51] [yf2_v5] [INFO] 游戏开始, 我是3号位，手牌：['S2', 'D2', 'H3', 'S4', 'S5', 'S6', 'S6', 'H6', 'C6', 'D6', 'C7', 'D7', 'D7', 'S8', 'H9', 'H9', 'C9', 'HT', 'CT', 'DT', 'HQ', 'HK', 'CK', 'SA', 'SA', 'DA', 'DJ']
[23:20:51] [YFAdapter-P2] [INFO] [YF-P2] Decision context: myPos=2, curPos=-1, greaterPos=-1, teammate=0, curAction=[, actionList_size=1
[23:20:51] [YFAdapter-P2] [INFO] [YF-P2] Decided: action_index=0, action=['tribute', 'tribute', [['D', 'J']]]
[23:20:51] [YFAdapter-P2] [INFO] [YF-P2] Decision context: myPos=2, curPos=-1, greaterPos=-1, teammate=0, curAction=[, actionList_size=332
[23:20:51] [YFAdapter-P2] [INFO] [YF-P2] Decided: action_index=1, action=['Single', '2', [['D', '2']]]
[23:20:51] [yf2_v5] [INFO] 3号位打出['Single', '2', ['D2']]， 最大动作为3号位打出的['Single', '2', ['D2']]
[23:20:51] [yf2_v5] [INFO] 0号位打出['Single', 'A', ['CA']]， 最大动作为0号位打出的['Single', 'A', ['CA']]
[23:20:51] [yf2_v5] [INFO] 1号位打出['PASS', 'PASS', 'PASS']， 最大动作为0号位打出的['Single', 'A', ['CA']]
[23:20:51] [yf2_v5] [INFO] 2号位打出['PASS', 'PASS', 'PASS']， 最大动作为0号位打出的['Single', 'A', ['CA']]
[23:20:51] [YFAdapter-P2] [INFO] [YF-P2] Decision context: myPos=2, curPos=2, greaterPos=0, teammate=0, curAction=[, actionList_size=7
[23:20:51] [YFAdapter-P2] [INFO] [YF-P2] Decided: action_index=0, action=['PASS', 'PASS', 'PASS']
[23:20:51] [yf2_v5] [INFO] 3号位打出['PASS', 'PASS', 'PASS']， 最大动作为0号位打出的['Single', 'A', ['CA']]
[23:20:51] [yf2_v5] [INFO] 0号位打出['Straight', '6', ['C6', 'H7', 'C8', 'S9', 'ST']]， 最大动作为0号位打出的['Straight', '6', ['C6', 'H7', 'C8', 'S9', 'ST']]
[23:20:51] [yf2_v5] [INFO] 1号位打出['Straight', '7', ['HJ', 'H8', 'S9', 'DT', 'DJ']]， 最大动作为1号位打出的['Straight', '7', ['HJ', 'H8', 'S9', 'DT', 'DJ']]
[23:20:51] [yf2_v5] [INFO] 2号位打出['PASS', 'PASS', 'PASS']， 最大动作为1号位打出的['Straight', '7', ['HJ', 'H8', 'S9', 'DT', 'DJ']]
[23:20:51] [YFAdapter-P2] [INFO] [YF-P2] Decision context: myPos=2, curPos=2, greaterPos=1, teammate=0, curAction=[, actionList_size=7
[23:20:51] [YFAdapter-P2] [INFO] [YF-P2] Decided: action_index=0, action=['PASS', 'PASS', 'PASS']
[23:20:51] [yf2_v5] [INFO] 3号位打出['Bomb', 'T', ['HT', 'HT', 'CT', 'DT']]， 最大动作为3号位打出的['Bomb', 'T', ['HT', 'HT', 'CT', 'DT']]
[23:20:51] [yf2_v5] [INFO] 0号位打出['PASS', 'PASS', 'PASS']， 最大动作为3号位打出的['Bomb', 'T', ['HT', 'HT', 'CT', 'DT']]
[23:20:52] [yf2_v5] [INFO] 1号位打出['PASS', 'PASS', 'PASS']， 最大动作为3号位打出的['Bomb', 'T', ['HT', 'HT', 'CT', 'DT']]
[23:20:52] [yf2_v5] [INFO] 2号位打出['Bomb', 'J', ['SJ', 'HJ', 'CJ', 'DJ']]， 最大动作为2号位打出的['Bomb', 'J', ['SJ', 'HJ', 'CJ', 'DJ']]
[23:20:52] [YFAdapter-P2] [INFO] [YF-P2] Decision context: myPos=2, curPos=2, greaterPos=2, teammate=0, curAction=[, actionList_size=2
[23:20:52] [YFAdapter-P2] [INFO] [YF-P2] Decided: action_index=0, action=['PASS', 'PASS', 'PASS']
[23:20:52] [yf2_v5] [INFO] 3号位打出['PASS', 'PASS', 'PASS']， 最大动作为2号位打出的['Bomb', 'J', ['SJ', 'HJ', 'CJ', 'DJ']]
[23:20:52] [yf2_v5] [INFO] 0号位打出['PASS', 'PASS', 'PASS']， 最大动作为2号位打出的['Bomb', 'J', ['SJ', 'HJ', 'CJ', 'DJ']]
[23:20:52] [yf2_v5] [INFO] 1号位打出['PASS', 'PASS', 'PASS']， 最大动作为2号位打出的['Bomb', 'J', ['SJ', 'HJ', 'CJ', 'DJ']]
[23:20:52] [yf2_v5] [INFO] 2号位打出['Single', '2', ['H2']]， 最大动作为2号位打出的['Single', '2', ['H2']]
[23:20:52] [YFAdapter-P2] [INFO] [YF-P2] Decision context: myPos=2, curPos=2, greaterPos=2, teammate=0, curAction=[, actionList_size=23
[23:20:52] [YFAdapter-P2] [INFO] [YF-P2] Decided: action_index=8, action=['Single', '7', [['C', '7']]]
[23:20:52] [yf2_v5] [INFO] 3号位打出['Single', '7', ['C7']]， 最大动作为3号位打出的['Single', '7', ['C7']]
[23:20:52] [yf2_v5] [INFO] 0号位打出['Single', 'J', ['SJ']]， 最大动作为0号位打出的['Single', 'J', ['SJ']]
[23:20:52] [yf2_v5] [INFO] 1号位打出['PASS', 'PASS', 'PASS']， 最大动作为0号位打出的['Single', 'J', ['SJ']]
[23:20:52] [yf2_v5] [INFO] 2号位打出['PASS', 'PASS', 'PASS']， 最大动作为0号位打出的['Single', 'J', ['SJ']]
[23:20:52] [YFAdapter-P2] [INFO] [YF-P2] Decision context: myPos=2, curPos=2, greaterPos=0, teammate=0, curAction=[, actionList_size=6
[23:20:52] [YFAdapter-P2] [INFO] [YF-P2] Decided: action_index=0, action=['PASS', 'PASS', 'PASS']
[23:20:52] [yf2_v5] [INFO] 3号位打出['PASS', 'PASS', 'PASS']， 最大动作为0号位打出的['Single', 'J', ['SJ']]
[23:20:52] [yf2_v5] [INFO] 0号位打出['ThreeWithTwo', 'Q', ['HQ', 'DQ', 'DQ', 'H3', 'D3']]， 最大动作为0号位打出的['ThreeWithTwo', 'Q', ['HQ', 'DQ', 'DQ', 'H3', 'D3']]
[23:20:52] [yf2_v5] [INFO] 1号位打出['ThreeWithTwo', 'A', ['HA', 'CA', 'DA', 'CQ', 'CQ']]， 最大动作为1号位打出的['ThreeWithTwo', 'A', ['HA', 'CA', 'DA', 'CQ', 'CQ']]
[23:20:52] [yf2_v5] [INFO] 2号位打出['Bomb', '3', ['S3', 'C3', 'C3', 'D3']]， 最大动作为2号位打出的['Bomb', '3', ['S3', 'C3', 'C3', 'D3']]
[23:20:52] [YFAdapter-P2] [INFO] [YF-P2] Decision context: myPos=2, curPos=2, greaterPos=2, teammate=0, curAction=[, actionList_size=6
[23:20:52] [YFAdapter-P2] [INFO] [YF-P2] Decided: action_index=0, action=['PASS', 'PASS', 'PASS']
[23:20:52] [yf2_v5] [INFO] 3号位打出['PASS', 'PASS', 'PASS']， 最大动作为2号位打出的['Bomb', '3', ['S3', 'C3', 'C3', 'D3']]
[23:20:52] [yf2_v5] [INFO] 0号位打出['PASS', 'PASS', 'PASS']， 最大动作为2号位打出的['Bomb', '3', ['S3', 'C3', 'C3', 'D3']]
[23:20:52] [yf2_v5] [INFO] 1号位打出['PASS', 'PASS', 'PASS']， 最大动作为2号位打出的['Bomb', '3', ['S3', 'C3', 'C3', 'D3']]
[23:20:52] [yf2_v5] [INFO] 2号位打出['Single', '6', ['D6']]， 最大动作为2号位打出的['Single', '6', ['D6']]
[23:20:52] [YFAdapter-P2] [INFO] [YF-P2] Decision context: myPos=2, curPos=2, greaterPos=2, teammate=0, curAction=[, actionList_size=15
[23:20:52] [YFAdapter-P2] [INFO] [YF-P2] Decided: action_index=5, action=['Single', 'Q', [['H', 'Q']]]
[23:20:52] [yf2_v5] [INFO] 3号位打出['Single', 'Q', ['HQ']]， 最大动作为3号位打出的['Single', 'Q', ['HQ']]
[23:20:52] [yf2_v5] [INFO] 0号位打出['Single', 'J', ['CJ']]， 最大动作为0号位打出的['Single', 'J', ['CJ']]
[23:20:52] [yf2_v5] [INFO] 1号位打出['PASS', 'PASS', 'PASS']， 最大动作为0号位打出的['Single', 'J', ['CJ']]
[23:20:52] [yf2_v5] [INFO] 2号位打出['PASS', 'PASS', 'PASS']， 最大动作为0号位打出的['Single', 'J', ['CJ']]
[23:20:52] [YFAdapter-P2] [INFO] [YF-P2] Decision context: myPos=2, curPos=2, greaterPos=0, teammate=0, curAction=[, actionList_size=6
[23:20:52] [YFAdapter-P2] [INFO] [YF-P2] Decided: action_index=0, action=['PASS', 'PASS', 'PASS']
[23:20:52] [yf2_v5] [INFO] 3号位打出['PASS', 'PASS', 'PASS']， 最大动作为0号位打出的['Single', 'J', ['CJ']]
[23:20:52] [yf2_v5] [INFO] 0号位打出['Pair', '5', ['C5', 'D5']]， 最大动作为0号位打出的['Pair', '5', ['C5', 'D5']]
[23:20:52] [yf2_v5] [INFO] 1号位打出['Pair', '7', ['S7', 'H7']]， 最大动作为1号位打出的['Pair', '7', ['S7', 'H7']]
[23:20:52] [yf2_v5] [INFO] 2号位打出['Pair', 'Q', ['SQ', 'SQ']]， 最大动作为2号位打出的['Pair', 'Q', ['SQ', 'SQ']]
[23:20:52] [YFAdapter-P2] [INFO] [YF-P2] Decision context: myPos=2, curPos=2, greaterPos=2, teammate=0, curAction=[, actionList_size=9
[23:20:52] [YFAdapter-P2] [INFO] [YF-P2] Decided: action_index=7, action=['Bomb', '6', [['S', '6'], ['H', '6'], ['C', '6'], ['D', '6']]]
[23:20:52] [yf2_v5] [INFO] 3号位打出['Bomb', '6', ['S6', 'H6', 'C6', 'D6']]， 最大动作为3号位打出的['Bomb', '6', ['S6', 'H6', 'C6', 'D6']]
[23:20:52] [yf2_v5] [INFO] 0号位打出['PASS', 'PASS', 'PASS']， 最大动作为3号位打出的['Bomb', '6', ['S6', 'H6', 'C6', 'D6']]
[23:20:52] [yf2_v5] [INFO] 1号位打出['PASS', 'PASS', 'PASS']， 最大动作为3号位打出的['Bomb', '6', ['S6', 'H6', 'C6', 'D6']]
[23:20:52] [yf2_v5] [INFO] 2号位打出['PASS', 'PASS', 'PASS']， 最大动作为3号位打出的['Bomb', '6', ['S6', 'H6', 'C6', 'D6']]
[23:20:52] [YFAdapter-P2] [INFO] [YF-P2] Decision context: myPos=2, curPos=-1, greaterPos=-1, teammate=0, curAction=[, actionList_size=36
[23:20:52] [YFAdapter-P2] [INFO] [YF-P2] Decided: action_index=6, action=['Single', '8', [['S', '8']]]
[23:20:52] [yf2_v5] [INFO] 3号位打出['Single', '8', ['S8']]， 最大动作为3号位打出的['Single', '8', ['S8']]
[23:20:52] [yf2_v5] [INFO] 0号位打出['Single', 'B', ['SB']]， 最大动作为0号位打出的['Single', 'B', ['SB']]
[23:20:52] [yf2_v5] [INFO] 1号位打出['PASS', 'PASS', 'PASS']， 最大动作为0号位打出的['Single', 'B', ['SB']]
[23:20:52] [yf2_v5] [INFO] 2号位打出['PASS', 'PASS', 'PASS']， 最大动作为0号位打出的['Single', 'B', ['SB']]
[23:20:52] [YFAdapter-P2] [INFO] [YF-P2] Decision context: myPos=2, curPos=2, greaterPos=0, teammate=0, curAction=[, actionList_size=1
[23:20:52] [YFAdapter-P2] [INFO] [YF-P2] Decided: action_index=0, action=['PASS', 'PASS', 'PASS']
[23:20:52] [yf2_v5] [INFO] 3号位打出['PASS', 'PASS', 'PASS']， 最大动作为0号位打出的['Single', 'B', ['SB']]
[23:20:52] [yf2_v5] [INFO] 0号位打出['ThreeWithTwo', 'K', ['SK', 'HK', 'DK', 'D8', 'D8']]， 最大动作为0号位打出的['ThreeWithTwo', 'K', ['SK', 'HK', 'DK', 'D8', 'D8']]
[23:20:52] [yf2_v5] [INFO] 1号位打出['PASS', 'PASS', 'PASS']， 最大动作为0号位打出的['ThreeWithTwo', 'K', ['SK', 'HK', 'DK', 'D8', 'D8']]
[23:20:52] [yf2_v5] [INFO] 2号位打出['PASS', 'PASS', 'PASS']， 最大动作为0号位打出的['ThreeWithTwo', 'K', ['SK', 'HK', 'DK', 'D8', 'D8']]
[23:20:52] [YFAdapter-P2] [INFO] [YF-P2] Decision context: myPos=2, curPos=2, greaterPos=0, teammate=0, curAction=[, actionList_size=5
[23:20:52] [YFAdapter-P2] [INFO] [YF-P2] Decided: action_index=0, action=['PASS', 'PASS', 'PASS']
[23:20:52] [yf2_v5] [INFO] 3号位打出['PASS', 'PASS', 'PASS']， 最大动作为0号位打出的['ThreeWithTwo', 'K', ['SK', 'HK', 'DK', 'D8', 'D8']]
[23:20:52] [yf2_v5] [INFO] 0号位打出['Pair', 'R', ['HR', 'HR']]， 最大动作为0号位打出的['Pair', 'R', ['HR', 'HR']]
[23:20:52] [yf2_v5] [INFO] 1号位打出['PASS', 'PASS', 'PASS']， 最大动作为0号位打出的['Pair', 'R', ['HR', 'HR']]
[23:20:52] [yf2_v5] [INFO] 2号位打出['PASS', 'PASS', 'PASS']， 最大动作为0号位打出的['Pair', 'R', ['HR', 'HR']]
[23:20:52] [YFAdapter-P2] [INFO] [YF-P2] Decision context: myPos=2, curPos=2, greaterPos=0, teammate=0, curAction=[, actionList_size=1
[23:20:52] [YFAdapter-P2] [INFO] [YF-P2] Decided: action_index=0, action=['PASS', 'PASS', 'PASS']
[23:20:52] [yf2_v5] [INFO] 3号位打出['PASS', 'PASS', 'PASS']， 最大动作为0号位打出的['Pair', 'R', ['HR', 'HR']]
[23:20:52] [yf2_v5] [INFO] 0号位打出['Bomb', '2', ['H2', 'C2', 'C2', 'D2']]， 最大动作为0号位打出的['Bomb', '2', ['H2', 'C2', 'C2', 'D2']]
[23:20:52] [yf2_v5] [INFO] 1号位打出['PASS', 'PASS', 'PASS']， 最大动作为0号位打出的['Bomb', '2', ['H2', 'C2', 'C2', 'D2']]
[23:20:52] [yf2_v5] [INFO] 2号位打出['PASS', 'PASS', 'PASS']， 最大动作为0号位打出的['Bomb', '2', ['H2', 'C2', 'C2', 'D2']]
[23:20:52] [yf2_v5] [INFO] 2号位打出['Single', '4', ['S4']]， 最大动作为2号位打出的['Single', '4', ['S4']]
[23:20:52] [YFAdapter-P2] [INFO] [YF-P2] Decision context: myPos=2, curPos=2, greaterPos=2, teammate=0, curAction=[, actionList_size=10
[23:20:52] [YFAdapter-P2] [INFO] [YF-P2] Decided: action_index=2, action=['Single', '6', [['S', '6']]]
[23:20:52] [yf2_v5] [INFO] 3号位打出['Single', '6', ['S6']]， 最大动作为3号位打出的['Single', '6', ['S6']]
[23:20:52] [yf2_v5] [INFO] 1号位打出['Single', 'K', ['SK']]， 最大动作为1号位打出的['Single', 'K', ['SK']]
[23:20:52] [yf2_v5] [INFO] 2号位打出['Single', 'A', ['HA']]， 最大动作为2号位打出的['Single', 'A', ['HA']]
[23:20:52] [YFAdapter-P2] [INFO] [YF-P2] Decision context: myPos=2, curPos=2, greaterPos=2, teammate=0, curAction=[, actionList_size=1
[23:20:52] [YFAdapter-P2] [INFO] [YF-P2] Decided: action_index=0, action=['PASS', 'PASS', 'PASS']
[23:20:52] [yf2_v5] [INFO] 3号位打出['PASS', 'PASS', 'PASS']， 最大动作为2号位打出的['Single', 'A', ['HA']]
[23:20:52] [yf2_v5] [INFO] 1号位打出['PASS', 'PASS', 'PASS']， 最大动作为2号位打出的['Single', 'A', ['HA']]
[23:20:52] [yf2_v5] [INFO] 2号位打出['Single', '4', ['H4']]， 最大动作为2号位打出的['Single', '4', ['H4']]
[23:20:52] [YFAdapter-P2] [INFO] [YF-P2] Decision context: myPos=2, curPos=2, greaterPos=2, teammate=0, curAction=[, actionList_size=9
[23:20:52] [YFAdapter-P2] [INFO] [YF-P2] Decided: action_index=3, action=['Single', '9', [['H', '9']]]
[23:20:52] [yf2_v5] [INFO] 3号位打出['Single', '9', ['H9']]， 最大动作为3号位打出的['Single', '9', ['H9']]
[23:20:52] [yf2_v5] [INFO] 1号位打出['Single', 'K', ['DK']]， 最大动作为1号位打出的['Single', 'K', ['DK']]
[23:20:52] [yf2_v5] [INFO] 2号位打出['Single', 'B', ['SB']]， 最大动作为2号位打出的['Single', 'B', ['SB']]
[23:20:52] [YFAdapter-P2] [INFO] [YF-P2] Decision context: myPos=2, curPos=2, greaterPos=2, teammate=0, curAction=[, actionList_size=1
[23:20:52] [YFAdapter-P2] [INFO] [YF-P2] Decided: action_index=0, action=['PASS', 'PASS', 'PASS']
[23:20:52] [yf2_v5] [INFO] 3号位打出['PASS', 'PASS', 'PASS']， 最大动作为2号位打出的['Single', 'B', ['SB']]
[23:20:52] [yf2_v5] [INFO] 1号位打出['PASS', 'PASS', 'PASS']， 最大动作为2号位打出的['Single', 'B', ['SB']]
[23:20:52] [yf2_v5] [INFO] 2号位打出['Single', '4', ['H4']]， 最大动作为2号位打出的['Single', '4', ['H4']]
[23:20:52] [YFAdapter-P2] [INFO] [YF-P2] Decision context: myPos=2, curPos=2, greaterPos=2, teammate=0, curAction=[, actionList_size=9
[23:20:52] [YFAdapter-P2] [INFO] [YF-P2] Decided: action_index=5, action=['Single', 'K', [['H', 'K']]]
[23:20:52] [yf2_v5] [INFO] 3号位打出['Single', 'K', ['HK']]， 最大动作为3号位打出的['Single', 'K', ['HK']]
[23:20:52] [yf2_v5] [INFO] 1号位打出['PASS', 'PASS', 'PASS']， 最大动作为3号位打出的['Single', 'K', ['HK']]
[23:20:52] [yf2_v5] [INFO] 2号位打出['PASS', 'PASS', 'PASS']， 最大动作为3号位打出的['Single', 'K', ['HK']]
[23:20:52] [YFAdapter-P2] [INFO] [YF-P2] Decision context: myPos=2, curPos=-1, greaterPos=-1, teammate=0, curAction=[, actionList_size=19
[23:20:52] [YFAdapter-P2] [INFO] [YF-P2] Decided: action_index=17, action=['Straight', 'A', [['S', 'A'], ['S', '2'], ['H', '3'], ['S', '4'], ['S', '5']]]
[23:20:52] [yf2_v5] [INFO] 3号位打出['Straight', 'A', ['SA', 'S2', 'H3', 'S4', 'S5']]， 最大动作为3号位打出的['Straight', 'A', ['SA', 'S2', 'H3', 'S4', 'S5']]
[23:20:52] [yf2_v5] [INFO] 1号位打出['Straight', '2', ['S2', 'S3', 'C4', 'H5', 'H6']]， 最大动作为1号位打出的['Straight', '2', ['S2', 'S3', 'C4', 'H5', 'H6']]
[23:20:52] [yf2_v5] [INFO] 2号位打出['PASS', 'PASS', 'PASS']， 最大动作为1号位打出的['Straight', '2', ['S2', 'S3', 'C4', 'H5', 'H6']]
[23:20:52] [YFAdapter-P2] [INFO] [YF-P2] Decision context: myPos=2, curPos=2, greaterPos=1, teammate=0, curAction=[, actionList_size=1
[23:20:52] [YFAdapter-P2] [INFO] [YF-P2] Decided: action_index=0, action=['PASS', 'PASS', 'PASS']
[23:20:52] [yf2_v5] [INFO] 3号位打出['PASS', 'PASS', 'PASS']， 最大动作为1号位打出的['Straight', '2', ['S2', 'S3', 'C4', 'H5', 'H6']]
[23:20:52] [yf2_v5] [INFO] 1号位打出['Pair', '4', ['C4', 'D4']]， 最大动作为1号位打出的['Pair', '4', ['C4', 'D4']]
[23:20:52] [yf2_v5] [INFO] 2号位打出['Pair', '5', ['S5', 'H5']]， 最大动作为2号位打出的['Pair', '5', ['S5', 'H5']]
[23:20:52] [YFAdapter-P2] [INFO] [YF-P2] Decision context: myPos=2, curPos=2, greaterPos=2, teammate=0, curAction=[, actionList_size=4
[23:20:52] [YFAdapter-P2] [INFO] [YF-P2] Decided: action_index=3, action=['Pair', 'A', [['S', 'A'], ['D', 'A']]]
[23:20:52] [yf2_v5] [INFO] 3号位打出['Pair', 'A', ['SA', 'DA']]， 最大动作为3号位打出的['Pair', 'A', ['SA', 'DA']]
[23:20:52] [yf2_v5] [INFO] 1号位打出['PASS', 'PASS', 'PASS']， 最大动作为3号位打出的['Pair', 'A', ['SA', 'DA']]
[23:20:52] [yf2_v5] [INFO] 2号位打出['PASS', 'PASS', 'PASS']， 最大动作为3号位打出的['Pair', 'A', ['SA', 'DA']]
[23:20:52] [YFAdapter-P2] [INFO] [YF-P2] Decision context: myPos=2, curPos=-1, greaterPos=-1, teammate=0, curAction=[, actionList_size=6
[23:20:52] [YFAdapter-P2] [INFO] [YF-P2] Decided: action_index=4, action=['Pair', '7', [['D', '7'], ['D', '7']]]
[23:20:52] [yf2_v5] [INFO] 3号位打出['Pair', '7', ['D7', 'D7']]， 最大动作为3号位打出的['Pair', '7', ['D7', 'D7']]
[23:20:52] [yf2_v5] [INFO] 1号位打出['Pair', 'T', ['ST', 'CT']]， 最大动作为1号位打出的['Pair', 'T', ['ST', 'CT']]
[23:20:52] [yf2_v5] [INFO] 2号位打出['PASS', 'PASS', 'PASS']， 最大动作为1号位打出的['Pair', 'T', ['ST', 'CT']]
[23:20:52] [YFAdapter-P2] [INFO] [YF-P2] Decision context: myPos=2, curPos=2, greaterPos=1, teammate=0, curAction=[, actionList_size=1
[23:20:52] [YFAdapter-P2] [INFO] [YF-P2] Decided: action_index=0, action=['PASS', 'PASS', 'PASS']
[23:20:52] [yf2_v5] [INFO] 3号位打出['PASS', 'PASS', 'PASS']， 最大动作为1号位打出的['Pair', 'T', ['ST', 'CT']]
[23:20:52] [yf2_v5] [INFO] 1号位打出['Pair', '5', ['C5', 'D5']]， 最大动作为1号位打出的['Pair', '5', ['C5', 'D5']]
[23:20:52] [yf2_v5] [INFO] 2号位打出['Pair', '9', ['C9', 'D9']]， 最大动作为2号位打出的['Pair', '9', ['C9', 'D9']]
[23:20:52] [YFAdapter-P2] [INFO] [YF-P2] Decision context: myPos=2, curPos=2, greaterPos=2, teammate=0, curAction=[, actionList_size=1
[23:20:52] [YFAdapter-P2] [INFO] [YF-P2] Decided: action_index=0, action=['PASS', 'PASS', 'PASS']
[23:20:52] [yf2_v5] [INFO] 3号位打出['PASS', 'PASS', 'PASS']， 最大动作为2号位打出的['Pair', '9', ['C9', 'D9']]
[23:20:52] [yf2_v5] [INFO] 1号位打出['PASS', 'PASS', 'PASS']， 最大动作为2号位打出的['Pair', '9', ['C9', 'D9']]
[23:20:52] [yf2_v5] [INFO] 2号位打出['Single', '4', ['D4']]， 最大动作为2号位打出的['Single', '4', ['D4']]
[23:20:52] [YFAdapter-P2] [INFO] [YF-P2] Decision context: myPos=2, curPos=2, greaterPos=2, teammate=0, curAction=[, actionList_size=4
[23:20:52] [YFAdapter-P2] [INFO] [YF-P2] Decided: action_index=0, action=['PASS', 'PASS', 'PASS']
[23:20:52] [YFAdapter-P2] [WARNING] [YF-P2] 检测到过于保守: 对手快走完(剩2张), 触发Layer 2/3进行更积极的决策
[23:20:52] [yf2_v5] [INFO] 3号位打出['Single', '9', ['H9']]， 最大动作为3号位打出的['Single', '9', ['H9']]
[23:20:52] [yf2_v5] [INFO] 1号位打出['PASS', 'PASS', 'PASS']， 最大动作为3号位打出的['Single', '9', ['H9']]
[23:20:52] [yf2_v5] [INFO] 2号位打出['Single', 'K', ['CK']]， 最大动作为2号位打出的['Single', 'K', ['CK']]
[23:20:52] [YFAdapter-P2] [INFO] [YF-P2] Decision context: myPos=2, curPos=2, greaterPos=2, teammate=0, curAction=[, actionList_size=1
[23:20:52] [YFAdapter-P2] [INFO] [YF-P2] Decided: action_index=0, action=['PASS', 'PASS', 'PASS']
[23:20:52] [yf2_v5] [INFO] 3号位打出['PASS', 'PASS', 'PASS']， 最大动作为2号位打出的['Single', 'K', ['CK']]
[23:20:52] [yf2_v5] [INFO] 1号位打出['PASS', 'PASS', 'PASS']， 最大动作为2号位打出的['Single', 'K', ['CK']]
[23:20:52] [yf2_v5] [INFO] 2号位打出['Trips', '8', ['S8', 'H8', 'C8']]， 最大动作为2号位打出的['Trips', '8', ['S8', 'H8', 'C8']]
[23:20:52] [YFAdapter-P2] [INFO] [YF-P2] Decision context: myPos=2, curPos=2, greaterPos=2, teammate=0, curAction=[, actionList_size=1
[23:20:52] [YFAdapter-P2] [INFO] [YF-P2] Decided: action_index=0, action=['PASS', 'PASS', 'PASS']
[23:20:52] [yf2_v5] [INFO] 3号位打出['PASS', 'PASS', 'PASS']， 最大动作为2号位打出的['Trips', '8', ['S8', 'H8', 'C8']]
[23:20:52] [yf2_v5] [INFO] 1号位打出['PASS', 'PASS', 'PASS']， 最大动作为2号位打出的['Trips', '8', ['S8', 'H8', 'C8']]
[23:20:52] [yf2_v5] [INFO] 2号位打出['Single', '9', ['D9']]， 最大动作为2号位打出的['Single', '9', ['D9']]
[23:20:52] [yf2_v5] [INFO] 游戏开始, 我是3号位，手牌：['H2', 'H2', 'D2', 'C3', 'S5', 'S5', 'C5', 'C6', 'D7', 'S8', 'H8', 'D8', 'S9', 'C9', 'D9', 'HT', 'HT', 'CT', 'DT', 'CJ', 'SQ', 'HQ', 'CQ', 'DQ', 'CK', 'SA', 'SB']
[23:20:52] [YFAdapter-P2] [INFO] [YF-P2] Decision context: myPos=2, curPos=-1, greaterPos=-1, teammate=0, curAction=[, actionList_size=1
[23:20:52] [YFAdapter-P2] [INFO] [YF-P2] Decided: action_index=0, action=['tribute', 'tribute', [['S', 'B']]]
[23:20:52] [yf2_v5] [INFO] 1号位打出['Single', '6', ['D6']]， 最大动作为1号位打出的['Single', '6', ['D6']]
[23:20:52] [yf2_v5] [INFO] 2号位打出['Single', '8', ['D8']]， 最大动作为2号位打出的['Single', '8', ['D8']]
[23:20:52] [YFAdapter-P2] [INFO] [YF-P2] Decision context: myPos=2, curPos=2, greaterPos=2, teammate=0, curAction=[, actionList_size=18
[23:20:52] [YFAdapter-P2] [INFO] [YF-P2] Decided: action_index=8, action=['Single', 'Q', [['S', 'Q']]]
[23:20:52] [yf2_v5] [INFO] 3号位打出['Single', 'Q', ['SQ']]， 最大动作为3号位打出的['Single', 'Q', ['SQ']]
[23:20:52] [yf2_v5] [INFO] 0号位打出['Single', 'A', ['HA']]， 最大动作为0号位打出的['Single', 'A', ['HA']]
[23:20:52] [yf2_v5] [INFO] 1号位打出['PASS', 'PASS', 'PASS']， 最大动作为0号位打出的['Single', 'A', ['HA']]
[23:20:52] [yf2_v5] [INFO] 2号位打出['PASS', 'PASS', 'PASS']， 最大动作为0号位打出的['Single', 'A', ['HA']]
[23:20:52] [YFAdapter-P2] [INFO] [YF-P2] Decision context: myPos=2, curPos=2, greaterPos=0, teammate=0, curAction=[, actionList_size=4
[23:20:52] [YFAdapter-P2] [INFO] [YF-P2] Decided: action_index=0, action=['PASS', 'PASS', 'PASS']
[23:20:52] [yf2_v5] [INFO] 3号位打出['PASS', 'PASS', 'PASS']， 最大动作为0号位打出的['Single', 'A', ['HA']]
[23:20:52] [yf2_v5] [INFO] 0号位打出['Straight', '9', ['H9', 'ST', 'SJ', 'HQ', 'CK']]， 最大动作为0号位打出的['Straight', '9', ['H9', 'ST', 'SJ', 'HQ', 'CK']]
[23:20:52] [yf2_v5] [INFO] 1号位打出['Bomb', 'J', ['SJ', 'HJ', 'CJ', 'DJ']]， 最大动作为1号位打出的['Bomb', 'J', ['SJ', 'HJ', 'CJ', 'DJ']]
[23:20:52] [yf2_v5] [INFO] 2号位打出['PASS', 'PASS', 'PASS']， 最大动作为1号位打出的['Bomb', 'J', ['SJ', 'HJ', 'CJ', 'DJ']]
[23:20:52] [YFAdapter-P2] [INFO] [YF-P2] Decision context: myPos=2, curPos=2, greaterPos=1, teammate=0, curAction=[, actionList_size=1
[23:20:52] [YFAdapter-P2] [INFO] [YF-P2] Decided: action_index=0, action=['PASS', 'PASS', 'PASS']
[23:20:52] [yf2_v5] [INFO] 3号位打出['PASS', 'PASS', 'PASS']， 最大动作为1号位打出的['Bomb', 'J', ['SJ', 'HJ', 'CJ', 'DJ']]
[23:20:52] [yf2_v5] [INFO] 0号位打出['PASS', 'PASS', 'PASS']， 最大动作为1号位打出的['Bomb', 'J', ['SJ', 'HJ', 'CJ', 'DJ']]
[23:20:52] [yf2_v5] [INFO] 1号位打出['ThreeWithTwo', '3', ['S3', 'C3', 'D3', 'C2', 'D2']]， 最大动作为1号位打出的['ThreeWithTwo', '3', ['S3', 'C3', 'D3', 'C2', 'D2']]
[23:20:52] [yf2_v5] [INFO] 2号位打出['ThreeWithTwo', '9', ['S9', 'H9', 'HA', 'D5', 'D5']]， 最大动作为2号位打出的['ThreeWithTwo', '9', ['S9', 'H9', 'HA', 'D5', 'D5']]
[23:20:52] [YFAdapter-P2] [INFO] [YF-P2] Decision context: myPos=2, curPos=2, greaterPos=2, teammate=0, curAction=[, actionList_size=65
[23:20:52] [YFAdapter-P2] [INFO] [YF-P2] Decided: action_index=18, action=['ThreeWithTwo', 'T', [['H', 'T'], ['H', 'T'], ['C', 'T'], ['H', '2'], ['H', '2']]]
[23:20:52] [yf2_v5] [INFO] 3号位打出['ThreeWithTwo', 'T', ['HT', 'HT', 'CT', 'H2', 'H2']]， 最大动作为3号位打出的['ThreeWithTwo', 'T', ['HT', 'HT', 'CT', 'H2', 'H2']]
[23:20:52] [yf2_v5] [INFO] 0号位打出['ThreeWithTwo', 'A', ['CA', 'DA', 'DA', 'S2', 'S2']]， 最大动作为0号位打出的['ThreeWithTwo', 'A', ['CA', 'DA', 'DA', 'S2', 'S2']]
[23:20:52] [yf2_v5] [INFO] 1号位打出['Bomb', '4', ['S4', 'H4', 'H4', 'C4']]， 最大动作为1号位打出的['Bomb', '4', ['S4', 'H4', 'H4', 'C4']]
[23:20:52] [yf2_v5] [INFO] 2号位打出['PASS', 'PASS', 'PASS']， 最大动作为1号位打出的['Bomb', '4', ['S4', 'H4', 'H4', 'C4']]
[23:20:52] [YFAdapter-P2] [INFO] [YF-P2] Decision context: myPos=2, curPos=2, greaterPos=1, teammate=0, curAction=[, actionList_size=1
[23:20:52] [YFAdapter-P2] [INFO] [YF-P2] Decided: action_index=0, action=['PASS', 'PASS', 'PASS']
[23:20:52] [yf2_v5] [INFO] 3号位打出['PASS', 'PASS', 'PASS']， 最大动作为1号位打出的['Bomb', '4', ['S4', 'H4', 'H4', 'C4']]
[23:20:52] [yf2_v5] [INFO] 0号位打出['Bomb', '6', ['S6', 'H6', 'C6', 'D6']]， 最大动作为0号位打出的['Bomb', '6', ['S6', 'H6', 'C6', 'D6']]
[23:20:52] [yf2_v5] [INFO] 1号位打出['PASS', 'PASS', 'PASS']， 最大动作为0号位打出的['Bomb', '6', ['S6', 'H6', 'C6', 'D6']]
[23:20:52] [yf2_v5] [INFO] 2号位打出['PASS', 'PASS', 'PASS']， 最大动作为0号位打出的['Bomb', '6', ['S6', 'H6', 'C6', 'D6']]
[23:20:52] [YFAdapter-P2] [INFO] [YF-P2] Decision context: myPos=2, curPos=2, greaterPos=0, teammate=0, curAction=[, actionList_size=1
[23:20:52] [YFAdapter-P2] [INFO] [YF-P2] Decided: action_index=0, action=['PASS', 'PASS', 'PASS']
[23:20:52] [yf2_v5] [INFO] 3号位打出['PASS', 'PASS', 'PASS']， 最大动作为0号位打出的['Bomb', '6', ['S6', 'H6', 'C6', 'D6']]
[23:20:52] [yf2_v5] [INFO] 0号位打出['ThreeWithTwo', '3', ['S3', 'H3', 'D3', 'H8', 'C8']]， 最大动作为0号位打出的['ThreeWithTwo', '3', ['S3', 'H3', 'D3', 'H8', 'C8']]
[23:20:52] [yf2_v5] [INFO] 1号位打出['ThreeWithTwo', 'T', ['ST', 'CT', 'DT', 'S7', 'H7']]， 最大动作为1号位打出的['ThreeWithTwo', 'T', ['ST', 'CT', 'DT', 'S7', 'H7']]
[23:20:52] [yf2_v5] [INFO] 2号位打出['ThreeWithTwo', 'K', ['SK', 'SK', 'HK', 'S6', 'H6']]， 最大动作为2号位打出的['ThreeWithTwo', 'K', ['SK', 'SK', 'HK', 'S6', 'H6']]
[23:20:52] [YFAdapter-P2] [INFO] [YF-P2] Decision context: myPos=2, curPos=2, greaterPos=2, teammate=0, curAction=[, actionList_size=1
[23:20:52] [YFAdapter-P2] [INFO] [YF-P2] Decided: action_index=0, action=['PASS', 'PASS', 'PASS']
[23:20:52] [yf2_v5] [INFO] 3号位打出['PASS', 'PASS', 'PASS']， 最大动作为2号位打出的['ThreeWithTwo', 'K', ['SK', 'SK', 'HK', 'S6', 'H6']]
[23:20:52] [yf2_v5] [INFO] 0号位打出['PASS', 'PASS', 'PASS']， 最大动作为2号位打出的['ThreeWithTwo', 'K', ['SK', 'SK', 'HK', 'S6', 'H6']]
[23:20:52] [yf2_v5] [INFO] 1号位打出['PASS', 'PASS', 'PASS']， 最大动作为2号位打出的['ThreeWithTwo', 'K', ['SK', 'SK', 'HK', 'S6', 'H6']]
[23:20:52] [yf2_v5] [INFO] 2号位打出['Single', '3', ['H3']]， 最大动作为2号位打出的['Single', '3', ['H3']]
[23:20:52] [YFAdapter-P2] [INFO] [YF-P2] Decision context: myPos=2, curPos=2, greaterPos=2, teammate=0, curAction=[, actionList_size=18
[23:20:52] [YFAdapter-P2] [INFO] [YF-P2] Decided: action_index=5, action=['Single', '8', [['S', '8']]]
[23:20:52] [yf2_v5] [INFO] 3号位打出['Single', '8', ['S8']]， 最大动作为3号位打出的['Single', '8', ['S8']]
[23:20:52] [yf2_v5] [INFO] 0号位打出['Single', '9', ['D9']]， 最大动作为0号位打出的['Single', '9', ['D9']]
[23:20:52] [yf2_v5] [INFO] 1号位打出['Single', 'Q', ['CQ']]， 最大动作为1号位打出的['Single', 'Q', ['CQ']]
[23:20:52] [yf2_v5] [INFO] 2号位打出['Single', 'A', ['CA']]， 最大动作为2号位打出的['Single', 'A', ['CA']]
[23:20:52] [YFAdapter-P2] [INFO] [YF-P2] Decision context: myPos=2, curPos=2, greaterPos=2, teammate=0, curAction=[, actionList_size=1
[23:20:52] [YFAdapter-P2] [INFO] [YF-P2] Decided: action_index=0, action=['PASS', 'PASS', 'PASS']
[23:20:52] [yf2_v5] [INFO] 3号位打出['PASS', 'PASS', 'PASS']， 最大动作为2号位打出的['Single', 'A', ['CA']]
[23:20:52] [yf2_v5] [INFO] 0号位打出['PASS', 'PASS', 'PASS']， 最大动作为2号位打出的['Single', 'A', ['CA']]
[23:20:52] [yf2_v5] [INFO] 1号位打出['PASS', 'PASS', 'PASS']， 最大动作为2号位打出的['Single', 'A', ['CA']]
[23:20:52] [yf2_v5] [INFO] 2号位打出['Pair', '7', ['H7', 'C7']]， 最大动作为2号位打出的['Pair', '7', ['H7', 'C7']]
[23:20:52] [YFAdapter-P2] [INFO] [YF-P2] Decision context: myPos=2, curPos=2, greaterPos=2, teammate=0, curAction=[, actionList_size=8
[23:20:52] [YFAdapter-P2] [INFO] [YF-P2] Decided: action_index=4, action=['Pair', '9', [['C', '9'], ['D', '9']]]
[23:20:52] [yf2_v5] [INFO] 3号位打出['Pair', '9', ['C9', 'D9']]， 最大动作为3号位打出的['Pair', '9', ['C9', 'D9']]
[23:20:52] [yf2_v5] [INFO] 0号位打出['Pair', 'K', ['DK', 'DK']]， 最大动作为0号位打出的['Pair', 'K', ['DK', 'DK']]
[23:20:52] [yf2_v5] [INFO] 1号位打出['PASS', 'PASS', 'PASS']， 最大动作为0号位打出的['Pair', 'K', ['DK', 'DK']]
[23:20:52] [yf2_v5] [INFO] 2号位打出['PASS', 'PASS', 'PASS']， 最大动作为0号位打出的['Pair', 'K', ['DK', 'DK']]
[23:20:52] [YFAdapter-P2] [INFO] [YF-P2] Decision context: myPos=2, curPos=2, greaterPos=0, teammate=0, curAction=[, actionList_size=1
[23:20:52] [YFAdapter-P2] [INFO] [YF-P2] Decided: action_index=0, action=['PASS', 'PASS', 'PASS']
[23:20:52] [yf2_v5] [INFO] 3号位打出['PASS', 'PASS', 'PASS']， 最大动作为0号位打出的['Pair', 'K', ['DK', 'DK']]
[23:20:52] [yf2_v5] [INFO] 0号位打出['Trips', '7', ['S7', 'C7', 'D7']]， 最大动作为0号位打出的['Trips', '7', ['S7', 'C7', 'D7']]
[23:20:52] [yf2_v5] [INFO] 1号位打出['PASS', 'PASS', 'PASS']， 最大动作为0号位打出的['Trips', '7', ['S7', 'C7', 'D7']]
[23:20:52] [yf2_v5] [INFO] 2号位打出['PASS', 'PASS', 'PASS']， 最大动作为0号位打出的['Trips', '7', ['S7', 'C7', 'D7']]
[23:20:52] [YFAdapter-P2] [INFO] [YF-P2] Decision context: myPos=2, curPos=2, greaterPos=0, teammate=0, curAction=[, actionList_size=2
[23:20:52] [YFAdapter-P2] [INFO] [YF-P2] Decided: action_index=0, action=['PASS', 'PASS', 'PASS']
[23:20:52] [yf2_v5] [INFO] 3号位打出['Trips', 'Q', ['HQ', 'CQ', 'DQ']]， 最大动作为3号位打出的['Trips', 'Q', ['HQ', 'CQ', 'DQ']]
[23:20:52] [yf2_v5] [INFO] 0号位打出['PASS', 'PASS', 'PASS']， 最大动作为3号位打出的['Trips', 'Q', ['HQ', 'CQ', 'DQ']]
[23:20:52] [yf2_v5] [INFO] 1号位打出['PASS', 'PASS', 'PASS']， 最大动作为3号位打出的['Trips', 'Q', ['HQ', 'CQ', 'DQ']]
[23:20:52] [yf2_v5] [INFO] 2号位打出['Bomb', '4', ['S4', 'C4', 'D4', 'D4']]， 最大动作为2号位打出的['Bomb', '4', ['S4', 'C4', 'D4', 'D4']]
[23:20:52] [YFAdapter-P2] [INFO] [YF-P2] Decision context: myPos=2, curPos=2, greaterPos=2, teammate=0, curAction=[, actionList_size=1
[23:20:52] [YFAdapter-P2] [INFO] [YF-P2] Decided: action_index=0, action=['PASS', 'PASS', 'PASS']
[23:20:52] [yf2_v5] [INFO] 3号位打出['PASS', 'PASS', 'PASS']， 最大动作为2号位打出的['Bomb', '4', ['S4', 'C4', 'D4', 'D4']]
[23:20:52] [yf2_v5] [INFO] 0号位打出['PASS', 'PASS', 'PASS']， 最大动作为2号位打出的['Bomb', '4', ['S4', 'C4', 'D4', 'D4']]
[23:20:52] [yf2_v5] [INFO] 1号位打出['PASS', 'PASS', 'PASS']， 最大动作为2号位打出的['Bomb', '4', ['S4', 'C4', 'D4', 'D4']]
[23:20:52] [yf2_v5] [INFO] 2号位打出['Single', '9', ['C9']]， 最大动作为2号位打出的['Single', '9', ['C9']]
[23:20:52] [YFAdapter-P2] [INFO] [YF-P2] Decision context: myPos=2, curPos=2, greaterPos=2, teammate=0, curAction=[, actionList_size=5
[23:20:52] [YFAdapter-P2] [INFO] [YF-P2] Decided: action_index=4, action=['Single', 'A', [['S', 'A']]]
[23:20:52] [yf2_v5] [INFO] 3号位打出['Single', 'A', ['SA']]， 最大动作为3号位打出的['Single', 'A', ['SA']]
[23:20:52] [yf2_v5] [INFO] 0号位打出['Single', 'R', ['HR']]， 最大动作为0号位打出的['Single', 'R', ['HR']]
[23:20:53] [yf2_v5] [INFO] 1号位打出['PASS', 'PASS', 'PASS']， 最大动作为0号位打出的['Single', 'R', ['HR']]
[23:20:53] [yf2_v5] [INFO] 2号位打出['PASS', 'PASS', 'PASS']， 最大动作为0号位打出的['Single', 'R', ['HR']]
[23:20:53] [yf2_v5] [INFO] 2号位打出['Pair', 'J', ['HJ', 'DJ']]， 最大动作为2号位打出的['Pair', 'J', ['HJ', 'DJ']]
[23:20:53] [YFAdapter-P2] [INFO] [YF-P2] Decision context: myPos=2, curPos=2, greaterPos=2, teammate=0, curAction=[, actionList_size=1
[23:20:53] [YFAdapter-P2] [INFO] [YF-P2] Decided: action_index=0, action=['PASS', 'PASS', 'PASS']
[23:20:53] [yf2_v5] [INFO] 3号位打出['PASS', 'PASS', 'PASS']， 最大动作为2号位打出的['Pair', 'J', ['HJ', 'DJ']]
[23:20:53] [yf2_v5] [INFO] 1号位打出['PASS', 'PASS', 'PASS']， 最大动作为2号位打出的['Pair', 'J', ['HJ', 'DJ']]
[23:20:53] [yf2_v5] [INFO] 2号位打出['Pair', 'Q', ['SQ', 'DQ']]， 最大动作为2号位打出的['Pair', 'Q', ['SQ', 'DQ']]
[23:20:53] [YFAdapter-P2] [INFO] [YF-P2] Decision context: myPos=2, curPos=2, greaterPos=2, teammate=0, curAction=[, actionList_size=1
[23:20:53] [YFAdapter-P2] [INFO] [YF-P2] Decided: action_index=0, action=['PASS', 'PASS', 'PASS']
[23:20:53] [yf2_v5] [INFO] 3号位打出['PASS', 'PASS', 'PASS']， 最大动作为2号位打出的['Pair', 'Q', ['SQ', 'DQ']]
[23:20:53] [yf2_v5] [INFO] 1号位打出['PASS', 'PASS', 'PASS']， 最大动作为2号位打出的['Pair', 'Q', ['SQ', 'DQ']]
[23:20:53] [yf2_v5] [INFO] 2号位打出['Pair', 'B', ['SB', 'SB']]， 最大动作为2号位打出的['Pair', 'B', ['SB', 'SB']]
[23:20:53] [YFAdapter-P2] [INFO] [YF-P2] Decision context: myPos=2, curPos=2, greaterPos=2, teammate=0, curAction=[, actionList_size=1
[23:20:53] [YFAdapter-P2] [INFO] [YF-P2] Decided: action_index=0, action=['PASS', 'PASS', 'PASS']
[23:20:53] [yf2_v5] [INFO] 3号位打出['PASS', 'PASS', 'PASS']， 最大动作为2号位打出的['Pair', 'B', ['SB', 'SB']]
[23:20:53] [yf2_v5] [INFO] 1号位打出['PASS', 'PASS', 'PASS']， 最大动作为2号位打出的['Pair', 'B', ['SB', 'SB']]
[23:20:53] [yf2_v5] [INFO] 2号位打出['Single', 'R', ['HR']]， 最大动作为2号位打出的['Single', 'R', ['HR']]
[23:20:53] [yf2_v5] [INFO] 游戏开始, 我是3号位，手牌：['S3', 'H3', 'H5', 'H5', 'C6', 'D7', 'S8', 'D8', 'ST', 'HT', 'HT', 'DT', 'DT', 'SJ', 'DJ', 'DJ', 'HQ', 'CQ', 'DQ', 'DK', 'CA', 'DA', 'H2', 'C2', 'SB', 'HR', 'HR']
[23:20:53] [yf2_v5] [INFO] 0号位打出['Single', '5', ['D5']]， 最大动作为0号位打出的['Single', '5', ['D5']]
[23:20:53] [yf2_v5] [INFO] 1号位打出['StraightFlush', '2', ['C2', 'C3', 'C4', 'C5', 'C6']]， 最大动作为1号位打出的['StraightFlush', '2', ['C2', 'C3', 'C4', 'C5', 'C6']]
[23:20:53] [yf2_v5] [INFO] 2号位打出['PASS', 'PASS', 'PASS']， 最大动作为1号位打出的['StraightFlush', '2', ['C2', 'C3', 'C4', 'C5', 'C6']]
[23:20:53] [YFAdapter-P2] [INFO] [YF-P2] Decision context: myPos=2, curPos=2, greaterPos=1, teammate=0, curAction=[, actionList_size=3
[23:20:53] [YFAdapter-P2] [INFO] [YF-P2] Decided: action_index=0, action=['PASS', 'PASS', 'PASS']
[23:20:53] [yf2_v5] [INFO] 3号位打出['StraightFlush', 'T', ['DT', 'DJ', 'DQ', 'DK', 'DA']]， 最大动作为3号位打出的['StraightFlush', 'T', ['DT', 'DJ', 'DQ', 'DK', 'DA']]
[23:20:53] [yf2_v5] [INFO] 0号位打出['PASS', 'PASS', 'PASS']， 最大动作为3号位打出的['StraightFlush', 'T', ['DT', 'DJ', 'DQ', 'DK', 'DA']]
[23:20:53] [yf2_v5] [INFO] 1号位打出['PASS', 'PASS', 'PASS']， 最大动作为3号位打出的['StraightFlush', 'T', ['DT', 'DJ', 'DQ', 'DK', 'DA']]
[23:20:53] [yf2_v5] [INFO] 2号位打出['PASS', 'PASS', 'PASS']， 最大动作为3号位打出的['StraightFlush', 'T', ['DT', 'DJ', 'DQ', 'DK', 'DA']]
[23:20:53] [YFAdapter-P2] [INFO] [YF-P2] Decision context: myPos=2, curPos=-1, greaterPos=-1, teammate=0, curAction=[, actionList_size=293
[23:20:53] [YFAdapter-P2] [INFO] [YF-P2] Decided: action_index=3, action=['Single', '6', [['C', '6']]]
[23:20:53] [yf2_v5] [INFO] 3号位打出['Single', '6', ['C6']]， 最大动作为3号位打出的['Single', '6', ['C6']]
[23:20:53] [yf2_v5] [INFO] 0号位打出['Single', '8', ['C8']]， 最大动作为0号位打出的['Single', '8', ['C8']]
[23:20:53] [yf2_v5] [INFO] 1号位打出['Single', 'A', ['SA']]， 最大动作为1号位打出的['Single', 'A', ['SA']]
[23:20:53] [yf2_v5] [INFO] 2号位打出['Single', 'B', ['SB']]， 最大动作为2号位打出的['Single', 'B', ['SB']]
[23:20:53] [YFAdapter-P2] [INFO] [YF-P2] Decision context: myPos=2, curPos=2, greaterPos=2, teammate=0, curAction=[, actionList_size=7
[23:20:53] [YFAdapter-P2] [INFO] [YF-P2] Decided: action_index=5, action=['Bomb', 'T', [['H', 'T'], ['H', 'T'], ['D', 'T'], ['H', '2']]]
[23:20:53] [yf2_v5] [INFO] 3号位打出['Bomb', 'T', ['HT', 'HT', 'DT', 'H2']]， 最大动作为3号位打出的['Bomb', 'T', ['HT', 'HT', 'DT', 'H2']]
[23:20:53] [yf2_v5] [INFO] 0号位打出['Bomb', '2', ['S2', 'S2', 'D2', 'D2']]， 最大动作为0号位打出的['Bomb', '2', ['S2', 'S2', 'D2', 'D2']]
[23:20:53] [yf2_v5] [INFO] 1号位打出['PASS', 'PASS', 'PASS']， 最大动作为0号位打出的['Bomb', '2', ['S2', 'S2', 'D2', 'D2']]
[23:20:53] [yf2_v5] [INFO] 2号位打出['PASS', 'PASS', 'PASS']， 最大动作为0号位打出的['Bomb', '2', ['S2', 'S2', 'D2', 'D2']]
[23:20:53] [YFAdapter-P2] [INFO] [YF-P2] Decision context: myPos=2, curPos=2, greaterPos=0, teammate=0, curAction=[, actionList_size=1
[23:20:53] [YFAdapter-P2] [INFO] [YF-P2] Decided: action_index=0, action=['PASS', 'PASS', 'PASS']
[23:20:53] [yf2_v5] [INFO] 3号位打出['PASS', 'PASS', 'PASS']， 最大动作为0号位打出的['Bomb', '2', ['S2', 'S2', 'D2', 'D2']]
[23:20:53] [yf2_v5] [INFO] 0号位打出['Single', '3', ['H3']]， 最大动作为0号位打出的['Single', '3', ['H3']]
[23:20:53] [yf2_v5] [INFO] 1号位打出['Single', '6', ['H6']]， 最大动作为1号位打出的['Single', '6', ['H6']]
[23:20:53] [yf2_v5] [INFO] 2号位打出['Single', 'J', ['CJ']]， 最大动作为2号位打出的['Single', 'J', ['CJ']]
[23:20:53] [YFAdapter-P2] [INFO] [YF-P2] Decision context: myPos=2, curPos=2, greaterPos=2, teammate=0, curAction=[, actionList_size=7
[23:20:53] [YFAdapter-P2] [INFO] [YF-P2] Decided: action_index=4, action=['Single', '2', [['C', '2']]]
[23:20:53] [yf2_v5] [INFO] 3号位打出['Single', '2', ['C2']]， 最大动作为3号位打出的['Single', '2', ['C2']]
[23:20:53] [yf2_v5] [INFO] 0号位打出['PASS', 'PASS', 'PASS']， 最大动作为3号位打出的['Single', '2', ['C2']]
[23:20:53] [yf2_v5] [INFO] 1号位打出['Bomb', 'A', ['HA', 'CA', 'DA', 'H2']]， 最大动作为1号位打出的['Bomb', 'A', ['HA', 'CA', 'DA', 'H2']]
[23:20:53] [yf2_v5] [INFO] 2号位打出['Bomb', '7', ['S7', 'S7', 'H7', 'C7', 'C7']]， 最大动作为2号位打出的['Bomb', '7', ['S7', 'S7', 'H7', 'C7', 'C7']]
[23:20:53] [YFAdapter-P2] [INFO] [YF-P2] Decision context: myPos=2, curPos=2, greaterPos=2, teammate=0, curAction=[, actionList_size=1
[23:20:53] [YFAdapter-P2] [INFO] [YF-P2] Decided: action_index=0, action=['PASS', 'PASS', 'PASS']
[23:20:53] [yf2_v5] [INFO] 3号位打出['PASS', 'PASS', 'PASS']， 最大动作为2号位打出的['Bomb', '7', ['S7', 'S7', 'H7', 'C7', 'C7']]
[23:20:53] [yf2_v5] [INFO] 0号位打出['PASS', 'PASS', 'PASS']， 最大动作为2号位打出的['Bomb', '7', ['S7', 'S7', 'H7', 'C7', 'C7']]
[23:20:53] [yf2_v5] [INFO] 1号位打出['PASS', 'PASS', 'PASS']， 最大动作为2号位打出的['Bomb', '7', ['S7', 'S7', 'H7', 'C7', 'C7']]
[23:20:53] [yf2_v5] [INFO] 2号位打出['Single', '6', ['D6']]， 最大动作为2号位打出的['Single', '6', ['D6']]
[23:20:53] [YFAdapter-P2] [INFO] [YF-P2] Decision context: myPos=2, curPos=2, greaterPos=2, teammate=0, curAction=[, actionList_size=12
[23:20:53] [YFAdapter-P2] [INFO] [YF-P2] Decided: action_index=4, action=['Single', 'T', [['S', 'T']]]
[23:20:53] [yf2_v5] [INFO] 3号位打出['Single', 'T', ['ST']]， 最大动作为3号位打出的['Single', 'T', ['ST']]
[23:20:53] [yf2_v5] [INFO] 0号位打出['PASS', 'PASS', 'PASS']， 最大动作为3号位打出的['Single', 'T', ['ST']]
[23:20:53] [yf2_v5] [INFO] 1号位打出['Single', 'J', ['HJ']]， 最大动作为1号位打出的['Single', 'J', ['HJ']]
[23:20:53] [yf2_v5] [INFO] 2号位打出['Single', 'Q', ['SQ']]， 最大动作为2号位打出的['Single', 'Q', ['SQ']]
[23:20:53] [YFAdapter-P2] [INFO] [YF-P2] Decision context: myPos=2, curPos=2, greaterPos=2, teammate=0, curAction=[, actionList_size=4
[23:20:53] [YFAdapter-P2] [INFO] [YF-P2] Decided: action_index=0, action=['PASS', 'PASS', 'PASS']
[23:20:53] [yf2_v5] [INFO] 3号位打出['PASS', 'PASS', 'PASS']， 最大动作为2号位打出的['Single', 'Q', ['SQ']]
[23:20:53] [yf2_v5] [INFO] 0号位打出['PASS', 'PASS', 'PASS']， 最大动作为2号位打出的['Single', 'Q', ['SQ']]
[23:20:53] [yf2_v5] [INFO] 1号位打出['Single', 'K', ['SK']]， 最大动作为1号位打出的['Single', 'K', ['SK']]
[23:20:53] [yf2_v5] [INFO] 2号位打出['PASS', 'PASS', 'PASS']， 最大动作为1号位打出的['Single', 'K', ['SK']]
[23:20:53] [YFAdapter-P2] [INFO] [YF-P2] Decision context: myPos=2, curPos=2, greaterPos=1, teammate=0, curAction=[, actionList_size=4
[23:20:53] [YFAdapter-P2] [INFO] [YF-P2] Decided: action_index=0, action=['PASS', 'PASS', 'PASS']
[23:20:53] [yf2_v5] [INFO] 3号位打出['Single', 'A', ['CA']]， 最大动作为3号位打出的['Single', 'A', ['CA']]
[23:20:53] [yf2_v5] [INFO] 0号位打出['PASS', 'PASS', 'PASS']， 最大动作为3号位打出的['Single', 'A', ['CA']]
[23:20:53] [yf2_v5] [INFO] 1号位打出['PASS', 'PASS', 'PASS']， 最大动作为3号位打出的['Single', 'A', ['CA']]
[23:20:53] [yf2_v5] [INFO] 2号位打出['PASS', 'PASS', 'PASS']， 最大动作为3号位打出的['Single', 'A', ['CA']]
[23:20:53] [YFAdapter-P2] [INFO] [YF-P2] Decision context: myPos=2, curPos=-1, greaterPos=-1, teammate=0, curAction=[, actionList_size=18
[23:20:53] [YFAdapter-P2] [INFO] [YF-P2] Decided: action_index=3, action=['Single', '7', [['D', '7']]]
[23:20:53] [yf2_v5] [INFO] 3号位打出['Single', '7', ['D7']]， 最大动作为3号位打出的['Single', '7', ['D7']]
[23:20:53] [yf2_v5] [INFO] 0号位打出['Single', 'T', ['CT']]， 最大动作为0号位打出的['Single', 'T', ['CT']]
[23:20:53] [yf2_v5] [INFO] 1号位打出['Single', 'Q', ['HQ']]， 最大动作为1号位打出的['Single', 'Q', ['HQ']]
[23:20:53] [yf2_v5] [INFO] 2号位打出['PASS', 'PASS', 'PASS']， 最大动作为1号位打出的['Single', 'Q', ['HQ']]
[23:20:53] [YFAdapter-P2] [INFO] [YF-P2] Decision context: myPos=2, curPos=2, greaterPos=1, teammate=0, curAction=[, actionList_size=3
[23:20:53] [YFAdapter-P2] [INFO] [YF-P2] Decided: action_index=0, action=['PASS', 'PASS', 'PASS']
[23:20:53] [yf2_v5] [INFO] 3号位打出['Single', 'B', ['SB']]， 最大动作为3号位打出的['Single', 'B', ['SB']]
[23:20:53] [yf2_v5] [INFO] 0号位打出['Bomb', '9', ['S9', 'H9', 'C9', 'C9']]， 最大动作为0号位打出的['Bomb', '9', ['S9', 'H9', 'C9', 'C9']]
[23:20:53] [yf2_v5] [INFO] 1号位打出['PASS', 'PASS', 'PASS']， 最大动作为0号位打出的['Bomb', '9', ['S9', 'H9', 'C9', 'C9']]
[23:20:53] [yf2_v5] [INFO] 2号位打出['PASS', 'PASS', 'PASS']， 最大动作为0号位打出的['Bomb', '9', ['S9', 'H9', 'C9', 'C9']]
[23:20:53] [YFAdapter-P2] [INFO] [YF-P2] Decision context: myPos=2, curPos=2, greaterPos=0, teammate=0, curAction=[, actionList_size=1
[23:20:53] [YFAdapter-P2] [INFO] [YF-P2] Decided: action_index=0, action=['PASS', 'PASS', 'PASS']
[23:20:53] [yf2_v5] [INFO] 3号位打出['PASS', 'PASS', 'PASS']， 最大动作为0号位打出的['Bomb', '9', ['S9', 'H9', 'C9', 'C9']]
[23:20:53] [yf2_v5] [INFO] 0号位打出['Pair', '6', ['S6', 'D6']]， 最大动作为0号位打出的['Pair', '6', ['S6', 'D6']]
[23:20:53] [yf2_v5] [INFO] 1号位打出['Pair', '8', ['S8', 'H8']]， 最大动作为1号位打出的['Pair', '8', ['S8', 'H8']]
[23:20:53] [yf2_v5] [INFO] 2号位打出['Pair', 'T', ['ST', 'CT']]， 最大动作为2号位打出的['Pair', 'T', ['ST', 'CT']]
[23:20:53] [YFAdapter-P2] [INFO] [YF-P2] Decision context: myPos=2, curPos=2, greaterPos=2, teammate=0, curAction=[, actionList_size=4
[23:20:53] [YFAdapter-P2] [INFO] [YF-P2] Decided: action_index=0, action=['PASS', 'PASS', 'PASS']
[23:20:53] [yf2_v5] [INFO] 3号位打出['PASS', 'PASS', 'PASS']， 最大动作为2号位打出的['Pair', 'T', ['ST', 'CT']]
[23:20:53] [yf2_v5] [INFO] 0号位打出['Pair', 'J', ['SJ', 'HJ']]， 最大动作为0号位打出的['Pair', 'J', ['SJ', 'HJ']]
[23:20:53] [yf2_v5] [INFO] 1号位打出['PASS', 'PASS', 'PASS']， 最大动作为0号位打出的['Pair', 'J', ['SJ', 'HJ']]
[23:20:53] [yf2_v5] [INFO] 2号位打出['PASS', 'PASS', 'PASS']， 最大动作为0号位打出的['Pair', 'J', ['SJ', 'HJ']]
[23:20:53] [YFAdapter-P2] [INFO] [YF-P2] Decision context: myPos=2, curPos=2, greaterPos=0, teammate=0, curAction=[, actionList_size=3
[23:20:53] [YFAdapter-P2] [INFO] [YF-P2] Decided: action_index=0, action=['PASS', 'PASS', 'PASS']
[23:20:53] [yf2_v5] [INFO] 3号位打出['PASS', 'PASS', 'PASS']， 最大动作为0号位打出的['Pair', 'J', ['SJ', 'HJ']]
[23:20:53] [yf2_v5] [INFO] 0号位打出['ThreeWithTwo', '4', ['S4', 'S4', 'D4', 'D3', 'D3']]， 最大动作为0号位打出的['ThreeWithTwo', '4', ['S4', 'S4', 'D4', 'D3', 'D3']]
[23:20:53] [yf2_v5] [INFO] 1号位打出['PASS', 'PASS', 'PASS']， 最大动作为0号位打出的['ThreeWithTwo', '4', ['S4', 'S4', 'D4', 'D3', 'D3']]
[23:20:53] [yf2_v5] [INFO] 2号位打出['ThreeWithTwo', '8', ['H8', 'C8', 'D8', 'S3', 'C3']]， 最大动作为2号位打出的['ThreeWithTwo', '8', ['H8', 'C8', 'D8', 'S3', 'C3']]
[23:20:53] [YFAdapter-P2] [INFO] [YF-P2] Decision context: myPos=2, curPos=2, greaterPos=2, teammate=0, curAction=[, actionList_size=1
[23:20:53] [YFAdapter-P2] [INFO] [YF-P2] Decided: action_index=0, action=['PASS', 'PASS', 'PASS']
[23:20:53] [yf2_v5] [INFO] 3号位打出['PASS', 'PASS', 'PASS']， 最大动作为2号位打出的['ThreeWithTwo', '8', ['H8', 'C8', 'D8', 'S3', 'C3']]
[23:20:53] [yf2_v5] [INFO] 0号位打出['PASS', 'PASS', 'PASS']， 最大动作为2号位打出的['ThreeWithTwo', '8', ['H8', 'C8', 'D8', 'S3', 'C3']]
[23:20:53] [yf2_v5] [INFO] 1号位打出['PASS', 'PASS', 'PASS']， 最大动作为2号位打出的['ThreeWithTwo', '8', ['H8', 'C8', 'D8', 'S3', 'C3']]
[23:20:53] [yf2_v5] [INFO] 2号位打出['Pair', '5', ['S5', 'D5']]， 最大动作为2号位打出的['Pair', '5', ['S5', 'D5']]
[23:20:53] [YFAdapter-P2] [INFO] [YF-P2] Decision context: myPos=2, curPos=2, greaterPos=2, teammate=0, curAction=[, actionList_size=5
[23:20:53] [YFAdapter-P2] [INFO] [YF-P2] Decided: action_index=3, action=['Pair', 'Q', [['H', 'Q'], ['C', 'Q']]]
[23:20:53] [yf2_v5] [INFO] 3号位打出['Pair', 'Q', ['HQ', 'CQ']]， 最大动作为3号位打出的['Pair', 'Q', ['HQ', 'CQ']]
[23:20:53] [yf2_v5] [INFO] 0号位打出['Pair', 'K', ['CK', 'DK']]， 最大动作为0号位打出的['Pair', 'K', ['CK', 'DK']]
[23:20:53] [yf2_v5] [INFO] 1号位打出['PASS', 'PASS', 'PASS']， 最大动作为0号位打出的['Pair', 'K', ['CK', 'DK']]
[23:20:53] [yf2_v5] [INFO] 2号位打出['PASS', 'PASS', 'PASS']， 最大动作为0号位打出的['Pair', 'K', ['CK', 'DK']]
[23:20:53] [YFAdapter-P2] [INFO] [YF-P2] Decision context: myPos=2, curPos=2, greaterPos=0, teammate=0, curAction=[, actionList_size=2
[23:20:53] [YFAdapter-P2] [INFO] [YF-P2] Decided: action_index=0, action=['PASS', 'PASS', 'PASS']
[23:20:53] [yf2_v5] [INFO] 3号位打出['Pair', 'R', ['HR', 'HR']]， 最大动作为3号位打出的['Pair', 'R', ['HR', 'HR']]
[23:20:53] [yf2_v5] [INFO] 0号位打出['PASS', 'PASS', 'PASS']， 最大动作为3号位打出的['Pair', 'R', ['HR', 'HR']]
[23:20:53] [yf2_v5] [INFO] 1号位打出['PASS', 'PASS', 'PASS']， 最大动作为3号位打出的['Pair', 'R', ['HR', 'HR']]
[23:20:53] [yf2_v5] [INFO] 2号位打出['Bomb', 'K', ['SK', 'HK', 'HK', 'CK']]， 最大动作为2号位打出的['Bomb', 'K', ['SK', 'HK', 'HK', 'CK']]
[23:20:53] [YFAdapter-P2] [INFO] [YF-P2] Decision context: myPos=2, curPos=2, greaterPos=2, teammate=0, curAction=[, actionList_size=1
[23:20:53] [YFAdapter-P2] [INFO] [YF-P2] Decided: action_index=0, action=['PASS', 'PASS', 'PASS']
[23:20:53] [yf2_v5] [INFO] 3号位打出['PASS', 'PASS', 'PASS']， 最大动作为2号位打出的['Bomb', 'K', ['SK', 'HK', 'HK', 'CK']]
[23:20:53] [yf2_v5] [INFO] 0号位打出['PASS', 'PASS', 'PASS']， 最大动作为2号位打出的['Bomb', 'K', ['SK', 'HK', 'HK', 'CK']]
[23:20:53] [yf2_v5] [INFO] 1号位打出['PASS', 'PASS', 'PASS']， 最大动作为2号位打出的['Bomb', 'K', ['SK', 'HK', 'HK', 'CK']]
[23:20:53] [yf2_v5] [INFO] 2号位打出['ThreeWithTwo', '9', ['S9', 'D9', 'D9', 'H4', 'C4']]， 最大动作为2号位打出的['ThreeWithTwo', '9', ['S9', 'D9', 'D9', 'H4', 'C4']]
[23:20:53] [YFAdapter-P2] [INFO] [YF-P2] Decision context: myPos=2, curPos=2, greaterPos=2, teammate=0, curAction=[, actionList_size=1
[23:20:53] [YFAdapter-P2] [INFO] [YF-P2] Decided: action_index=0, action=['PASS', 'PASS', 'PASS']
[23:20:53] [yf2_v5] [INFO] 3号位打出['PASS', 'PASS', 'PASS']， 最大动作为2号位打出的['ThreeWithTwo', '9', ['S9', 'D9', 'D9', 'H4', 'C4']]
[23:20:53] [yf2_v5] [INFO] 0号位打出['PASS', 'PASS', 'PASS']， 最大动作为2号位打出的['ThreeWithTwo', '9', ['S9', 'D9', 'D9', 'H4', 'C4']]
[23:20:53] [yf2_v5] [INFO] 0号位打出['Pair', 'Q', ['CQ', 'DQ']]， 最大动作为0号位打出的['Pair', 'Q', ['CQ', 'DQ']]
[23:20:53] [yf2_v5] [INFO] 1号位打出['PASS', 'PASS', 'PASS']， 最大动作为0号位打出的['Pair', 'Q', ['CQ', 'DQ']]
[23:20:53] [YFAdapter-P2] [INFO] [YF-P2] Decision context: myPos=2, curPos=1, greaterPos=0, teammate=0, curAction=[, actionList_size=1
[23:20:53] [YFAdapter-P2] [INFO] [YF-P2] Decided: action_index=0, action=['PASS', 'PASS', 'PASS']
[23:20:53] [yf2_v5] [INFO] 3号位打出['PASS', 'PASS', 'PASS']， 最大动作为0号位打出的['Pair', 'Q', ['CQ', 'DQ']]
[23:20:53] [yf2_v5] [INFO] 0号位打出['Pair', 'A', ['SA', 'HA']]， 最大动作为0号位打出的['Pair', 'A', ['SA', 'HA']]
[23:20:53] [yf2_v5] [INFO] 游戏开始, 我是3号位，手牌：['H2', 'D2', 'S3', 'S6', 'C6', 'H7', 'C7', 'D7', 'H9', 'ST', 'ST', 'DT', 'DT', 'SJ', 'HJ', 'SQ', 'SK', 'CK', 'CK', 'SA', 'CA', 'CA', 'H5', 'C5', 'D5', 'HR', 'HR']
[23:20:53] [yf2_v5] [INFO] 2号位打出['Single', '2', ['C2']]， 最大动作为2号位打出的['Single', '2', ['C2']]
[23:20:53] [YFAdapter-P2] [INFO] [YF-P2] Decision context: myPos=2, curPos=2, greaterPos=2, teammate=0, curAction=[, actionList_size=29
[23:20:53] [YFAdapter-P2] [INFO] [YF-P2] Decided: action_index=6, action=['Single', '7', [['D', '7']]]
[23:20:53] [yf2_v5] [INFO] 3号位打出['Single', '7', ['D7']]， 最大动作为3号位打出的['Single', '7', ['D7']]
[23:20:53] [yf2_v5] [INFO] 0号位打出['Single', '8', ['H8']]， 最大动作为0号位打出的['Single', '8', ['H8']]
[23:20:53] [yf2_v5] [INFO] 1号位打出['Bomb', '8', ['S8', 'H8', 'C8', 'D8', 'H5']]， 最大动作为1号位打出的['Bomb', '8', ['S8', 'H8', 'C8', 'D8', 'H5']]
[23:20:53] [yf2_v5] [INFO] 2号位打出['PASS', 'PASS', 'PASS']， 最大动作为1号位打出的['Bomb', '8', ['S8', 'H8', 'C8', 'D8', 'H5']]
[23:20:53] [YFAdapter-P2] [INFO] [YF-P2] Decision context: myPos=2, curPos=2, greaterPos=1, teammate=0, curAction=[, actionList_size=3
[23:20:53] [YFAdapter-P2] [INFO] [YF-P2] Decided: action_index=0, action=['PASS', 'PASS', 'PASS']
[23:20:53] [yf2_v5] [INFO] 3号位打出['Bomb', 'T', ['ST', 'ST', 'DT', 'DT', 'H5']]， 最大动作为3号位打出的['Bomb', 'T', ['ST', 'ST', 'DT', 'DT', 'H5']]
[23:20:53] [yf2_v5] [INFO] 0号位打出['PASS', 'PASS', 'PASS']， 最大动作为3号位打出的['Bomb', 'T', ['ST', 'ST', 'DT', 'DT', 'H5']]
[23:20:53] [yf2_v5] [INFO] 1号位打出['PASS', 'PASS', 'PASS']， 最大动作为3号位打出的['Bomb', 'T', ['ST', 'ST', 'DT', 'DT', 'H5']]
[23:20:53] [yf2_v5] [INFO] 2号位打出['PASS', 'PASS', 'PASS']， 最大动作为3号位打出的['Bomb', 'T', ['ST', 'ST', 'DT', 'DT', 'H5']]
[23:20:53] [YFAdapter-P2] [INFO] [YF-P2] Decision context: myPos=2, curPos=-1, greaterPos=-1, teammate=0, curAction=[, actionList_size=47
[23:20:53] [YFAdapter-P2] [INFO] [YF-P2] Decided: action_index=2, action=['Single', '3', [['S', '3']]]
[23:20:53] [yf2_v5] [INFO] 3号位打出['Single', '3', ['S3']]， 最大动作为3号位打出的['Single', '3', ['S3']]
[23:20:53] [yf2_v5] [INFO] 0号位打出['Single', 'Q', ['CQ']]， 最大动作为0号位打出的['Single', 'Q', ['CQ']]
[23:20:53] [yf2_v5] [INFO] 1号位打出['Bomb', 'Q', ['SQ', 'HQ', 'HQ', 'CQ']]， 最大动作为1号位打出的['Bomb', 'Q', ['SQ', 'HQ', 'HQ', 'CQ']]
[23:20:53] [yf2_v5] [INFO] 2号位打出['Bomb', '3', ['S3', 'H3', 'H3', 'C3', 'C3', 'D3']]， 最大动作为2号位打出的['Bomb', '3', ['S3', 'H3', 'H3', 'C3', 'C3', 'D3']]
[23:20:53] [YFAdapter-P2] [INFO] [YF-P2] Decision context: myPos=2, curPos=2, greaterPos=2, teammate=0, curAction=[, actionList_size=1
[23:20:53] [YFAdapter-P2] [INFO] [YF-P2] Decided: action_index=0, action=['PASS', 'PASS', 'PASS']
[23:20:53] [yf2_v5] [INFO] 3号位打出['PASS', 'PASS', 'PASS']， 最大动作为2号位打出的['Bomb', '3', ['S3', 'H3', 'H3', 'C3', 'C3', 'D3']]
[23:20:53] [yf2_v5] [INFO] 0号位打出['PASS', 'PASS', 'PASS']， 最大动作为2号位打出的['Bomb', '3', ['S3', 'H3', 'H3', 'C3', 'C3', 'D3']]
[23:20:53] [yf2_v5] [INFO] 1号位打出['PASS', 'PASS', 'PASS']， 最大动作为2号位打出的['Bomb', '3', ['S3', 'H3', 'H3', 'C3', 'C3', 'D3']]
[23:20:53] [yf2_v5] [INFO] 2号位打出['Single', '6', ['H6']]， 最大动作为2号位打出的['Single', '6', ['H6']]
[23:20:53] [YFAdapter-P2] [INFO] [YF-P2] Decision context: myPos=2, curPos=2, greaterPos=2, teammate=0, curAction=[, actionList_size=14
[23:20:53] [YFAdapter-P2] [INFO] [YF-P2] Decided: action_index=10, action=['Single', 'A', [['C', 'A']]]
[23:20:53] [yf2_v5] [INFO] 3号位打出['Single', 'A', ['CA']]， 最大动作为3号位打出的['Single', 'A', ['CA']]
[23:20:53] [yf2_v5] [INFO] 0号位打出['Single', 'B', ['SB']]， 最大动作为0号位打出的['Single', 'B', ['SB']]
[23:20:53] [yf2_v5] [INFO] 1号位打出['PASS', 'PASS', 'PASS']， 最大动作为0号位打出的['Single', 'B', ['SB']]
[23:20:53] [yf2_v5] [INFO] 2号位打出['PASS', 'PASS', 'PASS']， 最大动作为0号位打出的['Single', 'B', ['SB']]
[23:20:53] [YFAdapter-P2] [INFO] [YF-P2] Decision context: myPos=2, curPos=2, greaterPos=0, teammate=0, curAction=[, actionList_size=2
[23:20:53] [YFAdapter-P2] [INFO] [YF-P2] Decided: action_index=0, action=['PASS', 'PASS', 'PASS']
[23:20:53] [yf2_v5] [INFO] 3号位打出['PASS', 'PASS', 'PASS']， 最大动作为0号位打出的['Single', 'B', ['SB']]
[23:20:53] [yf2_v5] [INFO] 0号位打出['Single', '3', ['D3']]， 最大动作为0号位打出的['Single', '3', ['D3']]
[23:20:53] [yf2_v5] [INFO] 1号位打出['Single', 'B', ['SB']]， 最大动作为1号位打出的['Single', 'B', ['SB']]
[23:20:53] [yf2_v5] [INFO] 2号位打出['PASS', 'PASS', 'PASS']， 最大动作为1号位打出的['Single', 'B', ['SB']]
[23:20:53] [YFAdapter-P2] [INFO] [YF-P2] Decision context: myPos=2, curPos=2, greaterPos=1, teammate=0, curAction=[, actionList_size=2
[23:20:54] [YFAdapter-P2] [INFO] [YF-P2] Decided: action_index=0, action=['PASS', 'PASS', 'PASS']
[23:20:54] [yf2_v5] [INFO] 3号位打出['Single', 'R', ['HR']]， 最大动作为3号位打出的['Single', 'R', ['HR']]
[23:20:54] [yf2_v5] [INFO] 0号位打出['Bomb', '4', ['S4', 'H4', 'C4', 'D4']]， 最大动作为0号位打出的['Bomb', '4', ['S4', 'H4', 'C4', 'D4']]
[23:20:54] [yf2_v5] [INFO] 1号位打出['PASS', 'PASS', 'PASS']， 最大动作为0号位打出的['Bomb', '4', ['S4', 'H4', 'C4', 'D4']]
[23:20:54] [yf2_v5] [INFO] 2号位打出['PASS', 'PASS', 'PASS']， 最大动作为0号位打出的['Bomb', '4', ['S4', 'H4', 'C4', 'D4']]
[23:20:54] [YFAdapter-P2] [INFO] [YF-P2] Decision context: myPos=2, curPos=2, greaterPos=0, teammate=0, curAction=[, actionList_size=1
[23:20:54] [YFAdapter-P2] [INFO] [YF-P2] Decided: action_index=0, action=['PASS', 'PASS', 'PASS']
[23:20:54] [yf2_v5] [INFO] 3号位打出['PASS', 'PASS', 'PASS']， 最大动作为0号位打出的['Bomb', '4', ['S4', 'H4', 'C4', 'D4']]
[23:20:54] [yf2_v5] [INFO] 0号位打出['ThreeWithTwo', '2', ['S2', 'S2', 'D2', 'H7', 'C7']]， 最大动作为0号位打出的['ThreeWithTwo', '2', ['S2', 'S2', 'D2', 'H7', 'C7']]
[23:20:54] [yf2_v5] [INFO] 1号位打出['ThreeWithTwo', 'A', ['HA', 'DA', 'DA', 'H2', 'C2']]， 最大动作为1号位打出的['ThreeWithTwo', 'A', ['HA', 'DA', 'DA', 'H2', 'C2']]
[23:20:54] [yf2_v5] [INFO] 2号位打出['Bomb', '9', ['S9', 'C9', 'D9', 'D9']]， 最大动作为2号位打出的['Bomb', '9', ['S9', 'C9', 'D9', 'D9']]
[23:20:54] [YFAdapter-P2] [INFO] [YF-P2] Decision context: myPos=2, curPos=2, greaterPos=2, teammate=0, curAction=[, actionList_size=1
[23:20:54] [YFAdapter-P2] [INFO] [YF-P2] Decided: action_index=0, action=['PASS', 'PASS', 'PASS']
[23:20:54] [yf2_v5] [INFO] 3号位打出['PASS', 'PASS', 'PASS']， 最大动作为2号位打出的['Bomb', '9', ['S9', 'C9', 'D9', 'D9']]
[23:20:54] [yf2_v5] [INFO] 0号位打出['PASS', 'PASS', 'PASS']， 最大动作为2号位打出的['Bomb', '9', ['S9', 'C9', 'D9', 'D9']]
[23:20:54] [yf2_v5] [INFO] 1号位打出['PASS', 'PASS', 'PASS']， 最大动作为2号位打出的['Bomb', '9', ['S9', 'C9', 'D9', 'D9']]
[23:20:54] [yf2_v5] [INFO] 2号位打出['Single', '7', ['S7']]， 最大动作为2号位打出的['Single', '7', ['S7']]
[23:20:54] [YFAdapter-P2] [INFO] [YF-P2] Decision context: myPos=2, curPos=2, greaterPos=2, teammate=0, curAction=[, actionList_size=12
[23:20:54] [YFAdapter-P2] [INFO] [YF-P2] Decided: action_index=1, action=['Single', '9', [['H', '9']]]
[23:20:54] [yf2_v5] [INFO] 3号位打出['Single', '9', ['H9']]， 最大动作为3号位打出的['Single', '9', ['H9']]
[23:20:54] [yf2_v5] [INFO] 0号位打出['Single', 'A', ['SA']]， 最大动作为0号位打出的['Single', 'A', ['SA']]
[23:20:54] [yf2_v5] [INFO] 1号位打出['Single', '5', ['S5']]， 最大动作为1号位打出的['Single', '5', ['S5']]
[23:20:54] [yf2_v5] [INFO] 2号位打出['PASS', 'PASS', 'PASS']， 最大动作为1号位打出的['Single', '5', ['S5']]
[23:20:54] [YFAdapter-P2] [INFO] [YF-P2] Decision context: myPos=2, curPos=2, greaterPos=1, teammate=0, curAction=[, actionList_size=2
[23:20:54] [YFAdapter-P2] [INFO] [YF-P2] Decided: action_index=0, action=['PASS', 'PASS', 'PASS']
[23:20:54] [yf2_v5] [INFO] 3号位打出['Single', 'R', ['HR']]， 最大动作为3号位打出的['Single', 'R', ['HR']]
[23:20:54] [yf2_v5] [INFO] 0号位打出['PASS', 'PASS', 'PASS']， 最大动作为3号位打出的['Single', 'R', ['HR']]
[23:20:54] [yf2_v5] [INFO] 1号位打出['PASS', 'PASS', 'PASS']， 最大动作为3号位打出的['Single', 'R', ['HR']]
[23:20:54] [yf2_v5] [INFO] 2号位打出['PASS', 'PASS', 'PASS']， 最大动作为3号位打出的['Single', 'R', ['HR']]
[23:20:54] [YFAdapter-P2] [INFO] [YF-P2] Decision context: myPos=2, curPos=-1, greaterPos=-1, teammate=0, curAction=[, actionList_size=31
[23:20:54] [YFAdapter-P2] [INFO] [YF-P2] Decided: action_index=15, action=['Pair', '2', [['H', '2'], ['D', '2']]]
[23:20:54] [yf2_v5] [INFO] 3号位打出['Pair', '2', ['H2', 'D2']]， 最大动作为3号位打出的['Pair', '2', ['H2', 'D2']]
[23:20:54] [yf2_v5] [INFO] 0号位打出['Pair', 'T', ['CT', 'CT']]， 最大动作为0号位打出的['Pair', 'T', ['CT', 'CT']]
[23:20:54] [yf2_v5] [INFO] 1号位打出['Pair', 'K', ['HK', 'DK']]， 最大动作为1号位打出的['Pair', 'K', ['HK', 'DK']]
[23:20:54] [yf2_v5] [INFO] 2号位打出['Pair', '5', ['C5', 'D5']]， 最大动作为2号位打出的['Pair', '5', ['C5', 'D5']]
[23:20:54] [YFAdapter-P2] [INFO] [YF-P2] Decision context: myPos=2, curPos=2, greaterPos=2, teammate=0, curAction=[, actionList_size=1
[23:20:54] [YFAdapter-P2] [INFO] [YF-P2] Decided: action_index=0, action=['PASS', 'PASS', 'PASS']
[23:20:54] [yf2_v5] [INFO] 3号位打出['PASS', 'PASS', 'PASS']， 最大动作为2号位打出的['Pair', '5', ['C5', 'D5']]
[23:20:54] [yf2_v5] [INFO] 0号位打出['PASS', 'PASS', 'PASS']， 最大动作为2号位打出的['Pair', '5', ['C5', 'D5']]
[23:20:54] [yf2_v5] [INFO] 1号位打出['PASS', 'PASS', 'PASS']， 最大动作为2号位打出的['Pair', '5', ['C5', 'D5']]
[23:20:54] [yf2_v5] [INFO] 2号位打出['Single', '8', ['D8']]， 最大动作为2号位打出的['Single', '8', ['D8']]
[23:20:54] [YFAdapter-P2] [INFO] [YF-P2] Decision context: myPos=2, curPos=2, greaterPos=2, teammate=0, curAction=[, actionList_size=10
[23:20:54] [YFAdapter-P2] [INFO] [YF-P2] Decided: action_index=4, action=['Single', 'K', [['S', 'K']]]
[23:20:54] [yf2_v5] [INFO] 3号位打出['Single', 'K', ['SK']]， 最大动作为3号位打出的['Single', 'K', ['SK']]
[23:20:54] [yf2_v5] [INFO] 0号位打出['Bomb', '6', ['S6', 'C6', 'D6', 'D6']]， 最大动作为0号位打出的['Bomb', '6', ['S6', 'C6', 'D6', 'D6']]
[23:20:54] [yf2_v5] [INFO] 1号位打出['PASS', 'PASS', 'PASS']， 最大动作为0号位打出的['Bomb', '6', ['S6', 'C6', 'D6', 'D6']]
[23:20:54] [yf2_v5] [INFO] 2号位打出['PASS', 'PASS', 'PASS']， 最大动作为0号位打出的['Bomb', '6', ['S6', 'C6', 'D6', 'D6']]
[23:20:54] [YFAdapter-P2] [INFO] [YF-P2] Decision context: myPos=2, curPos=2, greaterPos=0, teammate=0, curAction=[, actionList_size=1
[23:20:54] [YFAdapter-P2] [INFO] [YF-P2] Decided: action_index=0, action=['PASS', 'PASS', 'PASS']
[23:20:54] [yf2_v5] [INFO] 3号位打出['PASS', 'PASS', 'PASS']， 最大动作为0号位打出的['Bomb', '6', ['S6', 'C6', 'D6', 'D6']]
[23:20:54] [yf2_v5] [INFO] 0号位打出['ThreeWithTwo', '9', ['S9', 'H9', 'C9', 'CJ', 'CJ']]， 最大动作为0号位打出的['ThreeWithTwo', '9', ['S9', 'H9', 'C9', 'CJ', 'CJ']]
[23:20:54] [yf2_v5] [INFO] 1号位打出['PASS', 'PASS', 'PASS']， 最大动作为0号位打出的['ThreeWithTwo', '9', ['S9', 'H9', 'C9', 'CJ', 'CJ']]
[23:20:54] [yf2_v5] [INFO] 2号位打出['PASS', 'PASS', 'PASS']， 最大动作为0号位打出的['ThreeWithTwo', '9', ['S9', 'H9', 'C9', 'CJ', 'CJ']]
[23:20:54] [YFAdapter-P2] [INFO] [YF-P2] Decision context: myPos=2, curPos=2, greaterPos=0, teammate=0, curAction=[, actionList_size=1
[23:20:54] [YFAdapter-P2] [INFO] [YF-P2] Decided: action_index=0, action=['PASS', 'PASS', 'PASS']
[23:20:54] [yf2_v5] [INFO] 3号位打出['PASS', 'PASS', 'PASS']， 最大动作为0号位打出的['ThreeWithTwo', '9', ['S9', 'H9', 'C9', 'CJ', 'CJ']]
[23:20:54] [yf2_v5] [INFO] 0号位打出['Pair', 'K', ['SK', 'HK']]， 最大动作为0号位打出的['Pair', 'K', ['SK', 'HK']]
[23:20:54] [yf2_v5] [INFO] 1号位打出['PASS', 'PASS', 'PASS']， 最大动作为0号位打出的['Pair', 'K', ['SK', 'HK']]
[23:20:54] [yf2_v5] [INFO] 2号位打出['PASS', 'PASS', 'PASS']， 最大动作为0号位打出的['Pair', 'K', ['SK', 'HK']]
[23:20:54] [yf2_v5] [INFO] 2号位打出['ThreeWithTwo', '4', ['S4', 'C4', 'D4', 'HJ', 'DJ']]， 最大动作为2号位打出的['ThreeWithTwo', '4', ['S4', 'C4', 'D4', 'HJ', 'DJ']]
[23:20:54] [YFAdapter-P2] [INFO] [YF-P2] Decision context: myPos=2, curPos=2, greaterPos=2, teammate=0, curAction=[, actionList_size=1
[23:20:54] [YFAdapter-P2] [INFO] [YF-P2] Decided: action_index=0, action=['PASS', 'PASS', 'PASS']
[23:20:54] [yf2_v5] [INFO] 3号位打出['PASS', 'PASS', 'PASS']， 最大动作为2号位打出的['ThreeWithTwo', '4', ['S4', 'C4', 'D4', 'HJ', 'DJ']]
[23:20:54] [yf2_v5] [INFO] 1号位打出['PASS', 'PASS', 'PASS']， 最大动作为2号位打出的['ThreeWithTwo', '4', ['S4', 'C4', 'D4', 'HJ', 'DJ']]
[23:20:54] [yf2_v5] [INFO] 2号位打出['Single', 'Q', ['DQ']]， 最大动作为2号位打出的['Single', 'Q', ['DQ']]
[23:20:54] [YFAdapter-P2] [INFO] [YF-P2] Decision context: myPos=2, curPos=2, greaterPos=2, teammate=0, curAction=[, actionList_size=6
[23:20:54] [YFAdapter-P2] [INFO] [YF-P2] Decided: action_index=2, action=['Single', 'A', [['S', 'A']]]
[23:20:54] [yf2_v5] [INFO] 3号位打出['PASS', 'PASS', 'PASS']， 最大动作为2号位打出的['Single', 'Q', ['DQ']]
[23:20:54] [yf2_v5] [INFO] 1号位打出['PASS', 'PASS', 'PASS']， 最大动作为2号位打出的['Single', 'Q', ['DQ']]
[23:20:54] [yf2_v5] [INFO] 2号位打出['Straight', 'T', ['HT', 'SJ', 'DQ', 'DK', 'HA']]， 最大动作为2号位打出的['Straight', 'T', ['HT', 'SJ', 'DQ', 'DK', 'HA']]
[23:20:54] [yf2_v5] [INFO] 游戏开始, 我是3号位，手牌：['S2', 'C3', 'D3', 'C4', 'D4', 'D4', 'C5', 'S6', 'S6', 'C6', 'D7', 'H9', 'C9', 'D9', 'ST', 'CT', 'SJ', 'HJ', 'DJ', 'SK', 'HK', 'CK', 'CK', 'DK', 'CA', 'H8', 'H8']
[23:20:54] [YFAdapter-P2] [INFO] [YF-P2] Decision context: myPos=2, curPos=-1, greaterPos=-1, teammate=0, curAction=[, actionList_size=1
[23:20:54] [YFAdapter-P2] [INFO] [YF-P2] Decided: action_index=0, action=['tribute', 'tribute', [['C', 'A']]]
[23:20:54] [yf2_v5] [INFO] 1号位打出['Single', '3', ['C3']]， 最大动作为1号位打出的['Single', '3', ['C3']]
[23:20:54] [yf2_v5] [INFO] 2号位打出['Single', 'J', ['SJ']]， 最大动作为2号位打出的['Single', 'J', ['SJ']]
[23:20:54] [YFAdapter-P2] [INFO] [YF-P2] Decision context: myPos=2, curPos=2, greaterPos=2, teammate=0, curAction=[, actionList_size=72
[23:20:54] [YFAdapter-P2] [INFO] [YF-P2] Decided: action_index=5, action=['Single', '8', [['H', '8']]]
[23:20:54] [yf2_v5] [INFO] 3号位打出['Single', '8', ['H8']]， 最大动作为3号位打出的['Single', '8', ['H8']]
[23:20:54] [yf2_v5] [INFO] 0号位打出['Single', 'B', ['SB']]， 最大动作为0号位打出的['Single', 'B', ['SB']]
[23:20:54] [yf2_v5] [INFO] 1号位打出['PASS', 'PASS', 'PASS']， 最大动作为0号位打出的['Single', 'B', ['SB']]
[23:20:54] [yf2_v5] [INFO] 2号位打出['PASS', 'PASS', 'PASS']， 最大动作为0号位打出的['Single', 'B', ['SB']]
[23:20:54] [YFAdapter-P2] [INFO] [YF-P2] Decision context: myPos=2, curPos=2, greaterPos=0, teammate=0, curAction=[, actionList_size=26
[23:20:54] [YFAdapter-P2] [INFO] [YF-P2] Decided: action_index=0, action=['PASS', 'PASS', 'PASS']
[23:20:54] [yf2_v5] [INFO] 3号位打出['PASS', 'PASS', 'PASS']， 最大动作为0号位打出的['Single', 'B', ['SB']]
[23:20:54] [yf2_v5] [INFO] 0号位打出['ThreePair', '2', ['C2', 'D2', 'S3', 'D3', 'S4', 'H4']]， 最大动作为0号位打出的['ThreePair', '2', ['C2', 'D2', 'S3', 'D3', 'S4', 'H4']]
[23:20:54] [yf2_v5] [INFO] 1号位打出['ThreePair', '6', ['H6', 'H6', 'S7', 'H7', 'S8', 'S8']]， 最大动作为1号位打出的['ThreePair', '6', ['H6', 'H6', 'S7', 'H7', 'S8', 'S8']]
[23:20:54] [yf2_v5] [INFO] 2号位打出['PASS', 'PASS', 'PASS']， 最大动作为1号位打出的['ThreePair', '6', ['H6', 'H6', 'S7', 'H7', 'S8', 'S8']]
[23:20:54] [YFAdapter-P2] [INFO] [YF-P2] Decision context: myPos=2, curPos=2, greaterPos=1, teammate=0, curAction=[, actionList_size=71
[23:20:54] [YFAdapter-P2] [INFO] [YF-P2] Decided: action_index=0, action=['PASS', 'PASS', 'PASS']
[23:20:54] [yf2_v5] [INFO] 3号位打出['Bomb', 'J', ['SJ', 'HJ', 'DJ', 'H8']]， 最大动作为3号位打出的['Bomb', 'J', ['SJ', 'HJ', 'DJ', 'H8']]
[23:20:54] [yf2_v5] [INFO] 0号位打出['PASS', 'PASS', 'PASS']， 最大动作为3号位打出的['Bomb', 'J', ['SJ', 'HJ', 'DJ', 'H8']]
[23:20:54] [yf2_v5] [INFO] 1号位打出['PASS', 'PASS', 'PASS']， 最大动作为3号位打出的['Bomb', 'J', ['SJ', 'HJ', 'DJ', 'H8']]
[23:20:54] [yf2_v5] [INFO] 2号位打出['PASS', 'PASS', 'PASS']， 最大动作为3号位打出的['Bomb', 'J', ['SJ', 'HJ', 'DJ', 'H8']]
[23:20:54] [YFAdapter-P2] [INFO] [YF-P2] Decision context: myPos=2, curPos=-1, greaterPos=-1, teammate=0, curAction=[, actionList_size=229
[23:20:54] [YFAdapter-P2] [INFO] [YF-P2] Decided: action_index=0, action=['Single', '2', [['S', '2']]]
[23:20:54] [yf2_v5] [INFO] 3号位打出['Single', '2', ['S2']]， 最大动作为3号位打出的['Single', '2', ['S2']]
[23:20:54] [yf2_v5] [INFO] 0号位打出['Single', '9', ['C9']]， 最大动作为0号位打出的['Single', '9', ['C9']]
[23:20:54] [yf2_v5] [INFO] 1号位打出['Single', '8', ['C8']]， 最大动作为1号位打出的['Single', '8', ['C8']]
[23:20:54] [yf2_v5] [INFO] 2号位打出['Single', 'R', ['HR']]， 最大动作为2号位打出的['Single', 'R', ['HR']]
[23:20:54] [YFAdapter-P2] [INFO] [YF-P2] Decision context: myPos=2, curPos=2, greaterPos=2, teammate=0, curAction=[, actionList_size=7
[23:20:54] [YFAdapter-P2] [INFO] [YF-P2] Decided: action_index=2, action=['Bomb', 'K', [['S', 'K'], ['H', 'K'], ['C', 'K'], ['D', 'K']]]
[23:20:54] [yf2_v5] [INFO] 3号位打出['Bomb', 'K', ['SK', 'HK', 'CK', 'DK']]， 最大动作为3号位打出的['Bomb', 'K', ['SK', 'HK', 'CK', 'DK']]
[23:20:54] [yf2_v5] [INFO] 0号位打出['Bomb', 'A', ['SA', 'HA', 'HA', 'DA']]， 最大动作为0号位打出的['Bomb', 'A', ['SA', 'HA', 'HA', 'DA']]
[23:20:54] [yf2_v5] [INFO] 1号位打出['PASS', 'PASS', 'PASS']， 最大动作为0号位打出的['Bomb', 'A', ['SA', 'HA', 'HA', 'DA']]
[23:20:54] [yf2_v5] [INFO] 2号位打出['PASS', 'PASS', 'PASS']， 最大动作为0号位打出的['Bomb', 'A', ['SA', 'HA', 'HA', 'DA']]
[23:20:54] [YFAdapter-P2] [INFO] [YF-P2] Decision context: myPos=2, curPos=2, greaterPos=0, teammate=0, curAction=[, actionList_size=1
[23:20:54] [YFAdapter-P2] [INFO] [YF-P2] Decided: action_index=0, action=['PASS', 'PASS', 'PASS']
[23:20:54] [yf2_v5] [INFO] 3号位打出['PASS', 'PASS', 'PASS']， 最大动作为0号位打出的['Bomb', 'A', ['SA', 'HA', 'HA', 'DA']]
[23:20:54] [yf2_v5] [INFO] 0号位打出['Single', 'T', ['HT']]， 最大动作为0号位打出的['Single', 'T', ['HT']]
[23:20:54] [yf2_v5] [INFO] 1号位打出['Single', '8', ['D8']]， 最大动作为1号位打出的['Single', '8', ['D8']]
[23:20:54] [yf2_v5] [INFO] 2号位打出['PASS', 'PASS', 'PASS']， 最大动作为1号位打出的['Single', '8', ['D8']]
[23:20:54] [YFAdapter-P2] [INFO] [YF-P2] Decision context: myPos=2, curPos=2, greaterPos=1, teammate=0, curAction=[, actionList_size=2
[23:20:54] [YFAdapter-P2] [INFO] [YF-P2] Decided: action_index=0, action=['PASS', 'PASS', 'PASS']
[23:20:54] [yf2_v5] [INFO] 3号位打出['PASS', 'PASS', 'PASS']， 最大动作为1号位打出的['Single', '8', ['D8']]
[23:20:54] [yf2_v5] [INFO] 0号位打出['Single', 'B', ['SB']]， 最大动作为0号位打出的['Single', 'B', ['SB']]
[23:20:54] [yf2_v5] [INFO] 1号位打出['PASS', 'PASS', 'PASS']， 最大动作为0号位打出的['Single', 'B', ['SB']]
[23:20:54] [yf2_v5] [INFO] 2号位打出['PASS', 'PASS', 'PASS']， 最大动作为0号位打出的['Single', 'B', ['SB']]
[23:20:54] [YFAdapter-P2] [INFO] [YF-P2] Decision context: myPos=2, curPos=2, greaterPos=0, teammate=0, curAction=[, actionList_size=2
[23:20:54] [YFAdapter-P2] [INFO] [YF-P2] Decided: action_index=0, action=['PASS', 'PASS', 'PASS']
[23:20:54] [yf2_v5] [INFO] 3号位打出['PASS', 'PASS', 'PASS']， 最大动作为0号位打出的['Single', 'B', ['SB']]
[23:20:54] [yf2_v5] [INFO] 0号位打出['ThreeWithTwo', 'J', ['HJ', 'CJ', 'DJ', 'S5', 'H5']]， 最大动作为0号位打出的['ThreeWithTwo', 'J', ['HJ', 'CJ', 'DJ', 'S5', 'H5']]
[23:20:54] [yf2_v5] [INFO] 1号位打出['ThreeWithTwo', 'Q', ['SQ', 'HQ', 'CQ', 'S5', 'D5']]， 最大动作为1号位打出的['ThreeWithTwo', 'Q', ['SQ', 'HQ', 'CQ', 'S5', 'D5']]
[23:20:54] [yf2_v5] [INFO] 2号位打出['ThreeWithTwo', 'A', ['CA', 'CA', 'DA', 'S2', 'H2']]， 最大动作为2号位打出的['ThreeWithTwo', 'A', ['CA', 'CA', 'DA', 'S2', 'H2']]
[23:20:54] [YFAdapter-P2] [INFO] [YF-P2] Decision context: myPos=2, curPos=2, greaterPos=2, teammate=0, curAction=[, actionList_size=2
[23:20:54] [YFAdapter-P2] [INFO] [YF-P2] Decided: action_index=0, action=['PASS', 'PASS', 'PASS']
[23:20:54] [yf2_v5] [INFO] 3号位打出['PASS', 'PASS', 'PASS']， 最大动作为2号位打出的['ThreeWithTwo', 'A', ['CA', 'CA', 'DA', 'S2', 'H2']]
[23:20:54] [yf2_v5] [INFO] 0号位打出['PASS', 'PASS', 'PASS']， 最大动作为2号位打出的['ThreeWithTwo', 'A', ['CA', 'CA', 'DA', 'S2', 'H2']]
[23:20:54] [yf2_v5] [INFO] 1号位打出['PASS', 'PASS', 'PASS']， 最大动作为2号位打出的['ThreeWithTwo', 'A', ['CA', 'CA', 'DA', 'S2', 'H2']]
[23:20:54] [yf2_v5] [INFO] 2号位打出['ThreePair', '5', ['H5', 'D5', 'C6', 'D6', 'C7', 'C7']]， 最大动作为2号位打出的['ThreePair', '5', ['H5', 'D5', 'C6', 'D6', 'C7', 'C7']]
[23:20:54] [YFAdapter-P2] [INFO] [YF-P2] Decision context: myPos=2, curPos=2, greaterPos=2, teammate=0, curAction=[, actionList_size=2
[23:20:54] [YFAdapter-P2] [INFO] [YF-P2] Decided: action_index=0, action=['PASS', 'PASS', 'PASS']
[23:20:54] [yf2_v5] [INFO] 3号位打出['PASS', 'PASS', 'PASS']， 最大动作为2号位打出的['ThreePair', '5', ['H5', 'D5', 'C6', 'D6', 'C7', 'C7']]
[23:20:54] [yf2_v5] [INFO] 0号位打出['PASS', 'PASS', 'PASS']， 最大动作为2号位打出的['ThreePair', '5', ['H5', 'D5', 'C6', 'D6', 'C7', 'C7']]
[23:20:54] [yf2_v5] [INFO] 1号位打出['PASS', 'PASS', 'PASS']， 最大动作为2号位打出的['ThreePair', '5', ['H5', 'D5', 'C6', 'D6', 'C7', 'C7']]
[23:20:54] [yf2_v5] [INFO] 2号位打出['ThreeWithTwo', '3', ['S3', 'H3', 'H3', 'ST', 'DT']]， 最大动作为2号位打出的['ThreeWithTwo', '3', ['S3', 'H3', 'H3', 'ST', 'DT']]
[23:20:54] [YFAdapter-P2] [INFO] [YF-P2] Decision context: myPos=2, curPos=2, greaterPos=2, teammate=0, curAction=[, actionList_size=40
[23:20:54] [YFAdapter-P2] [INFO] [YF-P2] Decided: action_index=5, action=['ThreeWithTwo', '4', [['H', '4'], ['C', '4'], ['D', '4'], ['H', '9'], ['C', '9']]]
[23:20:54] [yf2_v5] [INFO] 3号位打出['ThreeWithTwo', '4', ['H4', 'C4', 'D4', 'H9', 'C9']]， 最大动作为3号位打出的['ThreeWithTwo', '4', ['H4', 'C4', 'D4', 'H9', 'C9']]
[23:20:54] [yf2_v5] [INFO] 0号位打出['ThreeWithTwo', 'Q', ['SQ', 'CQ', 'DQ', 'S7', 'H7']]， 最大动作为0号位打出的['ThreeWithTwo', 'Q', ['SQ', 'CQ', 'DQ', 'S7', 'H7']]
[23:20:54] [yf2_v5] [INFO] 1号位打出['PASS', 'PASS', 'PASS']， 最大动作为0号位打出的['ThreeWithTwo', 'Q', ['SQ', 'CQ', 'DQ', 'S7', 'H7']]
[23:20:54] [yf2_v5] [INFO] 2号位打出['PASS', 'PASS', 'PASS']， 最大动作为0号位打出的['ThreeWithTwo', 'Q', ['SQ', 'CQ', 'DQ', 'S7', 'H7']]
[23:20:54] [YFAdapter-P2] [INFO] [YF-P2] Decision context: myPos=2, curPos=2, greaterPos=0, teammate=0, curAction=[, actionList_size=1
[23:20:54] [YFAdapter-P2] [INFO] [YF-P2] Decided: action_index=0, action=['PASS', 'PASS', 'PASS']
[23:20:54] [yf2_v5] [INFO] 3号位打出['PASS', 'PASS', 'PASS']， 最大动作为0号位打出的['ThreeWithTwo', 'Q', ['SQ', 'CQ', 'DQ', 'S7', 'H7']]
[23:20:54] [yf2_v5] [INFO] 0号位打出['Pair', 'K', ['SK', 'DK']]， 最大动作为0号位打出的['Pair', 'K', ['SK', 'DK']]
[23:20:54] [yf2_v5] [INFO] 1号位打出['PASS', 'PASS', 'PASS']， 最大动作为0号位打出的['Pair', 'K', ['SK', 'DK']]
[23:20:54] [yf2_v5] [INFO] 2号位打出['PASS', 'PASS', 'PASS']， 最大动作为0号位打出的['Pair', 'K', ['SK', 'DK']]
[23:20:54] [YFAdapter-P2] [INFO] [YF-P2] Decision context: myPos=2, curPos=2, greaterPos=0, teammate=0, curAction=[, actionList_size=1
[23:20:54] [YFAdapter-P2] [INFO] [YF-P2] Decided: action_index=0, action=['PASS', 'PASS', 'PASS']
[23:20:54] [yf2_v5] [INFO] 3号位打出['PASS', 'PASS', 'PASS']， 最大动作为0号位打出的['Pair', 'K', ['SK', 'DK']]
[23:20:54] [yf2_v5] [INFO] 0号位打出['Single', 'R', ['HR']]， 最大动作为0号位打出的['Single', 'R', ['HR']]
[23:20:54] [yf2_v5] [INFO] 1号位打出['PASS', 'PASS', 'PASS']， 最大动作为0号位打出的['Single', 'R', ['HR']]
[23:20:54] [yf2_v5] [INFO] 2号位打出['PASS', 'PASS', 'PASS']， 最大动作为0号位打出的['Single', 'R', ['HR']]
[23:20:54] [yf2_v5] [INFO] 2号位打出['Pair', 'Q', ['HQ', 'DQ']]， 最大动作为2号位打出的['Pair', 'Q', ['HQ', 'DQ']]
[23:20:54] [YFAdapter-P2] [INFO] [YF-P2] Decision context: myPos=2, curPos=2, greaterPos=2, teammate=0, curAction=[, actionList_size=1
[23:20:54] [YFAdapter-P2] [INFO] [YF-P2] Decided: action_index=0, action=['PASS', 'PASS', 'PASS']
[23:20:54] [yf2_v5] [INFO] 3号位打出['PASS', 'PASS', 'PASS']， 最大动作为2号位打出的['Pair', 'Q', ['HQ', 'DQ']]
[23:20:54] [yf2_v5] [INFO] 1号位打出['PASS', 'PASS', 'PASS']， 最大动作为2号位打出的['Pair', 'Q', ['HQ', 'DQ']]
[23:20:54] [yf2_v5] [INFO] 2号位打出['Single', 'K', ['HK']]， 最大动作为2号位打出的['Single', 'K', ['HK']]
[23:20:54] [YFAdapter-P2] [INFO] [YF-P2] Decision context: myPos=2, curPos=2, greaterPos=2, teammate=0, curAction=[, actionList_size=1
[23:20:54] [YFAdapter-P2] [INFO] [YF-P2] Decided: action_index=0, action=['PASS', 'PASS', 'PASS']
[23:20:54] [yf2_v5] [INFO] 3号位打出['PASS', 'PASS', 'PASS']， 最大动作为2号位打出的['Single', 'K', ['HK']]
[23:20:54] [yf2_v5] [INFO] 1号位打出['Single', 'A', ['SA']]， 最大动作为1号位打出的['Single', 'A', ['SA']]
[23:20:54] [yf2_v5] [INFO] 2号位打出['Single', '8', ['C8']]， 最大动作为2号位打出的['Single', '8', ['C8']]
[23:20:54] [YFAdapter-P2] [INFO] [YF-P2] Decision context: myPos=2, curPos=2, greaterPos=2, teammate=0, curAction=[, actionList_size=1
[23:20:54] [YFAdapter-P2] [INFO] [YF-P2] Decided: action_index=0, action=['PASS', 'PASS', 'PASS']
[23:20:54] [yf2_v5] [INFO] 3号位打出['PASS', 'PASS', 'PASS']， 最大动作为2号位打出的['Single', '8', ['C8']]
[23:20:54] [yf2_v5] [INFO] 1号位打出['PASS', 'PASS', 'PASS']， 最大动作为2号位打出的['Single', '8', ['C8']]
[23:20:54] [yf2_v5] [INFO] 2号位打出['Single', '8', ['D8']]， 最大动作为2号位打出的['Single', '8', ['D8']]
[23:20:54] [YFAdapter-P2] [INFO] [YF-P2] Decision context: myPos=2, curPos=2, greaterPos=2, teammate=0, curAction=[, actionList_size=1
[23:20:54] [YFAdapter-P2] [INFO] [YF-P2] Decided: action_index=0, action=['PASS', 'PASS', 'PASS']
[23:20:54] [yf2_v5] [INFO] 3号位打出['PASS', 'PASS', 'PASS']， 最大动作为2号位打出的['Single', '8', ['D8']]
[23:20:54] [yf2_v5] [INFO] 1号位打出['PASS', 'PASS', 'PASS']， 最大动作为2号位打出的['Single', '8', ['D8']]
[23:20:54] [yf2_v5] [INFO] 2号位打出['Bomb', '9', ['S9', 'S9', 'H9', 'D9']]， 最大动作为2号位打出的['Bomb', '9', ['S9', 'S9', 'H9', 'D9']]
[23:20:54] [yf2_v5] [INFO] 游戏开始, 我是3号位，手牌：['C2', 'S3', 'H3', 'C4', 'D4', 'D4', 'C5', 'D6', 'C7', 'D7', 'S8', 'H8', 'S9', 'C9', 'D9', 'DT', 'SK', 'HK', 'HK', 'CK', 'DK', 'HA', 'SJ', 'SJ', 'CJ', 'CJ', 'DJ']
[23:20:54] [YFAdapter-P2] [INFO] [YF-P2] Decision context: myPos=2, curPos=-1, greaterPos=-1, teammate=0, curAction=[, actionList_size=3
[23:20:54] [YFAdapter-P2] [INFO] [YF-P2] Decided: action_index=0, action=['tribute', 'tribute', [['S', 'J']]]
[23:20:54] [yf2_v5] [INFO] 1号位打出['Single', '2', ['D2']]， 最大动作为1号位打出的['Single', '2', ['D2']]
[23:20:54] [yf2_v5] [INFO] 2号位打出['Single', '4', ['H4']]， 最大动作为2号位打出的['Single', '4', ['H4']]
[23:20:54] [YFAdapter-P2] [INFO] [YF-P2] Decision context: myPos=2, curPos=2, greaterPos=2, teammate=0, curAction=[, actionList_size=25
[23:20:54] [YFAdapter-P2] [INFO] [YF-P2] Decided: action_index=9, action=['Single', '9', [['D', '9']]]
[23:20:54] [yf2_v5] [INFO] 3号位打出['Single', '9', ['D9']]， 最大动作为3号位打出的['Single', '9', ['D9']]
[23:20:54] [yf2_v5] [INFO] 0号位打出['Single', 'K', ['SK']]， 最大动作为0号位打出的['Single', 'K', ['SK']]
[23:20:54] [yf2_v5] [INFO] 1号位打出['PASS', 'PASS', 'PASS']， 最大动作为0号位打出的['Single', 'K', ['SK']]
[23:20:54] [yf2_v5] [INFO] 2号位打出['Single', 'J', ['SJ']]， 最大动作为2号位打出的['Single', 'J', ['SJ']]
[23:20:54] [YFAdapter-P2] [INFO] [YF-P2] Decision context: myPos=2, curPos=2, greaterPos=2, teammate=0, curAction=[, actionList_size=7
[23:20:54] [YFAdapter-P2] [INFO] [YF-P2] Decided: action_index=4, action=['Bomb', 'K', [['H', 'K'], ['H', 'K'], ['C', 'K'], ['D', 'K']]]
[23:20:54] [yf2_v5] [INFO] 3号位打出['Bomb', 'K', ['HK', 'HK', 'CK', 'DK']]， 最大动作为3号位打出的['Bomb', 'K', ['HK', 'HK', 'CK', 'DK']]
[23:20:54] [yf2_v5] [INFO] 0号位打出['PASS', 'PASS', 'PASS']， 最大动作为3号位打出的['Bomb', 'K', ['HK', 'HK', 'CK', 'DK']]
[23:20:55] [yf2_v5] [INFO] 1号位打出['Bomb', 'A', ['SA', 'CA', 'CA', 'DA']]， 最大动作为1号位打出的['Bomb', 'A', ['SA', 'CA', 'CA', 'DA']]
[23:20:55] [yf2_v5] [INFO] 2号位打出['PASS', 'PASS', 'PASS']， 最大动作为1号位打出的['Bomb', 'A', ['SA', 'CA', 'CA', 'DA']]
[23:20:55] [YFAdapter-P2] [INFO] [YF-P2] Decision context: myPos=2, curPos=2, greaterPos=1, teammate=0, curAction=[, actionList_size=2
[23:20:55] [YFAdapter-P2] [INFO] [YF-P2] Decided: action_index=0, action=['PASS', 'PASS', 'PASS']
[23:20:55] [yf2_v5] [INFO] 3号位打出['Bomb', 'J', ['SJ', 'CJ', 'CJ', 'DJ']]， 最大动作为3号位打出的['Bomb', 'J', ['SJ', 'CJ', 'CJ', 'DJ']]
[23:20:55] [yf2_v5] [INFO] 0号位打出['Bomb', '2', ['S2', 'H2', 'H2', 'C2', 'HJ']]， 最大动作为0号位打出的['Bomb', '2', ['S2', 'H2', 'H2', 'C2', 'HJ']]
[23:20:55] [yf2_v5] [INFO] 1号位打出['PASS', 'PASS', 'PASS']， 最大动作为0号位打出的['Bomb', '2', ['S2', 'H2', 'H2', 'C2', 'HJ']]
[23:20:55] [yf2_v5] [INFO] 2号位打出['PASS', 'PASS', 'PASS']， 最大动作为0号位打出的['Bomb', '2', ['S2', 'H2', 'H2', 'C2', 'HJ']]
[23:20:55] [YFAdapter-P2] [INFO] [YF-P2] Decision context: myPos=2, curPos=2, greaterPos=0, teammate=0, curAction=[, actionList_size=1
[23:20:55] [YFAdapter-P2] [INFO] [YF-P2] Decided: action_index=0, action=['PASS', 'PASS', 'PASS']
[23:20:55] [yf2_v5] [INFO] 3号位打出['PASS', 'PASS', 'PASS']， 最大动作为0号位打出的['Bomb', '2', ['S2', 'H2', 'H2', 'C2', 'HJ']]
[23:20:55] [yf2_v5] [INFO] 0号位打出['Single', '2', ['D2']]， 最大动作为0号位打出的['Single', '2', ['D2']]
[23:20:55] [yf2_v5] [INFO] 1号位打出['Single', '9', ['S9']]， 最大动作为1号位打出的['Single', '9', ['S9']]
[23:20:55] [yf2_v5] [INFO] 2号位打出['Single', 'J', ['HJ']]， 最大动作为2号位打出的['Single', 'J', ['HJ']]
[23:20:55] [YFAdapter-P2] [INFO] [YF-P2] Decision context: myPos=2, curPos=2, greaterPos=2, teammate=0, curAction=[, actionList_size=1
[23:20:55] [YFAdapter-P2] [INFO] [YF-P2] Decided: action_index=0, action=['PASS', 'PASS', 'PASS']
[23:20:55] [yf2_v5] [INFO] 3号位打出['PASS', 'PASS', 'PASS']， 最大动作为2号位打出的['Single', 'J', ['HJ']]
[23:20:55] [yf2_v5] [INFO] 0号位打出['PASS', 'PASS', 'PASS']， 最大动作为2号位打出的['Single', 'J', ['HJ']]
[23:20:55] [yf2_v5] [INFO] 1号位打出['PASS', 'PASS', 'PASS']， 最大动作为2号位打出的['Single', 'J', ['HJ']]
[23:20:55] [yf2_v5] [INFO] 2号位打出['ThreePair', '6', ['C6', 'D6', 'S7', 'C7', 'C8', 'C8']]， 最大动作为2号位打出的['ThreePair', '6', ['C6', 'D6', 'S7', 'C7', 'C8', 'C8']]
[23:20:55] [YFAdapter-P2] [INFO] [YF-P2] Decision context: myPos=2, curPos=2, greaterPos=2, teammate=0, curAction=[, actionList_size=2
[23:20:55] [YFAdapter-P2] [INFO] [YF-P2] Decided: action_index=0, action=['PASS', 'PASS', 'PASS']
[23:20:55] [yf2_v5] [INFO] 3号位打出['PASS', 'PASS', 'PASS']， 最大动作为2号位打出的['ThreePair', '6', ['C6', 'D6', 'S7', 'C7', 'C8', 'C8']]
[23:20:55] [yf2_v5] [INFO] 0号位打出['PASS', 'PASS', 'PASS']， 最大动作为2号位打出的['ThreePair', '6', ['C6', 'D6', 'S7', 'C7', 'C8', 'C8']]
[23:20:55] [yf2_v5] [INFO] 1号位打出['PASS', 'PASS', 'PASS']， 最大动作为2号位打出的['ThreePair', '6', ['C6', 'D6', 'S7', 'C7', 'C8', 'C8']]
[23:20:55] [yf2_v5] [INFO] 2号位打出['Single', '9', ['H9']]， 最大动作为2号位打出的['Single', '9', ['H9']]
[23:20:55] [YFAdapter-P2] [INFO] [YF-P2] Decision context: myPos=2, curPos=2, greaterPos=2, teammate=0, curAction=[, actionList_size=4
[23:20:55] [YFAdapter-P2] [INFO] [YF-P2] Decided: action_index=2, action=['Single', 'K', [['S', 'K']]]
[23:20:55] [yf2_v5] [INFO] 3号位打出['Single', 'K', ['SK']]， 最大动作为3号位打出的['Single', 'K', ['SK']]
[23:20:55] [yf2_v5] [INFO] 0号位打出['Single', 'B', ['SB']]， 最大动作为0号位打出的['Single', 'B', ['SB']]
[23:20:55] [yf2_v5] [INFO] 1号位打出['PASS', 'PASS', 'PASS']， 最大动作为0号位打出的['Single', 'B', ['SB']]
[23:20:55] [yf2_v5] [INFO] 2号位打出['PASS', 'PASS', 'PASS']， 最大动作为0号位打出的['Single', 'B', ['SB']]
[23:20:55] [YFAdapter-P2] [INFO] [YF-P2] Decision context: myPos=2, curPos=2, greaterPos=0, teammate=0, curAction=[, actionList_size=1
[23:20:55] [YFAdapter-P2] [INFO] [YF-P2] Decided: action_index=0, action=['PASS', 'PASS', 'PASS']
[23:20:55] [yf2_v5] [INFO] 3号位打出['PASS', 'PASS', 'PASS']， 最大动作为0号位打出的['Single', 'B', ['SB']]
[23:20:55] [yf2_v5] [INFO] 0号位打出['Single', '8', ['S8']]， 最大动作为0号位打出的['Single', '8', ['S8']]
[23:20:55] [yf2_v5] [INFO] 1号位打出['Single', 'T', ['ST']]， 最大动作为1号位打出的['Single', 'T', ['ST']]
[23:20:55] [yf2_v5] [INFO] 2号位打出['Single', 'J', ['DJ']]， 最大动作为2号位打出的['Single', 'J', ['DJ']]
[23:20:55] [YFAdapter-P2] [INFO] [YF-P2] Decision context: myPos=2, curPos=2, greaterPos=2, teammate=0, curAction=[, actionList_size=1
[23:20:55] [YFAdapter-P2] [INFO] [YF-P2] Decided: action_index=0, action=['PASS', 'PASS', 'PASS']
[23:20:55] [yf2_v5] [INFO] 3号位打出['PASS', 'PASS', 'PASS']， 最大动作为2号位打出的['Single', 'J', ['DJ']]
[23:20:55] [yf2_v5] [INFO] 0号位打出['PASS', 'PASS', 'PASS']， 最大动作为2号位打出的['Single', 'J', ['DJ']]
[23:20:55] [yf2_v5] [INFO] 1号位打出['PASS', 'PASS', 'PASS']， 最大动作为2号位打出的['Single', 'J', ['DJ']]
[23:20:55] [yf2_v5] [INFO] 2号位打出['ThreeWithTwo', 'T', ['ST', 'HT', 'DT', 'S3', 'H3']]， 最大动作为2号位打出的['ThreeWithTwo', 'T', ['ST', 'HT', 'DT', 'S3', 'H3']]
[23:20:55] [YFAdapter-P2] [INFO] [YF-P2] Decision context: myPos=2, curPos=2, greaterPos=2, teammate=0, curAction=[, actionList_size=1
[23:20:55] [YFAdapter-P2] [INFO] [YF-P2] Decided: action_index=0, action=['PASS', 'PASS', 'PASS']
[23:20:55] [yf2_v5] [INFO] 3号位打出['PASS', 'PASS', 'PASS']， 最大动作为2号位打出的['ThreeWithTwo', 'T', ['ST', 'HT', 'DT', 'S3', 'H3']]
[23:20:55] [yf2_v5] [INFO] 0号位打出['PASS', 'PASS', 'PASS']， 最大动作为2号位打出的['ThreeWithTwo', 'T', ['ST', 'HT', 'DT', 'S3', 'H3']]
[23:20:55] [yf2_v5] [INFO] 1号位打出['PASS', 'PASS', 'PASS']， 最大动作为2号位打出的['ThreeWithTwo', 'T', ['ST', 'HT', 'DT', 'S3', 'H3']]
[23:20:55] [yf2_v5] [INFO] 2号位打出['ThreeWithTwo', 'A', ['SA', 'HA', 'DA', 'HQ', 'DQ']]， 最大动作为2号位打出的['ThreeWithTwo', 'A', ['SA', 'HA', 'DA', 'HQ', 'DQ']]
[23:20:55] [YFAdapter-P2] [INFO] [YF-P2] Decision context: myPos=2, curPos=2, greaterPos=2, teammate=0, curAction=[, actionList_size=1
[23:20:55] [YFAdapter-P2] [INFO] [YF-P2] Decided: action_index=0, action=['PASS', 'PASS', 'PASS']
[23:20:55] [yf2_v5] [INFO] 3号位打出['PASS', 'PASS', 'PASS']， 最大动作为2号位打出的['ThreeWithTwo', 'A', ['SA', 'HA', 'DA', 'HQ', 'DQ']]
[23:20:55] [yf2_v5] [INFO] 0号位打出['PASS', 'PASS', 'PASS']， 最大动作为2号位打出的['ThreeWithTwo', 'A', ['SA', 'HA', 'DA', 'HQ', 'DQ']]
[23:20:55] [yf2_v5] [INFO] 1号位打出['PASS', 'PASS', 'PASS']， 最大动作为2号位打出的['ThreeWithTwo', 'A', ['SA', 'HA', 'DA', 'HQ', 'DQ']]
[23:20:55] [yf2_v5] [INFO] 2号位打出['Pair', 'K', ['CK', 'DK']]， 最大动作为2号位打出的['Pair', 'K', ['CK', 'DK']]
[23:20:55] [YFAdapter-P2] [INFO] [YF-P2] Decision context: myPos=2, curPos=2, greaterPos=2, teammate=0, curAction=[, actionList_size=1
[23:20:55] [YFAdapter-P2] [INFO] [YF-P2] Decided: action_index=0, action=['PASS', 'PASS', 'PASS']
[23:20:55] [yf2_v5] [INFO] 3号位打出['PASS', 'PASS', 'PASS']， 最大动作为2号位打出的['Pair', 'K', ['CK', 'DK']]
[23:20:55] [yf2_v5] [INFO] 0号位打出['PASS', 'PASS', 'PASS']， 最大动作为2号位打出的['Pair', 'K', ['CK', 'DK']]
[23:20:55] [yf2_v5] [INFO] 1号位打出['PASS', 'PASS', 'PASS']， 最大动作为2号位打出的['Pair', 'K', ['CK', 'DK']]
[23:20:55] [yf2_v5] [INFO] 2号位打出['Bomb', '5', ['S5', 'S5', 'H5', 'D5']]， 最大动作为2号位打出的['Bomb', '5', ['S5', 'S5', 'H5', 'D5']]
[23:20:55] [YFAdapter-P2] [INFO] [YF-P2] Decision context: myPos=2, curPos=2, greaterPos=2, teammate=0, curAction=[, actionList_size=1
[23:20:55] [YFAdapter-P2] [INFO] [YF-P2] Decided: action_index=0, action=['PASS', 'PASS', 'PASS']
[23:20:55] [yf2_v5] [INFO] 3号位打出['PASS', 'PASS', 'PASS']， 最大动作为2号位打出的['Bomb', '5', ['S5', 'S5', 'H5', 'D5']]
[23:20:55] [yf2_v5] [INFO] 0号位打出['PASS', 'PASS', 'PASS']， 最大动作为2号位打出的['Bomb', '5', ['S5', 'S5', 'H5', 'D5']]
[23:20:55] [yf2_v5] [INFO] 0号位打出['ThreeWithTwo', '7', ['S7', 'H7', 'D7', 'C3', 'D3']]， 最大动作为0号位打出的['ThreeWithTwo', '7', ['S7', 'H7', 'D7', 'C3', 'D3']]
[23:20:55] [yf2_v5] [INFO] 1号位打出['ThreeWithTwo', '8', ['H8', 'D8', 'D8', 'H5', 'D5']]， 最大动作为1号位打出的['ThreeWithTwo', '8', ['H8', 'D8', 'D8', 'H5', 'D5']]
[23:20:55] [YFAdapter-P2] [INFO] [YF-P2] Decision context: myPos=2, curPos=1, greaterPos=1, teammate=0, curAction=[, actionList_size=1
[23:20:55] [YFAdapter-P2] [INFO] [YF-P2] Decided: action_index=0, action=['PASS', 'PASS', 'PASS']
[23:20:55] [yf2_v5] [INFO] 3号位打出['PASS', 'PASS', 'PASS']， 最大动作为1号位打出的['ThreeWithTwo', '8', ['H8', 'D8', 'D8', 'H5', 'D5']]
[23:20:55] [yf2_v5] [INFO] 0号位打出['ThreeWithTwo', 'T', ['HT', 'CT', 'CT', 'H6', 'H6']]， 最大动作为0号位打出的['ThreeWithTwo', 'T', ['HT', 'CT', 'CT', 'H6', 'H6']]
[23:20:55] [yf2_v5] [INFO] 1号位打出['Bomb', '4', ['S4', 'S4', 'H4', 'C4']]， 最大动作为1号位打出的['Bomb', '4', ['S4', 'S4', 'H4', 'C4']]
[23:20:55] [YFAdapter-P2] [INFO] [YF-P2] Decision context: myPos=2, curPos=1, greaterPos=1, teammate=0, curAction=[, actionList_size=1
[23:20:55] [YFAdapter-P2] [INFO] [YF-P2] Decided: action_index=0, action=['PASS', 'PASS', 'PASS']
[23:20:55] [yf2_v5] [INFO] 3号位打出['PASS', 'PASS', 'PASS']， 最大动作为1号位打出的['Bomb', '4', ['S4', 'S4', 'H4', 'C4']]
[23:20:55] [yf2_v5] [INFO] 0号位打出['Bomb', 'Q', ['SQ', 'SQ', 'CQ', 'DQ']]， 最大动作为0号位打出的['Bomb', 'Q', ['SQ', 'SQ', 'CQ', 'DQ']]
[23:20:55] [yf2_v5] [INFO] 1号位打出['PASS', 'PASS', 'PASS']， 最大动作为0号位打出的['Bomb', 'Q', ['SQ', 'SQ', 'CQ', 'DQ']]
[23:20:55] [YFAdapter-P2] [INFO] [YF-P2] Decision context: myPos=2, curPos=1, greaterPos=0, teammate=0, curAction=[, actionList_size=1
[23:20:55] [YFAdapter-P2] [INFO] [YF-P2] Decided: action_index=0, action=['PASS', 'PASS', 'PASS']
[23:20:55] [yf2_v5] [INFO] 3号位打出['PASS', 'PASS', 'PASS']， 最大动作为0号位打出的['Bomb', 'Q', ['SQ', 'SQ', 'CQ', 'DQ']]
[23:20:55] [yf2_v5] [INFO] 0号位打出['Pair', '9', ['H9', 'C9']]， 最大动作为0号位打出的['Pair', '9', ['H9', 'C9']]
[23:20:55] [yf2_v5] [INFO] 1号位打出['Pair', 'Q', ['HQ', 'CQ']]， 最大动作为1号位打出的['Pair', 'Q', ['HQ', 'CQ']]
[23:20:55] [YFAdapter-P2] [INFO] [YF-P2] Decision context: myPos=2, curPos=1, greaterPos=1, teammate=0, curAction=[, actionList_size=1
[23:20:55] [YFAdapter-P2] [INFO] [YF-P2] Decided: action_index=0, action=['PASS', 'PASS', 'PASS']
[23:20:55] [yf2_v5] [INFO] 3号位打出['PASS', 'PASS', 'PASS']， 最大动作为1号位打出的['Pair', 'Q', ['HQ', 'CQ']]
[23:20:55] [yf2_v5] [INFO] 0号位打出['Pair', 'R', ['HR', 'HR']]， 最大动作为0号位打出的['Pair', 'R', ['HR', 'HR']]
[23:20:55] [yf2_v5] [INFO] 游戏开始, 我是3号位，手牌：['H3', 'S4', 'H4', 'S5', 'D5', 'S6', 'H6', 'C6', 'D6', 'S7', 'S8', 'H8', 'C8', 'H9', 'C9', 'D9', 'ST', 'DT', 'DT', 'HJ', 'DJ', 'CQ', 'SK', 'HK', 'SA', 'HA', 'DA']
[23:20:55] [YFAdapter-P2] [INFO] [YF-P2] Decision context: myPos=2, curPos=-1, greaterPos=-1, teammate=0, curAction=[, actionList_size=2
[23:20:55] [YFAdapter-P2] [INFO] [YF-P2] Decided: action_index=0, action=['tribute', 'tribute', [['S', 'A']]]
[23:20:55] [yf2_v5] [INFO] 1号位打出['ThreeWithTwo', '5', ['S5', 'H5', 'C5', 'S2', 'H2']]， 最大动作为1号位打出的['ThreeWithTwo', '5', ['S5', 'H5', 'C5', 'S2', 'H2']]
[23:20:55] [yf2_v5] [INFO] 2号位打出['PASS', 'PASS', 'PASS']， 最大动作为1号位打出的['ThreeWithTwo', '5', ['S5', 'H5', 'C5', 'S2', 'H2']]
[23:20:55] [YFAdapter-P2] [INFO] [YF-P2] Decision context: myPos=2, curPos=2, greaterPos=1, teammate=0, curAction=[, actionList_size=700
[23:20:55] [YFAdapter-P2] [INFO] [YF-P2] Decided: action_index=0, action=['PASS', 'PASS', 'PASS']
[23:20:55] [yf2_v5] [INFO] 3号位打出['ThreeWithTwo', 'J', ['HJ', 'DJ', 'HA', 'S4', 'H4']]， 最大动作为3号位打出的['ThreeWithTwo', 'J', ['HJ', 'DJ', 'HA', 'S4', 'H4']]
[23:20:55] [yf2_v5] [INFO] 0号位打出['PASS', 'PASS', 'PASS']， 最大动作为3号位打出的['ThreeWithTwo', 'J', ['HJ', 'DJ', 'HA', 'S4', 'H4']]
[23:20:55] [yf2_v5] [INFO] 1号位打出['ThreeWithTwo', 'Q', ['SQ', 'SQ', 'HA', 'S3', 'D3']]， 最大动作为1号位打出的['ThreeWithTwo', 'Q', ['SQ', 'SQ', 'HA', 'S3', 'D3']]
[23:20:55] [yf2_v5] [INFO] 2号位打出['PASS', 'PASS', 'PASS']， 最大动作为1号位打出的['ThreeWithTwo', 'Q', ['SQ', 'SQ', 'HA', 'S3', 'D3']]
[23:20:55] [YFAdapter-P2] [INFO] [YF-P2] Decision context: myPos=2, curPos=2, greaterPos=1, teammate=0, curAction=[, actionList_size=5
[23:20:55] [YFAdapter-P2] [INFO] [YF-P2] Decided: action_index=0, action=['PASS', 'PASS', 'PASS']
[23:20:55] [yf2_v5] [INFO] 3号位打出['Bomb', '9', ['S9', 'H9', 'C9', 'D9']]， 最大动作为3号位打出的['Bomb', '9', ['S9', 'H9', 'C9', 'D9']]
[23:20:55] [yf2_v5] [INFO] 0号位打出['Bomb', 'J', ['SJ', 'HJ', 'CJ', 'CJ']]， 最大动作为0号位打出的['Bomb', 'J', ['SJ', 'HJ', 'CJ', 'CJ']]
[23:20:55] [yf2_v5] [INFO] 1号位打出['PASS', 'PASS', 'PASS']， 最大动作为0号位打出的['Bomb', 'J', ['SJ', 'HJ', 'CJ', 'CJ']]
[23:20:55] [yf2_v5] [INFO] 2号位打出['PASS', 'PASS', 'PASS']， 最大动作为0号位打出的['Bomb', 'J', ['SJ', 'HJ', 'CJ', 'CJ']]
[23:20:55] [YFAdapter-P2] [INFO] [YF-P2] Decision context: myPos=2, curPos=2, greaterPos=0, teammate=0, curAction=[, actionList_size=1
[23:20:55] [YFAdapter-P2] [INFO] [YF-P2] Decided: action_index=0, action=['PASS', 'PASS', 'PASS']
[23:20:55] [yf2_v5] [INFO] 3号位打出['PASS', 'PASS', 'PASS']， 最大动作为0号位打出的['Bomb', 'J', ['SJ', 'HJ', 'CJ', 'CJ']]
[23:20:55] [yf2_v5] [INFO] 0号位打出['Single', '7', ['D7']]， 最大动作为0号位打出的['Single', '7', ['D7']]
[23:20:55] [yf2_v5] [INFO] 1号位打出['Single', 'Q', ['DQ']]， 最大动作为1号位打出的['Single', 'Q', ['DQ']]
[23:20:55] [yf2_v5] [INFO] 2号位打出['Single', 'A', ['SA']]， 最大动作为2号位打出的['Single', 'A', ['SA']]
[23:20:55] [YFAdapter-P2] [INFO] [YF-P2] Decision context: myPos=2, curPos=2, greaterPos=2, teammate=0, curAction=[, actionList_size=2
[23:20:55] [YFAdapter-P2] [INFO] [YF-P2] Decided: action_index=0, action=['PASS', 'PASS', 'PASS']
[23:20:55] [yf2_v5] [INFO] 3号位打出['PASS', 'PASS', 'PASS']， 最大动作为2号位打出的['Single', 'A', ['SA']]
[23:20:55] [yf2_v5] [INFO] 0号位打出['PASS', 'PASS', 'PASS']， 最大动作为2号位打出的['Single', 'A', ['SA']]
[23:20:55] [yf2_v5] [INFO] 1号位打出['PASS', 'PASS', 'PASS']， 最大动作为2号位打出的['Single', 'A', ['SA']]
[23:20:55] [yf2_v5] [INFO] 2号位打出['Single', '5', ['D5']]， 最大动作为2号位打出的['Single', '5', ['D5']]
[23:20:55] [YFAdapter-P2] [INFO] [YF-P2] Decision context: myPos=2, curPos=2, greaterPos=2, teammate=0, curAction=[, actionList_size=16
[23:20:55] [YFAdapter-P2] [INFO] [YF-P2] Decided: action_index=2, action=['Single', '6', [['H', '6']]]
[23:20:55] [yf2_v5] [INFO] 3号位打出['Single', '6', ['H6']]， 最大动作为3号位打出的['Single', '6', ['H6']]
[23:20:55] [yf2_v5] [INFO] 0号位打出['Single', 'B', ['SB']]， 最大动作为0号位打出的['Single', 'B', ['SB']]
[23:20:55] [yf2_v5] [INFO] 1号位打出['PASS', 'PASS', 'PASS']， 最大动作为0号位打出的['Single', 'B', ['SB']]
[23:20:55] [yf2_v5] [INFO] 2号位打出['PASS', 'PASS', 'PASS']， 最大动作为0号位打出的['Single', 'B', ['SB']]
[23:20:55] [YFAdapter-P2] [INFO] [YF-P2] Decision context: myPos=2, curPos=2, greaterPos=0, teammate=0, curAction=[, actionList_size=1
[23:20:55] [YFAdapter-P2] [INFO] [YF-P2] Decided: action_index=0, action=['PASS', 'PASS', 'PASS']
[23:20:55] [yf2_v5] [INFO] 3号位打出['PASS', 'PASS', 'PASS']， 最大动作为0号位打出的['Single', 'B', ['SB']]
[23:20:55] [yf2_v5] [INFO] 0号位打出['Straight', '6', ['S6', 'H7', 'H8', 'D9', 'HT']]， 最大动作为0号位打出的['Straight', '6', ['S6', 'H7', 'H8', 'D9', 'HT']]
[23:20:55] [yf2_v5] [INFO] 1号位打出['Straight', '7', ['D7', 'S8', 'C9', 'CT', 'DJ']]， 最大动作为1号位打出的['Straight', '7', ['D7', 'S8', 'C9', 'CT', 'DJ']]
[23:20:55] [yf2_v5] [INFO] 2号位打出['Straight', '9', ['S9', 'CT', 'SJ', 'DQ', 'HK']]， 最大动作为2号位打出的['Straight', '9', ['S9', 'CT', 'SJ', 'DQ', 'HK']]
[23:20:55] [YFAdapter-P2] [INFO] [YF-P2] Decision context: myPos=2, curPos=2, greaterPos=2, teammate=0, curAction=[, actionList_size=1
[23:20:55] [YFAdapter-P2] [INFO] [YF-P2] Decided: action_index=0, action=['PASS', 'PASS', 'PASS']
[23:20:55] [yf2_v5] [INFO] 3号位打出['PASS', 'PASS', 'PASS']， 最大动作为2号位打出的['Straight', '9', ['S9', 'CT', 'SJ', 'DQ', 'HK']]
[23:20:55] [yf2_v5] [INFO] 0号位打出['PASS', 'PASS', 'PASS']， 最大动作为2号位打出的['Straight', '9', ['S9', 'CT', 'SJ', 'DQ', 'HK']]
[23:20:55] [yf2_v5] [INFO] 1号位打出['PASS', 'PASS', 'PASS']， 最大动作为2号位打出的['Straight', '9', ['S9', 'CT', 'SJ', 'DQ', 'HK']]
[23:20:55] [yf2_v5] [INFO] 2号位打出['Single', '7', ['H7']]， 最大动作为2号位打出的['Single', '7', ['H7']]
[23:20:55] [YFAdapter-P2] [INFO] [YF-P2] Decision context: myPos=2, curPos=2, greaterPos=2, teammate=0, curAction=[, actionList_size=10
[23:20:55] [YFAdapter-P2] [INFO] [YF-P2] Decided: action_index=2, action=['Single', '8', [['H', '8']]]
[23:20:55] [yf2_v5] [INFO] 3号位打出['Single', '8', ['H8']]， 最大动作为3号位打出的['Single', '8', ['H8']]
[23:20:55] [yf2_v5] [INFO] 0号位打出['Single', 'R', ['HR']]， 最大动作为0号位打出的['Single', 'R', ['HR']]
[23:20:55] [yf2_v5] [INFO] 1号位打出['PASS', 'PASS', 'PASS']， 最大动作为0号位打出的['Single', 'R', ['HR']]
[23:20:55] [yf2_v5] [INFO] 2号位打出['PASS', 'PASS', 'PASS']， 最大动作为0号位打出的['Single', 'R', ['HR']]
[23:20:55] [YFAdapter-P2] [INFO] [YF-P2] Decision context: myPos=2, curPos=2, greaterPos=0, teammate=0, curAction=[, actionList_size=1
[23:20:55] [YFAdapter-P2] [INFO] [YF-P2] Decided: action_index=0, action=['PASS', 'PASS', 'PASS']
[23:20:55] [yf2_v5] [INFO] 3号位打出['PASS', 'PASS', 'PASS']， 最大动作为0号位打出的['Single', 'R', ['HR']]
[23:20:55] [yf2_v5] [INFO] 0号位打出['Pair', '2', ['C2', 'C2']]， 最大动作为0号位打出的['Pair', '2', ['C2', 'C2']]
[23:20:55] [yf2_v5] [INFO] 1号位打出['Pair', '7', ['S7', 'C7']]， 最大动作为1号位打出的['Pair', '7', ['S7', 'C7']]
[23:20:55] [yf2_v5] [INFO] 2号位打出['Pair', 'A', ['SA', 'DA']]， 最大动作为2号位打出的['Pair', 'A', ['SA', 'DA']]
[23:20:55] [YFAdapter-P2] [INFO] [YF-P2] Decision context: myPos=2, curPos=2, greaterPos=2, teammate=0, curAction=[, actionList_size=1
[23:20:55] [YFAdapter-P2] [INFO] [YF-P2] Decided: action_index=0, action=['PASS', 'PASS', 'PASS']
[23:20:55] [yf2_v5] [INFO] 3号位打出['PASS', 'PASS', 'PASS']， 最大动作为2号位打出的['Pair', 'A', ['SA', 'DA']]
[23:20:55] [yf2_v5] [INFO] 0号位打出['PASS', 'PASS', 'PASS']， 最大动作为2号位打出的['Pair', 'A', ['SA', 'DA']]
[23:20:55] [yf2_v5] [INFO] 1号位打出['PASS', 'PASS', 'PASS']， 最大动作为2号位打出的['Pair', 'A', ['SA', 'DA']]
[23:20:55] [yf2_v5] [INFO] 2号位打出['Trips', '3', ['S3', 'C3', 'D3']]， 最大动作为2号位打出的['Trips', '3', ['S3', 'C3', 'D3']]
[23:20:55] [YFAdapter-P2] [INFO] [YF-P2] Decision context: myPos=2, curPos=2, greaterPos=2, teammate=0, curAction=[, actionList_size=3
[23:20:55] [YFAdapter-P2] [INFO] [YF-P2] Decided: action_index=1, action=['Trips', '6', [['S', '6'], ['C', '6'], ['D', '6']]]
[23:20:55] [yf2_v5] [INFO] 3号位打出['Trips', '6', ['S6', 'C6', 'D6']]， 最大动作为3号位打出的['Trips', '6', ['S6', 'C6', 'D6']]
[23:20:55] [yf2_v5] [INFO] 0号位打出['PASS', 'PASS', 'PASS']， 最大动作为3号位打出的['Trips', '6', ['S6', 'C6', 'D6']]
[23:20:55] [yf2_v5] [INFO] 1号位打出['PASS', 'PASS', 'PASS']， 最大动作为3号位打出的['Trips', '6', ['S6', 'C6', 'D6']]
[23:20:55] [yf2_v5] [INFO] 2号位打出['PASS', 'PASS', 'PASS']， 最大动作为3号位打出的['Trips', '6', ['S6', 'C6', 'D6']]
[23:20:55] [YFAdapter-P2] [INFO] [YF-P2] Decision context: myPos=2, curPos=-1, greaterPos=-1, teammate=0, curAction=[, actionList_size=21
[23:20:55] [YFAdapter-P2] [INFO] [YF-P2] Decided: action_index=0, action=['Single', '3', [['H', '3']]]
[23:20:55] [yf2_v5] [INFO] 3号位打出['Single', '3', ['H3']]， 最大动作为3号位打出的['Single', '3', ['H3']]
[23:20:55] [yf2_v5] [INFO] 0号位打出['Single', 'R', ['HR']]， 最大动作为0号位打出的['Single', 'R', ['HR']]
[23:20:55] [yf2_v5] [INFO] 1号位打出['PASS', 'PASS', 'PASS']， 最大动作为0号位打出的['Single', 'R', ['HR']]
[23:20:55] [yf2_v5] [INFO] 2号位打出['PASS', 'PASS', 'PASS']， 最大动作为0号位打出的['Single', 'R', ['HR']]
[23:20:55] [YFAdapter-P2] [INFO] [YF-P2] Decision context: myPos=2, curPos=2, greaterPos=0, teammate=0, curAction=[, actionList_size=1
[23:20:55] [YFAdapter-P2] [INFO] [YF-P2] Decided: action_index=0, action=['PASS', 'PASS', 'PASS']
[23:20:55] [yf2_v5] [INFO] 3号位打出['PASS', 'PASS', 'PASS']， 最大动作为0号位打出的['Single', 'R', ['HR']]
[23:20:55] [yf2_v5] [INFO] 0号位打出['Pair', '4', ['H4', 'C4']]， 最大动作为0号位打出的['Pair', '4', ['H4', 'C4']]
[23:20:55] [yf2_v5] [INFO] 1号位打出['Pair', 'T', ['ST', 'HT']]， 最大动作为1号位打出的['Pair', 'T', ['ST', 'HT']]
[23:20:55] [yf2_v5] [INFO] 2号位打出['Pair', 'A', ['CA', 'CA']]， 最大动作为2号位打出的['Pair', 'A', ['CA', 'CA']]
[23:20:55] [YFAdapter-P2] [INFO] [YF-P2] Decision context: myPos=2, curPos=2, greaterPos=2, teammate=0, curAction=[, actionList_size=1
[23:20:55] [YFAdapter-P2] [INFO] [YF-P2] Decided: action_index=0, action=['PASS', 'PASS', 'PASS']
[23:20:55] [yf2_v5] [INFO] 3号位打出['PASS', 'PASS', 'PASS']， 最大动作为2号位打出的['Pair', 'A', ['CA', 'CA']]
[23:20:55] [yf2_v5] [INFO] 0号位打出['PASS', 'PASS', 'PASS']， 最大动作为2号位打出的['Pair', 'A', ['CA', 'CA']]
[23:20:55] [yf2_v5] [INFO] 1号位打出['PASS', 'PASS', 'PASS']， 最大动作为2号位打出的['Pair', 'A', ['CA', 'CA']]
[23:20:55] [yf2_v5] [INFO] 2号位打出['Trips', '6', ['H6', 'C6', 'D6']]， 最大动作为2号位打出的['Trips', '6', ['H6', 'C6', 'D6']]
[23:20:55] [YFAdapter-P2] [INFO] [YF-P2] Decision context: myPos=2, curPos=2, greaterPos=2, teammate=0, curAction=[, actionList_size=2
[23:20:55] [YFAdapter-P2] [INFO] [YF-P2] Decided: action_index=1, action=['Trips', 'T', [['S', 'T'], ['D', 'T'], ['D', 'T']]]
[23:20:55] [yf2_v5] [INFO] 3号位打出['Trips', 'T', ['ST', 'DT', 'DT']]， 最大动作为3号位打出的['Trips', 'T', ['ST', 'DT', 'DT']]
[23:20:55] [yf2_v5] [INFO] 0号位打出['PASS', 'PASS', 'PASS']， 最大动作为3号位打出的['Trips', 'T', ['ST', 'DT', 'DT']]
[23:20:55] [yf2_v5] [INFO] 1号位打出['PASS', 'PASS', 'PASS']， 最大动作为3号位打出的['Trips', 'T', ['ST', 'DT', 'DT']]
[23:20:55] [yf2_v5] [INFO] 2号位打出['PASS', 'PASS', 'PASS']， 最大动作为3号位打出的['Trips', 'T', ['ST', 'DT', 'DT']]
[23:20:55] [YFAdapter-P2] [INFO] [YF-P2] Decision context: myPos=2, curPos=-1, greaterPos=-1, teammate=0, curAction=[, actionList_size=12
[23:20:55] [YFAdapter-P2] [INFO] [YF-P2] Decided: action_index=2, action=['Single', '7', [['S', '7']]]
[23:20:55] [yf2_v5] [INFO] 3号位打出['Single', '7', ['S7']]， 最大动作为3号位打出的['Single', '7', ['S7']]
[23:20:55] [yf2_v5] [INFO] 0号位打出['PASS', 'PASS', 'PASS']， 最大动作为3号位打出的['Single', '7', ['S7']]
[23:20:55] [yf2_v5] [INFO] 1号位打出['Single', 'Q', ['HQ']]， 最大动作为1号位打出的['Single', 'Q', ['HQ']]
[23:20:55] [yf2_v5] [INFO] 2号位打出['Single', 'B', ['SB']]， 最大动作为2号位打出的['Single', 'B', ['SB']]
[23:20:55] [YFAdapter-P2] [INFO] [YF-P2] Decision context: myPos=2, curPos=2, greaterPos=2, teammate=0, curAction=[, actionList_size=1
[23:20:55] [YFAdapter-P2] [INFO] [YF-P2] Decided: action_index=0, action=['PASS', 'PASS', 'PASS']
[23:20:55] [yf2_v5] [INFO] 3号位打出['PASS', 'PASS', 'PASS']， 最大动作为2号位打出的['Single', 'B', ['SB']]
[23:20:55] [yf2_v5] [INFO] 0号位打出['PASS', 'PASS', 'PASS']， 最大动作为2号位打出的['Single', 'B', ['SB']]
[23:20:56] [yf2_v5] [INFO] 1号位打出['PASS', 'PASS', 'PASS']， 最大动作为2号位打出的['Single', 'B', ['SB']]
[23:20:56] [yf2_v5] [INFO] 2号位打出['Single', '2', ['S2']]， 最大动作为2号位打出的['Single', '2', ['S2']]
[23:20:56] [YFAdapter-P2] [INFO] [YF-P2] Decision context: myPos=2, curPos=2, greaterPos=2, teammate=0, curAction=[, actionList_size=9
[23:20:56] [YFAdapter-P2] [INFO] [YF-P2] Decided: action_index=8, action=['Single', 'A', [['D', 'A']]]
[23:20:56] [yf2_v5] [INFO] 3号位打出['Single', 'A', ['DA']]， 最大动作为3号位打出的['Single', 'A', ['DA']]
[23:20:56] [yf2_v5] [INFO] 0号位打出['Bomb', 'K', ['CK', 'CK', 'DK', 'DK']]， 最大动作为0号位打出的['Bomb', 'K', ['CK', 'CK', 'DK', 'DK']]
[23:20:56] [yf2_v5] [INFO] 1号位打出['PASS', 'PASS', 'PASS']， 最大动作为0号位打出的['Bomb', 'K', ['CK', 'CK', 'DK', 'DK']]
[23:20:56] [yf2_v5] [INFO] 2号位打出['PASS', 'PASS', 'PASS']， 最大动作为0号位打出的['Bomb', 'K', ['CK', 'CK', 'DK', 'DK']]
[23:20:56] [YFAdapter-P2] [INFO] [YF-P2] Decision context: myPos=2, curPos=2, greaterPos=0, teammate=0, curAction=[, actionList_size=1
[23:20:56] [YFAdapter-P2] [INFO] [YF-P2] Decided: action_index=0, action=['PASS', 'PASS', 'PASS']
[23:20:56] [yf2_v5] [INFO] 3号位打出['PASS', 'PASS', 'PASS']， 最大动作为0号位打出的['Bomb', 'K', ['CK', 'CK', 'DK', 'DK']]
[23:20:56] [yf2_v5] [INFO] 0号位打出['Pair', '5', ['H5', 'C5']]， 最大动作为0号位打出的['Pair', '5', ['H5', 'C5']]
[23:20:56] [yf2_v5] [INFO] 1号位打出['PASS', 'PASS', 'PASS']， 最大动作为0号位打出的['Pair', '5', ['H5', 'C5']]
[23:20:56] [yf2_v5] [INFO] 2号位打出['PASS', 'PASS', 'PASS']， 最大动作为0号位打出的['Pair', '5', ['H5', 'C5']]
[23:20:56] [YFAdapter-P2] [INFO] [YF-P2] Decision context: myPos=2, curPos=2, greaterPos=0, teammate=0, curAction=[, actionList_size=3
[23:20:56] [YFAdapter-P2] [INFO] [YF-P2] Decided: action_index=0, action=['PASS', 'PASS', 'PASS']
[23:20:56] [yf2_v5] [INFO] 3号位打出['Pair', 'K', ['SK', 'HK']]， 最大动作为3号位打出的['Pair', 'K', ['SK', 'HK']]
[23:20:56] [yf2_v5] [INFO] 0号位打出['PASS', 'PASS', 'PASS']， 最大动作为3号位打出的['Pair', 'K', ['SK', 'HK']]
[23:20:56] [yf2_v5] [INFO] 1号位打出['PASS', 'PASS', 'PASS']， 最大动作为3号位打出的['Pair', 'K', ['SK', 'HK']]
[23:20:56] [yf2_v5] [INFO] 2号位打出['Bomb', '4', ['S4', 'C4', 'D4', 'D4']]， 最大动作为2号位打出的['Bomb', '4', ['S4', 'C4', 'D4', 'D4']]
[23:20:56] [YFAdapter-P2] [INFO] [YF-P2] Decision context: myPos=2, curPos=2, greaterPos=2, teammate=0, curAction=[, actionList_size=1
[23:20:56] [YFAdapter-P2] [INFO] [YF-P2] Decided: action_index=0, action=['PASS', 'PASS', 'PASS']
[23:20:56] [yf2_v5] [INFO] 3号位打出['PASS', 'PASS', 'PASS']， 最大动作为2号位打出的['Bomb', '4', ['S4', 'C4', 'D4', 'D4']]
[23:20:56] [yf2_v5] [INFO] 0号位打出['PASS', 'PASS', 'PASS']， 最大动作为2号位打出的['Bomb', '4', ['S4', 'C4', 'D4', 'D4']]
[23:20:56] [yf2_v5] [INFO] 1号位打出['PASS', 'PASS', 'PASS']， 最大动作为2号位打出的['Bomb', '4', ['S4', 'C4', 'D4', 'D4']]
[23:20:56] [yf2_v5] [INFO] 2号位打出['Trips', '2', ['H2', 'D2', 'D2']]， 最大动作为2号位打出的['Trips', '2', ['H2', 'D2', 'D2']]
[23:20:56] [YFAdapter-P2] [INFO] [YF-P2] Decision context: myPos=2, curPos=2, greaterPos=2, teammate=0, curAction=[, actionList_size=1
[23:20:56] [YFAdapter-P2] [INFO] [YF-P2] Decided: action_index=0, action=['PASS', 'PASS', 'PASS']
[23:20:56] [yf2_v5] [INFO] 3号位打出['PASS', 'PASS', 'PASS']， 最大动作为2号位打出的['Trips', '2', ['H2', 'D2', 'D2']]
[23:20:56] [yf2_v5] [INFO] 0号位打出['PASS', 'PASS', 'PASS']， 最大动作为2号位打出的['Trips', '2', ['H2', 'D2', 'D2']]
[23:20:56] [yf2_v5] [INFO] 0号位打出['Pair', '8', ['C8', 'D8']]， 最大动作为0号位打出的['Pair', '8', ['C8', 'D8']]
[23:20:56] [yf2_v5] [INFO] 1号位打出['PASS', 'PASS', 'PASS']， 最大动作为0号位打出的['Pair', '8', ['C8', 'D8']]
[23:20:56] [YFAdapter-P2] [INFO] [YF-P2] Decision context: myPos=2, curPos=1, greaterPos=0, teammate=0, curAction=[, actionList_size=1
[23:20:56] [YFAdapter-P2] [INFO] [YF-P2] Decided: action_index=0, action=['PASS', 'PASS', 'PASS']
[23:20:56] [yf2_v5] [INFO] 3号位打出['PASS', 'PASS', 'PASS']， 最大动作为0号位打出的['Pair', '8', ['C8', 'D8']]
[23:20:56] [yf2_v5] [INFO] 0号位打出['Pair', 'Q', ['HQ', 'CQ']]， 最大动作为0号位打出的['Pair', 'Q', ['HQ', 'CQ']]
[23:20:56] [yf2_v5] [INFO] ============================================================
[23:20:56] [yf2_v5] [INFO] GAME RESULT (V5)
[23:20:56] [yf2_v5] [INFO] ============================================================
[23:20:56] [yf2_v5] [INFO] Victory counts: [3, 0, 3, 0]
[23:20:56] [yf2_v5] [INFO] Total decisions: 329
[23:20:56] [yf2_v5] [INFO]   - RL decisions: 329
[23:20:56] [yf2_v5] [INFO]   - Knowledge decisions: 1038
[23:20:56] [yf2_v5] [INFO] Total games played: 1
[23:20:56] [yf2_v5] [INFO] Layer usage statistics:
[23:20:56] [yf2_v5] [INFO] ============================================================
[23:20:56] [yf2_v5] [INFO] Position info saved: my_pos=3, teammate_pos=1
[23:20:56] [yf2_v5] [INFO] Opponent Team wins! (pos 0+2: 6 vs pos 3+1: 0)
[23:20:56] [yf2_v5] [INFO] Game scores saved: YF Team 0/1, Opponent Team 1/1
[23:20:56] [HybridV4-P2] [INFO] Statistics reset
