[20:33:06] [HybridV4-P2] [INFO] HybridDecisionEngineV4 initialized
[20:33:06] [yf2_v4] [INFO] ✓ yf2_v4 initialized (Player 2)
[20:33:06] [yf2_v4] [INFO] ✓ Connected to server: ws://127.0.0.1:23456/game/yf2_v4
[20:33:09] [yf2_v4] [INFO] 游戏开始, 我是2号位，手牌：['S3', 'S4', 'H4', 'S5', 'H5', 'C5', 'D5', 'D7', 'S8', 'H8', 'H8', 'S9', 'S9', 'H9', 'C9', 'ST', 'ST', 'HT', 'CT', 'DJ', 'DJ', 'HQ', 'HK', 'DK', 'DA', 'H2', 'HR']
[20:33:09] [yf2_v4] [INFO] 1号位打出['Single', '4', ['D4']]， 最大动作为1号位打出的['Single', '4', ['D4']]
[20:33:09] [YFAdapter-P2] [INFO] YF state initialized: player_id=2
[20:33:09] [YFAdapter-P2] [INFO] YFAdapter initialized for player 2
[20:33:09] [HybridV4-P2] [INFO] YFAdapter initialized (lazy)
[20:33:09] [YFAdapter-P2] [INFO] [YF-P2] Decision context: myPos=2, curPos=1, greaterPos=1, teammate=0, curAction=[, actionList_size=40
[20:33:09] [YFAdapter-P2] [INFO] [YF-P2] Decided: action_index=0, action=['PASS', 'PASS', 'PASS']
[20:33:09] [HybridV4-P2] [INFO] DecisionEngine initialized (lazy)
[20:33:09] [HybridV4-P2] [INFO] KnowledgeEnhancedDecisionEngine initialized (lazy)
[20:33:09] [HybridV4-P2] [INFO] ✓ Decision complete: action=18 (score=142.5, layer=YF), candidates=8, time=0.196s
[20:33:09] [yf2_v4] [INFO] 2号位打出['Single', 'A', ['DA']]， 最大动作为2号位打出的['Single', 'A', ['DA']]
[20:33:09] [yf2_v4] [INFO] 3号位打出['Single', '2', ['S2']]， 最大动作为3号位打出的['Single', '2', ['S2']]
[20:33:09] [yf2_v4] [INFO] 0号位打出['Single', 'B', ['SB']]， 最大动作为0号位打出的['Single', 'B', ['SB']]
[20:33:09] [yf2_v4] [INFO] 1号位打出['PASS', 'PASS', 'PASS']， 最大动作为0号位打出的['Single', 'B', ['SB']]
[20:33:09] [YFAdapter-P2] [INFO] [YF-P2] Decision context: myPos=2, curPos=1, greaterPos=0, teammate=0, curAction=[, actionList_size=21
[20:33:09] [YFAdapter-P2] [INFO] [YF-P2] Decided: action_index=0, action=['PASS', 'PASS', 'PASS']
[20:33:09] [HybridV4-P2] [INFO] ✓ Decision complete: action=1 (score=112.5, layer=YF), candidates=8, time=0.013s
[20:33:09] [yf2_v4] [INFO] 2号位打出['Single', 'R', ['HR']]， 最大动作为2号位打出的['Single', 'R', ['HR']]
[20:33:09] [yf2_v4] [INFO] 3号位打出['Bomb', '4', ['S4', 'C4', 'C4', 'D4']]， 最大动作为3号位打出的['Bomb', '4', ['S4', 'C4', 'C4', 'D4']]
[20:33:09] [yf2_v4] [INFO] 0号位打出['Bomb', 'A', ['SA', 'SA', 'CA', 'DA']]， 最大动作为0号位打出的['Bomb', 'A', ['SA', 'SA', 'CA', 'DA']]
[20:33:09] [yf2_v4] [INFO] 1号位打出['PASS', 'PASS', 'PASS']， 最大动作为0号位打出的['Bomb', 'A', ['SA', 'SA', 'CA', 'DA']]
[20:33:09] [YFAdapter-P2] [INFO] [YF-P2] Decision context: myPos=2, curPos=1, greaterPos=0, teammate=0, curAction=[, actionList_size=4
[20:33:09] [YFAdapter-P2] [INFO] [YF-P2] Decided: action_index=0, action=['PASS', 'PASS', 'PASS']
[20:33:09] [HybridV4-P2] [INFO] ✓ Decision complete: action=2 (score=105.5, layer=YF), candidates=4, time=0.006s
[20:33:09] [yf2_v4] [INFO] 2号位打出['Bomb', '9', ['S9', 'S9', 'H9', 'C9', 'H2']]， 最大动作为2号位打出的['Bomb', '9', ['S9', 'S9', 'H9', 'C9', 'H2']]
[20:33:09] [yf2_v4] [INFO] 3号位打出['PASS', 'PASS', 'PASS']， 最大动作为2号位打出的['Bomb', '9', ['S9', 'S9', 'H9', 'C9', 'H2']]
[20:33:09] [yf2_v4] [INFO] 0号位打出['PASS', 'PASS', 'PASS']， 最大动作为2号位打出的['Bomb', '9', ['S9', 'S9', 'H9', 'C9', 'H2']]
[20:33:09] [yf2_v4] [INFO] 1号位打出['PASS', 'PASS', 'PASS']， 最大动作为2号位打出的['Bomb', '9', ['S9', 'S9', 'H9', 'C9', 'H2']]
[20:33:09] [YFAdapter-P2] [INFO] [YF-P2] Decision context: myPos=2, curPos=-1, greaterPos=-1, teammate=0, curAction=[, actionList_size=124
[20:33:09] [YFAdapter-P2] [INFO] [YF-P2] Decided: action_index=0, action=['Single', '3', [['S', '3']]]
[20:33:09] [HybridV4-P2] [INFO] ✓ Decision complete: action=0 (score=110.0, layer=YF), candidates=8, time=0.015s
[20:33:09] [yf2_v4] [INFO] 2号位打出['Single', '3', ['S3']]， 最大动作为2号位打出的['Single', '3', ['S3']]
[20:33:09] [yf2_v4] [INFO] 3号位打出['Single', '5', ['C5']]， 最大动作为3号位打出的['Single', '5', ['C5']]
[20:33:09] [yf2_v4] [INFO] 0号位打出['Single', 'A', ['CA']]， 最大动作为0号位打出的['Single', 'A', ['CA']]
[20:33:09] [yf2_v4] [INFO] 1号位打出['Single', '2', ['H2']]， 最大动作为1号位打出的['Single', '2', ['H2']]
[20:33:09] [YFAdapter-P2] [INFO] [YF-P2] Decision context: myPos=2, curPos=1, greaterPos=1, teammate=0, curAction=[, actionList_size=3
[20:33:09] [YFAdapter-P2] [INFO] [YF-P2] Decided: action_index=0, action=['PASS', 'PASS', 'PASS']
[20:33:09] [HybridV4-P2] [INFO] ✓ Decision complete: action=2 (score=135.5, layer=YF), candidates=3, time=0.012s
[20:33:09] [yf2_v4] [INFO] 2号位打出['Bomb', 'T', ['ST', 'ST', 'HT', 'CT']]， 最大动作为2号位打出的['Bomb', 'T', ['ST', 'ST', 'HT', 'CT']]
[20:33:09] [yf2_v4] [INFO] 3号位打出['Bomb', 'K', ['SK', 'HK', 'CK', 'CK', 'DK']]， 最大动作为3号位打出的['Bomb', 'K', ['SK', 'HK', 'CK', 'CK', 'DK']]
[20:33:10] [yf2_v4] [INFO] 0号位打出['PASS', 'PASS', 'PASS']， 最大动作为3号位打出的['Bomb', 'K', ['SK', 'HK', 'CK', 'CK', 'DK']]
[20:33:10] [yf2_v4] [INFO] 1号位打出['PASS', 'PASS', 'PASS']， 最大动作为3号位打出的['Bomb', 'K', ['SK', 'HK', 'CK', 'CK', 'DK']]
[20:33:10] [YFAdapter-P2] [INFO] [YF-P2] Decision context: myPos=2, curPos=1, greaterPos=3, teammate=0, curAction=[, actionList_size=1
[20:33:10] [YFAdapter-P2] [INFO] [YF-P2] Decided: action_index=0, action=['PASS', 'PASS', 'PASS']
[20:33:10] [HybridV4-P2] [INFO] ✓ Decision complete: action=0 (score=95.0, layer=YF), candidates=1, time=0.004s
[20:33:10] [yf2_v4] [INFO] 2号位打出['PASS', 'PASS', 'PASS']， 最大动作为3号位打出的['Bomb', 'K', ['SK', 'HK', 'CK', 'CK', 'DK']]
[20:33:10] [yf2_v4] [INFO] 3号位打出['Single', '8', ['D8']]， 最大动作为3号位打出的['Single', '8', ['D8']]
[20:33:10] [yf2_v4] [INFO] 0号位打出['Single', '2', ['S2']]， 最大动作为0号位打出的['Single', '2', ['S2']]
[20:33:10] [yf2_v4] [INFO] 1号位打出['PASS', 'PASS', 'PASS']， 最大动作为0号位打出的['Single', '2', ['S2']]
[20:33:10] [YFAdapter-P2] [INFO] [YF-P2] Decision context: myPos=2, curPos=1, greaterPos=0, teammate=0, curAction=[, actionList_size=2
[20:33:10] [YFAdapter-P2] [INFO] [YF-P2] Decided: action_index=0, action=['PASS', 'PASS', 'PASS']
[20:33:10] [HybridV4-P2] [INFO] ✓ Decision complete: action=1 (score=122.0, layer=YF), candidates=2, time=0.005s
[20:33:10] [yf2_v4] [INFO] 2号位打出['Bomb', '5', ['S5', 'H5', 'C5', 'D5']]， 最大动作为2号位打出的['Bomb', '5', ['S5', 'H5', 'C5', 'D5']]
[20:33:10] [yf2_v4] [INFO] 3号位打出['PASS', 'PASS', 'PASS']， 最大动作为2号位打出的['Bomb', '5', ['S5', 'H5', 'C5', 'D5']]
[20:33:10] [yf2_v4] [INFO] 0号位打出['PASS', 'PASS', 'PASS']， 最大动作为2号位打出的['Bomb', '5', ['S5', 'H5', 'C5', 'D5']]
[20:33:10] [yf2_v4] [INFO] 1号位打出['Bomb', '7', ['H7', 'H7', 'C7', 'D7']]， 最大动作为1号位打出的['Bomb', '7', ['H7', 'H7', 'C7', 'D7']]
[20:33:10] [YFAdapter-P2] [INFO] [YF-P2] Decision context: myPos=2, curPos=1, greaterPos=1, teammate=0, curAction=[, actionList_size=1
[20:33:10] [YFAdapter-P2] [INFO] [YF-P2] Decided: action_index=0, action=['PASS', 'PASS', 'PASS']
[20:33:10] [HybridV4-P2] [INFO] ✓ Decision complete: action=0 (score=95.0, layer=YF), candidates=1, time=0.014s
[20:33:10] [yf2_v4] [INFO] 2号位打出['PASS', 'PASS', 'PASS']， 最大动作为1号位打出的['Bomb', '7', ['H7', 'H7', 'C7', 'D7']]
[20:33:10] [yf2_v4] [INFO] 3号位打出['PASS', 'PASS', 'PASS']， 最大动作为1号位打出的['Bomb', '7', ['H7', 'H7', 'C7', 'D7']]
[20:33:10] [yf2_v4] [INFO] 0号位打出['PASS', 'PASS', 'PASS']， 最大动作为1号位打出的['Bomb', '7', ['H7', 'H7', 'C7', 'D7']]
[20:33:10] [yf2_v4] [INFO] 1号位打出['ThreePair', '9', ['H9', 'D9', 'CT', 'DT', 'SJ', 'CJ']]， 最大动作为1号位打出的['ThreePair', '9', ['H9', 'D9', 'CT', 'DT', 'SJ', 'CJ']]
[20:33:10] [YFAdapter-P2] [INFO] [YF-P2] Decision context: myPos=2, curPos=1, greaterPos=1, teammate=0, curAction=[, actionList_size=1
[20:33:10] [YFAdapter-P2] [INFO] [YF-P2] Decided: action_index=0, action=['PASS', 'PASS', 'PASS']
[20:33:10] [HybridV4-P2] [INFO] ✓ Decision complete: action=0 (score=95.0, layer=YF), candidates=1, time=0.005s
[20:33:10] [yf2_v4] [INFO] 2号位打出['PASS', 'PASS', 'PASS']， 最大动作为1号位打出的['ThreePair', '9', ['H9', 'D9', 'CT', 'DT', 'SJ', 'CJ']]
[20:33:10] [yf2_v4] [INFO] 3号位打出['PASS', 'PASS', 'PASS']， 最大动作为1号位打出的['ThreePair', '9', ['H9', 'D9', 'CT', 'DT', 'SJ', 'CJ']]
[20:33:10] [yf2_v4] [INFO] 0号位打出['PASS', 'PASS', 'PASS']， 最大动作为1号位打出的['ThreePair', '9', ['H9', 'D9', 'CT', 'DT', 'SJ', 'CJ']]
[20:33:10] [yf2_v4] [INFO] 1号位打出['ThreeWithTwo', '3', ['S3', 'C3', 'D3', 'H5', 'D5']]， 最大动作为1号位打出的['ThreeWithTwo', '3', ['S3', 'C3', 'D3', 'H5', 'D5']]
[20:33:10] [YFAdapter-P2] [INFO] [YF-P2] Decision context: myPos=2, curPos=1, greaterPos=1, teammate=0, curAction=[, actionList_size=4
[20:33:10] [YFAdapter-P2] [INFO] [YF-P2] Decided: action_index=0, action=['PASS', 'PASS', 'PASS']
[20:33:10] [HybridV4-P2] [INFO] ✓ Decision complete: action=1 (score=162.5, layer=YF), candidates=4, time=0.007s
[20:33:10] [yf2_v4] [INFO] 2号位打出['ThreeWithTwo', '8', ['S8', 'H8', 'H8', 'S4', 'H4']]， 最大动作为2号位打出的['ThreeWithTwo', '8', ['S8', 'H8', 'H8', 'S4', 'H4']]
[20:33:10] [yf2_v4] [INFO] 3号位打出['ThreeWithTwo', 'J', ['HJ', 'HJ', 'CJ', 'H3', 'D3']]， 最大动作为3号位打出的['ThreeWithTwo', 'J', ['HJ', 'HJ', 'CJ', 'H3', 'D3']]
[20:33:10] [yf2_v4] [INFO] 0号位打出['PASS', 'PASS', 'PASS']， 最大动作为3号位打出的['ThreeWithTwo', 'J', ['HJ', 'HJ', 'CJ', 'H3', 'D3']]
[20:33:10] [yf2_v4] [INFO] 1号位打出['PASS', 'PASS', 'PASS']， 最大动作为3号位打出的['ThreeWithTwo', 'J', ['HJ', 'HJ', 'CJ', 'H3', 'D3']]
[20:33:10] [YFAdapter-P2] [INFO] [YF-P2] Decision context: myPos=2, curPos=1, greaterPos=3, teammate=0, curAction=[, actionList_size=1
[20:33:10] [YFAdapter-P2] [INFO] [YF-P2] Decided: action_index=0, action=['PASS', 'PASS', 'PASS']
[20:33:10] [HybridV4-P2] [INFO] ✓ Decision complete: action=0 (score=95.0, layer=YF), candidates=1, time=0.002s
[20:33:10] [yf2_v4] [INFO] 2号位打出['PASS', 'PASS', 'PASS']， 最大动作为3号位打出的['ThreeWithTwo', 'J', ['HJ', 'HJ', 'CJ', 'H3', 'D3']]
[20:33:10] [yf2_v4] [INFO] 3号位打出['ThreeWithTwo', '6', ['S6', 'C6', 'D6', 'HQ', 'DQ']]， 最大动作为3号位打出的['ThreeWithTwo', '6', ['S6', 'C6', 'D6', 'HQ', 'DQ']]
[20:33:10] [yf2_v4] [INFO] 0号位打出['ThreeWithTwo', '7', ['S7', 'S7', 'C7', 'H3', 'C3']]， 最大动作为0号位打出的['ThreeWithTwo', '7', ['S7', 'S7', 'C7', 'H3', 'C3']]
[20:33:10] [yf2_v4] [INFO] 1号位打出['ThreeWithTwo', 'Q', ['SQ', 'CQ', 'DQ', 'H6', 'C6']]， 最大动作为1号位打出的['ThreeWithTwo', 'Q', ['SQ', 'CQ', 'DQ', 'H6', 'C6']]
[20:33:10] [YFAdapter-P2] [INFO] [YF-P2] Decision context: myPos=2, curPos=1, greaterPos=1, teammate=0, curAction=[, actionList_size=1
[20:33:10] [YFAdapter-P2] [INFO] [YF-P2] Decided: action_index=0, action=['PASS', 'PASS', 'PASS']
[20:33:10] [HybridV4-P2] [INFO] ✓ Decision complete: action=0 (score=55.0, layer=YF), candidates=1, time=0.003s
[20:33:10] [yf2_v4] [INFO] 2号位打出['PASS', 'PASS', 'PASS']， 最大动作为1号位打出的['ThreeWithTwo', 'Q', ['SQ', 'CQ', 'DQ', 'H6', 'C6']]
[20:33:10] [yf2_v4] [INFO] 3号位打出['PASS', 'PASS', 'PASS']， 最大动作为1号位打出的['ThreeWithTwo', 'Q', ['SQ', 'CQ', 'DQ', 'H6', 'C6']]
[20:33:10] [yf2_v4] [INFO] 0号位打出['PASS', 'PASS', 'PASS']， 最大动作为1号位打出的['ThreeWithTwo', 'Q', ['SQ', 'CQ', 'DQ', 'H6', 'C6']]
[20:33:10] [yf2_v4] [INFO] 1号位打出['Trips', '8', ['S8', 'C8', 'C8']]， 最大动作为1号位打出的['Trips', '8', ['S8', 'C8', 'C8']]
[20:33:10] [YFAdapter-P2] [INFO] [YF-P2] Decision context: myPos=2, curPos=1, greaterPos=1, teammate=0, curAction=[, actionList_size=1
[20:33:10] [YFAdapter-P2] [INFO] [YF-P2] Decided: action_index=0, action=['PASS', 'PASS', 'PASS']
[20:33:10] [HybridV4-P2] [INFO] ✓ Decision complete: action=0 (score=-5.0, layer=YF), candidates=1, time=0.003s
[20:33:10] [yf2_v4] [INFO] 2号位打出['PASS', 'PASS', 'PASS']， 最大动作为1号位打出的['Trips', '8', ['S8', 'C8', 'C8']]
[20:33:10] [yf2_v4] [INFO] 3号位打出['PASS', 'PASS', 'PASS']， 最大动作为1号位打出的['Trips', '8', ['S8', 'C8', 'C8']]
[20:33:10] [yf2_v4] [INFO] 0号位打出['PASS', 'PASS', 'PASS']， 最大动作为1号位打出的['Trips', '8', ['S8', 'C8', 'C8']]
[20:33:10] [yf2_v4] [INFO] 1号位打出['Single', 'K', ['SK']]， 最大动作为1号位打出的['Single', 'K', ['SK']]
[20:33:10] [YFAdapter-P2] [INFO] [YF-P2] Decision context: myPos=2, curPos=1, greaterPos=1, teammate=0, curAction=[, actionList_size=1
[20:33:10] [YFAdapter-P2] [INFO] [YF-P2] Decided: action_index=0, action=['PASS', 'PASS', 'PASS']
[20:33:10] [HybridV4-P2] [INFO] ✓ Decision complete: action=0 (score=-5.0, layer=YF), candidates=1, time=0.003s
[20:33:10] [yf2_v4] [INFO] 2号位打出['PASS', 'PASS', 'PASS']， 最大动作为1号位打出的['Single', 'K', ['SK']]
[20:33:10] [yf2_v4] [INFO] 3号位打出['PASS', 'PASS', 'PASS']， 最大动作为1号位打出的['Single', 'K', ['SK']]
[20:33:10] [yf2_v4] [INFO] 0号位打出['Single', '2', ['C2']]， 最大动作为0号位打出的['Single', '2', ['C2']]
[20:33:10] [yf2_v4] [INFO] 1号位打出['PASS', 'PASS', 'PASS']， 最大动作为0号位打出的['Single', '2', ['C2']]
[20:33:10] [YFAdapter-P2] [INFO] [YF-P2] Decision context: myPos=2, curPos=1, greaterPos=0, teammate=0, curAction=[, actionList_size=1
[20:33:10] [YFAdapter-P2] [INFO] [YF-P2] Decided: action_index=0, action=['PASS', 'PASS', 'PASS']
[20:33:10] [HybridV4-P2] [INFO] ✓ Decision complete: action=0 (score=-5.0, layer=YF), candidates=1, time=0.003s
[20:33:10] [yf2_v4] [INFO] 2号位打出['PASS', 'PASS', 'PASS']， 最大动作为0号位打出的['Single', '2', ['C2']]
[20:33:10] [yf2_v4] [INFO] 3号位打出['Single', 'R', ['HR']]， 最大动作为3号位打出的['Single', 'R', ['HR']]
[20:33:10] [yf2_v4] [INFO] 0号位打出['PASS', 'PASS', 'PASS']， 最大动作为3号位打出的['Single', 'R', ['HR']]
[20:33:10] [yf2_v4] [INFO] 1号位打出['PASS', 'PASS', 'PASS']， 最大动作为3号位打出的['Single', 'R', ['HR']]
[20:33:10] [YFAdapter-P2] [INFO] [YF-P2] Decision context: myPos=2, curPos=1, greaterPos=3, teammate=0, curAction=[, actionList_size=1
[20:33:10] [YFAdapter-P2] [INFO] [YF-P2] Decided: action_index=0, action=['PASS', 'PASS', 'PASS']
[20:33:10] [HybridV4-P2] [INFO] ✓ Decision complete: action=0 (score=-5.0, layer=YF), candidates=1, time=0.003s
[20:33:10] [yf2_v4] [INFO] 2号位打出['PASS', 'PASS', 'PASS']， 最大动作为3号位打出的['Single', 'R', ['HR']]
[20:33:10] [yf2_v4] [INFO] 3号位打出['Single', '9', ['D9']]， 最大动作为3号位打出的['Single', '9', ['D9']]
[20:33:10] [yf2_v4] [INFO] 0号位打出['Single', 'T', ['HT']]， 最大动作为0号位打出的['Single', 'T', ['HT']]
[20:33:10] [yf2_v4] [INFO] 1号位打出['Single', '2', ['C2']]， 最大动作为1号位打出的['Single', '2', ['C2']]
[20:33:10] [YFAdapter-P2] [INFO] [YF-P2] Decision context: myPos=2, curPos=1, greaterPos=1, teammate=0, curAction=[, actionList_size=1
[20:33:10] [YFAdapter-P2] [INFO] [YF-P2] Decided: action_index=0, action=['PASS', 'PASS', 'PASS']
[20:33:10] [HybridV4-P2] [INFO] ✓ Decision complete: action=0 (score=-5.0, layer=YF), candidates=1, time=0.014s
[20:33:10] [yf2_v4] [INFO] 2号位打出['PASS', 'PASS', 'PASS']， 最大动作为1号位打出的['Single', '2', ['C2']]
[20:33:10] [yf2_v4] [INFO] 3号位打出['PASS', 'PASS', 'PASS']， 最大动作为1号位打出的['Single', '2', ['C2']]
[20:33:10] [yf2_v4] [INFO] 3号位打出['Pair', 'A', ['HA', 'HA']]， 最大动作为3号位打出的['Pair', 'A', ['HA', 'HA']]
[20:33:10] [yf2_v4] [INFO] 0号位打出['PASS', 'PASS', 'PASS']， 最大动作为3号位打出的['Pair', 'A', ['HA', 'HA']]
[20:33:10] [YFAdapter-P2] [INFO] [YF-P2] Decision context: myPos=2, curPos=0, greaterPos=3, teammate=0, curAction=[, actionList_size=1
[20:33:10] [YFAdapter-P2] [INFO] [YF-P2] Decided: action_index=0, action=['PASS', 'PASS', 'PASS']
[20:33:10] [HybridV4-P2] [INFO] ✓ Decision complete: action=0 (score=-5.0, layer=YF), candidates=1, time=0.004s
[20:33:10] [yf2_v4] [INFO] 2号位打出['PASS', 'PASS', 'PASS']， 最大动作为3号位打出的['Pair', 'A', ['HA', 'HA']]
[20:33:10] [yf2_v4] [INFO] 3号位打出['Single', '2', ['D2']]， 最大动作为3号位打出的['Single', '2', ['D2']]
[20:33:10] [yf2_v4] [INFO] 游戏开始, 我是2号位，手牌：['H2', 'D2', 'S3', 'C3', 'C3', 'S6', 'H6', 'D6', 'C7', 'S8', 'S8', 'D8', 'S9', 'C9', 'C9', 'SJ', 'SQ', 'SQ', 'HQ', 'DQ', 'DK', 'HA', 'CA', 'CA', 'DA', 'C5', 'SB']
[20:33:10] [YFAdapter-P2] [INFO] [YF-P2] Decision context: myPos=2, curPos=-1, greaterPos=-1, teammate=0, curAction=[, actionList_size=1
[20:33:10] [YFAdapter-P2] [INFO] [YF-P2] Decided: action_index=0, action=['tribute', 'tribute', [['S', 'B']]]
[20:33:10] [HybridV4-P2] [INFO] ✓ Decision complete: action=0 (score=110.0, layer=YF), candidates=1, time=0.002s
[20:33:10] [yf2_v4] [INFO] 0号位打出['ThreePair', '6', ['C6', 'D6', 'S7', 'D7', 'C8', 'C8']]， 最大动作为0号位打出的['ThreePair', '6', ['C6', 'D6', 'S7', 'D7', 'C8', 'C8']]
[20:33:10] [yf2_v4] [INFO] 1号位打出['ThreePair', '8', ['H8', 'D8', 'H9', 'D9', 'HT', 'CT']]， 最大动作为1号位打出的['ThreePair', '8', ['H8', 'D8', 'H9', 'D9', 'HT', 'CT']]
[20:33:10] [YFAdapter-P2] [INFO] [YF-P2] Decision context: myPos=2, curPos=1, greaterPos=1, teammate=0, curAction=[, actionList_size=3
[20:33:10] [YFAdapter-P2] [INFO] [YF-P2] Decided: action_index=0, action=['PASS', 'PASS', 'PASS']
[20:33:10] [HybridV4-P2] [INFO] ✓ Decision complete: action=2 (score=142.5, layer=YF), candidates=3, time=0.014s
[20:33:10] [yf2_v4] [INFO] 2号位打出['Bomb', 'A', ['HA', 'CA', 'CA', 'DA']]， 最大动作为2号位打出的['Bomb', 'A', ['HA', 'CA', 'CA', 'DA']]
[20:33:10] [yf2_v4] [INFO] 3号位打出['PASS', 'PASS', 'PASS']， 最大动作为2号位打出的['Bomb', 'A', ['HA', 'CA', 'CA', 'DA']]
[20:33:10] [yf2_v4] [INFO] 0号位打出['Bomb', '2', ['S2', 'S2', 'C2', 'H5', 'H5']]， 最大动作为0号位打出的['Bomb', '2', ['S2', 'S2', 'C2', 'H5', 'H5']]
[20:33:10] [yf2_v4] [INFO] 1号位打出['Bomb', '4', ['S4', 'S4', 'H4', 'C4', 'C4']]， 最大动作为1号位打出的['Bomb', '4', ['S4', 'S4', 'H4', 'C4', 'C4']]
[20:33:10] [YFAdapter-P2] [INFO] [YF-P2] Decision context: myPos=2, curPos=1, greaterPos=1, teammate=0, curAction=[, actionList_size=1
[20:33:10] [YFAdapter-P2] [INFO] [YF-P2] Decided: action_index=0, action=['PASS', 'PASS', 'PASS']
[20:33:10] [HybridV4-P2] [INFO] ✓ Decision complete: action=0 (score=95.0, layer=YF), candidates=1, time=0.004s
[20:33:10] [yf2_v4] [INFO] 2号位打出['PASS', 'PASS', 'PASS']， 最大动作为1号位打出的['Bomb', '4', ['S4', 'S4', 'H4', 'C4', 'C4']]
[20:33:10] [yf2_v4] [INFO] 3号位打出['PASS', 'PASS', 'PASS']， 最大动作为1号位打出的['Bomb', '4', ['S4', 'S4', 'H4', 'C4', 'C4']]
[20:33:10] [yf2_v4] [INFO] 0号位打出['PASS', 'PASS', 'PASS']， 最大动作为1号位打出的['Bomb', '4', ['S4', 'S4', 'H4', 'C4', 'C4']]
[20:33:10] [yf2_v4] [INFO] 1号位打出['Single', '6', ['C6']]， 最大动作为1号位打出的['Single', '6', ['C6']]
[20:33:10] [YFAdapter-P2] [INFO] [YF-P2] Decision context: myPos=2, curPos=1, greaterPos=1, teammate=0, curAction=[, actionList_size=14
[20:33:10] [YFAdapter-P2] [INFO] [YF-P2] Decided: action_index=0, action=['PASS', 'PASS', 'PASS']
[20:33:10] [HybridV4-P2] [INFO] ✓ Decision complete: action=7 (score=159.0, layer=YF), candidates=8, time=0.005s
[20:33:10] [yf2_v4] [INFO] 2号位打出['Single', 'J', ['SJ']]， 最大动作为2号位打出的['Single', 'J', ['SJ']]
[20:33:10] [yf2_v4] [INFO] 3号位打出['Single', '5', ['S5']]， 最大动作为3号位打出的['Single', '5', ['S5']]
[20:33:10] [yf2_v4] [INFO] 0号位打出['Single', 'B', ['SB']]， 最大动作为0号位打出的['Single', 'B', ['SB']]
[20:33:10] [yf2_v4] [INFO] 1号位打出['PASS', 'PASS', 'PASS']， 最大动作为0号位打出的['Single', 'B', ['SB']]
[20:33:10] [YFAdapter-P2] [INFO] [YF-P2] Decision context: myPos=2, curPos=1, greaterPos=0, teammate=0, curAction=[, actionList_size=2
[20:33:10] [YFAdapter-P2] [INFO] [YF-P2] Decided: action_index=0, action=['PASS', 'PASS', 'PASS']
[20:33:10] [HybridV4-P2] [INFO] ✓ Decision complete: action=1 (score=129.0, layer=YF), candidates=2, time=0.004s
[20:33:10] [yf2_v4] [INFO] 2号位打出['Bomb', 'Q', ['SQ', 'SQ', 'HQ', 'DQ']]， 最大动作为2号位打出的['Bomb', 'Q', ['SQ', 'SQ', 'HQ', 'DQ']]
[20:33:10] [yf2_v4] [INFO] 3号位打出['Bomb', 'K', ['SK', 'SK', 'HK', 'CK']]， 最大动作为3号位打出的['Bomb', 'K', ['SK', 'SK', 'HK', 'CK']]
[20:33:10] [yf2_v4] [INFO] 0号位打出['PASS', 'PASS', 'PASS']， 最大动作为3号位打出的['Bomb', 'K', ['SK', 'SK', 'HK', 'CK']]
[20:33:10] [yf2_v4] [INFO] 1号位打出['PASS', 'PASS', 'PASS']， 最大动作为3号位打出的['Bomb', 'K', ['SK', 'SK', 'HK', 'CK']]
[20:33:10] [YFAdapter-P2] [INFO] [YF-P2] Decision context: myPos=2, curPos=1, greaterPos=3, teammate=0, curAction=[, actionList_size=1
[20:33:10] [YFAdapter-P2] [INFO] [YF-P2] Decided: action_index=0, action=['PASS', 'PASS', 'PASS']
[20:33:10] [HybridV4-P2] [INFO] ✓ Decision complete: action=0 (score=95.0, layer=YF), candidates=1, time=0.004s
[20:33:10] [yf2_v4] [INFO] 2号位打出['PASS', 'PASS', 'PASS']， 最大动作为3号位打出的['Bomb', 'K', ['SK', 'SK', 'HK', 'CK']]
[20:33:10] [yf2_v4] [INFO] 3号位打出['Single', '3', ['H3']]， 最大动作为3号位打出的['Single', '3', ['H3']]
[20:33:10] [yf2_v4] [INFO] 0号位打出['Single', 'A', ['DA']]， 最大动作为0号位打出的['Single', 'A', ['DA']]
[20:33:10] [yf2_v4] [INFO] 1号位打出['Single', '5', ['S5']]， 最大动作为1号位打出的['Single', '5', ['S5']]
[20:33:10] [YFAdapter-P2] [INFO] [YF-P2] Decision context: myPos=2, curPos=1, greaterPos=1, teammate=0, curAction=[, actionList_size=1
[20:33:10] [YFAdapter-P2] [INFO] [YF-P2] Decided: action_index=0, action=['PASS', 'PASS', 'PASS']
[20:33:10] [HybridV4-P2] [INFO] ✓ Decision complete: action=0 (score=95.0, layer=YF), candidates=1, time=0.008s
[20:33:10] [yf2_v4] [INFO] 2号位打出['PASS', 'PASS', 'PASS']， 最大动作为1号位打出的['Single', '5', ['S5']]
[20:33:10] [yf2_v4] [INFO] 3号位打出['PASS', 'PASS', 'PASS']， 最大动作为1号位打出的['Single', '5', ['S5']]
[20:33:10] [yf2_v4] [INFO] 0号位打出['Bomb', 'T', ['ST', 'ST', 'HT', 'CT']]， 最大动作为0号位打出的['Bomb', 'T', ['ST', 'ST', 'HT', 'CT']]
[20:33:11] [yf2_v4] [INFO] 1号位打出['PASS', 'PASS', 'PASS']， 最大动作为0号位打出的['Bomb', 'T', ['ST', 'ST', 'HT', 'CT']]
[20:33:11] [YFAdapter-P2] [INFO] [YF-P2] Decision context: myPos=2, curPos=1, greaterPos=0, teammate=0, curAction=[, actionList_size=1
[20:33:11] [YFAdapter-P2] [INFO] [YF-P2] Decided: action_index=0, action=['PASS', 'PASS', 'PASS']
[20:33:11] [HybridV4-P2] [INFO] ✓ Decision complete: action=0 (score=95.0, layer=YF), candidates=1, time=0.005s
[20:33:11] [yf2_v4] [INFO] 2号位打出['PASS', 'PASS', 'PASS']， 最大动作为0号位打出的['Bomb', 'T', ['ST', 'ST', 'HT', 'CT']]
[20:33:11] [yf2_v4] [INFO] 3号位打出['PASS', 'PASS', 'PASS']， 最大动作为0号位打出的['Bomb', 'T', ['ST', 'ST', 'HT', 'CT']]
[20:33:11] [yf2_v4] [INFO] 0号位打出['Pair', '3', ['S3', 'H3']]， 最大动作为0号位打出的['Pair', '3', ['S3', 'H3']]
[20:33:11] [yf2_v4] [INFO] 1号位打出['Pair', 'Q', ['CQ', 'DQ']]， 最大动作为1号位打出的['Pair', 'Q', ['CQ', 'DQ']]
[20:33:11] [YFAdapter-P2] [INFO] [YF-P2] Decision context: myPos=2, curPos=1, greaterPos=1, teammate=0, curAction=[, actionList_size=1
[20:33:11] [YFAdapter-P2] [INFO] [YF-P2] Decided: action_index=0, action=['PASS', 'PASS', 'PASS']
[20:33:11] [HybridV4-P2] [INFO] ✓ Decision complete: action=0 (score=95.0, layer=YF), candidates=1, time=0.004s
[20:33:11] [yf2_v4] [INFO] 2号位打出['PASS', 'PASS', 'PASS']， 最大动作为1号位打出的['Pair', 'Q', ['CQ', 'DQ']]
[20:33:11] [yf2_v4] [INFO] 3号位打出['Pair', 'A', ['SA', 'HA']]， 最大动作为3号位打出的['Pair', 'A', ['SA', 'HA']]
[20:33:11] [yf2_v4] [INFO] 0号位打出['Pair', '5', ['C5', 'D5']]， 最大动作为0号位打出的['Pair', '5', ['C5', 'D5']]
[20:33:11] [yf2_v4] [INFO] 1号位打出['PASS', 'PASS', 'PASS']， 最大动作为0号位打出的['Pair', '5', ['C5', 'D5']]
[20:33:11] [YFAdapter-P2] [INFO] [YF-P2] Decision context: myPos=2, curPos=1, greaterPos=0, teammate=0, curAction=[, actionList_size=1
[20:33:11] [YFAdapter-P2] [INFO] [YF-P2] Decided: action_index=0, action=['PASS', 'PASS', 'PASS']
[20:33:11] [HybridV4-P2] [INFO] ✓ Decision complete: action=0 (score=95.0, layer=YF), candidates=1, time=0.004s
[20:33:11] [yf2_v4] [INFO] 2号位打出['PASS', 'PASS', 'PASS']， 最大动作为0号位打出的['Pair', '5', ['C5', 'D5']]
[20:33:11] [yf2_v4] [INFO] 3号位打出['Pair', 'R', ['HR', 'HR']]， 最大动作为3号位打出的['Pair', 'R', ['HR', 'HR']]
[20:33:11] [yf2_v4] [INFO] 0号位打出['PASS', 'PASS', 'PASS']， 最大动作为3号位打出的['Pair', 'R', ['HR', 'HR']]
[20:33:11] [yf2_v4] [INFO] 1号位打出['PASS', 'PASS', 'PASS']， 最大动作为3号位打出的['Pair', 'R', ['HR', 'HR']]
[20:33:11] [YFAdapter-P2] [INFO] [YF-P2] Decision context: myPos=2, curPos=1, greaterPos=3, teammate=0, curAction=[, actionList_size=1
[20:33:11] [YFAdapter-P2] [INFO] [YF-P2] Decided: action_index=0, action=['PASS', 'PASS', 'PASS']
[20:33:11] [HybridV4-P2] [INFO] ✓ Decision complete: action=0 (score=95.0, layer=YF), candidates=1, time=0.004s
[20:33:11] [yf2_v4] [INFO] 2号位打出['PASS', 'PASS', 'PASS']， 最大动作为3号位打出的['Pair', 'R', ['HR', 'HR']]
[20:33:11] [yf2_v4] [INFO] 3号位打出['Single', '4', ['H4']]， 最大动作为3号位打出的['Single', '4', ['H4']]
[20:33:11] [yf2_v4] [INFO] 0号位打出['Single', 'J', ['DJ']]， 最大动作为0号位打出的['Single', 'J', ['DJ']]
[20:33:11] [yf2_v4] [INFO] 1号位打出['Single', 'K', ['DK']]， 最大动作为1号位打出的['Single', 'K', ['DK']]
[20:33:11] [YFAdapter-P2] [INFO] [YF-P2] Decision context: myPos=2, curPos=1, greaterPos=1, teammate=0, curAction=[, actionList_size=2
[20:33:11] [YFAdapter-P2] [INFO] [YF-P2] Decided: action_index=0, action=['PASS', 'PASS', 'PASS']
[20:33:11] [HybridV4-P2] [INFO] ✓ Decision complete: action=1 (score=152.0, layer=YF), candidates=2, time=0.011s
[20:33:11] [yf2_v4] [INFO] 2号位打出['Single', '5', ['C5']]， 最大动作为2号位打出的['Single', '5', ['C5']]
[20:33:11] [yf2_v4] [INFO] 3号位打出['PASS', 'PASS', 'PASS']， 最大动作为2号位打出的['Single', '5', ['C5']]
[20:33:11] [yf2_v4] [INFO] 0号位打出['PASS', 'PASS', 'PASS']， 最大动作为2号位打出的['Single', '5', ['C5']]
[20:33:11] [yf2_v4] [INFO] 1号位打出['Single', 'B', ['SB']]， 最大动作为1号位打出的['Single', 'B', ['SB']]
[20:33:11] [YFAdapter-P2] [INFO] [YF-P2] Decision context: myPos=2, curPos=1, greaterPos=1, teammate=0, curAction=[, actionList_size=1
[20:33:11] [YFAdapter-P2] [INFO] [YF-P2] Decided: action_index=0, action=['PASS', 'PASS', 'PASS']
[20:33:11] [HybridV4-P2] [INFO] ✓ Decision complete: action=0 (score=95.0, layer=YF), candidates=1, time=0.005s
[20:33:11] [yf2_v4] [INFO] 2号位打出['PASS', 'PASS', 'PASS']， 最大动作为1号位打出的['Single', 'B', ['SB']]
[20:33:11] [yf2_v4] [INFO] 3号位打出['PASS', 'PASS', 'PASS']， 最大动作为1号位打出的['Single', 'B', ['SB']]
[20:33:11] [yf2_v4] [INFO] 0号位打出['PASS', 'PASS', 'PASS']， 最大动作为1号位打出的['Single', 'B', ['SB']]
[20:33:11] [yf2_v4] [INFO] 1号位打出['Single', '8', ['H8']]， 最大动作为1号位打出的['Single', '8', ['H8']]
[20:33:11] [YFAdapter-P2] [INFO] [YF-P2] Decision context: myPos=2, curPos=1, greaterPos=1, teammate=0, curAction=[, actionList_size=4
[20:33:11] [YFAdapter-P2] [INFO] [YF-P2] Decided: action_index=0, action=['PASS', 'PASS', 'PASS']
[20:33:11] [HybridV4-P2] [INFO] ✓ Decision complete: action=3 (score=166.0, layer=YF), candidates=4, time=0.004s
[20:33:11] [yf2_v4] [INFO] 2号位打出['Single', 'K', ['DK']]， 最大动作为2号位打出的['Single', 'K', ['DK']]
[20:33:11] [yf2_v4] [INFO] 3号位打出['Single', '5', ['D5']]， 最大动作为3号位打出的['Single', '5', ['D5']]
[20:33:11] [yf2_v4] [INFO] 0号位打出['PASS', 'PASS', 'PASS']， 最大动作为3号位打出的['Single', '5', ['D5']]
[20:33:11] [yf2_v4] [INFO] 1号位打出['PASS', 'PASS', 'PASS']， 最大动作为3号位打出的['Single', '5', ['D5']]
[20:33:11] [YFAdapter-P2] [INFO] [YF-P2] Decision context: myPos=2, curPos=1, greaterPos=3, teammate=0, curAction=[, actionList_size=1
[20:33:11] [YFAdapter-P2] [INFO] [YF-P2] Decided: action_index=0, action=['PASS', 'PASS', 'PASS']
[20:33:11] [HybridV4-P2] [INFO] ✓ Decision complete: action=0 (score=95.0, layer=YF), candidates=1, time=0.007s
[20:33:11] [yf2_v4] [INFO] 2号位打出['PASS', 'PASS', 'PASS']， 最大动作为3号位打出的['Single', '5', ['D5']]
[20:33:11] [yf2_v4] [INFO] 3号位打出['Pair', '6', ['S6', 'H6']]， 最大动作为3号位打出的['Pair', '6', ['S6', 'H6']]
[20:33:11] [yf2_v4] [INFO] 0号位打出['Pair', 'K', ['HK', 'CK']]， 最大动作为0号位打出的['Pair', 'K', ['HK', 'CK']]
[20:33:11] [yf2_v4] [INFO] 1号位打出['PASS', 'PASS', 'PASS']， 最大动作为0号位打出的['Pair', 'K', ['HK', 'CK']]
[20:33:11] [YFAdapter-P2] [INFO] [YF-P2] Decision context: myPos=2, curPos=1, greaterPos=0, teammate=0, curAction=[, actionList_size=1
[20:33:11] [YFAdapter-P2] [INFO] [YF-P2] Decided: action_index=0, action=['PASS', 'PASS', 'PASS']
[20:33:11] [HybridV4-P2] [INFO] ✓ Decision complete: action=0 (score=95.0, layer=YF), candidates=1, time=0.005s
[20:33:11] [yf2_v4] [INFO] 2号位打出['PASS', 'PASS', 'PASS']， 最大动作为0号位打出的['Pair', 'K', ['HK', 'CK']]
[20:33:11] [yf2_v4] [INFO] 3号位打出['Bomb', '7', ['S7', 'H7', 'C7', 'D7']]， 最大动作为3号位打出的['Bomb', '7', ['S7', 'H7', 'C7', 'D7']]
[20:33:11] [yf2_v4] [INFO] 0号位打出['PASS', 'PASS', 'PASS']， 最大动作为3号位打出的['Bomb', '7', ['S7', 'H7', 'C7', 'D7']]
[20:33:11] [yf2_v4] [INFO] 1号位打出['PASS', 'PASS', 'PASS']， 最大动作为3号位打出的['Bomb', '7', ['S7', 'H7', 'C7', 'D7']]
[20:33:11] [YFAdapter-P2] [INFO] [YF-P2] Decision context: myPos=2, curPos=1, greaterPos=3, teammate=0, curAction=[, actionList_size=1
[20:33:11] [YFAdapter-P2] [INFO] [YF-P2] Decided: action_index=0, action=['PASS', 'PASS', 'PASS']
[20:33:11] [HybridV4-P2] [INFO] ✓ Decision complete: action=0 (score=95.0, layer=YF), candidates=1, time=0.003s
[20:33:11] [yf2_v4] [INFO] 2号位打出['PASS', 'PASS', 'PASS']， 最大动作为3号位打出的['Bomb', '7', ['S7', 'H7', 'C7', 'D7']]
[20:33:11] [yf2_v4] [INFO] 3号位打出['Pair', '9', ['H9', 'D9']]， 最大动作为3号位打出的['Pair', '9', ['H9', 'D9']]
[20:33:11] [yf2_v4] [INFO] 0号位打出['PASS', 'PASS', 'PASS']， 最大动作为3号位打出的['Pair', '9', ['H9', 'D9']]
[20:33:11] [yf2_v4] [INFO] 1号位打出['Pair', 'J', ['HJ', 'HJ']]， 最大动作为1号位打出的['Pair', 'J', ['HJ', 'HJ']]
[20:33:11] [YFAdapter-P2] [INFO] [YF-P2] Decision context: myPos=2, curPos=1, greaterPos=1, teammate=0, curAction=[, actionList_size=1
[20:33:11] [YFAdapter-P2] [INFO] [YF-P2] Decided: action_index=0, action=['PASS', 'PASS', 'PASS']
[20:33:11] [HybridV4-P2] [INFO] ✓ Decision complete: action=0 (score=75.0, layer=YF), candidates=1, time=0.014s
[20:33:11] [yf2_v4] [INFO] 2号位打出['PASS', 'PASS', 'PASS']， 最大动作为1号位打出的['Pair', 'J', ['HJ', 'HJ']]
[20:33:11] [yf2_v4] [INFO] 3号位打出['PASS', 'PASS', 'PASS']， 最大动作为1号位打出的['Pair', 'J', ['HJ', 'HJ']]
[20:33:11] [yf2_v4] [INFO] 0号位打出['PASS', 'PASS', 'PASS']， 最大动作为1号位打出的['Pair', 'J', ['HJ', 'HJ']]
[20:33:11] [yf2_v4] [INFO] 1号位打出['ThreeWithTwo', '2', ['H2', 'C2', 'D2', 'D3', 'D3']]， 最大动作为1号位打出的['ThreeWithTwo', '2', ['H2', 'C2', 'D2', 'D3', 'D3']]
[20:33:11] [YFAdapter-P2] [INFO] [YF-P2] Decision context: myPos=2, curPos=1, greaterPos=1, teammate=0, curAction=[, actionList_size=36
[20:33:11] [YFAdapter-P2] [INFO] [YF-P2] Decided: action_index=0, action=['PASS', 'PASS', 'PASS']
[20:33:11] [YFAdapter-P2] [WARNING] [YF-P2] 检测到过于保守: 对手快走完(剩2张), 触发Layer 2/3进行更积极的决策
[20:33:11] [HybridV4-P2] [INFO] ✓ Decision complete: action=1 (score=155.6, layer=DecisionEngine), candidates=5, time=0.004s
[20:33:11] [yf2_v4] [INFO] 2号位打出['ThreeWithTwo', '3', ['S3', 'C3', 'C3', 'H2', 'D2']]， 最大动作为2号位打出的['ThreeWithTwo', '3', ['S3', 'C3', 'C3', 'H2', 'D2']]
[20:33:11] [yf2_v4] [INFO] 3号位打出['ThreeWithTwo', 'J', ['SJ', 'CJ', 'DJ', 'DT', 'DT']]， 最大动作为3号位打出的['ThreeWithTwo', 'J', ['SJ', 'CJ', 'DJ', 'DT', 'DT']]
[20:33:11] [yf2_v4] [INFO] 0号位打出['PASS', 'PASS', 'PASS']， 最大动作为3号位打出的['ThreeWithTwo', 'J', ['SJ', 'CJ', 'DJ', 'DT', 'DT']]
[20:33:11] [yf2_v4] [INFO] 1号位打出['PASS', 'PASS', 'PASS']， 最大动作为3号位打出的['ThreeWithTwo', 'J', ['SJ', 'CJ', 'DJ', 'DT', 'DT']]
[20:33:11] [YFAdapter-P2] [INFO] [YF-P2] Decision context: myPos=2, curPos=1, greaterPos=3, teammate=0, curAction=[, actionList_size=1
[20:33:11] [YFAdapter-P2] [INFO] [YF-P2] Decided: action_index=0, action=['PASS', 'PASS', 'PASS']
[20:33:11] [HybridV4-P2] [INFO] ✓ Decision complete: action=0 (score=-5.0, layer=YF), candidates=1, time=0.010s
[20:33:11] [yf2_v4] [INFO] 2号位打出['PASS', 'PASS', 'PASS']， 最大动作为3号位打出的['ThreeWithTwo', 'J', ['SJ', 'CJ', 'DJ', 'DT', 'DT']]
[20:33:11] [yf2_v4] [INFO] 3号位打出['Pair', 'Q', ['HQ', 'CQ']]， 最大动作为3号位打出的['Pair', 'Q', ['HQ', 'CQ']]
[20:33:11] [yf2_v4] [INFO] 0号位打出['PASS', 'PASS', 'PASS']， 最大动作为3号位打出的['Pair', 'Q', ['HQ', 'CQ']]
[20:33:11] [yf2_v4] [INFO] 1号位打出['PASS', 'PASS', 'PASS']， 最大动作为3号位打出的['Pair', 'Q', ['HQ', 'CQ']]
[20:33:11] [yf2_v4] [INFO] 1号位打出['Single', 'J', ['CJ']]， 最大动作为1号位打出的['Single', 'J', ['CJ']]
[20:33:11] [YFAdapter-P2] [INFO] [YF-P2] Decision context: myPos=2, curPos=1, greaterPos=1, teammate=0, curAction=[, actionList_size=1
[20:33:11] [YFAdapter-P2] [INFO] [YF-P2] Decided: action_index=0, action=['PASS', 'PASS', 'PASS']
[20:33:11] [HybridV4-P2] [INFO] ✓ Decision complete: action=0 (score=-5.0, layer=YF), candidates=1, time=0.002s
[20:33:11] [yf2_v4] [INFO] 2号位打出['PASS', 'PASS', 'PASS']， 最大动作为1号位打出的['Single', 'J', ['CJ']]
[20:33:11] [yf2_v4] [INFO] 0号位打出['PASS', 'PASS', 'PASS']， 最大动作为1号位打出的['Single', 'J', ['CJ']]
[20:33:11] [yf2_v4] [INFO] 1号位打出['Single', 'A', ['SA']]， 最大动作为1号位打出的['Single', 'A', ['SA']]
[20:33:11] [yf2_v4] [INFO] 游戏开始, 我是2号位，手牌：['S2', 'H3', 'H3', 'D3', 'S4', 'D4', 'S5', 'H5', 'S6', 'H6', 'D6', 'C7', 'C7', 'D7', 'D9', 'SJ', 'HJ', 'HJ', 'CJ', 'DJ', 'DQ', 'DQ', 'DK', 'SA', 'H8', 'D8', 'HR']
[20:33:11] [YFAdapter-P2] [INFO] [YF-P2] Decision context: myPos=2, curPos=-1, greaterPos=-1, teammate=0, curAction=[, actionList_size=1
[20:33:11] [YFAdapter-P2] [INFO] [YF-P2] Decided: action_index=0, action=['tribute', 'tribute', [['H', 'R']]]
[20:33:11] [HybridV4-P2] [INFO] ✓ Decision complete: action=0 (score=110.0, layer=YF), candidates=1, time=0.002s
[20:33:11] [YFAdapter-P2] [INFO] [YF-P2] Decision context: myPos=2, curPos=-1, greaterPos=-1, teammate=0, curAction=[, actionList_size=1243
[20:33:11] [YFAdapter-P2] [INFO] [YF-P2] Decided: action_index=0, action=['Single', '2', [['S', '2']]]
[20:33:11] [HybridV4-P2] [INFO] ✓ Decision complete: action=0 (score=125.0, layer=YF), candidates=8, time=0.023s
[20:33:11] [yf2_v4] [INFO] 2号位打出['Single', '2', ['S2']]， 最大动作为2号位打出的['Single', '2', ['S2']]
[20:33:11] [yf2_v4] [INFO] 3号位打出['Single', 'K', ['DK']]， 最大动作为3号位打出的['Single', 'K', ['DK']]
[20:33:11] [yf2_v4] [INFO] 0号位打出['Single', 'A', ['SA']]， 最大动作为0号位打出的['Single', 'A', ['SA']]
[20:33:11] [yf2_v4] [INFO] 1号位打出['Single', '8', ['H8']]， 最大动作为1号位打出的['Single', '8', ['H8']]
[20:33:11] [YFAdapter-P2] [INFO] [YF-P2] Decision context: myPos=2, curPos=1, greaterPos=1, teammate=0, curAction=[, actionList_size=24
[20:33:11] [YFAdapter-P2] [INFO] [YF-P2] Decided: action_index=0, action=['PASS', 'PASS', 'PASS']
[20:33:11] [HybridV4-P2] [INFO] ✓ Decision complete: action=6 (score=139.0, layer=YF), candidates=8, time=0.008s
[20:33:11] [yf2_v4] [INFO] 2号位打出['Bomb', 'J', ['SJ', 'HJ', 'HJ', 'H8']]， 最大动作为2号位打出的['Bomb', 'J', ['SJ', 'HJ', 'HJ', 'H8']]
[20:33:11] [yf2_v4] [INFO] 3号位打出['PASS', 'PASS', 'PASS']， 最大动作为2号位打出的['Bomb', 'J', ['SJ', 'HJ', 'HJ', 'H8']]
[20:33:11] [yf2_v4] [INFO] 0号位打出['Bomb', 'T', ['ST', 'HT', 'HT', 'CT', 'DT']]， 最大动作为0号位打出的['Bomb', 'T', ['ST', 'HT', 'HT', 'CT', 'DT']]
[20:33:11] [yf2_v4] [INFO] 1号位打出['Bomb', '2', ['S2', 'H2', 'C2', 'C2', 'D2', 'D2']]， 最大动作为1号位打出的['Bomb', '2', ['S2', 'H2', 'C2', 'C2', 'D2', 'D2']]
[20:33:11] [YFAdapter-P2] [INFO] [YF-P2] Decision context: myPos=2, curPos=1, greaterPos=1, teammate=0, curAction=[, actionList_size=1
[20:33:11] [YFAdapter-P2] [INFO] [YF-P2] Decided: action_index=0, action=['PASS', 'PASS', 'PASS']
[20:33:11] [HybridV4-P2] [INFO] ✓ Decision complete: action=0 (score=95.0, layer=YF), candidates=1, time=0.003s
[20:33:11] [yf2_v4] [INFO] 2号位打出['PASS', 'PASS', 'PASS']， 最大动作为1号位打出的['Bomb', '2', ['S2', 'H2', 'C2', 'C2', 'D2', 'D2']]
[20:33:11] [yf2_v4] [INFO] 3号位打出['PASS', 'PASS', 'PASS']， 最大动作为1号位打出的['Bomb', '2', ['S2', 'H2', 'C2', 'C2', 'D2', 'D2']]
[20:33:11] [yf2_v4] [INFO] 0号位打出['PASS', 'PASS', 'PASS']， 最大动作为1号位打出的['Bomb', '2', ['S2', 'H2', 'C2', 'C2', 'D2', 'D2']]
[20:33:11] [yf2_v4] [INFO] 1号位打出['Pair', '3', ['S3', 'C3']]， 最大动作为1号位打出的['Pair', '3', ['S3', 'C3']]
[20:33:11] [YFAdapter-P2] [INFO] [YF-P2] Decision context: myPos=2, curPos=1, greaterPos=1, teammate=0, curAction=[, actionList_size=12
[20:33:11] [YFAdapter-P2] [INFO] [YF-P2] Decided: action_index=0, action=['PASS', 'PASS', 'PASS']
[20:33:11] [HybridV4-P2] [INFO] ✓ Decision complete: action=9 (score=139.0, layer=YF), candidates=8, time=0.007s
[20:33:11] [yf2_v4] [INFO] 2号位打出['Pair', 'J', ['CJ', 'DJ']]， 最大动作为2号位打出的['Pair', 'J', ['CJ', 'DJ']]
[20:33:11] [yf2_v4] [INFO] 3号位打出['Pair', 'Q', ['SQ', 'HQ']]， 最大动作为3号位打出的['Pair', 'Q', ['SQ', 'HQ']]
[20:33:11] [yf2_v4] [INFO] 0号位打出['Pair', 'K', ['SK', 'CK']]， 最大动作为0号位打出的['Pair', 'K', ['SK', 'CK']]
[20:33:11] [yf2_v4] [INFO] 1号位打出['Pair', '8', ['C8', 'C8']]， 最大动作为1号位打出的['Pair', '8', ['C8', 'C8']]
[20:33:11] [YFAdapter-P2] [INFO] [YF-P2] Decision context: myPos=2, curPos=1, greaterPos=1, teammate=0, curAction=[, actionList_size=2
[20:33:11] [YFAdapter-P2] [INFO] [YF-P2] Decided: action_index=0, action=['PASS', 'PASS', 'PASS']
[20:33:11] [HybridV4-P2] [INFO] ✓ Decision complete: action=1 (score=135.5, layer=YF), candidates=2, time=0.008s
[20:33:11] [yf2_v4] [INFO] 2号位打出['Bomb', '7', ['C7', 'C7', 'D7', 'D7']]， 最大动作为2号位打出的['Bomb', '7', ['C7', 'C7', 'D7', 'D7']]
[20:33:11] [yf2_v4] [INFO] 3号位打出['Bomb', 'A', ['HA', 'CA', 'DA', 'DA']]， 最大动作为3号位打出的['Bomb', 'A', ['HA', 'CA', 'DA', 'DA']]
[20:33:11] [yf2_v4] [INFO] 0号位打出['PASS', 'PASS', 'PASS']， 最大动作为3号位打出的['Bomb', 'A', ['HA', 'CA', 'DA', 'DA']]
[20:33:11] [yf2_v4] [INFO] 1号位打出['PASS', 'PASS', 'PASS']， 最大动作为3号位打出的['Bomb', 'A', ['HA', 'CA', 'DA', 'DA']]
[20:33:11] [YFAdapter-P2] [INFO] [YF-P2] Decision context: myPos=2, curPos=1, greaterPos=3, teammate=0, curAction=[, actionList_size=1
[20:33:11] [YFAdapter-P2] [INFO] [YF-P2] Decided: action_index=0, action=['PASS', 'PASS', 'PASS']
[20:33:11] [HybridV4-P2] [INFO] ✓ Decision complete: action=0 (score=95.0, layer=YF), candidates=1, time=0.004s
[20:33:11] [yf2_v4] [INFO] 2号位打出['PASS', 'PASS', 'PASS']， 最大动作为3号位打出的['Bomb', 'A', ['HA', 'CA', 'DA', 'DA']]
[20:33:11] [yf2_v4] [INFO] 3号位打出['ThreePair', '4', ['H4', 'D4', 'H5', 'C5', 'C6', 'D6']]， 最大动作为3号位打出的['ThreePair', '4', ['H4', 'D4', 'H5', 'C5', 'C6', 'D6']]
[20:33:11] [yf2_v4] [INFO] 0号位打出['Bomb', '4', ['S4', 'H4', 'C4', 'C4']]， 最大动作为0号位打出的['Bomb', '4', ['S4', 'H4', 'C4', 'C4']]
[20:33:11] [yf2_v4] [INFO] 1号位打出['Bomb', '9', ['H9', 'H9', 'C9', 'C9']]， 最大动作为1号位打出的['Bomb', '9', ['H9', 'H9', 'C9', 'C9']]
[20:33:11] [YFAdapter-P2] [INFO] [YF-P2] Decision context: myPos=2, curPos=1, greaterPos=1, teammate=0, curAction=[, actionList_size=1
[20:33:11] [YFAdapter-P2] [INFO] [YF-P2] Decided: action_index=0, action=['PASS', 'PASS', 'PASS']
[20:33:11] [HybridV4-P2] [INFO] ✓ Decision complete: action=0 (score=95.0, layer=YF), candidates=1, time=0.004s
[20:33:11] [yf2_v4] [INFO] 2号位打出['PASS', 'PASS', 'PASS']， 最大动作为1号位打出的['Bomb', '9', ['H9', 'H9', 'C9', 'C9']]
[20:33:11] [yf2_v4] [INFO] 3号位打出['PASS', 'PASS', 'PASS']， 最大动作为1号位打出的['Bomb', '9', ['H9', 'H9', 'C9', 'C9']]
[20:33:11] [yf2_v4] [INFO] 0号位打出['PASS', 'PASS', 'PASS']， 最大动作为1号位打出的['Bomb', '9', ['H9', 'H9', 'C9', 'C9']]
[20:33:11] [yf2_v4] [INFO] 1号位打出['Pair', '5', ['S5', 'D5']]， 最大动作为1号位打出的['Pair', '5', ['S5', 'D5']]
[20:33:11] [YFAdapter-P2] [INFO] [YF-P2] Decision context: myPos=2, curPos=1, greaterPos=1, teammate=0, curAction=[, actionList_size=5
[20:33:11] [YFAdapter-P2] [INFO] [YF-P2] Decided: action_index=0, action=['PASS', 'PASS', 'PASS']
[20:33:11] [HybridV4-P2] [INFO] ✓ Decision complete: action=4 (score=166.0, layer=YF), candidates=5, time=0.006s
[20:33:11] [yf2_v4] [INFO] 2号位打出['Pair', 'Q', ['DQ', 'DQ']]， 最大动作为2号位打出的['Pair', 'Q', ['DQ', 'DQ']]
[20:33:11] [yf2_v4] [INFO] 3号位打出['Pair', 'B', ['SB', 'SB']]， 最大动作为3号位打出的['Pair', 'B', ['SB', 'SB']]
[20:33:12] [yf2_v4] [INFO] 0号位打出['PASS', 'PASS', 'PASS']， 最大动作为3号位打出的['Pair', 'B', ['SB', 'SB']]
[20:33:12] [yf2_v4] [INFO] 1号位打出['PASS', 'PASS', 'PASS']， 最大动作为3号位打出的['Pair', 'B', ['SB', 'SB']]
[20:33:12] [YFAdapter-P2] [INFO] [YF-P2] Decision context: myPos=2, curPos=1, greaterPos=3, teammate=0, curAction=[, actionList_size=1
[20:33:12] [YFAdapter-P2] [INFO] [YF-P2] Decided: action_index=0, action=['PASS', 'PASS', 'PASS']
[20:33:12] [HybridV4-P2] [INFO] ✓ Decision complete: action=0 (score=95.0, layer=YF), candidates=1, time=0.003s
[20:33:12] [yf2_v4] [INFO] 2号位打出['PASS', 'PASS', 'PASS']， 最大动作为3号位打出的['Pair', 'B', ['SB', 'SB']]
[20:33:12] [yf2_v4] [INFO] 3号位打出['ThreeWithTwo', '9', ['S9', 'S9', 'D9', 'S7', 'H7']]， 最大动作为3号位打出的['ThreeWithTwo', '9', ['S9', 'S9', 'D9', 'S7', 'H7']]
[20:33:12] [yf2_v4] [INFO] 0号位打出['PASS', 'PASS', 'PASS']， 最大动作为3号位打出的['ThreeWithTwo', '9', ['S9', 'S9', 'D9', 'S7', 'H7']]
[20:33:12] [yf2_v4] [INFO] 1号位打出['PASS', 'PASS', 'PASS']， 最大动作为3号位打出的['ThreeWithTwo', '9', ['S9', 'S9', 'D9', 'S7', 'H7']]
[20:33:12] [YFAdapter-P2] [INFO] [YF-P2] Decision context: myPos=2, curPos=1, greaterPos=3, teammate=0, curAction=[, actionList_size=1
[20:33:12] [YFAdapter-P2] [INFO] [YF-P2] Decided: action_index=0, action=['PASS', 'PASS', 'PASS']
[20:33:12] [HybridV4-P2] [INFO] ✓ Decision complete: action=0 (score=75.0, layer=YF), candidates=1, time=0.013s
[20:33:12] [yf2_v4] [INFO] 2号位打出['PASS', 'PASS', 'PASS']， 最大动作为3号位打出的['ThreeWithTwo', '9', ['S9', 'S9', 'D9', 'S7', 'H7']]
[20:33:12] [yf2_v4] [INFO] 3号位打出['ThreeWithTwo', 'J', ['SJ', 'CJ', 'DJ', 'ST', 'DT']]， 最大动作为3号位打出的['ThreeWithTwo', 'J', ['SJ', 'CJ', 'DJ', 'ST', 'DT']]
[20:33:12] [yf2_v4] [INFO] 0号位打出['PASS', 'PASS', 'PASS']， 最大动作为3号位打出的['ThreeWithTwo', 'J', ['SJ', 'CJ', 'DJ', 'ST', 'DT']]
[20:33:12] [yf2_v4] [INFO] 1号位打出['PASS', 'PASS', 'PASS']， 最大动作为3号位打出的['ThreeWithTwo', 'J', ['SJ', 'CJ', 'DJ', 'ST', 'DT']]
[20:33:12] [YFAdapter-P2] [INFO] [YF-P2] Decision context: myPos=2, curPos=1, greaterPos=3, teammate=0, curAction=[, actionList_size=1
[20:33:12] [YFAdapter-P2] [INFO] [YF-P2] Decided: action_index=0, action=['PASS', 'PASS', 'PASS']
[20:33:12] [HybridV4-P2] [INFO] ✓ Decision complete: action=0 (score=-5.0, layer=YF), candidates=1, time=0.009s
[20:33:12] [yf2_v4] [INFO] 2号位打出['PASS', 'PASS', 'PASS']， 最大动作为3号位打出的['ThreeWithTwo', 'J', ['SJ', 'CJ', 'DJ', 'ST', 'DT']]
[20:33:12] [yf2_v4] [INFO] 3号位打出['Single', '8', ['S8']]， 最大动作为3号位打出的['Single', '8', ['S8']]
[20:33:12] [yf2_v4] [INFO] 0号位打出['PASS', 'PASS', 'PASS']， 最大动作为3号位打出的['Single', '8', ['S8']]
[20:33:12] [yf2_v4] [INFO] 1号位打出['PASS', 'PASS', 'PASS']， 最大动作为3号位打出的['Single', '8', ['S8']]
[20:33:12] [YFAdapter-P2] [INFO] [YF-P2] Decision context: myPos=2, curPos=1, greaterPos=3, teammate=0, curAction=[, actionList_size=1
[20:33:12] [YFAdapter-P2] [INFO] [YF-P2] Decided: action_index=0, action=['PASS', 'PASS', 'PASS']
[20:33:12] [HybridV4-P2] [INFO] ✓ Decision complete: action=0 (score=-5.0, layer=YF), candidates=1, time=0.004s
[20:33:12] [yf2_v4] [INFO] 2号位打出['PASS', 'PASS', 'PASS']， 最大动作为3号位打出的['Single', '8', ['S8']]
[20:33:12] [yf2_v4] [INFO] 3号位打出['Single', 'R', ['HR']]， 最大动作为3号位打出的['Single', 'R', ['HR']]
[20:33:12] [yf2_v4] [INFO] 0号位打出['PASS', 'PASS', 'PASS']， 最大动作为3号位打出的['Single', 'R', ['HR']]
[20:33:12] [yf2_v4] [INFO] 1号位打出['PASS', 'PASS', 'PASS']， 最大动作为3号位打出的['Single', 'R', ['HR']]
[20:33:12] [yf2_v4] [INFO] 1号位打出['Pair', '6', ['S6', 'H6']]， 最大动作为1号位打出的['Pair', '6', ['S6', 'H6']]
[20:33:12] [YFAdapter-P2] [INFO] [YF-P2] Decision context: myPos=2, curPos=1, greaterPos=1, teammate=0, curAction=[, actionList_size=1
[20:33:12] [YFAdapter-P2] [INFO] [YF-P2] Decided: action_index=0, action=['PASS', 'PASS', 'PASS']
[20:33:12] [HybridV4-P2] [INFO] ✓ Decision complete: action=0 (score=-5.0, layer=YF), candidates=1, time=0.005s
[20:33:12] [yf2_v4] [INFO] 2号位打出['PASS', 'PASS', 'PASS']， 最大动作为1号位打出的['Pair', '6', ['S6', 'H6']]
[20:33:12] [yf2_v4] [INFO] 0号位打出['Pair', '7', ['S7', 'H7']]， 最大动作为0号位打出的['Pair', '7', ['S7', 'H7']]
[20:33:12] [yf2_v4] [INFO] 1号位打出['Pair', 'Q', ['SQ', 'HQ']]， 最大动作为1号位打出的['Pair', 'Q', ['SQ', 'HQ']]
[20:33:12] [YFAdapter-P2] [INFO] [YF-P2] Decision context: myPos=2, curPos=1, greaterPos=1, teammate=0, curAction=[, actionList_size=1
[20:33:12] [YFAdapter-P2] [INFO] [YF-P2] Decided: action_index=0, action=['PASS', 'PASS', 'PASS']
[20:33:12] [HybridV4-P2] [INFO] ✓ Decision complete: action=0 (score=-5.0, layer=YF), candidates=1, time=0.004s
[20:33:12] [yf2_v4] [INFO] 2号位打出['PASS', 'PASS', 'PASS']， 最大动作为1号位打出的['Pair', 'Q', ['SQ', 'HQ']]
[20:33:12] [yf2_v4] [INFO] 0号位打出['Pair', '8', ['S8', 'D8']]， 最大动作为0号位打出的['Pair', '8', ['S8', 'D8']]
[20:33:12] [yf2_v4] [INFO] 1号位打出['Bomb', 'K', ['SK', 'HK', 'HK', 'CK']]， 最大动作为1号位打出的['Bomb', 'K', ['SK', 'HK', 'HK', 'CK']]
[20:33:12] [YFAdapter-P2] [INFO] [YF-P2] Decision context: myPos=2, curPos=1, greaterPos=1, teammate=0, curAction=[, actionList_size=1
[20:33:12] [YFAdapter-P2] [INFO] [YF-P2] Decided: action_index=0, action=['PASS', 'PASS', 'PASS']
[20:33:12] [HybridV4-P2] [INFO] ✓ Decision complete: action=0 (score=-5.0, layer=YF), candidates=1, time=0.006s
[20:33:12] [yf2_v4] [INFO] 2号位打出['PASS', 'PASS', 'PASS']， 最大动作为1号位打出的['Bomb', 'K', ['SK', 'HK', 'HK', 'CK']]
[20:33:12] [yf2_v4] [INFO] 0号位打出['PASS', 'PASS', 'PASS']， 最大动作为1号位打出的['Bomb', 'K', ['SK', 'HK', 'HK', 'CK']]
[20:33:12] [yf2_v4] [INFO] 1号位打出['Single', 'A', ['CA']]， 最大动作为1号位打出的['Single', 'A', ['CA']]
[20:33:12] [YFAdapter-P2] [INFO] [YF-P2] Decision context: myPos=2, curPos=1, greaterPos=1, teammate=0, curAction=[, actionList_size=2
[20:33:12] [YFAdapter-P2] [INFO] [YF-P2] Decided: action_index=0, action=['PASS', 'PASS', 'PASS']
[20:33:12] [YFAdapter-P2] [WARNING] [YF-P2] 检测到过于保守: 对手快走完(剩0张), 触发Layer 2/3进行更积极的决策
[20:33:12] [HybridV4-P2] [INFO] ✓ Decision complete: action=1 (score=155.6, layer=DecisionEngine), candidates=2, time=0.009s
[20:33:12] [yf2_v4] [INFO] 2号位打出['Single', '8', ['D8']]， 最大动作为2号位打出的['Single', '8', ['D8']]
[20:33:12] [yf2_v4] [INFO] 0号位打出['PASS', 'PASS', 'PASS']， 最大动作为2号位打出的['Single', '8', ['D8']]
[20:33:12] [yf2_v4] [INFO] 1号位打出['Single', 'R', ['HR']]， 最大动作为1号位打出的['Single', 'R', ['HR']]
[20:33:12] [yf2_v4] [INFO] 游戏开始, 我是2号位，手牌：['S2', 'H2', 'S3', 'H3', 'C3', 'C3', 'S4', 'C4', 'H6', 'S7', 'H7', 'C7', 'D7', 'H8', 'C8', 'S9', 'S9', 'H9', 'ST', 'HT', 'HQ', 'SA', 'HA', 'DA', 'HJ', 'CJ', 'SB']
[20:33:12] [YFAdapter-P2] [INFO] [YF-P2] Decision context: myPos=2, curPos=-1, greaterPos=-1, teammate=0, curAction=[, actionList_size=1
[20:33:12] [YFAdapter-P2] [INFO] [YF-P2] Decided: action_index=0, action=['tribute', 'tribute', [['S', 'B']]]
[20:33:12] [HybridV4-P2] [INFO] ✓ Decision complete: action=0 (score=110.0, layer=YF), candidates=1, time=0.001s
[20:33:12] [YFAdapter-P2] [INFO] [YF-P2] Decision context: myPos=2, curPos=-1, greaterPos=-1, teammate=0, curAction=[, actionList_size=1543
[20:33:12] [YFAdapter-P2] [INFO] [YF-P2] Decided: action_index=8, action=['Single', '6', [['H', '6']]]
[20:33:12] [HybridV4-P2] [INFO] ✓ Decision complete: action=8 (score=110.0, layer=YF), candidates=8, time=0.024s
[20:33:12] [yf2_v4] [INFO] 2号位打出['Single', '6', ['H6']]， 最大动作为2号位打出的['Single', '6', ['H6']]
[20:33:12] [yf2_v4] [INFO] 3号位打出['Single', '7', ['S7']]， 最大动作为3号位打出的['Single', '7', ['S7']]
[20:33:12] [yf2_v4] [INFO] 0号位打出['Single', 'A', ['CA']]， 最大动作为0号位打出的['Single', 'A', ['CA']]
[20:33:12] [yf2_v4] [INFO] 1号位打出['Single', 'J', ['SJ']]， 最大动作为1号位打出的['Single', 'J', ['SJ']]
[20:33:12] [YFAdapter-P2] [INFO] [YF-P2] Decision context: myPos=2, curPos=1, greaterPos=1, teammate=0, curAction=[, actionList_size=18
[20:33:12] [YFAdapter-P2] [INFO] [YF-P2] Decided: action_index=0, action=['PASS', 'PASS', 'PASS']
[20:33:12] [HybridV4-P2] [INFO] ✓ Decision complete: action=1 (score=142.5, layer=YF), candidates=7, time=0.004s
[20:33:12] [yf2_v4] [INFO] 2号位打出['Bomb', '2', ['S2', 'H2', 'C2', 'HJ']]， 最大动作为2号位打出的['Bomb', '2', ['S2', 'H2', 'C2', 'HJ']]
[20:33:12] [yf2_v4] [INFO] 3号位打出['PASS', 'PASS', 'PASS']， 最大动作为2号位打出的['Bomb', '2', ['S2', 'H2', 'C2', 'HJ']]
[20:33:12] [yf2_v4] [INFO] 0号位打出['Bomb', 'T', ['CT', 'CT', 'DT', 'DT']]， 最大动作为0号位打出的['Bomb', 'T', ['CT', 'CT', 'DT', 'DT']]
[20:33:12] [yf2_v4] [INFO] 1号位打出['PASS', 'PASS', 'PASS']， 最大动作为0号位打出的['Bomb', 'T', ['CT', 'CT', 'DT', 'DT']]
[20:33:12] [YFAdapter-P2] [INFO] [YF-P2] Decision context: myPos=2, curPos=1, greaterPos=0, teammate=0, curAction=[, actionList_size=1
[20:33:12] [YFAdapter-P2] [INFO] [YF-P2] Decided: action_index=0, action=['PASS', 'PASS', 'PASS']
[20:33:12] [HybridV4-P2] [INFO] ✓ Decision complete: action=0 (score=95.0, layer=YF), candidates=1, time=0.007s
[20:33:12] [yf2_v4] [INFO] 2号位打出['PASS', 'PASS', 'PASS']， 最大动作为0号位打出的['Bomb', 'T', ['CT', 'CT', 'DT', 'DT']]
[20:33:12] [yf2_v4] [INFO] 3号位打出['PASS', 'PASS', 'PASS']， 最大动作为0号位打出的['Bomb', 'T', ['CT', 'CT', 'DT', 'DT']]
[20:33:12] [yf2_v4] [INFO] 0号位打出['Single', '6', ['C6']]， 最大动作为0号位打出的['Single', '6', ['C6']]
[20:33:12] [yf2_v4] [INFO] 1号位打出['Single', '7', ['H7']]， 最大动作为1号位打出的['Single', '7', ['H7']]
[20:33:12] [YFAdapter-P2] [INFO] [YF-P2] Decision context: myPos=2, curPos=1, greaterPos=1, teammate=0, curAction=[, actionList_size=14
[20:33:12] [YFAdapter-P2] [INFO] [YF-P2] Decided: action_index=0, action=['PASS', 'PASS', 'PASS']
[20:33:12] [HybridV4-P2] [INFO] ✓ Decision complete: action=8 (score=142.5, layer=YF), candidates=8, time=0.005s
[20:33:12] [yf2_v4] [INFO] 2号位打出['Single', 'A', ['SA']]， 最大动作为2号位打出的['Single', 'A', ['SA']]
[20:33:12] [yf2_v4] [INFO] 3号位打出['Single', 'J', ['SJ']]， 最大动作为3号位打出的['Single', 'J', ['SJ']]
[20:33:12] [yf2_v4] [INFO] 0号位打出['PASS', 'PASS', 'PASS']， 最大动作为3号位打出的['Single', 'J', ['SJ']]
[20:33:12] [yf2_v4] [INFO] 1号位打出['PASS', 'PASS', 'PASS']， 最大动作为3号位打出的['Single', 'J', ['SJ']]
[20:33:12] [YFAdapter-P2] [INFO] [YF-P2] Decision context: myPos=2, curPos=1, greaterPos=3, teammate=0, curAction=[, actionList_size=3
[20:33:12] [YFAdapter-P2] [INFO] [YF-P2] Decided: action_index=0, action=['PASS', 'PASS', 'PASS']
[20:33:12] [HybridV4-P2] [INFO] ✓ Decision complete: action=2 (score=135.5, layer=YF), candidates=3, time=0.004s
[20:33:12] [yf2_v4] [INFO] 2号位打出['Bomb', '7', ['S7', 'H7', 'C7', 'D7']]， 最大动作为2号位打出的['Bomb', '7', ['S7', 'H7', 'C7', 'D7']]
[20:33:12] [yf2_v4] [INFO] 3号位打出['Bomb', 'Q', ['SQ', 'SQ', 'CQ', 'CQ', 'DQ']]， 最大动作为3号位打出的['Bomb', 'Q', ['SQ', 'SQ', 'CQ', 'CQ', 'DQ']]
[20:33:12] [yf2_v4] [INFO] 0号位打出['PASS', 'PASS', 'PASS']， 最大动作为3号位打出的['Bomb', 'Q', ['SQ', 'SQ', 'CQ', 'CQ', 'DQ']]
[20:33:12] [yf2_v4] [INFO] 1号位打出['PASS', 'PASS', 'PASS']， 最大动作为3号位打出的['Bomb', 'Q', ['SQ', 'SQ', 'CQ', 'CQ', 'DQ']]
[20:33:12] [YFAdapter-P2] [INFO] [YF-P2] Decision context: myPos=2, curPos=1, greaterPos=3, teammate=0, curAction=[, actionList_size=1
[20:33:12] [YFAdapter-P2] [INFO] [YF-P2] Decided: action_index=0, action=['PASS', 'PASS', 'PASS']
[20:33:12] [HybridV4-P2] [INFO] ✓ Decision complete: action=0 (score=95.0, layer=YF), candidates=1, time=0.005s
[20:33:12] [yf2_v4] [INFO] 2号位打出['PASS', 'PASS', 'PASS']， 最大动作为3号位打出的['Bomb', 'Q', ['SQ', 'SQ', 'CQ', 'CQ', 'DQ']]
[20:33:12] [yf2_v4] [INFO] 3号位打出['Single', '2', ['D2']]， 最大动作为3号位打出的['Single', '2', ['D2']]
[20:33:12] [yf2_v4] [INFO] 0号位打出['Single', 'Q', ['HQ']]， 最大动作为0号位打出的['Single', 'Q', ['HQ']]
[20:33:12] [yf2_v4] [INFO] 1号位打出['Single', 'J', ['HJ']]， 最大动作为1号位打出的['Single', 'J', ['HJ']]
[20:33:12] [YFAdapter-P2] [INFO] [YF-P2] Decision context: myPos=2, curPos=1, greaterPos=1, teammate=0, curAction=[, actionList_size=2
[20:33:12] [YFAdapter-P2] [INFO] [YF-P2] Decided: action_index=0, action=['PASS', 'PASS', 'PASS']
[20:33:12] [HybridV4-P2] [INFO] ✓ Decision complete: action=1 (score=132.0, layer=YF), candidates=2, time=0.010s
[20:33:12] [yf2_v4] [INFO] 2号位打出['Bomb', '3', ['S3', 'H3', 'C3', 'C3']]， 最大动作为2号位打出的['Bomb', '3', ['S3', 'H3', 'C3', 'C3']]
[20:33:12] [yf2_v4] [INFO] 3号位打出['Bomb', '5', ['S5', 'H5', 'C5', 'D5']]， 最大动作为3号位打出的['Bomb', '5', ['S5', 'H5', 'C5', 'D5']]
[20:33:12] [yf2_v4] [INFO] 0号位打出['PASS', 'PASS', 'PASS']， 最大动作为3号位打出的['Bomb', '5', ['S5', 'H5', 'C5', 'D5']]
[20:33:12] [yf2_v4] [INFO] 1号位打出['PASS', 'PASS', 'PASS']， 最大动作为3号位打出的['Bomb', '5', ['S5', 'H5', 'C5', 'D5']]
[20:33:12] [YFAdapter-P2] [INFO] [YF-P2] Decision context: myPos=2, curPos=1, greaterPos=3, teammate=0, curAction=[, actionList_size=1
[20:33:12] [YFAdapter-P2] [INFO] [YF-P2] Decided: action_index=0, action=['PASS', 'PASS', 'PASS']
[20:33:12] [HybridV4-P2] [INFO] ✓ Decision complete: action=0 (score=95.0, layer=YF), candidates=1, time=0.004s
[20:33:12] [yf2_v4] [INFO] 2号位打出['PASS', 'PASS', 'PASS']， 最大动作为3号位打出的['Bomb', '5', ['S5', 'H5', 'C5', 'D5']]
[20:33:12] [yf2_v4] [INFO] 3号位打出['Single', '6', ['S6']]， 最大动作为3号位打出的['Single', '6', ['S6']]
[20:33:12] [yf2_v4] [INFO] 0号位打出['Single', 'Q', ['DQ']]， 最大动作为0号位打出的['Single', 'Q', ['DQ']]
[20:33:12] [yf2_v4] [INFO] 1号位打出['Single', 'J', ['DJ']]， 最大动作为1号位打出的['Single', 'J', ['DJ']]
[20:33:12] [YFAdapter-P2] [INFO] [YF-P2] Decision context: myPos=2, curPos=1, greaterPos=1, teammate=0, curAction=[, actionList_size=1
[20:33:12] [YFAdapter-P2] [INFO] [YF-P2] Decided: action_index=0, action=['PASS', 'PASS', 'PASS']
[20:33:12] [HybridV4-P2] [INFO] ✓ Decision complete: action=0 (score=95.0, layer=YF), candidates=1, time=0.014s
[20:33:12] [yf2_v4] [INFO] 2号位打出['PASS', 'PASS', 'PASS']， 最大动作为1号位打出的['Single', 'J', ['DJ']]
[20:33:12] [yf2_v4] [INFO] 3号位打出['PASS', 'PASS', 'PASS']， 最大动作为1号位打出的['Single', 'J', ['DJ']]
[20:33:12] [yf2_v4] [INFO] 0号位打出['PASS', 'PASS', 'PASS']， 最大动作为1号位打出的['Single', 'J', ['DJ']]
[20:33:12] [yf2_v4] [INFO] 1号位打出['Straight', 'A', ['SA', 'C2', 'S3', 'C4', 'C5']]， 最大动作为1号位打出的['Straight', 'A', ['SA', 'C2', 'S3', 'C4', 'C5']]
[20:33:12] [YFAdapter-P2] [INFO] [YF-P2] Decision context: myPos=2, curPos=1, greaterPos=1, teammate=0, curAction=[, actionList_size=9
[20:33:12] [YFAdapter-P2] [INFO] [YF-P2] Decided: action_index=0, action=['PASS', 'PASS', 'PASS']
[20:33:12] [HybridV4-P2] [INFO] ✓ Decision complete: action=1 (score=155.5, layer=YF), candidates=6, time=0.004s
[20:33:12] [yf2_v4] [INFO] 2号位打出['Straight', '8', ['H8', 'S9', 'ST', 'CJ', 'HQ']]， 最大动作为2号位打出的['Straight', '8', ['H8', 'S9', 'ST', 'CJ', 'HQ']]
[20:33:12] [yf2_v4] [INFO] 3号位打出['PASS', 'PASS', 'PASS']， 最大动作为2号位打出的['Straight', '8', ['H8', 'S9', 'ST', 'CJ', 'HQ']]
[20:33:12] [yf2_v4] [INFO] 0号位打出['PASS', 'PASS', 'PASS']， 最大动作为2号位打出的['Straight', '8', ['H8', 'S9', 'ST', 'CJ', 'HQ']]
[20:33:12] [yf2_v4] [INFO] 1号位打出['Bomb', 'K', ['SK', 'SK', 'CK', 'DK']]， 最大动作为1号位打出的['Bomb', 'K', ['SK', 'SK', 'CK', 'DK']]
[20:33:12] [YFAdapter-P2] [INFO] [YF-P2] Decision context: myPos=2, curPos=1, greaterPos=1, teammate=0, curAction=[, actionList_size=1
[20:33:12] [YFAdapter-P2] [INFO] [YF-P2] Decided: action_index=0, action=['PASS', 'PASS', 'PASS']
[20:33:12] [HybridV4-P2] [INFO] ✓ Decision complete: action=0 (score=95.0, layer=YF), candidates=1, time=0.004s
[20:33:12] [yf2_v4] [INFO] 2号位打出['PASS', 'PASS', 'PASS']， 最大动作为1号位打出的['Bomb', 'K', ['SK', 'SK', 'CK', 'DK']]
[20:33:12] [yf2_v4] [INFO] 3号位打出['PASS', 'PASS', 'PASS']， 最大动作为1号位打出的['Bomb', 'K', ['SK', 'SK', 'CK', 'DK']]
[20:33:12] [yf2_v4] [INFO] 0号位打出['PASS', 'PASS', 'PASS']， 最大动作为1号位打出的['Bomb', 'K', ['SK', 'SK', 'CK', 'DK']]
[20:33:12] [yf2_v4] [INFO] 1号位打出['Pair', '8', ['S8', 'D8']]， 最大动作为1号位打出的['Pair', '8', ['S8', 'D8']]
[20:33:12] [YFAdapter-P2] [INFO] [YF-P2] Decision context: myPos=2, curPos=1, greaterPos=1, teammate=0, curAction=[, actionList_size=3
[20:33:12] [YFAdapter-P2] [INFO] [YF-P2] Decided: action_index=0, action=['PASS', 'PASS', 'PASS']
[20:33:12] [HybridV4-P2] [INFO] ✓ Decision complete: action=2 (score=162.5, layer=YF), candidates=3, time=0.017s
[20:33:12] [yf2_v4] [INFO] 2号位打出['Pair', 'A', ['HA', 'DA']]， 最大动作为2号位打出的['Pair', 'A', ['HA', 'DA']]
[20:33:12] [yf2_v4] [INFO] 3号位打出['PASS', 'PASS', 'PASS']， 最大动作为2号位打出的['Pair', 'A', ['HA', 'DA']]
[20:33:12] [yf2_v4] [INFO] 0号位打出['PASS', 'PASS', 'PASS']， 最大动作为2号位打出的['Pair', 'A', ['HA', 'DA']]
[20:33:12] [yf2_v4] [INFO] 1号位打出['Bomb', '6', ['S6', 'H6', 'C6', 'D6', 'D6']]， 最大动作为1号位打出的['Bomb', '6', ['S6', 'H6', 'C6', 'D6', 'D6']]
[20:33:12] [YFAdapter-P2] [INFO] [YF-P2] Decision context: myPos=2, curPos=1, greaterPos=1, teammate=0, curAction=[, actionList_size=1
[20:33:12] [YFAdapter-P2] [INFO] [YF-P2] Decided: action_index=0, action=['PASS', 'PASS', 'PASS']
[20:33:12] [HybridV4-P2] [INFO] ✓ Decision complete: action=0 (score=75.0, layer=YF), candidates=1, time=0.004s
[20:33:12] [yf2_v4] [INFO] 2号位打出['PASS', 'PASS', 'PASS']， 最大动作为1号位打出的['Bomb', '6', ['S6', 'H6', 'C6', 'D6', 'D6']]
[20:33:12] [yf2_v4] [INFO] 3号位打出['PASS', 'PASS', 'PASS']， 最大动作为1号位打出的['Bomb', '6', ['S6', 'H6', 'C6', 'D6', 'D6']]
[20:33:13] [yf2_v4] [INFO] 0号位打出['PASS', 'PASS', 'PASS']， 最大动作为1号位打出的['Bomb', '6', ['S6', 'H6', 'C6', 'D6', 'D6']]
[20:33:13] [yf2_v4] [INFO] 1号位打出['Pair', '9', ['C9', 'D9']]， 最大动作为1号位打出的['Pair', '9', ['C9', 'D9']]
[20:33:13] [YFAdapter-P2] [INFO] [YF-P2] Decision context: myPos=2, curPos=1, greaterPos=1, teammate=0, curAction=[, actionList_size=1
[20:33:13] [YFAdapter-P2] [INFO] [YF-P2] Decided: action_index=0, action=['PASS', 'PASS', 'PASS']
[20:33:13] [HybridV4-P2] [INFO] ✓ Decision complete: action=0 (score=55.0, layer=YF), candidates=1, time=0.004s
[20:33:13] [yf2_v4] [INFO] 2号位打出['PASS', 'PASS', 'PASS']， 最大动作为1号位打出的['Pair', '9', ['C9', 'D9']]
[20:33:13] [yf2_v4] [INFO] 3号位打出['Pair', 'T', ['ST', 'HT']]， 最大动作为3号位打出的['Pair', 'T', ['ST', 'HT']]
[20:33:13] [yf2_v4] [INFO] 0号位打出['Pair', 'K', ['HK', 'HK']]， 最大动作为0号位打出的['Pair', 'K', ['HK', 'HK']]
[20:33:13] [yf2_v4] [INFO] 1号位打出['Pair', 'A', ['CA', 'DA']]， 最大动作为1号位打出的['Pair', 'A', ['CA', 'DA']]
[20:33:13] [YFAdapter-P2] [INFO] [YF-P2] Decision context: myPos=2, curPos=1, greaterPos=1, teammate=0, curAction=[, actionList_size=1
[20:33:13] [YFAdapter-P2] [INFO] [YF-P2] Decided: action_index=0, action=['PASS', 'PASS', 'PASS']
[20:33:13] [HybridV4-P2] [INFO] ✓ Decision complete: action=0 (score=-5.0, layer=YF), candidates=1, time=0.011s
[20:33:13] [yf2_v4] [INFO] 2号位打出['PASS', 'PASS', 'PASS']， 最大动作为1号位打出的['Pair', 'A', ['CA', 'DA']]
[20:33:13] [yf2_v4] [INFO] 3号位打出['PASS', 'PASS', 'PASS']， 最大动作为1号位打出的['Pair', 'A', ['CA', 'DA']]
[20:33:13] [yf2_v4] [INFO] 0号位打出['PASS', 'PASS', 'PASS']， 最大动作为1号位打出的['Pair', 'A', ['CA', 'DA']]
[20:33:13] [yf2_v4] [INFO] 1号位打出['Single', 'J', ['DJ']]， 最大动作为1号位打出的['Single', 'J', ['DJ']]
[20:33:13] [YFAdapter-P2] [INFO] [YF-P2] Decision context: myPos=2, curPos=1, greaterPos=1, teammate=0, curAction=[, actionList_size=1
[20:33:13] [YFAdapter-P2] [INFO] [YF-P2] Decided: action_index=0, action=['PASS', 'PASS', 'PASS']
[20:33:13] [HybridV4-P2] [INFO] ✓ Decision complete: action=0 (score=-5.0, layer=YF), candidates=1, time=0.003s
[20:33:13] [yf2_v4] [INFO] 2号位打出['PASS', 'PASS', 'PASS']， 最大动作为1号位打出的['Single', 'J', ['DJ']]
[20:33:13] [yf2_v4] [INFO] 3号位打出['PASS', 'PASS', 'PASS']， 最大动作为1号位打出的['Single', 'J', ['DJ']]
[20:33:13] [yf2_v4] [INFO] 0号位打出['PASS', 'PASS', 'PASS']， 最大动作为1号位打出的['Single', 'J', ['DJ']]
[20:33:13] [yf2_v4] [INFO] 1号位打出['Single', 'B', ['SB']]， 最大动作为1号位打出的['Single', 'B', ['SB']]
[20:33:13] [YFAdapter-P2] [INFO] [YF-P2] Decision context: myPos=2, curPos=1, greaterPos=1, teammate=0, curAction=[, actionList_size=1
[20:33:13] [YFAdapter-P2] [INFO] [YF-P2] Decided: action_index=0, action=['PASS', 'PASS', 'PASS']
[20:33:13] [HybridV4-P2] [INFO] ✓ Decision complete: action=0 (score=-5.0, layer=YF), candidates=1, time=0.004s
[20:33:13] [yf2_v4] [INFO] 2号位打出['PASS', 'PASS', 'PASS']， 最大动作为1号位打出的['Single', 'B', ['SB']]
[20:33:13] [yf2_v4] [INFO] 3号位打出['PASS', 'PASS', 'PASS']， 最大动作为1号位打出的['Single', 'B', ['SB']]
[20:33:13] [yf2_v4] [INFO] 0号位打出['PASS', 'PASS', 'PASS']， 最大动作为1号位打出的['Single', 'B', ['SB']]
[20:33:13] [yf2_v4] [INFO] 1号位打出['Single', 'R', ['HR']]， 最大动作为1号位打出的['Single', 'R', ['HR']]
[20:33:13] [YFAdapter-P2] [INFO] [YF-P2] Decision context: myPos=2, curPos=1, greaterPos=1, teammate=0, curAction=[, actionList_size=1
[20:33:13] [YFAdapter-P2] [INFO] [YF-P2] Decided: action_index=0, action=['PASS', 'PASS', 'PASS']
[20:33:13] [HybridV4-P2] [INFO] ✓ Decision complete: action=0 (score=-5.0, layer=YF), candidates=1, time=0.021s
[20:33:13] [yf2_v4] [INFO] 2号位打出['PASS', 'PASS', 'PASS']， 最大动作为1号位打出的['Single', 'R', ['HR']]
[20:33:13] [yf2_v4] [INFO] 3号位打出['PASS', 'PASS', 'PASS']， 最大动作为1号位打出的['Single', 'R', ['HR']]
[20:33:13] [yf2_v4] [INFO] 3号位打出['Pair', '8', ['C8', 'D8']]， 最大动作为3号位打出的['Pair', '8', ['C8', 'D8']]
[20:33:13] [yf2_v4] [INFO] 0号位打出['PASS', 'PASS', 'PASS']， 最大动作为3号位打出的['Pair', '8', ['C8', 'D8']]
[20:33:13] [YFAdapter-P2] [INFO] [YF-P2] Decision context: myPos=2, curPos=0, greaterPos=3, teammate=0, curAction=[, actionList_size=2
[20:33:13] [YFAdapter-P2] [INFO] [YF-P2] Decided: action_index=0, action=['PASS', 'PASS', 'PASS']
[20:33:13] [YFAdapter-P2] [WARNING] [YF-P2] 检测到过于保守: 对手快走完(剩0张), 触发Layer 2/3进行更积极的决策
[20:33:13] [HybridV4-P2] [INFO] ✓ Decision complete: action=1 (score=130.6, layer=DecisionEngine), candidates=2, time=0.005s
[20:33:13] [yf2_v4] [INFO] 2号位打出['Pair', '9', ['S9', 'H9']]， 最大动作为2号位打出的['Pair', '9', ['S9', 'H9']]
[20:33:13] [yf2_v4] [INFO] 3号位打出['Pair', 'K', ['CK', 'DK']]， 最大动作为3号位打出的['Pair', 'K', ['CK', 'DK']]
[20:33:13] [yf2_v4] [INFO] 0号位打出['PASS', 'PASS', 'PASS']， 最大动作为3号位打出的['Pair', 'K', ['CK', 'DK']]
[20:33:13] [YFAdapter-P2] [INFO] [YF-P2] Decision context: myPos=2, curPos=0, greaterPos=3, teammate=0, curAction=[, actionList_size=1
[20:33:13] [YFAdapter-P2] [INFO] [YF-P2] Decided: action_index=0, action=['PASS', 'PASS', 'PASS']
[20:33:13] [HybridV4-P2] [INFO] ✓ Decision complete: action=0 (score=-5.0, layer=YF), candidates=1, time=0.003s
[20:33:13] [yf2_v4] [INFO] 2号位打出['PASS', 'PASS', 'PASS']， 最大动作为3号位打出的['Pair', 'K', ['CK', 'DK']]
[20:33:13] [yf2_v4] [INFO] 3号位打出['ThreeWithTwo', '9', ['H9', 'C9', 'D9', 'S4', 'H4']]， 最大动作为3号位打出的['ThreeWithTwo', '9', ['H9', 'C9', 'D9', 'S4', 'H4']]
[20:33:13] [yf2_v4] [INFO] 0号位打出['PASS', 'PASS', 'PASS']， 最大动作为3号位打出的['ThreeWithTwo', '9', ['H9', 'C9', 'D9', 'S4', 'H4']]
[20:33:13] [YFAdapter-P2] [INFO] [YF-P2] Decision context: myPos=2, curPos=0, greaterPos=3, teammate=0, curAction=[, actionList_size=1
[20:33:13] [YFAdapter-P2] [INFO] [YF-P2] Decided: action_index=0, action=['PASS', 'PASS', 'PASS']
[20:33:13] [HybridV4-P2] [INFO] ✓ Decision complete: action=0 (score=-5.0, layer=YF), candidates=1, time=0.008s
[20:33:13] [yf2_v4] [INFO] 2号位打出['PASS', 'PASS', 'PASS']， 最大动作为3号位打出的['ThreeWithTwo', '9', ['H9', 'C9', 'D9', 'S4', 'H4']]
[20:33:13] [yf2_v4] [INFO] 3号位打出['Single', 'A', ['HA']]， 最大动作为3号位打出的['Single', 'A', ['HA']]
[20:33:13] [yf2_v4] [INFO] 0号位打出['Single', 'J', ['CJ']]， 最大动作为0号位打出的['Single', 'J', ['CJ']]
[20:33:13] [YFAdapter-P2] [INFO] [YF-P2] Decision context: myPos=2, curPos=0, greaterPos=0, teammate=0, curAction=[, actionList_size=1
[20:33:13] [YFAdapter-P2] [INFO] [YF-P2] Decided: action_index=0, action=['PASS', 'PASS', 'PASS']
[20:33:13] [HybridV4-P2] [INFO] ✓ Decision complete: action=0 (score=-5.0, layer=YF), candidates=1, time=0.004s
[20:33:13] [yf2_v4] [INFO] 2号位打出['PASS', 'PASS', 'PASS']， 最大动作为0号位打出的['Single', 'J', ['CJ']]
[20:33:13] [yf2_v4] [INFO] 3号位打出['Single', 'B', ['SB']]， 最大动作为3号位打出的['Single', 'B', ['SB']]
[20:33:13] [yf2_v4] [INFO] 0号位打出['PASS', 'PASS', 'PASS']， 最大动作为3号位打出的['Single', 'B', ['SB']]
[20:33:13] [YFAdapter-P2] [INFO] [YF-P2] Decision context: myPos=2, curPos=0, greaterPos=3, teammate=0, curAction=[, actionList_size=1
[20:33:13] [YFAdapter-P2] [INFO] [YF-P2] Decided: action_index=0, action=['PASS', 'PASS', 'PASS']
[20:33:13] [HybridV4-P2] [INFO] ✓ Decision complete: action=0 (score=-5.0, layer=YF), candidates=1, time=0.004s
[20:33:13] [yf2_v4] [INFO] 2号位打出['PASS', 'PASS', 'PASS']， 最大动作为3号位打出的['Single', 'B', ['SB']]
[20:33:13] [yf2_v4] [INFO] 3号位打出['Single', 'R', ['HR']]， 最大动作为3号位打出的['Single', 'R', ['HR']]
[20:33:13] [yf2_v4] [INFO] 游戏开始, 我是2号位，手牌：['C2', 'D2', 'H3', 'H4', 'C4', 'S5', 'C5', 'H6', 'C6', 'C6', 'H7', 'C7', 'D7', 'D7', 'S8', 'D8', 'S9', 'D9', 'ST', 'CJ', 'CJ', 'HQ', 'CQ', 'DQ', 'SA', 'SB', 'HR']
[20:33:13] [YFAdapter-P2] [INFO] [YF-P2] Decision context: myPos=2, curPos=-1, greaterPos=-1, teammate=0, curAction=[, actionList_size=1
[20:33:13] [YFAdapter-P2] [INFO] [YF-P2] Decided: action_index=0, action=['tribute', 'tribute', [['H', 'R']]]
[20:33:13] [HybridV4-P2] [INFO] ✓ Decision complete: action=0 (score=110.0, layer=YF), candidates=1, time=0.001s
[20:33:13] [YFAdapter-P2] [INFO] [YF-P2] Decision context: myPos=2, curPos=-1, greaterPos=-1, teammate=0, curAction=[, actionList_size=356
[20:33:13] [YFAdapter-P2] [INFO] [YF-P2] Decided: action_index=3, action=['Single', '3', [['H', '3']]]
[20:33:13] [HybridV4-P2] [INFO] ✓ Decision complete: action=3 (score=110.0, layer=YF), candidates=8, time=0.007s
[20:33:13] [yf2_v4] [INFO] 2号位打出['Single', '3', ['H3']]， 最大动作为2号位打出的['Single', '3', ['H3']]
[20:33:13] [yf2_v4] [INFO] 3号位打出['Single', '8', ['H8']]， 最大动作为3号位打出的['Single', '8', ['H8']]
[20:33:13] [yf2_v4] [INFO] 0号位打出['Single', 'A', ['CA']]， 最大动作为0号位打出的['Single', 'A', ['CA']]
[20:33:13] [yf2_v4] [INFO] 1号位打出['Single', 'R', ['HR']]， 最大动作为1号位打出的['Single', 'R', ['HR']]
[20:33:13] [YFAdapter-P2] [INFO] [YF-P2] Decision context: myPos=2, curPos=1, greaterPos=1, teammate=0, curAction=[, actionList_size=2
[20:33:13] [YFAdapter-P2] [INFO] [YF-P2] Decided: action_index=0, action=['PASS', 'PASS', 'PASS']
[20:33:13] [HybridV4-P2] [INFO] ✓ Decision complete: action=1 (score=135.5, layer=YF), candidates=2, time=0.005s
[20:33:13] [yf2_v4] [INFO] 2号位打出['Bomb', '7', ['H7', 'C7', 'D7', 'D7']]， 最大动作为2号位打出的['Bomb', '7', ['H7', 'C7', 'D7', 'D7']]
[20:33:13] [yf2_v4] [INFO] 3号位打出['PASS', 'PASS', 'PASS']， 最大动作为2号位打出的['Bomb', '7', ['H7', 'C7', 'D7', 'D7']]
[20:33:13] [yf2_v4] [INFO] 0号位打出['Bomb', '8', ['S8', 'H8', 'C8', 'D8']]， 最大动作为0号位打出的['Bomb', '8', ['S8', 'H8', 'C8', 'D8']]
[20:33:13] [yf2_v4] [INFO] 1号位打出['PASS', 'PASS', 'PASS']， 最大动作为0号位打出的['Bomb', '8', ['S8', 'H8', 'C8', 'D8']]
[20:33:13] [YFAdapter-P2] [INFO] [YF-P2] Decision context: myPos=2, curPos=1, greaterPos=0, teammate=0, curAction=[, actionList_size=1
[20:33:13] [YFAdapter-P2] [INFO] [YF-P2] Decided: action_index=0, action=['PASS', 'PASS', 'PASS']
[20:33:13] [HybridV4-P2] [INFO] ✓ Decision complete: action=0 (score=95.0, layer=YF), candidates=1, time=0.007s
[20:33:13] [yf2_v4] [INFO] 2号位打出['PASS', 'PASS', 'PASS']， 最大动作为0号位打出的['Bomb', '8', ['S8', 'H8', 'C8', 'D8']]
[20:33:13] [yf2_v4] [INFO] 3号位打出['PASS', 'PASS', 'PASS']， 最大动作为0号位打出的['Bomb', '8', ['S8', 'H8', 'C8', 'D8']]
[20:33:13] [yf2_v4] [INFO] 0号位打出['Single', '3', ['D3']]， 最大动作为0号位打出的['Single', '3', ['D3']]
[20:33:13] [yf2_v4] [INFO] 1号位打出['Single', '7', ['S7']]， 最大动作为1号位打出的['Single', '7', ['S7']]
[20:33:13] [YFAdapter-P2] [INFO] [YF-P2] Decision context: myPos=2, curPos=1, greaterPos=1, teammate=0, curAction=[, actionList_size=12
[20:33:13] [YFAdapter-P2] [INFO] [YF-P2] Decided: action_index=0, action=['PASS', 'PASS', 'PASS']
[20:33:13] [HybridV4-P2] [INFO] ✓ Decision complete: action=10 (score=142.5, layer=YF), candidates=8, time=0.013s
[20:33:13] [yf2_v4] [INFO] 2号位打出['Single', 'A', ['SA']]， 最大动作为2号位打出的['Single', 'A', ['SA']]
[20:33:13] [yf2_v4] [INFO] 3号位打出['Single', 'B', ['SB']]， 最大动作为3号位打出的['Single', 'B', ['SB']]
[20:33:13] [yf2_v4] [INFO] 0号位打出['Bomb', 'T', ['ST', 'HT', 'HT', 'DT']]， 最大动作为0号位打出的['Bomb', 'T', ['ST', 'HT', 'HT', 'DT']]
[20:33:13] [yf2_v4] [INFO] 1号位打出['Bomb', 'K', ['HK', 'CK', 'DK', 'HA']]， 最大动作为1号位打出的['Bomb', 'K', ['HK', 'CK', 'DK', 'HA']]
[20:33:13] [YFAdapter-P2] [INFO] [YF-P2] Decision context: myPos=2, curPos=1, greaterPos=1, teammate=0, curAction=[, actionList_size=1
[20:33:13] [YFAdapter-P2] [INFO] [YF-P2] Decided: action_index=0, action=['PASS', 'PASS', 'PASS']
[20:33:13] [HybridV4-P2] [INFO] ✓ Decision complete: action=0 (score=95.0, layer=YF), candidates=1, time=0.007s
[20:33:13] [yf2_v4] [INFO] 2号位打出['PASS', 'PASS', 'PASS']， 最大动作为1号位打出的['Bomb', 'K', ['HK', 'CK', 'DK', 'HA']]
[20:33:13] [yf2_v4] [INFO] 3号位打出['PASS', 'PASS', 'PASS']， 最大动作为1号位打出的['Bomb', 'K', ['HK', 'CK', 'DK', 'HA']]
[20:33:13] [yf2_v4] [INFO] 0号位打出['PASS', 'PASS', 'PASS']， 最大动作为1号位打出的['Bomb', 'K', ['HK', 'CK', 'DK', 'HA']]
[20:33:13] [yf2_v4] [INFO] 1号位打出['Single', '3', ['C3']]， 最大动作为1号位打出的['Single', '3', ['C3']]
[20:33:13] [YFAdapter-P2] [INFO] [YF-P2] Decision context: myPos=2, curPos=1, greaterPos=1, teammate=0, curAction=[, actionList_size=17
[20:33:13] [YFAdapter-P2] [INFO] [YF-P2] Decided: action_index=0, action=['PASS', 'PASS', 'PASS']
[20:33:13] [HybridV4-P2] [INFO] ✓ Decision complete: action=16 (score=142.5, layer=YF), candidates=8, time=0.005s
[20:33:13] [yf2_v4] [INFO] 2号位打出['Single', 'B', ['SB']]， 最大动作为2号位打出的['Single', 'B', ['SB']]
[20:33:13] [yf2_v4] [INFO] 3号位打出['PASS', 'PASS', 'PASS']， 最大动作为2号位打出的['Single', 'B', ['SB']]
[20:33:13] [yf2_v4] [INFO] 0号位打出['PASS', 'PASS', 'PASS']， 最大动作为2号位打出的['Single', 'B', ['SB']]
[20:33:13] [yf2_v4] [INFO] 1号位打出['Single', 'R', ['HR']]， 最大动作为1号位打出的['Single', 'R', ['HR']]
[20:33:13] [YFAdapter-P2] [INFO] [YF-P2] Decision context: myPos=2, curPos=1, greaterPos=1, teammate=0, curAction=[, actionList_size=1
[20:33:13] [YFAdapter-P2] [INFO] [YF-P2] Decided: action_index=0, action=['PASS', 'PASS', 'PASS']
[20:33:13] [HybridV4-P2] [INFO] ✓ Decision complete: action=0 (score=95.0, layer=YF), candidates=1, time=0.004s
[20:33:13] [yf2_v4] [INFO] 2号位打出['PASS', 'PASS', 'PASS']， 最大动作为1号位打出的['Single', 'R', ['HR']]
[20:33:13] [yf2_v4] [INFO] 3号位打出['PASS', 'PASS', 'PASS']， 最大动作为1号位打出的['Single', 'R', ['HR']]
[20:33:13] [yf2_v4] [INFO] 0号位打出['PASS', 'PASS', 'PASS']， 最大动作为1号位打出的['Single', 'R', ['HR']]
[20:33:13] [yf2_v4] [INFO] 1号位打出['Single', '3', ['D3']]， 最大动作为1号位打出的['Single', '3', ['D3']]
[20:33:13] [YFAdapter-P2] [INFO] [YF-P2] Decision context: myPos=2, curPos=1, greaterPos=1, teammate=0, curAction=[, actionList_size=16
[20:33:13] [YFAdapter-P2] [INFO] [YF-P2] Decided: action_index=0, action=['PASS', 'PASS', 'PASS']
[20:33:13] [HybridV4-P2] [INFO] ✓ Decision complete: action=12 (score=139.0, layer=YF), candidates=8, time=0.013s
[20:33:13] [yf2_v4] [INFO] 2号位打出['Single', 'J', ['CJ']]， 最大动作为2号位打出的['Single', 'J', ['CJ']]
[20:33:13] [yf2_v4] [INFO] 3号位打出['Single', 'K', ['HK']]， 最大动作为3号位打出的['Single', 'K', ['HK']]
[20:33:13] [yf2_v4] [INFO] 0号位打出['PASS', 'PASS', 'PASS']， 最大动作为3号位打出的['Single', 'K', ['HK']]
[20:33:13] [yf2_v4] [INFO] 1号位打出['PASS', 'PASS', 'PASS']， 最大动作为3号位打出的['Single', 'K', ['HK']]
[20:33:13] [YFAdapter-P2] [INFO] [YF-P2] Decision context: myPos=2, curPos=1, greaterPos=3, teammate=0, curAction=[, actionList_size=1
[20:33:13] [YFAdapter-P2] [INFO] [YF-P2] Decided: action_index=0, action=['PASS', 'PASS', 'PASS']
[20:33:13] [HybridV4-P2] [INFO] ✓ Decision complete: action=0 (score=95.0, layer=YF), candidates=1, time=0.003s
[20:33:13] [yf2_v4] [INFO] 2号位打出['PASS', 'PASS', 'PASS']， 最大动作为3号位打出的['Single', 'K', ['HK']]
[20:33:13] [yf2_v4] [INFO] 3号位打出['ThreeWithTwo', '4', ['H4', 'C4', 'D4', 'S2', 'H2']]， 最大动作为3号位打出的['ThreeWithTwo', '4', ['H4', 'C4', 'D4', 'S2', 'H2']]
[20:33:13] [yf2_v4] [INFO] 0号位打出['ThreeWithTwo', 'K', ['SK', 'SK', 'CK', 'H2', 'D2']]， 最大动作为0号位打出的['ThreeWithTwo', 'K', ['SK', 'SK', 'CK', 'H2', 'D2']]
[20:33:13] [yf2_v4] [INFO] 1号位打出['ThreeWithTwo', 'A', ['CA', 'DA', 'DA', 'S6', 'S6']]， 最大动作为1号位打出的['ThreeWithTwo', 'A', ['CA', 'DA', 'DA', 'S6', 'S6']]
[20:33:13] [YFAdapter-P2] [INFO] [YF-P2] Decision context: myPos=2, curPos=1, greaterPos=1, teammate=0, curAction=[, actionList_size=1
[20:33:13] [YFAdapter-P2] [INFO] [YF-P2] Decided: action_index=0, action=['PASS', 'PASS', 'PASS']
[20:33:13] [HybridV4-P2] [INFO] ✓ Decision complete: action=0 (score=95.0, layer=YF), candidates=1, time=0.011s
[20:33:13] [yf2_v4] [INFO] 2号位打出['PASS', 'PASS', 'PASS']， 最大动作为1号位打出的['ThreeWithTwo', 'A', ['CA', 'DA', 'DA', 'S6', 'S6']]
[20:33:13] [yf2_v4] [INFO] 3号位打出['PASS', 'PASS', 'PASS']， 最大动作为1号位打出的['ThreeWithTwo', 'A', ['CA', 'DA', 'DA', 'S6', 'S6']]
[20:33:13] [yf2_v4] [INFO] 0号位打出['PASS', 'PASS', 'PASS']， 最大动作为1号位打出的['ThreeWithTwo', 'A', ['CA', 'DA', 'DA', 'S6', 'S6']]
[20:33:13] [yf2_v4] [INFO] 1号位打出['Single', '4', ['S4']]， 最大动作为1号位打出的['Single', '4', ['S4']]
[20:33:13] [YFAdapter-P2] [INFO] [YF-P2] Decision context: myPos=2, curPos=1, greaterPos=1, teammate=0, curAction=[, actionList_size=14
[20:33:13] [YFAdapter-P2] [INFO] [YF-P2] Decided: action_index=0, action=['PASS', 'PASS', 'PASS']
[20:33:13] [HybridV4-P2] [INFO] ✓ Decision complete: action=10 (score=159.0, layer=YF), candidates=8, time=0.005s
[20:33:13] [yf2_v4] [INFO] 2号位打出['Single', 'J', ['CJ']]， 最大动作为2号位打出的['Single', 'J', ['CJ']]
[20:33:13] [yf2_v4] [INFO] 3号位打出['Single', 'A', ['SA']]， 最大动作为3号位打出的['Single', 'A', ['SA']]
[20:33:13] [yf2_v4] [INFO] 0号位打出['PASS', 'PASS', 'PASS']， 最大动作为3号位打出的['Single', 'A', ['SA']]
[20:33:13] [yf2_v4] [INFO] 1号位打出['PASS', 'PASS', 'PASS']， 最大动作为3号位打出的['Single', 'A', ['SA']]
[20:33:13] [YFAdapter-P2] [INFO] [YF-P2] Decision context: myPos=2, curPos=1, greaterPos=3, teammate=0, curAction=[, actionList_size=1
[20:33:13] [YFAdapter-P2] [INFO] [YF-P2] Decided: action_index=0, action=['PASS', 'PASS', 'PASS']
[20:33:13] [HybridV4-P2] [INFO] ✓ Decision complete: action=0 (score=95.0, layer=YF), candidates=1, time=0.004s
[20:33:13] [yf2_v4] [INFO] 2号位打出['PASS', 'PASS', 'PASS']， 最大动作为3号位打出的['Single', 'A', ['SA']]
[20:33:13] [yf2_v4] [INFO] 3号位打出['ThreeWithTwo', '7', ['S7', 'H7', 'C7', 'H5', 'D5']]， 最大动作为3号位打出的['ThreeWithTwo', '7', ['S7', 'H7', 'C7', 'H5', 'D5']]
[20:33:14] [yf2_v4] [INFO] 0号位打出['ThreeWithTwo', '9', ['C9', 'C9', 'D9', 'H6', 'D6']]， 最大动作为0号位打出的['ThreeWithTwo', '9', ['C9', 'C9', 'D9', 'H6', 'D6']]
[20:33:14] [yf2_v4] [INFO] 1号位打出['PASS', 'PASS', 'PASS']， 最大动作为0号位打出的['ThreeWithTwo', '9', ['C9', 'C9', 'D9', 'H6', 'D6']]
[20:33:14] [YFAdapter-P2] [INFO] [YF-P2] Decision context: myPos=2, curPos=1, greaterPos=0, teammate=0, curAction=[, actionList_size=10
[20:33:14] [YFAdapter-P2] [INFO] [YF-P2] Decided: action_index=0, action=['PASS', 'PASS', 'PASS']
[20:33:14] [HybridV4-P2] [INFO] ✓ Decision complete: action=1 (score=129.0, layer=YF), candidates=6, time=0.015s
[20:33:14] [yf2_v4] [INFO] 2号位打出['ThreeWithTwo', 'Q', ['HQ', 'CQ', 'DQ', 'S2', 'D2']]， 最大动作为2号位打出的['ThreeWithTwo', 'Q', ['HQ', 'CQ', 'DQ', 'S2', 'D2']]
[20:33:14] [yf2_v4] [INFO] 3号位打出['Bomb', '3', ['S3', 'S3', 'H3', 'HA']]， 最大动作为3号位打出的['Bomb', '3', ['S3', 'S3', 'H3', 'HA']]
[20:33:14] [yf2_v4] [INFO] 0号位打出['PASS', 'PASS', 'PASS']， 最大动作为3号位打出的['Bomb', '3', ['S3', 'S3', 'H3', 'HA']]
[20:33:14] [yf2_v4] [INFO] 1号位打出['PASS', 'PASS', 'PASS']， 最大动作为3号位打出的['Bomb', '3', ['S3', 'S3', 'H3', 'HA']]
[20:33:14] [YFAdapter-P2] [INFO] [YF-P2] Decision context: myPos=2, curPos=1, greaterPos=3, teammate=0, curAction=[, actionList_size=1
[20:33:14] [YFAdapter-P2] [INFO] [YF-P2] Decided: action_index=0, action=['PASS', 'PASS', 'PASS']
[20:33:14] [HybridV4-P2] [INFO] ✓ Decision complete: action=0 (score=95.0, layer=YF), candidates=1, time=0.008s
[20:33:14] [yf2_v4] [INFO] 2号位打出['PASS', 'PASS', 'PASS']， 最大动作为3号位打出的['Bomb', '3', ['S3', 'S3', 'H3', 'HA']]
[20:33:14] [yf2_v4] [INFO] 3号位打出['Single', '3', ['C3']]， 最大动作为3号位打出的['Single', '3', ['C3']]
[20:33:14] [yf2_v4] [INFO] 0号位打出['Single', 'J', ['DJ']]， 最大动作为0号位打出的['Single', 'J', ['DJ']]
[20:33:14] [yf2_v4] [INFO] 1号位打出['Single', 'K', ['DK']]， 最大动作为1号位打出的['Single', 'K', ['DK']]
[20:33:14] [YFAdapter-P2] [INFO] [YF-P2] Decision context: myPos=2, curPos=1, greaterPos=1, teammate=0, curAction=[, actionList_size=1
[20:33:14] [YFAdapter-P2] [INFO] [YF-P2] Decided: action_index=0, action=['PASS', 'PASS', 'PASS']
[20:33:14] [HybridV4-P2] [INFO] ✓ Decision complete: action=0 (score=75.0, layer=YF), candidates=1, time=0.004s
[20:33:14] [yf2_v4] [INFO] 2号位打出['PASS', 'PASS', 'PASS']， 最大动作为1号位打出的['Single', 'K', ['DK']]
[20:33:14] [yf2_v4] [INFO] 3号位打出['PASS', 'PASS', 'PASS']， 最大动作为1号位打出的['Single', 'K', ['DK']]
[20:33:14] [yf2_v4] [INFO] 0号位打出['PASS', 'PASS', 'PASS']， 最大动作为1号位打出的['Single', 'K', ['DK']]
[20:33:14] [yf2_v4] [INFO] 1号位打出['ThreePair', 'T', ['CT', 'DT', 'SJ', 'HJ', 'SQ', 'DQ']]， 最大动作为1号位打出的['ThreePair', 'T', ['CT', 'DT', 'SJ', 'HJ', 'SQ', 'DQ']]
[20:33:14] [YFAdapter-P2] [INFO] [YF-P2] Decision context: myPos=2, curPos=1, greaterPos=1, teammate=0, curAction=[, actionList_size=1
[20:33:14] [YFAdapter-P2] [INFO] [YF-P2] Decided: action_index=0, action=['PASS', 'PASS', 'PASS']
[20:33:14] [HybridV4-P2] [INFO] ✓ Decision complete: action=0 (score=55.0, layer=YF), candidates=1, time=0.014s
[20:33:14] [yf2_v4] [INFO] 2号位打出['PASS', 'PASS', 'PASS']， 最大动作为1号位打出的['ThreePair', 'T', ['CT', 'DT', 'SJ', 'HJ', 'SQ', 'DQ']]
[20:33:14] [yf2_v4] [INFO] 3号位打出['PASS', 'PASS', 'PASS']， 最大动作为1号位打出的['ThreePair', 'T', ['CT', 'DT', 'SJ', 'HJ', 'SQ', 'DQ']]
[20:33:14] [yf2_v4] [INFO] 0号位打出['PASS', 'PASS', 'PASS']， 最大动作为1号位打出的['ThreePair', 'T', ['CT', 'DT', 'SJ', 'HJ', 'SQ', 'DQ']]
[20:33:14] [yf2_v4] [INFO] 1号位打出['ThreeWithTwo', '5', ['S5', 'C5', 'D5', 'S4', 'D4']]， 最大动作为1号位打出的['ThreeWithTwo', '5', ['S5', 'C5', 'D5', 'S4', 'D4']]
[20:33:14] [YFAdapter-P2] [INFO] [YF-P2] Decision context: myPos=2, curPos=1, greaterPos=1, teammate=0, curAction=[, actionList_size=5
[20:33:14] [YFAdapter-P2] [INFO] [YF-P2] Decided: action_index=0, action=['PASS', 'PASS', 'PASS']
[20:33:14] [YFAdapter-P2] [WARNING] [YF-P2] 检测到过于保守: 对手快走完(剩0张), 触发Layer 2/3进行更积极的决策
[20:33:14] [HybridV4-P2] [INFO] ✓ Decision complete: action=1 (score=155.6, layer=DecisionEngine), candidates=5, time=0.016s
[20:33:14] [yf2_v4] [INFO] 2号位打出['ThreeWithTwo', '6', ['H6', 'C6', 'C6', 'H4', 'C4']]， 最大动作为2号位打出的['ThreeWithTwo', '6', ['H6', 'C6', 'C6', 'H4', 'C4']]
[20:33:14] [yf2_v4] [INFO] 3号位打出['ThreeWithTwo', 'J', ['SJ', 'HJ', 'DJ', 'SQ', 'CQ']]， 最大动作为3号位打出的['ThreeWithTwo', 'J', ['SJ', 'HJ', 'DJ', 'SQ', 'CQ']]
[20:33:14] [yf2_v4] [INFO] 0号位打出['PASS', 'PASS', 'PASS']， 最大动作为3号位打出的['ThreeWithTwo', 'J', ['SJ', 'HJ', 'DJ', 'SQ', 'CQ']]
[20:33:14] [YFAdapter-P2] [INFO] [YF-P2] Decision context: myPos=2, curPos=0, greaterPos=3, teammate=0, curAction=[, actionList_size=1
[20:33:14] [YFAdapter-P2] [INFO] [YF-P2] Decided: action_index=0, action=['PASS', 'PASS', 'PASS']
[20:33:14] [HybridV4-P2] [INFO] ✓ Decision complete: action=0 (score=-5.0, layer=YF), candidates=1, time=0.023s
[20:33:14] [yf2_v4] [INFO] 2号位打出['PASS', 'PASS', 'PASS']， 最大动作为3号位打出的['ThreeWithTwo', 'J', ['SJ', 'HJ', 'DJ', 'SQ', 'CQ']]
[20:33:14] [yf2_v4] [INFO] 3号位打出['Trips', '9', ['S9', 'H9', 'H9']]， 最大动作为3号位打出的['Trips', '9', ['S9', 'H9', 'H9']]
[20:33:14] [yf2_v4] [INFO] 游戏开始, 我是2号位，手牌：['D3', 'S4', 'C4', 'D4', 'C5', 'C5', 'S6', 'H6', 'C6', 'D6', 'C7', 'C8', 'D9', 'HT', 'CT', 'HJ', 'CQ', 'DQ', 'HK', 'CK', 'DK', 'DK', 'C2', 'D2', 'D2', 'SB', 'HR']
[20:33:14] [yf2_v4] [INFO] 0号位打出['Single', '3', ['S3']]， 最大动作为0号位打出的['Single', '3', ['S3']]
[20:33:14] [yf2_v4] [INFO] 1号位打出['Single', '6', ['H6']]， 最大动作为1号位打出的['Single', '6', ['H6']]
[20:33:14] [YFAdapter-P2] [INFO] [YF-P2] Decision context: myPos=2, curPos=1, greaterPos=1, teammate=0, curAction=[, actionList_size=19
[20:33:14] [YFAdapter-P2] [INFO] [YF-P2] Decided: action_index=0, action=['PASS', 'PASS', 'PASS']
[20:33:14] [HybridV4-P2] [INFO] ✓ Decision complete: action=12 (score=142.5, layer=YF), candidates=8, time=0.005s
[20:33:14] [yf2_v4] [INFO] 2号位打出['Single', '2', ['C2']]， 最大动作为2号位打出的['Single', '2', ['C2']]
[20:33:14] [yf2_v4] [INFO] 3号位打出['Single', 'R', ['HR']]， 最大动作为3号位打出的['Single', 'R', ['HR']]
[20:33:14] [yf2_v4] [INFO] 0号位打出['PASS', 'PASS', 'PASS']， 最大动作为3号位打出的['Single', 'R', ['HR']]
[20:33:14] [yf2_v4] [INFO] 1号位打出['PASS', 'PASS', 'PASS']， 最大动作为3号位打出的['Single', 'R', ['HR']]
[20:33:14] [YFAdapter-P2] [INFO] [YF-P2] Decision context: myPos=2, curPos=1, greaterPos=3, teammate=0, curAction=[, actionList_size=4
[20:33:14] [YFAdapter-P2] [INFO] [YF-P2] Decided: action_index=0, action=['PASS', 'PASS', 'PASS']
[20:33:14] [HybridV4-P2] [INFO] ✓ Decision complete: action=2 (score=139.0, layer=YF), candidates=4, time=0.005s
[20:33:14] [yf2_v4] [INFO] 2号位打出['Bomb', 'K', ['HK', 'CK', 'DK', 'DK']]， 最大动作为2号位打出的['Bomb', 'K', ['HK', 'CK', 'DK', 'DK']]
[20:33:14] [yf2_v4] [INFO] 3号位打出['PASS', 'PASS', 'PASS']， 最大动作为2号位打出的['Bomb', 'K', ['HK', 'CK', 'DK', 'DK']]
[20:33:14] [yf2_v4] [INFO] 0号位打出['PASS', 'PASS', 'PASS']， 最大动作为2号位打出的['Bomb', 'K', ['HK', 'CK', 'DK', 'DK']]
[20:33:14] [yf2_v4] [INFO] 1号位打出['PASS', 'PASS', 'PASS']， 最大动作为2号位打出的['Bomb', 'K', ['HK', 'CK', 'DK', 'DK']]
[20:33:14] [YFAdapter-P2] [INFO] [YF-P2] Decision context: myPos=2, curPos=-1, greaterPos=-1, teammate=0, curAction=[, actionList_size=150
[20:33:14] [YFAdapter-P2] [INFO] [YF-P2] Decided: action_index=0, action=['Single', '3', [['D', '3']]]
[20:33:14] [HybridV4-P2] [INFO] ✓ Decision complete: action=0 (score=110.0, layer=YF), candidates=8, time=0.006s
[20:33:14] [yf2_v4] [INFO] 2号位打出['Single', '3', ['D3']]， 最大动作为2号位打出的['Single', '3', ['D3']]
[20:33:14] [yf2_v4] [INFO] 3号位打出['Single', '8', ['S8']]， 最大动作为3号位打出的['Single', '8', ['S8']]
[20:33:14] [yf2_v4] [INFO] 0号位打出['Single', 'A', ['HA']]， 最大动作为0号位打出的['Single', 'A', ['HA']]
[20:33:14] [yf2_v4] [INFO] 1号位打出['Single', 'B', ['SB']]， 最大动作为1号位打出的['Single', 'B', ['SB']]
[20:33:14] [YFAdapter-P2] [INFO] [YF-P2] Decision context: myPos=2, curPos=1, greaterPos=1, teammate=0, curAction=[, actionList_size=4
[20:33:14] [YFAdapter-P2] [INFO] [YF-P2] Decided: action_index=0, action=['PASS', 'PASS', 'PASS']
[20:33:14] [HybridV4-P2] [INFO] ✓ Decision complete: action=1 (score=142.5, layer=YF), candidates=4, time=0.005s
[20:33:14] [yf2_v4] [INFO] 2号位打出['Single', 'R', ['HR']]， 最大动作为2号位打出的['Single', 'R', ['HR']]
[20:33:14] [yf2_v4] [INFO] 3号位打出['PASS', 'PASS', 'PASS']， 最大动作为2号位打出的['Single', 'R', ['HR']]
[20:33:14] [yf2_v4] [INFO] 0号位打出['PASS', 'PASS', 'PASS']， 最大动作为2号位打出的['Single', 'R', ['HR']]
[20:33:14] [yf2_v4] [INFO] 1号位打出['PASS', 'PASS', 'PASS']， 最大动作为2号位打出的['Single', 'R', ['HR']]
[20:33:14] [YFAdapter-P2] [INFO] [YF-P2] Decision context: myPos=2, curPos=-1, greaterPos=-1, teammate=0, curAction=[, actionList_size=124
[20:33:14] [YFAdapter-P2] [INFO] [YF-P2] Decided: action_index=116, action=['Straight', '7', [['C', '7'], ['C', '8'], ['D', '9'], ['H', 'T'], ['H', 'J']]]
[20:33:14] [HybridV4-P2] [INFO] ✓ Decision complete: action=116 (score=115.0, layer=YF), candidates=8, time=0.006s
[20:33:14] [yf2_v4] [INFO] 2号位打出['Straight', '7', ['C7', 'C8', 'D9', 'HT', 'HJ']]， 最大动作为2号位打出的['Straight', '7', ['C7', 'C8', 'D9', 'HT', 'HJ']]
[20:33:14] [yf2_v4] [INFO] 3号位打出['PASS', 'PASS', 'PASS']， 最大动作为2号位打出的['Straight', '7', ['C7', 'C8', 'D9', 'HT', 'HJ']]
[20:33:14] [yf2_v4] [INFO] 0号位打出['PASS', 'PASS', 'PASS']， 最大动作为2号位打出的['Straight', '7', ['C7', 'C8', 'D9', 'HT', 'HJ']]
[20:33:14] [yf2_v4] [INFO] 1号位打出['Bomb', '3', ['S3', 'H3', 'C3', 'D3']]， 最大动作为1号位打出的['Bomb', '3', ['S3', 'H3', 'C3', 'D3']]
[20:33:14] [YFAdapter-P2] [INFO] [YF-P2] Decision context: myPos=2, curPos=1, greaterPos=1, teammate=0, curAction=[, actionList_size=2
[20:33:14] [YFAdapter-P2] [INFO] [YF-P2] Decided: action_index=0, action=['PASS', 'PASS', 'PASS']
[20:33:14] [HybridV4-P2] [INFO] ✓ Decision complete: action=1 (score=132.0, layer=YF), candidates=2, time=0.019s
[20:33:14] [yf2_v4] [INFO] 2号位打出['Bomb', '6', ['S6', 'H6', 'C6', 'D6']]， 最大动作为2号位打出的['Bomb', '6', ['S6', 'H6', 'C6', 'D6']]
[20:33:14] [yf2_v4] [INFO] 3号位打出['Bomb', '7', ['S7', 'S7', 'C7', 'H2']]， 最大动作为3号位打出的['Bomb', '7', ['S7', 'S7', 'C7', 'H2']]
[20:33:14] [yf2_v4] [INFO] 0号位打出['PASS', 'PASS', 'PASS']， 最大动作为3号位打出的['Bomb', '7', ['S7', 'S7', 'C7', 'H2']]
[20:33:14] [yf2_v4] [INFO] 1号位打出['PASS', 'PASS', 'PASS']， 最大动作为3号位打出的['Bomb', '7', ['S7', 'S7', 'C7', 'H2']]
[20:33:14] [YFAdapter-P2] [INFO] [YF-P2] Decision context: myPos=2, curPos=1, greaterPos=3, teammate=0, curAction=[, actionList_size=1
[20:33:14] [YFAdapter-P2] [INFO] [YF-P2] Decided: action_index=0, action=['PASS', 'PASS', 'PASS']
[20:33:14] [HybridV4-P2] [INFO] ✓ Decision complete: action=0 (score=95.0, layer=YF), candidates=1, time=0.004s
[20:33:14] [yf2_v4] [INFO] 2号位打出['PASS', 'PASS', 'PASS']， 最大动作为3号位打出的['Bomb', '7', ['S7', 'S7', 'C7', 'H2']]
[20:33:14] [yf2_v4] [INFO] 3号位打出['Single', '7', ['D7']]， 最大动作为3号位打出的['Single', '7', ['D7']]
[20:33:14] [yf2_v4] [INFO] 0号位打出['Single', 'A', ['DA']]， 最大动作为0号位打出的['Single', 'A', ['DA']]
[20:33:14] [yf2_v4] [INFO] 1号位打出['PASS', 'PASS', 'PASS']， 最大动作为0号位打出的['Single', 'A', ['DA']]
[20:33:14] [YFAdapter-P2] [INFO] [YF-P2] Decision context: myPos=2, curPos=1, greaterPos=0, teammate=0, curAction=[, actionList_size=3
[20:33:14] [YFAdapter-P2] [INFO] [YF-P2] Decided: action_index=0, action=['PASS', 'PASS', 'PASS']
[20:33:14] [HybridV4-P2] [INFO] ✓ Decision complete: action=1 (score=112.5, layer=YF), candidates=3, time=0.012s
[20:33:14] [yf2_v4] [INFO] 2号位打出['Single', '2', ['D2']]， 最大动作为2号位打出的['Single', '2', ['D2']]
[20:33:14] [yf2_v4] [INFO] 3号位打出['PASS', 'PASS', 'PASS']， 最大动作为2号位打出的['Single', '2', ['D2']]
[20:33:14] [yf2_v4] [INFO] 0号位打出['PASS', 'PASS', 'PASS']， 最大动作为2号位打出的['Single', '2', ['D2']]
[20:33:14] [yf2_v4] [INFO] 1号位打出['Bomb', 'A', ['SA', 'HA', 'CA', 'DA']]， 最大动作为1号位打出的['Bomb', 'A', ['SA', 'HA', 'CA', 'DA']]
[20:33:14] [YFAdapter-P2] [INFO] [YF-P2] Decision context: myPos=2, curPos=1, greaterPos=1, teammate=0, curAction=[, actionList_size=1
[20:33:14] [YFAdapter-P2] [INFO] [YF-P2] Decided: action_index=0, action=['PASS', 'PASS', 'PASS']
[20:33:14] [HybridV4-P2] [INFO] ✓ Decision complete: action=0 (score=95.0, layer=YF), candidates=1, time=0.004s
[20:33:14] [yf2_v4] [INFO] 2号位打出['PASS', 'PASS', 'PASS']， 最大动作为1号位打出的['Bomb', 'A', ['SA', 'HA', 'CA', 'DA']]
[20:33:14] [yf2_v4] [INFO] 3号位打出['PASS', 'PASS', 'PASS']， 最大动作为1号位打出的['Bomb', 'A', ['SA', 'HA', 'CA', 'DA']]
[20:33:14] [yf2_v4] [INFO] 0号位打出['PASS', 'PASS', 'PASS']， 最大动作为1号位打出的['Bomb', 'A', ['SA', 'HA', 'CA', 'DA']]
[20:33:14] [yf2_v4] [INFO] 1号位打出['Single', '7', ['H7']]， 最大动作为1号位打出的['Single', '7', ['H7']]
[20:33:14] [YFAdapter-P2] [INFO] [YF-P2] Decision context: myPos=2, curPos=1, greaterPos=1, teammate=0, curAction=[, actionList_size=6
[20:33:14] [YFAdapter-P2] [INFO] [YF-P2] Decided: action_index=0, action=['PASS', 'PASS', 'PASS']
[20:33:14] [HybridV4-P2] [INFO] ✓ Decision complete: action=4 (score=142.5, layer=YF), candidates=6, time=0.004s
[20:33:14] [yf2_v4] [INFO] 2号位打出['Single', '2', ['D2']]， 最大动作为2号位打出的['Single', '2', ['D2']]
[20:33:14] [yf2_v4] [INFO] 3号位打出['PASS', 'PASS', 'PASS']， 最大动作为2号位打出的['Single', '2', ['D2']]
[20:33:14] [yf2_v4] [INFO] 0号位打出['PASS', 'PASS', 'PASS']， 最大动作为2号位打出的['Single', '2', ['D2']]
[20:33:14] [yf2_v4] [INFO] 1号位打出['PASS', 'PASS', 'PASS']， 最大动作为2号位打出的['Single', '2', ['D2']]
[20:33:14] [YFAdapter-P2] [INFO] [YF-P2] Decision context: myPos=2, curPos=-1, greaterPos=-1, teammate=0, curAction=[, actionList_size=16
[20:33:14] [YFAdapter-P2] [INFO] [YF-P2] Decided: action_index=14, action=['ThreeWithTwo', '4', [['S', '4'], ['C', '4'], ['D', '4'], ['C', '5'], ['C', '5']]]
[20:33:14] [HybridV4-P2] [INFO] ✓ Decision complete: action=14 (score=110.0, layer=YF), candidates=8, time=0.006s
[20:33:14] [yf2_v4] [INFO] 2号位打出['ThreeWithTwo', '4', ['S4', 'C4', 'D4', 'C5', 'C5']]， 最大动作为2号位打出的['ThreeWithTwo', '4', ['S4', 'C4', 'D4', 'C5', 'C5']]
[20:33:14] [yf2_v4] [INFO] 3号位打出['ThreeWithTwo', 'J', ['SJ', 'DJ', 'H2', 'HQ', 'HQ']]， 最大动作为3号位打出的['ThreeWithTwo', 'J', ['SJ', 'DJ', 'H2', 'HQ', 'HQ']]
[20:33:14] [yf2_v4] [INFO] 0号位打出['PASS', 'PASS', 'PASS']， 最大动作为3号位打出的['ThreeWithTwo', 'J', ['SJ', 'DJ', 'H2', 'HQ', 'HQ']]
[20:33:14] [yf2_v4] [INFO] 1号位打出['PASS', 'PASS', 'PASS']， 最大动作为3号位打出的['ThreeWithTwo', 'J', ['SJ', 'DJ', 'H2', 'HQ', 'HQ']]
[20:33:14] [YFAdapter-P2] [INFO] [YF-P2] Decision context: myPos=2, curPos=1, greaterPos=3, teammate=0, curAction=[, actionList_size=1
[20:33:14] [YFAdapter-P2] [INFO] [YF-P2] Decided: action_index=0, action=['PASS', 'PASS', 'PASS']
[20:33:14] [HybridV4-P2] [INFO] ✓ Decision complete: action=0 (score=95.0, layer=YF), candidates=1, time=0.003s
[20:33:14] [yf2_v4] [INFO] 2号位打出['PASS', 'PASS', 'PASS']， 最大动作为3号位打出的['ThreeWithTwo', 'J', ['SJ', 'DJ', 'H2', 'HQ', 'HQ']]
[20:33:14] [yf2_v4] [INFO] 3号位打出['Single', '5', ['S5']]， 最大动作为3号位打出的['Single', '5', ['S5']]
[20:33:14] [yf2_v4] [INFO] 0号位打出['Single', '2', ['S2']]， 最大动作为0号位打出的['Single', '2', ['S2']]
[20:33:14] [yf2_v4] [INFO] 1号位打出['PASS', 'PASS', 'PASS']， 最大动作为0号位打出的['Single', '2', ['S2']]
[20:33:14] [YFAdapter-P2] [INFO] [YF-P2] Decision context: myPos=2, curPos=1, greaterPos=0, teammate=0, curAction=[, actionList_size=2
[20:33:14] [YFAdapter-P2] [INFO] [YF-P2] Decided: action_index=0, action=['PASS', 'PASS', 'PASS']
[20:33:14] [HybridV4-P2] [INFO] ✓ Decision complete: action=1 (score=132.5, layer=YF), candidates=2, time=0.004s
[20:33:14] [yf2_v4] [INFO] 2号位打出['Single', 'B', ['SB']]， 最大动作为2号位打出的['Single', 'B', ['SB']]
[20:33:14] [yf2_v4] [INFO] 3号位打出['PASS', 'PASS', 'PASS']， 最大动作为2号位打出的['Single', 'B', ['SB']]
[20:33:14] [yf2_v4] [INFO] 0号位打出['PASS', 'PASS', 'PASS']， 最大动作为2号位打出的['Single', 'B', ['SB']]
[20:33:14] [yf2_v4] [INFO] 1号位打出['PASS', 'PASS', 'PASS']， 最大动作为2号位打出的['Single', 'B', ['SB']]
[20:33:14] [YFAdapter-P2] [INFO] [YF-P2] Decision context: myPos=2, curPos=-1, greaterPos=-1, teammate=0, curAction=[, actionList_size=4
[20:33:14] [YFAdapter-P2] [INFO] [YF-P2] Decided: action_index=0, action=['Single', 'T', [['C', 'T']]]
[20:33:14] [HybridV4-P2] [INFO] ✓ Decision complete: action=0 (score=135.0, layer=YF), candidates=4, time=0.013s
[20:33:14] [yf2_v4] [INFO] 2号位打出['Single', 'T', ['CT']]， 最大动作为2号位打出的['Single', 'T', ['CT']]
[20:33:14] [yf2_v4] [INFO] 3号位打出['Single', '2', ['C2']]， 最大动作为3号位打出的['Single', '2', ['C2']]
[20:33:14] [yf2_v4] [INFO] 0号位打出['PASS', 'PASS', 'PASS']， 最大动作为3号位打出的['Single', '2', ['C2']]
[20:33:14] [yf2_v4] [INFO] 1号位打出['PASS', 'PASS', 'PASS']， 最大动作为3号位打出的['Single', '2', ['C2']]
[20:33:14] [YFAdapter-P2] [INFO] [YF-P2] Decision context: myPos=2, curPos=1, greaterPos=3, teammate=0, curAction=[, actionList_size=1
[20:33:14] [YFAdapter-P2] [INFO] [YF-P2] Decided: action_index=0, action=['PASS', 'PASS', 'PASS']
[20:33:14] [HybridV4-P2] [INFO] ✓ Decision complete: action=0 (score=95.0, layer=YF), candidates=1, time=0.004s
[20:33:14] [yf2_v4] [INFO] 2号位打出['PASS', 'PASS', 'PASS']， 最大动作为3号位打出的['Single', '2', ['C2']]
[20:33:14] [yf2_v4] [INFO] 3号位打出['ThreeWithTwo', '6', ['S6', 'C6', 'D6', 'D5', 'D5']]， 最大动作为3号位打出的['ThreeWithTwo', '6', ['S6', 'C6', 'D6', 'D5', 'D5']]
[20:33:14] [yf2_v4] [INFO] 0号位打出['ThreeWithTwo', '8', ['H8', 'C8', 'D8', 'H3', 'C3']]， 最大动作为0号位打出的['ThreeWithTwo', '8', ['H8', 'C8', 'D8', 'H3', 'C3']]
[20:33:14] [yf2_v4] [INFO] 1号位打出['ThreeWithTwo', 'T', ['CT', 'DT', 'DT', 'H4', 'C4']]， 最大动作为1号位打出的['ThreeWithTwo', 'T', ['CT', 'DT', 'DT', 'H4', 'C4']]
[20:33:14] [YFAdapter-P2] [INFO] [YF-P2] Decision context: myPos=2, curPos=1, greaterPos=1, teammate=0, curAction=[, actionList_size=1
[20:33:14] [YFAdapter-P2] [INFO] [YF-P2] Decided: action_index=0, action=['PASS', 'PASS', 'PASS']
[20:33:14] [HybridV4-P2] [INFO] ✓ Decision complete: action=0 (score=75.0, layer=YF), candidates=1, time=0.014s
[20:33:14] [yf2_v4] [INFO] 2号位打出['PASS', 'PASS', 'PASS']， 最大动作为1号位打出的['ThreeWithTwo', 'T', ['CT', 'DT', 'DT', 'H4', 'C4']]
[20:33:14] [yf2_v4] [INFO] 3号位打出['PASS', 'PASS', 'PASS']， 最大动作为1号位打出的['ThreeWithTwo', 'T', ['CT', 'DT', 'DT', 'H4', 'C4']]
[20:33:14] [yf2_v4] [INFO] 0号位打出['PASS', 'PASS', 'PASS']， 最大动作为1号位打出的['ThreeWithTwo', 'T', ['CT', 'DT', 'DT', 'H4', 'C4']]
[20:33:14] [yf2_v4] [INFO] 1号位打出['Single', '8', ['S8']]， 最大动作为1号位打出的['Single', '8', ['S8']]
[20:33:14] [YFAdapter-P2] [INFO] [YF-P2] Decision context: myPos=2, curPos=1, greaterPos=1, teammate=0, curAction=[, actionList_size=3
[20:33:14] [YFAdapter-P2] [INFO] [YF-P2] Decided: action_index=0, action=['PASS', 'PASS', 'PASS']
[20:33:14] [HybridV4-P2] [INFO] ✓ Decision complete: action=1 (score=186.0, layer=YF), candidates=3, time=0.012s
[20:33:14] [yf2_v4] [INFO] 2号位打出['Single', 'Q', ['CQ']]， 最大动作为2号位打出的['Single', 'Q', ['CQ']]
[20:33:14] [yf2_v4] [INFO] 3号位打出['Single', 'K', ['SK']]， 最大动作为3号位打出的['Single', 'K', ['SK']]
[20:33:15] [yf2_v4] [INFO] 0号位打出['Single', '2', ['S2']]， 最大动作为0号位打出的['Single', '2', ['S2']]
[20:33:15] [yf2_v4] [INFO] 1号位打出['PASS', 'PASS', 'PASS']， 最大动作为0号位打出的['Single', '2', ['S2']]
[20:33:15] [YFAdapter-P2] [INFO] [YF-P2] Decision context: myPos=2, curPos=1, greaterPos=0, teammate=0, curAction=[, actionList_size=1
[20:33:15] [YFAdapter-P2] [INFO] [YF-P2] Decided: action_index=0, action=['PASS', 'PASS', 'PASS']
[20:33:15] [HybridV4-P2] [INFO] ✓ Decision complete: action=0 (score=75.0, layer=YF), candidates=1, time=0.005s
[20:33:15] [yf2_v4] [INFO] 2号位打出['PASS', 'PASS', 'PASS']， 最大动作为0号位打出的['Single', '2', ['S2']]
[20:33:15] [yf2_v4] [INFO] 3号位打出['PASS', 'PASS', 'PASS']， 最大动作为0号位打出的['Single', '2', ['S2']]
[20:33:15] [yf2_v4] [INFO] 0号位打出['Single', '4', ['S4']]， 最大动作为0号位打出的['Single', '4', ['S4']]
[20:33:15] [yf2_v4] [INFO] 1号位打出['Single', 'Q', ['SQ']]， 最大动作为1号位打出的['Single', 'Q', ['SQ']]
[20:33:15] [YFAdapter-P2] [INFO] [YF-P2] Decision context: myPos=2, curPos=1, greaterPos=1, teammate=0, curAction=[, actionList_size=1
[20:33:15] [YFAdapter-P2] [INFO] [YF-P2] Decided: action_index=0, action=['PASS', 'PASS', 'PASS']
[20:33:15] [HybridV4-P2] [INFO] ✓ Decision complete: action=0 (score=75.0, layer=YF), candidates=1, time=0.012s
[20:33:15] [yf2_v4] [INFO] 2号位打出['PASS', 'PASS', 'PASS']， 最大动作为1号位打出的['Single', 'Q', ['SQ']]
[20:33:15] [yf2_v4] [INFO] 3号位打出['Single', 'A', ['SA']]， 最大动作为3号位打出的['Single', 'A', ['SA']]
[20:33:15] [yf2_v4] [INFO] 0号位打出['PASS', 'PASS', 'PASS']， 最大动作为3号位打出的['Single', 'A', ['SA']]
[20:33:15] [yf2_v4] [INFO] 1号位打出['PASS', 'PASS', 'PASS']， 最大动作为3号位打出的['Single', 'A', ['SA']]
[20:33:15] [YFAdapter-P2] [INFO] [YF-P2] Decision context: myPos=2, curPos=1, greaterPos=3, teammate=0, curAction=[, actionList_size=1
[20:33:15] [YFAdapter-P2] [INFO] [YF-P2] Decided: action_index=0, action=['PASS', 'PASS', 'PASS']
[20:33:15] [HybridV4-P2] [INFO] ✓ Decision complete: action=0 (score=75.0, layer=YF), candidates=1, time=0.004s
[20:33:15] [yf2_v4] [INFO] 2号位打出['PASS', 'PASS', 'PASS']， 最大动作为3号位打出的['Single', 'A', ['SA']]
[20:33:15] [yf2_v4] [INFO] 3号位打出['Trips', 'T', ['ST', 'ST', 'HT']]， 最大动作为3号位打出的['Trips', 'T', ['ST', 'ST', 'HT']]
[20:33:15] [yf2_v4] [INFO] 0号位打出['PASS', 'PASS', 'PASS']， 最大动作为3号位打出的['Trips', 'T', ['ST', 'ST', 'HT']]
[20:33:15] [yf2_v4] [INFO] 1号位打出['PASS', 'PASS', 'PASS']， 最大动作为3号位打出的['Trips', 'T', ['ST', 'ST', 'HT']]
[20:33:15] [YFAdapter-P2] [INFO] [YF-P2] Decision context: myPos=2, curPos=1, greaterPos=3, teammate=0, curAction=[, actionList_size=1
[20:33:15] [YFAdapter-P2] [INFO] [YF-P2] Decided: action_index=0, action=['PASS', 'PASS', 'PASS']
[20:33:15] [HybridV4-P2] [INFO] ✓ Decision complete: action=0 (score=-5.0, layer=YF), candidates=1, time=0.007s
[20:33:15] [yf2_v4] [INFO] 2号位打出['PASS', 'PASS', 'PASS']， 最大动作为3号位打出的['Trips', 'T', ['ST', 'ST', 'HT']]
[20:33:15] [yf2_v4] [INFO] 3号位打出['Single', '9', ['C9']]， 最大动作为3号位打出的['Single', '9', ['C9']]
[20:33:15] [yf2_v4] [INFO] 0号位打出['Single', 'J', ['SJ']]， 最大动作为0号位打出的['Single', 'J', ['SJ']]
[20:33:15] [yf2_v4] [INFO] 1号位打出['Single', 'Q', ['DQ']]， 最大动作为1号位打出的['Single', 'Q', ['DQ']]
[20:33:15] [YFAdapter-P2] [INFO] [YF-P2] Decision context: myPos=2, curPos=1, greaterPos=1, teammate=0, curAction=[, actionList_size=1
[20:33:15] [YFAdapter-P2] [INFO] [YF-P2] Decided: action_index=0, action=['PASS', 'PASS', 'PASS']
[20:33:15] [HybridV4-P2] [INFO] ✓ Decision complete: action=0 (score=-5.0, layer=YF), candidates=1, time=0.007s
[20:33:15] [yf2_v4] [INFO] 2号位打出['PASS', 'PASS', 'PASS']， 最大动作为1号位打出的['Single', 'Q', ['DQ']]
[20:33:15] [yf2_v4] [INFO] 3号位打出['Single', 'A', ['CA']]， 最大动作为3号位打出的['Single', 'A', ['CA']]
[20:33:15] [yf2_v4] [INFO] 0号位打出['PASS', 'PASS', 'PASS']， 最大动作为3号位打出的['Single', 'A', ['CA']]
[20:33:15] [yf2_v4] [INFO] 1号位打出['PASS', 'PASS', 'PASS']， 最大动作为3号位打出的['Single', 'A', ['CA']]
[20:33:15] [YFAdapter-P2] [INFO] [YF-P2] Decision context: myPos=2, curPos=1, greaterPos=3, teammate=0, curAction=[, actionList_size=1
[20:33:15] [YFAdapter-P2] [INFO] [YF-P2] Decided: action_index=0, action=['PASS', 'PASS', 'PASS']
[20:33:15] [HybridV4-P2] [INFO] ✓ Decision complete: action=0 (score=-5.0, layer=YF), candidates=1, time=0.003s
[20:33:15] [yf2_v4] [INFO] 2号位打出['PASS', 'PASS', 'PASS']， 最大动作为3号位打出的['Single', 'A', ['CA']]
[20:33:15] [yf2_v4] [INFO] 3号位打出['Single', 'J', ['DJ']]， 最大动作为3号位打出的['Single', 'J', ['DJ']]
[20:33:15] [yf2_v4] [INFO] 0号位打出['Single', 'Q', ['SQ']]， 最大动作为0号位打出的['Single', 'Q', ['SQ']]
[20:33:15] [yf2_v4] [INFO] 1号位打出['Single', 'K', ['SK']]， 最大动作为1号位打出的['Single', 'K', ['SK']]
[20:33:15] [YFAdapter-P2] [INFO] [YF-P2] Decision context: myPos=2, curPos=1, greaterPos=1, teammate=0, curAction=[, actionList_size=1
[20:33:15] [YFAdapter-P2] [INFO] [YF-P2] Decided: action_index=0, action=['PASS', 'PASS', 'PASS']
[20:33:15] [HybridV4-P2] [INFO] ✓ Decision complete: action=0 (score=-5.0, layer=YF), candidates=1, time=0.010s
[20:33:15] [yf2_v4] [INFO] 2号位打出['PASS', 'PASS', 'PASS']， 最大动作为1号位打出的['Single', 'K', ['SK']]
[20:33:15] [yf2_v4] [INFO] 0号位打出['PASS', 'PASS', 'PASS']， 最大动作为1号位打出的['Single', 'K', ['SK']]
[20:33:15] [yf2_v4] [INFO] 1号位打出['ThreeWithTwo', '9', ['S9', 'S9', 'D9', 'H8', 'D8']]， 最大动作为1号位打出的['ThreeWithTwo', '9', ['S9', 'S9', 'D9', 'H8', 'D8']]
[20:33:15] [YFAdapter-P2] [INFO] [YF-P2] Decision context: myPos=2, curPos=1, greaterPos=1, teammate=0, curAction=[, actionList_size=1
[20:33:15] [YFAdapter-P2] [INFO] [YF-P2] Decided: action_index=0, action=['PASS', 'PASS', 'PASS']
[20:33:15] [HybridV4-P2] [INFO] ✓ Decision complete: action=0 (score=-5.0, layer=YF), candidates=1, time=0.007s
[20:33:15] [yf2_v4] [INFO] 2号位打出['PASS', 'PASS', 'PASS']， 最大动作为1号位打出的['ThreeWithTwo', '9', ['S9', 'S9', 'D9', 'H8', 'D8']]
[20:33:15] [yf2_v4] [INFO] 0号位打出['PASS', 'PASS', 'PASS']， 最大动作为1号位打出的['ThreeWithTwo', '9', ['S9', 'S9', 'D9', 'H8', 'D8']]
[20:33:15] [yf2_v4] [INFO] 1号位打出['Pair', 'J', ['CJ', 'CJ']]， 最大动作为1号位打出的['Pair', 'J', ['CJ', 'CJ']]
[20:33:15] [yf2_v4] [INFO] 游戏开始, 我是2号位，手牌：['S2', 'C3', 'S4', 'H4', 'C4', 'S6', 'H7', 'D8', 'S9', 'H9', 'H9', 'D9', 'ST', 'HT', 'SJ', 'CJ', 'HQ', 'HQ', 'CQ', 'DQ', 'SK', 'HK', 'CK', 'SA', 'HA', 'DA', 'S5']
[20:33:15] [YFAdapter-P2] [INFO] [YF-P2] Decision context: myPos=2, curPos=-1, greaterPos=-1, teammate=0, curAction=[, actionList_size=1
[20:33:15] [YFAdapter-P2] [INFO] [YF-P2] Decided: action_index=0, action=['tribute', 'tribute', [['S', '5']]]
[20:33:15] [HybridV4-P2] [INFO] ✓ Decision complete: action=0 (score=110.0, layer=YF), candidates=1, time=0.008s
[20:33:15] [yf2_v4] [INFO] 0号位打出['Single', '3', ['S3']]， 最大动作为0号位打出的['Single', '3', ['S3']]
[20:33:15] [yf2_v4] [INFO] 1号位打出['Single', '5', ['S5']]， 最大动作为1号位打出的['Single', '5', ['S5']]
[20:33:15] [YFAdapter-P2] [INFO] [YF-P2] Decision context: myPos=2, curPos=1, greaterPos=1, teammate=0, curAction=[, actionList_size=3
[20:33:15] [YFAdapter-P2] [INFO] [YF-P2] Decided: action_index=0, action=['PASS', 'PASS', 'PASS']
[20:33:15] [HybridV4-P2] [INFO] ✓ Decision complete: action=2 (score=139.0, layer=YF), candidates=3, time=0.011s
[20:33:15] [yf2_v4] [INFO] 2号位打出['Bomb', 'Q', ['HQ', 'HQ', 'CQ', 'DQ']]， 最大动作为2号位打出的['Bomb', 'Q', ['HQ', 'HQ', 'CQ', 'DQ']]
[20:33:15] [yf2_v4] [INFO] 3号位打出['PASS', 'PASS', 'PASS']， 最大动作为2号位打出的['Bomb', 'Q', ['HQ', 'HQ', 'CQ', 'DQ']]
[20:33:15] [yf2_v4] [INFO] 0号位打出['Bomb', '8', ['S8', 'H8', 'H8', 'D8', 'H5']]， 最大动作为0号位打出的['Bomb', '8', ['S8', 'H8', 'H8', 'D8', 'H5']]
[20:33:15] [yf2_v4] [INFO] 1号位打出['PASS', 'PASS', 'PASS']， 最大动作为0号位打出的['Bomb', '8', ['S8', 'H8', 'H8', 'D8', 'H5']]
[20:33:15] [YFAdapter-P2] [INFO] [YF-P2] Decision context: myPos=2, curPos=1, greaterPos=0, teammate=0, curAction=[, actionList_size=1
[20:33:15] [YFAdapter-P2] [INFO] [YF-P2] Decided: action_index=0, action=['PASS', 'PASS', 'PASS']
[20:33:15] [HybridV4-P2] [INFO] ✓ Decision complete: action=0 (score=95.0, layer=YF), candidates=1, time=0.004s
[20:33:15] [yf2_v4] [INFO] 2号位打出['PASS', 'PASS', 'PASS']， 最大动作为0号位打出的['Bomb', '8', ['S8', 'H8', 'H8', 'D8', 'H5']]
[20:33:15] [yf2_v4] [INFO] 3号位打出['PASS', 'PASS', 'PASS']， 最大动作为0号位打出的['Bomb', '8', ['S8', 'H8', 'H8', 'D8', 'H5']]
[20:33:15] [yf2_v4] [INFO] 0号位打出['Single', '7', ['D7']]， 最大动作为0号位打出的['Single', '7', ['D7']]
[20:33:15] [yf2_v4] [INFO] 1号位打出['Single', '5', ['H5']]， 最大动作为1号位打出的['Single', '5', ['H5']]
[20:33:15] [YFAdapter-P2] [INFO] [YF-P2] Decision context: myPos=2, curPos=1, greaterPos=1, teammate=0, curAction=[, actionList_size=2
[20:33:15] [YFAdapter-P2] [INFO] [YF-P2] Decided: action_index=0, action=['PASS', 'PASS', 'PASS']
[20:33:15] [HybridV4-P2] [INFO] ✓ Decision complete: action=1 (score=135.5, layer=YF), candidates=2, time=0.005s
[20:33:15] [yf2_v4] [INFO] 2号位打出['Bomb', '9', ['S9', 'H9', 'H9', 'D9']]， 最大动作为2号位打出的['Bomb', '9', ['S9', 'H9', 'H9', 'D9']]
[20:33:15] [yf2_v4] [INFO] 3号位打出['PASS', 'PASS', 'PASS']， 最大动作为2号位打出的['Bomb', '9', ['S9', 'H9', 'H9', 'D9']]
[20:33:15] [yf2_v4] [INFO] 0号位打出['PASS', 'PASS', 'PASS']， 最大动作为2号位打出的['Bomb', '9', ['S9', 'H9', 'H9', 'D9']]
[20:33:15] [yf2_v4] [INFO] 1号位打出['PASS', 'PASS', 'PASS']， 最大动作为2号位打出的['Bomb', '9', ['S9', 'H9', 'H9', 'D9']]
[20:33:15] [YFAdapter-P2] [INFO] [YF-P2] Decision context: myPos=2, curPos=-1, greaterPos=-1, teammate=0, curAction=[, actionList_size=61
[20:33:15] [YFAdapter-P2] [INFO] [YF-P2] Decided: action_index=2, action=['Single', '3', [['C', '3']]]
[20:33:15] [HybridV4-P2] [INFO] ✓ Decision complete: action=2 (score=110.0, layer=YF), candidates=8, time=0.006s
[20:33:15] [yf2_v4] [INFO] 2号位打出['Single', '3', ['C3']]， 最大动作为2号位打出的['Single', '3', ['C3']]
[20:33:15] [yf2_v4] [INFO] 3号位打出['Single', 'T', ['CT']]， 最大动作为3号位打出的['Single', 'T', ['CT']]
[20:33:15] [yf2_v4] [INFO] 0号位打出['Single', 'A', ['SA']]， 最大动作为0号位打出的['Single', 'A', ['SA']]
[20:33:15] [yf2_v4] [INFO] 1号位打出['PASS', 'PASS', 'PASS']， 最大动作为0号位打出的['Single', 'A', ['SA']]
[20:33:15] [YFAdapter-P2] [INFO] [YF-P2] Decision context: myPos=2, curPos=1, greaterPos=0, teammate=0, curAction=[, actionList_size=1
[20:33:15] [YFAdapter-P2] [INFO] [YF-P2] Decided: action_index=0, action=['PASS', 'PASS', 'PASS']
[20:33:15] [HybridV4-P2] [INFO] ✓ Decision complete: action=0 (score=95.0, layer=YF), candidates=1, time=0.003s
[20:33:15] [yf2_v4] [INFO] 2号位打出['PASS', 'PASS', 'PASS']， 最大动作为0号位打出的['Single', 'A', ['SA']]
[20:33:15] [yf2_v4] [INFO] 3号位打出['Single', '5', ['S5']]， 最大动作为3号位打出的['Single', '5', ['S5']]
[20:33:15] [yf2_v4] [INFO] 0号位打出['Single', 'B', ['SB']]， 最大动作为0号位打出的['Single', 'B', ['SB']]
[20:33:15] [yf2_v4] [INFO] 1号位打出['PASS', 'PASS', 'PASS']， 最大动作为0号位打出的['Single', 'B', ['SB']]
[20:33:15] [YFAdapter-P2] [INFO] [YF-P2] Decision context: myPos=2, curPos=1, greaterPos=0, teammate=0, curAction=[, actionList_size=1
[20:33:15] [YFAdapter-P2] [INFO] [YF-P2] Decided: action_index=0, action=['PASS', 'PASS', 'PASS']
[20:33:15] [HybridV4-P2] [INFO] ✓ Decision complete: action=0 (score=95.0, layer=YF), candidates=1, time=0.004s
[20:33:15] [yf2_v4] [INFO] 2号位打出['PASS', 'PASS', 'PASS']， 最大动作为0号位打出的['Single', 'B', ['SB']]
[20:33:15] [yf2_v4] [INFO] 3号位打出['Single', 'R', ['HR']]， 最大动作为3号位打出的['Single', 'R', ['HR']]
[20:33:15] [yf2_v4] [INFO] 0号位打出['PASS', 'PASS', 'PASS']， 最大动作为3号位打出的['Single', 'R', ['HR']]
[20:33:15] [yf2_v4] [INFO] 1号位打出['PASS', 'PASS', 'PASS']， 最大动作为3号位打出的['Single', 'R', ['HR']]
[20:33:15] [YFAdapter-P2] [INFO] [YF-P2] Decision context: myPos=2, curPos=1, greaterPos=3, teammate=0, curAction=[, actionList_size=1
[20:33:15] [YFAdapter-P2] [INFO] [YF-P2] Decided: action_index=0, action=['PASS', 'PASS', 'PASS']
[20:33:15] [HybridV4-P2] [INFO] ✓ Decision complete: action=0 (score=95.0, layer=YF), candidates=1, time=0.003s
[20:33:15] [yf2_v4] [INFO] 2号位打出['PASS', 'PASS', 'PASS']， 最大动作为3号位打出的['Single', 'R', ['HR']]
[20:33:15] [yf2_v4] [INFO] 3号位打出['ThreeWithTwo', '3', ['H3', 'D3', 'D3', 'S6', 'H6']]， 最大动作为3号位打出的['ThreeWithTwo', '3', ['H3', 'D3', 'D3', 'S6', 'H6']]
[20:33:15] [yf2_v4] [INFO] 0号位打出['ThreeWithTwo', '4', ['H4', 'C4', 'D4', 'H2', 'C2']]， 最大动作为0号位打出的['ThreeWithTwo', '4', ['H4', 'C4', 'D4', 'H2', 'C2']]
[20:33:15] [yf2_v4] [INFO] 1号位打出['ThreeWithTwo', '6', ['C6', 'D6', 'D6', 'S4', 'D4']]， 最大动作为1号位打出的['ThreeWithTwo', '6', ['C6', 'D6', 'D6', 'S4', 'D4']]
[20:33:15] [YFAdapter-P2] [INFO] [YF-P2] Decision context: myPos=2, curPos=1, greaterPos=1, teammate=0, curAction=[, actionList_size=19
[20:33:15] [YFAdapter-P2] [INFO] [YF-P2] Decided: action_index=0, action=['PASS', 'PASS', 'PASS']
[20:33:15] [HybridV4-P2] [INFO] ✓ Decision complete: action=10 (score=142.5, layer=YF), candidates=8, time=0.011s
[20:33:15] [yf2_v4] [INFO] 2号位打出['ThreeWithTwo', 'A', ['SA', 'HA', 'DA', 'S2', 'H2']]， 最大动作为2号位打出的['ThreeWithTwo', 'A', ['SA', 'HA', 'DA', 'S2', 'H2']]
[20:33:15] [yf2_v4] [INFO] 3号位打出['Bomb', '2', ['S2', 'C2', 'D2', 'D2']]， 最大动作为3号位打出的['Bomb', '2', ['S2', 'C2', 'D2', 'D2']]
[20:33:15] [yf2_v4] [INFO] 0号位打出['PASS', 'PASS', 'PASS']， 最大动作为3号位打出的['Bomb', '2', ['S2', 'C2', 'D2', 'D2']]
[20:33:15] [yf2_v4] [INFO] 1号位打出['PASS', 'PASS', 'PASS']， 最大动作为3号位打出的['Bomb', '2', ['S2', 'C2', 'D2', 'D2']]
[20:33:15] [YFAdapter-P2] [INFO] [YF-P2] Decision context: myPos=2, curPos=1, greaterPos=3, teammate=0, curAction=[, actionList_size=1
[20:33:15] [YFAdapter-P2] [INFO] [YF-P2] Decided: action_index=0, action=['PASS', 'PASS', 'PASS']
[20:33:15] [HybridV4-P2] [INFO] ✓ Decision complete: action=0 (score=95.0, layer=YF), candidates=1, time=0.004s
[20:33:15] [yf2_v4] [INFO] 2号位打出['PASS', 'PASS', 'PASS']， 最大动作为3号位打出的['Bomb', '2', ['S2', 'C2', 'D2', 'D2']]
[20:33:15] [yf2_v4] [INFO] 3号位打出['ThreeWithTwo', '8', ['S8', 'C8', 'C8', 'S7', 'D7']]， 最大动作为3号位打出的['ThreeWithTwo', '8', ['S8', 'C8', 'C8', 'S7', 'D7']]
[20:33:15] [yf2_v4] [INFO] 0号位打出['PASS', 'PASS', 'PASS']， 最大动作为3号位打出的['ThreeWithTwo', '8', ['S8', 'C8', 'C8', 'S7', 'D7']]
[20:33:15] [yf2_v4] [INFO] 1号位打出['ThreeWithTwo', 'T', ['HT', 'DT', 'DT', 'C9', 'D9']]， 最大动作为1号位打出的['ThreeWithTwo', 'T', ['HT', 'DT', 'DT', 'C9', 'D9']]
[20:33:15] [YFAdapter-P2] [INFO] [YF-P2] Decision context: myPos=2, curPos=1, greaterPos=1, teammate=0, curAction=[, actionList_size=6
[20:33:15] [YFAdapter-P2] [INFO] [YF-P2] Decided: action_index=0, action=['PASS', 'PASS', 'PASS']
[20:33:15] [HybridV4-P2] [INFO] ✓ Decision complete: action=1 (score=166.0, layer=YF), candidates=6, time=0.015s
[20:33:15] [yf2_v4] [INFO] 2号位打出['ThreeWithTwo', 'K', ['SK', 'HK', 'CK', 'S4', 'C4']]， 最大动作为2号位打出的['ThreeWithTwo', 'K', ['SK', 'HK', 'CK', 'S4', 'C4']]
[20:33:15] [yf2_v4] [INFO] 3号位打出['PASS', 'PASS', 'PASS']， 最大动作为2号位打出的['ThreeWithTwo', 'K', ['SK', 'HK', 'CK', 'S4', 'C4']]
[20:33:15] [yf2_v4] [INFO] 0号位打出['PASS', 'PASS', 'PASS']， 最大动作为2号位打出的['ThreeWithTwo', 'K', ['SK', 'HK', 'CK', 'S4', 'C4']]
[20:33:15] [yf2_v4] [INFO] 1号位打出['ThreeWithTwo', 'A', ['HA', 'CA', 'DA', 'SK', 'HK']]， 最大动作为1号位打出的['ThreeWithTwo', 'A', ['HA', 'CA', 'DA', 'SK', 'HK']]
[20:33:15] [YFAdapter-P2] [INFO] [YF-P2] Decision context: myPos=2, curPos=1, greaterPos=1, teammate=0, curAction=[, actionList_size=1
[20:33:15] [YFAdapter-P2] [INFO] [YF-P2] Decided: action_index=0, action=['PASS', 'PASS', 'PASS']
[20:33:15] [HybridV4-P2] [INFO] ✓ Decision complete: action=0 (score=95.0, layer=YF), candidates=1, time=0.004s
[20:33:15] [yf2_v4] [INFO] 2号位打出['PASS', 'PASS', 'PASS']， 最大动作为1号位打出的['ThreeWithTwo', 'A', ['HA', 'CA', 'DA', 'SK', 'HK']]
[20:33:15] [yf2_v4] [INFO] 3号位打出['PASS', 'PASS', 'PASS']， 最大动作为1号位打出的['ThreeWithTwo', 'A', ['HA', 'CA', 'DA', 'SK', 'HK']]
[20:33:15] [yf2_v4] [INFO] 0号位打出['PASS', 'PASS', 'PASS']， 最大动作为1号位打出的['ThreeWithTwo', 'A', ['HA', 'CA', 'DA', 'SK', 'HK']]
[20:33:15] [yf2_v4] [INFO] 1号位打出['Trips', '3', ['S3', 'H3', 'C3']]， 最大动作为1号位打出的['Trips', '3', ['S3', 'H3', 'C3']]
[20:33:15] [YFAdapter-P2] [INFO] [YF-P2] Decision context: myPos=2, curPos=1, greaterPos=1, teammate=0, curAction=[, actionList_size=1
[20:33:15] [YFAdapter-P2] [INFO] [YF-P2] Decided: action_index=0, action=['PASS', 'PASS', 'PASS']
[20:33:15] [HybridV4-P2] [INFO] ✓ Decision complete: action=0 (score=75.0, layer=YF), candidates=1, time=0.006s
[20:33:15] [yf2_v4] [INFO] 2号位打出['PASS', 'PASS', 'PASS']， 最大动作为1号位打出的['Trips', '3', ['S3', 'H3', 'C3']]
[20:33:15] [yf2_v4] [INFO] 3号位打出['Trips', 'K', ['CK', 'DK', 'DK']]， 最大动作为3号位打出的['Trips', 'K', ['CK', 'DK', 'DK']]
[20:33:15] [yf2_v4] [INFO] 0号位打出['PASS', 'PASS', 'PASS']， 最大动作为3号位打出的['Trips', 'K', ['CK', 'DK', 'DK']]
[20:33:15] [yf2_v4] [INFO] 1号位打出['PASS', 'PASS', 'PASS']， 最大动作为3号位打出的['Trips', 'K', ['CK', 'DK', 'DK']]
[20:33:15] [YFAdapter-P2] [INFO] [YF-P2] Decision context: myPos=2, curPos=1, greaterPos=3, teammate=0, curAction=[, actionList_size=1
[20:33:15] [YFAdapter-P2] [INFO] [YF-P2] Decided: action_index=0, action=['PASS', 'PASS', 'PASS']
[20:33:15] [HybridV4-P2] [INFO] ✓ Decision complete: action=0 (score=75.0, layer=YF), candidates=1, time=0.004s
[20:33:15] [yf2_v4] [INFO] 2号位打出['PASS', 'PASS', 'PASS']， 最大动作为3号位打出的['Trips', 'K', ['CK', 'DK', 'DK']]
[20:33:15] [yf2_v4] [INFO] 3号位打出['Single', 'J', ['CJ']]， 最大动作为3号位打出的['Single', 'J', ['CJ']]
[20:33:15] [yf2_v4] [INFO] 0号位打出['Single', 'A', ['CA']]， 最大动作为0号位打出的['Single', 'A', ['CA']]
[20:33:15] [yf2_v4] [INFO] 1号位打出['PASS', 'PASS', 'PASS']， 最大动作为0号位打出的['Single', 'A', ['CA']]
[20:33:15] [YFAdapter-P2] [INFO] [YF-P2] Decision context: myPos=2, curPos=1, greaterPos=0, teammate=0, curAction=[, actionList_size=1
[20:33:15] [YFAdapter-P2] [INFO] [YF-P2] Decided: action_index=0, action=['PASS', 'PASS', 'PASS']
[20:33:15] [HybridV4-P2] [INFO] ✓ Decision complete: action=0 (score=75.0, layer=YF), candidates=1, time=0.002s
[20:33:15] [yf2_v4] [INFO] 2号位打出['PASS', 'PASS', 'PASS']， 最大动作为0号位打出的['Single', 'A', ['CA']]
[20:33:15] [yf2_v4] [INFO] 3号位打出['Single', '5', ['C5']]， 最大动作为3号位打出的['Single', '5', ['C5']]
[20:33:15] [yf2_v4] [INFO] 0号位打出['PASS', 'PASS', 'PASS']， 最大动作为3号位打出的['Single', '5', ['C5']]
[20:33:15] [yf2_v4] [INFO] 1号位打出['PASS', 'PASS', 'PASS']， 最大动作为3号位打出的['Single', '5', ['C5']]
[20:33:15] [YFAdapter-P2] [INFO] [YF-P2] Decision context: myPos=2, curPos=1, greaterPos=3, teammate=0, curAction=[, actionList_size=1
[20:33:15] [YFAdapter-P2] [INFO] [YF-P2] Decided: action_index=0, action=['PASS', 'PASS', 'PASS']
[20:33:15] [HybridV4-P2] [INFO] ✓ Decision complete: action=0 (score=55.0, layer=YF), candidates=1, time=0.011s
[20:33:15] [yf2_v4] [INFO] 2号位打出['PASS', 'PASS', 'PASS']， 最大动作为3号位打出的['Single', '5', ['C5']]
[20:33:16] [yf2_v4] [INFO] 3号位打出['Pair', 'Q', ['SQ', 'DQ']]， 最大动作为3号位打出的['Pair', 'Q', ['SQ', 'DQ']]
[20:33:16] [yf2_v4] [INFO] 0号位打出['Pair', '5', ['C5', 'D5']]， 最大动作为0号位打出的['Pair', '5', ['C5', 'D5']]
[20:33:16] [yf2_v4] [INFO] 1号位打出['Bomb', '7', ['S7', 'H7', 'C7', 'C7']]， 最大动作为1号位打出的['Bomb', '7', ['S7', 'H7', 'C7', 'C7']]
[20:33:16] [YFAdapter-P2] [INFO] [YF-P2] Decision context: myPos=2, curPos=1, greaterPos=1, teammate=0, curAction=[, actionList_size=1
[20:33:16] [YFAdapter-P2] [INFO] [YF-P2] Decided: action_index=0, action=['PASS', 'PASS', 'PASS']
[20:33:16] [HybridV4-P2] [INFO] ✓ Decision complete: action=0 (score=-5.0, layer=YF), candidates=1, time=0.006s
[20:33:16] [yf2_v4] [INFO] 2号位打出['PASS', 'PASS', 'PASS']， 最大动作为1号位打出的['Bomb', '7', ['S7', 'H7', 'C7', 'C7']]
[20:33:16] [yf2_v4] [INFO] 3号位打出['PASS', 'PASS', 'PASS']， 最大动作为1号位打出的['Bomb', '7', ['S7', 'H7', 'C7', 'C7']]
[20:33:16] [yf2_v4] [INFO] 0号位打出['PASS', 'PASS', 'PASS']， 最大动作为1号位打出的['Bomb', '7', ['S7', 'H7', 'C7', 'C7']]
[20:33:16] [yf2_v4] [INFO] 1号位打出['Trips', 'J', ['HJ', 'HJ', 'DJ']]， 最大动作为1号位打出的['Trips', 'J', ['HJ', 'HJ', 'DJ']]
[20:33:16] [YFAdapter-P2] [INFO] [YF-P2] Decision context: myPos=2, curPos=1, greaterPos=1, teammate=0, curAction=[, actionList_size=1
[20:33:16] [YFAdapter-P2] [INFO] [YF-P2] Decided: action_index=0, action=['PASS', 'PASS', 'PASS']
[20:33:16] [HybridV4-P2] [INFO] ✓ Decision complete: action=0 (score=-5.0, layer=YF), candidates=1, time=0.003s
[20:33:16] [yf2_v4] [INFO] 2号位打出['PASS', 'PASS', 'PASS']， 最大动作为1号位打出的['Trips', 'J', ['HJ', 'HJ', 'DJ']]
[20:33:16] [yf2_v4] [INFO] 3号位打出['PASS', 'PASS', 'PASS']， 最大动作为1号位打出的['Trips', 'J', ['HJ', 'HJ', 'DJ']]
[20:33:16] [yf2_v4] [INFO] 3号位打出['Single', '5', ['D5']]， 最大动作为3号位打出的['Single', '5', ['D5']]
[20:33:16] [yf2_v4] [INFO] 0号位打出['PASS', 'PASS', 'PASS']， 最大动作为3号位打出的['Single', '5', ['D5']]
[20:33:16] [YFAdapter-P2] [INFO] [YF-P2] Decision context: myPos=2, curPos=0, greaterPos=3, teammate=0, curAction=[, actionList_size=1
[20:33:16] [YFAdapter-P2] [INFO] [YF-P2] Decided: action_index=0, action=['PASS', 'PASS', 'PASS']
[20:33:16] [HybridV4-P2] [INFO] ✓ Decision complete: action=0 (score=-5.0, layer=YF), candidates=1, time=0.009s
[20:33:16] [yf2_v4] [INFO] 2号位打出['PASS', 'PASS', 'PASS']， 最大动作为3号位打出的['Single', '5', ['D5']]
[20:33:16] [yf2_v4] [INFO] 3号位打出['Single', 'B', ['SB']]， 最大动作为3号位打出的['Single', 'B', ['SB']]
[20:33:16] [yf2_v4] [INFO] 0号位打出['PASS', 'PASS', 'PASS']， 最大动作为3号位打出的['Single', 'B', ['SB']]
[20:33:16] [YFAdapter-P2] [INFO] [YF-P2] Decision context: myPos=2, curPos=0, greaterPos=3, teammate=0, curAction=[, actionList_size=1
[20:33:16] [YFAdapter-P2] [INFO] [YF-P2] Decided: action_index=0, action=['PASS', 'PASS', 'PASS']
[20:33:16] [HybridV4-P2] [INFO] ✓ Decision complete: action=0 (score=-5.0, layer=YF), candidates=1, time=0.003s
[20:33:16] [yf2_v4] [INFO] 2号位打出['PASS', 'PASS', 'PASS']， 最大动作为3号位打出的['Single', 'B', ['SB']]
[20:33:16] [yf2_v4] [INFO] 3号位打出['Single', 'R', ['HR']]， 最大动作为3号位打出的['Single', 'R', ['HR']]
[20:33:16] [yf2_v4] [INFO] 游戏开始, 我是2号位，手牌：['C3', 'S4', 'S5', 'H5', 'S6', 'S6', 'C6', 'D6', 'C7', 'S9', 'C9', 'D9', 'ST', 'CT', 'DT', 'DJ', 'HQ', 'SK', 'CK', 'CK', 'DK', 'HA', 'CA', 'DA', 'S8', 'D8', 'SB']
[20:33:16] [YFAdapter-P2] [INFO] [YF-P2] Decision context: myPos=2, curPos=-1, greaterPos=-1, teammate=0, curAction=[, actionList_size=1
[20:33:16] [YFAdapter-P2] [INFO] [YF-P2] Decided: action_index=0, action=['tribute', 'tribute', [['S', 'B']]]
[20:33:16] [HybridV4-P2] [INFO] ✓ Decision complete: action=0 (score=110.0, layer=YF), candidates=1, time=0.002s
[20:33:16] [YFAdapter-P2] [INFO] [YF-P2] Decision context: myPos=2, curPos=-1, greaterPos=-1, teammate=0, curAction=[, actionList_size=446
[20:33:16] [YFAdapter-P2] [INFO] [YF-P2] Decided: action_index=0, action=['Single', '3', [['C', '3']]]
[20:33:16] [HybridV4-P2] [INFO] ✓ Decision complete: action=0 (score=110.0, layer=YF), candidates=8, time=0.016s
[20:33:16] [yf2_v4] [INFO] 2号位打出['Single', '3', ['C3']]， 最大动作为2号位打出的['Single', '3', ['C3']]
[20:33:16] [yf2_v4] [INFO] 3号位打出['Single', '4', ['C4']]， 最大动作为3号位打出的['Single', '4', ['C4']]
[20:33:16] [yf2_v4] [INFO] 0号位打出['Single', 'A', ['CA']]， 最大动作为0号位打出的['Single', 'A', ['CA']]
[20:33:16] [yf2_v4] [INFO] 1号位打出['Single', '8', ['H8']]， 最大动作为1号位打出的['Single', '8', ['H8']]
[20:33:16] [YFAdapter-P2] [INFO] [YF-P2] Decision context: myPos=2, curPos=1, greaterPos=1, teammate=0, curAction=[, actionList_size=4
[20:33:16] [YFAdapter-P2] [INFO] [YF-P2] Decided: action_index=0, action=['PASS', 'PASS', 'PASS']
[20:33:16] [HybridV4-P2] [INFO] ✓ Decision complete: action=3 (score=139.0, layer=YF), candidates=4, time=0.012s
[20:33:16] [yf2_v4] [INFO] 2号位打出['Bomb', 'K', ['SK', 'CK', 'CK', 'DK']]， 最大动作为2号位打出的['Bomb', 'K', ['SK', 'CK', 'CK', 'DK']]
[20:33:16] [yf2_v4] [INFO] 3号位打出['PASS', 'PASS', 'PASS']， 最大动作为2号位打出的['Bomb', 'K', ['SK', 'CK', 'CK', 'DK']]
[20:33:16] [yf2_v4] [INFO] 0号位打出['PASS', 'PASS', 'PASS']， 最大动作为2号位打出的['Bomb', 'K', ['SK', 'CK', 'CK', 'DK']]
[20:33:16] [yf2_v4] [INFO] 1号位打出['PASS', 'PASS', 'PASS']， 最大动作为2号位打出的['Bomb', 'K', ['SK', 'CK', 'CK', 'DK']]
[20:33:16] [YFAdapter-P2] [INFO] [YF-P2] Decision context: myPos=2, curPos=-1, greaterPos=-1, teammate=0, curAction=[, actionList_size=294
[20:33:16] [YFAdapter-P2] [INFO] [YF-P2] Decided: action_index=0, action=['Single', '4', [['S', '4']]]
[20:33:16] [HybridV4-P2] [INFO] ✓ Decision complete: action=0 (score=110.0, layer=YF), candidates=8, time=0.007s
[20:33:16] [yf2_v4] [INFO] 2号位打出['Single', '4', ['S4']]， 最大动作为2号位打出的['Single', '4', ['S4']]
[20:33:16] [yf2_v4] [INFO] 3号位打出['Single', 'A', ['HA']]， 最大动作为3号位打出的['Single', 'A', ['HA']]
[20:33:16] [yf2_v4] [INFO] 0号位打出['Bomb', 'Q', ['SQ', 'CQ', 'DQ', 'DQ']]， 最大动作为0号位打出的['Bomb', 'Q', ['SQ', 'CQ', 'DQ', 'DQ']]
[20:33:16] [yf2_v4] [INFO] 1号位打出['PASS', 'PASS', 'PASS']， 最大动作为0号位打出的['Bomb', 'Q', ['SQ', 'CQ', 'DQ', 'DQ']]
[20:33:16] [YFAdapter-P2] [INFO] [YF-P2] Decision context: myPos=2, curPos=1, greaterPos=0, teammate=0, curAction=[, actionList_size=1
[20:33:16] [YFAdapter-P2] [INFO] [YF-P2] Decided: action_index=0, action=['PASS', 'PASS', 'PASS']
[20:33:16] [HybridV4-P2] [INFO] ✓ Decision complete: action=0 (score=95.0, layer=YF), candidates=1, time=0.003s
[20:33:16] [yf2_v4] [INFO] 2号位打出['PASS', 'PASS', 'PASS']， 最大动作为0号位打出的['Bomb', 'Q', ['SQ', 'CQ', 'DQ', 'DQ']]
[20:33:16] [yf2_v4] [INFO] 3号位打出['PASS', 'PASS', 'PASS']， 最大动作为0号位打出的['Bomb', 'Q', ['SQ', 'CQ', 'DQ', 'DQ']]
[20:33:16] [yf2_v4] [INFO] 0号位打出['Single', '6', ['H6']]， 最大动作为0号位打出的['Single', '6', ['H6']]
[20:33:16] [yf2_v4] [INFO] 1号位打出['Single', 'Q', ['HQ']]， 最大动作为1号位打出的['Single', 'Q', ['HQ']]
[20:33:16] [YFAdapter-P2] [INFO] [YF-P2] Decision context: myPos=2, curPos=1, greaterPos=1, teammate=0, curAction=[, actionList_size=8
[20:33:16] [YFAdapter-P2] [INFO] [YF-P2] Decided: action_index=0, action=['PASS', 'PASS', 'PASS']
[20:33:16] [HybridV4-P2] [INFO] ✓ Decision complete: action=1 (score=142.5, layer=YF), candidates=6, time=0.004s
[20:33:16] [yf2_v4] [INFO] 2号位打出['Single', 'A', ['HA']]， 最大动作为2号位打出的['Single', 'A', ['HA']]
[20:33:16] [yf2_v4] [INFO] 3号位打出['Single', '8', ['S8']]， 最大动作为3号位打出的['Single', '8', ['S8']]
[20:33:16] [yf2_v4] [INFO] 0号位打出['Bomb', '7', ['S7', 'S7', 'H7', 'D7']]， 最大动作为0号位打出的['Bomb', '7', ['S7', 'S7', 'H7', 'D7']]
[20:33:16] [yf2_v4] [INFO] 1号位打出['PASS', 'PASS', 'PASS']， 最大动作为0号位打出的['Bomb', '7', ['S7', 'S7', 'H7', 'D7']]
[20:33:16] [YFAdapter-P2] [INFO] [YF-P2] Decision context: myPos=2, curPos=1, greaterPos=0, teammate=0, curAction=[, actionList_size=2
[20:33:16] [YFAdapter-P2] [INFO] [YF-P2] Decided: action_index=0, action=['PASS', 'PASS', 'PASS']
[20:33:16] [HybridV4-P2] [INFO] ✓ Decision complete: action=1 (score=105.5, layer=YF), candidates=2, time=0.017s
[20:33:16] [yf2_v4] [INFO] 2号位打出['Bomb', 'T', ['ST', 'CT', 'CT', 'DT']]， 最大动作为2号位打出的['Bomb', 'T', ['ST', 'CT', 'CT', 'DT']]
[20:33:16] [yf2_v4] [INFO] 3号位打出['Bomb', 'J', ['SJ', 'HJ', 'HJ', 'CJ', 'H8']]， 最大动作为3号位打出的['Bomb', 'J', ['SJ', 'HJ', 'HJ', 'CJ', 'H8']]
[20:33:16] [yf2_v4] [INFO] 0号位打出['PASS', 'PASS', 'PASS']， 最大动作为3号位打出的['Bomb', 'J', ['SJ', 'HJ', 'HJ', 'CJ', 'H8']]
[20:33:16] [yf2_v4] [INFO] 1号位打出['PASS', 'PASS', 'PASS']， 最大动作为3号位打出的['Bomb', 'J', ['SJ', 'HJ', 'HJ', 'CJ', 'H8']]
[20:33:16] [YFAdapter-P2] [INFO] [YF-P2] Decision context: myPos=2, curPos=1, greaterPos=3, teammate=0, curAction=[, actionList_size=1
[20:33:16] [YFAdapter-P2] [INFO] [YF-P2] Decided: action_index=0, action=['PASS', 'PASS', 'PASS']
[20:33:16] [HybridV4-P2] [INFO] ✓ Decision complete: action=0 (score=95.0, layer=YF), candidates=1, time=0.004s
[20:33:16] [yf2_v4] [INFO] 2号位打出['PASS', 'PASS', 'PASS']， 最大动作为3号位打出的['Bomb', 'J', ['SJ', 'HJ', 'HJ', 'CJ', 'H8']]
[20:33:16] [yf2_v4] [INFO] 3号位打出['Single', '2', ['S2']]， 最大动作为3号位打出的['Single', '2', ['S2']]
[20:33:16] [yf2_v4] [INFO] 0号位打出['Single', 'K', ['SK']]， 最大动作为0号位打出的['Single', 'K', ['SK']]
[20:33:16] [yf2_v4] [INFO] 1号位打出['Single', 'B', ['SB']]， 最大动作为1号位打出的['Single', 'B', ['SB']]
[20:33:16] [YFAdapter-P2] [INFO] [YF-P2] Decision context: myPos=2, curPos=1, greaterPos=1, teammate=0, curAction=[, actionList_size=2
[20:33:16] [YFAdapter-P2] [INFO] [YF-P2] Decided: action_index=0, action=['PASS', 'PASS', 'PASS']
[20:33:16] [HybridV4-P2] [INFO] ✓ Decision complete: action=1 (score=132.0, layer=YF), candidates=2, time=0.005s
[20:33:16] [yf2_v4] [INFO] 2号位打出['Bomb', '6', ['S6', 'S6', 'C6', 'D6']]， 最大动作为2号位打出的['Bomb', '6', ['S6', 'S6', 'C6', 'D6']]
[20:33:16] [yf2_v4] [INFO] 3号位打出['PASS', 'PASS', 'PASS']， 最大动作为2号位打出的['Bomb', '6', ['S6', 'S6', 'C6', 'D6']]
[20:33:16] [yf2_v4] [INFO] 0号位打出['Bomb', 'T', ['ST', 'HT', 'HT', 'DT']]， 最大动作为0号位打出的['Bomb', 'T', ['ST', 'HT', 'HT', 'DT']]
[20:33:16] [yf2_v4] [INFO] 1号位打出['PASS', 'PASS', 'PASS']， 最大动作为0号位打出的['Bomb', 'T', ['ST', 'HT', 'HT', 'DT']]
[20:33:16] [YFAdapter-P2] [INFO] [YF-P2] Decision context: myPos=2, curPos=1, greaterPos=0, teammate=0, curAction=[, actionList_size=1
[20:33:16] [YFAdapter-P2] [INFO] [YF-P2] Decided: action_index=0, action=['PASS', 'PASS', 'PASS']
[20:33:16] [HybridV4-P2] [INFO] ✓ Decision complete: action=0 (score=95.0, layer=YF), candidates=1, time=0.016s
[20:33:16] [yf2_v4] [INFO] 2号位打出['PASS', 'PASS', 'PASS']， 最大动作为0号位打出的['Bomb', 'T', ['ST', 'HT', 'HT', 'DT']]
[20:33:16] [yf2_v4] [INFO] 3号位打出['PASS', 'PASS', 'PASS']， 最大动作为0号位打出的['Bomb', 'T', ['ST', 'HT', 'HT', 'DT']]
[20:33:16] [yf2_v4] [INFO] 0号位打出['ThreeWithTwo', '2', ['C2', 'D2', 'D2', 'C5', 'C5']]， 最大动作为0号位打出的['ThreeWithTwo', '2', ['C2', 'D2', 'D2', 'C5', 'C5']]
[20:33:16] [yf2_v4] [INFO] 1号位打出['ThreeWithTwo', 'A', ['SA', 'SA', 'DA', 'SJ', 'CJ']]， 最大动作为1号位打出的['ThreeWithTwo', 'A', ['SA', 'SA', 'DA', 'SJ', 'CJ']]
[20:33:16] [YFAdapter-P2] [INFO] [YF-P2] Decision context: myPos=2, curPos=1, greaterPos=1, teammate=0, curAction=[, actionList_size=1
[20:33:16] [YFAdapter-P2] [INFO] [YF-P2] Decided: action_index=0, action=['PASS', 'PASS', 'PASS']
[20:33:16] [HybridV4-P2] [INFO] ✓ Decision complete: action=0 (score=95.0, layer=YF), candidates=1, time=0.004s
[20:33:16] [yf2_v4] [INFO] 2号位打出['PASS', 'PASS', 'PASS']， 最大动作为1号位打出的['ThreeWithTwo', 'A', ['SA', 'SA', 'DA', 'SJ', 'CJ']]
[20:33:16] [yf2_v4] [INFO] 3号位打出['PASS', 'PASS', 'PASS']， 最大动作为1号位打出的['ThreeWithTwo', 'A', ['SA', 'SA', 'DA', 'SJ', 'CJ']]
[20:33:16] [yf2_v4] [INFO] 0号位打出['ThreeWithTwo', '8', ['C8', 'C8', 'D8', 'H4', 'D4']]， 最大动作为0号位打出的['ThreeWithTwo', '8', ['C8', 'C8', 'D8', 'H4', 'D4']]
[20:33:16] [yf2_v4] [INFO] 1号位打出['Bomb', '2', ['S2', 'H2', 'H2', 'C2']]， 最大动作为1号位打出的['Bomb', '2', ['S2', 'H2', 'H2', 'C2']]
[20:33:16] [YFAdapter-P2] [INFO] [YF-P2] Decision context: myPos=2, curPos=1, greaterPos=1, teammate=0, curAction=[, actionList_size=1
[20:33:16] [YFAdapter-P2] [INFO] [YF-P2] Decided: action_index=0, action=['PASS', 'PASS', 'PASS']
[20:33:16] [HybridV4-P2] [INFO] ✓ Decision complete: action=0 (score=95.0, layer=YF), candidates=1, time=0.004s
[20:33:16] [yf2_v4] [INFO] 2号位打出['PASS', 'PASS', 'PASS']， 最大动作为1号位打出的['Bomb', '2', ['S2', 'H2', 'H2', 'C2']]
[20:33:16] [yf2_v4] [INFO] 3号位打出['PASS', 'PASS', 'PASS']， 最大动作为1号位打出的['Bomb', '2', ['S2', 'H2', 'H2', 'C2']]
[20:33:16] [yf2_v4] [INFO] 0号位打出['PASS', 'PASS', 'PASS']， 最大动作为1号位打出的['Bomb', '2', ['S2', 'H2', 'H2', 'C2']]
[20:33:16] [yf2_v4] [INFO] 1号位打出['Single', '5', ['H5']]， 最大动作为1号位打出的['Single', '5', ['H5']]
[20:33:16] [YFAdapter-P2] [INFO] [YF-P2] Decision context: myPos=2, curPos=1, greaterPos=1, teammate=0, curAction=[, actionList_size=11
[20:33:16] [YFAdapter-P2] [INFO] [YF-P2] Decided: action_index=0, action=['PASS', 'PASS', 'PASS']
[20:33:16] [HybridV4-P2] [INFO] ✓ Decision complete: action=7 (score=162.5, layer=YF), candidates=8, time=0.008s
[20:33:16] [yf2_v4] [INFO] 2号位打出['Single', 'A', ['CA']]， 最大动作为2号位打出的['Single', 'A', ['CA']]
[20:33:16] [yf2_v4] [INFO] 3号位打出['Single', 'R', ['HR']]， 最大动作为3号位打出的['Single', 'R', ['HR']]
[20:33:16] [yf2_v4] [INFO] 0号位打出['PASS', 'PASS', 'PASS']， 最大动作为3号位打出的['Single', 'R', ['HR']]
[20:33:16] [yf2_v4] [INFO] 1号位打出['PASS', 'PASS', 'PASS']， 最大动作为3号位打出的['Single', 'R', ['HR']]
[20:33:16] [YFAdapter-P2] [INFO] [YF-P2] Decision context: myPos=2, curPos=1, greaterPos=3, teammate=0, curAction=[, actionList_size=1
[20:33:16] [YFAdapter-P2] [INFO] [YF-P2] Decided: action_index=0, action=['PASS', 'PASS', 'PASS']
[20:33:16] [HybridV4-P2] [INFO] ✓ Decision complete: action=0 (score=95.0, layer=YF), candidates=1, time=0.004s
[20:33:16] [yf2_v4] [INFO] 2号位打出['PASS', 'PASS', 'PASS']， 最大动作为3号位打出的['Single', 'R', ['HR']]
[20:33:16] [yf2_v4] [INFO] 3号位打出['Single', '3', ['S3']]， 最大动作为3号位打出的['Single', '3', ['S3']]
[20:33:16] [yf2_v4] [INFO] 0号位打出['Single', 'K', ['HK']]， 最大动作为0号位打出的['Single', 'K', ['HK']]
[20:33:16] [yf2_v4] [INFO] 1号位打出['PASS', 'PASS', 'PASS']， 最大动作为0号位打出的['Single', 'K', ['HK']]
[20:33:16] [YFAdapter-P2] [INFO] [YF-P2] Decision context: myPos=2, curPos=1, greaterPos=0, teammate=0, curAction=[, actionList_size=4
[20:33:16] [YFAdapter-P2] [INFO] [YF-P2] Decided: action_index=0, action=['PASS', 'PASS', 'PASS']
[20:33:16] [HybridV4-P2] [INFO] ✓ Decision complete: action=1 (score=132.5, layer=YF), candidates=4, time=0.007s
[20:33:16] [yf2_v4] [INFO] 2号位打出['Single', 'A', ['DA']]， 最大动作为2号位打出的['Single', 'A', ['DA']]
[20:33:16] [yf2_v4] [INFO] 3号位打出['Single', 'B', ['SB']]， 最大动作为3号位打出的['Single', 'B', ['SB']]
[20:33:16] [yf2_v4] [INFO] 0号位打出['PASS', 'PASS', 'PASS']， 最大动作为3号位打出的['Single', 'B', ['SB']]
[20:33:16] [yf2_v4] [INFO] 1号位打出['PASS', 'PASS', 'PASS']， 最大动作为3号位打出的['Single', 'B', ['SB']]
[20:33:16] [YFAdapter-P2] [INFO] [YF-P2] Decision context: myPos=2, curPos=1, greaterPos=3, teammate=0, curAction=[, actionList_size=1
[20:33:16] [YFAdapter-P2] [INFO] [YF-P2] Decided: action_index=0, action=['PASS', 'PASS', 'PASS']
[20:33:16] [HybridV4-P2] [INFO] ✓ Decision complete: action=0 (score=95.0, layer=YF), candidates=1, time=0.002s
[20:33:16] [yf2_v4] [INFO] 2号位打出['PASS', 'PASS', 'PASS']， 最大动作为3号位打出的['Single', 'B', ['SB']]
[20:33:16] [yf2_v4] [INFO] 3号位打出['Single', '3', ['S3']]， 最大动作为3号位打出的['Single', '3', ['S3']]
[20:33:16] [yf2_v4] [INFO] 0号位打出['Single', '4', ['C4']]， 最大动作为0号位打出的['Single', '4', ['C4']]
[20:33:16] [yf2_v4] [INFO] 1号位打出['Single', 'K', ['DK']]， 最大动作为1号位打出的['Single', 'K', ['DK']]
[20:33:16] [YFAdapter-P2] [INFO] [YF-P2] Decision context: myPos=2, curPos=1, greaterPos=1, teammate=0, curAction=[, actionList_size=3
[20:33:16] [YFAdapter-P2] [INFO] [YF-P2] Decided: action_index=0, action=['PASS', 'PASS', 'PASS']
[20:33:16] [HybridV4-P2] [INFO] ✓ Decision complete: action=1 (score=155.5, layer=YF), candidates=3, time=0.012s
[20:33:16] [yf2_v4] [INFO] 2号位打出['Single', '8', ['S8']]， 最大动作为2号位打出的['Single', '8', ['S8']]
[20:33:16] [yf2_v4] [INFO] 3号位打出['Single', 'R', ['HR']]， 最大动作为3号位打出的['Single', 'R', ['HR']]
[20:33:16] [yf2_v4] [INFO] 1号位打出['PASS', 'PASS', 'PASS']， 最大动作为3号位打出的['Single', 'R', ['HR']]
[20:33:16] [YFAdapter-P2] [INFO] [YF-P2] Decision context: myPos=2, curPos=1, greaterPos=3, teammate=0, curAction=[, actionList_size=1
[20:33:16] [YFAdapter-P2] [INFO] [YF-P2] Decided: action_index=0, action=['PASS', 'PASS', 'PASS']
[20:33:16] [HybridV4-P2] [INFO] ✓ Decision complete: action=0 (score=95.0, layer=YF), candidates=1, time=0.005s
[20:33:16] [yf2_v4] [INFO] 2号位打出['PASS', 'PASS', 'PASS']， 最大动作为3号位打出的['Single', 'R', ['HR']]
[20:33:16] [yf2_v4] [INFO] 3号位打出['Single', '3', ['H3']]， 最大动作为3号位打出的['Single', '3', ['H3']]
[20:33:16] [yf2_v4] [INFO] 1号位打出['Single', 'K', ['HK']]， 最大动作为1号位打出的['Single', 'K', ['HK']]
[20:33:16] [YFAdapter-P2] [INFO] [YF-P2] Decision context: myPos=2, curPos=1, greaterPos=1, teammate=0, curAction=[, actionList_size=2
[20:33:16] [YFAdapter-P2] [INFO] [YF-P2] Decided: action_index=0, action=['PASS', 'PASS', 'PASS']
[20:33:16] [HybridV4-P2] [INFO] ✓ Decision complete: action=1 (score=155.5, layer=YF), candidates=2, time=0.005s
[20:33:16] [yf2_v4] [INFO] 2号位打出['Single', '8', ['D8']]， 最大动作为2号位打出的['Single', '8', ['D8']]
[20:33:17] [yf2_v4] [INFO] 3号位打出['PASS', 'PASS', 'PASS']， 最大动作为2号位打出的['Single', '8', ['D8']]
[20:33:17] [yf2_v4] [INFO] 1号位打出['PASS', 'PASS', 'PASS']， 最大动作为2号位打出的['Single', '8', ['D8']]
[20:33:17] [YFAdapter-P2] [INFO] [YF-P2] Decision context: myPos=2, curPos=-1, greaterPos=-1, teammate=0, curAction=[, actionList_size=14
[20:33:17] [YFAdapter-P2] [INFO] [YF-P2] Decided: action_index=2, action=['Single', '7', [['C', '7']]]
[20:33:17] [HybridV4-P2] [INFO] ✓ Decision complete: action=2 (score=135.0, layer=YF), candidates=8, time=0.005s
[20:33:17] [yf2_v4] [INFO] 2号位打出['Single', '7', ['C7']]， 最大动作为2号位打出的['Single', '7', ['C7']]
[20:33:17] [yf2_v4] [INFO] 3号位打出['Single', 'J', ['DJ']]， 最大动作为3号位打出的['Single', 'J', ['DJ']]
[20:33:17] [yf2_v4] [INFO] 1号位打出['PASS', 'PASS', 'PASS']， 最大动作为3号位打出的['Single', 'J', ['DJ']]
[20:33:17] [YFAdapter-P2] [INFO] [YF-P2] Decision context: myPos=2, curPos=1, greaterPos=3, teammate=0, curAction=[, actionList_size=2
[20:33:17] [YFAdapter-P2] [INFO] [YF-P2] Decided: action_index=0, action=['PASS', 'PASS', 'PASS']
[20:33:17] [HybridV4-P2] [INFO] ✓ Decision complete: action=1 (score=159.0, layer=YF), candidates=2, time=0.006s
[20:33:17] [yf2_v4] [INFO] 2号位打出['Single', 'Q', ['HQ']]， 最大动作为2号位打出的['Single', 'Q', ['HQ']]
[20:33:17] [yf2_v4] [INFO] 3号位打出['PASS', 'PASS', 'PASS']， 最大动作为2号位打出的['Single', 'Q', ['HQ']]
[20:33:17] [yf2_v4] [INFO] 1号位打出['PASS', 'PASS', 'PASS']， 最大动作为2号位打出的['Single', 'Q', ['HQ']]
[20:33:17] [YFAdapter-P2] [INFO] [YF-P2] Decision context: myPos=2, curPos=-1, greaterPos=-1, teammate=0, curAction=[, actionList_size=12
[20:33:17] [YFAdapter-P2] [INFO] [YF-P2] Decided: action_index=11, action=['ThreeWithTwo', '9', [['S', '9'], ['C', '9'], ['D', '9'], ['S', '5'], ['H', '5']]]
[20:33:17] [HybridV4-P2] [INFO] ✓ Decision complete: action=11 (score=135.0, layer=YF), candidates=8, time=0.008s
[20:33:17] [yf2_v4] [INFO] 2号位打出['ThreeWithTwo', '9', ['S9', 'C9', 'D9', 'S5', 'H5']]， 最大动作为2号位打出的['ThreeWithTwo', '9', ['S9', 'C9', 'D9', 'S5', 'H5']]
[20:33:17] [yf2_v4] [INFO] 3号位打出['PASS', 'PASS', 'PASS']， 最大动作为2号位打出的['ThreeWithTwo', '9', ['S9', 'C9', 'D9', 'S5', 'H5']]
[20:33:17] [yf2_v4] [INFO] 1号位打出['PASS', 'PASS', 'PASS']， 最大动作为2号位打出的['ThreeWithTwo', '9', ['S9', 'C9', 'D9', 'S5', 'H5']]
[20:33:17] [YFAdapter-P2] [INFO] [YF-P2] Decision context: myPos=2, curPos=-1, greaterPos=-1, teammate=0, curAction=[, actionList_size=1
[20:33:17] [YFAdapter-P2] [INFO] [YF-P2] Decided: action_index=0, action=['Single', 'J', [['D', 'J']]]
[20:33:17] [HybridV4-P2] [INFO] ✓ Decision complete: action=0 (score=140.0, layer=YF), candidates=1, time=0.002s
[20:33:17] [yf2_v4] [INFO] 2号位打出['Single', 'J', ['DJ']]， 最大动作为2号位打出的['Single', 'J', ['DJ']]
[20:33:17] [yf2_v4] [INFO] 游戏开始, 我是2号位，手牌：['H2', 'H2', 'S3', 'H3', 'C3', 'C3', 'H4', 'C4', 'S6', 'C6', 'D7', 'C8', 'S9', 'C9', 'D9', 'CT', 'CJ', 'SK', 'SK', 'CK', 'CK', 'DK', 'SA', 'H5', 'C5', 'D5', 'D5']
[20:33:17] [yf2_v4] [INFO] 0号位打出['Single', '6', ['C6']]， 最大动作为0号位打出的['Single', '6', ['C6']]
[20:33:17] [yf2_v4] [INFO] 1号位打出['Single', 'J', ['DJ']]， 最大动作为1号位打出的['Single', 'J', ['DJ']]
[20:33:17] [YFAdapter-P2] [INFO] [YF-P2] Decision context: myPos=2, curPos=1, greaterPos=1, teammate=0, curAction=[, actionList_size=28
[20:33:17] [YFAdapter-P2] [INFO] [YF-P2] Decided: action_index=0, action=['PASS', 'PASS', 'PASS']
[20:33:17] [HybridV4-P2] [INFO] ✓ Decision complete: action=4 (score=142.5, layer=YF), candidates=8, time=0.005s
[20:33:17] [yf2_v4] [INFO] 2号位打出['Single', 'A', ['SA']]， 最大动作为2号位打出的['Single', 'A', ['SA']]
[20:33:17] [yf2_v4] [INFO] 3号位打出['Single', '5', ['S5']]， 最大动作为3号位打出的['Single', '5', ['S5']]
[20:33:17] [yf2_v4] [INFO] 0号位打出['Single', 'B', ['SB']]， 最大动作为0号位打出的['Single', 'B', ['SB']]
[20:33:17] [yf2_v4] [INFO] 1号位打出['Single', 'R', ['HR']]， 最大动作为1号位打出的['Single', 'R', ['HR']]
[20:33:17] [YFAdapter-P2] [INFO] [YF-P2] Decision context: myPos=2, curPos=1, greaterPos=1, teammate=0, curAction=[, actionList_size=21
[20:33:17] [YFAdapter-P2] [INFO] [YF-P2] Decided: action_index=0, action=['PASS', 'PASS', 'PASS']
[20:33:17] [HybridV4-P2] [INFO] ✓ Decision complete: action=6 (score=139.0, layer=YF), candidates=8, time=0.002s
[20:33:17] [yf2_v4] [INFO] 2号位打出['Bomb', 'K', ['SK', 'SK', 'CK', 'H5']]， 最大动作为2号位打出的['Bomb', 'K', ['SK', 'SK', 'CK', 'H5']]
[20:33:17] [yf2_v4] [INFO] 3号位打出['PASS', 'PASS', 'PASS']， 最大动作为2号位打出的['Bomb', 'K', ['SK', 'SK', 'CK', 'H5']]
[20:33:17] [yf2_v4] [INFO] 0号位打出['Bomb', 'Q', ['SQ', 'CQ', 'CQ', 'DQ', 'DQ']]， 最大动作为0号位打出的['Bomb', 'Q', ['SQ', 'CQ', 'CQ', 'DQ', 'DQ']]
[20:33:17] [yf2_v4] [INFO] 1号位打出['PASS', 'PASS', 'PASS']， 最大动作为0号位打出的['Bomb', 'Q', ['SQ', 'CQ', 'CQ', 'DQ', 'DQ']]
[20:33:17] [YFAdapter-P2] [INFO] [YF-P2] Decision context: myPos=2, curPos=1, greaterPos=0, teammate=0, curAction=[, actionList_size=1
[20:33:17] [YFAdapter-P2] [INFO] [YF-P2] Decided: action_index=0, action=['PASS', 'PASS', 'PASS']
[20:33:17] [HybridV4-P2] [INFO] ✓ Decision complete: action=0 (score=95.0, layer=YF), candidates=1, time=0.002s
[20:33:17] [yf2_v4] [INFO] 2号位打出['PASS', 'PASS', 'PASS']， 最大动作为0号位打出的['Bomb', 'Q', ['SQ', 'CQ', 'CQ', 'DQ', 'DQ']]
[20:33:17] [yf2_v4] [INFO] 3号位打出['PASS', 'PASS', 'PASS']， 最大动作为0号位打出的['Bomb', 'Q', ['SQ', 'CQ', 'CQ', 'DQ', 'DQ']]
[20:33:17] [yf2_v4] [INFO] 0号位打出['Single', '7', ['S7']]， 最大动作为0号位打出的['Single', '7', ['S7']]
[20:33:17] [yf2_v4] [INFO] 1号位打出['Single', 'K', ['DK']]， 最大动作为1号位打出的['Single', 'K', ['DK']]
[20:33:17] [YFAdapter-P2] [INFO] [YF-P2] Decision context: myPos=2, curPos=1, greaterPos=1, teammate=0, curAction=[, actionList_size=4
[20:33:17] [YFAdapter-P2] [INFO] [YF-P2] Decided: action_index=0, action=['PASS', 'PASS', 'PASS']
[20:33:17] [HybridV4-P2] [INFO] ✓ Decision complete: action=1 (score=132.0, layer=YF), candidates=4, time=0.011s
[20:33:17] [yf2_v4] [INFO] 2号位打出['Single', '5', ['C5']]， 最大动作为2号位打出的['Single', '5', ['C5']]
[20:33:17] [yf2_v4] [INFO] 3号位打出['Single', 'B', ['SB']]， 最大动作为3号位打出的['Single', 'B', ['SB']]
[20:33:17] [yf2_v4] [INFO] 0号位打出['PASS', 'PASS', 'PASS']， 最大动作为3号位打出的['Single', 'B', ['SB']]
[20:33:17] [yf2_v4] [INFO] 1号位打出['PASS', 'PASS', 'PASS']， 最大动作为3号位打出的['Single', 'B', ['SB']]
[20:33:17] [YFAdapter-P2] [INFO] [YF-P2] Decision context: myPos=2, curPos=1, greaterPos=3, teammate=0, curAction=[, actionList_size=2
[20:33:17] [YFAdapter-P2] [INFO] [YF-P2] Decided: action_index=0, action=['PASS', 'PASS', 'PASS']
[20:33:17] [HybridV4-P2] [INFO] ✓ Decision complete: action=1 (score=132.0, layer=YF), candidates=2, time=0.014s
[20:33:17] [yf2_v4] [INFO] 2号位打出['Bomb', '3', ['S3', 'H3', 'C3', 'C3']]， 最大动作为2号位打出的['Bomb', '3', ['S3', 'H3', 'C3', 'C3']]
[20:33:17] [yf2_v4] [INFO] 3号位打出['Bomb', '7', ['S7', 'H7', 'C7', 'D7']]， 最大动作为3号位打出的['Bomb', '7', ['S7', 'H7', 'C7', 'D7']]
[20:33:17] [yf2_v4] [INFO] 0号位打出['PASS', 'PASS', 'PASS']， 最大动作为3号位打出的['Bomb', '7', ['S7', 'H7', 'C7', 'D7']]
[20:33:17] [yf2_v4] [INFO] 1号位打出['PASS', 'PASS', 'PASS']， 最大动作为3号位打出的['Bomb', '7', ['S7', 'H7', 'C7', 'D7']]
[20:33:17] [YFAdapter-P2] [INFO] [YF-P2] Decision context: myPos=2, curPos=1, greaterPos=3, teammate=0, curAction=[, actionList_size=1
[20:33:17] [YFAdapter-P2] [INFO] [YF-P2] Decided: action_index=0, action=['PASS', 'PASS', 'PASS']
[20:33:17] [HybridV4-P2] [INFO] ✓ Decision complete: action=0 (score=95.0, layer=YF), candidates=1, time=0.004s
[20:33:17] [yf2_v4] [INFO] 2号位打出['PASS', 'PASS', 'PASS']， 最大动作为3号位打出的['Bomb', '7', ['S7', 'H7', 'C7', 'D7']]
[20:33:17] [yf2_v4] [INFO] 3号位打出['Straight', '9', ['C9', 'ST', 'SJ', 'HQ', 'HK']]， 最大动作为3号位打出的['Straight', '9', ['C9', 'ST', 'SJ', 'HQ', 'HK']]
[20:33:17] [yf2_v4] [INFO] 0号位打出['PASS', 'PASS', 'PASS']， 最大动作为3号位打出的['Straight', '9', ['C9', 'ST', 'SJ', 'HQ', 'HK']]
[20:33:17] [yf2_v4] [INFO] 1号位打出['PASS', 'PASS', 'PASS']， 最大动作为3号位打出的['Straight', '9', ['C9', 'ST', 'SJ', 'HQ', 'HK']]
[20:33:17] [YFAdapter-P2] [INFO] [YF-P2] Decision context: myPos=2, curPos=1, greaterPos=3, teammate=0, curAction=[, actionList_size=1
[20:33:17] [YFAdapter-P2] [INFO] [YF-P2] Decided: action_index=0, action=['PASS', 'PASS', 'PASS']
[20:33:17] [HybridV4-P2] [INFO] ✓ Decision complete: action=0 (score=95.0, layer=YF), candidates=1, time=0.015s
[20:33:17] [yf2_v4] [INFO] 2号位打出['PASS', 'PASS', 'PASS']， 最大动作为3号位打出的['Straight', '9', ['C9', 'ST', 'SJ', 'HQ', 'HK']]
[20:33:17] [yf2_v4] [INFO] 3号位打出['ThreeWithTwo', '6', ['H6', 'H6', 'D6', 'S2', 'D2']]， 最大动作为3号位打出的['ThreeWithTwo', '6', ['H6', 'H6', 'D6', 'S2', 'D2']]
[20:33:17] [yf2_v4] [INFO] 0号位打出['ThreeWithTwo', 'J', ['HJ', 'CJ', 'DJ', 'S2', 'C2']]， 最大动作为0号位打出的['ThreeWithTwo', 'J', ['HJ', 'CJ', 'DJ', 'S2', 'C2']]
[20:33:17] [yf2_v4] [INFO] 1号位打出['ThreeWithTwo', 'A', ['CA', 'CA', 'H5', 'S3', 'D3']]， 最大动作为1号位打出的['ThreeWithTwo', 'A', ['CA', 'CA', 'H5', 'S3', 'D3']]
[20:33:17] [YFAdapter-P2] [INFO] [YF-P2] Decision context: myPos=2, curPos=1, greaterPos=1, teammate=0, curAction=[, actionList_size=1
[20:33:17] [YFAdapter-P2] [INFO] [YF-P2] Decided: action_index=0, action=['PASS', 'PASS', 'PASS']
[20:33:17] [HybridV4-P2] [INFO] ✓ Decision complete: action=0 (score=95.0, layer=YF), candidates=1, time=0.007s
[20:33:17] [yf2_v4] [INFO] 2号位打出['PASS', 'PASS', 'PASS']， 最大动作为1号位打出的['ThreeWithTwo', 'A', ['CA', 'CA', 'H5', 'S3', 'D3']]
[20:33:17] [yf2_v4] [INFO] 3号位打出['PASS', 'PASS', 'PASS']， 最大动作为1号位打出的['ThreeWithTwo', 'A', ['CA', 'CA', 'H5', 'S3', 'D3']]
[20:33:17] [yf2_v4] [INFO] 0号位打出['PASS', 'PASS', 'PASS']， 最大动作为1号位打出的['ThreeWithTwo', 'A', ['CA', 'CA', 'H5', 'S3', 'D3']]
[20:33:17] [yf2_v4] [INFO] 1号位打出['Single', '2', ['D2']]， 最大动作为1号位打出的['Single', '2', ['D2']]
[20:33:17] [YFAdapter-P2] [INFO] [YF-P2] Decision context: myPos=2, curPos=1, greaterPos=1, teammate=0, curAction=[, actionList_size=15
[20:33:17] [YFAdapter-P2] [INFO] [YF-P2] Decided: action_index=0, action=['PASS', 'PASS', 'PASS']
[20:33:17] [HybridV4-P2] [INFO] ✓ Decision complete: action=11 (score=159.0, layer=YF), candidates=8, time=0.005s
[20:33:17] [yf2_v4] [INFO] 2号位打出['Single', 'J', ['CJ']]， 最大动作为2号位打出的['Single', 'J', ['CJ']]
[20:33:17] [yf2_v4] [INFO] 3号位打出['Single', 'R', ['HR']]， 最大动作为3号位打出的['Single', 'R', ['HR']]
[20:33:17] [yf2_v4] [INFO] 0号位打出['PASS', 'PASS', 'PASS']， 最大动作为3号位打出的['Single', 'R', ['HR']]
[20:33:17] [yf2_v4] [INFO] 1号位打出['PASS', 'PASS', 'PASS']， 最大动作为3号位打出的['Single', 'R', ['HR']]
[20:33:17] [YFAdapter-P2] [INFO] [YF-P2] Decision context: myPos=2, curPos=1, greaterPos=3, teammate=0, curAction=[, actionList_size=1
[20:33:17] [YFAdapter-P2] [INFO] [YF-P2] Decided: action_index=0, action=['PASS', 'PASS', 'PASS']
[20:33:17] [HybridV4-P2] [INFO] ✓ Decision complete: action=0 (score=95.0, layer=YF), candidates=1, time=0.010s
[20:33:17] [yf2_v4] [INFO] 2号位打出['PASS', 'PASS', 'PASS']， 最大动作为3号位打出的['Single', 'R', ['HR']]
[20:33:17] [yf2_v4] [INFO] 3号位打出['Pair', '4', ['C4', 'D4']]， 最大动作为3号位打出的['Pair', '4', ['C4', 'D4']]
[20:33:17] [yf2_v4] [INFO] 0号位打出['Pair', '8', ['H8', 'H8']]， 最大动作为0号位打出的['Pair', '8', ['H8', 'H8']]
[20:33:17] [yf2_v4] [INFO] 1号位打出['Pair', '9', ['S9', 'D9']]， 最大动作为1号位打出的['Pair', '9', ['S9', 'D9']]
[20:33:17] [YFAdapter-P2] [INFO] [YF-P2] Decision context: myPos=2, curPos=1, greaterPos=1, teammate=0, curAction=[, actionList_size=3
[20:33:17] [YFAdapter-P2] [INFO] [YF-P2] Decided: action_index=0, action=['PASS', 'PASS', 'PASS']
[20:33:17] [HybridV4-P2] [INFO] ✓ Decision complete: action=1 (score=186.0, layer=YF), candidates=3, time=0.005s
[20:33:17] [yf2_v4] [INFO] 2号位打出['Pair', 'K', ['CK', 'DK']]， 最大动作为2号位打出的['Pair', 'K', ['CK', 'DK']]
[20:33:17] [yf2_v4] [INFO] 3号位打出['PASS', 'PASS', 'PASS']， 最大动作为2号位打出的['Pair', 'K', ['CK', 'DK']]
[20:33:17] [yf2_v4] [INFO] 0号位打出['PASS', 'PASS', 'PASS']， 最大动作为2号位打出的['Pair', 'K', ['CK', 'DK']]
[20:33:17] [yf2_v4] [INFO] 1号位打出['Pair', '5', ['S5', 'C5']]， 最大动作为1号位打出的['Pair', '5', ['S5', 'C5']]
[20:33:17] [YFAdapter-P2] [INFO] [YF-P2] Decision context: myPos=2, curPos=1, greaterPos=1, teammate=0, curAction=[, actionList_size=1
[20:33:17] [YFAdapter-P2] [INFO] [YF-P2] Decided: action_index=0, action=['PASS', 'PASS', 'PASS']
[20:33:17] [HybridV4-P2] [INFO] ✓ Decision complete: action=0 (score=75.0, layer=YF), candidates=1, time=0.004s
[20:33:17] [yf2_v4] [INFO] 2号位打出['PASS', 'PASS', 'PASS']， 最大动作为1号位打出的['Pair', '5', ['S5', 'C5']]
[20:33:17] [yf2_v4] [INFO] 3号位打出['PASS', 'PASS', 'PASS']， 最大动作为1号位打出的['Pair', '5', ['S5', 'C5']]
[20:33:17] [yf2_v4] [INFO] 0号位打出['PASS', 'PASS', 'PASS']， 最大动作为1号位打出的['Pair', '5', ['S5', 'C5']]
[20:33:17] [yf2_v4] [INFO] 1号位打出['Single', '4', ['S4']]， 最大动作为1号位打出的['Single', '4', ['S4']]
[20:33:17] [YFAdapter-P2] [INFO] [YF-P2] Decision context: myPos=2, curPos=1, greaterPos=1, teammate=0, curAction=[, actionList_size=10
[20:33:17] [YFAdapter-P2] [INFO] [YF-P2] Decided: action_index=0, action=['PASS', 'PASS', 'PASS']
[20:33:17] [HybridV4-P2] [INFO] ✓ Decision complete: action=3 (score=182.5, layer=YF), candidates=6, time=0.013s
[20:33:17] [yf2_v4] [INFO] 2号位打出['Single', '7', ['D7']]， 最大动作为2号位打出的['Single', '7', ['D7']]
[20:33:17] [yf2_v4] [INFO] 3号位打出['Single', 'T', ['DT']]， 最大动作为3号位打出的['Single', 'T', ['DT']]
[20:33:17] [yf2_v4] [INFO] 0号位打出['Single', 'A', ['SA']]， 最大动作为0号位打出的['Single', 'A', ['SA']]
[20:33:17] [yf2_v4] [INFO] 1号位打出['PASS', 'PASS', 'PASS']， 最大动作为0号位打出的['Single', 'A', ['SA']]
[20:33:17] [YFAdapter-P2] [INFO] [YF-P2] Decision context: myPos=2, curPos=1, greaterPos=0, teammate=0, curAction=[, actionList_size=2
[20:33:17] [YFAdapter-P2] [INFO] [YF-P2] Decided: action_index=0, action=['PASS', 'PASS', 'PASS']
[20:33:17] [HybridV4-P2] [INFO] ✓ Decision complete: action=1 (score=149.0, layer=YF), candidates=2, time=0.003s
[20:33:17] [yf2_v4] [INFO] 2号位打出['Single', '5', ['D5']]， 最大动作为2号位打出的['Single', '5', ['D5']]
[20:33:17] [yf2_v4] [INFO] 3号位打出['PASS', 'PASS', 'PASS']， 最大动作为2号位打出的['Single', '5', ['D5']]
[20:33:17] [yf2_v4] [INFO] 0号位打出['PASS', 'PASS', 'PASS']， 最大动作为2号位打出的['Single', '5', ['D5']]
[20:33:17] [yf2_v4] [INFO] 1号位打出['PASS', 'PASS', 'PASS']， 最大动作为2号位打出的['Single', '5', ['D5']]
[20:33:17] [YFAdapter-P2] [INFO] [YF-P2] Decision context: myPos=2, curPos=-1, greaterPos=-1, teammate=0, curAction=[, actionList_size=21
[20:33:17] [YFAdapter-P2] [INFO] [YF-P2] Decided: action_index=5, action=['Single', '8', [['C', '8']]]
[20:33:17] [HybridV4-P2] [INFO] ✓ Decision complete: action=5 (score=165.0, layer=YF), candidates=7, time=0.005s
[20:33:17] [yf2_v4] [INFO] 2号位打出['Single', '8', ['C8']]， 最大动作为2号位打出的['Single', '8', ['C8']]
[20:33:17] [yf2_v4] [INFO] 3号位打出['PASS', 'PASS', 'PASS']， 最大动作为2号位打出的['Single', '8', ['C8']]
[20:33:17] [yf2_v4] [INFO] 0号位打出['Single', 'K', ['HK']]， 最大动作为0号位打出的['Single', 'K', ['HK']]
[20:33:17] [yf2_v4] [INFO] 1号位打出['Single', 'A', ['DA']]， 最大动作为1号位打出的['Single', 'A', ['DA']]
[20:33:17] [YFAdapter-P2] [INFO] [YF-P2] Decision context: myPos=2, curPos=1, greaterPos=1, teammate=0, curAction=[, actionList_size=2
[20:33:17] [YFAdapter-P2] [INFO] [YF-P2] Decided: action_index=0, action=['PASS', 'PASS', 'PASS']
[20:33:17] [HybridV4-P2] [INFO] ✓ Decision complete: action=1 (score=179.0, layer=YF), candidates=2, time=0.015s
[20:33:17] [yf2_v4] [INFO] 2号位打出['Single', '5', ['D5']]， 最大动作为2号位打出的['Single', '5', ['D5']]
[20:33:17] [yf2_v4] [INFO] 3号位打出['PASS', 'PASS', 'PASS']， 最大动作为2号位打出的['Single', '5', ['D5']]
[20:33:17] [yf2_v4] [INFO] 0号位打出['PASS', 'PASS', 'PASS']， 最大动作为2号位打出的['Single', '5', ['D5']]
[20:33:17] [yf2_v4] [INFO] 1号位打出['PASS', 'PASS', 'PASS']， 最大动作为2号位打出的['Single', '5', ['D5']]
[20:33:17] [YFAdapter-P2] [INFO] [YF-P2] Decision context: myPos=2, curPos=-1, greaterPos=-1, teammate=0, curAction=[, actionList_size=19
[20:33:17] [YFAdapter-P2] [INFO] [YF-P2] Decided: action_index=10, action=['Pair', '4', [['H', '4'], ['C', '4']]]
[20:33:17] [HybridV4-P2] [INFO] ✓ Decision complete: action=10 (score=160.0, layer=YF), candidates=6, time=0.006s
[20:33:17] [yf2_v4] [INFO] 2号位打出['Pair', '4', ['H4', 'C4']]， 最大动作为2号位打出的['Pair', '4', ['H4', 'C4']]
[20:33:17] [yf2_v4] [INFO] 3号位打出['Pair', '8', ['C8', 'D8']]， 最大动作为3号位打出的['Pair', '8', ['C8', 'D8']]
[20:33:17] [yf2_v4] [INFO] 0号位打出['Pair', '9', ['H9', 'H9']]， 最大动作为0号位打出的['Pair', '9', ['H9', 'H9']]
[20:33:17] [yf2_v4] [INFO] 1号位打出['Pair', 'Q', ['SQ', 'HQ']]， 最大动作为1号位打出的['Pair', 'Q', ['SQ', 'HQ']]
[20:33:17] [YFAdapter-P2] [INFO] [YF-P2] Decision context: myPos=2, curPos=1, greaterPos=1, teammate=0, curAction=[, actionList_size=1
[20:33:17] [YFAdapter-P2] [INFO] [YF-P2] Decided: action_index=0, action=['PASS', 'PASS', 'PASS']
[20:33:17] [HybridV4-P2] [INFO] ✓ Decision complete: action=0 (score=55.0, layer=YF), candidates=1, time=0.014s
[20:33:17] [yf2_v4] [INFO] 2号位打出['PASS', 'PASS', 'PASS']， 最大动作为1号位打出的['Pair', 'Q', ['SQ', 'HQ']]
[20:33:17] [yf2_v4] [INFO] 3号位打出['PASS', 'PASS', 'PASS']， 最大动作为1号位打出的['Pair', 'Q', ['SQ', 'HQ']]
[20:33:17] [yf2_v4] [INFO] 0号位打出['PASS', 'PASS', 'PASS']， 最大动作为1号位打出的['Pair', 'Q', ['SQ', 'HQ']]
[20:33:17] [yf2_v4] [INFO] 1号位打出['ThreeWithTwo', '8', ['S8', 'S8', 'D8', 'S6', 'D6']]， 最大动作为1号位打出的['ThreeWithTwo', '8', ['S8', 'S8', 'D8', 'S6', 'D6']]
[20:33:17] [YFAdapter-P2] [INFO] [YF-P2] Decision context: myPos=2, curPos=1, greaterPos=1, teammate=0, curAction=[, actionList_size=3
[20:33:17] [YFAdapter-P2] [INFO] [YF-P2] Decided: action_index=0, action=['PASS', 'PASS', 'PASS']
[20:33:17] [YFAdapter-P2] [WARNING] [YF-P2] 检测到过于保守: 对手快走完(剩5张), 触发Layer 2/3进行更积极的决策
[20:33:17] [HybridV4-P2] [INFO] ✓ Decision complete: action=1 (score=115.6, layer=DecisionEngine), candidates=3, time=0.020s
[20:33:17] [yf2_v4] [INFO] 2号位打出['ThreeWithTwo', '9', ['S9', 'C9', 'D9', 'H2', 'H2']]， 最大动作为2号位打出的['ThreeWithTwo', '9', ['S9', 'C9', 'D9', 'H2', 'H2']]
[20:33:17] [yf2_v4] [INFO] 3号位打出['ThreeWithTwo', 'A', ['HA', 'HA', 'DA', 'SJ', 'HJ']]， 最大动作为3号位打出的['ThreeWithTwo', 'A', ['HA', 'HA', 'DA', 'SJ', 'HJ']]
[20:33:17] [yf2_v4] [INFO] 0号位打出['PASS', 'PASS', 'PASS']， 最大动作为3号位打出的['ThreeWithTwo', 'A', ['HA', 'HA', 'DA', 'SJ', 'HJ']]
[20:33:17] [yf2_v4] [INFO] 1号位打出['PASS', 'PASS', 'PASS']， 最大动作为3号位打出的['ThreeWithTwo', 'A', ['HA', 'HA', 'DA', 'SJ', 'HJ']]
[20:33:17] [yf2_v4] [INFO] 1号位打出['ThreeWithTwo', 'T', ['HT', 'HT', 'DT', 'H7', 'C7']]， 最大动作为1号位打出的['ThreeWithTwo', 'T', ['HT', 'HT', 'DT', 'H7', 'C7']]
[20:33:18] [yf2_v4] [INFO] 游戏开始, 我是2号位，手牌：['S2', 'H2', 'C2', 'S4', 'H4', 'C4', 'S5', 'C5', 'D5', 'S6', 'D6', 'D6', 'H7', 'S8', 'H8', 'C8', 'H9', 'ST', 'ST', 'HT', 'HT', 'CT', 'HK', 'CK', 'CA', 'SJ', 'SJ']
[20:33:18] [YFAdapter-P2] [INFO] [YF-P2] Decision context: myPos=2, curPos=-1, greaterPos=-1, teammate=0, curAction=[, actionList_size=1
[20:33:18] [YFAdapter-P2] [INFO] [YF-P2] Decided: action_index=0, action=['tribute', 'tribute', [['S', 'J']]]
[20:33:18] [HybridV4-P2] [INFO] ✓ Decision complete: action=0 (score=110.0, layer=YF), candidates=1, time=0.010s
[20:33:18] [yf2_v4] [INFO] 0号位打出['Single', '2', ['H2']]， 最大动作为0号位打出的['Single', '2', ['H2']]
[20:33:18] [yf2_v4] [INFO] 1号位打出['Single', '6', ['S6']]， 最大动作为1号位打出的['Single', '6', ['S6']]
[20:33:18] [YFAdapter-P2] [INFO] [YF-P2] Decision context: myPos=2, curPos=1, greaterPos=1, teammate=0, curAction=[, actionList_size=18
[20:33:18] [YFAdapter-P2] [INFO] [YF-P2] Decided: action_index=0, action=['PASS', 'PASS', 'PASS']
[20:33:18] [HybridV4-P2] [INFO] ✓ Decision complete: action=12 (score=142.5, layer=YF), candidates=8, time=0.014s
[20:33:18] [yf2_v4] [INFO] 2号位打出['Single', 'A', ['CA']]， 最大动作为2号位打出的['Single', 'A', ['CA']]
[20:33:18] [yf2_v4] [INFO] 3号位打出['Single', 'J', ['DJ']]， 最大动作为3号位打出的['Single', 'J', ['DJ']]
[20:33:18] [yf2_v4] [INFO] 0号位打出['Single', 'B', ['SB']]， 最大动作为0号位打出的['Single', 'B', ['SB']]
[20:33:18] [yf2_v4] [INFO] 1号位打出['PASS', 'PASS', 'PASS']， 最大动作为0号位打出的['Single', 'B', ['SB']]
[20:33:18] [YFAdapter-P2] [INFO] [YF-P2] Decision context: myPos=2, curPos=1, greaterPos=0, teammate=0, curAction=[, actionList_size=5
[20:33:18] [YFAdapter-P2] [INFO] [YF-P2] Decided: action_index=0, action=['PASS', 'PASS', 'PASS']
[20:33:18] [HybridV4-P2] [INFO] ✓ Decision complete: action=1 (score=105.5, layer=YF), candidates=5, time=0.010s
[20:33:18] [yf2_v4] [INFO] 2号位打出['Bomb', 'T', ['ST', 'ST', 'HT', 'CT']]， 最大动作为2号位打出的['Bomb', 'T', ['ST', 'ST', 'HT', 'CT']]
[20:33:18] [yf2_v4] [INFO] 3号位打出['PASS', 'PASS', 'PASS']， 最大动作为2号位打出的['Bomb', 'T', ['ST', 'ST', 'HT', 'CT']]
[20:33:18] [yf2_v4] [INFO] 0号位打出['Bomb', 'A', ['SA', 'HA', 'HA', 'HJ']]， 最大动作为0号位打出的['Bomb', 'A', ['SA', 'HA', 'HA', 'HJ']]
[20:33:18] [yf2_v4] [INFO] 1号位打出['PASS', 'PASS', 'PASS']， 最大动作为0号位打出的['Bomb', 'A', ['SA', 'HA', 'HA', 'HJ']]
[20:33:18] [YFAdapter-P2] [INFO] [YF-P2] Decision context: myPos=2, curPos=1, greaterPos=0, teammate=0, curAction=[, actionList_size=1
[20:33:18] [YFAdapter-P2] [INFO] [YF-P2] Decided: action_index=0, action=['PASS', 'PASS', 'PASS']
[20:33:18] [HybridV4-P2] [INFO] ✓ Decision complete: action=0 (score=95.0, layer=YF), candidates=1, time=0.013s
[20:33:18] [yf2_v4] [INFO] 2号位打出['PASS', 'PASS', 'PASS']， 最大动作为0号位打出的['Bomb', 'A', ['SA', 'HA', 'HA', 'HJ']]
[20:33:18] [yf2_v4] [INFO] 3号位打出['PASS', 'PASS', 'PASS']， 最大动作为0号位打出的['Bomb', 'A', ['SA', 'HA', 'HA', 'HJ']]
[20:33:18] [yf2_v4] [INFO] 0号位打出['Single', '4', ['C4']]， 最大动作为0号位打出的['Single', '4', ['C4']]
[20:33:18] [yf2_v4] [INFO] 1号位打出['Single', 'T', ['DT']]， 最大动作为1号位打出的['Single', 'T', ['DT']]
[20:33:18] [YFAdapter-P2] [INFO] [YF-P2] Decision context: myPos=2, curPos=1, greaterPos=1, teammate=0, curAction=[, actionList_size=4
[20:33:18] [YFAdapter-P2] [INFO] [YF-P2] Decided: action_index=0, action=['PASS', 'PASS', 'PASS']
[20:33:18] [HybridV4-P2] [INFO] ✓ Decision complete: action=1 (score=139.0, layer=YF), candidates=4, time=0.007s
[20:33:18] [yf2_v4] [INFO] 2号位打出['Single', 'K', ['HK']]， 最大动作为2号位打出的['Single', 'K', ['HK']]
[20:33:18] [yf2_v4] [INFO] 3号位打出['Single', 'B', ['SB']]， 最大动作为3号位打出的['Single', 'B', ['SB']]
[20:33:18] [yf2_v4] [INFO] 0号位打出['Bomb', '8', ['S8', 'H8', 'C8', 'D8']]， 最大动作为0号位打出的['Bomb', '8', ['S8', 'H8', 'C8', 'D8']]
[20:33:18] [yf2_v4] [INFO] 1号位打出['Bomb', 'J', ['SJ', 'HJ', 'CJ', 'CJ']]， 最大动作为1号位打出的['Bomb', 'J', ['SJ', 'HJ', 'CJ', 'CJ']]
[20:33:18] [YFAdapter-P2] [INFO] [YF-P2] Decision context: myPos=2, curPos=1, greaterPos=1, teammate=0, curAction=[, actionList_size=1
[20:33:18] [YFAdapter-P2] [INFO] [YF-P2] Decided: action_index=0, action=['PASS', 'PASS', 'PASS']
[20:33:18] [HybridV4-P2] [INFO] ✓ Decision complete: action=0 (score=95.0, layer=YF), candidates=1, time=0.004s
[20:33:18] [yf2_v4] [INFO] 2号位打出['PASS', 'PASS', 'PASS']， 最大动作为1号位打出的['Bomb', 'J', ['SJ', 'HJ', 'CJ', 'CJ']]
[20:33:18] [yf2_v4] [INFO] 3号位打出['PASS', 'PASS', 'PASS']， 最大动作为1号位打出的['Bomb', 'J', ['SJ', 'HJ', 'CJ', 'CJ']]
[20:33:18] [yf2_v4] [INFO] 0号位打出['PASS', 'PASS', 'PASS']， 最大动作为1号位打出的['Bomb', 'J', ['SJ', 'HJ', 'CJ', 'CJ']]
[20:33:18] [yf2_v4] [INFO] 1号位打出['ThreeWithTwo', '7', ['H7', 'C7', 'D7', 'C2', 'D2']]， 最大动作为1号位打出的['ThreeWithTwo', '7', ['H7', 'C7', 'D7', 'C2', 'D2']]
[20:33:18] [YFAdapter-P2] [INFO] [YF-P2] Decision context: myPos=2, curPos=1, greaterPos=1, teammate=0, curAction=[, actionList_size=13
[20:33:18] [YFAdapter-P2] [INFO] [YF-P2] Decided: action_index=0, action=['PASS', 'PASS', 'PASS']
[20:33:18] [HybridV4-P2] [INFO] ✓ Decision complete: action=1 (score=135.5, layer=YF), candidates=6, time=0.008s
[20:33:18] [yf2_v4] [INFO] 2号位打出['ThreeWithTwo', '8', ['S8', 'H8', 'C8', 'S2', 'C2']]， 最大动作为2号位打出的['ThreeWithTwo', '8', ['S8', 'H8', 'C8', 'S2', 'C2']]
[20:33:18] [yf2_v4] [INFO] 3号位打出['ThreeWithTwo', 'Q', ['HQ', 'CQ', 'CQ', 'S2', 'D2']]， 最大动作为3号位打出的['ThreeWithTwo', 'Q', ['HQ', 'CQ', 'CQ', 'S2', 'D2']]
[20:33:18] [yf2_v4] [INFO] 0号位打出['StraightFlush', '9', ['D9', 'DT', 'DJ', 'DQ', 'DK']]， 最大动作为0号位打出的['StraightFlush', '9', ['D9', 'DT', 'DJ', 'DQ', 'DK']]
[20:33:18] [yf2_v4] [INFO] 1号位打出['PASS', 'PASS', 'PASS']， 最大动作为0号位打出的['StraightFlush', '9', ['D9', 'DT', 'DJ', 'DQ', 'DK']]
[20:33:18] [YFAdapter-P2] [INFO] [YF-P2] Decision context: myPos=2, curPos=1, greaterPos=0, teammate=0, curAction=[, actionList_size=1
[20:33:18] [YFAdapter-P2] [INFO] [YF-P2] Decided: action_index=0, action=['PASS', 'PASS', 'PASS']
[20:33:18] [HybridV4-P2] [INFO] ✓ Decision complete: action=0 (score=95.0, layer=YF), candidates=1, time=0.003s
[20:33:18] [yf2_v4] [INFO] 2号位打出['PASS', 'PASS', 'PASS']， 最大动作为0号位打出的['StraightFlush', '9', ['D9', 'DT', 'DJ', 'DQ', 'DK']]
[20:33:18] [yf2_v4] [INFO] 3号位打出['PASS', 'PASS', 'PASS']， 最大动作为0号位打出的['StraightFlush', '9', ['D9', 'DT', 'DJ', 'DQ', 'DK']]
[20:33:18] [yf2_v4] [INFO] 0号位打出['Single', '6', ['C6']]， 最大动作为0号位打出的['Single', '6', ['C6']]
[20:33:18] [yf2_v4] [INFO] 1号位打出['PASS', 'PASS', 'PASS']， 最大动作为0号位打出的['Single', '6', ['C6']]
[20:33:18] [YFAdapter-P2] [INFO] [YF-P2] Decision context: myPos=2, curPos=1, greaterPos=0, teammate=0, curAction=[, actionList_size=7
[20:33:18] [YFAdapter-P2] [INFO] [YF-P2] Decided: action_index=0, action=['PASS', 'PASS', 'PASS']
[20:33:18] [HybridV4-P2] [INFO] ✓ Decision complete: action=5 (score=109.0, layer=YF), candidates=7, time=0.013s
[20:33:18] [yf2_v4] [INFO] 2号位打出['Single', 'K', ['CK']]， 最大动作为2号位打出的['Single', 'K', ['CK']]
[20:33:18] [yf2_v4] [INFO] 3号位打出['Single', 'R', ['HR']]， 最大动作为3号位打出的['Single', 'R', ['HR']]
[20:33:18] [yf2_v4] [INFO] 0号位打出['PASS', 'PASS', 'PASS']， 最大动作为3号位打出的['Single', 'R', ['HR']]
[20:33:18] [yf2_v4] [INFO] 1号位打出['PASS', 'PASS', 'PASS']， 最大动作为3号位打出的['Single', 'R', ['HR']]
[20:33:18] [YFAdapter-P2] [INFO] [YF-P2] Decision context: myPos=2, curPos=1, greaterPos=3, teammate=0, curAction=[, actionList_size=1
[20:33:18] [YFAdapter-P2] [INFO] [YF-P2] Decided: action_index=0, action=['PASS', 'PASS', 'PASS']
[20:33:18] [HybridV4-P2] [INFO] ✓ Decision complete: action=0 (score=95.0, layer=YF), candidates=1, time=0.005s
[20:33:18] [yf2_v4] [INFO] 2号位打出['PASS', 'PASS', 'PASS']， 最大动作为3号位打出的['Single', 'R', ['HR']]
[20:33:18] [yf2_v4] [INFO] 3号位打出['Single', '8', ['D8']]， 最大动作为3号位打出的['Single', '8', ['D8']]
[20:33:18] [yf2_v4] [INFO] 0号位打出['Single', 'Q', ['SQ']]， 最大动作为0号位打出的['Single', 'Q', ['SQ']]
[20:33:18] [yf2_v4] [INFO] 1号位打出['Single', 'A', ['DA']]， 最大动作为1号位打出的['Single', 'A', ['DA']]
[20:33:18] [YFAdapter-P2] [INFO] [YF-P2] Decision context: myPos=2, curPos=1, greaterPos=1, teammate=0, curAction=[, actionList_size=2
[20:33:18] [YFAdapter-P2] [INFO] [YF-P2] Decided: action_index=0, action=['PASS', 'PASS', 'PASS']
[20:33:18] [HybridV4-P2] [INFO] ✓ Decision complete: action=1 (score=159.0, layer=YF), candidates=2, time=0.005s
[20:33:18] [yf2_v4] [INFO] 2号位打出['Single', 'J', ['SJ']]， 最大动作为2号位打出的['Single', 'J', ['SJ']]
[20:33:18] [yf2_v4] [INFO] 3号位打出['Single', 'R', ['HR']]， 最大动作为3号位打出的['Single', 'R', ['HR']]
[20:33:18] [yf2_v4] [INFO] 0号位打出['PASS', 'PASS', 'PASS']， 最大动作为3号位打出的['Single', 'R', ['HR']]
[20:33:18] [yf2_v4] [INFO] 1号位打出['PASS', 'PASS', 'PASS']， 最大动作为3号位打出的['Single', 'R', ['HR']]
[20:33:18] [YFAdapter-P2] [INFO] [YF-P2] Decision context: myPos=2, curPos=1, greaterPos=3, teammate=0, curAction=[, actionList_size=1
[20:33:18] [YFAdapter-P2] [INFO] [YF-P2] Decided: action_index=0, action=['PASS', 'PASS', 'PASS']
[20:33:18] [HybridV4-P2] [INFO] ✓ Decision complete: action=0 (score=95.0, layer=YF), candidates=1, time=0.006s
[20:33:18] [yf2_v4] [INFO] 2号位打出['PASS', 'PASS', 'PASS']， 最大动作为3号位打出的['Single', 'R', ['HR']]
[20:33:18] [yf2_v4] [INFO] 3号位打出['Single', '3', ['S3']]， 最大动作为3号位打出的['Single', '3', ['S3']]
[20:33:18] [yf2_v4] [INFO] 0号位打出['Single', 'K', ['DK']]， 最大动作为0号位打出的['Single', 'K', ['DK']]
[20:33:18] [yf2_v4] [INFO] 1号位打出['Single', 'A', ['SA']]， 最大动作为1号位打出的['Single', 'A', ['SA']]
[20:33:18] [YFAdapter-P2] [INFO] [YF-P2] Decision context: myPos=2, curPos=1, greaterPos=1, teammate=0, curAction=[, actionList_size=1
[20:33:18] [YFAdapter-P2] [INFO] [YF-P2] Decided: action_index=0, action=['PASS', 'PASS', 'PASS']
[20:33:18] [HybridV4-P2] [INFO] ✓ Decision complete: action=0 (score=95.0, layer=YF), candidates=1, time=0.008s
[20:33:18] [yf2_v4] [INFO] 2号位打出['PASS', 'PASS', 'PASS']， 最大动作为1号位打出的['Single', 'A', ['SA']]
[20:33:18] [yf2_v4] [INFO] 3号位打出['PASS', 'PASS', 'PASS']， 最大动作为1号位打出的['Single', 'A', ['SA']]
[20:33:18] [yf2_v4] [INFO] 0号位打出['PASS', 'PASS', 'PASS']， 最大动作为1号位打出的['Single', 'A', ['SA']]
[20:33:18] [yf2_v4] [INFO] 1号位打出['ThreeWithTwo', 'Q', ['SQ', 'HQ', 'DQ', 'D3', 'D3']]， 最大动作为1号位打出的['ThreeWithTwo', 'Q', ['SQ', 'HQ', 'DQ', 'D3', 'D3']]
[20:33:18] [YFAdapter-P2] [INFO] [YF-P2] Decision context: myPos=2, curPos=1, greaterPos=1, teammate=0, curAction=[, actionList_size=1
[20:33:18] [YFAdapter-P2] [INFO] [YF-P2] Decided: action_index=0, action=['PASS', 'PASS', 'PASS']
[20:33:18] [HybridV4-P2] [INFO] ✓ Decision complete: action=0 (score=95.0, layer=YF), candidates=1, time=0.004s
[20:33:18] [yf2_v4] [INFO] 2号位打出['PASS', 'PASS', 'PASS']， 最大动作为1号位打出的['ThreeWithTwo', 'Q', ['SQ', 'HQ', 'DQ', 'D3', 'D3']]
[20:33:18] [yf2_v4] [INFO] 3号位打出['PASS', 'PASS', 'PASS']， 最大动作为1号位打出的['ThreeWithTwo', 'Q', ['SQ', 'HQ', 'DQ', 'D3', 'D3']]
[20:33:18] [yf2_v4] [INFO] 0号位打出['PASS', 'PASS', 'PASS']， 最大动作为1号位打出的['ThreeWithTwo', 'Q', ['SQ', 'HQ', 'DQ', 'D3', 'D3']]
[20:33:18] [yf2_v4] [INFO] 1号位打出['ThreeWithTwo', 'K', ['SK', 'HK', 'CK', 'S5', 'H5']]， 最大动作为1号位打出的['ThreeWithTwo', 'K', ['SK', 'HK', 'CK', 'S5', 'H5']]
[20:33:18] [YFAdapter-P2] [INFO] [YF-P2] Decision context: myPos=2, curPos=1, greaterPos=1, teammate=0, curAction=[, actionList_size=1
[20:33:18] [YFAdapter-P2] [INFO] [YF-P2] Decided: action_index=0, action=['PASS', 'PASS', 'PASS']
[20:33:18] [HybridV4-P2] [INFO] ✓ Decision complete: action=0 (score=125.0, layer=YF), candidates=1, time=0.008s
[20:33:18] [yf2_v4] [INFO] 2号位打出['PASS', 'PASS', 'PASS']， 最大动作为1号位打出的['ThreeWithTwo', 'K', ['SK', 'HK', 'CK', 'S5', 'H5']]
[20:33:18] [yf2_v4] [INFO] 3号位打出['PASS', 'PASS', 'PASS']， 最大动作为1号位打出的['ThreeWithTwo', 'K', ['SK', 'HK', 'CK', 'S5', 'H5']]
[20:33:18] [yf2_v4] [INFO] 0号位打出['PASS', 'PASS', 'PASS']， 最大动作为1号位打出的['ThreeWithTwo', 'K', ['SK', 'HK', 'CK', 'S5', 'H5']]
[20:33:18] [yf2_v4] [INFO] 1号位打出['Bomb', '4', ['S4', 'H4', 'D4', 'D4']]， 最大动作为1号位打出的['Bomb', '4', ['S4', 'H4', 'D4', 'D4']]
[20:33:18] [YFAdapter-P2] [INFO] [YF-P2] Decision context: myPos=2, curPos=1, greaterPos=1, teammate=0, curAction=[, actionList_size=1
[20:33:18] [YFAdapter-P2] [INFO] [YF-P2] Decided: action_index=0, action=['PASS', 'PASS', 'PASS']
[20:33:18] [HybridV4-P2] [INFO] ✓ Decision complete: action=0 (score=-5.0, layer=YF), candidates=1, time=0.002s
[20:33:18] [yf2_v4] [INFO] 2号位打出['PASS', 'PASS', 'PASS']， 最大动作为1号位打出的['Bomb', '4', ['S4', 'H4', 'D4', 'D4']]
[20:33:18] [yf2_v4] [INFO] 3号位打出['PASS', 'PASS', 'PASS']， 最大动作为1号位打出的['Bomb', '4', ['S4', 'H4', 'D4', 'D4']]
[20:33:18] [yf2_v4] [INFO] 3号位打出['Single', '3', ['H3']]， 最大动作为3号位打出的['Single', '3', ['H3']]
[20:33:18] [yf2_v4] [INFO] 0号位打出['Single', '5', ['H5']]， 最大动作为0号位打出的['Single', '5', ['H5']]
[20:33:18] [YFAdapter-P2] [INFO] [YF-P2] Decision context: myPos=2, curPos=0, greaterPos=0, teammate=0, curAction=[, actionList_size=7
[20:33:18] [YFAdapter-P2] [INFO] [YF-P2] Decided: action_index=0, action=['PASS', 'PASS', 'PASS']
[20:33:18] [YFAdapter-P2] [WARNING] [YF-P2] 检测到过于保守: 对手快走完(剩0张), 触发Layer 2/3进行更积极的决策
[20:33:18] [HybridV4-P2] [INFO] ✓ Decision complete: action=1 (score=100.6, layer=DecisionEngine), candidates=5, time=0.006s
[20:33:18] [yf2_v4] [INFO] 2号位打出['Single', '6', ['S6']]， 最大动作为2号位打出的['Single', '6', ['S6']]
[20:33:18] [yf2_v4] [INFO] 3号位打出['Single', 'K', ['SK']]， 最大动作为3号位打出的['Single', 'K', ['SK']]
[20:33:18] [yf2_v4] [INFO] 0号位打出['PASS', 'PASS', 'PASS']， 最大动作为3号位打出的['Single', 'K', ['SK']]
[20:33:18] [YFAdapter-P2] [INFO] [YF-P2] Decision context: myPos=2, curPos=0, greaterPos=3, teammate=0, curAction=[, actionList_size=1
[20:33:18] [YFAdapter-P2] [INFO] [YF-P2] Decided: action_index=0, action=['PASS', 'PASS', 'PASS']
[20:33:18] [HybridV4-P2] [INFO] ✓ Decision complete: action=0 (score=-5.0, layer=YF), candidates=1, time=0.002s
[20:33:18] [yf2_v4] [INFO] 2号位打出['PASS', 'PASS', 'PASS']， 最大动作为3号位打出的['Single', 'K', ['SK']]
[20:33:18] [yf2_v4] [INFO] 3号位打出['Single', '3', ['H3']]， 最大动作为3号位打出的['Single', '3', ['H3']]
[20:33:18] [yf2_v4] [INFO] 0号位打出['Single', '5', ['C5']]， 最大动作为0号位打出的['Single', '5', ['C5']]
[20:33:18] [YFAdapter-P2] [INFO] [YF-P2] Decision context: myPos=2, curPos=0, greaterPos=0, teammate=0, curAction=[, actionList_size=6
[20:33:18] [YFAdapter-P2] [INFO] [YF-P2] Decided: action_index=0, action=['PASS', 'PASS', 'PASS']
[20:33:18] [YFAdapter-P2] [WARNING] [YF-P2] 检测到过于保守: 对手快走完(剩0张), 触发Layer 2/3进行更积极的决策
[20:33:18] [HybridV4-P2] [INFO] ✓ Decision complete: action=1 (score=100.6, layer=DecisionEngine), candidates=5, time=0.006s
[20:33:18] [yf2_v4] [INFO] 2号位打出['Single', '6', ['D6']]， 最大动作为2号位打出的['Single', '6', ['D6']]
[20:33:18] [yf2_v4] [INFO] 3号位打出['PASS', 'PASS', 'PASS']， 最大动作为2号位打出的['Single', '6', ['D6']]
[20:33:18] [yf2_v4] [INFO] 0号位打出['Single', '7', ['C7']]， 最大动作为0号位打出的['Single', '7', ['C7']]
[20:33:18] [YFAdapter-P2] [INFO] [YF-P2] Decision context: myPos=2, curPos=0, greaterPos=0, teammate=0, curAction=[, actionList_size=4
[20:33:18] [YFAdapter-P2] [INFO] [YF-P2] Decided: action_index=0, action=['PASS', 'PASS', 'PASS']
[20:33:18] [YFAdapter-P2] [WARNING] [YF-P2] 检测到过于保守: 对手快走完(剩0张), 触发Layer 2/3进行更积极的决策
[20:33:18] [HybridV4-P2] [INFO] ✓ Decision complete: action=1 (score=100.6, layer=DecisionEngine), candidates=4, time=0.006s
[20:33:18] [yf2_v4] [INFO] 2号位打出['Single', '9', ['H9']]， 最大动作为2号位打出的['Single', '9', ['H9']]
[20:33:18] [yf2_v4] [INFO] 3号位打出['Bomb', '9', ['S9', 'H9', 'C9', 'D9']]， 最大动作为3号位打出的['Bomb', '9', ['S9', 'H9', 'C9', 'D9']]
[20:33:18] [yf2_v4] [INFO] 0号位打出['PASS', 'PASS', 'PASS']， 最大动作为3号位打出的['Bomb', '9', ['S9', 'H9', 'C9', 'D9']]
[20:33:18] [YFAdapter-P2] [INFO] [YF-P2] Decision context: myPos=2, curPos=0, greaterPos=3, teammate=0, curAction=[, actionList_size=1
[20:33:18] [YFAdapter-P2] [INFO] [YF-P2] Decided: action_index=0, action=['PASS', 'PASS', 'PASS']
[20:33:18] [HybridV4-P2] [INFO] ✓ Decision complete: action=0 (score=-5.0, layer=YF), candidates=1, time=0.003s
[20:33:18] [yf2_v4] [INFO] 2号位打出['PASS', 'PASS', 'PASS']， 最大动作为3号位打出的['Bomb', '9', ['S9', 'H9', 'C9', 'D9']]
[20:33:18] [yf2_v4] [INFO] 3号位打出['Single', '3', ['C3']]， 最大动作为3号位打出的['Single', '3', ['C3']]
[20:33:18] [yf2_v4] [INFO] 0号位打出['Single', '5', ['D5']]， 最大动作为0号位打出的['Single', '5', ['D5']]
[20:33:18] [YFAdapter-P2] [INFO] [YF-P2] Decision context: myPos=2, curPos=0, greaterPos=0, teammate=0, curAction=[, actionList_size=5
[20:33:18] [YFAdapter-P2] [INFO] [YF-P2] Decided: action_index=0, action=['PASS', 'PASS', 'PASS']
[20:33:18] [YFAdapter-P2] [WARNING] [YF-P2] 检测到过于保守: 对手快走完(剩0张), 触发Layer 2/3进行更积极的决策
[20:33:18] [HybridV4-P2] [INFO] ✓ Decision complete: action=1 (score=100.6, layer=DecisionEngine), candidates=5, time=0.017s
[20:33:18] [yf2_v4] [INFO] 2号位打出['Single', '6', ['D6']]， 最大动作为2号位打出的['Single', '6', ['D6']]
[20:33:18] [yf2_v4] [INFO] 3号位打出['Single', 'A', ['CA']]， 最大动作为3号位打出的['Single', 'A', ['CA']]
[20:33:18] [yf2_v4] [INFO] 0号位打出['PASS', 'PASS', 'PASS']， 最大动作为3号位打出的['Single', 'A', ['CA']]
[20:33:18] [YFAdapter-P2] [INFO] [YF-P2] Decision context: myPos=2, curPos=0, greaterPos=3, teammate=0, curAction=[, actionList_size=1
[20:33:18] [YFAdapter-P2] [INFO] [YF-P2] Decided: action_index=0, action=['PASS', 'PASS', 'PASS']
[20:33:18] [HybridV4-P2] [INFO] ✓ Decision complete: action=0 (score=-5.0, layer=YF), candidates=1, time=0.002s
[20:33:18] [yf2_v4] [INFO] 2号位打出['PASS', 'PASS', 'PASS']， 最大动作为3号位打出的['Single', 'A', ['CA']]
[20:33:18] [yf2_v4] [INFO] 3号位打出['Single', '6', ['H6']]， 最大动作为3号位打出的['Single', '6', ['H6']]
[20:33:19] [yf2_v4] [INFO] 0号位打出['Single', '9', ['S9']]， 最大动作为0号位打出的['Single', '9', ['S9']]
[20:33:19] [YFAdapter-P2] [INFO] [YF-P2] Decision context: myPos=2, curPos=0, greaterPos=0, teammate=0, curAction=[, actionList_size=2
[20:33:19] [YFAdapter-P2] [INFO] [YF-P2] Decided: action_index=0, action=['PASS', 'PASS', 'PASS']
[20:33:19] [YFAdapter-P2] [WARNING] [YF-P2] 检测到过于保守: 对手快走完(剩0张), 触发Layer 2/3进行更积极的决策
[20:33:19] [HybridV4-P2] [INFO] ✓ Decision complete: action=1 (score=100.6, layer=DecisionEngine), candidates=2, time=0.008s
[20:33:19] [yf2_v4] [INFO] 2号位打出['Single', 'T', ['HT']]， 最大动作为2号位打出的['Single', 'T', ['HT']]
[20:33:19] [yf2_v4] [INFO] 3号位打出['Single', 'A', ['DA']]， 最大动作为3号位打出的['Single', 'A', ['DA']]
[20:33:19] [yf2_v4] [INFO] 0号位打出['PASS', 'PASS', 'PASS']， 最大动作为3号位打出的['Single', 'A', ['DA']]
[20:33:19] [YFAdapter-P2] [INFO] [YF-P2] Decision context: myPos=2, curPos=0, greaterPos=3, teammate=0, curAction=[, actionList_size=1
[20:33:19] [YFAdapter-P2] [INFO] [YF-P2] Decided: action_index=0, action=['PASS', 'PASS', 'PASS']
[20:33:19] [HybridV4-P2] [INFO] ✓ Decision complete: action=0 (score=-5.0, layer=YF), candidates=1, time=0.003s
[20:33:19] [yf2_v4] [INFO] 2号位打出['PASS', 'PASS', 'PASS']， 最大动作为3号位打出的['Single', 'A', ['DA']]
[20:33:19] [yf2_v4] [INFO] 3号位打出['ThreeWithTwo', '7', ['S7', 'S7', 'D7', 'H6', 'C6']]， 最大动作为3号位打出的['ThreeWithTwo', '7', ['S7', 'S7', 'D7', 'H6', 'C6']]
[20:33:19] [yf2_v4] [INFO] 游戏开始, 我是2号位，手牌：['H3', 'D3', 'D3', 'S4', 'S4', 'D4', 'S5', 'H5', 'S6', 'S7', 'H7', 'H8', 'H8', 'D8', 'H9', 'C9', 'HT', 'DT', 'SJ', 'DJ', 'SQ', 'SQ', 'DQ', 'SA', 'HA', 'CA', 'DA']
[20:33:19] [yf2_v4] [INFO] 1号位打出['Single', '3', ['H3']]， 最大动作为1号位打出的['Single', '3', ['H3']]
[20:33:19] [YFAdapter-P2] [INFO] [YF-P2] Decision context: myPos=2, curPos=1, greaterPos=1, teammate=0, curAction=[, actionList_size=30
[20:33:19] [YFAdapter-P2] [INFO] [YF-P2] Decided: action_index=0, action=['PASS', 'PASS', 'PASS']
[20:33:19] [HybridV4-P2] [INFO] ✓ Decision complete: action=18 (score=142.5, layer=YF), candidates=8, time=0.007s
[20:33:19] [yf2_v4] [INFO] 2号位打出['Single', 'A', ['SA']]， 最大动作为2号位打出的['Single', 'A', ['SA']]
[20:33:19] [yf2_v4] [INFO] 3号位打出['PASS', 'PASS', 'PASS']， 最大动作为2号位打出的['Single', 'A', ['SA']]
[20:33:19] [yf2_v4] [INFO] 0号位打出['Single', 'B', ['SB']]， 最大动作为0号位打出的['Single', 'B', ['SB']]
[20:33:19] [yf2_v4] [INFO] 1号位打出['PASS', 'PASS', 'PASS']， 最大动作为0号位打出的['Single', 'B', ['SB']]
[20:33:19] [YFAdapter-P2] [INFO] [YF-P2] Decision context: myPos=2, curPos=1, greaterPos=0, teammate=0, curAction=[, actionList_size=8
[20:33:19] [YFAdapter-P2] [INFO] [YF-P2] Decided: action_index=0, action=['PASS', 'PASS', 'PASS']
[20:33:19] [HybridV4-P2] [INFO] ✓ Decision complete: action=4 (score=109.0, layer=YF), candidates=6, time=0.002s
[20:33:19] [yf2_v4] [INFO] 2号位打出['Bomb', 'Q', ['SQ', 'SQ', 'DQ', 'HA']]， 最大动作为2号位打出的['Bomb', 'Q', ['SQ', 'SQ', 'DQ', 'HA']]
[20:33:19] [yf2_v4] [INFO] 3号位打出['PASS', 'PASS', 'PASS']， 最大动作为2号位打出的['Bomb', 'Q', ['SQ', 'SQ', 'DQ', 'HA']]
[20:33:19] [yf2_v4] [INFO] 0号位打出['Bomb', 'K', ['SK', 'HK', 'CK', 'DK']]， 最大动作为0号位打出的['Bomb', 'K', ['SK', 'HK', 'CK', 'DK']]
[20:33:19] [yf2_v4] [INFO] 1号位打出['PASS', 'PASS', 'PASS']， 最大动作为0号位打出的['Bomb', 'K', ['SK', 'HK', 'CK', 'DK']]
[20:33:19] [YFAdapter-P2] [INFO] [YF-P2] Decision context: myPos=2, curPos=1, greaterPos=0, teammate=0, curAction=[, actionList_size=1
[20:33:19] [YFAdapter-P2] [INFO] [YF-P2] Decided: action_index=0, action=['PASS', 'PASS', 'PASS']
[20:33:19] [HybridV4-P2] [INFO] ✓ Decision complete: action=0 (score=95.0, layer=YF), candidates=1, time=0.004s
[20:33:19] [yf2_v4] [INFO] 2号位打出['PASS', 'PASS', 'PASS']， 最大动作为0号位打出的['Bomb', 'K', ['SK', 'HK', 'CK', 'DK']]
[20:33:19] [yf2_v4] [INFO] 3号位打出['PASS', 'PASS', 'PASS']， 最大动作为0号位打出的['Bomb', 'K', ['SK', 'HK', 'CK', 'DK']]
[20:33:19] [yf2_v4] [INFO] 0号位打出['Single', '2', ['H2']]， 最大动作为0号位打出的['Single', '2', ['H2']]
[20:33:19] [yf2_v4] [INFO] 1号位打出['Single', '5', ['D5']]， 最大动作为1号位打出的['Single', '5', ['D5']]
[20:33:19] [YFAdapter-P2] [INFO] [YF-P2] Decision context: myPos=2, curPos=1, greaterPos=1, teammate=0, curAction=[, actionList_size=14
[20:33:19] [YFAdapter-P2] [INFO] [YF-P2] Decided: action_index=0, action=['PASS', 'PASS', 'PASS']
[20:33:19] [HybridV4-P2] [INFO] ✓ Decision complete: action=12 (score=142.5, layer=YF), candidates=8, time=0.010s
[20:33:19] [yf2_v4] [INFO] 2号位打出['Single', 'A', ['CA']]， 最大动作为2号位打出的['Single', 'A', ['CA']]
[20:33:19] [yf2_v4] [INFO] 3号位打出['PASS', 'PASS', 'PASS']， 最大动作为2号位打出的['Single', 'A', ['CA']]
[20:33:19] [yf2_v4] [INFO] 0号位打出['Single', 'B', ['SB']]， 最大动作为0号位打出的['Single', 'B', ['SB']]
[20:33:19] [yf2_v4] [INFO] 1号位打出['PASS', 'PASS', 'PASS']， 最大动作为0号位打出的['Single', 'B', ['SB']]
[20:33:19] [YFAdapter-P2] [INFO] [YF-P2] Decision context: myPos=2, curPos=1, greaterPos=0, teammate=0, curAction=[, actionList_size=1
[20:33:19] [YFAdapter-P2] [INFO] [YF-P2] Decided: action_index=0, action=['PASS', 'PASS', 'PASS']
[20:33:19] [HybridV4-P2] [INFO] ✓ Decision complete: action=0 (score=95.0, layer=YF), candidates=1, time=0.007s
[20:33:19] [yf2_v4] [INFO] 2号位打出['PASS', 'PASS', 'PASS']， 最大动作为0号位打出的['Single', 'B', ['SB']]
[20:33:19] [yf2_v4] [INFO] 3号位打出['PASS', 'PASS', 'PASS']， 最大动作为0号位打出的['Single', 'B', ['SB']]
[20:33:19] [yf2_v4] [INFO] 0号位打出['ThreePair', '5', ['S5', 'D5', 'S6', 'H6', 'C7', 'C7']]， 最大动作为0号位打出的['ThreePair', '5', ['S5', 'D5', 'S6', 'H6', 'C7', 'C7']]
[20:33:19] [yf2_v4] [INFO] 1号位打出['ThreePair', '6', ['C6', 'D6', 'S7', 'H7', 'S8', 'C8']]， 最大动作为1号位打出的['ThreePair', '6', ['C6', 'D6', 'S7', 'H7', 'S8', 'C8']]
[20:33:19] [YFAdapter-P2] [INFO] [YF-P2] Decision context: myPos=2, curPos=1, greaterPos=1, teammate=0, curAction=[, actionList_size=6
[20:33:19] [YFAdapter-P2] [INFO] [YF-P2] Decided: action_index=0, action=['PASS', 'PASS', 'PASS']
[20:33:19] [HybridV4-P2] [INFO] ✓ Decision complete: action=1 (score=135.5, layer=YF), candidates=6, time=0.016s
[20:33:19] [yf2_v4] [INFO] 2号位打出['ThreePair', '7', ['S7', 'H7', 'H8', 'D8', 'H9', 'C9']]， 最大动作为2号位打出的['ThreePair', '7', ['S7', 'H7', 'H8', 'D8', 'H9', 'C9']]
[20:33:19] [yf2_v4] [INFO] 3号位打出['PASS', 'PASS', 'PASS']， 最大动作为2号位打出的['ThreePair', '7', ['S7', 'H7', 'H8', 'D8', 'H9', 'C9']]
[20:33:19] [yf2_v4] [INFO] 0号位打出['PASS', 'PASS', 'PASS']， 最大动作为2号位打出的['ThreePair', '7', ['S7', 'H7', 'H8', 'D8', 'H9', 'C9']]
[20:33:19] [yf2_v4] [INFO] 1号位打出['PASS', 'PASS', 'PASS']， 最大动作为2号位打出的['ThreePair', '7', ['S7', 'H7', 'H8', 'D8', 'H9', 'C9']]
[20:33:19] [YFAdapter-P2] [INFO] [YF-P2] Decision context: myPos=2, curPos=-1, greaterPos=-1, teammate=0, curAction=[, actionList_size=36
[20:33:19] [YFAdapter-P2] [INFO] [YF-P2] Decided: action_index=6, action=['Single', '6', [['S', '6']]]
[20:33:19] [HybridV4-P2] [INFO] ✓ Decision complete: action=6 (score=110.0, layer=YF), candidates=8, time=0.013s
[20:33:19] [yf2_v4] [INFO] 2号位打出['Single', '6', ['S6']]， 最大动作为2号位打出的['Single', '6', ['S6']]
[20:33:19] [yf2_v4] [INFO] 3号位打出['Single', 'K', ['HK']]， 最大动作为3号位打出的['Single', 'K', ['HK']]
[20:33:19] [yf2_v4] [INFO] 0号位打出['Single', 'R', ['HR']]， 最大动作为0号位打出的['Single', 'R', ['HR']]
[20:33:19] [yf2_v4] [INFO] 1号位打出['Bomb', '9', ['S9', 'H9', 'D9', 'D9']]， 最大动作为1号位打出的['Bomb', '9', ['S9', 'H9', 'D9', 'D9']]
[20:33:19] [YFAdapter-P2] [INFO] [YF-P2] Decision context: myPos=2, curPos=1, greaterPos=1, teammate=0, curAction=[, actionList_size=1
[20:33:19] [YFAdapter-P2] [INFO] [YF-P2] Decided: action_index=0, action=['PASS', 'PASS', 'PASS']
[20:33:19] [HybridV4-P2] [INFO] ✓ Decision complete: action=0 (score=95.0, layer=YF), candidates=1, time=0.005s
[20:33:19] [yf2_v4] [INFO] 2号位打出['PASS', 'PASS', 'PASS']， 最大动作为1号位打出的['Bomb', '9', ['S9', 'H9', 'D9', 'D9']]
[20:33:19] [yf2_v4] [INFO] 3号位打出['PASS', 'PASS', 'PASS']， 最大动作为1号位打出的['Bomb', '9', ['S9', 'H9', 'D9', 'D9']]
[20:33:19] [yf2_v4] [INFO] 0号位打出['PASS', 'PASS', 'PASS']， 最大动作为1号位打出的['Bomb', '9', ['S9', 'H9', 'D9', 'D9']]
[20:33:19] [yf2_v4] [INFO] 1号位打出['Single', '8', ['C8']]， 最大动作为1号位打出的['Single', '8', ['C8']]
[20:33:19] [YFAdapter-P2] [INFO] [YF-P2] Decision context: myPos=2, curPos=1, greaterPos=1, teammate=0, curAction=[, actionList_size=6
[20:33:19] [YFAdapter-P2] [INFO] [YF-P2] Decided: action_index=0, action=['PASS', 'PASS', 'PASS']
[20:33:19] [HybridV4-P2] [INFO] ✓ Decision complete: action=5 (score=162.5, layer=YF), candidates=6, time=0.005s
[20:33:19] [yf2_v4] [INFO] 2号位打出['Single', 'A', ['DA']]， 最大动作为2号位打出的['Single', 'A', ['DA']]
[20:33:19] [yf2_v4] [INFO] 3号位打出['PASS', 'PASS', 'PASS']， 最大动作为2号位打出的['Single', 'A', ['DA']]
[20:33:19] [yf2_v4] [INFO] 0号位打出['Single', 'R', ['HR']]， 最大动作为0号位打出的['Single', 'R', ['HR']]
[20:33:19] [yf2_v4] [INFO] 1号位打出['PASS', 'PASS', 'PASS']， 最大动作为0号位打出的['Single', 'R', ['HR']]
[20:33:19] [YFAdapter-P2] [INFO] [YF-P2] Decision context: myPos=2, curPos=1, greaterPos=0, teammate=0, curAction=[, actionList_size=1
[20:33:19] [YFAdapter-P2] [INFO] [YF-P2] Decided: action_index=0, action=['PASS', 'PASS', 'PASS']
[20:33:19] [HybridV4-P2] [INFO] ✓ Decision complete: action=0 (score=95.0, layer=YF), candidates=1, time=0.004s
[20:33:19] [yf2_v4] [INFO] 2号位打出['PASS', 'PASS', 'PASS']， 最大动作为0号位打出的['Single', 'R', ['HR']]
[20:33:19] [yf2_v4] [INFO] 3号位打出['PASS', 'PASS', 'PASS']， 最大动作为0号位打出的['Single', 'R', ['HR']]
[20:33:19] [yf2_v4] [INFO] 0号位打出['Pair', '9', ['S9', 'C9']]， 最大动作为0号位打出的['Pair', '9', ['S9', 'C9']]
[20:33:19] [yf2_v4] [INFO] 1号位打出['Pair', 'K', ['SK', 'DK']]， 最大动作为1号位打出的['Pair', 'K', ['SK', 'DK']]
[20:33:19] [YFAdapter-P2] [INFO] [YF-P2] Decision context: myPos=2, curPos=1, greaterPos=1, teammate=0, curAction=[, actionList_size=1
[20:33:19] [YFAdapter-P2] [INFO] [YF-P2] Decided: action_index=0, action=['PASS', 'PASS', 'PASS']
[20:33:19] [HybridV4-P2] [INFO] ✓ Decision complete: action=0 (score=95.0, layer=YF), candidates=1, time=0.002s
[20:33:19] [yf2_v4] [INFO] 2号位打出['PASS', 'PASS', 'PASS']， 最大动作为1号位打出的['Pair', 'K', ['SK', 'DK']]
[20:33:19] [yf2_v4] [INFO] 3号位打出['PASS', 'PASS', 'PASS']， 最大动作为1号位打出的['Pair', 'K', ['SK', 'DK']]
[20:33:19] [yf2_v4] [INFO] 0号位打出['PASS', 'PASS', 'PASS']， 最大动作为1号位打出的['Pair', 'K', ['SK', 'DK']]
[20:33:19] [yf2_v4] [INFO] 1号位打出['ThreeWithTwo', '2', ['S2', 'S2', 'D2', 'H4', 'C4']]， 最大动作为1号位打出的['ThreeWithTwo', '2', ['S2', 'S2', 'D2', 'H4', 'C4']]
[20:33:19] [YFAdapter-P2] [INFO] [YF-P2] Decision context: myPos=2, curPos=1, greaterPos=1, teammate=0, curAction=[, actionList_size=11
[20:33:19] [YFAdapter-P2] [INFO] [YF-P2] Decided: action_index=0, action=['PASS', 'PASS', 'PASS']
[20:33:19] [HybridV4-P2] [INFO] ✓ Decision complete: action=1 (score=179.0, layer=YF), candidates=6, time=0.012s
[20:33:19] [yf2_v4] [INFO] 2号位打出['ThreeWithTwo', '3', ['H3', 'D3', 'D3', 'S4', 'D4']]， 最大动作为2号位打出的['ThreeWithTwo', '3', ['H3', 'D3', 'D3', 'S4', 'D4']]
[20:33:19] [yf2_v4] [INFO] 3号位打出['ThreeWithTwo', '4', ['H4', 'C4', 'HA', 'H2', 'D2']]， 最大动作为3号位打出的['ThreeWithTwo', '4', ['H4', 'C4', 'HA', 'H2', 'D2']]
[20:33:19] [yf2_v4] [INFO] 0号位打出['PASS', 'PASS', 'PASS']， 最大动作为3号位打出的['ThreeWithTwo', '4', ['H4', 'C4', 'HA', 'H2', 'D2']]
[20:33:19] [yf2_v4] [INFO] 1号位打出['PASS', 'PASS', 'PASS']， 最大动作为3号位打出的['ThreeWithTwo', '4', ['H4', 'C4', 'HA', 'H2', 'D2']]
[20:33:19] [YFAdapter-P2] [INFO] [YF-P2] Decision context: myPos=2, curPos=1, greaterPos=3, teammate=0, curAction=[, actionList_size=1
[20:33:19] [YFAdapter-P2] [INFO] [YF-P2] Decided: action_index=0, action=['PASS', 'PASS', 'PASS']
[20:33:19] [HybridV4-P2] [INFO] ✓ Decision complete: action=0 (score=75.0, layer=YF), candidates=1, time=0.004s
[20:33:19] [yf2_v4] [INFO] 2号位打出['PASS', 'PASS', 'PASS']， 最大动作为3号位打出的['ThreeWithTwo', '4', ['H4', 'C4', 'HA', 'H2', 'D2']]
[20:33:19] [yf2_v4] [INFO] 3号位打出['Single', '3', ['C3']]， 最大动作为3号位打出的['Single', '3', ['C3']]
[20:33:19] [yf2_v4] [INFO] 0号位打出['Single', 'J', ['SJ']]， 最大动作为0号位打出的['Single', 'J', ['SJ']]
[20:33:19] [yf2_v4] [INFO] 1号位打出['Single', 'Q', ['HQ']]， 最大动作为1号位打出的['Single', 'Q', ['HQ']]
[20:33:19] [YFAdapter-P2] [INFO] [YF-P2] Decision context: myPos=2, curPos=1, greaterPos=1, teammate=0, curAction=[, actionList_size=1
[20:33:19] [YFAdapter-P2] [INFO] [YF-P2] Decided: action_index=0, action=['PASS', 'PASS', 'PASS']
[20:33:19] [HybridV4-P2] [INFO] ✓ Decision complete: action=0 (score=75.0, layer=YF), candidates=1, time=0.015s
[20:33:19] [yf2_v4] [INFO] 2号位打出['PASS', 'PASS', 'PASS']， 最大动作为1号位打出的['Single', 'Q', ['HQ']]
[20:33:19] [yf2_v4] [INFO] 3号位打出['Single', 'A', ['DA']]， 最大动作为3号位打出的['Single', 'A', ['DA']]
[20:33:19] [yf2_v4] [INFO] 0号位打出['PASS', 'PASS', 'PASS']， 最大动作为3号位打出的['Single', 'A', ['DA']]
[20:33:19] [yf2_v4] [INFO] 1号位打出['PASS', 'PASS', 'PASS']， 最大动作为3号位打出的['Single', 'A', ['DA']]
[20:33:19] [YFAdapter-P2] [INFO] [YF-P2] Decision context: myPos=2, curPos=1, greaterPos=3, teammate=0, curAction=[, actionList_size=1
[20:33:19] [YFAdapter-P2] [INFO] [YF-P2] Decided: action_index=0, action=['PASS', 'PASS', 'PASS']
[20:33:19] [HybridV4-P2] [INFO] ✓ Decision complete: action=0 (score=75.0, layer=YF), candidates=1, time=0.022s
[20:33:19] [yf2_v4] [INFO] 2号位打出['PASS', 'PASS', 'PASS']， 最大动作为3号位打出的['Single', 'A', ['DA']]
[20:33:19] [yf2_v4] [INFO] 3号位打出['Single', '4', ['D4']]， 最大动作为3号位打出的['Single', '4', ['D4']]
[20:33:19] [yf2_v4] [INFO] 0号位打出['Single', 'J', ['HJ']]， 最大动作为0号位打出的['Single', 'J', ['HJ']]
[20:33:19] [yf2_v4] [INFO] 1号位打出['Single', 'A', ['SA']]， 最大动作为1号位打出的['Single', 'A', ['SA']]
[20:33:19] [YFAdapter-P2] [INFO] [YF-P2] Decision context: myPos=2, curPos=1, greaterPos=1, teammate=0, curAction=[, actionList_size=1
[20:33:19] [YFAdapter-P2] [INFO] [YF-P2] Decided: action_index=0, action=['PASS', 'PASS', 'PASS']
[20:33:19] [HybridV4-P2] [INFO] ✓ Decision complete: action=0 (score=55.0, layer=YF), candidates=1, time=0.003s
[20:33:19] [yf2_v4] [INFO] 2号位打出['PASS', 'PASS', 'PASS']， 最大动作为1号位打出的['Single', 'A', ['SA']]
[20:33:19] [yf2_v4] [INFO] 3号位打出['PASS', 'PASS', 'PASS']， 最大动作为1号位打出的['Single', 'A', ['SA']]
[20:33:19] [yf2_v4] [INFO] 0号位打出['PASS', 'PASS', 'PASS']， 最大动作为1号位打出的['Single', 'A', ['SA']]
[20:33:19] [yf2_v4] [INFO] 1号位打出['Trips', 'T', ['ST', 'ST', 'CT']]， 最大动作为1号位打出的['Trips', 'T', ['ST', 'ST', 'CT']]
[20:33:19] [YFAdapter-P2] [INFO] [YF-P2] Decision context: myPos=2, curPos=1, greaterPos=1, teammate=0, curAction=[, actionList_size=1
[20:33:19] [YFAdapter-P2] [INFO] [YF-P2] Decided: action_index=0, action=['PASS', 'PASS', 'PASS']
[20:33:19] [HybridV4-P2] [INFO] ✓ Decision complete: action=0 (score=-5.0, layer=YF), candidates=1, time=0.004s
[20:33:19] [yf2_v4] [INFO] 2号位打出['PASS', 'PASS', 'PASS']， 最大动作为1号位打出的['Trips', 'T', ['ST', 'ST', 'CT']]
[20:33:19] [yf2_v4] [INFO] 3号位打出['PASS', 'PASS', 'PASS']， 最大动作为1号位打出的['Trips', 'T', ['ST', 'ST', 'CT']]
[20:33:19] [yf2_v4] [INFO] 0号位打出['PASS', 'PASS', 'PASS']， 最大动作为1号位打出的['Trips', 'T', ['ST', 'ST', 'CT']]
[20:33:19] [yf2_v4] [INFO] 1号位打出['Single', 'J', ['HJ']]， 最大动作为1号位打出的['Single', 'J', ['HJ']]
[20:33:19] [YFAdapter-P2] [INFO] [YF-P2] Decision context: myPos=2, curPos=1, greaterPos=1, teammate=0, curAction=[, actionList_size=1
[20:33:19] [YFAdapter-P2] [INFO] [YF-P2] Decided: action_index=0, action=['PASS', 'PASS', 'PASS']
[20:33:19] [HybridV4-P2] [INFO] ✓ Decision complete: action=0 (score=-5.0, layer=YF), candidates=1, time=0.012s
[20:33:19] [yf2_v4] [INFO] 2号位打出['PASS', 'PASS', 'PASS']， 最大动作为1号位打出的['Single', 'J', ['HJ']]
[20:33:19] [yf2_v4] [INFO] 3号位打出['PASS', 'PASS', 'PASS']， 最大动作为1号位打出的['Single', 'J', ['HJ']]
[20:33:19] [yf2_v4] [INFO] 0号位打出['Single', 'Q', ['HQ']]， 最大动作为0号位打出的['Single', 'Q', ['HQ']]
[20:33:19] [yf2_v4] [INFO] 1号位打出['Single', 'A', ['CA']]， 最大动作为1号位打出的['Single', 'A', ['CA']]
[20:33:19] [YFAdapter-P2] [INFO] [YF-P2] Decision context: myPos=2, curPos=1, greaterPos=1, teammate=0, curAction=[, actionList_size=1
[20:33:19] [YFAdapter-P2] [INFO] [YF-P2] Decided: action_index=0, action=['PASS', 'PASS', 'PASS']
[20:33:19] [HybridV4-P2] [INFO] ✓ Decision complete: action=0 (score=-5.0, layer=YF), candidates=1, time=0.005s
[20:33:19] [yf2_v4] [INFO] 2号位打出['PASS', 'PASS', 'PASS']， 最大动作为1号位打出的['Single', 'A', ['CA']]
[20:33:19] [yf2_v4] [INFO] 3号位打出['PASS', 'PASS', 'PASS']， 最大动作为1号位打出的['Single', 'A', ['CA']]
[20:33:19] [yf2_v4] [INFO] 3号位打出['Single', '5', ['H5']]， 最大动作为3号位打出的['Single', '5', ['H5']]
[20:33:19] [yf2_v4] [INFO] 0号位打出['Single', 'Q', ['DQ']]， 最大动作为0号位打出的['Single', 'Q', ['DQ']]
[20:33:19] [YFAdapter-P2] [INFO] [YF-P2] Decision context: myPos=2, curPos=0, greaterPos=0, teammate=0, curAction=[, actionList_size=1
[20:33:20] [YFAdapter-P2] [INFO] [YF-P2] Decided: action_index=0, action=['PASS', 'PASS', 'PASS']
[20:33:20] [HybridV4-P2] [INFO] ✓ Decision complete: action=0 (score=-5.0, layer=YF), candidates=1, time=0.004s
[20:33:20] [yf2_v4] [INFO] 2号位打出['PASS', 'PASS', 'PASS']， 最大动作为0号位打出的['Single', 'Q', ['DQ']]
[20:33:20] [yf2_v4] [INFO] 3号位打出['PASS', 'PASS', 'PASS']， 最大动作为0号位打出的['Single', 'Q', ['DQ']]
[20:33:20] [yf2_v4] [INFO] 0号位打出['ThreeWithTwo', '3', ['S3', 'S3', 'C3', 'C2', 'C2']]， 最大动作为0号位打出的['ThreeWithTwo', '3', ['S3', 'S3', 'C3', 'C2', 'C2']]
[20:33:20] [YFAdapter-P2] [INFO] [YF-P2] Decision context: myPos=2, curPos=0, greaterPos=0, teammate=0, curAction=[, actionList_size=1
[20:33:20] [YFAdapter-P2] [INFO] [YF-P2] Decided: action_index=0, action=['PASS', 'PASS', 'PASS']
[20:33:20] [HybridV4-P2] [INFO] ✓ Decision complete: action=0 (score=-5.0, layer=YF), candidates=1, time=0.004s
[20:33:20] [yf2_v4] [INFO] 2号位打出['PASS', 'PASS', 'PASS']， 最大动作为0号位打出的['ThreeWithTwo', '3', ['S3', 'S3', 'C3', 'C2', 'C2']]
[20:33:20] [yf2_v4] [INFO] 3号位打出['ThreeWithTwo', 'J', ['CJ', 'CJ', 'DJ', 'C5', 'C5']]， 最大动作为3号位打出的['ThreeWithTwo', 'J', ['CJ', 'CJ', 'DJ', 'C5', 'C5']]
[20:33:20] [yf2_v4] [INFO] 0号位打出['PASS', 'PASS', 'PASS']， 最大动作为3号位打出的['ThreeWithTwo', 'J', ['CJ', 'CJ', 'DJ', 'C5', 'C5']]
[20:33:20] [YFAdapter-P2] [INFO] [YF-P2] Decision context: myPos=2, curPos=0, greaterPos=3, teammate=0, curAction=[, actionList_size=1
[20:33:20] [YFAdapter-P2] [INFO] [YF-P2] Decided: action_index=0, action=['PASS', 'PASS', 'PASS']
[20:33:20] [HybridV4-P2] [INFO] ✓ Decision complete: action=0 (score=-5.0, layer=YF), candidates=1, time=0.004s
[20:33:20] [yf2_v4] [INFO] 2号位打出['PASS', 'PASS', 'PASS']， 最大动作为3号位打出的['ThreeWithTwo', 'J', ['CJ', 'CJ', 'DJ', 'C5', 'C5']]
[20:33:20] [yf2_v4] [INFO] 3号位打出['ThreeWithTwo', '6', ['H6', 'C6', 'D6', 'D7', 'D7']]， 最大动作为3号位打出的['ThreeWithTwo', '6', ['H6', 'C6', 'D6', 'D7', 'D7']]
[20:33:20] [yf2_v4] [INFO] 0号位打出['PASS', 'PASS', 'PASS']， 最大动作为3号位打出的['ThreeWithTwo', '6', ['H6', 'C6', 'D6', 'D7', 'D7']]
[20:33:20] [YFAdapter-P2] [INFO] [YF-P2] Decision context: myPos=2, curPos=0, greaterPos=3, teammate=0, curAction=[, actionList_size=1
[20:33:20] [YFAdapter-P2] [INFO] [YF-P2] Decided: action_index=0, action=['PASS', 'PASS', 'PASS']
[20:33:20] [HybridV4-P2] [INFO] ✓ Decision complete: action=0 (score=-5.0, layer=YF), candidates=1, time=0.004s
[20:33:20] [yf2_v4] [INFO] 2号位打出['PASS', 'PASS', 'PASS']， 最大动作为3号位打出的['ThreeWithTwo', '6', ['H6', 'C6', 'D6', 'D7', 'D7']]
[20:33:20] [yf2_v4] [INFO] 3号位打出['ThreeWithTwo', 'T', ['HT', 'CT', 'DT', 'S8', 'D8']]， 最大动作为3号位打出的['ThreeWithTwo', 'T', ['HT', 'CT', 'DT', 'S8', 'D8']]
[20:33:20] [yf2_v4] [INFO] 0号位打出['PASS', 'PASS', 'PASS']， 最大动作为3号位打出的['ThreeWithTwo', 'T', ['HT', 'CT', 'DT', 'S8', 'D8']]
[20:33:20] [YFAdapter-P2] [INFO] [YF-P2] Decision context: myPos=2, curPos=0, greaterPos=3, teammate=0, curAction=[, actionList_size=1
[20:33:20] [YFAdapter-P2] [INFO] [YF-P2] Decided: action_index=0, action=['PASS', 'PASS', 'PASS']
[20:33:20] [HybridV4-P2] [INFO] ✓ Decision complete: action=0 (score=-5.0, layer=YF), candidates=1, time=0.003s
[20:33:20] [yf2_v4] [INFO] 2号位打出['PASS', 'PASS', 'PASS']， 最大动作为3号位打出的['ThreeWithTwo', 'T', ['HT', 'CT', 'DT', 'S8', 'D8']]
[20:33:20] [yf2_v4] [INFO] 3号位打出['Pair', 'Q', ['CQ', 'CQ']]， 最大动作为3号位打出的['Pair', 'Q', ['CQ', 'CQ']]
[20:33:20] [yf2_v4] [INFO] 游戏开始, 我是2号位，手牌：['C3', 'H5', 'S6', 'C6', 'D6', 'S7', 'H7', 'S8', 'D8', 'S9', 'D9', 'SJ', 'DJ', 'HQ', 'CQ', 'SK', 'SK', 'SA', 'HA', 'CA', 'S2', 'S2', 'H2', 'C2', 'C2', 'D2', 'HR']
[20:33:20] [yf2_v4] [INFO] 1号位打出['Single', '6', ['S6']]， 最大动作为1号位打出的['Single', '6', ['S6']]
[20:33:20] [YFAdapter-P2] [INFO] [YF-P2] Decision context: myPos=2, curPos=1, greaterPos=1, teammate=0, curAction=[, actionList_size=35
[20:33:20] [YFAdapter-P2] [INFO] [YF-P2] Decided: action_index=0, action=['PASS', 'PASS', 'PASS']
[20:33:20] [HybridV4-P2] [INFO] ✓ Decision complete: action=12 (score=142.5, layer=YF), candidates=8, time=0.005s
[20:33:20] [yf2_v4] [INFO] 2号位打出['Single', 'A', ['SA']]， 最大动作为2号位打出的['Single', 'A', ['SA']]
[20:33:20] [yf2_v4] [INFO] 3号位打出['Single', 'B', ['SB']]， 最大动作为3号位打出的['Single', 'B', ['SB']]
[20:33:20] [yf2_v4] [INFO] 0号位打出['Single', 'R', ['HR']]， 最大动作为0号位打出的['Single', 'R', ['HR']]
[20:33:20] [yf2_v4] [INFO] 1号位打出['PASS', 'PASS', 'PASS']， 最大动作为0号位打出的['Single', 'R', ['HR']]
[20:33:20] [YFAdapter-P2] [INFO] [YF-P2] Decision context: myPos=2, curPos=1, greaterPos=0, teammate=0, curAction=[, actionList_size=15
[20:33:20] [YFAdapter-P2] [INFO] [YF-P2] Decided: action_index=0, action=['PASS', 'PASS', 'PASS']
[20:33:20] [HybridV4-P2] [INFO] ✓ Decision complete: action=2 (score=112.5, layer=YF), candidates=6, time=0.002s
[20:33:20] [yf2_v4] [INFO] 2号位打出['Bomb', '2', ['S2', 'S2', 'H2', 'D2']]， 最大动作为2号位打出的['Bomb', '2', ['S2', 'S2', 'H2', 'D2']]
[20:33:20] [yf2_v4] [INFO] 3号位打出['PASS', 'PASS', 'PASS']， 最大动作为2号位打出的['Bomb', '2', ['S2', 'S2', 'H2', 'D2']]
[20:33:20] [yf2_v4] [INFO] 0号位打出['PASS', 'PASS', 'PASS']， 最大动作为2号位打出的['Bomb', '2', ['S2', 'S2', 'H2', 'D2']]
[20:33:20] [yf2_v4] [INFO] 1号位打出['PASS', 'PASS', 'PASS']， 最大动作为2号位打出的['Bomb', '2', ['S2', 'S2', 'H2', 'D2']]
[20:33:20] [YFAdapter-P2] [INFO] [YF-P2] Decision context: myPos=2, curPos=-1, greaterPos=-1, teammate=0, curAction=[, actionList_size=70
[20:33:20] [YFAdapter-P2] [INFO] [YF-P2] Decided: action_index=0, action=['Single', '3', [['C', '3']]]
[20:33:20] [HybridV4-P2] [INFO] ✓ Decision complete: action=0 (score=110.0, layer=YF), candidates=8, time=0.006s
[20:33:20] [yf2_v4] [INFO] 2号位打出['Single', '3', ['C3']]， 最大动作为2号位打出的['Single', '3', ['C3']]
[20:33:20] [yf2_v4] [INFO] 3号位打出['Single', '8', ['H8']]， 最大动作为3号位打出的['Single', '8', ['H8']]
[20:33:20] [yf2_v4] [INFO] 0号位打出['Single', 'A', ['SA']]， 最大动作为0号位打出的['Single', 'A', ['SA']]
[20:33:20] [yf2_v4] [INFO] 1号位打出['Single', '2', ['H2']]， 最大动作为1号位打出的['Single', '2', ['H2']]
[20:33:20] [YFAdapter-P2] [INFO] [YF-P2] Decision context: myPos=2, curPos=1, greaterPos=1, teammate=0, curAction=[, actionList_size=2
[20:33:20] [YFAdapter-P2] [INFO] [YF-P2] Decided: action_index=0, action=['PASS', 'PASS', 'PASS']
[20:33:20] [HybridV4-P2] [INFO] ✓ Decision complete: action=1 (score=142.5, layer=YF), candidates=2, time=0.003s
[20:33:20] [yf2_v4] [INFO] 2号位打出['Single', 'R', ['HR']]， 最大动作为2号位打出的['Single', 'R', ['HR']]
[20:33:20] [yf2_v4] [INFO] 3号位打出['Bomb', '4', ['S4', 'H4', 'D4', 'D4']]， 最大动作为3号位打出的['Bomb', '4', ['S4', 'H4', 'D4', 'D4']]
[20:33:20] [yf2_v4] [INFO] 0号位打出['PASS', 'PASS', 'PASS']， 最大动作为3号位打出的['Bomb', '4', ['S4', 'H4', 'D4', 'D4']]
[20:33:20] [yf2_v4] [INFO] 1号位打出['PASS', 'PASS', 'PASS']， 最大动作为3号位打出的['Bomb', '4', ['S4', 'H4', 'D4', 'D4']]
[20:33:20] [YFAdapter-P2] [INFO] [YF-P2] Decision context: myPos=2, curPos=1, greaterPos=3, teammate=0, curAction=[, actionList_size=1
[20:33:20] [YFAdapter-P2] [INFO] [YF-P2] Decided: action_index=0, action=['PASS', 'PASS', 'PASS']
[20:33:20] [HybridV4-P2] [INFO] ✓ Decision complete: action=0 (score=95.0, layer=YF), candidates=1, time=0.010s
[20:33:20] [yf2_v4] [INFO] 2号位打出['PASS', 'PASS', 'PASS']， 最大动作为3号位打出的['Bomb', '4', ['S4', 'H4', 'D4', 'D4']]
[20:33:20] [yf2_v4] [INFO] 3号位打出['Single', '3', ['S3']]， 最大动作为3号位打出的['Single', '3', ['S3']]
[20:33:20] [yf2_v4] [INFO] 0号位打出['Single', 'A', ['HA']]， 最大动作为0号位打出的['Single', 'A', ['HA']]
[20:33:20] [yf2_v4] [INFO] 1号位打出['PASS', 'PASS', 'PASS']， 最大动作为0号位打出的['Single', 'A', ['HA']]
[20:33:20] [YFAdapter-P2] [INFO] [YF-P2] Decision context: myPos=2, curPos=1, greaterPos=0, teammate=0, curAction=[, actionList_size=2
[20:33:20] [YFAdapter-P2] [INFO] [YF-P2] Decided: action_index=0, action=['PASS', 'PASS', 'PASS']
[20:33:20] [HybridV4-P2] [INFO] ✓ Decision complete: action=1 (score=112.5, layer=YF), candidates=2, time=0.005s
[20:33:20] [yf2_v4] [INFO] 2号位打出['Single', '2', ['C2']]， 最大动作为2号位打出的['Single', '2', ['C2']]
[20:33:20] [yf2_v4] [INFO] 3号位打出['PASS', 'PASS', 'PASS']， 最大动作为2号位打出的['Single', '2', ['C2']]
[20:33:20] [yf2_v4] [INFO] 0号位打出['Single', 'B', ['SB']]， 最大动作为0号位打出的['Single', 'B', ['SB']]
[20:33:20] [yf2_v4] [INFO] 1号位打出['PASS', 'PASS', 'PASS']， 最大动作为0号位打出的['Single', 'B', ['SB']]
[20:33:20] [YFAdapter-P2] [INFO] [YF-P2] Decision context: myPos=2, curPos=1, greaterPos=0, teammate=0, curAction=[, actionList_size=1
[20:33:20] [YFAdapter-P2] [INFO] [YF-P2] Decided: action_index=0, action=['PASS', 'PASS', 'PASS']
[20:33:20] [HybridV4-P2] [INFO] ✓ Decision complete: action=0 (score=95.0, layer=YF), candidates=1, time=0.016s
[20:33:20] [yf2_v4] [INFO] 2号位打出['PASS', 'PASS', 'PASS']， 最大动作为0号位打出的['Single', 'B', ['SB']]
[20:33:20] [yf2_v4] [INFO] 3号位打出['PASS', 'PASS', 'PASS']， 最大动作为0号位打出的['Single', 'B', ['SB']]
[20:33:20] [yf2_v4] [INFO] 0号位打出['Single', '6', ['D6']]， 最大动作为0号位打出的['Single', '6', ['D6']]
[20:33:20] [yf2_v4] [INFO] 1号位打出['Single', 'T', ['DT']]， 最大动作为1号位打出的['Single', 'T', ['DT']]
[20:33:20] [YFAdapter-P2] [INFO] [YF-P2] Decision context: myPos=2, curPos=1, greaterPos=1, teammate=0, curAction=[, actionList_size=9
[20:33:20] [YFAdapter-P2] [INFO] [YF-P2] Decided: action_index=0, action=['PASS', 'PASS', 'PASS']
[20:33:20] [HybridV4-P2] [INFO] ✓ Decision complete: action=6 (score=142.5, layer=YF), candidates=8, time=0.007s
[20:33:20] [yf2_v4] [INFO] 2号位打出['Single', 'A', ['HA']]， 最大动作为2号位打出的['Single', 'A', ['HA']]
[20:33:20] [yf2_v4] [INFO] 3号位打出['PASS', 'PASS', 'PASS']， 最大动作为2号位打出的['Single', 'A', ['HA']]
[20:33:20] [yf2_v4] [INFO] 0号位打出['Single', '2', ['D2']]， 最大动作为0号位打出的['Single', '2', ['D2']]
[20:33:20] [yf2_v4] [INFO] 1号位打出['PASS', 'PASS', 'PASS']， 最大动作为0号位打出的['Single', '2', ['D2']]
[20:33:20] [YFAdapter-P2] [INFO] [YF-P2] Decision context: myPos=2, curPos=1, greaterPos=0, teammate=0, curAction=[, actionList_size=1
[20:33:20] [YFAdapter-P2] [INFO] [YF-P2] Decided: action_index=0, action=['PASS', 'PASS', 'PASS']
[20:33:20] [HybridV4-P2] [INFO] ✓ Decision complete: action=0 (score=95.0, layer=YF), candidates=1, time=0.004s
[20:33:20] [yf2_v4] [INFO] 2号位打出['PASS', 'PASS', 'PASS']， 最大动作为0号位打出的['Single', '2', ['D2']]
[20:33:20] [yf2_v4] [INFO] 3号位打出['PASS', 'PASS', 'PASS']， 最大动作为0号位打出的['Single', '2', ['D2']]
[20:33:20] [yf2_v4] [INFO] 0号位打出['Straight', '9', ['H9', 'ST', 'DJ', 'HQ', 'HK']]， 最大动作为0号位打出的['Straight', '9', ['H9', 'ST', 'DJ', 'HQ', 'HK']]
[20:33:20] [yf2_v4] [INFO] 1号位打出['PASS', 'PASS', 'PASS']， 最大动作为0号位打出的['Straight', '9', ['H9', 'ST', 'DJ', 'HQ', 'HK']]
[20:33:20] [YFAdapter-P2] [INFO] [YF-P2] Decision context: myPos=2, curPos=1, greaterPos=0, teammate=0, curAction=[, actionList_size=1
[20:33:20] [YFAdapter-P2] [INFO] [YF-P2] Decided: action_index=0, action=['PASS', 'PASS', 'PASS']
[20:33:20] [HybridV4-P2] [INFO] ✓ Decision complete: action=0 (score=95.0, layer=YF), candidates=1, time=0.004s
[20:33:20] [yf2_v4] [INFO] 2号位打出['PASS', 'PASS', 'PASS']， 最大动作为0号位打出的['Straight', '9', ['H9', 'ST', 'DJ', 'HQ', 'HK']]
[20:33:20] [yf2_v4] [INFO] 3号位打出['Bomb', 'T', ['ST', 'HT', 'CT', 'CT']]， 最大动作为3号位打出的['Bomb', 'T', ['ST', 'HT', 'CT', 'CT']]
[20:33:20] [yf2_v4] [INFO] 0号位打出['PASS', 'PASS', 'PASS']， 最大动作为3号位打出的['Bomb', 'T', ['ST', 'HT', 'CT', 'CT']]
[20:33:20] [yf2_v4] [INFO] 1号位打出['PASS', 'PASS', 'PASS']， 最大动作为3号位打出的['Bomb', 'T', ['ST', 'HT', 'CT', 'CT']]
[20:33:20] [YFAdapter-P2] [INFO] [YF-P2] Decision context: myPos=2, curPos=1, greaterPos=3, teammate=0, curAction=[, actionList_size=1
[20:33:20] [YFAdapter-P2] [INFO] [YF-P2] Decided: action_index=0, action=['PASS', 'PASS', 'PASS']
[20:33:20] [HybridV4-P2] [INFO] ✓ Decision complete: action=0 (score=95.0, layer=YF), candidates=1, time=0.010s
[20:33:20] [yf2_v4] [INFO] 2号位打出['PASS', 'PASS', 'PASS']， 最大动作为3号位打出的['Bomb', 'T', ['ST', 'HT', 'CT', 'CT']]
[20:33:20] [yf2_v4] [INFO] 3号位打出['ThreeWithTwo', '6', ['H6', 'H6', 'C6', 'S5', 'D5']]， 最大动作为3号位打出的['ThreeWithTwo', '6', ['H6', 'H6', 'C6', 'S5', 'D5']]
[20:33:20] [yf2_v4] [INFO] 0号位打出['ThreeWithTwo', '8', ['S8', 'H8', 'C8', 'S3', 'D3']]， 最大动作为0号位打出的['ThreeWithTwo', '8', ['S8', 'H8', 'C8', 'S3', 'D3']]
[20:33:20] [yf2_v4] [INFO] 1号位打出['ThreeWithTwo', 'J', ['SJ', 'HJ', 'HJ', 'S4', 'H4']]， 最大动作为1号位打出的['ThreeWithTwo', 'J', ['SJ', 'HJ', 'HJ', 'S4', 'H4']]
[20:33:20] [YFAdapter-P2] [INFO] [YF-P2] Decision context: myPos=2, curPos=1, greaterPos=1, teammate=0, curAction=[, actionList_size=1
[20:33:20] [YFAdapter-P2] [INFO] [YF-P2] Decided: action_index=0, action=['PASS', 'PASS', 'PASS']
[20:33:20] [HybridV4-P2] [INFO] ✓ Decision complete: action=0 (score=95.0, layer=YF), candidates=1, time=0.002s
[20:33:20] [yf2_v4] [INFO] 2号位打出['PASS', 'PASS', 'PASS']， 最大动作为1号位打出的['ThreeWithTwo', 'J', ['SJ', 'HJ', 'HJ', 'S4', 'H4']]
[20:33:20] [yf2_v4] [INFO] 3号位打出['ThreeWithTwo', 'K', ['HK', 'CK', 'DK', 'S7', 'D7']]， 最大动作为3号位打出的['ThreeWithTwo', 'K', ['HK', 'CK', 'DK', 'S7', 'D7']]
[20:33:20] [yf2_v4] [INFO] 0号位打出['PASS', 'PASS', 'PASS']， 最大动作为3号位打出的['ThreeWithTwo', 'K', ['HK', 'CK', 'DK', 'S7', 'D7']]
[20:33:20] [yf2_v4] [INFO] 1号位打出['PASS', 'PASS', 'PASS']， 最大动作为3号位打出的['ThreeWithTwo', 'K', ['HK', 'CK', 'DK', 'S7', 'D7']]
[20:33:20] [YFAdapter-P2] [INFO] [YF-P2] Decision context: myPos=2, curPos=1, greaterPos=3, teammate=0, curAction=[, actionList_size=1
[20:33:20] [YFAdapter-P2] [INFO] [YF-P2] Decided: action_index=0, action=['PASS', 'PASS', 'PASS']
[20:33:20] [HybridV4-P2] [INFO] ✓ Decision complete: action=0 (score=75.0, layer=YF), candidates=1, time=0.003s
[20:33:20] [yf2_v4] [INFO] 2号位打出['PASS', 'PASS', 'PASS']， 最大动作为3号位打出的['ThreeWithTwo', 'K', ['HK', 'CK', 'DK', 'S7', 'D7']]
[20:33:20] [yf2_v4] [INFO] 3号位打出['Single', '9', ['S9']]， 最大动作为3号位打出的['Single', '9', ['S9']]
[20:33:20] [yf2_v4] [INFO] 0号位打出['Single', 'T', ['HT']]， 最大动作为0号位打出的['Single', 'T', ['HT']]
[20:33:20] [yf2_v4] [INFO] 1号位打出['PASS', 'PASS', 'PASS']， 最大动作为0号位打出的['Single', 'T', ['HT']]
[20:33:20] [YFAdapter-P2] [INFO] [YF-P2] Decision context: myPos=2, curPos=1, greaterPos=0, teammate=0, curAction=[, actionList_size=8
[20:33:20] [YFAdapter-P2] [INFO] [YF-P2] Decided: action_index=0, action=['PASS', 'PASS', 'PASS']
[20:33:20] [YFAdapter-P2] [WARNING] [YF-P2] 检测到过于保守: 对手快走完(剩5张), 触发Layer 2/3进行更积极的决策
[20:33:20] [HybridV4-P2] [INFO] ✓ Decision complete: action=1 (score=85.6, layer=DecisionEngine), candidates=5, time=0.003s
[20:33:20] [yf2_v4] [INFO] 2号位打出['Single', 'J', ['SJ']]， 最大动作为2号位打出的['Single', 'J', ['SJ']]
[20:33:20] [yf2_v4] [INFO] 3号位打出['Single', 'A', ['DA']]， 最大动作为3号位打出的['Single', 'A', ['DA']]
[20:33:20] [yf2_v4] [INFO] 0号位打出['PASS', 'PASS', 'PASS']， 最大动作为3号位打出的['Single', 'A', ['DA']]
[20:33:20] [yf2_v4] [INFO] 1号位打出['PASS', 'PASS', 'PASS']， 最大动作为3号位打出的['Single', 'A', ['DA']]
[20:33:20] [YFAdapter-P2] [INFO] [YF-P2] Decision context: myPos=2, curPos=1, greaterPos=3, teammate=0, curAction=[, actionList_size=2
[20:33:20] [YFAdapter-P2] [INFO] [YF-P2] Decided: action_index=0, action=['PASS', 'PASS', 'PASS']
[20:33:20] [YFAdapter-P2] [WARNING] [YF-P2] 检测到过于保守: 对手快走完(剩4张), 触发Layer 2/3进行更积极的决策
[20:33:20] [HybridV4-P2] [INFO] ✓ Decision complete: action=1 (score=85.6, layer=DecisionEngine), candidates=2, time=0.004s
[20:33:20] [yf2_v4] [INFO] 2号位打出['Single', '2', ['C2']]， 最大动作为2号位打出的['Single', '2', ['C2']]
[20:33:20] [yf2_v4] [INFO] 3号位打出['PASS', 'PASS', 'PASS']， 最大动作为2号位打出的['Single', '2', ['C2']]
[20:33:20] [yf2_v4] [INFO] 0号位打出['PASS', 'PASS', 'PASS']， 最大动作为2号位打出的['Single', '2', ['C2']]
[20:33:20] [yf2_v4] [INFO] 1号位打出['PASS', 'PASS', 'PASS']， 最大动作为2号位打出的['Single', '2', ['C2']]
[20:33:20] [YFAdapter-P2] [INFO] [YF-P2] Decision context: myPos=2, curPos=-1, greaterPos=-1, teammate=0, curAction=[, actionList_size=57
[20:33:20] [YFAdapter-P2] [INFO] [YF-P2] Decided: action_index=0, action=['Single', '5', [['H', '5']]]
[20:33:20] [YFAdapter-P2] [WARNING] [YF-P2] 检测到过于保守: 对手快走完(剩4张), 触发Layer 2/3进行更积极的决策
[20:33:20] [HybridV4-P2] [INFO] ✓ Decision complete: action=24 (score=30.6, layer=DecisionEngine), candidates=5, time=0.004s
[20:33:20] [yf2_v4] [INFO] 2号位打出['ThreePair', '6', ['S6', 'D6', 'S7', 'H7', 'S8', 'D8']]， 最大动作为2号位打出的['ThreePair', '6', ['S6', 'D6', 'S7', 'H7', 'S8', 'D8']]
[20:33:20] [yf2_v4] [INFO] 3号位打出['PASS', 'PASS', 'PASS']， 最大动作为2号位打出的['ThreePair', '6', ['S6', 'D6', 'S7', 'H7', 'S8', 'D8']]
[20:33:20] [yf2_v4] [INFO] 0号位打出['PASS', 'PASS', 'PASS']， 最大动作为2号位打出的['ThreePair', '6', ['S6', 'D6', 'S7', 'H7', 'S8', 'D8']]
[20:33:20] [yf2_v4] [INFO] 1号位打出['ThreePair', '7', ['C7', 'D7', 'C8', 'D8', 'C9', 'C9']]， 最大动作为1号位打出的['ThreePair', '7', ['C7', 'D7', 'C8', 'D8', 'C9', 'C9']]
[20:33:20] [YFAdapter-P2] [INFO] [YF-P2] Decision context: myPos=2, curPos=1, greaterPos=1, teammate=0, curAction=[, actionList_size=1
[20:33:20] [YFAdapter-P2] [INFO] [YF-P2] Decided: action_index=0, action=['PASS', 'PASS', 'PASS']
[20:33:20] [HybridV4-P2] [INFO] ✓ Decision complete: action=0 (score=125.0, layer=YF), candidates=1, time=0.002s
[20:33:20] [yf2_v4] [INFO] 2号位打出['PASS', 'PASS', 'PASS']， 最大动作为1号位打出的['ThreePair', '7', ['C7', 'D7', 'C8', 'D8', 'C9', 'C9']]
[20:33:20] [yf2_v4] [INFO] 3号位打出['PASS', 'PASS', 'PASS']， 最大动作为1号位打出的['ThreePair', '7', ['C7', 'D7', 'C8', 'D8', 'C9', 'C9']]
[20:33:20] [yf2_v4] [INFO] 0号位打出['PASS', 'PASS', 'PASS']， 最大动作为1号位打出的['ThreePair', '7', ['C7', 'D7', 'C8', 'D8', 'C9', 'C9']]
[20:33:20] [yf2_v4] [INFO] 1号位打出['ThreeWithTwo', '3', ['H3', 'C3', 'D3', 'CK', 'DK']]， 最大动作为1号位打出的['ThreeWithTwo', '3', ['H3', 'C3', 'D3', 'CK', 'DK']]
[20:33:20] [YFAdapter-P2] [INFO] [YF-P2] Decision context: myPos=2, curPos=1, greaterPos=1, teammate=0, curAction=[, actionList_size=1
[20:33:20] [YFAdapter-P2] [INFO] [YF-P2] Decided: action_index=0, action=['PASS', 'PASS', 'PASS']
[20:33:20] [HybridV4-P2] [INFO] ✓ Decision complete: action=0 (score=125.0, layer=YF), candidates=1, time=0.002s
[20:33:20] [yf2_v4] [INFO] 2号位打出['PASS', 'PASS', 'PASS']， 最大动作为1号位打出的['ThreeWithTwo', '3', ['H3', 'C3', 'D3', 'CK', 'DK']]
[20:33:20] [yf2_v4] [INFO] 3号位打出['PASS', 'PASS', 'PASS']， 最大动作为1号位打出的['ThreeWithTwo', '3', ['H3', 'C3', 'D3', 'CK', 'DK']]
[20:33:20] [yf2_v4] [INFO] 0号位打出['PASS', 'PASS', 'PASS']， 最大动作为1号位打出的['ThreeWithTwo', '3', ['H3', 'C3', 'D3', 'CK', 'DK']]
[20:33:20] [yf2_v4] [INFO] 1号位打出['Trips', '5', ['S5', 'H5', 'C5']]， 最大动作为1号位打出的['Trips', '5', ['S5', 'H5', 'C5']]
[20:33:20] [YFAdapter-P2] [INFO] [YF-P2] Decision context: myPos=2, curPos=1, greaterPos=1, teammate=0, curAction=[, actionList_size=1
[20:33:20] [YFAdapter-P2] [INFO] [YF-P2] Decided: action_index=0, action=['PASS', 'PASS', 'PASS']
[20:33:20] [HybridV4-P2] [INFO] ✓ Decision complete: action=0 (score=125.0, layer=YF), candidates=1, time=0.005s
[20:33:20] [yf2_v4] [INFO] 2号位打出['PASS', 'PASS', 'PASS']， 最大动作为1号位打出的['Trips', '5', ['S5', 'H5', 'C5']]
[20:33:20] [yf2_v4] [INFO] 3号位打出['PASS', 'PASS', 'PASS']， 最大动作为1号位打出的['Trips', '5', ['S5', 'H5', 'C5']]
[20:33:20] [yf2_v4] [INFO] 0号位打出['PASS', 'PASS', 'PASS']， 最大动作为1号位打出的['Trips', '5', ['S5', 'H5', 'C5']]
[20:33:20] [yf2_v4] [INFO] 1号位打出['ThreeWithTwo', 'Q', ['SQ', 'SQ', 'CQ', 'CA', 'DA']]， 最大动作为1号位打出的['ThreeWithTwo', 'Q', ['SQ', 'SQ', 'CQ', 'CA', 'DA']]
[20:33:20] [YFAdapter-P2] [INFO] [YF-P2] Decision context: myPos=2, curPos=1, greaterPos=1, teammate=0, curAction=[, actionList_size=1
[20:33:20] [YFAdapter-P2] [INFO] [YF-P2] Decided: action_index=0, action=['PASS', 'PASS', 'PASS']
[20:33:20] [HybridV4-P2] [INFO] ✓ Decision complete: action=0 (score=-5.0, layer=YF), candidates=1, time=0.008s
[20:33:20] [yf2_v4] [INFO] 2号位打出['PASS', 'PASS', 'PASS']， 最大动作为1号位打出的['ThreeWithTwo', 'Q', ['SQ', 'SQ', 'CQ', 'CA', 'DA']]
[20:33:20] [yf2_v4] [INFO] 3号位打出['PASS', 'PASS', 'PASS']， 最大动作为1号位打出的['ThreeWithTwo', 'Q', ['SQ', 'SQ', 'CQ', 'CA', 'DA']]
[20:33:20] [yf2_v4] [INFO] 3号位打出['Pair', 'J', ['CJ', 'CJ']]， 最大动作为3号位打出的['Pair', 'J', ['CJ', 'CJ']]
[20:33:20] [yf2_v4] [INFO] 0号位打出['PASS', 'PASS', 'PASS']， 最大动作为3号位打出的['Pair', 'J', ['CJ', 'CJ']]
[20:33:20] [YFAdapter-P2] [INFO] [YF-P2] Decision context: myPos=2, curPos=0, greaterPos=3, teammate=0, curAction=[, actionList_size=3
[20:33:20] [YFAdapter-P2] [INFO] [YF-P2] Decided: action_index=0, action=['PASS', 'PASS', 'PASS']
[20:33:20] [YFAdapter-P2] [WARNING] [YF-P2] 检测到过于保守: 对手快走完(剩0张), 触发Layer 2/3进行更积极的决策
[20:33:20] [HybridV4-P2] [INFO] ✓ Decision complete: action=1 (score=130.6, layer=DecisionEngine), candidates=3, time=0.013s
[20:33:20] [yf2_v4] [INFO] 2号位打出['Pair', 'Q', ['HQ', 'CQ']]， 最大动作为2号位打出的['Pair', 'Q', ['HQ', 'CQ']]
[20:33:21] [yf2_v4] [INFO] 3号位打出['PASS', 'PASS', 'PASS']， 最大动作为2号位打出的['Pair', 'Q', ['HQ', 'CQ']]
[20:33:21] [yf2_v4] [INFO] 0号位打出['PASS', 'PASS', 'PASS']， 最大动作为2号位打出的['Pair', 'Q', ['HQ', 'CQ']]
[20:33:21] [YFAdapter-P2] [INFO] [YF-P2] Decision context: myPos=2, curPos=-1, greaterPos=-1, teammate=0, curAction=[, actionList_size=9
[20:33:21] [YFAdapter-P2] [INFO] [YF-P2] Decided: action_index=0, action=['Single', '5', [['H', '5']]]
[20:33:21] [YFAdapter-P2] [WARNING] [YF-P2] 检测到过于保守: 对手快走完(剩0张), 触发Layer 2/3进行更积极的决策
[20:33:21] [HybridV4-P2] [INFO] ✓ Decision complete: action=7 (score=100.6, layer=DecisionEngine), candidates=5, time=0.015s
[20:33:21] [yf2_v4] [INFO] 2号位打出['Pair', '9', ['S9', 'D9']]， 最大动作为2号位打出的['Pair', '9', ['S9', 'D9']]
[20:33:21] [yf2_v4] [INFO] 3号位打出['Pair', 'Q', ['DQ', 'DQ']]， 最大动作为3号位打出的['Pair', 'Q', ['DQ', 'DQ']]
[20:33:21] [yf2_v4] [INFO] 游戏开始, 我是2号位，手牌：['S2', 'S2', 'H2', 'C2', 'S4', 'H4', 'C6', 'S7', 'H7', 'H8', 'S9', 'S9', 'H9', 'C9', 'CT', 'CT', 'DT', 'SJ', 'HJ', 'HK', 'CK', 'DK', 'SA', 'CA', 'DA', 'S5', 'S5']
[20:33:21] [YFAdapter-P2] [INFO] [YF-P2] Decision context: myPos=2, curPos=-1, greaterPos=-1, teammate=0, curAction=[, actionList_size=1
[20:33:21] [YFAdapter-P2] [INFO] [YF-P2] Decided: action_index=0, action=['tribute', 'tribute', [['S', '5']]]
[20:33:21] [HybridV4-P2] [INFO] ✓ Decision complete: action=0 (score=110.0, layer=YF), candidates=1, time=0.013s
[20:33:21] [YFAdapter-P2] [INFO] [YF-P2] Decision context: myPos=2, curPos=-1, greaterPos=-1, teammate=0, curAction=[, actionList_size=290
[20:33:21] [YFAdapter-P2] [INFO] [YF-P2] Decided: action_index=5, action=['Single', '6', [['C', '6']]]
[20:33:21] [HybridV4-P2] [INFO] ✓ Decision complete: action=5 (score=110.0, layer=YF), candidates=8, time=0.016s
[20:33:21] [yf2_v4] [INFO] 2号位打出['Single', '6', ['C6']]， 最大动作为2号位打出的['Single', '6', ['C6']]
[20:33:21] [yf2_v4] [INFO] 3号位打出['Single', 'J', ['CJ']]， 最大动作为3号位打出的['Single', 'J', ['CJ']]
[20:33:21] [yf2_v4] [INFO] 0号位打出['Single', 'A', ['SA']]， 最大动作为0号位打出的['Single', 'A', ['SA']]
[20:33:21] [yf2_v4] [INFO] 1号位打出['Single', '5', ['S5']]， 最大动作为1号位打出的['Single', '5', ['S5']]
[20:33:21] [YFAdapter-P2] [INFO] [YF-P2] Decision context: myPos=2, curPos=1, greaterPos=1, teammate=0, curAction=[, actionList_size=6
[20:33:21] [YFAdapter-P2] [INFO] [YF-P2] Decided: action_index=0, action=['PASS', 'PASS', 'PASS']
[20:33:21] [HybridV4-P2] [INFO] ✓ Decision complete: action=1 (score=142.5, layer=YF), candidates=6, time=0.012s
[20:33:21] [yf2_v4] [INFO] 2号位打出['Bomb', '2', ['S2', 'S2', 'H2', 'C2']]， 最大动作为2号位打出的['Bomb', '2', ['S2', 'S2', 'H2', 'C2']]
[20:33:21] [yf2_v4] [INFO] 3号位打出['Bomb', '6', ['S6', 'H6', 'H6', 'D6']]， 最大动作为3号位打出的['Bomb', '6', ['S6', 'H6', 'H6', 'D6']]
[20:33:21] [yf2_v4] [INFO] 0号位打出['Bomb', 'J', ['SJ', 'DJ', 'DJ', 'H5']]， 最大动作为0号位打出的['Bomb', 'J', ['SJ', 'DJ', 'DJ', 'H5']]
[20:33:21] [yf2_v4] [INFO] 1号位打出['PASS', 'PASS', 'PASS']， 最大动作为0号位打出的['Bomb', 'J', ['SJ', 'DJ', 'DJ', 'H5']]
[20:33:21] [YFAdapter-P2] [INFO] [YF-P2] Decision context: myPos=2, curPos=1, greaterPos=0, teammate=0, curAction=[, actionList_size=2
[20:33:21] [YFAdapter-P2] [INFO] [YF-P2] Decided: action_index=0, action=['PASS', 'PASS', 'PASS']
[20:33:21] [HybridV4-P2] [INFO] ✓ Decision complete: action=1 (score=105.5, layer=YF), candidates=2, time=0.010s
[20:33:21] [yf2_v4] [INFO] 2号位打出['Bomb', '9', ['S9', 'S9', 'H9', 'H9', 'C9']]， 最大动作为2号位打出的['Bomb', '9', ['S9', 'S9', 'H9', 'H9', 'C9']]
[20:33:21] [yf2_v4] [INFO] 3号位打出['PASS', 'PASS', 'PASS']， 最大动作为2号位打出的['Bomb', '9', ['S9', 'S9', 'H9', 'H9', 'C9']]
[20:33:21] [yf2_v4] [INFO] 0号位打出['StraightFlush', 'A', ['DA', 'D2', 'D3', 'D4', 'D5']]， 最大动作为0号位打出的['StraightFlush', 'A', ['DA', 'D2', 'D3', 'D4', 'D5']]
[20:33:21] [yf2_v4] [INFO] 1号位打出['PASS', 'PASS', 'PASS']， 最大动作为0号位打出的['StraightFlush', 'A', ['DA', 'D2', 'D3', 'D4', 'D5']]
[20:33:21] [YFAdapter-P2] [INFO] [YF-P2] Decision context: myPos=2, curPos=1, greaterPos=0, teammate=0, curAction=[, actionList_size=1
[20:33:21] [YFAdapter-P2] [INFO] [YF-P2] Decided: action_index=0, action=['PASS', 'PASS', 'PASS']
[20:33:21] [HybridV4-P2] [INFO] ✓ Decision complete: action=0 (score=95.0, layer=YF), candidates=1, time=0.004s
[20:33:21] [yf2_v4] [INFO] 2号位打出['PASS', 'PASS', 'PASS']， 最大动作为0号位打出的['StraightFlush', 'A', ['DA', 'D2', 'D3', 'D4', 'D5']]
[20:33:21] [yf2_v4] [INFO] 3号位打出['PASS', 'PASS', 'PASS']， 最大动作为0号位打出的['StraightFlush', 'A', ['DA', 'D2', 'D3', 'D4', 'D5']]
[20:33:21] [yf2_v4] [INFO] 0号位打出['Single', '2', ['C2']]， 最大动作为0号位打出的['Single', '2', ['C2']]
[20:33:21] [yf2_v4] [INFO] 1号位打出['Single', '3', ['D3']]， 最大动作为1号位打出的['Single', '3', ['D3']]
[20:33:21] [YFAdapter-P2] [INFO] [YF-P2] Decision context: myPos=2, curPos=1, greaterPos=1, teammate=0, curAction=[, actionList_size=17
[20:33:21] [YFAdapter-P2] [INFO] [YF-P2] Decided: action_index=0, action=['PASS', 'PASS', 'PASS']
[20:33:21] [HybridV4-P2] [INFO] ✓ Decision complete: action=13 (score=142.5, layer=YF), candidates=8, time=0.015s
[20:33:21] [yf2_v4] [INFO] 2号位打出['Single', 'A', ['SA']]， 最大动作为2号位打出的['Single', 'A', ['SA']]
[20:33:21] [yf2_v4] [INFO] 3号位打出['Single', '5', ['C5']]， 最大动作为3号位打出的['Single', '5', ['C5']]
[20:33:21] [yf2_v4] [INFO] 0号位打出['Bomb', '3', ['S3', 'S3', 'H3', 'C3']]， 最大动作为0号位打出的['Bomb', '3', ['S3', 'S3', 'H3', 'C3']]
[20:33:21] [yf2_v4] [INFO] 1号位打出['Bomb', 'K', ['SK', 'SK', 'CK', 'H5']]， 最大动作为1号位打出的['Bomb', 'K', ['SK', 'SK', 'CK', 'H5']]
[20:33:21] [YFAdapter-P2] [INFO] [YF-P2] Decision context: myPos=2, curPos=1, greaterPos=1, teammate=0, curAction=[, actionList_size=1
[20:33:21] [YFAdapter-P2] [INFO] [YF-P2] Decided: action_index=0, action=['PASS', 'PASS', 'PASS']
[20:33:21] [HybridV4-P2] [INFO] ✓ Decision complete: action=0 (score=95.0, layer=YF), candidates=1, time=0.006s
[20:33:21] [yf2_v4] [INFO] 2号位打出['PASS', 'PASS', 'PASS']， 最大动作为1号位打出的['Bomb', 'K', ['SK', 'SK', 'CK', 'H5']]
[20:33:21] [yf2_v4] [INFO] 3号位打出['PASS', 'PASS', 'PASS']， 最大动作为1号位打出的['Bomb', 'K', ['SK', 'SK', 'CK', 'H5']]
[20:33:21] [yf2_v4] [INFO] 0号位打出['PASS', 'PASS', 'PASS']， 最大动作为1号位打出的['Bomb', 'K', ['SK', 'SK', 'CK', 'H5']]
[20:33:21] [yf2_v4] [INFO] 1号位打出['Pair', '4', ['H4', 'D4']]， 最大动作为1号位打出的['Pair', '4', ['H4', 'D4']]
[20:33:21] [YFAdapter-P2] [INFO] [YF-P2] Decision context: myPos=2, curPos=1, greaterPos=1, teammate=0, curAction=[, actionList_size=9
[20:33:21] [YFAdapter-P2] [INFO] [YF-P2] Decided: action_index=0, action=['PASS', 'PASS', 'PASS']
[20:33:21] [HybridV4-P2] [INFO] ✓ Decision complete: action=8 (score=142.5, layer=YF), candidates=7, time=0.005s
[20:33:21] [yf2_v4] [INFO] 2号位打出['Pair', 'A', ['CA', 'DA']]， 最大动作为2号位打出的['Pair', 'A', ['CA', 'DA']]
[20:33:21] [yf2_v4] [INFO] 3号位打出['Pair', 'B', ['SB', 'SB']]， 最大动作为3号位打出的['Pair', 'B', ['SB', 'SB']]
[20:33:21] [yf2_v4] [INFO] 0号位打出['PASS', 'PASS', 'PASS']， 最大动作为3号位打出的['Pair', 'B', ['SB', 'SB']]
[20:33:21] [yf2_v4] [INFO] 1号位打出['PASS', 'PASS', 'PASS']， 最大动作为3号位打出的['Pair', 'B', ['SB', 'SB']]
[20:33:21] [YFAdapter-P2] [INFO] [YF-P2] Decision context: myPos=2, curPos=1, greaterPos=3, teammate=0, curAction=[, actionList_size=1
[20:33:21] [YFAdapter-P2] [INFO] [YF-P2] Decided: action_index=0, action=['PASS', 'PASS', 'PASS']
[20:33:21] [HybridV4-P2] [INFO] ✓ Decision complete: action=0 (score=95.0, layer=YF), candidates=1, time=0.013s
[20:33:21] [yf2_v4] [INFO] 2号位打出['PASS', 'PASS', 'PASS']， 最大动作为3号位打出的['Pair', 'B', ['SB', 'SB']]
[20:33:21] [yf2_v4] [INFO] 3号位打出['Single', '3', ['C3']]， 最大动作为3号位打出的['Single', '3', ['C3']]
[20:33:21] [yf2_v4] [INFO] 0号位打出['Single', 'Q', ['CQ']]， 最大动作为0号位打出的['Single', 'Q', ['CQ']]
[20:33:21] [yf2_v4] [INFO] 1号位打出['Single', 'K', ['DK']]， 最大动作为1号位打出的['Single', 'K', ['DK']]
[20:33:21] [YFAdapter-P2] [INFO] [YF-P2] Decision context: myPos=2, curPos=1, greaterPos=1, teammate=0, curAction=[, actionList_size=2
[20:33:21] [YFAdapter-P2] [INFO] [YF-P2] Decided: action_index=0, action=['PASS', 'PASS', 'PASS']
[20:33:21] [HybridV4-P2] [INFO] ✓ Decision complete: action=1 (score=132.0, layer=YF), candidates=2, time=0.007s
[20:33:21] [yf2_v4] [INFO] 2号位打出['Single', '5', ['S5']]， 最大动作为2号位打出的['Single', '5', ['S5']]
[20:33:21] [yf2_v4] [INFO] 3号位打出['Bomb', '7', ['S7', 'H7', 'C7', 'D7']]， 最大动作为3号位打出的['Bomb', '7', ['S7', 'H7', 'C7', 'D7']]
[20:33:21] [yf2_v4] [INFO] 0号位打出['PASS', 'PASS', 'PASS']， 最大动作为3号位打出的['Bomb', '7', ['S7', 'H7', 'C7', 'D7']]
[20:33:21] [yf2_v4] [INFO] 1号位打出['PASS', 'PASS', 'PASS']， 最大动作为3号位打出的['Bomb', '7', ['S7', 'H7', 'C7', 'D7']]
[20:33:21] [YFAdapter-P2] [INFO] [YF-P2] Decision context: myPos=2, curPos=1, greaterPos=3, teammate=0, curAction=[, actionList_size=1
[20:33:21] [YFAdapter-P2] [INFO] [YF-P2] Decided: action_index=0, action=['PASS', 'PASS', 'PASS']
[20:33:21] [HybridV4-P2] [INFO] ✓ Decision complete: action=0 (score=95.0, layer=YF), candidates=1, time=0.004s
[20:33:21] [yf2_v4] [INFO] 2号位打出['PASS', 'PASS', 'PASS']， 最大动作为3号位打出的['Bomb', '7', ['S7', 'H7', 'C7', 'D7']]
[20:33:21] [yf2_v4] [INFO] 3号位打出['Pair', '4', ['S4', 'C4']]， 最大动作为3号位打出的['Pair', '4', ['S4', 'C4']]
[20:33:21] [yf2_v4] [INFO] 0号位打出['Pair', 'Q', ['DQ', 'DQ']]， 最大动作为0号位打出的['Pair', 'Q', ['DQ', 'DQ']]
[20:33:21] [yf2_v4] [INFO] 1号位打出['Pair', 'R', ['HR', 'HR']]， 最大动作为1号位打出的['Pair', 'R', ['HR', 'HR']]
[20:33:21] [YFAdapter-P2] [INFO] [YF-P2] Decision context: myPos=2, curPos=1, greaterPos=1, teammate=0, curAction=[, actionList_size=1
[20:33:21] [YFAdapter-P2] [INFO] [YF-P2] Decided: action_index=0, action=['PASS', 'PASS', 'PASS']
[20:33:21] [HybridV4-P2] [INFO] ✓ Decision complete: action=0 (score=95.0, layer=YF), candidates=1, time=0.015s
[20:33:21] [yf2_v4] [INFO] 2号位打出['PASS', 'PASS', 'PASS']， 最大动作为1号位打出的['Pair', 'R', ['HR', 'HR']]
[20:33:21] [yf2_v4] [INFO] 3号位打出['PASS', 'PASS', 'PASS']， 最大动作为1号位打出的['Pair', 'R', ['HR', 'HR']]
[20:33:21] [yf2_v4] [INFO] 0号位打出['PASS', 'PASS', 'PASS']， 最大动作为1号位打出的['Pair', 'R', ['HR', 'HR']]
[20:33:21] [yf2_v4] [INFO] 1号位打出['Pair', '8', ['S8', 'C8']]， 最大动作为1号位打出的['Pair', '8', ['S8', 'C8']]
[20:33:21] [YFAdapter-P2] [INFO] [YF-P2] Decision context: myPos=2, curPos=1, greaterPos=1, teammate=0, curAction=[, actionList_size=7
[20:33:21] [YFAdapter-P2] [INFO] [YF-P2] Decided: action_index=0, action=['PASS', 'PASS', 'PASS']
[20:33:21] [HybridV4-P2] [INFO] ✓ Decision complete: action=3 (score=159.0, layer=YF), candidates=6, time=0.005s
[20:33:21] [yf2_v4] [INFO] 2号位打出['Pair', 'J', ['SJ', 'HJ']]， 最大动作为2号位打出的['Pair', 'J', ['SJ', 'HJ']]
[20:33:21] [yf2_v4] [INFO] 3号位打出['Pair', 'A', ['HA', 'CA']]， 最大动作为3号位打出的['Pair', 'A', ['HA', 'CA']]
[20:33:21] [yf2_v4] [INFO] 0号位打出['PASS', 'PASS', 'PASS']， 最大动作为3号位打出的['Pair', 'A', ['HA', 'CA']]
[20:33:21] [yf2_v4] [INFO] 1号位打出['PASS', 'PASS', 'PASS']， 最大动作为3号位打出的['Pair', 'A', ['HA', 'CA']]
[20:33:21] [YFAdapter-P2] [INFO] [YF-P2] Decision context: myPos=2, curPos=1, greaterPos=3, teammate=0, curAction=[, actionList_size=1
[20:33:21] [YFAdapter-P2] [INFO] [YF-P2] Decided: action_index=0, action=['PASS', 'PASS', 'PASS']
[20:33:21] [HybridV4-P2] [INFO] ✓ Decision complete: action=0 (score=95.0, layer=YF), candidates=1, time=0.013s
[20:33:21] [yf2_v4] [INFO] 2号位打出['PASS', 'PASS', 'PASS']， 最大动作为3号位打出的['Pair', 'A', ['HA', 'CA']]
[20:33:21] [yf2_v4] [INFO] 3号位打出['Pair', '9', ['C9', 'D9']]， 最大动作为3号位打出的['Pair', '9', ['C9', 'D9']]
[20:33:21] [yf2_v4] [INFO] 0号位打出['Pair', 'T', ['ST', 'HT']]， 最大动作为0号位打出的['Pair', 'T', ['ST', 'HT']]
[20:33:21] [yf2_v4] [INFO] 1号位打出['Pair', 'J', ['HJ', 'CJ']]， 最大动作为1号位打出的['Pair', 'J', ['HJ', 'CJ']]
[20:33:21] [YFAdapter-P2] [INFO] [YF-P2] Decision context: myPos=2, curPos=1, greaterPos=1, teammate=0, curAction=[, actionList_size=4
[20:33:21] [YFAdapter-P2] [INFO] [YF-P2] Decided: action_index=0, action=['PASS', 'PASS', 'PASS']
[20:33:21] [HybridV4-P2] [INFO] ✓ Decision complete: action=1 (score=186.0, layer=YF), candidates=4, time=0.005s
[20:33:21] [yf2_v4] [INFO] 2号位打出['Pair', 'K', ['HK', 'DK']]， 最大动作为2号位打出的['Pair', 'K', ['HK', 'DK']]
[20:33:21] [yf2_v4] [INFO] 3号位打出['Bomb', '8', ['S8', 'H8', 'C8', 'D8', 'D8']]， 最大动作为3号位打出的['Bomb', '8', ['S8', 'H8', 'C8', 'D8', 'D8']]
[20:33:21] [yf2_v4] [INFO] 0号位打出['PASS', 'PASS', 'PASS']， 最大动作为3号位打出的['Bomb', '8', ['S8', 'H8', 'C8', 'D8', 'D8']]
[20:33:21] [yf2_v4] [INFO] 1号位打出['PASS', 'PASS', 'PASS']， 最大动作为3号位打出的['Bomb', '8', ['S8', 'H8', 'C8', 'D8', 'D8']]
[20:33:21] [YFAdapter-P2] [INFO] [YF-P2] Decision context: myPos=2, curPos=1, greaterPos=3, teammate=0, curAction=[, actionList_size=1
[20:33:21] [YFAdapter-P2] [INFO] [YF-P2] Decided: action_index=0, action=['PASS', 'PASS', 'PASS']
[20:33:21] [HybridV4-P2] [INFO] ✓ Decision complete: action=0 (score=-5.0, layer=YF), candidates=1, time=0.018s
[20:33:21] [yf2_v4] [INFO] 2号位打出['PASS', 'PASS', 'PASS']， 最大动作为3号位打出的['Bomb', '8', ['S8', 'H8', 'C8', 'D8', 'D8']]
[20:33:21] [yf2_v4] [INFO] 3号位打出['Pair', 'T', ['HT', 'DT']]， 最大动作为3号位打出的['Pair', 'T', ['HT', 'DT']]
[20:33:21] [yf2_v4] [INFO] 0号位打出['PASS', 'PASS', 'PASS']， 最大动作为3号位打出的['Pair', 'T', ['HT', 'DT']]
[20:33:21] [yf2_v4] [INFO] 1号位打出['PASS', 'PASS', 'PASS']， 最大动作为3号位打出的['Pair', 'T', ['HT', 'DT']]
[20:33:21] [YFAdapter-P2] [INFO] [YF-P2] Decision context: myPos=2, curPos=1, greaterPos=3, teammate=0, curAction=[, actionList_size=1
[20:33:21] [YFAdapter-P2] [INFO] [YF-P2] Decided: action_index=0, action=['PASS', 'PASS', 'PASS']
[20:33:21] [HybridV4-P2] [INFO] ✓ Decision complete: action=0 (score=-5.0, layer=YF), candidates=1, time=0.004s
[20:33:21] [yf2_v4] [INFO] 2号位打出['PASS', 'PASS', 'PASS']， 最大动作为3号位打出的['Pair', 'T', ['HT', 'DT']]
[20:33:21] [yf2_v4] [INFO] 3号位打出['Single', '5', ['D5']]， 最大动作为3号位打出的['Single', '5', ['D5']]
[20:33:21] [yf2_v4] [INFO] 0号位打出['PASS', 'PASS', 'PASS']， 最大动作为3号位打出的['Single', '5', ['D5']]
[20:33:21] [yf2_v4] [INFO] 1号位打出['PASS', 'PASS', 'PASS']， 最大动作为3号位打出的['Single', '5', ['D5']]
[20:33:21] [yf2_v4] [INFO] 1号位打出['ThreeWithTwo', '6', ['S6', 'C6', 'D6', 'H2', 'D2']]， 最大动作为1号位打出的['ThreeWithTwo', '6', ['S6', 'C6', 'D6', 'H2', 'D2']]
[20:33:21] [YFAdapter-P2] [INFO] [YF-P2] Decision context: myPos=2, curPos=1, greaterPos=1, teammate=0, curAction=[, actionList_size=3
[20:33:21] [YFAdapter-P2] [INFO] [YF-P2] Decided: action_index=0, action=['PASS', 'PASS', 'PASS']
[20:33:21] [YFAdapter-P2] [WARNING] [YF-P2] 检测到过于保守: 对手快走完(剩0张), 触发Layer 2/3进行更积极的决策
[20:33:21] [HybridV4-P2] [INFO] ✓ Decision complete: action=1 (score=155.6, layer=DecisionEngine), candidates=3, time=0.010s
[20:33:21] [yf2_v4] [INFO] 2号位打出['ThreeWithTwo', 'T', ['CT', 'CT', 'DT', 'S4', 'H4']]， 最大动作为2号位打出的['ThreeWithTwo', 'T', ['CT', 'CT', 'DT', 'S4', 'H4']]
[20:33:21] [yf2_v4] [INFO] 0号位打出['PASS', 'PASS', 'PASS']， 最大动作为2号位打出的['ThreeWithTwo', 'T', ['CT', 'CT', 'DT', 'S4', 'H4']]
[20:33:21] [yf2_v4] [INFO] 1号位打出['Bomb', 'Q', ['SQ', 'SQ', 'HQ', 'HQ', 'CQ']]， 最大动作为1号位打出的['Bomb', 'Q', ['SQ', 'SQ', 'HQ', 'HQ', 'CQ']]
[20:33:21] [YFAdapter-P2] [INFO] [YF-P2] Decision context: myPos=2, curPos=1, greaterPos=1, teammate=0, curAction=[, actionList_size=1
[20:33:21] [YFAdapter-P2] [INFO] [YF-P2] Decided: action_index=0, action=['PASS', 'PASS', 'PASS']
[20:33:21] [HybridV4-P2] [INFO] ✓ Decision complete: action=0 (score=-5.0, layer=YF), candidates=1, time=0.005s
[20:33:21] [yf2_v4] [INFO] 2号位打出['PASS', 'PASS', 'PASS']， 最大动作为1号位打出的['Bomb', 'Q', ['SQ', 'SQ', 'HQ', 'HQ', 'CQ']]
[20:33:21] [yf2_v4] [INFO] 0号位打出['PASS', 'PASS', 'PASS']， 最大动作为1号位打出的['Bomb', 'Q', ['SQ', 'SQ', 'HQ', 'HQ', 'CQ']]
[20:33:21] [yf2_v4] [INFO] 1号位打出['Single', 'A', ['HA']]， 最大动作为1号位打出的['Single', 'A', ['HA']]
[20:33:21] [YFAdapter-P2] [INFO] [YF-P2] Decision context: myPos=2, curPos=1, greaterPos=1, teammate=0, curAction=[, actionList_size=1
[20:33:21] [YFAdapter-P2] [INFO] [YF-P2] Decided: action_index=0, action=['PASS', 'PASS', 'PASS']
[20:33:21] [HybridV4-P2] [INFO] ✓ Decision complete: action=0 (score=-5.0, layer=YF), candidates=1, time=0.004s
[20:33:21] [yf2_v4] [INFO] 2号位打出['PASS', 'PASS', 'PASS']， 最大动作为1号位打出的['Single', 'A', ['HA']]
[20:33:21] [yf2_v4] [INFO] 0号位打出['PASS', 'PASS', 'PASS']， 最大动作为1号位打出的['Single', 'A', ['HA']]
[20:33:21] [yf2_v4] [INFO] 1号位打出['Single', '5', ['C5']]， 最大动作为1号位打出的['Single', '5', ['C5']]
[20:33:21] [yf2_v4] [INFO] 游戏开始, 我是2号位，手牌：['H2', 'C2', 'S3', 'H3', 'C3', 'D3', 'C4', 'D4', 'S6', 'H6', 'C7', 'S9', 'H9', 'C9', 'ST', 'CT', 'SJ', 'HJ', 'CJ', 'HQ', 'DQ', 'CK', 'DA', 'S8', 'D8', 'SB', 'HR']
[20:33:21] [YFAdapter-P2] [INFO] [YF-P2] Decision context: myPos=2, curPos=-1, greaterPos=-1, teammate=0, curAction=[, actionList_size=1
[20:33:21] [YFAdapter-P2] [INFO] [YF-P2] Decided: action_index=0, action=['tribute', 'tribute', [['H', 'R']]]
[20:33:21] [HybridV4-P2] [INFO] ✓ Decision complete: action=0 (score=110.0, layer=YF), candidates=1, time=0.004s
[20:33:21] [YFAdapter-P2] [INFO] [YF-P2] Decision context: myPos=2, curPos=-1, greaterPos=-1, teammate=0, curAction=[, actionList_size=415
[20:33:21] [YFAdapter-P2] [INFO] [YF-P2] Decided: action_index=8, action=['Single', '5', [['S', '5']]]
[20:33:21] [HybridV4-P2] [INFO] ✓ Decision complete: action=8 (score=110.0, layer=YF), candidates=8, time=0.014s
[20:33:21] [yf2_v4] [INFO] 2号位打出['Single', '5', ['S5']]， 最大动作为2号位打出的['Single', '5', ['S5']]
[20:33:21] [yf2_v4] [INFO] 3号位打出['Single', 'T', ['DT']]， 最大动作为3号位打出的['Single', 'T', ['DT']]
[20:33:22] [yf2_v4] [INFO] 0号位打出['Single', 'A', ['HA']]， 最大动作为0号位打出的['Single', 'A', ['HA']]
[20:33:22] [yf2_v4] [INFO] 1号位打出['Single', '8', ['H8']]， 最大动作为1号位打出的['Single', '8', ['H8']]
[20:33:22] [YFAdapter-P2] [INFO] [YF-P2] Decision context: myPos=2, curPos=1, greaterPos=1, teammate=0, curAction=[, actionList_size=3
[20:33:22] [YFAdapter-P2] [INFO] [YF-P2] Decided: action_index=0, action=['PASS', 'PASS', 'PASS']
[20:33:22] [HybridV4-P2] [INFO] ✓ Decision complete: action=1 (score=142.5, layer=YF), candidates=3, time=0.012s
[20:33:22] [yf2_v4] [INFO] 2号位打出['Single', 'B', ['SB']]， 最大动作为2号位打出的['Single', 'B', ['SB']]
[20:33:22] [yf2_v4] [INFO] 3号位打出['Single', 'R', ['HR']]， 最大动作为3号位打出的['Single', 'R', ['HR']]
[20:33:22] [yf2_v4] [INFO] 0号位打出['StraightFlush', '2', ['C2', 'C3', 'C4', 'C5', 'C6']]， 最大动作为0号位打出的['StraightFlush', '2', ['C2', 'C3', 'C4', 'C5', 'C6']]
[20:33:22] [yf2_v4] [INFO] 1号位打出['PASS', 'PASS', 'PASS']， 最大动作为0号位打出的['StraightFlush', '2', ['C2', 'C3', 'C4', 'C5', 'C6']]
[20:33:22] [YFAdapter-P2] [INFO] [YF-P2] Decision context: myPos=2, curPos=1, greaterPos=0, teammate=0, curAction=[, actionList_size=1
[20:33:22] [YFAdapter-P2] [INFO] [YF-P2] Decided: action_index=0, action=['PASS', 'PASS', 'PASS']
[20:33:22] [HybridV4-P2] [INFO] ✓ Decision complete: action=0 (score=95.0, layer=YF), candidates=1, time=0.003s
[20:33:22] [yf2_v4] [INFO] 2号位打出['PASS', 'PASS', 'PASS']， 最大动作为0号位打出的['StraightFlush', '2', ['C2', 'C3', 'C4', 'C5', 'C6']]
[20:33:22] [yf2_v4] [INFO] 3号位打出['PASS', 'PASS', 'PASS']， 最大动作为0号位打出的['StraightFlush', '2', ['C2', 'C3', 'C4', 'C5', 'C6']]
[20:33:22] [yf2_v4] [INFO] 0号位打出['ThreePair', '9', ['C9', 'D9', 'ST', 'HT', 'SJ', 'HJ']]， 最大动作为0号位打出的['ThreePair', '9', ['C9', 'D9', 'ST', 'HT', 'SJ', 'HJ']]
[20:33:22] [yf2_v4] [INFO] 1号位打出['ThreePair', 'Q', ['SQ', 'H8', 'SK', 'HK', 'SA', 'CA']]， 最大动作为1号位打出的['ThreePair', 'Q', ['SQ', 'H8', 'SK', 'HK', 'SA', 'CA']]
[20:33:22] [YFAdapter-P2] [INFO] [YF-P2] Decision context: myPos=2, curPos=1, greaterPos=1, teammate=0, curAction=[, actionList_size=2
[20:33:22] [YFAdapter-P2] [INFO] [YF-P2] Decided: action_index=0, action=['PASS', 'PASS', 'PASS']
[20:33:22] [HybridV4-P2] [INFO] ✓ Decision complete: action=1 (score=132.0, layer=YF), candidates=2, time=0.009s
[20:33:22] [yf2_v4] [INFO] 2号位打出['Bomb', '3', ['S3', 'H3', 'C3', 'D3']]， 最大动作为2号位打出的['Bomb', '3', ['S3', 'H3', 'C3', 'D3']]
[20:33:22] [yf2_v4] [INFO] 3号位打出['PASS', 'PASS', 'PASS']， 最大动作为2号位打出的['Bomb', '3', ['S3', 'H3', 'C3', 'D3']]
[20:33:22] [yf2_v4] [INFO] 0号位打出['PASS', 'PASS', 'PASS']， 最大动作为2号位打出的['Bomb', '3', ['S3', 'H3', 'C3', 'D3']]
[20:33:22] [yf2_v4] [INFO] 1号位打出['PASS', 'PASS', 'PASS']， 最大动作为2号位打出的['Bomb', '3', ['S3', 'H3', 'C3', 'D3']]
[20:33:22] [YFAdapter-P2] [INFO] [YF-P2] Decision context: myPos=2, curPos=-1, greaterPos=-1, teammate=0, curAction=[, actionList_size=248
[20:33:22] [YFAdapter-P2] [INFO] [YF-P2] Decided: action_index=6, action=['Single', '7', [['C', '7']]]
[20:33:22] [HybridV4-P2] [INFO] ✓ Decision complete: action=6 (score=115.0, layer=YF), candidates=8, time=0.007s
[20:33:22] [yf2_v4] [INFO] 2号位打出['Single', '7', ['C7']]， 最大动作为2号位打出的['Single', '7', ['C7']]
[20:33:22] [yf2_v4] [INFO] 3号位打出['Single', '8', ['S8']]， 最大动作为3号位打出的['Single', '8', ['S8']]
[20:33:22] [yf2_v4] [INFO] 0号位打出['PASS', 'PASS', 'PASS']， 最大动作为3号位打出的['Single', '8', ['S8']]
[20:33:22] [yf2_v4] [INFO] 1号位打出['PASS', 'PASS', 'PASS']， 最大动作为3号位打出的['Single', '8', ['S8']]
[20:33:22] [YFAdapter-P2] [INFO] [YF-P2] Decision context: myPos=2, curPos=1, greaterPos=3, teammate=0, curAction=[, actionList_size=1
[20:33:22] [YFAdapter-P2] [INFO] [YF-P2] Decided: action_index=0, action=['PASS', 'PASS', 'PASS']
[20:33:22] [HybridV4-P2] [INFO] ✓ Decision complete: action=0 (score=95.0, layer=YF), candidates=1, time=0.016s
[20:33:22] [yf2_v4] [INFO] 2号位打出['PASS', 'PASS', 'PASS']， 最大动作为3号位打出的['Single', '8', ['S8']]
[20:33:22] [yf2_v4] [INFO] 3号位打出['ThreePair', '2', ['S2', 'D2', 'S3', 'D3', 'S4', 'D4']]， 最大动作为3号位打出的['ThreePair', '2', ['S2', 'D2', 'S3', 'D3', 'S4', 'D4']]
[20:33:22] [yf2_v4] [INFO] 0号位打出['PASS', 'PASS', 'PASS']， 最大动作为3号位打出的['ThreePair', '2', ['S2', 'D2', 'S3', 'D3', 'S4', 'D4']]
[20:33:22] [yf2_v4] [INFO] 1号位打出['ThreePair', '6', ['H6', 'D6', 'H7', 'D7', 'C8', 'D8']]， 最大动作为1号位打出的['ThreePair', '6', ['H6', 'D6', 'H7', 'D7', 'C8', 'D8']]
[20:33:22] [YFAdapter-P2] [INFO] [YF-P2] Decision context: myPos=2, curPos=1, greaterPos=1, teammate=0, curAction=[, actionList_size=16
[20:33:22] [YFAdapter-P2] [INFO] [YF-P2] Decided: action_index=0, action=['PASS', 'PASS', 'PASS']
[20:33:22] [HybridV4-P2] [INFO] ✓ Decision complete: action=1 (score=155.5, layer=YF), candidates=6, time=0.008s
[20:33:22] [yf2_v4] [INFO] 2号位打出['ThreePair', '8', ['S8', 'D8', 'S9', 'C9', 'ST', 'CT']]， 最大动作为2号位打出的['ThreePair', '8', ['S8', 'D8', 'S9', 'C9', 'ST', 'CT']]
[20:33:22] [yf2_v4] [INFO] 3号位打出['ThreePair', 'J', ['DJ', 'DJ', 'HQ', 'CQ', 'SK', 'DK']]， 最大动作为3号位打出的['ThreePair', 'J', ['DJ', 'DJ', 'HQ', 'CQ', 'SK', 'DK']]
[20:33:22] [yf2_v4] [INFO] 0号位打出['PASS', 'PASS', 'PASS']， 最大动作为3号位打出的['ThreePair', 'J', ['DJ', 'DJ', 'HQ', 'CQ', 'SK', 'DK']]
[20:33:22] [yf2_v4] [INFO] 1号位打出['PASS', 'PASS', 'PASS']， 最大动作为3号位打出的['ThreePair', 'J', ['DJ', 'DJ', 'HQ', 'CQ', 'SK', 'DK']]
[20:33:22] [YFAdapter-P2] [INFO] [YF-P2] Decision context: myPos=2, curPos=1, greaterPos=3, teammate=0, curAction=[, actionList_size=1
[20:33:22] [YFAdapter-P2] [INFO] [YF-P2] Decided: action_index=0, action=['PASS', 'PASS', 'PASS']
[20:33:22] [HybridV4-P2] [INFO] ✓ Decision complete: action=0 (score=95.0, layer=YF), candidates=1, time=0.003s
[20:33:22] [yf2_v4] [INFO] 2号位打出['PASS', 'PASS', 'PASS']， 最大动作为3号位打出的['ThreePair', 'J', ['DJ', 'DJ', 'HQ', 'CQ', 'SK', 'DK']]
[20:33:22] [yf2_v4] [INFO] 3号位打出['Single', '5', ['S5']]， 最大动作为3号位打出的['Single', '5', ['S5']]
[20:33:22] [yf2_v4] [INFO] 0号位打出['Single', 'A', ['DA']]， 最大动作为0号位打出的['Single', 'A', ['DA']]
[20:33:22] [yf2_v4] [INFO] 1号位打出['Single', 'R', ['HR']]， 最大动作为1号位打出的['Single', 'R', ['HR']]
[20:33:22] [YFAdapter-P2] [INFO] [YF-P2] Decision context: myPos=2, curPos=1, greaterPos=1, teammate=0, curAction=[, actionList_size=1
[20:33:22] [YFAdapter-P2] [INFO] [YF-P2] Decided: action_index=0, action=['PASS', 'PASS', 'PASS']
[20:33:22] [HybridV4-P2] [INFO] ✓ Decision complete: action=0 (score=95.0, layer=YF), candidates=1, time=0.011s
[20:33:22] [yf2_v4] [INFO] 2号位打出['PASS', 'PASS', 'PASS']， 最大动作为1号位打出的['Single', 'R', ['HR']]
[20:33:22] [yf2_v4] [INFO] 3号位打出['PASS', 'PASS', 'PASS']， 最大动作为1号位打出的['Single', 'R', ['HR']]
[20:33:22] [yf2_v4] [INFO] 0号位打出['PASS', 'PASS', 'PASS']， 最大动作为1号位打出的['Single', 'R', ['HR']]
[20:33:22] [yf2_v4] [INFO] 1号位打出['Single', '2', ['H2']]， 最大动作为1号位打出的['Single', '2', ['H2']]
[20:33:22] [YFAdapter-P2] [INFO] [YF-P2] Decision context: myPos=2, curPos=1, greaterPos=1, teammate=0, curAction=[, actionList_size=13
[20:33:22] [YFAdapter-P2] [INFO] [YF-P2] Decided: action_index=0, action=['PASS', 'PASS', 'PASS']
[20:33:22] [HybridV4-P2] [INFO] ✓ Decision complete: action=12 (score=162.5, layer=YF), candidates=8, time=0.004s
[20:33:22] [yf2_v4] [INFO] 2号位打出['Single', 'A', ['DA']]， 最大动作为2号位打出的['Single', 'A', ['DA']]
[20:33:22] [yf2_v4] [INFO] 3号位打出['Single', '8', ['C8']]， 最大动作为3号位打出的['Single', '8', ['C8']]
[20:33:22] [yf2_v4] [INFO] 0号位打出['PASS', 'PASS', 'PASS']， 最大动作为3号位打出的['Single', '8', ['C8']]
[20:33:22] [yf2_v4] [INFO] 1号位打出['PASS', 'PASS', 'PASS']， 最大动作为3号位打出的['Single', '8', ['C8']]
[20:33:22] [YFAdapter-P2] [INFO] [YF-P2] Decision context: myPos=2, curPos=1, greaterPos=3, teammate=0, curAction=[, actionList_size=1
[20:33:22] [YFAdapter-P2] [INFO] [YF-P2] Decided: action_index=0, action=['PASS', 'PASS', 'PASS']
[20:33:22] [HybridV4-P2] [INFO] ✓ Decision complete: action=0 (score=95.0, layer=YF), candidates=1, time=0.018s
[20:33:22] [yf2_v4] [INFO] 2号位打出['PASS', 'PASS', 'PASS']， 最大动作为3号位打出的['Single', '8', ['C8']]
[20:33:22] [yf2_v4] [INFO] 3号位打出['Pair', '7', ['S7', 'S7']]， 最大动作为3号位打出的['Pair', '7', ['S7', 'S7']]
[20:33:22] [yf2_v4] [INFO] 0号位打出['Pair', 'Q', ['SQ', 'CQ']]， 最大动作为0号位打出的['Pair', 'Q', ['SQ', 'CQ']]
[20:33:22] [yf2_v4] [INFO] 1号位打出['PASS', 'PASS', 'PASS']， 最大动作为0号位打出的['Pair', 'Q', ['SQ', 'CQ']]
[20:33:22] [YFAdapter-P2] [INFO] [YF-P2] Decision context: myPos=2, curPos=1, greaterPos=0, teammate=0, curAction=[, actionList_size=1
[20:33:22] [YFAdapter-P2] [INFO] [YF-P2] Decided: action_index=0, action=['PASS', 'PASS', 'PASS']
[20:33:22] [HybridV4-P2] [INFO] ✓ Decision complete: action=0 (score=75.0, layer=YF), candidates=1, time=0.002s
[20:33:22] [yf2_v4] [INFO] 2号位打出['PASS', 'PASS', 'PASS']， 最大动作为0号位打出的['Pair', 'Q', ['SQ', 'CQ']]
[20:33:22] [yf2_v4] [INFO] 3号位打出['Pair', 'A', ['HA', 'CA']]， 最大动作为3号位打出的['Pair', 'A', ['HA', 'CA']]
[20:33:22] [yf2_v4] [INFO] 0号位打出['PASS', 'PASS', 'PASS']， 最大动作为3号位打出的['Pair', 'A', ['HA', 'CA']]
[20:33:22] [yf2_v4] [INFO] 1号位打出['PASS', 'PASS', 'PASS']， 最大动作为3号位打出的['Pair', 'A', ['HA', 'CA']]
[20:33:22] [YFAdapter-P2] [INFO] [YF-P2] Decision context: myPos=2, curPos=1, greaterPos=3, teammate=0, curAction=[, actionList_size=1
[20:33:22] [YFAdapter-P2] [INFO] [YF-P2] Decided: action_index=0, action=['PASS', 'PASS', 'PASS']
[20:33:22] [HybridV4-P2] [INFO] ✓ Decision complete: action=0 (score=75.0, layer=YF), candidates=1, time=0.004s
[20:33:22] [yf2_v4] [INFO] 2号位打出['PASS', 'PASS', 'PASS']， 最大动作为3号位打出的['Pair', 'A', ['HA', 'CA']]
[20:33:22] [yf2_v4] [INFO] 3号位打出['ThreeWithTwo', '6', ['S6', 'C6', 'D6', 'H5', 'D5']]， 最大动作为3号位打出的['ThreeWithTwo', '6', ['S6', 'C6', 'D6', 'H5', 'D5']]
[20:33:22] [yf2_v4] [INFO] 0号位打出['ThreeWithTwo', '7', ['H7', 'C7', 'D7', 'H5', 'D5']]， 最大动作为0号位打出的['ThreeWithTwo', '7', ['H7', 'C7', 'D7', 'H5', 'D5']]
[20:33:22] [yf2_v4] [INFO] 1号位打出['ThreeWithTwo', 'T', ['HT', 'CT', 'DT', 'H4', 'H4']]， 最大动作为1号位打出的['ThreeWithTwo', 'T', ['HT', 'CT', 'DT', 'H4', 'H4']]
[20:33:22] [YFAdapter-P2] [INFO] [YF-P2] Decision context: myPos=2, curPos=1, greaterPos=1, teammate=0, curAction=[, actionList_size=5
[20:33:22] [YFAdapter-P2] [INFO] [YF-P2] Decided: action_index=0, action=['PASS', 'PASS', 'PASS']
[20:33:22] [YFAdapter-P2] [WARNING] [YF-P2] 检测到过于保守: 对手快走完(剩1张), 触发Layer 2/3进行更积极的决策
[20:33:22] [HybridV4-P2] [INFO] ✓ Decision complete: action=1 (score=155.6, layer=DecisionEngine), candidates=5, time=0.018s
[20:33:22] [yf2_v4] [INFO] 2号位打出['ThreeWithTwo', 'J', ['SJ', 'HJ', 'CJ', 'H2', 'C2']]， 最大动作为2号位打出的['ThreeWithTwo', 'J', ['SJ', 'HJ', 'CJ', 'H2', 'C2']]
[20:33:22] [yf2_v4] [INFO] 3号位打出['PASS', 'PASS', 'PASS']， 最大动作为2号位打出的['ThreeWithTwo', 'J', ['SJ', 'HJ', 'CJ', 'H2', 'C2']]
[20:33:22] [yf2_v4] [INFO] 0号位打出['PASS', 'PASS', 'PASS']， 最大动作为2号位打出的['ThreeWithTwo', 'J', ['SJ', 'HJ', 'CJ', 'H2', 'C2']]
[20:33:22] [yf2_v4] [INFO] 1号位打出['PASS', 'PASS', 'PASS']， 最大动作为2号位打出的['ThreeWithTwo', 'J', ['SJ', 'HJ', 'CJ', 'H2', 'C2']]
[20:33:22] [YFAdapter-P2] [INFO] [YF-P2] Decision context: myPos=2, curPos=-1, greaterPos=-1, teammate=0, curAction=[, actionList_size=11
[20:33:22] [YFAdapter-P2] [INFO] [YF-P2] Decided: action_index=8, action=['Pair', '4', [['C', '4'], ['D', '4']]]
[20:33:22] [HybridV4-P2] [INFO] ✓ Decision complete: action=8 (score=230.0, layer=YF), candidates=7, time=0.006s
[20:33:22] [yf2_v4] [INFO] 2号位打出['Pair', '4', ['C4', 'D4']]， 最大动作为2号位打出的['Pair', '4', ['C4', 'D4']]
[20:33:22] [yf2_v4] [INFO] 3号位打出['PASS', 'PASS', 'PASS']， 最大动作为2号位打出的['Pair', '4', ['C4', 'D4']]
[20:33:22] [yf2_v4] [INFO] 0号位打出['Pair', 'K', ['HK', 'DK']]， 最大动作为0号位打出的['Pair', 'K', ['HK', 'DK']]
[20:33:22] [yf2_v4] [INFO] 1号位打出['PASS', 'PASS', 'PASS']， 最大动作为0号位打出的['Pair', 'K', ['HK', 'DK']]
[20:33:22] [YFAdapter-P2] [INFO] [YF-P2] Decision context: myPos=2, curPos=1, greaterPos=0, teammate=0, curAction=[, actionList_size=1
[20:33:22] [YFAdapter-P2] [INFO] [YF-P2] Decided: action_index=0, action=['PASS', 'PASS', 'PASS']
[20:33:22] [HybridV4-P2] [INFO] ✓ Decision complete: action=0 (score=-5.0, layer=YF), candidates=1, time=0.004s
[20:33:22] [yf2_v4] [INFO] 2号位打出['PASS', 'PASS', 'PASS']， 最大动作为0号位打出的['Pair', 'K', ['HK', 'DK']]
[20:33:22] [yf2_v4] [INFO] 3号位打出['PASS', 'PASS', 'PASS']， 最大动作为0号位打出的['Pair', 'K', ['HK', 'DK']]
[20:33:22] [yf2_v4] [INFO] 0号位打出['Single', '2', ['S2']]， 最大动作为0号位打出的['Single', '2', ['S2']]
[20:33:22] [yf2_v4] [INFO] 1号位打出['Single', 'J', ['CJ']]， 最大动作为1号位打出的['Single', 'J', ['CJ']]
[20:33:22] [YFAdapter-P2] [INFO] [YF-P2] Decision context: myPos=2, curPos=1, greaterPos=1, teammate=0, curAction=[, actionList_size=4
[20:33:22] [YFAdapter-P2] [INFO] [YF-P2] Decided: action_index=0, action=['PASS', 'PASS', 'PASS']
[20:33:22] [YFAdapter-P2] [WARNING] [YF-P2] 检测到过于保守: 对手快走完(剩1张), 触发Layer 2/3进行更积极的决策
[20:33:22] [HybridV4-P2] [INFO] ✓ Decision complete: action=1 (score=155.6, layer=DecisionEngine), candidates=4, time=0.006s
[20:33:22] [yf2_v4] [INFO] 2号位打出['Single', 'Q', ['HQ']]， 最大动作为2号位打出的['Single', 'Q', ['HQ']]
[20:33:22] [yf2_v4] [INFO] 3号位打出['Single', 'B', ['SB']]， 最大动作为3号位打出的['Single', 'B', ['SB']]
[20:33:22] [yf2_v4] [INFO] 0号位打出['PASS', 'PASS', 'PASS']， 最大动作为3号位打出的['Single', 'B', ['SB']]
[20:33:22] [yf2_v4] [INFO] 1号位打出['PASS', 'PASS', 'PASS']， 最大动作为3号位打出的['Single', 'B', ['SB']]
[20:33:22] [yf2_v4] [INFO] 1号位打出['Single', '2', ['D2']]， 最大动作为1号位打出的['Single', '2', ['D2']]
[20:33:22] [YFAdapter-P2] [INFO] [YF-P2] Decision context: myPos=2, curPos=1, greaterPos=1, teammate=0, curAction=[, actionList_size=6
[20:33:22] [YFAdapter-P2] [INFO] [YF-P2] Decided: action_index=0, action=['PASS', 'PASS', 'PASS']
[20:33:22] [YFAdapter-P2] [WARNING] [YF-P2] 检测到过于保守: 对手快走完(剩0张), 触发Layer 2/3进行更积极的决策
[20:33:22] [HybridV4-P2] [INFO] ✓ Decision complete: action=1 (score=155.6, layer=DecisionEngine), candidates=5, time=0.010s
[20:33:22] [yf2_v4] [INFO] 2号位打出['Single', '6', ['S6']]， 最大动作为2号位打出的['Single', '6', ['S6']]
[20:33:22] [yf2_v4] [INFO] 0号位打出['Single', 'K', ['CK']]， 最大动作为0号位打出的['Single', 'K', ['CK']]
[20:33:22] [yf2_v4] [INFO] 1号位打出['Single', 'A', ['SA']]， 最大动作为1号位打出的['Single', 'A', ['SA']]
[20:33:22] [YFAdapter-P2] [INFO] [YF-P2] Decision context: myPos=2, curPos=1, greaterPos=1, teammate=0, curAction=[, actionList_size=1
[20:33:22] [YFAdapter-P2] [INFO] [YF-P2] Decided: action_index=0, action=['PASS', 'PASS', 'PASS']
[20:33:22] [HybridV4-P2] [INFO] ✓ Decision complete: action=0 (score=-5.0, layer=YF), candidates=1, time=0.005s
[20:33:22] [yf2_v4] [INFO] 2号位打出['PASS', 'PASS', 'PASS']， 最大动作为1号位打出的['Single', 'A', ['SA']]
[20:33:22] [yf2_v4] [INFO] 0号位打出['PASS', 'PASS', 'PASS']， 最大动作为1号位打出的['Single', 'A', ['SA']]
[20:33:22] [yf2_v4] [INFO] 1号位打出['Trips', '9', ['S9', 'H9', 'D9']]， 最大动作为1号位打出的['Trips', '9', ['S9', 'H9', 'D9']]
[20:33:22] [YFAdapter-P2] [INFO] [YF-P2] Decision context: myPos=2, curPos=1, greaterPos=1, teammate=0, curAction=[, actionList_size=1
[20:33:22] [YFAdapter-P2] [INFO] [YF-P2] Decided: action_index=0, action=['PASS', 'PASS', 'PASS']
[20:33:22] [HybridV4-P2] [INFO] ✓ Decision complete: action=0 (score=-5.0, layer=YF), candidates=1, time=0.004s
[20:33:22] [yf2_v4] [INFO] 2号位打出['PASS', 'PASS', 'PASS']， 最大动作为1号位打出的['Trips', '9', ['S9', 'H9', 'D9']]
[20:33:22] [yf2_v4] [INFO] 0号位打出['PASS', 'PASS', 'PASS']， 最大动作为1号位打出的['Trips', '9', ['S9', 'H9', 'D9']]
[20:33:22] [yf2_v4] [INFO] 1号位打出['Single', 'Q', ['DQ']]， 最大动作为1号位打出的['Single', 'Q', ['DQ']]
[20:33:22] [yf2_v4] [INFO] 游戏开始, 我是2号位，手牌：['H2', 'C2', 'D2', 'C4', 'S7', 'C7', 'D7', 'D7', 'H8', 'S9', 'H9', 'H9', 'C9', 'D9', 'D9', 'ST', 'CQ', 'CQ', 'SK', 'SK', 'HK', 'CK', 'SA', 'SJ', 'HJ', 'HR', 'HR']
[20:33:22] [yf2_v4] [INFO] 3号位打出['Single', '5', ['C5']]， 最大动作为3号位打出的['Single', '5', ['C5']]
[20:33:22] [yf2_v4] [INFO] 0号位打出['Single', 'A', ['HA']]， 最大动作为0号位打出的['Single', 'A', ['HA']]
[20:33:22] [yf2_v4] [INFO] 1号位打出['Single', 'J', ['SJ']]， 最大动作为1号位打出的['Single', 'J', ['SJ']]
[20:33:22] [YFAdapter-P2] [INFO] [YF-P2] Decision context: myPos=2, curPos=1, greaterPos=1, teammate=0, curAction=[, actionList_size=49
[20:33:22] [YFAdapter-P2] [INFO] [YF-P2] Decided: action_index=0, action=['PASS', 'PASS', 'PASS']
[20:33:22] [HybridV4-P2] [INFO] ✓ Decision complete: action=1 (score=142.5, layer=YF), candidates=7, time=0.004s
[20:33:22] [yf2_v4] [INFO] 2号位打出['Single', 'R', ['HR']]， 最大动作为2号位打出的['Single', 'R', ['HR']]
[20:33:22] [yf2_v4] [INFO] 3号位打出['Bomb', '3', ['S3', 'H3', 'H3', 'HJ']]， 最大动作为3号位打出的['Bomb', '3', ['S3', 'H3', 'H3', 'HJ']]
[20:33:22] [yf2_v4] [INFO] 0号位打出['Bomb', '5', ['S5', 'H5', 'H5', 'D5']]， 最大动作为0号位打出的['Bomb', '5', ['S5', 'H5', 'H5', 'D5']]
[20:33:22] [yf2_v4] [INFO] 1号位打出['PASS', 'PASS', 'PASS']， 最大动作为0号位打出的['Bomb', '5', ['S5', 'H5', 'H5', 'D5']]
[20:33:22] [YFAdapter-P2] [INFO] [YF-P2] Decision context: myPos=2, curPos=1, greaterPos=0, teammate=0, curAction=[, actionList_size=47
[20:33:22] [YFAdapter-P2] [INFO] [YF-P2] Decided: action_index=0, action=['PASS', 'PASS', 'PASS']
[20:33:22] [HybridV4-P2] [INFO] ✓ Decision complete: action=23 (score=109.0, layer=YF), candidates=8, time=0.005s
[20:33:22] [yf2_v4] [INFO] 2号位打出['Bomb', 'K', ['SK', 'SK', 'HK', 'HJ']]， 最大动作为2号位打出的['Bomb', 'K', ['SK', 'SK', 'HK', 'HJ']]
[20:33:22] [yf2_v4] [INFO] 3号位打出['PASS', 'PASS', 'PASS']， 最大动作为2号位打出的['Bomb', 'K', ['SK', 'SK', 'HK', 'HJ']]
[20:33:23] [yf2_v4] [INFO] 0号位打出['PASS', 'PASS', 'PASS']， 最大动作为2号位打出的['Bomb', 'K', ['SK', 'SK', 'HK', 'HJ']]
[20:33:23] [yf2_v4] [INFO] 1号位打出['PASS', 'PASS', 'PASS']， 最大动作为2号位打出的['Bomb', 'K', ['SK', 'SK', 'HK', 'HJ']]
[20:33:23] [YFAdapter-P2] [INFO] [YF-P2] Decision context: myPos=2, curPos=-1, greaterPos=-1, teammate=0, curAction=[, actionList_size=212
[20:33:23] [YFAdapter-P2] [INFO] [YF-P2] Decided: action_index=3, action=['Single', '4', [['C', '4']]]
[20:33:23] [HybridV4-P2] [INFO] ✓ Decision complete: action=3 (score=110.0, layer=YF), candidates=8, time=0.018s
[20:33:23] [yf2_v4] [INFO] 2号位打出['Single', '4', ['C4']]， 最大动作为2号位打出的['Single', '4', ['C4']]
[20:33:23] [yf2_v4] [INFO] 3号位打出['Single', '9', ['C9']]， 最大动作为3号位打出的['Single', '9', ['C9']]
[20:33:23] [yf2_v4] [INFO] 0号位打出['Single', 'Q', ['HQ']]， 最大动作为0号位打出的['Single', 'Q', ['HQ']]
[20:33:23] [yf2_v4] [INFO] 1号位打出['Single', 'K', ['DK']]， 最大动作为1号位打出的['Single', 'K', ['DK']]
[20:33:23] [YFAdapter-P2] [INFO] [YF-P2] Decision context: myPos=2, curPos=1, greaterPos=1, teammate=0, curAction=[, actionList_size=18
[20:33:23] [YFAdapter-P2] [INFO] [YF-P2] Decided: action_index=0, action=['PASS', 'PASS', 'PASS']
[20:33:23] [HybridV4-P2] [INFO] ✓ Decision complete: action=1 (score=142.5, layer=YF), candidates=8, time=0.010s
[20:33:23] [yf2_v4] [INFO] 2号位打出['Single', 'A', ['SA']]， 最大动作为2号位打出的['Single', 'A', ['SA']]
[20:33:23] [yf2_v4] [INFO] 3号位打出['Single', 'B', ['SB']]， 最大动作为3号位打出的['Single', 'B', ['SB']]
[20:33:23] [yf2_v4] [INFO] 0号位打出['StraightFlush', '6', ['S6', 'S7', 'S8', 'S9', 'ST']]， 最大动作为0号位打出的['StraightFlush', '6', ['S6', 'S7', 'S8', 'S9', 'ST']]
[20:33:23] [yf2_v4] [INFO] 1号位打出['PASS', 'PASS', 'PASS']， 最大动作为0号位打出的['StraightFlush', '6', ['S6', 'S7', 'S8', 'S9', 'ST']]
[20:33:23] [YFAdapter-P2] [INFO] [YF-P2] Decision context: myPos=2, curPos=1, greaterPos=0, teammate=0, curAction=[, actionList_size=2
[20:33:23] [YFAdapter-P2] [INFO] [YF-P2] Decided: action_index=0, action=['PASS', 'PASS', 'PASS']
[20:33:23] [HybridV4-P2] [INFO] ✓ Decision complete: action=1 (score=105.5, layer=YF), candidates=2, time=0.005s
[20:33:23] [yf2_v4] [INFO] 2号位打出['Bomb', '9', ['S9', 'H9', 'H9', 'C9', 'D9', 'D9']]， 最大动作为2号位打出的['Bomb', '9', ['S9', 'H9', 'H9', 'C9', 'D9', 'D9']]
[20:33:23] [yf2_v4] [INFO] 3号位打出['PASS', 'PASS', 'PASS']， 最大动作为2号位打出的['Bomb', '9', ['S9', 'H9', 'H9', 'C9', 'D9', 'D9']]
[20:33:23] [yf2_v4] [INFO] 0号位打出['PASS', 'PASS', 'PASS']， 最大动作为2号位打出的['Bomb', '9', ['S9', 'H9', 'H9', 'C9', 'D9', 'D9']]
[20:33:23] [yf2_v4] [INFO] 1号位打出['PASS', 'PASS', 'PASS']， 最大动作为2号位打出的['Bomb', '9', ['S9', 'H9', 'H9', 'C9', 'D9', 'D9']]
[20:33:23] [YFAdapter-P2] [INFO] [YF-P2] Decision context: myPos=2, curPos=-1, greaterPos=-1, teammate=0, curAction=[, actionList_size=42
[20:33:23] [YFAdapter-P2] [INFO] [YF-P2] Decided: action_index=6, action=['Single', '8', [['H', '8']]]
[20:33:23] [HybridV4-P2] [INFO] ✓ Decision complete: action=6 (score=115.0, layer=YF), candidates=8, time=0.007s
[20:33:23] [yf2_v4] [INFO] 2号位打出['Single', '8', ['H8']]， 最大动作为2号位打出的['Single', '8', ['H8']]
[20:33:23] [yf2_v4] [INFO] 3号位打出['Single', 'Q', ['DQ']]， 最大动作为3号位打出的['Single', 'Q', ['DQ']]
[20:33:23] [yf2_v4] [INFO] 0号位打出['Single', 'K', ['CK']]， 最大动作为0号位打出的['Single', 'K', ['CK']]
[20:33:23] [yf2_v4] [INFO] 1号位打出['Single', 'J', ['DJ']]， 最大动作为1号位打出的['Single', 'J', ['DJ']]
[20:33:23] [YFAdapter-P2] [INFO] [YF-P2] Decision context: myPos=2, curPos=1, greaterPos=1, teammate=0, curAction=[, actionList_size=3
[20:33:23] [YFAdapter-P2] [INFO] [YF-P2] Decided: action_index=0, action=['PASS', 'PASS', 'PASS']
[20:33:23] [HybridV4-P2] [INFO] ✓ Decision complete: action=1 (score=142.5, layer=YF), candidates=3, time=0.008s
[20:33:23] [yf2_v4] [INFO] 2号位打出['Single', 'R', ['HR']]， 最大动作为2号位打出的['Single', 'R', ['HR']]
[20:33:23] [yf2_v4] [INFO] 3号位打出['Bomb', 'A', ['SA', 'CA', 'CA', 'DA']]， 最大动作为3号位打出的['Bomb', 'A', ['SA', 'CA', 'CA', 'DA']]
[20:33:23] [yf2_v4] [INFO] 0号位打出['PASS', 'PASS', 'PASS']， 最大动作为3号位打出的['Bomb', 'A', ['SA', 'CA', 'CA', 'DA']]
[20:33:23] [yf2_v4] [INFO] 1号位打出['PASS', 'PASS', 'PASS']， 最大动作为3号位打出的['Bomb', 'A', ['SA', 'CA', 'CA', 'DA']]
[20:33:23] [YFAdapter-P2] [INFO] [YF-P2] Decision context: myPos=2, curPos=1, greaterPos=3, teammate=0, curAction=[, actionList_size=1
[20:33:23] [YFAdapter-P2] [INFO] [YF-P2] Decided: action_index=0, action=['PASS', 'PASS', 'PASS']
[20:33:23] [HybridV4-P2] [INFO] ✓ Decision complete: action=0 (score=95.0, layer=YF), candidates=1, time=0.004s
[20:33:23] [yf2_v4] [INFO] 2号位打出['PASS', 'PASS', 'PASS']， 最大动作为3号位打出的['Bomb', 'A', ['SA', 'CA', 'CA', 'DA']]
[20:33:23] [yf2_v4] [INFO] 3号位打出['Single', '3', ['C3']]， 最大动作为3号位打出的['Single', '3', ['C3']]
[20:33:23] [yf2_v4] [INFO] 0号位打出['Single', 'K', ['DK']]， 最大动作为0号位打出的['Single', 'K', ['DK']]
[20:33:23] [yf2_v4] [INFO] 1号位打出['Single', 'J', ['DJ']]， 最大动作为1号位打出的['Single', 'J', ['DJ']]
[20:33:23] [YFAdapter-P2] [INFO] [YF-P2] Decision context: myPos=2, curPos=1, greaterPos=1, teammate=0, curAction=[, actionList_size=2
[20:33:23] [YFAdapter-P2] [INFO] [YF-P2] Decided: action_index=0, action=['PASS', 'PASS', 'PASS']
[20:33:23] [HybridV4-P2] [INFO] ✓ Decision complete: action=1 (score=155.5, layer=YF), candidates=2, time=0.008s
[20:33:23] [yf2_v4] [INFO] 2号位打出['Bomb', '7', ['S7', 'C7', 'D7', 'D7']]， 最大动作为2号位打出的['Bomb', '7', ['S7', 'C7', 'D7', 'D7']]
[20:33:23] [yf2_v4] [INFO] 3号位打出['PASS', 'PASS', 'PASS']， 最大动作为2号位打出的['Bomb', '7', ['S7', 'C7', 'D7', 'D7']]
[20:33:23] [yf2_v4] [INFO] 0号位打出['PASS', 'PASS', 'PASS']， 最大动作为2号位打出的['Bomb', '7', ['S7', 'C7', 'D7', 'D7']]
[20:33:23] [yf2_v4] [INFO] 1号位打出['Bomb', 'Q', ['SQ', 'SQ', 'HQ', 'DQ']]， 最大动作为1号位打出的['Bomb', 'Q', ['SQ', 'SQ', 'HQ', 'DQ']]
[20:33:23] [YFAdapter-P2] [INFO] [YF-P2] Decision context: myPos=2, curPos=1, greaterPos=1, teammate=0, curAction=[, actionList_size=1
[20:33:23] [YFAdapter-P2] [INFO] [YF-P2] Decided: action_index=0, action=['PASS', 'PASS', 'PASS']
[20:33:23] [HybridV4-P2] [INFO] ✓ Decision complete: action=0 (score=95.0, layer=YF), candidates=1, time=0.004s
[20:33:23] [yf2_v4] [INFO] 2号位打出['PASS', 'PASS', 'PASS']， 最大动作为1号位打出的['Bomb', 'Q', ['SQ', 'SQ', 'HQ', 'DQ']]
[20:33:23] [yf2_v4] [INFO] 3号位打出['PASS', 'PASS', 'PASS']， 最大动作为1号位打出的['Bomb', 'Q', ['SQ', 'SQ', 'HQ', 'DQ']]
[20:33:23] [yf2_v4] [INFO] 0号位打出['PASS', 'PASS', 'PASS']， 最大动作为1号位打出的['Bomb', 'Q', ['SQ', 'SQ', 'HQ', 'DQ']]
[20:33:23] [yf2_v4] [INFO] 1号位打出['Single', '4', ['C4']]， 最大动作为1号位打出的['Single', '4', ['C4']]
[20:33:23] [YFAdapter-P2] [INFO] [YF-P2] Decision context: myPos=2, curPos=1, greaterPos=1, teammate=0, curAction=[, actionList_size=5
[20:33:23] [YFAdapter-P2] [INFO] [YF-P2] Decided: action_index=0, action=['PASS', 'PASS', 'PASS']
[20:33:23] [HybridV4-P2] [INFO] ✓ Decision complete: action=2 (score=159.0, layer=YF), candidates=5, time=0.016s
[20:33:23] [yf2_v4] [INFO] 2号位打出['Single', 'Q', ['CQ']]， 最大动作为2号位打出的['Single', 'Q', ['CQ']]
[20:33:23] [yf2_v4] [INFO] 3号位打出['Single', 'K', ['HK']]， 最大动作为3号位打出的['Single', 'K', ['HK']]
[20:33:23] [yf2_v4] [INFO] 0号位打出['Single', 'J', ['CJ']]， 最大动作为0号位打出的['Single', 'J', ['CJ']]
[20:33:23] [yf2_v4] [INFO] 1号位打出['Single', 'B', ['SB']]， 最大动作为1号位打出的['Single', 'B', ['SB']]
[20:33:23] [YFAdapter-P2] [INFO] [YF-P2] Decision context: myPos=2, curPos=1, greaterPos=1, teammate=0, curAction=[, actionList_size=1
[20:33:23] [YFAdapter-P2] [INFO] [YF-P2] Decided: action_index=0, action=['PASS', 'PASS', 'PASS']
[20:33:23] [HybridV4-P2] [INFO] ✓ Decision complete: action=0 (score=95.0, layer=YF), candidates=1, time=0.006s
[20:33:23] [yf2_v4] [INFO] 2号位打出['PASS', 'PASS', 'PASS']， 最大动作为1号位打出的['Single', 'B', ['SB']]
[20:33:23] [yf2_v4] [INFO] 3号位打出['PASS', 'PASS', 'PASS']， 最大动作为1号位打出的['Single', 'B', ['SB']]
[20:33:23] [yf2_v4] [INFO] 0号位打出['PASS', 'PASS', 'PASS']， 最大动作为1号位打出的['Single', 'B', ['SB']]
[20:33:23] [yf2_v4] [INFO] 1号位打出['Single', '5', ['S5']]， 最大动作为1号位打出的['Single', '5', ['S5']]
[20:33:23] [YFAdapter-P2] [INFO] [YF-P2] Decision context: myPos=2, curPos=1, greaterPos=1, teammate=0, curAction=[, actionList_size=5
[20:33:23] [YFAdapter-P2] [INFO] [YF-P2] Decided: action_index=0, action=['PASS', 'PASS', 'PASS']
[20:33:23] [HybridV4-P2] [INFO] ✓ Decision complete: action=2 (score=159.0, layer=YF), candidates=5, time=0.005s
[20:33:23] [yf2_v4] [INFO] 2号位打出['Single', 'Q', ['CQ']]， 最大动作为2号位打出的['Single', 'Q', ['CQ']]
[20:33:23] [yf2_v4] [INFO] 3号位打出['PASS', 'PASS', 'PASS']， 最大动作为2号位打出的['Single', 'Q', ['CQ']]
[20:33:23] [yf2_v4] [INFO] 0号位打出['Single', 'J', ['CJ']]， 最大动作为0号位打出的['Single', 'J', ['CJ']]
[20:33:23] [yf2_v4] [INFO] 1号位打出['Bomb', '6', ['S6', 'H6', 'H6', 'C6', 'D6']]， 最大动作为1号位打出的['Bomb', '6', ['S6', 'H6', 'H6', 'C6', 'D6']]
[20:33:23] [YFAdapter-P2] [INFO] [YF-P2] Decision context: myPos=2, curPos=1, greaterPos=1, teammate=0, curAction=[, actionList_size=1
[20:33:23] [YFAdapter-P2] [INFO] [YF-P2] Decided: action_index=0, action=['PASS', 'PASS', 'PASS']
[20:33:23] [HybridV4-P2] [INFO] ✓ Decision complete: action=0 (score=95.0, layer=YF), candidates=1, time=0.004s
[20:33:23] [yf2_v4] [INFO] 2号位打出['PASS', 'PASS', 'PASS']， 最大动作为1号位打出的['Bomb', '6', ['S6', 'H6', 'H6', 'C6', 'D6']]
[20:33:23] [yf2_v4] [INFO] 3号位打出['PASS', 'PASS', 'PASS']， 最大动作为1号位打出的['Bomb', '6', ['S6', 'H6', 'H6', 'C6', 'D6']]
[20:33:23] [yf2_v4] [INFO] 0号位打出['PASS', 'PASS', 'PASS']， 最大动作为1号位打出的['Bomb', '6', ['S6', 'H6', 'H6', 'C6', 'D6']]
[20:33:23] [yf2_v4] [INFO] 1号位打出['Pair', '3', ['S3', 'D3']]， 最大动作为1号位打出的['Pair', '3', ['S3', 'D3']]
[20:33:23] [YFAdapter-P2] [INFO] [YF-P2] Decision context: myPos=2, curPos=1, greaterPos=1, teammate=0, curAction=[, actionList_size=1
[20:33:23] [YFAdapter-P2] [INFO] [YF-P2] Decided: action_index=0, action=['PASS', 'PASS', 'PASS']
[20:33:23] [HybridV4-P2] [INFO] ✓ Decision complete: action=0 (score=95.0, layer=YF), candidates=1, time=0.014s
[20:33:23] [yf2_v4] [INFO] 2号位打出['PASS', 'PASS', 'PASS']， 最大动作为1号位打出的['Pair', '3', ['S3', 'D3']]
[20:33:23] [yf2_v4] [INFO] 3号位打出['Pair', '6', ['C6', 'D6']]， 最大动作为3号位打出的['Pair', '6', ['C6', 'D6']]
[20:33:23] [yf2_v4] [INFO] 0号位打出['Pair', '8', ['C8', 'D8']]， 最大动作为0号位打出的['Pair', '8', ['C8', 'D8']]
[20:33:23] [yf2_v4] [INFO] 1号位打出['Pair', 'A', ['HA', 'DA']]， 最大动作为1号位打出的['Pair', 'A', ['HA', 'DA']]
[20:33:23] [YFAdapter-P2] [INFO] [YF-P2] Decision context: myPos=2, curPos=1, greaterPos=1, teammate=0, curAction=[, actionList_size=1
[20:33:23] [YFAdapter-P2] [INFO] [YF-P2] Decided: action_index=0, action=['PASS', 'PASS', 'PASS']
[20:33:23] [HybridV4-P2] [INFO] ✓ Decision complete: action=0 (score=75.0, layer=YF), candidates=1, time=0.007s
[20:33:23] [yf2_v4] [INFO] 2号位打出['PASS', 'PASS', 'PASS']， 最大动作为1号位打出的['Pair', 'A', ['HA', 'DA']]
[20:33:23] [yf2_v4] [INFO] 3号位打出['PASS', 'PASS', 'PASS']， 最大动作为1号位打出的['Pair', 'A', ['HA', 'DA']]
[20:33:23] [yf2_v4] [INFO] 0号位打出['PASS', 'PASS', 'PASS']， 最大动作为1号位打出的['Pair', 'A', ['HA', 'DA']]
[20:33:23] [yf2_v4] [INFO] 1号位打出['Pair', '8', ['H8', 'D8']]， 最大动作为1号位打出的['Pair', '8', ['H8', 'D8']]
[20:33:23] [YFAdapter-P2] [INFO] [YF-P2] Decision context: myPos=2, curPos=1, greaterPos=1, teammate=0, curAction=[, actionList_size=1
[20:33:23] [YFAdapter-P2] [INFO] [YF-P2] Decided: action_index=0, action=['PASS', 'PASS', 'PASS']
[20:33:23] [HybridV4-P2] [INFO] ✓ Decision complete: action=0 (score=55.0, layer=YF), candidates=1, time=0.004s
[20:33:23] [yf2_v4] [INFO] 2号位打出['PASS', 'PASS', 'PASS']， 最大动作为1号位打出的['Pair', '8', ['H8', 'D8']]
[20:33:23] [yf2_v4] [INFO] 3号位打出['PASS', 'PASS', 'PASS']， 最大动作为1号位打出的['Pair', '8', ['H8', 'D8']]
[20:33:23] [yf2_v4] [INFO] 0号位打出['PASS', 'PASS', 'PASS']， 最大动作为1号位打出的['Pair', '8', ['H8', 'D8']]
[20:33:23] [yf2_v4] [INFO] 1号位打出['ThreeWithTwo', 'T', ['HT', 'DT', 'DT', 'S2', 'H2']]， 最大动作为1号位打出的['ThreeWithTwo', 'T', ['HT', 'DT', 'DT', 'S2', 'H2']]
[20:33:23] [YFAdapter-P2] [INFO] [YF-P2] Decision context: myPos=2, curPos=1, greaterPos=1, teammate=0, curAction=[, actionList_size=1
[20:33:23] [YFAdapter-P2] [INFO] [YF-P2] Decided: action_index=0, action=['PASS', 'PASS', 'PASS']
[20:33:23] [HybridV4-P2] [INFO] ✓ Decision complete: action=0 (score=-5.0, layer=YF), candidates=1, time=0.004s
[20:33:23] [yf2_v4] [INFO] 2号位打出['PASS', 'PASS', 'PASS']， 最大动作为1号位打出的['ThreeWithTwo', 'T', ['HT', 'DT', 'DT', 'S2', 'H2']]
[20:33:23] [yf2_v4] [INFO] 3号位打出['PASS', 'PASS', 'PASS']， 最大动作为1号位打出的['ThreeWithTwo', 'T', ['HT', 'DT', 'DT', 'S2', 'H2']]
[20:33:23] [yf2_v4] [INFO] 3号位打出['Pair', '7', ['H7', 'C7']]， 最大动作为3号位打出的['Pair', '7', ['H7', 'C7']]
[20:33:23] [yf2_v4] [INFO] 0号位打出['PASS', 'PASS', 'PASS']， 最大动作为3号位打出的['Pair', '7', ['H7', 'C7']]
[20:33:23] [YFAdapter-P2] [INFO] [YF-P2] Decision context: myPos=2, curPos=0, greaterPos=3, teammate=0, curAction=[, actionList_size=1
[20:33:23] [YFAdapter-P2] [INFO] [YF-P2] Decided: action_index=0, action=['PASS', 'PASS', 'PASS']
[20:33:23] [HybridV4-P2] [INFO] ✓ Decision complete: action=0 (score=-5.0, layer=YF), candidates=1, time=0.004s
[20:33:23] [yf2_v4] [INFO] 2号位打出['PASS', 'PASS', 'PASS']， 最大动作为3号位打出的['Pair', '7', ['H7', 'C7']]
[20:33:23] [yf2_v4] [INFO] 3号位打出['Pair', '8', ['S8', 'C8']]， 最大动作为3号位打出的['Pair', '8', ['S8', 'C8']]
[20:33:23] [yf2_v4] [INFO] 0号位打出['PASS', 'PASS', 'PASS']， 最大动作为3号位打出的['Pair', '8', ['S8', 'C8']]
[20:33:23] [YFAdapter-P2] [INFO] [YF-P2] Decision context: myPos=2, curPos=0, greaterPos=3, teammate=0, curAction=[, actionList_size=1
[20:33:23] [YFAdapter-P2] [INFO] [YF-P2] Decided: action_index=0, action=['PASS', 'PASS', 'PASS']
[20:33:23] [HybridV4-P2] [INFO] ✓ Decision complete: action=0 (score=-5.0, layer=YF), candidates=1, time=0.004s
[20:33:23] [yf2_v4] [INFO] 2号位打出['PASS', 'PASS', 'PASS']， 最大动作为3号位打出的['Pair', '8', ['S8', 'C8']]
[20:33:23] [yf2_v4] [INFO] 3号位打出['Pair', 'T', ['CT', 'CT']]， 最大动作为3号位打出的['Pair', 'T', ['CT', 'CT']]
[20:33:23] [yf2_v4] [INFO] 0号位打出['PASS', 'PASS', 'PASS']， 最大动作为3号位打出的['Pair', 'T', ['CT', 'CT']]
[20:33:23] [YFAdapter-P2] [INFO] [YF-P2] Decision context: myPos=2, curPos=0, greaterPos=3, teammate=0, curAction=[, actionList_size=1
[20:33:23] [YFAdapter-P2] [INFO] [YF-P2] Decided: action_index=0, action=['PASS', 'PASS', 'PASS']
[20:33:23] [HybridV4-P2] [INFO] ✓ Decision complete: action=0 (score=-5.0, layer=YF), candidates=1, time=0.004s
[20:33:23] [yf2_v4] [INFO] 2号位打出['PASS', 'PASS', 'PASS']， 最大动作为3号位打出的['Pair', 'T', ['CT', 'CT']]
[20:33:23] [yf2_v4] [INFO] 3号位打出['ThreeWithTwo', '4', ['H4', 'D4', 'D4', 'C2', 'D2']]， 最大动作为3号位打出的['ThreeWithTwo', '4', ['H4', 'D4', 'D4', 'C2', 'D2']]
[20:33:23] [yf2_v4] [INFO] 游戏开始, 我是2号位，手牌：['S2', 'H2', 'C2', 'D2', 'S3', 'H3', 'H4', 'D4', 'H5', 'C5', 'D5', 'C6', 'S7', 'C7', 'S8', 'S9', 'C9', 'HT', 'HQ', 'CQ', 'CK', 'SA', 'HA', 'CA', 'DA', 'SB', 'HR']
[20:33:23] [YFAdapter-P2] [INFO] [YF-P2] Decision context: myPos=2, curPos=-1, greaterPos=-1, teammate=0, curAction=[, actionList_size=1
[20:33:23] [YFAdapter-P2] [INFO] [YF-P2] Decided: action_index=0, action=['tribute', 'tribute', [['H', 'R']]]
[20:33:23] [HybridV4-P2] [INFO] ✓ Decision complete: action=0 (score=110.0, layer=YF), candidates=1, time=0.002s
[20:33:23] [YFAdapter-P2] [INFO] [YF-P2] Decision context: myPos=2, curPos=-1, greaterPos=-1, teammate=0, curAction=[, actionList_size=1737
[20:33:23] [YFAdapter-P2] [INFO] [YF-P2] Decided: action_index=1677, action=['Straight', '6', [['C', '6'], ['S', '7'], ['S', '8'], ['S', '9'], ['H', 'T']]]
[20:33:23] [HybridV4-P2] [INFO] ✓ Decision complete: action=1677 (score=110.0, layer=YF), candidates=8, time=0.026s
[20:33:23] [yf2_v4] [INFO] 2号位打出['Straight', '6', ['C6', 'S7', 'S8', 'S9', 'HT']]， 最大动作为2号位打出的['Straight', '6', ['C6', 'S7', 'S8', 'S9', 'HT']]
[20:33:23] [yf2_v4] [INFO] 3号位打出['PASS', 'PASS', 'PASS']， 最大动作为2号位打出的['Straight', '6', ['C6', 'S7', 'S8', 'S9', 'HT']]
[20:33:23] [yf2_v4] [INFO] 0号位打出['StraightFlush', '2', ['H2', 'HA', 'H4', 'H5', 'H6']]， 最大动作为0号位打出的['StraightFlush', '2', ['H2', 'HA', 'H4', 'H5', 'H6']]
[20:33:23] [yf2_v4] [INFO] 1号位打出['PASS', 'PASS', 'PASS']， 最大动作为0号位打出的['StraightFlush', '2', ['H2', 'HA', 'H4', 'H5', 'H6']]
[20:33:23] [YFAdapter-P2] [INFO] [YF-P2] Decision context: myPos=2, curPos=1, greaterPos=0, teammate=0, curAction=[, actionList_size=1
[20:33:23] [YFAdapter-P2] [INFO] [YF-P2] Decided: action_index=0, action=['PASS', 'PASS', 'PASS']
[20:33:23] [HybridV4-P2] [INFO] ✓ Decision complete: action=0 (score=95.0, layer=YF), candidates=1, time=0.003s
[20:33:23] [yf2_v4] [INFO] 2号位打出['PASS', 'PASS', 'PASS']， 最大动作为0号位打出的['StraightFlush', '2', ['H2', 'HA', 'H4', 'H5', 'H6']]
[20:33:23] [yf2_v4] [INFO] 3号位打出['PASS', 'PASS', 'PASS']， 最大动作为0号位打出的['StraightFlush', '2', ['H2', 'HA', 'H4', 'H5', 'H6']]
[20:33:23] [yf2_v4] [INFO] 0号位打出['Single', '4', ['C4']]， 最大动作为0号位打出的['Single', '4', ['C4']]
[20:33:23] [yf2_v4] [INFO] 1号位打出['Single', 'Q', ['DQ']]， 最大动作为1号位打出的['Single', 'Q', ['DQ']]
[20:33:23] [YFAdapter-P2] [INFO] [YF-P2] Decision context: myPos=2, curPos=1, greaterPos=1, teammate=0, curAction=[, actionList_size=17
[20:33:23] [YFAdapter-P2] [INFO] [YF-P2] Decided: action_index=0, action=['PASS', 'PASS', 'PASS']
[20:33:23] [HybridV4-P2] [INFO] ✓ Decision complete: action=2 (score=142.5, layer=YF), candidates=8, time=0.002s
[20:33:23] [yf2_v4] [INFO] 2号位打出['Single', 'A', ['SA']]， 最大动作为2号位打出的['Single', 'A', ['SA']]
[20:33:23] [yf2_v4] [INFO] 3号位打出['Single', 'R', ['HR']]， 最大动作为3号位打出的['Single', 'R', ['HR']]
[20:33:23] [yf2_v4] [INFO] 0号位打出['Bomb', 'J', ['HJ', 'CJ', 'CJ', 'DJ']]， 最大动作为0号位打出的['Bomb', 'J', ['HJ', 'CJ', 'CJ', 'DJ']]
[20:33:24] [yf2_v4] [INFO] 1号位打出['PASS', 'PASS', 'PASS']， 最大动作为0号位打出的['Bomb', 'J', ['HJ', 'CJ', 'CJ', 'DJ']]
[20:33:24] [YFAdapter-P2] [INFO] [YF-P2] Decision context: myPos=2, curPos=1, greaterPos=0, teammate=0, curAction=[, actionList_size=2
[20:33:24] [YFAdapter-P2] [INFO] [YF-P2] Decided: action_index=0, action=['PASS', 'PASS', 'PASS']
[20:33:24] [HybridV4-P2] [INFO] ✓ Decision complete: action=1 (score=112.5, layer=YF), candidates=2, time=0.005s
[20:33:24] [yf2_v4] [INFO] 2号位打出['Bomb', '2', ['S2', 'H2', 'C2', 'D2', 'HA']]， 最大动作为2号位打出的['Bomb', '2', ['S2', 'H2', 'C2', 'D2', 'HA']]
[20:33:24] [yf2_v4] [INFO] 3号位打出['PASS', 'PASS', 'PASS']， 最大动作为2号位打出的['Bomb', '2', ['S2', 'H2', 'C2', 'D2', 'HA']]
[20:33:24] [yf2_v4] [INFO] 0号位打出['StraightFlush', '6', ['D6', 'D7', 'D8', 'D9', 'DT']]， 最大动作为0号位打出的['StraightFlush', '6', ['D6', 'D7', 'D8', 'D9', 'DT']]
[20:33:24] [yf2_v4] [INFO] 1号位打出['PASS', 'PASS', 'PASS']， 最大动作为0号位打出的['StraightFlush', '6', ['D6', 'D7', 'D8', 'D9', 'DT']]
[20:33:24] [YFAdapter-P2] [INFO] [YF-P2] Decision context: myPos=2, curPos=1, greaterPos=0, teammate=0, curAction=[, actionList_size=1
[20:33:24] [YFAdapter-P2] [INFO] [YF-P2] Decided: action_index=0, action=['PASS', 'PASS', 'PASS']
[20:33:24] [HybridV4-P2] [INFO] ✓ Decision complete: action=0 (score=95.0, layer=YF), candidates=1, time=0.005s
[20:33:24] [yf2_v4] [INFO] 2号位打出['PASS', 'PASS', 'PASS']， 最大动作为0号位打出的['StraightFlush', '6', ['D6', 'D7', 'D8', 'D9', 'DT']]
[20:33:24] [yf2_v4] [INFO] 3号位打出['PASS', 'PASS', 'PASS']， 最大动作为0号位打出的['StraightFlush', '6', ['D6', 'D7', 'D8', 'D9', 'DT']]
[20:33:24] [yf2_v4] [INFO] 0号位打出['Single', '8', ['S8']]， 最大动作为0号位打出的['Single', '8', ['S8']]
[20:33:24] [yf2_v4] [INFO] 1号位打出['Single', 'A', ['DA']]， 最大动作为1号位打出的['Single', 'A', ['DA']]
[20:33:24] [YFAdapter-P2] [INFO] [YF-P2] Decision context: myPos=2, curPos=1, greaterPos=1, teammate=0, curAction=[, actionList_size=2
[20:33:24] [YFAdapter-P2] [INFO] [YF-P2] Decided: action_index=0, action=['PASS', 'PASS', 'PASS']
[20:33:24] [HybridV4-P2] [INFO] ✓ Decision complete: action=1 (score=142.5, layer=YF), candidates=2, time=0.007s
[20:33:24] [yf2_v4] [INFO] 2号位打出['Single', 'B', ['SB']]， 最大动作为2号位打出的['Single', 'B', ['SB']]
[20:33:24] [yf2_v4] [INFO] 3号位打出['Bomb', '4', ['S4', 'S4', 'C4', 'D4']]， 最大动作为3号位打出的['Bomb', '4', ['S4', 'S4', 'C4', 'D4']]
[20:33:24] [yf2_v4] [INFO] 0号位打出['PASS', 'PASS', 'PASS']， 最大动作为3号位打出的['Bomb', '4', ['S4', 'S4', 'C4', 'D4']]
[20:33:24] [yf2_v4] [INFO] 1号位打出['PASS', 'PASS', 'PASS']， 最大动作为3号位打出的['Bomb', '4', ['S4', 'S4', 'C4', 'D4']]
[20:33:24] [YFAdapter-P2] [INFO] [YF-P2] Decision context: myPos=2, curPos=1, greaterPos=3, teammate=0, curAction=[, actionList_size=1
[20:33:24] [YFAdapter-P2] [INFO] [YF-P2] Decided: action_index=0, action=['PASS', 'PASS', 'PASS']
[20:33:24] [HybridV4-P2] [INFO] ✓ Decision complete: action=0 (score=95.0, layer=YF), candidates=1, time=0.005s
[20:33:24] [yf2_v4] [INFO] 2号位打出['PASS', 'PASS', 'PASS']， 最大动作为3号位打出的['Bomb', '4', ['S4', 'S4', 'C4', 'D4']]
[20:33:24] [yf2_v4] [INFO] 3号位打出['Single', '2', ['S2']]， 最大动作为3号位打出的['Single', '2', ['S2']]
[20:33:24] [yf2_v4] [INFO] 0号位打出['Single', 'Q', ['HQ']]， 最大动作为0号位打出的['Single', 'Q', ['HQ']]
[20:33:24] [yf2_v4] [INFO] 1号位打出['Single', 'B', ['SB']]， 最大动作为1号位打出的['Single', 'B', ['SB']]
[20:33:24] [YFAdapter-P2] [INFO] [YF-P2] Decision context: myPos=2, curPos=1, greaterPos=1, teammate=0, curAction=[, actionList_size=1
[20:33:24] [YFAdapter-P2] [INFO] [YF-P2] Decided: action_index=0, action=['PASS', 'PASS', 'PASS']
[20:33:24] [HybridV4-P2] [INFO] ✓ Decision complete: action=0 (score=95.0, layer=YF), candidates=1, time=0.002s
[20:33:24] [yf2_v4] [INFO] 2号位打出['PASS', 'PASS', 'PASS']， 最大动作为1号位打出的['Single', 'B', ['SB']]
[20:33:24] [yf2_v4] [INFO] 3号位打出['PASS', 'PASS', 'PASS']， 最大动作为1号位打出的['Single', 'B', ['SB']]
[20:33:24] [yf2_v4] [INFO] 0号位打出['PASS', 'PASS', 'PASS']， 最大动作为1号位打出的['Single', 'B', ['SB']]
[20:33:24] [yf2_v4] [INFO] 1号位打出['Single', '2', ['C2']]， 最大动作为1号位打出的['Single', '2', ['C2']]
[20:33:24] [YFAdapter-P2] [INFO] [YF-P2] Decision context: myPos=2, curPos=1, greaterPos=1, teammate=0, curAction=[, actionList_size=16
[20:33:24] [YFAdapter-P2] [INFO] [YF-P2] Decided: action_index=0, action=['PASS', 'PASS', 'PASS']
[20:33:24] [HybridV4-P2] [INFO] ✓ Decision complete: action=14 (score=142.5, layer=YF), candidates=8, time=0.006s
[20:33:24] [yf2_v4] [INFO] 2号位打出['Single', 'A', ['CA']]， 最大动作为2号位打出的['Single', 'A', ['CA']]
[20:33:24] [yf2_v4] [INFO] 3号位打出['PASS', 'PASS', 'PASS']， 最大动作为2号位打出的['Single', 'A', ['CA']]
[20:33:24] [yf2_v4] [INFO] 0号位打出['PASS', 'PASS', 'PASS']， 最大动作为2号位打出的['Single', 'A', ['CA']]
[20:33:24] [yf2_v4] [INFO] 1号位打出['Single', 'R', ['HR']]， 最大动作为1号位打出的['Single', 'R', ['HR']]
[20:33:24] [YFAdapter-P2] [INFO] [YF-P2] Decision context: myPos=2, curPos=1, greaterPos=1, teammate=0, curAction=[, actionList_size=1
[20:33:24] [YFAdapter-P2] [INFO] [YF-P2] Decided: action_index=0, action=['PASS', 'PASS', 'PASS']
[20:33:24] [HybridV4-P2] [INFO] ✓ Decision complete: action=0 (score=95.0, layer=YF), candidates=1, time=0.005s
[20:33:24] [yf2_v4] [INFO] 2号位打出['PASS', 'PASS', 'PASS']， 最大动作为1号位打出的['Single', 'R', ['HR']]
[20:33:24] [yf2_v4] [INFO] 3号位打出['PASS', 'PASS', 'PASS']， 最大动作为1号位打出的['Single', 'R', ['HR']]
[20:33:24] [yf2_v4] [INFO] 0号位打出['PASS', 'PASS', 'PASS']， 最大动作为1号位打出的['Single', 'R', ['HR']]
[20:33:24] [yf2_v4] [INFO] 1号位打出['Single', '2', ['D2']]， 最大动作为1号位打出的['Single', '2', ['D2']]
[20:33:24] [YFAdapter-P2] [INFO] [YF-P2] Decision context: myPos=2, curPos=1, greaterPos=1, teammate=0, curAction=[, actionList_size=15
[20:33:24] [YFAdapter-P2] [INFO] [YF-P2] Decided: action_index=0, action=['PASS', 'PASS', 'PASS']
[20:33:24] [HybridV4-P2] [INFO] ✓ Decision complete: action=14 (score=142.5, layer=YF), candidates=8, time=0.008s
[20:33:24] [yf2_v4] [INFO] 2号位打出['Single', 'A', ['DA']]， 最大动作为2号位打出的['Single', 'A', ['DA']]
[20:33:24] [yf2_v4] [INFO] 3号位打出['PASS', 'PASS', 'PASS']， 最大动作为2号位打出的['Single', 'A', ['DA']]
[20:33:24] [yf2_v4] [INFO] 0号位打出['PASS', 'PASS', 'PASS']， 最大动作为2号位打出的['Single', 'A', ['DA']]
[20:33:24] [yf2_v4] [INFO] 1号位打出['PASS', 'PASS', 'PASS']， 最大动作为2号位打出的['Single', 'A', ['DA']]
[20:33:24] [YFAdapter-P2] [INFO] [YF-P2] Decision context: myPos=2, curPos=-1, greaterPos=-1, teammate=0, curAction=[, actionList_size=28
[20:33:24] [YFAdapter-P2] [INFO] [YF-P2] Decided: action_index=14, action=['Pair', '4', [['H', '4'], ['D', '4']]]
[20:33:24] [HybridV4-P2] [INFO] ✓ Decision complete: action=14 (score=110.0, layer=YF), candidates=7, time=0.006s
[20:33:24] [yf2_v4] [INFO] 2号位打出['Pair', '4', ['H4', 'D4']]， 最大动作为2号位打出的['Pair', '4', ['H4', 'D4']]
[20:33:24] [yf2_v4] [INFO] 3号位打出['Pair', '7', ['H7', 'H7']]， 最大动作为3号位打出的['Pair', '7', ['H7', 'H7']]
[20:33:24] [yf2_v4] [INFO] 0号位打出['Pair', 'K', ['HK', 'DK']]， 最大动作为0号位打出的['Pair', 'K', ['HK', 'DK']]
[20:33:24] [yf2_v4] [INFO] 1号位打出['PASS', 'PASS', 'PASS']， 最大动作为0号位打出的['Pair', 'K', ['HK', 'DK']]
[20:33:24] [YFAdapter-P2] [INFO] [YF-P2] Decision context: myPos=2, curPos=1, greaterPos=0, teammate=0, curAction=[, actionList_size=1
[20:33:24] [YFAdapter-P2] [INFO] [YF-P2] Decided: action_index=0, action=['PASS', 'PASS', 'PASS']
[20:33:24] [HybridV4-P2] [INFO] ✓ Decision complete: action=0 (score=95.0, layer=YF), candidates=1, time=0.005s
[20:33:24] [yf2_v4] [INFO] 2号位打出['PASS', 'PASS', 'PASS']， 最大动作为0号位打出的['Pair', 'K', ['HK', 'DK']]
[20:33:24] [yf2_v4] [INFO] 3号位打出['Pair', 'A', ['SA', 'CA']]， 最大动作为3号位打出的['Pair', 'A', ['SA', 'CA']]
[20:33:24] [yf2_v4] [INFO] 0号位打出['PASS', 'PASS', 'PASS']， 最大动作为3号位打出的['Pair', 'A', ['SA', 'CA']]
[20:33:24] [yf2_v4] [INFO] 1号位打出['PASS', 'PASS', 'PASS']， 最大动作为3号位打出的['Pair', 'A', ['SA', 'CA']]
[20:33:24] [YFAdapter-P2] [INFO] [YF-P2] Decision context: myPos=2, curPos=1, greaterPos=3, teammate=0, curAction=[, actionList_size=1
[20:33:24] [YFAdapter-P2] [INFO] [YF-P2] Decided: action_index=0, action=['PASS', 'PASS', 'PASS']
[20:33:24] [HybridV4-P2] [INFO] ✓ Decision complete: action=0 (score=95.0, layer=YF), candidates=1, time=0.002s
[20:33:24] [yf2_v4] [INFO] 2号位打出['PASS', 'PASS', 'PASS']， 最大动作为3号位打出的['Pair', 'A', ['SA', 'CA']]
[20:33:24] [yf2_v4] [INFO] 3号位打出['Single', '5', ['C5']]， 最大动作为3号位打出的['Single', '5', ['C5']]
[20:33:24] [yf2_v4] [INFO] 0号位打出['Single', 'Q', ['DQ']]， 最大动作为0号位打出的['Single', 'Q', ['DQ']]
[20:33:24] [yf2_v4] [INFO] 1号位打出['Single', 'K', ['CK']]， 最大动作为1号位打出的['Single', 'K', ['CK']]
[20:33:24] [YFAdapter-P2] [INFO] [YF-P2] Decision context: myPos=2, curPos=1, greaterPos=1, teammate=0, curAction=[, actionList_size=1
[20:33:24] [YFAdapter-P2] [INFO] [YF-P2] Decided: action_index=0, action=['PASS', 'PASS', 'PASS']
[20:33:24] [HybridV4-P2] [INFO] ✓ Decision complete: action=0 (score=95.0, layer=YF), candidates=1, time=0.006s
[20:33:24] [yf2_v4] [INFO] 2号位打出['PASS', 'PASS', 'PASS']， 最大动作为1号位打出的['Single', 'K', ['CK']]
[20:33:24] [yf2_v4] [INFO] 3号位打出['PASS', 'PASS', 'PASS']， 最大动作为1号位打出的['Single', 'K', ['CK']]
[20:33:24] [yf2_v4] [INFO] 0号位打出['PASS', 'PASS', 'PASS']， 最大动作为1号位打出的['Single', 'K', ['CK']]
[20:33:24] [yf2_v4] [INFO] 1号位打出['Single', '3', ['C3']]， 最大动作为1号位打出的['Single', '3', ['C3']]
[20:33:24] [YFAdapter-P2] [INFO] [YF-P2] Decision context: myPos=2, curPos=1, greaterPos=1, teammate=0, curAction=[, actionList_size=10
[20:33:24] [YFAdapter-P2] [INFO] [YF-P2] Decided: action_index=0, action=['PASS', 'PASS', 'PASS']
[20:33:24] [HybridV4-P2] [INFO] ✓ Decision complete: action=7 (score=139.0, layer=YF), candidates=8, time=0.008s
[20:33:24] [yf2_v4] [INFO] 2号位打出['Single', 'Q', ['HQ']]， 最大动作为2号位打出的['Single', 'Q', ['HQ']]
[20:33:24] [yf2_v4] [INFO] 3号位打出['PASS', 'PASS', 'PASS']， 最大动作为2号位打出的['Single', 'Q', ['HQ']]
[20:33:24] [yf2_v4] [INFO] 0号位打出['PASS', 'PASS', 'PASS']， 最大动作为2号位打出的['Single', 'Q', ['HQ']]
[20:33:24] [yf2_v4] [INFO] 1号位打出['Single', 'K', ['SK']]， 最大动作为1号位打出的['Single', 'K', ['SK']]
[20:33:24] [YFAdapter-P2] [INFO] [YF-P2] Decision context: myPos=2, curPos=1, greaterPos=1, teammate=0, curAction=[, actionList_size=1
[20:33:24] [YFAdapter-P2] [INFO] [YF-P2] Decided: action_index=0, action=['PASS', 'PASS', 'PASS']
[20:33:24] [HybridV4-P2] [INFO] ✓ Decision complete: action=0 (score=95.0, layer=YF), candidates=1, time=0.023s
[20:33:24] [yf2_v4] [INFO] 2号位打出['PASS', 'PASS', 'PASS']， 最大动作为1号位打出的['Single', 'K', ['SK']]
[20:33:24] [yf2_v4] [INFO] 3号位打出['PASS', 'PASS', 'PASS']， 最大动作为1号位打出的['Single', 'K', ['SK']]
[20:33:24] [yf2_v4] [INFO] 0号位打出['PASS', 'PASS', 'PASS']， 最大动作为1号位打出的['Single', 'K', ['SK']]
[20:33:24] [yf2_v4] [INFO] 1号位打出['Single', '3', ['C3']]， 最大动作为1号位打出的['Single', '3', ['C3']]
[20:33:24] [YFAdapter-P2] [INFO] [YF-P2] Decision context: myPos=2, curPos=1, greaterPos=1, teammate=0, curAction=[, actionList_size=9
[20:33:24] [YFAdapter-P2] [INFO] [YF-P2] Decided: action_index=0, action=['PASS', 'PASS', 'PASS']
[20:33:24] [HybridV4-P2] [INFO] ✓ Decision complete: action=7 (score=139.0, layer=YF), candidates=8, time=0.004s
[20:33:24] [yf2_v4] [INFO] 2号位打出['Single', 'Q', ['CQ']]， 最大动作为2号位打出的['Single', 'Q', ['CQ']]
[20:33:24] [yf2_v4] [INFO] 3号位打出['Single', 'K', ['DK']]， 最大动作为3号位打出的['Single', 'K', ['DK']]
[20:33:24] [yf2_v4] [INFO] 0号位打出['PASS', 'PASS', 'PASS']， 最大动作为3号位打出的['Single', 'K', ['DK']]
[20:33:24] [yf2_v4] [INFO] 1号位打出['PASS', 'PASS', 'PASS']， 最大动作为3号位打出的['Single', 'K', ['DK']]
[20:33:24] [YFAdapter-P2] [INFO] [YF-P2] Decision context: myPos=2, curPos=1, greaterPos=3, teammate=0, curAction=[, actionList_size=1
[20:33:24] [YFAdapter-P2] [INFO] [YF-P2] Decided: action_index=0, action=['PASS', 'PASS', 'PASS']
[20:33:24] [HybridV4-P2] [INFO] ✓ Decision complete: action=0 (score=95.0, layer=YF), candidates=1, time=0.005s
[20:33:24] [yf2_v4] [INFO] 2号位打出['PASS', 'PASS', 'PASS']， 最大动作为3号位打出的['Single', 'K', ['DK']]
[20:33:24] [yf2_v4] [INFO] 3号位打出['ThreeWithTwo', '9', ['S9', 'H9', 'D9', 'H3', 'D3']]， 最大动作为3号位打出的['ThreeWithTwo', '9', ['S9', 'H9', 'D9', 'H3', 'D3']]
[20:33:24] [yf2_v4] [INFO] 0号位打出['PASS', 'PASS', 'PASS']， 最大动作为3号位打出的['ThreeWithTwo', '9', ['S9', 'H9', 'D9', 'H3', 'D3']]
[20:33:24] [yf2_v4] [INFO] 1号位打出['ThreeWithTwo', 'J', ['SJ', 'SJ', 'HJ', 'H9', 'C9']]， 最大动作为1号位打出的['ThreeWithTwo', 'J', ['SJ', 'SJ', 'HJ', 'H9', 'C9']]
[20:33:24] [YFAdapter-P2] [INFO] [YF-P2] Decision context: myPos=2, curPos=1, greaterPos=1, teammate=0, curAction=[, actionList_size=1
[20:33:24] [YFAdapter-P2] [INFO] [YF-P2] Decided: action_index=0, action=['PASS', 'PASS', 'PASS']
[20:33:24] [HybridV4-P2] [INFO] ✓ Decision complete: action=0 (score=95.0, layer=YF), candidates=1, time=0.011s
[20:33:24] [yf2_v4] [INFO] 2号位打出['PASS', 'PASS', 'PASS']， 最大动作为1号位打出的['ThreeWithTwo', 'J', ['SJ', 'SJ', 'HJ', 'H9', 'C9']]
[20:33:24] [yf2_v4] [INFO] 3号位打出['PASS', 'PASS', 'PASS']， 最大动作为1号位打出的['ThreeWithTwo', 'J', ['SJ', 'SJ', 'HJ', 'H9', 'C9']]
[20:33:24] [yf2_v4] [INFO] 0号位打出['PASS', 'PASS', 'PASS']， 最大动作为1号位打出的['ThreeWithTwo', 'J', ['SJ', 'SJ', 'HJ', 'H9', 'C9']]
[20:33:24] [yf2_v4] [INFO] 1号位打出['Single', '5', ['S5']]， 最大动作为1号位打出的['Single', '5', ['S5']]
[20:33:24] [YFAdapter-P2] [INFO] [YF-P2] Decision context: myPos=2, curPos=1, greaterPos=1, teammate=0, curAction=[, actionList_size=5
[20:33:24] [YFAdapter-P2] [INFO] [YF-P2] Decided: action_index=0, action=['PASS', 'PASS', 'PASS']
[20:33:24] [HybridV4-P2] [INFO] ✓ Decision complete: action=4 (score=166.0, layer=YF), candidates=5, time=0.004s
[20:33:24] [yf2_v4] [INFO] 2号位打出['Single', 'K', ['CK']]， 最大动作为2号位打出的['Single', 'K', ['CK']]
[20:33:24] [yf2_v4] [INFO] 3号位打出['PASS', 'PASS', 'PASS']， 最大动作为2号位打出的['Single', 'K', ['CK']]
[20:33:24] [yf2_v4] [INFO] 0号位打出['PASS', 'PASS', 'PASS']， 最大动作为2号位打出的['Single', 'K', ['CK']]
[20:33:24] [yf2_v4] [INFO] 1号位打出['PASS', 'PASS', 'PASS']， 最大动作为2号位打出的['Single', 'K', ['CK']]
[20:33:24] [YFAdapter-P2] [INFO] [YF-P2] Decision context: myPos=2, curPos=-1, greaterPos=-1, teammate=0, curAction=[, actionList_size=16
[20:33:24] [YFAdapter-P2] [INFO] [YF-P2] Decided: action_index=12, action=['Pair', '7', [['C', '7'], ['D', '7']]]
[20:33:24] [HybridV4-P2] [INFO] ✓ Decision complete: action=12 (score=145.0, layer=YF), candidates=7, time=0.007s
[20:33:24] [yf2_v4] [INFO] 2号位打出['Pair', '7', ['C7', 'D7']]， 最大动作为2号位打出的['Pair', '7', ['C7', 'D7']]
[20:33:24] [yf2_v4] [INFO] 3号位打出['Pair', '8', ['H8', 'C8']]， 最大动作为3号位打出的['Pair', '8', ['H8', 'C8']]
[20:33:24] [yf2_v4] [INFO] 0号位打出['PASS', 'PASS', 'PASS']， 最大动作为3号位打出的['Pair', '8', ['H8', 'C8']]
[20:33:24] [yf2_v4] [INFO] 1号位打出['PASS', 'PASS', 'PASS']， 最大动作为3号位打出的['Pair', '8', ['H8', 'C8']]
[20:33:24] [YFAdapter-P2] [INFO] [YF-P2] Decision context: myPos=2, curPos=1, greaterPos=3, teammate=0, curAction=[, actionList_size=1
[20:33:24] [YFAdapter-P2] [INFO] [YF-P2] Decided: action_index=0, action=['PASS', 'PASS', 'PASS']
[20:33:24] [HybridV4-P2] [INFO] ✓ Decision complete: action=0 (score=75.0, layer=YF), candidates=1, time=0.002s
[20:33:24] [yf2_v4] [INFO] 2号位打出['PASS', 'PASS', 'PASS']， 最大动作为3号位打出的['Pair', '8', ['H8', 'C8']]
[20:33:24] [yf2_v4] [INFO] 3号位打出['ThreeWithTwo', 'Q', ['SQ', 'SQ', 'CQ', 'ST', 'DT']]， 最大动作为3号位打出的['ThreeWithTwo', 'Q', ['SQ', 'SQ', 'CQ', 'ST', 'DT']]
[20:33:24] [yf2_v4] [INFO] 0号位打出['PASS', 'PASS', 'PASS']， 最大动作为3号位打出的['ThreeWithTwo', 'Q', ['SQ', 'SQ', 'CQ', 'ST', 'DT']]
[20:33:24] [yf2_v4] [INFO] 1号位打出['PASS', 'PASS', 'PASS']， 最大动作为3号位打出的['ThreeWithTwo', 'Q', ['SQ', 'SQ', 'CQ', 'ST', 'DT']]
[20:33:24] [YFAdapter-P2] [INFO] [YF-P2] Decision context: myPos=2, curPos=1, greaterPos=3, teammate=0, curAction=[, actionList_size=1
[20:33:24] [YFAdapter-P2] [INFO] [YF-P2] Decided: action_index=0, action=['PASS', 'PASS', 'PASS']
[20:33:24] [HybridV4-P2] [INFO] ✓ Decision complete: action=0 (score=-5.0, layer=YF), candidates=1, time=0.008s
[20:33:24] [yf2_v4] [INFO] 2号位打出['PASS', 'PASS', 'PASS']， 最大动作为3号位打出的['ThreeWithTwo', 'Q', ['SQ', 'SQ', 'CQ', 'ST', 'DT']]
[20:33:24] [yf2_v4] [INFO] 3号位打出['Single', 'J', ['DJ']]， 最大动作为3号位打出的['Single', 'J', ['DJ']]
[20:33:24] [yf2_v4] [INFO] 0号位打出['PASS', 'PASS', 'PASS']， 最大动作为3号位打出的['Single', 'J', ['DJ']]
[20:33:24] [yf2_v4] [INFO] 1号位打出['PASS', 'PASS', 'PASS']， 最大动作为3号位打出的['Single', 'J', ['DJ']]
[20:33:24] [YFAdapter-P2] [INFO] [YF-P2] Decision context: myPos=2, curPos=1, greaterPos=3, teammate=0, curAction=[, actionList_size=1
[20:33:24] [YFAdapter-P2] [INFO] [YF-P2] Decided: action_index=0, action=['PASS', 'PASS', 'PASS']
[20:33:24] [HybridV4-P2] [INFO] ✓ Decision complete: action=0 (score=-5.0, layer=YF), candidates=1, time=0.004s
[20:33:24] [yf2_v4] [INFO] 2号位打出['PASS', 'PASS', 'PASS']， 最大动作为3号位打出的['Single', 'J', ['DJ']]
[20:33:24] [yf2_v4] [INFO] 3号位打出['Pair', 'K', ['SK', 'HK']]， 最大动作为3号位打出的['Pair', 'K', ['SK', 'HK']]
[20:33:24] [yf2_v4] [INFO] 0号位打出['PASS', 'PASS', 'PASS']， 最大动作为3号位打出的['Pair', 'K', ['SK', 'HK']]
[20:33:24] [yf2_v4] [INFO] 1号位打出['PASS', 'PASS', 'PASS']， 最大动作为3号位打出的['Pair', 'K', ['SK', 'HK']]
[20:33:24] [yf2_v4] [INFO] 1号位打出['ThreeWithTwo', '6', ['S6', 'H6', 'D6', 'S5', 'D5']]， 最大动作为1号位打出的['ThreeWithTwo', '6', ['S6', 'H6', 'D6', 'S5', 'D5']]
[20:33:24] [YFAdapter-P2] [INFO] [YF-P2] Decision context: myPos=2, curPos=1, greaterPos=1, teammate=0, curAction=[, actionList_size=1
[20:33:24] [YFAdapter-P2] [INFO] [YF-P2] Decided: action_index=0, action=['PASS', 'PASS', 'PASS']
[20:33:24] [HybridV4-P2] [INFO] ✓ Decision complete: action=0 (score=-5.0, layer=YF), candidates=1, time=0.004s
[20:33:24] [yf2_v4] [INFO] 2号位打出['PASS', 'PASS', 'PASS']， 最大动作为1号位打出的['ThreeWithTwo', '6', ['S6', 'H6', 'D6', 'S5', 'D5']]
[20:33:24] [yf2_v4] [INFO] 0号位打出['PASS', 'PASS', 'PASS']， 最大动作为1号位打出的['ThreeWithTwo', '6', ['S6', 'H6', 'D6', 'S5', 'D5']]
[20:33:24] [yf2_v4] [INFO] 1号位打出['Trips', '8', ['H8', 'C8', 'D8']]， 最大动作为1号位打出的['Trips', '8', ['H8', 'C8', 'D8']]
[20:33:24] [YFAdapter-P2] [INFO] [YF-P2] Decision context: myPos=2, curPos=1, greaterPos=1, teammate=0, curAction=[, actionList_size=1
[20:33:24] [YFAdapter-P2] [INFO] [YF-P2] Decided: action_index=0, action=['PASS', 'PASS', 'PASS']
[20:33:24] [HybridV4-P2] [INFO] ✓ Decision complete: action=0 (score=-5.0, layer=YF), candidates=1, time=0.004s
[20:33:24] [yf2_v4] [INFO] 2号位打出['PASS', 'PASS', 'PASS']， 最大动作为1号位打出的['Trips', '8', ['H8', 'C8', 'D8']]
[20:33:24] [yf2_v4] [INFO] 0号位打出['PASS', 'PASS', 'PASS']， 最大动作为1号位打出的['Trips', '8', ['H8', 'C8', 'D8']]
[20:33:24] [yf2_v4] [INFO] 1号位打出['Trips', 'T', ['HT', 'CT', 'CT']]， 最大动作为1号位打出的['Trips', 'T', ['HT', 'CT', 'CT']]
[20:33:24] [yf2_v4] [INFO] ============================================================
[20:33:24] [yf2_v4] [INFO] GAME RESULT
[20:33:24] [yf2_v4] [INFO] ============================================================
[20:33:24] [yf2_v4] [INFO] Victory counts: [0, 3, 0, 3]
[20:33:24] [yf2_v4] [INFO] Total decisions this game: 347
[20:33:24] [yf2_v4] [INFO] Total games played: 1
[20:33:24] [yf2_v4] [INFO] Layer usage statistics:
[20:33:24] [yf2_v4] [INFO]   KnowledgeEnhanced: 347/347 (100.0%)
[20:33:24] [yf2_v4] [INFO] ============================================================
[20:33:24] [HybridV4-P2] [INFO] Statistics reset
[20:33:44] [yf2_v4] [INFO] Connection closed: no close frame received or sent
[20:33:44] [yf2_v4] [INFO] Disconnected from server
[20:33:44] [HybridV4-P2] [INFO] HybridDecisionEngineV4 initialized
[20:33:44] [yf2_v4] [INFO] ✓ yf2_v4 initialized (Player 2)
