[18:30:18] [HybridV4-P2] [INFO] HybridDecisionEngineV4 initialized
[18:30:18] [yf2_v4] [INFO] ✓ yf2_v4 initialized (Player 2)
[18:30:18] [yf2_v4] [INFO] ✓ Connected to server: ws://127.0.0.1:23456/game/yf2_v4
[18:30:21] [yf2_v4] [INFO] 游戏开始, 我是2号位，手牌：['S3', 'D3', 'S5', 'C6', 'D6', 'S7', 'H8', 'C8', 'D8', 'S9', 'HT', 'CT', 'DT', 'DT', 'SJ', 'CJ', 'DJ', 'SK', 'DK', 'SA', 'CA', 'DA', 'S2', 'C2', 'C2', 'HR', 'HR']
[18:30:21] [YFAdapter-P2] [INFO] YF state initialized: player_id=2
[18:30:21] [YFAdapter-P2] [INFO] YFAdapter initialized for player 2
[18:30:21] [HybridV4-P2] [INFO] YFAdapter initialized (lazy)
[18:30:21] [YFAdapter-P2] [INFO] [YF-P2] Decision context: myPos=2, curPos=-1, greaterPos=-1, teammate=0, curAction=[, actionList_size=218
[18:30:21] [YFAdapter-P2] [INFO] [YF-P2] Decided: action_index=4, action=['Single', '6', [['D', '6']]]
[18:30:21] [HybridV4-P2] [INFO] DecisionEngine initialized (lazy)
[18:30:21] [HybridV4-P2] [INFO] KnowledgeEnhancedDecisionEngine initialized (lazy)
[18:30:21] [HybridV4-P2] [INFO] ✓ Decision complete: action=4 (score=110.0, layer=YF), candidates=8, time=0.064s
[18:30:21] [YFAdapter-P2] [INFO] [YF-P2] Decision context: myPos=2, curPos=1, greaterPos=1, teammate=0, curAction=[, actionList_size=3
[18:30:21] [YFAdapter-P2] [INFO] [YF-P2] Decided: action_index=0, action=['PASS', 'PASS', 'PASS']
[18:30:21] [HybridV4-P2] [INFO] ✓ Decision complete: action=1 (score=142.5, layer=YF), candidates=3, time=0.003s
[18:30:21] [YFAdapter-P2] [INFO] [YF-P2] Decision context: myPos=2, curPos=1, greaterPos=0, teammate=0, curAction=[, actionList_size=1
[18:30:21] [YFAdapter-P2] [INFO] [YF-P2] Decided: action_index=0, action=['PASS', 'PASS', 'PASS']
[18:30:21] [HybridV4-P2] [INFO] ✓ Decision complete: action=0 (score=95.0, layer=YF), candidates=1, time=0.002s
[18:30:21] [YFAdapter-P2] [INFO] [YF-P2] Decision context: myPos=2, curPos=1, greaterPos=0, teammate=0, curAction=[, actionList_size=2
[18:30:21] [YFAdapter-P2] [INFO] [YF-P2] Decided: action_index=0, action=['PASS', 'PASS', 'PASS']
[18:30:21] [HybridV4-P2] [INFO] ✓ Decision complete: action=1 (score=105.5, layer=YF), candidates=2, time=0.005s
[18:30:22] [YFAdapter-P2] [INFO] [YF-P2] Decision context: myPos=2, curPos=1, greaterPos=0, teammate=0, curAction=[, actionList_size=1
[18:30:22] [YFAdapter-P2] [INFO] [YF-P2] Decided: action_index=0, action=['PASS', 'PASS', 'PASS']
[18:30:22] [HybridV4-P2] [INFO] ✓ Decision complete: action=0 (score=95.0, layer=YF), candidates=1, time=0.003s
[18:30:22] [YFAdapter-P2] [INFO] [YF-P2] Decision context: myPos=2, curPos=1, greaterPos=3, teammate=0, curAction=[, actionList_size=1
[18:30:22] [YFAdapter-P2] [INFO] [YF-P2] Decided: action_index=0, action=['PASS', 'PASS', 'PASS']
[18:30:22] [HybridV4-P2] [INFO] ✓ Decision complete: action=0 (score=95.0, layer=YF), candidates=1, time=0.022s
[18:30:22] [YFAdapter-P2] [INFO] [YF-P2] Decision context: myPos=2, curPos=1, greaterPos=1, teammate=0, curAction=[, actionList_size=2
[18:30:22] [YFAdapter-P2] [INFO] [YF-P2] Decided: action_index=0, action=['PASS', 'PASS', 'PASS']
[18:30:22] [HybridV4-P2] [INFO] ✓ Decision complete: action=1 (score=142.5, layer=YF), candidates=2, time=0.009s
[18:30:22] [YFAdapter-P2] [INFO] [YF-P2] Decision context: myPos=2, curPos=-1, greaterPos=-1, teammate=0, curAction=[, actionList_size=86
[18:30:22] [YFAdapter-P2] [INFO] [YF-P2] Decided: action_index=0, action=['Single', '3', [['S', '3']]]
[18:30:22] [HybridV4-P2] [INFO] ✓ Decision complete: action=0 (score=110.0, layer=YF), candidates=8, time=0.006s
[18:30:22] [YFAdapter-P2] [INFO] [YF-P2] Decision context: myPos=2, curPos=1, greaterPos=1, teammate=0, curAction=[, actionList_size=1
[18:30:22] [YFAdapter-P2] [INFO] [YF-P2] Decided: action_index=0, action=['PASS', 'PASS', 'PASS']
[18:30:22] [HybridV4-P2] [INFO] ✓ Decision complete: action=0 (score=95.0, layer=YF), candidates=1, time=0.003s
[18:30:22] [YFAdapter-P2] [INFO] [YF-P2] Decision context: myPos=2, curPos=1, greaterPos=1, teammate=0, curAction=[, actionList_size=12
[18:30:22] [YFAdapter-P2] [INFO] [YF-P2] Decided: action_index=0, action=['PASS', 'PASS', 'PASS']
[18:30:22] [HybridV4-P2] [INFO] ✓ Decision complete: action=7 (score=142.5, layer=YF), candidates=8, time=0.006s
[18:30:22] [YFAdapter-P2] [INFO] [YF-P2] Decision context: myPos=2, curPos=1, greaterPos=0, teammate=0, curAction=[, actionList_size=1
[18:30:22] [YFAdapter-P2] [INFO] [YF-P2] Decided: action_index=0, action=['PASS', 'PASS', 'PASS']
[18:30:22] [HybridV4-P2] [INFO] ✓ Decision complete: action=0 (score=95.0, layer=YF), candidates=1, time=0.013s
[18:30:22] [YFAdapter-P2] [INFO] [YF-P2] Decision context: myPos=2, curPos=1, greaterPos=1, teammate=0, curAction=[, actionList_size=8
[18:30:22] [YFAdapter-P2] [INFO] [YF-P2] Decided: action_index=0, action=['PASS', 'PASS', 'PASS']
[18:30:22] [HybridV4-P2] [INFO] ✓ Decision complete: action=5 (score=142.5, layer=YF), candidates=7, time=0.012s
[18:30:22] [YFAdapter-P2] [INFO] [YF-P2] Decision context: myPos=2, curPos=-1, greaterPos=-1, teammate=0, curAction=[, actionList_size=49
[18:30:22] [YFAdapter-P2] [INFO] [YF-P2] Decided: action_index=0, action=['Single', '3', [['D', '3']]]
[18:30:22] [HybridV4-P2] [INFO] ✓ Decision complete: action=0 (score=110.0, layer=YF), candidates=8, time=0.012s
[18:30:22] [YFAdapter-P2] [INFO] [YF-P2] Decision context: myPos=2, curPos=1, greaterPos=3, teammate=0, curAction=[, actionList_size=1
[18:30:22] [YFAdapter-P2] [INFO] [YF-P2] Decided: action_index=0, action=['PASS', 'PASS', 'PASS']
[18:30:22] [HybridV4-P2] [INFO] ✓ Decision complete: action=0 (score=95.0, layer=YF), candidates=1, time=0.003s
[18:30:22] [YFAdapter-P2] [INFO] [YF-P2] Decision context: myPos=2, curPos=1, greaterPos=1, teammate=0, curAction=[, actionList_size=20
[18:30:22] [YFAdapter-P2] [INFO] [YF-P2] Decided: action_index=0, action=['PASS', 'PASS', 'PASS']
[18:30:22] [HybridV4-P2] [INFO] ✓ Decision complete: action=13 (score=162.5, layer=YF), candidates=8, time=0.014s
[18:30:22] [YFAdapter-P2] [INFO] [YF-P2] Decision context: myPos=2, curPos=-1, greaterPos=-1, teammate=0, curAction=[, actionList_size=17
[18:30:22] [YFAdapter-P2] [INFO] [YF-P2] Decided: action_index=16, action=['Straight', '5', [['S', '5'], ['C', '6'], ['S', '7'], ['C', '8'], ['S', '9']]]
[18:30:22] [HybridV4-P2] [INFO] ✓ Decision complete: action=16 (score=130.0, layer=YF), candidates=7, time=0.013s
[18:30:22] [YFAdapter-P2] [INFO] [YF-P2] Decision context: myPos=2, curPos=1, greaterPos=3, teammate=0, curAction=[, actionList_size=1
[18:30:22] [YFAdapter-P2] [INFO] [YF-P2] Decided: action_index=0, action=['PASS', 'PASS', 'PASS']
[18:30:22] [HybridV4-P2] [INFO] ✓ Decision complete: action=0 (score=75.0, layer=YF), candidates=1, time=0.014s
[18:30:22] [YFAdapter-P2] [INFO] [YF-P2] Decision context: myPos=2, curPos=1, greaterPos=3, teammate=0, curAction=[, actionList_size=2
[18:30:22] [YFAdapter-P2] [INFO] [YF-P2] Decided: action_index=0, action=['PASS', 'PASS', 'PASS']
[18:30:22] [YFAdapter-P2] [WARNING] [YF-P2] 检测到过于保守: 对手快走完(剩3张), 触发Layer 2/3进行更积极的决策
[18:30:22] [HybridV4-P2] [INFO] ✓ Decision complete: action=1 (score=155.6, layer=DecisionEngine), candidates=2, time=0.006s
[18:30:22] [YFAdapter-P2] [INFO] [YF-P2] Decision context: myPos=2, curPos=-1, greaterPos=-1, teammate=0, curAction=[, actionList_size=3
[18:30:22] [YFAdapter-P2] [INFO] [YF-P2] Decided: action_index=2, action=['Pair', 'K', [['S', 'K'], ['D', 'K']]]
[18:30:22] [HybridV4-P2] [INFO] ✓ Decision complete: action=2 (score=240.0, layer=YF), candidates=3, time=0.004s
[18:30:22] [yf2_v4] [INFO] 游戏开始, 我是2号位，手牌：['S2', 'S2', 'D2', 'D2', 'S5', 'S5', 'C5', 'D5', 'S6', 'H6', 'C6', 'S7', 'H7', 'C7', 'S8', 'H8', 'D8', 'DT', 'DJ', 'DJ', 'CK', 'DA', 'S3', 'H3', 'D3', 'D3', 'SB']
[18:30:22] [YFAdapter-P2] [INFO] [YF-P2] Decision context: myPos=2, curPos=-1, greaterPos=-1, teammate=0, curAction=[, actionList_size=15
[18:30:22] [YFAdapter-P2] [ERROR] YF rule_parse failed: 'NoneType' object is not iterable
Traceback (most recent call last):
  File "D:\guandanscore\YiFeiAI-GD\src\communication\lalala_adapter_v4.py", line 456, in _make_yf_decision
    act_index = self.yf_action.rule_parse(
        message,
    ...<6 lines>...
        self.yf_state.tribute_result
    )
  File "D:\NYGD\lalala\action.py", line 1391, in rule_parse
    self.act = self.back_action(msg,mypos,tribute_result)
               ~~~~~~~~~~~~~~~~^^^^^^^^^^^^^^^^^^^^^^^^^^
  File "D:\NYGD\lalala\action.py", line 1331, in back_action
    card = choose_in_single(combined_temp["Single"])
  File "D:\NYGD\lalala\action.py", line 1212, in choose_in_single
    for my_pos in tribute_result:
                  ^^^^^^^^^^^^^^
TypeError: 'NoneType' object is not iterable
[18:30:22] [YFAdapter-P2] [ERROR] YF decision failed: YF decision failed: 'NoneType' object is not iterable
Traceback (most recent call last):
  File "D:\guandanscore\YiFeiAI-GD\src\communication\lalala_adapter_v4.py", line 456, in _make_yf_decision
    act_index = self.yf_action.rule_parse(
        message,
    ...<6 lines>...
        self.yf_state.tribute_result
    )
  File "D:\NYGD\lalala\action.py", line 1391, in rule_parse
    self.act = self.back_action(msg,mypos,tribute_result)
               ~~~~~~~~~~~~~~~~^^^^^^^^^^^^^^^^^^^^^^^^^^
  File "D:\NYGD\lalala\action.py", line 1331, in back_action
    card = choose_in_single(combined_temp["Single"])
  File "D:\NYGD\lalala\action.py", line 1212, in choose_in_single
    for my_pos in tribute_result:
                  ^^^^^^^^^^^^^^
TypeError: 'NoneType' object is not iterable

During handling of the above exception, another exception occurred:

Traceback (most recent call last):
  File "D:\guandanscore\YiFeiAI-GD\src\communication\lalala_adapter_v4.py", line 90, in decide
    action_index = self._make_yf_decision(converted_message)
  File "D:\guandanscore\YiFeiAI-GD\src\communication\lalala_adapter_v4.py", line 520, in _make_yf_decision
    raise RuntimeError(f"YF decision failed: {e}")
RuntimeError: YF decision failed: 'NoneType' object is not iterable
[18:30:22] [HybridV4-P2] [INFO] ✓ Decision complete: action=0 (score=0.5, layer=DecisionEngine), candidates=5, time=0.017s
[18:30:22] [YFAdapter-P2] [INFO] [YF-P2] Decision context: myPos=2, curPos=1, greaterPos=1, teammate=0, curAction=[, actionList_size=22
[18:30:22] [YFAdapter-P2] [INFO] [YF-P2] Decided: action_index=0, action=['PASS', 'PASS', 'PASS']
[18:30:22] [HybridV4-P2] [INFO] ✓ Decision complete: action=7 (score=142.5, layer=YF), candidates=8, time=0.003s
[18:30:22] [YFAdapter-P2] [INFO] [YF-P2] Decision context: myPos=2, curPos=1, greaterPos=0, teammate=0, curAction=[, actionList_size=3
[18:30:22] [YFAdapter-P2] [INFO] [YF-P2] Decided: action_index=0, action=['PASS', 'PASS', 'PASS']
[18:30:22] [HybridV4-P2] [INFO] ✓ Decision complete: action=1 (score=102.0, layer=YF), candidates=3, time=0.007s
[18:30:22] [YFAdapter-P2] [INFO] [YF-P2] Decision context: myPos=2, curPos=-1, greaterPos=-1, teammate=0, curAction=[, actionList_size=202
[18:30:22] [YFAdapter-P2] [INFO] [YF-P2] Decided: action_index=0, action=['Single', '2', [['S', '2']]]
[18:30:22] [HybridV4-P2] [INFO] ✓ Decision complete: action=0 (score=125.0, layer=YF), candidates=8, time=0.017s
[18:30:22] [YFAdapter-P2] [INFO] [YF-P2] Decision context: myPos=2, curPos=1, greaterPos=1, teammate=0, curAction=[, actionList_size=3
[18:30:22] [YFAdapter-P2] [INFO] [YF-P2] Decided: action_index=0, action=['PASS', 'PASS', 'PASS']
[18:30:22] [HybridV4-P2] [INFO] ✓ Decision complete: action=1 (score=142.5, layer=YF), candidates=3, time=0.007s
[18:30:22] [YFAdapter-P2] [INFO] [YF-P2] Decision context: myPos=2, curPos=1, greaterPos=1, teammate=0, curAction=[, actionList_size=1
[18:30:22] [YFAdapter-P2] [INFO] [YF-P2] Decided: action_index=0, action=['PASS', 'PASS', 'PASS']
[18:30:22] [HybridV4-P2] [INFO] ✓ Decision complete: action=0 (score=95.0, layer=YF), candidates=1, time=0.004s
[18:30:22] [YFAdapter-P2] [INFO] [YF-P2] Decision context: myPos=2, curPos=1, greaterPos=1, teammate=0, curAction=[, actionList_size=2
[18:30:22] [YFAdapter-P2] [INFO] [YF-P2] Decided: action_index=0, action=['PASS', 'PASS', 'PASS']
[18:30:22] [HybridV4-P2] [INFO] ✓ Decision complete: action=1 (score=132.0, layer=YF), candidates=2, time=0.015s
[18:30:22] [YFAdapter-P2] [INFO] [YF-P2] Decision context: myPos=2, curPos=1, greaterPos=3, teammate=0, curAction=[, actionList_size=1
[18:30:22] [YFAdapter-P2] [INFO] [YF-P2] Decided: action_index=0, action=['PASS', 'PASS', 'PASS']
[18:30:22] [HybridV4-P2] [INFO] ✓ Decision complete: action=0 (score=95.0, layer=YF), candidates=1, time=0.002s
[18:30:22] [YFAdapter-P2] [INFO] [YF-P2] Decision context: myPos=2, curPos=1, greaterPos=1, teammate=0, curAction=[, actionList_size=2
[18:30:22] [YFAdapter-P2] [INFO] [YF-P2] Decided: action_index=0, action=['PASS', 'PASS', 'PASS']
[18:30:22] [HybridV4-P2] [INFO] ✓ Decision complete: action=1 (score=162.5, layer=YF), candidates=2, time=0.005s
[18:30:22] [YFAdapter-P2] [INFO] [YF-P2] Decision context: myPos=2, curPos=1, greaterPos=3, teammate=0, curAction=[, actionList_size=1
[18:30:22] [YFAdapter-P2] [INFO] [YF-P2] Decided: action_index=0, action=['PASS', 'PASS', 'PASS']
[18:30:22] [HybridV4-P2] [INFO] ✓ Decision complete: action=0 (score=95.0, layer=YF), candidates=1, time=0.014s
[18:30:22] [YFAdapter-P2] [INFO] [YF-P2] Decision context: myPos=2, curPos=1, greaterPos=3, teammate=0, curAction=[, actionList_size=1
[18:30:22] [YFAdapter-P2] [INFO] [YF-P2] Decided: action_index=0, action=['PASS', 'PASS', 'PASS']
[18:30:22] [HybridV4-P2] [INFO] ✓ Decision complete: action=0 (score=95.0, layer=YF), candidates=1, time=0.002s
[18:30:22] [YFAdapter-P2] [INFO] [YF-P2] Decision context: myPos=2, curPos=1, greaterPos=3, teammate=0, curAction=[, actionList_size=1
[18:30:22] [YFAdapter-P2] [INFO] [YF-P2] Decided: action_index=0, action=['PASS', 'PASS', 'PASS']
[18:30:22] [HybridV4-P2] [INFO] ✓ Decision complete: action=0 (score=75.0, layer=YF), candidates=1, time=0.002s
[18:30:23] [YFAdapter-P2] [INFO] [YF-P2] Decision context: myPos=2, curPos=1, greaterPos=3, teammate=0, curAction=[, actionList_size=1
[18:30:23] [YFAdapter-P2] [INFO] [YF-P2] Decided: action_index=0, action=['PASS', 'PASS', 'PASS']
[18:30:23] [HybridV4-P2] [INFO] ✓ Decision complete: action=0 (score=-5.0, layer=YF), candidates=1, time=0.010s
[18:30:23] [YFAdapter-P2] [INFO] [YF-P2] Decision context: myPos=2, curPos=1, greaterPos=1, teammate=0, curAction=[, actionList_size=25
[18:30:23] [YFAdapter-P2] [INFO] [YF-P2] Decided: action_index=0, action=['PASS', 'PASS', 'PASS']
[18:30:23] [YFAdapter-P2] [WARNING] [YF-P2] 检测到过于保守: 对手快走完(剩0张), 触发Layer 2/3进行更积极的决策
[18:30:23] [HybridV4-P2] [INFO] ✓ Decision complete: action=1 (score=155.6, layer=DecisionEngine), candidates=5, time=0.006s
[18:30:23] [YFAdapter-P2] [INFO] [YF-P2] Decision context: myPos=2, curPos=1, greaterPos=1, teammate=0, curAction=[, actionList_size=1
[18:30:23] [YFAdapter-P2] [INFO] [YF-P2] Decided: action_index=0, action=['PASS', 'PASS', 'PASS']
[18:30:23] [HybridV4-P2] [INFO] ✓ Decision complete: action=0 (score=-5.0, layer=YF), candidates=1, time=0.009s
[18:30:23] [YFAdapter-P2] [INFO] [YF-P2] Decision context: myPos=2, curPos=1, greaterPos=1, teammate=0, curAction=[, actionList_size=4
[18:30:23] [YFAdapter-P2] [INFO] [YF-P2] Decided: action_index=0, action=['PASS', 'PASS', 'PASS']
[18:30:23] [YFAdapter-P2] [WARNING] [YF-P2] 检测到过于保守: 对手快走完(剩0张), 触发Layer 2/3进行更积极的决策
[18:30:23] [HybridV4-P2] [INFO] ✓ Decision complete: action=1 (score=155.6, layer=DecisionEngine), candidates=4, time=0.015s
[18:30:23] [YFAdapter-P2] [INFO] [YF-P2] Decision context: myPos=2, curPos=1, greaterPos=0, teammate=0, curAction=[, actionList_size=2
[18:30:23] [YFAdapter-P2] [INFO] [YF-P2] Decided: action_index=0, action=['PASS', 'PASS', 'PASS']
[18:30:23] [YFAdapter-P2] [WARNING] [YF-P2] 检测到过于保守: 对手快走完(剩0张), 触发Layer 2/3进行更积极的决策
[18:30:23] [HybridV4-P2] [INFO] ✓ Decision complete: action=1 (score=125.6, layer=DecisionEngine), candidates=2, time=0.013s
[18:30:23] [YFAdapter-P2] [INFO] [YF-P2] Decision context: myPos=2, curPos=-1, greaterPos=-1, teammate=0, curAction=[, actionList_size=24
[18:30:23] [YFAdapter-P2] [INFO] [YF-P2] Decided: action_index=0, action=['Single', '7', [['S', '7']]]
[18:30:23] [YFAdapter-P2] [WARNING] [YF-P2] 检测到过于保守: 对手快走完(剩0张), 触发Layer 2/3进行更积极的决策
[18:30:23] [HybridV4-P2] [INFO] ✓ Decision complete: action=7 (score=100.6, layer=DecisionEngine), candidates=5, time=0.012s
[18:30:23] [YFAdapter-P2] [INFO] [YF-P2] Decision context: myPos=2, curPos=1, greaterPos=1, teammate=0, curAction=[, actionList_size=1
[18:30:23] [YFAdapter-P2] [INFO] [YF-P2] Decided: action_index=0, action=['PASS', 'PASS', 'PASS']
[18:30:23] [HybridV4-P2] [INFO] ✓ Decision complete: action=0 (score=-5.0, layer=YF), candidates=1, time=0.003s
[18:30:23] [yf2_v4] [INFO] 游戏开始, 我是2号位，手牌：['S2', 'S3', 'C3', 'D3', 'H6', 'H7', 'D7', 'D7', 'H8', 'D8', 'S9', 'H9', 'D9', 'D9', 'ST', 'HT', 'HT', 'DT', 'DT', 'CJ', 'DJ', 'CQ', 'CQ', 'DQ', 'S5', 'C5', 'D5']
[18:30:23] [YFAdapter-P2] [INFO] [YF-P2] Decision context: myPos=2, curPos=-1, greaterPos=-1, teammate=0, curAction=[, actionList_size=3
[18:30:23] [YFAdapter-P2] [INFO] [YF-P2] Decided: action_index=0, action=['tribute', 'tribute', [['S', '5']]]
[18:30:23] [HybridV4-P2] [INFO] ✓ Decision complete: action=0 (score=110.0, layer=YF), candidates=3, time=0.004s
[18:30:23] [YFAdapter-P2] [INFO] [YF-P2] Decision context: myPos=2, curPos=1, greaterPos=1, teammate=0, curAction=[, actionList_size=115
[18:30:23] [YFAdapter-P2] [INFO] [YF-P2] Decided: action_index=0, action=['PASS', 'PASS', 'PASS']
[18:30:23] [HybridV4-P2] [INFO] ✓ Decision complete: action=86 (score=139.0, layer=YF), candidates=8, time=0.005s
[18:30:23] [YFAdapter-P2] [INFO] [YF-P2] Decision context: myPos=2, curPos=1, greaterPos=0, teammate=0, curAction=[, actionList_size=8
[18:30:23] [YFAdapter-P2] [INFO] [YF-P2] Decided: action_index=0, action=['PASS', 'PASS', 'PASS']
[18:30:23] [HybridV4-P2] [INFO] ✓ Decision complete: action=1 (score=105.5, layer=YF), candidates=6, time=0.003s
[18:30:23] [YFAdapter-P2] [INFO] [YF-P2] Decision context: myPos=2, curPos=1, greaterPos=3, teammate=0, curAction=[, actionList_size=2
[18:30:23] [YFAdapter-P2] [INFO] [YF-P2] Decided: action_index=0, action=['PASS', 'PASS', 'PASS']
[18:30:23] [HybridV4-P2] [INFO] ✓ Decision complete: action=1 (score=135.5, layer=YF), candidates=2, time=0.006s
[18:30:23] [YFAdapter-P2] [INFO] [YF-P2] Decision context: myPos=2, curPos=1, greaterPos=3, teammate=0, curAction=[, actionList_size=1
[18:30:23] [YFAdapter-P2] [INFO] [YF-P2] Decided: action_index=0, action=['PASS', 'PASS', 'PASS']
[18:30:23] [HybridV4-P2] [INFO] ✓ Decision complete: action=0 (score=95.0, layer=YF), candidates=1, time=0.007s
[18:30:23] [YFAdapter-P2] [INFO] [YF-P2] Decision context: myPos=2, curPos=1, greaterPos=0, teammate=0, curAction=[, actionList_size=1
[18:30:23] [YFAdapter-P2] [INFO] [YF-P2] Decided: action_index=0, action=['PASS', 'PASS', 'PASS']
[18:30:23] [HybridV4-P2] [INFO] ✓ Decision complete: action=0 (score=95.0, layer=YF), candidates=1, time=0.008s
[18:30:23] [YFAdapter-P2] [INFO] [YF-P2] Decision context: myPos=2, curPos=1, greaterPos=3, teammate=0, curAction=[, actionList_size=1
[18:30:23] [YFAdapter-P2] [INFO] [YF-P2] Decided: action_index=0, action=['PASS', 'PASS', 'PASS']
[18:30:23] [HybridV4-P2] [INFO] ✓ Decision complete: action=0 (score=95.0, layer=YF), candidates=1, time=0.008s
[18:30:23] [YFAdapter-P2] [INFO] [YF-P2] Decision context: myPos=2, curPos=1, greaterPos=1, teammate=0, curAction=[, actionList_size=1
[18:30:23] [YFAdapter-P2] [INFO] [YF-P2] Decided: action_index=0, action=['PASS', 'PASS', 'PASS']
[18:30:23] [HybridV4-P2] [INFO] ✓ Decision complete: action=0 (score=95.0, layer=YF), candidates=1, time=0.011s
[18:30:23] [YFAdapter-P2] [INFO] [YF-P2] Decision context: myPos=2, curPos=1, greaterPos=1, teammate=0, curAction=[, actionList_size=2
[18:30:23] [YFAdapter-P2] [INFO] [YF-P2] Decided: action_index=0, action=['PASS', 'PASS', 'PASS']
[18:30:23] [HybridV4-P2] [INFO] ✓ Decision complete: action=1 (score=155.5, layer=YF), candidates=2, time=0.011s
[18:30:23] [YFAdapter-P2] [INFO] [YF-P2] Decision context: myPos=2, curPos=1, greaterPos=1, teammate=0, curAction=[, actionList_size=1
[18:30:23] [YFAdapter-P2] [INFO] [YF-P2] Decided: action_index=0, action=['PASS', 'PASS', 'PASS']
[18:30:23] [HybridV4-P2] [INFO] ✓ Decision complete: action=0 (score=95.0, layer=YF), candidates=1, time=0.009s
[18:30:23] [YFAdapter-P2] [INFO] [YF-P2] Decision context: myPos=2, curPos=1, greaterPos=1, teammate=0, curAction=[, actionList_size=1
[18:30:23] [YFAdapter-P2] [INFO] [YF-P2] Decided: action_index=0, action=['PASS', 'PASS', 'PASS']
[18:30:23] [HybridV4-P2] [INFO] ✓ Decision complete: action=0 (score=75.0, layer=YF), candidates=1, time=0.009s
[18:30:23] [YFAdapter-P2] [INFO] [YF-P2] Decision context: myPos=2, curPos=1, greaterPos=1, teammate=0, curAction=[, actionList_size=1
[18:30:23] [YFAdapter-P2] [INFO] [YF-P2] Decided: action_index=0, action=['PASS', 'PASS', 'PASS']
[18:30:23] [HybridV4-P2] [INFO] ✓ Decision complete: action=0 (score=55.0, layer=YF), candidates=1, time=0.010s
[18:30:23] [YFAdapter-P2] [INFO] [YF-P2] Decision context: myPos=2, curPos=1, greaterPos=1, teammate=0, curAction=[, actionList_size=1
[18:30:23] [YFAdapter-P2] [INFO] [YF-P2] Decided: action_index=0, action=['PASS', 'PASS', 'PASS']
[18:30:23] [HybridV4-P2] [INFO] ✓ Decision complete: action=0 (score=-5.0, layer=YF), candidates=1, time=0.006s
[18:30:23] [YFAdapter-P2] [INFO] [YF-P2] Decision context: myPos=2, curPos=1, greaterPos=1, teammate=0, curAction=[, actionList_size=3
[18:30:23] [YFAdapter-P2] [INFO] [YF-P2] Decided: action_index=0, action=['PASS', 'PASS', 'PASS']
[18:30:23] [YFAdapter-P2] [WARNING] [YF-P2] 检测到过于保守: 对手快走完(剩1张), 触发Layer 2/3进行更积极的决策
[18:30:23] [HybridV4-P2] [INFO] ✓ Decision complete: action=1 (score=155.6, layer=DecisionEngine), candidates=3, time=0.014s
[18:30:23] [YFAdapter-P2] [INFO] [YF-P2] Decision context: myPos=2, curPos=1, greaterPos=3, teammate=0, curAction=[, actionList_size=1
[18:30:23] [YFAdapter-P2] [INFO] [YF-P2] Decided: action_index=0, action=['PASS', 'PASS', 'PASS']
[18:30:23] [HybridV4-P2] [INFO] ✓ Decision complete: action=0 (score=-5.0, layer=YF), candidates=1, time=0.014s
[18:30:23] [YFAdapter-P2] [INFO] [YF-P2] Decision context: myPos=2, curPos=1, greaterPos=1, teammate=0, curAction=[, actionList_size=1
[18:30:23] [YFAdapter-P2] [INFO] [YF-P2] Decided: action_index=0, action=['PASS', 'PASS', 'PASS']
[18:30:23] [HybridV4-P2] [INFO] ✓ Decision complete: action=0 (score=-5.0, layer=YF), candidates=1, time=0.006s
[18:30:23] [YFAdapter-P2] [INFO] [YF-P2] Decision context: myPos=2, curPos=0, greaterPos=0, teammate=0, curAction=[, actionList_size=6
[18:30:23] [YFAdapter-P2] [INFO] [YF-P2] Decided: action_index=0, action=['PASS', 'PASS', 'PASS']
[18:30:23] [YFAdapter-P2] [WARNING] [YF-P2] 检测到过于保守: 对手快走完(剩0张), 触发Layer 2/3进行更积极的决策
[18:30:23] [HybridV4-P2] [INFO] ✓ Decision complete: action=1 (score=100.6, layer=DecisionEngine), candidates=5, time=0.015s
[18:30:23] [YFAdapter-P2] [INFO] [YF-P2] Decision context: myPos=2, curPos=0, greaterPos=0, teammate=0, curAction=[, actionList_size=2
[18:30:23] [YFAdapter-P2] [INFO] [YF-P2] Decided: action_index=0, action=['PASS', 'PASS', 'PASS']
[18:30:23] [YFAdapter-P2] [WARNING] [YF-P2] 检测到过于保守: 对手快走完(剩0张), 触发Layer 2/3进行更积极的决策
[18:30:23] [HybridV4-P2] [INFO] ✓ Decision complete: action=1 (score=100.6, layer=DecisionEngine), candidates=2, time=0.015s
[18:30:23] [YFAdapter-P2] [INFO] [YF-P2] Decision context: myPos=2, curPos=-1, greaterPos=-1, teammate=0, curAction=[, actionList_size=9
[18:30:23] [YFAdapter-P2] [INFO] [YF-P2] Decided: action_index=0, action=['Single', '2', [['S', '2']]]
[18:30:23] [YFAdapter-P2] [WARNING] [YF-P2] 检测到过于保守: 对手快走完(剩0张), 触发Layer 2/3进行更积极的决策
[18:30:23] [HybridV4-P2] [INFO] ✓ Decision complete: action=7 (score=100.6, layer=DecisionEngine), candidates=5, time=0.020s
[18:30:23] [YFAdapter-P2] [INFO] [YF-P2] Decision context: myPos=2, curPos=0, greaterPos=0, teammate=0, curAction=[, actionList_size=2
[18:30:23] [YFAdapter-P2] [INFO] [YF-P2] Decided: action_index=0, action=['PASS', 'PASS', 'PASS']
[18:30:23] [YFAdapter-P2] [WARNING] [YF-P2] 检测到过于保守: 对手快走完(剩0张), 触发Layer 2/3进行更积极的决策
[18:30:23] [HybridV4-P2] [INFO] ✓ Decision complete: action=1 (score=100.6, layer=DecisionEngine), candidates=2, time=0.013s
[18:30:23] [YFAdapter-P2] [INFO] [YF-P2] Decision context: myPos=2, curPos=0, greaterPos=0, teammate=0, curAction=[, actionList_size=1
[18:30:23] [YFAdapter-P2] [INFO] [YF-P2] Decided: action_index=0, action=['PASS', 'PASS', 'PASS']
[18:30:23] [HybridV4-P2] [INFO] ✓ Decision complete: action=0 (score=-5.0, layer=YF), candidates=1, time=0.004s
[18:30:23] [YFAdapter-P2] [INFO] [YF-P2] Decision context: myPos=2, curPos=0, greaterPos=0, teammate=0, curAction=[, actionList_size=1
[18:30:23] [YFAdapter-P2] [INFO] [YF-P2] Decided: action_index=0, action=['PASS', 'PASS', 'PASS']
[18:30:23] [HybridV4-P2] [INFO] ✓ Decision complete: action=0 (score=-5.0, layer=YF), candidates=1, time=0.003s
[18:30:23] [YFAdapter-P2] [INFO] [YF-P2] Decision context: myPos=2, curPos=0, greaterPos=3, teammate=0, curAction=[, actionList_size=1
[18:30:23] [YFAdapter-P2] [INFO] [YF-P2] Decided: action_index=0, action=['PASS', 'PASS', 'PASS']
[18:30:23] [HybridV4-P2] [INFO] ✓ Decision complete: action=0 (score=-5.0, layer=YF), candidates=1, time=0.003s
[18:30:23] [YFAdapter-P2] [INFO] [YF-P2] Decision context: myPos=2, curPos=0, greaterPos=0, teammate=0, curAction=[, actionList_size=1
[18:30:23] [YFAdapter-P2] [INFO] [YF-P2] Decided: action_index=0, action=['PASS', 'PASS', 'PASS']
[18:30:23] [HybridV4-P2] [INFO] ✓ Decision complete: action=0 (score=-5.0, layer=YF), candidates=1, time=0.015s
[18:30:23] [YFAdapter-P2] [INFO] [YF-P2] Decision context: myPos=2, curPos=0, greaterPos=3, teammate=0, curAction=[, actionList_size=1
[18:30:23] [YFAdapter-P2] [INFO] [YF-P2] Decided: action_index=0, action=['PASS', 'PASS', 'PASS']
[18:30:23] [HybridV4-P2] [INFO] ✓ Decision complete: action=0 (score=-5.0, layer=YF), candidates=1, time=0.003s
[18:30:24] [YFAdapter-P2] [INFO] [YF-P2] Decision context: myPos=2, curPos=0, greaterPos=0, teammate=0, curAction=[, actionList_size=1
[18:30:24] [YFAdapter-P2] [INFO] [YF-P2] Decided: action_index=0, action=['PASS', 'PASS', 'PASS']
[18:30:24] [HybridV4-P2] [INFO] ✓ Decision complete: action=0 (score=-5.0, layer=YF), candidates=1, time=0.013s
[18:30:24] [YFAdapter-P2] [INFO] [YF-P2] Decision context: myPos=2, curPos=0, greaterPos=3, teammate=0, curAction=[, actionList_size=1
[18:30:24] [YFAdapter-P2] [INFO] [YF-P2] Decided: action_index=0, action=['PASS', 'PASS', 'PASS']
[18:30:24] [HybridV4-P2] [INFO] ✓ Decision complete: action=0 (score=-5.0, layer=YF), candidates=1, time=0.003s
[18:30:24] [YFAdapter-P2] [INFO] [YF-P2] Decision context: myPos=2, curPos=0, greaterPos=3, teammate=0, curAction=[, actionList_size=1
[18:30:24] [YFAdapter-P2] [INFO] [YF-P2] Decided: action_index=0, action=['PASS', 'PASS', 'PASS']
[18:30:24] [HybridV4-P2] [INFO] ✓ Decision complete: action=0 (score=-5.0, layer=YF), candidates=1, time=0.029s
[18:30:24] [YFAdapter-P2] [INFO] [YF-P2] Decision context: myPos=2, curPos=0, greaterPos=0, teammate=0, curAction=[, actionList_size=1
[18:30:24] [YFAdapter-P2] [INFO] [YF-P2] Decided: action_index=0, action=['PASS', 'PASS', 'PASS']
[18:30:24] [HybridV4-P2] [INFO] ✓ Decision complete: action=0 (score=-5.0, layer=YF), candidates=1, time=0.003s
[18:30:24] [YFAdapter-P2] [INFO] [YF-P2] Decision context: myPos=2, curPos=-1, greaterPos=-1, teammate=0, curAction=[, actionList_size=3
[18:30:24] [YFAdapter-P2] [INFO] [YF-P2] Decided: action_index=0, action=['Single', '2', [['S', '2']]]
[18:30:24] [YFAdapter-P2] [WARNING] [YF-P2] 检测到过于保守: 对手快走完(剩0张), 触发Layer 2/3进行更积极的决策
[18:30:24] [HybridV4-P2] [INFO] ✓ Decision complete: action=0 (score=100.6, layer=DecisionEngine), candidates=3, time=0.020s
[18:30:24] [yf2_v4] [INFO] 游戏开始, 我是2号位，手牌：['C2', 'D2', 'H3', 'D3', 'H4', 'C4', 'D5', 'H6', 'C6', 'S8', 'S9', 'S9', 'C9', 'D9', 'CT', 'DT', 'DT', 'CJ', 'DJ', 'SQ', 'DQ', 'SA', 'DA', 'DA', 'H7', 'SB', 'HR']
[18:30:24] [YFAdapter-P2] [INFO] [YF-P2] Decision context: myPos=2, curPos=-1, greaterPos=-1, teammate=0, curAction=[, actionList_size=1
[18:30:24] [YFAdapter-P2] [INFO] [YF-P2] Decided: action_index=0, action=['tribute', 'tribute', [['H', 'R']]]
[18:30:24] [HybridV4-P2] [INFO] ✓ Decision complete: action=0 (score=110.0, layer=YF), candidates=1, time=0.003s
[18:30:24] [YFAdapter-P2] [INFO] [YF-P2] Decision context: myPos=2, curPos=-1, greaterPos=-1, teammate=0, curAction=[, actionList_size=968
[18:30:24] [YFAdapter-P2] [INFO] [YF-P2] Decided: action_index=7, action=['Single', '5', [['D', '5']]]
[18:30:24] [HybridV4-P2] [INFO] ✓ Decision complete: action=7 (score=110.0, layer=YF), candidates=8, time=0.017s
[18:30:24] [YFAdapter-P2] [INFO] [YF-P2] Decision context: myPos=2, curPos=1, greaterPos=1, teammate=0, curAction=[, actionList_size=10
[18:30:24] [YFAdapter-P2] [INFO] [YF-P2] Decided: action_index=0, action=['PASS', 'PASS', 'PASS']
[18:30:24] [HybridV4-P2] [INFO] ✓ Decision complete: action=1 (score=142.5, layer=YF), candidates=8, time=0.012s
[18:30:24] [YFAdapter-P2] [INFO] [YF-P2] Decision context: myPos=2, curPos=1, greaterPos=0, teammate=0, curAction=[, actionList_size=3
[18:30:24] [YFAdapter-P2] [INFO] [YF-P2] Decided: action_index=0, action=['PASS', 'PASS', 'PASS']
[18:30:24] [HybridV4-P2] [INFO] ✓ Decision complete: action=1 (score=112.5, layer=YF), candidates=3, time=0.007s
[18:30:24] [YFAdapter-P2] [INFO] [YF-P2] Decision context: myPos=2, curPos=-1, greaterPos=-1, teammate=0, curAction=[, actionList_size=129
[18:30:24] [YFAdapter-P2] [INFO] [YF-P2] Decided: action_index=9, action=['Single', '8', [['S', '8']]]
[18:30:24] [HybridV4-P2] [INFO] ✓ Decision complete: action=9 (score=115.0, layer=YF), candidates=8, time=0.006s
[18:30:24] [YFAdapter-P2] [INFO] [YF-P2] Decision context: myPos=2, curPos=1, greaterPos=1, teammate=0, curAction=[, actionList_size=2
[18:30:24] [YFAdapter-P2] [INFO] [YF-P2] Decided: action_index=0, action=['PASS', 'PASS', 'PASS']
[18:30:24] [HybridV4-P2] [INFO] ✓ Decision complete: action=1 (score=135.5, layer=YF), candidates=2, time=0.017s
[18:30:24] [YFAdapter-P2] [INFO] [YF-P2] Decision context: myPos=2, curPos=1, greaterPos=3, teammate=0, curAction=[, actionList_size=1
[18:30:24] [YFAdapter-P2] [INFO] [YF-P2] Decided: action_index=0, action=['PASS', 'PASS', 'PASS']
[18:30:24] [HybridV4-P2] [INFO] ✓ Decision complete: action=0 (score=95.0, layer=YF), candidates=1, time=0.004s
[18:30:24] [YFAdapter-P2] [INFO] [YF-P2] Decision context: myPos=2, curPos=1, greaterPos=0, teammate=0, curAction=[, actionList_size=3
[18:30:24] [YFAdapter-P2] [INFO] [YF-P2] Decided: action_index=0, action=['PASS', 'PASS', 'PASS']
[18:30:24] [HybridV4-P2] [INFO] ✓ Decision complete: action=1 (score=125.5, layer=YF), candidates=3, time=0.006s
[18:30:24] [YFAdapter-P2] [INFO] [YF-P2] Decision context: myPos=2, curPos=1, greaterPos=1, teammate=0, curAction=[, actionList_size=1
[18:30:24] [YFAdapter-P2] [INFO] [YF-P2] Decided: action_index=0, action=['PASS', 'PASS', 'PASS']
[18:30:24] [HybridV4-P2] [INFO] ✓ Decision complete: action=0 (score=95.0, layer=YF), candidates=1, time=0.005s
[18:30:24] [YFAdapter-P2] [INFO] [YF-P2] Decision context: myPos=2, curPos=1, greaterPos=1, teammate=0, curAction=[, actionList_size=1
[18:30:24] [YFAdapter-P2] [INFO] [YF-P2] Decided: action_index=0, action=['PASS', 'PASS', 'PASS']
[18:30:24] [HybridV4-P2] [INFO] ✓ Decision complete: action=0 (score=95.0, layer=YF), candidates=1, time=0.005s
[18:30:24] [YFAdapter-P2] [INFO] [YF-P2] Decision context: myPos=2, curPos=1, greaterPos=1, teammate=0, curAction=[, actionList_size=1
[18:30:24] [YFAdapter-P2] [INFO] [YF-P2] Decided: action_index=0, action=['PASS', 'PASS', 'PASS']
[18:30:24] [HybridV4-P2] [INFO] ✓ Decision complete: action=0 (score=95.0, layer=YF), candidates=1, time=0.003s
[18:30:24] [YFAdapter-P2] [INFO] [YF-P2] Decision context: myPos=2, curPos=1, greaterPos=1, teammate=0, curAction=[, actionList_size=1
[18:30:24] [YFAdapter-P2] [INFO] [YF-P2] Decided: action_index=0, action=['PASS', 'PASS', 'PASS']
[18:30:24] [HybridV4-P2] [INFO] ✓ Decision complete: action=0 (score=95.0, layer=YF), candidates=1, time=0.003s
[18:30:24] [YFAdapter-P2] [INFO] [YF-P2] Decision context: myPos=2, curPos=1, greaterPos=3, teammate=0, curAction=[, actionList_size=1
[18:30:24] [YFAdapter-P2] [INFO] [YF-P2] Decided: action_index=0, action=['PASS', 'PASS', 'PASS']
[18:30:24] [HybridV4-P2] [INFO] ✓ Decision complete: action=0 (score=95.0, layer=YF), candidates=1, time=0.003s
[18:30:24] [YFAdapter-P2] [INFO] [YF-P2] Decision context: myPos=2, curPos=1, greaterPos=0, teammate=0, curAction=[, actionList_size=1
[18:30:24] [YFAdapter-P2] [INFO] [YF-P2] Decided: action_index=0, action=['PASS', 'PASS', 'PASS']
[18:30:24] [HybridV4-P2] [INFO] ✓ Decision complete: action=0 (score=75.0, layer=YF), candidates=1, time=0.007s
[18:30:24] [YFAdapter-P2] [INFO] [YF-P2] Decision context: myPos=2, curPos=1, greaterPos=3, teammate=0, curAction=[, actionList_size=1
[18:30:24] [YFAdapter-P2] [INFO] [YF-P2] Decided: action_index=0, action=['PASS', 'PASS', 'PASS']
[18:30:24] [HybridV4-P2] [INFO] ✓ Decision complete: action=0 (score=125.0, layer=YF), candidates=1, time=0.003s
[18:30:24] [YFAdapter-P2] [INFO] [YF-P2] Decision context: myPos=2, curPos=1, greaterPos=3, teammate=0, curAction=[, actionList_size=1
[18:30:24] [YFAdapter-P2] [INFO] [YF-P2] Decided: action_index=0, action=['PASS', 'PASS', 'PASS']
[18:30:24] [HybridV4-P2] [INFO] ✓ Decision complete: action=0 (score=-5.0, layer=YF), candidates=1, time=0.002s
[18:30:24] [YFAdapter-P2] [INFO] [YF-P2] Decision context: myPos=2, curPos=1, greaterPos=1, teammate=0, curAction=[, actionList_size=1
[18:30:24] [YFAdapter-P2] [INFO] [YF-P2] Decided: action_index=0, action=['PASS', 'PASS', 'PASS']
[18:30:24] [HybridV4-P2] [INFO] ✓ Decision complete: action=0 (score=-5.0, layer=YF), candidates=1, time=0.003s
[18:30:24] [YFAdapter-P2] [INFO] [YF-P2] Decision context: myPos=2, curPos=1, greaterPos=1, teammate=0, curAction=[, actionList_size=1
[18:30:24] [YFAdapter-P2] [INFO] [YF-P2] Decided: action_index=0, action=['PASS', 'PASS', 'PASS']
[18:30:24] [HybridV4-P2] [INFO] ✓ Decision complete: action=0 (score=-5.0, layer=YF), candidates=1, time=0.002s
[18:30:24] [YFAdapter-P2] [INFO] [YF-P2] Decision context: myPos=2, curPos=1, greaterPos=1, teammate=0, curAction=[, actionList_size=1
[18:30:24] [YFAdapter-P2] [INFO] [YF-P2] Decided: action_index=0, action=['PASS', 'PASS', 'PASS']
[18:30:24] [HybridV4-P2] [INFO] ✓ Decision complete: action=0 (score=-5.0, layer=YF), candidates=1, time=0.002s
[18:30:24] [YFAdapter-P2] [INFO] [YF-P2] Decision context: myPos=2, curPos=1, greaterPos=1, teammate=0, curAction=[, actionList_size=1
[18:30:24] [YFAdapter-P2] [INFO] [YF-P2] Decided: action_index=0, action=['PASS', 'PASS', 'PASS']
[18:30:24] [HybridV4-P2] [INFO] ✓ Decision complete: action=0 (score=-5.0, layer=YF), candidates=1, time=0.003s
[18:30:24] [yf2_v4] [INFO] 游戏开始, 我是2号位，手牌：['H2', 'H3', 'C3', 'S4', 'C4', 'D4', 'S5', 'S5', 'D5', 'S6', 'H6', 'S7', 'H7', 'S8', 'S9', 'S9', 'H9', 'H9', 'C9', 'D9', 'HJ', 'HQ', 'HK', 'SA', 'HA', 'DA', 'HR']
[18:30:24] [YFAdapter-P2] [INFO] [YF-P2] Decision context: myPos=2, curPos=1, greaterPos=1, teammate=0, curAction=[, actionList_size=17
[18:30:24] [YFAdapter-P2] [INFO] [YF-P2] Decided: action_index=0, action=['PASS', 'PASS', 'PASS']
[18:30:24] [HybridV4-P2] [INFO] ✓ Decision complete: action=1 (score=142.5, layer=YF), candidates=7, time=0.004s
[18:30:24] [YFAdapter-P2] [INFO] [YF-P2] Decision context: myPos=2, curPos=1, greaterPos=0, teammate=0, curAction=[, actionList_size=6
[18:30:24] [YFAdapter-P2] [INFO] [YF-P2] Decided: action_index=0, action=['PASS', 'PASS', 'PASS']
[18:30:24] [HybridV4-P2] [INFO] ✓ Decision complete: action=1 (score=105.5, layer=YF), candidates=6, time=0.015s
[18:30:24] [YFAdapter-P2] [INFO] [YF-P2] Decision context: myPos=2, curPos=-1, greaterPos=-1, teammate=0, curAction=[, actionList_size=214
[18:30:24] [YFAdapter-P2] [INFO] [YF-P2] Decided: action_index=0, action=['Single', '2', [['H', '2']]]
[18:30:24] [HybridV4-P2] [INFO] ✓ Decision complete: action=0 (score=125.0, layer=YF), candidates=8, time=0.007s
[18:30:24] [YFAdapter-P2] [INFO] [YF-P2] Decision context: myPos=2, curPos=1, greaterPos=0, teammate=0, curAction=[, actionList_size=2
[18:30:24] [YFAdapter-P2] [INFO] [YF-P2] Decided: action_index=0, action=['PASS', 'PASS', 'PASS']
[18:30:24] [HybridV4-P2] [INFO] ✓ Decision complete: action=1 (score=102.0, layer=YF), candidates=2, time=0.004s
[18:30:25] [YFAdapter-P2] [INFO] [YF-P2] Decision context: myPos=2, curPos=-1, greaterPos=-1, teammate=0, curAction=[, actionList_size=34
[18:30:25] [YFAdapter-P2] [INFO] [YF-P2] Decided: action_index=6, action=['Single', '6', [['H', '6']]]
[18:30:25] [HybridV4-P2] [INFO] ✓ Decision complete: action=6 (score=110.0, layer=YF), candidates=8, time=0.005s
[18:30:25] [YFAdapter-P2] [INFO] [YF-P2] Decision context: myPos=2, curPos=1, greaterPos=0, teammate=0, curAction=[, actionList_size=1
[18:30:25] [YFAdapter-P2] [INFO] [YF-P2] Decided: action_index=0, action=['PASS', 'PASS', 'PASS']
[18:30:25] [HybridV4-P2] [INFO] ✓ Decision complete: action=0 (score=95.0, layer=YF), candidates=1, time=0.002s
[18:30:25] [YFAdapter-P2] [INFO] [YF-P2] Decision context: myPos=2, curPos=1, greaterPos=1, teammate=0, curAction=[, actionList_size=9
[18:30:25] [YFAdapter-P2] [INFO] [YF-P2] Decided: action_index=0, action=['PASS', 'PASS', 'PASS']
[18:30:25] [HybridV4-P2] [INFO] ✓ Decision complete: action=6 (score=142.5, layer=YF), candidates=8, time=0.006s
[18:30:25] [YFAdapter-P2] [INFO] [YF-P2] Decision context: myPos=2, curPos=1, greaterPos=3, teammate=0, curAction=[, actionList_size=1
[18:30:25] [YFAdapter-P2] [INFO] [YF-P2] Decided: action_index=0, action=['PASS', 'PASS', 'PASS']
[18:30:25] [HybridV4-P2] [INFO] ✓ Decision complete: action=0 (score=95.0, layer=YF), candidates=1, time=0.005s
[18:30:25] [YFAdapter-P2] [INFO] [YF-P2] Decision context: myPos=2, curPos=1, greaterPos=1, teammate=0, curAction=[, actionList_size=1
[18:30:25] [YFAdapter-P2] [INFO] [YF-P2] Decided: action_index=0, action=['PASS', 'PASS', 'PASS']
[18:30:25] [HybridV4-P2] [INFO] ✓ Decision complete: action=0 (score=95.0, layer=YF), candidates=1, time=0.006s
[18:30:25] [YFAdapter-P2] [INFO] [YF-P2] Decision context: myPos=2, curPos=1, greaterPos=3, teammate=0, curAction=[, actionList_size=1
[18:30:25] [YFAdapter-P2] [INFO] [YF-P2] Decided: action_index=0, action=['PASS', 'PASS', 'PASS']
[18:30:25] [HybridV4-P2] [INFO] ✓ Decision complete: action=0 (score=95.0, layer=YF), candidates=1, time=0.003s
[18:30:25] [YFAdapter-P2] [INFO] [YF-P2] Decision context: myPos=2, curPos=1, greaterPos=1, teammate=0, curAction=[, actionList_size=1
[18:30:25] [YFAdapter-P2] [INFO] [YF-P2] Decided: action_index=0, action=['PASS', 'PASS', 'PASS']
[18:30:25] [HybridV4-P2] [INFO] ✓ Decision complete: action=0 (score=75.0, layer=YF), candidates=1, time=0.003s
[18:30:25] [YFAdapter-P2] [INFO] [YF-P2] Decision context: myPos=2, curPos=1, greaterPos=1, teammate=0, curAction=[, actionList_size=7
[18:30:25] [YFAdapter-P2] [INFO] [YF-P2] Decided: action_index=0, action=['PASS', 'PASS', 'PASS']
[18:30:25] [HybridV4-P2] [INFO] ✓ Decision complete: action=5 (score=189.5, layer=YF), candidates=7, time=0.014s
[18:30:25] [YFAdapter-P2] [INFO] [YF-P2] Decision context: myPos=2, curPos=1, greaterPos=3, teammate=0, curAction=[, actionList_size=1
[18:30:25] [YFAdapter-P2] [INFO] [YF-P2] Decided: action_index=0, action=['PASS', 'PASS', 'PASS']
[18:30:25] [HybridV4-P2] [INFO] ✓ Decision complete: action=0 (score=75.0, layer=YF), candidates=1, time=0.002s
[18:30:25] [YFAdapter-P2] [INFO] [YF-P2] Decision context: myPos=2, curPos=1, greaterPos=3, teammate=0, curAction=[, actionList_size=1
[18:30:25] [YFAdapter-P2] [INFO] [YF-P2] Decided: action_index=0, action=['PASS', 'PASS', 'PASS']
[18:30:25] [HybridV4-P2] [INFO] ✓ Decision complete: action=0 (score=75.0, layer=YF), candidates=1, time=0.018s
[18:30:25] [YFAdapter-P2] [INFO] [YF-P2] Decision context: myPos=2, curPos=1, greaterPos=3, teammate=0, curAction=[, actionList_size=1
[18:30:25] [YFAdapter-P2] [INFO] [YF-P2] Decided: action_index=0, action=['PASS', 'PASS', 'PASS']
[18:30:25] [HybridV4-P2] [INFO] ✓ Decision complete: action=0 (score=55.0, layer=YF), candidates=1, time=0.005s
[18:30:25] [YFAdapter-P2] [INFO] [YF-P2] Decision context: myPos=2, curPos=1, greaterPos=1, teammate=0, curAction=[, actionList_size=4
[18:30:25] [YFAdapter-P2] [INFO] [YF-P2] Decided: action_index=0, action=['PASS', 'PASS', 'PASS']
[18:30:25] [YFAdapter-P2] [WARNING] [YF-P2] 检测到过于保守: 对手快走完(剩0张), 触发Layer 2/3进行更积极的决策
[18:30:25] [HybridV4-P2] [INFO] ✓ Decision complete: action=1 (score=155.6, layer=DecisionEngine), candidates=4, time=0.003s
[18:30:25] [YFAdapter-P2] [INFO] [YF-P2] Decision context: myPos=2, curPos=1, greaterPos=1, teammate=0, curAction=[, actionList_size=1
[18:30:25] [YFAdapter-P2] [INFO] [YF-P2] Decided: action_index=0, action=['PASS', 'PASS', 'PASS']
[18:30:25] [HybridV4-P2] [INFO] ✓ Decision complete: action=0 (score=-5.0, layer=YF), candidates=1, time=0.002s
[18:30:25] [YFAdapter-P2] [INFO] [YF-P2] Decision context: myPos=2, curPos=1, greaterPos=1, teammate=0, curAction=[, actionList_size=1
[18:30:25] [YFAdapter-P2] [INFO] [YF-P2] Decided: action_index=0, action=['PASS', 'PASS', 'PASS']
[18:30:25] [HybridV4-P2] [INFO] ✓ Decision complete: action=0 (score=-5.0, layer=YF), candidates=1, time=0.003s
[18:30:25] [YFAdapter-P2] [INFO] [YF-P2] Decision context: myPos=2, curPos=1, greaterPos=1, teammate=0, curAction=[, actionList_size=1
[18:30:25] [YFAdapter-P2] [INFO] [YF-P2] Decided: action_index=0, action=['PASS', 'PASS', 'PASS']
[18:30:25] [HybridV4-P2] [INFO] ✓ Decision complete: action=0 (score=-5.0, layer=YF), candidates=1, time=0.003s
[18:30:25] [yf2_v4] [INFO] 游戏开始, 我是2号位，手牌：['H2', 'H2', 'C3', 'D3', 'H4', 'D4', 'H5', 'H6', 'D6', 'S7', 'C7', 'D8', 'S9', 'CT', 'HJ', 'HJ', 'CJ', 'DJ', 'DQ', 'HA', 'CA', 'DA', 'SK', 'HK', 'HK', 'SB', 'SB']
[18:30:25] [YFAdapter-P2] [INFO] [YF-P2] Decision context: myPos=2, curPos=-1, greaterPos=-1, teammate=0, curAction=[, actionList_size=1
[18:30:25] [YFAdapter-P2] [INFO] [YF-P2] Decided: action_index=0, action=['tribute', 'tribute', [['S', 'B']]]
[18:30:25] [HybridV4-P2] [INFO] ✓ Decision complete: action=0 (score=110.0, layer=YF), candidates=1, time=0.006s
[18:30:25] [YFAdapter-P2] [INFO] [YF-P2] Decision context: myPos=2, curPos=-1, greaterPos=-1, teammate=0, curAction=[, actionList_size=1957
[18:30:25] [YFAdapter-P2] [INFO] [YF-P2] Decided: action_index=5, action=['Single', '5', [['H', '5']]]
[18:30:25] [HybridV4-P2] [INFO] ✓ Decision complete: action=5 (score=110.0, layer=YF), candidates=8, time=0.031s
[18:30:25] [YFAdapter-P2] [INFO] [YF-P2] Decision context: myPos=2, curPos=1, greaterPos=1, teammate=0, curAction=[, actionList_size=31
[18:30:25] [YFAdapter-P2] [INFO] [YF-P2] Decided: action_index=0, action=['PASS', 'PASS', 'PASS']
[18:30:25] [HybridV4-P2] [INFO] ✓ Decision complete: action=1 (score=142.5, layer=YF), candidates=7, time=0.003s
[18:30:25] [YFAdapter-P2] [INFO] [YF-P2] Decision context: myPos=2, curPos=1, greaterPos=0, teammate=0, curAction=[, actionList_size=20
[18:30:25] [YFAdapter-P2] [INFO] [YF-P2] Decided: action_index=0, action=['PASS', 'PASS', 'PASS']
[18:30:25] [HybridV4-P2] [INFO] ✓ Decision complete: action=9 (score=112.5, layer=YF), candidates=8, time=0.003s
[18:30:25] [YFAdapter-P2] [INFO] [YF-P2] Decision context: myPos=2, curPos=-1, greaterPos=-1, teammate=0, curAction=[, actionList_size=406
[18:30:25] [YFAdapter-P2] [INFO] [YF-P2] Decided: action_index=9, action=['Single', '7', [['C', '7']]]
[18:30:25] [HybridV4-P2] [INFO] ✓ Decision complete: action=9 (score=115.0, layer=YF), candidates=8, time=0.008s
[18:30:25] [YFAdapter-P2] [INFO] [YF-P2] Decision context: myPos=2, curPos=1, greaterPos=1, teammate=0, curAction=[, actionList_size=2
[18:30:25] [YFAdapter-P2] [INFO] [YF-P2] Decided: action_index=0, action=['PASS', 'PASS', 'PASS']
[18:30:25] [HybridV4-P2] [INFO] ✓ Decision complete: action=1 (score=139.0, layer=YF), candidates=2, time=0.009s
[18:30:25] [YFAdapter-P2] [INFO] [YF-P2] Decision context: myPos=2, curPos=-1, greaterPos=-1, teammate=0, curAction=[, actionList_size=28
[18:30:25] [YFAdapter-P2] [INFO] [YF-P2] Decided: action_index=21, action=['ThreePair', '2', [['H', '2'], ['H', '2'], ['C', '3'], ['D', '3'], ['H', '4'], ['D', '4']]]
[18:30:25] [HybridV4-P2] [INFO] ✓ Decision complete: action=21 (score=125.0, layer=YF), candidates=6, time=0.012s
[18:30:25] [YFAdapter-P2] [INFO] [YF-P2] Decision context: myPos=2, curPos=1, greaterPos=0, teammate=0, curAction=[, actionList_size=1
[18:30:25] [YFAdapter-P2] [INFO] [YF-P2] Decided: action_index=0, action=['PASS', 'PASS', 'PASS']
[18:30:25] [HybridV4-P2] [INFO] ✓ Decision complete: action=0 (score=95.0, layer=YF), candidates=1, time=0.003s
[18:30:25] [YFAdapter-P2] [INFO] [YF-P2] Decision context: myPos=2, curPos=1, greaterPos=1, teammate=0, curAction=[, actionList_size=2
[18:30:25] [YFAdapter-P2] [INFO] [YF-P2] Decided: action_index=0, action=['PASS', 'PASS', 'PASS']
[18:30:25] [HybridV4-P2] [INFO] ✓ Decision complete: action=1 (score=139.0, layer=YF), candidates=2, time=0.003s
[18:30:25] [YFAdapter-P2] [INFO] [YF-P2] Decision context: myPos=2, curPos=1, greaterPos=3, teammate=0, curAction=[, actionList_size=1
[18:30:25] [YFAdapter-P2] [INFO] [YF-P2] Decided: action_index=0, action=['PASS', 'PASS', 'PASS']
[18:30:25] [HybridV4-P2] [INFO] ✓ Decision complete: action=0 (score=95.0, layer=YF), candidates=1, time=0.003s
[18:30:25] [YFAdapter-P2] [INFO] [YF-P2] Decision context: myPos=2, curPos=1, greaterPos=1, teammate=0, curAction=[, actionList_size=1
[18:30:25] [YFAdapter-P2] [INFO] [YF-P2] Decided: action_index=0, action=['PASS', 'PASS', 'PASS']
[18:30:25] [HybridV4-P2] [INFO] ✓ Decision complete: action=0 (score=95.0, layer=YF), candidates=1, time=0.002s
[18:30:25] [YFAdapter-P2] [INFO] [YF-P2] Decision context: myPos=2, curPos=1, greaterPos=1, teammate=0, curAction=[, actionList_size=9
[18:30:25] [YFAdapter-P2] [INFO] [YF-P2] Decided: action_index=0, action=['PASS', 'PASS', 'PASS']
[18:30:25] [HybridV4-P2] [INFO] ✓ Decision complete: action=8 (score=139.0, layer=YF), candidates=7, time=0.004s
[18:30:25] [YFAdapter-P2] [INFO] [YF-P2] Decision context: myPos=2, curPos=1, greaterPos=3, teammate=0, curAction=[, actionList_size=1
[18:30:26] [YFAdapter-P2] [INFO] [YF-P2] Decided: action_index=0, action=['PASS', 'PASS', 'PASS']
[18:30:26] [HybridV4-P2] [INFO] ✓ Decision complete: action=0 (score=95.0, layer=YF), candidates=1, time=0.003s
[18:30:26] [YFAdapter-P2] [INFO] [YF-P2] Decision context: myPos=2, curPos=1, greaterPos=1, teammate=0, curAction=[, actionList_size=1
[18:30:26] [YFAdapter-P2] [INFO] [YF-P2] Decided: action_index=0, action=['PASS', 'PASS', 'PASS']
[18:30:26] [HybridV4-P2] [INFO] ✓ Decision complete: action=0 (score=95.0, layer=YF), candidates=1, time=0.003s
[18:30:26] [YFAdapter-P2] [INFO] [YF-P2] Decision context: myPos=2, curPos=1, greaterPos=1, teammate=0, curAction=[, actionList_size=8
[18:30:26] [YFAdapter-P2] [INFO] [YF-P2] Decided: action_index=0, action=['PASS', 'PASS', 'PASS']
[18:30:26] [HybridV4-P2] [INFO] ✓ Decision complete: action=4 (score=155.5, layer=YF), candidates=6, time=0.004s
[18:30:26] [YFAdapter-P2] [INFO] [YF-P2] Decision context: myPos=2, curPos=1, greaterPos=3, teammate=0, curAction=[, actionList_size=1
[18:30:26] [YFAdapter-P2] [INFO] [YF-P2] Decided: action_index=0, action=['PASS', 'PASS', 'PASS']
[18:30:26] [HybridV4-P2] [INFO] ✓ Decision complete: action=0 (score=95.0, layer=YF), candidates=1, time=0.012s
[18:30:26] [YFAdapter-P2] [INFO] [YF-P2] Decision context: myPos=2, curPos=1, greaterPos=1, teammate=0, curAction=[, actionList_size=1
[18:30:26] [YFAdapter-P2] [INFO] [YF-P2] Decided: action_index=0, action=['PASS', 'PASS', 'PASS']
[18:30:26] [HybridV4-P2] [INFO] ✓ Decision complete: action=0 (score=75.0, layer=YF), candidates=1, time=0.003s
[18:30:26] [YFAdapter-P2] [INFO] [YF-P2] Decision context: myPos=2, curPos=1, greaterPos=1, teammate=0, curAction=[, actionList_size=1
[18:30:26] [YFAdapter-P2] [INFO] [YF-P2] Decided: action_index=0, action=['PASS', 'PASS', 'PASS']
[18:30:26] [HybridV4-P2] [INFO] ✓ Decision complete: action=0 (score=-5.0, layer=YF), candidates=1, time=0.005s
[18:30:26] [YFAdapter-P2] [INFO] [YF-P2] Decision context: myPos=2, curPos=1, greaterPos=1, teammate=0, curAction=[, actionList_size=1
[18:30:26] [YFAdapter-P2] [INFO] [YF-P2] Decided: action_index=0, action=['PASS', 'PASS', 'PASS']
[18:30:26] [HybridV4-P2] [INFO] ✓ Decision complete: action=0 (score=-5.0, layer=YF), candidates=1, time=0.008s
[18:30:26] [YFAdapter-P2] [INFO] [YF-P2] Decision context: myPos=2, curPos=0, greaterPos=3, teammate=0, curAction=[, actionList_size=1
[18:30:26] [YFAdapter-P2] [INFO] [YF-P2] Decided: action_index=0, action=['PASS', 'PASS', 'PASS']
[18:30:26] [HybridV4-P2] [INFO] ✓ Decision complete: action=0 (score=-5.0, layer=YF), candidates=1, time=0.003s
[18:30:26] [yf2_v4] [INFO] 游戏开始, 我是2号位，手牌：['S2', 'S3', 'H3', 'H3', 'D3', 'H5', 'C5', 'D5', 'C6', 'H7', 'D7', 'D7', 'S8', 'D8', 'D9', 'HT', 'CT', 'HJ', 'HJ', 'CJ', 'DJ', 'SQ', 'DQ', 'DQ', 'HK', 'CK', 'HR']
[18:30:26] [YFAdapter-P2] [INFO] [YF-P2] Decision context: myPos=2, curPos=-1, greaterPos=-1, teammate=0, curAction=[, actionList_size=1
[18:30:26] [YFAdapter-P2] [INFO] [YF-P2] Decided: action_index=0, action=['tribute', 'tribute', [['H', 'R']]]
[18:30:26] [HybridV4-P2] [INFO] ✓ Decision complete: action=0 (score=110.0, layer=YF), candidates=1, time=0.002s
[18:30:26] [YFAdapter-P2] [INFO] [YF-P2] Decision context: myPos=2, curPos=-1, greaterPos=-1, teammate=0, curAction=[, actionList_size=329
[18:30:26] [YFAdapter-P2] [INFO] [YF-P2] Decided: action_index=0, action=['Single', '2', [['S', '2']]]
[18:30:26] [HybridV4-P2] [INFO] ✓ Decision complete: action=0 (score=125.0, layer=YF), candidates=8, time=0.016s
[18:30:26] [YFAdapter-P2] [INFO] [YF-P2] Decision context: myPos=2, curPos=1, greaterPos=1, teammate=0, curAction=[, actionList_size=3
[18:30:26] [YFAdapter-P2] [INFO] [YF-P2] Decided: action_index=0, action=['PASS', 'PASS', 'PASS']
[18:30:26] [HybridV4-P2] [INFO] ✓ Decision complete: action=2 (score=139.0, layer=YF), candidates=3, time=0.004s
[18:30:26] [YFAdapter-P2] [INFO] [YF-P2] Decision context: myPos=2, curPos=1, greaterPos=0, teammate=0, curAction=[, actionList_size=1
[18:30:26] [YFAdapter-P2] [INFO] [YF-P2] Decided: action_index=0, action=['PASS', 'PASS', 'PASS']
[18:30:26] [HybridV4-P2] [INFO] ✓ Decision complete: action=0 (score=95.0, layer=YF), candidates=1, time=0.003s
[18:30:26] [YFAdapter-P2] [INFO] [YF-P2] Decision context: myPos=2, curPos=1, greaterPos=1, teammate=0, curAction=[, actionList_size=6
[18:30:26] [YFAdapter-P2] [INFO] [YF-P2] Decided: action_index=0, action=['PASS', 'PASS', 'PASS']
[18:30:26] [HybridV4-P2] [INFO] ✓ Decision complete: action=1 (score=139.0, layer=YF), candidates=6, time=0.004s
[18:30:26] [YFAdapter-P2] [INFO] [YF-P2] Decision context: myPos=2, curPos=1, greaterPos=3, teammate=0, curAction=[, actionList_size=2
[18:30:26] [YFAdapter-P2] [INFO] [YF-P2] Decided: action_index=0, action=['PASS', 'PASS', 'PASS']
[18:30:26] [HybridV4-P2] [INFO] ✓ Decision complete: action=1 (score=132.0, layer=YF), candidates=2, time=0.004s
[18:30:26] [YFAdapter-P2] [INFO] [YF-P2] Decision context: myPos=2, curPos=1, greaterPos=3, teammate=0, curAction=[, actionList_size=1
[18:30:26] [YFAdapter-P2] [INFO] [YF-P2] Decided: action_index=0, action=['PASS', 'PASS', 'PASS']
[18:30:26] [HybridV4-P2] [INFO] ✓ Decision complete: action=0 (score=95.0, layer=YF), candidates=1, time=0.003s
[18:30:26] [YFAdapter-P2] [INFO] [YF-P2] Decision context: myPos=2, curPos=1, greaterPos=1, teammate=0, curAction=[, actionList_size=1
[18:30:26] [YFAdapter-P2] [INFO] [YF-P2] Decided: action_index=0, action=['PASS', 'PASS', 'PASS']
[18:30:26] [HybridV4-P2] [INFO] ✓ Decision complete: action=0 (score=95.0, layer=YF), candidates=1, time=0.002s
[18:30:26] [YFAdapter-P2] [INFO] [YF-P2] Decision context: myPos=2, curPos=1, greaterPos=1, teammate=0, curAction=[, actionList_size=11
[18:30:26] [YFAdapter-P2] [INFO] [YF-P2] Decided: action_index=0, action=['PASS', 'PASS', 'PASS']
[18:30:26] [HybridV4-P2] [INFO] ✓ Decision complete: action=9 (score=139.0, layer=YF), candidates=8, time=0.003s
[18:30:26] [YFAdapter-P2] [INFO] [YF-P2] Decision context: myPos=2, curPos=1, greaterPos=3, teammate=0, curAction=[, actionList_size=1
[18:30:26] [YFAdapter-P2] [INFO] [YF-P2] Decided: action_index=0, action=['PASS', 'PASS', 'PASS']
[18:30:26] [HybridV4-P2] [INFO] ✓ Decision complete: action=0 (score=95.0, layer=YF), candidates=1, time=0.003s
[18:30:26] [YFAdapter-P2] [INFO] [YF-P2] Decision context: myPos=2, curPos=1, greaterPos=0, teammate=0, curAction=[, actionList_size=1
[18:30:26] [YFAdapter-P2] [INFO] [YF-P2] Decided: action_index=0, action=['PASS', 'PASS', 'PASS']
[18:30:26] [HybridV4-P2] [INFO] ✓ Decision complete: action=0 (score=95.0, layer=YF), candidates=1, time=0.006s
[18:30:26] [YFAdapter-P2] [INFO] [YF-P2] Decision context: myPos=2, curPos=1, greaterPos=1, teammate=0, curAction=[, actionList_size=1
[18:30:26] [YFAdapter-P2] [INFO] [YF-P2] Decided: action_index=0, action=['PASS', 'PASS', 'PASS']
[18:30:26] [HybridV4-P2] [INFO] ✓ Decision complete: action=0 (score=95.0, layer=YF), candidates=1, time=0.002s
[18:30:26] [YFAdapter-P2] [INFO] [YF-P2] Decision context: myPos=2, curPos=1, greaterPos=1, teammate=0, curAction=[, actionList_size=1
[18:30:26] [YFAdapter-P2] [INFO] [YF-P2] Decided: action_index=0, action=['PASS', 'PASS', 'PASS']
[18:30:26] [HybridV4-P2] [INFO] ✓ Decision complete: action=0 (score=95.0, layer=YF), candidates=1, time=0.012s
[18:30:26] [YFAdapter-P2] [INFO] [YF-P2] Decision context: myPos=2, curPos=1, greaterPos=1, teammate=0, curAction=[, actionList_size=8
[18:30:26] [YFAdapter-P2] [INFO] [YF-P2] Decided: action_index=0, action=['PASS', 'PASS', 'PASS']
[18:30:26] [HybridV4-P2] [INFO] ✓ Decision complete: action=6 (score=159.0, layer=YF), candidates=8, time=0.011s
[18:30:26] [YFAdapter-P2] [INFO] [YF-P2] Decision context: myPos=2, curPos=1, greaterPos=3, teammate=0, curAction=[, actionList_size=1
[18:30:26] [YFAdapter-P2] [INFO] [YF-P2] Decided: action_index=0, action=['PASS', 'PASS', 'PASS']
[18:30:26] [HybridV4-P2] [INFO] ✓ Decision complete: action=0 (score=95.0, layer=YF), candidates=1, time=0.002s
[18:30:26] [YFAdapter-P2] [INFO] [YF-P2] Decision context: myPos=2, curPos=1, greaterPos=1, teammate=0, curAction=[, actionList_size=1
[18:30:26] [YFAdapter-P2] [INFO] [YF-P2] Decided: action_index=0, action=['PASS', 'PASS', 'PASS']
[18:30:26] [HybridV4-P2] [INFO] ✓ Decision complete: action=0 (score=95.0, layer=YF), candidates=1, time=0.003s
[18:30:26] [YFAdapter-P2] [INFO] [YF-P2] Decision context: myPos=2, curPos=1, greaterPos=1, teammate=0, curAction=[, actionList_size=5
[18:30:26] [YFAdapter-P2] [INFO] [YF-P2] Decided: action_index=0, action=['PASS', 'PASS', 'PASS']
[18:30:26] [HybridV4-P2] [INFO] ✓ Decision complete: action=1 (score=162.5, layer=YF), candidates=5, time=0.005s
[18:30:26] [YFAdapter-P2] [INFO] [YF-P2] Decision context: myPos=2, curPos=1, greaterPos=1, teammate=0, curAction=[, actionList_size=1
[18:30:26] [YFAdapter-P2] [INFO] [YF-P2] Decided: action_index=0, action=['PASS', 'PASS', 'PASS']
[18:30:26] [HybridV4-P2] [INFO] ✓ Decision complete: action=0 (score=75.0, layer=YF), candidates=1, time=0.003s
[18:30:26] [YFAdapter-P2] [INFO] [YF-P2] Decision context: myPos=2, curPos=1, greaterPos=1, teammate=0, curAction=[, actionList_size=2
[18:30:26] [YFAdapter-P2] [INFO] [YF-P2] Decided: action_index=0, action=['PASS', 'PASS', 'PASS']
[18:30:26] [YFAdapter-P2] [WARNING] [YF-P2] 检测到过于保守: 对手快走完(剩5张), 触发Layer 2/3进行更积极的决策
[18:30:26] [HybridV4-P2] [INFO] ✓ Decision complete: action=1 (score=135.6, layer=DecisionEngine), candidates=2, time=0.016s
[18:30:26] [YFAdapter-P2] [INFO] [YF-P2] Decision context: myPos=2, curPos=1, greaterPos=3, teammate=0, curAction=[, actionList_size=1
[18:30:26] [YFAdapter-P2] [INFO] [YF-P2] Decided: action_index=0, action=['PASS', 'PASS', 'PASS']
[18:30:26] [HybridV4-P2] [INFO] ✓ Decision complete: action=0 (score=55.0, layer=YF), candidates=1, time=0.002s
[18:30:26] [YFAdapter-P2] [INFO] [YF-P2] Decision context: myPos=2, curPos=1, greaterPos=1, teammate=0, curAction=[, actionList_size=1
[18:30:26] [YFAdapter-P2] [INFO] [YF-P2] Decided: action_index=0, action=['PASS', 'PASS', 'PASS']
[18:30:26] [HybridV4-P2] [INFO] ✓ Decision complete: action=0 (score=125.0, layer=YF), candidates=1, time=0.003s
[18:30:27] [YFAdapter-P2] [INFO] [YF-P2] Decision context: myPos=2, curPos=1, greaterPos=1, teammate=0, curAction=[, actionList_size=1
[18:30:27] [YFAdapter-P2] [INFO] [YF-P2] Decided: action_index=0, action=['PASS', 'PASS', 'PASS']
[18:30:27] [HybridV4-P2] [INFO] ✓ Decision complete: action=0 (score=-5.0, layer=YF), candidates=1, time=0.004s
[18:30:27] [YFAdapter-P2] [INFO] [YF-P2] Decision context: myPos=2, curPos=0, greaterPos=3, teammate=0, curAction=[, actionList_size=1
[18:30:27] [YFAdapter-P2] [INFO] [YF-P2] Decided: action_index=0, action=['PASS', 'PASS', 'PASS']
[18:30:27] [HybridV4-P2] [INFO] ✓ Decision complete: action=0 (score=-5.0, layer=YF), candidates=1, time=0.002s
[18:30:27] [YFAdapter-P2] [INFO] [YF-P2] Decision context: myPos=2, curPos=0, greaterPos=3, teammate=0, curAction=[, actionList_size=1
[18:30:27] [YFAdapter-P2] [INFO] [YF-P2] Decided: action_index=0, action=['PASS', 'PASS', 'PASS']
[18:30:27] [HybridV4-P2] [INFO] ✓ Decision complete: action=0 (score=-5.0, layer=YF), candidates=1, time=0.002s
[18:30:27] [yf2_v4] [INFO] 游戏开始, 我是2号位，手牌：['S4', 'S4', 'D4', 'S5', 'H5', 'S6', 'C6', 'D6', 'S7', 'C7', 'D7', 'D7', 'C8', 'C9', 'C9', 'SJ', 'HJ', 'CJ', 'DJ', 'SQ', 'SK', 'HK', 'DK', 'HA', 'H2', 'C2', 'D2']
[18:30:27] [YFAdapter-P2] [INFO] [YF-P2] Decision context: myPos=2, curPos=1, greaterPos=1, teammate=0, curAction=[, actionList_size=29
[18:30:27] [YFAdapter-P2] [INFO] [YF-P2] Decided: action_index=0, action=['PASS', 'PASS', 'PASS']
[18:30:27] [HybridV4-P2] [INFO] ✓ Decision complete: action=11 (score=142.5, layer=YF), candidates=8, time=0.003s
[18:30:27] [YFAdapter-P2] [INFO] [YF-P2] Decision context: myPos=2, curPos=1, greaterPos=0, teammate=0, curAction=[, actionList_size=9
[18:30:27] [YFAdapter-P2] [INFO] [YF-P2] Decided: action_index=0, action=['PASS', 'PASS', 'PASS']
[18:30:27] [HybridV4-P2] [INFO] ✓ Decision complete: action=1 (score=109.0, layer=YF), candidates=6, time=0.005s
[18:30:27] [YFAdapter-P2] [INFO] [YF-P2] Decision context: myPos=2, curPos=-1, greaterPos=-1, teammate=0, curAction=[, actionList_size=183
[18:30:27] [YFAdapter-P2] [INFO] [YF-P2] Decided: action_index=10, action=['Single', '8', [['C', '8']]]
[18:30:27] [HybridV4-P2] [INFO] ✓ Decision complete: action=10 (score=115.0, layer=YF), candidates=8, time=0.010s
[18:30:27] [YFAdapter-P2] [INFO] [YF-P2] Decision context: myPos=2, curPos=1, greaterPos=1, teammate=0, curAction=[, actionList_size=2
[18:30:27] [YFAdapter-P2] [INFO] [YF-P2] Decided: action_index=0, action=['PASS', 'PASS', 'PASS']
[18:30:27] [HybridV4-P2] [INFO] ✓ Decision complete: action=1 (score=135.5, layer=YF), candidates=2, time=0.003s
[18:30:27] [YFAdapter-P2] [INFO] [YF-P2] Decision context: myPos=2, curPos=1, greaterPos=3, teammate=0, curAction=[, actionList_size=1
[18:30:27] [YFAdapter-P2] [INFO] [YF-P2] Decided: action_index=0, action=['PASS', 'PASS', 'PASS']
[18:30:27] [HybridV4-P2] [INFO] ✓ Decision complete: action=0 (score=95.0, layer=YF), candidates=1, time=0.003s
[18:30:27] [YFAdapter-P2] [INFO] [YF-P2] Decision context: myPos=2, curPos=1, greaterPos=1, teammate=0, curAction=[, actionList_size=1
[18:30:27] [YFAdapter-P2] [INFO] [YF-P2] Decided: action_index=0, action=['PASS', 'PASS', 'PASS']
[18:30:27] [HybridV4-P2] [INFO] ✓ Decision complete: action=0 (score=95.0, layer=YF), candidates=1, time=0.003s
[18:30:27] [YFAdapter-P2] [INFO] [YF-P2] Decision context: myPos=2, curPos=1, greaterPos=0, teammate=0, curAction=[, actionList_size=1
[18:30:27] [YFAdapter-P2] [INFO] [YF-P2] Decided: action_index=0, action=['PASS', 'PASS', 'PASS']
[18:30:27] [HybridV4-P2] [INFO] ✓ Decision complete: action=0 (score=95.0, layer=YF), candidates=1, time=0.003s
[18:30:27] [YFAdapter-P2] [INFO] [YF-P2] Decision context: myPos=2, curPos=1, greaterPos=1, teammate=0, curAction=[, actionList_size=5
[18:30:27] [YFAdapter-P2] [INFO] [YF-P2] Decided: action_index=0, action=['PASS', 'PASS', 'PASS']
[18:30:27] [HybridV4-P2] [INFO] ✓ Decision complete: action=4 (score=142.5, layer=YF), candidates=5, time=0.004s
[18:30:27] [YFAdapter-P2] [INFO] [YF-P2] Decision context: myPos=2, curPos=1, greaterPos=0, teammate=0, curAction=[, actionList_size=1
[18:30:27] [YFAdapter-P2] [INFO] [YF-P2] Decided: action_index=0, action=['PASS', 'PASS', 'PASS']
[18:30:27] [HybridV4-P2] [INFO] ✓ Decision complete: action=0 (score=95.0, layer=YF), candidates=1, time=0.003s
[18:30:27] [YFAdapter-P2] [INFO] [YF-P2] Decision context: myPos=2, curPos=1, greaterPos=1, teammate=0, curAction=[, actionList_size=8
[18:30:27] [YFAdapter-P2] [INFO] [YF-P2] Decided: action_index=0, action=['PASS', 'PASS', 'PASS']
[18:30:27] [HybridV4-P2] [INFO] ✓ Decision complete: action=1 (score=139.0, layer=YF), candidates=6, time=0.012s
[18:30:27] [YFAdapter-P2] [INFO] [YF-P2] Decision context: myPos=2, curPos=-1, greaterPos=-1, teammate=0, curAction=[, actionList_size=17
[18:30:27] [YFAdapter-P2] [INFO] [YF-P2] Decided: action_index=0, action=['Single', '4', [['S', '4']]]
[18:30:27] [HybridV4-P2] [INFO] ✓ Decision complete: action=0 (score=110.0, layer=YF), candidates=8, time=0.007s
[18:30:27] [YFAdapter-P2] [INFO] [YF-P2] Decision context: myPos=2, curPos=1, greaterPos=1, teammate=0, curAction=[, actionList_size=1
[18:30:27] [YFAdapter-P2] [INFO] [YF-P2] Decided: action_index=0, action=['PASS', 'PASS', 'PASS']
[18:30:27] [HybridV4-P2] [INFO] ✓ Decision complete: action=0 (score=95.0, layer=YF), candidates=1, time=0.006s
[18:30:27] [YFAdapter-P2] [INFO] [YF-P2] Decision context: myPos=2, curPos=1, greaterPos=3, teammate=0, curAction=[, actionList_size=1
[18:30:27] [YFAdapter-P2] [INFO] [YF-P2] Decided: action_index=0, action=['PASS', 'PASS', 'PASS']
[18:30:27] [HybridV4-P2] [INFO] ✓ Decision complete: action=0 (score=95.0, layer=YF), candidates=1, time=0.002s
[18:30:27] [YFAdapter-P2] [INFO] [YF-P2] Decision context: myPos=2, curPos=1, greaterPos=1, teammate=0, curAction=[, actionList_size=1
[18:30:27] [YFAdapter-P2] [INFO] [YF-P2] Decided: action_index=0, action=['PASS', 'PASS', 'PASS']
[18:30:27] [HybridV4-P2] [INFO] ✓ Decision complete: action=0 (score=95.0, layer=YF), candidates=1, time=0.003s
[18:30:27] [YFAdapter-P2] [INFO] [YF-P2] Decision context: myPos=2, curPos=1, greaterPos=1, teammate=0, curAction=[, actionList_size=4
[18:30:27] [YFAdapter-P2] [INFO] [YF-P2] Decided: action_index=0, action=['PASS', 'PASS', 'PASS']
[18:30:27] [HybridV4-P2] [INFO] ✓ Decision complete: action=2 (score=166.0, layer=YF), candidates=4, time=0.003s
[18:30:27] [YFAdapter-P2] [INFO] [YF-P2] Decision context: myPos=2, curPos=1, greaterPos=3, teammate=0, curAction=[, actionList_size=1
[18:30:27] [YFAdapter-P2] [INFO] [YF-P2] Decided: action_index=0, action=['PASS', 'PASS', 'PASS']
[18:30:27] [HybridV4-P2] [INFO] ✓ Decision complete: action=0 (score=95.0, layer=YF), candidates=1, time=0.006s
[18:30:27] [YFAdapter-P2] [INFO] [YF-P2] Decision context: myPos=2, curPos=1, greaterPos=1, teammate=0, curAction=[, actionList_size=1
[18:30:27] [YFAdapter-P2] [INFO] [YF-P2] Decided: action_index=0, action=['PASS', 'PASS', 'PASS']
[18:30:27] [HybridV4-P2] [INFO] ✓ Decision complete: action=0 (score=75.0, layer=YF), candidates=1, time=0.005s
[18:30:27] [YFAdapter-P2] [INFO] [YF-P2] Decision context: myPos=2, curPos=1, greaterPos=1, teammate=0, curAction=[, actionList_size=1
[18:30:27] [YFAdapter-P2] [INFO] [YF-P2] Decided: action_index=0, action=['PASS', 'PASS', 'PASS']
[18:30:27] [HybridV4-P2] [INFO] ✓ Decision complete: action=0 (score=-5.0, layer=YF), candidates=1, time=0.002s
[18:30:27] [YFAdapter-P2] [INFO] [YF-P2] Decision context: myPos=2, curPos=1, greaterPos=1, teammate=0, curAction=[, actionList_size=2
[18:30:27] [YFAdapter-P2] [INFO] [YF-P2] Decided: action_index=0, action=['PASS', 'PASS', 'PASS']
[18:30:27] [YFAdapter-P2] [WARNING] [YF-P2] 检测到过于保守: 对手快走完(剩2张), 触发Layer 2/3进行更积极的决策
[18:30:27] [HybridV4-P2] [INFO] ✓ Decision complete: action=1 (score=155.6, layer=DecisionEngine), candidates=2, time=0.003s
[18:30:27] [YFAdapter-P2] [INFO] [YF-P2] Decision context: myPos=2, curPos=1, greaterPos=1, teammate=0, curAction=[, actionList_size=1
[18:30:27] [YFAdapter-P2] [INFO] [YF-P2] Decided: action_index=0, action=['PASS', 'PASS', 'PASS']
[18:30:27] [HybridV4-P2] [INFO] ✓ Decision complete: action=0 (score=-5.0, layer=YF), candidates=1, time=0.003s
[18:30:27] [YFAdapter-P2] [INFO] [YF-P2] Decision context: myPos=2, curPos=1, greaterPos=1, teammate=0, curAction=[, actionList_size=1
[18:30:27] [YFAdapter-P2] [INFO] [YF-P2] Decided: action_index=0, action=['PASS', 'PASS', 'PASS']
[18:30:27] [HybridV4-P2] [INFO] ✓ Decision complete: action=0 (score=-5.0, layer=YF), candidates=1, time=0.003s
[18:30:27] [YFAdapter-P2] [INFO] [YF-P2] Decision context: myPos=2, curPos=0, greaterPos=3, teammate=0, curAction=[, actionList_size=1
[18:30:27] [YFAdapter-P2] [INFO] [YF-P2] Decided: action_index=0, action=['PASS', 'PASS', 'PASS']
[18:30:27] [HybridV4-P2] [INFO] ✓ Decision complete: action=0 (score=-5.0, layer=YF), candidates=1, time=0.002s
[18:30:27] [YFAdapter-P2] [INFO] [YF-P2] Decision context: myPos=2, curPos=0, greaterPos=3, teammate=0, curAction=[, actionList_size=1
[18:30:27] [YFAdapter-P2] [INFO] [YF-P2] Decided: action_index=0, action=['PASS', 'PASS', 'PASS']
[18:30:27] [HybridV4-P2] [INFO] ✓ Decision complete: action=0 (score=-5.0, layer=YF), candidates=1, time=0.004s
[18:30:27] [yf2_v4] [INFO] 游戏开始, 我是2号位，手牌：['H2', 'D2', 'S3', 'H3', 'S4', 'S4', 'S6', 'C6', 'D6', 'S7', 'D7', 'D8', 'D9', 'HT', 'HT', 'CT', 'SJ', 'CJ', 'SK', 'DK', 'HA', 'S5', 'H5', 'H5', 'C5', 'SB', 'HR']
[18:30:27] [YFAdapter-P2] [INFO] [YF-P2] Decision context: myPos=2, curPos=1, greaterPos=1, teammate=0, curAction=[, actionList_size=38
[18:30:27] [YFAdapter-P2] [INFO] [YF-P2] Decided: action_index=0, action=['PASS', 'PASS', 'PASS']
[18:30:27] [HybridV4-P2] [INFO] ✓ Decision complete: action=14 (score=142.5, layer=YF), candidates=8, time=0.008s
[18:30:27] [YFAdapter-P2] [INFO] [YF-P2] Decision context: myPos=2, curPos=1, greaterPos=0, teammate=0, curAction=[, actionList_size=19
[18:30:27] [YFAdapter-P2] [INFO] [YF-P2] Decided: action_index=0, action=['PASS', 'PASS', 'PASS']
[18:30:27] [HybridV4-P2] [INFO] ✓ Decision complete: action=1 (score=112.5, layer=YF), candidates=7, time=0.004s
[18:30:27] [YFAdapter-P2] [INFO] [YF-P2] Decision context: myPos=2, curPos=1, greaterPos=0, teammate=0, curAction=[, actionList_size=9
[18:30:27] [YFAdapter-P2] [INFO] [YF-P2] Decided: action_index=0, action=['PASS', 'PASS', 'PASS']
[18:30:27] [HybridV4-P2] [INFO] ✓ Decision complete: action=4 (score=109.0, layer=YF), candidates=6, time=0.003s
[18:30:27] [YFAdapter-P2] [INFO] [YF-P2] Decision context: myPos=2, curPos=-1, greaterPos=-1, teammate=0, curAction=[, actionList_size=142
[18:30:27] [YFAdapter-P2] [INFO] [YF-P2] Decided: action_index=10, action=['Single', '8', [['D', '8']]]
[18:30:27] [HybridV4-P2] [INFO] ✓ Decision complete: action=10 (score=115.0, layer=YF), candidates=8, time=0.007s
[18:30:28] [YFAdapter-P2] [INFO] [YF-P2] Decision context: myPos=2, curPos=1, greaterPos=0, teammate=0, curAction=[, actionList_size=2
[18:30:28] [YFAdapter-P2] [INFO] [YF-P2] Decided: action_index=0, action=['PASS', 'PASS', 'PASS']
[18:30:28] [HybridV4-P2] [INFO] ✓ Decision complete: action=1 (score=102.0, layer=YF), candidates=2, time=0.007s
[18:30:28] [YFAdapter-P2] [INFO] [YF-P2] Decision context: myPos=2, curPos=-1, greaterPos=-1, teammate=0, curAction=[, actionList_size=29
[18:30:28] [YFAdapter-P2] [INFO] [YF-P2] Decided: action_index=2, action=['Single', '3', [['H', '3']]]
[18:30:28] [HybridV4-P2] [INFO] ✓ Decision complete: action=2 (score=110.0, layer=YF), candidates=8, time=0.014s
[18:30:28] [YFAdapter-P2] [INFO] [YF-P2] Decision context: myPos=2, curPos=1, greaterPos=1, teammate=0, curAction=[, actionList_size=3
[18:30:28] [YFAdapter-P2] [INFO] [YF-P2] Decided: action_index=0, action=['PASS', 'PASS', 'PASS']
[18:30:28] [HybridV4-P2] [INFO] ✓ Decision complete: action=2 (score=142.5, layer=YF), candidates=3, time=0.006s
[18:30:28] [YFAdapter-P2] [INFO] [YF-P2] Decision context: myPos=2, curPos=1, greaterPos=3, teammate=0, curAction=[, actionList_size=1
[18:30:28] [YFAdapter-P2] [INFO] [YF-P2] Decided: action_index=0, action=['PASS', 'PASS', 'PASS']
[18:30:28] [HybridV4-P2] [INFO] ✓ Decision complete: action=0 (score=95.0, layer=YF), candidates=1, time=0.009s
[18:30:28] [YFAdapter-P2] [INFO] [YF-P2] Decision context: myPos=2, curPos=1, greaterPos=1, teammate=0, curAction=[, actionList_size=1
[18:30:28] [YFAdapter-P2] [INFO] [YF-P2] Decided: action_index=0, action=['PASS', 'PASS', 'PASS']
[18:30:28] [HybridV4-P2] [INFO] ✓ Decision complete: action=0 (score=95.0, layer=YF), candidates=1, time=0.009s
[18:30:28] [YFAdapter-P2] [INFO] [YF-P2] Decision context: myPos=2, curPos=1, greaterPos=1, teammate=0, curAction=[, actionList_size=7
[18:30:28] [YFAdapter-P2] [INFO] [YF-P2] Decided: action_index=0, action=['PASS', 'PASS', 'PASS']
[18:30:28] [HybridV4-P2] [INFO] ✓ Decision complete: action=4 (score=139.0, layer=YF), candidates=6, time=0.004s
[18:30:28] [YFAdapter-P2] [INFO] [YF-P2] Decision context: myPos=2, curPos=1, greaterPos=3, teammate=0, curAction=[, actionList_size=1
[18:30:28] [YFAdapter-P2] [INFO] [YF-P2] Decided: action_index=0, action=['PASS', 'PASS', 'PASS']
[18:30:28] [HybridV4-P2] [INFO] ✓ Decision complete: action=0 (score=95.0, layer=YF), candidates=1, time=0.003s
[18:30:28] [YFAdapter-P2] [INFO] [YF-P2] Decision context: myPos=2, curPos=1, greaterPos=0, teammate=0, curAction=[, actionList_size=3
[18:30:28] [YFAdapter-P2] [INFO] [YF-P2] Decided: action_index=0, action=['PASS', 'PASS', 'PASS']
[18:30:28] [HybridV4-P2] [INFO] ✓ Decision complete: action=1 (score=109.0, layer=YF), candidates=3, time=0.004s
[18:30:28] [YFAdapter-P2] [INFO] [YF-P2] Decision context: myPos=2, curPos=1, greaterPos=0, teammate=0, curAction=[, actionList_size=1
[18:30:28] [YFAdapter-P2] [INFO] [YF-P2] Decided: action_index=0, action=['PASS', 'PASS', 'PASS']
[18:30:28] [HybridV4-P2] [INFO] ✓ Decision complete: action=0 (score=95.0, layer=YF), candidates=1, time=0.002s
[18:30:28] [YFAdapter-P2] [INFO] [YF-P2] Decision context: myPos=2, curPos=1, greaterPos=1, teammate=0, curAction=[, actionList_size=2
[18:30:28] [YFAdapter-P2] [INFO] [YF-P2] Decided: action_index=0, action=['PASS', 'PASS', 'PASS']
[18:30:28] [HybridV4-P2] [INFO] ✓ Decision complete: action=1 (score=132.0, layer=YF), candidates=2, time=0.004s
[18:30:28] [YFAdapter-P2] [INFO] [YF-P2] Decision context: myPos=2, curPos=1, greaterPos=1, teammate=0, curAction=[, actionList_size=1
[18:30:28] [YFAdapter-P2] [INFO] [YF-P2] Decided: action_index=0, action=['PASS', 'PASS', 'PASS']
[18:30:28] [HybridV4-P2] [INFO] ✓ Decision complete: action=0 (score=95.0, layer=YF), candidates=1, time=0.002s
[18:30:28] [YFAdapter-P2] [INFO] [YF-P2] Decision context: myPos=2, curPos=1, greaterPos=1, teammate=0, curAction=[, actionList_size=3
[18:30:28] [YFAdapter-P2] [INFO] [YF-P2] Decided: action_index=0, action=['PASS', 'PASS', 'PASS']
[18:30:28] [HybridV4-P2] [INFO] ✓ Decision complete: action=1 (score=155.5, layer=YF), candidates=3, time=0.003s
[18:30:28] [YFAdapter-P2] [INFO] [YF-P2] Decision context: myPos=2, curPos=1, greaterPos=0, teammate=0, curAction=[, actionList_size=1
[18:30:28] [YFAdapter-P2] [INFO] [YF-P2] Decided: action_index=0, action=['PASS', 'PASS', 'PASS']
[18:30:28] [HybridV4-P2] [INFO] ✓ Decision complete: action=0 (score=95.0, layer=YF), candidates=1, time=0.003s
[18:30:28] [YFAdapter-P2] [INFO] [YF-P2] Decision context: myPos=2, curPos=1, greaterPos=1, teammate=0, curAction=[, actionList_size=1
[18:30:28] [YFAdapter-P2] [INFO] [YF-P2] Decided: action_index=0, action=['PASS', 'PASS', 'PASS']
[18:30:28] [HybridV4-P2] [INFO] ✓ Decision complete: action=0 (score=95.0, layer=YF), candidates=1, time=0.002s
[18:30:28] [YFAdapter-P2] [INFO] [YF-P2] Decision context: myPos=2, curPos=1, greaterPos=1, teammate=0, curAction=[, actionList_size=1
[18:30:28] [YFAdapter-P2] [INFO] [YF-P2] Decided: action_index=0, action=['PASS', 'PASS', 'PASS']
[18:30:28] [HybridV4-P2] [INFO] ✓ Decision complete: action=0 (score=75.0, layer=YF), candidates=1, time=0.003s
[18:30:28] [YFAdapter-P2] [INFO] [YF-P2] Decision context: myPos=2, curPos=1, greaterPos=1, teammate=0, curAction=[, actionList_size=1
[18:30:28] [YFAdapter-P2] [INFO] [YF-P2] Decided: action_index=0, action=['PASS', 'PASS', 'PASS']
[18:30:28] [HybridV4-P2] [INFO] ✓ Decision complete: action=0 (score=-5.0, layer=YF), candidates=1, time=0.003s
[18:30:28] [YFAdapter-P2] [INFO] [YF-P2] Decision context: myPos=2, curPos=1, greaterPos=1, teammate=0, curAction=[, actionList_size=1
[18:30:28] [YFAdapter-P2] [INFO] [YF-P2] Decided: action_index=0, action=['PASS', 'PASS', 'PASS']
[18:30:28] [HybridV4-P2] [INFO] ✓ Decision complete: action=0 (score=-5.0, layer=YF), candidates=1, time=0.003s
[18:30:28] [YFAdapter-P2] [INFO] [YF-P2] Decision context: myPos=2, curPos=0, greaterPos=0, teammate=0, curAction=[, actionList_size=1
[18:30:28] [YFAdapter-P2] [INFO] [YF-P2] Decided: action_index=0, action=['PASS', 'PASS', 'PASS']
[18:30:28] [HybridV4-P2] [INFO] ✓ Decision complete: action=0 (score=-5.0, layer=YF), candidates=1, time=0.004s
[18:30:28] [YFAdapter-P2] [INFO] [YF-P2] Decision context: myPos=2, curPos=0, greaterPos=3, teammate=0, curAction=[, actionList_size=1
[18:30:28] [YFAdapter-P2] [INFO] [YF-P2] Decided: action_index=0, action=['PASS', 'PASS', 'PASS']
[18:30:28] [HybridV4-P2] [INFO] ✓ Decision complete: action=0 (score=-5.0, layer=YF), candidates=1, time=0.003s
[18:30:28] [yf2_v4] [INFO] 游戏开始, 我是2号位，手牌：['S2', 'H2', 'D2', 'C3', 'S4', 'C4', 'H5', 'C5', 'S7', 'C7', 'D7', 'S9', 'D9', 'HT', 'CT', 'DT', 'DT', 'DJ', 'SQ', 'HQ', 'CQ', 'SK', 'SA', 'CA', 'DA', 'C8', 'HR']
[18:30:28] [YFAdapter-P2] [INFO] [YF-P2] Decision context: myPos=2, curPos=-1, greaterPos=-1, teammate=0, curAction=[, actionList_size=1
[18:30:28] [YFAdapter-P2] [INFO] [YF-P2] Decided: action_index=0, action=['tribute', 'tribute', [['H', 'R']]]
[18:30:28] [HybridV4-P2] [INFO] ✓ Decision complete: action=0 (score=110.0, layer=YF), candidates=1, time=0.011s
[18:30:28] [YFAdapter-P2] [INFO] [YF-P2] Decision context: myPos=2, curPos=-1, greaterPos=-1, teammate=0, curAction=[, actionList_size=365
[18:30:28] [YFAdapter-P2] [INFO] [YF-P2] Decided: action_index=4, action=['Single', '3', [['C', '3']]]
[18:30:28] [HybridV4-P2] [INFO] ✓ Decision complete: action=4 (score=110.0, layer=YF), candidates=8, time=0.008s
[18:30:28] [YFAdapter-P2] [INFO] [YF-P2] Decision context: myPos=2, curPos=1, greaterPos=1, teammate=0, curAction=[, actionList_size=3
[18:30:28] [YFAdapter-P2] [INFO] [YF-P2] Decided: action_index=0, action=['PASS', 'PASS', 'PASS']
[18:30:28] [HybridV4-P2] [INFO] ✓ Decision complete: action=1 (score=142.5, layer=YF), candidates=3, time=0.011s
[18:30:28] [YFAdapter-P2] [INFO] [YF-P2] Decision context: myPos=2, curPos=1, greaterPos=0, teammate=0, curAction=[, actionList_size=2
[18:30:28] [YFAdapter-P2] [INFO] [YF-P2] Decided: action_index=0, action=['PASS', 'PASS', 'PASS']
[18:30:28] [HybridV4-P2] [INFO] ✓ Decision complete: action=1 (score=105.5, layer=YF), candidates=2, time=0.012s
[18:30:28] [YFAdapter-P2] [INFO] [YF-P2] Decision context: myPos=2, curPos=-1, greaterPos=-1, teammate=0, curAction=[, actionList_size=60
[18:30:28] [YFAdapter-P2] [INFO] [YF-P2] Decided: action_index=33, action=['ThreeWithTwo', '7', [['S', '7'], ['C', '7'], ['D', '7'], ['S', '4'], ['C', '4']]]
[18:30:28] [HybridV4-P2] [INFO] ✓ Decision complete: action=33 (score=115.0, layer=YF), candidates=8, time=0.004s
[18:30:28] [YFAdapter-P2] [INFO] [YF-P2] Decision context: myPos=2, curPos=1, greaterPos=1, teammate=0, curAction=[, actionList_size=1
[18:30:28] [YFAdapter-P2] [INFO] [YF-P2] Decided: action_index=0, action=['PASS', 'PASS', 'PASS']
[18:30:28] [HybridV4-P2] [INFO] ✓ Decision complete: action=0 (score=95.0, layer=YF), candidates=1, time=0.003s
[18:30:28] [YFAdapter-P2] [INFO] [YF-P2] Decision context: myPos=2, curPos=1, greaterPos=1, teammate=0, curAction=[, actionList_size=1
[18:30:28] [YFAdapter-P2] [INFO] [YF-P2] Decided: action_index=0, action=['PASS', 'PASS', 'PASS']
[18:30:28] [HybridV4-P2] [INFO] ✓ Decision complete: action=0 (score=95.0, layer=YF), candidates=1, time=0.003s
[18:30:28] [YFAdapter-P2] [INFO] [YF-P2] Decision context: myPos=2, curPos=1, greaterPos=1, teammate=0, curAction=[, actionList_size=14
[18:30:28] [YFAdapter-P2] [INFO] [YF-P2] Decided: action_index=0, action=['PASS', 'PASS', 'PASS']
[18:30:28] [HybridV4-P2] [INFO] ✓ Decision complete: action=10 (score=142.5, layer=YF), candidates=8, time=0.004s
[18:30:28] [YFAdapter-P2] [INFO] [YF-P2] Decision context: myPos=2, curPos=1, greaterPos=3, teammate=0, curAction=[, actionList_size=1
[18:30:28] [YFAdapter-P2] [INFO] [YF-P2] Decided: action_index=0, action=['PASS', 'PASS', 'PASS']
[18:30:28] [HybridV4-P2] [INFO] ✓ Decision complete: action=0 (score=95.0, layer=YF), candidates=1, time=0.003s
[18:30:28] [YFAdapter-P2] [INFO] [YF-P2] Decision context: myPos=2, curPos=1, greaterPos=3, teammate=0, curAction=[, actionList_size=1
[18:30:28] [YFAdapter-P2] [INFO] [YF-P2] Decided: action_index=0, action=['PASS', 'PASS', 'PASS']
[18:30:28] [HybridV4-P2] [INFO] ✓ Decision complete: action=0 (score=95.0, layer=YF), candidates=1, time=0.003s
[18:30:28] [YFAdapter-P2] [INFO] [YF-P2] Decision context: myPos=2, curPos=1, greaterPos=0, teammate=0, curAction=[, actionList_size=1
[18:30:28] [YFAdapter-P2] [INFO] [YF-P2] Decided: action_index=0, action=['PASS', 'PASS', 'PASS']
[18:30:28] [HybridV4-P2] [INFO] ✓ Decision complete: action=0 (score=95.0, layer=YF), candidates=1, time=0.002s
[18:30:28] [YFAdapter-P2] [INFO] [YF-P2] Decision context: myPos=2, curPos=1, greaterPos=1, teammate=0, curAction=[, actionList_size=11
[18:30:28] [YFAdapter-P2] [INFO] [YF-P2] Decided: action_index=0, action=['PASS', 'PASS', 'PASS']
[18:30:28] [HybridV4-P2] [INFO] ✓ Decision complete: action=8 (score=162.5, layer=YF), candidates=8, time=0.004s
[18:30:29] [YFAdapter-P2] [INFO] [YF-P2] Decision context: myPos=2, curPos=1, greaterPos=3, teammate=0, curAction=[, actionList_size=1
[18:30:29] [YFAdapter-P2] [INFO] [YF-P2] Decided: action_index=0, action=['PASS', 'PASS', 'PASS']
[18:30:29] [HybridV4-P2] [INFO] ✓ Decision complete: action=0 (score=95.0, layer=YF), candidates=1, time=0.005s
[18:30:29] [YFAdapter-P2] [INFO] [YF-P2] Decision context: myPos=2, curPos=1, greaterPos=1, teammate=0, curAction=[, actionList_size=3
[18:30:29] [YFAdapter-P2] [INFO] [YF-P2] Decided: action_index=0, action=['PASS', 'PASS', 'PASS']
[18:30:29] [HybridV4-P2] [INFO] ✓ Decision complete: action=1 (score=186.0, layer=YF), candidates=3, time=0.004s
[18:30:29] [YFAdapter-P2] [INFO] [YF-P2] Decision context: myPos=2, curPos=-1, greaterPos=-1, teammate=0, curAction=[, actionList_size=7
[18:30:29] [YFAdapter-P2] [INFO] [YF-P2] Decided: action_index=6, action=['Pair', '9', [['S', '9'], ['D', '9']]]
[18:30:29] [HybridV4-P2] [INFO] ✓ Decision complete: action=6 (score=165.0, layer=YF), candidates=6, time=0.004s
[18:30:29] [YFAdapter-P2] [INFO] [YF-P2] Decision context: myPos=2, curPos=1, greaterPos=3, teammate=0, curAction=[, actionList_size=1
[18:30:29] [YFAdapter-P2] [INFO] [YF-P2] Decided: action_index=0, action=['PASS', 'PASS', 'PASS']
[18:30:29] [HybridV4-P2] [INFO] ✓ Decision complete: action=0 (score=75.0, layer=YF), candidates=1, time=0.003s
[18:30:29] [YFAdapter-P2] [INFO] [YF-P2] Decision context: myPos=2, curPos=1, greaterPos=3, teammate=0, curAction=[, actionList_size=1
[18:30:29] [YFAdapter-P2] [INFO] [YF-P2] Decided: action_index=0, action=['PASS', 'PASS', 'PASS']
[18:30:29] [HybridV4-P2] [INFO] ✓ Decision complete: action=0 (score=55.0, layer=YF), candidates=1, time=0.004s
[18:30:29] [YFAdapter-P2] [INFO] [YF-P2] Decision context: myPos=2, curPos=1, greaterPos=1, teammate=0, curAction=[, actionList_size=5
[18:30:29] [YFAdapter-P2] [INFO] [YF-P2] Decided: action_index=0, action=['PASS', 'PASS', 'PASS']
[18:30:29] [YFAdapter-P2] [WARNING] [YF-P2] 检测到过于保守: 对手快走完(剩0张), 触发Layer 2/3进行更积极的决策
[18:30:29] [HybridV4-P2] [INFO] ✓ Decision complete: action=1 (score=155.6, layer=DecisionEngine), candidates=5, time=0.005s
[18:30:29] [YFAdapter-P2] [INFO] [YF-P2] Decision context: myPos=2, curPos=1, greaterPos=1, teammate=0, curAction=[, actionList_size=1
[18:30:29] [YFAdapter-P2] [INFO] [YF-P2] Decided: action_index=0, action=['PASS', 'PASS', 'PASS']
[18:30:29] [HybridV4-P2] [INFO] ✓ Decision complete: action=0 (score=-5.0, layer=YF), candidates=1, time=0.004s
[18:30:29] [YFAdapter-P2] [INFO] [YF-P2] Decision context: myPos=2, curPos=1, greaterPos=1, teammate=0, curAction=[, actionList_size=1
[18:30:29] [YFAdapter-P2] [INFO] [YF-P2] Decided: action_index=0, action=['PASS', 'PASS', 'PASS']
[18:30:29] [HybridV4-P2] [INFO] ✓ Decision complete: action=0 (score=-5.0, layer=YF), candidates=1, time=0.004s
[18:30:29] [YFAdapter-P2] [INFO] [YF-P2] Decision context: myPos=2, curPos=1, greaterPos=1, teammate=0, curAction=[, actionList_size=4
[18:30:29] [YFAdapter-P2] [INFO] [YF-P2] Decided: action_index=0, action=['PASS', 'PASS', 'PASS']
[18:30:29] [YFAdapter-P2] [WARNING] [YF-P2] 检测到过于保守: 对手快走完(剩0张), 触发Layer 2/3进行更积极的决策
[18:30:29] [HybridV4-P2] [INFO] ✓ Decision complete: action=1 (score=155.6, layer=DecisionEngine), candidates=4, time=0.008s
[18:30:29] [YFAdapter-P2] [INFO] [YF-P2] Decision context: myPos=2, curPos=1, greaterPos=1, teammate=0, curAction=[, actionList_size=1
[18:30:29] [YFAdapter-P2] [INFO] [YF-P2] Decided: action_index=0, action=['PASS', 'PASS', 'PASS']
[18:30:29] [HybridV4-P2] [INFO] ✓ Decision complete: action=0 (score=-5.0, layer=YF), candidates=1, time=0.004s
[18:30:29] [yf2_v4] [INFO] 游戏开始, 我是2号位，手牌：['S2', 'C2', 'H3', 'C3', 'D3', 'C4', 'C4', 'S5', 'H5', 'S6', 'H6', 'H8', 'C8', 'D8', 'H9', 'D9', 'D9', 'DQ', 'HK', 'HK', 'SA', 'CA', 'SJ', 'CJ', 'DJ', 'SB', 'HR']
[18:30:29] [YFAdapter-P2] [INFO] [YF-P2] Decision context: myPos=2, curPos=1, greaterPos=1, teammate=0, curAction=[, actionList_size=3
[18:30:29] [YFAdapter-P2] [INFO] [YF-P2] Decided: action_index=0, action=['PASS', 'PASS', 'PASS']
[18:30:29] [HybridV4-P2] [INFO] ✓ Decision complete: action=1 (score=142.5, layer=YF), candidates=3, time=0.006s
[18:30:29] [YFAdapter-P2] [INFO] [YF-P2] Decision context: myPos=2, curPos=1, greaterPos=1, teammate=0, curAction=[, actionList_size=1
[18:30:29] [YFAdapter-P2] [INFO] [YF-P2] Decided: action_index=0, action=['PASS', 'PASS', 'PASS']
[18:30:29] [HybridV4-P2] [INFO] ✓ Decision complete: action=0 (score=95.0, layer=YF), candidates=1, time=0.005s
[18:30:29] [YFAdapter-P2] [INFO] [YF-P2] Decision context: myPos=2, curPos=1, greaterPos=0, teammate=0, curAction=[, actionList_size=1
[18:30:29] [YFAdapter-P2] [INFO] [YF-P2] Decided: action_index=0, action=['PASS', 'PASS', 'PASS']
[18:30:29] [HybridV4-P2] [INFO] ✓ Decision complete: action=0 (score=95.0, layer=YF), candidates=1, time=0.013s
[18:30:29] [YFAdapter-P2] [INFO] [YF-P2] Decision context: myPos=2, curPos=1, greaterPos=1, teammate=0, curAction=[, actionList_size=16
[18:30:29] [YFAdapter-P2] [INFO] [YF-P2] Decided: action_index=0, action=['PASS', 'PASS', 'PASS']
[18:30:29] [HybridV4-P2] [INFO] ✓ Decision complete: action=10 (score=142.5, layer=YF), candidates=8, time=0.004s
[18:30:29] [YFAdapter-P2] [INFO] [YF-P2] Decision context: myPos=2, curPos=1, greaterPos=1, teammate=0, curAction=[, actionList_size=1
[18:30:29] [YFAdapter-P2] [INFO] [YF-P2] Decided: action_index=0, action=['PASS', 'PASS', 'PASS']
[18:30:29] [HybridV4-P2] [INFO] ✓ Decision complete: action=0 (score=95.0, layer=YF), candidates=1, time=0.002s
[18:30:29] [YFAdapter-P2] [INFO] [YF-P2] Decision context: myPos=2, curPos=1, greaterPos=1, teammate=0, curAction=[, actionList_size=13
[18:30:29] [YFAdapter-P2] [INFO] [YF-P2] Decided: action_index=0, action=['PASS', 'PASS', 'PASS']
[18:30:29] [HybridV4-P2] [INFO] ✓ Decision complete: action=9 (score=159.0, layer=YF), candidates=8, time=0.003s
[18:30:29] [YFAdapter-P2] [INFO] [YF-P2] Decision context: myPos=2, curPos=1, greaterPos=0, teammate=0, curAction=[, actionList_size=1
[18:30:29] [YFAdapter-P2] [INFO] [YF-P2] Decided: action_index=0, action=['PASS', 'PASS', 'PASS']
[18:30:29] [HybridV4-P2] [INFO] ✓ Decision complete: action=0 (score=95.0, layer=YF), candidates=1, time=0.002s
[18:30:29] [YFAdapter-P2] [INFO] [YF-P2] Decision context: myPos=2, curPos=1, greaterPos=0, teammate=0, curAction=[, actionList_size=1
[18:30:29] [YFAdapter-P2] [INFO] [YF-P2] Decided: action_index=0, action=['PASS', 'PASS', 'PASS']
[18:30:29] [HybridV4-P2] [INFO] ✓ Decision complete: action=0 (score=95.0, layer=YF), candidates=1, time=0.002s
[18:30:29] [YFAdapter-P2] [INFO] [YF-P2] Decision context: myPos=2, curPos=1, greaterPos=3, teammate=0, curAction=[, actionList_size=1
[18:30:29] [YFAdapter-P2] [INFO] [YF-P2] Decided: action_index=0, action=['PASS', 'PASS', 'PASS']
[18:30:29] [HybridV4-P2] [INFO] ✓ Decision complete: action=0 (score=95.0, layer=YF), candidates=1, time=0.002s
[18:30:29] [YFAdapter-P2] [INFO] [YF-P2] Decision context: myPos=2, curPos=1, greaterPos=1, teammate=0, curAction=[, actionList_size=2
[18:30:29] [YFAdapter-P2] [INFO] [YF-P2] Decided: action_index=0, action=['PASS', 'PASS', 'PASS']
[18:30:29] [HybridV4-P2] [INFO] ✓ Decision complete: action=1 (score=162.5, layer=YF), candidates=2, time=0.005s
[18:30:29] [YFAdapter-P2] [INFO] [YF-P2] Decision context: myPos=2, curPos=-1, greaterPos=-1, teammate=0, curAction=[, actionList_size=131
[18:30:29] [YFAdapter-P2] [INFO] [YF-P2] Decided: action_index=45, action=['ThreePair', '4', [['C', '4'], ['C', '4'], ['S', '5'], ['H', '5'], ['S', '6'], ['H', '6']]]
[18:30:29] [HybridV4-P2] [INFO] ✓ Decision complete: action=45 (score=130.0, layer=YF), candidates=8, time=0.007s
[18:30:29] [YFAdapter-P2] [INFO] [YF-P2] Decision context: myPos=2, curPos=1, greaterPos=3, teammate=0, curAction=[, actionList_size=1
[18:30:29] [YFAdapter-P2] [INFO] [YF-P2] Decided: action_index=0, action=['PASS', 'PASS', 'PASS']
[18:30:29] [HybridV4-P2] [INFO] ✓ Decision complete: action=0 (score=95.0, layer=YF), candidates=1, time=0.012s
[18:30:29] [YFAdapter-P2] [INFO] [YF-P2] Decision context: myPos=2, curPos=1, greaterPos=1, teammate=0, curAction=[, actionList_size=1
[18:30:29] [YFAdapter-P2] [INFO] [YF-P2] Decided: action_index=0, action=['PASS', 'PASS', 'PASS']
[18:30:29] [HybridV4-P2] [INFO] ✓ Decision complete: action=0 (score=95.0, layer=YF), candidates=1, time=0.005s
[18:30:29] [YFAdapter-P2] [INFO] [YF-P2] Decision context: myPos=2, curPos=1, greaterPos=1, teammate=0, curAction=[, actionList_size=9
[18:30:29] [YFAdapter-P2] [INFO] [YF-P2] Decided: action_index=0, action=['PASS', 'PASS', 'PASS']
[18:30:29] [HybridV4-P2] [INFO] ✓ Decision complete: action=6 (score=159.0, layer=YF), candidates=8, time=0.003s
[18:30:29] [YFAdapter-P2] [INFO] [YF-P2] Decision context: myPos=2, curPos=1, greaterPos=1, teammate=0, curAction=[, actionList_size=1
[18:30:29] [YFAdapter-P2] [INFO] [YF-P2] Decided: action_index=0, action=['PASS', 'PASS', 'PASS']
[18:30:29] [HybridV4-P2] [INFO] ✓ Decision complete: action=0 (score=75.0, layer=YF), candidates=1, time=0.003s
[18:30:29] [YFAdapter-P2] [INFO] [YF-P2] Decision context: myPos=2, curPos=1, greaterPos=1, teammate=0, curAction=[, actionList_size=6
[18:30:29] [YFAdapter-P2] [INFO] [YF-P2] Decided: action_index=0, action=['PASS', 'PASS', 'PASS']
[18:30:29] [YFAdapter-P2] [WARNING] [YF-P2] 检测到过于保守: 对手快走完(剩5张), 触发Layer 2/3进行更积极的决策
[18:30:29] [HybridV4-P2] [INFO] ✓ Decision complete: action=1 (score=135.6, layer=DecisionEngine), candidates=5, time=0.004s
[18:30:29] [YFAdapter-P2] [INFO] [YF-P2] Decision context: myPos=2, curPos=1, greaterPos=1, teammate=0, curAction=[, actionList_size=1
[18:30:29] [YFAdapter-P2] [INFO] [YF-P2] Decided: action_index=0, action=['PASS', 'PASS', 'PASS']
[18:30:29] [HybridV4-P2] [INFO] ✓ Decision complete: action=0 (score=-5.0, layer=YF), candidates=1, time=0.003s
[18:30:30] [YFAdapter-P2] [INFO] [YF-P2] Decision context: myPos=2, curPos=1, greaterPos=1, teammate=0, curAction=[, actionList_size=1
[18:30:30] [YFAdapter-P2] [INFO] [YF-P2] Decided: action_index=0, action=['PASS', 'PASS', 'PASS']
[18:30:30] [HybridV4-P2] [INFO] ✓ Decision complete: action=0 (score=-5.0, layer=YF), candidates=1, time=0.003s
[18:30:30] [YFAdapter-P2] [INFO] [YF-P2] Decision context: myPos=2, curPos=1, greaterPos=1, teammate=0, curAction=[, actionList_size=4
[18:30:30] [YFAdapter-P2] [INFO] [YF-P2] Decided: action_index=0, action=['PASS', 'PASS', 'PASS']
[18:30:30] [YFAdapter-P2] [WARNING] [YF-P2] 检测到过于保守: 对手快走完(剩0张), 触发Layer 2/3进行更积极的决策
[18:30:30] [HybridV4-P2] [INFO] ✓ Decision complete: action=1 (score=155.6, layer=DecisionEngine), candidates=4, time=0.018s
[18:30:30] [YFAdapter-P2] [INFO] [YF-P2] Decision context: myPos=2, curPos=0, greaterPos=3, teammate=0, curAction=[, actionList_size=2
[18:30:30] [YFAdapter-P2] [INFO] [YF-P2] Decided: action_index=0, action=['PASS', 'PASS', 'PASS']
[18:30:30] [YFAdapter-P2] [WARNING] [YF-P2] 检测到过于保守: 对手快走完(剩0张), 触发Layer 2/3进行更积极的决策
[18:30:30] [HybridV4-P2] [INFO] ✓ Decision complete: action=1 (score=130.6, layer=DecisionEngine), candidates=2, time=0.021s
[18:30:30] [YFAdapter-P2] [INFO] [YF-P2] Decision context: myPos=2, curPos=-1, greaterPos=-1, teammate=0, curAction=[, actionList_size=24
[18:30:30] [YFAdapter-P2] [INFO] [YF-P2] Decided: action_index=5, action=['Single', '8', [['C', '8']]]
[18:30:30] [HybridV4-P2] [INFO] ✓ Decision complete: action=5 (score=235.0, layer=YF), candidates=8, time=0.014s
[18:30:30] [YFAdapter-P2] [INFO] [YF-P2] Decision context: myPos=2, curPos=0, greaterPos=3, teammate=0, curAction=[, actionList_size=2
[18:30:30] [YFAdapter-P2] [INFO] [YF-P2] Decided: action_index=0, action=['PASS', 'PASS', 'PASS']
[18:30:30] [YFAdapter-P2] [WARNING] [YF-P2] 检测到过于保守: 对手快走完(剩0张), 触发Layer 2/3进行更积极的决策
[18:30:30] [HybridV4-P2] [INFO] ✓ Decision complete: action=1 (score=130.6, layer=DecisionEngine), candidates=2, time=0.004s
[18:30:30] [YFAdapter-P2] [INFO] [YF-P2] Decision context: myPos=2, curPos=-1, greaterPos=-1, teammate=0, curAction=[, actionList_size=22
[18:30:30] [YFAdapter-P2] [INFO] [YF-P2] Decided: action_index=15, action=['ThreeWithTwo', '3', [['H', '3'], ['C', '3'], ['D', '3'], ['S', '2'], ['C', '2']]]
[18:30:30] [HybridV4-P2] [INFO] ✓ Decision complete: action=15 (score=230.0, layer=YF), candidates=7, time=0.013s
[18:30:30] [YFAdapter-P2] [INFO] [YF-P2] Decision context: myPos=2, curPos=0, greaterPos=0, teammate=0, curAction=[, actionList_size=1
[18:30:30] [YFAdapter-P2] [INFO] [YF-P2] Decided: action_index=0, action=['PASS', 'PASS', 'PASS']
[18:30:30] [HybridV4-P2] [INFO] ✓ Decision complete: action=0 (score=-5.0, layer=YF), candidates=1, time=0.003s
[18:30:30] [YFAdapter-P2] [INFO] [YF-P2] Decision context: myPos=2, curPos=-1, greaterPos=-1, teammate=0, curAction=[, actionList_size=5
[18:30:30] [YFAdapter-P2] [INFO] [YF-P2] Decided: action_index=4, action=['Trips', '9', [['H', '9'], ['D', '9'], ['D', '9']]]
[18:30:30] [HybridV4-P2] [INFO] ✓ Decision complete: action=4 (score=235.0, layer=YF), candidates=5, time=0.015s
[18:30:30] [yf2_v4] [INFO] 游戏开始, 我是2号位，手牌：['S2', 'H2', 'D2', 'H3', 'H4', 'H5', 'S6', 'C6', 'D6', 'S7', 'S7', 'H7', 'C7', 'H8', 'H8', 'C8', 'S9', 'H9', 'ST', 'HT', 'CT', 'DT', 'DJ', 'SK', 'CA', 'CQ', 'HR']
[18:30:30] [YFAdapter-P2] [INFO] [YF-P2] Decision context: myPos=2, curPos=1, greaterPos=1, teammate=0, curAction=[, actionList_size=3
[18:30:30] [YFAdapter-P2] [INFO] [YF-P2] Decided: action_index=0, action=['PASS', 'PASS', 'PASS']
[18:30:30] [HybridV4-P2] [INFO] ✓ Decision complete: action=1 (score=135.5, layer=YF), candidates=3, time=0.003s
[18:30:30] [YFAdapter-P2] [INFO] [YF-P2] Decision context: myPos=2, curPos=-1, greaterPos=-1, teammate=0, curAction=[, actionList_size=170
[18:30:30] [YFAdapter-P2] [INFO] [YF-P2] Decided: action_index=129, action=['Straight', 'A', [['C', 'A'], ['S', '2'], ['H', '3'], ['H', '4'], ['H', '5']]]
[18:30:30] [HybridV4-P2] [INFO] ✓ Decision complete: action=129 (score=125.0, layer=YF), candidates=8, time=0.008s
[18:30:30] [YFAdapter-P2] [INFO] [YF-P2] Decision context: myPos=2, curPos=1, greaterPos=0, teammate=0, curAction=[, actionList_size=26
[18:30:30] [YFAdapter-P2] [INFO] [YF-P2] Decided: action_index=0, action=['PASS', 'PASS', 'PASS']
[18:30:30] [HybridV4-P2] [INFO] ✓ Decision complete: action=1 (score=105.5, layer=YF), candidates=6, time=0.004s
[18:30:30] [YFAdapter-P2] [INFO] [YF-P2] Decision context: myPos=2, curPos=1, greaterPos=1, teammate=0, curAction=[, actionList_size=1
[18:30:30] [YFAdapter-P2] [INFO] [YF-P2] Decided: action_index=0, action=['PASS', 'PASS', 'PASS']
[18:30:30] [HybridV4-P2] [INFO] ✓ Decision complete: action=0 (score=95.0, layer=YF), candidates=1, time=0.002s
[18:30:30] [YFAdapter-P2] [INFO] [YF-P2] Decision context: myPos=2, curPos=1, greaterPos=1, teammate=0, curAction=[, actionList_size=11
[18:30:30] [YFAdapter-P2] [INFO] [YF-P2] Decided: action_index=0, action=['PASS', 'PASS', 'PASS']
[18:30:30] [HybridV4-P2] [INFO] ✓ Decision complete: action=6 (score=155.5, layer=YF), candidates=8, time=0.004s
[18:30:30] [YFAdapter-P2] [INFO] [YF-P2] Decision context: myPos=2, curPos=1, greaterPos=3, teammate=0, curAction=[, actionList_size=1
[18:30:30] [YFAdapter-P2] [INFO] [YF-P2] Decided: action_index=0, action=['PASS', 'PASS', 'PASS']
[18:30:30] [HybridV4-P2] [INFO] ✓ Decision complete: action=0 (score=95.0, layer=YF), candidates=1, time=0.003s
[18:30:30] [YFAdapter-P2] [INFO] [YF-P2] Decision context: myPos=2, curPos=1, greaterPos=1, teammate=0, curAction=[, actionList_size=1
[18:30:30] [YFAdapter-P2] [INFO] [YF-P2] Decided: action_index=0, action=['PASS', 'PASS', 'PASS']
[18:30:30] [HybridV4-P2] [INFO] ✓ Decision complete: action=0 (score=95.0, layer=YF), candidates=1, time=0.003s
[18:30:30] [YFAdapter-P2] [INFO] [YF-P2] Decision context: myPos=2, curPos=1, greaterPos=1, teammate=0, curAction=[, actionList_size=5
[18:30:30] [YFAdapter-P2] [INFO] [YF-P2] Decided: action_index=0, action=['PASS', 'PASS', 'PASS']
[18:30:30] [HybridV4-P2] [INFO] ✓ Decision complete: action=4 (score=162.5, layer=YF), candidates=5, time=0.019s
[18:30:30] [YFAdapter-P2] [INFO] [YF-P2] Decision context: myPos=2, curPos=1, greaterPos=1, teammate=0, curAction=[, actionList_size=1
[18:30:30] [YFAdapter-P2] [INFO] [YF-P2] Decided: action_index=0, action=['PASS', 'PASS', 'PASS']
[18:30:30] [HybridV4-P2] [INFO] ✓ Decision complete: action=0 (score=75.0, layer=YF), candidates=1, time=0.002s
[18:30:30] [YFAdapter-P2] [INFO] [YF-P2] Decision context: myPos=2, curPos=1, greaterPos=1, teammate=0, curAction=[, actionList_size=1
[18:30:30] [YFAdapter-P2] [INFO] [YF-P2] Decided: action_index=0, action=['PASS', 'PASS', 'PASS']
[18:30:30] [HybridV4-P2] [INFO] ✓ Decision complete: action=0 (score=75.0, layer=YF), candidates=1, time=0.007s
[18:30:30] [YFAdapter-P2] [INFO] [YF-P2] Decision context: myPos=2, curPos=1, greaterPos=0, teammate=0, curAction=[, actionList_size=1
[18:30:30] [YFAdapter-P2] [INFO] [YF-P2] Decided: action_index=0, action=['PASS', 'PASS', 'PASS']
[18:30:30] [HybridV4-P2] [INFO] ✓ Decision complete: action=0 (score=75.0, layer=YF), candidates=1, time=0.004s
[18:30:30] [YFAdapter-P2] [INFO] [YF-P2] Decision context: myPos=2, curPos=1, greaterPos=3, teammate=0, curAction=[, actionList_size=1
[18:30:30] [YFAdapter-P2] [INFO] [YF-P2] Decided: action_index=0, action=['PASS', 'PASS', 'PASS']
[18:30:30] [HybridV4-P2] [INFO] ✓ Decision complete: action=0 (score=75.0, layer=YF), candidates=1, time=0.002s
[18:30:30] [YFAdapter-P2] [INFO] [YF-P2] Decision context: myPos=2, curPos=1, greaterPos=3, teammate=0, curAction=[, actionList_size=1
[18:30:30] [YFAdapter-P2] [INFO] [YF-P2] Decided: action_index=0, action=['PASS', 'PASS', 'PASS']
[18:30:30] [HybridV4-P2] [INFO] ✓ Decision complete: action=0 (score=75.0, layer=YF), candidates=1, time=0.002s
[18:30:30] [YFAdapter-P2] [INFO] [YF-P2] Decision context: myPos=2, curPos=1, greaterPos=3, teammate=0, curAction=[, actionList_size=1
[18:30:30] [YFAdapter-P2] [INFO] [YF-P2] Decided: action_index=0, action=['PASS', 'PASS', 'PASS']
[18:30:30] [HybridV4-P2] [INFO] ✓ Decision complete: action=0 (score=75.0, layer=YF), candidates=1, time=0.002s
[18:30:30] [YFAdapter-P2] [INFO] [YF-P2] Decision context: myPos=2, curPos=1, greaterPos=1, teammate=0, curAction=[, actionList_size=2
[18:30:30] [YFAdapter-P2] [INFO] [YF-P2] Decided: action_index=0, action=['PASS', 'PASS', 'PASS']
[18:30:30] [YFAdapter-P2] [WARNING] [YF-P2] 检测到过于保守: 对手快走完(剩5张), 触发Layer 2/3进行更积极的决策
[18:30:30] [HybridV4-P2] [INFO] ✓ Decision complete: action=1 (score=115.6, layer=DecisionEngine), candidates=2, time=0.011s
[18:30:30] [YFAdapter-P2] [INFO] [YF-P2] Decision context: myPos=2, curPos=1, greaterPos=3, teammate=0, curAction=[, actionList_size=1
[18:30:30] [YFAdapter-P2] [INFO] [YF-P2] Decided: action_index=0, action=['PASS', 'PASS', 'PASS']
[18:30:30] [HybridV4-P2] [INFO] ✓ Decision complete: action=0 (score=-5.0, layer=YF), candidates=1, time=0.007s
[18:30:30] [YFAdapter-P2] [INFO] [YF-P2] Decision context: myPos=2, curPos=1, greaterPos=0, teammate=0, curAction=[, actionList_size=1
[18:30:30] [YFAdapter-P2] [INFO] [YF-P2] Decided: action_index=0, action=['PASS', 'PASS', 'PASS']
[18:30:30] [HybridV4-P2] [INFO] ✓ Decision complete: action=0 (score=-5.0, layer=YF), candidates=1, time=0.006s
[18:30:30] [YFAdapter-P2] [INFO] [YF-P2] Decision context: myPos=2, curPos=1, greaterPos=1, teammate=0, curAction=[, actionList_size=1
[18:30:30] [YFAdapter-P2] [INFO] [YF-P2] Decided: action_index=0, action=['PASS', 'PASS', 'PASS']
[18:30:30] [HybridV4-P2] [INFO] ✓ Decision complete: action=0 (score=-5.0, layer=YF), candidates=1, time=0.003s
[18:30:30] [YFAdapter-P2] [INFO] [YF-P2] Decision context: myPos=2, curPos=1, greaterPos=0, teammate=0, curAction=[, actionList_size=1
[18:30:30] [YFAdapter-P2] [INFO] [YF-P2] Decided: action_index=0, action=['PASS', 'PASS', 'PASS']
[18:30:30] [HybridV4-P2] [INFO] ✓ Decision complete: action=0 (score=-5.0, layer=YF), candidates=1, time=0.014s
[18:30:30] [YFAdapter-P2] [INFO] [YF-P2] Decision context: myPos=2, curPos=1, greaterPos=0, teammate=0, curAction=[, actionList_size=1
[18:30:30] [YFAdapter-P2] [INFO] [YF-P2] Decided: action_index=0, action=['PASS', 'PASS', 'PASS']
[18:30:30] [HybridV4-P2] [INFO] ✓ Decision complete: action=0 (score=-5.0, layer=YF), candidates=1, time=0.014s
[18:30:30] [YFAdapter-P2] [INFO] [YF-P2] Decision context: myPos=2, curPos=1, greaterPos=1, teammate=0, curAction=[, actionList_size=1
[18:30:30] [YFAdapter-P2] [INFO] [YF-P2] Decided: action_index=0, action=['PASS', 'PASS', 'PASS']
[18:30:30] [HybridV4-P2] [INFO] ✓ Decision complete: action=0 (score=-5.0, layer=YF), candidates=1, time=0.003s
[18:30:30] [yf2_v4] [INFO] 游戏开始, 我是2号位，手牌：['D2', 'S4', 'H4', 'C4', 'D4', 'S5', 'S5', 'C5', 'D5', 'S8', 'H8', 'H9', 'H9', 'ST', 'DT', 'SJ', 'SJ', 'HJ', 'DJ', 'SQ', 'CQ', 'DQ', 'SK', 'DK', 'SA', 'HA', 'CA']
[18:30:30] [YFAdapter-P2] [INFO] [YF-P2] Decision context: myPos=2, curPos=-1, greaterPos=-1, teammate=0, curAction=[, actionList_size=2
[18:30:30] [YFAdapter-P2] [INFO] [YF-P2] Decided: action_index=0, action=['tribute', 'tribute', [['S', 'A']]]
[18:30:30] [HybridV4-P2] [INFO] ✓ Decision complete: action=0 (score=110.0, layer=YF), candidates=2, time=0.004s
[18:30:30] [YFAdapter-P2] [INFO] [YF-P2] Decision context: myPos=2, curPos=-1, greaterPos=-1, teammate=0, curAction=[, actionList_size=1574
[18:30:30] [YFAdapter-P2] [INFO] [YF-P2] Decided: action_index=0, action=['Single', '2', [['D', '2']]]
[18:30:31] [HybridV4-P2] [INFO] ✓ Decision complete: action=0 (score=125.0, layer=YF), candidates=8, time=0.023s
[18:30:31] [YFAdapter-P2] [INFO] [YF-P2] Decision context: myPos=2, curPos=1, greaterPos=1, teammate=0, curAction=[, actionList_size=29
[18:30:31] [YFAdapter-P2] [INFO] [YF-P2] Decided: action_index=0, action=['PASS', 'PASS', 'PASS']
[18:30:31] [HybridV4-P2] [INFO] ✓ Decision complete: action=16 (score=139.0, layer=YF), candidates=8, time=0.003s
[18:30:31] [YFAdapter-P2] [INFO] [YF-P2] Decision context: myPos=2, curPos=1, greaterPos=0, teammate=0, curAction=[, actionList_size=2
[18:30:31] [YFAdapter-P2] [INFO] [YF-P2] Decided: action_index=0, action=['PASS', 'PASS', 'PASS']
[18:30:31] [HybridV4-P2] [INFO] ✓ Decision complete: action=1 (score=102.0, layer=YF), candidates=2, time=0.005s
[18:30:31] [YFAdapter-P2] [INFO] [YF-P2] Decision context: myPos=2, curPos=1, greaterPos=3, teammate=0, curAction=[, actionList_size=1
[18:30:31] [YFAdapter-P2] [INFO] [YF-P2] Decided: action_index=0, action=['PASS', 'PASS', 'PASS']
[18:30:31] [HybridV4-P2] [INFO] ✓ Decision complete: action=0 (score=95.0, layer=YF), candidates=1, time=0.003s
[18:30:31] [YFAdapter-P2] [INFO] [YF-P2] Decision context: myPos=2, curPos=1, greaterPos=1, teammate=0, curAction=[, actionList_size=2
[18:30:31] [YFAdapter-P2] [INFO] [YF-P2] Decided: action_index=0, action=['PASS', 'PASS', 'PASS']
[18:30:31] [HybridV4-P2] [INFO] ✓ Decision complete: action=1 (score=132.0, layer=YF), candidates=2, time=0.004s
[18:30:31] [YFAdapter-P2] [INFO] [YF-P2] Decision context: myPos=2, curPos=1, greaterPos=3, teammate=0, curAction=[, actionList_size=1
[18:30:31] [YFAdapter-P2] [INFO] [YF-P2] Decided: action_index=0, action=['PASS', 'PASS', 'PASS']
[18:30:31] [HybridV4-P2] [INFO] ✓ Decision complete: action=0 (score=95.0, layer=YF), candidates=1, time=0.003s
[18:30:31] [YFAdapter-P2] [INFO] [YF-P2] Decision context: myPos=2, curPos=1, greaterPos=1, teammate=0, curAction=[, actionList_size=1
[18:30:31] [YFAdapter-P2] [INFO] [YF-P2] Decided: action_index=0, action=['PASS', 'PASS', 'PASS']
[18:30:31] [HybridV4-P2] [INFO] ✓ Decision complete: action=0 (score=95.0, layer=YF), candidates=1, time=0.005s
[18:30:31] [YFAdapter-P2] [INFO] [YF-P2] Decision context: myPos=2, curPos=1, greaterPos=1, teammate=0, curAction=[, actionList_size=2
[18:30:31] [YFAdapter-P2] [INFO] [YF-P2] Decided: action_index=0, action=['PASS', 'PASS', 'PASS']
[18:30:31] [HybridV4-P2] [INFO] ✓ Decision complete: action=1 (score=155.5, layer=YF), candidates=2, time=0.003s
[18:30:31] [YFAdapter-P2] [INFO] [YF-P2] Decision context: myPos=2, curPos=1, greaterPos=3, teammate=0, curAction=[, actionList_size=1
[18:30:31] [YFAdapter-P2] [INFO] [YF-P2] Decided: action_index=0, action=['PASS', 'PASS', 'PASS']
[18:30:31] [HybridV4-P2] [INFO] ✓ Decision complete: action=0 (score=55.0, layer=YF), candidates=1, time=0.004s
[18:30:31] [YFAdapter-P2] [INFO] [YF-P2] Decision context: myPos=2, curPos=1, greaterPos=1, teammate=0, curAction=[, actionList_size=7
[18:30:31] [YFAdapter-P2] [INFO] [YF-P2] Decided: action_index=0, action=['PASS', 'PASS', 'PASS']
[18:30:31] [YFAdapter-P2] [WARNING] [YF-P2] 检测到过于保守: 对手快走完(剩4张), 触发Layer 2/3进行更积极的决策
[18:30:31] [HybridV4-P2] [INFO] ✓ Decision complete: action=1 (score=85.6, layer=DecisionEngine), candidates=5, time=0.013s
[18:30:31] [YFAdapter-P2] [INFO] [YF-P2] Decision context: myPos=2, curPos=1, greaterPos=0, teammate=0, curAction=[, actionList_size=1
[18:30:31] [YFAdapter-P2] [INFO] [YF-P2] Decided: action_index=0, action=['PASS', 'PASS', 'PASS']
[18:30:31] [HybridV4-P2] [INFO] ✓ Decision complete: action=0 (score=-5.0, layer=YF), candidates=1, time=0.002s
[18:30:31] [YFAdapter-P2] [INFO] [YF-P2] Decision context: myPos=2, curPos=1, greaterPos=1, teammate=0, curAction=[, actionList_size=2
[18:30:31] [YFAdapter-P2] [INFO] [YF-P2] Decided: action_index=0, action=['PASS', 'PASS', 'PASS']
[18:30:31] [YFAdapter-P2] [WARNING] [YF-P2] 检测到过于保守: 对手快走完(剩3张), 触发Layer 2/3进行更积极的决策
[18:30:31] [HybridV4-P2] [INFO] ✓ Decision complete: action=1 (score=155.6, layer=DecisionEngine), candidates=2, time=0.004s
[18:30:31] [YFAdapter-P2] [INFO] [YF-P2] Decision context: myPos=2, curPos=1, greaterPos=3, teammate=0, curAction=[, actionList_size=1
[18:30:31] [YFAdapter-P2] [INFO] [YF-P2] Decided: action_index=0, action=['PASS', 'PASS', 'PASS']
[18:30:31] [HybridV4-P2] [INFO] ✓ Decision complete: action=0 (score=-5.0, layer=YF), candidates=1, time=0.003s
[18:30:31] [YFAdapter-P2] [INFO] [YF-P2] Decision context: myPos=2, curPos=1, greaterPos=1, teammate=0, curAction=[, actionList_size=3
[18:30:31] [YFAdapter-P2] [INFO] [YF-P2] Decided: action_index=0, action=['PASS', 'PASS', 'PASS']
[18:30:31] [YFAdapter-P2] [WARNING] [YF-P2] 检测到过于保守: 对手快走完(剩0张), 触发Layer 2/3进行更积极的决策
[18:30:31] [HybridV4-P2] [INFO] ✓ Decision complete: action=1 (score=155.6, layer=DecisionEngine), candidates=3, time=0.011s
[18:30:31] [YFAdapter-P2] [INFO] [YF-P2] Decision context: myPos=2, curPos=-1, greaterPos=-1, teammate=0, curAction=[, actionList_size=4
[18:30:31] [YFAdapter-P2] [INFO] [YF-P2] Decided: action_index=0, action=['Single', 'J', [['D', 'J']]]
[18:30:31] [YFAdapter-P2] [WARNING] [YF-P2] 检测到过于保守: 对手快走完(剩0张), 触发Layer 2/3进行更积极的决策
[18:30:31] [HybridV4-P2] [INFO] ✓ Decision complete: action=3 (score=100.6, layer=DecisionEngine), candidates=4, time=0.006s
[18:30:31] [YFAdapter-P2] [INFO] [YF-P2] Decision context: myPos=2, curPos=-1, greaterPos=-1, teammate=0, curAction=[, actionList_size=1
[18:30:31] [YFAdapter-P2] [INFO] [YF-P2] Decided: action_index=0, action=['Single', 'J', [['D', 'J']]]
[18:30:31] [HybridV4-P2] [INFO] ✓ Decision complete: action=0 (score=240.0, layer=YF), candidates=1, time=0.009s
[18:30:31] [yf2_v4] [INFO] 游戏开始, 我是2号位，手牌：['S3', 'H3', 'D3', 'S4', 'S5', 'D5', 'S6', 'S6', 'D6', 'S7', 'S7', 'C7', 'S8', 'H9', 'ST', 'CJ', 'SQ', 'HQ', 'DQ', 'SK', 'HK', 'CA', 'S2', 'S2', 'H2', 'C2', 'HR']
[18:30:31] [YFAdapter-P2] [INFO] [YF-P2] Decision context: myPos=2, curPos=1, greaterPos=1, teammate=0, curAction=[, actionList_size=23
[18:30:31] [YFAdapter-P2] [INFO] [YF-P2] Decided: action_index=0, action=['PASS', 'PASS', 'PASS']
[18:30:31] [HybridV4-P2] [INFO] ✓ Decision complete: action=10 (score=142.5, layer=YF), candidates=8, time=0.002s
[18:30:31] [YFAdapter-P2] [INFO] [YF-P2] Decision context: myPos=2, curPos=1, greaterPos=0, teammate=0, curAction=[, actionList_size=3
[18:30:31] [YFAdapter-P2] [INFO] [YF-P2] Decided: action_index=0, action=['PASS', 'PASS', 'PASS']
[18:30:31] [HybridV4-P2] [INFO] ✓ Decision complete: action=2 (score=112.5, layer=YF), candidates=3, time=0.010s
[18:30:31] [YFAdapter-P2] [INFO] [YF-P2] Decision context: myPos=2, curPos=-1, greaterPos=-1, teammate=0, curAction=[, actionList_size=135
[18:30:31] [YFAdapter-P2] [INFO] [YF-P2] Decided: action_index=3, action=['Single', '4', [['S', '4']]]
[18:30:31] [HybridV4-P2] [INFO] ✓ Decision complete: action=3 (score=110.0, layer=YF), candidates=8, time=0.006s
[18:30:31] [YFAdapter-P2] [INFO] [YF-P2] Decision context: myPos=2, curPos=1, greaterPos=3, teammate=0, curAction=[, actionList_size=2
[18:30:31] [YFAdapter-P2] [INFO] [YF-P2] Decided: action_index=0, action=['PASS', 'PASS', 'PASS']
[18:30:31] [HybridV4-P2] [INFO] ✓ Decision complete: action=1 (score=142.5, layer=YF), candidates=2, time=0.004s
[18:30:31] [YFAdapter-P2] [INFO] [YF-P2] Decision context: myPos=2, curPos=-1, greaterPos=-1, teammate=0, curAction=[, actionList_size=99
[18:30:31] [YFAdapter-P2] [INFO] [YF-P2] Decided: action_index=0, action=['Single', '3', [['S', '3']]]
[18:30:31] [HybridV4-P2] [INFO] ✓ Decision complete: action=0 (score=110.0, layer=YF), candidates=8, time=0.005s
[18:30:31] [YFAdapter-P2] [INFO] [YF-P2] Decision context: myPos=2, curPos=1, greaterPos=3, teammate=0, curAction=[, actionList_size=1
[18:30:31] [YFAdapter-P2] [INFO] [YF-P2] Decided: action_index=0, action=['PASS', 'PASS', 'PASS']
[18:30:31] [HybridV4-P2] [INFO] ✓ Decision complete: action=0 (score=95.0, layer=YF), candidates=1, time=0.003s
[18:30:31] [YFAdapter-P2] [INFO] [YF-P2] Decision context: myPos=2, curPos=1, greaterPos=1, teammate=0, curAction=[, actionList_size=1
[18:30:31] [YFAdapter-P2] [INFO] [YF-P2] Decided: action_index=0, action=['PASS', 'PASS', 'PASS']
[18:30:31] [HybridV4-P2] [INFO] ✓ Decision complete: action=0 (score=95.0, layer=YF), candidates=1, time=0.002s
[18:30:31] [YFAdapter-P2] [INFO] [YF-P2] Decision context: myPos=2, curPos=1, greaterPos=1, teammate=0, curAction=[, actionList_size=12
[18:30:31] [YFAdapter-P2] [INFO] [YF-P2] Decided: action_index=0, action=['PASS', 'PASS', 'PASS']
[18:30:31] [HybridV4-P2] [INFO] ✓ Decision complete: action=6 (score=139.0, layer=YF), candidates=8, time=0.004s
[18:30:31] [YFAdapter-P2] [INFO] [YF-P2] Decision context: myPos=2, curPos=1, greaterPos=1, teammate=0, curAction=[, actionList_size=1
[18:30:31] [YFAdapter-P2] [INFO] [YF-P2] Decided: action_index=0, action=['PASS', 'PASS', 'PASS']
[18:30:31] [HybridV4-P2] [INFO] ✓ Decision complete: action=0 (score=95.0, layer=YF), candidates=1, time=0.002s
[18:30:31] [YFAdapter-P2] [INFO] [YF-P2] Decision context: myPos=2, curPos=1, greaterPos=1, teammate=0, curAction=[, actionList_size=15
[18:30:31] [YFAdapter-P2] [INFO] [YF-P2] Decided: action_index=0, action=['PASS', 'PASS', 'PASS']
[18:30:31] [HybridV4-P2] [INFO] ✓ Decision complete: action=10 (score=139.0, layer=YF), candidates=8, time=0.016s
[18:30:31] [YFAdapter-P2] [INFO] [YF-P2] Decision context: myPos=2, curPos=1, greaterPos=0, teammate=0, curAction=[, actionList_size=1
[18:30:31] [YFAdapter-P2] [INFO] [YF-P2] Decided: action_index=0, action=['PASS', 'PASS', 'PASS']
[18:30:32] [HybridV4-P2] [INFO] ✓ Decision complete: action=0 (score=95.0, layer=YF), candidates=1, time=0.017s
[18:30:32] [YFAdapter-P2] [INFO] [YF-P2] Decision context: myPos=2, curPos=1, greaterPos=0, teammate=0, curAction=[, actionList_size=13
[18:30:32] [YFAdapter-P2] [INFO] [YF-P2] Decided: action_index=0, action=['PASS', 'PASS', 'PASS']
[18:30:32] [HybridV4-P2] [INFO] ✓ Decision complete: action=1 (score=102.0, layer=YF), candidates=6, time=0.003s
[18:30:32] [YFAdapter-P2] [INFO] [YF-P2] Decision context: myPos=2, curPos=1, greaterPos=1, teammate=0, curAction=[, actionList_size=1
[18:30:32] [YFAdapter-P2] [INFO] [YF-P2] Decided: action_index=0, action=['PASS', 'PASS', 'PASS']
[18:30:32] [HybridV4-P2] [INFO] ✓ Decision complete: action=0 (score=95.0, layer=YF), candidates=1, time=0.002s
[18:30:32] [YFAdapter-P2] [INFO] [YF-P2] Decision context: myPos=2, curPos=1, greaterPos=1, teammate=0, curAction=[, actionList_size=11
[18:30:32] [YFAdapter-P2] [INFO] [YF-P2] Decided: action_index=0, action=['PASS', 'PASS', 'PASS']
[18:30:32] [HybridV4-P2] [INFO] ✓ Decision complete: action=7 (score=139.0, layer=YF), candidates=8, time=0.004s
[18:30:32] [YFAdapter-P2] [INFO] [YF-P2] Decision context: myPos=2, curPos=1, greaterPos=0, teammate=0, curAction=[, actionList_size=1
[18:30:32] [YFAdapter-P2] [INFO] [YF-P2] Decided: action_index=0, action=['PASS', 'PASS', 'PASS']
[18:30:32] [HybridV4-P2] [INFO] ✓ Decision complete: action=0 (score=95.0, layer=YF), candidates=1, time=0.005s
[18:30:32] [YFAdapter-P2] [INFO] [YF-P2] Decision context: myPos=2, curPos=1, greaterPos=1, teammate=0, curAction=[, actionList_size=2
[18:30:32] [YFAdapter-P2] [INFO] [YF-P2] Decided: action_index=0, action=['PASS', 'PASS', 'PASS']
[18:30:32] [HybridV4-P2] [INFO] ✓ Decision complete: action=1 (score=159.0, layer=YF), candidates=2, time=0.006s
[18:30:32] [YFAdapter-P2] [INFO] [YF-P2] Decision context: myPos=2, curPos=-1, greaterPos=-1, teammate=0, curAction=[, actionList_size=12
[18:30:32] [YFAdapter-P2] [INFO] [YF-P2] Decided: action_index=2, action=['Single', '5', [['D', '5']]]
[18:30:32] [HybridV4-P2] [INFO] ✓ Decision complete: action=2 (score=130.0, layer=YF), candidates=8, time=0.005s
[18:30:32] [YFAdapter-P2] [INFO] [YF-P2] Decision context: myPos=2, curPos=1, greaterPos=0, teammate=0, curAction=[, actionList_size=1
[18:30:32] [YFAdapter-P2] [INFO] [YF-P2] Decided: action_index=0, action=['PASS', 'PASS', 'PASS']
[18:30:32] [HybridV4-P2] [INFO] ✓ Decision complete: action=0 (score=95.0, layer=YF), candidates=1, time=0.002s
[18:30:32] [YFAdapter-P2] [INFO] [YF-P2] Decision context: myPos=2, curPos=1, greaterPos=1, teammate=0, curAction=[, actionList_size=1
[18:30:32] [YFAdapter-P2] [INFO] [YF-P2] Decided: action_index=0, action=['PASS', 'PASS', 'PASS']
[18:30:32] [HybridV4-P2] [INFO] ✓ Decision complete: action=0 (score=95.0, layer=YF), candidates=1, time=0.003s
[18:30:32] [YFAdapter-P2] [INFO] [YF-P2] Decision context: myPos=2, curPos=1, greaterPos=1, teammate=0, curAction=[, actionList_size=7
[18:30:32] [YFAdapter-P2] [INFO] [YF-P2] Decided: action_index=0, action=['PASS', 'PASS', 'PASS']
[18:30:32] [HybridV4-P2] [INFO] ✓ Decision complete: action=6 (score=159.0, layer=YF), candidates=7, time=0.003s
[18:30:32] [YFAdapter-P2] [INFO] [YF-P2] Decision context: myPos=2, curPos=1, greaterPos=0, teammate=0, curAction=[, actionList_size=1
[18:30:32] [YFAdapter-P2] [INFO] [YF-P2] Decided: action_index=0, action=['PASS', 'PASS', 'PASS']
[18:30:32] [HybridV4-P2] [INFO] ✓ Decision complete: action=0 (score=95.0, layer=YF), candidates=1, time=0.002s
[18:30:32] [YFAdapter-P2] [INFO] [YF-P2] Decision context: myPos=2, curPos=1, greaterPos=1, teammate=0, curAction=[, actionList_size=1
[18:30:32] [YFAdapter-P2] [INFO] [YF-P2] Decided: action_index=0, action=['PASS', 'PASS', 'PASS']
[18:30:32] [HybridV4-P2] [INFO] ✓ Decision complete: action=0 (score=95.0, layer=YF), candidates=1, time=0.002s
[18:30:32] [YFAdapter-P2] [INFO] [YF-P2] Decision context: myPos=2, curPos=1, greaterPos=1, teammate=0, curAction=[, actionList_size=6
[18:30:32] [YFAdapter-P2] [INFO] [YF-P2] Decided: action_index=0, action=['PASS', 'PASS', 'PASS']
[18:30:32] [HybridV4-P2] [INFO] ✓ Decision complete: action=3 (score=162.5, layer=YF), candidates=6, time=0.003s
[18:30:32] [YFAdapter-P2] [INFO] [YF-P2] Decision context: myPos=2, curPos=1, greaterPos=0, teammate=0, curAction=[, actionList_size=1
[18:30:32] [YFAdapter-P2] [INFO] [YF-P2] Decided: action_index=0, action=['PASS', 'PASS', 'PASS']
[18:30:32] [HybridV4-P2] [INFO] ✓ Decision complete: action=0 (score=95.0, layer=YF), candidates=1, time=0.015s
[18:30:32] [YFAdapter-P2] [INFO] [YF-P2] Decision context: myPos=2, curPos=-1, greaterPos=-1, teammate=0, curAction=[, actionList_size=8
[18:30:32] [YFAdapter-P2] [INFO] [YF-P2] Decided: action_index=4, action=['Single', '7', [['C', '7']]]
[18:30:32] [HybridV4-P2] [INFO] ✓ Decision complete: action=4 (score=145.0, layer=YF), candidates=7, time=0.006s
[18:30:32] [YFAdapter-P2] [INFO] [YF-P2] Decision context: myPos=2, curPos=-1, greaterPos=-1, teammate=0, curAction=[, actionList_size=7
[18:30:32] [YFAdapter-P2] [INFO] [YF-P2] Decided: action_index=5, action=['Pair', '3', [['H', '3'], ['D', '3']]]
[18:30:32] [HybridV4-P2] [INFO] ✓ Decision complete: action=5 (score=140.0, layer=YF), candidates=6, time=0.017s
[18:30:32] [YFAdapter-P2] [INFO] [YF-P2] Decision context: myPos=2, curPos=1, greaterPos=3, teammate=0, curAction=[, actionList_size=1
[18:30:32] [YFAdapter-P2] [INFO] [YF-P2] Decided: action_index=0, action=['PASS', 'PASS', 'PASS']
[18:30:32] [HybridV4-P2] [INFO] ✓ Decision complete: action=0 (score=95.0, layer=YF), candidates=1, time=0.003s
[18:30:32] [YFAdapter-P2] [INFO] [YF-P2] Decision context: myPos=2, curPos=1, greaterPos=1, teammate=0, curAction=[, actionList_size=1
[18:30:32] [YFAdapter-P2] [INFO] [YF-P2] Decided: action_index=0, action=['PASS', 'PASS', 'PASS']
[18:30:32] [HybridV4-P2] [INFO] ✓ Decision complete: action=0 (score=95.0, layer=YF), candidates=1, time=0.013s
[18:30:32] [YFAdapter-P2] [INFO] [YF-P2] Decision context: myPos=2, curPos=1, greaterPos=1, teammate=0, curAction=[, actionList_size=4
[18:30:32] [YFAdapter-P2] [INFO] [YF-P2] Decided: action_index=0, action=['PASS', 'PASS', 'PASS']
[18:30:32] [HybridV4-P2] [INFO] ✓ Decision complete: action=3 (score=182.5, layer=YF), candidates=4, time=0.012s
[18:30:32] [YFAdapter-P2] [INFO] [YF-P2] Decision context: myPos=2, curPos=1, greaterPos=3, teammate=0, curAction=[, actionList_size=1
[18:30:32] [YFAdapter-P2] [INFO] [YF-P2] Decided: action_index=0, action=['PASS', 'PASS', 'PASS']
[18:30:32] [HybridV4-P2] [INFO] ✓ Decision complete: action=0 (score=75.0, layer=YF), candidates=1, time=0.003s
[18:30:32] [YFAdapter-P2] [INFO] [YF-P2] Decision context: myPos=2, curPos=1, greaterPos=1, teammate=0, curAction=[, actionList_size=1
[18:30:32] [YFAdapter-P2] [INFO] [YF-P2] Decided: action_index=0, action=['PASS', 'PASS', 'PASS']
[18:30:32] [HybridV4-P2] [INFO] ✓ Decision complete: action=0 (score=75.0, layer=YF), candidates=1, time=0.003s
[18:30:32] [YFAdapter-P2] [INFO] [YF-P2] Decision context: myPos=2, curPos=1, greaterPos=1, teammate=0, curAction=[, actionList_size=1
[18:30:32] [YFAdapter-P2] [INFO] [YF-P2] Decided: action_index=0, action=['PASS', 'PASS', 'PASS']
[18:30:32] [HybridV4-P2] [INFO] ✓ Decision complete: action=0 (score=75.0, layer=YF), candidates=1, time=0.003s
[18:30:32] [YFAdapter-P2] [INFO] [YF-P2] Decision context: myPos=2, curPos=1, greaterPos=3, teammate=0, curAction=[, actionList_size=1
[18:30:32] [YFAdapter-P2] [INFO] [YF-P2] Decided: action_index=0, action=['PASS', 'PASS', 'PASS']
[18:30:32] [HybridV4-P2] [INFO] ✓ Decision complete: action=0 (score=75.0, layer=YF), candidates=1, time=0.019s
[18:30:32] [YFAdapter-P2] [INFO] [YF-P2] Decision context: myPos=2, curPos=1, greaterPos=1, teammate=0, curAction=[, actionList_size=1
[18:30:32] [YFAdapter-P2] [INFO] [YF-P2] Decided: action_index=0, action=['PASS', 'PASS', 'PASS']
[18:30:32] [HybridV4-P2] [INFO] ✓ Decision complete: action=0 (score=-5.0, layer=YF), candidates=1, time=0.004s
[18:30:32] [YFAdapter-P2] [INFO] [YF-P2] Decision context: myPos=2, curPos=1, greaterPos=1, teammate=0, curAction=[, actionList_size=1
[18:30:32] [YFAdapter-P2] [INFO] [YF-P2] Decided: action_index=0, action=['PASS', 'PASS', 'PASS']
[18:30:32] [HybridV4-P2] [INFO] ✓ Decision complete: action=0 (score=-5.0, layer=YF), candidates=1, time=0.017s
[18:30:32] [YFAdapter-P2] [INFO] [YF-P2] Decision context: myPos=2, curPos=3, greaterPos=3, teammate=0, curAction=[, actionList_size=1
[18:30:32] [YFAdapter-P2] [INFO] [YF-P2] Decided: action_index=0, action=['PASS', 'PASS', 'PASS']
[18:30:32] [HybridV4-P2] [INFO] ✓ Decision complete: action=0 (score=-5.0, layer=YF), candidates=1, time=0.003s
[18:30:32] [yf2_v4] [INFO] 游戏开始, 我是2号位，手牌：['C2', 'C2', 'D2', 'C5', 'D5', 'H6', 'H6', 'H8', 'S9', 'H9', 'D9', 'D9', 'DT', 'SJ', 'SJ', 'DJ', 'SQ', 'SQ', 'HQ', 'DQ', 'HK', 'CK', 'S3', 'H3', 'C3', 'D3', 'HR']
[18:30:32] [YFAdapter-P2] [INFO] [YF-P2] Decision context: myPos=2, curPos=-1, greaterPos=-1, teammate=0, curAction=[, actionList_size=1
[18:30:32] [YFAdapter-P2] [INFO] [YF-P2] Decided: action_index=0, action=['tribute', 'tribute', [['H', 'R']]]
[18:30:32] [HybridV4-P2] [INFO] ✓ Decision complete: action=0 (score=110.0, layer=YF), candidates=1, time=0.003s
[18:30:32] [YFAdapter-P2] [INFO] [YF-P2] Decision context: myPos=2, curPos=-1, greaterPos=-1, teammate=0, curAction=[, actionList_size=1131
[18:30:32] [YFAdapter-P2] [INFO] [YF-P2] Decided: action_index=6, action=['Single', '8', [['H', '8']]]
[18:30:32] [HybridV4-P2] [INFO] ✓ Decision complete: action=6 (score=115.0, layer=YF), candidates=8, time=0.017s
[18:30:32] [YFAdapter-P2] [INFO] [YF-P2] Decision context: myPos=2, curPos=1, greaterPos=1, teammate=0, curAction=[, actionList_size=18
[18:30:32] [YFAdapter-P2] [INFO] [YF-P2] Decided: action_index=0, action=['PASS', 'PASS', 'PASS']
[18:30:32] [HybridV4-P2] [INFO] ✓ Decision complete: action=1 (score=142.5, layer=YF), candidates=6, time=0.006s
[18:30:32] [YFAdapter-P2] [INFO] [YF-P2] Decision context: myPos=2, curPos=1, greaterPos=0, teammate=0, curAction=[, actionList_size=3
[18:30:32] [YFAdapter-P2] [INFO] [YF-P2] Decided: action_index=0, action=['PASS', 'PASS', 'PASS']
[18:30:32] [HybridV4-P2] [INFO] ✓ Decision complete: action=2 (score=109.0, layer=YF), candidates=3, time=0.012s
[18:30:32] [YFAdapter-P2] [INFO] [YF-P2] Decision context: myPos=2, curPos=1, greaterPos=3, teammate=0, curAction=[, actionList_size=1
[18:30:32] [YFAdapter-P2] [INFO] [YF-P2] Decided: action_index=0, action=['PASS', 'PASS', 'PASS']
[18:30:32] [HybridV4-P2] [INFO] ✓ Decision complete: action=0 (score=95.0, layer=YF), candidates=1, time=0.002s
[18:30:32] [YFAdapter-P2] [INFO] [YF-P2] Decision context: myPos=2, curPos=1, greaterPos=1, teammate=0, curAction=[, actionList_size=2
[18:30:32] [YFAdapter-P2] [INFO] [YF-P2] Decided: action_index=0, action=['PASS', 'PASS', 'PASS']
[18:30:32] [HybridV4-P2] [INFO] ✓ Decision complete: action=1 (score=135.5, layer=YF), candidates=2, time=0.004s
[18:30:32] [YFAdapter-P2] [INFO] [YF-P2] Decision context: myPos=2, curPos=1, greaterPos=3, teammate=0, curAction=[, actionList_size=1
[18:30:32] [YFAdapter-P2] [INFO] [YF-P2] Decided: action_index=0, action=['PASS', 'PASS', 'PASS']
[18:30:32] [HybridV4-P2] [INFO] ✓ Decision complete: action=0 (score=95.0, layer=YF), candidates=1, time=0.004s
[18:30:32] [YFAdapter-P2] [INFO] [YF-P2] Decision context: myPos=2, curPos=1, greaterPos=0, teammate=0, curAction=[, actionList_size=4
[18:30:32] [YFAdapter-P2] [INFO] [YF-P2] Decided: action_index=0, action=['PASS', 'PASS', 'PASS']
[18:30:32] [HybridV4-P2] [INFO] ✓ Decision complete: action=1 (score=122.0, layer=YF), candidates=4, time=0.005s
[18:30:33] [YFAdapter-P2] [INFO] [YF-P2] Decision context: myPos=2, curPos=1, greaterPos=0, teammate=0, curAction=[, actionList_size=1
[18:30:33] [YFAdapter-P2] [INFO] [YF-P2] Decided: action_index=0, action=['PASS', 'PASS', 'PASS']
[18:30:33] [HybridV4-P2] [INFO] ✓ Decision complete: action=0 (score=95.0, layer=YF), candidates=1, time=0.002s
[18:30:33] [YFAdapter-P2] [INFO] [YF-P2] Decision context: myPos=2, curPos=1, greaterPos=1, teammate=0, curAction=[, actionList_size=8
[18:30:33] [YFAdapter-P2] [INFO] [YF-P2] Decided: action_index=0, action=['PASS', 'PASS', 'PASS']
[18:30:33] [HybridV4-P2] [INFO] ✓ Decision complete: action=2 (score=159.0, layer=YF), candidates=6, time=0.004s
[18:30:33] [YFAdapter-P2] [INFO] [YF-P2] Decision context: myPos=2, curPos=1, greaterPos=1, teammate=0, curAction=[, actionList_size=1
[18:30:33] [YFAdapter-P2] [INFO] [YF-P2] Decided: action_index=0, action=['PASS', 'PASS', 'PASS']
[18:30:33] [HybridV4-P2] [INFO] ✓ Decision complete: action=0 (score=95.0, layer=YF), candidates=1, time=0.002s
[18:30:33] [YFAdapter-P2] [INFO] [YF-P2] Decision context: myPos=2, curPos=1, greaterPos=1, teammate=0, curAction=[, actionList_size=11
[18:30:33] [YFAdapter-P2] [INFO] [YF-P2] Decided: action_index=0, action=['PASS', 'PASS', 'PASS']
[18:30:33] [HybridV4-P2] [INFO] ✓ Decision complete: action=5 (score=159.0, layer=YF), candidates=7, time=0.004s
[18:30:33] [YFAdapter-P2] [INFO] [YF-P2] Decision context: myPos=2, curPos=1, greaterPos=0, teammate=0, curAction=[, actionList_size=5
[18:30:33] [YFAdapter-P2] [INFO] [YF-P2] Decided: action_index=0, action=['PASS', 'PASS', 'PASS']
[18:30:33] [HybridV4-P2] [INFO] ✓ Decision complete: action=1 (score=129.0, layer=YF), candidates=5, time=0.004s
[18:30:33] [YFAdapter-P2] [INFO] [YF-P2] Decision context: myPos=2, curPos=1, greaterPos=1, teammate=0, curAction=[, actionList_size=1
[18:30:33] [YFAdapter-P2] [INFO] [YF-P2] Decided: action_index=0, action=['PASS', 'PASS', 'PASS']
[18:30:33] [HybridV4-P2] [INFO] ✓ Decision complete: action=0 (score=95.0, layer=YF), candidates=1, time=0.003s
[18:30:33] [YFAdapter-P2] [INFO] [YF-P2] Decision context: myPos=2, curPos=1, greaterPos=1, teammate=0, curAction=[, actionList_size=1
[18:30:33] [YFAdapter-P2] [INFO] [YF-P2] Decided: action_index=0, action=['PASS', 'PASS', 'PASS']
[18:30:33] [HybridV4-P2] [INFO] ✓ Decision complete: action=0 (score=95.0, layer=YF), candidates=1, time=0.003s
[18:30:33] [YFAdapter-P2] [INFO] [YF-P2] Decision context: myPos=2, curPos=1, greaterPos=0, teammate=0, curAction=[, actionList_size=1
[18:30:33] [YFAdapter-P2] [INFO] [YF-P2] Decided: action_index=0, action=['PASS', 'PASS', 'PASS']
[18:30:33] [HybridV4-P2] [INFO] ✓ Decision complete: action=0 (score=95.0, layer=YF), candidates=1, time=0.003s
[18:30:33] [YFAdapter-P2] [INFO] [YF-P2] Decision context: myPos=2, curPos=1, greaterPos=3, teammate=0, curAction=[, actionList_size=1
[18:30:33] [YFAdapter-P2] [INFO] [YF-P2] Decided: action_index=0, action=['PASS', 'PASS', 'PASS']
[18:30:33] [HybridV4-P2] [INFO] ✓ Decision complete: action=0 (score=125.0, layer=YF), candidates=1, time=0.003s
[18:30:33] [YFAdapter-P2] [INFO] [YF-P2] Decision context: myPos=2, curPos=1, greaterPos=1, teammate=0, curAction=[, actionList_size=2
[18:30:33] [YFAdapter-P2] [INFO] [YF-P2] Decided: action_index=0, action=['PASS', 'PASS', 'PASS']
[18:30:33] [YFAdapter-P2] [WARNING] [YF-P2] 检测到过于保守: 对手快走完(剩2张), 触发Layer 2/3进行更积极的决策
[18:30:33] [HybridV4-P2] [INFO] ✓ Decision complete: action=1 (score=155.6, layer=DecisionEngine), candidates=2, time=0.004s
[18:30:33] [YFAdapter-P2] [INFO] [YF-P2] Decision context: myPos=2, curPos=-1, greaterPos=-1, teammate=0, curAction=[, actionList_size=9
[18:30:33] [YFAdapter-P2] [INFO] [YF-P2] Decided: action_index=0, action=['Single', '2', [['D', '2']]]
[18:30:33] [YFAdapter-P2] [WARNING] [YF-P2] 检测到过于保守: 对手快走完(剩2张), 触发Layer 2/3进行更积极的决策
[18:30:33] [HybridV4-P2] [INFO] ✓ Decision complete: action=7 (score=100.6, layer=DecisionEngine), candidates=5, time=0.005s
[18:30:33] [YFAdapter-P2] [INFO] [YF-P2] Decision context: myPos=2, curPos=1, greaterPos=0, teammate=0, curAction=[, actionList_size=1
[18:30:33] [YFAdapter-P2] [INFO] [YF-P2] Decided: action_index=0, action=['PASS', 'PASS', 'PASS']
[18:30:33] [HybridV4-P2] [INFO] ✓ Decision complete: action=0 (score=-5.0, layer=YF), candidates=1, time=0.002s
[18:30:33] [YFAdapter-P2] [INFO] [YF-P2] Decision context: myPos=2, curPos=1, greaterPos=1, teammate=0, curAction=[, actionList_size=3
[18:30:33] [YFAdapter-P2] [INFO] [YF-P2] Decided: action_index=0, action=['PASS', 'PASS', 'PASS']
[18:30:33] [YFAdapter-P2] [WARNING] [YF-P2] 检测到过于保守: 对手快走完(剩0张), 触发Layer 2/3进行更积极的决策
[18:30:33] [HybridV4-P2] [INFO] ✓ Decision complete: action=1 (score=155.6, layer=DecisionEngine), candidates=3, time=0.009s
[18:30:33] [YFAdapter-P2] [INFO] [YF-P2] Decision context: myPos=2, curPos=1, greaterPos=0, teammate=0, curAction=[, actionList_size=2
[18:30:33] [YFAdapter-P2] [INFO] [YF-P2] Decided: action_index=0, action=['PASS', 'PASS', 'PASS']
[18:30:33] [YFAdapter-P2] [WARNING] [YF-P2] 检测到过于保守: 对手快走完(剩0张), 触发Layer 2/3进行更积极的决策
[18:30:33] [HybridV4-P2] [INFO] ✓ Decision complete: action=1 (score=125.6, layer=DecisionEngine), candidates=2, time=0.010s
[18:30:33] [YFAdapter-P2] [INFO] [YF-P2] Decision context: myPos=2, curPos=1, greaterPos=1, teammate=0, curAction=[, actionList_size=1
[18:30:33] [YFAdapter-P2] [INFO] [YF-P2] Decided: action_index=0, action=['PASS', 'PASS', 'PASS']
[18:30:33] [HybridV4-P2] [INFO] ✓ Decision complete: action=0 (score=-5.0, layer=YF), candidates=1, time=0.004s
[18:30:33] [YFAdapter-P2] [INFO] [YF-P2] Decision context: myPos=2, curPos=1, greaterPos=1, teammate=0, curAction=[, actionList_size=1
[18:30:33] [YFAdapter-P2] [INFO] [YF-P2] Decided: action_index=0, action=['PASS', 'PASS', 'PASS']
[18:30:33] [HybridV4-P2] [INFO] ✓ Decision complete: action=0 (score=-5.0, layer=YF), candidates=1, time=0.003s
[18:30:33] [yf2_v4] [INFO] 游戏开始, 我是2号位，手牌：['S2', 'H2', 'C3', 'D3', 'H4', 'H4', 'C6', 'C6', 'S7', 'C7', 'S8', 'H8', 'H9', 'C9', 'D9', 'ST', 'CT', 'HJ', 'CJ', 'HQ', 'HK', 'HK', 'DK', 'H5', 'D5', 'SB', 'HR']
[18:30:33] [YFAdapter-P2] [INFO] [YF-P2] Decision context: myPos=2, curPos=-1, greaterPos=-1, teammate=0, curAction=[, actionList_size=1
[18:30:33] [YFAdapter-P2] [INFO] [YF-P2] Decided: action_index=0, action=['tribute', 'tribute', [['H', 'R']]]
[18:30:33] [HybridV4-P2] [INFO] ✓ Decision complete: action=0 (score=110.0, layer=YF), candidates=1, time=0.016s
[18:30:33] [YFAdapter-P2] [INFO] [YF-P2] Decision context: myPos=2, curPos=-1, greaterPos=-1, teammate=0, curAction=[, actionList_size=1044
[18:30:33] [YFAdapter-P2] [INFO] [YF-P2] Decided: action_index=98, action=['ThreePair', '6', [['C', '6'], ['C', '6'], ['S', '7'], ['C', '7'], ['S', '8'], ['H', '8']]]
[18:30:33] [HybridV4-P2] [INFO] ✓ Decision complete: action=98 (score=110.0, layer=YF), candidates=8, time=0.016s
[18:30:33] [YFAdapter-P2] [INFO] [YF-P2] Decision context: myPos=2, curPos=1, greaterPos=0, teammate=0, curAction=[, actionList_size=4
[18:30:33] [YFAdapter-P2] [INFO] [YF-P2] Decided: action_index=0, action=['PASS', 'PASS', 'PASS']
[18:30:33] [HybridV4-P2] [INFO] ✓ Decision complete: action=3 (score=109.0, layer=YF), candidates=4, time=0.004s
[18:30:33] [YFAdapter-P2] [INFO] [YF-P2] Decision context: myPos=2, curPos=1, greaterPos=1, teammate=0, curAction=[, actionList_size=1
[18:30:33] [YFAdapter-P2] [INFO] [YF-P2] Decided: action_index=0, action=['PASS', 'PASS', 'PASS']
[18:30:33] [HybridV4-P2] [INFO] ✓ Decision complete: action=0 (score=95.0, layer=YF), candidates=1, time=0.002s
[18:30:33] [YFAdapter-P2] [INFO] [YF-P2] Decision context: myPos=2, curPos=1, greaterPos=1, teammate=0, curAction=[, actionList_size=13
[18:30:33] [YFAdapter-P2] [INFO] [YF-P2] Decided: action_index=0, action=['PASS', 'PASS', 'PASS']
[18:30:33] [HybridV4-P2] [INFO] ✓ Decision complete: action=12 (score=142.5, layer=YF), candidates=8, time=0.003s
[18:30:33] [YFAdapter-P2] [INFO] [YF-P2] Decision context: myPos=2, curPos=1, greaterPos=3, teammate=0, curAction=[, actionList_size=1
[18:30:33] [YFAdapter-P2] [INFO] [YF-P2] Decided: action_index=0, action=['PASS', 'PASS', 'PASS']
[18:30:33] [HybridV4-P2] [INFO] ✓ Decision complete: action=0 (score=95.0, layer=YF), candidates=1, time=0.002s
[18:30:33] [YFAdapter-P2] [INFO] [YF-P2] Decision context: myPos=2, curPos=1, greaterPos=1, teammate=0, curAction=[, actionList_size=1
[18:30:33] [YFAdapter-P2] [INFO] [YF-P2] Decided: action_index=0, action=['PASS', 'PASS', 'PASS']
[18:30:33] [HybridV4-P2] [INFO] ✓ Decision complete: action=0 (score=95.0, layer=YF), candidates=1, time=0.003s
[18:30:33] [YFAdapter-P2] [INFO] [YF-P2] Decision context: myPos=2, curPos=1, greaterPos=1, teammate=0, curAction=[, actionList_size=10
[18:30:33] [YFAdapter-P2] [INFO] [YF-P2] Decided: action_index=0, action=['PASS', 'PASS', 'PASS']
[18:30:33] [HybridV4-P2] [INFO] ✓ Decision complete: action=6 (score=139.0, layer=YF), candidates=8, time=0.004s
[18:30:33] [YFAdapter-P2] [INFO] [YF-P2] Decision context: myPos=2, curPos=1, greaterPos=1, teammate=0, curAction=[, actionList_size=1
[18:30:33] [YFAdapter-P2] [INFO] [YF-P2] Decided: action_index=0, action=['PASS', 'PASS', 'PASS']
[18:30:33] [HybridV4-P2] [INFO] ✓ Decision complete: action=0 (score=95.0, layer=YF), candidates=1, time=0.004s
[18:30:33] [YFAdapter-P2] [INFO] [YF-P2] Decision context: myPos=2, curPos=1, greaterPos=1, teammate=0, curAction=[, actionList_size=9
[18:30:33] [YFAdapter-P2] [INFO] [YF-P2] Decided: action_index=0, action=['PASS', 'PASS', 'PASS']
[18:30:33] [HybridV4-P2] [INFO] ✓ Decision complete: action=6 (score=139.0, layer=YF), candidates=8, time=0.011s
[18:30:33] [YFAdapter-P2] [INFO] [YF-P2] Decision context: myPos=2, curPos=1, greaterPos=3, teammate=0, curAction=[, actionList_size=2
[18:30:33] [YFAdapter-P2] [INFO] [YF-P2] Decided: action_index=0, action=['PASS', 'PASS', 'PASS']
[18:30:33] [HybridV4-P2] [INFO] ✓ Decision complete: action=1 (score=132.0, layer=YF), candidates=2, time=0.017s
[18:30:33] [YFAdapter-P2] [INFO] [YF-P2] Decision context: myPos=2, curPos=1, greaterPos=3, teammate=0, curAction=[, actionList_size=1
[18:30:33] [YFAdapter-P2] [INFO] [YF-P2] Decided: action_index=0, action=['PASS', 'PASS', 'PASS']
[18:30:33] [HybridV4-P2] [INFO] ✓ Decision complete: action=0 (score=95.0, layer=YF), candidates=1, time=0.006s
[18:30:33] [YFAdapter-P2] [INFO] [YF-P2] Decision context: myPos=2, curPos=1, greaterPos=0, teammate=0, curAction=[, actionList_size=1
[18:30:33] [YFAdapter-P2] [INFO] [YF-P2] Decided: action_index=0, action=['PASS', 'PASS', 'PASS']
[18:30:33] [HybridV4-P2] [INFO] ✓ Decision complete: action=0 (score=95.0, layer=YF), candidates=1, time=0.004s
[18:30:33] [YFAdapter-P2] [INFO] [YF-P2] Decision context: myPos=2, curPos=1, greaterPos=3, teammate=0, curAction=[, actionList_size=1
[18:30:33] [YFAdapter-P2] [INFO] [YF-P2] Decided: action_index=0, action=['PASS', 'PASS', 'PASS']
[18:30:33] [HybridV4-P2] [INFO] ✓ Decision complete: action=0 (score=75.0, layer=YF), candidates=1, time=0.003s
[18:30:33] [YFAdapter-P2] [INFO] [YF-P2] Decision context: myPos=2, curPos=1, greaterPos=0, teammate=0, curAction=[, actionList_size=1
[18:30:33] [YFAdapter-P2] [INFO] [YF-P2] Decided: action_index=0, action=['PASS', 'PASS', 'PASS']
[18:30:33] [HybridV4-P2] [INFO] ✓ Decision complete: action=0 (score=-5.0, layer=YF), candidates=1, time=0.006s
[18:30:33] [YFAdapter-P2] [INFO] [YF-P2] Decision context: myPos=2, curPos=1, greaterPos=0, teammate=0, curAction=[, actionList_size=1
[18:30:33] [YFAdapter-P2] [INFO] [YF-P2] Decided: action_index=0, action=['PASS', 'PASS', 'PASS']
[18:30:33] [HybridV4-P2] [INFO] ✓ Decision complete: action=0 (score=-5.0, layer=YF), candidates=1, time=0.006s
[18:30:34] [YFAdapter-P2] [INFO] [YF-P2] Decision context: myPos=2, curPos=1, greaterPos=0, teammate=0, curAction=[, actionList_size=1
[18:30:34] [YFAdapter-P2] [INFO] [YF-P2] Decided: action_index=0, action=['PASS', 'PASS', 'PASS']
[18:30:34] [HybridV4-P2] [INFO] ✓ Decision complete: action=0 (score=-5.0, layer=YF), candidates=1, time=0.003s
[18:30:34] [YFAdapter-P2] [INFO] [YF-P2] Decision context: myPos=2, curPos=1, greaterPos=1, teammate=0, curAction=[, actionList_size=1
[18:30:34] [YFAdapter-P2] [INFO] [YF-P2] Decided: action_index=0, action=['PASS', 'PASS', 'PASS']
[18:30:34] [HybridV4-P2] [INFO] ✓ Decision complete: action=0 (score=-5.0, layer=YF), candidates=1, time=0.003s
[18:30:34] [YFAdapter-P2] [INFO] [YF-P2] Decision context: myPos=2, curPos=1, greaterPos=1, teammate=0, curAction=[, actionList_size=1
[18:30:34] [YFAdapter-P2] [INFO] [YF-P2] Decided: action_index=0, action=['PASS', 'PASS', 'PASS']
[18:30:34] [HybridV4-P2] [INFO] ✓ Decision complete: action=0 (score=-5.0, layer=YF), candidates=1, time=0.003s
[18:30:34] [YFAdapter-P2] [INFO] [YF-P2] Decision context: myPos=2, curPos=1, greaterPos=1, teammate=0, curAction=[, actionList_size=7
[18:30:34] [YFAdapter-P2] [INFO] [YF-P2] Decided: action_index=0, action=['PASS', 'PASS', 'PASS']
[18:30:34] [YFAdapter-P2] [WARNING] [YF-P2] 检测到过于保守: 对手快走完(剩1张), 触发Layer 2/3进行更积极的决策
[18:30:34] [HybridV4-P2] [INFO] ✓ Decision complete: action=1 (score=155.6, layer=DecisionEngine), candidates=5, time=0.004s
[18:30:34] [YFAdapter-P2] [INFO] [YF-P2] Decision context: myPos=2, curPos=1, greaterPos=1, teammate=0, curAction=[, actionList_size=1
[18:30:34] [YFAdapter-P2] [INFO] [YF-P2] Decided: action_index=0, action=['PASS', 'PASS', 'PASS']
[18:30:34] [HybridV4-P2] [INFO] ✓ Decision complete: action=0 (score=-5.0, layer=YF), candidates=1, time=0.012s
[18:30:34] [YFAdapter-P2] [INFO] [YF-P2] Decision context: myPos=2, curPos=1, greaterPos=1, teammate=0, curAction=[, actionList_size=6
[18:30:34] [YFAdapter-P2] [INFO] [YF-P2] Decided: action_index=0, action=['PASS', 'PASS', 'PASS']
[18:30:34] [YFAdapter-P2] [WARNING] [YF-P2] 检测到过于保守: 对手快走完(剩1张), 触发Layer 2/3进行更积极的决策
[18:30:34] [HybridV4-P2] [INFO] ✓ Decision complete: action=1 (score=155.6, layer=DecisionEngine), candidates=5, time=0.017s
[18:30:34] [YFAdapter-P2] [INFO] [YF-P2] Decision context: myPos=2, curPos=-1, greaterPos=-1, teammate=0, curAction=[, actionList_size=21
[18:30:34] [YFAdapter-P2] [INFO] [YF-P2] Decided: action_index=11, action=['Pair', '3', [['C', '3'], ['D', '3']]]
[18:30:34] [HybridV4-P2] [INFO] ✓ Decision complete: action=11 (score=230.0, layer=YF), candidates=6, time=0.008s
[18:30:34] [YFAdapter-P2] [INFO] [YF-P2] Decision context: myPos=2, curPos=1, greaterPos=1, teammate=0, curAction=[, actionList_size=1
[18:30:34] [YFAdapter-P2] [INFO] [YF-P2] Decided: action_index=0, action=['PASS', 'PASS', 'PASS']
[18:30:34] [HybridV4-P2] [INFO] ✓ Decision complete: action=0 (score=-5.0, layer=YF), candidates=1, time=0.007s
[18:30:34] [YFAdapter-P2] [INFO] [YF-P2] Decision context: myPos=2, curPos=1, greaterPos=1, teammate=0, curAction=[, actionList_size=5
[18:30:34] [YFAdapter-P2] [INFO] [YF-P2] Decided: action_index=0, action=['PASS', 'PASS', 'PASS']
[18:30:34] [YFAdapter-P2] [WARNING] [YF-P2] 检测到过于保守: 对手快走完(剩1张), 触发Layer 2/3进行更积极的决策
[18:30:34] [HybridV4-P2] [INFO] ✓ Decision complete: action=1 (score=155.6, layer=DecisionEngine), candidates=5, time=0.006s
[18:30:34] [YFAdapter-P2] [INFO] [YF-P2] Decision context: myPos=2, curPos=-1, greaterPos=-1, teammate=0, curAction=[, actionList_size=14
[18:30:34] [YFAdapter-P2] [INFO] [YF-P2] Decided: action_index=10, action=['Pair', 'T', [['S', 'T'], ['C', 'T']]]
[18:30:34] [HybridV4-P2] [INFO] ✓ Decision complete: action=10 (score=235.0, layer=YF), candidates=6, time=0.006s
[18:30:34] [YFAdapter-P2] [INFO] [YF-P2] Decision context: myPos=2, curPos=-1, greaterPos=-1, teammate=0, curAction=[, actionList_size=10
[18:30:34] [YFAdapter-P2] [INFO] [YF-P2] Decided: action_index=9, action=['ThreeWithTwo', '4', [['H', '4'], ['H', '4'], ['C', '4'], ['S', '2'], ['H', '2']]]
[18:30:34] [HybridV4-P2] [INFO] ✓ Decision complete: action=9 (score=230.0, layer=YF), candidates=6, time=0.013s
[18:30:34] [YFAdapter-P2] [INFO] [YF-P2] Decision context: myPos=2, curPos=1, greaterPos=1, teammate=0, curAction=[, actionList_size=1
[18:30:34] [YFAdapter-P2] [INFO] [YF-P2] Decided: action_index=0, action=['PASS', 'PASS', 'PASS']
[18:30:34] [HybridV4-P2] [INFO] ✓ Decision complete: action=0 (score=-5.0, layer=YF), candidates=1, time=0.005s
[18:30:34] [YFAdapter-P2] [INFO] [YF-P2] Decision context: myPos=2, curPos=1, greaterPos=1, teammate=0, curAction=[, actionList_size=1
[18:30:34] [YFAdapter-P2] [INFO] [YF-P2] Decided: action_index=0, action=['PASS', 'PASS', 'PASS']
[18:30:34] [HybridV4-P2] [INFO] ✓ Decision complete: action=0 (score=-5.0, layer=YF), candidates=1, time=0.009s
[18:30:34] [YFAdapter-P2] [INFO] [YF-P2] Decision context: myPos=2, curPos=1, greaterPos=1, teammate=0, curAction=[, actionList_size=2
[18:30:34] [YFAdapter-P2] [INFO] [YF-P2] Decided: action_index=0, action=['PASS', 'PASS', 'PASS']
[18:30:34] [YFAdapter-P2] [WARNING] [YF-P2] 检测到过于保守: 对手快走完(剩0张), 触发Layer 2/3进行更积极的决策
[18:30:34] [HybridV4-P2] [INFO] ✓ Decision complete: action=1 (score=155.6, layer=DecisionEngine), candidates=2, time=0.004s
[18:30:34] [yf2_v4] [INFO] 游戏开始, 我是2号位，手牌：['S2', 'D2', 'H3', 'C3', 'C4', 'D4', 'H5', 'S6', 'H6', 'C6', 'D6', 'D6', 'H8', 'C9', 'HJ', 'CJ', 'HQ', 'DQ', 'CK', 'DK', 'HA', 'CA', 'S7', 'C7', 'SB', 'HR', 'HR']
[18:30:34] [YFAdapter-P2] [INFO] [YF-P2] Decision context: myPos=2, curPos=1, greaterPos=1, teammate=0, curAction=[, actionList_size=18
[18:30:34] [YFAdapter-P2] [INFO] [YF-P2] Decided: action_index=0, action=['PASS', 'PASS', 'PASS']
[18:30:34] [HybridV4-P2] [INFO] ✓ Decision complete: action=7 (score=142.5, layer=YF), candidates=8, time=0.004s
[18:30:34] [YFAdapter-P2] [INFO] [YF-P2] Decision context: myPos=2, curPos=1, greaterPos=0, teammate=0, curAction=[, actionList_size=6
[18:30:34] [YFAdapter-P2] [INFO] [YF-P2] Decided: action_index=0, action=['PASS', 'PASS', 'PASS']
[18:30:34] [HybridV4-P2] [INFO] ✓ Decision complete: action=1 (score=102.0, layer=YF), candidates=6, time=0.005s
[18:30:34] [YFAdapter-P2] [INFO] [YF-P2] Decision context: myPos=2, curPos=-1, greaterPos=-1, teammate=0, curAction=[, actionList_size=61
[18:30:34] [YFAdapter-P2] [INFO] [YF-P2] Decided: action_index=6, action=['Single', '5', [['H', '5']]]
[18:30:34] [HybridV4-P2] [INFO] ✓ Decision complete: action=6 (score=110.0, layer=YF), candidates=8, time=0.004s
[18:30:34] [YFAdapter-P2] [INFO] [YF-P2] Decision context: myPos=2, curPos=1, greaterPos=1, teammate=0, curAction=[, actionList_size=3
[18:30:34] [YFAdapter-P2] [INFO] [YF-P2] Decided: action_index=0, action=['PASS', 'PASS', 'PASS']
[18:30:34] [HybridV4-P2] [INFO] ✓ Decision complete: action=1 (score=142.5, layer=YF), candidates=3, time=0.004s
[18:30:34] [YFAdapter-P2] [INFO] [YF-P2] Decision context: myPos=2, curPos=-1, greaterPos=-1, teammate=0, curAction=[, actionList_size=29
[18:30:34] [YFAdapter-P2] [INFO] [YF-P2] Decided: action_index=6, action=['Single', '6', [['D', '6']]]
[18:30:34] [HybridV4-P2] [INFO] ✓ Decision complete: action=6 (score=110.0, layer=YF), candidates=8, time=0.005s
[18:30:34] [YFAdapter-P2] [INFO] [YF-P2] Decision context: myPos=2, curPos=1, greaterPos=3, teammate=0, curAction=[, actionList_size=2
[18:30:34] [YFAdapter-P2] [INFO] [YF-P2] Decided: action_index=0, action=['PASS', 'PASS', 'PASS']
[18:30:34] [HybridV4-P2] [INFO] ✓ Decision complete: action=1 (score=142.5, layer=YF), candidates=2, time=0.005s
[18:30:34] [YFAdapter-P2] [INFO] [YF-P2] Decision context: myPos=2, curPos=1, greaterPos=1, teammate=0, curAction=[, actionList_size=1
[18:30:34] [YFAdapter-P2] [INFO] [YF-P2] Decided: action_index=0, action=['PASS', 'PASS', 'PASS']
[18:30:34] [HybridV4-P2] [INFO] ✓ Decision complete: action=0 (score=95.0, layer=YF), candidates=1, time=0.006s
[18:30:34] [YFAdapter-P2] [INFO] [YF-P2] Decision context: myPos=2, curPos=1, greaterPos=1, teammate=0, curAction=[, actionList_size=15
[18:30:34] [YFAdapter-P2] [INFO] [YF-P2] Decided: action_index=0, action=['PASS', 'PASS', 'PASS']
[18:30:34] [HybridV4-P2] [INFO] ✓ Decision complete: action=11 (score=142.5, layer=YF), candidates=8, time=0.003s
[18:30:34] [YFAdapter-P2] [INFO] [YF-P2] Decision context: myPos=2, curPos=1, greaterPos=0, teammate=0, curAction=[, actionList_size=2
[18:30:34] [YFAdapter-P2] [INFO] [YF-P2] Decided: action_index=0, action=['PASS', 'PASS', 'PASS']
[18:30:34] [HybridV4-P2] [INFO] ✓ Decision complete: action=1 (score=112.5, layer=YF), candidates=2, time=0.003s
[18:30:34] [YFAdapter-P2] [INFO] [YF-P2] Decision context: myPos=2, curPos=-1, greaterPos=-1, teammate=0, curAction=[, actionList_size=25
[18:30:34] [YFAdapter-P2] [INFO] [YF-P2] Decided: action_index=6, action=['Single', '8', [['H', '8']]]
[18:30:34] [HybridV4-P2] [INFO] ✓ Decision complete: action=6 (score=115.0, layer=YF), candidates=7, time=0.004s
[18:30:34] [YFAdapter-P2] [INFO] [YF-P2] Decision context: myPos=2, curPos=1, greaterPos=3, teammate=0, curAction=[, actionList_size=3
[18:30:34] [YFAdapter-P2] [INFO] [YF-P2] Decided: action_index=0, action=['PASS', 'PASS', 'PASS']
[18:30:34] [HybridV4-P2] [INFO] ✓ Decision complete: action=1 (score=135.5, layer=YF), candidates=3, time=0.005s
[18:30:34] [YFAdapter-P2] [INFO] [YF-P2] Decision context: myPos=2, curPos=1, greaterPos=3, teammate=0, curAction=[, actionList_size=1
[18:30:34] [YFAdapter-P2] [INFO] [YF-P2] Decided: action_index=0, action=['PASS', 'PASS', 'PASS']
[18:30:34] [HybridV4-P2] [INFO] ✓ Decision complete: action=0 (score=95.0, layer=YF), candidates=1, time=0.008s
[18:30:34] [YFAdapter-P2] [INFO] [YF-P2] Decision context: myPos=2, curPos=1, greaterPos=1, teammate=0, curAction=[, actionList_size=1
[18:30:34] [YFAdapter-P2] [INFO] [YF-P2] Decided: action_index=0, action=['PASS', 'PASS', 'PASS']
[18:30:34] [HybridV4-P2] [INFO] ✓ Decision complete: action=0 (score=95.0, layer=YF), candidates=1, time=0.012s
[18:30:34] [YFAdapter-P2] [INFO] [YF-P2] Decision context: myPos=2, curPos=1, greaterPos=1, teammate=0, curAction=[, actionList_size=4
[18:30:34] [YFAdapter-P2] [INFO] [YF-P2] Decided: action_index=0, action=['PASS', 'PASS', 'PASS']
[18:30:34] [HybridV4-P2] [INFO] ✓ Decision complete: action=1 (score=159.0, layer=YF), candidates=4, time=0.004s
[18:30:34] [YFAdapter-P2] [INFO] [YF-P2] Decision context: myPos=2, curPos=1, greaterPos=1, teammate=0, curAction=[, actionList_size=1
[18:30:34] [YFAdapter-P2] [INFO] [YF-P2] Decided: action_index=0, action=['PASS', 'PASS', 'PASS']
[18:30:34] [HybridV4-P2] [INFO] ✓ Decision complete: action=0 (score=95.0, layer=YF), candidates=1, time=0.005s
[18:30:35] [YFAdapter-P2] [INFO] [YF-P2] Decision context: myPos=2, curPos=1, greaterPos=1, teammate=0, curAction=[, actionList_size=1
[18:30:35] [YFAdapter-P2] [INFO] [YF-P2] Decided: action_index=0, action=['PASS', 'PASS', 'PASS']
[18:30:35] [HybridV4-P2] [INFO] ✓ Decision complete: action=0 (score=75.0, layer=YF), candidates=1, time=0.009s
[18:30:35] [YFAdapter-P2] [INFO] [YF-P2] Decision context: myPos=2, curPos=1, greaterPos=1, teammate=0, curAction=[, actionList_size=6
[18:30:35] [YFAdapter-P2] [INFO] [YF-P2] Decided: action_index=0, action=['PASS', 'PASS', 'PASS']
[18:30:35] [YFAdapter-P2] [WARNING] [YF-P2] 检测到过于保守: 对手快走完(剩5张), 触发Layer 2/3进行更积极的决策
[18:30:35] [HybridV4-P2] [INFO] ✓ Decision complete: action=1 (score=115.6, layer=DecisionEngine), candidates=5, time=0.008s
[18:30:35] [YFAdapter-P2] [INFO] [YF-P2] Decision context: myPos=2, curPos=1, greaterPos=1, teammate=0, curAction=[, actionList_size=1
[18:30:35] [YFAdapter-P2] [INFO] [YF-P2] Decided: action_index=0, action=['PASS', 'PASS', 'PASS']
[18:30:35] [HybridV4-P2] [INFO] ✓ Decision complete: action=0 (score=-5.0, layer=YF), candidates=1, time=0.002s
[18:30:35] [YFAdapter-P2] [INFO] [YF-P2] Decision context: myPos=2, curPos=0, greaterPos=0, teammate=0, curAction=[, actionList_size=2
[18:30:35] [YFAdapter-P2] [INFO] [YF-P2] Decided: action_index=0, action=['PASS', 'PASS', 'PASS']
[18:30:35] [YFAdapter-P2] [WARNING] [YF-P2] 检测到过于保守: 对手快走完(剩0张), 触发Layer 2/3进行更积极的决策
[18:30:35] [HybridV4-P2] [INFO] ✓ Decision complete: action=1 (score=100.6, layer=DecisionEngine), candidates=2, time=0.007s
[18:30:35] [YFAdapter-P2] [INFO] [YF-P2] Decision context: myPos=2, curPos=0, greaterPos=3, teammate=0, curAction=[, actionList_size=1
[18:30:35] [YFAdapter-P2] [INFO] [YF-P2] Decided: action_index=0, action=['PASS', 'PASS', 'PASS']
[18:30:35] [HybridV4-P2] [INFO] ✓ Decision complete: action=0 (score=-5.0, layer=YF), candidates=1, time=0.003s
[18:30:35] [YFAdapter-P2] [INFO] [YF-P2] Decision context: myPos=2, curPos=0, greaterPos=3, teammate=0, curAction=[, actionList_size=1
[18:30:35] [YFAdapter-P2] [INFO] [YF-P2] Decided: action_index=0, action=['PASS', 'PASS', 'PASS']
[18:30:35] [HybridV4-P2] [INFO] ✓ Decision complete: action=0 (score=-5.0, layer=YF), candidates=1, time=0.005s
[18:30:35] [yf2_v4] [INFO] 游戏开始, 我是2号位，手牌：['D2', 'D3', 'S4', 'C4', 'C4', 'D4', 'S5', 'C5', 'H6', 'D6', 'H7', 'D7', 'D7', 'S8', 'S8', 'H8', 'D8', 'HJ', 'CQ', 'SK', 'HK', 'CK', 'DK', 'SA', 'DA', 'CT', 'SB']
[18:30:35] [YFAdapter-P2] [INFO] [YF-P2] Decision context: myPos=2, curPos=-1, greaterPos=-1, teammate=0, curAction=[, actionList_size=1
[18:30:35] [YFAdapter-P2] [INFO] [YF-P2] Decided: action_index=0, action=['tribute', 'tribute', [['S', 'B']]]
[18:30:35] [HybridV4-P2] [INFO] ✓ Decision complete: action=0 (score=110.0, layer=YF), candidates=1, time=0.009s
[18:30:35] [YFAdapter-P2] [INFO] [YF-P2] Decision context: myPos=2, curPos=1, greaterPos=1, teammate=0, curAction=[, actionList_size=4
[18:30:35] [YFAdapter-P2] [INFO] [YF-P2] Decided: action_index=0, action=['PASS', 'PASS', 'PASS']
[18:30:35] [HybridV4-P2] [INFO] ✓ Decision complete: action=3 (score=139.0, layer=YF), candidates=4, time=0.005s
[18:30:35] [YFAdapter-P2] [INFO] [YF-P2] Decision context: myPos=2, curPos=-1, greaterPos=-1, teammate=0, curAction=[, actionList_size=286
[18:30:35] [YFAdapter-P2] [INFO] [YF-P2] Decided: action_index=0, action=['Single', '2', [['D', '2']]]
[18:30:35] [HybridV4-P2] [INFO] ✓ Decision complete: action=0 (score=125.0, layer=YF), candidates=8, time=0.007s
[18:30:35] [YFAdapter-P2] [INFO] [YF-P2] Decision context: myPos=2, curPos=1, greaterPos=0, teammate=0, curAction=[, actionList_size=3
[18:30:35] [YFAdapter-P2] [INFO] [YF-P2] Decided: action_index=0, action=['PASS', 'PASS', 'PASS']
[18:30:35] [HybridV4-P2] [INFO] ✓ Decision complete: action=2 (score=105.5, layer=YF), candidates=3, time=0.006s
[18:30:35] [YFAdapter-P2] [INFO] [YF-P2] Decision context: myPos=2, curPos=1, greaterPos=3, teammate=0, curAction=[, actionList_size=1
[18:30:35] [YFAdapter-P2] [INFO] [YF-P2] Decided: action_index=0, action=['PASS', 'PASS', 'PASS']
[18:30:35] [HybridV4-P2] [INFO] ✓ Decision complete: action=0 (score=95.0, layer=YF), candidates=1, time=0.003s
[18:30:35] [YFAdapter-P2] [INFO] [YF-P2] Decision context: myPos=2, curPos=1, greaterPos=1, teammate=0, curAction=[, actionList_size=1
[18:30:35] [YFAdapter-P2] [INFO] [YF-P2] Decided: action_index=0, action=['PASS', 'PASS', 'PASS']
[18:30:35] [HybridV4-P2] [INFO] ✓ Decision complete: action=0 (score=95.0, layer=YF), candidates=1, time=0.003s
[18:30:35] [YFAdapter-P2] [INFO] [YF-P2] Decision context: myPos=2, curPos=1, greaterPos=1, teammate=0, curAction=[, actionList_size=26
[18:30:35] [YFAdapter-P2] [INFO] [YF-P2] Decided: action_index=0, action=['PASS', 'PASS', 'PASS']
[18:30:35] [HybridV4-P2] [INFO] ✓ Decision complete: action=1 (score=132.0, layer=YF), candidates=6, time=0.004s
[18:30:35] [YFAdapter-P2] [INFO] [YF-P2] Decision context: myPos=2, curPos=1, greaterPos=1, teammate=0, curAction=[, actionList_size=1
[18:30:35] [YFAdapter-P2] [INFO] [YF-P2] Decided: action_index=0, action=['PASS', 'PASS', 'PASS']
[18:30:35] [HybridV4-P2] [INFO] ✓ Decision complete: action=0 (score=95.0, layer=YF), candidates=1, time=0.002s
[18:30:35] [YFAdapter-P2] [INFO] [YF-P2] Decision context: myPos=2, curPos=1, greaterPos=1, teammate=0, curAction=[, actionList_size=3
[18:30:35] [YFAdapter-P2] [INFO] [YF-P2] Decided: action_index=0, action=['PASS', 'PASS', 'PASS']
[18:30:35] [HybridV4-P2] [INFO] ✓ Decision complete: action=2 (score=169.5, layer=YF), candidates=3, time=0.015s
[18:30:35] [YFAdapter-P2] [INFO] [YF-P2] Decision context: myPos=2, curPos=1, greaterPos=3, teammate=0, curAction=[, actionList_size=1
[18:30:35] [YFAdapter-P2] [INFO] [YF-P2] Decided: action_index=0, action=['PASS', 'PASS', 'PASS']
[18:30:35] [HybridV4-P2] [INFO] ✓ Decision complete: action=0 (score=95.0, layer=YF), candidates=1, time=0.003s
[18:30:35] [YFAdapter-P2] [INFO] [YF-P2] Decision context: myPos=2, curPos=1, greaterPos=1, teammate=0, curAction=[, actionList_size=1
[18:30:35] [YFAdapter-P2] [INFO] [YF-P2] Decided: action_index=0, action=['PASS', 'PASS', 'PASS']
[18:30:35] [HybridV4-P2] [INFO] ✓ Decision complete: action=0 (score=55.0, layer=YF), candidates=1, time=0.003s
[18:30:35] [YFAdapter-P2] [INFO] [YF-P2] Decision context: myPos=2, curPos=1, greaterPos=1, teammate=0, curAction=[, actionList_size=1
[18:30:35] [YFAdapter-P2] [INFO] [YF-P2] Decided: action_index=0, action=['PASS', 'PASS', 'PASS']
[18:30:35] [HybridV4-P2] [INFO] ✓ Decision complete: action=0 (score=-5.0, layer=YF), candidates=1, time=0.013s
[18:30:35] [YFAdapter-P2] [INFO] [YF-P2] Decision context: myPos=2, curPos=1, greaterPos=1, teammate=0, curAction=[, actionList_size=1
[18:30:35] [YFAdapter-P2] [INFO] [YF-P2] Decided: action_index=0, action=['PASS', 'PASS', 'PASS']
[18:30:35] [HybridV4-P2] [INFO] ✓ Decision complete: action=0 (score=-5.0, layer=YF), candidates=1, time=0.005s
[18:30:35] [YFAdapter-P2] [INFO] [YF-P2] Decision context: myPos=2, curPos=1, greaterPos=1, teammate=0, curAction=[, actionList_size=1
[18:30:35] [YFAdapter-P2] [INFO] [YF-P2] Decided: action_index=0, action=['PASS', 'PASS', 'PASS']
[18:30:35] [HybridV4-P2] [INFO] ✓ Decision complete: action=0 (score=-5.0, layer=YF), candidates=1, time=0.002s
[18:30:35] [YFAdapter-P2] [INFO] [YF-P2] Decision context: myPos=2, curPos=0, greaterPos=0, teammate=0, curAction=[, actionList_size=2
[18:30:35] [YFAdapter-P2] [INFO] [YF-P2] Decided: action_index=0, action=['PASS', 'PASS', 'PASS']
[18:30:35] [YFAdapter-P2] [WARNING] [YF-P2] 检测到过于保守: 对手快走完(剩0张), 触发Layer 2/3进行更积极的决策
[18:30:35] [HybridV4-P2] [INFO] ✓ Decision complete: action=1 (score=100.6, layer=DecisionEngine), candidates=2, time=0.004s
[18:30:35] [YFAdapter-P2] [INFO] [YF-P2] Decision context: myPos=2, curPos=0, greaterPos=3, teammate=0, curAction=[, actionList_size=1
[18:30:35] [YFAdapter-P2] [INFO] [YF-P2] Decided: action_index=0, action=['PASS', 'PASS', 'PASS']
[18:30:35] [HybridV4-P2] [INFO] ✓ Decision complete: action=0 (score=-5.0, layer=YF), candidates=1, time=0.012s
[18:30:35] [YFAdapter-P2] [INFO] [YF-P2] Decision context: myPos=2, curPos=0, greaterPos=0, teammate=0, curAction=[, actionList_size=1
[18:30:35] [YFAdapter-P2] [INFO] [YF-P2] Decided: action_index=0, action=['PASS', 'PASS', 'PASS']
[18:30:35] [HybridV4-P2] [INFO] ✓ Decision complete: action=0 (score=-5.0, layer=YF), candidates=1, time=0.003s
[18:30:35] [YFAdapter-P2] [INFO] [YF-P2] Decision context: myPos=2, curPos=0, greaterPos=0, teammate=0, curAction=[, actionList_size=1
[18:30:35] [YFAdapter-P2] [INFO] [YF-P2] Decided: action_index=0, action=['PASS', 'PASS', 'PASS']
[18:30:35] [HybridV4-P2] [INFO] ✓ Decision complete: action=0 (score=-5.0, layer=YF), candidates=1, time=0.003s
[18:30:35] [YFAdapter-P2] [INFO] [YF-P2] Decision context: myPos=2, curPos=0, greaterPos=0, teammate=0, curAction=[, actionList_size=1
[18:30:35] [YFAdapter-P2] [INFO] [YF-P2] Decided: action_index=0, action=['PASS', 'PASS', 'PASS']
[18:30:35] [HybridV4-P2] [INFO] ✓ Decision complete: action=0 (score=-5.0, layer=YF), candidates=1, time=0.003s
[18:30:35] [YFAdapter-P2] [INFO] [YF-P2] Decision context: myPos=2, curPos=0, greaterPos=3, teammate=0, curAction=[, actionList_size=1
[18:30:35] [YFAdapter-P2] [INFO] [YF-P2] Decided: action_index=0, action=['PASS', 'PASS', 'PASS']
[18:30:35] [HybridV4-P2] [INFO] ✓ Decision complete: action=0 (score=-5.0, layer=YF), candidates=1, time=0.003s
[18:30:35] [yf2_v4] [INFO] 游戏开始, 我是2号位，手牌：['S2', 'S2', 'H2', 'S3', 'H3', 'H3', 'D3', 'C4', 'C5', 'S6', 'H6', 'C6', 'D6', 'S7', 'S7', 'D7', 'S8', 'S9', 'H9', 'ST', 'CT', 'CT', 'HJ', 'HQ', 'SA', 'SB', 'HR']
[18:30:35] [YFAdapter-P2] [INFO] [YF-P2] Decision context: myPos=2, curPos=-1, greaterPos=-1, teammate=0, curAction=[, actionList_size=1
[18:30:35] [YFAdapter-P2] [INFO] [YF-P2] Decided: action_index=0, action=['tribute', 'tribute', [['H', 'R']]]
[18:30:35] [HybridV4-P2] [INFO] ✓ Decision complete: action=0 (score=110.0, layer=YF), candidates=1, time=0.005s
[18:30:35] [YFAdapter-P2] [INFO] [YF-P2] Decision context: myPos=2, curPos=-1, greaterPos=-1, teammate=0, curAction=[, actionList_size=405
[18:30:35] [YFAdapter-P2] [INFO] [YF-P2] Decided: action_index=6, action=['Single', '4', [['C', '4']]]
[18:30:35] [HybridV4-P2] [INFO] ✓ Decision complete: action=6 (score=110.0, layer=YF), candidates=8, time=0.007s
[18:30:35] [YFAdapter-P2] [INFO] [YF-P2] Decision context: myPos=2, curPos=1, greaterPos=1, teammate=0, curAction=[, actionList_size=9
[18:30:35] [YFAdapter-P2] [INFO] [YF-P2] Decided: action_index=0, action=['PASS', 'PASS', 'PASS']
[18:30:35] [HybridV4-P2] [INFO] ✓ Decision complete: action=1 (score=142.5, layer=YF), candidates=7, time=0.009s
[18:30:35] [YFAdapter-P2] [INFO] [YF-P2] Decision context: myPos=2, curPos=1, greaterPos=0, teammate=0, curAction=[, actionList_size=2
[18:30:35] [YFAdapter-P2] [INFO] [YF-P2] Decided: action_index=0, action=['PASS', 'PASS', 'PASS']
[18:30:35] [HybridV4-P2] [INFO] ✓ Decision complete: action=1 (score=102.0, layer=YF), candidates=2, time=0.004s
[18:30:35] [YFAdapter-P2] [INFO] [YF-P2] Decision context: myPos=2, curPos=1, greaterPos=0, teammate=0, curAction=[, actionList_size=2
[18:30:35] [YFAdapter-P2] [INFO] [YF-P2] Decided: action_index=0, action=['PASS', 'PASS', 'PASS']
[18:30:35] [HybridV4-P2] [INFO] ✓ Decision complete: action=1 (score=102.0, layer=YF), candidates=2, time=0.016s
[18:30:36] [YFAdapter-P2] [INFO] [YF-P2] Decision context: myPos=2, curPos=-1, greaterPos=-1, teammate=0, curAction=[, actionList_size=31
[18:30:36] [YFAdapter-P2] [INFO] [YF-P2] Decided: action_index=2, action=['Single', '5', [['C', '5']]]
[18:30:36] [HybridV4-P2] [INFO] ✓ Decision complete: action=2 (score=110.0, layer=YF), candidates=8, time=0.004s
[18:30:36] [YFAdapter-P2] [INFO] [YF-P2] Decision context: myPos=2, curPos=1, greaterPos=3, teammate=0, curAction=[, actionList_size=1
[18:30:36] [YFAdapter-P2] [INFO] [YF-P2] Decided: action_index=0, action=['PASS', 'PASS', 'PASS']
[18:30:36] [HybridV4-P2] [INFO] ✓ Decision complete: action=0 (score=95.0, layer=YF), candidates=1, time=0.004s
[18:30:36] [YFAdapter-P2] [INFO] [YF-P2] Decision context: myPos=2, curPos=1, greaterPos=1, teammate=0, curAction=[, actionList_size=1
[18:30:36] [YFAdapter-P2] [INFO] [YF-P2] Decided: action_index=0, action=['PASS', 'PASS', 'PASS']
[18:30:36] [HybridV4-P2] [INFO] ✓ Decision complete: action=0 (score=95.0, layer=YF), candidates=1, time=0.003s
[18:30:36] [YFAdapter-P2] [INFO] [YF-P2] Decision context: myPos=2, curPos=1, greaterPos=1, teammate=0, curAction=[, actionList_size=6
[18:30:36] [YFAdapter-P2] [INFO] [YF-P2] Decided: action_index=0, action=['PASS', 'PASS', 'PASS']
[18:30:36] [HybridV4-P2] [INFO] ✓ Decision complete: action=5 (score=142.5, layer=YF), candidates=6, time=0.011s
[18:30:36] [YFAdapter-P2] [INFO] [YF-P2] Decision context: myPos=2, curPos=1, greaterPos=3, teammate=0, curAction=[, actionList_size=1
[18:30:36] [YFAdapter-P2] [INFO] [YF-P2] Decided: action_index=0, action=['PASS', 'PASS', 'PASS']
[18:30:36] [HybridV4-P2] [INFO] ✓ Decision complete: action=0 (score=95.0, layer=YF), candidates=1, time=0.013s
[18:30:36] [YFAdapter-P2] [INFO] [YF-P2] Decision context: myPos=2, curPos=1, greaterPos=3, teammate=0, curAction=[, actionList_size=1
[18:30:36] [YFAdapter-P2] [INFO] [YF-P2] Decided: action_index=0, action=['PASS', 'PASS', 'PASS']
[18:30:36] [HybridV4-P2] [INFO] ✓ Decision complete: action=0 (score=95.0, layer=YF), candidates=1, time=0.018s
[18:30:36] [YFAdapter-P2] [INFO] [YF-P2] Decision context: myPos=2, curPos=1, greaterPos=1, teammate=0, curAction=[, actionList_size=1
[18:30:36] [YFAdapter-P2] [INFO] [YF-P2] Decided: action_index=0, action=['PASS', 'PASS', 'PASS']
[18:30:36] [HybridV4-P2] [INFO] ✓ Decision complete: action=0 (score=95.0, layer=YF), candidates=1, time=0.006s
[18:30:36] [YFAdapter-P2] [INFO] [YF-P2] Decision context: myPos=2, curPos=1, greaterPos=1, teammate=0, curAction=[, actionList_size=1
[18:30:36] [YFAdapter-P2] [INFO] [YF-P2] Decided: action_index=0, action=['PASS', 'PASS', 'PASS']
[18:30:36] [HybridV4-P2] [INFO] ✓ Decision complete: action=0 (score=95.0, layer=YF), candidates=1, time=0.003s
[18:30:36] [YFAdapter-P2] [INFO] [YF-P2] Decision context: myPos=2, curPos=1, greaterPos=3, teammate=0, curAction=[, actionList_size=1
[18:30:36] [YFAdapter-P2] [INFO] [YF-P2] Decided: action_index=0, action=['PASS', 'PASS', 'PASS']
[18:30:36] [HybridV4-P2] [INFO] ✓ Decision complete: action=0 (score=95.0, layer=YF), candidates=1, time=0.003s
[18:30:36] [YFAdapter-P2] [INFO] [YF-P2] Decision context: myPos=2, curPos=1, greaterPos=1, teammate=0, curAction=[, actionList_size=1
[18:30:36] [YFAdapter-P2] [INFO] [YF-P2] Decided: action_index=0, action=['PASS', 'PASS', 'PASS']
[18:30:36] [HybridV4-P2] [INFO] ✓ Decision complete: action=0 (score=95.0, layer=YF), candidates=1, time=0.003s
[18:30:36] [YFAdapter-P2] [INFO] [YF-P2] Decision context: myPos=2, curPos=1, greaterPos=1, teammate=0, curAction=[, actionList_size=6
[18:30:36] [YFAdapter-P2] [INFO] [YF-P2] Decided: action_index=0, action=['PASS', 'PASS', 'PASS']
[18:30:36] [HybridV4-P2] [INFO] ✓ Decision complete: action=4 (score=162.5, layer=YF), candidates=6, time=0.004s
[18:30:36] [YFAdapter-P2] [INFO] [YF-P2] Decision context: myPos=2, curPos=1, greaterPos=1, teammate=0, curAction=[, actionList_size=1
[18:30:36] [YFAdapter-P2] [INFO] [YF-P2] Decided: action_index=0, action=['PASS', 'PASS', 'PASS']
[18:30:36] [HybridV4-P2] [INFO] ✓ Decision complete: action=0 (score=95.0, layer=YF), candidates=1, time=0.003s
[18:30:36] [YFAdapter-P2] [INFO] [YF-P2] Decision context: myPos=2, curPos=1, greaterPos=1, teammate=0, curAction=[, actionList_size=1
[18:30:36] [YFAdapter-P2] [INFO] [YF-P2] Decided: action_index=0, action=['PASS', 'PASS', 'PASS']
[18:30:36] [HybridV4-P2] [INFO] ✓ Decision complete: action=0 (score=75.0, layer=YF), candidates=1, time=0.002s
[18:30:36] [YFAdapter-P2] [INFO] [YF-P2] Decision context: myPos=2, curPos=1, greaterPos=1, teammate=0, curAction=[, actionList_size=1
[18:30:36] [YFAdapter-P2] [INFO] [YF-P2] Decided: action_index=0, action=['PASS', 'PASS', 'PASS']
[18:30:36] [HybridV4-P2] [INFO] ✓ Decision complete: action=0 (score=55.0, layer=YF), candidates=1, time=0.003s
[18:30:36] [YFAdapter-P2] [INFO] [YF-P2] Decision context: myPos=2, curPos=1, greaterPos=1, teammate=0, curAction=[, actionList_size=1
[18:30:36] [YFAdapter-P2] [INFO] [YF-P2] Decided: action_index=0, action=['PASS', 'PASS', 'PASS']
[18:30:36] [HybridV4-P2] [INFO] ✓ Decision complete: action=0 (score=125.0, layer=YF), candidates=1, time=0.002s
[18:30:36] [YFAdapter-P2] [INFO] [YF-P2] Decision context: myPos=2, curPos=1, greaterPos=1, teammate=0, curAction=[, actionList_size=1
[18:30:36] [YFAdapter-P2] [INFO] [YF-P2] Decided: action_index=0, action=['PASS', 'PASS', 'PASS']
[18:30:36] [HybridV4-P2] [INFO] ✓ Decision complete: action=0 (score=-5.0, layer=YF), candidates=1, time=0.004s
[18:30:36] [YFAdapter-P2] [INFO] [YF-P2] Decision context: myPos=2, curPos=0, greaterPos=3, teammate=0, curAction=[, actionList_size=1
[18:30:36] [YFAdapter-P2] [INFO] [YF-P2] Decided: action_index=0, action=['PASS', 'PASS', 'PASS']
[18:30:36] [HybridV4-P2] [INFO] ✓ Decision complete: action=0 (score=-5.0, layer=YF), candidates=1, time=0.008s
[18:30:36] [YFAdapter-P2] [INFO] [YF-P2] Decision context: myPos=2, curPos=0, greaterPos=0, teammate=0, curAction=[, actionList_size=3
[18:30:36] [YFAdapter-P2] [INFO] [YF-P2] Decided: action_index=0, action=['PASS', 'PASS', 'PASS']
[18:30:36] [YFAdapter-P2] [WARNING] [YF-P2] 检测到过于保守: 对手快走完(剩0张), 触发Layer 2/3进行更积极的决策
[18:30:36] [HybridV4-P2] [INFO] ✓ Decision complete: action=1 (score=100.6, layer=DecisionEngine), candidates=3, time=0.016s
[18:30:36] [YFAdapter-P2] [INFO] [YF-P2] Decision context: myPos=2, curPos=-1, greaterPos=-1, teammate=0, curAction=[, actionList_size=23
[18:30:36] [YFAdapter-P2] [INFO] [YF-P2] Decided: action_index=19, action=['ThreeWithTwo', '2', [['S', '2'], ['S', '2'], ['H', '2'], ['C', 'T'], ['C', 'T']]]
[18:30:36] [HybridV4-P2] [INFO] ✓ Decision complete: action=19 (score=245.0, layer=YF), candidates=7, time=0.006s
[18:30:36] [YFAdapter-P2] [INFO] [YF-P2] Decision context: myPos=2, curPos=0, greaterPos=3, teammate=0, curAction=[, actionList_size=1
[18:30:36] [YFAdapter-P2] [INFO] [YF-P2] Decided: action_index=0, action=['PASS', 'PASS', 'PASS']
[18:30:36] [HybridV4-P2] [INFO] ✓ Decision complete: action=0 (score=-5.0, layer=YF), candidates=1, time=0.003s
[18:30:36] [yf2_v4] [INFO] 游戏开始, 我是2号位，手牌：['D2', 'H3', 'H3', 'C3', 'C3', 'D3', 'C4', 'S5', 'H5', 'H6', 'H6', 'C6', 'D6', 'S7', 'C7', 'D7', 'H8', 'C8', 'HT', 'CJ', 'SQ', 'HQ', 'CQ', 'SA', 'HA', 'DA', 'DA']
[18:30:36] [YFAdapter-P2] [INFO] [YF-P2] Decision context: myPos=2, curPos=1, greaterPos=1, teammate=0, curAction=[, actionList_size=41
[18:30:36] [YFAdapter-P2] [INFO] [YF-P2] Decided: action_index=0, action=['PASS', 'PASS', 'PASS']
[18:30:36] [HybridV4-P2] [INFO] ✓ Decision complete: action=17 (score=142.5, layer=YF), candidates=8, time=0.003s
[18:30:36] [YFAdapter-P2] [INFO] [YF-P2] Decision context: myPos=2, curPos=1, greaterPos=1, teammate=0, curAction=[, actionList_size=13
[18:30:36] [YFAdapter-P2] [INFO] [YF-P2] Decided: action_index=0, action=['PASS', 'PASS', 'PASS']
[18:30:36] [HybridV4-P2] [INFO] ✓ Decision complete: action=6 (score=139.0, layer=YF), candidates=7, time=0.004s
[18:30:36] [YFAdapter-P2] [INFO] [YF-P2] Decision context: myPos=2, curPos=-1, greaterPos=-1, teammate=0, curAction=[, actionList_size=280
[18:30:36] [YFAdapter-P2] [INFO] [YF-P2] Decided: action_index=0, action=['Single', '2', [['D', '2']]]
[18:30:36] [HybridV4-P2] [INFO] ✓ Decision complete: action=0 (score=125.0, layer=YF), candidates=8, time=0.008s
[18:30:36] [YFAdapter-P2] [INFO] [YF-P2] Decision context: myPos=2, curPos=1, greaterPos=0, teammate=0, curAction=[, actionList_size=6
[18:30:36] [YFAdapter-P2] [INFO] [YF-P2] Decided: action_index=0, action=['PASS', 'PASS', 'PASS']
[18:30:36] [HybridV4-P2] [INFO] ✓ Decision complete: action=1 (score=102.0, layer=YF), candidates=6, time=0.004s
[18:30:36] [YFAdapter-P2] [INFO] [YF-P2] Decision context: myPos=2, curPos=1, greaterPos=3, teammate=0, curAction=[, actionList_size=1
[18:30:36] [YFAdapter-P2] [INFO] [YF-P2] Decided: action_index=0, action=['PASS', 'PASS', 'PASS']
[18:30:36] [HybridV4-P2] [INFO] ✓ Decision complete: action=0 (score=95.0, layer=YF), candidates=1, time=0.004s
[18:30:36] [YFAdapter-P2] [INFO] [YF-P2] Decision context: myPos=2, curPos=1, greaterPos=1, teammate=0, curAction=[, actionList_size=2
[18:30:36] [YFAdapter-P2] [INFO] [YF-P2] Decided: action_index=0, action=['PASS', 'PASS', 'PASS']
[18:30:36] [HybridV4-P2] [INFO] ✓ Decision complete: action=1 (score=132.0, layer=YF), candidates=2, time=0.004s
[18:30:36] [YFAdapter-P2] [INFO] [YF-P2] Decision context: myPos=2, curPos=1, greaterPos=0, teammate=0, curAction=[, actionList_size=1
[18:30:36] [YFAdapter-P2] [INFO] [YF-P2] Decided: action_index=0, action=['PASS', 'PASS', 'PASS']
[18:30:36] [HybridV4-P2] [INFO] ✓ Decision complete: action=0 (score=95.0, layer=YF), candidates=1, time=0.015s
[18:30:36] [YFAdapter-P2] [INFO] [YF-P2] Decision context: myPos=2, curPos=1, greaterPos=1, teammate=0, curAction=[, actionList_size=6
[18:30:36] [YFAdapter-P2] [INFO] [YF-P2] Decided: action_index=0, action=['PASS', 'PASS', 'PASS']
[18:30:36] [HybridV4-P2] [INFO] ✓ Decision complete: action=5 (score=142.5, layer=YF), candidates=6, time=0.007s
[18:30:36] [YFAdapter-P2] [INFO] [YF-P2] Decision context: myPos=2, curPos=1, greaterPos=1, teammate=0, curAction=[, actionList_size=1
[18:30:36] [YFAdapter-P2] [INFO] [YF-P2] Decided: action_index=0, action=['PASS', 'PASS', 'PASS']
[18:30:36] [HybridV4-P2] [INFO] ✓ Decision complete: action=0 (score=95.0, layer=YF), candidates=1, time=0.007s
[18:30:37] [YFAdapter-P2] [INFO] [YF-P2] Decision context: myPos=2, curPos=1, greaterPos=1, teammate=0, curAction=[, actionList_size=6
[18:30:37] [YFAdapter-P2] [INFO] [YF-P2] Decided: action_index=0, action=['PASS', 'PASS', 'PASS']
[18:30:37] [HybridV4-P2] [INFO] ✓ Decision complete: action=2 (score=135.5, layer=YF), candidates=6, time=0.007s
[18:30:37] [YFAdapter-P2] [INFO] [YF-P2] Decision context: myPos=2, curPos=1, greaterPos=0, teammate=0, curAction=[, actionList_size=1
[18:30:37] [YFAdapter-P2] [INFO] [YF-P2] Decided: action_index=0, action=['PASS', 'PASS', 'PASS']
[18:30:37] [HybridV4-P2] [INFO] ✓ Decision complete: action=0 (score=95.0, layer=YF), candidates=1, time=0.007s
[18:30:37] [YFAdapter-P2] [INFO] [YF-P2] Decision context: myPos=2, curPos=1, greaterPos=3, teammate=0, curAction=[, actionList_size=1
[18:30:37] [YFAdapter-P2] [INFO] [YF-P2] Decided: action_index=0, action=['PASS', 'PASS', 'PASS']
[18:30:37] [HybridV4-P2] [INFO] ✓ Decision complete: action=0 (score=95.0, layer=YF), candidates=1, time=0.002s
[18:30:37] [YFAdapter-P2] [INFO] [YF-P2] Decision context: myPos=2, curPos=1, greaterPos=0, teammate=0, curAction=[, actionList_size=2
[18:30:37] [YFAdapter-P2] [INFO] [YF-P2] Decided: action_index=0, action=['PASS', 'PASS', 'PASS']
[18:30:37] [HybridV4-P2] [INFO] ✓ Decision complete: action=1 (score=132.5, layer=YF), candidates=2, time=0.004s
[18:30:37] [YFAdapter-P2] [INFO] [YF-P2] Decision context: myPos=2, curPos=1, greaterPos=1, teammate=0, curAction=[, actionList_size=1
[18:30:37] [YFAdapter-P2] [INFO] [YF-P2] Decided: action_index=0, action=['PASS', 'PASS', 'PASS']
[18:30:37] [HybridV4-P2] [INFO] ✓ Decision complete: action=0 (score=95.0, layer=YF), candidates=1, time=0.002s
[18:30:37] [YFAdapter-P2] [INFO] [YF-P2] Decision context: myPos=2, curPos=1, greaterPos=1, teammate=0, curAction=[, actionList_size=3
[18:30:37] [YFAdapter-P2] [INFO] [YF-P2] Decided: action_index=0, action=['PASS', 'PASS', 'PASS']
[18:30:37] [HybridV4-P2] [INFO] ✓ Decision complete: action=2 (score=155.5, layer=YF), candidates=3, time=0.004s
[18:30:37] [YFAdapter-P2] [INFO] [YF-P2] Decision context: myPos=2, curPos=1, greaterPos=1, teammate=0, curAction=[, actionList_size=1
[18:30:37] [YFAdapter-P2] [INFO] [YF-P2] Decided: action_index=0, action=['PASS', 'PASS', 'PASS']
[18:30:37] [HybridV4-P2] [INFO] ✓ Decision complete: action=0 (score=95.0, layer=YF), candidates=1, time=0.002s
[18:30:37] [YFAdapter-P2] [INFO] [YF-P2] Decision context: myPos=2, curPos=1, greaterPos=1, teammate=0, curAction=[, actionList_size=1
[18:30:37] [YFAdapter-P2] [INFO] [YF-P2] Decided: action_index=0, action=['PASS', 'PASS', 'PASS']
[18:30:37] [HybridV4-P2] [INFO] ✓ Decision complete: action=0 (score=75.0, layer=YF), candidates=1, time=0.002s
[18:30:37] [YFAdapter-P2] [INFO] [YF-P2] Decision context: myPos=2, curPos=1, greaterPos=1, teammate=0, curAction=[, actionList_size=1
[18:30:37] [YFAdapter-P2] [INFO] [YF-P2] Decided: action_index=0, action=['PASS', 'PASS', 'PASS']
[18:30:37] [HybridV4-P2] [INFO] ✓ Decision complete: action=0 (score=55.0, layer=YF), candidates=1, time=0.004s
[18:30:37] [YFAdapter-P2] [INFO] [YF-P2] Decision context: myPos=2, curPos=1, greaterPos=1, teammate=0, curAction=[, actionList_size=3
[18:30:37] [YFAdapter-P2] [INFO] [YF-P2] Decided: action_index=0, action=['PASS', 'PASS', 'PASS']
[18:30:37] [YFAdapter-P2] [WARNING] [YF-P2] 检测到过于保守: 对手快走完(剩4张), 触发Layer 2/3进行更积极的决策
[18:30:37] [HybridV4-P2] [INFO] ✓ Decision complete: action=1 (score=85.6, layer=DecisionEngine), candidates=3, time=0.010s
[18:30:37] [YFAdapter-P2] [INFO] [YF-P2] Decision context: myPos=2, curPos=1, greaterPos=3, teammate=0, curAction=[, actionList_size=1
[18:30:37] [YFAdapter-P2] [INFO] [YF-P2] Decided: action_index=0, action=['PASS', 'PASS', 'PASS']
[18:30:37] [HybridV4-P2] [INFO] ✓ Decision complete: action=0 (score=125.0, layer=YF), candidates=1, time=0.008s
[18:30:37] [YFAdapter-P2] [INFO] [YF-P2] Decision context: myPos=2, curPos=1, greaterPos=3, teammate=0, curAction=[, actionList_size=1
[18:30:37] [YFAdapter-P2] [INFO] [YF-P2] Decided: action_index=0, action=['PASS', 'PASS', 'PASS']
[18:30:37] [HybridV4-P2] [INFO] ✓ Decision complete: action=0 (score=125.0, layer=YF), candidates=1, time=0.002s
[18:30:37] [YFAdapter-P2] [INFO] [YF-P2] Decision context: myPos=2, curPos=1, greaterPos=3, teammate=0, curAction=[, actionList_size=1
[18:30:37] [YFAdapter-P2] [INFO] [YF-P2] Decided: action_index=0, action=['PASS', 'PASS', 'PASS']
[18:30:37] [HybridV4-P2] [INFO] ✓ Decision complete: action=0 (score=125.0, layer=YF), candidates=1, time=0.007s
[18:30:37] [YFAdapter-P2] [INFO] [YF-P2] Decision context: myPos=2, curPos=1, greaterPos=1, teammate=0, curAction=[, actionList_size=1
[18:30:37] [YFAdapter-P2] [INFO] [YF-P2] Decided: action_index=0, action=['PASS', 'PASS', 'PASS']
[18:30:37] [HybridV4-P2] [INFO] ✓ Decision complete: action=0 (score=-5.0, layer=YF), candidates=1, time=0.002s
[18:30:37] [yf2_v4] [INFO] 游戏开始, 我是2号位，手牌：['S3', 'C3', 'C3', 'S4', 'S4', 'C4', 'S5', 'H5', 'S6', 'C6', 'S7', 'H8', 'S9', 'D9', 'HT', 'HJ', 'DJ', 'HQ', 'DQ', 'SK', 'SK', 'HK', 'CK', 'DK', 'H2', 'SB', 'HR']
[18:30:37] [YFAdapter-P2] [INFO] [YF-P2] Decision context: myPos=2, curPos=-1, greaterPos=-1, teammate=0, curAction=[, actionList_size=1009
[18:30:37] [YFAdapter-P2] [INFO] [YF-P2] Decided: action_index=0, action=['Single', '3', [['S', '3']]]
[18:30:37] [HybridV4-P2] [INFO] ✓ Decision complete: action=0 (score=110.0, layer=YF), candidates=8, time=0.022s
[18:30:37] [YFAdapter-P2] [INFO] [YF-P2] Decision context: myPos=2, curPos=1, greaterPos=1, teammate=0, curAction=[, actionList_size=24
[18:30:37] [YFAdapter-P2] [INFO] [YF-P2] Decided: action_index=0, action=['PASS', 'PASS', 'PASS']
[18:30:37] [HybridV4-P2] [INFO] ✓ Decision complete: action=1 (score=142.5, layer=YF), candidates=8, time=0.004s
[18:30:37] [YFAdapter-P2] [INFO] [YF-P2] Decision context: myPos=2, curPos=1, greaterPos=0, teammate=0, curAction=[, actionList_size=7
[18:30:37] [YFAdapter-P2] [INFO] [YF-P2] Decided: action_index=0, action=['PASS', 'PASS', 'PASS']
[18:30:37] [HybridV4-P2] [INFO] ✓ Decision complete: action=1 (score=109.0, layer=YF), candidates=6, time=0.004s
[18:30:37] [YFAdapter-P2] [INFO] [YF-P2] Decision context: myPos=2, curPos=-1, greaterPos=-1, teammate=0, curAction=[, actionList_size=85
[18:30:37] [YFAdapter-P2] [INFO] [YF-P2] Decided: action_index=65, action=['Straight', '7', [['S', '7'], ['H', '8'], ['S', '9'], ['H', 'T'], ['H', 'J']]]
[18:30:37] [HybridV4-P2] [INFO] ✓ Decision complete: action=65 (score=115.0, layer=YF), candidates=8, time=0.008s
[18:30:37] [YFAdapter-P2] [INFO] [YF-P2] Decision context: myPos=2, curPos=1, greaterPos=1, teammate=0, curAction=[, actionList_size=1
[18:30:37] [YFAdapter-P2] [INFO] [YF-P2] Decided: action_index=0, action=['PASS', 'PASS', 'PASS']
[18:30:37] [HybridV4-P2] [INFO] ✓ Decision complete: action=0 (score=95.0, layer=YF), candidates=1, time=0.003s
[18:30:37] [YFAdapter-P2] [INFO] [YF-P2] Decision context: myPos=2, curPos=1, greaterPos=1, teammate=0, curAction=[, actionList_size=11
[18:30:37] [YFAdapter-P2] [INFO] [YF-P2] Decided: action_index=0, action=['PASS', 'PASS', 'PASS']
[18:30:37] [HybridV4-P2] [INFO] ✓ Decision complete: action=10 (score=142.5, layer=YF), candidates=8, time=0.006s
[18:30:37] [YFAdapter-P2] [INFO] [YF-P2] Decision context: myPos=2, curPos=1, greaterPos=3, teammate=0, curAction=[, actionList_size=1
[18:30:37] [YFAdapter-P2] [INFO] [YF-P2] Decided: action_index=0, action=['PASS', 'PASS', 'PASS']
[18:30:37] [HybridV4-P2] [INFO] ✓ Decision complete: action=0 (score=95.0, layer=YF), candidates=1, time=0.006s
[18:30:37] [YFAdapter-P2] [INFO] [YF-P2] Decision context: myPos=2, curPos=1, greaterPos=1, teammate=0, curAction=[, actionList_size=1
[18:30:37] [YFAdapter-P2] [INFO] [YF-P2] Decided: action_index=0, action=['PASS', 'PASS', 'PASS']
[18:30:37] [HybridV4-P2] [INFO] ✓ Decision complete: action=0 (score=95.0, layer=YF), candidates=1, time=0.013s
[18:30:37] [YFAdapter-P2] [INFO] [YF-P2] Decision context: myPos=2, curPos=1, greaterPos=1, teammate=0, curAction=[, actionList_size=1
[18:30:37] [YFAdapter-P2] [INFO] [YF-P2] Decided: action_index=0, action=['PASS', 'PASS', 'PASS']
[18:30:37] [HybridV4-P2] [INFO] ✓ Decision complete: action=0 (score=95.0, layer=YF), candidates=1, time=0.003s
[18:30:37] [YFAdapter-P2] [INFO] [YF-P2] Decision context: myPos=2, curPos=1, greaterPos=1, teammate=0, curAction=[, actionList_size=1
[18:30:37] [YFAdapter-P2] [INFO] [YF-P2] Decided: action_index=0, action=['PASS', 'PASS', 'PASS']
[18:30:37] [HybridV4-P2] [INFO] ✓ Decision complete: action=0 (score=95.0, layer=YF), candidates=1, time=0.006s
[18:30:37] [YFAdapter-P2] [INFO] [YF-P2] Decision context: myPos=2, curPos=1, greaterPos=1, teammate=0, curAction=[, actionList_size=5
[18:30:37] [YFAdapter-P2] [INFO] [YF-P2] Decided: action_index=0, action=['PASS', 'PASS', 'PASS']
[18:30:37] [YFAdapter-P2] [WARNING] [YF-P2] 检测到过于保守: 对手快走完(剩5张), 触发Layer 2/3进行更积极的决策
[18:30:37] [HybridV4-P2] [INFO] ✓ Decision complete: action=1 (score=115.6, layer=DecisionEngine), candidates=5, time=0.004s
[18:30:37] [YFAdapter-P2] [INFO] [YF-P2] Decision context: myPos=2, curPos=1, greaterPos=3, teammate=0, curAction=[, actionList_size=1
[18:30:37] [YFAdapter-P2] [INFO] [YF-P2] Decided: action_index=0, action=['PASS', 'PASS', 'PASS']
[18:30:37] [HybridV4-P2] [INFO] ✓ Decision complete: action=0 (score=55.0, layer=YF), candidates=1, time=0.004s
[18:30:37] [YFAdapter-P2] [INFO] [YF-P2] Decision context: myPos=2, curPos=1, greaterPos=0, teammate=0, curAction=[, actionList_size=1
[18:30:37] [YFAdapter-P2] [INFO] [YF-P2] Decided: action_index=0, action=['PASS', 'PASS', 'PASS']
[18:30:37] [HybridV4-P2] [INFO] ✓ Decision complete: action=0 (score=55.0, layer=YF), candidates=1, time=0.003s
[18:30:37] [YFAdapter-P2] [INFO] [YF-P2] Decision context: myPos=2, curPos=1, greaterPos=3, teammate=0, curAction=[, actionList_size=1
[18:30:37] [YFAdapter-P2] [INFO] [YF-P2] Decided: action_index=0, action=['PASS', 'PASS', 'PASS']
[18:30:37] [HybridV4-P2] [INFO] ✓ Decision complete: action=0 (score=-5.0, layer=YF), candidates=1, time=0.004s
[18:30:37] [YFAdapter-P2] [INFO] [YF-P2] Decision context: myPos=2, curPos=1, greaterPos=1, teammate=0, curAction=[, actionList_size=1
[18:30:37] [YFAdapter-P2] [INFO] [YF-P2] Decided: action_index=0, action=['PASS', 'PASS', 'PASS']
[18:30:37] [HybridV4-P2] [INFO] ✓ Decision complete: action=0 (score=-5.0, layer=YF), candidates=1, time=0.003s
[18:30:37] [YFAdapter-P2] [INFO] [YF-P2] Decision context: myPos=2, curPos=1, greaterPos=1, teammate=0, curAction=[, actionList_size=1
[18:30:37] [YFAdapter-P2] [INFO] [YF-P2] Decided: action_index=0, action=['PASS', 'PASS', 'PASS']
[18:30:37] [HybridV4-P2] [INFO] ✓ Decision complete: action=0 (score=-5.0, layer=YF), candidates=1, time=0.002s
[18:30:38] [yf2_v4] [INFO] 游戏开始, 我是2号位，手牌：['C2', 'S3', 'C3', 'H4', 'S6', 'D6', 'C7', 'H8', 'C8', 'D8', 'S9', 'D9', 'ST', 'ST', 'DT', 'HJ', 'HQ', 'HQ', 'SK', 'SK', 'DK', 'SA', 'CA', 'H5', 'C5', 'C5', 'D5']
[18:30:38] [YFAdapter-P2] [INFO] [YF-P2] Decision context: myPos=2, curPos=1, greaterPos=1, teammate=0, curAction=[, actionList_size=5
[18:30:38] [YFAdapter-P2] [INFO] [YF-P2] Decided: action_index=0, action=['PASS', 'PASS', 'PASS']
[18:30:38] [HybridV4-P2] [INFO] ✓ Decision complete: action=3 (score=139.0, layer=YF), candidates=5, time=0.002s
[18:30:38] [YFAdapter-P2] [INFO] [YF-P2] Decision context: myPos=2, curPos=-1, greaterPos=-1, teammate=0, curAction=[, actionList_size=178
[18:30:38] [YFAdapter-P2] [INFO] [YF-P2] Decided: action_index=0, action=['Single', '2', [['C', '2']]]
[18:30:38] [HybridV4-P2] [INFO] ✓ Decision complete: action=0 (score=125.0, layer=YF), candidates=8, time=0.007s
[18:30:38] [YFAdapter-P2] [INFO] [YF-P2] Decision context: myPos=2, curPos=1, greaterPos=1, teammate=0, curAction=[, actionList_size=1
[18:30:38] [YFAdapter-P2] [INFO] [YF-P2] Decided: action_index=0, action=['PASS', 'PASS', 'PASS']
[18:30:38] [HybridV4-P2] [INFO] ✓ Decision complete: action=0 (score=95.0, layer=YF), candidates=1, time=0.002s
[18:30:38] [YFAdapter-P2] [INFO] [YF-P2] Decision context: myPos=2, curPos=1, greaterPos=0, teammate=0, curAction=[, actionList_size=1
[18:30:38] [YFAdapter-P2] [INFO] [YF-P2] Decided: action_index=0, action=['PASS', 'PASS', 'PASS']
[18:30:38] [HybridV4-P2] [INFO] ✓ Decision complete: action=0 (score=95.0, layer=YF), candidates=1, time=0.002s
[18:30:38] [YFAdapter-P2] [INFO] [YF-P2] Decision context: myPos=2, curPos=1, greaterPos=1, teammate=0, curAction=[, actionList_size=3
[18:30:38] [YFAdapter-P2] [INFO] [YF-P2] Decided: action_index=0, action=['PASS', 'PASS', 'PASS']
[18:30:38] [HybridV4-P2] [INFO] ✓ Decision complete: action=1 (score=132.0, layer=YF), candidates=3, time=0.003s
[18:30:38] [YFAdapter-P2] [INFO] [YF-P2] Decision context: myPos=2, curPos=1, greaterPos=1, teammate=0, curAction=[, actionList_size=1
[18:30:38] [YFAdapter-P2] [INFO] [YF-P2] Decided: action_index=0, action=['PASS', 'PASS', 'PASS']
[18:30:38] [HybridV4-P2] [INFO] ✓ Decision complete: action=0 (score=95.0, layer=YF), candidates=1, time=0.003s
[18:30:38] [YFAdapter-P2] [INFO] [YF-P2] Decision context: myPos=2, curPos=1, greaterPos=1, teammate=0, curAction=[, actionList_size=1
[18:30:38] [YFAdapter-P2] [INFO] [YF-P2] Decided: action_index=0, action=['PASS', 'PASS', 'PASS']
[18:30:38] [HybridV4-P2] [INFO] ✓ Decision complete: action=0 (score=95.0, layer=YF), candidates=1, time=0.004s
[18:30:38] [YFAdapter-P2] [INFO] [YF-P2] Decision context: myPos=2, curPos=1, greaterPos=1, teammate=0, curAction=[, actionList_size=14
[18:30:38] [YFAdapter-P2] [INFO] [YF-P2] Decided: action_index=0, action=['PASS', 'PASS', 'PASS']
[18:30:38] [HybridV4-P2] [INFO] ✓ Decision complete: action=10 (score=162.5, layer=YF), candidates=8, time=0.003s
[18:30:38] [YFAdapter-P2] [INFO] [YF-P2] Decision context: myPos=2, curPos=1, greaterPos=0, teammate=0, curAction=[, actionList_size=1
[18:30:38] [YFAdapter-P2] [INFO] [YF-P2] Decided: action_index=0, action=['PASS', 'PASS', 'PASS']
[18:30:38] [HybridV4-P2] [INFO] ✓ Decision complete: action=0 (score=95.0, layer=YF), candidates=1, time=0.002s
[18:30:38] [YFAdapter-P2] [INFO] [YF-P2] Decision context: myPos=2, curPos=1, greaterPos=1, teammate=0, curAction=[, actionList_size=10
[18:30:38] [YFAdapter-P2] [INFO] [YF-P2] Decided: action_index=0, action=['PASS', 'PASS', 'PASS']
[18:30:38] [HybridV4-P2] [INFO] ✓ Decision complete: action=7 (score=162.5, layer=YF), candidates=7, time=0.005s
[18:30:38] [YFAdapter-P2] [INFO] [YF-P2] Decision context: myPos=2, curPos=-1, greaterPos=-1, teammate=0, curAction=[, actionList_size=142
[18:30:38] [YFAdapter-P2] [INFO] [YF-P2] Decided: action_index=2, action=['Single', '4', [['H', '4']]]
[18:30:38] [HybridV4-P2] [INFO] ✓ Decision complete: action=2 (score=130.0, layer=YF), candidates=8, time=0.005s
[18:30:38] [YFAdapter-P2] [INFO] [YF-P2] Decision context: myPos=2, curPos=1, greaterPos=0, teammate=0, curAction=[, actionList_size=4
[18:30:38] [YFAdapter-P2] [INFO] [YF-P2] Decided: action_index=0, action=['PASS', 'PASS', 'PASS']
[18:30:38] [HybridV4-P2] [INFO] ✓ Decision complete: action=1 (score=129.0, layer=YF), candidates=4, time=0.016s
[18:30:38] [YFAdapter-P2] [INFO] [YF-P2] Decision context: myPos=2, curPos=1, greaterPos=3, teammate=0, curAction=[, actionList_size=3
[18:30:38] [YFAdapter-P2] [INFO] [YF-P2] Decided: action_index=0, action=['PASS', 'PASS', 'PASS']
[18:30:38] [HybridV4-P2] [INFO] ✓ Decision complete: action=1 (score=152.0, layer=YF), candidates=3, time=0.008s
[18:30:38] [YFAdapter-P2] [INFO] [YF-P2] Decision context: myPos=2, curPos=-1, greaterPos=-1, teammate=0, curAction=[, actionList_size=102
[18:30:38] [YFAdapter-P2] [INFO] [YF-P2] Decided: action_index=4, action=['Single', '7', [['C', '7']]]
[18:30:38] [HybridV4-P2] [INFO] ✓ Decision complete: action=4 (score=135.0, layer=YF), candidates=8, time=0.023s
[18:30:38] [YFAdapter-P2] [INFO] [YF-P2] Decision context: myPos=2, curPos=1, greaterPos=3, teammate=0, curAction=[, actionList_size=2
[18:30:38] [YFAdapter-P2] [INFO] [YF-P2] Decided: action_index=0, action=['PASS', 'PASS', 'PASS']
[18:30:38] [HybridV4-P2] [INFO] ✓ Decision complete: action=1 (score=152.0, layer=YF), candidates=2, time=0.005s
[18:30:38] [YFAdapter-P2] [INFO] [YF-P2] Decision context: myPos=2, curPos=-1, greaterPos=-1, teammate=0, curAction=[, actionList_size=52
[18:30:38] [YFAdapter-P2] [INFO] [YF-P2] Decided: action_index=29, action=['ThreeWithTwo', '8', [['H', '8'], ['C', '8'], ['D', '8'], ['S', '3'], ['C', '3']]]
[18:30:38] [HybridV4-P2] [INFO] ✓ Decision complete: action=29 (score=135.0, layer=YF), candidates=8, time=0.004s
[18:30:38] [YFAdapter-P2] [INFO] [YF-P2] Decision context: myPos=2, curPos=1, greaterPos=1, teammate=0, curAction=[, actionList_size=1
[18:30:38] [YFAdapter-P2] [INFO] [YF-P2] Decided: action_index=0, action=['PASS', 'PASS', 'PASS']
[18:30:38] [HybridV4-P2] [INFO] ✓ Decision complete: action=0 (score=95.0, layer=YF), candidates=1, time=0.008s
[18:30:38] [YFAdapter-P2] [INFO] [YF-P2] Decision context: myPos=2, curPos=1, greaterPos=1, teammate=0, curAction=[, actionList_size=5
[18:30:38] [YFAdapter-P2] [INFO] [YF-P2] Decided: action_index=0, action=['PASS', 'PASS', 'PASS']
[18:30:38] [HybridV4-P2] [INFO] ✓ Decision complete: action=2 (score=182.5, layer=YF), candidates=5, time=0.015s
[18:30:38] [YFAdapter-P2] [INFO] [YF-P2] Decision context: myPos=2, curPos=1, greaterPos=0, teammate=0, curAction=[, actionList_size=1
[18:30:38] [YFAdapter-P2] [INFO] [YF-P2] Decided: action_index=0, action=['PASS', 'PASS', 'PASS']
[18:30:38] [HybridV4-P2] [INFO] ✓ Decision complete: action=0 (score=75.0, layer=YF), candidates=1, time=0.003s
[18:30:38] [YFAdapter-P2] [INFO] [YF-P2] Decision context: myPos=2, curPos=1, greaterPos=1, teammate=0, curAction=[, actionList_size=3
[18:30:38] [YFAdapter-P2] [INFO] [YF-P2] Decided: action_index=0, action=['PASS', 'PASS', 'PASS']
[18:30:38] [YFAdapter-P2] [WARNING] [YF-P2] 检测到过于保守: 对手快走完(剩5张), 触发Layer 2/3进行更积极的决策
[18:30:38] [HybridV4-P2] [INFO] ✓ Decision complete: action=1 (score=135.6, layer=DecisionEngine), candidates=3, time=0.015s
[18:30:38] [YFAdapter-P2] [INFO] [YF-P2] Decision context: myPos=2, curPos=1, greaterPos=3, teammate=0, curAction=[, actionList_size=1
[18:30:38] [YFAdapter-P2] [INFO] [YF-P2] Decided: action_index=0, action=['PASS', 'PASS', 'PASS']
[18:30:38] [HybridV4-P2] [INFO] ✓ Decision complete: action=0 (score=55.0, layer=YF), candidates=1, time=0.003s
[18:30:38] [YFAdapter-P2] [INFO] [YF-P2] Decision context: myPos=2, curPos=1, greaterPos=0, teammate=0, curAction=[, actionList_size=6
[18:30:38] [YFAdapter-P2] [INFO] [YF-P2] Decided: action_index=0, action=['PASS', 'PASS', 'PASS']
[18:30:38] [YFAdapter-P2] [WARNING] [YF-P2] 检测到过于保守: 对手快走完(剩5张), 触发Layer 2/3进行更积极的决策
[18:30:38] [HybridV4-P2] [INFO] ✓ Decision complete: action=1 (score=85.6, layer=DecisionEngine), candidates=5, time=0.005s
[18:30:38] [YFAdapter-P2] [INFO] [YF-P2] Decision context: myPos=2, curPos=1, greaterPos=1, teammate=0, curAction=[, actionList_size=1
[18:30:38] [YFAdapter-P2] [INFO] [YF-P2] Decided: action_index=0, action=['PASS', 'PASS', 'PASS']
[18:30:38] [HybridV4-P2] [INFO] ✓ Decision complete: action=0 (score=125.0, layer=YF), candidates=1, time=0.002s
[18:30:38] [YFAdapter-P2] [INFO] [YF-P2] Decision context: myPos=2, curPos=1, greaterPos=1, teammate=0, curAction=[, actionList_size=1
[18:30:38] [YFAdapter-P2] [INFO] [YF-P2] Decided: action_index=0, action=['PASS', 'PASS', 'PASS']
[18:30:38] [HybridV4-P2] [INFO] ✓ Decision complete: action=0 (score=-5.0, layer=YF), candidates=1, time=0.002s
[18:30:38] [YFAdapter-P2] [INFO] [YF-P2] Decision context: myPos=2, curPos=1, greaterPos=3, teammate=0, curAction=[, actionList_size=1
[18:30:38] [YFAdapter-P2] [INFO] [YF-P2] Decided: action_index=0, action=['PASS', 'PASS', 'PASS']
[18:30:38] [HybridV4-P2] [INFO] ✓ Decision complete: action=0 (score=-5.0, layer=YF), candidates=1, time=0.012s
[18:30:38] [YFAdapter-P2] [INFO] [YF-P2] Decision context: myPos=2, curPos=1, greaterPos=1, teammate=0, curAction=[, actionList_size=1
[18:30:38] [YFAdapter-P2] [INFO] [YF-P2] Decided: action_index=0, action=['PASS', 'PASS', 'PASS']
[18:30:38] [HybridV4-P2] [INFO] ✓ Decision complete: action=0 (score=-5.0, layer=YF), candidates=1, time=0.015s
[18:30:38] [YFAdapter-P2] [INFO] [YF-P2] Decision context: myPos=2, curPos=1, greaterPos=1, teammate=0, curAction=[, actionList_size=1
[18:30:38] [YFAdapter-P2] [INFO] [YF-P2] Decided: action_index=0, action=['PASS', 'PASS', 'PASS']
[18:30:38] [HybridV4-P2] [INFO] ✓ Decision complete: action=0 (score=-5.0, layer=YF), candidates=1, time=0.016s
[18:30:38] [YFAdapter-P2] [INFO] [YF-P2] Decision context: myPos=2, curPos=0, greaterPos=0, teammate=0, curAction=[, actionList_size=1
[18:30:38] [YFAdapter-P2] [INFO] [YF-P2] Decided: action_index=0, action=['PASS', 'PASS', 'PASS']
[18:30:38] [HybridV4-P2] [INFO] ✓ Decision complete: action=0 (score=-5.0, layer=YF), candidates=1, time=0.002s
[18:30:38] [YFAdapter-P2] [INFO] [YF-P2] Decision context: myPos=2, curPos=0, greaterPos=3, teammate=0, curAction=[, actionList_size=1
[18:30:39] [YFAdapter-P2] [INFO] [YF-P2] Decided: action_index=0, action=['PASS', 'PASS', 'PASS']
[18:30:39] [HybridV4-P2] [INFO] ✓ Decision complete: action=0 (score=-5.0, layer=YF), candidates=1, time=0.005s
[18:30:39] [YFAdapter-P2] [INFO] [YF-P2] Decision context: myPos=2, curPos=0, greaterPos=3, teammate=0, curAction=[, actionList_size=4
[18:30:39] [YFAdapter-P2] [INFO] [YF-P2] Decided: action_index=0, action=['PASS', 'PASS', 'PASS']
[18:30:39] [YFAdapter-P2] [WARNING] [YF-P2] 检测到过于保守: 对手快走完(剩0张), 触发Layer 2/3进行更积极的决策
[18:30:39] [HybridV4-P2] [INFO] ✓ Decision complete: action=1 (score=130.6, layer=DecisionEngine), candidates=4, time=0.006s
[18:30:39] [YFAdapter-P2] [INFO] [YF-P2] Decision context: myPos=2, curPos=-1, greaterPos=-1, teammate=0, curAction=[, actionList_size=3
[18:30:39] [YFAdapter-P2] [INFO] [YF-P2] Decided: action_index=0, action=['Single', '6', [['D', '6']]]
[18:30:39] [YFAdapter-P2] [WARNING] [YF-P2] 检测到过于保守: 对手快走完(剩0张), 触发Layer 2/3进行更积极的决策
[18:30:39] [HybridV4-P2] [INFO] ✓ Decision complete: action=0 (score=100.6, layer=DecisionEngine), candidates=3, time=0.019s
[18:30:39] [YFAdapter-P2] [INFO] [YF-P2] Decision context: myPos=2, curPos=-1, greaterPos=-1, teammate=0, curAction=[, actionList_size=2
[18:30:39] [YFAdapter-P2] [INFO] [YF-P2] Decided: action_index=0, action=['Single', 'J', [['H', 'J']]]
[18:30:39] [YFAdapter-P2] [WARNING] [YF-P2] 检测到过于保守: 对手快走完(剩0张), 触发Layer 2/3进行更积极的决策
[18:30:39] [HybridV4-P2] [INFO] ✓ Decision complete: action=0 (score=100.6, layer=DecisionEngine), candidates=2, time=0.015s
[18:30:39] [YFAdapter-P2] [INFO] [YF-P2] Decision context: myPos=2, curPos=-1, greaterPos=-1, teammate=0, curAction=[, actionList_size=1
[18:30:39] [YFAdapter-P2] [INFO] [YF-P2] Decided: action_index=0, action=['Single', 'Q', [['H', 'Q']]]
[18:30:39] [HybridV4-P2] [INFO] ✓ Decision complete: action=0 (score=240.0, layer=YF), candidates=1, time=0.003s
[18:30:39] [yf2_v4] [INFO] 游戏开始, 我是2号位，手牌：['S2', 'S2', 'C2', 'D2', 'D2', 'S3', 'D3', 'D3', 'S5', 'D5', 'S6', 'S6', 'S8', 'C9', 'C9', 'CT', 'CT', 'HJ', 'CJ', 'DJ', 'SQ', 'DQ', 'SK', 'HK', 'DA', 'DA', 'S7']
[18:30:39] [YFAdapter-P2] [INFO] [YF-P2] Decision context: myPos=2, curPos=1, greaterPos=1, teammate=0, curAction=[, actionList_size=14
[18:30:39] [YFAdapter-P2] [INFO] [YF-P2] Decided: action_index=0, action=['PASS', 'PASS', 'PASS']
[18:30:39] [HybridV4-P2] [INFO] ✓ Decision complete: action=8 (score=142.5, layer=YF), candidates=7, time=0.003s
[18:30:39] [YFAdapter-P2] [INFO] [YF-P2] Decision context: myPos=2, curPos=1, greaterPos=1, teammate=0, curAction=[, actionList_size=2
[18:30:39] [YFAdapter-P2] [INFO] [YF-P2] Decided: action_index=0, action=['PASS', 'PASS', 'PASS']
[18:30:39] [HybridV4-P2] [INFO] ✓ Decision complete: action=1 (score=142.5, layer=YF), candidates=2, time=0.007s
[18:30:39] [YFAdapter-P2] [INFO] [YF-P2] Decision context: myPos=2, curPos=-1, greaterPos=-1, teammate=0, curAction=[, actionList_size=92
[18:30:39] [YFAdapter-P2] [INFO] [YF-P2] Decided: action_index=5, action=['Single', '8', [['S', '8']]]
[18:30:39] [HybridV4-P2] [INFO] ✓ Decision complete: action=5 (score=115.0, layer=YF), candidates=8, time=0.006s
[18:30:39] [YFAdapter-P2] [INFO] [YF-P2] Decision context: myPos=2, curPos=1, greaterPos=1, teammate=0, curAction=[, actionList_size=1
[18:30:39] [YFAdapter-P2] [INFO] [YF-P2] Decided: action_index=0, action=['PASS', 'PASS', 'PASS']
[18:30:39] [HybridV4-P2] [INFO] ✓ Decision complete: action=0 (score=95.0, layer=YF), candidates=1, time=0.003s
[18:30:39] [YFAdapter-P2] [INFO] [YF-P2] Decision context: myPos=2, curPos=1, greaterPos=1, teammate=0, curAction=[, actionList_size=10
[18:30:39] [YFAdapter-P2] [INFO] [YF-P2] Decided: action_index=0, action=['PASS', 'PASS', 'PASS']
[18:30:39] [HybridV4-P2] [INFO] ✓ Decision complete: action=5 (score=139.0, layer=YF), candidates=7, time=0.003s
[18:30:39] [YFAdapter-P2] [INFO] [YF-P2] Decision context: myPos=2, curPos=1, greaterPos=0, teammate=0, curAction=[, actionList_size=1
[18:30:39] [YFAdapter-P2] [INFO] [YF-P2] Decided: action_index=0, action=['PASS', 'PASS', 'PASS']
[18:30:39] [HybridV4-P2] [INFO] ✓ Decision complete: action=0 (score=95.0, layer=YF), candidates=1, time=0.008s
[18:30:39] [YFAdapter-P2] [INFO] [YF-P2] Decision context: myPos=2, curPos=1, greaterPos=1, teammate=0, curAction=[, actionList_size=7
[18:30:39] [YFAdapter-P2] [INFO] [YF-P2] Decided: action_index=0, action=['PASS', 'PASS', 'PASS']
[18:30:39] [HybridV4-P2] [INFO] ✓ Decision complete: action=5 (score=162.5, layer=YF), candidates=6, time=0.004s
[18:30:39] [YFAdapter-P2] [INFO] [YF-P2] Decision context: myPos=2, curPos=1, greaterPos=3, teammate=0, curAction=[, actionList_size=1
[18:30:39] [YFAdapter-P2] [INFO] [YF-P2] Decided: action_index=0, action=['PASS', 'PASS', 'PASS']
[18:30:39] [HybridV4-P2] [INFO] ✓ Decision complete: action=0 (score=95.0, layer=YF), candidates=1, time=0.008s
[18:30:39] [YFAdapter-P2] [INFO] [YF-P2] Decision context: myPos=2, curPos=1, greaterPos=1, teammate=0, curAction=[, actionList_size=2
[18:30:39] [YFAdapter-P2] [INFO] [YF-P2] Decided: action_index=0, action=['PASS', 'PASS', 'PASS']
[18:30:39] [HybridV4-P2] [INFO] ✓ Decision complete: action=1 (score=155.5, layer=YF), candidates=2, time=0.011s
[18:30:39] [YFAdapter-P2] [INFO] [YF-P2] Decision context: myPos=2, curPos=1, greaterPos=3, teammate=0, curAction=[, actionList_size=1
[18:30:39] [YFAdapter-P2] [INFO] [YF-P2] Decided: action_index=0, action=['PASS', 'PASS', 'PASS']
[18:30:39] [HybridV4-P2] [INFO] ✓ Decision complete: action=0 (score=95.0, layer=YF), candidates=1, time=0.003s
[18:30:39] [YFAdapter-P2] [INFO] [YF-P2] Decision context: myPos=2, curPos=1, greaterPos=3, teammate=0, curAction=[, actionList_size=5
[18:30:39] [YFAdapter-P2] [INFO] [YF-P2] Decided: action_index=0, action=['PASS', 'PASS', 'PASS']
[18:30:39] [HybridV4-P2] [INFO] ✓ Decision complete: action=1 (score=155.5, layer=YF), candidates=5, time=0.004s
[18:30:39] [YFAdapter-P2] [INFO] [YF-P2] Decision context: myPos=2, curPos=1, greaterPos=1, teammate=0, curAction=[, actionList_size=1
[18:30:39] [YFAdapter-P2] [INFO] [YF-P2] Decided: action_index=0, action=['PASS', 'PASS', 'PASS']
[18:30:39] [HybridV4-P2] [INFO] ✓ Decision complete: action=0 (score=95.0, layer=YF), candidates=1, time=0.007s
[18:30:39] [YFAdapter-P2] [INFO] [YF-P2] Decision context: myPos=2, curPos=1, greaterPos=1, teammate=0, curAction=[, actionList_size=5
[18:30:39] [YFAdapter-P2] [INFO] [YF-P2] Decided: action_index=0, action=['PASS', 'PASS', 'PASS']
[18:30:39] [HybridV4-P2] [INFO] ✓ Decision complete: action=1 (score=179.0, layer=YF), candidates=5, time=0.005s
[18:30:39] [YFAdapter-P2] [INFO] [YF-P2] Decision context: myPos=2, curPos=1, greaterPos=1, teammate=0, curAction=[, actionList_size=1
[18:30:39] [YFAdapter-P2] [INFO] [YF-P2] Decided: action_index=0, action=['PASS', 'PASS', 'PASS']
[18:30:39] [HybridV4-P2] [INFO] ✓ Decision complete: action=0 (score=75.0, layer=YF), candidates=1, time=0.002s
[18:30:39] [YFAdapter-P2] [INFO] [YF-P2] Decision context: myPos=2, curPos=1, greaterPos=1, teammate=0, curAction=[, actionList_size=1
[18:30:39] [YFAdapter-P2] [INFO] [YF-P2] Decided: action_index=0, action=['PASS', 'PASS', 'PASS']
[18:30:39] [HybridV4-P2] [INFO] ✓ Decision complete: action=0 (score=-5.0, layer=YF), candidates=1, time=0.002s
[18:30:39] [YFAdapter-P2] [INFO] [YF-P2] Decision context: myPos=2, curPos=1, greaterPos=0, teammate=0, curAction=[, actionList_size=1
[18:30:39] [YFAdapter-P2] [INFO] [YF-P2] Decided: action_index=0, action=['PASS', 'PASS', 'PASS']
[18:30:39] [HybridV4-P2] [INFO] ✓ Decision complete: action=0 (score=-5.0, layer=YF), candidates=1, time=0.004s
[18:30:39] [YFAdapter-P2] [INFO] [YF-P2] Decision context: myPos=2, curPos=1, greaterPos=3, teammate=0, curAction=[, actionList_size=1
[18:30:39] [YFAdapter-P2] [INFO] [YF-P2] Decided: action_index=0, action=['PASS', 'PASS', 'PASS']
[18:30:39] [HybridV4-P2] [INFO] ✓ Decision complete: action=0 (score=-5.0, layer=YF), candidates=1, time=0.003s
[18:30:39] [YFAdapter-P2] [INFO] [YF-P2] Decision context: myPos=2, curPos=1, greaterPos=3, teammate=0, curAction=[, actionList_size=1
[18:30:39] [YFAdapter-P2] [INFO] [YF-P2] Decided: action_index=0, action=['PASS', 'PASS', 'PASS']
[18:30:39] [HybridV4-P2] [INFO] ✓ Decision complete: action=0 (score=-5.0, layer=YF), candidates=1, time=0.004s
[18:30:39] [YFAdapter-P2] [INFO] [YF-P2] Decision context: myPos=2, curPos=1, greaterPos=1, teammate=0, curAction=[, actionList_size=1
[18:30:39] [YFAdapter-P2] [INFO] [YF-P2] Decided: action_index=0, action=['PASS', 'PASS', 'PASS']
[18:30:39] [HybridV4-P2] [INFO] ✓ Decision complete: action=0 (score=-5.0, layer=YF), candidates=1, time=0.003s
[18:30:39] [YFAdapter-P2] [INFO] [YF-P2] Decision context: myPos=2, curPos=1, greaterPos=1, teammate=0, curAction=[, actionList_size=1
[18:30:39] [YFAdapter-P2] [INFO] [YF-P2] Decided: action_index=0, action=['PASS', 'PASS', 'PASS']
[18:30:39] [HybridV4-P2] [INFO] ✓ Decision complete: action=0 (score=-5.0, layer=YF), candidates=1, time=0.004s
[18:30:39] [yf2_v4] [INFO] 游戏开始, 我是2号位，手牌：['H2', 'H2', 'D2', 'S3', 'H3', 'D3', 'S5', 'D5', 'H6', 'H6', 'H7', 'H7', 'D8', 'D8', 'D9', 'SJ', 'HJ', 'CJ', 'CK', 'DK', 'CA', 'DA', 'ST', 'DT', 'DT', 'SB', 'HR']
[18:30:39] [YFAdapter-P2] [INFO] [YF-P2] Decision context: myPos=2, curPos=-1, greaterPos=-1, teammate=0, curAction=[, actionList_size=1
[18:30:39] [YFAdapter-P2] [INFO] [YF-P2] Decided: action_index=0, action=['tribute', 'tribute', [['H', 'R']]]
[18:30:39] [HybridV4-P2] [INFO] ✓ Decision complete: action=0 (score=110.0, layer=YF), candidates=1, time=0.004s
[18:30:39] [YFAdapter-P2] [INFO] [YF-P2] Decision context: myPos=2, curPos=-1, greaterPos=-1, teammate=0, curAction=[, actionList_size=143
[18:30:39] [YFAdapter-P2] [INFO] [YF-P2] Decided: action_index=0, action=['Single', '2', [['H', '2']]]
[18:30:39] [HybridV4-P2] [INFO] ✓ Decision complete: action=0 (score=125.0, layer=YF), candidates=8, time=0.012s
[18:30:39] [YFAdapter-P2] [INFO] [YF-P2] Decision context: myPos=2, curPos=1, greaterPos=1, teammate=0, curAction=[, actionList_size=6
[18:30:39] [YFAdapter-P2] [INFO] [YF-P2] Decided: action_index=0, action=['PASS', 'PASS', 'PASS']
[18:30:39] [HybridV4-P2] [INFO] ✓ Decision complete: action=1 (score=142.5, layer=YF), candidates=6, time=0.005s
[18:30:39] [YFAdapter-P2] [INFO] [YF-P2] Decision context: myPos=2, curPos=1, greaterPos=0, teammate=0, curAction=[, actionList_size=1
[18:30:39] [YFAdapter-P2] [INFO] [YF-P2] Decided: action_index=0, action=['PASS', 'PASS', 'PASS']
[18:30:39] [HybridV4-P2] [INFO] ✓ Decision complete: action=0 (score=95.0, layer=YF), candidates=1, time=0.003s
[18:30:40] [YFAdapter-P2] [INFO] [YF-P2] Decision context: myPos=2, curPos=1, greaterPos=1, teammate=0, curAction=[, actionList_size=17
[18:30:40] [YFAdapter-P2] [INFO] [YF-P2] Decided: action_index=0, action=['PASS', 'PASS', 'PASS']
[18:30:40] [HybridV4-P2] [INFO] ✓ Decision complete: action=13 (score=142.5, layer=YF), candidates=8, time=0.006s
[18:30:40] [YFAdapter-P2] [INFO] [YF-P2] Decision context: myPos=2, curPos=1, greaterPos=0, teammate=0, curAction=[, actionList_size=1
[18:30:40] [YFAdapter-P2] [INFO] [YF-P2] Decided: action_index=0, action=['PASS', 'PASS', 'PASS']
[18:30:40] [HybridV4-P2] [INFO] ✓ Decision complete: action=0 (score=95.0, layer=YF), candidates=1, time=0.002s
[18:30:40] [YFAdapter-P2] [INFO] [YF-P2] Decision context: myPos=2, curPos=1, greaterPos=3, teammate=0, curAction=[, actionList_size=1
[18:30:40] [YFAdapter-P2] [INFO] [YF-P2] Decided: action_index=0, action=['PASS', 'PASS', 'PASS']
[18:30:40] [HybridV4-P2] [INFO] ✓ Decision complete: action=0 (score=95.0, layer=YF), candidates=1, time=0.002s
[18:30:40] [YFAdapter-P2] [INFO] [YF-P2] Decision context: myPos=2, curPos=1, greaterPos=1, teammate=0, curAction=[, actionList_size=2
[18:30:40] [YFAdapter-P2] [INFO] [YF-P2] Decided: action_index=0, action=['PASS', 'PASS', 'PASS']
[18:30:40] [HybridV4-P2] [INFO] ✓ Decision complete: action=1 (score=142.5, layer=YF), candidates=2, time=0.009s
[18:30:40] [YFAdapter-P2] [INFO] [YF-P2] Decision context: myPos=2, curPos=1, greaterPos=0, teammate=0, curAction=[, actionList_size=1
[18:30:40] [YFAdapter-P2] [INFO] [YF-P2] Decided: action_index=0, action=['PASS', 'PASS', 'PASS']
[18:30:40] [HybridV4-P2] [INFO] ✓ Decision complete: action=0 (score=95.0, layer=YF), candidates=1, time=0.007s
[18:30:40] [YFAdapter-P2] [INFO] [YF-P2] Decision context: myPos=2, curPos=1, greaterPos=1, teammate=0, curAction=[, actionList_size=10
[18:30:40] [YFAdapter-P2] [INFO] [YF-P2] Decided: action_index=0, action=['PASS', 'PASS', 'PASS']
[18:30:40] [HybridV4-P2] [INFO] ✓ Decision complete: action=3 (score=139.0, layer=YF), candidates=6, time=0.003s
[18:30:40] [YFAdapter-P2] [INFO] [YF-P2] Decision context: myPos=2, curPos=1, greaterPos=1, teammate=0, curAction=[, actionList_size=1
[18:30:40] [YFAdapter-P2] [INFO] [YF-P2] Decided: action_index=0, action=['PASS', 'PASS', 'PASS']
[18:30:40] [HybridV4-P2] [INFO] ✓ Decision complete: action=0 (score=95.0, layer=YF), candidates=1, time=0.002s
[18:30:40] [YFAdapter-P2] [INFO] [YF-P2] Decision context: myPos=2, curPos=1, greaterPos=1, teammate=0, curAction=[, actionList_size=17
[18:30:40] [YFAdapter-P2] [INFO] [YF-P2] Decided: action_index=0, action=['PASS', 'PASS', 'PASS']
[18:30:40] [HybridV4-P2] [INFO] ✓ Decision complete: action=11 (score=139.0, layer=YF), candidates=8, time=0.004s
[18:30:40] [YFAdapter-P2] [INFO] [YF-P2] Decision context: myPos=2, curPos=1, greaterPos=3, teammate=0, curAction=[, actionList_size=3
[18:30:40] [YFAdapter-P2] [INFO] [YF-P2] Decided: action_index=0, action=['PASS', 'PASS', 'PASS']
[18:30:40] [HybridV4-P2] [INFO] ✓ Decision complete: action=1 (score=135.5, layer=YF), candidates=3, time=0.005s
[18:30:40] [YFAdapter-P2] [INFO] [YF-P2] Decision context: myPos=2, curPos=1, greaterPos=1, teammate=0, curAction=[, actionList_size=1
[18:30:40] [YFAdapter-P2] [INFO] [YF-P2] Decided: action_index=0, action=['PASS', 'PASS', 'PASS']
[18:30:40] [HybridV4-P2] [INFO] ✓ Decision complete: action=0 (score=95.0, layer=YF), candidates=1, time=0.004s
[18:30:40] [YFAdapter-P2] [INFO] [YF-P2] Decision context: myPos=2, curPos=1, greaterPos=1, teammate=0, curAction=[, actionList_size=1
[18:30:40] [YFAdapter-P2] [INFO] [YF-P2] Decided: action_index=0, action=['PASS', 'PASS', 'PASS']
[18:30:40] [HybridV4-P2] [INFO] ✓ Decision complete: action=0 (score=95.0, layer=YF), candidates=1, time=0.005s
[18:30:40] [YFAdapter-P2] [INFO] [YF-P2] Decision context: myPos=2, curPos=1, greaterPos=1, teammate=0, curAction=[, actionList_size=1
[18:30:40] [YFAdapter-P2] [INFO] [YF-P2] Decided: action_index=0, action=['PASS', 'PASS', 'PASS']
[18:30:40] [HybridV4-P2] [INFO] ✓ Decision complete: action=0 (score=95.0, layer=YF), candidates=1, time=0.012s
[18:30:40] [YFAdapter-P2] [INFO] [YF-P2] Decision context: myPos=2, curPos=1, greaterPos=1, teammate=0, curAction=[, actionList_size=4
[18:30:40] [YFAdapter-P2] [INFO] [YF-P2] Decided: action_index=0, action=['PASS', 'PASS', 'PASS']
[18:30:40] [HybridV4-P2] [INFO] ✓ Decision complete: action=1 (score=166.0, layer=YF), candidates=4, time=0.004s
[18:30:40] [YFAdapter-P2] [INFO] [YF-P2] Decision context: myPos=2, curPos=1, greaterPos=1, teammate=0, curAction=[, actionList_size=1
[18:30:40] [YFAdapter-P2] [INFO] [YF-P2] Decided: action_index=0, action=['PASS', 'PASS', 'PASS']
[18:30:40] [HybridV4-P2] [INFO] ✓ Decision complete: action=0 (score=75.0, layer=YF), candidates=1, time=0.003s
[18:30:40] [YFAdapter-P2] [INFO] [YF-P2] Decision context: myPos=2, curPos=1, greaterPos=1, teammate=0, curAction=[, actionList_size=11
[18:30:40] [YFAdapter-P2] [INFO] [YF-P2] Decided: action_index=0, action=['PASS', 'PASS', 'PASS']
[18:30:40] [HybridV4-P2] [INFO] ✓ Decision complete: action=8 (score=186.0, layer=YF), candidates=8, time=0.004s
[18:30:40] [YFAdapter-P2] [INFO] [YF-P2] Decision context: myPos=2, curPos=1, greaterPos=3, teammate=0, curAction=[, actionList_size=2
[18:30:40] [YFAdapter-P2] [INFO] [YF-P2] Decided: action_index=0, action=['PASS', 'PASS', 'PASS']
[18:30:40] [HybridV4-P2] [INFO] ✓ Decision complete: action=1 (score=182.5, layer=YF), candidates=2, time=0.003s
[18:30:40] [YFAdapter-P2] [INFO] [YF-P2] Decision context: myPos=2, curPos=-1, greaterPos=-1, teammate=0, curAction=[, actionList_size=48
[18:30:40] [YFAdapter-P2] [INFO] [YF-P2] Decided: action_index=29, action=['ThreePair', '6', [['H', '6'], ['H', '6'], ['H', '7'], ['H', '7'], ['D', '8'], ['D', '8']]]
[18:30:40] [HybridV4-P2] [INFO] ✓ Decision complete: action=29 (score=160.0, layer=YF), candidates=6, time=0.004s
[18:30:40] [YFAdapter-P2] [INFO] [YF-P2] Decision context: myPos=2, curPos=1, greaterPos=3, teammate=0, curAction=[, actionList_size=1
[18:30:40] [YFAdapter-P2] [INFO] [YF-P2] Decided: action_index=0, action=['PASS', 'PASS', 'PASS']
[18:30:40] [HybridV4-P2] [INFO] ✓ Decision complete: action=0 (score=75.0, layer=YF), candidates=1, time=0.002s
[18:30:40] [YFAdapter-P2] [INFO] [YF-P2] Decision context: myPos=2, curPos=1, greaterPos=1, teammate=0, curAction=[, actionList_size=1
[18:30:40] [YFAdapter-P2] [INFO] [YF-P2] Decided: action_index=0, action=['PASS', 'PASS', 'PASS']
[18:30:40] [HybridV4-P2] [INFO] ✓ Decision complete: action=0 (score=-5.0, layer=YF), candidates=1, time=0.003s
[18:30:40] [YFAdapter-P2] [INFO] [YF-P2] Decision context: myPos=2, curPos=1, greaterPos=1, teammate=0, curAction=[, actionList_size=2
[18:30:40] [YFAdapter-P2] [INFO] [YF-P2] Decided: action_index=0, action=['PASS', 'PASS', 'PASS']
[18:30:40] [YFAdapter-P2] [WARNING] [YF-P2] 检测到过于保守: 对手快走完(剩0张), 触发Layer 2/3进行更积极的决策
[18:30:40] [HybridV4-P2] [INFO] ✓ Decision complete: action=1 (score=155.6, layer=DecisionEngine), candidates=2, time=0.004s
[18:30:40] [YFAdapter-P2] [INFO] [YF-P2] Decision context: myPos=2, curPos=-1, greaterPos=-1, teammate=0, curAction=[, actionList_size=14
[18:30:40] [YFAdapter-P2] [INFO] [YF-P2] Decided: action_index=13, action=['ThreeWithTwo', '3', [['S', '3'], ['H', '3'], ['D', '3'], ['H', '2'], ['D', '2']]]
[18:30:40] [HybridV4-P2] [INFO] ✓ Decision complete: action=13 (score=230.0, layer=YF), candidates=7, time=0.015s
[18:30:40] [YFAdapter-P2] [INFO] [YF-P2] Decision context: myPos=2, curPos=-1, greaterPos=-1, teammate=0, curAction=[, actionList_size=3
[18:30:40] [YFAdapter-P2] [INFO] [YF-P2] Decided: action_index=0, action=['Single', '9', [['D', '9']]]
[18:30:40] [YFAdapter-P2] [WARNING] [YF-P2] 检测到过于保守: 对手快走完(剩0张), 触发Layer 2/3进行更积极的决策
[18:30:40] [HybridV4-P2] [INFO] ✓ Decision complete: action=0 (score=100.6, layer=DecisionEngine), candidates=3, time=0.010s
[18:30:40] [YFAdapter-P2] [INFO] [YF-P2] Decision context: myPos=2, curPos=0, greaterPos=3, teammate=0, curAction=[, actionList_size=3
[18:30:40] [YFAdapter-P2] [INFO] [YF-P2] Decided: action_index=0, action=['PASS', 'PASS', 'PASS']
[18:30:40] [YFAdapter-P2] [WARNING] [YF-P2] 检测到过于保守: 对手快走完(剩0张), 触发Layer 2/3进行更积极的决策
[18:30:40] [HybridV4-P2] [INFO] ✓ Decision complete: action=1 (score=130.6, layer=DecisionEngine), candidates=3, time=0.005s
[18:30:40] [YFAdapter-P2] [INFO] [YF-P2] Decision context: myPos=2, curPos=-1, greaterPos=-1, teammate=0, curAction=[, actionList_size=1
[18:30:40] [YFAdapter-P2] [INFO] [YF-P2] Decided: action_index=0, action=['Single', 'T', [['D', 'T']]]
[18:30:40] [HybridV4-P2] [INFO] ✓ Decision complete: action=0 (score=235.0, layer=YF), candidates=1, time=0.007s
[18:30:40] [yf2_v4] [INFO] 游戏开始, 我是2号位，手牌：['S2', 'S2', 'C2', 'D2', 'C3', 'C3', 'D3', 'H4', 'H5', 'H5', 'D5', 'S6', 'C6', 'C6', 'D6', 'S9', 'C9', 'HT', 'SJ', 'DJ', 'SK', 'DK', 'DK', 'HA', 'CA', 'HQ', 'HQ']
[18:30:40] [YFAdapter-P2] [INFO] [YF-P2] Decision context: myPos=2, curPos=1, greaterPos=1, teammate=0, curAction=[, actionList_size=51
[18:30:40] [YFAdapter-P2] [INFO] [YF-P2] Decided: action_index=0, action=['PASS', 'PASS', 'PASS']
[18:30:40] [HybridV4-P2] [INFO] ✓ Decision complete: action=6 (score=142.5, layer=YF), candidates=8, time=0.004s
[18:30:40] [YFAdapter-P2] [INFO] [YF-P2] Decision context: myPos=2, curPos=1, greaterPos=0, teammate=0, curAction=[, actionList_size=30
[18:30:40] [YFAdapter-P2] [INFO] [YF-P2] Decided: action_index=0, action=['PASS', 'PASS', 'PASS']
[18:30:40] [HybridV4-P2] [INFO] ✓ Decision complete: action=17 (score=112.5, layer=YF), candidates=8, time=0.003s
[18:30:40] [YFAdapter-P2] [INFO] [YF-P2] Decision context: myPos=2, curPos=-1, greaterPos=-1, teammate=0, curAction=[, actionList_size=373
[18:30:40] [YFAdapter-P2] [INFO] [YF-P2] Decided: action_index=2, action=['Single', '4', [['H', '4']]]
[18:30:40] [HybridV4-P2] [INFO] ✓ Decision complete: action=2 (score=110.0, layer=YF), candidates=8, time=0.007s
[18:30:40] [YFAdapter-P2] [INFO] [YF-P2] Decision context: myPos=2, curPos=1, greaterPos=1, teammate=0, curAction=[, actionList_size=9
[18:30:40] [YFAdapter-P2] [INFO] [YF-P2] Decided: action_index=0, action=['PASS', 'PASS', 'PASS']
[18:30:40] [HybridV4-P2] [INFO] ✓ Decision complete: action=7 (score=139.0, layer=YF), candidates=7, time=0.003s
[18:30:41] [YFAdapter-P2] [INFO] [YF-P2] Decision context: myPos=2, curPos=-1, greaterPos=-1, teammate=0, curAction=[, actionList_size=63
[18:30:41] [YFAdapter-P2] [INFO] [YF-P2] Decided: action_index=34, action=['ThreeWithTwo', '3', [['C', '3'], ['C', '3'], ['D', '3'], ['S', '9'], ['C', '9']]]
[18:30:41] [HybridV4-P2] [INFO] ✓ Decision complete: action=34 (score=110.0, layer=YF), candidates=8, time=0.004s
[18:30:41] [YFAdapter-P2] [INFO] [YF-P2] Decision context: myPos=2, curPos=1, greaterPos=0, teammate=0, curAction=[, actionList_size=2
[18:30:41] [YFAdapter-P2] [INFO] [YF-P2] Decided: action_index=0, action=['PASS', 'PASS', 'PASS']
[18:30:41] [HybridV4-P2] [INFO] ✓ Decision complete: action=1 (score=102.0, layer=YF), candidates=2, time=0.003s
[18:30:41] [YFAdapter-P2] [INFO] [YF-P2] Decision context: myPos=2, curPos=1, greaterPos=1, teammate=0, curAction=[, actionList_size=1
[18:30:41] [YFAdapter-P2] [INFO] [YF-P2] Decided: action_index=0, action=['PASS', 'PASS', 'PASS']
[18:30:41] [HybridV4-P2] [INFO] ✓ Decision complete: action=0 (score=95.0, layer=YF), candidates=1, time=0.003s
[18:30:41] [YFAdapter-P2] [INFO] [YF-P2] Decision context: myPos=2, curPos=1, greaterPos=1, teammate=0, curAction=[, actionList_size=1
[18:30:41] [YFAdapter-P2] [INFO] [YF-P2] Decided: action_index=0, action=['PASS', 'PASS', 'PASS']
[18:30:41] [HybridV4-P2] [INFO] ✓ Decision complete: action=0 (score=95.0, layer=YF), candidates=1, time=0.002s
[18:30:41] [YFAdapter-P2] [INFO] [YF-P2] Decision context: myPos=2, curPos=1, greaterPos=3, teammate=0, curAction=[, actionList_size=1
[18:30:41] [YFAdapter-P2] [INFO] [YF-P2] Decided: action_index=0, action=['PASS', 'PASS', 'PASS']
[18:30:41] [HybridV4-P2] [INFO] ✓ Decision complete: action=0 (score=95.0, layer=YF), candidates=1, time=0.002s
[18:30:41] [YFAdapter-P2] [INFO] [YF-P2] Decision context: myPos=2, curPos=1, greaterPos=1, teammate=0, curAction=[, actionList_size=1
[18:30:41] [YFAdapter-P2] [INFO] [YF-P2] Decided: action_index=0, action=['PASS', 'PASS', 'PASS']
[18:30:41] [HybridV4-P2] [INFO] ✓ Decision complete: action=0 (score=95.0, layer=YF), candidates=1, time=0.015s
[18:30:41] [YFAdapter-P2] [INFO] [YF-P2] Decision context: myPos=2, curPos=1, greaterPos=1, teammate=0, curAction=[, actionList_size=2
[18:30:41] [YFAdapter-P2] [INFO] [YF-P2] Decided: action_index=0, action=['PASS', 'PASS', 'PASS']
[18:30:41] [HybridV4-P2] [INFO] ✓ Decision complete: action=1 (score=159.0, layer=YF), candidates=2, time=0.004s
[18:30:41] [YFAdapter-P2] [INFO] [YF-P2] Decision context: myPos=2, curPos=1, greaterPos=3, teammate=0, curAction=[, actionList_size=1
[18:30:41] [YFAdapter-P2] [INFO] [YF-P2] Decided: action_index=0, action=['PASS', 'PASS', 'PASS']
[18:30:41] [HybridV4-P2] [INFO] ✓ Decision complete: action=0 (score=95.0, layer=YF), candidates=1, time=0.005s
[18:30:41] [YFAdapter-P2] [INFO] [YF-P2] Decision context: myPos=2, curPos=1, greaterPos=0, teammate=0, curAction=[, actionList_size=1
[18:30:41] [YFAdapter-P2] [INFO] [YF-P2] Decided: action_index=0, action=['PASS', 'PASS', 'PASS']
[18:30:41] [HybridV4-P2] [INFO] ✓ Decision complete: action=0 (score=75.0, layer=YF), candidates=1, time=0.003s
[18:30:41] [YFAdapter-P2] [INFO] [YF-P2] Decision context: myPos=2, curPos=1, greaterPos=1, teammate=0, curAction=[, actionList_size=1
[18:30:41] [YFAdapter-P2] [INFO] [YF-P2] Decided: action_index=0, action=['PASS', 'PASS', 'PASS']
[18:30:41] [HybridV4-P2] [INFO] ✓ Decision complete: action=0 (score=75.0, layer=YF), candidates=1, time=0.003s
[18:30:41] [YFAdapter-P2] [INFO] [YF-P2] Decision context: myPos=2, curPos=1, greaterPos=1, teammate=0, curAction=[, actionList_size=1
[18:30:41] [YFAdapter-P2] [INFO] [YF-P2] Decided: action_index=0, action=['PASS', 'PASS', 'PASS']
[18:30:41] [HybridV4-P2] [INFO] ✓ Decision complete: action=0 (score=75.0, layer=YF), candidates=1, time=0.004s
[18:30:41] [YFAdapter-P2] [INFO] [YF-P2] Decision context: myPos=2, curPos=1, greaterPos=1, teammate=0, curAction=[, actionList_size=1
[18:30:41] [YFAdapter-P2] [INFO] [YF-P2] Decided: action_index=0, action=['PASS', 'PASS', 'PASS']
[18:30:41] [HybridV4-P2] [INFO] ✓ Decision complete: action=0 (score=55.0, layer=YF), candidates=1, time=0.003s
[18:30:41] [YFAdapter-P2] [INFO] [YF-P2] Decision context: myPos=2, curPos=1, greaterPos=1, teammate=0, curAction=[, actionList_size=1
[18:30:41] [YFAdapter-P2] [INFO] [YF-P2] Decided: action_index=0, action=['PASS', 'PASS', 'PASS']
[18:30:41] [HybridV4-P2] [INFO] ✓ Decision complete: action=0 (score=-5.0, layer=YF), candidates=1, time=0.005s
[18:30:41] [YFAdapter-P2] [INFO] [YF-P2] Decision context: myPos=2, curPos=1, greaterPos=1, teammate=0, curAction=[, actionList_size=1
[18:30:41] [YFAdapter-P2] [INFO] [YF-P2] Decided: action_index=0, action=['PASS', 'PASS', 'PASS']
[18:30:41] [HybridV4-P2] [INFO] ✓ Decision complete: action=0 (score=-5.0, layer=YF), candidates=1, time=0.005s
[18:30:41] [YFAdapter-P2] [INFO] [YF-P2] Decision context: myPos=2, curPos=1, greaterPos=1, teammate=0, curAction=[, actionList_size=1
[18:30:41] [YFAdapter-P2] [INFO] [YF-P2] Decided: action_index=0, action=['PASS', 'PASS', 'PASS']
[18:30:41] [HybridV4-P2] [INFO] ✓ Decision complete: action=0 (score=-5.0, layer=YF), candidates=1, time=0.002s
[18:30:41] [YFAdapter-P2] [INFO] [YF-P2] Decision context: myPos=2, curPos=0, greaterPos=3, teammate=0, curAction=[, actionList_size=1
[18:30:41] [YFAdapter-P2] [INFO] [YF-P2] Decided: action_index=0, action=['PASS', 'PASS', 'PASS']
[18:30:41] [HybridV4-P2] [INFO] ✓ Decision complete: action=0 (score=-5.0, layer=YF), candidates=1, time=0.005s
[18:30:41] [YFAdapter-P2] [INFO] [YF-P2] Decision context: myPos=2, curPos=0, greaterPos=3, teammate=0, curAction=[, actionList_size=1
[18:30:41] [YFAdapter-P2] [INFO] [YF-P2] Decided: action_index=0, action=['PASS', 'PASS', 'PASS']
[18:30:41] [HybridV4-P2] [INFO] ✓ Decision complete: action=0 (score=-5.0, layer=YF), candidates=1, time=0.002s
[18:30:41] [yf2_v4] [INFO] 游戏开始, 我是2号位，手牌：['C3', 'C4', 'C4', 'D4', 'S5', 'H6', 'C6', 'C6', 'D6', 'S7', 'C7', 'D8', 'S9', 'D9', 'D9', 'ST', 'HT', 'CT', 'DT', 'SJ', 'DJ', 'CQ', 'CK', 'CK', 'DK', 'SA', 'CA']
[18:30:41] [YFAdapter-P2] [INFO] [YF-P2] Decision context: myPos=2, curPos=-1, greaterPos=-1, teammate=0, curAction=[, actionList_size=2
[18:30:41] [YFAdapter-P2] [INFO] [YF-P2] Decided: action_index=0, action=['tribute', 'tribute', [['S', 'A']]]
[18:30:41] [HybridV4-P2] [INFO] ✓ Decision complete: action=0 (score=110.0, layer=YF), candidates=2, time=0.002s
[18:30:41] [YFAdapter-P2] [INFO] [YF-P2] Decision context: myPos=2, curPos=1, greaterPos=1, teammate=0, curAction=[, actionList_size=8
[18:30:41] [YFAdapter-P2] [INFO] [YF-P2] Decided: action_index=0, action=['PASS', 'PASS', 'PASS']
[18:30:41] [HybridV4-P2] [INFO] ✓ Decision complete: action=1 (score=142.5, layer=YF), candidates=7, time=0.003s
[18:30:41] [YFAdapter-P2] [INFO] [YF-P2] Decision context: myPos=2, curPos=1, greaterPos=0, teammate=0, curAction=[, actionList_size=7
[18:30:41] [YFAdapter-P2] [INFO] [YF-P2] Decided: action_index=0, action=['PASS', 'PASS', 'PASS']
[18:30:41] [HybridV4-P2] [INFO] ✓ Decision complete: action=2 (score=105.5, layer=YF), candidates=6, time=0.004s
[18:30:41] [YFAdapter-P2] [INFO] [YF-P2] Decision context: myPos=2, curPos=1, greaterPos=0, teammate=0, curAction=[, actionList_size=1
[18:30:41] [YFAdapter-P2] [INFO] [YF-P2] Decided: action_index=0, action=['PASS', 'PASS', 'PASS']
[18:30:41] [HybridV4-P2] [INFO] ✓ Decision complete: action=0 (score=95.0, layer=YF), candidates=1, time=0.003s
[18:30:41] [YFAdapter-P2] [INFO] [YF-P2] Decision context: myPos=2, curPos=1, greaterPos=1, teammate=0, curAction=[, actionList_size=2
[18:30:41] [YFAdapter-P2] [INFO] [YF-P2] Decided: action_index=0, action=['PASS', 'PASS', 'PASS']
[18:30:41] [HybridV4-P2] [INFO] ✓ Decision complete: action=1 (score=132.0, layer=YF), candidates=2, time=0.003s
[18:30:41] [YFAdapter-P2] [INFO] [YF-P2] Decision context: myPos=2, curPos=1, greaterPos=1, teammate=0, curAction=[, actionList_size=1
[18:30:41] [YFAdapter-P2] [INFO] [YF-P2] Decided: action_index=0, action=['PASS', 'PASS', 'PASS']
[18:30:41] [HybridV4-P2] [INFO] ✓ Decision complete: action=0 (score=95.0, layer=YF), candidates=1, time=0.003s
[18:30:41] [YFAdapter-P2] [INFO] [YF-P2] Decision context: myPos=2, curPos=1, greaterPos=1, teammate=0, curAction=[, actionList_size=19
[18:30:41] [YFAdapter-P2] [INFO] [YF-P2] Decided: action_index=0, action=['PASS', 'PASS', 'PASS']
[18:30:41] [HybridV4-P2] [INFO] ✓ Decision complete: action=13 (score=139.0, layer=YF), candidates=8, time=0.004s
[18:30:41] [YFAdapter-P2] [INFO] [YF-P2] Decision context: myPos=2, curPos=1, greaterPos=3, teammate=0, curAction=[, actionList_size=1
[18:30:41] [YFAdapter-P2] [INFO] [YF-P2] Decided: action_index=0, action=['PASS', 'PASS', 'PASS']
[18:30:41] [HybridV4-P2] [INFO] ✓ Decision complete: action=0 (score=95.0, layer=YF), candidates=1, time=0.005s
[18:30:41] [YFAdapter-P2] [INFO] [YF-P2] Decision context: myPos=2, curPos=1, greaterPos=3, teammate=0, curAction=[, actionList_size=5
[18:30:41] [YFAdapter-P2] [INFO] [YF-P2] Decided: action_index=0, action=['PASS', 'PASS', 'PASS']
[18:30:41] [HybridV4-P2] [INFO] ✓ Decision complete: action=1 (score=135.5, layer=YF), candidates=5, time=0.003s
[18:30:41] [YFAdapter-P2] [INFO] [YF-P2] Decision context: myPos=2, curPos=-1, greaterPos=-1, teammate=0, curAction=[, actionList_size=9
[18:30:41] [YFAdapter-P2] [INFO] [YF-P2] Decided: action_index=0, action=['Single', '3', [['C', '3']]]
[18:30:41] [HybridV4-P2] [INFO] ✓ Decision complete: action=0 (score=110.0, layer=YF), candidates=7, time=0.004s
[18:30:41] [YFAdapter-P2] [INFO] [YF-P2] Decision context: myPos=2, curPos=1, greaterPos=0, teammate=0, curAction=[, actionList_size=1
[18:30:41] [YFAdapter-P2] [INFO] [YF-P2] Decided: action_index=0, action=['PASS', 'PASS', 'PASS']
[18:30:41] [HybridV4-P2] [INFO] ✓ Decision complete: action=0 (score=95.0, layer=YF), candidates=1, time=0.002s
[18:30:42] [YFAdapter-P2] [INFO] [YF-P2] Decision context: myPos=2, curPos=1, greaterPos=3, teammate=0, curAction=[, actionList_size=1
[18:30:42] [YFAdapter-P2] [INFO] [YF-P2] Decided: action_index=0, action=['PASS', 'PASS', 'PASS']
[18:30:42] [HybridV4-P2] [INFO] ✓ Decision complete: action=0 (score=95.0, layer=YF), candidates=1, time=0.003s
[18:30:42] [YFAdapter-P2] [INFO] [YF-P2] Decision context: myPos=2, curPos=1, greaterPos=1, teammate=0, curAction=[, actionList_size=1
[18:30:42] [YFAdapter-P2] [INFO] [YF-P2] Decided: action_index=0, action=['PASS', 'PASS', 'PASS']
[18:30:42] [HybridV4-P2] [INFO] ✓ Decision complete: action=0 (score=95.0, layer=YF), candidates=1, time=0.002s
[18:30:42] [YFAdapter-P2] [INFO] [YF-P2] Decision context: myPos=2, curPos=1, greaterPos=1, teammate=0, curAction=[, actionList_size=1
[18:30:42] [YFAdapter-P2] [INFO] [YF-P2] Decided: action_index=0, action=['PASS', 'PASS', 'PASS']
[18:30:42] [HybridV4-P2] [INFO] ✓ Decision complete: action=0 (score=75.0, layer=YF), candidates=1, time=0.003s
[18:30:42] [YFAdapter-P2] [INFO] [YF-P2] Decision context: myPos=2, curPos=1, greaterPos=3, teammate=0, curAction=[, actionList_size=1
[18:30:42] [YFAdapter-P2] [INFO] [YF-P2] Decided: action_index=0, action=['PASS', 'PASS', 'PASS']
[18:30:42] [HybridV4-P2] [INFO] ✓ Decision complete: action=0 (score=55.0, layer=YF), candidates=1, time=0.003s
[18:30:42] [YFAdapter-P2] [INFO] [YF-P2] Decision context: myPos=2, curPos=1, greaterPos=1, teammate=0, curAction=[, actionList_size=1
[18:30:42] [YFAdapter-P2] [INFO] [YF-P2] Decided: action_index=0, action=['PASS', 'PASS', 'PASS']
[18:30:42] [HybridV4-P2] [INFO] ✓ Decision complete: action=0 (score=-5.0, layer=YF), candidates=1, time=0.002s
[18:30:42] [YFAdapter-P2] [INFO] [YF-P2] Decision context: myPos=2, curPos=1, greaterPos=1, teammate=0, curAction=[, actionList_size=1
[18:30:42] [YFAdapter-P2] [INFO] [YF-P2] Decided: action_index=0, action=['PASS', 'PASS', 'PASS']
[18:30:42] [HybridV4-P2] [INFO] ✓ Decision complete: action=0 (score=-5.0, layer=YF), candidates=1, time=0.010s
[18:30:42] [YFAdapter-P2] [INFO] [YF-P2] Decision context: myPos=2, curPos=1, greaterPos=1, teammate=0, curAction=[, actionList_size=1
[18:30:42] [YFAdapter-P2] [INFO] [YF-P2] Decided: action_index=0, action=['PASS', 'PASS', 'PASS']
[18:30:42] [HybridV4-P2] [INFO] ✓ Decision complete: action=0 (score=-5.0, layer=YF), candidates=1, time=0.004s
[18:30:42] [YFAdapter-P2] [INFO] [YF-P2] Decision context: myPos=2, curPos=0, greaterPos=3, teammate=0, curAction=[, actionList_size=1
[18:30:42] [YFAdapter-P2] [INFO] [YF-P2] Decided: action_index=0, action=['PASS', 'PASS', 'PASS']
[18:30:42] [HybridV4-P2] [INFO] ✓ Decision complete: action=0 (score=-5.0, layer=YF), candidates=1, time=0.003s
[18:30:42] [yf2_v4] [INFO] ============================================================
[18:30:42] [yf2_v4] [INFO] GAME RESULT
[18:30:42] [yf2_v4] [INFO] ============================================================
[18:30:42] [yf2_v4] [INFO] Victory counts: [0, 3, 0, 3]
[18:30:42] [yf2_v4] [INFO] Total decisions this game: 598
[18:30:42] [yf2_v4] [INFO] Total games played: 1
[18:30:42] [yf2_v4] [INFO] Layer usage statistics:
[18:30:42] [yf2_v4] [INFO]   KnowledgeEnhanced: 598/598 (100.0%)
[18:30:42] [yf2_v4] [INFO] ============================================================
[18:30:42] [HybridV4-P2] [INFO] Statistics reset
