[15:11:28] [websocket_manager.yf2_v5] [INFO] WebSocket Manager initialized for yf2_v5
[15:11:28] [websocket_manager.yf2_v5] [INFO]   - URI: ws://127.0.0.1:23456/game/yf2_v5
[15:11:28] [websocket_manager.yf2_v5] [INFO]   - Reconnect interval: 5s
[15:11:28] [websocket_manager.yf2_v5] [INFO]   - Heartbeat interval: 30s
[15:11:28] [websocket_manager.yf2_v5] [INFO]   - Timeout: 10s
[15:11:28] [HybridV4-P2] [INFO] HybridDecisionEngineV4 initialized
[15:11:29] [yf2_v5] [INFO] ✓ RL Engine initialized
[15:11:29] [yf2_v5] [INFO] ✓ yf2_v5 initialized (Player 2)
[15:11:29] [yf2_v5] [INFO]   - RL Engine: Available
[15:11:29] [yf2_v5] [INFO]   - Hybrid Decision: True
[15:11:29] [websocket_manager.yf2_v5] [INFO] Connecting to ws://127.0.0.1:23456/game/yf2_v5... (attempt 1)
[15:11:29] [websocket_manager.yf2_v5] [INFO] ✓ Connected to server: ws://127.0.0.1:23456/game/yf2_v5
[15:11:30] [yf2_v5] [INFO] 游戏开始, 我是2号位，手牌：['S3', 'D3', 'D4', 'S5', 'H5', 'C5', 'C5', 'D5', 'S6', 'S7', 'S7', 'D7', 'S8', 'C8', 'H9', 'H9', 'ST', 'HT', 'SJ', 'CJ', 'HK', 'CK', 'DK', 'SA', 'SA', 'SB', 'HR']
[15:11:30] [yf2_v5] [INFO] 3号位打出['Single', '3', ['D3']]， 最大动作为3号位打出的['Single', '3', ['D3']]
[15:11:30] [yf2_v5] [INFO] 0号位打出['PASS', 'PASS', 'PASS']， 最大动作为3号位打出的['Single', '3', ['D3']]
[15:11:30] [yf2_v5] [INFO] 1号位打出['Single', '7', ['C7']]， 最大动作为1号位打出的['Single', '7', ['C7']]
[15:11:30] [YFAdapter-P2] [INFO] YF state initialized: player_id=2
[15:11:30] [YFAdapter-P2] [INFO] YFAdapter initialized for player 2
[15:11:30] [HybridV4-P2] [INFO] YFAdapter initialized (lazy)
[15:11:30] [YFAdapter-P2] [INFO] [YF-P2] Decision context: myPos=2, curPos=1, greaterPos=1, teammate=0, curAction=[, actionList_size=19
[15:11:30] [YFAdapter-P2] [INFO] [YF-P2] Decided: action_index=0, action=['PASS', 'PASS', 'PASS']
[15:11:30] [HybridV4-P2] [INFO] DecisionEngine initialized (lazy)
[15:11:30] [HybridV4-P2] [ERROR] Knowledge enhancement error: expected an indented block after 'if' statement on line 70 (knowledge_loader.py, line 71)
Traceback (most recent call last):
  File "D:\YiFeiAI-GD\src\decision\hybrid_decision_engine_v4.py", line 280, in _enhance_candidates
    from knowledge.knowledge_enhanced_decision import KnowledgeEnhancedDecisionEngine
  File "D:\YiFeiAI-GD\src\knowledge\knowledge_enhanced_decision.py", line 19, in <module>
    from knowledge.knowledge_loader import KnowledgeLoader
  File "D:\YiFeiAI-GD\src\knowledge\knowledge_loader.py", line 71
    try:
    ^^^
IndentationError: expected an indented block after 'if' statement on line 70
[15:11:30] [yf2_v5] [INFO] 2号位打出['PASS', 'PASS', 'PASS']， 最大动作为1号位打出的['Single', '7', ['C7']]
[15:11:30] [yf2_v5] [INFO] 3号位打出['Single', 'T', ['DT']]， 最大动作为3号位打出的['Single', 'T', ['DT']]
[15:11:30] [yf2_v5] [INFO] 0号位打出['PASS', 'PASS', 'PASS']， 最大动作为3号位打出的['Single', 'T', ['DT']]
[15:11:30] [yf2_v5] [INFO] 1号位打出['Single', 'A', ['DA']]， 最大动作为1号位打出的['Single', 'A', ['DA']]
[15:11:30] [YFAdapter-P2] [INFO] [YF-P2] Decision context: myPos=2, curPos=1, greaterPos=1, teammate=0, curAction=[, actionList_size=8
[15:11:30] [YFAdapter-P2] [INFO] [YF-P2] Decided: action_index=0, action=['PASS', 'PASS', 'PASS']
[15:11:30] [HybridV4-P2] [ERROR] Knowledge enhancement error: expected an indented block after 'if' statement on line 70 (knowledge_loader.py, line 71)
Traceback (most recent call last):
  File "D:\YiFeiAI-GD\src\decision\hybrid_decision_engine_v4.py", line 280, in _enhance_candidates
    from knowledge.knowledge_enhanced_decision import KnowledgeEnhancedDecisionEngine
  File "D:\YiFeiAI-GD\src\knowledge\knowledge_enhanced_decision.py", line 19, in <module>
    from knowledge.knowledge_loader import KnowledgeLoader
  File "D:\YiFeiAI-GD\src\knowledge\knowledge_loader.py", line 71
    try:
    ^^^
IndentationError: expected an indented block after 'if' statement on line 70
[15:11:30] [yf2_v5] [INFO] 2号位打出['PASS', 'PASS', 'PASS']， 最大动作为1号位打出的['Single', 'A', ['DA']]
[15:11:30] [yf2_v5] [INFO] 3号位打出['PASS', 'PASS', 'PASS']， 最大动作为1号位打出的['Single', 'A', ['DA']]
[15:11:30] [yf2_v5] [INFO] 0号位打出['PASS', 'PASS', 'PASS']， 最大动作为1号位打出的['Single', 'A', ['DA']]
[15:11:30] [yf2_v5] [INFO] 1号位打出['Straight', '3', ['C3', 'H4', 'D5', 'S6', 'H7']]， 最大动作为1号位打出的['Straight', '3', ['C3', 'H4', 'D5', 'S6', 'H7']]
[15:11:30] [YFAdapter-P2] [INFO] [YF-P2] Decision context: myPos=2, curPos=1, greaterPos=1, teammate=0, curAction=[, actionList_size=62
[15:11:30] [YFAdapter-P2] [INFO] [YF-P2] Decided: action_index=0, action=['PASS', 'PASS', 'PASS']
[15:11:30] [HybridV4-P2] [ERROR] Knowledge enhancement error: expected an indented block after 'if' statement on line 70 (knowledge_loader.py, line 71)
Traceback (most recent call last):
  File "D:\YiFeiAI-GD\src\decision\hybrid_decision_engine_v4.py", line 280, in _enhance_candidates
    from knowledge.knowledge_enhanced_decision import KnowledgeEnhancedDecisionEngine
  File "D:\YiFeiAI-GD\src\knowledge\knowledge_enhanced_decision.py", line 19, in <module>
    from knowledge.knowledge_loader import KnowledgeLoader
  File "D:\YiFeiAI-GD\src\knowledge\knowledge_loader.py", line 71
    try:
    ^^^
IndentationError: expected an indented block after 'if' statement on line 70
[15:11:30] [yf2_v5] [INFO] 2号位打出['PASS', 'PASS', 'PASS']， 最大动作为1号位打出的['Straight', '3', ['C3', 'H4', 'D5', 'S6', 'H7']]
[15:11:30] [yf2_v5] [INFO] 3号位打出['PASS', 'PASS', 'PASS']， 最大动作为1号位打出的['Straight', '3', ['C3', 'H4', 'D5', 'S6', 'H7']]
[15:11:30] [yf2_v5] [INFO] 0号位打出['PASS', 'PASS', 'PASS']， 最大动作为1号位打出的['Straight', '3', ['C3', 'H4', 'D5', 'S6', 'H7']]
[15:11:30] [yf2_v5] [INFO] 1号位打出['Single', 'T', ['DT']]， 最大动作为1号位打出的['Single', 'T', ['DT']]
[15:11:30] [YFAdapter-P2] [INFO] [YF-P2] Decision context: myPos=2, curPos=1, greaterPos=1, teammate=0, curAction=[, actionList_size=14
[15:11:30] [YFAdapter-P2] [INFO] [YF-P2] Decided: action_index=0, action=['PASS', 'PASS', 'PASS']
[15:11:30] [HybridV4-P2] [ERROR] Knowledge enhancement error: expected an indented block after 'if' statement on line 70 (knowledge_loader.py, line 71)
Traceback (most recent call last):
  File "D:\YiFeiAI-GD\src\decision\hybrid_decision_engine_v4.py", line 280, in _enhance_candidates
    from knowledge.knowledge_enhanced_decision import KnowledgeEnhancedDecisionEngine
  File "D:\YiFeiAI-GD\src\knowledge\knowledge_enhanced_decision.py", line 19, in <module>
    from knowledge.knowledge_loader import KnowledgeLoader
  File "D:\YiFeiAI-GD\src\knowledge\knowledge_loader.py", line 71
    try:
    ^^^
IndentationError: expected an indented block after 'if' statement on line 70
[15:11:30] [yf2_v5] [INFO] 2号位打出['PASS', 'PASS', 'PASS']， 最大动作为1号位打出的['Single', 'T', ['DT']]
[15:11:30] [yf2_v5] [INFO] 3号位打出['Single', '2', ['H2']]， 最大动作为3号位打出的['Single', '2', ['H2']]
[15:11:30] [yf2_v5] [INFO] 0号位打出['PASS', 'PASS', 'PASS']， 最大动作为3号位打出的['Single', '2', ['H2']]
[15:11:30] [yf2_v5] [INFO] 1号位打出['PASS', 'PASS', 'PASS']， 最大动作为3号位打出的['Single', '2', ['H2']]
[15:11:30] [YFAdapter-P2] [INFO] [YF-P2] Decision context: myPos=2, curPos=1, greaterPos=3, teammate=0, curAction=[, actionList_size=8
[15:11:30] [YFAdapter-P2] [INFO] [YF-P2] Decided: action_index=0, action=['PASS', 'PASS', 'PASS']
[15:11:30] [HybridV4-P2] [ERROR] Knowledge enhancement error: expected an indented block after 'if' statement on line 70 (knowledge_loader.py, line 71)
Traceback (most recent call last):
  File "D:\YiFeiAI-GD\src\decision\hybrid_decision_engine_v4.py", line 280, in _enhance_candidates
    from knowledge.knowledge_enhanced_decision import KnowledgeEnhancedDecisionEngine
  File "D:\YiFeiAI-GD\src\knowledge\knowledge_enhanced_decision.py", line 19, in <module>
    from knowledge.knowledge_loader import KnowledgeLoader
  File "D:\YiFeiAI-GD\src\knowledge\knowledge_loader.py", line 71
    try:
    ^^^
IndentationError: expected an indented block after 'if' statement on line 70
[15:11:30] [yf2_v5] [INFO] 2号位打出['PASS', 'PASS', 'PASS']， 最大动作为3号位打出的['Single', '2', ['H2']]
[15:11:30] [yf2_v5] [INFO] 3号位打出['Single', '5', ['H5']]， 最大动作为3号位打出的['Single', '5', ['H5']]
[15:11:30] [yf2_v5] [INFO] 0号位打出['PASS', 'PASS', 'PASS']， 最大动作为3号位打出的['Single', '5', ['H5']]
[15:11:30] [yf2_v5] [INFO] 1号位打出['Single', '2', ['S2']]， 最大动作为1号位打出的['Single', '2', ['S2']]
[15:11:30] [YFAdapter-P2] [INFO] [YF-P2] Decision context: myPos=2, curPos=1, greaterPos=1, teammate=0, curAction=[, actionList_size=8
[15:11:30] [YFAdapter-P2] [INFO] [YF-P2] Decided: action_index=0, action=['PASS', 'PASS', 'PASS']
[15:11:30] [HybridV4-P2] [ERROR] Knowledge enhancement error: expected an indented block after 'if' statement on line 70 (knowledge_loader.py, line 71)
Traceback (most recent call last):
  File "D:\YiFeiAI-GD\src\decision\hybrid_decision_engine_v4.py", line 280, in _enhance_candidates
    from knowledge.knowledge_enhanced_decision import KnowledgeEnhancedDecisionEngine
  File "D:\YiFeiAI-GD\src\knowledge\knowledge_enhanced_decision.py", line 19, in <module>
    from knowledge.knowledge_loader import KnowledgeLoader
  File "D:\YiFeiAI-GD\src\knowledge\knowledge_loader.py", line 71
    try:
    ^^^
IndentationError: expected an indented block after 'if' statement on line 70
[15:11:30] [yf2_v5] [INFO] 2号位打出['PASS', 'PASS', 'PASS']， 最大动作为1号位打出的['Single', '2', ['S2']]
[15:11:30] [yf2_v5] [INFO] 3号位打出['PASS', 'PASS', 'PASS']， 最大动作为1号位打出的['Single', '2', ['S2']]
[15:11:30] [yf2_v5] [INFO] 0号位打出['PASS', 'PASS', 'PASS']， 最大动作为1号位打出的['Single', '2', ['S2']]
[15:11:30] [yf2_v5] [INFO] 1号位打出['Pair', '6', ['C6', 'D6']]， 最大动作为1号位打出的['Pair', '6', ['C6', 'D6']]
[15:11:30] [YFAdapter-P2] [INFO] [YF-P2] Decision context: myPos=2, curPos=1, greaterPos=1, teammate=0, curAction=[, actionList_size=16
[15:11:30] [YFAdapter-P2] [INFO] [YF-P2] Decided: action_index=0, action=['PASS', 'PASS', 'PASS']
[15:11:30] [HybridV4-P2] [ERROR] Knowledge enhancement error: expected an indented block after 'if' statement on line 70 (knowledge_loader.py, line 71)
Traceback (most recent call last):
  File "D:\YiFeiAI-GD\src\decision\hybrid_decision_engine_v4.py", line 280, in _enhance_candidates
    from knowledge.knowledge_enhanced_decision import KnowledgeEnhancedDecisionEngine
  File "D:\YiFeiAI-GD\src\knowledge\knowledge_enhanced_decision.py", line 19, in <module>
    from knowledge.knowledge_loader import KnowledgeLoader
  File "D:\YiFeiAI-GD\src\knowledge\knowledge_loader.py", line 71
    try:
    ^^^
IndentationError: expected an indented block after 'if' statement on line 70
[15:11:30] [yf2_v5] [INFO] 2号位打出['PASS', 'PASS', 'PASS']， 最大动作为1号位打出的['Pair', '6', ['C6', 'D6']]
[15:11:30] [yf2_v5] [INFO] 3号位打出['Pair', '9', ['C9', 'D9']]， 最大动作为3号位打出的['Pair', '9', ['C9', 'D9']]
[15:11:30] [yf2_v5] [INFO] 0号位打出['PASS', 'PASS', 'PASS']， 最大动作为3号位打出的['Pair', '9', ['C9', 'D9']]
[15:11:30] [yf2_v5] [INFO] 1号位打出['Pair', 'J', ['HJ', 'H2']]， 最大动作为1号位打出的['Pair', 'J', ['HJ', 'H2']]
[15:11:30] [YFAdapter-P2] [INFO] [YF-P2] Decision context: myPos=2, curPos=1, greaterPos=1, teammate=0, curAction=[, actionList_size=10
[15:11:30] [YFAdapter-P2] [INFO] [YF-P2] Decided: action_index=0, action=['PASS', 'PASS', 'PASS']
[15:11:30] [HybridV4-P2] [ERROR] Knowledge enhancement error: expected an indented block after 'if' statement on line 70 (knowledge_loader.py, line 71)
Traceback (most recent call last):
  File "D:\YiFeiAI-GD\src\decision\hybrid_decision_engine_v4.py", line 280, in _enhance_candidates
    from knowledge.knowledge_enhanced_decision import KnowledgeEnhancedDecisionEngine
  File "D:\YiFeiAI-GD\src\knowledge\knowledge_enhanced_decision.py", line 19, in <module>
    from knowledge.knowledge_loader import KnowledgeLoader
  File "D:\YiFeiAI-GD\src\knowledge\knowledge_loader.py", line 71
    try:
    ^^^
IndentationError: expected an indented block after 'if' statement on line 70
[15:11:30] [yf2_v5] [INFO] 2号位打出['PASS', 'PASS', 'PASS']， 最大动作为1号位打出的['Pair', 'J', ['HJ', 'H2']]
[15:11:30] [yf2_v5] [INFO] 3号位打出['Pair', 'K', ['SK', 'DK']]， 最大动作为3号位打出的['Pair', 'K', ['SK', 'DK']]
[15:11:30] [yf2_v5] [INFO] 0号位打出['PASS', 'PASS', 'PASS']， 最大动作为3号位打出的['Pair', 'K', ['SK', 'DK']]
[15:11:30] [yf2_v5] [INFO] 1号位打出['PASS', 'PASS', 'PASS']， 最大动作为3号位打出的['Pair', 'K', ['SK', 'DK']]
[15:11:30] [YFAdapter-P2] [INFO] [YF-P2] Decision context: myPos=2, curPos=1, greaterPos=3, teammate=0, curAction=[, actionList_size=7
[15:11:30] [YFAdapter-P2] [INFO] [YF-P2] Decided: action_index=0, action=['PASS', 'PASS', 'PASS']
[15:11:30] [HybridV4-P2] [ERROR] Knowledge enhancement error: expected an indented block after 'if' statement on line 70 (knowledge_loader.py, line 71)
Traceback (most recent call last):
  File "D:\YiFeiAI-GD\src\decision\hybrid_decision_engine_v4.py", line 280, in _enhance_candidates
    from knowledge.knowledge_enhanced_decision import KnowledgeEnhancedDecisionEngine
  File "D:\YiFeiAI-GD\src\knowledge\knowledge_enhanced_decision.py", line 19, in <module>
    from knowledge.knowledge_loader import KnowledgeLoader
  File "D:\YiFeiAI-GD\src\knowledge\knowledge_loader.py", line 71
    try:
    ^^^
IndentationError: expected an indented block after 'if' statement on line 70
[15:11:30] [yf2_v5] [INFO] 2号位打出['PASS', 'PASS', 'PASS']， 最大动作为3号位打出的['Pair', 'K', ['SK', 'DK']]
[15:11:30] [yf2_v5] [INFO] 3号位打出['ThreeWithTwo', '8', ['S8', 'C8', 'D8', 'H6', 'C6']]， 最大动作为3号位打出的['ThreeWithTwo', '8', ['S8', 'C8', 'D8', 'H6', 'C6']]
[15:11:30] [yf2_v5] [INFO] 0号位打出['PASS', 'PASS', 'PASS']， 最大动作为3号位打出的['ThreeWithTwo', '8', ['S8', 'C8', 'D8', 'H6', 'C6']]
[15:11:30] [yf2_v5] [INFO] 1号位打出['ThreeWithTwo', 'K', ['SK', 'HK', 'CK', 'H8', 'D8']]， 最大动作为1号位打出的['ThreeWithTwo', 'K', ['SK', 'HK', 'CK', 'H8', 'D8']]
[15:11:30] [YFAdapter-P2] [INFO] [YF-P2] Decision context: myPos=2, curPos=1, greaterPos=1, teammate=0, curAction=[, actionList_size=6
[15:11:30] [YFAdapter-P2] [INFO] [YF-P2] Decided: action_index=0, action=['PASS', 'PASS', 'PASS']
[15:11:30] [HybridV4-P2] [ERROR] Knowledge enhancement error: expected an indented block after 'if' statement on line 70 (knowledge_loader.py, line 71)
Traceback (most recent call last):
  File "D:\YiFeiAI-GD\src\decision\hybrid_decision_engine_v4.py", line 280, in _enhance_candidates
    from knowledge.knowledge_enhanced_decision import KnowledgeEnhancedDecisionEngine
  File "D:\YiFeiAI-GD\src\knowledge\knowledge_enhanced_decision.py", line 19, in <module>
    from knowledge.knowledge_loader import KnowledgeLoader
  File "D:\YiFeiAI-GD\src\knowledge\knowledge_loader.py", line 71
    try:
    ^^^
IndentationError: expected an indented block after 'if' statement on line 70
[15:11:30] [yf2_v5] [INFO] 2号位打出['PASS', 'PASS', 'PASS']， 最大动作为1号位打出的['ThreeWithTwo', 'K', ['SK', 'HK', 'CK', 'H8', 'D8']]
[15:11:30] [yf2_v5] [INFO] 3号位打出['PASS', 'PASS', 'PASS']， 最大动作为1号位打出的['ThreeWithTwo', 'K', ['SK', 'HK', 'CK', 'H8', 'D8']]
[15:11:30] [yf2_v5] [INFO] 0号位打出['PASS', 'PASS', 'PASS']， 最大动作为1号位打出的['ThreeWithTwo', 'K', ['SK', 'HK', 'CK', 'H8', 'D8']]
[15:11:30] [yf2_v5] [INFO] 1号位打出['Pair', '9', ['S9', 'S9']]， 最大动作为1号位打出的['Pair', '9', ['S9', 'S9']]
[15:11:30] [YFAdapter-P2] [INFO] [YF-P2] Decision context: myPos=2, curPos=1, greaterPos=1, teammate=0, curAction=[, actionList_size=12
[15:11:30] [YFAdapter-P2] [INFO] [YF-P2] Decided: action_index=0, action=['PASS', 'PASS', 'PASS']
[15:11:30] [HybridV4-P2] [ERROR] Knowledge enhancement error: expected an indented block after 'if' statement on line 70 (knowledge_loader.py, line 71)
Traceback (most recent call last):
  File "D:\YiFeiAI-GD\src\decision\hybrid_decision_engine_v4.py", line 280, in _enhance_candidates
    from knowledge.knowledge_enhanced_decision import KnowledgeEnhancedDecisionEngine
  File "D:\YiFeiAI-GD\src\knowledge\knowledge_enhanced_decision.py", line 19, in <module>
    from knowledge.knowledge_loader import KnowledgeLoader
  File "D:\YiFeiAI-GD\src\knowledge\knowledge_loader.py", line 71
    try:
    ^^^
IndentationError: expected an indented block after 'if' statement on line 70
[15:11:30] [yf2_v5] [INFO] 2号位打出['PASS', 'PASS', 'PASS']， 最大动作为1号位打出的['Pair', '9', ['S9', 'S9']]
[15:11:30] [yf2_v5] [INFO] 3号位打出['Pair', 'J', ['SJ', 'HJ']]， 最大动作为3号位打出的['Pair', 'J', ['SJ', 'HJ']]
[15:11:30] [yf2_v5] [INFO] 0号位打出['PASS', 'PASS', 'PASS']， 最大动作为3号位打出的['Pair', 'J', ['SJ', 'HJ']]
[15:11:30] [yf2_v5] [INFO] 1号位打出['PASS', 'PASS', 'PASS']， 最大动作为3号位打出的['Pair', 'J', ['SJ', 'HJ']]
[15:11:30] [YFAdapter-P2] [INFO] [YF-P2] Decision context: myPos=2, curPos=1, greaterPos=3, teammate=0, curAction=[, actionList_size=10
[15:11:30] [YFAdapter-P2] [INFO] [YF-P2] Decided: action_index=0, action=['PASS', 'PASS', 'PASS']
[15:11:30] [HybridV4-P2] [ERROR] Knowledge enhancement error: expected an indented block after 'if' statement on line 70 (knowledge_loader.py, line 71)
Traceback (most recent call last):
  File "D:\YiFeiAI-GD\src\decision\hybrid_decision_engine_v4.py", line 280, in _enhance_candidates
    from knowledge.knowledge_enhanced_decision import KnowledgeEnhancedDecisionEngine
  File "D:\YiFeiAI-GD\src\knowledge\knowledge_enhanced_decision.py", line 19, in <module>
    from knowledge.knowledge_loader import KnowledgeLoader
  File "D:\YiFeiAI-GD\src\knowledge\knowledge_loader.py", line 71
    try:
    ^^^
IndentationError: expected an indented block after 'if' statement on line 70
[15:11:30] [yf2_v5] [INFO] 2号位打出['PASS', 'PASS', 'PASS']， 最大动作为3号位打出的['Pair', 'J', ['SJ', 'HJ']]
[15:11:30] [yf2_v5] [INFO] 3号位打出['Trips', 'Q', ['SQ', 'SQ', 'CQ']]， 最大动作为3号位打出的['Trips', 'Q', ['SQ', 'SQ', 'CQ']]
[15:11:30] [yf2_v5] [INFO] 0号位打出['PASS', 'PASS', 'PASS']， 最大动作为3号位打出的['Trips', 'Q', ['SQ', 'SQ', 'CQ']]
[15:11:30] [yf2_v5] [INFO] 1号位打出['PASS', 'PASS', 'PASS']， 最大动作为3号位打出的['Trips', 'Q', ['SQ', 'SQ', 'CQ']]
[15:11:30] [YFAdapter-P2] [INFO] [YF-P2] Decision context: myPos=2, curPos=1, greaterPos=3, teammate=0, curAction=[, actionList_size=7
[15:11:30] [YFAdapter-P2] [INFO] [YF-P2] Decided: action_index=0, action=['PASS', 'PASS', 'PASS']
[15:11:30] [HybridV4-P2] [ERROR] Knowledge enhancement error: expected an indented block after 'if' statement on line 70 (knowledge_loader.py, line 71)
Traceback (most recent call last):
  File "D:\YiFeiAI-GD\src\decision\hybrid_decision_engine_v4.py", line 280, in _enhance_candidates
    from knowledge.knowledge_enhanced_decision import KnowledgeEnhancedDecisionEngine
  File "D:\YiFeiAI-GD\src\knowledge\knowledge_enhanced_decision.py", line 19, in <module>
    from knowledge.knowledge_loader import KnowledgeLoader
  File "D:\YiFeiAI-GD\src\knowledge\knowledge_loader.py", line 71
    try:
    ^^^
IndentationError: expected an indented block after 'if' statement on line 70
[15:11:30] [yf2_v5] [INFO] 2号位打出['PASS', 'PASS', 'PASS']， 最大动作为3号位打出的['Trips', 'Q', ['SQ', 'SQ', 'CQ']]
[15:11:30] [yf2_v5] [INFO] 3号位打出['Trips', 'A', ['HA', 'CA', 'DA']]， 最大动作为3号位打出的['Trips', 'A', ['HA', 'CA', 'DA']]
[15:11:30] [yf2_v5] [INFO] 0号位打出['PASS', 'PASS', 'PASS']， 最大动作为3号位打出的['Trips', 'A', ['HA', 'CA', 'DA']]
[15:11:30] [yf2_v5] [INFO] 1号位打出['PASS', 'PASS', 'PASS']， 最大动作为3号位打出的['Trips', 'A', ['HA', 'CA', 'DA']]
[15:11:30] [YFAdapter-P2] [INFO] [YF-P2] Decision context: myPos=2, curPos=1, greaterPos=3, teammate=0, curAction=[, actionList_size=6
[15:11:30] [YFAdapter-P2] [INFO] [YF-P2] Decided: action_index=0, action=['PASS', 'PASS', 'PASS']
[15:11:30] [HybridV4-P2] [ERROR] Knowledge enhancement error: expected an indented block after 'if' statement on line 70 (knowledge_loader.py, line 71)
Traceback (most recent call last):
  File "D:\YiFeiAI-GD\src\decision\hybrid_decision_engine_v4.py", line 280, in _enhance_candidates
    from knowledge.knowledge_enhanced_decision import KnowledgeEnhancedDecisionEngine
  File "D:\YiFeiAI-GD\src\knowledge\knowledge_enhanced_decision.py", line 19, in <module>
    from knowledge.knowledge_loader import KnowledgeLoader
  File "D:\YiFeiAI-GD\src\knowledge\knowledge_loader.py", line 71
    try:
    ^^^
IndentationError: expected an indented block after 'if' statement on line 70
[15:11:30] [yf2_v5] [INFO] 2号位打出['PASS', 'PASS', 'PASS']， 最大动作为3号位打出的['Trips', 'A', ['HA', 'CA', 'DA']]
[15:11:30] [yf2_v5] [INFO] 3号位打出['Single', '2', ['C2']]， 最大动作为3号位打出的['Single', '2', ['C2']]
[15:11:30] [yf2_v5] [INFO] 0号位打出['PASS', 'PASS', 'PASS']， 最大动作为3号位打出的['Single', '2', ['C2']]
[15:11:30] [yf2_v5] [INFO] 1号位打出['PASS', 'PASS', 'PASS']， 最大动作为3号位打出的['Single', '2', ['C2']]
[15:11:30] [YFAdapter-P2] [INFO] [YF-P2] Decision context: myPos=2, curPos=1, greaterPos=3, teammate=0, curAction=[, actionList_size=8
[15:11:30] [YFAdapter-P2] [INFO] [YF-P2] Decided: action_index=0, action=['PASS', 'PASS', 'PASS']
[15:11:30] [YFAdapter-P2] [WARNING] [YF-P2] 检测到过于保守: 对手快走完(剩5张), 触发Layer 2/3进行更积极的决策
[15:11:30] [HybridV4-P2] [ERROR] Knowledge enhancement error: expected an indented block after 'if' statement on line 70 (knowledge_loader.py, line 71)
Traceback (most recent call last):
  File "D:\YiFeiAI-GD\src\decision\hybrid_decision_engine_v4.py", line 280, in _enhance_candidates
    from knowledge.knowledge_enhanced_decision import KnowledgeEnhancedDecisionEngine
  File "D:\YiFeiAI-GD\src\knowledge\knowledge_enhanced_decision.py", line 19, in <module>
    from knowledge.knowledge_loader import KnowledgeLoader
  File "D:\YiFeiAI-GD\src\knowledge\knowledge_loader.py", line 71
    try:
    ^^^
IndentationError: expected an indented block after 'if' statement on line 70
[15:11:30] [yf2_v5] [INFO] 2号位打出['PASS', 'PASS', 'PASS']， 最大动作为3号位打出的['Single', '2', ['C2']]
[15:11:30] [yf2_v5] [INFO] 3号位打出['Bomb', '4', ['S4', 'H4', 'C4', 'C4', 'D4']]， 最大动作为3号位打出的['Bomb', '4', ['S4', 'H4', 'C4', 'C4', 'D4']]
[15:11:30] [yf2_v5] [INFO] 0号位打出['PASS', 'PASS', 'PASS']， 最大动作为3号位打出的['Bomb', '4', ['S4', 'H4', 'C4', 'C4', 'D4']]
[15:11:30] [yf2_v5] [INFO] 1号位打出['PASS', 'PASS', 'PASS']， 最大动作为3号位打出的['Bomb', '4', ['S4', 'H4', 'C4', 'C4', 'D4']]
[15:11:30] [yf2_v5] [INFO] 1号位打出['Single', 'J', ['CJ']]， 最大动作为1号位打出的['Single', 'J', ['CJ']]
[15:11:30] [YFAdapter-P2] [INFO] [YF-P2] Decision context: myPos=2, curPos=1, greaterPos=1, teammate=0, curAction=[, actionList_size=12
[15:11:30] [YFAdapter-P2] [INFO] [YF-P2] Decided: action_index=0, action=['PASS', 'PASS', 'PASS']
[15:11:30] [YFAdapter-P2] [WARNING] [YF-P2] 检测到过于保守: 对手快走完(剩0张), 触发Layer 2/3进行更积极的决策
[15:11:30] [HybridV4-P2] [ERROR] Knowledge enhancement error: expected an indented block after 'if' statement on line 70 (knowledge_loader.py, line 71)
Traceback (most recent call last):
  File "D:\YiFeiAI-GD\src\decision\hybrid_decision_engine_v4.py", line 280, in _enhance_candidates
    from knowledge.knowledge_enhanced_decision import KnowledgeEnhancedDecisionEngine
  File "D:\YiFeiAI-GD\src\knowledge\knowledge_enhanced_decision.py", line 19, in <module>
    from knowledge.knowledge_loader import KnowledgeLoader
  File "D:\YiFeiAI-GD\src\knowledge\knowledge_loader.py", line 71
    try:
    ^^^
IndentationError: expected an indented block after 'if' statement on line 70
[15:11:30] [yf2_v5] [INFO] 2号位打出['PASS', 'PASS', 'PASS']， 最大动作为1号位打出的['Single', 'J', ['CJ']]
[15:11:30] [yf2_v5] [INFO] 0号位打出['PASS', 'PASS', 'PASS']， 最大动作为1号位打出的['Single', 'J', ['CJ']]
[15:11:30] [yf2_v5] [INFO] 1号位打出['Single', '2', ['S2']]， 最大动作为1号位打出的['Single', '2', ['S2']]
[15:11:30] [YFAdapter-P2] [INFO] [YF-P2] Decision context: myPos=2, curPos=1, greaterPos=1, teammate=0, curAction=[, actionList_size=8
[15:11:30] [YFAdapter-P2] [INFO] [YF-P2] Decided: action_index=0, action=['PASS', 'PASS', 'PASS']
[15:11:30] [YFAdapter-P2] [WARNING] [YF-P2] 检测到过于保守: 对手快走完(剩0张), 触发Layer 2/3进行更积极的决策
[15:11:30] [HybridV4-P2] [ERROR] Knowledge enhancement error: expected an indented block after 'if' statement on line 70 (knowledge_loader.py, line 71)
Traceback (most recent call last):
  File "D:\YiFeiAI-GD\src\decision\hybrid_decision_engine_v4.py", line 280, in _enhance_candidates
    from knowledge.knowledge_enhanced_decision import KnowledgeEnhancedDecisionEngine
  File "D:\YiFeiAI-GD\src\knowledge\knowledge_enhanced_decision.py", line 19, in <module>
    from knowledge.knowledge_loader import KnowledgeLoader
  File "D:\YiFeiAI-GD\src\knowledge\knowledge_loader.py", line 71
    try:
    ^^^
IndentationError: expected an indented block after 'if' statement on line 70
[15:11:30] [yf2_v5] [INFO] 2号位打出['PASS', 'PASS', 'PASS']， 最大动作为1号位打出的['Single', '2', ['S2']]
[15:11:30] [yf2_v5] [INFO] 0号位打出['PASS', 'PASS', 'PASS']， 最大动作为1号位打出的['Single', '2', ['S2']]
[15:11:30] [yf2_v5] [INFO] 1号位打出['Single', 'B', ['SB']]， 最大动作为1号位打出的['Single', 'B', ['SB']]
[15:11:30] [YFAdapter-P2] [INFO] [YF-P2] Decision context: myPos=2, curPos=1, greaterPos=1, teammate=0, curAction=[, actionList_size=7
[15:11:30] [YFAdapter-P2] [INFO] [YF-P2] Decided: action_index=0, action=['PASS', 'PASS', 'PASS']
[15:11:30] [YFAdapter-P2] [WARNING] [YF-P2] 检测到过于保守: 对手快走完(剩0张), 触发Layer 2/3进行更积极的决策
[15:11:30] [HybridV4-P2] [ERROR] Knowledge enhancement error: expected an indented block after 'if' statement on line 70 (knowledge_loader.py, line 71)
Traceback (most recent call last):
  File "D:\YiFeiAI-GD\src\decision\hybrid_decision_engine_v4.py", line 280, in _enhance_candidates
    from knowledge.knowledge_enhanced_decision import KnowledgeEnhancedDecisionEngine
  File "D:\YiFeiAI-GD\src\knowledge\knowledge_enhanced_decision.py", line 19, in <module>
    from knowledge.knowledge_loader import KnowledgeLoader
  File "D:\YiFeiAI-GD\src\knowledge\knowledge_loader.py", line 71
    try:
    ^^^
IndentationError: expected an indented block after 'if' statement on line 70
[15:11:30] [yf2_v5] [INFO] 2号位打出['PASS', 'PASS', 'PASS']， 最大动作为1号位打出的['Single', 'B', ['SB']]
[15:11:30] [yf2_v5] [INFO] 0号位打出['PASS', 'PASS', 'PASS']， 最大动作为1号位打出的['Single', 'B', ['SB']]
[15:11:30] [yf2_v5] [INFO] 1号位打出['Bomb', 'Q', ['HQ', 'CQ', 'DQ', 'DQ']]， 最大动作为1号位打出的['Bomb', 'Q', ['HQ', 'CQ', 'DQ', 'DQ']]
[15:11:30] [yf2_v5] [INFO] 游戏开始, 我是2号位，手牌：['S2', 'H2', 'C2', 'D2', 'C3', 'S4', 'H4', 'H4', 'S6', 'H6', 'C7', 'C8', 'C9', 'C9', 'D9', 'ST', 'HT', 'HT', 'CT', 'CT', 'SJ', 'HJ', 'CJ', 'DJ', 'HA', 'S5', 'H5']
[15:11:30] [YFAdapter-P2] [INFO] [YF-P2] Decision context: myPos=2, curPos=-1, greaterPos=-1, teammate=0, curAction=[, actionList_size=1
[15:11:30] [YFAdapter-P2] [INFO] [YF-P2] Decided: action_index=0, action=['tribute', 'tribute', [['S', '5']]]
[15:11:30] [HybridV4-P2] [ERROR] Knowledge enhancement error: expected an indented block after 'if' statement on line 70 (knowledge_loader.py, line 71)
Traceback (most recent call last):
  File "D:\YiFeiAI-GD\src\decision\hybrid_decision_engine_v4.py", line 280, in _enhance_candidates
    from knowledge.knowledge_enhanced_decision import KnowledgeEnhancedDecisionEngine
  File "D:\YiFeiAI-GD\src\knowledge\knowledge_enhanced_decision.py", line 19, in <module>
    from knowledge.knowledge_loader import KnowledgeLoader
  File "D:\YiFeiAI-GD\src\knowledge\knowledge_loader.py", line 71
    try:
    ^^^
IndentationError: expected an indented block after 'if' statement on line 70
[15:11:30] [yf2_v5] [INFO] 0号位打出['Single', '3', ['S3']]， 最大动作为0号位打出的['Single', '3', ['S3']]
[15:11:30] [yf2_v5] [INFO] 1号位打出['Single', 'J', ['HJ']]， 最大动作为1号位打出的['Single', 'J', ['HJ']]
[15:11:30] [YFAdapter-P2] [INFO] [YF-P2] Decision context: myPos=2, curPos=1, greaterPos=1, teammate=0, curAction=[, actionList_size=45
[15:11:30] [YFAdapter-P2] [INFO] [YF-P2] Decided: action_index=0, action=['PASS', 'PASS', 'PASS']
[15:11:30] [HybridV4-P2] [ERROR] Knowledge enhancement error: expected an indented block after 'if' statement on line 70 (knowledge_loader.py, line 71)
Traceback (most recent call last):
  File "D:\YiFeiAI-GD\src\decision\hybrid_decision_engine_v4.py", line 280, in _enhance_candidates
    from knowledge.knowledge_enhanced_decision import KnowledgeEnhancedDecisionEngine
  File "D:\YiFeiAI-GD\src\knowledge\knowledge_enhanced_decision.py", line 19, in <module>
    from knowledge.knowledge_loader import KnowledgeLoader
  File "D:\YiFeiAI-GD\src\knowledge\knowledge_loader.py", line 71
    try:
    ^^^
IndentationError: expected an indented block after 'if' statement on line 70
[15:11:30] [yf2_v5] [INFO] 2号位打出['PASS', 'PASS', 'PASS']， 最大动作为1号位打出的['Single', 'J', ['HJ']]
[15:11:30] [yf2_v5] [INFO] 3号位打出['Single', 'K', ['HK']]， 最大动作为3号位打出的['Single', 'K', ['HK']]
[15:11:30] [yf2_v5] [INFO] 0号位打出['PASS', 'PASS', 'PASS']， 最大动作为3号位打出的['Single', 'K', ['HK']]
[15:11:30] [yf2_v5] [INFO] 1号位打出['Single', '5', ['S5']]， 最大动作为1号位打出的['Single', '5', ['S5']]
[15:11:30] [YFAdapter-P2] [INFO] [YF-P2] Decision context: myPos=2, curPos=1, greaterPos=1, teammate=0, curAction=[, actionList_size=43
[15:11:30] [YFAdapter-P2] [INFO] [YF-P2] Decided: action_index=0, action=['PASS', 'PASS', 'PASS']
[15:11:30] [HybridV4-P2] [ERROR] Knowledge enhancement error: expected an indented block after 'if' statement on line 70 (knowledge_loader.py, line 71)
Traceback (most recent call last):
  File "D:\YiFeiAI-GD\src\decision\hybrid_decision_engine_v4.py", line 280, in _enhance_candidates
    from knowledge.knowledge_enhanced_decision import KnowledgeEnhancedDecisionEngine
  File "D:\YiFeiAI-GD\src\knowledge\knowledge_enhanced_decision.py", line 19, in <module>
    from knowledge.knowledge_loader import KnowledgeLoader
  File "D:\YiFeiAI-GD\src\knowledge\knowledge_loader.py", line 71
    try:
    ^^^
IndentationError: expected an indented block after 'if' statement on line 70
[15:11:30] [yf2_v5] [INFO] 2号位打出['PASS', 'PASS', 'PASS']， 最大动作为1号位打出的['Single', '5', ['S5']]
[15:11:30] [yf2_v5] [INFO] 3号位打出['PASS', 'PASS', 'PASS']， 最大动作为1号位打出的['Single', '5', ['S5']]
[15:11:30] [yf2_v5] [INFO] 0号位打出['PASS', 'PASS', 'PASS']， 最大动作为1号位打出的['Single', '5', ['S5']]
[15:11:30] [yf2_v5] [INFO] 1号位打出['ThreeWithTwo', '3', ['S3', 'H3', 'C3', 'H2', 'C2']]， 最大动作为1号位打出的['ThreeWithTwo', '3', ['S3', 'H3', 'C3', 'H2', 'C2']]
[15:11:30] [YFAdapter-P2] [INFO] [YF-P2] Decision context: myPos=2, curPos=1, greaterPos=1, teammate=0, curAction=[, actionList_size=814
[15:11:30] [YFAdapter-P2] [INFO] [YF-P2] Decided: action_index=0, action=['PASS', 'PASS', 'PASS']
[15:11:30] [HybridV4-P2] [ERROR] Knowledge enhancement error: expected an indented block after 'if' statement on line 70 (knowledge_loader.py, line 71)
Traceback (most recent call last):
  File "D:\YiFeiAI-GD\src\decision\hybrid_decision_engine_v4.py", line 280, in _enhance_candidates
    from knowledge.knowledge_enhanced_decision import KnowledgeEnhancedDecisionEngine
  File "D:\YiFeiAI-GD\src\knowledge\knowledge_enhanced_decision.py", line 19, in <module>
    from knowledge.knowledge_loader import KnowledgeLoader
  File "D:\YiFeiAI-GD\src\knowledge\knowledge_loader.py", line 71
    try:
    ^^^
IndentationError: expected an indented block after 'if' statement on line 70
[15:11:30] [yf2_v5] [INFO] 2号位打出['PASS', 'PASS', 'PASS']， 最大动作为1号位打出的['ThreeWithTwo', '3', ['S3', 'H3', 'C3', 'H2', 'C2']]
[15:11:30] [yf2_v5] [INFO] 3号位打出['PASS', 'PASS', 'PASS']， 最大动作为1号位打出的['ThreeWithTwo', '3', ['S3', 'H3', 'C3', 'H2', 'C2']]
[15:11:30] [yf2_v5] [INFO] 0号位打出['PASS', 'PASS', 'PASS']， 最大动作为1号位打出的['ThreeWithTwo', '3', ['S3', 'H3', 'C3', 'H2', 'C2']]
[15:11:30] [yf2_v5] [INFO] 1号位打出['Pair', '9', ['S9', 'H9']]， 最大动作为1号位打出的['Pair', '9', ['S9', 'H9']]
[15:11:30] [YFAdapter-P2] [INFO] [YF-P2] Decision context: myPos=2, curPos=1, greaterPos=1, teammate=0, curAction=[, actionList_size=63
[15:11:30] [YFAdapter-P2] [INFO] [YF-P2] Decided: action_index=0, action=['PASS', 'PASS', 'PASS']
[15:11:30] [HybridV4-P2] [ERROR] Knowledge enhancement error: expected an indented block after 'if' statement on line 70 (knowledge_loader.py, line 71)
Traceback (most recent call last):
  File "D:\YiFeiAI-GD\src\decision\hybrid_decision_engine_v4.py", line 280, in _enhance_candidates
    from knowledge.knowledge_enhanced_decision import KnowledgeEnhancedDecisionEngine
  File "D:\YiFeiAI-GD\src\knowledge\knowledge_enhanced_decision.py", line 19, in <module>
    from knowledge.knowledge_loader import KnowledgeLoader
  File "D:\YiFeiAI-GD\src\knowledge\knowledge_loader.py", line 71
    try:
    ^^^
IndentationError: expected an indented block after 'if' statement on line 70
[15:11:30] [yf2_v5] [INFO] 2号位打出['PASS', 'PASS', 'PASS']， 最大动作为1号位打出的['Pair', '9', ['S9', 'H9']]
[15:11:30] [yf2_v5] [INFO] 3号位打出['Pair', '5', ['C5', 'D5']]， 最大动作为3号位打出的['Pair', '5', ['C5', 'D5']]
[15:11:30] [yf2_v5] [INFO] 0号位打出['PASS', 'PASS', 'PASS']， 最大动作为3号位打出的['Pair', '5', ['C5', 'D5']]
[15:11:30] [yf2_v5] [INFO] 1号位打出['PASS', 'PASS', 'PASS']， 最大动作为3号位打出的['Pair', '5', ['C5', 'D5']]
[15:11:30] [YFAdapter-P2] [INFO] [YF-P2] Decision context: myPos=2, curPos=1, greaterPos=3, teammate=0, curAction=[, actionList_size=43
[15:11:30] [YFAdapter-P2] [INFO] [YF-P2] Decided: action_index=0, action=['PASS', 'PASS', 'PASS']
[15:11:30] [HybridV4-P2] [ERROR] Knowledge enhancement error: expected an indented block after 'if' statement on line 70 (knowledge_loader.py, line 71)
Traceback (most recent call last):
  File "D:\YiFeiAI-GD\src\decision\hybrid_decision_engine_v4.py", line 280, in _enhance_candidates
    from knowledge.knowledge_enhanced_decision import KnowledgeEnhancedDecisionEngine
  File "D:\YiFeiAI-GD\src\knowledge\knowledge_enhanced_decision.py", line 19, in <module>
    from knowledge.knowledge_loader import KnowledgeLoader
  File "D:\YiFeiAI-GD\src\knowledge\knowledge_loader.py", line 71
    try:
    ^^^
IndentationError: expected an indented block after 'if' statement on line 70
[15:11:30] [yf2_v5] [INFO] 2号位打出['PASS', 'PASS', 'PASS']， 最大动作为3号位打出的['Pair', '5', ['C5', 'D5']]
[15:11:30] [yf2_v5] [INFO] 3号位打出['Straight', '7', ['D7', 'S8', 'H9', 'DT', 'DJ']]， 最大动作为3号位打出的['Straight', '7', ['D7', 'S8', 'H9', 'DT', 'DJ']]
[15:11:30] [yf2_v5] [INFO] 0号位打出['PASS', 'PASS', 'PASS']， 最大动作为3号位打出的['Straight', '7', ['D7', 'S8', 'H9', 'DT', 'DJ']]
[15:11:30] [yf2_v5] [INFO] 1号位打出['PASS', 'PASS', 'PASS']， 最大动作为3号位打出的['Straight', '7', ['D7', 'S8', 'H9', 'DT', 'DJ']]
[15:11:30] [YFAdapter-P2] [INFO] [YF-P2] Decision context: myPos=2, curPos=1, greaterPos=3, teammate=0, curAction=[, actionList_size=67
[15:11:30] [YFAdapter-P2] [INFO] [YF-P2] Decided: action_index=0, action=['PASS', 'PASS', 'PASS']
[15:11:30] [HybridV4-P2] [ERROR] Knowledge enhancement error: expected an indented block after 'if' statement on line 70 (knowledge_loader.py, line 71)
Traceback (most recent call last):
  File "D:\YiFeiAI-GD\src\decision\hybrid_decision_engine_v4.py", line 280, in _enhance_candidates
    from knowledge.knowledge_enhanced_decision import KnowledgeEnhancedDecisionEngine
  File "D:\YiFeiAI-GD\src\knowledge\knowledge_enhanced_decision.py", line 19, in <module>
    from knowledge.knowledge_loader import KnowledgeLoader
  File "D:\YiFeiAI-GD\src\knowledge\knowledge_loader.py", line 71
    try:
    ^^^
IndentationError: expected an indented block after 'if' statement on line 70
[15:11:30] [yf2_v5] [INFO] 2号位打出['PASS', 'PASS', 'PASS']， 最大动作为3号位打出的['Straight', '7', ['D7', 'S8', 'H9', 'DT', 'DJ']]
[15:11:30] [yf2_v5] [INFO] 3号位打出['ThreeWithTwo', '3', ['H3', 'D3', 'D3', 'S4', 'D4']]， 最大动作为3号位打出的['ThreeWithTwo', '3', ['H3', 'D3', 'D3', 'S4', 'D4']]
[15:11:30] [yf2_v5] [INFO] 0号位打出['PASS', 'PASS', 'PASS']， 最大动作为3号位打出的['ThreeWithTwo', '3', ['H3', 'D3', 'D3', 'S4', 'D4']]
[15:11:30] [yf2_v5] [INFO] 1号位打出['ThreeWithTwo', '8', ['H8', 'C8', 'H5', 'C4', 'D4']]， 最大动作为1号位打出的['ThreeWithTwo', '8', ['H8', 'C8', 'H5', 'C4', 'D4']]
[15:11:30] [YFAdapter-P2] [INFO] [YF-P2] Decision context: myPos=2, curPos=1, greaterPos=1, teammate=0, curAction=[, actionList_size=710
[15:11:30] [YFAdapter-P2] [INFO] [YF-P2] Decided: action_index=0, action=['PASS', 'PASS', 'PASS']
[15:11:30] [HybridV4-P2] [ERROR] Knowledge enhancement error: expected an indented block after 'if' statement on line 70 (knowledge_loader.py, line 71)
Traceback (most recent call last):
  File "D:\YiFeiAI-GD\src\decision\hybrid_decision_engine_v4.py", line 280, in _enhance_candidates
    from knowledge.knowledge_enhanced_decision import KnowledgeEnhancedDecisionEngine
  File "D:\YiFeiAI-GD\src\knowledge\knowledge_enhanced_decision.py", line 19, in <module>
    from knowledge.knowledge_loader import KnowledgeLoader
  File "D:\YiFeiAI-GD\src\knowledge\knowledge_loader.py", line 71
    try:
    ^^^
IndentationError: expected an indented block after 'if' statement on line 70
[15:11:30] [yf2_v5] [INFO] 2号位打出['PASS', 'PASS', 'PASS']， 最大动作为1号位打出的['ThreeWithTwo', '8', ['H8', 'C8', 'H5', 'C4', 'D4']]
[15:11:30] [yf2_v5] [INFO] 3号位打出['PASS', 'PASS', 'PASS']， 最大动作为1号位打出的['ThreeWithTwo', '8', ['H8', 'C8', 'H5', 'C4', 'D4']]
[15:11:30] [yf2_v5] [INFO] 0号位打出['PASS', 'PASS', 'PASS']， 最大动作为1号位打出的['ThreeWithTwo', '8', ['H8', 'C8', 'H5', 'C4', 'D4']]
[15:11:30] [yf2_v5] [INFO] 1号位打出['Single', '8', ['D8']]， 最大动作为1号位打出的['Single', '8', ['D8']]
[15:11:30] [YFAdapter-P2] [INFO] [YF-P2] Decision context: myPos=2, curPos=1, greaterPos=1, teammate=0, curAction=[, actionList_size=54
[15:11:30] [YFAdapter-P2] [INFO] [YF-P2] Decided: action_index=0, action=['PASS', 'PASS', 'PASS']
[15:11:30] [HybridV4-P2] [ERROR] Knowledge enhancement error: expected an indented block after 'if' statement on line 70 (knowledge_loader.py, line 71)
Traceback (most recent call last):
  File "D:\YiFeiAI-GD\src\decision\hybrid_decision_engine_v4.py", line 280, in _enhance_candidates
    from knowledge.knowledge_enhanced_decision import KnowledgeEnhancedDecisionEngine
  File "D:\YiFeiAI-GD\src\knowledge\knowledge_enhanced_decision.py", line 19, in <module>
    from knowledge.knowledge_loader import KnowledgeLoader
  File "D:\YiFeiAI-GD\src\knowledge\knowledge_loader.py", line 71
    try:
    ^^^
IndentationError: expected an indented block after 'if' statement on line 70
[15:11:30] [yf2_v5] [INFO] 2号位打出['PASS', 'PASS', 'PASS']， 最大动作为1号位打出的['Single', '8', ['D8']]
[15:11:30] [yf2_v5] [INFO] 3号位打出['Single', 'A', ['SA']]， 最大动作为3号位打出的['Single', 'A', ['SA']]
[15:11:30] [yf2_v5] [INFO] 0号位打出['PASS', 'PASS', 'PASS']， 最大动作为3号位打出的['Single', 'A', ['SA']]
[15:11:30] [yf2_v5] [INFO] 1号位打出['PASS', 'PASS', 'PASS']， 最大动作为3号位打出的['Single', 'A', ['SA']]
[15:11:30] [YFAdapter-P2] [INFO] [YF-P2] Decision context: myPos=2, curPos=1, greaterPos=3, teammate=0, curAction=[, actionList_size=44
[15:11:30] [YFAdapter-P2] [INFO] [YF-P2] Decided: action_index=0, action=['PASS', 'PASS', 'PASS']
[15:11:30] [HybridV4-P2] [ERROR] Knowledge enhancement error: expected an indented block after 'if' statement on line 70 (knowledge_loader.py, line 71)
Traceback (most recent call last):
  File "D:\YiFeiAI-GD\src\decision\hybrid_decision_engine_v4.py", line 280, in _enhance_candidates
    from knowledge.knowledge_enhanced_decision import KnowledgeEnhancedDecisionEngine
  File "D:\YiFeiAI-GD\src\knowledge\knowledge_enhanced_decision.py", line 19, in <module>
    from knowledge.knowledge_loader import KnowledgeLoader
  File "D:\YiFeiAI-GD\src\knowledge\knowledge_loader.py", line 71
    try:
    ^^^
IndentationError: expected an indented block after 'if' statement on line 70
[15:11:30] [yf2_v5] [INFO] 2号位打出['PASS', 'PASS', 'PASS']， 最大动作为3号位打出的['Single', 'A', ['SA']]
[15:11:30] [yf2_v5] [INFO] 3号位打出['Pair', '6', ['S6', 'H6']]， 最大动作为3号位打出的['Pair', '6', ['S6', 'H6']]
[15:11:30] [yf2_v5] [INFO] 0号位打出['PASS', 'PASS', 'PASS']， 最大动作为3号位打出的['Pair', '6', ['S6', 'H6']]
[15:11:30] [yf2_v5] [INFO] 1号位打出['Pair', 'Q', ['SQ', 'HQ']]， 最大动作为1号位打出的['Pair', 'Q', ['SQ', 'HQ']]
[15:11:30] [YFAdapter-P2] [INFO] [YF-P2] Decision context: myPos=2, curPos=1, greaterPos=1, teammate=0, curAction=[, actionList_size=44
[15:11:30] [YFAdapter-P2] [INFO] [YF-P2] Decided: action_index=0, action=['PASS', 'PASS', 'PASS']
[15:11:30] [HybridV4-P2] [ERROR] Knowledge enhancement error: expected an indented block after 'if' statement on line 70 (knowledge_loader.py, line 71)
Traceback (most recent call last):
  File "D:\YiFeiAI-GD\src\decision\hybrid_decision_engine_v4.py", line 280, in _enhance_candidates
    from knowledge.knowledge_enhanced_decision import KnowledgeEnhancedDecisionEngine
  File "D:\YiFeiAI-GD\src\knowledge\knowledge_enhanced_decision.py", line 19, in <module>
    from knowledge.knowledge_loader import KnowledgeLoader
  File "D:\YiFeiAI-GD\src\knowledge\knowledge_loader.py", line 71
    try:
    ^^^
IndentationError: expected an indented block after 'if' statement on line 70
[15:11:30] [yf2_v5] [INFO] 2号位打出['PASS', 'PASS', 'PASS']， 最大动作为1号位打出的['Pair', 'Q', ['SQ', 'HQ']]
[15:11:30] [yf2_v5] [INFO] 3号位打出['Pair', 'B', ['SB', 'SB']]， 最大动作为3号位打出的['Pair', 'B', ['SB', 'SB']]
[15:11:30] [yf2_v5] [INFO] 0号位打出['PASS', 'PASS', 'PASS']， 最大动作为3号位打出的['Pair', 'B', ['SB', 'SB']]
[15:11:30] [yf2_v5] [INFO] 1号位打出['PASS', 'PASS', 'PASS']， 最大动作为3号位打出的['Pair', 'B', ['SB', 'SB']]
[15:11:30] [YFAdapter-P2] [INFO] [YF-P2] Decision context: myPos=2, curPos=1, greaterPos=3, teammate=0, curAction=[, actionList_size=43
[15:11:30] [YFAdapter-P2] [INFO] [YF-P2] Decided: action_index=0, action=['PASS', 'PASS', 'PASS']
[15:11:30] [HybridV4-P2] [ERROR] Knowledge enhancement error: expected an indented block after 'if' statement on line 70 (knowledge_loader.py, line 71)
Traceback (most recent call last):
  File "D:\YiFeiAI-GD\src\decision\hybrid_decision_engine_v4.py", line 280, in _enhance_candidates
    from knowledge.knowledge_enhanced_decision import KnowledgeEnhancedDecisionEngine
  File "D:\YiFeiAI-GD\src\knowledge\knowledge_enhanced_decision.py", line 19, in <module>
    from knowledge.knowledge_loader import KnowledgeLoader
  File "D:\YiFeiAI-GD\src\knowledge\knowledge_loader.py", line 71
    try:
    ^^^
IndentationError: expected an indented block after 'if' statement on line 70
[15:11:30] [yf2_v5] [INFO] 2号位打出['PASS', 'PASS', 'PASS']， 最大动作为3号位打出的['Pair', 'B', ['SB', 'SB']]
[15:11:30] [yf2_v5] [INFO] 3号位打出['Pair', '8', ['H8', 'D8']]， 最大动作为3号位打出的['Pair', '8', ['H8', 'D8']]
[15:11:30] [yf2_v5] [INFO] 0号位打出['PASS', 'PASS', 'PASS']， 最大动作为3号位打出的['Pair', '8', ['H8', 'D8']]
[15:11:30] [yf2_v5] [INFO] 1号位打出['Pair', 'K', ['HK', 'CK']]， 最大动作为1号位打出的['Pair', 'K', ['HK', 'CK']]
[15:11:30] [YFAdapter-P2] [INFO] [YF-P2] Decision context: myPos=2, curPos=1, greaterPos=1, teammate=0, curAction=[, actionList_size=44
[15:11:30] [YFAdapter-P2] [INFO] [YF-P2] Decided: action_index=0, action=['PASS', 'PASS', 'PASS']
[15:11:30] [HybridV4-P2] [ERROR] Knowledge enhancement error: expected an indented block after 'if' statement on line 70 (knowledge_loader.py, line 71)
Traceback (most recent call last):
  File "D:\YiFeiAI-GD\src\decision\hybrid_decision_engine_v4.py", line 280, in _enhance_candidates
    from knowledge.knowledge_enhanced_decision import KnowledgeEnhancedDecisionEngine
  File "D:\YiFeiAI-GD\src\knowledge\knowledge_enhanced_decision.py", line 19, in <module>
    from knowledge.knowledge_loader import KnowledgeLoader
  File "D:\YiFeiAI-GD\src\knowledge\knowledge_loader.py", line 71
    try:
    ^^^
IndentationError: expected an indented block after 'if' statement on line 70
[15:11:30] [yf2_v5] [INFO] 2号位打出['PASS', 'PASS', 'PASS']， 最大动作为1号位打出的['Pair', 'K', ['HK', 'CK']]
[15:11:30] [yf2_v5] [INFO] 3号位打出['PASS', 'PASS', 'PASS']， 最大动作为1号位打出的['Pair', 'K', ['HK', 'CK']]
[15:11:30] [yf2_v5] [INFO] 0号位打出['PASS', 'PASS', 'PASS']， 最大动作为1号位打出的['Pair', 'K', ['HK', 'CK']]
[15:11:30] [yf2_v5] [INFO] 1号位打出['Pair', 'A', ['SA', 'DA']]， 最大动作为1号位打出的['Pair', 'A', ['SA', 'DA']]
[15:11:30] [YFAdapter-P2] [INFO] [YF-P2] Decision context: myPos=2, curPos=1, greaterPos=1, teammate=0, curAction=[, actionList_size=43
[15:11:30] [YFAdapter-P2] [INFO] [YF-P2] Decided: action_index=0, action=['PASS', 'PASS', 'PASS']
[15:11:30] [HybridV4-P2] [ERROR] Knowledge enhancement error: expected an indented block after 'if' statement on line 70 (knowledge_loader.py, line 71)
Traceback (most recent call last):
  File "D:\YiFeiAI-GD\src\decision\hybrid_decision_engine_v4.py", line 280, in _enhance_candidates
    from knowledge.knowledge_enhanced_decision import KnowledgeEnhancedDecisionEngine
  File "D:\YiFeiAI-GD\src\knowledge\knowledge_enhanced_decision.py", line 19, in <module>
    from knowledge.knowledge_loader import KnowledgeLoader
  File "D:\YiFeiAI-GD\src\knowledge\knowledge_loader.py", line 71
    try:
    ^^^
IndentationError: expected an indented block after 'if' statement on line 70
[15:11:30] [yf2_v5] [INFO] 2号位打出['PASS', 'PASS', 'PASS']， 最大动作为1号位打出的['Pair', 'A', ['SA', 'DA']]
[15:11:30] [yf2_v5] [INFO] 3号位打出['PASS', 'PASS', 'PASS']， 最大动作为1号位打出的['Pair', 'A', ['SA', 'DA']]
[15:11:30] [yf2_v5] [INFO] 0号位打出['PASS', 'PASS', 'PASS']， 最大动作为1号位打出的['Pair', 'A', ['SA', 'DA']]
[15:11:30] [yf2_v5] [INFO] 1号位打出['Single', '5', ['S5']]， 最大动作为1号位打出的['Single', '5', ['S5']]
[15:11:30] [YFAdapter-P2] [INFO] [YF-P2] Decision context: myPos=2, curPos=1, greaterPos=1, teammate=0, curAction=[, actionList_size=43
[15:11:30] [YFAdapter-P2] [INFO] [YF-P2] Decided: action_index=0, action=['PASS', 'PASS', 'PASS']
[15:11:30] [YFAdapter-P2] [WARNING] [YF-P2] 检测到过于保守: 对手快走完(剩5张), 触发Layer 2/3进行更积极的决策
[15:11:31] [HybridV4-P2] [ERROR] Knowledge enhancement error: expected an indented block after 'if' statement on line 70 (knowledge_loader.py, line 71)
Traceback (most recent call last):
  File "D:\YiFeiAI-GD\src\decision\hybrid_decision_engine_v4.py", line 280, in _enhance_candidates
    from knowledge.knowledge_enhanced_decision import KnowledgeEnhancedDecisionEngine
  File "D:\YiFeiAI-GD\src\knowledge\knowledge_enhanced_decision.py", line 19, in <module>
    from knowledge.knowledge_loader import KnowledgeLoader
  File "D:\YiFeiAI-GD\src\knowledge\knowledge_loader.py", line 71
    try:
    ^^^
IndentationError: expected an indented block after 'if' statement on line 70
[15:11:31] [yf2_v5] [INFO] 2号位打出['PASS', 'PASS', 'PASS']， 最大动作为1号位打出的['Single', '5', ['S5']]
[15:11:31] [yf2_v5] [INFO] 3号位打出['PASS', 'PASS', 'PASS']， 最大动作为1号位打出的['Single', '5', ['S5']]
[15:11:31] [yf2_v5] [INFO] 0号位打出['PASS', 'PASS', 'PASS']， 最大动作为1号位打出的['Single', '5', ['S5']]
[15:11:31] [yf2_v5] [INFO] 1号位打出['Bomb', '7', ['S7', 'S7', 'H7', 'C7', 'D7']]， 最大动作为1号位打出的['Bomb', '7', ['S7', 'S7', 'H7', 'C7', 'D7']]
[15:11:31] [YFAdapter-P2] [INFO] [YF-P2] Decision context: myPos=2, curPos=1, greaterPos=1, teammate=0, curAction=[, actionList_size=17
[15:11:31] [YFAdapter-P2] [INFO] [YF-P2] Decided: action_index=0, action=['PASS', 'PASS', 'PASS']
[15:11:31] [YFAdapter-P2] [WARNING] [YF-P2] 检测到过于保守: 对手快走完(剩0张), 触发Layer 2/3进行更积极的决策
[15:11:31] [HybridV4-P2] [ERROR] Knowledge enhancement error: expected an indented block after 'if' statement on line 70 (knowledge_loader.py, line 71)
Traceback (most recent call last):
  File "D:\YiFeiAI-GD\src\decision\hybrid_decision_engine_v4.py", line 280, in _enhance_candidates
    from knowledge.knowledge_enhanced_decision import KnowledgeEnhancedDecisionEngine
  File "D:\YiFeiAI-GD\src\knowledge\knowledge_enhanced_decision.py", line 19, in <module>
    from knowledge.knowledge_loader import KnowledgeLoader
  File "D:\YiFeiAI-GD\src\knowledge\knowledge_loader.py", line 71
    try:
    ^^^
IndentationError: expected an indented block after 'if' statement on line 70
[15:11:31] [yf2_v5] [INFO] 2号位打出['PASS', 'PASS', 'PASS']， 最大动作为1号位打出的['Bomb', '7', ['S7', 'S7', 'H7', 'C7', 'D7']]
[15:11:31] [yf2_v5] [INFO] 3号位打出['PASS', 'PASS', 'PASS']， 最大动作为1号位打出的['Bomb', '7', ['S7', 'S7', 'H7', 'C7', 'D7']]
[15:11:31] [yf2_v5] [INFO] 3号位打出['Pair', 'R', ['HR', 'HR']]， 最大动作为3号位打出的['Pair', 'R', ['HR', 'HR']]
[15:11:31] [yf2_v5] [INFO] 0号位打出['PASS', 'PASS', 'PASS']， 最大动作为3号位打出的['Pair', 'R', ['HR', 'HR']]
[15:11:31] [YFAdapter-P2] [INFO] [YF-P2] Decision context: myPos=2, curPos=0, greaterPos=3, teammate=0, curAction=[, actionList_size=43
[15:11:31] [YFAdapter-P2] [INFO] [YF-P2] Decided: action_index=0, action=['PASS', 'PASS', 'PASS']
[15:11:31] [YFAdapter-P2] [WARNING] [YF-P2] 检测到过于保守: 对手快走完(剩0张), 触发Layer 2/3进行更积极的决策
[15:11:31] [HybridV4-P2] [ERROR] Knowledge enhancement error: expected an indented block after 'if' statement on line 70 (knowledge_loader.py, line 71)
Traceback (most recent call last):
  File "D:\YiFeiAI-GD\src\decision\hybrid_decision_engine_v4.py", line 280, in _enhance_candidates
    from knowledge.knowledge_enhanced_decision import KnowledgeEnhancedDecisionEngine
  File "D:\YiFeiAI-GD\src\knowledge\knowledge_enhanced_decision.py", line 19, in <module>
    from knowledge.knowledge_loader import KnowledgeLoader
  File "D:\YiFeiAI-GD\src\knowledge\knowledge_loader.py", line 71
    try:
    ^^^
IndentationError: expected an indented block after 'if' statement on line 70
[15:11:31] [yf2_v5] [INFO] 2号位打出['PASS', 'PASS', 'PASS']， 最大动作为3号位打出的['Pair', 'R', ['HR', 'HR']]
[15:11:31] [yf2_v5] [INFO] 3号位打出['Bomb', 'Q', ['SQ', 'HQ', 'CQ', 'DQ', 'DQ']]， 最大动作为3号位打出的['Bomb', 'Q', ['SQ', 'HQ', 'CQ', 'DQ', 'DQ']]
[15:11:31] [yf2_v5] [INFO] 游戏开始, 我是2号位，手牌：['C2', 'D2', 'S3', 'H3', 'H4', 'C4', 'D5', 'S6', 'H7', 'H9', 'C9', 'CT', 'SJ', 'SJ', 'HJ', 'HJ', 'DJ', 'DQ', 'CK', 'CK', 'HA', 'H8', 'C8', 'C8', 'D8', 'SB', 'HR']
[15:11:31] [yf2_v5] [INFO] 1号位打出['Single', '2', ['S2']]， 最大动作为1号位打出的['Single', '2', ['S2']]
[15:11:31] [YFAdapter-P2] [INFO] [YF-P2] Decision context: myPos=2, curPos=1, greaterPos=1, teammate=0, curAction=[, actionList_size=36
[15:11:31] [YFAdapter-P2] [INFO] [YF-P2] Decided: action_index=0, action=['PASS', 'PASS', 'PASS']
[15:11:31] [HybridV4-P2] [ERROR] Knowledge enhancement error: expected an indented block after 'if' statement on line 70 (knowledge_loader.py, line 71)
Traceback (most recent call last):
  File "D:\YiFeiAI-GD\src\decision\hybrid_decision_engine_v4.py", line 280, in _enhance_candidates
    from knowledge.knowledge_enhanced_decision import KnowledgeEnhancedDecisionEngine
  File "D:\YiFeiAI-GD\src\knowledge\knowledge_enhanced_decision.py", line 19, in <module>
    from knowledge.knowledge_loader import KnowledgeLoader
  File "D:\YiFeiAI-GD\src\knowledge\knowledge_loader.py", line 71
    try:
    ^^^
IndentationError: expected an indented block after 'if' statement on line 70
[15:11:31] [yf2_v5] [INFO] 2号位打出['PASS', 'PASS', 'PASS']， 最大动作为1号位打出的['Single', '2', ['S2']]
[15:11:31] [yf2_v5] [INFO] 3号位打出['Single', '4', ['D4']]， 最大动作为3号位打出的['Single', '4', ['D4']]
[15:11:31] [yf2_v5] [INFO] 0号位打出['PASS', 'PASS', 'PASS']， 最大动作为3号位打出的['Single', '4', ['D4']]
[15:11:31] [yf2_v5] [INFO] 1号位打出['Single', 'T', ['DT']]， 最大动作为1号位打出的['Single', 'T', ['DT']]
[15:11:31] [YFAdapter-P2] [INFO] [YF-P2] Decision context: myPos=2, curPos=1, greaterPos=1, teammate=0, curAction=[, actionList_size=26
[15:11:31] [YFAdapter-P2] [INFO] [YF-P2] Decided: action_index=0, action=['PASS', 'PASS', 'PASS']
[15:11:31] [HybridV4-P2] [ERROR] Knowledge enhancement error: expected an indented block after 'if' statement on line 70 (knowledge_loader.py, line 71)
Traceback (most recent call last):
  File "D:\YiFeiAI-GD\src\decision\hybrid_decision_engine_v4.py", line 280, in _enhance_candidates
    from knowledge.knowledge_enhanced_decision import KnowledgeEnhancedDecisionEngine
  File "D:\YiFeiAI-GD\src\knowledge\knowledge_enhanced_decision.py", line 19, in <module>
    from knowledge.knowledge_loader import KnowledgeLoader
  File "D:\YiFeiAI-GD\src\knowledge\knowledge_loader.py", line 71
    try:
    ^^^
IndentationError: expected an indented block after 'if' statement on line 70
[15:11:31] [yf2_v5] [INFO] 2号位打出['PASS', 'PASS', 'PASS']， 最大动作为1号位打出的['Single', 'T', ['DT']]
[15:11:31] [yf2_v5] [INFO] 3号位打出['Single', 'J', ['CJ']]， 最大动作为3号位打出的['Single', 'J', ['CJ']]
[15:11:31] [yf2_v5] [INFO] 0号位打出['PASS', 'PASS', 'PASS']， 最大动作为3号位打出的['Single', 'J', ['CJ']]
[15:11:31] [yf2_v5] [INFO] 1号位打出['Single', 'K', ['DK']]， 最大动作为1号位打出的['Single', 'K', ['DK']]
[15:11:31] [YFAdapter-P2] [INFO] [YF-P2] Decision context: myPos=2, curPos=1, greaterPos=1, teammate=0, curAction=[, actionList_size=21
[15:11:31] [YFAdapter-P2] [INFO] [YF-P2] Decided: action_index=0, action=['PASS', 'PASS', 'PASS']
[15:11:31] [HybridV4-P2] [ERROR] Knowledge enhancement error: expected an indented block after 'if' statement on line 70 (knowledge_loader.py, line 71)
Traceback (most recent call last):
  File "D:\YiFeiAI-GD\src\decision\hybrid_decision_engine_v4.py", line 280, in _enhance_candidates
    from knowledge.knowledge_enhanced_decision import KnowledgeEnhancedDecisionEngine
  File "D:\YiFeiAI-GD\src\knowledge\knowledge_enhanced_decision.py", line 19, in <module>
    from knowledge.knowledge_loader import KnowledgeLoader
  File "D:\YiFeiAI-GD\src\knowledge\knowledge_loader.py", line 71
    try:
    ^^^
IndentationError: expected an indented block after 'if' statement on line 70
[15:11:31] [yf2_v5] [INFO] 2号位打出['PASS', 'PASS', 'PASS']， 最大动作为1号位打出的['Single', 'K', ['DK']]
[15:11:31] [yf2_v5] [INFO] 3号位打出['Single', 'A', ['HA']]， 最大动作为3号位打出的['Single', 'A', ['HA']]
[15:11:31] [yf2_v5] [INFO] 0号位打出['PASS', 'PASS', 'PASS']， 最大动作为3号位打出的['Single', 'A', ['HA']]
[15:11:31] [yf2_v5] [INFO] 1号位打出['PASS', 'PASS', 'PASS']， 最大动作为3号位打出的['Single', 'A', ['HA']]
[15:11:31] [YFAdapter-P2] [INFO] [YF-P2] Decision context: myPos=2, curPos=1, greaterPos=3, teammate=0, curAction=[, actionList_size=20
[15:11:31] [YFAdapter-P2] [INFO] [YF-P2] Decided: action_index=0, action=['PASS', 'PASS', 'PASS']
[15:11:31] [HybridV4-P2] [ERROR] Knowledge enhancement error: expected an indented block after 'if' statement on line 70 (knowledge_loader.py, line 71)
Traceback (most recent call last):
  File "D:\YiFeiAI-GD\src\decision\hybrid_decision_engine_v4.py", line 280, in _enhance_candidates
    from knowledge.knowledge_enhanced_decision import KnowledgeEnhancedDecisionEngine
  File "D:\YiFeiAI-GD\src\knowledge\knowledge_enhanced_decision.py", line 19, in <module>
    from knowledge.knowledge_loader import KnowledgeLoader
  File "D:\YiFeiAI-GD\src\knowledge\knowledge_loader.py", line 71
    try:
    ^^^
IndentationError: expected an indented block after 'if' statement on line 70
[15:11:31] [yf2_v5] [INFO] 2号位打出['PASS', 'PASS', 'PASS']， 最大动作为3号位打出的['Single', 'A', ['HA']]
[15:11:31] [yf2_v5] [INFO] 3号位打出['Single', '6', ['H6']]， 最大动作为3号位打出的['Single', '6', ['H6']]
[15:11:31] [yf2_v5] [INFO] 0号位打出['PASS', 'PASS', 'PASS']， 最大动作为3号位打出的['Single', '6', ['H6']]
[15:11:31] [yf2_v5] [INFO] 1号位打出['Single', '8', ['S8']]， 最大动作为1号位打出的['Single', '8', ['S8']]
[15:11:31] [YFAdapter-P2] [INFO] [YF-P2] Decision context: myPos=2, curPos=1, greaterPos=1, teammate=0, curAction=[, actionList_size=17
[15:11:31] [YFAdapter-P2] [INFO] [YF-P2] Decided: action_index=0, action=['PASS', 'PASS', 'PASS']
[15:11:31] [HybridV4-P2] [ERROR] Knowledge enhancement error: expected an indented block after 'if' statement on line 70 (knowledge_loader.py, line 71)
Traceback (most recent call last):
  File "D:\YiFeiAI-GD\src\decision\hybrid_decision_engine_v4.py", line 280, in _enhance_candidates
    from knowledge.knowledge_enhanced_decision import KnowledgeEnhancedDecisionEngine
  File "D:\YiFeiAI-GD\src\knowledge\knowledge_enhanced_decision.py", line 19, in <module>
    from knowledge.knowledge_loader import KnowledgeLoader
  File "D:\YiFeiAI-GD\src\knowledge\knowledge_loader.py", line 71
    try:
    ^^^
IndentationError: expected an indented block after 'if' statement on line 70
[15:11:31] [yf2_v5] [INFO] 2号位打出['PASS', 'PASS', 'PASS']， 最大动作为1号位打出的['Single', '8', ['S8']]
[15:11:31] [yf2_v5] [INFO] 3号位打出['PASS', 'PASS', 'PASS']， 最大动作为1号位打出的['Single', '8', ['S8']]
[15:11:31] [yf2_v5] [INFO] 0号位打出['PASS', 'PASS', 'PASS']， 最大动作为1号位打出的['Single', '8', ['S8']]
[15:11:31] [yf2_v5] [INFO] 1号位打出['Single', '2', ['H2']]， 最大动作为1号位打出的['Single', '2', ['H2']]
[15:11:31] [YFAdapter-P2] [INFO] [YF-P2] Decision context: myPos=2, curPos=1, greaterPos=1, teammate=0, curAction=[, actionList_size=36
[15:11:31] [YFAdapter-P2] [INFO] [YF-P2] Decided: action_index=0, action=['PASS', 'PASS', 'PASS']
[15:11:31] [HybridV4-P2] [ERROR] Knowledge enhancement error: expected an indented block after 'if' statement on line 70 (knowledge_loader.py, line 71)
Traceback (most recent call last):
  File "D:\YiFeiAI-GD\src\decision\hybrid_decision_engine_v4.py", line 280, in _enhance_candidates
    from knowledge.knowledge_enhanced_decision import KnowledgeEnhancedDecisionEngine
  File "D:\YiFeiAI-GD\src\knowledge\knowledge_enhanced_decision.py", line 19, in <module>
    from knowledge.knowledge_loader import KnowledgeLoader
  File "D:\YiFeiAI-GD\src\knowledge\knowledge_loader.py", line 71
    try:
    ^^^
IndentationError: expected an indented block after 'if' statement on line 70
[15:11:31] [yf2_v5] [INFO] 2号位打出['PASS', 'PASS', 'PASS']， 最大动作为1号位打出的['Single', '2', ['H2']]
[15:11:31] [yf2_v5] [INFO] 3号位打出['Single', '8', ['S8']]， 最大动作为3号位打出的['Single', '8', ['S8']]
[15:11:31] [yf2_v5] [INFO] 0号位打出['PASS', 'PASS', 'PASS']， 最大动作为3号位打出的['Single', '8', ['S8']]
[15:11:31] [yf2_v5] [INFO] 1号位打出['PASS', 'PASS', 'PASS']， 最大动作为3号位打出的['Single', '8', ['S8']]
[15:11:31] [YFAdapter-P2] [INFO] [YF-P2] Decision context: myPos=2, curPos=1, greaterPos=3, teammate=0, curAction=[, actionList_size=17
[15:11:31] [YFAdapter-P2] [INFO] [YF-P2] Decided: action_index=0, action=['PASS', 'PASS', 'PASS']
[15:11:31] [HybridV4-P2] [ERROR] Knowledge enhancement error: expected an indented block after 'if' statement on line 70 (knowledge_loader.py, line 71)
Traceback (most recent call last):
  File "D:\YiFeiAI-GD\src\decision\hybrid_decision_engine_v4.py", line 280, in _enhance_candidates
    from knowledge.knowledge_enhanced_decision import KnowledgeEnhancedDecisionEngine
  File "D:\YiFeiAI-GD\src\knowledge\knowledge_enhanced_decision.py", line 19, in <module>
    from knowledge.knowledge_loader import KnowledgeLoader
  File "D:\YiFeiAI-GD\src\knowledge\knowledge_loader.py", line 71
    try:
    ^^^
IndentationError: expected an indented block after 'if' statement on line 70
[15:11:31] [yf2_v5] [INFO] 2号位打出['PASS', 'PASS', 'PASS']， 最大动作为3号位打出的['Single', '8', ['S8']]
[15:11:31] [yf2_v5] [INFO] 3号位打出['Single', '2', ['S2']]， 最大动作为3号位打出的['Single', '2', ['S2']]
[15:11:31] [yf2_v5] [INFO] 0号位打出['PASS', 'PASS', 'PASS']， 最大动作为3号位打出的['Single', '2', ['S2']]
[15:11:31] [yf2_v5] [INFO] 1号位打出['PASS', 'PASS', 'PASS']， 最大动作为3号位打出的['Single', '2', ['S2']]
[15:11:31] [YFAdapter-P2] [INFO] [YF-P2] Decision context: myPos=2, curPos=1, greaterPos=3, teammate=0, curAction=[, actionList_size=36
[15:11:31] [YFAdapter-P2] [INFO] [YF-P2] Decided: action_index=0, action=['PASS', 'PASS', 'PASS']
[15:11:31] [HybridV4-P2] [ERROR] Knowledge enhancement error: expected an indented block after 'if' statement on line 70 (knowledge_loader.py, line 71)
Traceback (most recent call last):
  File "D:\YiFeiAI-GD\src\decision\hybrid_decision_engine_v4.py", line 280, in _enhance_candidates
    from knowledge.knowledge_enhanced_decision import KnowledgeEnhancedDecisionEngine
  File "D:\YiFeiAI-GD\src\knowledge\knowledge_enhanced_decision.py", line 19, in <module>
    from knowledge.knowledge_loader import KnowledgeLoader
  File "D:\YiFeiAI-GD\src\knowledge\knowledge_loader.py", line 71
    try:
    ^^^
IndentationError: expected an indented block after 'if' statement on line 70
[15:11:31] [yf2_v5] [INFO] 2号位打出['PASS', 'PASS', 'PASS']， 最大动作为3号位打出的['Single', '2', ['S2']]
[15:11:31] [yf2_v5] [INFO] 3号位打出['ThreeWithTwo', '3', ['S3', 'C3', 'D3', 'H2', 'C2']]， 最大动作为3号位打出的['ThreeWithTwo', '3', ['S3', 'C3', 'D3', 'H2', 'C2']]
[15:11:31] [yf2_v5] [INFO] 0号位打出['PASS', 'PASS', 'PASS']， 最大动作为3号位打出的['ThreeWithTwo', '3', ['S3', 'C3', 'D3', 'H2', 'C2']]
[15:11:31] [yf2_v5] [INFO] 1号位打出['ThreeWithTwo', '4', ['S4', 'C4', 'D4', 'H3', 'C3']]， 最大动作为1号位打出的['ThreeWithTwo', '4', ['S4', 'C4', 'D4', 'H3', 'C3']]
[15:11:31] [YFAdapter-P2] [INFO] [YF-P2] Decision context: myPos=2, curPos=1, greaterPos=1, teammate=0, curAction=[, actionList_size=252
[15:11:31] [YFAdapter-P2] [INFO] [YF-P2] Decided: action_index=0, action=['PASS', 'PASS', 'PASS']
[15:11:31] [HybridV4-P2] [ERROR] Knowledge enhancement error: expected an indented block after 'if' statement on line 70 (knowledge_loader.py, line 71)
Traceback (most recent call last):
  File "D:\YiFeiAI-GD\src\decision\hybrid_decision_engine_v4.py", line 280, in _enhance_candidates
    from knowledge.knowledge_enhanced_decision import KnowledgeEnhancedDecisionEngine
  File "D:\YiFeiAI-GD\src\knowledge\knowledge_enhanced_decision.py", line 19, in <module>
    from knowledge.knowledge_loader import KnowledgeLoader
  File "D:\YiFeiAI-GD\src\knowledge\knowledge_loader.py", line 71
    try:
    ^^^
IndentationError: expected an indented block after 'if' statement on line 70
[15:11:31] [yf2_v5] [INFO] 2号位打出['PASS', 'PASS', 'PASS']， 最大动作为1号位打出的['ThreeWithTwo', '4', ['S4', 'C4', 'D4', 'H3', 'C3']]
[15:11:31] [yf2_v5] [INFO] 3号位打出['ThreeWithTwo', '5', ['S5', 'C5', 'H8', 'C9', 'D9']]， 最大动作为3号位打出的['ThreeWithTwo', '5', ['S5', 'C5', 'H8', 'C9', 'D9']]
[15:11:31] [yf2_v5] [INFO] 0号位打出['PASS', 'PASS', 'PASS']， 最大动作为3号位打出的['ThreeWithTwo', '5', ['S5', 'C5', 'H8', 'C9', 'D9']]
[15:11:31] [yf2_v5] [INFO] 1号位打出['PASS', 'PASS', 'PASS']， 最大动作为3号位打出的['ThreeWithTwo', '5', ['S5', 'C5', 'H8', 'C9', 'D9']]
[15:11:31] [YFAdapter-P2] [INFO] [YF-P2] Decision context: myPos=2, curPos=1, greaterPos=3, teammate=0, curAction=[, actionList_size=252
[15:11:31] [YFAdapter-P2] [INFO] [YF-P2] Decided: action_index=0, action=['PASS', 'PASS', 'PASS']
[15:11:31] [HybridV4-P2] [ERROR] Knowledge enhancement error: expected an indented block after 'if' statement on line 70 (knowledge_loader.py, line 71)
Traceback (most recent call last):
  File "D:\YiFeiAI-GD\src\decision\hybrid_decision_engine_v4.py", line 280, in _enhance_candidates
    from knowledge.knowledge_enhanced_decision import KnowledgeEnhancedDecisionEngine
  File "D:\YiFeiAI-GD\src\knowledge\knowledge_enhanced_decision.py", line 19, in <module>
    from knowledge.knowledge_loader import KnowledgeLoader
  File "D:\YiFeiAI-GD\src\knowledge\knowledge_loader.py", line 71
    try:
    ^^^
IndentationError: expected an indented block after 'if' statement on line 70
[15:11:31] [yf2_v5] [INFO] 2号位打出['PASS', 'PASS', 'PASS']， 最大动作为3号位打出的['ThreeWithTwo', '5', ['S5', 'C5', 'H8', 'C9', 'D9']]
[15:11:31] [yf2_v5] [INFO] 3号位打出['Single', '5', ['D5']]， 最大动作为3号位打出的['Single', '5', ['D5']]
[15:11:31] [yf2_v5] [INFO] 0号位打出['PASS', 'PASS', 'PASS']， 最大动作为3号位打出的['Single', '5', ['D5']]
[15:11:31] [yf2_v5] [INFO] 1号位打出['PASS', 'PASS', 'PASS']， 最大动作为3号位打出的['Single', '5', ['D5']]
[15:11:31] [YFAdapter-P2] [INFO] [YF-P2] Decision context: myPos=2, curPos=1, greaterPos=3, teammate=0, curAction=[, actionList_size=31
[15:11:31] [YFAdapter-P2] [INFO] [YF-P2] Decided: action_index=0, action=['PASS', 'PASS', 'PASS']
[15:11:31] [HybridV4-P2] [ERROR] Knowledge enhancement error: expected an indented block after 'if' statement on line 70 (knowledge_loader.py, line 71)
Traceback (most recent call last):
  File "D:\YiFeiAI-GD\src\decision\hybrid_decision_engine_v4.py", line 280, in _enhance_candidates
    from knowledge.knowledge_enhanced_decision import KnowledgeEnhancedDecisionEngine
  File "D:\YiFeiAI-GD\src\knowledge\knowledge_enhanced_decision.py", line 19, in <module>
    from knowledge.knowledge_loader import KnowledgeLoader
  File "D:\YiFeiAI-GD\src\knowledge\knowledge_loader.py", line 71
    try:
    ^^^
IndentationError: expected an indented block after 'if' statement on line 70
[15:11:31] [yf2_v5] [INFO] 2号位打出['PASS', 'PASS', 'PASS']， 最大动作为3号位打出的['Single', '5', ['D5']]
[15:11:31] [yf2_v5] [INFO] 3号位打出['ThreeWithTwo', '7', ['S7', 'C7', 'C7', 'CT', 'DT']]， 最大动作为3号位打出的['ThreeWithTwo', '7', ['S7', 'C7', 'C7', 'CT', 'DT']]
[15:11:31] [yf2_v5] [INFO] 0号位打出['PASS', 'PASS', 'PASS']， 最大动作为3号位打出的['ThreeWithTwo', '7', ['S7', 'C7', 'C7', 'CT', 'DT']]
[15:11:31] [yf2_v5] [INFO] 1号位打出['PASS', 'PASS', 'PASS']， 最大动作为3号位打出的['ThreeWithTwo', '7', ['S7', 'C7', 'C7', 'CT', 'DT']]
[15:11:31] [YFAdapter-P2] [INFO] [YF-P2] Decision context: myPos=2, curPos=1, greaterPos=3, teammate=0, curAction=[, actionList_size=252
[15:11:31] [YFAdapter-P2] [INFO] [YF-P2] Decided: action_index=0, action=['PASS', 'PASS', 'PASS']
[15:11:31] [YFAdapter-P2] [WARNING] [YF-P2] 检测到过于保守: 对手快走完(剩5张), 触发Layer 2/3进行更积极的决策
[15:11:31] [HybridV4-P2] [ERROR] Knowledge enhancement error: expected an indented block after 'if' statement on line 70 (knowledge_loader.py, line 71)
Traceback (most recent call last):
  File "D:\YiFeiAI-GD\src\decision\hybrid_decision_engine_v4.py", line 280, in _enhance_candidates
    from knowledge.knowledge_enhanced_decision import KnowledgeEnhancedDecisionEngine
  File "D:\YiFeiAI-GD\src\knowledge\knowledge_enhanced_decision.py", line 19, in <module>
    from knowledge.knowledge_loader import KnowledgeLoader
  File "D:\YiFeiAI-GD\src\knowledge\knowledge_loader.py", line 71
    try:
    ^^^
IndentationError: expected an indented block after 'if' statement on line 70
[15:11:31] [yf2_v5] [INFO] 2号位打出['PASS', 'PASS', 'PASS']， 最大动作为3号位打出的['ThreeWithTwo', '7', ['S7', 'C7', 'C7', 'CT', 'DT']]
[15:11:31] [yf2_v5] [INFO] 3号位打出['ThreeWithTwo', 'Q', ['HQ', 'CQ', 'CQ', 'HK', 'DK']]， 最大动作为3号位打出的['ThreeWithTwo', 'Q', ['HQ', 'CQ', 'CQ', 'HK', 'DK']]
[15:11:31] [yf2_v5] [INFO] 0号位打出['PASS', 'PASS', 'PASS']， 最大动作为3号位打出的['ThreeWithTwo', 'Q', ['HQ', 'CQ', 'CQ', 'HK', 'DK']]
[15:11:31] [yf2_v5] [INFO] 1号位打出['PASS', 'PASS', 'PASS']， 最大动作为3号位打出的['ThreeWithTwo', 'Q', ['HQ', 'CQ', 'CQ', 'HK', 'DK']]
[15:11:31] [yf2_v5] [INFO] 1号位打出['Single', '2', ['D2']]， 最大动作为1号位打出的['Single', '2', ['D2']]
[15:11:31] [YFAdapter-P2] [INFO] [YF-P2] Decision context: myPos=2, curPos=1, greaterPos=1, teammate=0, curAction=[, actionList_size=36
[15:11:31] [YFAdapter-P2] [INFO] [YF-P2] Decided: action_index=0, action=['PASS', 'PASS', 'PASS']
[15:11:31] [YFAdapter-P2] [WARNING] [YF-P2] 检测到过于保守: 对手快走完(剩0张), 触发Layer 2/3进行更积极的决策
[15:11:31] [HybridV4-P2] [ERROR] Knowledge enhancement error: expected an indented block after 'if' statement on line 70 (knowledge_loader.py, line 71)
Traceback (most recent call last):
  File "D:\YiFeiAI-GD\src\decision\hybrid_decision_engine_v4.py", line 280, in _enhance_candidates
    from knowledge.knowledge_enhanced_decision import KnowledgeEnhancedDecisionEngine
  File "D:\YiFeiAI-GD\src\knowledge\knowledge_enhanced_decision.py", line 19, in <module>
    from knowledge.knowledge_loader import KnowledgeLoader
  File "D:\YiFeiAI-GD\src\knowledge\knowledge_loader.py", line 71
    try:
    ^^^
IndentationError: expected an indented block after 'if' statement on line 70
[15:11:31] [yf2_v5] [INFO] 2号位打出['Single', '3', ['H3']]， 最大动作为2号位打出的['Single', '3', ['H3']]
[15:11:31] [yf2_v5] [INFO] 0号位打出['PASS', 'PASS', 'PASS']， 最大动作为2号位打出的['Single', '3', ['H3']]
[15:11:31] [yf2_v5] [INFO] 1号位打出['PASS', 'PASS', 'PASS']， 最大动作为2号位打出的['Single', '3', ['H3']]
[15:11:31] [YFAdapter-P2] [INFO] [YF-P2] Decision context: myPos=2, curPos=-1, greaterPos=-1, teammate=0, curAction=[, actionList_size=596
[15:11:31] [YFAdapter-P2] [INFO] [YF-P2] Decided: action_index=4, action=['Single', '4', [['C', '4']]]
[15:11:31] [HybridV4-P2] [ERROR] Knowledge enhancement error: expected an indented block after 'if' statement on line 70 (knowledge_loader.py, line 71)
Traceback (most recent call last):
  File "D:\YiFeiAI-GD\src\decision\hybrid_decision_engine_v4.py", line 280, in _enhance_candidates
    from knowledge.knowledge_enhanced_decision import KnowledgeEnhancedDecisionEngine
  File "D:\YiFeiAI-GD\src\knowledge\knowledge_enhanced_decision.py", line 19, in <module>
    from knowledge.knowledge_loader import KnowledgeLoader
  File "D:\YiFeiAI-GD\src\knowledge\knowledge_loader.py", line 71
    try:
    ^^^
IndentationError: expected an indented block after 'if' statement on line 70
[15:11:31] [yf2_v5] [INFO] 2号位打出['Single', '4', ['C4']]， 最大动作为2号位打出的['Single', '4', ['C4']]
[15:11:31] [yf2_v5] [INFO] 0号位打出['PASS', 'PASS', 'PASS']， 最大动作为2号位打出的['Single', '4', ['C4']]
[15:11:31] [yf2_v5] [INFO] 1号位打出['PASS', 'PASS', 'PASS']， 最大动作为2号位打出的['Single', '4', ['C4']]
[15:11:31] [YFAdapter-P2] [INFO] [YF-P2] Decision context: myPos=2, curPos=-1, greaterPos=-1, teammate=0, curAction=[, actionList_size=527
[15:11:31] [YFAdapter-P2] [INFO] [YF-P2] Decided: action_index=307, action=['Straight', '3', [['S', '3'], ['H', '4'], ['D', '5'], ['S', '6'], ['H', '7']]]
[15:11:31] [HybridV4-P2] [ERROR] Knowledge enhancement error: expected an indented block after 'if' statement on line 70 (knowledge_loader.py, line 71)
Traceback (most recent call last):
  File "D:\YiFeiAI-GD\src\decision\hybrid_decision_engine_v4.py", line 280, in _enhance_candidates
    from knowledge.knowledge_enhanced_decision import KnowledgeEnhancedDecisionEngine
  File "D:\YiFeiAI-GD\src\knowledge\knowledge_enhanced_decision.py", line 19, in <module>
    from knowledge.knowledge_loader import KnowledgeLoader
  File "D:\YiFeiAI-GD\src\knowledge\knowledge_loader.py", line 71
    try:
    ^^^
IndentationError: expected an indented block after 'if' statement on line 70
[15:11:31] [yf2_v5] [INFO] 2号位打出['Straight', '3', ['S3', 'H4', 'D5', 'S6', 'H7']]， 最大动作为2号位打出的['Straight', '3', ['S3', 'H4', 'D5', 'S6', 'H7']]
[15:11:31] [yf2_v5] [INFO] 0号位打出['PASS', 'PASS', 'PASS']， 最大动作为2号位打出的['Straight', '3', ['S3', 'H4', 'D5', 'S6', 'H7']]
[15:11:31] [yf2_v5] [INFO] 1号位打出['Straight', '9', ['D9', 'HT', 'DJ', 'SQ', 'HK']]， 最大动作为1号位打出的['Straight', '9', ['D9', 'HT', 'DJ', 'SQ', 'HK']]
[15:11:31] [YFAdapter-P2] [INFO] [YF-P2] Decision context: myPos=2, curPos=1, greaterPos=1, teammate=0, curAction=[, actionList_size=28
[15:11:31] [YFAdapter-P2] [INFO] [YF-P2] Decided: action_index=0, action=['PASS', 'PASS', 'PASS']
[15:11:31] [YFAdapter-P2] [WARNING] [YF-P2] 检测到过于保守: 对手快走完(剩0张), 触发Layer 2/3进行更积极的决策
[15:11:31] [HybridV4-P2] [ERROR] Knowledge enhancement error: expected an indented block after 'if' statement on line 70 (knowledge_loader.py, line 71)
Traceback (most recent call last):
  File "D:\YiFeiAI-GD\src\decision\hybrid_decision_engine_v4.py", line 280, in _enhance_candidates
    from knowledge.knowledge_enhanced_decision import KnowledgeEnhancedDecisionEngine
  File "D:\YiFeiAI-GD\src\knowledge\knowledge_enhanced_decision.py", line 19, in <module>
    from knowledge.knowledge_loader import KnowledgeLoader
  File "D:\YiFeiAI-GD\src\knowledge\knowledge_loader.py", line 71
    try:
    ^^^
IndentationError: expected an indented block after 'if' statement on line 70
[15:11:31] [yf2_v5] [INFO] 2号位打出['PASS', 'PASS', 'PASS']， 最大动作为1号位打出的['Straight', '9', ['D9', 'HT', 'DJ', 'SQ', 'HK']]
[15:11:31] [yf2_v5] [INFO] 0号位打出['PASS', 'PASS', 'PASS']， 最大动作为1号位打出的['Straight', '9', ['D9', 'HT', 'DJ', 'SQ', 'HK']]
[15:11:31] [yf2_v5] [INFO] 1号位打出['Pair', '6', ['S6', 'C6']]， 最大动作为1号位打出的['Pair', '6', ['S6', 'C6']]
[15:11:31] [YFAdapter-P2] [INFO] [YF-P2] Decision context: myPos=2, curPos=1, greaterPos=1, teammate=0, curAction=[, actionList_size=37
[15:11:31] [YFAdapter-P2] [INFO] [YF-P2] Decided: action_index=0, action=['PASS', 'PASS', 'PASS']
[15:11:31] [YFAdapter-P2] [WARNING] [YF-P2] 检测到过于保守: 对手快走完(剩0张), 触发Layer 2/3进行更积极的决策
[15:11:31] [HybridV4-P2] [ERROR] Knowledge enhancement error: expected an indented block after 'if' statement on line 70 (knowledge_loader.py, line 71)
Traceback (most recent call last):
  File "D:\YiFeiAI-GD\src\decision\hybrid_decision_engine_v4.py", line 280, in _enhance_candidates
    from knowledge.knowledge_enhanced_decision import KnowledgeEnhancedDecisionEngine
  File "D:\YiFeiAI-GD\src\knowledge\knowledge_enhanced_decision.py", line 19, in <module>
    from knowledge.knowledge_loader import KnowledgeLoader
  File "D:\YiFeiAI-GD\src\knowledge\knowledge_loader.py", line 71
    try:
    ^^^
IndentationError: expected an indented block after 'if' statement on line 70
[15:11:31] [yf2_v5] [INFO] 2号位打出['PASS', 'PASS', 'PASS']， 最大动作为1号位打出的['Pair', '6', ['S6', 'C6']]
[15:11:31] [yf2_v5] [INFO] 0号位打出['PASS', 'PASS', 'PASS']， 最大动作为1号位打出的['Pair', '6', ['S6', 'C6']]
[15:11:31] [yf2_v5] [INFO] 1号位打出['ThreeWithTwo', '5', ['S5', 'H5', 'C5', 'SA', 'DA']]， 最大动作为1号位打出的['ThreeWithTwo', '5', ['S5', 'H5', 'C5', 'SA', 'DA']]
[15:11:31] [YFAdapter-P2] [INFO] [YF-P2] Decision context: myPos=2, curPos=1, greaterPos=1, teammate=0, curAction=[, actionList_size=180
[15:11:31] [YFAdapter-P2] [INFO] [YF-P2] Decided: action_index=0, action=['PASS', 'PASS', 'PASS']
[15:11:31] [YFAdapter-P2] [WARNING] [YF-P2] 检测到过于保守: 对手快走完(剩0张), 触发Layer 2/3进行更积极的决策
[15:11:31] [HybridV4-P2] [ERROR] Knowledge enhancement error: expected an indented block after 'if' statement on line 70 (knowledge_loader.py, line 71)
Traceback (most recent call last):
  File "D:\YiFeiAI-GD\src\decision\hybrid_decision_engine_v4.py", line 280, in _enhance_candidates
    from knowledge.knowledge_enhanced_decision import KnowledgeEnhancedDecisionEngine
  File "D:\YiFeiAI-GD\src\knowledge\knowledge_enhanced_decision.py", line 19, in <module>
    from knowledge.knowledge_loader import KnowledgeLoader
  File "D:\YiFeiAI-GD\src\knowledge\knowledge_loader.py", line 71
    try:
    ^^^
IndentationError: expected an indented block after 'if' statement on line 70
[15:11:31] [yf2_v5] [INFO] 2号位打出['PASS', 'PASS', 'PASS']， 最大动作为1号位打出的['ThreeWithTwo', '5', ['S5', 'H5', 'C5', 'SA', 'DA']]
[15:11:31] [yf2_v5] [INFO] 0号位打出['PASS', 'PASS', 'PASS']， 最大动作为1号位打出的['ThreeWithTwo', '5', ['S5', 'H5', 'C5', 'SA', 'DA']]
[15:11:31] [yf2_v5] [INFO] 1号位打出['Bomb', '7', ['S7', 'H7', 'D7', 'D7']]， 最大动作为1号位打出的['Bomb', '7', ['S7', 'H7', 'D7', 'D7']]
[15:11:31] [yf2_v5] [INFO] 游戏开始, 我是2号位，手牌：['H2', 'C2', 'C2', 'S3', 'S6', 'H6', 'H6', 'D6', 'C7', 'D7', 'H8', 'H8', 'S9', 'H9', 'C9', 'C9', 'D9', 'ST', 'HT', 'CT', 'DT', 'DQ', 'CA', 'SJ', 'CJ', 'DJ', 'HR']
[15:11:31] [YFAdapter-P2] [INFO] [YF-P2] Decision context: myPos=2, curPos=-1, greaterPos=-1, teammate=0, curAction=[, actionList_size=1
[15:11:31] [YFAdapter-P2] [INFO] [YF-P2] Decided: action_index=0, action=['tribute', 'tribute', [['H', 'R']]]
[15:11:31] [HybridV4-P2] [ERROR] Knowledge enhancement error: expected an indented block after 'if' statement on line 70 (knowledge_loader.py, line 71)
Traceback (most recent call last):
  File "D:\YiFeiAI-GD\src\decision\hybrid_decision_engine_v4.py", line 280, in _enhance_candidates
    from knowledge.knowledge_enhanced_decision import KnowledgeEnhancedDecisionEngine
  File "D:\YiFeiAI-GD\src\knowledge\knowledge_enhanced_decision.py", line 19, in <module>
    from knowledge.knowledge_loader import KnowledgeLoader
  File "D:\YiFeiAI-GD\src\knowledge\knowledge_loader.py", line 71
    try:
    ^^^
IndentationError: expected an indented block after 'if' statement on line 70
[15:11:31] [YFAdapter-P2] [INFO] [YF-P2] Decision context: myPos=2, curPos=-1, greaterPos=-1, teammate=0, curAction=[, actionList_size=807
[15:11:31] [YFAdapter-P2] [INFO] [YF-P2] Decided: action_index=2, action=['Single', '3', [['S', '3']]]
[15:11:31] [HybridV4-P2] [ERROR] Knowledge enhancement error: expected an indented block after 'if' statement on line 70 (knowledge_loader.py, line 71)
Traceback (most recent call last):
  File "D:\YiFeiAI-GD\src\decision\hybrid_decision_engine_v4.py", line 280, in _enhance_candidates
    from knowledge.knowledge_enhanced_decision import KnowledgeEnhancedDecisionEngine
  File "D:\YiFeiAI-GD\src\knowledge\knowledge_enhanced_decision.py", line 19, in <module>
    from knowledge.knowledge_loader import KnowledgeLoader
  File "D:\YiFeiAI-GD\src\knowledge\knowledge_loader.py", line 71
    try:
    ^^^
IndentationError: expected an indented block after 'if' statement on line 70
[15:11:31] [yf2_v5] [INFO] 2号位打出['Single', '3', ['S3']]， 最大动作为2号位打出的['Single', '3', ['S3']]
[15:11:31] [yf2_v5] [INFO] 3号位打出['Single', '7', ['S7']]， 最大动作为3号位打出的['Single', '7', ['S7']]
[15:11:31] [yf2_v5] [INFO] 0号位打出['PASS', 'PASS', 'PASS']， 最大动作为3号位打出的['Single', '7', ['S7']]
[15:11:31] [yf2_v5] [INFO] 1号位打出['Single', 'A', ['SA']]， 最大动作为1号位打出的['Single', 'A', ['SA']]
[15:11:31] [YFAdapter-P2] [INFO] [YF-P2] Decision context: myPos=2, curPos=1, greaterPos=1, teammate=0, curAction=[, actionList_size=11
[15:11:31] [YFAdapter-P2] [INFO] [YF-P2] Decided: action_index=0, action=['PASS', 'PASS', 'PASS']
[15:11:31] [HybridV4-P2] [ERROR] Knowledge enhancement error: expected an indented block after 'if' statement on line 70 (knowledge_loader.py, line 71)
Traceback (most recent call last):
  File "D:\YiFeiAI-GD\src\decision\hybrid_decision_engine_v4.py", line 280, in _enhance_candidates
    from knowledge.knowledge_enhanced_decision import KnowledgeEnhancedDecisionEngine
  File "D:\YiFeiAI-GD\src\knowledge\knowledge_enhanced_decision.py", line 19, in <module>
    from knowledge.knowledge_loader import KnowledgeLoader
  File "D:\YiFeiAI-GD\src\knowledge\knowledge_loader.py", line 71
    try:
    ^^^
IndentationError: expected an indented block after 'if' statement on line 70
[15:11:31] [yf2_v5] [INFO] 2号位打出['PASS', 'PASS', 'PASS']， 最大动作为1号位打出的['Single', 'A', ['SA']]
[15:11:31] [yf2_v5] [INFO] 3号位打出['PASS', 'PASS', 'PASS']， 最大动作为1号位打出的['Single', 'A', ['SA']]
[15:11:31] [yf2_v5] [INFO] 0号位打出['PASS', 'PASS', 'PASS']， 最大动作为1号位打出的['Single', 'A', ['SA']]
[15:11:31] [yf2_v5] [INFO] 1号位打出['Single', '6', ['S6']]， 最大动作为1号位打出的['Single', '6', ['S6']]
[15:11:31] [YFAdapter-P2] [INFO] [YF-P2] Decision context: myPos=2, curPos=1, greaterPos=1, teammate=0, curAction=[, actionList_size=24
[15:11:31] [YFAdapter-P2] [INFO] [YF-P2] Decided: action_index=0, action=['PASS', 'PASS', 'PASS']
[15:11:31] [HybridV4-P2] [ERROR] Knowledge enhancement error: expected an indented block after 'if' statement on line 70 (knowledge_loader.py, line 71)
Traceback (most recent call last):
  File "D:\YiFeiAI-GD\src\decision\hybrid_decision_engine_v4.py", line 280, in _enhance_candidates
    from knowledge.knowledge_enhanced_decision import KnowledgeEnhancedDecisionEngine
  File "D:\YiFeiAI-GD\src\knowledge\knowledge_enhanced_decision.py", line 19, in <module>
    from knowledge.knowledge_loader import KnowledgeLoader
  File "D:\YiFeiAI-GD\src\knowledge\knowledge_loader.py", line 71
    try:
    ^^^
IndentationError: expected an indented block after 'if' statement on line 70
[15:11:31] [yf2_v5] [INFO] 2号位打出['PASS', 'PASS', 'PASS']， 最大动作为1号位打出的['Single', '6', ['S6']]
[15:11:31] [yf2_v5] [INFO] 3号位打出['Single', 'J', ['SJ']]， 最大动作为3号位打出的['Single', 'J', ['SJ']]
[15:11:31] [yf2_v5] [INFO] 0号位打出['PASS', 'PASS', 'PASS']， 最大动作为3号位打出的['Single', 'J', ['SJ']]
[15:11:31] [yf2_v5] [INFO] 1号位打出['PASS', 'PASS', 'PASS']， 最大动作为3号位打出的['Single', 'J', ['SJ']]
[15:11:31] [YFAdapter-P2] [INFO] [YF-P2] Decision context: myPos=2, curPos=1, greaterPos=3, teammate=0, curAction=[, actionList_size=8
[15:11:31] [YFAdapter-P2] [INFO] [YF-P2] Decided: action_index=0, action=['PASS', 'PASS', 'PASS']
[15:11:31] [HybridV4-P2] [ERROR] Knowledge enhancement error: expected an indented block after 'if' statement on line 70 (knowledge_loader.py, line 71)
Traceback (most recent call last):
  File "D:\YiFeiAI-GD\src\decision\hybrid_decision_engine_v4.py", line 280, in _enhance_candidates
    from knowledge.knowledge_enhanced_decision import KnowledgeEnhancedDecisionEngine
  File "D:\YiFeiAI-GD\src\knowledge\knowledge_enhanced_decision.py", line 19, in <module>
    from knowledge.knowledge_loader import KnowledgeLoader
  File "D:\YiFeiAI-GD\src\knowledge\knowledge_loader.py", line 71
    try:
    ^^^
IndentationError: expected an indented block after 'if' statement on line 70
[15:11:31] [yf2_v5] [INFO] 2号位打出['PASS', 'PASS', 'PASS']， 最大动作为3号位打出的['Single', 'J', ['SJ']]
[15:11:31] [yf2_v5] [INFO] 3号位打出['ThreeWithTwo', '5', ['C5', 'D5', 'D5', 'H3', 'C3']]， 最大动作为3号位打出的['ThreeWithTwo', '5', ['C5', 'D5', 'D5', 'H3', 'C3']]
[15:11:31] [yf2_v5] [INFO] 0号位打出['PASS', 'PASS', 'PASS']， 最大动作为3号位打出的['ThreeWithTwo', '5', ['C5', 'D5', 'D5', 'H3', 'C3']]
[15:11:31] [yf2_v5] [INFO] 1号位打出['PASS', 'PASS', 'PASS']， 最大动作为3号位打出的['ThreeWithTwo', '5', ['C5', 'D5', 'D5', 'H3', 'C3']]
[15:11:31] [YFAdapter-P2] [INFO] [YF-P2] Decision context: myPos=2, curPos=1, greaterPos=3, teammate=0, curAction=[, actionList_size=280
[15:11:31] [YFAdapter-P2] [INFO] [YF-P2] Decided: action_index=0, action=['PASS', 'PASS', 'PASS']
[15:11:31] [HybridV4-P2] [ERROR] Knowledge enhancement error: expected an indented block after 'if' statement on line 70 (knowledge_loader.py, line 71)
Traceback (most recent call last):
  File "D:\YiFeiAI-GD\src\decision\hybrid_decision_engine_v4.py", line 280, in _enhance_candidates
    from knowledge.knowledge_enhanced_decision import KnowledgeEnhancedDecisionEngine
  File "D:\YiFeiAI-GD\src\knowledge\knowledge_enhanced_decision.py", line 19, in <module>
    from knowledge.knowledge_loader import KnowledgeLoader
  File "D:\YiFeiAI-GD\src\knowledge\knowledge_loader.py", line 71
    try:
    ^^^
IndentationError: expected an indented block after 'if' statement on line 70
[15:11:31] [yf2_v5] [INFO] 2号位打出['PASS', 'PASS', 'PASS']， 最大动作为3号位打出的['ThreeWithTwo', '5', ['C5', 'D5', 'D5', 'H3', 'C3']]
[15:11:31] [yf2_v5] [INFO] 3号位打出['ThreeWithTwo', '8', ['S8', 'S8', 'C8', 'S9', 'H9']]， 最大动作为3号位打出的['ThreeWithTwo', '8', ['S8', 'S8', 'C8', 'S9', 'H9']]
[15:11:31] [yf2_v5] [INFO] 0号位打出['PASS', 'PASS', 'PASS']， 最大动作为3号位打出的['ThreeWithTwo', '8', ['S8', 'S8', 'C8', 'S9', 'H9']]
[15:11:31] [yf2_v5] [INFO] 1号位打出['PASS', 'PASS', 'PASS']， 最大动作为3号位打出的['ThreeWithTwo', '8', ['S8', 'S8', 'C8', 'S9', 'H9']]
[15:11:31] [YFAdapter-P2] [INFO] [YF-P2] Decision context: myPos=2, curPos=1, greaterPos=3, teammate=0, curAction=[, actionList_size=220
[15:11:31] [YFAdapter-P2] [INFO] [YF-P2] Decided: action_index=0, action=['PASS', 'PASS', 'PASS']
[15:11:31] [HybridV4-P2] [ERROR] Knowledge enhancement error: expected an indented block after 'if' statement on line 70 (knowledge_loader.py, line 71)
Traceback (most recent call last):
  File "D:\YiFeiAI-GD\src\decision\hybrid_decision_engine_v4.py", line 280, in _enhance_candidates
    from knowledge.knowledge_enhanced_decision import KnowledgeEnhancedDecisionEngine
  File "D:\YiFeiAI-GD\src\knowledge\knowledge_enhanced_decision.py", line 19, in <module>
    from knowledge.knowledge_loader import KnowledgeLoader
  File "D:\YiFeiAI-GD\src\knowledge\knowledge_loader.py", line 71
    try:
    ^^^
IndentationError: expected an indented block after 'if' statement on line 70
[15:11:31] [yf2_v5] [INFO] 2号位打出['PASS', 'PASS', 'PASS']， 最大动作为3号位打出的['ThreeWithTwo', '8', ['S8', 'S8', 'C8', 'S9', 'H9']]
[15:11:31] [yf2_v5] [INFO] 3号位打出['Pair', 'T', ['ST', 'DT']]， 最大动作为3号位打出的['Pair', 'T', ['ST', 'DT']]
[15:11:31] [yf2_v5] [INFO] 0号位打出['PASS', 'PASS', 'PASS']， 最大动作为3号位打出的['Pair', 'T', ['ST', 'DT']]
[15:11:31] [yf2_v5] [INFO] 1号位打出['Pair', 'J', ['HJ', 'CJ']]， 最大动作为1号位打出的['Pair', 'J', ['HJ', 'CJ']]
[15:11:31] [YFAdapter-P2] [INFO] [YF-P2] Decision context: myPos=2, curPos=1, greaterPos=1, teammate=0, curAction=[, actionList_size=8
[15:11:31] [YFAdapter-P2] [INFO] [YF-P2] Decided: action_index=0, action=['PASS', 'PASS', 'PASS']
[15:11:31] [HybridV4-P2] [ERROR] Knowledge enhancement error: expected an indented block after 'if' statement on line 70 (knowledge_loader.py, line 71)
Traceback (most recent call last):
  File "D:\YiFeiAI-GD\src\decision\hybrid_decision_engine_v4.py", line 280, in _enhance_candidates
    from knowledge.knowledge_enhanced_decision import KnowledgeEnhancedDecisionEngine
  File "D:\YiFeiAI-GD\src\knowledge\knowledge_enhanced_decision.py", line 19, in <module>
    from knowledge.knowledge_loader import KnowledgeLoader
  File "D:\YiFeiAI-GD\src\knowledge\knowledge_loader.py", line 71
    try:
    ^^^
IndentationError: expected an indented block after 'if' statement on line 70
[15:11:31] [yf2_v5] [INFO] 2号位打出['PASS', 'PASS', 'PASS']， 最大动作为1号位打出的['Pair', 'J', ['HJ', 'CJ']]
[15:11:31] [yf2_v5] [INFO] 3号位打出['PASS', 'PASS', 'PASS']， 最大动作为1号位打出的['Pair', 'J', ['HJ', 'CJ']]
[15:11:31] [yf2_v5] [INFO] 0号位打出['PASS', 'PASS', 'PASS']， 最大动作为1号位打出的['Pair', 'J', ['HJ', 'CJ']]
[15:11:31] [yf2_v5] [INFO] 1号位打出['ThreePair', '2', ['S2', 'D2', 'H3', 'D3', 'H4', 'C4']]， 最大动作为1号位打出的['ThreePair', '2', ['S2', 'D2', 'H3', 'D3', 'H4', 'C4']]
[15:11:31] [YFAdapter-P2] [INFO] [YF-P2] Decision context: myPos=2, curPos=1, greaterPos=1, teammate=0, curAction=[, actionList_size=187
[15:11:31] [YFAdapter-P2] [INFO] [YF-P2] Decided: action_index=0, action=['PASS', 'PASS', 'PASS']
[15:11:31] [HybridV4-P2] [ERROR] Knowledge enhancement error: expected an indented block after 'if' statement on line 70 (knowledge_loader.py, line 71)
Traceback (most recent call last):
  File "D:\YiFeiAI-GD\src\decision\hybrid_decision_engine_v4.py", line 280, in _enhance_candidates
    from knowledge.knowledge_enhanced_decision import KnowledgeEnhancedDecisionEngine
  File "D:\YiFeiAI-GD\src\knowledge\knowledge_enhanced_decision.py", line 19, in <module>
    from knowledge.knowledge_loader import KnowledgeLoader
  File "D:\YiFeiAI-GD\src\knowledge\knowledge_loader.py", line 71
    try:
    ^^^
IndentationError: expected an indented block after 'if' statement on line 70
[15:11:31] [yf2_v5] [INFO] 2号位打出['PASS', 'PASS', 'PASS']， 最大动作为1号位打出的['ThreePair', '2', ['S2', 'D2', 'H3', 'D3', 'H4', 'C4']]
[15:11:31] [yf2_v5] [INFO] 3号位打出['PASS', 'PASS', 'PASS']， 最大动作为1号位打出的['ThreePair', '2', ['S2', 'D2', 'H3', 'D3', 'H4', 'C4']]
[15:11:31] [yf2_v5] [INFO] 0号位打出['PASS', 'PASS', 'PASS']， 最大动作为1号位打出的['ThreePair', '2', ['S2', 'D2', 'H3', 'D3', 'H4', 'C4']]
[15:11:31] [yf2_v5] [INFO] 1号位打出['Pair', '8', ['C8', 'D8']]， 最大动作为1号位打出的['Pair', '8', ['C8', 'D8']]
[15:11:31] [YFAdapter-P2] [INFO] [YF-P2] Decision context: myPos=2, curPos=1, greaterPos=1, teammate=0, curAction=[, actionList_size=24
[15:11:31] [YFAdapter-P2] [INFO] [YF-P2] Decided: action_index=0, action=['PASS', 'PASS', 'PASS']
[15:11:31] [HybridV4-P2] [ERROR] Knowledge enhancement error: expected an indented block after 'if' statement on line 70 (knowledge_loader.py, line 71)
Traceback (most recent call last):
  File "D:\YiFeiAI-GD\src\decision\hybrid_decision_engine_v4.py", line 280, in _enhance_candidates
    from knowledge.knowledge_enhanced_decision import KnowledgeEnhancedDecisionEngine
  File "D:\YiFeiAI-GD\src\knowledge\knowledge_enhanced_decision.py", line 19, in <module>
    from knowledge.knowledge_loader import KnowledgeLoader
  File "D:\YiFeiAI-GD\src\knowledge\knowledge_loader.py", line 71
    try:
    ^^^
IndentationError: expected an indented block after 'if' statement on line 70
[15:11:31] [yf2_v5] [INFO] 2号位打出['PASS', 'PASS', 'PASS']， 最大动作为1号位打出的['Pair', '8', ['C8', 'D8']]
[15:11:31] [yf2_v5] [INFO] 3号位打出['Pair', 'Q', ['HQ', 'CQ']]， 最大动作为3号位打出的['Pair', 'Q', ['HQ', 'CQ']]
[15:11:31] [yf2_v5] [INFO] 0号位打出['PASS', 'PASS', 'PASS']， 最大动作为3号位打出的['Pair', 'Q', ['HQ', 'CQ']]
[15:11:31] [yf2_v5] [INFO] 1号位打出['Pair', 'R', ['HR', 'HR']]， 最大动作为1号位打出的['Pair', 'R', ['HR', 'HR']]
[15:11:31] [YFAdapter-P2] [INFO] [YF-P2] Decision context: myPos=2, curPos=1, greaterPos=1, teammate=0, curAction=[, actionList_size=8
[15:11:31] [YFAdapter-P2] [INFO] [YF-P2] Decided: action_index=0, action=['PASS', 'PASS', 'PASS']
[15:11:31] [HybridV4-P2] [ERROR] Knowledge enhancement error: expected an indented block after 'if' statement on line 70 (knowledge_loader.py, line 71)
Traceback (most recent call last):
  File "D:\YiFeiAI-GD\src\decision\hybrid_decision_engine_v4.py", line 280, in _enhance_candidates
    from knowledge.knowledge_enhanced_decision import KnowledgeEnhancedDecisionEngine
  File "D:\YiFeiAI-GD\src\knowledge\knowledge_enhanced_decision.py", line 19, in <module>
    from knowledge.knowledge_loader import KnowledgeLoader
  File "D:\YiFeiAI-GD\src\knowledge\knowledge_loader.py", line 71
    try:
    ^^^
IndentationError: expected an indented block after 'if' statement on line 70
[15:11:31] [yf2_v5] [INFO] 2号位打出['PASS', 'PASS', 'PASS']， 最大动作为1号位打出的['Pair', 'R', ['HR', 'HR']]
[15:11:31] [yf2_v5] [INFO] 3号位打出['PASS', 'PASS', 'PASS']， 最大动作为1号位打出的['Pair', 'R', ['HR', 'HR']]
[15:11:31] [yf2_v5] [INFO] 0号位打出['PASS', 'PASS', 'PASS']， 最大动作为1号位打出的['Pair', 'R', ['HR', 'HR']]
[15:11:31] [yf2_v5] [INFO] 1号位打出['Single', '7', ['S7']]， 最大动作为1号位打出的['Single', '7', ['S7']]
[15:11:31] [YFAdapter-P2] [INFO] [YF-P2] Decision context: myPos=2, curPos=1, greaterPos=1, teammate=0, curAction=[, actionList_size=22
[15:11:31] [YFAdapter-P2] [INFO] [YF-P2] Decided: action_index=0, action=['PASS', 'PASS', 'PASS']
[15:11:31] [HybridV4-P2] [ERROR] Knowledge enhancement error: expected an indented block after 'if' statement on line 70 (knowledge_loader.py, line 71)
Traceback (most recent call last):
  File "D:\YiFeiAI-GD\src\decision\hybrid_decision_engine_v4.py", line 280, in _enhance_candidates
    from knowledge.knowledge_enhanced_decision import KnowledgeEnhancedDecisionEngine
  File "D:\YiFeiAI-GD\src\knowledge\knowledge_enhanced_decision.py", line 19, in <module>
    from knowledge.knowledge_loader import KnowledgeLoader
  File "D:\YiFeiAI-GD\src\knowledge\knowledge_loader.py", line 71
    try:
    ^^^
IndentationError: expected an indented block after 'if' statement on line 70
[15:11:31] [yf2_v5] [INFO] 2号位打出['PASS', 'PASS', 'PASS']， 最大动作为1号位打出的['Single', '7', ['S7']]
[15:11:31] [yf2_v5] [INFO] 3号位打出['Single', 'B', ['SB']]， 最大动作为3号位打出的['Single', 'B', ['SB']]
[15:11:31] [yf2_v5] [INFO] 0号位打出['PASS', 'PASS', 'PASS']， 最大动作为3号位打出的['Single', 'B', ['SB']]
[15:11:31] [yf2_v5] [INFO] 1号位打出['PASS', 'PASS', 'PASS']， 最大动作为3号位打出的['Single', 'B', ['SB']]
[15:11:31] [YFAdapter-P2] [INFO] [YF-P2] Decision context: myPos=2, curPos=1, greaterPos=3, teammate=0, curAction=[, actionList_size=8
[15:11:31] [YFAdapter-P2] [INFO] [YF-P2] Decided: action_index=0, action=['PASS', 'PASS', 'PASS']
[15:11:31] [HybridV4-P2] [ERROR] Knowledge enhancement error: expected an indented block after 'if' statement on line 70 (knowledge_loader.py, line 71)
Traceback (most recent call last):
  File "D:\YiFeiAI-GD\src\decision\hybrid_decision_engine_v4.py", line 280, in _enhance_candidates
    from knowledge.knowledge_enhanced_decision import KnowledgeEnhancedDecisionEngine
  File "D:\YiFeiAI-GD\src\knowledge\knowledge_enhanced_decision.py", line 19, in <module>
    from knowledge.knowledge_loader import KnowledgeLoader
  File "D:\YiFeiAI-GD\src\knowledge\knowledge_loader.py", line 71
    try:
    ^^^
IndentationError: expected an indented block after 'if' statement on line 70
[15:11:31] [yf2_v5] [INFO] 2号位打出['PASS', 'PASS', 'PASS']， 最大动作为3号位打出的['Single', 'B', ['SB']]
[15:11:31] [yf2_v5] [INFO] 3号位打出['Pair', 'K', ['HK', 'CK']]， 最大动作为3号位打出的['Pair', 'K', ['HK', 'CK']]
[15:11:31] [yf2_v5] [INFO] 0号位打出['PASS', 'PASS', 'PASS']， 最大动作为3号位打出的['Pair', 'K', ['HK', 'CK']]
[15:11:31] [yf2_v5] [INFO] 1号位打出['PASS', 'PASS', 'PASS']， 最大动作为3号位打出的['Pair', 'K', ['HK', 'CK']]
[15:11:31] [YFAdapter-P2] [INFO] [YF-P2] Decision context: myPos=2, curPos=1, greaterPos=3, teammate=0, curAction=[, actionList_size=11
[15:11:31] [YFAdapter-P2] [INFO] [YF-P2] Decided: action_index=0, action=['PASS', 'PASS', 'PASS']
[15:11:31] [HybridV4-P2] [ERROR] Knowledge enhancement error: expected an indented block after 'if' statement on line 70 (knowledge_loader.py, line 71)
Traceback (most recent call last):
  File "D:\YiFeiAI-GD\src\decision\hybrid_decision_engine_v4.py", line 280, in _enhance_candidates
    from knowledge.knowledge_enhanced_decision import KnowledgeEnhancedDecisionEngine
  File "D:\YiFeiAI-GD\src\knowledge\knowledge_enhanced_decision.py", line 19, in <module>
    from knowledge.knowledge_loader import KnowledgeLoader
  File "D:\YiFeiAI-GD\src\knowledge\knowledge_loader.py", line 71
    try:
    ^^^
IndentationError: expected an indented block after 'if' statement on line 70
[15:11:31] [yf2_v5] [INFO] 2号位打出['PASS', 'PASS', 'PASS']， 最大动作为3号位打出的['Pair', 'K', ['HK', 'CK']]
[15:11:31] [yf2_v5] [INFO] 3号位打出['Single', '4', ['S4']]， 最大动作为3号位打出的['Single', '4', ['S4']]
[15:11:31] [yf2_v5] [INFO] 0号位打出['PASS', 'PASS', 'PASS']， 最大动作为3号位打出的['Single', '4', ['S4']]
[15:11:31] [yf2_v5] [INFO] 1号位打出['PASS', 'PASS', 'PASS']， 最大动作为3号位打出的['Single', '4', ['S4']]
[15:11:31] [YFAdapter-P2] [INFO] [YF-P2] Decision context: myPos=2, curPos=1, greaterPos=3, teammate=0, curAction=[, actionList_size=28
[15:11:31] [YFAdapter-P2] [INFO] [YF-P2] Decided: action_index=0, action=['PASS', 'PASS', 'PASS']
[15:11:31] [HybridV4-P2] [ERROR] Knowledge enhancement error: expected an indented block after 'if' statement on line 70 (knowledge_loader.py, line 71)
Traceback (most recent call last):
  File "D:\YiFeiAI-GD\src\decision\hybrid_decision_engine_v4.py", line 280, in _enhance_candidates
    from knowledge.knowledge_enhanced_decision import KnowledgeEnhancedDecisionEngine
  File "D:\YiFeiAI-GD\src\knowledge\knowledge_enhanced_decision.py", line 19, in <module>
    from knowledge.knowledge_loader import KnowledgeLoader
  File "D:\YiFeiAI-GD\src\knowledge\knowledge_loader.py", line 71
    try:
    ^^^
IndentationError: expected an indented block after 'if' statement on line 70
[15:11:31] [yf2_v5] [INFO] 2号位打出['PASS', 'PASS', 'PASS']， 最大动作为3号位打出的['Single', '4', ['S4']]
[15:11:31] [yf2_v5] [INFO] 3号位打出['Trips', '4', ['S4', 'C4', 'D4']]， 最大动作为3号位打出的['Trips', '4', ['S4', 'C4', 'D4']]
[15:11:31] [yf2_v5] [INFO] 0号位打出['PASS', 'PASS', 'PASS']， 最大动作为3号位打出的['Trips', '4', ['S4', 'C4', 'D4']]
[15:11:31] [yf2_v5] [INFO] 1号位打出['PASS', 'PASS', 'PASS']， 最大动作为3号位打出的['Trips', '4', ['S4', 'C4', 'D4']]
[15:11:31] [YFAdapter-P2] [INFO] [YF-P2] Decision context: myPos=2, curPos=1, greaterPos=3, teammate=0, curAction=[, actionList_size=23
[15:11:31] [YFAdapter-P2] [INFO] [YF-P2] Decided: action_index=0, action=['PASS', 'PASS', 'PASS']
[15:11:31] [YFAdapter-P2] [WARNING] [YF-P2] 检测到过于保守: 对手快走完(剩4张), 触发Layer 2/3进行更积极的决策
[15:11:31] [HybridV4-P2] [ERROR] Knowledge enhancement error: expected an indented block after 'if' statement on line 70 (knowledge_loader.py, line 71)
Traceback (most recent call last):
  File "D:\YiFeiAI-GD\src\decision\hybrid_decision_engine_v4.py", line 280, in _enhance_candidates
    from knowledge.knowledge_enhanced_decision import KnowledgeEnhancedDecisionEngine
  File "D:\YiFeiAI-GD\src\knowledge\knowledge_enhanced_decision.py", line 19, in <module>
    from knowledge.knowledge_loader import KnowledgeLoader
  File "D:\YiFeiAI-GD\src\knowledge\knowledge_loader.py", line 71
    try:
    ^^^
IndentationError: expected an indented block after 'if' statement on line 70
[15:11:31] [yf2_v5] [INFO] 2号位打出['PASS', 'PASS', 'PASS']， 最大动作为3号位打出的['Trips', '4', ['S4', 'C4', 'D4']]
[15:11:31] [yf2_v5] [INFO] 3号位打出['Bomb', 'A', ['SA', 'HA', 'CA', 'DA']]， 最大动作为3号位打出的['Bomb', 'A', ['SA', 'HA', 'CA', 'DA']]
[15:11:31] [yf2_v5] [INFO] 0号位打出['PASS', 'PASS', 'PASS']， 最大动作为3号位打出的['Bomb', 'A', ['SA', 'HA', 'CA', 'DA']]
[15:11:31] [yf2_v5] [INFO] 1号位打出['PASS', 'PASS', 'PASS']， 最大动作为3号位打出的['Bomb', 'A', ['SA', 'HA', 'CA', 'DA']]
[15:11:31] [yf2_v5] [INFO] 1号位打出['Single', '7', ['H7']]， 最大动作为1号位打出的['Single', '7', ['H7']]
[15:11:31] [YFAdapter-P2] [INFO] [YF-P2] Decision context: myPos=2, curPos=1, greaterPos=1, teammate=0, curAction=[, actionList_size=22
[15:11:31] [YFAdapter-P2] [INFO] [YF-P2] Decided: action_index=0, action=['PASS', 'PASS', 'PASS']
[15:11:31] [YFAdapter-P2] [WARNING] [YF-P2] 检测到过于保守: 对手快走完(剩0张), 触发Layer 2/3进行更积极的决策
[15:11:31] [HybridV4-P2] [ERROR] Knowledge enhancement error: expected an indented block after 'if' statement on line 70 (knowledge_loader.py, line 71)
Traceback (most recent call last):
  File "D:\YiFeiAI-GD\src\decision\hybrid_decision_engine_v4.py", line 280, in _enhance_candidates
    from knowledge.knowledge_enhanced_decision import KnowledgeEnhancedDecisionEngine
  File "D:\YiFeiAI-GD\src\knowledge\knowledge_enhanced_decision.py", line 19, in <module>
    from knowledge.knowledge_loader import KnowledgeLoader
  File "D:\YiFeiAI-GD\src\knowledge\knowledge_loader.py", line 71
    try:
    ^^^
IndentationError: expected an indented block after 'if' statement on line 70
[15:11:31] [yf2_v5] [INFO] 2号位打出['PASS', 'PASS', 'PASS']， 最大动作为1号位打出的['Single', '7', ['H7']]
[15:11:31] [yf2_v5] [INFO] 0号位打出['PASS', 'PASS', 'PASS']， 最大动作为1号位打出的['Single', '7', ['H7']]
[15:11:31] [yf2_v5] [INFO] 1号位打出['Trips', '7', ['H7', 'C7', 'D7']]， 最大动作为1号位打出的['Trips', '7', ['H7', 'C7', 'D7']]
[15:11:31] [YFAdapter-P2] [INFO] [YF-P2] Decision context: myPos=2, curPos=1, greaterPos=1, teammate=0, curAction=[, actionList_size=20
[15:11:31] [YFAdapter-P2] [INFO] [YF-P2] Decided: action_index=0, action=['PASS', 'PASS', 'PASS']
[15:11:31] [YFAdapter-P2] [WARNING] [YF-P2] 检测到过于保守: 对手快走完(剩0张), 触发Layer 2/3进行更积极的决策
[15:11:31] [HybridV4-P2] [ERROR] Knowledge enhancement error: expected an indented block after 'if' statement on line 70 (knowledge_loader.py, line 71)
Traceback (most recent call last):
  File "D:\YiFeiAI-GD\src\decision\hybrid_decision_engine_v4.py", line 280, in _enhance_candidates
    from knowledge.knowledge_enhanced_decision import KnowledgeEnhancedDecisionEngine
  File "D:\YiFeiAI-GD\src\knowledge\knowledge_enhanced_decision.py", line 19, in <module>
    from knowledge.knowledge_loader import KnowledgeLoader
  File "D:\YiFeiAI-GD\src\knowledge\knowledge_loader.py", line 71
    try:
    ^^^
IndentationError: expected an indented block after 'if' statement on line 70
[15:11:31] [yf2_v5] [INFO] 2号位打出['PASS', 'PASS', 'PASS']， 最大动作为1号位打出的['Trips', '7', ['H7', 'C7', 'D7']]
[15:11:31] [yf2_v5] [INFO] 0号位打出['PASS', 'PASS', 'PASS']， 最大动作为1号位打出的['Trips', '7', ['H7', 'C7', 'D7']]
[15:11:31] [yf2_v5] [INFO] 1号位打出['Single', 'Q', ['SQ']]， 最大动作为1号位打出的['Single', 'Q', ['SQ']]
[15:11:31] [YFAdapter-P2] [INFO] [YF-P2] Decision context: myPos=2, curPos=1, greaterPos=1, teammate=0, curAction=[, actionList_size=12
[15:11:31] [YFAdapter-P2] [INFO] [YF-P2] Decided: action_index=0, action=['PASS', 'PASS', 'PASS']
[15:11:31] [YFAdapter-P2] [WARNING] [YF-P2] 检测到过于保守: 对手快走完(剩0张), 触发Layer 2/3进行更积极的决策
[15:11:31] [HybridV4-P2] [ERROR] Knowledge enhancement error: expected an indented block after 'if' statement on line 70 (knowledge_loader.py, line 71)
Traceback (most recent call last):
  File "D:\YiFeiAI-GD\src\decision\hybrid_decision_engine_v4.py", line 280, in _enhance_candidates
    from knowledge.knowledge_enhanced_decision import KnowledgeEnhancedDecisionEngine
  File "D:\YiFeiAI-GD\src\knowledge\knowledge_enhanced_decision.py", line 19, in <module>
    from knowledge.knowledge_loader import KnowledgeLoader
  File "D:\YiFeiAI-GD\src\knowledge\knowledge_loader.py", line 71
    try:
    ^^^
IndentationError: expected an indented block after 'if' statement on line 70
[15:11:31] [yf2_v5] [INFO] 2号位打出['PASS', 'PASS', 'PASS']， 最大动作为1号位打出的['Single', 'Q', ['SQ']]
[15:11:31] [yf2_v5] [INFO] 0号位打出['PASS', 'PASS', 'PASS']， 最大动作为1号位打出的['Single', 'Q', ['SQ']]
[15:11:31] [yf2_v5] [INFO] 1号位打出['Trips', 'Q', ['HQ', 'CQ', 'DQ']]， 最大动作为1号位打出的['Trips', 'Q', ['HQ', 'CQ', 'DQ']]
[15:11:31] [YFAdapter-P2] [INFO] [YF-P2] Decision context: myPos=2, curPos=1, greaterPos=1, teammate=0, curAction=[, actionList_size=9
[15:11:31] [YFAdapter-P2] [INFO] [YF-P2] Decided: action_index=0, action=['PASS', 'PASS', 'PASS']
[15:11:31] [YFAdapter-P2] [WARNING] [YF-P2] 检测到过于保守: 对手快走完(剩0张), 触发Layer 2/3进行更积极的决策
[15:11:31] [HybridV4-P2] [ERROR] Knowledge enhancement error: expected an indented block after 'if' statement on line 70 (knowledge_loader.py, line 71)
Traceback (most recent call last):
  File "D:\YiFeiAI-GD\src\decision\hybrid_decision_engine_v4.py", line 280, in _enhance_candidates
    from knowledge.knowledge_enhanced_decision import KnowledgeEnhancedDecisionEngine
  File "D:\YiFeiAI-GD\src\knowledge\knowledge_enhanced_decision.py", line 19, in <module>
    from knowledge.knowledge_loader import KnowledgeLoader
  File "D:\YiFeiAI-GD\src\knowledge\knowledge_loader.py", line 71
    try:
    ^^^
IndentationError: expected an indented block after 'if' statement on line 70
[15:11:31] [yf2_v5] [INFO] 2号位打出['PASS', 'PASS', 'PASS']， 最大动作为1号位打出的['Trips', 'Q', ['HQ', 'CQ', 'DQ']]
[15:11:31] [yf2_v5] [INFO] 0号位打出['PASS', 'PASS', 'PASS']， 最大动作为1号位打出的['Trips', 'Q', ['HQ', 'CQ', 'DQ']]
[15:11:32] [yf2_v5] [INFO] 1号位打出['Bomb', 'K', ['SK', 'SK', 'HK', 'DK']]， 最大动作为1号位打出的['Bomb', 'K', ['SK', 'SK', 'HK', 'DK']]
[15:11:32] [yf2_v5] [INFO] 游戏开始, 我是2号位，手牌：['S2', 'H3', 'D3', 'S4', 'C4', 'C5', 'C5', 'C6', 'D6', 'H7', 'D7', 'D7', 'D8', 'D9', 'HT', 'DT', 'CJ', 'CJ', 'SQ', 'DQ', 'HK', 'HK', 'DK', 'SA', 'CA', 'DA', 'HR']
[15:11:32] [YFAdapter-P2] [INFO] [YF-P2] Decision context: myPos=2, curPos=-1, greaterPos=-1, teammate=0, curAction=[, actionList_size=1
[15:11:32] [YFAdapter-P2] [INFO] [YF-P2] Decided: action_index=0, action=['tribute', 'tribute', [['H', 'R']]]
[15:11:32] [HybridV4-P2] [ERROR] Knowledge enhancement error: expected an indented block after 'if' statement on line 70 (knowledge_loader.py, line 71)
Traceback (most recent call last):
  File "D:\YiFeiAI-GD\src\decision\hybrid_decision_engine_v4.py", line 280, in _enhance_candidates
    from knowledge.knowledge_enhanced_decision import KnowledgeEnhancedDecisionEngine
  File "D:\YiFeiAI-GD\src\knowledge\knowledge_enhanced_decision.py", line 19, in <module>
    from knowledge.knowledge_loader import KnowledgeLoader
  File "D:\YiFeiAI-GD\src\knowledge\knowledge_loader.py", line 71
    try:
    ^^^
IndentationError: expected an indented block after 'if' statement on line 70
[15:11:32] [YFAdapter-P2] [INFO] [YF-P2] Decision context: myPos=2, curPos=-1, greaterPos=-1, teammate=0, curAction=[, actionList_size=204
[15:11:32] [YFAdapter-P2] [INFO] [YF-P2] Decided: action_index=0, action=['Single', '2', [['S', '2']]]
[15:11:32] [HybridV4-P2] [ERROR] Knowledge enhancement error: expected an indented block after 'if' statement on line 70 (knowledge_loader.py, line 71)
Traceback (most recent call last):
  File "D:\YiFeiAI-GD\src\decision\hybrid_decision_engine_v4.py", line 280, in _enhance_candidates
    from knowledge.knowledge_enhanced_decision import KnowledgeEnhancedDecisionEngine
  File "D:\YiFeiAI-GD\src\knowledge\knowledge_enhanced_decision.py", line 19, in <module>
    from knowledge.knowledge_loader import KnowledgeLoader
  File "D:\YiFeiAI-GD\src\knowledge\knowledge_loader.py", line 71
    try:
    ^^^
IndentationError: expected an indented block after 'if' statement on line 70
[15:11:32] [yf2_v5] [INFO] 2号位打出['Single', '2', ['S2']]， 最大动作为2号位打出的['Single', '2', ['S2']]
[15:11:32] [yf2_v5] [INFO] 3号位打出['Single', '3', ['H3']]， 最大动作为3号位打出的['Single', '3', ['H3']]
[15:11:32] [yf2_v5] [INFO] 0号位打出['PASS', 'PASS', 'PASS']， 最大动作为3号位打出的['Single', '3', ['H3']]
[15:11:32] [yf2_v5] [INFO] 1号位打出['Single', 'R', ['HR']]， 最大动作为1号位打出的['Single', 'R', ['HR']]
[15:11:32] [YFAdapter-P2] [INFO] [YF-P2] Decision context: myPos=2, curPos=1, greaterPos=1, teammate=0, curAction=[, actionList_size=2
[15:11:32] [YFAdapter-P2] [INFO] [YF-P2] Decided: action_index=0, action=['PASS', 'PASS', 'PASS']
[15:11:32] [HybridV4-P2] [ERROR] Knowledge enhancement error: expected an indented block after 'if' statement on line 70 (knowledge_loader.py, line 71)
Traceback (most recent call last):
  File "D:\YiFeiAI-GD\src\decision\hybrid_decision_engine_v4.py", line 280, in _enhance_candidates
    from knowledge.knowledge_enhanced_decision import KnowledgeEnhancedDecisionEngine
  File "D:\YiFeiAI-GD\src\knowledge\knowledge_enhanced_decision.py", line 19, in <module>
    from knowledge.knowledge_loader import KnowledgeLoader
  File "D:\YiFeiAI-GD\src\knowledge\knowledge_loader.py", line 71
    try:
    ^^^
IndentationError: expected an indented block after 'if' statement on line 70
[15:11:32] [yf2_v5] [INFO] 2号位打出['PASS', 'PASS', 'PASS']， 最大动作为1号位打出的['Single', 'R', ['HR']]
[15:11:32] [yf2_v5] [INFO] 3号位打出['PASS', 'PASS', 'PASS']， 最大动作为1号位打出的['Single', 'R', ['HR']]
[15:11:32] [yf2_v5] [INFO] 0号位打出['PASS', 'PASS', 'PASS']， 最大动作为1号位打出的['Single', 'R', ['HR']]
[15:11:32] [yf2_v5] [INFO] 1号位打出['Pair', '3', ['S3', 'C3']]， 最大动作为1号位打出的['Pair', '3', ['S3', 'C3']]
[15:11:32] [YFAdapter-P2] [INFO] [YF-P2] Decision context: myPos=2, curPos=1, greaterPos=1, teammate=0, curAction=[, actionList_size=16
[15:11:32] [YFAdapter-P2] [INFO] [YF-P2] Decided: action_index=0, action=['PASS', 'PASS', 'PASS']
[15:11:32] [HybridV4-P2] [ERROR] Knowledge enhancement error: expected an indented block after 'if' statement on line 70 (knowledge_loader.py, line 71)
Traceback (most recent call last):
  File "D:\YiFeiAI-GD\src\decision\hybrid_decision_engine_v4.py", line 280, in _enhance_candidates
    from knowledge.knowledge_enhanced_decision import KnowledgeEnhancedDecisionEngine
  File "D:\YiFeiAI-GD\src\knowledge\knowledge_enhanced_decision.py", line 19, in <module>
    from knowledge.knowledge_loader import KnowledgeLoader
  File "D:\YiFeiAI-GD\src\knowledge\knowledge_loader.py", line 71
    try:
    ^^^
IndentationError: expected an indented block after 'if' statement on line 70
[15:11:32] [yf2_v5] [INFO] 2号位打出['PASS', 'PASS', 'PASS']， 最大动作为1号位打出的['Pair', '3', ['S3', 'C3']]
[15:11:32] [yf2_v5] [INFO] 3号位打出['Pair', '5', ['S5', 'HA']]， 最大动作为3号位打出的['Pair', '5', ['S5', 'HA']]
[15:11:32] [yf2_v5] [INFO] 0号位打出['PASS', 'PASS', 'PASS']， 最大动作为3号位打出的['Pair', '5', ['S5', 'HA']]
[15:11:32] [yf2_v5] [INFO] 1号位打出['Pair', 'T', ['CT', 'CT']]， 最大动作为1号位打出的['Pair', 'T', ['CT', 'CT']]
[15:11:32] [YFAdapter-P2] [INFO] [YF-P2] Decision context: myPos=2, curPos=1, greaterPos=1, teammate=0, curAction=[, actionList_size=9
[15:11:32] [YFAdapter-P2] [INFO] [YF-P2] Decided: action_index=0, action=['PASS', 'PASS', 'PASS']
[15:11:32] [HybridV4-P2] [ERROR] Knowledge enhancement error: expected an indented block after 'if' statement on line 70 (knowledge_loader.py, line 71)
Traceback (most recent call last):
  File "D:\YiFeiAI-GD\src\decision\hybrid_decision_engine_v4.py", line 280, in _enhance_candidates
    from knowledge.knowledge_enhanced_decision import KnowledgeEnhancedDecisionEngine
  File "D:\YiFeiAI-GD\src\knowledge\knowledge_enhanced_decision.py", line 19, in <module>
    from knowledge.knowledge_loader import KnowledgeLoader
  File "D:\YiFeiAI-GD\src\knowledge\knowledge_loader.py", line 71
    try:
    ^^^
IndentationError: expected an indented block after 'if' statement on line 70
[15:11:32] [yf2_v5] [INFO] 2号位打出['PASS', 'PASS', 'PASS']， 最大动作为1号位打出的['Pair', 'T', ['CT', 'CT']]
[15:11:32] [yf2_v5] [INFO] 3号位打出['Pair', 'K', ['SK', 'HA']]， 最大动作为3号位打出的['Pair', 'K', ['SK', 'HA']]
[15:11:32] [yf2_v5] [INFO] 0号位打出['PASS', 'PASS', 'PASS']， 最大动作为3号位打出的['Pair', 'K', ['SK', 'HA']]
[15:11:32] [yf2_v5] [INFO] 1号位打出['PASS', 'PASS', 'PASS']， 最大动作为3号位打出的['Pair', 'K', ['SK', 'HA']]
[15:11:32] [YFAdapter-P2] [INFO] [YF-P2] Decision context: myPos=2, curPos=1, greaterPos=3, teammate=0, curAction=[, actionList_size=5
[15:11:32] [YFAdapter-P2] [INFO] [YF-P2] Decided: action_index=0, action=['PASS', 'PASS', 'PASS']
[15:11:32] [HybridV4-P2] [ERROR] Knowledge enhancement error: expected an indented block after 'if' statement on line 70 (knowledge_loader.py, line 71)
Traceback (most recent call last):
  File "D:\YiFeiAI-GD\src\decision\hybrid_decision_engine_v4.py", line 280, in _enhance_candidates
    from knowledge.knowledge_enhanced_decision import KnowledgeEnhancedDecisionEngine
  File "D:\YiFeiAI-GD\src\knowledge\knowledge_enhanced_decision.py", line 19, in <module>
    from knowledge.knowledge_loader import KnowledgeLoader
  File "D:\YiFeiAI-GD\src\knowledge\knowledge_loader.py", line 71
    try:
    ^^^
IndentationError: expected an indented block after 'if' statement on line 70
[15:11:32] [yf2_v5] [INFO] 2号位打出['PASS', 'PASS', 'PASS']， 最大动作为3号位打出的['Pair', 'K', ['SK', 'HA']]
[15:11:32] [yf2_v5] [INFO] 3号位打出['Single', '5', ['H5']]， 最大动作为3号位打出的['Single', '5', ['H5']]
[15:11:32] [yf2_v5] [INFO] 0号位打出['PASS', 'PASS', 'PASS']， 最大动作为3号位打出的['Single', '5', ['H5']]
[15:11:32] [yf2_v5] [INFO] 1号位打出['Single', 'R', ['HR']]， 最大动作为1号位打出的['Single', 'R', ['HR']]
[15:11:32] [YFAdapter-P2] [INFO] [YF-P2] Decision context: myPos=2, curPos=1, greaterPos=1, teammate=0, curAction=[, actionList_size=2
[15:11:32] [YFAdapter-P2] [INFO] [YF-P2] Decided: action_index=0, action=['PASS', 'PASS', 'PASS']
[15:11:32] [HybridV4-P2] [ERROR] Knowledge enhancement error: expected an indented block after 'if' statement on line 70 (knowledge_loader.py, line 71)
Traceback (most recent call last):
  File "D:\YiFeiAI-GD\src\decision\hybrid_decision_engine_v4.py", line 280, in _enhance_candidates
    from knowledge.knowledge_enhanced_decision import KnowledgeEnhancedDecisionEngine
  File "D:\YiFeiAI-GD\src\knowledge\knowledge_enhanced_decision.py", line 19, in <module>
    from knowledge.knowledge_loader import KnowledgeLoader
  File "D:\YiFeiAI-GD\src\knowledge\knowledge_loader.py", line 71
    try:
    ^^^
IndentationError: expected an indented block after 'if' statement on line 70
[15:11:32] [yf2_v5] [INFO] 2号位打出['PASS', 'PASS', 'PASS']， 最大动作为1号位打出的['Single', 'R', ['HR']]
[15:11:32] [yf2_v5] [INFO] 3号位打出['PASS', 'PASS', 'PASS']， 最大动作为1号位打出的['Single', 'R', ['HR']]
[15:11:32] [yf2_v5] [INFO] 0号位打出['PASS', 'PASS', 'PASS']， 最大动作为1号位打出的['Single', 'R', ['HR']]
[15:11:32] [yf2_v5] [INFO] 1号位打出['Pair', '5', ['S5', 'H5']]， 最大动作为1号位打出的['Pair', '5', ['S5', 'H5']]
[15:11:32] [YFAdapter-P2] [INFO] [YF-P2] Decision context: myPos=2, curPos=1, greaterPos=1, teammate=0, curAction=[, actionList_size=13
[15:11:32] [YFAdapter-P2] [INFO] [YF-P2] Decided: action_index=0, action=['PASS', 'PASS', 'PASS']
[15:11:32] [HybridV4-P2] [ERROR] Knowledge enhancement error: expected an indented block after 'if' statement on line 70 (knowledge_loader.py, line 71)
Traceback (most recent call last):
  File "D:\YiFeiAI-GD\src\decision\hybrid_decision_engine_v4.py", line 280, in _enhance_candidates
    from knowledge.knowledge_enhanced_decision import KnowledgeEnhancedDecisionEngine
  File "D:\YiFeiAI-GD\src\knowledge\knowledge_enhanced_decision.py", line 19, in <module>
    from knowledge.knowledge_loader import KnowledgeLoader
  File "D:\YiFeiAI-GD\src\knowledge\knowledge_loader.py", line 71
    try:
    ^^^
IndentationError: expected an indented block after 'if' statement on line 70
[15:11:32] [yf2_v5] [INFO] 2号位打出['PASS', 'PASS', 'PASS']， 最大动作为1号位打出的['Pair', '5', ['S5', 'H5']]
[15:11:32] [yf2_v5] [INFO] 3号位打出['Pair', 'T', ['ST', 'DT']]， 最大动作为3号位打出的['Pair', 'T', ['ST', 'DT']]
[15:11:32] [yf2_v5] [INFO] 0号位打出['PASS', 'PASS', 'PASS']， 最大动作为3号位打出的['Pair', 'T', ['ST', 'DT']]
[15:11:32] [yf2_v5] [INFO] 1号位打出['Pair', 'J', ['HJ', 'HJ']]， 最大动作为1号位打出的['Pair', 'J', ['HJ', 'HJ']]
[15:11:32] [YFAdapter-P2] [INFO] [YF-P2] Decision context: myPos=2, curPos=1, greaterPos=1, teammate=0, curAction=[, actionList_size=8
[15:11:32] [YFAdapter-P2] [INFO] [YF-P2] Decided: action_index=0, action=['PASS', 'PASS', 'PASS']
[15:11:32] [HybridV4-P2] [ERROR] Knowledge enhancement error: expected an indented block after 'if' statement on line 70 (knowledge_loader.py, line 71)
Traceback (most recent call last):
  File "D:\YiFeiAI-GD\src\decision\hybrid_decision_engine_v4.py", line 280, in _enhance_candidates
    from knowledge.knowledge_enhanced_decision import KnowledgeEnhancedDecisionEngine
  File "D:\YiFeiAI-GD\src\knowledge\knowledge_enhanced_decision.py", line 19, in <module>
    from knowledge.knowledge_loader import KnowledgeLoader
  File "D:\YiFeiAI-GD\src\knowledge\knowledge_loader.py", line 71
    try:
    ^^^
IndentationError: expected an indented block after 'if' statement on line 70
[15:11:32] [yf2_v5] [INFO] 2号位打出['PASS', 'PASS', 'PASS']， 最大动作为1号位打出的['Pair', 'J', ['HJ', 'HJ']]
[15:11:32] [yf2_v5] [INFO] 3号位打出['Pair', 'A', ['SA', 'DA']]， 最大动作为3号位打出的['Pair', 'A', ['SA', 'DA']]
[15:11:32] [yf2_v5] [INFO] 0号位打出['PASS', 'PASS', 'PASS']， 最大动作为3号位打出的['Pair', 'A', ['SA', 'DA']]
[15:11:32] [yf2_v5] [INFO] 1号位打出['PASS', 'PASS', 'PASS']， 最大动作为3号位打出的['Pair', 'A', ['SA', 'DA']]
[15:11:32] [YFAdapter-P2] [INFO] [YF-P2] Decision context: myPos=2, curPos=1, greaterPos=3, teammate=0, curAction=[, actionList_size=2
[15:11:32] [YFAdapter-P2] [INFO] [YF-P2] Decided: action_index=0, action=['PASS', 'PASS', 'PASS']
[15:11:32] [HybridV4-P2] [ERROR] Knowledge enhancement error: expected an indented block after 'if' statement on line 70 (knowledge_loader.py, line 71)
Traceback (most recent call last):
  File "D:\YiFeiAI-GD\src\decision\hybrid_decision_engine_v4.py", line 280, in _enhance_candidates
    from knowledge.knowledge_enhanced_decision import KnowledgeEnhancedDecisionEngine
  File "D:\YiFeiAI-GD\src\knowledge\knowledge_enhanced_decision.py", line 19, in <module>
    from knowledge.knowledge_loader import KnowledgeLoader
  File "D:\YiFeiAI-GD\src\knowledge\knowledge_loader.py", line 71
    try:
    ^^^
IndentationError: expected an indented block after 'if' statement on line 70
[15:11:32] [yf2_v5] [INFO] 2号位打出['PASS', 'PASS', 'PASS']， 最大动作为3号位打出的['Pair', 'A', ['SA', 'DA']]
[15:11:32] [yf2_v5] [INFO] 3号位打出['Trips', '2', ['S2', 'C2', 'D2']]， 最大动作为3号位打出的['Trips', '2', ['S2', 'C2', 'D2']]
[15:11:32] [yf2_v5] [INFO] 0号位打出['PASS', 'PASS', 'PASS']， 最大动作为3号位打出的['Trips', '2', ['S2', 'C2', 'D2']]
[15:11:32] [yf2_v5] [INFO] 1号位打出['Trips', '9', ['H9', 'H9', 'C9']]， 最大动作为1号位打出的['Trips', '9', ['H9', 'H9', 'C9']]
[15:11:32] [YFAdapter-P2] [INFO] [YF-P2] Decision context: myPos=2, curPos=1, greaterPos=1, teammate=0, curAction=[, actionList_size=4
[15:11:32] [YFAdapter-P2] [INFO] [YF-P2] Decided: action_index=0, action=['PASS', 'PASS', 'PASS']
[15:11:32] [HybridV4-P2] [ERROR] Knowledge enhancement error: expected an indented block after 'if' statement on line 70 (knowledge_loader.py, line 71)
Traceback (most recent call last):
  File "D:\YiFeiAI-GD\src\decision\hybrid_decision_engine_v4.py", line 280, in _enhance_candidates
    from knowledge.knowledge_enhanced_decision import KnowledgeEnhancedDecisionEngine
  File "D:\YiFeiAI-GD\src\knowledge\knowledge_enhanced_decision.py", line 19, in <module>
    from knowledge.knowledge_loader import KnowledgeLoader
  File "D:\YiFeiAI-GD\src\knowledge\knowledge_loader.py", line 71
    try:
    ^^^
IndentationError: expected an indented block after 'if' statement on line 70
[15:11:32] [yf2_v5] [INFO] 2号位打出['PASS', 'PASS', 'PASS']， 最大动作为1号位打出的['Trips', '9', ['H9', 'H9', 'C9']]
[15:11:32] [yf2_v5] [INFO] 3号位打出['Trips', 'J', ['SJ', 'DJ', 'DJ']]， 最大动作为3号位打出的['Trips', 'J', ['SJ', 'DJ', 'DJ']]
[15:11:32] [yf2_v5] [INFO] 0号位打出['PASS', 'PASS', 'PASS']， 最大动作为3号位打出的['Trips', 'J', ['SJ', 'DJ', 'DJ']]
[15:11:32] [yf2_v5] [INFO] 1号位打出['PASS', 'PASS', 'PASS']， 最大动作为3号位打出的['Trips', 'J', ['SJ', 'DJ', 'DJ']]
[15:11:32] [YFAdapter-P2] [INFO] [YF-P2] Decision context: myPos=2, curPos=1, greaterPos=3, teammate=0, curAction=[, actionList_size=4
[15:11:32] [YFAdapter-P2] [INFO] [YF-P2] Decided: action_index=0, action=['PASS', 'PASS', 'PASS']
[15:11:32] [HybridV4-P2] [ERROR] Knowledge enhancement error: expected an indented block after 'if' statement on line 70 (knowledge_loader.py, line 71)
Traceback (most recent call last):
  File "D:\YiFeiAI-GD\src\decision\hybrid_decision_engine_v4.py", line 280, in _enhance_candidates
    from knowledge.knowledge_enhanced_decision import KnowledgeEnhancedDecisionEngine
  File "D:\YiFeiAI-GD\src\knowledge\knowledge_enhanced_decision.py", line 19, in <module>
    from knowledge.knowledge_loader import KnowledgeLoader
  File "D:\YiFeiAI-GD\src\knowledge\knowledge_loader.py", line 71
    try:
    ^^^
IndentationError: expected an indented block after 'if' statement on line 70
[15:11:32] [yf2_v5] [INFO] 2号位打出['PASS', 'PASS', 'PASS']， 最大动作为3号位打出的['Trips', 'J', ['SJ', 'DJ', 'DJ']]
[15:11:32] [yf2_v5] [INFO] 3号位打出['Trips', '4', ['S4', 'H4', 'D4']]， 最大动作为3号位打出的['Trips', '4', ['S4', 'H4', 'D4']]
[15:11:32] [yf2_v5] [INFO] 0号位打出['PASS', 'PASS', 'PASS']， 最大动作为3号位打出的['Trips', '4', ['S4', 'H4', 'D4']]
[15:11:32] [yf2_v5] [INFO] 1号位打出['PASS', 'PASS', 'PASS']， 最大动作为3号位打出的['Trips', '4', ['S4', 'H4', 'D4']]
[15:11:32] [YFAdapter-P2] [INFO] [YF-P2] Decision context: myPos=2, curPos=1, greaterPos=3, teammate=0, curAction=[, actionList_size=5
[15:11:32] [YFAdapter-P2] [INFO] [YF-P2] Decided: action_index=0, action=['PASS', 'PASS', 'PASS']
[15:11:32] [HybridV4-P2] [ERROR] Knowledge enhancement error: expected an indented block after 'if' statement on line 70 (knowledge_loader.py, line 71)
Traceback (most recent call last):
  File "D:\YiFeiAI-GD\src\decision\hybrid_decision_engine_v4.py", line 280, in _enhance_candidates
    from knowledge.knowledge_enhanced_decision import KnowledgeEnhancedDecisionEngine
  File "D:\YiFeiAI-GD\src\knowledge\knowledge_enhanced_decision.py", line 19, in <module>
    from knowledge.knowledge_loader import KnowledgeLoader
  File "D:\YiFeiAI-GD\src\knowledge\knowledge_loader.py", line 71
    try:
    ^^^
IndentationError: expected an indented block after 'if' statement on line 70
[15:11:32] [yf2_v5] [INFO] 2号位打出['PASS', 'PASS', 'PASS']， 最大动作为3号位打出的['Trips', '4', ['S4', 'H4', 'D4']]
[15:11:32] [yf2_v5] [INFO] 3号位打出['ThreeWithTwo', '7', ['S7', 'H7', 'C7', 'SB', 'SB']]， 最大动作为3号位打出的['ThreeWithTwo', '7', ['S7', 'H7', 'C7', 'SB', 'SB']]
[15:11:32] [yf2_v5] [INFO] 0号位打出['PASS', 'PASS', 'PASS']， 最大动作为3号位打出的['ThreeWithTwo', '7', ['S7', 'H7', 'C7', 'SB', 'SB']]
[15:11:32] [yf2_v5] [INFO] 1号位打出['PASS', 'PASS', 'PASS']， 最大动作为3号位打出的['ThreeWithTwo', '7', ['S7', 'H7', 'C7', 'SB', 'SB']]
[15:11:32] [YFAdapter-P2] [INFO] [YF-P2] Decision context: myPos=2, curPos=1, greaterPos=3, teammate=0, curAction=[, actionList_size=27
[15:11:32] [YFAdapter-P2] [INFO] [YF-P2] Decided: action_index=0, action=['PASS', 'PASS', 'PASS']
[15:11:32] [YFAdapter-P2] [WARNING] [YF-P2] 检测到过于保守: 对手快走完(剩3张), 触发Layer 2/3进行更积极的决策
[15:11:32] [HybridV4-P2] [ERROR] Knowledge enhancement error: expected an indented block after 'if' statement on line 70 (knowledge_loader.py, line 71)
Traceback (most recent call last):
  File "D:\YiFeiAI-GD\src\decision\hybrid_decision_engine_v4.py", line 280, in _enhance_candidates
    from knowledge.knowledge_enhanced_decision import KnowledgeEnhancedDecisionEngine
  File "D:\YiFeiAI-GD\src\knowledge\knowledge_enhanced_decision.py", line 19, in <module>
    from knowledge.knowledge_loader import KnowledgeLoader
  File "D:\YiFeiAI-GD\src\knowledge\knowledge_loader.py", line 71
    try:
    ^^^
IndentationError: expected an indented block after 'if' statement on line 70
[15:11:32] [yf2_v5] [INFO] 2号位打出['PASS', 'PASS', 'PASS']， 最大动作为3号位打出的['ThreeWithTwo', '7', ['S7', 'H7', 'C7', 'SB', 'SB']]
[15:11:32] [yf2_v5] [INFO] 3号位打出['Single', '9', ['S9']]， 最大动作为3号位打出的['Single', '9', ['S9']]
[15:11:32] [yf2_v5] [INFO] 0号位打出['PASS', 'PASS', 'PASS']， 最大动作为3号位打出的['Single', '9', ['S9']]
[15:11:32] [yf2_v5] [INFO] 1号位打出['PASS', 'PASS', 'PASS']， 最大动作为3号位打出的['Single', '9', ['S9']]
[15:11:32] [YFAdapter-P2] [INFO] [YF-P2] Decision context: myPos=2, curPos=1, greaterPos=3, teammate=0, curAction=[, actionList_size=12
[15:11:32] [YFAdapter-P2] [INFO] [YF-P2] Decided: action_index=0, action=['PASS', 'PASS', 'PASS']
[15:11:32] [YFAdapter-P2] [WARNING] [YF-P2] 检测到过于保守: 对手快走完(剩2张), 触发Layer 2/3进行更积极的决策
[15:11:32] [HybridV4-P2] [ERROR] Knowledge enhancement error: expected an indented block after 'if' statement on line 70 (knowledge_loader.py, line 71)
Traceback (most recent call last):
  File "D:\YiFeiAI-GD\src\decision\hybrid_decision_engine_v4.py", line 280, in _enhance_candidates
    from knowledge.knowledge_enhanced_decision import KnowledgeEnhancedDecisionEngine
  File "D:\YiFeiAI-GD\src\knowledge\knowledge_enhanced_decision.py", line 19, in <module>
    from knowledge.knowledge_loader import KnowledgeLoader
  File "D:\YiFeiAI-GD\src\knowledge\knowledge_loader.py", line 71
    try:
    ^^^
IndentationError: expected an indented block after 'if' statement on line 70
[15:11:32] [yf2_v5] [INFO] 2号位打出['PASS', 'PASS', 'PASS']， 最大动作为3号位打出的['Single', '9', ['S9']]
[15:11:32] [yf2_v5] [INFO] 3号位打出['Single', 'K', ['SK']]， 最大动作为3号位打出的['Single', 'K', ['SK']]
[15:11:32] [yf2_v5] [INFO] 0号位打出['PASS', 'PASS', 'PASS']， 最大动作为3号位打出的['Single', 'K', ['SK']]
[15:11:32] [yf2_v5] [INFO] 1号位打出['PASS', 'PASS', 'PASS']， 最大动作为3号位打出的['Single', 'K', ['SK']]
[15:11:32] [YFAdapter-P2] [INFO] [YF-P2] Decision context: myPos=2, curPos=1, greaterPos=3, teammate=0, curAction=[, actionList_size=5
[15:11:32] [YFAdapter-P2] [INFO] [YF-P2] Decided: action_index=0, action=['PASS', 'PASS', 'PASS']
[15:11:32] [YFAdapter-P2] [WARNING] [YF-P2] 检测到过于保守: 对手快走完(剩1张), 触发Layer 2/3进行更积极的决策
[15:11:32] [HybridV4-P2] [ERROR] Knowledge enhancement error: expected an indented block after 'if' statement on line 70 (knowledge_loader.py, line 71)
Traceback (most recent call last):
  File "D:\YiFeiAI-GD\src\decision\hybrid_decision_engine_v4.py", line 280, in _enhance_candidates
    from knowledge.knowledge_enhanced_decision import KnowledgeEnhancedDecisionEngine
  File "D:\YiFeiAI-GD\src\knowledge\knowledge_enhanced_decision.py", line 19, in <module>
    from knowledge.knowledge_loader import KnowledgeLoader
  File "D:\YiFeiAI-GD\src\knowledge\knowledge_loader.py", line 71
    try:
    ^^^
IndentationError: expected an indented block after 'if' statement on line 70
[15:11:32] [yf2_v5] [INFO] 2号位打出['PASS', 'PASS', 'PASS']， 最大动作为3号位打出的['Single', 'K', ['SK']]
[15:11:32] [yf2_v5] [INFO] 3号位打出['Single', 'A', ['CA']]， 最大动作为3号位打出的['Single', 'A', ['CA']]
[15:11:32] [yf2_v5] [INFO] 0号位打出['PASS', 'PASS', 'PASS']， 最大动作为3号位打出的['Single', 'A', ['CA']]
[15:11:32] [yf2_v5] [INFO] 1号位打出['PASS', 'PASS', 'PASS']， 最大动作为3号位打出的['Single', 'A', ['CA']]
[15:11:32] [yf2_v5] [INFO] 1号位打出['Pair', '2', ['H2', 'D2']]， 最大动作为1号位打出的['Pair', '2', ['H2', 'D2']]
[15:11:32] [YFAdapter-P2] [INFO] [YF-P2] Decision context: myPos=2, curPos=1, greaterPos=1, teammate=0, curAction=[, actionList_size=17
[15:11:32] [YFAdapter-P2] [INFO] [YF-P2] Decided: action_index=0, action=['PASS', 'PASS', 'PASS']
[15:11:32] [YFAdapter-P2] [WARNING] [YF-P2] 检测到过于保守: 对手快走完(剩0张), 触发Layer 2/3进行更积极的决策
[15:11:32] [HybridV4-P2] [ERROR] Knowledge enhancement error: expected an indented block after 'if' statement on line 70 (knowledge_loader.py, line 71)
Traceback (most recent call last):
  File "D:\YiFeiAI-GD\src\decision\hybrid_decision_engine_v4.py", line 280, in _enhance_candidates
    from knowledge.knowledge_enhanced_decision import KnowledgeEnhancedDecisionEngine
  File "D:\YiFeiAI-GD\src\knowledge\knowledge_enhanced_decision.py", line 19, in <module>
    from knowledge.knowledge_loader import KnowledgeLoader
  File "D:\YiFeiAI-GD\src\knowledge\knowledge_loader.py", line 71
    try:
    ^^^
IndentationError: expected an indented block after 'if' statement on line 70
[15:11:32] [yf2_v5] [INFO] 2号位打出['PASS', 'PASS', 'PASS']， 最大动作为1号位打出的['Pair', '2', ['H2', 'D2']]
[15:11:32] [yf2_v5] [INFO] 0号位打出['PASS', 'PASS', 'PASS']， 最大动作为1号位打出的['Pair', '2', ['H2', 'D2']]
[15:11:32] [yf2_v5] [INFO] 1号位打出['Single', '6', ['S6']]， 最大动作为1号位打出的['Single', '6', ['S6']]
[15:11:32] [YFAdapter-P2] [INFO] [YF-P2] Decision context: myPos=2, curPos=1, greaterPos=1, teammate=0, curAction=[, actionList_size=16
[15:11:32] [YFAdapter-P2] [INFO] [YF-P2] Decided: action_index=0, action=['PASS', 'PASS', 'PASS']
[15:11:32] [YFAdapter-P2] [WARNING] [YF-P2] 检测到过于保守: 对手快走完(剩0张), 触发Layer 2/3进行更积极的决策
[15:11:32] [HybridV4-P2] [ERROR] Knowledge enhancement error: expected an indented block after 'if' statement on line 70 (knowledge_loader.py, line 71)
Traceback (most recent call last):
  File "D:\YiFeiAI-GD\src\decision\hybrid_decision_engine_v4.py", line 280, in _enhance_candidates
    from knowledge.knowledge_enhanced_decision import KnowledgeEnhancedDecisionEngine
  File "D:\YiFeiAI-GD\src\knowledge\knowledge_enhanced_decision.py", line 19, in <module>
    from knowledge.knowledge_loader import KnowledgeLoader
  File "D:\YiFeiAI-GD\src\knowledge\knowledge_loader.py", line 71
    try:
    ^^^
IndentationError: expected an indented block after 'if' statement on line 70
[15:11:32] [yf2_v5] [INFO] 2号位打出['PASS', 'PASS', 'PASS']， 最大动作为1号位打出的['Single', '6', ['S6']]
[15:11:32] [yf2_v5] [INFO] 0号位打出['PASS', 'PASS', 'PASS']， 最大动作为1号位打出的['Single', '6', ['S6']]
[15:11:32] [yf2_v5] [INFO] 1号位打出['Trips', '6', ['S6', 'H6', 'H6']]， 最大动作为1号位打出的['Trips', '6', ['S6', 'H6', 'H6']]
[15:11:32] [YFAdapter-P2] [INFO] [YF-P2] Decision context: myPos=2, curPos=1, greaterPos=1, teammate=0, curAction=[, actionList_size=5
[15:11:32] [YFAdapter-P2] [INFO] [YF-P2] Decided: action_index=0, action=['PASS', 'PASS', 'PASS']
[15:11:32] [YFAdapter-P2] [WARNING] [YF-P2] 检测到过于保守: 对手快走完(剩0张), 触发Layer 2/3进行更积极的决策
[15:11:32] [HybridV4-P2] [ERROR] Knowledge enhancement error: expected an indented block after 'if' statement on line 70 (knowledge_loader.py, line 71)
Traceback (most recent call last):
  File "D:\YiFeiAI-GD\src\decision\hybrid_decision_engine_v4.py", line 280, in _enhance_candidates
    from knowledge.knowledge_enhanced_decision import KnowledgeEnhancedDecisionEngine
  File "D:\YiFeiAI-GD\src\knowledge\knowledge_enhanced_decision.py", line 19, in <module>
    from knowledge.knowledge_loader import KnowledgeLoader
  File "D:\YiFeiAI-GD\src\knowledge\knowledge_loader.py", line 71
    try:
    ^^^
IndentationError: expected an indented block after 'if' statement on line 70
[15:11:32] [yf2_v5] [INFO] 2号位打出['PASS', 'PASS', 'PASS']， 最大动作为1号位打出的['Trips', '6', ['S6', 'H6', 'H6']]
[15:11:32] [yf2_v5] [INFO] 0号位打出['PASS', 'PASS', 'PASS']， 最大动作为1号位打出的['Trips', '6', ['S6', 'H6', 'H6']]
[15:11:32] [yf2_v5] [INFO] 1号位打出['Single', '8', ['H8']]， 最大动作为1号位打出的['Single', '8', ['H8']]
[15:11:32] [YFAdapter-P2] [INFO] [YF-P2] Decision context: myPos=2, curPos=1, greaterPos=1, teammate=0, curAction=[, actionList_size=13
[15:11:32] [YFAdapter-P2] [INFO] [YF-P2] Decided: action_index=0, action=['PASS', 'PASS', 'PASS']
[15:11:32] [YFAdapter-P2] [WARNING] [YF-P2] 检测到过于保守: 对手快走完(剩0张), 触发Layer 2/3进行更积极的决策
[15:11:32] [HybridV4-P2] [ERROR] Knowledge enhancement error: expected an indented block after 'if' statement on line 70 (knowledge_loader.py, line 71)
Traceback (most recent call last):
  File "D:\YiFeiAI-GD\src\decision\hybrid_decision_engine_v4.py", line 280, in _enhance_candidates
    from knowledge.knowledge_enhanced_decision import KnowledgeEnhancedDecisionEngine
  File "D:\YiFeiAI-GD\src\knowledge\knowledge_enhanced_decision.py", line 19, in <module>
    from knowledge.knowledge_loader import KnowledgeLoader
  File "D:\YiFeiAI-GD\src\knowledge\knowledge_loader.py", line 71
    try:
    ^^^
IndentationError: expected an indented block after 'if' statement on line 70
[15:11:32] [yf2_v5] [INFO] 2号位打出['PASS', 'PASS', 'PASS']， 最大动作为1号位打出的['Single', '8', ['H8']]
[15:11:32] [yf2_v5] [INFO] 0号位打出['PASS', 'PASS', 'PASS']， 最大动作为1号位打出的['Single', '8', ['H8']]
[15:11:32] [yf2_v5] [INFO] 1号位打出['Trips', '8', ['H8', 'C8', 'D8']]， 最大动作为1号位打出的['Trips', '8', ['H8', 'C8', 'D8']]
[15:11:32] [YFAdapter-P2] [INFO] [YF-P2] Decision context: myPos=2, curPos=1, greaterPos=1, teammate=0, curAction=[, actionList_size=4
[15:11:32] [YFAdapter-P2] [INFO] [YF-P2] Decided: action_index=0, action=['PASS', 'PASS', 'PASS']
[15:11:32] [YFAdapter-P2] [WARNING] [YF-P2] 检测到过于保守: 对手快走完(剩0张), 触发Layer 2/3进行更积极的决策
[15:11:32] [HybridV4-P2] [ERROR] Knowledge enhancement error: expected an indented block after 'if' statement on line 70 (knowledge_loader.py, line 71)
Traceback (most recent call last):
  File "D:\YiFeiAI-GD\src\decision\hybrid_decision_engine_v4.py", line 280, in _enhance_candidates
    from knowledge.knowledge_enhanced_decision import KnowledgeEnhancedDecisionEngine
  File "D:\YiFeiAI-GD\src\knowledge\knowledge_enhanced_decision.py", line 19, in <module>
    from knowledge.knowledge_loader import KnowledgeLoader
  File "D:\YiFeiAI-GD\src\knowledge\knowledge_loader.py", line 71
    try:
    ^^^
IndentationError: expected an indented block after 'if' statement on line 70
[15:11:32] [yf2_v5] [INFO] 2号位打出['PASS', 'PASS', 'PASS']， 最大动作为1号位打出的['Trips', '8', ['H8', 'C8', 'D8']]
[15:11:32] [yf2_v5] [INFO] 0号位打出['PASS', 'PASS', 'PASS']， 最大动作为1号位打出的['Trips', '8', ['H8', 'C8', 'D8']]
[15:11:32] [yf2_v5] [INFO] 1号位打出['Bomb', 'Q', ['SQ', 'HQ', 'CQ', 'DQ']]， 最大动作为1号位打出的['Bomb', 'Q', ['SQ', 'HQ', 'CQ', 'DQ']]
[15:11:32] [yf2_v5] [INFO] 游戏开始, 我是2号位，手牌：['S3', 'S3', 'H3', 'D3', 'S4', 'H4', 'C4', 'D4', 'H5', 'H5', 'C6', 'D7', 'S9', 'C9', 'D9', 'ST', 'CT', 'CT', 'CJ', 'SQ', 'CQ', 'HK', 'CK', 'HA', 'SB', 'HR', 'HR']
[15:11:32] [YFAdapter-P2] [INFO] [YF-P2] Decision context: myPos=2, curPos=-1, greaterPos=-1, teammate=0, curAction=[, actionList_size=252
[15:11:32] [YFAdapter-P2] [INFO] [YF-P2] Decided: action_index=8, action=['Single', '6', [['C', '6']]]
[15:11:32] [HybridV4-P2] [ERROR] Knowledge enhancement error: expected an indented block after 'if' statement on line 70 (knowledge_loader.py, line 71)
Traceback (most recent call last):
  File "D:\YiFeiAI-GD\src\decision\hybrid_decision_engine_v4.py", line 280, in _enhance_candidates
    from knowledge.knowledge_enhanced_decision import KnowledgeEnhancedDecisionEngine
  File "D:\YiFeiAI-GD\src\knowledge\knowledge_enhanced_decision.py", line 19, in <module>
    from knowledge.knowledge_loader import KnowledgeLoader
  File "D:\YiFeiAI-GD\src\knowledge\knowledge_loader.py", line 71
    try:
    ^^^
IndentationError: expected an indented block after 'if' statement on line 70
[15:11:32] [yf2_v5] [INFO] 2号位打出['Single', '6', ['C6']]， 最大动作为2号位打出的['Single', '6', ['C6']]
[15:11:32] [yf2_v5] [INFO] 3号位打出['Single', '8', ['D8']]， 最大动作为3号位打出的['Single', '8', ['D8']]
[15:11:32] [yf2_v5] [INFO] 0号位打出['PASS', 'PASS', 'PASS']， 最大动作为3号位打出的['Single', '8', ['D8']]
[15:11:32] [yf2_v5] [INFO] 1号位打出['Single', '9', ['C9']]， 最大动作为1号位打出的['Single', '9', ['C9']]
[15:11:32] [YFAdapter-P2] [INFO] [YF-P2] Decision context: myPos=2, curPos=1, greaterPos=1, teammate=0, curAction=[, actionList_size=14
[15:11:32] [YFAdapter-P2] [INFO] [YF-P2] Decided: action_index=0, action=['PASS', 'PASS', 'PASS']
[15:11:32] [HybridV4-P2] [ERROR] Knowledge enhancement error: expected an indented block after 'if' statement on line 70 (knowledge_loader.py, line 71)
Traceback (most recent call last):
  File "D:\YiFeiAI-GD\src\decision\hybrid_decision_engine_v4.py", line 280, in _enhance_candidates
    from knowledge.knowledge_enhanced_decision import KnowledgeEnhancedDecisionEngine
  File "D:\YiFeiAI-GD\src\knowledge\knowledge_enhanced_decision.py", line 19, in <module>
    from knowledge.knowledge_loader import KnowledgeLoader
  File "D:\YiFeiAI-GD\src\knowledge\knowledge_loader.py", line 71
    try:
    ^^^
IndentationError: expected an indented block after 'if' statement on line 70
[15:11:32] [yf2_v5] [INFO] 2号位打出['PASS', 'PASS', 'PASS']， 最大动作为1号位打出的['Single', '9', ['C9']]
[15:11:32] [yf2_v5] [INFO] 3号位打出['Single', 'T', ['HT']]， 最大动作为3号位打出的['Single', 'T', ['HT']]
[15:11:32] [yf2_v5] [INFO] 0号位打出['PASS', 'PASS', 'PASS']， 最大动作为3号位打出的['Single', 'T', ['HT']]
[15:11:32] [yf2_v5] [INFO] 1号位打出['Single', 'Q', ['DQ']]， 最大动作为1号位打出的['Single', 'Q', ['DQ']]
[15:11:32] [YFAdapter-P2] [INFO] [YF-P2] Decision context: myPos=2, curPos=1, greaterPos=1, teammate=0, curAction=[, actionList_size=9
[15:11:32] [YFAdapter-P2] [INFO] [YF-P2] Decided: action_index=0, action=['PASS', 'PASS', 'PASS']
[15:11:32] [HybridV4-P2] [ERROR] Knowledge enhancement error: expected an indented block after 'if' statement on line 70 (knowledge_loader.py, line 71)
Traceback (most recent call last):
  File "D:\YiFeiAI-GD\src\decision\hybrid_decision_engine_v4.py", line 280, in _enhance_candidates
    from knowledge.knowledge_enhanced_decision import KnowledgeEnhancedDecisionEngine
  File "D:\YiFeiAI-GD\src\knowledge\knowledge_enhanced_decision.py", line 19, in <module>
    from knowledge.knowledge_loader import KnowledgeLoader
  File "D:\YiFeiAI-GD\src\knowledge\knowledge_loader.py", line 71
    try:
    ^^^
IndentationError: expected an indented block after 'if' statement on line 70
[15:11:32] [yf2_v5] [INFO] 2号位打出['PASS', 'PASS', 'PASS']， 最大动作为1号位打出的['Single', 'Q', ['DQ']]
[15:11:32] [yf2_v5] [INFO] 3号位打出['Single', '2', ['H2']]， 最大动作为3号位打出的['Single', '2', ['H2']]
[15:11:32] [yf2_v5] [INFO] 0号位打出['PASS', 'PASS', 'PASS']， 最大动作为3号位打出的['Single', '2', ['H2']]
[15:11:32] [yf2_v5] [INFO] 1号位打出['PASS', 'PASS', 'PASS']， 最大动作为3号位打出的['Single', '2', ['H2']]
[15:11:32] [YFAdapter-P2] [INFO] [YF-P2] Decision context: myPos=2, curPos=1, greaterPos=3, teammate=0, curAction=[, actionList_size=6
[15:11:32] [YFAdapter-P2] [INFO] [YF-P2] Decided: action_index=0, action=['PASS', 'PASS', 'PASS']
[15:11:32] [HybridV4-P2] [ERROR] Knowledge enhancement error: expected an indented block after 'if' statement on line 70 (knowledge_loader.py, line 71)
Traceback (most recent call last):
  File "D:\YiFeiAI-GD\src\decision\hybrid_decision_engine_v4.py", line 280, in _enhance_candidates
    from knowledge.knowledge_enhanced_decision import KnowledgeEnhancedDecisionEngine
  File "D:\YiFeiAI-GD\src\knowledge\knowledge_enhanced_decision.py", line 19, in <module>
    from knowledge.knowledge_loader import KnowledgeLoader
  File "D:\YiFeiAI-GD\src\knowledge\knowledge_loader.py", line 71
    try:
    ^^^
IndentationError: expected an indented block after 'if' statement on line 70
[15:11:32] [yf2_v5] [INFO] 2号位打出['PASS', 'PASS', 'PASS']， 最大动作为3号位打出的['Single', '2', ['H2']]
[15:11:32] [yf2_v5] [INFO] 3号位打出['ThreePair', '5', ['C5', 'D5', 'H6', 'D6', 'S7', 'D7']]， 最大动作为3号位打出的['ThreePair', '5', ['C5', 'D5', 'H6', 'D6', 'S7', 'D7']]
[15:11:32] [yf2_v5] [INFO] 0号位打出['PASS', 'PASS', 'PASS']， 最大动作为3号位打出的['ThreePair', '5', ['C5', 'D5', 'H6', 'D6', 'S7', 'D7']]
[15:11:32] [yf2_v5] [INFO] 1号位打出['PASS', 'PASS', 'PASS']， 最大动作为3号位打出的['ThreePair', '5', ['C5', 'D5', 'H6', 'D6', 'S7', 'D7']]
[15:11:32] [YFAdapter-P2] [INFO] [YF-P2] Decision context: myPos=2, curPos=1, greaterPos=3, teammate=0, curAction=[, actionList_size=4
[15:11:32] [YFAdapter-P2] [INFO] [YF-P2] Decided: action_index=0, action=['PASS', 'PASS', 'PASS']
[15:11:32] [HybridV4-P2] [ERROR] Knowledge enhancement error: expected an indented block after 'if' statement on line 70 (knowledge_loader.py, line 71)
Traceback (most recent call last):
  File "D:\YiFeiAI-GD\src\decision\hybrid_decision_engine_v4.py", line 280, in _enhance_candidates
    from knowledge.knowledge_enhanced_decision import KnowledgeEnhancedDecisionEngine
  File "D:\YiFeiAI-GD\src\knowledge\knowledge_enhanced_decision.py", line 19, in <module>
    from knowledge.knowledge_loader import KnowledgeLoader
  File "D:\YiFeiAI-GD\src\knowledge\knowledge_loader.py", line 71
    try:
    ^^^
IndentationError: expected an indented block after 'if' statement on line 70
[15:11:32] [yf2_v5] [INFO] 2号位打出['PASS', 'PASS', 'PASS']， 最大动作为3号位打出的['ThreePair', '5', ['C5', 'D5', 'H6', 'D6', 'S7', 'D7']]
[15:11:32] [yf2_v5] [INFO] 3号位打出['ThreeWithTwo', '4', ['S4', 'H4', 'C4', 'SJ', 'DJ']]， 最大动作为3号位打出的['ThreeWithTwo', '4', ['S4', 'H4', 'C4', 'SJ', 'DJ']]
[15:11:32] [yf2_v5] [INFO] 0号位打出['PASS', 'PASS', 'PASS']， 最大动作为3号位打出的['ThreeWithTwo', '4', ['S4', 'H4', 'C4', 'SJ', 'DJ']]
[15:11:32] [yf2_v5] [INFO] 1号位打出['ThreeWithTwo', '5', ['S5', 'S5', 'D5', 'C7', 'C7']]， 最大动作为1号位打出的['ThreeWithTwo', '5', ['S5', 'S5', 'D5', 'C7', 'C7']]
[15:11:32] [YFAdapter-P2] [INFO] [YF-P2] Decision context: myPos=2, curPos=1, greaterPos=1, teammate=0, curAction=[, actionList_size=37
[15:11:32] [YFAdapter-P2] [INFO] [YF-P2] Decided: action_index=0, action=['PASS', 'PASS', 'PASS']
[15:11:32] [HybridV4-P2] [ERROR] Knowledge enhancement error: expected an indented block after 'if' statement on line 70 (knowledge_loader.py, line 71)
Traceback (most recent call last):
  File "D:\YiFeiAI-GD\src\decision\hybrid_decision_engine_v4.py", line 280, in _enhance_candidates
    from knowledge.knowledge_enhanced_decision import KnowledgeEnhancedDecisionEngine
  File "D:\YiFeiAI-GD\src\knowledge\knowledge_enhanced_decision.py", line 19, in <module>
    from knowledge.knowledge_loader import KnowledgeLoader
  File "D:\YiFeiAI-GD\src\knowledge\knowledge_loader.py", line 71
    try:
    ^^^
IndentationError: expected an indented block after 'if' statement on line 70
[15:11:32] [yf2_v5] [INFO] 2号位打出['PASS', 'PASS', 'PASS']， 最大动作为1号位打出的['ThreeWithTwo', '5', ['S5', 'S5', 'D5', 'C7', 'C7']]
[15:11:32] [yf2_v5] [INFO] 3号位打出['ThreeWithTwo', '2', ['H2', 'C2', 'C2', 'HQ', 'CQ']]， 最大动作为3号位打出的['ThreeWithTwo', '2', ['H2', 'C2', 'C2', 'HQ', 'CQ']]
[15:11:32] [yf2_v5] [INFO] 0号位打出['PASS', 'PASS', 'PASS']， 最大动作为3号位打出的['ThreeWithTwo', '2', ['H2', 'C2', 'C2', 'HQ', 'CQ']]
[15:11:32] [yf2_v5] [INFO] 1号位打出['PASS', 'PASS', 'PASS']， 最大动作为3号位打出的['ThreeWithTwo', '2', ['H2', 'C2', 'C2', 'HQ', 'CQ']]
[15:11:32] [YFAdapter-P2] [INFO] [YF-P2] Decision context: myPos=2, curPos=1, greaterPos=3, teammate=0, curAction=[, actionList_size=4
[15:11:32] [YFAdapter-P2] [INFO] [YF-P2] Decided: action_index=0, action=['PASS', 'PASS', 'PASS']
[15:11:32] [HybridV4-P2] [ERROR] Knowledge enhancement error: expected an indented block after 'if' statement on line 70 (knowledge_loader.py, line 71)
Traceback (most recent call last):
  File "D:\YiFeiAI-GD\src\decision\hybrid_decision_engine_v4.py", line 280, in _enhance_candidates
    from knowledge.knowledge_enhanced_decision import KnowledgeEnhancedDecisionEngine
  File "D:\YiFeiAI-GD\src\knowledge\knowledge_enhanced_decision.py", line 19, in <module>
    from knowledge.knowledge_loader import KnowledgeLoader
  File "D:\YiFeiAI-GD\src\knowledge\knowledge_loader.py", line 71
    try:
    ^^^
IndentationError: expected an indented block after 'if' statement on line 70
[15:11:32] [yf2_v5] [INFO] 2号位打出['PASS', 'PASS', 'PASS']， 最大动作为3号位打出的['ThreeWithTwo', '2', ['H2', 'C2', 'C2', 'HQ', 'CQ']]
[15:11:32] [yf2_v5] [INFO] 3号位打出['Pair', 'K', ['SK', 'HK']]， 最大动作为3号位打出的['Pair', 'K', ['SK', 'HK']]
[15:11:32] [yf2_v5] [INFO] 0号位打出['PASS', 'PASS', 'PASS']， 最大动作为3号位打出的['Pair', 'K', ['SK', 'HK']]
[15:11:32] [yf2_v5] [INFO] 1号位打出['PASS', 'PASS', 'PASS']， 最大动作为3号位打出的['Pair', 'K', ['SK', 'HK']]
[15:11:32] [YFAdapter-P2] [INFO] [YF-P2] Decision context: myPos=2, curPos=1, greaterPos=3, teammate=0, curAction=[, actionList_size=5
[15:11:32] [YFAdapter-P2] [INFO] [YF-P2] Decided: action_index=0, action=['PASS', 'PASS', 'PASS']
[15:11:32] [HybridV4-P2] [ERROR] Knowledge enhancement error: expected an indented block after 'if' statement on line 70 (knowledge_loader.py, line 71)
Traceback (most recent call last):
  File "D:\YiFeiAI-GD\src\decision\hybrid_decision_engine_v4.py", line 280, in _enhance_candidates
    from knowledge.knowledge_enhanced_decision import KnowledgeEnhancedDecisionEngine
  File "D:\YiFeiAI-GD\src\knowledge\knowledge_enhanced_decision.py", line 19, in <module>
    from knowledge.knowledge_loader import KnowledgeLoader
  File "D:\YiFeiAI-GD\src\knowledge\knowledge_loader.py", line 71
    try:
    ^^^
IndentationError: expected an indented block after 'if' statement on line 70
[15:11:32] [yf2_v5] [INFO] 2号位打出['PASS', 'PASS', 'PASS']， 最大动作为3号位打出的['Pair', 'K', ['SK', 'HK']]
[15:11:32] [yf2_v5] [INFO] 3号位打出['Pair', 'A', ['SA', 'CA']]， 最大动作为3号位打出的['Pair', 'A', ['SA', 'CA']]
[15:11:32] [yf2_v5] [INFO] 0号位打出['PASS', 'PASS', 'PASS']， 最大动作为3号位打出的['Pair', 'A', ['SA', 'CA']]
[15:11:32] [yf2_v5] [INFO] 1号位打出['PASS', 'PASS', 'PASS']， 最大动作为3号位打出的['Pair', 'A', ['SA', 'CA']]
[15:11:32] [YFAdapter-P2] [INFO] [YF-P2] Decision context: myPos=2, curPos=1, greaterPos=3, teammate=0, curAction=[, actionList_size=5
[15:11:32] [YFAdapter-P2] [INFO] [YF-P2] Decided: action_index=0, action=['PASS', 'PASS', 'PASS']
[15:11:32] [YFAdapter-P2] [WARNING] [YF-P2] 检测到过于保守: 对手快走完(剩4张), 触发Layer 2/3进行更积极的决策
[15:11:32] [HybridV4-P2] [ERROR] Knowledge enhancement error: expected an indented block after 'if' statement on line 70 (knowledge_loader.py, line 71)
Traceback (most recent call last):
  File "D:\YiFeiAI-GD\src\decision\hybrid_decision_engine_v4.py", line 280, in _enhance_candidates
    from knowledge.knowledge_enhanced_decision import KnowledgeEnhancedDecisionEngine
  File "D:\YiFeiAI-GD\src\knowledge\knowledge_enhanced_decision.py", line 19, in <module>
    from knowledge.knowledge_loader import KnowledgeLoader
  File "D:\YiFeiAI-GD\src\knowledge\knowledge_loader.py", line 71
    try:
    ^^^
IndentationError: expected an indented block after 'if' statement on line 70
[15:11:32] [yf2_v5] [INFO] 2号位打出['PASS', 'PASS', 'PASS']， 最大动作为3号位打出的['Pair', 'A', ['SA', 'CA']]
[15:11:32] [yf2_v5] [INFO] 3号位打出['Bomb', '9', ['S9', 'H9', 'H9', 'D9']]， 最大动作为3号位打出的['Bomb', '9', ['S9', 'H9', 'H9', 'D9']]
[15:11:32] [yf2_v5] [INFO] 0号位打出['PASS', 'PASS', 'PASS']， 最大动作为3号位打出的['Bomb', '9', ['S9', 'H9', 'H9', 'D9']]
[15:11:32] [yf2_v5] [INFO] 1号位打出['PASS', 'PASS', 'PASS']， 最大动作为3号位打出的['Bomb', '9', ['S9', 'H9', 'H9', 'D9']]
[15:11:32] [yf2_v5] [INFO] 1号位打出['Single', '6', ['S6']]， 最大动作为1号位打出的['Single', '6', ['S6']]
[15:11:32] [YFAdapter-P2] [INFO] [YF-P2] Decision context: myPos=2, curPos=1, greaterPos=1, teammate=0, curAction=[, actionList_size=18
[15:11:32] [YFAdapter-P2] [INFO] [YF-P2] Decided: action_index=0, action=['PASS', 'PASS', 'PASS']
[15:11:32] [YFAdapter-P2] [WARNING] [YF-P2] 检测到过于保守: 对手快走完(剩0张), 触发Layer 2/3进行更积极的决策
[15:11:32] [HybridV4-P2] [ERROR] Knowledge enhancement error: expected an indented block after 'if' statement on line 70 (knowledge_loader.py, line 71)
Traceback (most recent call last):
  File "D:\YiFeiAI-GD\src\decision\hybrid_decision_engine_v4.py", line 280, in _enhance_candidates
    from knowledge.knowledge_enhanced_decision import KnowledgeEnhancedDecisionEngine
  File "D:\YiFeiAI-GD\src\knowledge\knowledge_enhanced_decision.py", line 19, in <module>
    from knowledge.knowledge_loader import KnowledgeLoader
  File "D:\YiFeiAI-GD\src\knowledge\knowledge_loader.py", line 71
    try:
    ^^^
IndentationError: expected an indented block after 'if' statement on line 70
[15:11:32] [yf2_v5] [INFO] 2号位打出['PASS', 'PASS', 'PASS']， 最大动作为1号位打出的['Single', '6', ['S6']]
[15:11:32] [yf2_v5] [INFO] 0号位打出['PASS', 'PASS', 'PASS']， 最大动作为1号位打出的['Single', '6', ['S6']]
[15:11:32] [yf2_v5] [INFO] 1号位打出['ThreeWithTwo', 'J', ['SJ', 'HJ', 'DJ', 'HT', 'DT']]， 最大动作为1号位打出的['ThreeWithTwo', 'J', ['SJ', 'HJ', 'DJ', 'HT', 'DT']]
[15:11:32] [YFAdapter-P2] [INFO] [YF-P2] Decision context: myPos=2, curPos=1, greaterPos=1, teammate=0, curAction=[, actionList_size=4
[15:11:32] [YFAdapter-P2] [INFO] [YF-P2] Decided: action_index=0, action=['PASS', 'PASS', 'PASS']
[15:11:32] [YFAdapter-P2] [WARNING] [YF-P2] 检测到过于保守: 对手快走完(剩0张), 触发Layer 2/3进行更积极的决策
[15:11:32] [HybridV4-P2] [ERROR] Knowledge enhancement error: expected an indented block after 'if' statement on line 70 (knowledge_loader.py, line 71)
Traceback (most recent call last):
  File "D:\YiFeiAI-GD\src\decision\hybrid_decision_engine_v4.py", line 280, in _enhance_candidates
    from knowledge.knowledge_enhanced_decision import KnowledgeEnhancedDecisionEngine
  File "D:\YiFeiAI-GD\src\knowledge\knowledge_enhanced_decision.py", line 19, in <module>
    from knowledge.knowledge_loader import KnowledgeLoader
  File "D:\YiFeiAI-GD\src\knowledge\knowledge_loader.py", line 71
    try:
    ^^^
IndentationError: expected an indented block after 'if' statement on line 70
[15:11:32] [yf2_v5] [INFO] 2号位打出['PASS', 'PASS', 'PASS']， 最大动作为1号位打出的['ThreeWithTwo', 'J', ['SJ', 'HJ', 'DJ', 'HT', 'DT']]
[15:11:32] [yf2_v5] [INFO] 0号位打出['PASS', 'PASS', 'PASS']， 最大动作为1号位打出的['ThreeWithTwo', 'J', ['SJ', 'HJ', 'DJ', 'HT', 'DT']]
[15:11:32] [yf2_v5] [INFO] 1号位打出['Pair', 'K', ['SK', 'DK']]， 最大动作为1号位打出的['Pair', 'K', ['SK', 'DK']]
[15:11:32] [YFAdapter-P2] [INFO] [YF-P2] Decision context: myPos=2, curPos=1, greaterPos=1, teammate=0, curAction=[, actionList_size=5
[15:11:32] [YFAdapter-P2] [INFO] [YF-P2] Decided: action_index=0, action=['PASS', 'PASS', 'PASS']
[15:11:32] [YFAdapter-P2] [WARNING] [YF-P2] 检测到过于保守: 对手快走完(剩0张), 触发Layer 2/3进行更积极的决策
[15:11:32] [HybridV4-P2] [ERROR] Knowledge enhancement error: expected an indented block after 'if' statement on line 70 (knowledge_loader.py, line 71)
Traceback (most recent call last):
  File "D:\YiFeiAI-GD\src\decision\hybrid_decision_engine_v4.py", line 280, in _enhance_candidates
    from knowledge.knowledge_enhanced_decision import KnowledgeEnhancedDecisionEngine
  File "D:\YiFeiAI-GD\src\knowledge\knowledge_enhanced_decision.py", line 19, in <module>
    from knowledge.knowledge_loader import KnowledgeLoader
  File "D:\YiFeiAI-GD\src\knowledge\knowledge_loader.py", line 71
    try:
    ^^^
IndentationError: expected an indented block after 'if' statement on line 70
[15:11:32] [yf2_v5] [INFO] 2号位打出['PASS', 'PASS', 'PASS']， 最大动作为1号位打出的['Pair', 'K', ['SK', 'DK']]
[15:11:32] [yf2_v5] [INFO] 0号位打出['PASS', 'PASS', 'PASS']， 最大动作为1号位打出的['Pair', 'K', ['SK', 'DK']]
[15:11:32] [yf2_v5] [INFO] 1号位打出['Pair', 'A', ['SA', 'CA']]， 最大动作为1号位打出的['Pair', 'A', ['SA', 'CA']]
[15:11:32] [YFAdapter-P2] [INFO] [YF-P2] Decision context: myPos=2, curPos=1, greaterPos=1, teammate=0, curAction=[, actionList_size=5
[15:11:32] [YFAdapter-P2] [INFO] [YF-P2] Decided: action_index=0, action=['PASS', 'PASS', 'PASS']
[15:11:32] [YFAdapter-P2] [WARNING] [YF-P2] 检测到过于保守: 对手快走完(剩0张), 触发Layer 2/3进行更积极的决策
[15:11:32] [HybridV4-P2] [ERROR] Knowledge enhancement error: expected an indented block after 'if' statement on line 70 (knowledge_loader.py, line 71)
Traceback (most recent call last):
  File "D:\YiFeiAI-GD\src\decision\hybrid_decision_engine_v4.py", line 280, in _enhance_candidates
    from knowledge.knowledge_enhanced_decision import KnowledgeEnhancedDecisionEngine
  File "D:\YiFeiAI-GD\src\knowledge\knowledge_enhanced_decision.py", line 19, in <module>
    from knowledge.knowledge_loader import KnowledgeLoader
  File "D:\YiFeiAI-GD\src\knowledge\knowledge_loader.py", line 71
    try:
    ^^^
IndentationError: expected an indented block after 'if' statement on line 70
[15:11:32] [yf2_v5] [INFO] 2号位打出['PASS', 'PASS', 'PASS']， 最大动作为1号位打出的['Pair', 'A', ['SA', 'CA']]
[15:11:32] [yf2_v5] [INFO] 0号位打出['PASS', 'PASS', 'PASS']， 最大动作为1号位打出的['Pair', 'A', ['SA', 'CA']]
[15:11:32] [yf2_v5] [INFO] 1号位打出['Single', '2', ['D2']]， 最大动作为1号位打出的['Single', '2', ['D2']]
[15:11:32] [YFAdapter-P2] [INFO] [YF-P2] Decision context: myPos=2, curPos=1, greaterPos=1, teammate=0, curAction=[, actionList_size=6
[15:11:32] [YFAdapter-P2] [INFO] [YF-P2] Decided: action_index=0, action=['PASS', 'PASS', 'PASS']
[15:11:32] [YFAdapter-P2] [WARNING] [YF-P2] 检测到过于保守: 对手快走完(剩0张), 触发Layer 2/3进行更积极的决策
[15:11:32] [HybridV4-P2] [ERROR] Knowledge enhancement error: expected an indented block after 'if' statement on line 70 (knowledge_loader.py, line 71)
Traceback (most recent call last):
  File "D:\YiFeiAI-GD\src\decision\hybrid_decision_engine_v4.py", line 280, in _enhance_candidates
    from knowledge.knowledge_enhanced_decision import KnowledgeEnhancedDecisionEngine
  File "D:\YiFeiAI-GD\src\knowledge\knowledge_enhanced_decision.py", line 19, in <module>
    from knowledge.knowledge_loader import KnowledgeLoader
  File "D:\YiFeiAI-GD\src\knowledge\knowledge_loader.py", line 71
    try:
    ^^^
IndentationError: expected an indented block after 'if' statement on line 70
[15:11:32] [yf2_v5] [INFO] 2号位打出['PASS', 'PASS', 'PASS']， 最大动作为1号位打出的['Single', '2', ['D2']]
[15:11:32] [yf2_v5] [INFO] 0号位打出['PASS', 'PASS', 'PASS']， 最大动作为1号位打出的['Single', '2', ['D2']]
[15:11:32] [yf2_v5] [INFO] 1号位打出['Single', 'B', ['SB']]， 最大动作为1号位打出的['Single', 'B', ['SB']]
[15:11:32] [YFAdapter-P2] [INFO] [YF-P2] Decision context: myPos=2, curPos=1, greaterPos=1, teammate=0, curAction=[, actionList_size=5
[15:11:32] [YFAdapter-P2] [INFO] [YF-P2] Decided: action_index=0, action=['PASS', 'PASS', 'PASS']
[15:11:32] [YFAdapter-P2] [WARNING] [YF-P2] 检测到过于保守: 对手快走完(剩0张), 触发Layer 2/3进行更积极的决策
[15:11:32] [HybridV4-P2] [ERROR] Knowledge enhancement error: expected an indented block after 'if' statement on line 70 (knowledge_loader.py, line 71)
Traceback (most recent call last):
  File "D:\YiFeiAI-GD\src\decision\hybrid_decision_engine_v4.py", line 280, in _enhance_candidates
    from knowledge.knowledge_enhanced_decision import KnowledgeEnhancedDecisionEngine
  File "D:\YiFeiAI-GD\src\knowledge\knowledge_enhanced_decision.py", line 19, in <module>
    from knowledge.knowledge_loader import KnowledgeLoader
  File "D:\YiFeiAI-GD\src\knowledge\knowledge_loader.py", line 71
    try:
    ^^^
IndentationError: expected an indented block after 'if' statement on line 70
[15:11:32] [yf2_v5] [INFO] 2号位打出['PASS', 'PASS', 'PASS']， 最大动作为1号位打出的['Single', 'B', ['SB']]
[15:11:32] [yf2_v5] [INFO] 0号位打出['PASS', 'PASS', 'PASS']， 最大动作为1号位打出的['Single', 'B', ['SB']]
[15:11:32] [yf2_v5] [INFO] 1号位打出['Single', '3', ['H3']]， 最大动作为1号位打出的['Single', '3', ['H3']]
[15:11:32] [YFAdapter-P2] [INFO] [YF-P2] Decision context: myPos=2, curPos=1, greaterPos=1, teammate=0, curAction=[, actionList_size=23
[15:11:32] [YFAdapter-P2] [INFO] [YF-P2] Decided: action_index=0, action=['PASS', 'PASS', 'PASS']
[15:11:32] [YFAdapter-P2] [WARNING] [YF-P2] 检测到过于保守: 对手快走完(剩0张), 触发Layer 2/3进行更积极的决策
[15:11:32] [HybridV4-P2] [ERROR] Knowledge enhancement error: expected an indented block after 'if' statement on line 70 (knowledge_loader.py, line 71)
Traceback (most recent call last):
  File "D:\YiFeiAI-GD\src\decision\hybrid_decision_engine_v4.py", line 280, in _enhance_candidates
    from knowledge.knowledge_enhanced_decision import KnowledgeEnhancedDecisionEngine
  File "D:\YiFeiAI-GD\src\knowledge\knowledge_enhanced_decision.py", line 19, in <module>
    from knowledge.knowledge_loader import KnowledgeLoader
  File "D:\YiFeiAI-GD\src\knowledge\knowledge_loader.py", line 71
    try:
    ^^^
IndentationError: expected an indented block after 'if' statement on line 70
[15:11:32] [yf2_v5] [INFO] 2号位打出['PASS', 'PASS', 'PASS']， 最大动作为1号位打出的['Single', '3', ['H3']]
[15:11:32] [yf2_v5] [INFO] 0号位打出['PASS', 'PASS', 'PASS']， 最大动作为1号位打出的['Single', '3', ['H3']]
[15:11:32] [yf2_v5] [INFO] 1号位打出['Trips', '3', ['C3', 'C3', 'D3']]， 最大动作为1号位打出的['Trips', '3', ['C3', 'C3', 'D3']]
[15:11:32] [YFAdapter-P2] [INFO] [YF-P2] Decision context: myPos=2, curPos=1, greaterPos=1, teammate=0, curAction=[, actionList_size=10
[15:11:32] [YFAdapter-P2] [INFO] [YF-P2] Decided: action_index=0, action=['PASS', 'PASS', 'PASS']
[15:11:32] [YFAdapter-P2] [WARNING] [YF-P2] 检测到过于保守: 对手快走完(剩0张), 触发Layer 2/3进行更积极的决策
[15:11:32] [HybridV4-P2] [ERROR] Knowledge enhancement error: expected an indented block after 'if' statement on line 70 (knowledge_loader.py, line 71)
Traceback (most recent call last):
  File "D:\YiFeiAI-GD\src\decision\hybrid_decision_engine_v4.py", line 280, in _enhance_candidates
    from knowledge.knowledge_enhanced_decision import KnowledgeEnhancedDecisionEngine
  File "D:\YiFeiAI-GD\src\knowledge\knowledge_enhanced_decision.py", line 19, in <module>
    from knowledge.knowledge_loader import KnowledgeLoader
  File "D:\YiFeiAI-GD\src\knowledge\knowledge_loader.py", line 71
    try:
    ^^^
IndentationError: expected an indented block after 'if' statement on line 70
[15:11:32] [yf2_v5] [INFO] 2号位打出['PASS', 'PASS', 'PASS']， 最大动作为1号位打出的['Trips', '3', ['C3', 'C3', 'D3']]
[15:11:32] [yf2_v5] [INFO] 0号位打出['PASS', 'PASS', 'PASS']， 最大动作为1号位打出的['Trips', '3', ['C3', 'C3', 'D3']]
[15:11:32] [yf2_v5] [INFO] 1号位打出['Bomb', '8', ['S8', 'H8', 'C8', 'D8']]， 最大动作为1号位打出的['Bomb', '8', ['S8', 'H8', 'C8', 'D8']]
[15:11:32] [yf2_v5] [INFO] 游戏开始, 我是2号位，手牌：['C2', 'H3', 'C3', 'C4', 'S6', 'C6', 'S7', 'C7', 'D7', 'C8', 'C8', 'D9', 'ST', 'SJ', 'HJ', 'CJ', 'DJ', 'SQ', 'SQ', 'SK', 'HA', 'CA', 'H5', 'C5', 'D5', 'D5', 'SB']
[15:11:32] [yf2_v5] [INFO] 3号位打出['Single', '3', ['S3']]， 最大动作为3号位打出的['Single', '3', ['S3']]
[15:11:32] [yf2_v5] [INFO] 0号位打出['PASS', 'PASS', 'PASS']， 最大动作为3号位打出的['Single', '3', ['S3']]
[15:11:32] [yf2_v5] [INFO] 1号位打出['Single', '4', ['C4']]， 最大动作为1号位打出的['Single', '4', ['C4']]
[15:11:32] [YFAdapter-P2] [INFO] [YF-P2] Decision context: myPos=2, curPos=1, greaterPos=1, teammate=0, curAction=[, actionList_size=33
[15:11:32] [YFAdapter-P2] [INFO] [YF-P2] Decided: action_index=0, action=['PASS', 'PASS', 'PASS']
[15:11:32] [HybridV4-P2] [ERROR] Knowledge enhancement error: expected an indented block after 'if' statement on line 70 (knowledge_loader.py, line 71)
Traceback (most recent call last):
  File "D:\YiFeiAI-GD\src\decision\hybrid_decision_engine_v4.py", line 280, in _enhance_candidates
    from knowledge.knowledge_enhanced_decision import KnowledgeEnhancedDecisionEngine
  File "D:\YiFeiAI-GD\src\knowledge\knowledge_enhanced_decision.py", line 19, in <module>
    from knowledge.knowledge_loader import KnowledgeLoader
  File "D:\YiFeiAI-GD\src\knowledge\knowledge_loader.py", line 71
    try:
    ^^^
IndentationError: expected an indented block after 'if' statement on line 70
[15:11:32] [yf2_v5] [INFO] 2号位打出['PASS', 'PASS', 'PASS']， 最大动作为1号位打出的['Single', '4', ['C4']]
[15:11:32] [yf2_v5] [INFO] 3号位打出['Single', 'K', ['DK']]， 最大动作为3号位打出的['Single', 'K', ['DK']]
[15:11:32] [yf2_v5] [INFO] 0号位打出['PASS', 'PASS', 'PASS']， 最大动作为3号位打出的['Single', 'K', ['DK']]
[15:11:32] [yf2_v5] [INFO] 1号位打出['Single', 'B', ['SB']]， 最大动作为1号位打出的['Single', 'B', ['SB']]
[15:11:32] [YFAdapter-P2] [INFO] [YF-P2] Decision context: myPos=2, curPos=1, greaterPos=1, teammate=0, curAction=[, actionList_size=13
[15:11:32] [YFAdapter-P2] [INFO] [YF-P2] Decided: action_index=0, action=['PASS', 'PASS', 'PASS']
[15:11:32] [HybridV4-P2] [ERROR] Knowledge enhancement error: expected an indented block after 'if' statement on line 70 (knowledge_loader.py, line 71)
Traceback (most recent call last):
  File "D:\YiFeiAI-GD\src\decision\hybrid_decision_engine_v4.py", line 280, in _enhance_candidates
    from knowledge.knowledge_enhanced_decision import KnowledgeEnhancedDecisionEngine
  File "D:\YiFeiAI-GD\src\knowledge\knowledge_enhanced_decision.py", line 19, in <module>
    from knowledge.knowledge_loader import KnowledgeLoader
  File "D:\YiFeiAI-GD\src\knowledge\knowledge_loader.py", line 71
    try:
    ^^^
IndentationError: expected an indented block after 'if' statement on line 70
[15:11:32] [yf2_v5] [INFO] 2号位打出['PASS', 'PASS', 'PASS']， 最大动作为1号位打出的['Single', 'B', ['SB']]
[15:11:32] [yf2_v5] [INFO] 3号位打出['PASS', 'PASS', 'PASS']， 最大动作为1号位打出的['Single', 'B', ['SB']]
[15:11:32] [yf2_v5] [INFO] 0号位打出['PASS', 'PASS', 'PASS']， 最大动作为1号位打出的['Single', 'B', ['SB']]
[15:11:32] [yf2_v5] [INFO] 1号位打出['Single', '2', ['H2']]， 最大动作为1号位打出的['Single', '2', ['H2']]
[15:11:32] [YFAdapter-P2] [INFO] [YF-P2] Decision context: myPos=2, curPos=1, greaterPos=1, teammate=0, curAction=[, actionList_size=36
[15:11:32] [YFAdapter-P2] [INFO] [YF-P2] Decided: action_index=0, action=['PASS', 'PASS', 'PASS']
[15:11:32] [HybridV4-P2] [ERROR] Knowledge enhancement error: expected an indented block after 'if' statement on line 70 (knowledge_loader.py, line 71)
Traceback (most recent call last):
  File "D:\YiFeiAI-GD\src\decision\hybrid_decision_engine_v4.py", line 280, in _enhance_candidates
    from knowledge.knowledge_enhanced_decision import KnowledgeEnhancedDecisionEngine
  File "D:\YiFeiAI-GD\src\knowledge\knowledge_enhanced_decision.py", line 19, in <module>
    from knowledge.knowledge_loader import KnowledgeLoader
  File "D:\YiFeiAI-GD\src\knowledge\knowledge_loader.py", line 71
    try:
    ^^^
IndentationError: expected an indented block after 'if' statement on line 70
[15:11:32] [yf2_v5] [INFO] 2号位打出['PASS', 'PASS', 'PASS']， 最大动作为1号位打出的['Single', '2', ['H2']]
[15:11:32] [yf2_v5] [INFO] 3号位打出['Single', 'A', ['DA']]， 最大动作为3号位打出的['Single', 'A', ['DA']]
[15:11:32] [yf2_v5] [INFO] 0号位打出['PASS', 'PASS', 'PASS']， 最大动作为3号位打出的['Single', 'A', ['DA']]
[15:11:32] [yf2_v5] [INFO] 1号位打出['PASS', 'PASS', 'PASS']， 最大动作为3号位打出的['Single', 'A', ['DA']]
[15:11:32] [YFAdapter-P2] [INFO] [YF-P2] Decision context: myPos=2, curPos=1, greaterPos=3, teammate=0, curAction=[, actionList_size=17
[15:11:32] [YFAdapter-P2] [INFO] [YF-P2] Decided: action_index=0, action=['PASS', 'PASS', 'PASS']
[15:11:32] [HybridV4-P2] [ERROR] Knowledge enhancement error: expected an indented block after 'if' statement on line 70 (knowledge_loader.py, line 71)
Traceback (most recent call last):
  File "D:\YiFeiAI-GD\src\decision\hybrid_decision_engine_v4.py", line 280, in _enhance_candidates
    from knowledge.knowledge_enhanced_decision import KnowledgeEnhancedDecisionEngine
  File "D:\YiFeiAI-GD\src\knowledge\knowledge_enhanced_decision.py", line 19, in <module>
    from knowledge.knowledge_loader import KnowledgeLoader
  File "D:\YiFeiAI-GD\src\knowledge\knowledge_loader.py", line 71
    try:
    ^^^
IndentationError: expected an indented block after 'if' statement on line 70
[15:11:32] [yf2_v5] [INFO] 2号位打出['PASS', 'PASS', 'PASS']， 最大动作为3号位打出的['Single', 'A', ['DA']]
[15:11:32] [yf2_v5] [INFO] 3号位打出['Pair', '9', ['H9', 'D9']]， 最大动作为3号位打出的['Pair', '9', ['H9', 'D9']]
[15:11:32] [yf2_v5] [INFO] 0号位打出['PASS', 'PASS', 'PASS']， 最大动作为3号位打出的['Pair', '9', ['H9', 'D9']]
[15:11:32] [yf2_v5] [INFO] 1号位打出['Pair', 'J', ['SJ', 'HJ']]， 最大动作为1号位打出的['Pair', 'J', ['SJ', 'HJ']]
[15:11:32] [YFAdapter-P2] [INFO] [YF-P2] Decision context: myPos=2, curPos=1, greaterPos=1, teammate=0, curAction=[, actionList_size=24
[15:11:32] [YFAdapter-P2] [INFO] [YF-P2] Decided: action_index=0, action=['PASS', 'PASS', 'PASS']
[15:11:32] [HybridV4-P2] [ERROR] Knowledge enhancement error: expected an indented block after 'if' statement on line 70 (knowledge_loader.py, line 71)
Traceback (most recent call last):
  File "D:\YiFeiAI-GD\src\decision\hybrid_decision_engine_v4.py", line 280, in _enhance_candidates
    from knowledge.knowledge_enhanced_decision import KnowledgeEnhancedDecisionEngine
  File "D:\YiFeiAI-GD\src\knowledge\knowledge_enhanced_decision.py", line 19, in <module>
    from knowledge.knowledge_loader import KnowledgeLoader
  File "D:\YiFeiAI-GD\src\knowledge\knowledge_loader.py", line 71
    try:
    ^^^
IndentationError: expected an indented block after 'if' statement on line 70
[15:11:32] [yf2_v5] [INFO] 2号位打出['PASS', 'PASS', 'PASS']， 最大动作为1号位打出的['Pair', 'J', ['SJ', 'HJ']]
[15:11:32] [yf2_v5] [INFO] 3号位打出['Pair', '5', ['S5', 'C5']]， 最大动作为3号位打出的['Pair', '5', ['S5', 'C5']]
[15:11:32] [yf2_v5] [INFO] 0号位打出['PASS', 'PASS', 'PASS']， 最大动作为3号位打出的['Pair', '5', ['S5', 'C5']]
[15:11:32] [yf2_v5] [INFO] 1号位打出['PASS', 'PASS', 'PASS']， 最大动作为3号位打出的['Pair', '5', ['S5', 'C5']]
[15:11:32] [YFAdapter-P2] [INFO] [YF-P2] Decision context: myPos=2, curPos=1, greaterPos=3, teammate=0, curAction=[, actionList_size=14
[15:11:32] [YFAdapter-P2] [INFO] [YF-P2] Decided: action_index=0, action=['PASS', 'PASS', 'PASS']
[15:11:32] [HybridV4-P2] [ERROR] Knowledge enhancement error: expected an indented block after 'if' statement on line 70 (knowledge_loader.py, line 71)
Traceback (most recent call last):
  File "D:\YiFeiAI-GD\src\decision\hybrid_decision_engine_v4.py", line 280, in _enhance_candidates
    from knowledge.knowledge_enhanced_decision import KnowledgeEnhancedDecisionEngine
  File "D:\YiFeiAI-GD\src\knowledge\knowledge_enhanced_decision.py", line 19, in <module>
    from knowledge.knowledge_loader import KnowledgeLoader
  File "D:\YiFeiAI-GD\src\knowledge\knowledge_loader.py", line 71
    try:
    ^^^
IndentationError: expected an indented block after 'if' statement on line 70
[15:11:32] [yf2_v5] [INFO] 2号位打出['PASS', 'PASS', 'PASS']， 最大动作为3号位打出的['Pair', '5', ['S5', 'C5']]
[15:11:32] [yf2_v5] [INFO] 3号位打出['Trips', '4', ['H4', 'D4', 'D4']]， 最大动作为3号位打出的['Trips', '4', ['H4', 'D4', 'D4']]
[15:11:32] [yf2_v5] [INFO] 0号位打出['PASS', 'PASS', 'PASS']， 最大动作为3号位打出的['Trips', '4', ['H4', 'D4', 'D4']]
[15:11:32] [yf2_v5] [INFO] 1号位打出['Trips', 'K', ['HK', 'CK', 'CK']]， 最大动作为1号位打出的['Trips', 'K', ['HK', 'CK', 'CK']]
[15:11:32] [YFAdapter-P2] [INFO] [YF-P2] Decision context: myPos=2, curPos=1, greaterPos=1, teammate=0, curAction=[, actionList_size=17
[15:11:32] [YFAdapter-P2] [INFO] [YF-P2] Decided: action_index=0, action=['PASS', 'PASS', 'PASS']
[15:11:32] [HybridV4-P2] [ERROR] Knowledge enhancement error: expected an indented block after 'if' statement on line 70 (knowledge_loader.py, line 71)
Traceback (most recent call last):
  File "D:\YiFeiAI-GD\src\decision\hybrid_decision_engine_v4.py", line 280, in _enhance_candidates
    from knowledge.knowledge_enhanced_decision import KnowledgeEnhancedDecisionEngine
  File "D:\YiFeiAI-GD\src\knowledge\knowledge_enhanced_decision.py", line 19, in <module>
    from knowledge.knowledge_loader import KnowledgeLoader
  File "D:\YiFeiAI-GD\src\knowledge\knowledge_loader.py", line 71
    try:
    ^^^
IndentationError: expected an indented block after 'if' statement on line 70
[15:11:32] [yf2_v5] [INFO] 2号位打出['PASS', 'PASS', 'PASS']， 最大动作为1号位打出的['Trips', 'K', ['HK', 'CK', 'CK']]
[15:11:32] [yf2_v5] [INFO] 3号位打出['PASS', 'PASS', 'PASS']， 最大动作为1号位打出的['Trips', 'K', ['HK', 'CK', 'CK']]
[15:11:32] [yf2_v5] [INFO] 0号位打出['PASS', 'PASS', 'PASS']， 最大动作为1号位打出的['Trips', 'K', ['HK', 'CK', 'CK']]
[15:11:32] [yf2_v5] [INFO] 1号位打出['Single', '8', ['D8']]， 最大动作为1号位打出的['Single', '8', ['D8']]
[15:11:32] [YFAdapter-P2] [INFO] [YF-P2] Decision context: myPos=2, curPos=1, greaterPos=1, teammate=0, curAction=[, actionList_size=27
[15:11:32] [YFAdapter-P2] [INFO] [YF-P2] Decided: action_index=0, action=['PASS', 'PASS', 'PASS']
[15:11:32] [HybridV4-P2] [ERROR] Knowledge enhancement error: expected an indented block after 'if' statement on line 70 (knowledge_loader.py, line 71)
Traceback (most recent call last):
  File "D:\YiFeiAI-GD\src\decision\hybrid_decision_engine_v4.py", line 280, in _enhance_candidates
    from knowledge.knowledge_enhanced_decision import KnowledgeEnhancedDecisionEngine
  File "D:\YiFeiAI-GD\src\knowledge\knowledge_enhanced_decision.py", line 19, in <module>
    from knowledge.knowledge_loader import KnowledgeLoader
  File "D:\YiFeiAI-GD\src\knowledge\knowledge_loader.py", line 71
    try:
    ^^^
IndentationError: expected an indented block after 'if' statement on line 70
[15:11:32] [yf2_v5] [INFO] 2号位打出['PASS', 'PASS', 'PASS']， 最大动作为1号位打出的['Single', '8', ['D8']]
[15:11:32] [yf2_v5] [INFO] 3号位打出['PASS', 'PASS', 'PASS']， 最大动作为1号位打出的['Single', '8', ['D8']]
[15:11:32] [yf2_v5] [INFO] 0号位打出['PASS', 'PASS', 'PASS']， 最大动作为1号位打出的['Single', '8', ['D8']]
[15:11:32] [yf2_v5] [INFO] 1号位打出['Pair', 'A', ['CA', 'DA']]， 最大动作为1号位打出的['Pair', 'A', ['CA', 'DA']]
[15:11:32] [YFAdapter-P2] [INFO] [YF-P2] Decision context: myPos=2, curPos=1, greaterPos=1, teammate=0, curAction=[, actionList_size=18
[15:11:32] [YFAdapter-P2] [INFO] [YF-P2] Decided: action_index=0, action=['PASS', 'PASS', 'PASS']
[15:11:32] [HybridV4-P2] [ERROR] Knowledge enhancement error: expected an indented block after 'if' statement on line 70 (knowledge_loader.py, line 71)
Traceback (most recent call last):
  File "D:\YiFeiAI-GD\src\decision\hybrid_decision_engine_v4.py", line 280, in _enhance_candidates
    from knowledge.knowledge_enhanced_decision import KnowledgeEnhancedDecisionEngine
  File "D:\YiFeiAI-GD\src\knowledge\knowledge_enhanced_decision.py", line 19, in <module>
    from knowledge.knowledge_loader import KnowledgeLoader
  File "D:\YiFeiAI-GD\src\knowledge\knowledge_loader.py", line 71
    try:
    ^^^
IndentationError: expected an indented block after 'if' statement on line 70
[15:11:32] [yf2_v5] [INFO] 2号位打出['PASS', 'PASS', 'PASS']， 最大动作为1号位打出的['Pair', 'A', ['CA', 'DA']]
[15:11:32] [yf2_v5] [INFO] 3号位打出['PASS', 'PASS', 'PASS']， 最大动作为1号位打出的['Pair', 'A', ['CA', 'DA']]
[15:11:32] [yf2_v5] [INFO] 0号位打出['PASS', 'PASS', 'PASS']， 最大动作为1号位打出的['Pair', 'A', ['CA', 'DA']]
[15:11:32] [yf2_v5] [INFO] 1号位打出['Single', '7', ['S7']]， 最大动作为1号位打出的['Single', '7', ['S7']]
[15:11:32] [YFAdapter-P2] [INFO] [YF-P2] Decision context: myPos=2, curPos=1, greaterPos=1, teammate=0, curAction=[, actionList_size=28
[15:11:32] [YFAdapter-P2] [INFO] [YF-P2] Decided: action_index=0, action=['PASS', 'PASS', 'PASS']
[15:11:32] [HybridV4-P2] [ERROR] Knowledge enhancement error: expected an indented block after 'if' statement on line 70 (knowledge_loader.py, line 71)
Traceback (most recent call last):
  File "D:\YiFeiAI-GD\src\decision\hybrid_decision_engine_v4.py", line 280, in _enhance_candidates
    from knowledge.knowledge_enhanced_decision import KnowledgeEnhancedDecisionEngine
  File "D:\YiFeiAI-GD\src\knowledge\knowledge_enhanced_decision.py", line 19, in <module>
    from knowledge.knowledge_loader import KnowledgeLoader
  File "D:\YiFeiAI-GD\src\knowledge\knowledge_loader.py", line 71
    try:
    ^^^
IndentationError: expected an indented block after 'if' statement on line 70
[15:11:32] [yf2_v5] [INFO] 2号位打出['PASS', 'PASS', 'PASS']， 最大动作为1号位打出的['Single', '7', ['S7']]
[15:11:32] [yf2_v5] [INFO] 3号位打出['PASS', 'PASS', 'PASS']， 最大动作为1号位打出的['Single', '7', ['S7']]
[15:11:32] [yf2_v5] [INFO] 0号位打出['PASS', 'PASS', 'PASS']， 最大动作为1号位打出的['Single', '7', ['S7']]
[15:11:32] [yf2_v5] [INFO] 1号位打出['Trips', '7', ['H7', 'C7', 'D7']]， 最大动作为1号位打出的['Trips', '7', ['H7', 'C7', 'D7']]
[15:11:32] [YFAdapter-P2] [INFO] [YF-P2] Decision context: myPos=2, curPos=1, greaterPos=1, teammate=0, curAction=[, actionList_size=29
[15:11:32] [YFAdapter-P2] [INFO] [YF-P2] Decided: action_index=0, action=['PASS', 'PASS', 'PASS']
[15:11:32] [HybridV4-P2] [ERROR] Knowledge enhancement error: expected an indented block after 'if' statement on line 70 (knowledge_loader.py, line 71)
Traceback (most recent call last):
  File "D:\YiFeiAI-GD\src\decision\hybrid_decision_engine_v4.py", line 280, in _enhance_candidates
    from knowledge.knowledge_enhanced_decision import KnowledgeEnhancedDecisionEngine
  File "D:\YiFeiAI-GD\src\knowledge\knowledge_enhanced_decision.py", line 19, in <module>
    from knowledge.knowledge_loader import KnowledgeLoader
  File "D:\YiFeiAI-GD\src\knowledge\knowledge_loader.py", line 71
    try:
    ^^^
IndentationError: expected an indented block after 'if' statement on line 70
[15:11:32] [yf2_v5] [INFO] 2号位打出['PASS', 'PASS', 'PASS']， 最大动作为1号位打出的['Trips', '7', ['H7', 'C7', 'D7']]
[15:11:32] [yf2_v5] [INFO] 3号位打出['PASS', 'PASS', 'PASS']， 最大动作为1号位打出的['Trips', '7', ['H7', 'C7', 'D7']]
[15:11:32] [yf2_v5] [INFO] 0号位打出['PASS', 'PASS', 'PASS']， 最大动作为1号位打出的['Trips', '7', ['H7', 'C7', 'D7']]
[15:11:32] [yf2_v5] [INFO] 1号位打出['Single', '9', ['S9']]， 最大动作为1号位打出的['Single', '9', ['S9']]
[15:11:32] [YFAdapter-P2] [INFO] [YF-P2] Decision context: myPos=2, curPos=1, greaterPos=1, teammate=0, curAction=[, actionList_size=26
[15:11:32] [YFAdapter-P2] [INFO] [YF-P2] Decided: action_index=0, action=['PASS', 'PASS', 'PASS']
[15:11:32] [HybridV4-P2] [ERROR] Knowledge enhancement error: expected an indented block after 'if' statement on line 70 (knowledge_loader.py, line 71)
Traceback (most recent call last):
  File "D:\YiFeiAI-GD\src\decision\hybrid_decision_engine_v4.py", line 280, in _enhance_candidates
    from knowledge.knowledge_enhanced_decision import KnowledgeEnhancedDecisionEngine
  File "D:\YiFeiAI-GD\src\knowledge\knowledge_enhanced_decision.py", line 19, in <module>
    from knowledge.knowledge_loader import KnowledgeLoader
  File "D:\YiFeiAI-GD\src\knowledge\knowledge_loader.py", line 71
    try:
    ^^^
IndentationError: expected an indented block after 'if' statement on line 70
[15:11:32] [yf2_v5] [INFO] 2号位打出['PASS', 'PASS', 'PASS']， 最大动作为1号位打出的['Single', '9', ['S9']]
[15:11:32] [yf2_v5] [INFO] 3号位打出['PASS', 'PASS', 'PASS']， 最大动作为1号位打出的['Single', '9', ['S9']]
[15:11:32] [yf2_v5] [INFO] 0号位打出['PASS', 'PASS', 'PASS']， 最大动作为1号位打出的['Single', '9', ['S9']]
[15:11:32] [yf2_v5] [INFO] 1号位打出['Trips', '9', ['H9', 'C9', 'C9']]， 最大动作为1号位打出的['Trips', '9', ['H9', 'C9', 'C9']]
[15:11:33] [YFAdapter-P2] [INFO] [YF-P2] Decision context: myPos=2, curPos=1, greaterPos=1, teammate=0, curAction=[, actionList_size=28
[15:11:33] [YFAdapter-P2] [INFO] [YF-P2] Decided: action_index=0, action=['PASS', 'PASS', 'PASS']
[15:11:33] [HybridV4-P2] [ERROR] Knowledge enhancement error: expected an indented block after 'if' statement on line 70 (knowledge_loader.py, line 71)
Traceback (most recent call last):
  File "D:\YiFeiAI-GD\src\decision\hybrid_decision_engine_v4.py", line 280, in _enhance_candidates
    from knowledge.knowledge_enhanced_decision import KnowledgeEnhancedDecisionEngine
  File "D:\YiFeiAI-GD\src\knowledge\knowledge_enhanced_decision.py", line 19, in <module>
    from knowledge.knowledge_loader import KnowledgeLoader
  File "D:\YiFeiAI-GD\src\knowledge\knowledge_loader.py", line 71
    try:
    ^^^
IndentationError: expected an indented block after 'if' statement on line 70
[15:11:33] [yf2_v5] [INFO] 2号位打出['PASS', 'PASS', 'PASS']， 最大动作为1号位打出的['Trips', '9', ['H9', 'C9', 'C9']]
[15:11:33] [yf2_v5] [INFO] 3号位打出['PASS', 'PASS', 'PASS']， 最大动作为1号位打出的['Trips', '9', ['H9', 'C9', 'C9']]
[15:11:33] [yf2_v5] [INFO] 0号位打出['PASS', 'PASS', 'PASS']， 最大动作为1号位打出的['Trips', '9', ['H9', 'C9', 'C9']]
[15:11:33] [yf2_v5] [INFO] 1号位打出['Single', 'T', ['HT']]， 最大动作为1号位打出的['Single', 'T', ['HT']]
[15:11:33] [YFAdapter-P2] [INFO] [YF-P2] Decision context: myPos=2, curPos=1, greaterPos=1, teammate=0, curAction=[, actionList_size=25
[15:11:33] [YFAdapter-P2] [INFO] [YF-P2] Decided: action_index=0, action=['PASS', 'PASS', 'PASS']
[15:11:33] [HybridV4-P2] [ERROR] Knowledge enhancement error: expected an indented block after 'if' statement on line 70 (knowledge_loader.py, line 71)
Traceback (most recent call last):
  File "D:\YiFeiAI-GD\src\decision\hybrid_decision_engine_v4.py", line 280, in _enhance_candidates
    from knowledge.knowledge_enhanced_decision import KnowledgeEnhancedDecisionEngine
  File "D:\YiFeiAI-GD\src\knowledge\knowledge_enhanced_decision.py", line 19, in <module>
    from knowledge.knowledge_loader import KnowledgeLoader
  File "D:\YiFeiAI-GD\src\knowledge\knowledge_loader.py", line 71
    try:
    ^^^
IndentationError: expected an indented block after 'if' statement on line 70
[15:11:33] [yf2_v5] [INFO] 2号位打出['PASS', 'PASS', 'PASS']， 最大动作为1号位打出的['Single', 'T', ['HT']]
[15:11:33] [yf2_v5] [INFO] 3号位打出['PASS', 'PASS', 'PASS']， 最大动作为1号位打出的['Single', 'T', ['HT']]
[15:11:33] [yf2_v5] [INFO] 0号位打出['PASS', 'PASS', 'PASS']， 最大动作为1号位打出的['Single', 'T', ['HT']]
[15:11:33] [yf2_v5] [INFO] 1号位打出['Trips', 'T', ['CT', 'CT', 'DT']]， 最大动作为1号位打出的['Trips', 'T', ['CT', 'CT', 'DT']]
[15:11:33] [YFAdapter-P2] [INFO] [YF-P2] Decision context: myPos=2, curPos=1, greaterPos=1, teammate=0, curAction=[, actionList_size=28
[15:11:33] [YFAdapter-P2] [INFO] [YF-P2] Decided: action_index=0, action=['PASS', 'PASS', 'PASS']
[15:11:33] [YFAdapter-P2] [WARNING] [YF-P2] 检测到过于保守: 对手快走完(剩4张), 触发Layer 2/3进行更积极的决策
[15:11:33] [HybridV4-P2] [ERROR] Knowledge enhancement error: expected an indented block after 'if' statement on line 70 (knowledge_loader.py, line 71)
Traceback (most recent call last):
  File "D:\YiFeiAI-GD\src\decision\hybrid_decision_engine_v4.py", line 280, in _enhance_candidates
    from knowledge.knowledge_enhanced_decision import KnowledgeEnhancedDecisionEngine
  File "D:\YiFeiAI-GD\src\knowledge\knowledge_enhanced_decision.py", line 19, in <module>
    from knowledge.knowledge_loader import KnowledgeLoader
  File "D:\YiFeiAI-GD\src\knowledge\knowledge_loader.py", line 71
    try:
    ^^^
IndentationError: expected an indented block after 'if' statement on line 70
[15:11:33] [yf2_v5] [INFO] 2号位打出['PASS', 'PASS', 'PASS']， 最大动作为1号位打出的['Trips', 'T', ['CT', 'CT', 'DT']]
[15:11:33] [yf2_v5] [INFO] 3号位打出['PASS', 'PASS', 'PASS']， 最大动作为1号位打出的['Trips', 'T', ['CT', 'CT', 'DT']]
[15:11:33] [yf2_v5] [INFO] 0号位打出['PASS', 'PASS', 'PASS']， 最大动作为1号位打出的['Trips', 'T', ['CT', 'CT', 'DT']]
[15:11:33] [yf2_v5] [INFO] 1号位打出['Bomb', 'Q', ['HQ', 'HQ', 'CQ', 'DQ']]， 最大动作为1号位打出的['Bomb', 'Q', ['HQ', 'HQ', 'CQ', 'DQ']]
[15:11:33] [YFAdapter-P2] [INFO] [YF-P2] Decision context: myPos=2, curPos=1, greaterPos=1, teammate=0, curAction=[, actionList_size=3
[15:11:33] [YFAdapter-P2] [INFO] [YF-P2] Decided: action_index=0, action=['PASS', 'PASS', 'PASS']
[15:11:33] [YFAdapter-P2] [WARNING] [YF-P2] 检测到过于保守: 对手快走完(剩0张), 触发Layer 2/3进行更积极的决策
[15:11:33] [HybridV4-P2] [ERROR] Knowledge enhancement error: expected an indented block after 'if' statement on line 70 (knowledge_loader.py, line 71)
Traceback (most recent call last):
  File "D:\YiFeiAI-GD\src\decision\hybrid_decision_engine_v4.py", line 280, in _enhance_candidates
    from knowledge.knowledge_enhanced_decision import KnowledgeEnhancedDecisionEngine
  File "D:\YiFeiAI-GD\src\knowledge\knowledge_enhanced_decision.py", line 19, in <module>
    from knowledge.knowledge_loader import KnowledgeLoader
  File "D:\YiFeiAI-GD\src\knowledge\knowledge_loader.py", line 71
    try:
    ^^^
IndentationError: expected an indented block after 'if' statement on line 70
[15:11:33] [yf2_v5] [INFO] 2号位打出['PASS', 'PASS', 'PASS']， 最大动作为1号位打出的['Bomb', 'Q', ['HQ', 'HQ', 'CQ', 'DQ']]
[15:11:33] [yf2_v5] [INFO] 3号位打出['PASS', 'PASS', 'PASS']， 最大动作为1号位打出的['Bomb', 'Q', ['HQ', 'HQ', 'CQ', 'DQ']]
[15:11:33] [yf2_v5] [INFO] 3号位打出['Single', '2', ['S2']]， 最大动作为3号位打出的['Single', '2', ['S2']]
[15:11:33] [yf2_v5] [INFO] 0号位打出['PASS', 'PASS', 'PASS']， 最大动作为3号位打出的['Single', '2', ['S2']]
[15:11:33] [YFAdapter-P2] [INFO] [YF-P2] Decision context: myPos=2, curPos=0, greaterPos=3, teammate=0, curAction=[, actionList_size=36
[15:11:33] [YFAdapter-P2] [INFO] [YF-P2] Decided: action_index=0, action=['PASS', 'PASS', 'PASS']
[15:11:33] [YFAdapter-P2] [WARNING] [YF-P2] 检测到过于保守: 对手快走完(剩0张), 触发Layer 2/3进行更积极的决策
[15:11:33] [HybridV4-P2] [ERROR] Knowledge enhancement error: expected an indented block after 'if' statement on line 70 (knowledge_loader.py, line 71)
Traceback (most recent call last):
  File "D:\YiFeiAI-GD\src\decision\hybrid_decision_engine_v4.py", line 280, in _enhance_candidates
    from knowledge.knowledge_enhanced_decision import KnowledgeEnhancedDecisionEngine
  File "D:\YiFeiAI-GD\src\knowledge\knowledge_enhanced_decision.py", line 19, in <module>
    from knowledge.knowledge_loader import KnowledgeLoader
  File "D:\YiFeiAI-GD\src\knowledge\knowledge_loader.py", line 71
    try:
    ^^^
IndentationError: expected an indented block after 'if' statement on line 70
[15:11:33] [yf2_v5] [INFO] 2号位打出['PASS', 'PASS', 'PASS']， 最大动作为3号位打出的['Single', '2', ['S2']]
[15:11:33] [yf2_v5] [INFO] 3号位打出['Trips', '2', ['H2', 'C2', 'D2']]， 最大动作为3号位打出的['Trips', '2', ['H2', 'C2', 'D2']]
[15:11:33] [yf2_v5] [INFO] 0号位打出['PASS', 'PASS', 'PASS']， 最大动作为3号位打出的['Trips', '2', ['H2', 'C2', 'D2']]
[15:11:33] [YFAdapter-P2] [INFO] [YF-P2] Decision context: myPos=2, curPos=0, greaterPos=3, teammate=0, curAction=[, actionList_size=35
[15:11:33] [YFAdapter-P2] [INFO] [YF-P2] Decided: action_index=0, action=['PASS', 'PASS', 'PASS']
[15:11:33] [YFAdapter-P2] [WARNING] [YF-P2] 检测到过于保守: 对手快走完(剩0张), 触发Layer 2/3进行更积极的决策
[15:11:33] [HybridV4-P2] [ERROR] Knowledge enhancement error: expected an indented block after 'if' statement on line 70 (knowledge_loader.py, line 71)
Traceback (most recent call last):
  File "D:\YiFeiAI-GD\src\decision\hybrid_decision_engine_v4.py", line 280, in _enhance_candidates
    from knowledge.knowledge_enhanced_decision import KnowledgeEnhancedDecisionEngine
  File "D:\YiFeiAI-GD\src\knowledge\knowledge_enhanced_decision.py", line 19, in <module>
    from knowledge.knowledge_loader import KnowledgeLoader
  File "D:\YiFeiAI-GD\src\knowledge\knowledge_loader.py", line 71
    try:
    ^^^
IndentationError: expected an indented block after 'if' statement on line 70
[15:11:33] [yf2_v5] [INFO] 2号位打出['PASS', 'PASS', 'PASS']， 最大动作为3号位打出的['Trips', '2', ['H2', 'C2', 'D2']]
[15:11:33] [yf2_v5] [INFO] 3号位打出['Single', '6', ['H6']]， 最大动作为3号位打出的['Single', '6', ['H6']]
[15:11:33] [yf2_v5] [INFO] 0号位打出['PASS', 'PASS', 'PASS']， 最大动作为3号位打出的['Single', '6', ['H6']]
[15:11:33] [YFAdapter-P2] [INFO] [YF-P2] Decision context: myPos=2, curPos=0, greaterPos=3, teammate=0, curAction=[, actionList_size=31
[15:11:33] [YFAdapter-P2] [INFO] [YF-P2] Decided: action_index=0, action=['PASS', 'PASS', 'PASS']
[15:11:33] [YFAdapter-P2] [WARNING] [YF-P2] 检测到过于保守: 对手快走完(剩0张), 触发Layer 2/3进行更积极的决策
[15:11:33] [HybridV4-P2] [ERROR] Knowledge enhancement error: expected an indented block after 'if' statement on line 70 (knowledge_loader.py, line 71)
Traceback (most recent call last):
  File "D:\YiFeiAI-GD\src\decision\hybrid_decision_engine_v4.py", line 280, in _enhance_candidates
    from knowledge.knowledge_enhanced_decision import KnowledgeEnhancedDecisionEngine
  File "D:\YiFeiAI-GD\src\knowledge\knowledge_enhanced_decision.py", line 19, in <module>
    from knowledge.knowledge_loader import KnowledgeLoader
  File "D:\YiFeiAI-GD\src\knowledge\knowledge_loader.py", line 71
    try:
    ^^^
IndentationError: expected an indented block after 'if' statement on line 70
[15:11:33] [yf2_v5] [INFO] 2号位打出['PASS', 'PASS', 'PASS']， 最大动作为3号位打出的['Single', '6', ['H6']]
[15:11:33] [yf2_v5] [INFO] 3号位打出['Trips', '6', ['H6', 'C6', 'D6']]， 最大动作为3号位打出的['Trips', '6', ['H6', 'C6', 'D6']]
[15:11:33] [yf2_v5] [INFO] 0号位打出['PASS', 'PASS', 'PASS']， 最大动作为3号位打出的['Trips', '6', ['H6', 'C6', 'D6']]
[15:11:33] [YFAdapter-P2] [INFO] [YF-P2] Decision context: myPos=2, curPos=0, greaterPos=3, teammate=0, curAction=[, actionList_size=33
[15:11:33] [YFAdapter-P2] [INFO] [YF-P2] Decided: action_index=0, action=['PASS', 'PASS', 'PASS']
[15:11:33] [YFAdapter-P2] [WARNING] [YF-P2] 检测到过于保守: 对手快走完(剩0张), 触发Layer 2/3进行更积极的决策
[15:11:33] [HybridV4-P2] [ERROR] Knowledge enhancement error: expected an indented block after 'if' statement on line 70 (knowledge_loader.py, line 71)
Traceback (most recent call last):
  File "D:\YiFeiAI-GD\src\decision\hybrid_decision_engine_v4.py", line 280, in _enhance_candidates
    from knowledge.knowledge_enhanced_decision import KnowledgeEnhancedDecisionEngine
  File "D:\YiFeiAI-GD\src\knowledge\knowledge_enhanced_decision.py", line 19, in <module>
    from knowledge.knowledge_loader import KnowledgeLoader
  File "D:\YiFeiAI-GD\src\knowledge\knowledge_loader.py", line 71
    try:
    ^^^
IndentationError: expected an indented block after 'if' statement on line 70
[15:11:33] [yf2_v5] [INFO] 2号位打出['PASS', 'PASS', 'PASS']， 最大动作为3号位打出的['Trips', '6', ['H6', 'C6', 'D6']]
[15:11:33] [yf2_v5] [INFO] 3号位打出['Single', '8', ['S8']]， 最大动作为3号位打出的['Single', '8', ['S8']]
[15:11:33] [yf2_v5] [INFO] 0号位打出['PASS', 'PASS', 'PASS']， 最大动作为3号位打出的['Single', '8', ['S8']]
[15:11:33] [YFAdapter-P2] [INFO] [YF-P2] Decision context: myPos=2, curPos=0, greaterPos=3, teammate=0, curAction=[, actionList_size=27
[15:11:33] [YFAdapter-P2] [INFO] [YF-P2] Decided: action_index=0, action=['PASS', 'PASS', 'PASS']
[15:11:33] [YFAdapter-P2] [WARNING] [YF-P2] 检测到过于保守: 对手快走完(剩0张), 触发Layer 2/3进行更积极的决策
[15:11:33] [HybridV4-P2] [ERROR] Knowledge enhancement error: expected an indented block after 'if' statement on line 70 (knowledge_loader.py, line 71)
Traceback (most recent call last):
  File "D:\YiFeiAI-GD\src\decision\hybrid_decision_engine_v4.py", line 280, in _enhance_candidates
    from knowledge.knowledge_enhanced_decision import KnowledgeEnhancedDecisionEngine
  File "D:\YiFeiAI-GD\src\knowledge\knowledge_enhanced_decision.py", line 19, in <module>
    from knowledge.knowledge_loader import KnowledgeLoader
  File "D:\YiFeiAI-GD\src\knowledge\knowledge_loader.py", line 71
    try:
    ^^^
IndentationError: expected an indented block after 'if' statement on line 70
[15:11:33] [yf2_v5] [INFO] 2号位打出['PASS', 'PASS', 'PASS']， 最大动作为3号位打出的['Single', '8', ['S8']]
[15:11:33] [yf2_v5] [INFO] 3号位打出['Trips', '8', ['S8', 'H8', 'D8']]， 最大动作为3号位打出的['Trips', '8', ['S8', 'H8', 'D8']]
[15:11:33] [yf2_v5] [INFO] 0号位打出['PASS', 'PASS', 'PASS']， 最大动作为3号位打出的['Trips', '8', ['S8', 'H8', 'D8']]
[15:11:33] [YFAdapter-P2] [INFO] [YF-P2] Decision context: myPos=2, curPos=0, greaterPos=3, teammate=0, curAction=[, actionList_size=28
[15:11:33] [YFAdapter-P2] [INFO] [YF-P2] Decided: action_index=0, action=['PASS', 'PASS', 'PASS']
[15:11:33] [YFAdapter-P2] [WARNING] [YF-P2] 检测到过于保守: 对手快走完(剩0张), 触发Layer 2/3进行更积极的决策
[15:11:33] [HybridV4-P2] [ERROR] Knowledge enhancement error: expected an indented block after 'if' statement on line 70 (knowledge_loader.py, line 71)
Traceback (most recent call last):
  File "D:\YiFeiAI-GD\src\decision\hybrid_decision_engine_v4.py", line 280, in _enhance_candidates
    from knowledge.knowledge_enhanced_decision import KnowledgeEnhancedDecisionEngine
  File "D:\YiFeiAI-GD\src\knowledge\knowledge_enhanced_decision.py", line 19, in <module>
    from knowledge.knowledge_loader import KnowledgeLoader
  File "D:\YiFeiAI-GD\src\knowledge\knowledge_loader.py", line 71
    try:
    ^^^
IndentationError: expected an indented block after 'if' statement on line 70
[15:11:33] [yf2_v5] [INFO] 2号位打出['PASS', 'PASS', 'PASS']， 最大动作为3号位打出的['Trips', '8', ['S8', 'H8', 'D8']]
[15:11:33] [yf2_v5] [INFO] 3号位打出['Straight', 'T', ['DT', 'CJ', 'DQ', 'SK', 'HA']]， 最大动作为3号位打出的['Straight', 'T', ['DT', 'CJ', 'DQ', 'SK', 'HA']]
[15:11:33] [yf2_v5] [INFO] 游戏开始, 我是2号位，手牌：['S2', 'D2', 'H3', 'C3', 'C4', 'S5', 'C5', 'D5', 'S6', 'H6', 'C7', 'H9', 'C9', 'ST', 'HT', 'CT', 'HJ', 'CJ', 'DJ', 'SQ', 'SK', 'SK', 'HK', 'HA', 'DA', 'S8', 'C8']
[15:11:33] [YFAdapter-P2] [INFO] [YF-P2] Decision context: myPos=2, curPos=-1, greaterPos=-1, teammate=0, curAction=[, actionList_size=2
[15:11:33] [YFAdapter-P2] [INFO] [YF-P2] Decided: action_index=0, action=['tribute', 'tribute', [['S', '8']]]
[15:11:33] [HybridV4-P2] [ERROR] Knowledge enhancement error: expected an indented block after 'if' statement on line 70 (knowledge_loader.py, line 71)
Traceback (most recent call last):
  File "D:\YiFeiAI-GD\src\decision\hybrid_decision_engine_v4.py", line 280, in _enhance_candidates
    from knowledge.knowledge_enhanced_decision import KnowledgeEnhancedDecisionEngine
  File "D:\YiFeiAI-GD\src\knowledge\knowledge_enhanced_decision.py", line 19, in <module>
    from knowledge.knowledge_loader import KnowledgeLoader
  File "D:\YiFeiAI-GD\src\knowledge\knowledge_loader.py", line 71
    try:
    ^^^
IndentationError: expected an indented block after 'if' statement on line 70
[15:11:33] [yf2_v5] [INFO] 0号位打出['Single', '3', ['D3']]， 最大动作为0号位打出的['Single', '3', ['D3']]
[15:11:33] [yf2_v5] [INFO] 1号位打出['Single', '9', ['S9']]， 最大动作为1号位打出的['Single', '9', ['S9']]
[15:11:33] [YFAdapter-P2] [INFO] [YF-P2] Decision context: myPos=2, curPos=1, greaterPos=1, teammate=0, curAction=[, actionList_size=15
[15:11:33] [YFAdapter-P2] [INFO] [YF-P2] Decided: action_index=0, action=['PASS', 'PASS', 'PASS']
[15:11:33] [HybridV4-P2] [ERROR] Knowledge enhancement error: expected an indented block after 'if' statement on line 70 (knowledge_loader.py, line 71)
Traceback (most recent call last):
  File "D:\YiFeiAI-GD\src\decision\hybrid_decision_engine_v4.py", line 280, in _enhance_candidates
    from knowledge.knowledge_enhanced_decision import KnowledgeEnhancedDecisionEngine
  File "D:\YiFeiAI-GD\src\knowledge\knowledge_enhanced_decision.py", line 19, in <module>
    from knowledge.knowledge_loader import KnowledgeLoader
  File "D:\YiFeiAI-GD\src\knowledge\knowledge_loader.py", line 71
    try:
    ^^^
IndentationError: expected an indented block after 'if' statement on line 70
[15:11:33] [yf2_v5] [INFO] 2号位打出['PASS', 'PASS', 'PASS']， 最大动作为1号位打出的['Single', '9', ['S9']]
[15:11:33] [yf2_v5] [INFO] 3号位打出['Single', 'A', ['DA']]， 最大动作为3号位打出的['Single', 'A', ['DA']]
[15:11:33] [yf2_v5] [INFO] 0号位打出['PASS', 'PASS', 'PASS']， 最大动作为3号位打出的['Single', 'A', ['DA']]
[15:11:33] [yf2_v5] [INFO] 1号位打出['PASS', 'PASS', 'PASS']， 最大动作为3号位打出的['Single', 'A', ['DA']]
[15:11:33] [YFAdapter-P2] [INFO] [YF-P2] Decision context: myPos=2, curPos=1, greaterPos=3, teammate=0, curAction=[, actionList_size=4
[15:11:33] [YFAdapter-P2] [INFO] [YF-P2] Decided: action_index=0, action=['PASS', 'PASS', 'PASS']
[15:11:33] [HybridV4-P2] [ERROR] Knowledge enhancement error: expected an indented block after 'if' statement on line 70 (knowledge_loader.py, line 71)
Traceback (most recent call last):
  File "D:\YiFeiAI-GD\src\decision\hybrid_decision_engine_v4.py", line 280, in _enhance_candidates
    from knowledge.knowledge_enhanced_decision import KnowledgeEnhancedDecisionEngine
  File "D:\YiFeiAI-GD\src\knowledge\knowledge_enhanced_decision.py", line 19, in <module>
    from knowledge.knowledge_loader import KnowledgeLoader
  File "D:\YiFeiAI-GD\src\knowledge\knowledge_loader.py", line 71
    try:
    ^^^
IndentationError: expected an indented block after 'if' statement on line 70
[15:11:33] [yf2_v5] [INFO] 2号位打出['PASS', 'PASS', 'PASS']， 最大动作为3号位打出的['Single', 'A', ['DA']]
[15:11:33] [yf2_v5] [INFO] 3号位打出['Single', '5', ['D5']]， 最大动作为3号位打出的['Single', '5', ['D5']]
[15:11:33] [yf2_v5] [INFO] 0号位打出['PASS', 'PASS', 'PASS']， 最大动作为3号位打出的['Single', '5', ['D5']]
[15:11:33] [yf2_v5] [INFO] 1号位打出['Single', '8', ['S8']]， 最大动作为1号位打出的['Single', '8', ['S8']]
[15:11:33] [YFAdapter-P2] [INFO] [YF-P2] Decision context: myPos=2, curPos=1, greaterPos=1, teammate=0, curAction=[, actionList_size=3
[15:11:33] [YFAdapter-P2] [INFO] [YF-P2] Decided: action_index=0, action=['PASS', 'PASS', 'PASS']
[15:11:33] [HybridV4-P2] [ERROR] Knowledge enhancement error: expected an indented block after 'if' statement on line 70 (knowledge_loader.py, line 71)
Traceback (most recent call last):
  File "D:\YiFeiAI-GD\src\decision\hybrid_decision_engine_v4.py", line 280, in _enhance_candidates
    from knowledge.knowledge_enhanced_decision import KnowledgeEnhancedDecisionEngine
  File "D:\YiFeiAI-GD\src\knowledge\knowledge_enhanced_decision.py", line 19, in <module>
    from knowledge.knowledge_loader import KnowledgeLoader
  File "D:\YiFeiAI-GD\src\knowledge\knowledge_loader.py", line 71
    try:
    ^^^
IndentationError: expected an indented block after 'if' statement on line 70
[15:11:33] [yf2_v5] [INFO] 2号位打出['PASS', 'PASS', 'PASS']， 最大动作为1号位打出的['Single', '8', ['S8']]
[15:11:33] [yf2_v5] [INFO] 3号位打出['PASS', 'PASS', 'PASS']， 最大动作为1号位打出的['Single', '8', ['S8']]
[15:11:33] [yf2_v5] [INFO] 0号位打出['PASS', 'PASS', 'PASS']， 最大动作为1号位打出的['Single', '8', ['S8']]
[15:11:33] [yf2_v5] [INFO] 1号位打出['ThreePair', '2', ['H2', 'D2', 'S3', 'S3', 'H4', 'D4']]， 最大动作为1号位打出的['ThreePair', '2', ['H2', 'D2', 'S3', 'S3', 'H4', 'D4']]
[15:11:33] [YFAdapter-P2] [INFO] [YF-P2] Decision context: myPos=2, curPos=1, greaterPos=1, teammate=0, curAction=[, actionList_size=15
[15:11:33] [YFAdapter-P2] [INFO] [YF-P2] Decided: action_index=0, action=['PASS', 'PASS', 'PASS']
[15:11:33] [HybridV4-P2] [ERROR] Knowledge enhancement error: expected an indented block after 'if' statement on line 70 (knowledge_loader.py, line 71)
Traceback (most recent call last):
  File "D:\YiFeiAI-GD\src\decision\hybrid_decision_engine_v4.py", line 280, in _enhance_candidates
    from knowledge.knowledge_enhanced_decision import KnowledgeEnhancedDecisionEngine
  File "D:\YiFeiAI-GD\src\knowledge\knowledge_enhanced_decision.py", line 19, in <module>
    from knowledge.knowledge_loader import KnowledgeLoader
  File "D:\YiFeiAI-GD\src\knowledge\knowledge_loader.py", line 71
    try:
    ^^^
IndentationError: expected an indented block after 'if' statement on line 70
[15:11:33] [yf2_v5] [INFO] 2号位打出['PASS', 'PASS', 'PASS']， 最大动作为1号位打出的['ThreePair', '2', ['H2', 'D2', 'S3', 'S3', 'H4', 'D4']]
[15:11:33] [yf2_v5] [INFO] 3号位打出['PASS', 'PASS', 'PASS']， 最大动作为1号位打出的['ThreePair', '2', ['H2', 'D2', 'S3', 'S3', 'H4', 'D4']]
[15:11:33] [yf2_v5] [INFO] 0号位打出['PASS', 'PASS', 'PASS']， 最大动作为1号位打出的['ThreePair', '2', ['H2', 'D2', 'S3', 'S3', 'H4', 'D4']]
[15:11:33] [yf2_v5] [INFO] 1号位打出['ThreeWithTwo', '6', ['H6', 'C6', 'D6', 'H5', 'C5']]， 最大动作为1号位打出的['ThreeWithTwo', '6', ['H6', 'C6', 'D6', 'H5', 'C5']]
[15:11:33] [YFAdapter-P2] [INFO] [YF-P2] Decision context: myPos=2, curPos=1, greaterPos=1, teammate=0, curAction=[, actionList_size=71
[15:11:33] [YFAdapter-P2] [INFO] [YF-P2] Decided: action_index=0, action=['PASS', 'PASS', 'PASS']
[15:11:33] [HybridV4-P2] [ERROR] Knowledge enhancement error: expected an indented block after 'if' statement on line 70 (knowledge_loader.py, line 71)
Traceback (most recent call last):
  File "D:\YiFeiAI-GD\src\decision\hybrid_decision_engine_v4.py", line 280, in _enhance_candidates
    from knowledge.knowledge_enhanced_decision import KnowledgeEnhancedDecisionEngine
  File "D:\YiFeiAI-GD\src\knowledge\knowledge_enhanced_decision.py", line 19, in <module>
    from knowledge.knowledge_loader import KnowledgeLoader
  File "D:\YiFeiAI-GD\src\knowledge\knowledge_loader.py", line 71
    try:
    ^^^
IndentationError: expected an indented block after 'if' statement on line 70
[15:11:33] [yf2_v5] [INFO] 2号位打出['PASS', 'PASS', 'PASS']， 最大动作为1号位打出的['ThreeWithTwo', '6', ['H6', 'C6', 'D6', 'H5', 'C5']]
[15:11:33] [yf2_v5] [INFO] 3号位打出['ThreeWithTwo', '9', ['C9', 'D9', 'D9', 'H2', 'C2']]， 最大动作为3号位打出的['ThreeWithTwo', '9', ['C9', 'D9', 'D9', 'H2', 'C2']]
[15:11:33] [yf2_v5] [INFO] 0号位打出['PASS', 'PASS', 'PASS']， 最大动作为3号位打出的['ThreeWithTwo', '9', ['C9', 'D9', 'D9', 'H2', 'C2']]
[15:11:33] [yf2_v5] [INFO] 1号位打出['ThreeWithTwo', 'Q', ['SQ', 'HQ', 'H8', 'S7', 'C7']]， 最大动作为1号位打出的['ThreeWithTwo', 'Q', ['SQ', 'HQ', 'H8', 'S7', 'C7']]
[15:11:33] [YFAdapter-P2] [INFO] [YF-P2] Decision context: myPos=2, curPos=1, greaterPos=1, teammate=0, curAction=[, actionList_size=18
[15:11:33] [YFAdapter-P2] [INFO] [YF-P2] Decided: action_index=0, action=['PASS', 'PASS', 'PASS']
[15:11:33] [HybridV4-P2] [ERROR] Knowledge enhancement error: expected an indented block after 'if' statement on line 70 (knowledge_loader.py, line 71)
Traceback (most recent call last):
  File "D:\YiFeiAI-GD\src\decision\hybrid_decision_engine_v4.py", line 280, in _enhance_candidates
    from knowledge.knowledge_enhanced_decision import KnowledgeEnhancedDecisionEngine
  File "D:\YiFeiAI-GD\src\knowledge\knowledge_enhanced_decision.py", line 19, in <module>
    from knowledge.knowledge_loader import KnowledgeLoader
  File "D:\YiFeiAI-GD\src\knowledge\knowledge_loader.py", line 71
    try:
    ^^^
IndentationError: expected an indented block after 'if' statement on line 70
[15:11:33] [yf2_v5] [INFO] 2号位打出['PASS', 'PASS', 'PASS']， 最大动作为1号位打出的['ThreeWithTwo', 'Q', ['SQ', 'HQ', 'H8', 'S7', 'C7']]
[15:11:33] [yf2_v5] [INFO] 3号位打出['PASS', 'PASS', 'PASS']， 最大动作为1号位打出的['ThreeWithTwo', 'Q', ['SQ', 'HQ', 'H8', 'S7', 'C7']]
[15:11:33] [yf2_v5] [INFO] 0号位打出['PASS', 'PASS', 'PASS']， 最大动作为1号位打出的['ThreeWithTwo', 'Q', ['SQ', 'HQ', 'H8', 'S7', 'C7']]
[15:11:33] [yf2_v5] [INFO] 1号位打出['ThreeWithTwo', 'K', ['HK', 'CK', 'DK', 'CA', 'CA']]， 最大动作为1号位打出的['ThreeWithTwo', 'K', ['HK', 'CK', 'DK', 'CA', 'CA']]
[15:11:33] [YFAdapter-P2] [INFO] [YF-P2] Decision context: myPos=2, curPos=1, greaterPos=1, teammate=0, curAction=[, actionList_size=3
[15:11:33] [YFAdapter-P2] [INFO] [YF-P2] Decided: action_index=0, action=['PASS', 'PASS', 'PASS']
[15:11:33] [YFAdapter-P2] [WARNING] [YF-P2] 检测到过于保守: 对手快走完(剩4张), 触发Layer 2/3进行更积极的决策
[15:11:33] [HybridV4-P2] [ERROR] Knowledge enhancement error: expected an indented block after 'if' statement on line 70 (knowledge_loader.py, line 71)
Traceback (most recent call last):
  File "D:\YiFeiAI-GD\src\decision\hybrid_decision_engine_v4.py", line 280, in _enhance_candidates
    from knowledge.knowledge_enhanced_decision import KnowledgeEnhancedDecisionEngine
  File "D:\YiFeiAI-GD\src\knowledge\knowledge_enhanced_decision.py", line 19, in <module>
    from knowledge.knowledge_loader import KnowledgeLoader
  File "D:\YiFeiAI-GD\src\knowledge\knowledge_loader.py", line 71
    try:
    ^^^
IndentationError: expected an indented block after 'if' statement on line 70
[15:11:33] [yf2_v5] [INFO] 2号位打出['PASS', 'PASS', 'PASS']， 最大动作为1号位打出的['ThreeWithTwo', 'K', ['HK', 'CK', 'DK', 'CA', 'CA']]
[15:11:33] [yf2_v5] [INFO] 3号位打出['PASS', 'PASS', 'PASS']， 最大动作为1号位打出的['ThreeWithTwo', 'K', ['HK', 'CK', 'DK', 'CA', 'CA']]
[15:11:33] [yf2_v5] [INFO] 0号位打出['PASS', 'PASS', 'PASS']， 最大动作为1号位打出的['ThreeWithTwo', 'K', ['HK', 'CK', 'DK', 'CA', 'CA']]
[15:11:33] [yf2_v5] [INFO] 1号位打出['Single', 'Q', ['CQ']]， 最大动作为1号位打出的['Single', 'Q', ['CQ']]
[15:11:33] [YFAdapter-P2] [INFO] [YF-P2] Decision context: myPos=2, curPos=1, greaterPos=1, teammate=0, curAction=[, actionList_size=8
[15:11:33] [YFAdapter-P2] [INFO] [YF-P2] Decided: action_index=0, action=['PASS', 'PASS', 'PASS']
[15:11:33] [YFAdapter-P2] [WARNING] [YF-P2] 检测到过于保守: 对手快走完(剩3张), 触发Layer 2/3进行更积极的决策
[15:11:33] [HybridV4-P2] [ERROR] Knowledge enhancement error: expected an indented block after 'if' statement on line 70 (knowledge_loader.py, line 71)
Traceback (most recent call last):
  File "D:\YiFeiAI-GD\src\decision\hybrid_decision_engine_v4.py", line 280, in _enhance_candidates
    from knowledge.knowledge_enhanced_decision import KnowledgeEnhancedDecisionEngine
  File "D:\YiFeiAI-GD\src\knowledge\knowledge_enhanced_decision.py", line 19, in <module>
    from knowledge.knowledge_loader import KnowledgeLoader
  File "D:\YiFeiAI-GD\src\knowledge\knowledge_loader.py", line 71
    try:
    ^^^
IndentationError: expected an indented block after 'if' statement on line 70
[15:11:33] [yf2_v5] [INFO] 2号位打出['PASS', 'PASS', 'PASS']， 最大动作为1号位打出的['Single', 'Q', ['CQ']]
[15:11:33] [yf2_v5] [INFO] 3号位打出['PASS', 'PASS', 'PASS']， 最大动作为1号位打出的['Single', 'Q', ['CQ']]
[15:11:33] [yf2_v5] [INFO] 0号位打出['PASS', 'PASS', 'PASS']， 最大动作为1号位打出的['Single', 'Q', ['CQ']]
[15:11:33] [yf2_v5] [INFO] 1号位打出['Single', '8', ['D8']]， 最大动作为1号位打出的['Single', '8', ['D8']]
[15:11:33] [YFAdapter-P2] [INFO] [YF-P2] Decision context: myPos=2, curPos=1, greaterPos=1, teammate=0, curAction=[, actionList_size=3
[15:11:33] [YFAdapter-P2] [INFO] [YF-P2] Decided: action_index=0, action=['PASS', 'PASS', 'PASS']
[15:11:33] [YFAdapter-P2] [WARNING] [YF-P2] 检测到过于保守: 对手快走完(剩2张), 触发Layer 2/3进行更积极的决策
[15:11:33] [HybridV4-P2] [ERROR] Knowledge enhancement error: expected an indented block after 'if' statement on line 70 (knowledge_loader.py, line 71)
Traceback (most recent call last):
  File "D:\YiFeiAI-GD\src\decision\hybrid_decision_engine_v4.py", line 280, in _enhance_candidates
    from knowledge.knowledge_enhanced_decision import KnowledgeEnhancedDecisionEngine
  File "D:\YiFeiAI-GD\src\knowledge\knowledge_enhanced_decision.py", line 19, in <module>
    from knowledge.knowledge_loader import KnowledgeLoader
  File "D:\YiFeiAI-GD\src\knowledge\knowledge_loader.py", line 71
    try:
    ^^^
IndentationError: expected an indented block after 'if' statement on line 70
[15:11:33] [yf2_v5] [INFO] 2号位打出['PASS', 'PASS', 'PASS']， 最大动作为1号位打出的['Single', '8', ['D8']]
[15:11:33] [yf2_v5] [INFO] 3号位打出['PASS', 'PASS', 'PASS']， 最大动作为1号位打出的['Single', '8', ['D8']]
[15:11:33] [yf2_v5] [INFO] 0号位打出['PASS', 'PASS', 'PASS']， 最大动作为1号位打出的['Single', '8', ['D8']]
[15:11:33] [yf2_v5] [INFO] 1号位打出['Pair', 'R', ['HR', 'HR']]， 最大动作为1号位打出的['Pair', 'R', ['HR', 'HR']]
[15:11:33] [YFAdapter-P2] [INFO] [YF-P2] Decision context: myPos=2, curPos=1, greaterPos=1, teammate=0, curAction=[, actionList_size=3
[15:11:33] [YFAdapter-P2] [INFO] [YF-P2] Decided: action_index=0, action=['PASS', 'PASS', 'PASS']
[15:11:33] [YFAdapter-P2] [WARNING] [YF-P2] 检测到过于保守: 对手快走完(剩0张), 触发Layer 2/3进行更积极的决策
[15:11:33] [HybridV4-P2] [ERROR] Knowledge enhancement error: expected an indented block after 'if' statement on line 70 (knowledge_loader.py, line 71)
Traceback (most recent call last):
  File "D:\YiFeiAI-GD\src\decision\hybrid_decision_engine_v4.py", line 280, in _enhance_candidates
    from knowledge.knowledge_enhanced_decision import KnowledgeEnhancedDecisionEngine
  File "D:\YiFeiAI-GD\src\knowledge\knowledge_enhanced_decision.py", line 19, in <module>
    from knowledge.knowledge_loader import KnowledgeLoader
  File "D:\YiFeiAI-GD\src\knowledge\knowledge_loader.py", line 71
    try:
    ^^^
IndentationError: expected an indented block after 'if' statement on line 70
[15:11:33] [yf2_v5] [INFO] 2号位打出['PASS', 'PASS', 'PASS']， 最大动作为1号位打出的['Pair', 'R', ['HR', 'HR']]
[15:11:33] [yf2_v5] [INFO] 3号位打出['PASS', 'PASS', 'PASS']， 最大动作为1号位打出的['Pair', 'R', ['HR', 'HR']]
[15:11:33] [yf2_v5] [INFO] 3号位打出['ThreeWithTwo', '3', ['H3', 'C3', 'D3', 'CK', 'DK']]， 最大动作为3号位打出的['ThreeWithTwo', '3', ['H3', 'C3', 'D3', 'CK', 'DK']]
[15:11:33] [yf2_v5] [INFO] 0号位打出['PASS', 'PASS', 'PASS']， 最大动作为3号位打出的['ThreeWithTwo', '3', ['H3', 'C3', 'D3', 'CK', 'DK']]
[15:11:33] [YFAdapter-P2] [INFO] [YF-P2] Decision context: myPos=2, curPos=0, greaterPos=3, teammate=0, curAction=[, actionList_size=85
[15:11:33] [YFAdapter-P2] [INFO] [YF-P2] Decided: action_index=0, action=['PASS', 'PASS', 'PASS']
[15:11:33] [YFAdapter-P2] [WARNING] [YF-P2] 检测到过于保守: 对手快走完(剩0张), 触发Layer 2/3进行更积极的决策
[15:11:33] [HybridV4-P2] [ERROR] Knowledge enhancement error: expected an indented block after 'if' statement on line 70 (knowledge_loader.py, line 71)
Traceback (most recent call last):
  File "D:\YiFeiAI-GD\src\decision\hybrid_decision_engine_v4.py", line 280, in _enhance_candidates
    from knowledge.knowledge_enhanced_decision import KnowledgeEnhancedDecisionEngine
  File "D:\YiFeiAI-GD\src\knowledge\knowledge_enhanced_decision.py", line 19, in <module>
    from knowledge.knowledge_loader import KnowledgeLoader
  File "D:\YiFeiAI-GD\src\knowledge\knowledge_loader.py", line 71
    try:
    ^^^
IndentationError: expected an indented block after 'if' statement on line 70
[15:11:33] [yf2_v5] [INFO] 2号位打出['PASS', 'PASS', 'PASS']， 最大动作为3号位打出的['ThreeWithTwo', '3', ['H3', 'C3', 'D3', 'CK', 'DK']]
[15:11:33] [yf2_v5] [INFO] 3号位打出['Trips', '6', ['S6', 'C6', 'D6']]， 最大动作为3号位打出的['Trips', '6', ['S6', 'C6', 'D6']]
[15:11:33] [yf2_v5] [INFO] 0号位打出['PASS', 'PASS', 'PASS']， 最大动作为3号位打出的['Trips', '6', ['S6', 'C6', 'D6']]
[15:11:33] [YFAdapter-P2] [INFO] [YF-P2] Decision context: myPos=2, curPos=0, greaterPos=3, teammate=0, curAction=[, actionList_size=8
[15:11:33] [YFAdapter-P2] [INFO] [YF-P2] Decided: action_index=0, action=['PASS', 'PASS', 'PASS']
[15:11:33] [YFAdapter-P2] [WARNING] [YF-P2] 检测到过于保守: 对手快走完(剩0张), 触发Layer 2/3进行更积极的决策
[15:11:33] [HybridV4-P2] [ERROR] Knowledge enhancement error: expected an indented block after 'if' statement on line 70 (knowledge_loader.py, line 71)
Traceback (most recent call last):
  File "D:\YiFeiAI-GD\src\decision\hybrid_decision_engine_v4.py", line 280, in _enhance_candidates
    from knowledge.knowledge_enhanced_decision import KnowledgeEnhancedDecisionEngine
  File "D:\YiFeiAI-GD\src\knowledge\knowledge_enhanced_decision.py", line 19, in <module>
    from knowledge.knowledge_loader import KnowledgeLoader
  File "D:\YiFeiAI-GD\src\knowledge\knowledge_loader.py", line 71
    try:
    ^^^
IndentationError: expected an indented block after 'if' statement on line 70
[15:11:33] [yf2_v5] [INFO] 2号位打出['PASS', 'PASS', 'PASS']， 最大动作为3号位打出的['Trips', '6', ['S6', 'C6', 'D6']]
[15:11:33] [yf2_v5] [INFO] 3号位打出['Trips', 'J', ['SJ', 'HJ', 'DJ']]， 最大动作为3号位打出的['Trips', 'J', ['SJ', 'HJ', 'DJ']]
[15:11:33] [yf2_v5] [INFO] 0号位打出['PASS', 'PASS', 'PASS']， 最大动作为3号位打出的['Trips', 'J', ['SJ', 'HJ', 'DJ']]
[15:11:33] [YFAdapter-P2] [INFO] [YF-P2] Decision context: myPos=2, curPos=0, greaterPos=3, teammate=0, curAction=[, actionList_size=4
[15:11:33] [YFAdapter-P2] [INFO] [YF-P2] Decided: action_index=0, action=['PASS', 'PASS', 'PASS']
[15:11:33] [YFAdapter-P2] [WARNING] [YF-P2] 检测到过于保守: 对手快走完(剩0张), 触发Layer 2/3进行更积极的决策
[15:11:33] [HybridV4-P2] [ERROR] Knowledge enhancement error: expected an indented block after 'if' statement on line 70 (knowledge_loader.py, line 71)
Traceback (most recent call last):
  File "D:\YiFeiAI-GD\src\decision\hybrid_decision_engine_v4.py", line 280, in _enhance_candidates
    from knowledge.knowledge_enhanced_decision import KnowledgeEnhancedDecisionEngine
  File "D:\YiFeiAI-GD\src\knowledge\knowledge_enhanced_decision.py", line 19, in <module>
    from knowledge.knowledge_loader import KnowledgeLoader
  File "D:\YiFeiAI-GD\src\knowledge\knowledge_loader.py", line 71
    try:
    ^^^
IndentationError: expected an indented block after 'if' statement on line 70
[15:11:33] [yf2_v5] [INFO] 2号位打出['PASS', 'PASS', 'PASS']， 最大动作为3号位打出的['Trips', 'J', ['SJ', 'HJ', 'DJ']]
[15:11:33] [yf2_v5] [INFO] 3号位打出['ThreeWithTwo', 'Q', ['HQ', 'CQ', 'DQ', 'SB', 'SB']]， 最大动作为3号位打出的['ThreeWithTwo', 'Q', ['HQ', 'CQ', 'DQ', 'SB', 'SB']]
[15:11:33] [yf2_v5] [INFO] 0号位打出['PASS', 'PASS', 'PASS']， 最大动作为3号位打出的['ThreeWithTwo', 'Q', ['HQ', 'CQ', 'DQ', 'SB', 'SB']]
[15:11:33] [YFAdapter-P2] [INFO] [YF-P2] Decision context: myPos=2, curPos=0, greaterPos=3, teammate=0, curAction=[, actionList_size=18
[15:11:33] [YFAdapter-P2] [INFO] [YF-P2] Decided: action_index=0, action=['PASS', 'PASS', 'PASS']
[15:11:33] [YFAdapter-P2] [WARNING] [YF-P2] 检测到过于保守: 对手快走完(剩0张), 触发Layer 2/3进行更积极的决策
[15:11:33] [HybridV4-P2] [ERROR] Knowledge enhancement error: expected an indented block after 'if' statement on line 70 (knowledge_loader.py, line 71)
Traceback (most recent call last):
  File "D:\YiFeiAI-GD\src\decision\hybrid_decision_engine_v4.py", line 280, in _enhance_candidates
    from knowledge.knowledge_enhanced_decision import KnowledgeEnhancedDecisionEngine
  File "D:\YiFeiAI-GD\src\knowledge\knowledge_enhanced_decision.py", line 19, in <module>
    from knowledge.knowledge_loader import KnowledgeLoader
  File "D:\YiFeiAI-GD\src\knowledge\knowledge_loader.py", line 71
    try:
    ^^^
IndentationError: expected an indented block after 'if' statement on line 70
[15:11:33] [yf2_v5] [INFO] 2号位打出['PASS', 'PASS', 'PASS']， 最大动作为3号位打出的['ThreeWithTwo', 'Q', ['HQ', 'CQ', 'DQ', 'SB', 'SB']]
[15:11:33] [yf2_v5] [INFO] 3号位打出['Bomb', '7', ['S7', 'H7', 'H7', 'D7']]， 最大动作为3号位打出的['Bomb', '7', ['S7', 'H7', 'H7', 'D7']]
[15:11:33] [yf2_v5] [INFO] 游戏开始, 我是2号位，手牌：['C2', 'S3', 'C3', 'S4', 'C4', 'S5', 'C5', 'S6', 'C7', 'D7', 'S8', 'S9', 'C9', 'C9', 'D9', 'ST', 'HT', 'DT', 'DQ', 'DQ', 'SK', 'CK', 'DK', 'DA', 'SJ', 'HJ', 'SB']
[15:11:33] [YFAdapter-P2] [INFO] [YF-P2] Decision context: myPos=2, curPos=-1, greaterPos=-1, teammate=0, curAction=[, actionList_size=1
[15:11:33] [YFAdapter-P2] [INFO] [YF-P2] Decided: action_index=0, action=['tribute', 'tribute', [['S', 'B']]]
[15:11:33] [HybridV4-P2] [ERROR] Knowledge enhancement error: expected an indented block after 'if' statement on line 70 (knowledge_loader.py, line 71)
Traceback (most recent call last):
  File "D:\YiFeiAI-GD\src\decision\hybrid_decision_engine_v4.py", line 280, in _enhance_candidates
    from knowledge.knowledge_enhanced_decision import KnowledgeEnhancedDecisionEngine
  File "D:\YiFeiAI-GD\src\knowledge\knowledge_enhanced_decision.py", line 19, in <module>
    from knowledge.knowledge_loader import KnowledgeLoader
  File "D:\YiFeiAI-GD\src\knowledge\knowledge_loader.py", line 71
    try:
    ^^^
IndentationError: expected an indented block after 'if' statement on line 70
[15:11:33] [YFAdapter-P2] [INFO] [YF-P2] Decision context: myPos=2, curPos=-1, greaterPos=-1, teammate=0, curAction=[, actionList_size=1302
[15:11:33] [YFAdapter-P2] [INFO] [YF-P2] Decided: action_index=0, action=['Single', '2', [['C', '2']]]
[15:11:33] [HybridV4-P2] [ERROR] Knowledge enhancement error: expected an indented block after 'if' statement on line 70 (knowledge_loader.py, line 71)
Traceback (most recent call last):
  File "D:\YiFeiAI-GD\src\decision\hybrid_decision_engine_v4.py", line 280, in _enhance_candidates
    from knowledge.knowledge_enhanced_decision import KnowledgeEnhancedDecisionEngine
  File "D:\YiFeiAI-GD\src\knowledge\knowledge_enhanced_decision.py", line 19, in <module>
    from knowledge.knowledge_loader import KnowledgeLoader
  File "D:\YiFeiAI-GD\src\knowledge\knowledge_loader.py", line 71
    try:
    ^^^
IndentationError: expected an indented block after 'if' statement on line 70
[15:11:33] [yf2_v5] [INFO] 2号位打出['Single', '2', ['C2']]， 最大动作为2号位打出的['Single', '2', ['C2']]
[15:11:33] [yf2_v5] [INFO] 3号位打出['Single', '3', ['D3']]， 最大动作为3号位打出的['Single', '3', ['D3']]
[15:11:33] [yf2_v5] [INFO] 0号位打出['PASS', 'PASS', 'PASS']， 最大动作为3号位打出的['Single', '3', ['D3']]
[15:11:33] [yf2_v5] [INFO] 1号位打出['Single', '4', ['D4']]， 最大动作为1号位打出的['Single', '4', ['D4']]
[15:11:33] [YFAdapter-P2] [INFO] [YF-P2] Decision context: myPos=2, curPos=1, greaterPos=1, teammate=0, curAction=[, actionList_size=29
[15:11:33] [YFAdapter-P2] [INFO] [YF-P2] Decided: action_index=0, action=['PASS', 'PASS', 'PASS']
[15:11:33] [HybridV4-P2] [ERROR] Knowledge enhancement error: expected an indented block after 'if' statement on line 70 (knowledge_loader.py, line 71)
Traceback (most recent call last):
  File "D:\YiFeiAI-GD\src\decision\hybrid_decision_engine_v4.py", line 280, in _enhance_candidates
    from knowledge.knowledge_enhanced_decision import KnowledgeEnhancedDecisionEngine
  File "D:\YiFeiAI-GD\src\knowledge\knowledge_enhanced_decision.py", line 19, in <module>
    from knowledge.knowledge_loader import KnowledgeLoader
  File "D:\YiFeiAI-GD\src\knowledge\knowledge_loader.py", line 71
    try:
    ^^^
IndentationError: expected an indented block after 'if' statement on line 70
[15:11:33] [yf2_v5] [INFO] 2号位打出['PASS', 'PASS', 'PASS']， 最大动作为1号位打出的['Single', '4', ['D4']]
[15:11:33] [yf2_v5] [INFO] 3号位打出['Single', '9', ['S9']]， 最大动作为3号位打出的['Single', '9', ['S9']]
[15:11:33] [yf2_v5] [INFO] 0号位打出['PASS', 'PASS', 'PASS']， 最大动作为3号位打出的['Single', '9', ['S9']]
[15:11:33] [yf2_v5] [INFO] 1号位打出['Single', 'J', ['CJ']]， 最大动作为1号位打出的['Single', 'J', ['CJ']]
[15:11:33] [YFAdapter-P2] [INFO] [YF-P2] Decision context: myPos=2, curPos=1, greaterPos=1, teammate=0, curAction=[, actionList_size=9
[15:11:33] [YFAdapter-P2] [INFO] [YF-P2] Decided: action_index=0, action=['PASS', 'PASS', 'PASS']
[15:11:33] [HybridV4-P2] [ERROR] Knowledge enhancement error: expected an indented block after 'if' statement on line 70 (knowledge_loader.py, line 71)
Traceback (most recent call last):
  File "D:\YiFeiAI-GD\src\decision\hybrid_decision_engine_v4.py", line 280, in _enhance_candidates
    from knowledge.knowledge_enhanced_decision import KnowledgeEnhancedDecisionEngine
  File "D:\YiFeiAI-GD\src\knowledge\knowledge_enhanced_decision.py", line 19, in <module>
    from knowledge.knowledge_loader import KnowledgeLoader
  File "D:\YiFeiAI-GD\src\knowledge\knowledge_loader.py", line 71
    try:
    ^^^
IndentationError: expected an indented block after 'if' statement on line 70
[15:11:33] [yf2_v5] [INFO] 2号位打出['PASS', 'PASS', 'PASS']， 最大动作为1号位打出的['Single', 'J', ['CJ']]
[15:11:33] [yf2_v5] [INFO] 3号位打出['PASS', 'PASS', 'PASS']， 最大动作为1号位打出的['Single', 'J', ['CJ']]
[15:11:33] [yf2_v5] [INFO] 0号位打出['PASS', 'PASS', 'PASS']， 最大动作为1号位打出的['Single', 'J', ['CJ']]
[15:11:33] [yf2_v5] [INFO] 1号位打出['Single', '5', ['H5']]， 最大动作为1号位打出的['Single', '5', ['H5']]
[15:11:33] [YFAdapter-P2] [INFO] [YF-P2] Decision context: myPos=2, curPos=1, greaterPos=1, teammate=0, curAction=[, actionList_size=27
[15:11:33] [YFAdapter-P2] [INFO] [YF-P2] Decided: action_index=0, action=['PASS', 'PASS', 'PASS']
[15:11:33] [HybridV4-P2] [ERROR] Knowledge enhancement error: expected an indented block after 'if' statement on line 70 (knowledge_loader.py, line 71)
Traceback (most recent call last):
  File "D:\YiFeiAI-GD\src\decision\hybrid_decision_engine_v4.py", line 280, in _enhance_candidates
    from knowledge.knowledge_enhanced_decision import KnowledgeEnhancedDecisionEngine
  File "D:\YiFeiAI-GD\src\knowledge\knowledge_enhanced_decision.py", line 19, in <module>
    from knowledge.knowledge_loader import KnowledgeLoader
  File "D:\YiFeiAI-GD\src\knowledge\knowledge_loader.py", line 71
    try:
    ^^^
IndentationError: expected an indented block after 'if' statement on line 70
[15:11:33] [yf2_v5] [INFO] 2号位打出['PASS', 'PASS', 'PASS']， 最大动作为1号位打出的['Single', '5', ['H5']]
[15:11:33] [yf2_v5] [INFO] 3号位打出['Single', 'J', ['SJ']]， 最大动作为3号位打出的['Single', 'J', ['SJ']]
[15:11:33] [yf2_v5] [INFO] 0号位打出['PASS', 'PASS', 'PASS']， 最大动作为3号位打出的['Single', 'J', ['SJ']]
[15:11:33] [yf2_v5] [INFO] 1号位打出['PASS', 'PASS', 'PASS']， 最大动作为3号位打出的['Single', 'J', ['SJ']]
[15:11:33] [YFAdapter-P2] [INFO] [YF-P2] Decision context: myPos=2, curPos=1, greaterPos=3, teammate=0, curAction=[, actionList_size=9
[15:11:33] [YFAdapter-P2] [INFO] [YF-P2] Decided: action_index=0, action=['PASS', 'PASS', 'PASS']
[15:11:33] [HybridV4-P2] [ERROR] Knowledge enhancement error: expected an indented block after 'if' statement on line 70 (knowledge_loader.py, line 71)
Traceback (most recent call last):
  File "D:\YiFeiAI-GD\src\decision\hybrid_decision_engine_v4.py", line 280, in _enhance_candidates
    from knowledge.knowledge_enhanced_decision import KnowledgeEnhancedDecisionEngine
  File "D:\YiFeiAI-GD\src\knowledge\knowledge_enhanced_decision.py", line 19, in <module>
    from knowledge.knowledge_loader import KnowledgeLoader
  File "D:\YiFeiAI-GD\src\knowledge\knowledge_loader.py", line 71
    try:
    ^^^
IndentationError: expected an indented block after 'if' statement on line 70
[15:11:33] [yf2_v5] [INFO] 2号位打出['PASS', 'PASS', 'PASS']， 最大动作为3号位打出的['Single', 'J', ['SJ']]
[15:11:33] [yf2_v5] [INFO] 3号位打出['ThreePair', '4', ['C4', 'D4', 'S5', 'D5', 'S6', 'C6']]， 最大动作为3号位打出的['ThreePair', '4', ['C4', 'D4', 'S5', 'D5', 'S6', 'C6']]
[15:11:33] [yf2_v5] [INFO] 0号位打出['PASS', 'PASS', 'PASS']， 最大动作为3号位打出的['ThreePair', '4', ['C4', 'D4', 'S5', 'D5', 'S6', 'C6']]
[15:11:33] [yf2_v5] [INFO] 1号位打出['PASS', 'PASS', 'PASS']， 最大动作为3号位打出的['ThreePair', '4', ['C4', 'D4', 'S5', 'D5', 'S6', 'C6']]
[15:11:33] [YFAdapter-P2] [INFO] [YF-P2] Decision context: myPos=2, curPos=1, greaterPos=3, teammate=0, curAction=[, actionList_size=57
[15:11:33] [YFAdapter-P2] [INFO] [YF-P2] Decided: action_index=0, action=['PASS', 'PASS', 'PASS']
[15:11:33] [HybridV4-P2] [ERROR] Knowledge enhancement error: expected an indented block after 'if' statement on line 70 (knowledge_loader.py, line 71)
Traceback (most recent call last):
  File "D:\YiFeiAI-GD\src\decision\hybrid_decision_engine_v4.py", line 280, in _enhance_candidates
    from knowledge.knowledge_enhanced_decision import KnowledgeEnhancedDecisionEngine
  File "D:\YiFeiAI-GD\src\knowledge\knowledge_enhanced_decision.py", line 19, in <module>
    from knowledge.knowledge_loader import KnowledgeLoader
  File "D:\YiFeiAI-GD\src\knowledge\knowledge_loader.py", line 71
    try:
    ^^^
IndentationError: expected an indented block after 'if' statement on line 70
[15:11:33] [yf2_v5] [INFO] 2号位打出['PASS', 'PASS', 'PASS']， 最大动作为3号位打出的['ThreePair', '4', ['C4', 'D4', 'S5', 'D5', 'S6', 'C6']]
[15:11:33] [yf2_v5] [INFO] 3号位打出['ThreeWithTwo', '2', ['H2', 'C2', 'D2', 'H8', 'C8']]， 最大动作为3号位打出的['ThreeWithTwo', '2', ['H2', 'C2', 'D2', 'H8', 'C8']]
[15:11:33] [yf2_v5] [INFO] 0号位打出['PASS', 'PASS', 'PASS']， 最大动作为3号位打出的['ThreeWithTwo', '2', ['H2', 'C2', 'D2', 'H8', 'C8']]
[15:11:33] [yf2_v5] [INFO] 1号位打出['ThreeWithTwo', 'K', ['SK', 'HK', 'CK', 'S2', 'H2']]， 最大动作为1号位打出的['ThreeWithTwo', 'K', ['SK', 'HK', 'CK', 'S2', 'H2']]
[15:11:33] [YFAdapter-P2] [INFO] [YF-P2] Decision context: myPos=2, curPos=1, greaterPos=1, teammate=0, curAction=[, actionList_size=9
[15:11:33] [YFAdapter-P2] [INFO] [YF-P2] Decided: action_index=0, action=['PASS', 'PASS', 'PASS']
[15:11:33] [HybridV4-P2] [ERROR] Knowledge enhancement error: expected an indented block after 'if' statement on line 70 (knowledge_loader.py, line 71)
Traceback (most recent call last):
  File "D:\YiFeiAI-GD\src\decision\hybrid_decision_engine_v4.py", line 280, in _enhance_candidates
    from knowledge.knowledge_enhanced_decision import KnowledgeEnhancedDecisionEngine
  File "D:\YiFeiAI-GD\src\knowledge\knowledge_enhanced_decision.py", line 19, in <module>
    from knowledge.knowledge_loader import KnowledgeLoader
  File "D:\YiFeiAI-GD\src\knowledge\knowledge_loader.py", line 71
    try:
    ^^^
IndentationError: expected an indented block after 'if' statement on line 70
[15:11:33] [yf2_v5] [INFO] 2号位打出['PASS', 'PASS', 'PASS']， 最大动作为1号位打出的['ThreeWithTwo', 'K', ['SK', 'HK', 'CK', 'S2', 'H2']]
[15:11:33] [yf2_v5] [INFO] 3号位打出['PASS', 'PASS', 'PASS']， 最大动作为1号位打出的['ThreeWithTwo', 'K', ['SK', 'HK', 'CK', 'S2', 'H2']]
[15:11:33] [yf2_v5] [INFO] 0号位打出['PASS', 'PASS', 'PASS']， 最大动作为1号位打出的['ThreeWithTwo', 'K', ['SK', 'HK', 'CK', 'S2', 'H2']]
[15:11:33] [yf2_v5] [INFO] 1号位打出['Pair', '3', ['C3', 'D3']]， 最大动作为1号位打出的['Pair', '3', ['C3', 'D3']]
[15:11:33] [YFAdapter-P2] [INFO] [YF-P2] Decision context: myPos=2, curPos=1, greaterPos=1, teammate=0, curAction=[, actionList_size=46
[15:11:33] [YFAdapter-P2] [INFO] [YF-P2] Decided: action_index=0, action=['PASS', 'PASS', 'PASS']
[15:11:33] [HybridV4-P2] [ERROR] Knowledge enhancement error: expected an indented block after 'if' statement on line 70 (knowledge_loader.py, line 71)
Traceback (most recent call last):
  File "D:\YiFeiAI-GD\src\decision\hybrid_decision_engine_v4.py", line 280, in _enhance_candidates
    from knowledge.knowledge_enhanced_decision import KnowledgeEnhancedDecisionEngine
  File "D:\YiFeiAI-GD\src\knowledge\knowledge_enhanced_decision.py", line 19, in <module>
    from knowledge.knowledge_loader import KnowledgeLoader
  File "D:\YiFeiAI-GD\src\knowledge\knowledge_loader.py", line 71
    try:
    ^^^
IndentationError: expected an indented block after 'if' statement on line 70
[15:11:33] [yf2_v5] [INFO] 2号位打出['PASS', 'PASS', 'PASS']， 最大动作为1号位打出的['Pair', '3', ['C3', 'D3']]
[15:11:33] [yf2_v5] [INFO] 3号位打出['Pair', 'Q', ['SQ', 'HQ']]， 最大动作为3号位打出的['Pair', 'Q', ['SQ', 'HQ']]
[15:11:33] [yf2_v5] [INFO] 0号位打出['PASS', 'PASS', 'PASS']， 最大动作为3号位打出的['Pair', 'Q', ['SQ', 'HQ']]
[15:11:33] [yf2_v5] [INFO] 1号位打出['Pair', 'R', ['HR', 'HR']]， 最大动作为1号位打出的['Pair', 'R', ['HR', 'HR']]
[15:11:33] [YFAdapter-P2] [INFO] [YF-P2] Decision context: myPos=2, curPos=1, greaterPos=1, teammate=0, curAction=[, actionList_size=9
[15:11:33] [YFAdapter-P2] [INFO] [YF-P2] Decided: action_index=0, action=['PASS', 'PASS', 'PASS']
[15:11:33] [HybridV4-P2] [ERROR] Knowledge enhancement error: expected an indented block after 'if' statement on line 70 (knowledge_loader.py, line 71)
Traceback (most recent call last):
  File "D:\YiFeiAI-GD\src\decision\hybrid_decision_engine_v4.py", line 280, in _enhance_candidates
    from knowledge.knowledge_enhanced_decision import KnowledgeEnhancedDecisionEngine
  File "D:\YiFeiAI-GD\src\knowledge\knowledge_enhanced_decision.py", line 19, in <module>
    from knowledge.knowledge_loader import KnowledgeLoader
  File "D:\YiFeiAI-GD\src\knowledge\knowledge_loader.py", line 71
    try:
    ^^^
IndentationError: expected an indented block after 'if' statement on line 70
[15:11:33] [yf2_v5] [INFO] 2号位打出['PASS', 'PASS', 'PASS']， 最大动作为1号位打出的['Pair', 'R', ['HR', 'HR']]
[15:11:33] [yf2_v5] [INFO] 3号位打出['PASS', 'PASS', 'PASS']， 最大动作为1号位打出的['Pair', 'R', ['HR', 'HR']]
[15:11:33] [yf2_v5] [INFO] 0号位打出['PASS', 'PASS', 'PASS']， 最大动作为1号位打出的['Pair', 'R', ['HR', 'HR']]
[15:11:33] [yf2_v5] [INFO] 1号位打出['Pair', '8', ['S8', 'D8']]， 最大动作为1号位打出的['Pair', '8', ['S8', 'D8']]
[15:11:33] [YFAdapter-P2] [INFO] [YF-P2] Decision context: myPos=2, curPos=1, greaterPos=1, teammate=0, curAction=[, actionList_size=32
[15:11:33] [YFAdapter-P2] [INFO] [YF-P2] Decided: action_index=0, action=['PASS', 'PASS', 'PASS']
[15:11:33] [HybridV4-P2] [ERROR] Knowledge enhancement error: expected an indented block after 'if' statement on line 70 (knowledge_loader.py, line 71)
Traceback (most recent call last):
  File "D:\YiFeiAI-GD\src\decision\hybrid_decision_engine_v4.py", line 280, in _enhance_candidates
    from knowledge.knowledge_enhanced_decision import KnowledgeEnhancedDecisionEngine
  File "D:\YiFeiAI-GD\src\knowledge\knowledge_enhanced_decision.py", line 19, in <module>
    from knowledge.knowledge_loader import KnowledgeLoader
  File "D:\YiFeiAI-GD\src\knowledge\knowledge_loader.py", line 71
    try:
    ^^^
IndentationError: expected an indented block after 'if' statement on line 70
[15:11:33] [yf2_v5] [INFO] 2号位打出['PASS', 'PASS', 'PASS']， 最大动作为1号位打出的['Pair', '8', ['S8', 'D8']]
[15:11:33] [yf2_v5] [INFO] 3号位打出['Pair', 'K', ['HK', 'DK']]， 最大动作为3号位打出的['Pair', 'K', ['HK', 'DK']]
[15:11:33] [yf2_v5] [INFO] 0号位打出['PASS', 'PASS', 'PASS']， 最大动作为3号位打出的['Pair', 'K', ['HK', 'DK']]
[15:11:33] [yf2_v5] [INFO] 1号位打出['PASS', 'PASS', 'PASS']， 最大动作为3号位打出的['Pair', 'K', ['HK', 'DK']]
[15:11:33] [YFAdapter-P2] [INFO] [YF-P2] Decision context: myPos=2, curPos=1, greaterPos=3, teammate=0, curAction=[, actionList_size=11
[15:11:33] [YFAdapter-P2] [INFO] [YF-P2] Decided: action_index=0, action=['PASS', 'PASS', 'PASS']
[15:11:33] [HybridV4-P2] [ERROR] Knowledge enhancement error: expected an indented block after 'if' statement on line 70 (knowledge_loader.py, line 71)
Traceback (most recent call last):
  File "D:\YiFeiAI-GD\src\decision\hybrid_decision_engine_v4.py", line 280, in _enhance_candidates
    from knowledge.knowledge_enhanced_decision import KnowledgeEnhancedDecisionEngine
  File "D:\YiFeiAI-GD\src\knowledge\knowledge_enhanced_decision.py", line 19, in <module>
    from knowledge.knowledge_loader import KnowledgeLoader
  File "D:\YiFeiAI-GD\src\knowledge\knowledge_loader.py", line 71
    try:
    ^^^
IndentationError: expected an indented block after 'if' statement on line 70
[15:11:33] [yf2_v5] [INFO] 2号位打出['PASS', 'PASS', 'PASS']， 最大动作为3号位打出的['Pair', 'K', ['HK', 'DK']]
[15:11:33] [yf2_v5] [INFO] 3号位打出['Trips', 'A', ['SA', 'SA', 'HA']]， 最大动作为3号位打出的['Trips', 'A', ['SA', 'SA', 'HA']]
[15:11:33] [yf2_v5] [INFO] 0号位打出['PASS', 'PASS', 'PASS']， 最大动作为3号位打出的['Trips', 'A', ['SA', 'SA', 'HA']]
[15:11:33] [yf2_v5] [INFO] 1号位打出['PASS', 'PASS', 'PASS']， 最大动作为3号位打出的['Trips', 'A', ['SA', 'SA', 'HA']]
[15:11:33] [YFAdapter-P2] [INFO] [YF-P2] Decision context: myPos=2, curPos=1, greaterPos=3, teammate=0, curAction=[, actionList_size=9
[15:11:33] [YFAdapter-P2] [INFO] [YF-P2] Decided: action_index=0, action=['PASS', 'PASS', 'PASS']
[15:11:33] [HybridV4-P2] [ERROR] Knowledge enhancement error: expected an indented block after 'if' statement on line 70 (knowledge_loader.py, line 71)
Traceback (most recent call last):
  File "D:\YiFeiAI-GD\src\decision\hybrid_decision_engine_v4.py", line 280, in _enhance_candidates
    from knowledge.knowledge_enhanced_decision import KnowledgeEnhancedDecisionEngine
  File "D:\YiFeiAI-GD\src\knowledge\knowledge_enhanced_decision.py", line 19, in <module>
    from knowledge.knowledge_loader import KnowledgeLoader
  File "D:\YiFeiAI-GD\src\knowledge\knowledge_loader.py", line 71
    try:
    ^^^
IndentationError: expected an indented block after 'if' statement on line 70
[15:11:33] [yf2_v5] [INFO] 2号位打出['PASS', 'PASS', 'PASS']， 最大动作为3号位打出的['Trips', 'A', ['SA', 'SA', 'HA']]
[15:11:33] [yf2_v5] [INFO] 3号位打出['Single', 'B', ['SB']]， 最大动作为3号位打出的['Single', 'B', ['SB']]
[15:11:33] [yf2_v5] [INFO] 0号位打出['PASS', 'PASS', 'PASS']， 最大动作为3号位打出的['Single', 'B', ['SB']]
[15:11:33] [yf2_v5] [INFO] 1号位打出['PASS', 'PASS', 'PASS']， 最大动作为3号位打出的['Single', 'B', ['SB']]
[15:11:33] [YFAdapter-P2] [INFO] [YF-P2] Decision context: myPos=2, curPos=1, greaterPos=3, teammate=0, curAction=[, actionList_size=9
[15:11:33] [YFAdapter-P2] [INFO] [YF-P2] Decided: action_index=0, action=['PASS', 'PASS', 'PASS']
[15:11:34] [YFAdapter-P2] [WARNING] [YF-P2] 检测到过于保守: 对手快走完(剩5张), 触发Layer 2/3进行更积极的决策
[15:11:34] [HybridV4-P2] [ERROR] Knowledge enhancement error: expected an indented block after 'if' statement on line 70 (knowledge_loader.py, line 71)
Traceback (most recent call last):
  File "D:\YiFeiAI-GD\src\decision\hybrid_decision_engine_v4.py", line 280, in _enhance_candidates
    from knowledge.knowledge_enhanced_decision import KnowledgeEnhancedDecisionEngine
  File "D:\YiFeiAI-GD\src\knowledge\knowledge_enhanced_decision.py", line 19, in <module>
    from knowledge.knowledge_loader import KnowledgeLoader
  File "D:\YiFeiAI-GD\src\knowledge\knowledge_loader.py", line 71
    try:
    ^^^
IndentationError: expected an indented block after 'if' statement on line 70
[15:11:34] [yf2_v5] [INFO] 2号位打出['PASS', 'PASS', 'PASS']， 最大动作为3号位打出的['Single', 'B', ['SB']]
[15:11:34] [yf2_v5] [INFO] 3号位打出['Bomb', '7', ['S7', 'S7', 'H7', 'C7', 'D7']]， 最大动作为3号位打出的['Bomb', '7', ['S7', 'S7', 'H7', 'C7', 'D7']]
[15:11:34] [yf2_v5] [INFO] 0号位打出['PASS', 'PASS', 'PASS']， 最大动作为3号位打出的['Bomb', '7', ['S7', 'S7', 'H7', 'C7', 'D7']]
[15:11:34] [yf2_v5] [INFO] 1号位打出['PASS', 'PASS', 'PASS']， 最大动作为3号位打出的['Bomb', '7', ['S7', 'S7', 'H7', 'C7', 'D7']]
[15:11:34] [yf2_v5] [INFO] 1号位打出['ThreeWithTwo', 'A', ['HA', 'CA', 'DA', 'CT', 'CT']]， 最大动作为1号位打出的['ThreeWithTwo', 'A', ['HA', 'CA', 'DA', 'CT', 'CT']]
[15:11:34] [YFAdapter-P2] [INFO] [YF-P2] Decision context: myPos=2, curPos=1, greaterPos=1, teammate=0, curAction=[, actionList_size=9
[15:11:34] [YFAdapter-P2] [INFO] [YF-P2] Decided: action_index=0, action=['PASS', 'PASS', 'PASS']
[15:11:34] [YFAdapter-P2] [WARNING] [YF-P2] 检测到过于保守: 对手快走完(剩0张), 触发Layer 2/3进行更积极的决策
[15:11:34] [HybridV4-P2] [ERROR] Knowledge enhancement error: expected an indented block after 'if' statement on line 70 (knowledge_loader.py, line 71)
Traceback (most recent call last):
  File "D:\YiFeiAI-GD\src\decision\hybrid_decision_engine_v4.py", line 280, in _enhance_candidates
    from knowledge.knowledge_enhanced_decision import KnowledgeEnhancedDecisionEngine
  File "D:\YiFeiAI-GD\src\knowledge\knowledge_enhanced_decision.py", line 19, in <module>
    from knowledge.knowledge_loader import KnowledgeLoader
  File "D:\YiFeiAI-GD\src\knowledge\knowledge_loader.py", line 71
    try:
    ^^^
IndentationError: expected an indented block after 'if' statement on line 70
[15:11:34] [yf2_v5] [INFO] 2号位打出['PASS', 'PASS', 'PASS']， 最大动作为1号位打出的['ThreeWithTwo', 'A', ['HA', 'CA', 'DA', 'CT', 'CT']]
[15:11:34] [yf2_v5] [INFO] 0号位打出['PASS', 'PASS', 'PASS']， 最大动作为1号位打出的['ThreeWithTwo', 'A', ['HA', 'CA', 'DA', 'CT', 'CT']]
[15:11:34] [yf2_v5] [INFO] 1号位打出['Pair', 'Q', ['SQ', 'CQ']]， 最大动作为1号位打出的['Pair', 'Q', ['SQ', 'CQ']]
[15:11:34] [YFAdapter-P2] [INFO] [YF-P2] Decision context: myPos=2, curPos=1, greaterPos=1, teammate=0, curAction=[, actionList_size=17
[15:11:34] [YFAdapter-P2] [INFO] [YF-P2] Decided: action_index=0, action=['PASS', 'PASS', 'PASS']
[15:11:34] [YFAdapter-P2] [WARNING] [YF-P2] 检测到过于保守: 对手快走完(剩0张), 触发Layer 2/3进行更积极的决策
[15:11:34] [HybridV4-P2] [ERROR] Knowledge enhancement error: expected an indented block after 'if' statement on line 70 (knowledge_loader.py, line 71)
Traceback (most recent call last):
  File "D:\YiFeiAI-GD\src\decision\hybrid_decision_engine_v4.py", line 280, in _enhance_candidates
    from knowledge.knowledge_enhanced_decision import KnowledgeEnhancedDecisionEngine
  File "D:\YiFeiAI-GD\src\knowledge\knowledge_enhanced_decision.py", line 19, in <module>
    from knowledge.knowledge_loader import KnowledgeLoader
  File "D:\YiFeiAI-GD\src\knowledge\knowledge_loader.py", line 71
    try:
    ^^^
IndentationError: expected an indented block after 'if' statement on line 70
[15:11:34] [yf2_v5] [INFO] 2号位打出['PASS', 'PASS', 'PASS']， 最大动作为1号位打出的['Pair', 'Q', ['SQ', 'CQ']]
[15:11:34] [yf2_v5] [INFO] 0号位打出['PASS', 'PASS', 'PASS']， 最大动作为1号位打出的['Pair', 'Q', ['SQ', 'CQ']]
[15:11:34] [yf2_v5] [INFO] 1号位打出['Single', 'J', ['DJ']]， 最大动作为1号位打出的['Single', 'J', ['DJ']]
[15:11:34] [YFAdapter-P2] [INFO] [YF-P2] Decision context: myPos=2, curPos=1, greaterPos=1, teammate=0, curAction=[, actionList_size=9
[15:11:34] [YFAdapter-P2] [INFO] [YF-P2] Decided: action_index=0, action=['PASS', 'PASS', 'PASS']
[15:11:34] [YFAdapter-P2] [WARNING] [YF-P2] 检测到过于保守: 对手快走完(剩0张), 触发Layer 2/3进行更积极的决策
[15:11:34] [HybridV4-P2] [ERROR] Knowledge enhancement error: expected an indented block after 'if' statement on line 70 (knowledge_loader.py, line 71)
Traceback (most recent call last):
  File "D:\YiFeiAI-GD\src\decision\hybrid_decision_engine_v4.py", line 280, in _enhance_candidates
    from knowledge.knowledge_enhanced_decision import KnowledgeEnhancedDecisionEngine
  File "D:\YiFeiAI-GD\src\knowledge\knowledge_enhanced_decision.py", line 19, in <module>
    from knowledge.knowledge_loader import KnowledgeLoader
  File "D:\YiFeiAI-GD\src\knowledge\knowledge_loader.py", line 71
    try:
    ^^^
IndentationError: expected an indented block after 'if' statement on line 70
[15:11:34] [yf2_v5] [INFO] 2号位打出['PASS', 'PASS', 'PASS']， 最大动作为1号位打出的['Single', 'J', ['DJ']]
[15:11:34] [yf2_v5] [INFO] 0号位打出['PASS', 'PASS', 'PASS']， 最大动作为1号位打出的['Single', 'J', ['DJ']]
[15:11:34] [yf2_v5] [INFO] 1号位打出['Single', 'B', ['SB']]， 最大动作为1号位打出的['Single', 'B', ['SB']]
[15:11:34] [YFAdapter-P2] [INFO] [YF-P2] Decision context: myPos=2, curPos=1, greaterPos=1, teammate=0, curAction=[, actionList_size=9
[15:11:34] [YFAdapter-P2] [INFO] [YF-P2] Decided: action_index=0, action=['PASS', 'PASS', 'PASS']
[15:11:34] [YFAdapter-P2] [WARNING] [YF-P2] 检测到过于保守: 对手快走完(剩0张), 触发Layer 2/3进行更积极的决策
[15:11:34] [HybridV4-P2] [ERROR] Knowledge enhancement error: expected an indented block after 'if' statement on line 70 (knowledge_loader.py, line 71)
Traceback (most recent call last):
  File "D:\YiFeiAI-GD\src\decision\hybrid_decision_engine_v4.py", line 280, in _enhance_candidates
    from knowledge.knowledge_enhanced_decision import KnowledgeEnhancedDecisionEngine
  File "D:\YiFeiAI-GD\src\knowledge\knowledge_enhanced_decision.py", line 19, in <module>
    from knowledge.knowledge_loader import KnowledgeLoader
  File "D:\YiFeiAI-GD\src\knowledge\knowledge_loader.py", line 71
    try:
    ^^^
IndentationError: expected an indented block after 'if' statement on line 70
[15:11:34] [yf2_v5] [INFO] 2号位打出['PASS', 'PASS', 'PASS']， 最大动作为1号位打出的['Single', 'B', ['SB']]
[15:11:34] [yf2_v5] [INFO] 0号位打出['PASS', 'PASS', 'PASS']， 最大动作为1号位打出的['Single', 'B', ['SB']]
[15:11:34] [yf2_v5] [INFO] 1号位打出['Bomb', '6', ['H6', 'H6', 'D6', 'D6']]， 最大动作为1号位打出的['Bomb', '6', ['H6', 'H6', 'D6', 'D6']]
[15:11:34] [yf2_v5] [INFO] 游戏开始, 我是2号位，手牌：['S2', 'H2', 'C2', 'C2', 'S3', 'S4', 'D4', 'S5', 'H5', 'D5', 'C6', 'S7', 'H7', 'D7', 'S8', 'H8', 'C8', 'H9', 'H9', 'D9', 'D9', 'HT', 'DT', 'CQ', 'DQ', 'HK', 'SA']
[15:11:34] [YFAdapter-P2] [INFO] [YF-P2] Decision context: myPos=2, curPos=-1, greaterPos=-1, teammate=0, curAction=[, actionList_size=1
[15:11:34] [YFAdapter-P2] [INFO] [YF-P2] Decided: action_index=0, action=['tribute', 'tribute', [['S', 'A']]]
[15:11:34] [HybridV4-P2] [ERROR] Knowledge enhancement error: expected an indented block after 'if' statement on line 70 (knowledge_loader.py, line 71)
Traceback (most recent call last):
  File "D:\YiFeiAI-GD\src\decision\hybrid_decision_engine_v4.py", line 280, in _enhance_candidates
    from knowledge.knowledge_enhanced_decision import KnowledgeEnhancedDecisionEngine
  File "D:\YiFeiAI-GD\src\knowledge\knowledge_enhanced_decision.py", line 19, in <module>
    from knowledge.knowledge_loader import KnowledgeLoader
  File "D:\YiFeiAI-GD\src\knowledge\knowledge_loader.py", line 71
    try:
    ^^^
IndentationError: expected an indented block after 'if' statement on line 70
[15:11:34] [yf2_v5] [INFO] 0号位打出['Single', '5', ['C5']]， 最大动作为0号位打出的['Single', '5', ['C5']]
[15:11:34] [yf2_v5] [INFO] 1号位打出['Single', 'A', ['SA']]， 最大动作为1号位打出的['Single', 'A', ['SA']]
[15:11:34] [YFAdapter-P2] [INFO] [YF-P2] Decision context: myPos=2, curPos=1, greaterPos=1, teammate=0, curAction=[, actionList_size=4
[15:11:34] [YFAdapter-P2] [INFO] [YF-P2] Decided: action_index=0, action=['PASS', 'PASS', 'PASS']
[15:11:34] [HybridV4-P2] [ERROR] Knowledge enhancement error: expected an indented block after 'if' statement on line 70 (knowledge_loader.py, line 71)
Traceback (most recent call last):
  File "D:\YiFeiAI-GD\src\decision\hybrid_decision_engine_v4.py", line 280, in _enhance_candidates
    from knowledge.knowledge_enhanced_decision import KnowledgeEnhancedDecisionEngine
  File "D:\YiFeiAI-GD\src\knowledge\knowledge_enhanced_decision.py", line 19, in <module>
    from knowledge.knowledge_loader import KnowledgeLoader
  File "D:\YiFeiAI-GD\src\knowledge\knowledge_loader.py", line 71
    try:
    ^^^
IndentationError: expected an indented block after 'if' statement on line 70
[15:11:34] [yf2_v5] [INFO] 2号位打出['PASS', 'PASS', 'PASS']， 最大动作为1号位打出的['Single', 'A', ['SA']]
[15:11:34] [yf2_v5] [INFO] 3号位打出['PASS', 'PASS', 'PASS']， 最大动作为1号位打出的['Single', 'A', ['SA']]
[15:11:34] [yf2_v5] [INFO] 0号位打出['PASS', 'PASS', 'PASS']， 最大动作为1号位打出的['Single', 'A', ['SA']]
[15:11:34] [yf2_v5] [INFO] 1号位打出['ThreePair', '6', ['H6', 'D6', 'C7', 'D7', 'S8', 'C8']]， 最大动作为1号位打出的['ThreePair', '6', ['H6', 'D6', 'C7', 'D7', 'S8', 'C8']]
[15:11:34] [YFAdapter-P2] [INFO] [YF-P2] Decision context: myPos=2, curPos=1, greaterPos=1, teammate=0, curAction=[, actionList_size=40
[15:11:34] [YFAdapter-P2] [INFO] [YF-P2] Decided: action_index=0, action=['PASS', 'PASS', 'PASS']
[15:11:34] [HybridV4-P2] [ERROR] Knowledge enhancement error: expected an indented block after 'if' statement on line 70 (knowledge_loader.py, line 71)
Traceback (most recent call last):
  File "D:\YiFeiAI-GD\src\decision\hybrid_decision_engine_v4.py", line 280, in _enhance_candidates
    from knowledge.knowledge_enhanced_decision import KnowledgeEnhancedDecisionEngine
  File "D:\YiFeiAI-GD\src\knowledge\knowledge_enhanced_decision.py", line 19, in <module>
    from knowledge.knowledge_loader import KnowledgeLoader
  File "D:\YiFeiAI-GD\src\knowledge\knowledge_loader.py", line 71
    try:
    ^^^
IndentationError: expected an indented block after 'if' statement on line 70
[15:11:34] [yf2_v5] [INFO] 2号位打出['PASS', 'PASS', 'PASS']， 最大动作为1号位打出的['ThreePair', '6', ['H6', 'D6', 'C7', 'D7', 'S8', 'C8']]
[15:11:34] [yf2_v5] [INFO] 3号位打出['ThreePair', 'Q', ['HQ', 'HQ', 'SK', 'DK', 'SA', 'DA']]， 最大动作为3号位打出的['ThreePair', 'Q', ['HQ', 'HQ', 'SK', 'DK', 'SA', 'DA']]
[15:11:34] [yf2_v5] [INFO] 0号位打出['PASS', 'PASS', 'PASS']， 最大动作为3号位打出的['ThreePair', 'Q', ['HQ', 'HQ', 'SK', 'DK', 'SA', 'DA']]
[15:11:34] [yf2_v5] [INFO] 1号位打出['PASS', 'PASS', 'PASS']， 最大动作为3号位打出的['ThreePair', 'Q', ['HQ', 'HQ', 'SK', 'DK', 'SA', 'DA']]
[15:11:34] [YFAdapter-P2] [INFO] [YF-P2] Decision context: myPos=2, curPos=1, greaterPos=3, teammate=0, curAction=[, actionList_size=4
[15:11:34] [YFAdapter-P2] [INFO] [YF-P2] Decided: action_index=0, action=['PASS', 'PASS', 'PASS']
[15:11:34] [HybridV4-P2] [ERROR] Knowledge enhancement error: expected an indented block after 'if' statement on line 70 (knowledge_loader.py, line 71)
Traceback (most recent call last):
  File "D:\YiFeiAI-GD\src\decision\hybrid_decision_engine_v4.py", line 280, in _enhance_candidates
    from knowledge.knowledge_enhanced_decision import KnowledgeEnhancedDecisionEngine
  File "D:\YiFeiAI-GD\src\knowledge\knowledge_enhanced_decision.py", line 19, in <module>
    from knowledge.knowledge_loader import KnowledgeLoader
  File "D:\YiFeiAI-GD\src\knowledge\knowledge_loader.py", line 71
    try:
    ^^^
IndentationError: expected an indented block after 'if' statement on line 70
[15:11:34] [yf2_v5] [INFO] 2号位打出['PASS', 'PASS', 'PASS']， 最大动作为3号位打出的['ThreePair', 'Q', ['HQ', 'HQ', 'SK', 'DK', 'SA', 'DA']]
[15:11:34] [yf2_v5] [INFO] 3号位打出['Single', '3', ['H3']]， 最大动作为3号位打出的['Single', '3', ['H3']]
[15:11:34] [yf2_v5] [INFO] 0号位打出['PASS', 'PASS', 'PASS']， 最大动作为3号位打出的['Single', '3', ['H3']]
[15:11:34] [yf2_v5] [INFO] 1号位打出['Single', 'A', ['HA']]， 最大动作为1号位打出的['Single', 'A', ['HA']]
[15:11:34] [YFAdapter-P2] [INFO] [YF-P2] Decision context: myPos=2, curPos=1, greaterPos=1, teammate=0, curAction=[, actionList_size=4
[15:11:34] [YFAdapter-P2] [INFO] [YF-P2] Decided: action_index=0, action=['PASS', 'PASS', 'PASS']
[15:11:34] [HybridV4-P2] [ERROR] Knowledge enhancement error: expected an indented block after 'if' statement on line 70 (knowledge_loader.py, line 71)
Traceback (most recent call last):
  File "D:\YiFeiAI-GD\src\decision\hybrid_decision_engine_v4.py", line 280, in _enhance_candidates
    from knowledge.knowledge_enhanced_decision import KnowledgeEnhancedDecisionEngine
  File "D:\YiFeiAI-GD\src\knowledge\knowledge_enhanced_decision.py", line 19, in <module>
    from knowledge.knowledge_loader import KnowledgeLoader
  File "D:\YiFeiAI-GD\src\knowledge\knowledge_loader.py", line 71
    try:
    ^^^
IndentationError: expected an indented block after 'if' statement on line 70
[15:11:34] [yf2_v5] [INFO] 2号位打出['PASS', 'PASS', 'PASS']， 最大动作为1号位打出的['Single', 'A', ['HA']]
[15:11:34] [yf2_v5] [INFO] 3号位打出['PASS', 'PASS', 'PASS']， 最大动作为1号位打出的['Single', 'A', ['HA']]
[15:11:34] [yf2_v5] [INFO] 0号位打出['PASS', 'PASS', 'PASS']， 最大动作为1号位打出的['Single', 'A', ['HA']]
[15:11:34] [yf2_v5] [INFO] 1号位打出['Pair', '2', ['H2', 'D2']]， 最大动作为1号位打出的['Pair', '2', ['H2', 'D2']]
[15:11:34] [YFAdapter-P2] [INFO] [YF-P2] Decision context: myPos=2, curPos=1, greaterPos=1, teammate=0, curAction=[, actionList_size=20
[15:11:34] [YFAdapter-P2] [INFO] [YF-P2] Decided: action_index=0, action=['PASS', 'PASS', 'PASS']
[15:11:34] [HybridV4-P2] [ERROR] Knowledge enhancement error: expected an indented block after 'if' statement on line 70 (knowledge_loader.py, line 71)
Traceback (most recent call last):
  File "D:\YiFeiAI-GD\src\decision\hybrid_decision_engine_v4.py", line 280, in _enhance_candidates
    from knowledge.knowledge_enhanced_decision import KnowledgeEnhancedDecisionEngine
  File "D:\YiFeiAI-GD\src\knowledge\knowledge_enhanced_decision.py", line 19, in <module>
    from knowledge.knowledge_loader import KnowledgeLoader
  File "D:\YiFeiAI-GD\src\knowledge\knowledge_loader.py", line 71
    try:
    ^^^
IndentationError: expected an indented block after 'if' statement on line 70
[15:11:34] [yf2_v5] [INFO] 2号位打出['PASS', 'PASS', 'PASS']， 最大动作为1号位打出的['Pair', '2', ['H2', 'D2']]
[15:11:34] [yf2_v5] [INFO] 3号位打出['Pair', '6', ['H6', 'D6']]， 最大动作为3号位打出的['Pair', '6', ['H6', 'D6']]
[15:11:34] [yf2_v5] [INFO] 0号位打出['PASS', 'PASS', 'PASS']， 最大动作为3号位打出的['Pair', '6', ['H6', 'D6']]
[15:11:34] [yf2_v5] [INFO] 1号位打出['Pair', 'Q', ['CQ', 'HA']]， 最大动作为1号位打出的['Pair', 'Q', ['CQ', 'HA']]
[15:11:34] [YFAdapter-P2] [INFO] [YF-P2] Decision context: myPos=2, curPos=1, greaterPos=1, teammate=0, curAction=[, actionList_size=4
[15:11:34] [YFAdapter-P2] [INFO] [YF-P2] Decided: action_index=0, action=['PASS', 'PASS', 'PASS']
[15:11:34] [HybridV4-P2] [ERROR] Knowledge enhancement error: expected an indented block after 'if' statement on line 70 (knowledge_loader.py, line 71)
Traceback (most recent call last):
  File "D:\YiFeiAI-GD\src\decision\hybrid_decision_engine_v4.py", line 280, in _enhance_candidates
    from knowledge.knowledge_enhanced_decision import KnowledgeEnhancedDecisionEngine
  File "D:\YiFeiAI-GD\src\knowledge\knowledge_enhanced_decision.py", line 19, in <module>
    from knowledge.knowledge_loader import KnowledgeLoader
  File "D:\YiFeiAI-GD\src\knowledge\knowledge_loader.py", line 71
    try:
    ^^^
IndentationError: expected an indented block after 'if' statement on line 70
[15:11:34] [yf2_v5] [INFO] 2号位打出['PASS', 'PASS', 'PASS']， 最大动作为1号位打出的['Pair', 'Q', ['CQ', 'HA']]
[15:11:34] [yf2_v5] [INFO] 3号位打出['Pair', 'R', ['HR', 'HR']]， 最大动作为3号位打出的['Pair', 'R', ['HR', 'HR']]
[15:11:34] [yf2_v5] [INFO] 0号位打出['PASS', 'PASS', 'PASS']， 最大动作为3号位打出的['Pair', 'R', ['HR', 'HR']]
[15:11:34] [yf2_v5] [INFO] 1号位打出['PASS', 'PASS', 'PASS']， 最大动作为3号位打出的['Pair', 'R', ['HR', 'HR']]
[15:11:34] [YFAdapter-P2] [INFO] [YF-P2] Decision context: myPos=2, curPos=1, greaterPos=3, teammate=0, curAction=[, actionList_size=4
[15:11:34] [YFAdapter-P2] [INFO] [YF-P2] Decided: action_index=0, action=['PASS', 'PASS', 'PASS']
[15:11:34] [HybridV4-P2] [ERROR] Knowledge enhancement error: expected an indented block after 'if' statement on line 70 (knowledge_loader.py, line 71)
Traceback (most recent call last):
  File "D:\YiFeiAI-GD\src\decision\hybrid_decision_engine_v4.py", line 280, in _enhance_candidates
    from knowledge.knowledge_enhanced_decision import KnowledgeEnhancedDecisionEngine
  File "D:\YiFeiAI-GD\src\knowledge\knowledge_enhanced_decision.py", line 19, in <module>
    from knowledge.knowledge_loader import KnowledgeLoader
  File "D:\YiFeiAI-GD\src\knowledge\knowledge_loader.py", line 71
    try:
    ^^^
IndentationError: expected an indented block after 'if' statement on line 70
[15:11:34] [yf2_v5] [INFO] 2号位打出['PASS', 'PASS', 'PASS']， 最大动作为3号位打出的['Pair', 'R', ['HR', 'HR']]
[15:11:34] [yf2_v5] [INFO] 3号位打出['Single', '3', ['D3']]， 最大动作为3号位打出的['Single', '3', ['D3']]
[15:11:34] [yf2_v5] [INFO] 0号位打出['PASS', 'PASS', 'PASS']， 最大动作为3号位打出的['Single', '3', ['D3']]
[15:11:34] [yf2_v5] [INFO] 1号位打出['Single', 'Q', ['DQ']]， 最大动作为1号位打出的['Single', 'Q', ['DQ']]
[15:11:34] [YFAdapter-P2] [INFO] [YF-P2] Decision context: myPos=2, curPos=1, greaterPos=1, teammate=0, curAction=[, actionList_size=5
[15:11:34] [YFAdapter-P2] [INFO] [YF-P2] Decided: action_index=0, action=['PASS', 'PASS', 'PASS']
[15:11:34] [HybridV4-P2] [ERROR] Knowledge enhancement error: expected an indented block after 'if' statement on line 70 (knowledge_loader.py, line 71)
Traceback (most recent call last):
  File "D:\YiFeiAI-GD\src\decision\hybrid_decision_engine_v4.py", line 280, in _enhance_candidates
    from knowledge.knowledge_enhanced_decision import KnowledgeEnhancedDecisionEngine
  File "D:\YiFeiAI-GD\src\knowledge\knowledge_enhanced_decision.py", line 19, in <module>
    from knowledge.knowledge_loader import KnowledgeLoader
  File "D:\YiFeiAI-GD\src\knowledge\knowledge_loader.py", line 71
    try:
    ^^^
IndentationError: expected an indented block after 'if' statement on line 70
[15:11:34] [yf2_v5] [INFO] 2号位打出['PASS', 'PASS', 'PASS']， 最大动作为1号位打出的['Single', 'Q', ['DQ']]
[15:11:34] [yf2_v5] [INFO] 3号位打出['Single', 'B', ['SB']]， 最大动作为3号位打出的['Single', 'B', ['SB']]
[15:11:34] [yf2_v5] [INFO] 0号位打出['PASS', 'PASS', 'PASS']， 最大动作为3号位打出的['Single', 'B', ['SB']]
[15:11:34] [yf2_v5] [INFO] 1号位打出['PASS', 'PASS', 'PASS']， 最大动作为3号位打出的['Single', 'B', ['SB']]
[15:11:34] [YFAdapter-P2] [INFO] [YF-P2] Decision context: myPos=2, curPos=1, greaterPos=3, teammate=0, curAction=[, actionList_size=4
[15:11:34] [YFAdapter-P2] [INFO] [YF-P2] Decided: action_index=0, action=['PASS', 'PASS', 'PASS']
[15:11:34] [HybridV4-P2] [ERROR] Knowledge enhancement error: expected an indented block after 'if' statement on line 70 (knowledge_loader.py, line 71)
Traceback (most recent call last):
  File "D:\YiFeiAI-GD\src\decision\hybrid_decision_engine_v4.py", line 280, in _enhance_candidates
    from knowledge.knowledge_enhanced_decision import KnowledgeEnhancedDecisionEngine
  File "D:\YiFeiAI-GD\src\knowledge\knowledge_enhanced_decision.py", line 19, in <module>
    from knowledge.knowledge_loader import KnowledgeLoader
  File "D:\YiFeiAI-GD\src\knowledge\knowledge_loader.py", line 71
    try:
    ^^^
IndentationError: expected an indented block after 'if' statement on line 70
[15:11:34] [yf2_v5] [INFO] 2号位打出['PASS', 'PASS', 'PASS']， 最大动作为3号位打出的['Single', 'B', ['SB']]
[15:11:34] [yf2_v5] [INFO] 3号位打出['Single', '5', ['H5']]， 最大动作为3号位打出的['Single', '5', ['H5']]
[15:11:34] [yf2_v5] [INFO] 0号位打出['PASS', 'PASS', 'PASS']， 最大动作为3号位打出的['Single', '5', ['H5']]
[15:11:34] [yf2_v5] [INFO] 1号位打出['Single', 'A', ['CA']]， 最大动作为1号位打出的['Single', 'A', ['CA']]
[15:11:34] [YFAdapter-P2] [INFO] [YF-P2] Decision context: myPos=2, curPos=1, greaterPos=1, teammate=0, curAction=[, actionList_size=4
[15:11:34] [YFAdapter-P2] [INFO] [YF-P2] Decided: action_index=0, action=['PASS', 'PASS', 'PASS']
[15:11:34] [HybridV4-P2] [ERROR] Knowledge enhancement error: expected an indented block after 'if' statement on line 70 (knowledge_loader.py, line 71)
Traceback (most recent call last):
  File "D:\YiFeiAI-GD\src\decision\hybrid_decision_engine_v4.py", line 280, in _enhance_candidates
    from knowledge.knowledge_enhanced_decision import KnowledgeEnhancedDecisionEngine
  File "D:\YiFeiAI-GD\src\knowledge\knowledge_enhanced_decision.py", line 19, in <module>
    from knowledge.knowledge_loader import KnowledgeLoader
  File "D:\YiFeiAI-GD\src\knowledge\knowledge_loader.py", line 71
    try:
    ^^^
IndentationError: expected an indented block after 'if' statement on line 70
[15:11:34] [yf2_v5] [INFO] 2号位打出['PASS', 'PASS', 'PASS']， 最大动作为1号位打出的['Single', 'A', ['CA']]
[15:11:34] [yf2_v5] [INFO] 3号位打出['PASS', 'PASS', 'PASS']， 最大动作为1号位打出的['Single', 'A', ['CA']]
[15:11:34] [yf2_v5] [INFO] 0号位打出['PASS', 'PASS', 'PASS']， 最大动作为1号位打出的['Single', 'A', ['CA']]
[15:11:34] [yf2_v5] [INFO] 1号位打出['Pair', '3', ['C3', 'D3']]， 最大动作为1号位打出的['Pair', '3', ['C3', 'D3']]
[15:11:34] [YFAdapter-P2] [INFO] [YF-P2] Decision context: myPos=2, curPos=1, greaterPos=1, teammate=0, curAction=[, actionList_size=20
[15:11:34] [YFAdapter-P2] [INFO] [YF-P2] Decided: action_index=0, action=['PASS', 'PASS', 'PASS']
[15:11:34] [HybridV4-P2] [ERROR] Knowledge enhancement error: expected an indented block after 'if' statement on line 70 (knowledge_loader.py, line 71)
Traceback (most recent call last):
  File "D:\YiFeiAI-GD\src\decision\hybrid_decision_engine_v4.py", line 280, in _enhance_candidates
    from knowledge.knowledge_enhanced_decision import KnowledgeEnhancedDecisionEngine
  File "D:\YiFeiAI-GD\src\knowledge\knowledge_enhanced_decision.py", line 19, in <module>
    from knowledge.knowledge_loader import KnowledgeLoader
  File "D:\YiFeiAI-GD\src\knowledge\knowledge_loader.py", line 71
    try:
    ^^^
IndentationError: expected an indented block after 'if' statement on line 70
[15:11:34] [yf2_v5] [INFO] 2号位打出['PASS', 'PASS', 'PASS']， 最大动作为1号位打出的['Pair', '3', ['C3', 'D3']]
[15:11:34] [yf2_v5] [INFO] 3号位打出['Pair', '5', ['C5', 'D5']]， 最大动作为3号位打出的['Pair', '5', ['C5', 'D5']]
[15:11:34] [yf2_v5] [INFO] 0号位打出['PASS', 'PASS', 'PASS']， 最大动作为3号位打出的['Pair', '5', ['C5', 'D5']]
[15:11:34] [yf2_v5] [INFO] 1号位打出['Pair', 'K', ['SK', 'CK']]， 最大动作为1号位打出的['Pair', 'K', ['SK', 'CK']]
[15:11:34] [YFAdapter-P2] [INFO] [YF-P2] Decision context: myPos=2, curPos=1, greaterPos=1, teammate=0, curAction=[, actionList_size=4
[15:11:34] [YFAdapter-P2] [INFO] [YF-P2] Decided: action_index=0, action=['PASS', 'PASS', 'PASS']
[15:11:34] [HybridV4-P2] [ERROR] Knowledge enhancement error: expected an indented block after 'if' statement on line 70 (knowledge_loader.py, line 71)
Traceback (most recent call last):
  File "D:\YiFeiAI-GD\src\decision\hybrid_decision_engine_v4.py", line 280, in _enhance_candidates
    from knowledge.knowledge_enhanced_decision import KnowledgeEnhancedDecisionEngine
  File "D:\YiFeiAI-GD\src\knowledge\knowledge_enhanced_decision.py", line 19, in <module>
    from knowledge.knowledge_loader import KnowledgeLoader
  File "D:\YiFeiAI-GD\src\knowledge\knowledge_loader.py", line 71
    try:
    ^^^
IndentationError: expected an indented block after 'if' statement on line 70
[15:11:34] [yf2_v5] [INFO] 2号位打出['PASS', 'PASS', 'PASS']， 最大动作为1号位打出的['Pair', 'K', ['SK', 'CK']]
[15:11:34] [yf2_v5] [INFO] 3号位打出['PASS', 'PASS', 'PASS']， 最大动作为1号位打出的['Pair', 'K', ['SK', 'CK']]
[15:11:34] [yf2_v5] [INFO] 0号位打出['PASS', 'PASS', 'PASS']， 最大动作为1号位打出的['Pair', 'K', ['SK', 'CK']]
[15:11:34] [yf2_v5] [INFO] 1号位打出['Single', 'B', ['SB']]， 最大动作为1号位打出的['Single', 'B', ['SB']]
[15:11:34] [YFAdapter-P2] [INFO] [YF-P2] Decision context: myPos=2, curPos=1, greaterPos=1, teammate=0, curAction=[, actionList_size=4
[15:11:34] [YFAdapter-P2] [INFO] [YF-P2] Decided: action_index=0, action=['PASS', 'PASS', 'PASS']
[15:11:34] [HybridV4-P2] [ERROR] Knowledge enhancement error: expected an indented block after 'if' statement on line 70 (knowledge_loader.py, line 71)
Traceback (most recent call last):
  File "D:\YiFeiAI-GD\src\decision\hybrid_decision_engine_v4.py", line 280, in _enhance_candidates
    from knowledge.knowledge_enhanced_decision import KnowledgeEnhancedDecisionEngine
  File "D:\YiFeiAI-GD\src\knowledge\knowledge_enhanced_decision.py", line 19, in <module>
    from knowledge.knowledge_loader import KnowledgeLoader
  File "D:\YiFeiAI-GD\src\knowledge\knowledge_loader.py", line 71
    try:
    ^^^
IndentationError: expected an indented block after 'if' statement on line 70
[15:11:34] [yf2_v5] [INFO] 2号位打出['PASS', 'PASS', 'PASS']， 最大动作为1号位打出的['Single', 'B', ['SB']]
[15:11:34] [yf2_v5] [INFO] 3号位打出['PASS', 'PASS', 'PASS']， 最大动作为1号位打出的['Single', 'B', ['SB']]
[15:11:34] [yf2_v5] [INFO] 0号位打出['PASS', 'PASS', 'PASS']， 最大动作为1号位打出的['Single', 'B', ['SB']]
[15:11:34] [yf2_v5] [INFO] 1号位打出['Single', '4', ['S4']]， 最大动作为1号位打出的['Single', '4', ['S4']]
[15:11:34] [YFAdapter-P2] [INFO] [YF-P2] Decision context: myPos=2, curPos=1, greaterPos=1, teammate=0, curAction=[, actionList_size=21
[15:11:34] [YFAdapter-P2] [INFO] [YF-P2] Decided: action_index=0, action=['PASS', 'PASS', 'PASS']
[15:11:34] [HybridV4-P2] [ERROR] Knowledge enhancement error: expected an indented block after 'if' statement on line 70 (knowledge_loader.py, line 71)
Traceback (most recent call last):
  File "D:\YiFeiAI-GD\src\decision\hybrid_decision_engine_v4.py", line 280, in _enhance_candidates
    from knowledge.knowledge_enhanced_decision import KnowledgeEnhancedDecisionEngine
  File "D:\YiFeiAI-GD\src\knowledge\knowledge_enhanced_decision.py", line 19, in <module>
    from knowledge.knowledge_loader import KnowledgeLoader
  File "D:\YiFeiAI-GD\src\knowledge\knowledge_loader.py", line 71
    try:
    ^^^
IndentationError: expected an indented block after 'if' statement on line 70
[15:11:34] [yf2_v5] [INFO] 2号位打出['PASS', 'PASS', 'PASS']， 最大动作为1号位打出的['Single', '4', ['S4']]
[15:11:34] [yf2_v5] [INFO] 3号位打出['PASS', 'PASS', 'PASS']， 最大动作为1号位打出的['Single', '4', ['S4']]
[15:11:34] [yf2_v5] [INFO] 0号位打出['PASS', 'PASS', 'PASS']， 最大动作为1号位打出的['Single', '4', ['S4']]
[15:11:34] [yf2_v5] [INFO] 1号位打出['Trips', '4', ['C4', 'C4', 'D4']]， 最大动作为1号位打出的['Trips', '4', ['C4', 'C4', 'D4']]
[15:11:34] [YFAdapter-P2] [INFO] [YF-P2] Decision context: myPos=2, curPos=1, greaterPos=1, teammate=0, curAction=[, actionList_size=11
[15:11:34] [YFAdapter-P2] [INFO] [YF-P2] Decided: action_index=0, action=['PASS', 'PASS', 'PASS']
[15:11:34] [YFAdapter-P2] [WARNING] [YF-P2] 检测到过于保守: 对手快走完(剩4张), 触发Layer 2/3进行更积极的决策
[15:11:34] [HybridV4-P2] [ERROR] Knowledge enhancement error: expected an indented block after 'if' statement on line 70 (knowledge_loader.py, line 71)
Traceback (most recent call last):
  File "D:\YiFeiAI-GD\src\decision\hybrid_decision_engine_v4.py", line 280, in _enhance_candidates
    from knowledge.knowledge_enhanced_decision import KnowledgeEnhancedDecisionEngine
  File "D:\YiFeiAI-GD\src\knowledge\knowledge_enhanced_decision.py", line 19, in <module>
    from knowledge.knowledge_loader import KnowledgeLoader
  File "D:\YiFeiAI-GD\src\knowledge\knowledge_loader.py", line 71
    try:
    ^^^
IndentationError: expected an indented block after 'if' statement on line 70
[15:11:34] [yf2_v5] [INFO] 2号位打出['PASS', 'PASS', 'PASS']， 最大动作为1号位打出的['Trips', '4', ['C4', 'C4', 'D4']]
[15:11:34] [yf2_v5] [INFO] 3号位打出['Trips', '9', ['S9', 'C9', 'C9']]， 最大动作为3号位打出的['Trips', '9', ['S9', 'C9', 'C9']]
[15:11:34] [yf2_v5] [INFO] 0号位打出['PASS', 'PASS', 'PASS']， 最大动作为3号位打出的['Trips', '9', ['S9', 'C9', 'C9']]
[15:11:34] [yf2_v5] [INFO] 1号位打出['Bomb', 'J', ['HJ', 'HJ', 'CJ', 'DJ']]， 最大动作为1号位打出的['Bomb', 'J', ['HJ', 'HJ', 'CJ', 'DJ']]
[15:11:34] [YFAdapter-P2] [INFO] [YF-P2] Decision context: myPos=2, curPos=1, greaterPos=1, teammate=0, curAction=[, actionList_size=1
[15:11:34] [YFAdapter-P2] [INFO] [YF-P2] Decided: action_index=0, action=['PASS', 'PASS', 'PASS']
[15:11:34] [HybridV4-P2] [ERROR] Knowledge enhancement error: expected an indented block after 'if' statement on line 70 (knowledge_loader.py, line 71)
Traceback (most recent call last):
  File "D:\YiFeiAI-GD\src\decision\hybrid_decision_engine_v4.py", line 280, in _enhance_candidates
    from knowledge.knowledge_enhanced_decision import KnowledgeEnhancedDecisionEngine
  File "D:\YiFeiAI-GD\src\knowledge\knowledge_enhanced_decision.py", line 19, in <module>
    from knowledge.knowledge_loader import KnowledgeLoader
  File "D:\YiFeiAI-GD\src\knowledge\knowledge_loader.py", line 71
    try:
    ^^^
IndentationError: expected an indented block after 'if' statement on line 70
[15:11:34] [yf2_v5] [INFO] 2号位打出['PASS', 'PASS', 'PASS']， 最大动作为1号位打出的['Bomb', 'J', ['HJ', 'HJ', 'CJ', 'DJ']]
[15:11:34] [yf2_v5] [INFO] 3号位打出['PASS', 'PASS', 'PASS']， 最大动作为1号位打出的['Bomb', 'J', ['HJ', 'HJ', 'CJ', 'DJ']]
[15:11:34] [yf2_v5] [INFO] 3号位打出['ThreeWithTwo', 'T', ['ST', 'CT', 'DT', 'H8', 'D8']]， 最大动作为3号位打出的['ThreeWithTwo', 'T', ['ST', 'CT', 'DT', 'H8', 'D8']]
[15:11:34] [yf2_v5] [INFO] 0号位打出['PASS', 'PASS', 'PASS']， 最大动作为3号位打出的['ThreeWithTwo', 'T', ['ST', 'CT', 'DT', 'H8', 'D8']]
[15:11:34] [YFAdapter-P2] [INFO] [YF-P2] Decision context: myPos=2, curPos=0, greaterPos=3, teammate=0, curAction=[, actionList_size=4
[15:11:34] [YFAdapter-P2] [INFO] [YF-P2] Decided: action_index=0, action=['PASS', 'PASS', 'PASS']
[15:11:34] [YFAdapter-P2] [WARNING] [YF-P2] 检测到过于保守: 对手快走完(剩0张), 触发Layer 2/3进行更积极的决策
[15:11:34] [HybridV4-P2] [ERROR] Knowledge enhancement error: expected an indented block after 'if' statement on line 70 (knowledge_loader.py, line 71)
Traceback (most recent call last):
  File "D:\YiFeiAI-GD\src\decision\hybrid_decision_engine_v4.py", line 280, in _enhance_candidates
    from knowledge.knowledge_enhanced_decision import KnowledgeEnhancedDecisionEngine
  File "D:\YiFeiAI-GD\src\knowledge\knowledge_enhanced_decision.py", line 19, in <module>
    from knowledge.knowledge_loader import KnowledgeLoader
  File "D:\YiFeiAI-GD\src\knowledge\knowledge_loader.py", line 71
    try:
    ^^^
IndentationError: expected an indented block after 'if' statement on line 70
[15:11:34] [yf2_v5] [INFO] 2号位打出['PASS', 'PASS', 'PASS']， 最大动作为3号位打出的['ThreeWithTwo', 'T', ['ST', 'CT', 'DT', 'H8', 'D8']]
[15:11:34] [yf2_v5] [INFO] 3号位打出['Trips', 'J', ['SJ', 'CJ', 'DJ']]， 最大动作为3号位打出的['Trips', 'J', ['SJ', 'CJ', 'DJ']]
[15:11:34] [yf2_v5] [INFO] 游戏开始, 我是2号位，手牌：['H3', 'H4', 'S5', 'D5', 'S6', 'H6', 'C7', 'D7', 'S8', 'H8', 'C8', 'CT', 'DT', 'SJ', 'CJ', 'SQ', 'CQ', 'DQ', 'DQ', 'HK', 'HK', 'DK', 'SA', 'H2', 'D2', 'D2', 'HR']
[15:11:34] [yf2_v5] [INFO] 3号位打出['Straight', '4', ['S4', 'C5', 'C6', 'H7', 'D8']]， 最大动作为3号位打出的['Straight', '4', ['S4', 'C5', 'C6', 'H7', 'D8']]
[15:11:34] [yf2_v5] [INFO] 0号位打出['PASS', 'PASS', 'PASS']， 最大动作为3号位打出的['Straight', '4', ['S4', 'C5', 'C6', 'H7', 'D8']]
[15:11:34] [yf2_v5] [INFO] 1号位打出['PASS', 'PASS', 'PASS']， 最大动作为3号位打出的['Straight', '4', ['S4', 'C5', 'C6', 'H7', 'D8']]
[15:11:34] [YFAdapter-P2] [INFO] [YF-P2] Decision context: myPos=2, curPos=1, greaterPos=3, teammate=0, curAction=[, actionList_size=196
[15:11:34] [YFAdapter-P2] [INFO] [YF-P2] Decided: action_index=0, action=['PASS', 'PASS', 'PASS']
[15:11:34] [HybridV4-P2] [ERROR] Knowledge enhancement error: expected an indented block after 'if' statement on line 70 (knowledge_loader.py, line 71)
Traceback (most recent call last):
  File "D:\YiFeiAI-GD\src\decision\hybrid_decision_engine_v4.py", line 280, in _enhance_candidates
    from knowledge.knowledge_enhanced_decision import KnowledgeEnhancedDecisionEngine
  File "D:\YiFeiAI-GD\src\knowledge\knowledge_enhanced_decision.py", line 19, in <module>
    from knowledge.knowledge_loader import KnowledgeLoader
  File "D:\YiFeiAI-GD\src\knowledge\knowledge_loader.py", line 71
    try:
    ^^^
IndentationError: expected an indented block after 'if' statement on line 70
[15:11:34] [yf2_v5] [INFO] 2号位打出['PASS', 'PASS', 'PASS']， 最大动作为3号位打出的['Straight', '4', ['S4', 'C5', 'C6', 'H7', 'D8']]
[15:11:34] [yf2_v5] [INFO] 3号位打出['ThreeWithTwo', '3', ['S3', 'C3', 'D3', 'C4', 'D4']]， 最大动作为3号位打出的['ThreeWithTwo', '3', ['S3', 'C3', 'D3', 'C4', 'D4']]
[15:11:34] [yf2_v5] [INFO] 0号位打出['PASS', 'PASS', 'PASS']， 最大动作为3号位打出的['ThreeWithTwo', '3', ['S3', 'C3', 'D3', 'C4', 'D4']]
[15:11:34] [yf2_v5] [INFO] 1号位打出['ThreeWithTwo', '6', ['S6', 'H6', 'D6', 'S8', 'H8']]， 最大动作为1号位打出的['ThreeWithTwo', '6', ['S6', 'H6', 'D6', 'S8', 'H8']]
[15:11:34] [YFAdapter-P2] [INFO] [YF-P2] Decision context: myPos=2, curPos=1, greaterPos=1, teammate=0, curAction=[, actionList_size=329
[15:11:34] [YFAdapter-P2] [INFO] [YF-P2] Decided: action_index=0, action=['PASS', 'PASS', 'PASS']
[15:11:34] [HybridV4-P2] [ERROR] Knowledge enhancement error: expected an indented block after 'if' statement on line 70 (knowledge_loader.py, line 71)
Traceback (most recent call last):
  File "D:\YiFeiAI-GD\src\decision\hybrid_decision_engine_v4.py", line 280, in _enhance_candidates
    from knowledge.knowledge_enhanced_decision import KnowledgeEnhancedDecisionEngine
  File "D:\YiFeiAI-GD\src\knowledge\knowledge_enhanced_decision.py", line 19, in <module>
    from knowledge.knowledge_loader import KnowledgeLoader
  File "D:\YiFeiAI-GD\src\knowledge\knowledge_loader.py", line 71
    try:
    ^^^
IndentationError: expected an indented block after 'if' statement on line 70
[15:11:34] [yf2_v5] [INFO] 2号位打出['PASS', 'PASS', 'PASS']， 最大动作为1号位打出的['ThreeWithTwo', '6', ['S6', 'H6', 'D6', 'S8', 'H8']]
[15:11:34] [yf2_v5] [INFO] 3号位打出['PASS', 'PASS', 'PASS']， 最大动作为1号位打出的['ThreeWithTwo', '6', ['S6', 'H6', 'D6', 'S8', 'H8']]
[15:11:34] [yf2_v5] [INFO] 0号位打出['PASS', 'PASS', 'PASS']， 最大动作为1号位打出的['ThreeWithTwo', '6', ['S6', 'H6', 'D6', 'S8', 'H8']]
[15:11:34] [yf2_v5] [INFO] 1号位打出['ThreeWithTwo', '3', ['S3', 'H3', 'C3', 'HQ', 'HQ']]， 最大动作为1号位打出的['ThreeWithTwo', '3', ['S3', 'H3', 'C3', 'HQ', 'HQ']]
[15:11:34] [YFAdapter-P2] [INFO] [YF-P2] Decision context: myPos=2, curPos=1, greaterPos=1, teammate=0, curAction=[, actionList_size=357
[15:11:34] [YFAdapter-P2] [INFO] [YF-P2] Decided: action_index=0, action=['PASS', 'PASS', 'PASS']
[15:11:34] [HybridV4-P2] [ERROR] Knowledge enhancement error: expected an indented block after 'if' statement on line 70 (knowledge_loader.py, line 71)
Traceback (most recent call last):
  File "D:\YiFeiAI-GD\src\decision\hybrid_decision_engine_v4.py", line 280, in _enhance_candidates
    from knowledge.knowledge_enhanced_decision import KnowledgeEnhancedDecisionEngine
  File "D:\YiFeiAI-GD\src\knowledge\knowledge_enhanced_decision.py", line 19, in <module>
    from knowledge.knowledge_loader import KnowledgeLoader
  File "D:\YiFeiAI-GD\src\knowledge\knowledge_loader.py", line 71
    try:
    ^^^
IndentationError: expected an indented block after 'if' statement on line 70
[15:11:34] [yf2_v5] [INFO] 2号位打出['PASS', 'PASS', 'PASS']， 最大动作为1号位打出的['ThreeWithTwo', '3', ['S3', 'H3', 'C3', 'HQ', 'HQ']]
[15:11:34] [yf2_v5] [INFO] 3号位打出['PASS', 'PASS', 'PASS']， 最大动作为1号位打出的['ThreeWithTwo', '3', ['S3', 'H3', 'C3', 'HQ', 'HQ']]
[15:11:34] [yf2_v5] [INFO] 0号位打出['PASS', 'PASS', 'PASS']， 最大动作为1号位打出的['ThreeWithTwo', '3', ['S3', 'H3', 'C3', 'HQ', 'HQ']]
[15:11:34] [yf2_v5] [INFO] 1号位打出['ThreeWithTwo', '7', ['S7', 'C7', 'D7', 'S2', 'C2']]， 最大动作为1号位打出的['ThreeWithTwo', '7', ['S7', 'C7', 'D7', 'S2', 'C2']]
[15:11:34] [YFAdapter-P2] [INFO] [YF-P2] Decision context: myPos=2, curPos=1, greaterPos=1, teammate=0, curAction=[, actionList_size=315
[15:11:34] [YFAdapter-P2] [INFO] [YF-P2] Decided: action_index=0, action=['PASS', 'PASS', 'PASS']
[15:11:34] [HybridV4-P2] [ERROR] Knowledge enhancement error: expected an indented block after 'if' statement on line 70 (knowledge_loader.py, line 71)
Traceback (most recent call last):
  File "D:\YiFeiAI-GD\src\decision\hybrid_decision_engine_v4.py", line 280, in _enhance_candidates
    from knowledge.knowledge_enhanced_decision import KnowledgeEnhancedDecisionEngine
  File "D:\YiFeiAI-GD\src\knowledge\knowledge_enhanced_decision.py", line 19, in <module>
    from knowledge.knowledge_loader import KnowledgeLoader
  File "D:\YiFeiAI-GD\src\knowledge\knowledge_loader.py", line 71
    try:
    ^^^
IndentationError: expected an indented block after 'if' statement on line 70
[15:11:34] [yf2_v5] [INFO] 2号位打出['PASS', 'PASS', 'PASS']， 最大动作为1号位打出的['ThreeWithTwo', '7', ['S7', 'C7', 'D7', 'S2', 'C2']]
[15:11:34] [yf2_v5] [INFO] 3号位打出['PASS', 'PASS', 'PASS']， 最大动作为1号位打出的['ThreeWithTwo', '7', ['S7', 'C7', 'D7', 'S2', 'C2']]
[15:11:34] [yf2_v5] [INFO] 0号位打出['PASS', 'PASS', 'PASS']， 最大动作为1号位打出的['ThreeWithTwo', '7', ['S7', 'C7', 'D7', 'S2', 'C2']]
[15:11:34] [yf2_v5] [INFO] 1号位打出['Single', 'J', ['DJ']]， 最大动作为1号位打出的['Single', 'J', ['DJ']]
[15:11:34] [YFAdapter-P2] [INFO] [YF-P2] Decision context: myPos=2, curPos=1, greaterPos=1, teammate=0, curAction=[, actionList_size=17
[15:11:34] [YFAdapter-P2] [INFO] [YF-P2] Decided: action_index=0, action=['PASS', 'PASS', 'PASS']
[15:11:34] [HybridV4-P2] [ERROR] Knowledge enhancement error: expected an indented block after 'if' statement on line 70 (knowledge_loader.py, line 71)
Traceback (most recent call last):
  File "D:\YiFeiAI-GD\src\decision\hybrid_decision_engine_v4.py", line 280, in _enhance_candidates
    from knowledge.knowledge_enhanced_decision import KnowledgeEnhancedDecisionEngine
  File "D:\YiFeiAI-GD\src\knowledge\knowledge_enhanced_decision.py", line 19, in <module>
    from knowledge.knowledge_loader import KnowledgeLoader
  File "D:\YiFeiAI-GD\src\knowledge\knowledge_loader.py", line 71
    try:
    ^^^
IndentationError: expected an indented block after 'if' statement on line 70
[15:11:34] [yf2_v5] [INFO] 2号位打出['PASS', 'PASS', 'PASS']， 最大动作为1号位打出的['Single', 'J', ['DJ']]
[15:11:34] [yf2_v5] [INFO] 3号位打出['Single', 'A', ['SA']]， 最大动作为3号位打出的['Single', 'A', ['SA']]
[15:11:34] [yf2_v5] [INFO] 0号位打出['PASS', 'PASS', 'PASS']， 最大动作为3号位打出的['Single', 'A', ['SA']]
[15:11:34] [yf2_v5] [INFO] 1号位打出['PASS', 'PASS', 'PASS']， 最大动作为3号位打出的['Single', 'A', ['SA']]
[15:11:34] [YFAdapter-P2] [INFO] [YF-P2] Decision context: myPos=2, curPos=1, greaterPos=3, teammate=0, curAction=[, actionList_size=11
[15:11:34] [YFAdapter-P2] [INFO] [YF-P2] Decided: action_index=0, action=['PASS', 'PASS', 'PASS']
[15:11:34] [HybridV4-P2] [ERROR] Knowledge enhancement error: expected an indented block after 'if' statement on line 70 (knowledge_loader.py, line 71)
Traceback (most recent call last):
  File "D:\YiFeiAI-GD\src\decision\hybrid_decision_engine_v4.py", line 280, in _enhance_candidates
    from knowledge.knowledge_enhanced_decision import KnowledgeEnhancedDecisionEngine
  File "D:\YiFeiAI-GD\src\knowledge\knowledge_enhanced_decision.py", line 19, in <module>
    from knowledge.knowledge_loader import KnowledgeLoader
  File "D:\YiFeiAI-GD\src\knowledge\knowledge_loader.py", line 71
    try:
    ^^^
IndentationError: expected an indented block after 'if' statement on line 70
[15:11:34] [yf2_v5] [INFO] 2号位打出['PASS', 'PASS', 'PASS']， 最大动作为3号位打出的['Single', 'A', ['SA']]
[15:11:34] [yf2_v5] [INFO] 3号位打出['Pair', '6', ['C6', 'D6']]， 最大动作为3号位打出的['Pair', '6', ['C6', 'D6']]
[15:11:34] [yf2_v5] [INFO] 0号位打出['PASS', 'PASS', 'PASS']， 最大动作为3号位打出的['Pair', '6', ['C6', 'D6']]
[15:11:34] [yf2_v5] [INFO] 1号位打出['PASS', 'PASS', 'PASS']， 最大动作为3号位打出的['Pair', '6', ['C6', 'D6']]
[15:11:34] [YFAdapter-P2] [INFO] [YF-P2] Decision context: myPos=2, curPos=1, greaterPos=3, teammate=0, curAction=[, actionList_size=38
[15:11:34] [YFAdapter-P2] [INFO] [YF-P2] Decided: action_index=0, action=['PASS', 'PASS', 'PASS']
[15:11:34] [HybridV4-P2] [ERROR] Knowledge enhancement error: expected an indented block after 'if' statement on line 70 (knowledge_loader.py, line 71)
Traceback (most recent call last):
  File "D:\YiFeiAI-GD\src\decision\hybrid_decision_engine_v4.py", line 280, in _enhance_candidates
    from knowledge.knowledge_enhanced_decision import KnowledgeEnhancedDecisionEngine
  File "D:\YiFeiAI-GD\src\knowledge\knowledge_enhanced_decision.py", line 19, in <module>
    from knowledge.knowledge_loader import KnowledgeLoader
  File "D:\YiFeiAI-GD\src\knowledge\knowledge_loader.py", line 71
    try:
    ^^^
IndentationError: expected an indented block after 'if' statement on line 70
[15:11:34] [yf2_v5] [INFO] 2号位打出['PASS', 'PASS', 'PASS']， 最大动作为3号位打出的['Pair', '6', ['C6', 'D6']]
[15:11:34] [yf2_v5] [INFO] 3号位打出['Pair', '9', ['C9', 'D9']]， 最大动作为3号位打出的['Pair', '9', ['C9', 'D9']]
[15:11:34] [yf2_v5] [INFO] 0号位打出['PASS', 'PASS', 'PASS']， 最大动作为3号位打出的['Pair', '9', ['C9', 'D9']]
[15:11:34] [yf2_v5] [INFO] 1号位打出['PASS', 'PASS', 'PASS']， 最大动作为3号位打出的['Pair', '9', ['C9', 'D9']]
[15:11:34] [YFAdapter-P2] [INFO] [YF-P2] Decision context: myPos=2, curPos=1, greaterPos=3, teammate=0, curAction=[, actionList_size=29
[15:11:34] [YFAdapter-P2] [INFO] [YF-P2] Decided: action_index=0, action=['PASS', 'PASS', 'PASS']
[15:11:34] [HybridV4-P2] [ERROR] Knowledge enhancement error: expected an indented block after 'if' statement on line 70 (knowledge_loader.py, line 71)
Traceback (most recent call last):
  File "D:\YiFeiAI-GD\src\decision\hybrid_decision_engine_v4.py", line 280, in _enhance_candidates
    from knowledge.knowledge_enhanced_decision import KnowledgeEnhancedDecisionEngine
  File "D:\YiFeiAI-GD\src\knowledge\knowledge_enhanced_decision.py", line 19, in <module>
    from knowledge.knowledge_loader import KnowledgeLoader
  File "D:\YiFeiAI-GD\src\knowledge\knowledge_loader.py", line 71
    try:
    ^^^
IndentationError: expected an indented block after 'if' statement on line 70
[15:11:34] [yf2_v5] [INFO] 2号位打出['PASS', 'PASS', 'PASS']， 最大动作为3号位打出的['Pair', '9', ['C9', 'D9']]
[15:11:34] [yf2_v5] [INFO] 3号位打出['Pair', 'T', ['ST', 'CT']]， 最大动作为3号位打出的['Pair', 'T', ['ST', 'CT']]
[15:11:34] [yf2_v5] [INFO] 0号位打出['PASS', 'PASS', 'PASS']， 最大动作为3号位打出的['Pair', 'T', ['ST', 'CT']]
[15:11:34] [yf2_v5] [INFO] 1号位打出['PASS', 'PASS', 'PASS']， 最大动作为3号位打出的['Pair', 'T', ['ST', 'CT']]
[15:11:34] [YFAdapter-P2] [INFO] [YF-P2] Decision context: myPos=2, curPos=1, greaterPos=3, teammate=0, curAction=[, actionList_size=26
[15:11:34] [YFAdapter-P2] [INFO] [YF-P2] Decided: action_index=0, action=['PASS', 'PASS', 'PASS']
[15:11:34] [HybridV4-P2] [ERROR] Knowledge enhancement error: expected an indented block after 'if' statement on line 70 (knowledge_loader.py, line 71)
Traceback (most recent call last):
  File "D:\YiFeiAI-GD\src\decision\hybrid_decision_engine_v4.py", line 280, in _enhance_candidates
    from knowledge.knowledge_enhanced_decision import KnowledgeEnhancedDecisionEngine
  File "D:\YiFeiAI-GD\src\knowledge\knowledge_enhanced_decision.py", line 19, in <module>
    from knowledge.knowledge_loader import KnowledgeLoader
  File "D:\YiFeiAI-GD\src\knowledge\knowledge_loader.py", line 71
    try:
    ^^^
IndentationError: expected an indented block after 'if' statement on line 70
[15:11:34] [yf2_v5] [INFO] 2号位打出['PASS', 'PASS', 'PASS']， 最大动作为3号位打出的['Pair', 'T', ['ST', 'CT']]
[15:11:34] [yf2_v5] [INFO] 3号位打出['Pair', 'Q', ['SQ', 'CQ']]， 最大动作为3号位打出的['Pair', 'Q', ['SQ', 'CQ']]
[15:11:34] [yf2_v5] [INFO] 0号位打出['PASS', 'PASS', 'PASS']， 最大动作为3号位打出的['Pair', 'Q', ['SQ', 'CQ']]
[15:11:34] [yf2_v5] [INFO] 1号位打出['PASS', 'PASS', 'PASS']， 最大动作为3号位打出的['Pair', 'Q', ['SQ', 'CQ']]
[15:11:34] [YFAdapter-P2] [INFO] [YF-P2] Decision context: myPos=2, curPos=1, greaterPos=3, teammate=0, curAction=[, actionList_size=16
[15:11:34] [YFAdapter-P2] [INFO] [YF-P2] Decided: action_index=0, action=['PASS', 'PASS', 'PASS']
[15:11:34] [HybridV4-P2] [ERROR] Knowledge enhancement error: expected an indented block after 'if' statement on line 70 (knowledge_loader.py, line 71)
Traceback (most recent call last):
  File "D:\YiFeiAI-GD\src\decision\hybrid_decision_engine_v4.py", line 280, in _enhance_candidates
    from knowledge.knowledge_enhanced_decision import KnowledgeEnhancedDecisionEngine
  File "D:\YiFeiAI-GD\src\knowledge\knowledge_enhanced_decision.py", line 19, in <module>
    from knowledge.knowledge_loader import KnowledgeLoader
  File "D:\YiFeiAI-GD\src\knowledge\knowledge_loader.py", line 71
    try:
    ^^^
IndentationError: expected an indented block after 'if' statement on line 70
[15:11:34] [yf2_v5] [INFO] 2号位打出['PASS', 'PASS', 'PASS']， 最大动作为3号位打出的['Pair', 'Q', ['SQ', 'CQ']]
[15:11:34] [yf2_v5] [INFO] 3号位打出['Pair', '2', ['S2', 'C2']]， 最大动作为3号位打出的['Pair', '2', ['S2', 'C2']]
[15:11:34] [yf2_v5] [INFO] 0号位打出['PASS', 'PASS', 'PASS']， 最大动作为3号位打出的['Pair', '2', ['S2', 'C2']]
[15:11:34] [yf2_v5] [INFO] 1号位打出['PASS', 'PASS', 'PASS']， 最大动作为3号位打出的['Pair', '2', ['S2', 'C2']]
[15:11:34] [YFAdapter-P2] [INFO] [YF-P2] Decision context: myPos=2, curPos=1, greaterPos=3, teammate=0, curAction=[, actionList_size=9
[15:11:34] [YFAdapter-P2] [INFO] [YF-P2] Decided: action_index=0, action=['PASS', 'PASS', 'PASS']
[15:11:34] [HybridV4-P2] [ERROR] Knowledge enhancement error: expected an indented block after 'if' statement on line 70 (knowledge_loader.py, line 71)
Traceback (most recent call last):
  File "D:\YiFeiAI-GD\src\decision\hybrid_decision_engine_v4.py", line 280, in _enhance_candidates
    from knowledge.knowledge_enhanced_decision import KnowledgeEnhancedDecisionEngine
  File "D:\YiFeiAI-GD\src\knowledge\knowledge_enhanced_decision.py", line 19, in <module>
    from knowledge.knowledge_loader import KnowledgeLoader
  File "D:\YiFeiAI-GD\src\knowledge\knowledge_loader.py", line 71
    try:
    ^^^
IndentationError: expected an indented block after 'if' statement on line 70
[15:11:34] [yf2_v5] [INFO] 2号位打出['PASS', 'PASS', 'PASS']， 最大动作为3号位打出的['Pair', '2', ['S2', 'C2']]
[15:11:34] [yf2_v5] [INFO] 3号位打出['Pair', 'B', ['SB', 'SB']]， 最大动作为3号位打出的['Pair', 'B', ['SB', 'SB']]
[15:11:34] [yf2_v5] [INFO] 0号位打出['PASS', 'PASS', 'PASS']， 最大动作为3号位打出的['Pair', 'B', ['SB', 'SB']]
[15:11:34] [yf2_v5] [INFO] 1号位打出['PASS', 'PASS', 'PASS']， 最大动作为3号位打出的['Pair', 'B', ['SB', 'SB']]
[15:11:34] [YFAdapter-P2] [INFO] [YF-P2] Decision context: myPos=2, curPos=1, greaterPos=3, teammate=0, curAction=[, actionList_size=9
[15:11:34] [YFAdapter-P2] [INFO] [YF-P2] Decided: action_index=0, action=['PASS', 'PASS', 'PASS']
[15:11:34] [YFAdapter-P2] [WARNING] [YF-P2] 检测到过于保守: 对手快走完(剩4张), 触发Layer 2/3进行更积极的决策
[15:11:34] [HybridV4-P2] [ERROR] Knowledge enhancement error: expected an indented block after 'if' statement on line 70 (knowledge_loader.py, line 71)
Traceback (most recent call last):
  File "D:\YiFeiAI-GD\src\decision\hybrid_decision_engine_v4.py", line 280, in _enhance_candidates
    from knowledge.knowledge_enhanced_decision import KnowledgeEnhancedDecisionEngine
  File "D:\YiFeiAI-GD\src\knowledge\knowledge_enhanced_decision.py", line 19, in <module>
    from knowledge.knowledge_loader import KnowledgeLoader
  File "D:\YiFeiAI-GD\src\knowledge\knowledge_loader.py", line 71
    try:
    ^^^
IndentationError: expected an indented block after 'if' statement on line 70
[15:11:34] [yf2_v5] [INFO] 2号位打出['PASS', 'PASS', 'PASS']， 最大动作为3号位打出的['Pair', 'B', ['SB', 'SB']]
[15:11:34] [yf2_v5] [INFO] 3号位打出['Bomb', 'J', ['SJ', 'HJ', 'CJ', 'DJ']]， 最大动作为3号位打出的['Bomb', 'J', ['SJ', 'HJ', 'CJ', 'DJ']]
[15:11:34] [yf2_v5] [INFO] 0号位打出['PASS', 'PASS', 'PASS']， 最大动作为3号位打出的['Bomb', 'J', ['SJ', 'HJ', 'CJ', 'DJ']]
[15:11:34] [yf2_v5] [INFO] 1号位打出['PASS', 'PASS', 'PASS']， 最大动作为3号位打出的['Bomb', 'J', ['SJ', 'HJ', 'CJ', 'DJ']]
[15:11:34] [yf2_v5] [INFO] 1号位打出['Single', 'K', ['SK']]， 最大动作为1号位打出的['Single', 'K', ['SK']]
[15:11:34] [YFAdapter-P2] [INFO] [YF-P2] Decision context: myPos=2, curPos=1, greaterPos=1, teammate=0, curAction=[, actionList_size=12
[15:11:34] [YFAdapter-P2] [INFO] [YF-P2] Decided: action_index=0, action=['PASS', 'PASS', 'PASS']
[15:11:34] [YFAdapter-P2] [WARNING] [YF-P2] 检测到过于保守: 对手快走完(剩0张), 触发Layer 2/3进行更积极的决策
[15:11:34] [HybridV4-P2] [ERROR] Knowledge enhancement error: expected an indented block after 'if' statement on line 70 (knowledge_loader.py, line 71)
Traceback (most recent call last):
  File "D:\YiFeiAI-GD\src\decision\hybrid_decision_engine_v4.py", line 280, in _enhance_candidates
    from knowledge.knowledge_enhanced_decision import KnowledgeEnhancedDecisionEngine
  File "D:\YiFeiAI-GD\src\knowledge\knowledge_enhanced_decision.py", line 19, in <module>
    from knowledge.knowledge_loader import KnowledgeLoader
  File "D:\YiFeiAI-GD\src\knowledge\knowledge_loader.py", line 71
    try:
    ^^^
IndentationError: expected an indented block after 'if' statement on line 70
[15:11:34] [yf2_v5] [INFO] 2号位打出['PASS', 'PASS', 'PASS']， 最大动作为1号位打出的['Single', 'K', ['SK']]
[15:11:34] [yf2_v5] [INFO] 0号位打出['PASS', 'PASS', 'PASS']， 最大动作为1号位打出的['Single', 'K', ['SK']]
[15:11:34] [yf2_v5] [INFO] 1号位打出['Single', 'A', ['DA']]， 最大动作为1号位打出的['Single', 'A', ['DA']]
[15:11:34] [YFAdapter-P2] [INFO] [YF-P2] Decision context: myPos=2, curPos=1, greaterPos=1, teammate=0, curAction=[, actionList_size=11
[15:11:34] [YFAdapter-P2] [INFO] [YF-P2] Decided: action_index=0, action=['PASS', 'PASS', 'PASS']
[15:11:34] [YFAdapter-P2] [WARNING] [YF-P2] 检测到过于保守: 对手快走完(剩0张), 触发Layer 2/3进行更积极的决策
[15:11:34] [HybridV4-P2] [ERROR] Knowledge enhancement error: expected an indented block after 'if' statement on line 70 (knowledge_loader.py, line 71)
Traceback (most recent call last):
  File "D:\YiFeiAI-GD\src\decision\hybrid_decision_engine_v4.py", line 280, in _enhance_candidates
    from knowledge.knowledge_enhanced_decision import KnowledgeEnhancedDecisionEngine
  File "D:\YiFeiAI-GD\src\knowledge\knowledge_enhanced_decision.py", line 19, in <module>
    from knowledge.knowledge_loader import KnowledgeLoader
  File "D:\YiFeiAI-GD\src\knowledge\knowledge_loader.py", line 71
    try:
    ^^^
IndentationError: expected an indented block after 'if' statement on line 70
[15:11:34] [yf2_v5] [INFO] 2号位打出['PASS', 'PASS', 'PASS']， 最大动作为1号位打出的['Single', 'A', ['DA']]
[15:11:34] [yf2_v5] [INFO] 0号位打出['PASS', 'PASS', 'PASS']， 最大动作为1号位打出的['Single', 'A', ['DA']]
[15:11:34] [yf2_v5] [INFO] 1号位打出['Single', 'R', ['HR']]， 最大动作为1号位打出的['Single', 'R', ['HR']]
[15:11:34] [YFAdapter-P2] [INFO] [YF-P2] Decision context: myPos=2, curPos=1, greaterPos=1, teammate=0, curAction=[, actionList_size=8
[15:11:34] [YFAdapter-P2] [INFO] [YF-P2] Decided: action_index=0, action=['PASS', 'PASS', 'PASS']
[15:11:34] [YFAdapter-P2] [WARNING] [YF-P2] 检测到过于保守: 对手快走完(剩0张), 触发Layer 2/3进行更积极的决策
[15:11:34] [HybridV4-P2] [ERROR] Knowledge enhancement error: expected an indented block after 'if' statement on line 70 (knowledge_loader.py, line 71)
Traceback (most recent call last):
  File "D:\YiFeiAI-GD\src\decision\hybrid_decision_engine_v4.py", line 280, in _enhance_candidates
    from knowledge.knowledge_enhanced_decision import KnowledgeEnhancedDecisionEngine
  File "D:\YiFeiAI-GD\src\knowledge\knowledge_enhanced_decision.py", line 19, in <module>
    from knowledge.knowledge_loader import KnowledgeLoader
  File "D:\YiFeiAI-GD\src\knowledge\knowledge_loader.py", line 71
    try:
    ^^^
IndentationError: expected an indented block after 'if' statement on line 70
[15:11:34] [yf2_v5] [INFO] 2号位打出['PASS', 'PASS', 'PASS']， 最大动作为1号位打出的['Single', 'R', ['HR']]
[15:11:34] [yf2_v5] [INFO] 0号位打出['PASS', 'PASS', 'PASS']， 最大动作为1号位打出的['Single', 'R', ['HR']]
[15:11:34] [yf2_v5] [INFO] 1号位打出['Single', '5', ['S5']]， 最大动作为1号位打出的['Single', '5', ['S5']]
[15:11:34] [YFAdapter-P2] [INFO] [YF-P2] Decision context: myPos=2, curPos=1, greaterPos=1, teammate=0, curAction=[, actionList_size=28
[15:11:34] [YFAdapter-P2] [INFO] [YF-P2] Decided: action_index=0, action=['PASS', 'PASS', 'PASS']
[15:11:34] [YFAdapter-P2] [WARNING] [YF-P2] 检测到过于保守: 对手快走完(剩0张), 触发Layer 2/3进行更积极的决策
[15:11:34] [HybridV4-P2] [ERROR] Knowledge enhancement error: expected an indented block after 'if' statement on line 70 (knowledge_loader.py, line 71)
Traceback (most recent call last):
  File "D:\YiFeiAI-GD\src\decision\hybrid_decision_engine_v4.py", line 280, in _enhance_candidates
    from knowledge.knowledge_enhanced_decision import KnowledgeEnhancedDecisionEngine
  File "D:\YiFeiAI-GD\src\knowledge\knowledge_enhanced_decision.py", line 19, in <module>
    from knowledge.knowledge_loader import KnowledgeLoader
  File "D:\YiFeiAI-GD\src\knowledge\knowledge_loader.py", line 71
    try:
    ^^^
IndentationError: expected an indented block after 'if' statement on line 70
[15:11:34] [yf2_v5] [INFO] 2号位打出['PASS', 'PASS', 'PASS']， 最大动作为1号位打出的['Single', '5', ['S5']]
[15:11:34] [yf2_v5] [INFO] 0号位打出['Single', 'K', ['CK']]， 最大动作为0号位打出的['Single', 'K', ['CK']]
[15:11:34] [yf2_v5] [INFO] 1号位打出['PASS', 'PASS', 'PASS']， 最大动作为0号位打出的['Single', 'K', ['CK']]
[15:11:34] [YFAdapter-P2] [INFO] [YF-P2] Decision context: myPos=2, curPos=1, greaterPos=0, teammate=0, curAction=[, actionList_size=12
[15:11:34] [YFAdapter-P2] [INFO] [YF-P2] Decided: action_index=0, action=['PASS', 'PASS', 'PASS']
[15:11:34] [YFAdapter-P2] [WARNING] [YF-P2] 检测到过于保守: 对手快走完(剩0张), 触发Layer 2/3进行更积极的决策
[15:11:34] [HybridV4-P2] [ERROR] Knowledge enhancement error: expected an indented block after 'if' statement on line 70 (knowledge_loader.py, line 71)
Traceback (most recent call last):
  File "D:\YiFeiAI-GD\src\decision\hybrid_decision_engine_v4.py", line 280, in _enhance_candidates
    from knowledge.knowledge_enhanced_decision import KnowledgeEnhancedDecisionEngine
  File "D:\YiFeiAI-GD\src\knowledge\knowledge_enhanced_decision.py", line 19, in <module>
    from knowledge.knowledge_loader import KnowledgeLoader
  File "D:\YiFeiAI-GD\src\knowledge\knowledge_loader.py", line 71
    try:
    ^^^
IndentationError: expected an indented block after 'if' statement on line 70
[15:11:34] [yf2_v5] [INFO] 2号位打出['PASS', 'PASS', 'PASS']， 最大动作为0号位打出的['Single', 'K', ['CK']]
[15:11:34] [yf2_v5] [INFO] 0号位打出['Single', '3', ['D3']]， 最大动作为0号位打出的['Single', '3', ['D3']]
[15:11:34] [yf2_v5] [INFO] 1号位打出['PASS', 'PASS', 'PASS']， 最大动作为0号位打出的['Single', '3', ['D3']]
[15:11:34] [YFAdapter-P2] [INFO] [YF-P2] Decision context: myPos=2, curPos=1, greaterPos=0, teammate=0, curAction=[, actionList_size=31
[15:11:34] [YFAdapter-P2] [INFO] [YF-P2] Decided: action_index=0, action=['PASS', 'PASS', 'PASS']
[15:11:34] [YFAdapter-P2] [WARNING] [YF-P2] 检测到过于保守: 对手快走完(剩0张), 触发Layer 2/3进行更积极的决策
[15:11:34] [HybridV4-P2] [ERROR] Knowledge enhancement error: expected an indented block after 'if' statement on line 70 (knowledge_loader.py, line 71)
Traceback (most recent call last):
  File "D:\YiFeiAI-GD\src\decision\hybrid_decision_engine_v4.py", line 280, in _enhance_candidates
    from knowledge.knowledge_enhanced_decision import KnowledgeEnhancedDecisionEngine
  File "D:\YiFeiAI-GD\src\knowledge\knowledge_enhanced_decision.py", line 19, in <module>
    from knowledge.knowledge_loader import KnowledgeLoader
  File "D:\YiFeiAI-GD\src\knowledge\knowledge_loader.py", line 71
    try:
    ^^^
IndentationError: expected an indented block after 'if' statement on line 70
[15:11:34] [yf2_v5] [INFO] 2号位打出['PASS', 'PASS', 'PASS']， 最大动作为0号位打出的['Single', '3', ['D3']]
[15:11:35] [yf2_v5] [INFO] 0号位打出['Single', '5', ['H5']]， 最大动作为0号位打出的['Single', '5', ['H5']]
[15:11:35] [yf2_v5] [INFO] 1号位打出['PASS', 'PASS', 'PASS']， 最大动作为0号位打出的['Single', '5', ['H5']]
[15:11:35] [YFAdapter-P2] [INFO] [YF-P2] Decision context: myPos=2, curPos=1, greaterPos=0, teammate=0, curAction=[, actionList_size=28
[15:11:35] [YFAdapter-P2] [INFO] [YF-P2] Decided: action_index=0, action=['PASS', 'PASS', 'PASS']
[15:11:35] [YFAdapter-P2] [WARNING] [YF-P2] 检测到过于保守: 对手快走完(剩0张), 触发Layer 2/3进行更积极的决策
[15:11:35] [HybridV4-P2] [ERROR] Knowledge enhancement error: expected an indented block after 'if' statement on line 70 (knowledge_loader.py, line 71)
Traceback (most recent call last):
  File "D:\YiFeiAI-GD\src\decision\hybrid_decision_engine_v4.py", line 280, in _enhance_candidates
    from knowledge.knowledge_enhanced_decision import KnowledgeEnhancedDecisionEngine
  File "D:\YiFeiAI-GD\src\knowledge\knowledge_enhanced_decision.py", line 19, in <module>
    from knowledge.knowledge_loader import KnowledgeLoader
  File "D:\YiFeiAI-GD\src\knowledge\knowledge_loader.py", line 71
    try:
    ^^^
IndentationError: expected an indented block after 'if' statement on line 70
[15:11:35] [yf2_v5] [INFO] 2号位打出['PASS', 'PASS', 'PASS']， 最大动作为0号位打出的['Single', '5', ['H5']]
[15:11:35] [yf2_v5] [INFO] 0号位打出['ThreePair', '7', ['S7', 'H7', 'C8', 'D8', 'H9', 'D9']]， 最大动作为0号位打出的['ThreePair', '7', ['S7', 'H7', 'C8', 'D8', 'H9', 'D9']]
[15:11:35] [yf2_v5] [INFO] 1号位打出['Bomb', '9', ['S9', 'S9', 'H9', 'C9']]， 最大动作为1号位打出的['Bomb', '9', ['S9', 'S9', 'H9', 'C9']]
[15:11:35] [YFAdapter-P2] [INFO] [YF-P2] Decision context: myPos=2, curPos=1, greaterPos=1, teammate=0, curAction=[, actionList_size=7
[15:11:35] [YFAdapter-P2] [INFO] [YF-P2] Decided: action_index=0, action=['PASS', 'PASS', 'PASS']
[15:11:35] [YFAdapter-P2] [WARNING] [YF-P2] 检测到过于保守: 对手快走完(剩0张), 触发Layer 2/3进行更积极的决策
[15:11:35] [HybridV4-P2] [ERROR] Knowledge enhancement error: expected an indented block after 'if' statement on line 70 (knowledge_loader.py, line 71)
Traceback (most recent call last):
  File "D:\YiFeiAI-GD\src\decision\hybrid_decision_engine_v4.py", line 280, in _enhance_candidates
    from knowledge.knowledge_enhanced_decision import KnowledgeEnhancedDecisionEngine
  File "D:\YiFeiAI-GD\src\knowledge\knowledge_enhanced_decision.py", line 19, in <module>
    from knowledge.knowledge_loader import KnowledgeLoader
  File "D:\YiFeiAI-GD\src\knowledge\knowledge_loader.py", line 71
    try:
    ^^^
IndentationError: expected an indented block after 'if' statement on line 70
[15:11:35] [yf2_v5] [INFO] 2号位打出['PASS', 'PASS', 'PASS']， 最大动作为1号位打出的['Bomb', '9', ['S9', 'S9', 'H9', 'C9']]
[15:11:35] [yf2_v5] [INFO] 0号位打出['PASS', 'PASS', 'PASS']， 最大动作为1号位打出的['Bomb', '9', ['S9', 'S9', 'H9', 'C9']]
[15:11:35] [yf2_v5] [INFO] 1号位打出['Trips', '5', ['H5', 'C5', 'D5']]， 最大动作为1号位打出的['Trips', '5', ['H5', 'C5', 'D5']]
[15:11:35] [yf2_v5] [INFO] 游戏开始, 我是2号位，手牌：['S2', 'H2', 'S3', 'C3', 'H4', 'C4', 'S6', 'C6', 'H7', 'H7', 'S8', 'S9', 'D9', 'ST', 'HT', 'HT', 'CT', 'HQ', 'CQ', 'HK', 'SA', 'HA', 'DA', 'H5', 'C5', 'D5', 'SB']
[15:11:35] [YFAdapter-P2] [INFO] [YF-P2] Decision context: myPos=2, curPos=-1, greaterPos=-1, teammate=0, curAction=[, actionList_size=1
[15:11:35] [YFAdapter-P2] [INFO] [YF-P2] Decided: action_index=0, action=['tribute', 'tribute', [['S', 'B']]]
[15:11:35] [HybridV4-P2] [ERROR] Knowledge enhancement error: expected an indented block after 'if' statement on line 70 (knowledge_loader.py, line 71)
Traceback (most recent call last):
  File "D:\YiFeiAI-GD\src\decision\hybrid_decision_engine_v4.py", line 280, in _enhance_candidates
    from knowledge.knowledge_enhanced_decision import KnowledgeEnhancedDecisionEngine
  File "D:\YiFeiAI-GD\src\knowledge\knowledge_enhanced_decision.py", line 19, in <module>
    from knowledge.knowledge_loader import KnowledgeLoader
  File "D:\YiFeiAI-GD\src\knowledge\knowledge_loader.py", line 71
    try:
    ^^^
IndentationError: expected an indented block after 'if' statement on line 70
[15:11:35] [YFAdapter-P2] [INFO] [YF-P2] Decision context: myPos=2, curPos=-1, greaterPos=-1, teammate=0, curAction=[, actionList_size=1231
[15:11:35] [YFAdapter-P2] [INFO] [YF-P2] Decided: action_index=10, action=['Single', '8', [['S', '8']]]
[15:11:35] [HybridV4-P2] [ERROR] Knowledge enhancement error: expected an indented block after 'if' statement on line 70 (knowledge_loader.py, line 71)
Traceback (most recent call last):
  File "D:\YiFeiAI-GD\src\decision\hybrid_decision_engine_v4.py", line 280, in _enhance_candidates
    from knowledge.knowledge_enhanced_decision import KnowledgeEnhancedDecisionEngine
  File "D:\YiFeiAI-GD\src\knowledge\knowledge_enhanced_decision.py", line 19, in <module>
    from knowledge.knowledge_loader import KnowledgeLoader
  File "D:\YiFeiAI-GD\src\knowledge\knowledge_loader.py", line 71
    try:
    ^^^
IndentationError: expected an indented block after 'if' statement on line 70
[15:11:35] [yf2_v5] [INFO] 2号位打出['Single', '8', ['S8']]， 最大动作为2号位打出的['Single', '8', ['S8']]
[15:11:35] [yf2_v5] [INFO] 3号位打出['Single', 'T', ['ST']]， 最大动作为3号位打出的['Single', 'T', ['ST']]
[15:11:35] [yf2_v5] [INFO] 0号位打出['PASS', 'PASS', 'PASS']， 最大动作为3号位打出的['Single', 'T', ['ST']]
[15:11:35] [yf2_v5] [INFO] 1号位打出['Single', '5', ['D5']]， 最大动作为1号位打出的['Single', '5', ['D5']]
[15:11:35] [YFAdapter-P2] [INFO] [YF-P2] Decision context: myPos=2, curPos=1, greaterPos=1, teammate=0, curAction=[, actionList_size=9
[15:11:35] [YFAdapter-P2] [INFO] [YF-P2] Decided: action_index=0, action=['PASS', 'PASS', 'PASS']
[15:11:35] [HybridV4-P2] [ERROR] Knowledge enhancement error: expected an indented block after 'if' statement on line 70 (knowledge_loader.py, line 71)
Traceback (most recent call last):
  File "D:\YiFeiAI-GD\src\decision\hybrid_decision_engine_v4.py", line 280, in _enhance_candidates
    from knowledge.knowledge_enhanced_decision import KnowledgeEnhancedDecisionEngine
  File "D:\YiFeiAI-GD\src\knowledge\knowledge_enhanced_decision.py", line 19, in <module>
    from knowledge.knowledge_loader import KnowledgeLoader
  File "D:\YiFeiAI-GD\src\knowledge\knowledge_loader.py", line 71
    try:
    ^^^
IndentationError: expected an indented block after 'if' statement on line 70
[15:11:35] [yf2_v5] [INFO] 2号位打出['PASS', 'PASS', 'PASS']， 最大动作为1号位打出的['Single', '5', ['D5']]
[15:11:35] [yf2_v5] [INFO] 3号位打出['PASS', 'PASS', 'PASS']， 最大动作为1号位打出的['Single', '5', ['D5']]
[15:11:35] [yf2_v5] [INFO] 0号位打出['PASS', 'PASS', 'PASS']， 最大动作为1号位打出的['Single', '5', ['D5']]
[15:11:35] [yf2_v5] [INFO] 1号位打出['Single', '4', ['C4']]， 最大动作为1号位打出的['Single', '4', ['C4']]
[15:11:35] [YFAdapter-P2] [INFO] [YF-P2] Decision context: myPos=2, curPos=1, greaterPos=1, teammate=0, curAction=[, actionList_size=27
[15:11:35] [YFAdapter-P2] [INFO] [YF-P2] Decided: action_index=0, action=['PASS', 'PASS', 'PASS']
[15:11:35] [HybridV4-P2] [ERROR] Knowledge enhancement error: expected an indented block after 'if' statement on line 70 (knowledge_loader.py, line 71)
Traceback (most recent call last):
  File "D:\YiFeiAI-GD\src\decision\hybrid_decision_engine_v4.py", line 280, in _enhance_candidates
    from knowledge.knowledge_enhanced_decision import KnowledgeEnhancedDecisionEngine
  File "D:\YiFeiAI-GD\src\knowledge\knowledge_enhanced_decision.py", line 19, in <module>
    from knowledge.knowledge_loader import KnowledgeLoader
  File "D:\YiFeiAI-GD\src\knowledge\knowledge_loader.py", line 71
    try:
    ^^^
IndentationError: expected an indented block after 'if' statement on line 70
[15:11:35] [yf2_v5] [INFO] 2号位打出['PASS', 'PASS', 'PASS']， 最大动作为1号位打出的['Single', '4', ['C4']]
[15:11:35] [yf2_v5] [INFO] 3号位打出['Single', '5', ['S5']]， 最大动作为3号位打出的['Single', '5', ['S5']]
[15:11:35] [yf2_v5] [INFO] 0号位打出['PASS', 'PASS', 'PASS']， 最大动作为3号位打出的['Single', '5', ['S5']]
[15:11:35] [yf2_v5] [INFO] 1号位打出['PASS', 'PASS', 'PASS']， 最大动作为3号位打出的['Single', '5', ['S5']]
[15:11:35] [YFAdapter-P2] [INFO] [YF-P2] Decision context: myPos=2, curPos=1, greaterPos=3, teammate=0, curAction=[, actionList_size=9
[15:11:35] [YFAdapter-P2] [INFO] [YF-P2] Decided: action_index=0, action=['PASS', 'PASS', 'PASS']
[15:11:35] [HybridV4-P2] [ERROR] Knowledge enhancement error: expected an indented block after 'if' statement on line 70 (knowledge_loader.py, line 71)
Traceback (most recent call last):
  File "D:\YiFeiAI-GD\src\decision\hybrid_decision_engine_v4.py", line 280, in _enhance_candidates
    from knowledge.knowledge_enhanced_decision import KnowledgeEnhancedDecisionEngine
  File "D:\YiFeiAI-GD\src\knowledge\knowledge_enhanced_decision.py", line 19, in <module>
    from knowledge.knowledge_loader import KnowledgeLoader
  File "D:\YiFeiAI-GD\src\knowledge\knowledge_loader.py", line 71
    try:
    ^^^
IndentationError: expected an indented block after 'if' statement on line 70
[15:11:35] [yf2_v5] [INFO] 2号位打出['PASS', 'PASS', 'PASS']， 最大动作为3号位打出的['Single', '5', ['S5']]
[15:11:35] [yf2_v5] [INFO] 3号位打出['Single', '3', ['D3']]， 最大动作为3号位打出的['Single', '3', ['D3']]
[15:11:35] [yf2_v5] [INFO] 0号位打出['PASS', 'PASS', 'PASS']， 最大动作为3号位打出的['Single', '3', ['D3']]
[15:11:35] [yf2_v5] [INFO] 1号位打出['Single', '9', ['C9']]， 最大动作为1号位打出的['Single', '9', ['C9']]
[15:11:35] [YFAdapter-P2] [INFO] [YF-P2] Decision context: myPos=2, curPos=1, greaterPos=1, teammate=0, curAction=[, actionList_size=21
[15:11:35] [YFAdapter-P2] [INFO] [YF-P2] Decided: action_index=0, action=['PASS', 'PASS', 'PASS']
[15:11:35] [HybridV4-P2] [ERROR] Knowledge enhancement error: expected an indented block after 'if' statement on line 70 (knowledge_loader.py, line 71)
Traceback (most recent call last):
  File "D:\YiFeiAI-GD\src\decision\hybrid_decision_engine_v4.py", line 280, in _enhance_candidates
    from knowledge.knowledge_enhanced_decision import KnowledgeEnhancedDecisionEngine
  File "D:\YiFeiAI-GD\src\knowledge\knowledge_enhanced_decision.py", line 19, in <module>
    from knowledge.knowledge_loader import KnowledgeLoader
  File "D:\YiFeiAI-GD\src\knowledge\knowledge_loader.py", line 71
    try:
    ^^^
IndentationError: expected an indented block after 'if' statement on line 70
[15:11:35] [yf2_v5] [INFO] 2号位打出['PASS', 'PASS', 'PASS']， 最大动作为1号位打出的['Single', '9', ['C9']]
[15:11:35] [yf2_v5] [INFO] 3号位打出['Single', '5', ['H5']]， 最大动作为3号位打出的['Single', '5', ['H5']]
[15:11:35] [yf2_v5] [INFO] 0号位打出['PASS', 'PASS', 'PASS']， 最大动作为3号位打出的['Single', '5', ['H5']]
[15:11:35] [yf2_v5] [INFO] 1号位打出['PASS', 'PASS', 'PASS']， 最大动作为3号位打出的['Single', '5', ['H5']]
[15:11:35] [YFAdapter-P2] [INFO] [YF-P2] Decision context: myPos=2, curPos=1, greaterPos=3, teammate=0, curAction=[, actionList_size=9
[15:11:35] [YFAdapter-P2] [INFO] [YF-P2] Decided: action_index=0, action=['PASS', 'PASS', 'PASS']
[15:11:35] [HybridV4-P2] [ERROR] Knowledge enhancement error: expected an indented block after 'if' statement on line 70 (knowledge_loader.py, line 71)
Traceback (most recent call last):
  File "D:\YiFeiAI-GD\src\decision\hybrid_decision_engine_v4.py", line 280, in _enhance_candidates
    from knowledge.knowledge_enhanced_decision import KnowledgeEnhancedDecisionEngine
  File "D:\YiFeiAI-GD\src\knowledge\knowledge_enhanced_decision.py", line 19, in <module>
    from knowledge.knowledge_loader import KnowledgeLoader
  File "D:\YiFeiAI-GD\src\knowledge\knowledge_loader.py", line 71
    try:
    ^^^
IndentationError: expected an indented block after 'if' statement on line 70
[15:11:35] [yf2_v5] [INFO] 2号位打出['PASS', 'PASS', 'PASS']， 最大动作为3号位打出的['Single', '5', ['H5']]
[15:11:35] [yf2_v5] [INFO] 3号位打出['Single', '4', ['D4']]， 最大动作为3号位打出的['Single', '4', ['D4']]
[15:11:35] [yf2_v5] [INFO] 0号位打出['PASS', 'PASS', 'PASS']， 最大动作为3号位打出的['Single', '4', ['D4']]
[15:11:35] [yf2_v5] [INFO] 1号位打出['Single', 'B', ['SB']]， 最大动作为1号位打出的['Single', 'B', ['SB']]
[15:11:35] [YFAdapter-P2] [INFO] [YF-P2] Decision context: myPos=2, curPos=1, greaterPos=1, teammate=0, curAction=[, actionList_size=9
[15:11:35] [YFAdapter-P2] [INFO] [YF-P2] Decided: action_index=0, action=['PASS', 'PASS', 'PASS']
[15:11:35] [HybridV4-P2] [ERROR] Knowledge enhancement error: expected an indented block after 'if' statement on line 70 (knowledge_loader.py, line 71)
Traceback (most recent call last):
  File "D:\YiFeiAI-GD\src\decision\hybrid_decision_engine_v4.py", line 280, in _enhance_candidates
    from knowledge.knowledge_enhanced_decision import KnowledgeEnhancedDecisionEngine
  File "D:\YiFeiAI-GD\src\knowledge\knowledge_enhanced_decision.py", line 19, in <module>
    from knowledge.knowledge_loader import KnowledgeLoader
  File "D:\YiFeiAI-GD\src\knowledge\knowledge_loader.py", line 71
    try:
    ^^^
IndentationError: expected an indented block after 'if' statement on line 70
[15:11:35] [yf2_v5] [INFO] 2号位打出['PASS', 'PASS', 'PASS']， 最大动作为1号位打出的['Single', 'B', ['SB']]
[15:11:35] [yf2_v5] [INFO] 3号位打出['PASS', 'PASS', 'PASS']， 最大动作为1号位打出的['Single', 'B', ['SB']]
[15:11:35] [yf2_v5] [INFO] 0号位打出['PASS', 'PASS', 'PASS']， 最大动作为1号位打出的['Single', 'B', ['SB']]
[15:11:35] [yf2_v5] [INFO] 1号位打出['ThreeWithTwo', '3', ['S3', 'H3', 'D3', 'S2', 'C2']]， 最大动作为1号位打出的['ThreeWithTwo', '3', ['S3', 'H3', 'D3', 'S2', 'C2']]
[15:11:35] [YFAdapter-P2] [INFO] [YF-P2] Decision context: myPos=2, curPos=1, greaterPos=1, teammate=0, curAction=[, actionList_size=392
[15:11:35] [YFAdapter-P2] [INFO] [YF-P2] Decided: action_index=0, action=['PASS', 'PASS', 'PASS']
[15:11:35] [HybridV4-P2] [ERROR] Knowledge enhancement error: expected an indented block after 'if' statement on line 70 (knowledge_loader.py, line 71)
Traceback (most recent call last):
  File "D:\YiFeiAI-GD\src\decision\hybrid_decision_engine_v4.py", line 280, in _enhance_candidates
    from knowledge.knowledge_enhanced_decision import KnowledgeEnhancedDecisionEngine
  File "D:\YiFeiAI-GD\src\knowledge\knowledge_enhanced_decision.py", line 19, in <module>
    from knowledge.knowledge_loader import KnowledgeLoader
  File "D:\YiFeiAI-GD\src\knowledge\knowledge_loader.py", line 71
    try:
    ^^^
IndentationError: expected an indented block after 'if' statement on line 70
[15:11:35] [yf2_v5] [INFO] 2号位打出['PASS', 'PASS', 'PASS']， 最大动作为1号位打出的['ThreeWithTwo', '3', ['S3', 'H3', 'D3', 'S2', 'C2']]
[15:11:35] [yf2_v5] [INFO] 3号位打出['ThreeWithTwo', '6', ['S6', 'C6', 'D6', 'S7', 'S7']]， 最大动作为3号位打出的['ThreeWithTwo', '6', ['S6', 'C6', 'D6', 'S7', 'S7']]
[15:11:35] [yf2_v5] [INFO] 0号位打出['PASS', 'PASS', 'PASS']， 最大动作为3号位打出的['ThreeWithTwo', '6', ['S6', 'C6', 'D6', 'S7', 'S7']]
[15:11:35] [yf2_v5] [INFO] 1号位打出['ThreeWithTwo', 'T', ['CT', 'DT', 'DT', 'C7', 'D7']]， 最大动作为1号位打出的['ThreeWithTwo', 'T', ['CT', 'DT', 'DT', 'C7', 'D7']]
[15:11:35] [YFAdapter-P2] [INFO] [YF-P2] Decision context: myPos=2, curPos=1, greaterPos=1, teammate=0, curAction=[, actionList_size=117
[15:11:35] [YFAdapter-P2] [INFO] [YF-P2] Decided: action_index=0, action=['PASS', 'PASS', 'PASS']
[15:11:35] [HybridV4-P2] [ERROR] Knowledge enhancement error: expected an indented block after 'if' statement on line 70 (knowledge_loader.py, line 71)
Traceback (most recent call last):
  File "D:\YiFeiAI-GD\src\decision\hybrid_decision_engine_v4.py", line 280, in _enhance_candidates
    from knowledge.knowledge_enhanced_decision import KnowledgeEnhancedDecisionEngine
  File "D:\YiFeiAI-GD\src\knowledge\knowledge_enhanced_decision.py", line 19, in <module>
    from knowledge.knowledge_loader import KnowledgeLoader
  File "D:\YiFeiAI-GD\src\knowledge\knowledge_loader.py", line 71
    try:
    ^^^
IndentationError: expected an indented block after 'if' statement on line 70
[15:11:35] [yf2_v5] [INFO] 2号位打出['PASS', 'PASS', 'PASS']， 最大动作为1号位打出的['ThreeWithTwo', 'T', ['CT', 'DT', 'DT', 'C7', 'D7']]
[15:11:35] [yf2_v5] [INFO] 3号位打出['PASS', 'PASS', 'PASS']， 最大动作为1号位打出的['ThreeWithTwo', 'T', ['CT', 'DT', 'DT', 'C7', 'D7']]
[15:11:35] [yf2_v5] [INFO] 0号位打出['PASS', 'PASS', 'PASS']， 最大动作为1号位打出的['ThreeWithTwo', 'T', ['CT', 'DT', 'DT', 'C7', 'D7']]
[15:11:35] [yf2_v5] [INFO] 1号位打出['ThreeWithTwo', 'K', ['SK', 'DK', 'DK', 'SQ', 'HQ']]， 最大动作为1号位打出的['ThreeWithTwo', 'K', ['SK', 'DK', 'DK', 'SQ', 'HQ']]
[15:11:35] [YFAdapter-P2] [INFO] [YF-P2] Decision context: myPos=2, curPos=1, greaterPos=1, teammate=0, curAction=[, actionList_size=101
[15:11:35] [YFAdapter-P2] [INFO] [YF-P2] Decided: action_index=0, action=['PASS', 'PASS', 'PASS']
[15:11:35] [HybridV4-P2] [ERROR] Knowledge enhancement error: expected an indented block after 'if' statement on line 70 (knowledge_loader.py, line 71)
Traceback (most recent call last):
  File "D:\YiFeiAI-GD\src\decision\hybrid_decision_engine_v4.py", line 280, in _enhance_candidates
    from knowledge.knowledge_enhanced_decision import KnowledgeEnhancedDecisionEngine
  File "D:\YiFeiAI-GD\src\knowledge\knowledge_enhanced_decision.py", line 19, in <module>
    from knowledge.knowledge_loader import KnowledgeLoader
  File "D:\YiFeiAI-GD\src\knowledge\knowledge_loader.py", line 71
    try:
    ^^^
IndentationError: expected an indented block after 'if' statement on line 70
[15:11:35] [yf2_v5] [INFO] 2号位打出['PASS', 'PASS', 'PASS']， 最大动作为1号位打出的['ThreeWithTwo', 'K', ['SK', 'DK', 'DK', 'SQ', 'HQ']]
[15:11:35] [yf2_v5] [INFO] 3号位打出['PASS', 'PASS', 'PASS']， 最大动作为1号位打出的['ThreeWithTwo', 'K', ['SK', 'DK', 'DK', 'SQ', 'HQ']]
[15:11:35] [yf2_v5] [INFO] 0号位打出['PASS', 'PASS', 'PASS']， 最大动作为1号位打出的['ThreeWithTwo', 'K', ['SK', 'DK', 'DK', 'SQ', 'HQ']]
[15:11:35] [yf2_v5] [INFO] 1号位打出['Pair', 'A', ['SA', 'DA']]， 最大动作为1号位打出的['Pair', 'A', ['SA', 'DA']]
[15:11:35] [YFAdapter-P2] [INFO] [YF-P2] Decision context: myPos=2, curPos=1, greaterPos=1, teammate=0, curAction=[, actionList_size=12
[15:11:35] [YFAdapter-P2] [INFO] [YF-P2] Decided: action_index=0, action=['PASS', 'PASS', 'PASS']
[15:11:35] [HybridV4-P2] [ERROR] Knowledge enhancement error: expected an indented block after 'if' statement on line 70 (knowledge_loader.py, line 71)
Traceback (most recent call last):
  File "D:\YiFeiAI-GD\src\decision\hybrid_decision_engine_v4.py", line 280, in _enhance_candidates
    from knowledge.knowledge_enhanced_decision import KnowledgeEnhancedDecisionEngine
  File "D:\YiFeiAI-GD\src\knowledge\knowledge_enhanced_decision.py", line 19, in <module>
    from knowledge.knowledge_loader import KnowledgeLoader
  File "D:\YiFeiAI-GD\src\knowledge\knowledge_loader.py", line 71
    try:
    ^^^
IndentationError: expected an indented block after 'if' statement on line 70
[15:11:35] [yf2_v5] [INFO] 2号位打出['PASS', 'PASS', 'PASS']， 最大动作为1号位打出的['Pair', 'A', ['SA', 'DA']]
[15:11:35] [yf2_v5] [INFO] 3号位打出['PASS', 'PASS', 'PASS']， 最大动作为1号位打出的['Pair', 'A', ['SA', 'DA']]
[15:11:35] [yf2_v5] [INFO] 0号位打出['PASS', 'PASS', 'PASS']， 最大动作为1号位打出的['Pair', 'A', ['SA', 'DA']]
[15:11:35] [yf2_v5] [INFO] 1号位打出['Pair', 'R', ['HR', 'HR']]， 最大动作为1号位打出的['Pair', 'R', ['HR', 'HR']]
[15:11:35] [YFAdapter-P2] [INFO] [YF-P2] Decision context: myPos=2, curPos=1, greaterPos=1, teammate=0, curAction=[, actionList_size=9
[15:11:35] [YFAdapter-P2] [INFO] [YF-P2] Decided: action_index=0, action=['PASS', 'PASS', 'PASS']
[15:11:35] [YFAdapter-P2] [WARNING] [YF-P2] 检测到过于保守: 对手快走完(剩4张), 触发Layer 2/3进行更积极的决策
[15:11:35] [HybridV4-P2] [ERROR] Knowledge enhancement error: expected an indented block after 'if' statement on line 70 (knowledge_loader.py, line 71)
Traceback (most recent call last):
  File "D:\YiFeiAI-GD\src\decision\hybrid_decision_engine_v4.py", line 280, in _enhance_candidates
    from knowledge.knowledge_enhanced_decision import KnowledgeEnhancedDecisionEngine
  File "D:\YiFeiAI-GD\src\knowledge\knowledge_enhanced_decision.py", line 19, in <module>
    from knowledge.knowledge_loader import KnowledgeLoader
  File "D:\YiFeiAI-GD\src\knowledge\knowledge_loader.py", line 71
    try:
    ^^^
IndentationError: expected an indented block after 'if' statement on line 70
[15:11:35] [yf2_v5] [INFO] 2号位打出['PASS', 'PASS', 'PASS']， 最大动作为1号位打出的['Pair', 'R', ['HR', 'HR']]
[15:11:35] [yf2_v5] [INFO] 3号位打出['PASS', 'PASS', 'PASS']， 最大动作为1号位打出的['Pair', 'R', ['HR', 'HR']]
[15:11:35] [yf2_v5] [INFO] 0号位打出['PASS', 'PASS', 'PASS']， 最大动作为1号位打出的['Pair', 'R', ['HR', 'HR']]
[15:11:35] [yf2_v5] [INFO] 1号位打出['Bomb', 'J', ['HJ', 'HJ', 'CJ', 'CJ']]， 最大动作为1号位打出的['Bomb', 'J', ['HJ', 'HJ', 'CJ', 'CJ']]
[15:11:35] [YFAdapter-P2] [INFO] [YF-P2] Decision context: myPos=2, curPos=1, greaterPos=1, teammate=0, curAction=[, actionList_size=3
[15:11:35] [YFAdapter-P2] [INFO] [YF-P2] Decided: action_index=0, action=['PASS', 'PASS', 'PASS']
[15:11:35] [YFAdapter-P2] [WARNING] [YF-P2] 检测到过于保守: 对手快走完(剩0张), 触发Layer 2/3进行更积极的决策
[15:11:35] [HybridV4-P2] [ERROR] Knowledge enhancement error: expected an indented block after 'if' statement on line 70 (knowledge_loader.py, line 71)
Traceback (most recent call last):
  File "D:\YiFeiAI-GD\src\decision\hybrid_decision_engine_v4.py", line 280, in _enhance_candidates
    from knowledge.knowledge_enhanced_decision import KnowledgeEnhancedDecisionEngine
  File "D:\YiFeiAI-GD\src\knowledge\knowledge_enhanced_decision.py", line 19, in <module>
    from knowledge.knowledge_loader import KnowledgeLoader
  File "D:\YiFeiAI-GD\src\knowledge\knowledge_loader.py", line 71
    try:
    ^^^
IndentationError: expected an indented block after 'if' statement on line 70
[15:11:35] [yf2_v5] [INFO] 2号位打出['PASS', 'PASS', 'PASS']， 最大动作为1号位打出的['Bomb', 'J', ['HJ', 'HJ', 'CJ', 'CJ']]
[15:11:35] [yf2_v5] [INFO] 3号位打出['PASS', 'PASS', 'PASS']， 最大动作为1号位打出的['Bomb', 'J', ['HJ', 'HJ', 'CJ', 'CJ']]
[15:11:35] [yf2_v5] [INFO] 3号位打出['Trips', 'Q', ['CQ', 'DQ', 'DQ']]， 最大动作为3号位打出的['Trips', 'Q', ['CQ', 'DQ', 'DQ']]
[15:11:35] [yf2_v5] [INFO] 0号位打出['PASS', 'PASS', 'PASS']， 最大动作为3号位打出的['Trips', 'Q', ['CQ', 'DQ', 'DQ']]
[15:11:35] [YFAdapter-P2] [INFO] [YF-P2] Decision context: myPos=2, curPos=0, greaterPos=3, teammate=0, curAction=[, actionList_size=14
[15:11:35] [YFAdapter-P2] [INFO] [YF-P2] Decided: action_index=0, action=['PASS', 'PASS', 'PASS']
[15:11:35] [YFAdapter-P2] [WARNING] [YF-P2] 检测到过于保守: 对手快走完(剩0张), 触发Layer 2/3进行更积极的决策
[15:11:35] [HybridV4-P2] [ERROR] Knowledge enhancement error: expected an indented block after 'if' statement on line 70 (knowledge_loader.py, line 71)
Traceback (most recent call last):
  File "D:\YiFeiAI-GD\src\decision\hybrid_decision_engine_v4.py", line 280, in _enhance_candidates
    from knowledge.knowledge_enhanced_decision import KnowledgeEnhancedDecisionEngine
  File "D:\YiFeiAI-GD\src\knowledge\knowledge_enhanced_decision.py", line 19, in <module>
    from knowledge.knowledge_loader import KnowledgeLoader
  File "D:\YiFeiAI-GD\src\knowledge\knowledge_loader.py", line 71
    try:
    ^^^
IndentationError: expected an indented block after 'if' statement on line 70
[15:11:35] [yf2_v5] [INFO] 2号位打出['PASS', 'PASS', 'PASS']， 最大动作为3号位打出的['Trips', 'Q', ['CQ', 'DQ', 'DQ']]
[15:11:35] [yf2_v5] [INFO] 3号位打出['ThreeWithTwo', 'K', ['SK', 'HK', 'CK', 'HA', 'CA']]， 最大动作为3号位打出的['ThreeWithTwo', 'K', ['SK', 'HK', 'CK', 'HA', 'CA']]
[15:11:35] [yf2_v5] [INFO] 0号位打出['PASS', 'PASS', 'PASS']， 最大动作为3号位打出的['ThreeWithTwo', 'K', ['SK', 'HK', 'CK', 'HA', 'CA']]
[15:11:35] [YFAdapter-P2] [INFO] [YF-P2] Decision context: myPos=2, curPos=0, greaterPos=3, teammate=0, curAction=[, actionList_size=101
[15:11:35] [YFAdapter-P2] [INFO] [YF-P2] Decided: action_index=0, action=['PASS', 'PASS', 'PASS']
[15:11:35] [YFAdapter-P2] [WARNING] [YF-P2] 检测到过于保守: 对手快走完(剩0张), 触发Layer 2/3进行更积极的决策
[15:11:35] [HybridV4-P2] [ERROR] Knowledge enhancement error: expected an indented block after 'if' statement on line 70 (knowledge_loader.py, line 71)
Traceback (most recent call last):
  File "D:\YiFeiAI-GD\src\decision\hybrid_decision_engine_v4.py", line 280, in _enhance_candidates
    from knowledge.knowledge_enhanced_decision import KnowledgeEnhancedDecisionEngine
  File "D:\YiFeiAI-GD\src\knowledge\knowledge_enhanced_decision.py", line 19, in <module>
    from knowledge.knowledge_loader import KnowledgeLoader
  File "D:\YiFeiAI-GD\src\knowledge\knowledge_loader.py", line 71
    try:
    ^^^
IndentationError: expected an indented block after 'if' statement on line 70
[15:11:35] [yf2_v5] [INFO] 2号位打出['PASS', 'PASS', 'PASS']， 最大动作为3号位打出的['ThreeWithTwo', 'K', ['SK', 'HK', 'CK', 'HA', 'CA']]
[15:11:35] [yf2_v5] [INFO] 3号位打出['Single', 'B', ['SB']]， 最大动作为3号位打出的['Single', 'B', ['SB']]
[15:11:35] [yf2_v5] [INFO] 0号位打出['PASS', 'PASS', 'PASS']， 最大动作为3号位打出的['Single', 'B', ['SB']]
[15:11:35] [YFAdapter-P2] [INFO] [YF-P2] Decision context: myPos=2, curPos=0, greaterPos=3, teammate=0, curAction=[, actionList_size=9
[15:11:35] [YFAdapter-P2] [INFO] [YF-P2] Decided: action_index=0, action=['PASS', 'PASS', 'PASS']
[15:11:35] [YFAdapter-P2] [WARNING] [YF-P2] 检测到过于保守: 对手快走完(剩0张), 触发Layer 2/3进行更积极的决策
[15:11:35] [HybridV4-P2] [ERROR] Knowledge enhancement error: expected an indented block after 'if' statement on line 70 (knowledge_loader.py, line 71)
Traceback (most recent call last):
  File "D:\YiFeiAI-GD\src\decision\hybrid_decision_engine_v4.py", line 280, in _enhance_candidates
    from knowledge.knowledge_enhanced_decision import KnowledgeEnhancedDecisionEngine
  File "D:\YiFeiAI-GD\src\knowledge\knowledge_enhanced_decision.py", line 19, in <module>
    from knowledge.knowledge_loader import KnowledgeLoader
  File "D:\YiFeiAI-GD\src\knowledge\knowledge_loader.py", line 71
    try:
    ^^^
IndentationError: expected an indented block after 'if' statement on line 70
[15:11:35] [yf2_v5] [INFO] 2号位打出['PASS', 'PASS', 'PASS']， 最大动作为3号位打出的['Single', 'B', ['SB']]
[15:11:35] [yf2_v5] [INFO] 3号位打出['Single', '9', ['H9']]， 最大动作为3号位打出的['Single', '9', ['H9']]
[15:11:35] [yf2_v5] [INFO] 0号位打出['PASS', 'PASS', 'PASS']， 最大动作为3号位打出的['Single', '9', ['H9']]
[15:11:35] [YFAdapter-P2] [INFO] [YF-P2] Decision context: myPos=2, curPos=0, greaterPos=3, teammate=0, curAction=[, actionList_size=21
[15:11:35] [YFAdapter-P2] [INFO] [YF-P2] Decided: action_index=0, action=['PASS', 'PASS', 'PASS']
[15:11:35] [YFAdapter-P2] [WARNING] [YF-P2] 检测到过于保守: 对手快走完(剩0张), 触发Layer 2/3进行更积极的决策
[15:11:35] [HybridV4-P2] [ERROR] Knowledge enhancement error: expected an indented block after 'if' statement on line 70 (knowledge_loader.py, line 71)
Traceback (most recent call last):
  File "D:\YiFeiAI-GD\src\decision\hybrid_decision_engine_v4.py", line 280, in _enhance_candidates
    from knowledge.knowledge_enhanced_decision import KnowledgeEnhancedDecisionEngine
  File "D:\YiFeiAI-GD\src\knowledge\knowledge_enhanced_decision.py", line 19, in <module>
    from knowledge.knowledge_loader import KnowledgeLoader
  File "D:\YiFeiAI-GD\src\knowledge\knowledge_loader.py", line 71
    try:
    ^^^
IndentationError: expected an indented block after 'if' statement on line 70
[15:11:35] [yf2_v5] [INFO] 2号位打出['PASS', 'PASS', 'PASS']， 最大动作为3号位打出的['Single', '9', ['H9']]
[15:11:35] [yf2_v5] [INFO] 3号位打出['Trips', '9', ['H9', 'C9', 'D9']]， 最大动作为3号位打出的['Trips', '9', ['H9', 'C9', 'D9']]
[15:11:35] [yf2_v5] [INFO] 0号位打出['PASS', 'PASS', 'PASS']， 最大动作为3号位打出的['Trips', '9', ['H9', 'C9', 'D9']]
[15:11:35] [YFAdapter-P2] [INFO] [YF-P2] Decision context: myPos=2, curPos=0, greaterPos=3, teammate=0, curAction=[, actionList_size=22
[15:11:35] [YFAdapter-P2] [INFO] [YF-P2] Decided: action_index=0, action=['PASS', 'PASS', 'PASS']
[15:11:35] [YFAdapter-P2] [WARNING] [YF-P2] 检测到过于保守: 对手快走完(剩0张), 触发Layer 2/3进行更积极的决策
[15:11:35] [HybridV4-P2] [ERROR] Knowledge enhancement error: expected an indented block after 'if' statement on line 70 (knowledge_loader.py, line 71)
Traceback (most recent call last):
  File "D:\YiFeiAI-GD\src\decision\hybrid_decision_engine_v4.py", line 280, in _enhance_candidates
    from knowledge.knowledge_enhanced_decision import KnowledgeEnhancedDecisionEngine
  File "D:\YiFeiAI-GD\src\knowledge\knowledge_enhanced_decision.py", line 19, in <module>
    from knowledge.knowledge_loader import KnowledgeLoader
  File "D:\YiFeiAI-GD\src\knowledge\knowledge_loader.py", line 71
    try:
    ^^^
IndentationError: expected an indented block after 'if' statement on line 70
[15:11:35] [yf2_v5] [INFO] 2号位打出['PASS', 'PASS', 'PASS']， 最大动作为3号位打出的['Trips', '9', ['H9', 'C9', 'D9']]
[15:11:35] [yf2_v5] [INFO] 3号位打出['Bomb', 'J', ['SJ', 'SJ', 'DJ', 'DJ']]， 最大动作为3号位打出的['Bomb', 'J', ['SJ', 'SJ', 'DJ', 'DJ']]
[15:11:35] [yf2_v5] [INFO] 游戏开始, 我是2号位，手牌：['S2', 'D3', 'H4', 'H4', 'C4', 'D4', 'S6', 'H6', 'H6', 'C6', 'S7', 'D7', 'H9', 'C9', 'D9', 'CT', 'DT', 'HJ', 'DJ', 'DQ', 'HK', 'HA', 'CA', 'S8', 'H8', 'C8', 'D8']
[15:11:35] [YFAdapter-P2] [INFO] [YF-P2] Decision context: myPos=2, curPos=-1, greaterPos=-1, teammate=0, curAction=[, actionList_size=3
[15:11:35] [YFAdapter-P2] [INFO] [YF-P2] Decided: action_index=0, action=['tribute', 'tribute', [['S', '8']]]
[15:11:35] [HybridV4-P2] [ERROR] Knowledge enhancement error: expected an indented block after 'if' statement on line 70 (knowledge_loader.py, line 71)
Traceback (most recent call last):
  File "D:\YiFeiAI-GD\src\decision\hybrid_decision_engine_v4.py", line 280, in _enhance_candidates
    from knowledge.knowledge_enhanced_decision import KnowledgeEnhancedDecisionEngine
  File "D:\YiFeiAI-GD\src\knowledge\knowledge_enhanced_decision.py", line 19, in <module>
    from knowledge.knowledge_loader import KnowledgeLoader
  File "D:\YiFeiAI-GD\src\knowledge\knowledge_loader.py", line 71
    try:
    ^^^
IndentationError: expected an indented block after 'if' statement on line 70
[15:11:35] [yf2_v5] [INFO] 0号位打出['Single', '6', ['D6']]， 最大动作为0号位打出的['Single', '6', ['D6']]
[15:11:35] [yf2_v5] [INFO] 1号位打出['Single', 'J', ['SJ']]， 最大动作为1号位打出的['Single', 'J', ['SJ']]
[15:11:35] [YFAdapter-P2] [INFO] [YF-P2] Decision context: myPos=2, curPos=1, greaterPos=1, teammate=0, curAction=[, actionList_size=22
[15:11:35] [YFAdapter-P2] [INFO] [YF-P2] Decided: action_index=0, action=['PASS', 'PASS', 'PASS']
[15:11:35] [HybridV4-P2] [ERROR] Knowledge enhancement error: expected an indented block after 'if' statement on line 70 (knowledge_loader.py, line 71)
Traceback (most recent call last):
  File "D:\YiFeiAI-GD\src\decision\hybrid_decision_engine_v4.py", line 280, in _enhance_candidates
    from knowledge.knowledge_enhanced_decision import KnowledgeEnhancedDecisionEngine
  File "D:\YiFeiAI-GD\src\knowledge\knowledge_enhanced_decision.py", line 19, in <module>
    from knowledge.knowledge_loader import KnowledgeLoader
  File "D:\YiFeiAI-GD\src\knowledge\knowledge_loader.py", line 71
    try:
    ^^^
IndentationError: expected an indented block after 'if' statement on line 70
[15:11:35] [yf2_v5] [INFO] 2号位打出['PASS', 'PASS', 'PASS']， 最大动作为1号位打出的['Single', 'J', ['SJ']]
[15:11:35] [yf2_v5] [INFO] 3号位打出['Single', '8', ['S8']]， 最大动作为3号位打出的['Single', '8', ['S8']]
[15:11:35] [yf2_v5] [INFO] 0号位打出['PASS', 'PASS', 'PASS']， 最大动作为3号位打出的['Single', '8', ['S8']]
[15:11:35] [yf2_v5] [INFO] 1号位打出['PASS', 'PASS', 'PASS']， 最大动作为3号位打出的['Single', '8', ['S8']]
[15:11:35] [YFAdapter-P2] [INFO] [YF-P2] Decision context: myPos=2, curPos=1, greaterPos=3, teammate=0, curAction=[, actionList_size=15
[15:11:35] [YFAdapter-P2] [INFO] [YF-P2] Decided: action_index=0, action=['PASS', 'PASS', 'PASS']
[15:11:35] [HybridV4-P2] [ERROR] Knowledge enhancement error: expected an indented block after 'if' statement on line 70 (knowledge_loader.py, line 71)
Traceback (most recent call last):
  File "D:\YiFeiAI-GD\src\decision\hybrid_decision_engine_v4.py", line 280, in _enhance_candidates
    from knowledge.knowledge_enhanced_decision import KnowledgeEnhancedDecisionEngine
  File "D:\YiFeiAI-GD\src\knowledge\knowledge_enhanced_decision.py", line 19, in <module>
    from knowledge.knowledge_loader import KnowledgeLoader
  File "D:\YiFeiAI-GD\src\knowledge\knowledge_loader.py", line 71
    try:
    ^^^
IndentationError: expected an indented block after 'if' statement on line 70
[15:11:35] [yf2_v5] [INFO] 2号位打出['PASS', 'PASS', 'PASS']， 最大动作为3号位打出的['Single', '8', ['S8']]
[15:11:35] [yf2_v5] [INFO] 3号位打出['Single', '5', ['S5']]， 最大动作为3号位打出的['Single', '5', ['S5']]
[15:11:35] [yf2_v5] [INFO] 0号位打出['PASS', 'PASS', 'PASS']， 最大动作为3号位打出的['Single', '5', ['S5']]
[15:11:35] [yf2_v5] [INFO] 1号位打出['Single', 'K', ['CK']]， 最大动作为1号位打出的['Single', 'K', ['CK']]
[15:11:35] [YFAdapter-P2] [INFO] [YF-P2] Decision context: myPos=2, curPos=1, greaterPos=1, teammate=0, curAction=[, actionList_size=20
[15:11:35] [YFAdapter-P2] [INFO] [YF-P2] Decided: action_index=0, action=['PASS', 'PASS', 'PASS']
[15:11:35] [HybridV4-P2] [ERROR] Knowledge enhancement error: expected an indented block after 'if' statement on line 70 (knowledge_loader.py, line 71)
Traceback (most recent call last):
  File "D:\YiFeiAI-GD\src\decision\hybrid_decision_engine_v4.py", line 280, in _enhance_candidates
    from knowledge.knowledge_enhanced_decision import KnowledgeEnhancedDecisionEngine
  File "D:\YiFeiAI-GD\src\knowledge\knowledge_enhanced_decision.py", line 19, in <module>
    from knowledge.knowledge_loader import KnowledgeLoader
  File "D:\YiFeiAI-GD\src\knowledge\knowledge_loader.py", line 71
    try:
    ^^^
IndentationError: expected an indented block after 'if' statement on line 70
[15:11:35] [yf2_v5] [INFO] 2号位打出['PASS', 'PASS', 'PASS']， 最大动作为1号位打出的['Single', 'K', ['CK']]
[15:11:35] [yf2_v5] [INFO] 3号位打出['Single', 'B', ['SB']]， 最大动作为3号位打出的['Single', 'B', ['SB']]
[15:11:35] [yf2_v5] [INFO] 0号位打出['PASS', 'PASS', 'PASS']， 最大动作为3号位打出的['Single', 'B', ['SB']]
[15:11:35] [yf2_v5] [INFO] 1号位打出['PASS', 'PASS', 'PASS']， 最大动作为3号位打出的['Single', 'B', ['SB']]
[15:11:35] [YFAdapter-P2] [INFO] [YF-P2] Decision context: myPos=2, curPos=1, greaterPos=3, teammate=0, curAction=[, actionList_size=15
[15:11:35] [YFAdapter-P2] [INFO] [YF-P2] Decided: action_index=0, action=['PASS', 'PASS', 'PASS']
[15:11:35] [HybridV4-P2] [ERROR] Knowledge enhancement error: expected an indented block after 'if' statement on line 70 (knowledge_loader.py, line 71)
Traceback (most recent call last):
  File "D:\YiFeiAI-GD\src\decision\hybrid_decision_engine_v4.py", line 280, in _enhance_candidates
    from knowledge.knowledge_enhanced_decision import KnowledgeEnhancedDecisionEngine
  File "D:\YiFeiAI-GD\src\knowledge\knowledge_enhanced_decision.py", line 19, in <module>
    from knowledge.knowledge_loader import KnowledgeLoader
  File "D:\YiFeiAI-GD\src\knowledge\knowledge_loader.py", line 71
    try:
    ^^^
IndentationError: expected an indented block after 'if' statement on line 70
[15:11:35] [yf2_v5] [INFO] 2号位打出['PASS', 'PASS', 'PASS']， 最大动作为3号位打出的['Single', 'B', ['SB']]
[15:11:35] [yf2_v5] [INFO] 3号位打出['ThreeWithTwo', '6', ['S6', 'C6', 'D6', 'H3', 'C3']]， 最大动作为3号位打出的['ThreeWithTwo', '6', ['S6', 'C6', 'D6', 'H3', 'C3']]
[15:11:35] [yf2_v5] [INFO] 0号位打出['PASS', 'PASS', 'PASS']， 最大动作为3号位打出的['ThreeWithTwo', '6', ['S6', 'C6', 'D6', 'H3', 'C3']]
[15:11:35] [yf2_v5] [INFO] 1号位打出['ThreeWithTwo', '8', ['S8', 'C8', 'D8', 'S4', 'D4']]， 最大动作为1号位打出的['ThreeWithTwo', '8', ['S8', 'C8', 'D8', 'S4', 'D4']]
[15:11:35] [YFAdapter-P2] [INFO] [YF-P2] Decision context: myPos=2, curPos=1, greaterPos=1, teammate=0, curAction=[, actionList_size=15
[15:11:35] [YFAdapter-P2] [INFO] [YF-P2] Decided: action_index=0, action=['PASS', 'PASS', 'PASS']
[15:11:35] [HybridV4-P2] [ERROR] Knowledge enhancement error: expected an indented block after 'if' statement on line 70 (knowledge_loader.py, line 71)
Traceback (most recent call last):
  File "D:\YiFeiAI-GD\src\decision\hybrid_decision_engine_v4.py", line 280, in _enhance_candidates
    from knowledge.knowledge_enhanced_decision import KnowledgeEnhancedDecisionEngine
  File "D:\YiFeiAI-GD\src\knowledge\knowledge_enhanced_decision.py", line 19, in <module>
    from knowledge.knowledge_loader import KnowledgeLoader
  File "D:\YiFeiAI-GD\src\knowledge\knowledge_loader.py", line 71
    try:
    ^^^
IndentationError: expected an indented block after 'if' statement on line 70
[15:11:35] [yf2_v5] [INFO] 2号位打出['PASS', 'PASS', 'PASS']， 最大动作为1号位打出的['ThreeWithTwo', '8', ['S8', 'C8', 'D8', 'S4', 'D4']]
[15:11:35] [yf2_v5] [INFO] 3号位打出['PASS', 'PASS', 'PASS']， 最大动作为1号位打出的['ThreeWithTwo', '8', ['S8', 'C8', 'D8', 'S4', 'D4']]
[15:11:35] [yf2_v5] [INFO] 0号位打出['PASS', 'PASS', 'PASS']， 最大动作为1号位打出的['ThreeWithTwo', '8', ['S8', 'C8', 'D8', 'S4', 'D4']]
[15:11:35] [yf2_v5] [INFO] 1号位打出['Single', '2', ['H2']]， 最大动作为1号位打出的['Single', '2', ['H2']]
[15:11:35] [YFAdapter-P2] [INFO] [YF-P2] Decision context: myPos=2, curPos=1, greaterPos=1, teammate=0, curAction=[, actionList_size=39
[15:11:35] [YFAdapter-P2] [INFO] [YF-P2] Decided: action_index=0, action=['PASS', 'PASS', 'PASS']
[15:11:35] [HybridV4-P2] [ERROR] Knowledge enhancement error: expected an indented block after 'if' statement on line 70 (knowledge_loader.py, line 71)
Traceback (most recent call last):
  File "D:\YiFeiAI-GD\src\decision\hybrid_decision_engine_v4.py", line 280, in _enhance_candidates
    from knowledge.knowledge_enhanced_decision import KnowledgeEnhancedDecisionEngine
  File "D:\YiFeiAI-GD\src\knowledge\knowledge_enhanced_decision.py", line 19, in <module>
    from knowledge.knowledge_loader import KnowledgeLoader
  File "D:\YiFeiAI-GD\src\knowledge\knowledge_loader.py", line 71
    try:
    ^^^
IndentationError: expected an indented block after 'if' statement on line 70
[15:11:35] [yf2_v5] [INFO] 2号位打出['PASS', 'PASS', 'PASS']， 最大动作为1号位打出的['Single', '2', ['H2']]
[15:11:35] [yf2_v5] [INFO] 3号位打出['Single', 'J', ['DJ']]， 最大动作为3号位打出的['Single', 'J', ['DJ']]
[15:11:35] [yf2_v5] [INFO] 0号位打出['PASS', 'PASS', 'PASS']， 最大动作为3号位打出的['Single', 'J', ['DJ']]
[15:11:35] [yf2_v5] [INFO] 1号位打出['Single', 'R', ['HR']]， 最大动作为1号位打出的['Single', 'R', ['HR']]
[15:11:35] [YFAdapter-P2] [INFO] [YF-P2] Decision context: myPos=2, curPos=1, greaterPos=1, teammate=0, curAction=[, actionList_size=15
[15:11:35] [YFAdapter-P2] [INFO] [YF-P2] Decided: action_index=0, action=['PASS', 'PASS', 'PASS']
[15:11:35] [HybridV4-P2] [ERROR] Knowledge enhancement error: expected an indented block after 'if' statement on line 70 (knowledge_loader.py, line 71)
Traceback (most recent call last):
  File "D:\YiFeiAI-GD\src\decision\hybrid_decision_engine_v4.py", line 280, in _enhance_candidates
    from knowledge.knowledge_enhanced_decision import KnowledgeEnhancedDecisionEngine
  File "D:\YiFeiAI-GD\src\knowledge\knowledge_enhanced_decision.py", line 19, in <module>
    from knowledge.knowledge_loader import KnowledgeLoader
  File "D:\YiFeiAI-GD\src\knowledge\knowledge_loader.py", line 71
    try:
    ^^^
IndentationError: expected an indented block after 'if' statement on line 70
[15:11:35] [yf2_v5] [INFO] 2号位打出['PASS', 'PASS', 'PASS']， 最大动作为1号位打出的['Single', 'R', ['HR']]
[15:11:35] [yf2_v5] [INFO] 3号位打出['PASS', 'PASS', 'PASS']， 最大动作为1号位打出的['Single', 'R', ['HR']]
[15:11:35] [yf2_v5] [INFO] 0号位打出['PASS', 'PASS', 'PASS']， 最大动作为1号位打出的['Single', 'R', ['HR']]
[15:11:35] [yf2_v5] [INFO] 1号位打出['Pair', '5', ['S5', 'C5']]， 最大动作为1号位打出的['Pair', '5', ['S5', 'C5']]
[15:11:35] [YFAdapter-P2] [INFO] [YF-P2] Decision context: myPos=2, curPos=1, greaterPos=1, teammate=0, curAction=[, actionList_size=48
[15:11:35] [YFAdapter-P2] [INFO] [YF-P2] Decided: action_index=0, action=['PASS', 'PASS', 'PASS']
[15:11:35] [HybridV4-P2] [ERROR] Knowledge enhancement error: expected an indented block after 'if' statement on line 70 (knowledge_loader.py, line 71)
Traceback (most recent call last):
  File "D:\YiFeiAI-GD\src\decision\hybrid_decision_engine_v4.py", line 280, in _enhance_candidates
    from knowledge.knowledge_enhanced_decision import KnowledgeEnhancedDecisionEngine
  File "D:\YiFeiAI-GD\src\knowledge\knowledge_enhanced_decision.py", line 19, in <module>
    from knowledge.knowledge_loader import KnowledgeLoader
  File "D:\YiFeiAI-GD\src\knowledge\knowledge_loader.py", line 71
    try:
    ^^^
IndentationError: expected an indented block after 'if' statement on line 70
[15:11:35] [yf2_v5] [INFO] 2号位打出['PASS', 'PASS', 'PASS']， 最大动作为1号位打出的['Pair', '5', ['S5', 'C5']]
[15:11:35] [yf2_v5] [INFO] 3号位打出['Pair', '9', ['S9', 'H9']]， 最大动作为3号位打出的['Pair', '9', ['S9', 'H9']]
[15:11:35] [yf2_v5] [INFO] 0号位打出['PASS', 'PASS', 'PASS']， 最大动作为3号位打出的['Pair', '9', ['S9', 'H9']]
[15:11:35] [yf2_v5] [INFO] 1号位打出['Pair', 'T', ['HT', 'DT']]， 最大动作为1号位打出的['Pair', 'T', ['HT', 'DT']]
[15:11:35] [YFAdapter-P2] [INFO] [YF-P2] Decision context: myPos=2, curPos=1, greaterPos=1, teammate=0, curAction=[, actionList_size=26
[15:11:35] [YFAdapter-P2] [INFO] [YF-P2] Decided: action_index=0, action=['PASS', 'PASS', 'PASS']
[15:11:35] [HybridV4-P2] [ERROR] Knowledge enhancement error: expected an indented block after 'if' statement on line 70 (knowledge_loader.py, line 71)
Traceback (most recent call last):
  File "D:\YiFeiAI-GD\src\decision\hybrid_decision_engine_v4.py", line 280, in _enhance_candidates
    from knowledge.knowledge_enhanced_decision import KnowledgeEnhancedDecisionEngine
  File "D:\YiFeiAI-GD\src\knowledge\knowledge_enhanced_decision.py", line 19, in <module>
    from knowledge.knowledge_loader import KnowledgeLoader
  File "D:\YiFeiAI-GD\src\knowledge\knowledge_loader.py", line 71
    try:
    ^^^
IndentationError: expected an indented block after 'if' statement on line 70
[15:11:35] [yf2_v5] [INFO] 2号位打出['PASS', 'PASS', 'PASS']， 最大动作为1号位打出的['Pair', 'T', ['HT', 'DT']]
[15:11:35] [yf2_v5] [INFO] 3号位打出['PASS', 'PASS', 'PASS']， 最大动作为1号位打出的['Pair', 'T', ['HT', 'DT']]
[15:11:35] [yf2_v5] [INFO] 0号位打出['PASS', 'PASS', 'PASS']， 最大动作为1号位打出的['Pair', 'T', ['HT', 'DT']]
[15:11:35] [yf2_v5] [INFO] 1号位打出['Pair', '9', ['S9', 'C9']]， 最大动作为1号位打出的['Pair', '9', ['S9', 'C9']]
[15:11:35] [YFAdapter-P2] [INFO] [YF-P2] Decision context: myPos=2, curPos=1, greaterPos=1, teammate=0, curAction=[, actionList_size=32
[15:11:35] [YFAdapter-P2] [INFO] [YF-P2] Decided: action_index=0, action=['PASS', 'PASS', 'PASS']
[15:11:35] [HybridV4-P2] [ERROR] Knowledge enhancement error: expected an indented block after 'if' statement on line 70 (knowledge_loader.py, line 71)
Traceback (most recent call last):
  File "D:\YiFeiAI-GD\src\decision\hybrid_decision_engine_v4.py", line 280, in _enhance_candidates
    from knowledge.knowledge_enhanced_decision import KnowledgeEnhancedDecisionEngine
  File "D:\YiFeiAI-GD\src\knowledge\knowledge_enhanced_decision.py", line 19, in <module>
    from knowledge.knowledge_loader import KnowledgeLoader
  File "D:\YiFeiAI-GD\src\knowledge\knowledge_loader.py", line 71
    try:
    ^^^
IndentationError: expected an indented block after 'if' statement on line 70
[15:11:35] [yf2_v5] [INFO] 2号位打出['PASS', 'PASS', 'PASS']， 最大动作为1号位打出的['Pair', '9', ['S9', 'C9']]
[15:11:35] [yf2_v5] [INFO] 3号位打出['PASS', 'PASS', 'PASS']， 最大动作为1号位打出的['Pair', '9', ['S9', 'C9']]
[15:11:35] [yf2_v5] [INFO] 0号位打出['PASS', 'PASS', 'PASS']， 最大动作为1号位打出的['Pair', '9', ['S9', 'C9']]
[15:11:35] [yf2_v5] [INFO] 1号位打出['Pair', '2', ['D2', 'D2']]， 最大动作为1号位打出的['Pair', '2', ['D2', 'D2']]
[15:11:35] [YFAdapter-P2] [INFO] [YF-P2] Decision context: myPos=2, curPos=1, greaterPos=1, teammate=0, curAction=[, actionList_size=56
[15:11:35] [YFAdapter-P2] [INFO] [YF-P2] Decided: action_index=0, action=['PASS', 'PASS', 'PASS']
[15:11:35] [HybridV4-P2] [ERROR] Knowledge enhancement error: expected an indented block after 'if' statement on line 70 (knowledge_loader.py, line 71)
Traceback (most recent call last):
  File "D:\YiFeiAI-GD\src\decision\hybrid_decision_engine_v4.py", line 280, in _enhance_candidates
    from knowledge.knowledge_enhanced_decision import KnowledgeEnhancedDecisionEngine
  File "D:\YiFeiAI-GD\src\knowledge\knowledge_enhanced_decision.py", line 19, in <module>
    from knowledge.knowledge_loader import KnowledgeLoader
  File "D:\YiFeiAI-GD\src\knowledge\knowledge_loader.py", line 71
    try:
    ^^^
IndentationError: expected an indented block after 'if' statement on line 70
[15:11:35] [yf2_v5] [INFO] 2号位打出['PASS', 'PASS', 'PASS']， 最大动作为1号位打出的['Pair', '2', ['D2', 'D2']]
[15:11:35] [yf2_v5] [INFO] 3号位打出['Pair', '4', ['S4', 'C4']]， 最大动作为3号位打出的['Pair', '4', ['S4', 'C4']]
[15:11:35] [yf2_v5] [INFO] 0号位打出['PASS', 'PASS', 'PASS']， 最大动作为3号位打出的['Pair', '4', ['S4', 'C4']]
[15:11:35] [yf2_v5] [INFO] 1号位打出['Pair', 'A', ['SA', 'DA']]， 最大动作为1号位打出的['Pair', 'A', ['SA', 'DA']]
[15:11:35] [YFAdapter-P2] [INFO] [YF-P2] Decision context: myPos=2, curPos=1, greaterPos=1, teammate=0, curAction=[, actionList_size=18
[15:11:35] [YFAdapter-P2] [INFO] [YF-P2] Decided: action_index=0, action=['PASS', 'PASS', 'PASS']
[15:11:35] [HybridV4-P2] [ERROR] Knowledge enhancement error: expected an indented block after 'if' statement on line 70 (knowledge_loader.py, line 71)
Traceback (most recent call last):
  File "D:\YiFeiAI-GD\src\decision\hybrid_decision_engine_v4.py", line 280, in _enhance_candidates
    from knowledge.knowledge_enhanced_decision import KnowledgeEnhancedDecisionEngine
  File "D:\YiFeiAI-GD\src\knowledge\knowledge_enhanced_decision.py", line 19, in <module>
    from knowledge.knowledge_loader import KnowledgeLoader
  File "D:\YiFeiAI-GD\src\knowledge\knowledge_loader.py", line 71
    try:
    ^^^
IndentationError: expected an indented block after 'if' statement on line 70
[15:11:35] [yf2_v5] [INFO] 2号位打出['PASS', 'PASS', 'PASS']， 最大动作为1号位打出的['Pair', 'A', ['SA', 'DA']]
[15:11:35] [yf2_v5] [INFO] 3号位打出['PASS', 'PASS', 'PASS']， 最大动作为1号位打出的['Pair', 'A', ['SA', 'DA']]
[15:11:35] [yf2_v5] [INFO] 0号位打出['PASS', 'PASS', 'PASS']， 最大动作为1号位打出的['Pair', 'A', ['SA', 'DA']]
[15:11:35] [yf2_v5] [INFO] 1号位打出['Trips', '3', ['S3', 'H3', 'C3']]， 最大动作为1号位打出的['Trips', '3', ['S3', 'H3', 'C3']]
[15:11:36] [YFAdapter-P2] [INFO] [YF-P2] Decision context: myPos=2, curPos=1, greaterPos=1, teammate=0, curAction=[, actionList_size=41
[15:11:36] [YFAdapter-P2] [INFO] [YF-P2] Decided: action_index=0, action=['PASS', 'PASS', 'PASS']
[15:11:36] [YFAdapter-P2] [WARNING] [YF-P2] 检测到过于保守: 对手快走完(剩5张), 触发Layer 2/3进行更积极的决策
[15:11:36] [HybridV4-P2] [ERROR] Knowledge enhancement error: expected an indented block after 'if' statement on line 70 (knowledge_loader.py, line 71)
Traceback (most recent call last):
  File "D:\YiFeiAI-GD\src\decision\hybrid_decision_engine_v4.py", line 280, in _enhance_candidates
    from knowledge.knowledge_enhanced_decision import KnowledgeEnhancedDecisionEngine
  File "D:\YiFeiAI-GD\src\knowledge\knowledge_enhanced_decision.py", line 19, in <module>
    from knowledge.knowledge_loader import KnowledgeLoader
  File "D:\YiFeiAI-GD\src\knowledge\knowledge_loader.py", line 71
    try:
    ^^^
IndentationError: expected an indented block after 'if' statement on line 70
[15:11:36] [yf2_v5] [INFO] 2号位打出['PASS', 'PASS', 'PASS']， 最大动作为1号位打出的['Trips', '3', ['S3', 'H3', 'C3']]
[15:11:36] [yf2_v5] [INFO] 3号位打出['Trips', 'A', ['SA', 'HA', 'DA']]， 最大动作为3号位打出的['Trips', 'A', ['SA', 'HA', 'DA']]
[15:11:36] [yf2_v5] [INFO] 0号位打出['PASS', 'PASS', 'PASS']， 最大动作为3号位打出的['Trips', 'A', ['SA', 'HA', 'DA']]
[15:11:36] [yf2_v5] [INFO] 1号位打出['Bomb', 'Q', ['SQ', 'HQ', 'HQ', 'CQ', 'DQ']]， 最大动作为1号位打出的['Bomb', 'Q', ['SQ', 'HQ', 'HQ', 'CQ', 'DQ']]
[15:11:36] [YFAdapter-P2] [INFO] [YF-P2] Decision context: myPos=2, curPos=1, greaterPos=1, teammate=0, curAction=[, actionList_size=3
[15:11:36] [YFAdapter-P2] [INFO] [YF-P2] Decided: action_index=0, action=['PASS', 'PASS', 'PASS']
[15:11:36] [YFAdapter-P2] [WARNING] [YF-P2] 检测到过于保守: 对手快走完(剩0张), 触发Layer 2/3进行更积极的决策
[15:11:36] [HybridV4-P2] [ERROR] Knowledge enhancement error: expected an indented block after 'if' statement on line 70 (knowledge_loader.py, line 71)
Traceback (most recent call last):
  File "D:\YiFeiAI-GD\src\decision\hybrid_decision_engine_v4.py", line 280, in _enhance_candidates
    from knowledge.knowledge_enhanced_decision import KnowledgeEnhancedDecisionEngine
  File "D:\YiFeiAI-GD\src\knowledge\knowledge_enhanced_decision.py", line 19, in <module>
    from knowledge.knowledge_loader import KnowledgeLoader
  File "D:\YiFeiAI-GD\src\knowledge\knowledge_loader.py", line 71
    try:
    ^^^
IndentationError: expected an indented block after 'if' statement on line 70
[15:11:36] [yf2_v5] [INFO] 2号位打出['PASS', 'PASS', 'PASS']， 最大动作为1号位打出的['Bomb', 'Q', ['SQ', 'HQ', 'HQ', 'CQ', 'DQ']]
[15:11:36] [yf2_v5] [INFO] 3号位打出['PASS', 'PASS', 'PASS']， 最大动作为1号位打出的['Bomb', 'Q', ['SQ', 'HQ', 'HQ', 'CQ', 'DQ']]
[15:11:36] [yf2_v5] [INFO] 3号位打出['Single', 'B', ['SB']]， 最大动作为3号位打出的['Single', 'B', ['SB']]
[15:11:36] [yf2_v5] [INFO] 0号位打出['PASS', 'PASS', 'PASS']， 最大动作为3号位打出的['Single', 'B', ['SB']]
[15:11:36] [YFAdapter-P2] [INFO] [YF-P2] Decision context: myPos=2, curPos=0, greaterPos=3, teammate=0, curAction=[, actionList_size=15
[15:11:36] [YFAdapter-P2] [INFO] [YF-P2] Decided: action_index=0, action=['PASS', 'PASS', 'PASS']
[15:11:36] [YFAdapter-P2] [WARNING] [YF-P2] 检测到过于保守: 对手快走完(剩0张), 触发Layer 2/3进行更积极的决策
[15:11:36] [HybridV4-P2] [ERROR] Knowledge enhancement error: expected an indented block after 'if' statement on line 70 (knowledge_loader.py, line 71)
Traceback (most recent call last):
  File "D:\YiFeiAI-GD\src\decision\hybrid_decision_engine_v4.py", line 280, in _enhance_candidates
    from knowledge.knowledge_enhanced_decision import KnowledgeEnhancedDecisionEngine
  File "D:\YiFeiAI-GD\src\knowledge\knowledge_enhanced_decision.py", line 19, in <module>
    from knowledge.knowledge_loader import KnowledgeLoader
  File "D:\YiFeiAI-GD\src\knowledge\knowledge_loader.py", line 71
    try:
    ^^^
IndentationError: expected an indented block after 'if' statement on line 70
[15:11:36] [yf2_v5] [INFO] 2号位打出['PASS', 'PASS', 'PASS']， 最大动作为3号位打出的['Single', 'B', ['SB']]
[15:11:36] [yf2_v5] [INFO] 3号位打出['Single', 'R', ['HR']]， 最大动作为3号位打出的['Single', 'R', ['HR']]
[15:11:36] [yf2_v5] [INFO] 0号位打出['PASS', 'PASS', 'PASS']， 最大动作为3号位打出的['Single', 'R', ['HR']]
[15:11:36] [YFAdapter-P2] [INFO] [YF-P2] Decision context: myPos=2, curPos=0, greaterPos=3, teammate=0, curAction=[, actionList_size=15
[15:11:36] [YFAdapter-P2] [INFO] [YF-P2] Decided: action_index=0, action=['PASS', 'PASS', 'PASS']
[15:11:36] [YFAdapter-P2] [WARNING] [YF-P2] 检测到过于保守: 对手快走完(剩0张), 触发Layer 2/3进行更积极的决策
[15:11:36] [HybridV4-P2] [ERROR] Knowledge enhancement error: expected an indented block after 'if' statement on line 70 (knowledge_loader.py, line 71)
Traceback (most recent call last):
  File "D:\YiFeiAI-GD\src\decision\hybrid_decision_engine_v4.py", line 280, in _enhance_candidates
    from knowledge.knowledge_enhanced_decision import KnowledgeEnhancedDecisionEngine
  File "D:\YiFeiAI-GD\src\knowledge\knowledge_enhanced_decision.py", line 19, in <module>
    from knowledge.knowledge_loader import KnowledgeLoader
  File "D:\YiFeiAI-GD\src\knowledge\knowledge_loader.py", line 71
    try:
    ^^^
IndentationError: expected an indented block after 'if' statement on line 70
[15:11:36] [yf2_v5] [INFO] 2号位打出['PASS', 'PASS', 'PASS']， 最大动作为3号位打出的['Single', 'R', ['HR']]
[15:11:36] [yf2_v5] [INFO] 3号位打出['Single', '7', ['S7']]， 最大动作为3号位打出的['Single', '7', ['S7']]
[15:11:36] [yf2_v5] [INFO] 0号位打出['PASS', 'PASS', 'PASS']， 最大动作为3号位打出的['Single', '7', ['S7']]
[15:11:36] [YFAdapter-P2] [INFO] [YF-P2] Decision context: myPos=2, curPos=0, greaterPos=3, teammate=0, curAction=[, actionList_size=30
[15:11:36] [YFAdapter-P2] [INFO] [YF-P2] Decided: action_index=0, action=['PASS', 'PASS', 'PASS']
[15:11:36] [YFAdapter-P2] [WARNING] [YF-P2] 检测到过于保守: 对手快走完(剩0张), 触发Layer 2/3进行更积极的决策
[15:11:36] [HybridV4-P2] [ERROR] Knowledge enhancement error: expected an indented block after 'if' statement on line 70 (knowledge_loader.py, line 71)
Traceback (most recent call last):
  File "D:\YiFeiAI-GD\src\decision\hybrid_decision_engine_v4.py", line 280, in _enhance_candidates
    from knowledge.knowledge_enhanced_decision import KnowledgeEnhancedDecisionEngine
  File "D:\YiFeiAI-GD\src\knowledge\knowledge_enhanced_decision.py", line 19, in <module>
    from knowledge.knowledge_loader import KnowledgeLoader
  File "D:\YiFeiAI-GD\src\knowledge\knowledge_loader.py", line 71
    try:
    ^^^
IndentationError: expected an indented block after 'if' statement on line 70
[15:11:36] [yf2_v5] [INFO] 2号位打出['PASS', 'PASS', 'PASS']， 最大动作为3号位打出的['Single', '7', ['S7']]
[15:11:36] [yf2_v5] [INFO] 3号位打出['Single', '7', ['H7']]， 最大动作为3号位打出的['Single', '7', ['H7']]
[15:11:36] [yf2_v5] [INFO] 0号位打出['PASS', 'PASS', 'PASS']， 最大动作为3号位打出的['Single', '7', ['H7']]
[15:11:36] [YFAdapter-P2] [INFO] [YF-P2] Decision context: myPos=2, curPos=0, greaterPos=3, teammate=0, curAction=[, actionList_size=30
[15:11:36] [YFAdapter-P2] [INFO] [YF-P2] Decided: action_index=0, action=['PASS', 'PASS', 'PASS']
[15:11:36] [YFAdapter-P2] [WARNING] [YF-P2] 检测到过于保守: 对手快走完(剩0张), 触发Layer 2/3进行更积极的决策
[15:11:36] [HybridV4-P2] [ERROR] Knowledge enhancement error: expected an indented block after 'if' statement on line 70 (knowledge_loader.py, line 71)
Traceback (most recent call last):
  File "D:\YiFeiAI-GD\src\decision\hybrid_decision_engine_v4.py", line 280, in _enhance_candidates
    from knowledge.knowledge_enhanced_decision import KnowledgeEnhancedDecisionEngine
  File "D:\YiFeiAI-GD\src\knowledge\knowledge_enhanced_decision.py", line 19, in <module>
    from knowledge.knowledge_loader import KnowledgeLoader
  File "D:\YiFeiAI-GD\src\knowledge\knowledge_loader.py", line 71
    try:
    ^^^
IndentationError: expected an indented block after 'if' statement on line 70
[15:11:36] [yf2_v5] [INFO] 2号位打出['PASS', 'PASS', 'PASS']， 最大动作为3号位打出的['Single', '7', ['H7']]
[15:11:36] [yf2_v5] [INFO] 3号位打出['Trips', '7', ['H7', 'C7', 'C7']]， 最大动作为3号位打出的['Trips', '7', ['H7', 'C7', 'C7']]
[15:11:36] [yf2_v5] [INFO] 0号位打出['PASS', 'PASS', 'PASS']， 最大动作为3号位打出的['Trips', '7', ['H7', 'C7', 'C7']]
[15:11:36] [YFAdapter-P2] [INFO] [YF-P2] Decision context: myPos=2, curPos=0, greaterPos=3, teammate=0, curAction=[, actionList_size=26
[15:11:36] [YFAdapter-P2] [INFO] [YF-P2] Decided: action_index=0, action=['PASS', 'PASS', 'PASS']
[15:11:36] [YFAdapter-P2] [WARNING] [YF-P2] 检测到过于保守: 对手快走完(剩0张), 触发Layer 2/3进行更积极的决策
[15:11:36] [HybridV4-P2] [ERROR] Knowledge enhancement error: expected an indented block after 'if' statement on line 70 (knowledge_loader.py, line 71)
Traceback (most recent call last):
  File "D:\YiFeiAI-GD\src\decision\hybrid_decision_engine_v4.py", line 280, in _enhance_candidates
    from knowledge.knowledge_enhanced_decision import KnowledgeEnhancedDecisionEngine
  File "D:\YiFeiAI-GD\src\knowledge\knowledge_enhanced_decision.py", line 19, in <module>
    from knowledge.knowledge_loader import KnowledgeLoader
  File "D:\YiFeiAI-GD\src\knowledge\knowledge_loader.py", line 71
    try:
    ^^^
IndentationError: expected an indented block after 'if' statement on line 70
[15:11:36] [yf2_v5] [INFO] 2号位打出['PASS', 'PASS', 'PASS']， 最大动作为3号位打出的['Trips', '7', ['H7', 'C7', 'C7']]
[15:11:36] [yf2_v5] [INFO] 3号位打出['Bomb', 'K', ['SK', 'SK', 'CK', 'DK']]， 最大动作为3号位打出的['Bomb', 'K', ['SK', 'SK', 'CK', 'DK']]
[15:11:36] [yf2_v5] [INFO] 游戏开始, 我是2号位，手牌：['D2', 'D2', 'C3', 'C3', 'D3', 'H4', 'S5', 'H5', 'D5', 'C6', 'D6', 'D6', 'H7', 'S8', 'H8', 'S9', 'DT', 'HQ', 'CQ', 'DQ', 'SK', 'SK', 'DK', 'SA', 'HA', 'CA', 'DJ']
[15:11:36] [YFAdapter-P2] [INFO] [YF-P2] Decision context: myPos=2, curPos=-1, greaterPos=-1, teammate=0, curAction=[, actionList_size=1
[15:11:36] [YFAdapter-P2] [INFO] [YF-P2] Decided: action_index=0, action=['tribute', 'tribute', [['D', 'J']]]
[15:11:36] [HybridV4-P2] [ERROR] Knowledge enhancement error: expected an indented block after 'if' statement on line 70 (knowledge_loader.py, line 71)
Traceback (most recent call last):
  File "D:\YiFeiAI-GD\src\decision\hybrid_decision_engine_v4.py", line 280, in _enhance_candidates
    from knowledge.knowledge_enhanced_decision import KnowledgeEnhancedDecisionEngine
  File "D:\YiFeiAI-GD\src\knowledge\knowledge_enhanced_decision.py", line 19, in <module>
    from knowledge.knowledge_loader import KnowledgeLoader
  File "D:\YiFeiAI-GD\src\knowledge\knowledge_loader.py", line 71
    try:
    ^^^
IndentationError: expected an indented block after 'if' statement on line 70
[15:11:36] [YFAdapter-P2] [INFO] [YF-P2] Decision context: myPos=2, curPos=-1, greaterPos=-1, teammate=0, curAction=[, actionList_size=302
[15:11:36] [YFAdapter-P2] [INFO] [YF-P2] Decided: action_index=12, action=['Single', '8', [['H', '8']]]
[15:11:36] [HybridV4-P2] [ERROR] Knowledge enhancement error: expected an indented block after 'if' statement on line 70 (knowledge_loader.py, line 71)
Traceback (most recent call last):
  File "D:\YiFeiAI-GD\src\decision\hybrid_decision_engine_v4.py", line 280, in _enhance_candidates
    from knowledge.knowledge_enhanced_decision import KnowledgeEnhancedDecisionEngine
  File "D:\YiFeiAI-GD\src\knowledge\knowledge_enhanced_decision.py", line 19, in <module>
    from knowledge.knowledge_loader import KnowledgeLoader
  File "D:\YiFeiAI-GD\src\knowledge\knowledge_loader.py", line 71
    try:
    ^^^
IndentationError: expected an indented block after 'if' statement on line 70
[15:11:36] [yf2_v5] [INFO] 2号位打出['Single', '8', ['H8']]， 最大动作为2号位打出的['Single', '8', ['H8']]
[15:11:36] [yf2_v5] [INFO] 3号位打出['Single', 'J', ['SJ']]， 最大动作为3号位打出的['Single', 'J', ['SJ']]
[15:11:36] [yf2_v5] [INFO] 0号位打出['PASS', 'PASS', 'PASS']， 最大动作为3号位打出的['Single', 'J', ['SJ']]
[15:11:36] [yf2_v5] [INFO] 1号位打出['PASS', 'PASS', 'PASS']， 最大动作为3号位打出的['Single', 'J', ['SJ']]
[15:11:36] [YFAdapter-P2] [INFO] [YF-P2] Decision context: myPos=2, curPos=1, greaterPos=3, teammate=0, curAction=[, actionList_size=1
[15:11:36] [YFAdapter-P2] [INFO] [YF-P2] Decided: action_index=0, action=['PASS', 'PASS', 'PASS']
[15:11:36] [HybridV4-P2] [ERROR] Knowledge enhancement error: expected an indented block after 'if' statement on line 70 (knowledge_loader.py, line 71)
Traceback (most recent call last):
  File "D:\YiFeiAI-GD\src\decision\hybrid_decision_engine_v4.py", line 280, in _enhance_candidates
    from knowledge.knowledge_enhanced_decision import KnowledgeEnhancedDecisionEngine
  File "D:\YiFeiAI-GD\src\knowledge\knowledge_enhanced_decision.py", line 19, in <module>
    from knowledge.knowledge_loader import KnowledgeLoader
  File "D:\YiFeiAI-GD\src\knowledge\knowledge_loader.py", line 71
    try:
    ^^^
IndentationError: expected an indented block after 'if' statement on line 70
[15:11:36] [yf2_v5] [INFO] 2号位打出['PASS', 'PASS', 'PASS']， 最大动作为3号位打出的['Single', 'J', ['SJ']]
[15:11:36] [yf2_v5] [INFO] 3号位打出['Single', '2', ['C2']]， 最大动作为3号位打出的['Single', '2', ['C2']]
[15:11:36] [yf2_v5] [INFO] 0号位打出['PASS', 'PASS', 'PASS']， 最大动作为3号位打出的['Single', '2', ['C2']]
[15:11:36] [yf2_v5] [INFO] 1号位打出['Single', 'K', ['CK']]， 最大动作为1号位打出的['Single', 'K', ['CK']]
[15:11:36] [YFAdapter-P2] [INFO] [YF-P2] Decision context: myPos=2, curPos=1, greaterPos=1, teammate=0, curAction=[, actionList_size=4
[15:11:36] [YFAdapter-P2] [INFO] [YF-P2] Decided: action_index=0, action=['PASS', 'PASS', 'PASS']
[15:11:36] [HybridV4-P2] [ERROR] Knowledge enhancement error: expected an indented block after 'if' statement on line 70 (knowledge_loader.py, line 71)
Traceback (most recent call last):
  File "D:\YiFeiAI-GD\src\decision\hybrid_decision_engine_v4.py", line 280, in _enhance_candidates
    from knowledge.knowledge_enhanced_decision import KnowledgeEnhancedDecisionEngine
  File "D:\YiFeiAI-GD\src\knowledge\knowledge_enhanced_decision.py", line 19, in <module>
    from knowledge.knowledge_loader import KnowledgeLoader
  File "D:\YiFeiAI-GD\src\knowledge\knowledge_loader.py", line 71
    try:
    ^^^
IndentationError: expected an indented block after 'if' statement on line 70
[15:11:36] [yf2_v5] [INFO] 2号位打出['PASS', 'PASS', 'PASS']， 最大动作为1号位打出的['Single', 'K', ['CK']]
[15:11:36] [yf2_v5] [INFO] 3号位打出['Single', 'J', ['SJ']]， 最大动作为3号位打出的['Single', 'J', ['SJ']]
[15:11:36] [yf2_v5] [INFO] 0号位打出['PASS', 'PASS', 'PASS']， 最大动作为3号位打出的['Single', 'J', ['SJ']]
[15:11:36] [yf2_v5] [INFO] 1号位打出['PASS', 'PASS', 'PASS']， 最大动作为3号位打出的['Single', 'J', ['SJ']]
[15:11:36] [YFAdapter-P2] [INFO] [YF-P2] Decision context: myPos=2, curPos=1, greaterPos=3, teammate=0, curAction=[, actionList_size=1
[15:11:36] [YFAdapter-P2] [INFO] [YF-P2] Decided: action_index=0, action=['PASS', 'PASS', 'PASS']
[15:11:36] [HybridV4-P2] [ERROR] Knowledge enhancement error: expected an indented block after 'if' statement on line 70 (knowledge_loader.py, line 71)
Traceback (most recent call last):
  File "D:\YiFeiAI-GD\src\decision\hybrid_decision_engine_v4.py", line 280, in _enhance_candidates
    from knowledge.knowledge_enhanced_decision import KnowledgeEnhancedDecisionEngine
  File "D:\YiFeiAI-GD\src\knowledge\knowledge_enhanced_decision.py", line 19, in <module>
    from knowledge.knowledge_loader import KnowledgeLoader
  File "D:\YiFeiAI-GD\src\knowledge\knowledge_loader.py", line 71
    try:
    ^^^
IndentationError: expected an indented block after 'if' statement on line 70
[15:11:36] [yf2_v5] [INFO] 2号位打出['PASS', 'PASS', 'PASS']， 最大动作为3号位打出的['Single', 'J', ['SJ']]
[15:11:36] [yf2_v5] [INFO] 3号位打出['Single', '5', ['C5']]， 最大动作为3号位打出的['Single', '5', ['C5']]
[15:11:36] [yf2_v5] [INFO] 0号位打出['PASS', 'PASS', 'PASS']， 最大动作为3号位打出的['Single', '5', ['C5']]
[15:11:36] [yf2_v5] [INFO] 1号位打出['Single', 'J', ['DJ']]， 最大动作为1号位打出的['Single', 'J', ['DJ']]
[15:11:36] [YFAdapter-P2] [INFO] [YF-P2] Decision context: myPos=2, curPos=1, greaterPos=1, teammate=0, curAction=[, actionList_size=1
[15:11:36] [YFAdapter-P2] [INFO] [YF-P2] Decided: action_index=0, action=['PASS', 'PASS', 'PASS']
[15:11:36] [HybridV4-P2] [ERROR] Knowledge enhancement error: expected an indented block after 'if' statement on line 70 (knowledge_loader.py, line 71)
Traceback (most recent call last):
  File "D:\YiFeiAI-GD\src\decision\hybrid_decision_engine_v4.py", line 280, in _enhance_candidates
    from knowledge.knowledge_enhanced_decision import KnowledgeEnhancedDecisionEngine
  File "D:\YiFeiAI-GD\src\knowledge\knowledge_enhanced_decision.py", line 19, in <module>
    from knowledge.knowledge_loader import KnowledgeLoader
  File "D:\YiFeiAI-GD\src\knowledge\knowledge_loader.py", line 71
    try:
    ^^^
IndentationError: expected an indented block after 'if' statement on line 70
[15:11:36] [yf2_v5] [INFO] 2号位打出['PASS', 'PASS', 'PASS']， 最大动作为1号位打出的['Single', 'J', ['DJ']]
[15:11:36] [yf2_v5] [INFO] 3号位打出['PASS', 'PASS', 'PASS']， 最大动作为1号位打出的['Single', 'J', ['DJ']]
[15:11:36] [yf2_v5] [INFO] 0号位打出['PASS', 'PASS', 'PASS']， 最大动作为1号位打出的['Single', 'J', ['DJ']]
[15:11:36] [yf2_v5] [INFO] 1号位打出['Single', '2', ['H2']]， 最大动作为1号位打出的['Single', '2', ['H2']]
[15:11:36] [YFAdapter-P2] [INFO] [YF-P2] Decision context: myPos=2, curPos=1, greaterPos=1, teammate=0, curAction=[, actionList_size=22
[15:11:36] [YFAdapter-P2] [INFO] [YF-P2] Decided: action_index=0, action=['PASS', 'PASS', 'PASS']
[15:11:36] [HybridV4-P2] [ERROR] Knowledge enhancement error: expected an indented block after 'if' statement on line 70 (knowledge_loader.py, line 71)
Traceback (most recent call last):
  File "D:\YiFeiAI-GD\src\decision\hybrid_decision_engine_v4.py", line 280, in _enhance_candidates
    from knowledge.knowledge_enhanced_decision import KnowledgeEnhancedDecisionEngine
  File "D:\YiFeiAI-GD\src\knowledge\knowledge_enhanced_decision.py", line 19, in <module>
    from knowledge.knowledge_loader import KnowledgeLoader
  File "D:\YiFeiAI-GD\src\knowledge\knowledge_loader.py", line 71
    try:
    ^^^
IndentationError: expected an indented block after 'if' statement on line 70
[15:11:36] [yf2_v5] [INFO] 2号位打出['PASS', 'PASS', 'PASS']， 最大动作为1号位打出的['Single', '2', ['H2']]
[15:11:36] [yf2_v5] [INFO] 3号位打出['Single', '8', ['C8']]， 最大动作为3号位打出的['Single', '8', ['C8']]
[15:11:36] [yf2_v5] [INFO] 0号位打出['PASS', 'PASS', 'PASS']， 最大动作为3号位打出的['Single', '8', ['C8']]
[15:11:36] [yf2_v5] [INFO] 1号位打出['Single', 'J', ['DJ']]， 最大动作为1号位打出的['Single', 'J', ['DJ']]
[15:11:36] [YFAdapter-P2] [INFO] [YF-P2] Decision context: myPos=2, curPos=1, greaterPos=1, teammate=0, curAction=[, actionList_size=1
[15:11:36] [YFAdapter-P2] [INFO] [YF-P2] Decided: action_index=0, action=['PASS', 'PASS', 'PASS']
[15:11:36] [HybridV4-P2] [ERROR] Knowledge enhancement error: expected an indented block after 'if' statement on line 70 (knowledge_loader.py, line 71)
Traceback (most recent call last):
  File "D:\YiFeiAI-GD\src\decision\hybrid_decision_engine_v4.py", line 280, in _enhance_candidates
    from knowledge.knowledge_enhanced_decision import KnowledgeEnhancedDecisionEngine
  File "D:\YiFeiAI-GD\src\knowledge\knowledge_enhanced_decision.py", line 19, in <module>
    from knowledge.knowledge_loader import KnowledgeLoader
  File "D:\YiFeiAI-GD\src\knowledge\knowledge_loader.py", line 71
    try:
    ^^^
IndentationError: expected an indented block after 'if' statement on line 70
[15:11:36] [yf2_v5] [INFO] 2号位打出['PASS', 'PASS', 'PASS']， 最大动作为1号位打出的['Single', 'J', ['DJ']]
[15:11:36] [yf2_v5] [INFO] 3号位打出['PASS', 'PASS', 'PASS']， 最大动作为1号位打出的['Single', 'J', ['DJ']]
[15:11:36] [yf2_v5] [INFO] 0号位打出['PASS', 'PASS', 'PASS']， 最大动作为1号位打出的['Single', 'J', ['DJ']]
[15:11:36] [yf2_v5] [INFO] 1号位打出['Single', '2', ['H2']]， 最大动作为1号位打出的['Single', '2', ['H2']]
[15:11:36] [YFAdapter-P2] [INFO] [YF-P2] Decision context: myPos=2, curPos=1, greaterPos=1, teammate=0, curAction=[, actionList_size=22
[15:11:36] [YFAdapter-P2] [INFO] [YF-P2] Decided: action_index=0, action=['PASS', 'PASS', 'PASS']
[15:11:36] [HybridV4-P2] [ERROR] Knowledge enhancement error: expected an indented block after 'if' statement on line 70 (knowledge_loader.py, line 71)
Traceback (most recent call last):
  File "D:\YiFeiAI-GD\src\decision\hybrid_decision_engine_v4.py", line 280, in _enhance_candidates
    from knowledge.knowledge_enhanced_decision import KnowledgeEnhancedDecisionEngine
  File "D:\YiFeiAI-GD\src\knowledge\knowledge_enhanced_decision.py", line 19, in <module>
    from knowledge.knowledge_loader import KnowledgeLoader
  File "D:\YiFeiAI-GD\src\knowledge\knowledge_loader.py", line 71
    try:
    ^^^
IndentationError: expected an indented block after 'if' statement on line 70
[15:11:36] [yf2_v5] [INFO] 2号位打出['PASS', 'PASS', 'PASS']， 最大动作为1号位打出的['Single', '2', ['H2']]
[15:11:36] [yf2_v5] [INFO] 3号位打出['Single', 'R', ['HR']]， 最大动作为3号位打出的['Single', 'R', ['HR']]
[15:11:36] [yf2_v5] [INFO] 0号位打出['PASS', 'PASS', 'PASS']， 最大动作为3号位打出的['Single', 'R', ['HR']]
[15:11:36] [yf2_v5] [INFO] 1号位打出['PASS', 'PASS', 'PASS']， 最大动作为3号位打出的['Single', 'R', ['HR']]
[15:11:36] [YFAdapter-P2] [INFO] [YF-P2] Decision context: myPos=2, curPos=1, greaterPos=3, teammate=0, curAction=[, actionList_size=1
[15:11:36] [YFAdapter-P2] [INFO] [YF-P2] Decided: action_index=0, action=['PASS', 'PASS', 'PASS']
[15:11:36] [HybridV4-P2] [ERROR] Knowledge enhancement error: expected an indented block after 'if' statement on line 70 (knowledge_loader.py, line 71)
Traceback (most recent call last):
  File "D:\YiFeiAI-GD\src\decision\hybrid_decision_engine_v4.py", line 280, in _enhance_candidates
    from knowledge.knowledge_enhanced_decision import KnowledgeEnhancedDecisionEngine
  File "D:\YiFeiAI-GD\src\knowledge\knowledge_enhanced_decision.py", line 19, in <module>
    from knowledge.knowledge_loader import KnowledgeLoader
  File "D:\YiFeiAI-GD\src\knowledge\knowledge_loader.py", line 71
    try:
    ^^^
IndentationError: expected an indented block after 'if' statement on line 70
[15:11:36] [yf2_v5] [INFO] 2号位打出['PASS', 'PASS', 'PASS']， 最大动作为3号位打出的['Single', 'R', ['HR']]
[15:11:36] [yf2_v5] [INFO] 3号位打出['ThreeWithTwo', '6', ['S6', 'H6', 'C6', 'S3', 'S3']]， 最大动作为3号位打出的['ThreeWithTwo', '6', ['S6', 'H6', 'C6', 'S3', 'S3']]
[15:11:36] [yf2_v5] [INFO] 0号位打出['PASS', 'PASS', 'PASS']， 最大动作为3号位打出的['ThreeWithTwo', '6', ['S6', 'H6', 'C6', 'S3', 'S3']]
[15:11:36] [yf2_v5] [INFO] 1号位打出['ThreeWithTwo', '7', ['S7', 'H7', 'D7', 'H5', 'C5']]， 最大动作为1号位打出的['ThreeWithTwo', '7', ['S7', 'H7', 'D7', 'H5', 'C5']]
[15:11:36] [YFAdapter-P2] [INFO] [YF-P2] Decision context: myPos=2, curPos=1, greaterPos=1, teammate=0, curAction=[, actionList_size=44
[15:11:36] [YFAdapter-P2] [INFO] [YF-P2] Decided: action_index=0, action=['PASS', 'PASS', 'PASS']
[15:11:36] [HybridV4-P2] [ERROR] Knowledge enhancement error: expected an indented block after 'if' statement on line 70 (knowledge_loader.py, line 71)
Traceback (most recent call last):
  File "D:\YiFeiAI-GD\src\decision\hybrid_decision_engine_v4.py", line 280, in _enhance_candidates
    from knowledge.knowledge_enhanced_decision import KnowledgeEnhancedDecisionEngine
  File "D:\YiFeiAI-GD\src\knowledge\knowledge_enhanced_decision.py", line 19, in <module>
    from knowledge.knowledge_loader import KnowledgeLoader
  File "D:\YiFeiAI-GD\src\knowledge\knowledge_loader.py", line 71
    try:
    ^^^
IndentationError: expected an indented block after 'if' statement on line 70
[15:11:36] [yf2_v5] [INFO] 2号位打出['PASS', 'PASS', 'PASS']， 最大动作为1号位打出的['ThreeWithTwo', '7', ['S7', 'H7', 'D7', 'H5', 'C5']]
[15:11:36] [yf2_v5] [INFO] 3号位打出['ThreeWithTwo', 'K', ['HK', 'CK', 'DK', 'HT', 'CT']]， 最大动作为3号位打出的['ThreeWithTwo', 'K', ['HK', 'CK', 'DK', 'HT', 'CT']]
[15:11:36] [yf2_v5] [INFO] 0号位打出['PASS', 'PASS', 'PASS']， 最大动作为3号位打出的['ThreeWithTwo', 'K', ['HK', 'CK', 'DK', 'HT', 'CT']]
[15:11:36] [yf2_v5] [INFO] 1号位打出['PASS', 'PASS', 'PASS']， 最大动作为3号位打出的['ThreeWithTwo', 'K', ['HK', 'CK', 'DK', 'HT', 'CT']]
[15:11:36] [YFAdapter-P2] [INFO] [YF-P2] Decision context: myPos=2, curPos=1, greaterPos=3, teammate=0, curAction=[, actionList_size=15
[15:11:36] [YFAdapter-P2] [INFO] [YF-P2] Decided: action_index=0, action=['PASS', 'PASS', 'PASS']
[15:11:36] [HybridV4-P2] [ERROR] Knowledge enhancement error: expected an indented block after 'if' statement on line 70 (knowledge_loader.py, line 71)
Traceback (most recent call last):
  File "D:\YiFeiAI-GD\src\decision\hybrid_decision_engine_v4.py", line 280, in _enhance_candidates
    from knowledge.knowledge_enhanced_decision import KnowledgeEnhancedDecisionEngine
  File "D:\YiFeiAI-GD\src\knowledge\knowledge_enhanced_decision.py", line 19, in <module>
    from knowledge.knowledge_loader import KnowledgeLoader
  File "D:\YiFeiAI-GD\src\knowledge\knowledge_loader.py", line 71
    try:
    ^^^
IndentationError: expected an indented block after 'if' statement on line 70
[15:11:36] [yf2_v5] [INFO] 2号位打出['PASS', 'PASS', 'PASS']， 最大动作为3号位打出的['ThreeWithTwo', 'K', ['HK', 'CK', 'DK', 'HT', 'CT']]
[15:11:36] [yf2_v5] [INFO] 3号位打出['Pair', 'Q', ['SQ', 'CQ']]， 最大动作为3号位打出的['Pair', 'Q', ['SQ', 'CQ']]
[15:11:36] [yf2_v5] [INFO] 0号位打出['PASS', 'PASS', 'PASS']， 最大动作为3号位打出的['Pair', 'Q', ['SQ', 'CQ']]
[15:11:36] [yf2_v5] [INFO] 1号位打出['Pair', 'A', ['HA', 'CA']]， 最大动作为1号位打出的['Pair', 'A', ['HA', 'CA']]
[15:11:36] [YFAdapter-P2] [INFO] [YF-P2] Decision context: myPos=2, curPos=1, greaterPos=1, teammate=0, curAction=[, actionList_size=1
[15:11:36] [YFAdapter-P2] [INFO] [YF-P2] Decided: action_index=0, action=['PASS', 'PASS', 'PASS']
[15:11:36] [HybridV4-P2] [ERROR] Knowledge enhancement error: expected an indented block after 'if' statement on line 70 (knowledge_loader.py, line 71)
Traceback (most recent call last):
  File "D:\YiFeiAI-GD\src\decision\hybrid_decision_engine_v4.py", line 280, in _enhance_candidates
    from knowledge.knowledge_enhanced_decision import KnowledgeEnhancedDecisionEngine
  File "D:\YiFeiAI-GD\src\knowledge\knowledge_enhanced_decision.py", line 19, in <module>
    from knowledge.knowledge_loader import KnowledgeLoader
  File "D:\YiFeiAI-GD\src\knowledge\knowledge_loader.py", line 71
    try:
    ^^^
IndentationError: expected an indented block after 'if' statement on line 70
[15:11:36] [yf2_v5] [INFO] 2号位打出['PASS', 'PASS', 'PASS']， 最大动作为1号位打出的['Pair', 'A', ['HA', 'CA']]
[15:11:36] [yf2_v5] [INFO] 3号位打出['PASS', 'PASS', 'PASS']， 最大动作为1号位打出的['Pair', 'A', ['HA', 'CA']]
[15:11:36] [yf2_v5] [INFO] 0号位打出['PASS', 'PASS', 'PASS']， 最大动作为1号位打出的['Pair', 'A', ['HA', 'CA']]
[15:11:36] [yf2_v5] [INFO] 1号位打出['Single', '2', ['C2']]， 最大动作为1号位打出的['Single', '2', ['C2']]
[15:11:36] [YFAdapter-P2] [INFO] [YF-P2] Decision context: myPos=2, curPos=1, greaterPos=1, teammate=0, curAction=[, actionList_size=22
[15:11:36] [YFAdapter-P2] [INFO] [YF-P2] Decided: action_index=0, action=['PASS', 'PASS', 'PASS']
[15:11:36] [HybridV4-P2] [ERROR] Knowledge enhancement error: expected an indented block after 'if' statement on line 70 (knowledge_loader.py, line 71)
Traceback (most recent call last):
  File "D:\YiFeiAI-GD\src\decision\hybrid_decision_engine_v4.py", line 280, in _enhance_candidates
    from knowledge.knowledge_enhanced_decision import KnowledgeEnhancedDecisionEngine
  File "D:\YiFeiAI-GD\src\knowledge\knowledge_enhanced_decision.py", line 19, in <module>
    from knowledge.knowledge_loader import KnowledgeLoader
  File "D:\YiFeiAI-GD\src\knowledge\knowledge_loader.py", line 71
    try:
    ^^^
IndentationError: expected an indented block after 'if' statement on line 70
[15:11:36] [yf2_v5] [INFO] 2号位打出['PASS', 'PASS', 'PASS']， 最大动作为1号位打出的['Single', '2', ['C2']]
[15:11:36] [yf2_v5] [INFO] 3号位打出['PASS', 'PASS', 'PASS']， 最大动作为1号位打出的['Single', '2', ['C2']]
[15:11:36] [yf2_v5] [INFO] 0号位打出['PASS', 'PASS', 'PASS']， 最大动作为1号位打出的['Single', '2', ['C2']]
[15:11:36] [yf2_v5] [INFO] 1号位打出['ThreeWithTwo', '8', ['C8', 'D8', 'D8', 'S6', 'H6']]， 最大动作为1号位打出的['ThreeWithTwo', '8', ['C8', 'D8', 'D8', 'S6', 'H6']]
[15:11:36] [YFAdapter-P2] [INFO] [YF-P2] Decision context: myPos=2, curPos=1, greaterPos=1, teammate=0, curAction=[, actionList_size=44
[15:11:36] [YFAdapter-P2] [INFO] [YF-P2] Decided: action_index=0, action=['PASS', 'PASS', 'PASS']
[15:11:36] [HybridV4-P2] [ERROR] Knowledge enhancement error: expected an indented block after 'if' statement on line 70 (knowledge_loader.py, line 71)
Traceback (most recent call last):
  File "D:\YiFeiAI-GD\src\decision\hybrid_decision_engine_v4.py", line 280, in _enhance_candidates
    from knowledge.knowledge_enhanced_decision import KnowledgeEnhancedDecisionEngine
  File "D:\YiFeiAI-GD\src\knowledge\knowledge_enhanced_decision.py", line 19, in <module>
    from knowledge.knowledge_loader import KnowledgeLoader
  File "D:\YiFeiAI-GD\src\knowledge\knowledge_loader.py", line 71
    try:
    ^^^
IndentationError: expected an indented block after 'if' statement on line 70
[15:11:36] [yf2_v5] [INFO] 2号位打出['PASS', 'PASS', 'PASS']， 最大动作为1号位打出的['ThreeWithTwo', '8', ['C8', 'D8', 'D8', 'S6', 'H6']]
[15:11:36] [yf2_v5] [INFO] 3号位打出['PASS', 'PASS', 'PASS']， 最大动作为1号位打出的['ThreeWithTwo', '8', ['C8', 'D8', 'D8', 'S6', 'H6']]
[15:11:36] [yf2_v5] [INFO] 0号位打出['PASS', 'PASS', 'PASS']， 最大动作为1号位打出的['ThreeWithTwo', '8', ['C8', 'D8', 'D8', 'S6', 'H6']]
[15:11:36] [yf2_v5] [INFO] 1号位打出['Pair', 'Q', ['SQ', 'DQ']]， 最大动作为1号位打出的['Pair', 'Q', ['SQ', 'DQ']]
[15:11:36] [YFAdapter-P2] [INFO] [YF-P2] Decision context: myPos=2, curPos=1, greaterPos=1, teammate=0, curAction=[, actionList_size=6
[15:11:36] [YFAdapter-P2] [INFO] [YF-P2] Decided: action_index=0, action=['PASS', 'PASS', 'PASS']
[15:11:36] [HybridV4-P2] [ERROR] Knowledge enhancement error: expected an indented block after 'if' statement on line 70 (knowledge_loader.py, line 71)
Traceback (most recent call last):
  File "D:\YiFeiAI-GD\src\decision\hybrid_decision_engine_v4.py", line 280, in _enhance_candidates
    from knowledge.knowledge_enhanced_decision import KnowledgeEnhancedDecisionEngine
  File "D:\YiFeiAI-GD\src\knowledge\knowledge_enhanced_decision.py", line 19, in <module>
    from knowledge.knowledge_loader import KnowledgeLoader
  File "D:\YiFeiAI-GD\src\knowledge\knowledge_loader.py", line 71
    try:
    ^^^
IndentationError: expected an indented block after 'if' statement on line 70
[15:11:36] [yf2_v5] [INFO] 2号位打出['PASS', 'PASS', 'PASS']， 最大动作为1号位打出的['Pair', 'Q', ['SQ', 'DQ']]
[15:11:36] [yf2_v5] [INFO] 3号位打出['PASS', 'PASS', 'PASS']， 最大动作为1号位打出的['Pair', 'Q', ['SQ', 'DQ']]
[15:11:36] [yf2_v5] [INFO] 0号位打出['PASS', 'PASS', 'PASS']， 最大动作为1号位打出的['Pair', 'Q', ['SQ', 'DQ']]
[15:11:36] [yf2_v5] [INFO] 1号位打出['Pair', 'B', ['SB', 'SB']]， 最大动作为1号位打出的['Pair', 'B', ['SB', 'SB']]
[15:11:36] [YFAdapter-P2] [INFO] [YF-P2] Decision context: myPos=2, curPos=1, greaterPos=1, teammate=0, curAction=[, actionList_size=1
[15:11:36] [YFAdapter-P2] [INFO] [YF-P2] Decided: action_index=0, action=['PASS', 'PASS', 'PASS']
[15:11:36] [HybridV4-P2] [ERROR] Knowledge enhancement error: expected an indented block after 'if' statement on line 70 (knowledge_loader.py, line 71)
Traceback (most recent call last):
  File "D:\YiFeiAI-GD\src\decision\hybrid_decision_engine_v4.py", line 280, in _enhance_candidates
    from knowledge.knowledge_enhanced_decision import KnowledgeEnhancedDecisionEngine
  File "D:\YiFeiAI-GD\src\knowledge\knowledge_enhanced_decision.py", line 19, in <module>
    from knowledge.knowledge_loader import KnowledgeLoader
  File "D:\YiFeiAI-GD\src\knowledge\knowledge_loader.py", line 71
    try:
    ^^^
IndentationError: expected an indented block after 'if' statement on line 70
[15:11:36] [yf2_v5] [INFO] 2号位打出['PASS', 'PASS', 'PASS']， 最大动作为1号位打出的['Pair', 'B', ['SB', 'SB']]
[15:11:36] [yf2_v5] [INFO] 3号位打出['PASS', 'PASS', 'PASS']， 最大动作为1号位打出的['Pair', 'B', ['SB', 'SB']]
[15:11:36] [yf2_v5] [INFO] 0号位打出['PASS', 'PASS', 'PASS']， 最大动作为1号位打出的['Pair', 'B', ['SB', 'SB']]
[15:11:36] [yf2_v5] [INFO] 1号位打出['Single', 'R', ['HR']]， 最大动作为1号位打出的['Single', 'R', ['HR']]
[15:11:36] [YFAdapter-P2] [INFO] [YF-P2] Decision context: myPos=2, curPos=1, greaterPos=1, teammate=0, curAction=[, actionList_size=1
[15:11:36] [YFAdapter-P2] [INFO] [YF-P2] Decided: action_index=0, action=['PASS', 'PASS', 'PASS']
[15:11:36] [HybridV4-P2] [ERROR] Knowledge enhancement error: expected an indented block after 'if' statement on line 70 (knowledge_loader.py, line 71)
Traceback (most recent call last):
  File "D:\YiFeiAI-GD\src\decision\hybrid_decision_engine_v4.py", line 280, in _enhance_candidates
    from knowledge.knowledge_enhanced_decision import KnowledgeEnhancedDecisionEngine
  File "D:\YiFeiAI-GD\src\knowledge\knowledge_enhanced_decision.py", line 19, in <module>
    from knowledge.knowledge_loader import KnowledgeLoader
  File "D:\YiFeiAI-GD\src\knowledge\knowledge_loader.py", line 71
    try:
    ^^^
IndentationError: expected an indented block after 'if' statement on line 70
[15:11:36] [yf2_v5] [INFO] 2号位打出['PASS', 'PASS', 'PASS']， 最大动作为1号位打出的['Single', 'R', ['HR']]
[15:11:36] [yf2_v5] [INFO] 3号位打出['PASS', 'PASS', 'PASS']， 最大动作为1号位打出的['Single', 'R', ['HR']]
[15:11:36] [yf2_v5] [INFO] 0号位打出['PASS', 'PASS', 'PASS']， 最大动作为1号位打出的['Single', 'R', ['HR']]
[15:11:36] [yf2_v5] [INFO] 1号位打出['Bomb', 'T', ['ST', 'HT', 'CT', 'DT']]， 最大动作为1号位打出的['Bomb', 'T', ['ST', 'HT', 'CT', 'DT']]
[15:11:36] [YFAdapter-P2] [INFO] [YF-P2] Decision context: myPos=2, curPos=1, greaterPos=1, teammate=0, curAction=[, actionList_size=1
[15:11:36] [YFAdapter-P2] [INFO] [YF-P2] Decided: action_index=0, action=['PASS', 'PASS', 'PASS']
[15:11:36] [HybridV4-P2] [ERROR] Knowledge enhancement error: expected an indented block after 'if' statement on line 70 (knowledge_loader.py, line 71)
Traceback (most recent call last):
  File "D:\YiFeiAI-GD\src\decision\hybrid_decision_engine_v4.py", line 280, in _enhance_candidates
    from knowledge.knowledge_enhanced_decision import KnowledgeEnhancedDecisionEngine
  File "D:\YiFeiAI-GD\src\knowledge\knowledge_enhanced_decision.py", line 19, in <module>
    from knowledge.knowledge_loader import KnowledgeLoader
  File "D:\YiFeiAI-GD\src\knowledge\knowledge_loader.py", line 71
    try:
    ^^^
IndentationError: expected an indented block after 'if' statement on line 70
[15:11:36] [yf2_v5] [INFO] 2号位打出['PASS', 'PASS', 'PASS']， 最大动作为1号位打出的['Bomb', 'T', ['ST', 'HT', 'CT', 'DT']]
[15:11:36] [yf2_v5] [INFO] 3号位打出['PASS', 'PASS', 'PASS']， 最大动作为1号位打出的['Bomb', 'T', ['ST', 'HT', 'CT', 'DT']]
[15:11:36] [yf2_v5] [INFO] 3号位打出['Single', '4', ['S4']]， 最大动作为3号位打出的['Single', '4', ['S4']]
[15:11:36] [yf2_v5] [INFO] 0号位打出['PASS', 'PASS', 'PASS']， 最大动作为3号位打出的['Single', '4', ['S4']]
[15:11:36] [YFAdapter-P2] [INFO] [YF-P2] Decision context: myPos=2, curPos=0, greaterPos=3, teammate=0, curAction=[, actionList_size=18
[15:11:36] [YFAdapter-P2] [INFO] [YF-P2] Decided: action_index=0, action=['PASS', 'PASS', 'PASS']
[15:11:36] [YFAdapter-P2] [WARNING] [YF-P2] 检测到过于保守: 对手快走完(剩0张), 触发Layer 2/3进行更积极的决策
[15:11:36] [HybridV4-P2] [ERROR] Knowledge enhancement error: expected an indented block after 'if' statement on line 70 (knowledge_loader.py, line 71)
Traceback (most recent call last):
  File "D:\YiFeiAI-GD\src\decision\hybrid_decision_engine_v4.py", line 280, in _enhance_candidates
    from knowledge.knowledge_enhanced_decision import KnowledgeEnhancedDecisionEngine
  File "D:\YiFeiAI-GD\src\knowledge\knowledge_enhanced_decision.py", line 19, in <module>
    from knowledge.knowledge_loader import KnowledgeLoader
  File "D:\YiFeiAI-GD\src\knowledge\knowledge_loader.py", line 71
    try:
    ^^^
IndentationError: expected an indented block after 'if' statement on line 70
[15:11:36] [yf2_v5] [INFO] 2号位打出['PASS', 'PASS', 'PASS']， 最大动作为3号位打出的['Single', '4', ['S4']]
[15:11:36] [yf2_v5] [INFO] 3号位打出['Single', '4', ['H4']]， 最大动作为3号位打出的['Single', '4', ['H4']]
[15:11:36] [yf2_v5] [INFO] 0号位打出['PASS', 'PASS', 'PASS']， 最大动作为3号位打出的['Single', '4', ['H4']]
[15:11:36] [YFAdapter-P2] [INFO] [YF-P2] Decision context: myPos=2, curPos=0, greaterPos=3, teammate=0, curAction=[, actionList_size=18
[15:11:36] [YFAdapter-P2] [INFO] [YF-P2] Decided: action_index=0, action=['PASS', 'PASS', 'PASS']
[15:11:36] [YFAdapter-P2] [WARNING] [YF-P2] 检测到过于保守: 对手快走完(剩0张), 触发Layer 2/3进行更积极的决策
[15:11:36] [HybridV4-P2] [ERROR] Knowledge enhancement error: expected an indented block after 'if' statement on line 70 (knowledge_loader.py, line 71)
Traceback (most recent call last):
  File "D:\YiFeiAI-GD\src\decision\hybrid_decision_engine_v4.py", line 280, in _enhance_candidates
    from knowledge.knowledge_enhanced_decision import KnowledgeEnhancedDecisionEngine
  File "D:\YiFeiAI-GD\src\knowledge\knowledge_enhanced_decision.py", line 19, in <module>
    from knowledge.knowledge_loader import KnowledgeLoader
  File "D:\YiFeiAI-GD\src\knowledge\knowledge_loader.py", line 71
    try:
    ^^^
IndentationError: expected an indented block after 'if' statement on line 70
[15:11:36] [yf2_v5] [INFO] 2号位打出['PASS', 'PASS', 'PASS']， 最大动作为3号位打出的['Single', '4', ['H4']]
[15:11:36] [yf2_v5] [INFO] 3号位打出['Trips', '4', ['C4', 'D4', 'D4']]， 最大动作为3号位打出的['Trips', '4', ['C4', 'D4', 'D4']]
[15:11:36] [yf2_v5] [INFO] 0号位打出['PASS', 'PASS', 'PASS']， 最大动作为3号位打出的['Trips', '4', ['C4', 'D4', 'D4']]
[15:11:36] [YFAdapter-P2] [INFO] [YF-P2] Decision context: myPos=2, curPos=0, greaterPos=3, teammate=0, curAction=[, actionList_size=6
[15:11:36] [YFAdapter-P2] [INFO] [YF-P2] Decided: action_index=0, action=['PASS', 'PASS', 'PASS']
[15:11:36] [YFAdapter-P2] [WARNING] [YF-P2] 检测到过于保守: 对手快走完(剩0张), 触发Layer 2/3进行更积极的决策
[15:11:36] [HybridV4-P2] [ERROR] Knowledge enhancement error: expected an indented block after 'if' statement on line 70 (knowledge_loader.py, line 71)
Traceback (most recent call last):
  File "D:\YiFeiAI-GD\src\decision\hybrid_decision_engine_v4.py", line 280, in _enhance_candidates
    from knowledge.knowledge_enhanced_decision import KnowledgeEnhancedDecisionEngine
  File "D:\YiFeiAI-GD\src\knowledge\knowledge_enhanced_decision.py", line 19, in <module>
    from knowledge.knowledge_loader import KnowledgeLoader
  File "D:\YiFeiAI-GD\src\knowledge\knowledge_loader.py", line 71
    try:
    ^^^
IndentationError: expected an indented block after 'if' statement on line 70
[15:11:36] [yf2_v5] [INFO] 2号位打出['PASS', 'PASS', 'PASS']， 最大动作为3号位打出的['Trips', '4', ['C4', 'D4', 'D4']]
[15:11:36] [yf2_v5] [INFO] 3号位打出['Bomb', '9', ['H9', 'C9', 'C9', 'D9']]， 最大动作为3号位打出的['Bomb', '9', ['H9', 'C9', 'C9', 'D9']]
[15:11:36] [yf2_v5] [INFO] 游戏开始, 我是2号位，手牌：['H2', 'S3', 'H3', 'C3', 'S4', 'C4', 'D4', 'D5', 'S6', 'S6', 'H6', 'H6', 'C6', 'S7', 'H7', 'S8', 'H8', 'S9', 'ST', 'DT', 'DT', 'CJ', 'SQ', 'CQ', 'DK', 'SA', 'DA']
[15:11:36] [YFAdapter-P2] [INFO] [YF-P2] Decision context: myPos=2, curPos=-1, greaterPos=-1, teammate=0, curAction=[, actionList_size=2
[15:11:36] [YFAdapter-P2] [INFO] [YF-P2] Decided: action_index=0, action=['tribute', 'tribute', [['S', 'A']]]
[15:11:36] [HybridV4-P2] [ERROR] Knowledge enhancement error: expected an indented block after 'if' statement on line 70 (knowledge_loader.py, line 71)
Traceback (most recent call last):
  File "D:\YiFeiAI-GD\src\decision\hybrid_decision_engine_v4.py", line 280, in _enhance_candidates
    from knowledge.knowledge_enhanced_decision import KnowledgeEnhancedDecisionEngine
  File "D:\YiFeiAI-GD\src\knowledge\knowledge_enhanced_decision.py", line 19, in <module>
    from knowledge.knowledge_loader import KnowledgeLoader
  File "D:\YiFeiAI-GD\src\knowledge\knowledge_loader.py", line 71
    try:
    ^^^
IndentationError: expected an indented block after 'if' statement on line 70
[15:11:36] [yf2_v5] [INFO] 0号位打出['Single', '2', ['D2']]， 最大动作为0号位打出的['Single', '2', ['D2']]
[15:11:36] [yf2_v5] [INFO] 1号位打出['Single', 'J', ['HJ']]， 最大动作为1号位打出的['Single', 'J', ['HJ']]
[15:11:36] [YFAdapter-P2] [INFO] [YF-P2] Decision context: myPos=2, curPos=1, greaterPos=1, teammate=0, curAction=[, actionList_size=10
[15:11:36] [YFAdapter-P2] [INFO] [YF-P2] Decided: action_index=0, action=['PASS', 'PASS', 'PASS']
[15:11:36] [HybridV4-P2] [ERROR] Knowledge enhancement error: expected an indented block after 'if' statement on line 70 (knowledge_loader.py, line 71)
Traceback (most recent call last):
  File "D:\YiFeiAI-GD\src\decision\hybrid_decision_engine_v4.py", line 280, in _enhance_candidates
    from knowledge.knowledge_enhanced_decision import KnowledgeEnhancedDecisionEngine
  File "D:\YiFeiAI-GD\src\knowledge\knowledge_enhanced_decision.py", line 19, in <module>
    from knowledge.knowledge_loader import KnowledgeLoader
  File "D:\YiFeiAI-GD\src\knowledge\knowledge_loader.py", line 71
    try:
    ^^^
IndentationError: expected an indented block after 'if' statement on line 70
[15:11:36] [yf2_v5] [INFO] 2号位打出['PASS', 'PASS', 'PASS']， 最大动作为1号位打出的['Single', 'J', ['HJ']]
[15:11:36] [yf2_v5] [INFO] 3号位打出['Single', 'A', ['SA']]， 最大动作为3号位打出的['Single', 'A', ['SA']]
[15:11:36] [yf2_v5] [INFO] 0号位打出['PASS', 'PASS', 'PASS']， 最大动作为3号位打出的['Single', 'A', ['SA']]
[15:11:36] [yf2_v5] [INFO] 1号位打出['PASS', 'PASS', 'PASS']， 最大动作为3号位打出的['Single', 'A', ['SA']]
[15:11:36] [YFAdapter-P2] [INFO] [YF-P2] Decision context: myPos=2, curPos=1, greaterPos=3, teammate=0, curAction=[, actionList_size=6
[15:11:36] [YFAdapter-P2] [INFO] [YF-P2] Decided: action_index=0, action=['PASS', 'PASS', 'PASS']
[15:11:36] [HybridV4-P2] [ERROR] Knowledge enhancement error: expected an indented block after 'if' statement on line 70 (knowledge_loader.py, line 71)
Traceback (most recent call last):
  File "D:\YiFeiAI-GD\src\decision\hybrid_decision_engine_v4.py", line 280, in _enhance_candidates
    from knowledge.knowledge_enhanced_decision import KnowledgeEnhancedDecisionEngine
  File "D:\YiFeiAI-GD\src\knowledge\knowledge_enhanced_decision.py", line 19, in <module>
    from knowledge.knowledge_loader import KnowledgeLoader
  File "D:\YiFeiAI-GD\src\knowledge\knowledge_loader.py", line 71
    try:
    ^^^
IndentationError: expected an indented block after 'if' statement on line 70
[15:11:36] [yf2_v5] [INFO] 2号位打出['PASS', 'PASS', 'PASS']， 最大动作为3号位打出的['Single', 'A', ['SA']]
[15:11:36] [yf2_v5] [INFO] 3号位打出['ThreeWithTwo', '5', ['S5', 'H5', 'C5', 'H4', 'D4']]， 最大动作为3号位打出的['ThreeWithTwo', '5', ['S5', 'H5', 'C5', 'H4', 'D4']]
[15:11:36] [yf2_v5] [INFO] 0号位打出['PASS', 'PASS', 'PASS']， 最大动作为3号位打出的['ThreeWithTwo', '5', ['S5', 'H5', 'C5', 'H4', 'D4']]
[15:11:36] [yf2_v5] [INFO] 1号位打出['ThreeWithTwo', '8', ['S8', 'H8', 'HA', 'C2', 'HA']]， 最大动作为1号位打出的['ThreeWithTwo', '8', ['S8', 'H8', 'HA', 'C2', 'HA']]
[15:11:36] [YFAdapter-P2] [INFO] [YF-P2] Decision context: myPos=2, curPos=1, greaterPos=1, teammate=0, curAction=[, actionList_size=22
[15:11:36] [YFAdapter-P2] [INFO] [YF-P2] Decided: action_index=0, action=['PASS', 'PASS', 'PASS']
[15:11:36] [HybridV4-P2] [ERROR] Knowledge enhancement error: expected an indented block after 'if' statement on line 70 (knowledge_loader.py, line 71)
Traceback (most recent call last):
  File "D:\YiFeiAI-GD\src\decision\hybrid_decision_engine_v4.py", line 280, in _enhance_candidates
    from knowledge.knowledge_enhanced_decision import KnowledgeEnhancedDecisionEngine
  File "D:\YiFeiAI-GD\src\knowledge\knowledge_enhanced_decision.py", line 19, in <module>
    from knowledge.knowledge_loader import KnowledgeLoader
  File "D:\YiFeiAI-GD\src\knowledge\knowledge_loader.py", line 71
    try:
    ^^^
IndentationError: expected an indented block after 'if' statement on line 70
[15:11:36] [yf2_v5] [INFO] 2号位打出['PASS', 'PASS', 'PASS']， 最大动作为1号位打出的['ThreeWithTwo', '8', ['S8', 'H8', 'HA', 'C2', 'HA']]
[15:11:36] [yf2_v5] [INFO] 3号位打出['ThreeWithTwo', 'Q', ['SQ', 'CQ', 'DQ', 'S7', 'D7']]， 最大动作为3号位打出的['ThreeWithTwo', 'Q', ['SQ', 'CQ', 'DQ', 'S7', 'D7']]
[15:11:36] [yf2_v5] [INFO] 0号位打出['PASS', 'PASS', 'PASS']， 最大动作为3号位打出的['ThreeWithTwo', 'Q', ['SQ', 'CQ', 'DQ', 'S7', 'D7']]
[15:11:36] [yf2_v5] [INFO] 1号位打出['PASS', 'PASS', 'PASS']， 最大动作为3号位打出的['ThreeWithTwo', 'Q', ['SQ', 'CQ', 'DQ', 'S7', 'D7']]
[15:11:36] [YFAdapter-P2] [INFO] [YF-P2] Decision context: myPos=2, curPos=1, greaterPos=3, teammate=0, curAction=[, actionList_size=6
[15:11:36] [YFAdapter-P2] [INFO] [YF-P2] Decided: action_index=0, action=['PASS', 'PASS', 'PASS']
[15:11:36] [HybridV4-P2] [ERROR] Knowledge enhancement error: expected an indented block after 'if' statement on line 70 (knowledge_loader.py, line 71)
Traceback (most recent call last):
  File "D:\YiFeiAI-GD\src\decision\hybrid_decision_engine_v4.py", line 280, in _enhance_candidates
    from knowledge.knowledge_enhanced_decision import KnowledgeEnhancedDecisionEngine
  File "D:\YiFeiAI-GD\src\knowledge\knowledge_enhanced_decision.py", line 19, in <module>
    from knowledge.knowledge_loader import KnowledgeLoader
  File "D:\YiFeiAI-GD\src\knowledge\knowledge_loader.py", line 71
    try:
    ^^^
IndentationError: expected an indented block after 'if' statement on line 70
[15:11:36] [yf2_v5] [INFO] 2号位打出['PASS', 'PASS', 'PASS']， 最大动作为3号位打出的['ThreeWithTwo', 'Q', ['SQ', 'CQ', 'DQ', 'S7', 'D7']]
[15:11:36] [yf2_v5] [INFO] 3号位打出['Pair', '8', ['C8', 'D8']]， 最大动作为3号位打出的['Pair', '8', ['C8', 'D8']]
[15:11:36] [yf2_v5] [INFO] 0号位打出['PASS', 'PASS', 'PASS']， 最大动作为3号位打出的['Pair', '8', ['C8', 'D8']]
[15:11:36] [yf2_v5] [INFO] 1号位打出['Pair', 'T', ['ST', 'CT']]， 最大动作为1号位打出的['Pair', 'T', ['ST', 'CT']]
[15:11:36] [YFAdapter-P2] [INFO] [YF-P2] Decision context: myPos=2, curPos=1, greaterPos=1, teammate=0, curAction=[, actionList_size=7
[15:11:36] [YFAdapter-P2] [INFO] [YF-P2] Decided: action_index=0, action=['PASS', 'PASS', 'PASS']
[15:11:36] [HybridV4-P2] [ERROR] Knowledge enhancement error: expected an indented block after 'if' statement on line 70 (knowledge_loader.py, line 71)
Traceback (most recent call last):
  File "D:\YiFeiAI-GD\src\decision\hybrid_decision_engine_v4.py", line 280, in _enhance_candidates
    from knowledge.knowledge_enhanced_decision import KnowledgeEnhancedDecisionEngine
  File "D:\YiFeiAI-GD\src\knowledge\knowledge_enhanced_decision.py", line 19, in <module>
    from knowledge.knowledge_loader import KnowledgeLoader
  File "D:\YiFeiAI-GD\src\knowledge\knowledge_loader.py", line 71
    try:
    ^^^
IndentationError: expected an indented block after 'if' statement on line 70
[15:11:36] [yf2_v5] [INFO] 2号位打出['PASS', 'PASS', 'PASS']， 最大动作为1号位打出的['Pair', 'T', ['ST', 'CT']]
[15:11:36] [yf2_v5] [INFO] 3号位打出['Pair', 'J', ['SJ', 'HJ']]， 最大动作为3号位打出的['Pair', 'J', ['SJ', 'HJ']]
[15:11:36] [yf2_v5] [INFO] 0号位打出['PASS', 'PASS', 'PASS']， 最大动作为3号位打出的['Pair', 'J', ['SJ', 'HJ']]
[15:11:36] [yf2_v5] [INFO] 1号位打出['Pair', 'A', ['SA', 'CA']]， 最大动作为1号位打出的['Pair', 'A', ['SA', 'CA']]
[15:11:36] [YFAdapter-P2] [INFO] [YF-P2] Decision context: myPos=2, curPos=1, greaterPos=1, teammate=0, curAction=[, actionList_size=6
[15:11:36] [YFAdapter-P2] [INFO] [YF-P2] Decided: action_index=0, action=['PASS', 'PASS', 'PASS']
[15:11:36] [HybridV4-P2] [ERROR] Knowledge enhancement error: expected an indented block after 'if' statement on line 70 (knowledge_loader.py, line 71)
Traceback (most recent call last):
  File "D:\YiFeiAI-GD\src\decision\hybrid_decision_engine_v4.py", line 280, in _enhance_candidates
    from knowledge.knowledge_enhanced_decision import KnowledgeEnhancedDecisionEngine
  File "D:\YiFeiAI-GD\src\knowledge\knowledge_enhanced_decision.py", line 19, in <module>
    from knowledge.knowledge_loader import KnowledgeLoader
  File "D:\YiFeiAI-GD\src\knowledge\knowledge_loader.py", line 71
    try:
    ^^^
IndentationError: expected an indented block after 'if' statement on line 70
[15:11:36] [yf2_v5] [INFO] 2号位打出['PASS', 'PASS', 'PASS']， 最大动作为1号位打出的['Pair', 'A', ['SA', 'CA']]
[15:11:36] [yf2_v5] [INFO] 3号位打出['PASS', 'PASS', 'PASS']， 最大动作为1号位打出的['Pair', 'A', ['SA', 'CA']]
[15:11:36] [yf2_v5] [INFO] 0号位打出['PASS', 'PASS', 'PASS']， 最大动作为1号位打出的['Pair', 'A', ['SA', 'CA']]
[15:11:36] [yf2_v5] [INFO] 1号位打出['Single', '2', ['C2']]， 最大动作为1号位打出的['Single', '2', ['C2']]
[15:11:36] [YFAdapter-P2] [INFO] [YF-P2] Decision context: myPos=2, curPos=1, greaterPos=1, teammate=0, curAction=[, actionList_size=29
[15:11:36] [YFAdapter-P2] [INFO] [YF-P2] Decided: action_index=0, action=['PASS', 'PASS', 'PASS']
[15:11:36] [HybridV4-P2] [ERROR] Knowledge enhancement error: expected an indented block after 'if' statement on line 70 (knowledge_loader.py, line 71)
Traceback (most recent call last):
  File "D:\YiFeiAI-GD\src\decision\hybrid_decision_engine_v4.py", line 280, in _enhance_candidates
    from knowledge.knowledge_enhanced_decision import KnowledgeEnhancedDecisionEngine
  File "D:\YiFeiAI-GD\src\knowledge\knowledge_enhanced_decision.py", line 19, in <module>
    from knowledge.knowledge_loader import KnowledgeLoader
  File "D:\YiFeiAI-GD\src\knowledge\knowledge_loader.py", line 71
    try:
    ^^^
IndentationError: expected an indented block after 'if' statement on line 70
[15:11:36] [yf2_v5] [INFO] 2号位打出['PASS', 'PASS', 'PASS']， 最大动作为1号位打出的['Single', '2', ['C2']]
[15:11:36] [yf2_v5] [INFO] 3号位打出['Single', 'A', ['CA']]， 最大动作为3号位打出的['Single', 'A', ['CA']]
[15:11:36] [yf2_v5] [INFO] 0号位打出['PASS', 'PASS', 'PASS']， 最大动作为3号位打出的['Single', 'A', ['CA']]
[15:11:36] [yf2_v5] [INFO] 1号位打出['PASS', 'PASS', 'PASS']， 最大动作为3号位打出的['Single', 'A', ['CA']]
[15:11:36] [YFAdapter-P2] [INFO] [YF-P2] Decision context: myPos=2, curPos=1, greaterPos=3, teammate=0, curAction=[, actionList_size=6
[15:11:36] [YFAdapter-P2] [INFO] [YF-P2] Decided: action_index=0, action=['PASS', 'PASS', 'PASS']
[15:11:36] [HybridV4-P2] [ERROR] Knowledge enhancement error: expected an indented block after 'if' statement on line 70 (knowledge_loader.py, line 71)
Traceback (most recent call last):
  File "D:\YiFeiAI-GD\src\decision\hybrid_decision_engine_v4.py", line 280, in _enhance_candidates
    from knowledge.knowledge_enhanced_decision import KnowledgeEnhancedDecisionEngine
  File "D:\YiFeiAI-GD\src\knowledge\knowledge_enhanced_decision.py", line 19, in <module>
    from knowledge.knowledge_loader import KnowledgeLoader
  File "D:\YiFeiAI-GD\src\knowledge\knowledge_loader.py", line 71
    try:
    ^^^
IndentationError: expected an indented block after 'if' statement on line 70
[15:11:36] [yf2_v5] [INFO] 2号位打出['PASS', 'PASS', 'PASS']， 最大动作为3号位打出的['Single', 'A', ['CA']]
[15:11:36] [yf2_v5] [INFO] 3号位打出['Pair', 'T', ['HT', 'HT']]， 最大动作为3号位打出的['Pair', 'T', ['HT', 'HT']]
[15:11:36] [yf2_v5] [INFO] 0号位打出['PASS', 'PASS', 'PASS']， 最大动作为3号位打出的['Pair', 'T', ['HT', 'HT']]
[15:11:36] [yf2_v5] [INFO] 1号位打出['PASS', 'PASS', 'PASS']， 最大动作为3号位打出的['Pair', 'T', ['HT', 'HT']]
[15:11:36] [YFAdapter-P2] [INFO] [YF-P2] Decision context: myPos=2, curPos=1, greaterPos=3, teammate=0, curAction=[, actionList_size=7
[15:11:36] [YFAdapter-P2] [INFO] [YF-P2] Decided: action_index=0, action=['PASS', 'PASS', 'PASS']
[15:11:36] [HybridV4-P2] [ERROR] Knowledge enhancement error: expected an indented block after 'if' statement on line 70 (knowledge_loader.py, line 71)
Traceback (most recent call last):
  File "D:\YiFeiAI-GD\src\decision\hybrid_decision_engine_v4.py", line 280, in _enhance_candidates
    from knowledge.knowledge_enhanced_decision import KnowledgeEnhancedDecisionEngine
  File "D:\YiFeiAI-GD\src\knowledge\knowledge_enhanced_decision.py", line 19, in <module>
    from knowledge.knowledge_loader import KnowledgeLoader
  File "D:\YiFeiAI-GD\src\knowledge\knowledge_loader.py", line 71
    try:
    ^^^
IndentationError: expected an indented block after 'if' statement on line 70
[15:11:36] [yf2_v5] [INFO] 2号位打出['PASS', 'PASS', 'PASS']， 最大动作为3号位打出的['Pair', 'T', ['HT', 'HT']]
[15:11:36] [yf2_v5] [INFO] 3号位打出['Pair', 'K', ['HK', 'CK']]， 最大动作为3号位打出的['Pair', 'K', ['HK', 'CK']]
[15:11:36] [yf2_v5] [INFO] 0号位打出['PASS', 'PASS', 'PASS']， 最大动作为3号位打出的['Pair', 'K', ['HK', 'CK']]
[15:11:36] [yf2_v5] [INFO] 1号位打出['PASS', 'PASS', 'PASS']， 最大动作为3号位打出的['Pair', 'K', ['HK', 'CK']]
[15:11:36] [YFAdapter-P2] [INFO] [YF-P2] Decision context: myPos=2, curPos=1, greaterPos=3, teammate=0, curAction=[, actionList_size=6
[15:11:36] [YFAdapter-P2] [INFO] [YF-P2] Decided: action_index=0, action=['PASS', 'PASS', 'PASS']
[15:11:36] [HybridV4-P2] [ERROR] Knowledge enhancement error: expected an indented block after 'if' statement on line 70 (knowledge_loader.py, line 71)
Traceback (most recent call last):
  File "D:\YiFeiAI-GD\src\decision\hybrid_decision_engine_v4.py", line 280, in _enhance_candidates
    from knowledge.knowledge_enhanced_decision import KnowledgeEnhancedDecisionEngine
  File "D:\YiFeiAI-GD\src\knowledge\knowledge_enhanced_decision.py", line 19, in <module>
    from knowledge.knowledge_loader import KnowledgeLoader
  File "D:\YiFeiAI-GD\src\knowledge\knowledge_loader.py", line 71
    try:
    ^^^
IndentationError: expected an indented block after 'if' statement on line 70
[15:11:36] [yf2_v5] [INFO] 2号位打出['PASS', 'PASS', 'PASS']， 最大动作为3号位打出的['Pair', 'K', ['HK', 'CK']]
[15:11:36] [yf2_v5] [INFO] 3号位打出['Single', 'A', ['DA']]， 最大动作为3号位打出的['Single', 'A', ['DA']]
[15:11:36] [yf2_v5] [INFO] 0号位打出['PASS', 'PASS', 'PASS']， 最大动作为3号位打出的['Single', 'A', ['DA']]
[15:11:36] [yf2_v5] [INFO] 1号位打出['PASS', 'PASS', 'PASS']， 最大动作为3号位打出的['Single', 'A', ['DA']]
[15:11:36] [YFAdapter-P2] [INFO] [YF-P2] Decision context: myPos=2, curPos=1, greaterPos=3, teammate=0, curAction=[, actionList_size=6
[15:11:36] [YFAdapter-P2] [INFO] [YF-P2] Decided: action_index=0, action=['PASS', 'PASS', 'PASS']
[15:11:36] [HybridV4-P2] [ERROR] Knowledge enhancement error: expected an indented block after 'if' statement on line 70 (knowledge_loader.py, line 71)
Traceback (most recent call last):
  File "D:\YiFeiAI-GD\src\decision\hybrid_decision_engine_v4.py", line 280, in _enhance_candidates
    from knowledge.knowledge_enhanced_decision import KnowledgeEnhancedDecisionEngine
  File "D:\YiFeiAI-GD\src\knowledge\knowledge_enhanced_decision.py", line 19, in <module>
    from knowledge.knowledge_loader import KnowledgeLoader
  File "D:\YiFeiAI-GD\src\knowledge\knowledge_loader.py", line 71
    try:
    ^^^
IndentationError: expected an indented block after 'if' statement on line 70
[15:11:36] [yf2_v5] [INFO] 2号位打出['PASS', 'PASS', 'PASS']， 最大动作为3号位打出的['Single', 'A', ['DA']]
[15:11:36] [yf2_v5] [INFO] 3号位打出['Pair', 'R', ['HR', 'HR']]， 最大动作为3号位打出的['Pair', 'R', ['HR', 'HR']]
[15:11:36] [yf2_v5] [INFO] 0号位打出['PASS', 'PASS', 'PASS']， 最大动作为3号位打出的['Pair', 'R', ['HR', 'HR']]
[15:11:36] [yf2_v5] [INFO] 1号位打出['PASS', 'PASS', 'PASS']， 最大动作为3号位打出的['Pair', 'R', ['HR', 'HR']]
[15:11:36] [YFAdapter-P2] [INFO] [YF-P2] Decision context: myPos=2, curPos=1, greaterPos=3, teammate=0, curAction=[, actionList_size=6
[15:11:36] [YFAdapter-P2] [INFO] [YF-P2] Decided: action_index=0, action=['PASS', 'PASS', 'PASS']
[15:11:36] [YFAdapter-P2] [WARNING] [YF-P2] 检测到过于保守: 对手快走完(剩4张), 触发Layer 2/3进行更积极的决策
[15:11:36] [HybridV4-P2] [ERROR] Knowledge enhancement error: expected an indented block after 'if' statement on line 70 (knowledge_loader.py, line 71)
Traceback (most recent call last):
  File "D:\YiFeiAI-GD\src\decision\hybrid_decision_engine_v4.py", line 280, in _enhance_candidates
    from knowledge.knowledge_enhanced_decision import KnowledgeEnhancedDecisionEngine
  File "D:\YiFeiAI-GD\src\knowledge\knowledge_enhanced_decision.py", line 19, in <module>
    from knowledge.knowledge_loader import KnowledgeLoader
  File "D:\YiFeiAI-GD\src\knowledge\knowledge_loader.py", line 71
    try:
    ^^^
IndentationError: expected an indented block after 'if' statement on line 70
[15:11:36] [yf2_v5] [INFO] 2号位打出['PASS', 'PASS', 'PASS']， 最大动作为3号位打出的['Pair', 'R', ['HR', 'HR']]
[15:11:36] [yf2_v5] [INFO] 3号位打出['Bomb', '2', ['S2', 'S2', 'H2', 'D2']]， 最大动作为3号位打出的['Bomb', '2', ['S2', 'S2', 'H2', 'D2']]
[15:11:36] [yf2_v5] [INFO] 0号位打出['PASS', 'PASS', 'PASS']， 最大动作为3号位打出的['Bomb', '2', ['S2', 'S2', 'H2', 'D2']]
[15:11:36] [yf2_v5] [INFO] 1号位打出['PASS', 'PASS', 'PASS']， 最大动作为3号位打出的['Bomb', '2', ['S2', 'S2', 'H2', 'D2']]
[15:11:36] [yf2_v5] [INFO] 1号位打出['Single', '8', ['D8']]， 最大动作为1号位打出的['Single', '8', ['D8']]
[15:11:36] [YFAdapter-P2] [INFO] [YF-P2] Decision context: myPos=2, curPos=1, greaterPos=1, teammate=0, curAction=[, actionList_size=14
[15:11:36] [YFAdapter-P2] [INFO] [YF-P2] Decided: action_index=0, action=['PASS', 'PASS', 'PASS']
[15:11:36] [YFAdapter-P2] [WARNING] [YF-P2] 检测到过于保守: 对手快走完(剩0张), 触发Layer 2/3进行更积极的决策
[15:11:36] [HybridV4-P2] [ERROR] Knowledge enhancement error: expected an indented block after 'if' statement on line 70 (knowledge_loader.py, line 71)
Traceback (most recent call last):
  File "D:\YiFeiAI-GD\src\decision\hybrid_decision_engine_v4.py", line 280, in _enhance_candidates
    from knowledge.knowledge_enhanced_decision import KnowledgeEnhancedDecisionEngine
  File "D:\YiFeiAI-GD\src\knowledge\knowledge_enhanced_decision.py", line 19, in <module>
    from knowledge.knowledge_loader import KnowledgeLoader
  File "D:\YiFeiAI-GD\src\knowledge\knowledge_loader.py", line 71
    try:
    ^^^
IndentationError: expected an indented block after 'if' statement on line 70
[15:11:36] [yf2_v5] [INFO] 2号位打出['PASS', 'PASS', 'PASS']， 最大动作为1号位打出的['Single', '8', ['D8']]
[15:11:36] [yf2_v5] [INFO] 0号位打出['PASS', 'PASS', 'PASS']， 最大动作为1号位打出的['Single', '8', ['D8']]
[15:11:36] [yf2_v5] [INFO] 1号位打出['Pair', '4', ['S4', 'C4']]， 最大动作为1号位打出的['Pair', '4', ['S4', 'C4']]
[15:11:36] [YFAdapter-P2] [INFO] [YF-P2] Decision context: myPos=2, curPos=1, greaterPos=1, teammate=0, curAction=[, actionList_size=18
[15:11:36] [YFAdapter-P2] [INFO] [YF-P2] Decided: action_index=0, action=['PASS', 'PASS', 'PASS']
[15:11:36] [YFAdapter-P2] [WARNING] [YF-P2] 检测到过于保守: 对手快走完(剩0张), 触发Layer 2/3进行更积极的决策
[15:11:36] [HybridV4-P2] [ERROR] Knowledge enhancement error: expected an indented block after 'if' statement on line 70 (knowledge_loader.py, line 71)
Traceback (most recent call last):
  File "D:\YiFeiAI-GD\src\decision\hybrid_decision_engine_v4.py", line 280, in _enhance_candidates
    from knowledge.knowledge_enhanced_decision import KnowledgeEnhancedDecisionEngine
  File "D:\YiFeiAI-GD\src\knowledge\knowledge_enhanced_decision.py", line 19, in <module>
    from knowledge.knowledge_loader import KnowledgeLoader
  File "D:\YiFeiAI-GD\src\knowledge\knowledge_loader.py", line 71
    try:
    ^^^
IndentationError: expected an indented block after 'if' statement on line 70
[15:11:36] [yf2_v5] [INFO] 2号位打出['PASS', 'PASS', 'PASS']， 最大动作为1号位打出的['Pair', '4', ['S4', 'C4']]
[15:11:36] [yf2_v5] [INFO] 0号位打出['PASS', 'PASS', 'PASS']， 最大动作为1号位打出的['Pair', '4', ['S4', 'C4']]
[15:11:36] [yf2_v5] [INFO] 1号位打出['Pair', '6', ['C6', 'D6']]， 最大动作为1号位打出的['Pair', '6', ['C6', 'D6']]
[15:11:36] [YFAdapter-P2] [INFO] [YF-P2] Decision context: myPos=2, curPos=1, greaterPos=1, teammate=0, curAction=[, actionList_size=13
[15:11:36] [YFAdapter-P2] [INFO] [YF-P2] Decided: action_index=0, action=['PASS', 'PASS', 'PASS']
[15:11:36] [YFAdapter-P2] [WARNING] [YF-P2] 检测到过于保守: 对手快走完(剩0张), 触发Layer 2/3进行更积极的决策
[15:11:36] [HybridV4-P2] [ERROR] Knowledge enhancement error: expected an indented block after 'if' statement on line 70 (knowledge_loader.py, line 71)
Traceback (most recent call last):
  File "D:\YiFeiAI-GD\src\decision\hybrid_decision_engine_v4.py", line 280, in _enhance_candidates
    from knowledge.knowledge_enhanced_decision import KnowledgeEnhancedDecisionEngine
  File "D:\YiFeiAI-GD\src\knowledge\knowledge_enhanced_decision.py", line 19, in <module>
    from knowledge.knowledge_loader import KnowledgeLoader
  File "D:\YiFeiAI-GD\src\knowledge\knowledge_loader.py", line 71
    try:
    ^^^
IndentationError: expected an indented block after 'if' statement on line 70
[15:11:36] [yf2_v5] [INFO] 2号位打出['PASS', 'PASS', 'PASS']， 最大动作为1号位打出的['Pair', '6', ['C6', 'D6']]
[15:11:36] [yf2_v5] [INFO] 0号位打出['PASS', 'PASS', 'PASS']， 最大动作为1号位打出的['Pair', '6', ['C6', 'D6']]
[15:11:36] [yf2_v5] [INFO] 1号位打出['ThreeWithTwo', '5', ['S5', 'C5', 'D5', 'S3', 'D3']]， 最大动作为1号位打出的['ThreeWithTwo', '5', ['S5', 'C5', 'D5', 'S3', 'D3']]
[15:11:36] [YFAdapter-P2] [INFO] [YF-P2] Decision context: myPos=2, curPos=1, greaterPos=1, teammate=0, curAction=[, actionList_size=102
[15:11:36] [YFAdapter-P2] [INFO] [YF-P2] Decided: action_index=0, action=['PASS', 'PASS', 'PASS']
[15:11:36] [YFAdapter-P2] [WARNING] [YF-P2] 检测到过于保守: 对手快走完(剩0张), 触发Layer 2/3进行更积极的决策
[15:11:36] [HybridV4-P2] [ERROR] Knowledge enhancement error: expected an indented block after 'if' statement on line 70 (knowledge_loader.py, line 71)
Traceback (most recent call last):
  File "D:\YiFeiAI-GD\src\decision\hybrid_decision_engine_v4.py", line 280, in _enhance_candidates
    from knowledge.knowledge_enhanced_decision import KnowledgeEnhancedDecisionEngine
  File "D:\YiFeiAI-GD\src\knowledge\knowledge_enhanced_decision.py", line 19, in <module>
    from knowledge.knowledge_loader import KnowledgeLoader
  File "D:\YiFeiAI-GD\src\knowledge\knowledge_loader.py", line 71
    try:
    ^^^
IndentationError: expected an indented block after 'if' statement on line 70
[15:11:36] [yf2_v5] [INFO] 2号位打出['PASS', 'PASS', 'PASS']， 最大动作为1号位打出的['ThreeWithTwo', '5', ['S5', 'C5', 'D5', 'S3', 'D3']]
[15:11:36] [yf2_v5] [INFO] 0号位打出['PASS', 'PASS', 'PASS']， 最大动作为1号位打出的['ThreeWithTwo', '5', ['S5', 'C5', 'D5', 'S3', 'D3']]
[15:11:36] [yf2_v5] [INFO] 1号位打出['Single', 'Q', ['HQ']]， 最大动作为1号位打出的['Single', 'Q', ['HQ']]
[15:11:36] [YFAdapter-P2] [INFO] [YF-P2] Decision context: myPos=2, curPos=1, greaterPos=1, teammate=0, curAction=[, actionList_size=8
[15:11:36] [YFAdapter-P2] [INFO] [YF-P2] Decided: action_index=0, action=['PASS', 'PASS', 'PASS']
[15:11:36] [YFAdapter-P2] [WARNING] [YF-P2] 检测到过于保守: 对手快走完(剩0张), 触发Layer 2/3进行更积极的决策
[15:11:36] [HybridV4-P2] [ERROR] Knowledge enhancement error: expected an indented block after 'if' statement on line 70 (knowledge_loader.py, line 71)
Traceback (most recent call last):
  File "D:\YiFeiAI-GD\src\decision\hybrid_decision_engine_v4.py", line 280, in _enhance_candidates
    from knowledge.knowledge_enhanced_decision import KnowledgeEnhancedDecisionEngine
  File "D:\YiFeiAI-GD\src\knowledge\knowledge_enhanced_decision.py", line 19, in <module>
    from knowledge.knowledge_loader import KnowledgeLoader
  File "D:\YiFeiAI-GD\src\knowledge\knowledge_loader.py", line 71
    try:
    ^^^
IndentationError: expected an indented block after 'if' statement on line 70
[15:11:36] [yf2_v5] [INFO] 2号位打出['PASS', 'PASS', 'PASS']， 最大动作为1号位打出的['Single', 'Q', ['HQ']]
[15:11:36] [yf2_v5] [INFO] 0号位打出['PASS', 'PASS', 'PASS']， 最大动作为1号位打出的['Single', 'Q', ['HQ']]
[15:11:36] [yf2_v5] [INFO] 1号位打出['Single', 'K', ['SK']]， 最大动作为1号位打出的['Single', 'K', ['SK']]
[15:11:36] [YFAdapter-P2] [INFO] [YF-P2] Decision context: myPos=2, curPos=1, greaterPos=1, teammate=0, curAction=[, actionList_size=7
[15:11:36] [YFAdapter-P2] [INFO] [YF-P2] Decided: action_index=0, action=['PASS', 'PASS', 'PASS']
[15:11:36] [YFAdapter-P2] [WARNING] [YF-P2] 检测到过于保守: 对手快走完(剩0张), 触发Layer 2/3进行更积极的决策
[15:11:36] [HybridV4-P2] [ERROR] Knowledge enhancement error: expected an indented block after 'if' statement on line 70 (knowledge_loader.py, line 71)
Traceback (most recent call last):
  File "D:\YiFeiAI-GD\src\decision\hybrid_decision_engine_v4.py", line 280, in _enhance_candidates
    from knowledge.knowledge_enhanced_decision import KnowledgeEnhancedDecisionEngine
  File "D:\YiFeiAI-GD\src\knowledge\knowledge_enhanced_decision.py", line 19, in <module>
    from knowledge.knowledge_loader import KnowledgeLoader
  File "D:\YiFeiAI-GD\src\knowledge\knowledge_loader.py", line 71
    try:
    ^^^
IndentationError: expected an indented block after 'if' statement on line 70
[15:11:36] [yf2_v5] [INFO] 2号位打出['PASS', 'PASS', 'PASS']， 最大动作为1号位打出的['Single', 'K', ['SK']]
[15:11:36] [yf2_v5] [INFO] 0号位打出['PASS', 'PASS', 'PASS']， 最大动作为1号位打出的['Single', 'K', ['SK']]
[15:11:36] [yf2_v5] [INFO] 1号位打出['Bomb', '9', ['S9', 'H9', 'D9', 'D9']]， 最大动作为1号位打出的['Bomb', '9', ['S9', 'H9', 'D9', 'D9']]
[15:11:36] [yf2_v5] [INFO] ============================================================
[15:11:36] [yf2_v5] [INFO] GAME RESULT (V5)
[15:11:36] [yf2_v5] [INFO] ============================================================
[15:11:36] [yf2_v5] [INFO] Victory counts: [0, 3, 0, 3]
[15:11:36] [yf2_v5] [INFO] Total decisions: 284
[15:11:36] [yf2_v5] [INFO]   - RL decisions: 284
[15:11:36] [yf2_v5] [INFO]   - Knowledge decisions: 1675
[15:11:36] [yf2_v5] [INFO] Total games played: 1
[15:11:36] [yf2_v5] [INFO] Layer usage statistics:
[15:11:36] [yf2_v5] [INFO] ============================================================
[15:11:36] [HybridV4-P2] [INFO] Statistics reset
