[22:33:52] [websocket_manager.yf2_v5] [INFO] WebSocket Manager initialized for yf2_v5
[22:33:52] [websocket_manager.yf2_v5] [INFO]   - URI: ws://127.0.0.1:23456/game/yf2_v5
[22:33:52] [websocket_manager.yf2_v5] [INFO]   - Reconnect interval: 5s
[22:33:52] [websocket_manager.yf2_v5] [INFO]   - Heartbeat interval: 30s
[22:33:52] [websocket_manager.yf2_v5] [INFO]   - Timeout: 10s
[22:33:52] [HybridV4-P2] [INFO] HybridDecisionEngineV4 initialized
[22:33:53] [yf2_v5] [INFO] ✓ RL Engine initialized
[22:33:53] [yf2_v5] [INFO] ✓ yf2_v5 initialized (Player 2)
[22:33:53] [yf2_v5] [INFO]   - RL Engine: Available
[22:33:53] [yf2_v5] [INFO]   - Hybrid Decision: True
[22:33:53] [websocket_manager.yf2_v5] [INFO] Connecting to ws://127.0.0.1:23456/game/yf2_v5... (attempt 1)
[22:33:53] [websocket_manager.yf2_v5] [INFO] ✓ Connected to server: ws://127.0.0.1:23456/game/yf2_v5
[22:33:53] [yf2_v5] [INFO] 游戏开始, 我是3号位，手牌：['S3', 'C3', 'D3', 'S4', 'H4', 'H4', 'S6', 'C6', 'C7', 'C7', 'D7', 'S8', 'H8', 'C8', 'C8', 'S9', 'ST', 'DT', 'HJ', 'DQ', 'DQ', 'SK', 'HA', 'CA', 'CA', 'DA', 'C2']
[22:33:53] [YFAdapter-P2] [INFO] YF state initialized: player_id=2
[22:33:53] [YFAdapter-P2] [INFO] YFAdapter initialized for player 2
[22:33:53] [HybridV4-P2] [INFO] YFAdapter initialized (lazy)
[22:33:53] [YFAdapter-P2] [INFO] [YF-P2] Decision context: myPos=2, curPos=-1, greaterPos=-1, teammate=0, curAction=[, actionList_size=240
[22:33:53] [YFAdapter-P2] [INFO] [YF-P2] Decided: action_index=0, action=['Single', '3', [['S', '3']]]
[22:33:53] [HybridV4-P2] [INFO] DecisionEngine initialized (lazy)
[22:33:53] [HybridV4-P2] [INFO] KnowledgeEnhancedDecisionEngine initialized (lazy)
[22:33:53] [yf2_v5] [INFO] 3号位打出['Single', '3', ['S3']]， 最大动作为3号位打出的['Single', '3', ['S3']]
[22:33:53] [yf2_v5] [INFO] 0号位打出['Single', '7', ['D7']]， 最大动作为0号位打出的['Single', '7', ['D7']]
[22:33:53] [yf2_v5] [INFO] 1号位打出['Single', 'T', ['ST']]， 最大动作为1号位打出的['Single', 'T', ['ST']]
[22:33:53] [yf2_v5] [INFO] 2号位打出['Single', 'Q', ['SQ']]， 最大动作为2号位打出的['Single', 'Q', ['SQ']]
[22:33:53] [YFAdapter-P2] [INFO] [YF-P2] Decision context: myPos=2, curPos=2, greaterPos=2, teammate=0, curAction=[, actionList_size=8
[22:33:54] [YFAdapter-P2] [INFO] [YF-P2] Decided: action_index=6, action=['Bomb', '8', [['S', '8'], ['H', '8'], ['C', '8'], ['C', '8']]]
[22:33:54] [yf2_v5] [INFO] 3号位打出['Bomb', '8', ['S8', 'H8', 'C8', 'C8']]， 最大动作为3号位打出的['Bomb', '8', ['S8', 'H8', 'C8', 'C8']]
[22:33:54] [yf2_v5] [INFO] 0号位打出['PASS', 'PASS', 'PASS']， 最大动作为3号位打出的['Bomb', '8', ['S8', 'H8', 'C8', 'C8']]
[22:33:54] [yf2_v5] [INFO] 1号位打出['Bomb', 'Q', ['SQ', 'HQ', 'HQ', 'CQ']]， 最大动作为1号位打出的['Bomb', 'Q', ['SQ', 'HQ', 'HQ', 'CQ']]
[22:33:54] [yf2_v5] [INFO] 2号位打出['PASS', 'PASS', 'PASS']， 最大动作为1号位打出的['Bomb', 'Q', ['SQ', 'HQ', 'HQ', 'CQ']]
[22:33:54] [YFAdapter-P2] [INFO] [YF-P2] Decision context: myPos=2, curPos=2, greaterPos=1, teammate=0, curAction=[, actionList_size=2
[22:33:54] [YFAdapter-P2] [INFO] [YF-P2] Decided: action_index=0, action=['PASS', 'PASS', 'PASS']
[22:33:54] [yf2_v5] [INFO] 3号位打出['Bomb', 'A', ['HA', 'CA', 'CA', 'DA']]， 最大动作为3号位打出的['Bomb', 'A', ['HA', 'CA', 'CA', 'DA']]
[22:33:54] [yf2_v5] [INFO] 0号位打出['PASS', 'PASS', 'PASS']， 最大动作为3号位打出的['Bomb', 'A', ['HA', 'CA', 'CA', 'DA']]
[22:33:54] [yf2_v5] [INFO] 1号位打出['PASS', 'PASS', 'PASS']， 最大动作为3号位打出的['Bomb', 'A', ['HA', 'CA', 'CA', 'DA']]
[22:33:54] [yf2_v5] [INFO] 2号位打出['Bomb', '2', ['S2', 'H2', 'C2', 'D2']]， 最大动作为2号位打出的['Bomb', '2', ['S2', 'H2', 'C2', 'D2']]
[22:33:54] [YFAdapter-P2] [INFO] [YF-P2] Decision context: myPos=2, curPos=2, greaterPos=2, teammate=0, curAction=[, actionList_size=1
[22:33:54] [YFAdapter-P2] [INFO] [YF-P2] Decided: action_index=0, action=['PASS', 'PASS', 'PASS']
[22:33:54] [yf2_v5] [INFO] 3号位打出['PASS', 'PASS', 'PASS']， 最大动作为2号位打出的['Bomb', '2', ['S2', 'H2', 'C2', 'D2']]
[22:33:54] [yf2_v5] [INFO] 0号位打出['PASS', 'PASS', 'PASS']， 最大动作为2号位打出的['Bomb', '2', ['S2', 'H2', 'C2', 'D2']]
[22:33:54] [yf2_v5] [INFO] 1号位打出['PASS', 'PASS', 'PASS']， 最大动作为2号位打出的['Bomb', '2', ['S2', 'H2', 'C2', 'D2']]
[22:33:54] [yf2_v5] [INFO] 2号位打出['Single', '3', ['S3']]， 最大动作为2号位打出的['Single', '3', ['S3']]
[22:33:54] [YFAdapter-P2] [INFO] [YF-P2] Decision context: myPos=2, curPos=2, greaterPos=2, teammate=0, curAction=[, actionList_size=14
[22:33:54] [YFAdapter-P2] [INFO] [YF-P2] Decided: action_index=11, action=['Single', 'Q', [['D', 'Q']]]
[22:33:54] [yf2_v5] [INFO] 3号位打出['Single', 'Q', ['DQ']]， 最大动作为3号位打出的['Single', 'Q', ['DQ']]
[22:33:54] [yf2_v5] [INFO] 0号位打出['Single', '2', ['H2']]， 最大动作为0号位打出的['Single', '2', ['H2']]
[22:33:54] [yf2_v5] [INFO] 1号位打出['Single', 'R', ['HR']]， 最大动作为1号位打出的['Single', 'R', ['HR']]
[22:33:54] [yf2_v5] [INFO] 2号位打出['PASS', 'PASS', 'PASS']， 最大动作为1号位打出的['Single', 'R', ['HR']]
[22:33:54] [YFAdapter-P2] [INFO] [YF-P2] Decision context: myPos=2, curPos=2, greaterPos=1, teammate=0, curAction=[, actionList_size=1
[22:33:54] [YFAdapter-P2] [INFO] [YF-P2] Decided: action_index=0, action=['PASS', 'PASS', 'PASS']
[22:33:54] [yf2_v5] [INFO] 3号位打出['PASS', 'PASS', 'PASS']， 最大动作为1号位打出的['Single', 'R', ['HR']]
[22:33:54] [yf2_v5] [INFO] 0号位打出['Bomb', '5', ['H5', 'C5', 'C5', 'D5']]， 最大动作为0号位打出的['Bomb', '5', ['H5', 'C5', 'C5', 'D5']]
[22:33:54] [yf2_v5] [INFO] 1号位打出['PASS', 'PASS', 'PASS']， 最大动作为0号位打出的['Bomb', '5', ['H5', 'C5', 'C5', 'D5']]
[22:33:54] [yf2_v5] [INFO] 2号位打出['PASS', 'PASS', 'PASS']， 最大动作为0号位打出的['Bomb', '5', ['H5', 'C5', 'C5', 'D5']]
[22:33:54] [YFAdapter-P2] [INFO] [YF-P2] Decision context: myPos=2, curPos=2, greaterPos=0, teammate=0, curAction=[, actionList_size=1
[22:33:54] [YFAdapter-P2] [INFO] [YF-P2] Decided: action_index=0, action=['PASS', 'PASS', 'PASS']
[22:33:54] [yf2_v5] [INFO] 3号位打出['PASS', 'PASS', 'PASS']， 最大动作为0号位打出的['Bomb', '5', ['H5', 'C5', 'C5', 'D5']]
[22:33:54] [yf2_v5] [INFO] 0号位打出['Straight', '6', ['D6', 'H7', 'D8', 'S9', 'DT']]， 最大动作为0号位打出的['Straight', '6', ['D6', 'H7', 'D8', 'S9', 'DT']]
[22:33:54] [yf2_v5] [INFO] 1号位打出['PASS', 'PASS', 'PASS']， 最大动作为0号位打出的['Straight', '6', ['D6', 'H7', 'D8', 'S9', 'DT']]
[22:33:54] [yf2_v5] [INFO] 2号位打出['PASS', 'PASS', 'PASS']， 最大动作为0号位打出的['Straight', '6', ['D6', 'H7', 'D8', 'S9', 'DT']]
[22:33:54] [YFAdapter-P2] [INFO] [YF-P2] Decision context: myPos=2, curPos=2, greaterPos=0, teammate=0, curAction=[, actionList_size=3
[22:33:54] [YFAdapter-P2] [INFO] [YF-P2] Decided: action_index=0, action=['PASS', 'PASS', 'PASS']
[22:33:54] [yf2_v5] [INFO] 3号位打出['PASS', 'PASS', 'PASS']， 最大动作为0号位打出的['Straight', '6', ['D6', 'H7', 'D8', 'S9', 'DT']]
[22:33:54] [yf2_v5] [INFO] 0号位打出['Pair', '3', ['H3', 'D3']]， 最大动作为0号位打出的['Pair', '3', ['H3', 'D3']]
[22:33:54] [yf2_v5] [INFO] 1号位打出['Pair', '9', ['H9', 'D9']]， 最大动作为1号位打出的['Pair', '9', ['H9', 'D9']]
[22:33:54] [yf2_v5] [INFO] 2号位打出['Pair', 'T', ['HT', 'CT']]， 最大动作为2号位打出的['Pair', 'T', ['HT', 'CT']]
[22:33:54] [YFAdapter-P2] [INFO] [YF-P2] Decision context: myPos=2, curPos=2, greaterPos=2, teammate=0, curAction=[, actionList_size=1
[22:33:54] [YFAdapter-P2] [INFO] [YF-P2] Decided: action_index=0, action=['PASS', 'PASS', 'PASS']
[22:33:54] [yf2_v5] [INFO] 3号位打出['PASS', 'PASS', 'PASS']， 最大动作为2号位打出的['Pair', 'T', ['HT', 'CT']]
[22:33:54] [yf2_v5] [INFO] 0号位打出['Pair', 'K', ['HK', 'DK']]， 最大动作为0号位打出的['Pair', 'K', ['HK', 'DK']]
[22:33:54] [yf2_v5] [INFO] 1号位打出['PASS', 'PASS', 'PASS']， 最大动作为0号位打出的['Pair', 'K', ['HK', 'DK']]
[22:33:54] [yf2_v5] [INFO] 2号位打出['PASS', 'PASS', 'PASS']， 最大动作为0号位打出的['Pair', 'K', ['HK', 'DK']]
[22:33:54] [YFAdapter-P2] [INFO] [YF-P2] Decision context: myPos=2, curPos=2, greaterPos=0, teammate=0, curAction=[, actionList_size=1
[22:33:54] [YFAdapter-P2] [INFO] [YF-P2] Decided: action_index=0, action=['PASS', 'PASS', 'PASS']
[22:33:54] [yf2_v5] [INFO] 3号位打出['PASS', 'PASS', 'PASS']， 最大动作为0号位打出的['Pair', 'K', ['HK', 'DK']]
[22:33:54] [yf2_v5] [INFO] 0号位打出['Single', 'Q', ['CQ']]， 最大动作为0号位打出的['Single', 'Q', ['CQ']]
[22:33:54] [yf2_v5] [INFO] 1号位打出['Single', 'K', ['DK']]， 最大动作为1号位打出的['Single', 'K', ['DK']]
[22:33:54] [yf2_v5] [INFO] 2号位打出['Single', 'A', ['HA']]， 最大动作为2号位打出的['Single', 'A', ['HA']]
[22:33:54] [YFAdapter-P2] [INFO] [YF-P2] Decision context: myPos=2, curPos=2, greaterPos=2, teammate=0, curAction=[, actionList_size=2
[22:33:54] [YFAdapter-P2] [INFO] [YF-P2] Decided: action_index=1, action=['Single', '2', [['C', '2']]]
[22:33:54] [yf2_v5] [INFO] 3号位打出['Single', '2', ['C2']]， 最大动作为3号位打出的['Single', '2', ['C2']]
[22:33:54] [yf2_v5] [INFO] 0号位打出['Single', 'R', ['HR']]， 最大动作为0号位打出的['Single', 'R', ['HR']]
[22:33:54] [yf2_v5] [INFO] 1号位打出['PASS', 'PASS', 'PASS']， 最大动作为0号位打出的['Single', 'R', ['HR']]
[22:33:54] [yf2_v5] [INFO] 2号位打出['PASS', 'PASS', 'PASS']， 最大动作为0号位打出的['Single', 'R', ['HR']]
[22:33:54] [YFAdapter-P2] [INFO] [YF-P2] Decision context: myPos=2, curPos=2, greaterPos=0, teammate=0, curAction=[, actionList_size=1
[22:33:54] [YFAdapter-P2] [INFO] [YF-P2] Decided: action_index=0, action=['PASS', 'PASS', 'PASS']
[22:33:54] [yf2_v5] [INFO] 3号位打出['PASS', 'PASS', 'PASS']， 最大动作为0号位打出的['Single', 'R', ['HR']]
[22:33:54] [yf2_v5] [INFO] 0号位打出['ThreeWithTwo', 'A', ['SA', 'SA', 'DA', 'S4', 'D4']]， 最大动作为0号位打出的['ThreeWithTwo', 'A', ['SA', 'SA', 'DA', 'S4', 'D4']]
[22:33:54] [yf2_v5] [INFO] 1号位打出['PASS', 'PASS', 'PASS']， 最大动作为0号位打出的['ThreeWithTwo', 'A', ['SA', 'SA', 'DA', 'S4', 'D4']]
[22:33:54] [yf2_v5] [INFO] 2号位打出['PASS', 'PASS', 'PASS']， 最大动作为0号位打出的['ThreeWithTwo', 'A', ['SA', 'SA', 'DA', 'S4', 'D4']]
[22:33:54] [YFAdapter-P2] [INFO] [YF-P2] Decision context: myPos=2, curPos=2, greaterPos=0, teammate=0, curAction=[, actionList_size=1
[22:33:54] [YFAdapter-P2] [INFO] [YF-P2] Decided: action_index=0, action=['PASS', 'PASS', 'PASS']
[22:33:54] [yf2_v5] [INFO] 3号位打出['PASS', 'PASS', 'PASS']， 最大动作为0号位打出的['ThreeWithTwo', 'A', ['SA', 'SA', 'DA', 'S4', 'D4']]
[22:33:54] [yf2_v5] [INFO] 0号位打出['Single', '2', ['D2']]， 最大动作为0号位打出的['Single', '2', ['D2']]
[22:33:54] [yf2_v5] [INFO] 1号位打出['PASS', 'PASS', 'PASS']， 最大动作为0号位打出的['Single', '2', ['D2']]
[22:33:54] [yf2_v5] [INFO] 2号位打出['PASS', 'PASS', 'PASS']， 最大动作为0号位打出的['Single', '2', ['D2']]
[22:33:54] [YFAdapter-P2] [INFO] [YF-P2] Decision context: myPos=2, curPos=2, greaterPos=0, teammate=0, curAction=[, actionList_size=1
[22:33:54] [YFAdapter-P2] [INFO] [YF-P2] Decided: action_index=0, action=['PASS', 'PASS', 'PASS']
[22:33:54] [yf2_v5] [INFO] 3号位打出['PASS', 'PASS', 'PASS']， 最大动作为0号位打出的['Single', '2', ['D2']]
[22:33:54] [yf2_v5] [INFO] 0号位打出['Bomb', 'J', ['SJ', 'CJ', 'CJ', 'DJ']]， 最大动作为0号位打出的['Bomb', 'J', ['SJ', 'CJ', 'CJ', 'DJ']]
[22:33:54] [yf2_v5] [INFO] 1号位打出['PASS', 'PASS', 'PASS']， 最大动作为0号位打出的['Bomb', 'J', ['SJ', 'CJ', 'CJ', 'DJ']]
[22:33:54] [yf2_v5] [INFO] 2号位打出['PASS', 'PASS', 'PASS']， 最大动作为0号位打出的['Bomb', 'J', ['SJ', 'CJ', 'CJ', 'DJ']]
[22:33:54] [yf2_v5] [INFO] 2号位打出['ThreeWithTwo', '6', ['S6', 'C6', 'D6', 'S5', 'H5']]， 最大动作为2号位打出的['ThreeWithTwo', '6', ['S6', 'C6', 'D6', 'S5', 'H5']]
[22:33:54] [YFAdapter-P2] [INFO] [YF-P2] Decision context: myPos=2, curPos=2, greaterPos=2, teammate=0, curAction=[, actionList_size=6
[22:33:54] [YFAdapter-P2] [INFO] [YF-P2] Decided: action_index=0, action=['PASS', 'PASS', 'PASS']
[22:33:54] [yf2_v5] [INFO] 3号位打出['PASS', 'PASS', 'PASS']， 最大动作为2号位打出的['ThreeWithTwo', '6', ['S6', 'C6', 'D6', 'S5', 'H5']]
[22:33:54] [yf2_v5] [INFO] 1号位打出['PASS', 'PASS', 'PASS']， 最大动作为2号位打出的['ThreeWithTwo', '6', ['S6', 'C6', 'D6', 'S5', 'H5']]
[22:33:54] [yf2_v5] [INFO] 2号位打出['ThreeWithTwo', '9', ['C9', 'C9', 'D9', 'S7', 'H7']]， 最大动作为2号位打出的['ThreeWithTwo', '9', ['C9', 'C9', 'D9', 'S7', 'H7']]
[22:33:54] [YFAdapter-P2] [INFO] [YF-P2] Decision context: myPos=2, curPos=2, greaterPos=2, teammate=0, curAction=[, actionList_size=1
[22:33:54] [YFAdapter-P2] [INFO] [YF-P2] Decided: action_index=0, action=['PASS', 'PASS', 'PASS']
[22:33:54] [yf2_v5] [INFO] 3号位打出['PASS', 'PASS', 'PASS']， 最大动作为2号位打出的['ThreeWithTwo', '9', ['C9', 'C9', 'D9', 'S7', 'H7']]
[22:33:54] [yf2_v5] [INFO] 1号位打出['PASS', 'PASS', 'PASS']， 最大动作为2号位打出的['ThreeWithTwo', '9', ['C9', 'C9', 'D9', 'S7', 'H7']]
[22:33:54] [yf2_v5] [INFO] 2号位打出['ThreeWithTwo', 'J', ['SJ', 'HJ', 'DJ', 'H8', 'D8']]， 最大动作为2号位打出的['ThreeWithTwo', 'J', ['SJ', 'HJ', 'DJ', 'H8', 'D8']]
[22:33:54] [YFAdapter-P2] [INFO] [YF-P2] Decision context: myPos=2, curPos=2, greaterPos=2, teammate=0, curAction=[, actionList_size=1
[22:33:54] [YFAdapter-P2] [INFO] [YF-P2] Decided: action_index=0, action=['PASS', 'PASS', 'PASS']
[22:33:54] [yf2_v5] [INFO] 3号位打出['PASS', 'PASS', 'PASS']， 最大动作为2号位打出的['ThreeWithTwo', 'J', ['SJ', 'HJ', 'DJ', 'H8', 'D8']]
[22:33:54] [yf2_v5] [INFO] 1号位打出['PASS', 'PASS', 'PASS']， 最大动作为2号位打出的['ThreeWithTwo', 'J', ['SJ', 'HJ', 'DJ', 'H8', 'D8']]
[22:33:54] [yf2_v5] [INFO] 2号位打出['Pair', 'K', ['HK', 'CK']]， 最大动作为2号位打出的['Pair', 'K', ['HK', 'CK']]
[22:33:54] [YFAdapter-P2] [INFO] [YF-P2] Decision context: myPos=2, curPos=2, greaterPos=2, teammate=0, curAction=[, actionList_size=1
[22:33:54] [YFAdapter-P2] [INFO] [YF-P2] Decided: action_index=0, action=['PASS', 'PASS', 'PASS']
[22:33:54] [yf2_v5] [INFO] 3号位打出['PASS', 'PASS', 'PASS']， 最大动作为2号位打出的['Pair', 'K', ['HK', 'CK']]
[22:33:54] [yf2_v5] [INFO] 1号位打出['PASS', 'PASS', 'PASS']， 最大动作为2号位打出的['Pair', 'K', ['HK', 'CK']]
[22:33:54] [yf2_v5] [INFO] 2号位打出['Single', 'B', ['SB']]， 最大动作为2号位打出的['Single', 'B', ['SB']]
[22:33:54] [yf2_v5] [INFO] 游戏开始, 我是3号位，手牌：['C2', 'S3', 'H3', 'H3', 'C3', 'D3', 'C4', 'H6', 'H6', 'C6', 'D6', 'H7', 'C8', 'C8', 'S9', 'ST', 'HT', 'CJ', 'DJ', 'SQ', 'HQ', 'HQ', 'CQ', 'CQ', 'SK', 'H5', 'D5']
[22:33:54] [YFAdapter-P2] [INFO] [YF-P2] Decision context: myPos=2, curPos=-1, greaterPos=-1, teammate=0, curAction=[, actionList_size=1
[22:33:54] [YFAdapter-P2] [INFO] [YF-P2] Decided: action_index=0, action=['tribute', 'tribute', [['D', '5']]]
[22:33:54] [yf2_v5] [INFO] 1号位打出['Single', '4', ['D4']]， 最大动作为1号位打出的['Single', '4', ['D4']]
[22:33:54] [yf2_v5] [INFO] 2号位打出['Single', 'J', ['CJ']]， 最大动作为2号位打出的['Single', 'J', ['CJ']]
[22:33:54] [YFAdapter-P2] [INFO] [YF-P2] Decision context: myPos=2, curPos=2, greaterPos=2, teammate=0, curAction=[, actionList_size=53
[22:33:54] [YFAdapter-P2] [INFO] [YF-P2] Decided: action_index=2, action=['Single', 'Q', [['H', 'Q']]]
[22:33:54] [yf2_v5] [INFO] 3号位打出['Single', 'Q', ['HQ']]， 最大动作为3号位打出的['Single', 'Q', ['HQ']]
[22:33:54] [yf2_v5] [INFO] 0号位打出['Single', '5', ['S5']]， 最大动作为0号位打出的['Single', '5', ['S5']]
[22:33:54] [yf2_v5] [INFO] 1号位打出['Bomb', 'K', ['HK', 'HK', 'DK', 'H5']]， 最大动作为1号位打出的['Bomb', 'K', ['HK', 'HK', 'DK', 'H5']]
[22:33:54] [yf2_v5] [INFO] 2号位打出['PASS', 'PASS', 'PASS']， 最大动作为1号位打出的['Bomb', 'K', ['HK', 'HK', 'DK', 'H5']]
[22:33:54] [YFAdapter-P2] [INFO] [YF-P2] Decision context: myPos=2, curPos=2, greaterPos=1, teammate=0, curAction=[, actionList_size=14
[22:33:54] [YFAdapter-P2] [INFO] [YF-P2] Decided: action_index=0, action=['PASS', 'PASS', 'PASS']
[22:33:54] [yf2_v5] [INFO] 3号位打出['Bomb', 'Q', ['SQ', 'HQ', 'CQ', 'CQ', 'H5']]， 最大动作为3号位打出的['Bomb', 'Q', ['SQ', 'HQ', 'CQ', 'CQ', 'H5']]
[22:33:54] [yf2_v5] [INFO] 0号位打出['PASS', 'PASS', 'PASS']， 最大动作为3号位打出的['Bomb', 'Q', ['SQ', 'HQ', 'CQ', 'CQ', 'H5']]
[22:33:54] [yf2_v5] [INFO] 1号位打出['PASS', 'PASS', 'PASS']， 最大动作为3号位打出的['Bomb', 'Q', ['SQ', 'HQ', 'CQ', 'CQ', 'H5']]
[22:33:54] [yf2_v5] [INFO] 2号位打出['PASS', 'PASS', 'PASS']， 最大动作为3号位打出的['Bomb', 'Q', ['SQ', 'HQ', 'CQ', 'CQ', 'H5']]
[22:33:54] [YFAdapter-P2] [INFO] [YF-P2] Decision context: myPos=2, curPos=-1, greaterPos=-1, teammate=0, curAction=[, actionList_size=211
[22:33:54] [YFAdapter-P2] [INFO] [YF-P2] Decided: action_index=0, action=['Single', '2', [['C', '2']]]
[22:33:54] [yf2_v5] [INFO] 3号位打出['Single', '2', ['C2']]， 最大动作为3号位打出的['Single', '2', ['C2']]
[22:33:54] [yf2_v5] [INFO] 0号位打出['Single', '3', ['S3']]， 最大动作为0号位打出的['Single', '3', ['S3']]
[22:33:54] [yf2_v5] [INFO] 1号位打出['Single', 'J', ['SJ']]， 最大动作为1号位打出的['Single', 'J', ['SJ']]
[22:33:54] [yf2_v5] [INFO] 2号位打出['Single', 'Q', ['DQ']]， 最大动作为2号位打出的['Single', 'Q', ['DQ']]
[22:33:54] [YFAdapter-P2] [INFO] [YF-P2] Decision context: myPos=2, curPos=2, greaterPos=2, teammate=0, curAction=[, actionList_size=12
[22:33:54] [YFAdapter-P2] [INFO] [YF-P2] Decided: action_index=3, action=['Bomb', '3', [['S', '3'], ['H', '3'], ['H', '3'], ['C', '3']]]
[22:33:54] [yf2_v5] [INFO] 3号位打出['Bomb', '3', ['S3', 'H3', 'H3', 'C3']]， 最大动作为3号位打出的['Bomb', '3', ['S3', 'H3', 'H3', 'C3']]
[22:33:54] [yf2_v5] [INFO] 0号位打出['Bomb', '9', ['S9', 'H9', 'C9', 'D9']]， 最大动作为0号位打出的['Bomb', '9', ['S9', 'H9', 'C9', 'D9']]
[22:33:54] [yf2_v5] [INFO] 1号位打出['PASS', 'PASS', 'PASS']， 最大动作为0号位打出的['Bomb', '9', ['S9', 'H9', 'C9', 'D9']]
[22:33:54] [yf2_v5] [INFO] 2号位打出['PASS', 'PASS', 'PASS']， 最大动作为0号位打出的['Bomb', '9', ['S9', 'H9', 'C9', 'D9']]
[22:33:54] [YFAdapter-P2] [INFO] [YF-P2] Decision context: myPos=2, curPos=2, greaterPos=0, teammate=0, curAction=[, actionList_size=2
[22:33:54] [YFAdapter-P2] [INFO] [YF-P2] Decided: action_index=0, action=['PASS', 'PASS', 'PASS']
[22:33:54] [yf2_v5] [INFO] 3号位打出['PASS', 'PASS', 'PASS']， 最大动作为0号位打出的['Bomb', '9', ['S9', 'H9', 'C9', 'D9']]
[22:33:54] [yf2_v5] [INFO] 0号位打出['Single', '6', ['D6']]， 最大动作为0号位打出的['Single', '6', ['D6']]
[22:33:54] [yf2_v5] [INFO] 1号位打出['Single', '7', ['C7']]， 最大动作为1号位打出的['Single', '7', ['C7']]
[22:33:54] [yf2_v5] [INFO] 2号位打出['Single', '5', ['C5']]， 最大动作为2号位打出的['Single', '5', ['C5']]
[22:33:54] [YFAdapter-P2] [INFO] [YF-P2] Decision context: myPos=2, curPos=2, greaterPos=2, teammate=0, curAction=[, actionList_size=6
[22:33:54] [YFAdapter-P2] [INFO] [YF-P2] Decided: action_index=5, action=['Bomb', '6', [['S', '6'], ['H', '6'], ['H', '6'], ['C', '6'], ['D', '6']]]
[22:33:54] [yf2_v5] [INFO] 3号位打出['Bomb', '6', ['S6', 'H6', 'H6', 'C6', 'D6']]， 最大动作为3号位打出的['Bomb', '6', ['S6', 'H6', 'H6', 'C6', 'D6']]
[22:33:54] [yf2_v5] [INFO] 0号位打出['PASS', 'PASS', 'PASS']， 最大动作为3号位打出的['Bomb', '6', ['S6', 'H6', 'H6', 'C6', 'D6']]
[22:33:54] [yf2_v5] [INFO] 1号位打出['PASS', 'PASS', 'PASS']， 最大动作为3号位打出的['Bomb', '6', ['S6', 'H6', 'H6', 'C6', 'D6']]
[22:33:54] [yf2_v5] [INFO] 2号位打出['PASS', 'PASS', 'PASS']， 最大动作为3号位打出的['Bomb', '6', ['S6', 'H6', 'H6', 'C6', 'D6']]
[22:33:54] [YFAdapter-P2] [INFO] [YF-P2] Decision context: myPos=2, curPos=-1, greaterPos=-1, teammate=0, curAction=[, actionList_size=17
[22:33:54] [YFAdapter-P2] [INFO] [YF-P2] Decided: action_index=0, action=['Single', '3', [['D', '3']]]
[22:33:54] [yf2_v5] [INFO] 3号位打出['Single', '3', ['D3']]， 最大动作为3号位打出的['Single', '3', ['D3']]
[22:33:54] [yf2_v5] [INFO] 0号位打出['Single', '8', ['D8']]， 最大动作为0号位打出的['Single', '8', ['D8']]
[22:33:54] [yf2_v5] [INFO] 1号位打出['Single', 'A', ['DA']]， 最大动作为1号位打出的['Single', 'A', ['DA']]
[22:33:54] [yf2_v5] [INFO] 2号位打出['Single', '5', ['D5']]， 最大动作为2号位打出的['Single', '5', ['D5']]
[22:33:54] [YFAdapter-P2] [INFO] [YF-P2] Decision context: myPos=2, curPos=2, greaterPos=2, teammate=0, curAction=[, actionList_size=1
[22:33:54] [YFAdapter-P2] [INFO] [YF-P2] Decided: action_index=0, action=['PASS', 'PASS', 'PASS']
[22:33:54] [yf2_v5] [INFO] 3号位打出['PASS', 'PASS', 'PASS']， 最大动作为2号位打出的['Single', '5', ['D5']]
[22:33:54] [yf2_v5] [INFO] 0号位打出['PASS', 'PASS', 'PASS']， 最大动作为2号位打出的['Single', '5', ['D5']]
[22:33:54] [yf2_v5] [INFO] 1号位打出['PASS', 'PASS', 'PASS']， 最大动作为2号位打出的['Single', '5', ['D5']]
[22:33:54] [yf2_v5] [INFO] 2号位打出['Single', '4', ['D4']]， 最大动作为2号位打出的['Single', '4', ['D4']]
[22:33:54] [YFAdapter-P2] [INFO] [YF-P2] Decision context: myPos=2, curPos=2, greaterPos=2, teammate=0, curAction=[, actionList_size=9
[22:33:54] [YFAdapter-P2] [INFO] [YF-P2] Decided: action_index=5, action=['Single', 'T', [['H', 'T']]]
[22:33:54] [yf2_v5] [INFO] 3号位打出['Single', 'T', ['HT']]， 最大动作为3号位打出的['Single', 'T', ['HT']]
[22:33:54] [yf2_v5] [INFO] 0号位打出['Single', 'Q', ['DQ']]， 最大动作为0号位打出的['Single', 'Q', ['DQ']]
[22:33:54] [yf2_v5] [INFO] 1号位打出['Single', '5', ['C5']]， 最大动作为1号位打出的['Single', '5', ['C5']]
[22:33:54] [yf2_v5] [INFO] 2号位打出['Single', 'B', ['SB']]， 最大动作为2号位打出的['Single', 'B', ['SB']]
[22:33:54] [YFAdapter-P2] [INFO] [YF-P2] Decision context: myPos=2, curPos=2, greaterPos=2, teammate=0, curAction=[, actionList_size=1
[22:33:54] [YFAdapter-P2] [INFO] [YF-P2] Decided: action_index=0, action=['PASS', 'PASS', 'PASS']
[22:33:54] [yf2_v5] [INFO] 3号位打出['PASS', 'PASS', 'PASS']， 最大动作为2号位打出的['Single', 'B', ['SB']]
[22:33:54] [yf2_v5] [INFO] 0号位打出['PASS', 'PASS', 'PASS']， 最大动作为2号位打出的['Single', 'B', ['SB']]
[22:33:54] [yf2_v5] [INFO] 1号位打出['PASS', 'PASS', 'PASS']， 最大动作为2号位打出的['Single', 'B', ['SB']]
[22:33:54] [yf2_v5] [INFO] 2号位打出['ThreeWithTwo', '2', ['S2', 'H2', 'C2', 'H8', 'D8']]， 最大动作为2号位打出的['ThreeWithTwo', '2', ['S2', 'H2', 'C2', 'H8', 'D8']]
[22:33:54] [YFAdapter-P2] [INFO] [YF-P2] Decision context: myPos=2, curPos=2, greaterPos=2, teammate=0, curAction=[, actionList_size=1
[22:33:54] [YFAdapter-P2] [INFO] [YF-P2] Decided: action_index=0, action=['PASS', 'PASS', 'PASS']
[22:33:54] [yf2_v5] [INFO] 3号位打出['PASS', 'PASS', 'PASS']， 最大动作为2号位打出的['ThreeWithTwo', '2', ['S2', 'H2', 'C2', 'H8', 'D8']]
[22:33:54] [yf2_v5] [INFO] 0号位打出['PASS', 'PASS', 'PASS']， 最大动作为2号位打出的['ThreeWithTwo', '2', ['S2', 'H2', 'C2', 'H8', 'D8']]
[22:33:54] [yf2_v5] [INFO] 1号位打出['ThreeWithTwo', '8', ['S8', 'S8', 'H8', 'S2', 'H2']]， 最大动作为1号位打出的['ThreeWithTwo', '8', ['S8', 'S8', 'H8', 'S2', 'H2']]
[22:33:54] [yf2_v5] [INFO] 2号位打出['ThreeWithTwo', '9', ['H9', 'C9', 'D9', 'HT', 'DT']]， 最大动作为2号位打出的['ThreeWithTwo', '9', ['H9', 'C9', 'D9', 'HT', 'DT']]
[22:33:54] [YFAdapter-P2] [INFO] [YF-P2] Decision context: myPos=2, curPos=2, greaterPos=2, teammate=0, curAction=[, actionList_size=1
[22:33:54] [YFAdapter-P2] [INFO] [YF-P2] Decided: action_index=0, action=['PASS', 'PASS', 'PASS']
[22:33:54] [yf2_v5] [INFO] 3号位打出['PASS', 'PASS', 'PASS']， 最大动作为2号位打出的['ThreeWithTwo', '9', ['H9', 'C9', 'D9', 'HT', 'DT']]
[22:33:54] [yf2_v5] [INFO] 0号位打出['PASS', 'PASS', 'PASS']， 最大动作为2号位打出的['ThreeWithTwo', '9', ['H9', 'C9', 'D9', 'HT', 'DT']]
[22:33:54] [yf2_v5] [INFO] 1号位打出['PASS', 'PASS', 'PASS']， 最大动作为2号位打出的['ThreeWithTwo', '9', ['H9', 'C9', 'D9', 'HT', 'DT']]
[22:33:54] [yf2_v5] [INFO] 2号位打出['Pair', 'K', ['CK', 'DK']]， 最大动作为2号位打出的['Pair', 'K', ['CK', 'DK']]
[22:33:54] [YFAdapter-P2] [INFO] [YF-P2] Decision context: myPos=2, curPos=2, greaterPos=2, teammate=0, curAction=[, actionList_size=1
[22:33:54] [YFAdapter-P2] [INFO] [YF-P2] Decided: action_index=0, action=['PASS', 'PASS', 'PASS']
[22:33:54] [yf2_v5] [INFO] 3号位打出['PASS', 'PASS', 'PASS']， 最大动作为2号位打出的['Pair', 'K', ['CK', 'DK']]
[22:33:54] [yf2_v5] [INFO] 0号位打出['PASS', 'PASS', 'PASS']， 最大动作为2号位打出的['Pair', 'K', ['CK', 'DK']]
[22:33:54] [yf2_v5] [INFO] 1号位打出['PASS', 'PASS', 'PASS']， 最大动作为2号位打出的['Pair', 'K', ['CK', 'DK']]
[22:33:54] [yf2_v5] [INFO] 2号位打出['Single', 'B', ['SB']]， 最大动作为2号位打出的['Single', 'B', ['SB']]
[22:33:54] [YFAdapter-P2] [INFO] [YF-P2] Decision context: myPos=2, curPos=2, greaterPos=2, teammate=0, curAction=[, actionList_size=1
[22:33:54] [YFAdapter-P2] [INFO] [YF-P2] Decided: action_index=0, action=['PASS', 'PASS', 'PASS']
[22:33:54] [yf2_v5] [INFO] 3号位打出['PASS', 'PASS', 'PASS']， 最大动作为2号位打出的['Single', 'B', ['SB']]
[22:33:54] [yf2_v5] [INFO] 0号位打出['PASS', 'PASS', 'PASS']， 最大动作为2号位打出的['Single', 'B', ['SB']]
[22:33:54] [yf2_v5] [INFO] 1号位打出['PASS', 'PASS', 'PASS']， 最大动作为2号位打出的['Single', 'B', ['SB']]
[22:33:54] [yf2_v5] [INFO] 2号位打出['Single', '7', ['S7']]， 最大动作为2号位打出的['Single', '7', ['S7']]
[22:33:54] [YFAdapter-P2] [INFO] [YF-P2] Decision context: myPos=2, curPos=2, greaterPos=2, teammate=0, curAction=[, actionList_size=7
[22:33:54] [YFAdapter-P2] [INFO] [YF-P2] Decided: action_index=3, action=['Single', 'T', [['S', 'T']]]
[22:33:54] [yf2_v5] [INFO] 3号位打出['Single', 'T', ['ST']]， 最大动作为3号位打出的['Single', 'T', ['ST']]
[22:33:54] [yf2_v5] [INFO] 0号位打出['Single', '5', ['D5']]， 最大动作为0号位打出的['Single', '5', ['D5']]
[22:33:54] [yf2_v5] [INFO] 1号位打出['PASS', 'PASS', 'PASS']， 最大动作为0号位打出的['Single', '5', ['D5']]
[22:33:54] [yf2_v5] [INFO] 2号位打出['PASS', 'PASS', 'PASS']， 最大动作为0号位打出的['Single', '5', ['D5']]
[22:33:54] [YFAdapter-P2] [INFO] [YF-P2] Decision context: myPos=2, curPos=2, greaterPos=0, teammate=0, curAction=[, actionList_size=1
[22:33:54] [YFAdapter-P2] [INFO] [YF-P2] Decided: action_index=0, action=['PASS', 'PASS', 'PASS']
[22:33:54] [yf2_v5] [INFO] 3号位打出['PASS', 'PASS', 'PASS']， 最大动作为0号位打出的['Single', '5', ['D5']]
[22:33:54] [yf2_v5] [INFO] 0号位打出['Pair', '2', ['D2', 'D2']]， 最大动作为0号位打出的['Pair', '2', ['D2', 'D2']]
[22:33:54] [yf2_v5] [INFO] 1号位打出['Pair', 'J', ['HJ', 'DJ']]， 最大动作为1号位打出的['Pair', 'J', ['HJ', 'DJ']]
[22:33:54] [yf2_v5] [INFO] 2号位打出['PASS', 'PASS', 'PASS']， 最大动作为1号位打出的['Pair', 'J', ['HJ', 'DJ']]
[22:33:54] [YFAdapter-P2] [INFO] [YF-P2] Decision context: myPos=2, curPos=2, greaterPos=1, teammate=0, curAction=[, actionList_size=1
[22:33:54] [YFAdapter-P2] [INFO] [YF-P2] Decided: action_index=0, action=['PASS', 'PASS', 'PASS']
[22:33:54] [yf2_v5] [INFO] 3号位打出['PASS', 'PASS', 'PASS']， 最大动作为1号位打出的['Pair', 'J', ['HJ', 'DJ']]
[22:33:54] [yf2_v5] [INFO] 0号位打出['Pair', 'K', ['SK', 'CK']]， 最大动作为0号位打出的['Pair', 'K', ['SK', 'CK']]
[22:33:54] [yf2_v5] [INFO] 1号位打出['PASS', 'PASS', 'PASS']， 最大动作为0号位打出的['Pair', 'K', ['SK', 'CK']]
[22:33:54] [yf2_v5] [INFO] 2号位打出['PASS', 'PASS', 'PASS']， 最大动作为0号位打出的['Pair', 'K', ['SK', 'CK']]
[22:33:54] [YFAdapter-P2] [INFO] [YF-P2] Decision context: myPos=2, curPos=2, greaterPos=0, teammate=0, curAction=[, actionList_size=1
[22:33:54] [YFAdapter-P2] [INFO] [YF-P2] Decided: action_index=0, action=['PASS', 'PASS', 'PASS']
[22:33:54] [yf2_v5] [INFO] 3号位打出['PASS', 'PASS', 'PASS']， 最大动作为0号位打出的['Pair', 'K', ['SK', 'CK']]
[22:33:54] [yf2_v5] [INFO] 0号位打出['Pair', 'T', ['ST', 'CT']]， 最大动作为0号位打出的['Pair', 'T', ['ST', 'CT']]
[22:33:54] [yf2_v5] [INFO] 1号位打出['PASS', 'PASS', 'PASS']， 最大动作为0号位打出的['Pair', 'T', ['ST', 'CT']]
[22:33:54] [yf2_v5] [INFO] 2号位打出['PASS', 'PASS', 'PASS']， 最大动作为0号位打出的['Pair', 'T', ['ST', 'CT']]
[22:33:54] [YFAdapter-P2] [INFO] [YF-P2] Decision context: myPos=2, curPos=2, greaterPos=0, teammate=0, curAction=[, actionList_size=2
[22:33:54] [YFAdapter-P2] [INFO] [YF-P2] Decided: action_index=0, action=['PASS', 'PASS', 'PASS']
[22:33:54] [yf2_v5] [INFO] 3号位打出['Pair', 'J', ['CJ', 'DJ']]， 最大动作为3号位打出的['Pair', 'J', ['CJ', 'DJ']]
[22:33:54] [yf2_v5] [INFO] 0号位打出['Pair', 'A', ['SA', 'HA']]， 最大动作为0号位打出的['Pair', 'A', ['SA', 'HA']]
[22:33:54] [yf2_v5] [INFO] 1号位打出['PASS', 'PASS', 'PASS']， 最大动作为0号位打出的['Pair', 'A', ['SA', 'HA']]
[22:33:54] [yf2_v5] [INFO] 2号位打出['PASS', 'PASS', 'PASS']， 最大动作为0号位打出的['Pair', 'A', ['SA', 'HA']]
[22:33:54] [YFAdapter-P2] [INFO] [YF-P2] Decision context: myPos=2, curPos=2, greaterPos=0, teammate=0, curAction=[, actionList_size=1
[22:33:54] [YFAdapter-P2] [INFO] [YF-P2] Decided: action_index=0, action=['PASS', 'PASS', 'PASS']
[22:33:54] [yf2_v5] [INFO] 3号位打出['PASS', 'PASS', 'PASS']， 最大动作为0号位打出的['Pair', 'A', ['SA', 'HA']]
[22:33:54] [yf2_v5] [INFO] 0号位打出['Pair', 'J', ['SJ', 'HJ']]， 最大动作为0号位打出的['Pair', 'J', ['SJ', 'HJ']]
[22:33:54] [yf2_v5] [INFO] 1号位打出['PASS', 'PASS', 'PASS']， 最大动作为0号位打出的['Pair', 'J', ['SJ', 'HJ']]
[22:33:54] [yf2_v5] [INFO] 2号位打出['PASS', 'PASS', 'PASS']， 最大动作为0号位打出的['Pair', 'J', ['SJ', 'HJ']]
[22:33:54] [YFAdapter-P2] [INFO] [YF-P2] Decision context: myPos=2, curPos=2, greaterPos=0, teammate=0, curAction=[, actionList_size=1
[22:33:54] [YFAdapter-P2] [INFO] [YF-P2] Decided: action_index=0, action=['PASS', 'PASS', 'PASS']
[22:33:54] [yf2_v5] [INFO] 3号位打出['PASS', 'PASS', 'PASS']， 最大动作为0号位打出的['Pair', 'J', ['SJ', 'HJ']]
[22:33:54] [yf2_v5] [INFO] 0号位打出['Pair', 'R', ['HR', 'HR']]， 最大动作为0号位打出的['Pair', 'R', ['HR', 'HR']]
[22:33:54] [yf2_v5] [INFO] 1号位打出['PASS', 'PASS', 'PASS']， 最大动作为0号位打出的['Pair', 'R', ['HR', 'HR']]
[22:33:54] [yf2_v5] [INFO] 2号位打出['PASS', 'PASS', 'PASS']， 最大动作为0号位打出的['Pair', 'R', ['HR', 'HR']]
[22:33:54] [YFAdapter-P2] [INFO] [YF-P2] Decision context: myPos=2, curPos=2, greaterPos=0, teammate=0, curAction=[, actionList_size=1
[22:33:54] [YFAdapter-P2] [INFO] [YF-P2] Decided: action_index=0, action=['PASS', 'PASS', 'PASS']
[22:33:54] [yf2_v5] [INFO] 3号位打出['PASS', 'PASS', 'PASS']， 最大动作为0号位打出的['Pair', 'R', ['HR', 'HR']]
[22:33:54] [yf2_v5] [INFO] 0号位打出['Bomb', '4', ['S4', 'S4', 'H4', 'H4', 'C4']]， 最大动作为0号位打出的['Bomb', '4', ['S4', 'S4', 'H4', 'H4', 'C4']]
[22:33:54] [yf2_v5] [INFO] 1号位打出['PASS', 'PASS', 'PASS']， 最大动作为0号位打出的['Bomb', '4', ['S4', 'S4', 'H4', 'H4', 'C4']]
[22:33:54] [yf2_v5] [INFO] 2号位打出['PASS', 'PASS', 'PASS']， 最大动作为0号位打出的['Bomb', '4', ['S4', 'S4', 'H4', 'H4', 'C4']]
[22:33:54] [yf2_v5] [INFO] 2号位打出['Trips', '7', ['C7', 'D7', 'D7']]， 最大动作为2号位打出的['Trips', '7', ['C7', 'D7', 'D7']]
[22:33:54] [YFAdapter-P2] [INFO] [YF-P2] Decision context: myPos=2, curPos=2, greaterPos=2, teammate=0, curAction=[, actionList_size=1
[22:33:54] [YFAdapter-P2] [INFO] [YF-P2] Decided: action_index=0, action=['PASS', 'PASS', 'PASS']
[22:33:54] [yf2_v5] [INFO] 3号位打出['PASS', 'PASS', 'PASS']， 最大动作为2号位打出的['Trips', '7', ['C7', 'D7', 'D7']]
[22:33:54] [yf2_v5] [INFO] 1号位打出['PASS', 'PASS', 'PASS']， 最大动作为2号位打出的['Trips', '7', ['C7', 'D7', 'D7']]
[22:33:54] [yf2_v5] [INFO] 2号位打出['Bomb', 'A', ['HA', 'CA', 'CA', 'DA']]， 最大动作为2号位打出的['Bomb', 'A', ['HA', 'CA', 'CA', 'DA']]
[22:33:54] [yf2_v5] [INFO] 游戏开始, 我是3号位，手牌：['S2', 'C2', 'C3', 'D3', 'D3', 'S4', 'H4', 'S5', 'D5', 'H6', 'C6', 'C6', 'D6', 'S7', 'DT', 'SJ', 'SJ', 'DJ', 'SQ', 'SQ', 'SK', 'HK', 'CK', 'HA', 'CA', 'C8', 'HR']
[22:33:54] [YFAdapter-P2] [INFO] [YF-P2] Decision context: myPos=2, curPos=-1, greaterPos=-1, teammate=0, curAction=[, actionList_size=1
[22:33:54] [YFAdapter-P2] [INFO] [YF-P2] Decided: action_index=0, action=['tribute', 'tribute', [['H', 'R']]]
[22:33:55] [YFAdapter-P2] [INFO] [YF-P2] Decision context: myPos=2, curPos=-1, greaterPos=-1, teammate=0, curAction=[, actionList_size=317
[22:33:55] [YFAdapter-P2] [INFO] [YF-P2] Decided: action_index=69, action=['ThreeWithTwo', '3', [['C', '3'], ['D', '3'], ['D', '3'], ['S', '2'], ['C', '2']]]
[22:33:55] [yf2_v5] [INFO] 3号位打出['ThreeWithTwo', '3', ['C3', 'D3', 'D3', 'S2', 'C2']]， 最大动作为3号位打出的['ThreeWithTwo', '3', ['C3', 'D3', 'D3', 'S2', 'C2']]
[22:33:55] [yf2_v5] [INFO] 0号位打出['ThreeWithTwo', '8', ['S8', 'C8', 'D8', 'S3', 'H3']]， 最大动作为0号位打出的['ThreeWithTwo', '8', ['S8', 'C8', 'D8', 'S3', 'H3']]
[22:33:55] [yf2_v5] [INFO] 1号位打出['StraightFlush', '7', ['H7', 'H8', 'H9', 'HT', 'H8']]， 最大动作为1号位打出的['StraightFlush', '7', ['H7', 'H8', 'H9', 'HT', 'H8']]
[22:33:55] [yf2_v5] [INFO] 2号位打出['PASS', 'PASS', 'PASS']， 最大动作为1号位打出的['StraightFlush', '7', ['H7', 'H8', 'H9', 'HT', 'H8']]
[22:33:55] [YFAdapter-P2] [INFO] [YF-P2] Decision context: myPos=2, curPos=2, greaterPos=1, teammate=0, curAction=[, actionList_size=1
[22:33:55] [YFAdapter-P2] [INFO] [YF-P2] Decided: action_index=0, action=['PASS', 'PASS', 'PASS']
[22:33:55] [yf2_v5] [INFO] 3号位打出['PASS', 'PASS', 'PASS']， 最大动作为1号位打出的['StraightFlush', '7', ['H7', 'H8', 'H9', 'HT', 'H8']]
[22:33:55] [yf2_v5] [INFO] 0号位打出['PASS', 'PASS', 'PASS']， 最大动作为1号位打出的['StraightFlush', '7', ['H7', 'H8', 'H9', 'HT', 'H8']]
[22:33:55] [yf2_v5] [INFO] 1号位打出['Single', '6', ['D6']]， 最大动作为1号位打出的['Single', '6', ['D6']]
[22:33:55] [yf2_v5] [INFO] 2号位打出['Single', 'Q', ['HQ']]， 最大动作为2号位打出的['Single', 'Q', ['HQ']]
[22:33:55] [YFAdapter-P2] [INFO] [YF-P2] Decision context: myPos=2, curPos=2, greaterPos=2, teammate=0, curAction=[, actionList_size=8
[22:33:55] [YFAdapter-P2] [INFO] [YF-P2] Decided: action_index=7, action=['Bomb', '6', [['H', '6'], ['C', '6'], ['C', '6'], ['D', '6']]]
[22:33:55] [yf2_v5] [INFO] 3号位打出['Bomb', '6', ['H6', 'C6', 'C6', 'D6']]， 最大动作为3号位打出的['Bomb', '6', ['H6', 'C6', 'C6', 'D6']]
[22:33:55] [yf2_v5] [INFO] 0号位打出['Bomb', '7', ['S7', 'H7', 'C7', 'C7', 'D7']]， 最大动作为0号位打出的['Bomb', '7', ['S7', 'H7', 'C7', 'C7', 'D7']]
[22:33:55] [yf2_v5] [INFO] 1号位打出['PASS', 'PASS', 'PASS']， 最大动作为0号位打出的['Bomb', '7', ['S7', 'H7', 'C7', 'C7', 'D7']]
[22:33:55] [yf2_v5] [INFO] 2号位打出['PASS', 'PASS', 'PASS']， 最大动作为0号位打出的['Bomb', '7', ['S7', 'H7', 'C7', 'C7', 'D7']]
[22:33:55] [YFAdapter-P2] [INFO] [YF-P2] Decision context: myPos=2, curPos=2, greaterPos=0, teammate=0, curAction=[, actionList_size=1
[22:33:55] [YFAdapter-P2] [INFO] [YF-P2] Decided: action_index=0, action=['PASS', 'PASS', 'PASS']
[22:33:55] [yf2_v5] [INFO] 3号位打出['PASS', 'PASS', 'PASS']， 最大动作为0号位打出的['Bomb', '7', ['S7', 'H7', 'C7', 'C7', 'D7']]
[22:33:55] [yf2_v5] [INFO] 0号位打出['Single', '2', ['D2']]， 最大动作为0号位打出的['Single', '2', ['D2']]
[22:33:55] [yf2_v5] [INFO] 1号位打出['Single', 'A', ['DA']]， 最大动作为1号位打出的['Single', 'A', ['DA']]
[22:33:55] [yf2_v5] [INFO] 2号位打出['Single', '8', ['S8']]， 最大动作为2号位打出的['Single', '8', ['S8']]
[22:33:55] [YFAdapter-P2] [INFO] [YF-P2] Decision context: myPos=2, curPos=2, greaterPos=2, teammate=0, curAction=[, actionList_size=1
[22:33:55] [YFAdapter-P2] [INFO] [YF-P2] Decided: action_index=0, action=['PASS', 'PASS', 'PASS']
[22:33:55] [yf2_v5] [INFO] 3号位打出['PASS', 'PASS', 'PASS']， 最大动作为2号位打出的['Single', '8', ['S8']]
[22:33:55] [yf2_v5] [INFO] 0号位打出['PASS', 'PASS', 'PASS']， 最大动作为2号位打出的['Single', '8', ['S8']]
[22:33:55] [yf2_v5] [INFO] 1号位打出['PASS', 'PASS', 'PASS']， 最大动作为2号位打出的['Single', '8', ['S8']]
[22:33:55] [yf2_v5] [INFO] 2号位打出['Single', '3', ['H3']]， 最大动作为2号位打出的['Single', '3', ['H3']]
[22:33:55] [YFAdapter-P2] [INFO] [YF-P2] Decision context: myPos=2, curPos=2, greaterPos=2, teammate=0, curAction=[, actionList_size=17
[22:33:55] [YFAdapter-P2] [INFO] [YF-P2] Decided: action_index=11, action=['Single', 'K', [['S', 'K']]]
[22:33:55] [yf2_v5] [INFO] 3号位打出['Single', 'K', ['SK']]， 最大动作为3号位打出的['Single', 'K', ['SK']]
[22:33:55] [yf2_v5] [INFO] 0号位打出['Single', 'B', ['SB']]， 最大动作为0号位打出的['Single', 'B', ['SB']]
[22:33:55] [yf2_v5] [INFO] 1号位打出['PASS', 'PASS', 'PASS']， 最大动作为0号位打出的['Single', 'B', ['SB']]
[22:33:55] [yf2_v5] [INFO] 2号位打出['PASS', 'PASS', 'PASS']， 最大动作为0号位打出的['Single', 'B', ['SB']]
[22:33:55] [YFAdapter-P2] [INFO] [YF-P2] Decision context: myPos=2, curPos=2, greaterPos=0, teammate=0, curAction=[, actionList_size=1
[22:33:55] [YFAdapter-P2] [INFO] [YF-P2] Decided: action_index=0, action=['PASS', 'PASS', 'PASS']
[22:33:55] [yf2_v5] [INFO] 3号位打出['PASS', 'PASS', 'PASS']， 最大动作为0号位打出的['Single', 'B', ['SB']]
[22:33:55] [yf2_v5] [INFO] 0号位打出['Straight', '2', ['H2', 'S3', 'D4', 'S5', 'H6']]， 最大动作为0号位打出的['Straight', '2', ['H2', 'S3', 'D4', 'S5', 'H6']]
[22:33:55] [yf2_v5] [INFO] 1号位打出['Straight', 'T', ['DT', 'HJ', 'DQ', 'CK', 'SA']]， 最大动作为1号位打出的['Straight', 'T', ['DT', 'HJ', 'DQ', 'CK', 'SA']]
[22:33:55] [yf2_v5] [INFO] 2号位打出['Bomb', '5', ['H5', 'H5', 'C5', 'D5']]， 最大动作为2号位打出的['Bomb', '5', ['H5', 'H5', 'C5', 'D5']]
[22:33:55] [YFAdapter-P2] [INFO] [YF-P2] Decision context: myPos=2, curPos=2, greaterPos=2, teammate=0, curAction=[, actionList_size=1
[22:33:55] [YFAdapter-P2] [INFO] [YF-P2] Decided: action_index=0, action=['PASS', 'PASS', 'PASS']
[22:33:55] [yf2_v5] [INFO] 3号位打出['PASS', 'PASS', 'PASS']， 最大动作为2号位打出的['Bomb', '5', ['H5', 'H5', 'C5', 'D5']]
[22:33:55] [yf2_v5] [INFO] 0号位打出['PASS', 'PASS', 'PASS']， 最大动作为2号位打出的['Bomb', '5', ['H5', 'H5', 'C5', 'D5']]
[22:33:55] [yf2_v5] [INFO] 1号位打出['PASS', 'PASS', 'PASS']， 最大动作为2号位打出的['Bomb', '5', ['H5', 'H5', 'C5', 'D5']]
[22:33:55] [yf2_v5] [INFO] 2号位打出['Single', '6', ['S6']]， 最大动作为2号位打出的['Single', '6', ['S6']]
[22:33:55] [YFAdapter-P2] [INFO] [YF-P2] Decision context: myPos=2, curPos=2, greaterPos=2, teammate=0, curAction=[, actionList_size=12
[22:33:55] [YFAdapter-P2] [INFO] [YF-P2] Decided: action_index=3, action=['Single', 'T', [['D', 'T']]]
[22:33:55] [yf2_v5] [INFO] 3号位打出['Single', 'T', ['DT']]， 最大动作为3号位打出的['Single', 'T', ['DT']]
[22:33:55] [yf2_v5] [INFO] 0号位打出['Single', 'J', ['CJ']]， 最大动作为0号位打出的['Single', 'J', ['CJ']]
[22:33:55] [yf2_v5] [INFO] 1号位打出['Single', 'A', ['SA']]， 最大动作为1号位打出的['Single', 'A', ['SA']]
[22:33:55] [yf2_v5] [INFO] 2号位打出['Single', '8', ['D8']]， 最大动作为2号位打出的['Single', '8', ['D8']]
[22:33:55] [YFAdapter-P2] [INFO] [YF-P2] Decision context: myPos=2, curPos=2, greaterPos=2, teammate=0, curAction=[, actionList_size=1
[22:33:55] [YFAdapter-P2] [INFO] [YF-P2] Decided: action_index=0, action=['PASS', 'PASS', 'PASS']
[22:33:55] [yf2_v5] [INFO] 3号位打出['PASS', 'PASS', 'PASS']， 最大动作为2号位打出的['Single', '8', ['D8']]
[22:33:55] [yf2_v5] [INFO] 0号位打出['PASS', 'PASS', 'PASS']， 最大动作为2号位打出的['Single', '8', ['D8']]
[22:33:55] [yf2_v5] [INFO] 1号位打出['PASS', 'PASS', 'PASS']， 最大动作为2号位打出的['Single', '8', ['D8']]
[22:33:55] [yf2_v5] [INFO] 2号位打出['ThreeWithTwo', '2', ['S2', 'H2', 'C2', 'C4', 'C4']]， 最大动作为2号位打出的['ThreeWithTwo', '2', ['S2', 'H2', 'C2', 'C4', 'C4']]
[22:33:55] [YFAdapter-P2] [INFO] [YF-P2] Decision context: myPos=2, curPos=2, greaterPos=2, teammate=0, curAction=[, actionList_size=7
[22:33:55] [YFAdapter-P2] [INFO] [YF-P2] Decided: action_index=1, action=['ThreeWithTwo', 'J', [['S', 'J'], ['S', 'J'], ['D', 'J'], ['S', '4'], ['H', '4']]]
[22:33:55] [yf2_v5] [INFO] 3号位打出['ThreeWithTwo', 'J', ['SJ', 'SJ', 'DJ', 'S4', 'H4']]， 最大动作为3号位打出的['ThreeWithTwo', 'J', ['SJ', 'SJ', 'DJ', 'S4', 'H4']]
[22:33:55] [yf2_v5] [INFO] 0号位打出['PASS', 'PASS', 'PASS']， 最大动作为3号位打出的['ThreeWithTwo', 'J', ['SJ', 'SJ', 'DJ', 'S4', 'H4']]
[22:33:55] [yf2_v5] [INFO] 1号位打出['PASS', 'PASS', 'PASS']， 最大动作为3号位打出的['ThreeWithTwo', 'J', ['SJ', 'SJ', 'DJ', 'S4', 'H4']]
[22:33:55] [yf2_v5] [INFO] 2号位打出['PASS', 'PASS', 'PASS']， 最大动作为3号位打出的['ThreeWithTwo', 'J', ['SJ', 'SJ', 'DJ', 'S4', 'H4']]
[22:33:55] [YFAdapter-P2] [INFO] [YF-P2] Decision context: myPos=2, curPos=-1, greaterPos=-1, teammate=0, curAction=[, actionList_size=16
[22:33:55] [YFAdapter-P2] [INFO] [YF-P2] Decided: action_index=10, action=['Pair', '5', [['S', '5'], ['D', '5']]]
[22:33:55] [yf2_v5] [INFO] 3号位打出['Pair', '5', ['S5', 'D5']]， 最大动作为3号位打出的['Pair', '5', ['S5', 'D5']]
[22:33:55] [yf2_v5] [INFO] 0号位打出['Pair', '9', ['H9', 'D9']]， 最大动作为0号位打出的['Pair', '9', ['H9', 'D9']]
[22:33:55] [yf2_v5] [INFO] 1号位打出['Pair', 'Q', ['CQ', 'DQ']]， 最大动作为1号位打出的['Pair', 'Q', ['CQ', 'DQ']]
[22:33:55] [yf2_v5] [INFO] 2号位打出['Pair', 'K', ['SK', 'DK']]， 最大动作为2号位打出的['Pair', 'K', ['SK', 'DK']]
[22:33:55] [YFAdapter-P2] [INFO] [YF-P2] Decision context: myPos=2, curPos=2, greaterPos=2, teammate=0, curAction=[, actionList_size=2
[22:33:55] [YFAdapter-P2] [INFO] [YF-P2] Decided: action_index=1, action=['Pair', 'A', [['H', 'A'], ['C', 'A']]]
[22:33:55] [yf2_v5] [INFO] 3号位打出['Pair', 'A', ['HA', 'CA']]， 最大动作为3号位打出的['Pair', 'A', ['HA', 'CA']]
[22:33:55] [yf2_v5] [INFO] 0号位打出['PASS', 'PASS', 'PASS']， 最大动作为3号位打出的['Pair', 'A', ['HA', 'CA']]
[22:33:55] [yf2_v5] [INFO] 1号位打出['PASS', 'PASS', 'PASS']， 最大动作为3号位打出的['Pair', 'A', ['HA', 'CA']]
[22:33:55] [yf2_v5] [INFO] 2号位打出['Bomb', 'T', ['ST', 'ST', 'HT', 'CT']]， 最大动作为2号位打出的['Bomb', 'T', ['ST', 'ST', 'HT', 'CT']]
[22:33:55] [YFAdapter-P2] [INFO] [YF-P2] Decision context: myPos=2, curPos=2, greaterPos=2, teammate=0, curAction=[, actionList_size=1
[22:33:55] [YFAdapter-P2] [INFO] [YF-P2] Decided: action_index=0, action=['PASS', 'PASS', 'PASS']
[22:33:55] [yf2_v5] [INFO] 3号位打出['PASS', 'PASS', 'PASS']， 最大动作为2号位打出的['Bomb', 'T', ['ST', 'ST', 'HT', 'CT']]
[22:33:55] [yf2_v5] [INFO] 0号位打出['PASS', 'PASS', 'PASS']， 最大动作为2号位打出的['Bomb', 'T', ['ST', 'ST', 'HT', 'CT']]
[22:33:55] [yf2_v5] [INFO] 1号位打出['PASS', 'PASS', 'PASS']， 最大动作为2号位打出的['Bomb', 'T', ['ST', 'ST', 'HT', 'CT']]
[22:33:55] [yf2_v5] [INFO] 2号位打出['ThreeWithTwo', '9', ['S9', 'C9', 'C9', 'CJ', 'DJ']]， 最大动作为2号位打出的['ThreeWithTwo', '9', ['S9', 'C9', 'C9', 'CJ', 'DJ']]
[22:33:55] [YFAdapter-P2] [INFO] [YF-P2] Decision context: myPos=2, curPos=2, greaterPos=2, teammate=0, curAction=[, actionList_size=1
[22:33:55] [YFAdapter-P2] [INFO] [YF-P2] Decided: action_index=0, action=['PASS', 'PASS', 'PASS']
[22:33:55] [yf2_v5] [INFO] 3号位打出['PASS', 'PASS', 'PASS']， 最大动作为2号位打出的['ThreeWithTwo', '9', ['S9', 'C9', 'C9', 'CJ', 'DJ']]
[22:33:55] [yf2_v5] [INFO] 0号位打出['PASS', 'PASS', 'PASS']， 最大动作为2号位打出的['ThreeWithTwo', '9', ['S9', 'C9', 'C9', 'CJ', 'DJ']]
[22:33:55] [yf2_v5] [INFO] 1号位打出['PASS', 'PASS', 'PASS']， 最大动作为2号位打出的['ThreeWithTwo', '9', ['S9', 'C9', 'C9', 'CJ', 'DJ']]
[22:33:55] [yf2_v5] [INFO] 2号位打出['Single', 'B', ['SB']]， 最大动作为2号位打出的['Single', 'B', ['SB']]
[22:33:55] [YFAdapter-P2] [INFO] [YF-P2] Decision context: myPos=2, curPos=2, greaterPos=2, teammate=0, curAction=[, actionList_size=1
[22:33:55] [YFAdapter-P2] [INFO] [YF-P2] Decided: action_index=0, action=['PASS', 'PASS', 'PASS']
[22:33:55] [yf2_v5] [INFO] 3号位打出['PASS', 'PASS', 'PASS']， 最大动作为2号位打出的['Single', 'B', ['SB']]
[22:33:55] [yf2_v5] [INFO] 0号位打出['PASS', 'PASS', 'PASS']， 最大动作为2号位打出的['Single', 'B', ['SB']]
[22:33:55] [yf2_v5] [INFO] 1号位打出['PASS', 'PASS', 'PASS']， 最大动作为2号位打出的['Single', 'B', ['SB']]
[22:33:55] [yf2_v5] [INFO] 2号位打出['Single', 'R', ['HR']]， 最大动作为2号位打出的['Single', 'R', ['HR']]
[22:33:55] [YFAdapter-P2] [INFO] [YF-P2] Decision context: myPos=2, curPos=2, greaterPos=2, teammate=0, curAction=[, actionList_size=1
[22:33:55] [YFAdapter-P2] [INFO] [YF-P2] Decided: action_index=0, action=['PASS', 'PASS', 'PASS']
[22:33:55] [yf2_v5] [INFO] 3号位打出['PASS', 'PASS', 'PASS']， 最大动作为2号位打出的['Single', 'R', ['HR']]
[22:33:55] [yf2_v5] [INFO] 0号位打出['PASS', 'PASS', 'PASS']， 最大动作为2号位打出的['Single', 'R', ['HR']]
[22:33:55] [yf2_v5] [INFO] 0号位打出['Pair', 'Q', ['HQ', 'CQ']]， 最大动作为0号位打出的['Pair', 'Q', ['HQ', 'CQ']]
[22:33:55] [yf2_v5] [INFO] 1号位打出['PASS', 'PASS', 'PASS']， 最大动作为0号位打出的['Pair', 'Q', ['HQ', 'CQ']]
[22:33:55] [YFAdapter-P2] [INFO] [YF-P2] Decision context: myPos=2, curPos=1, greaterPos=0, teammate=0, curAction=[, actionList_size=2
[22:33:55] [YFAdapter-P2] [INFO] [YF-P2] Decided: action_index=0, action=['PASS', 'PASS', 'PASS']
[22:33:55] [yf2_v5] [INFO] 3号位打出['Pair', 'K', ['HK', 'CK']]， 最大动作为3号位打出的['Pair', 'K', ['HK', 'CK']]
[22:33:55] [yf2_v5] [INFO] 0号位打出['Pair', 'A', ['CA', 'DA']]， 最大动作为0号位打出的['Pair', 'A', ['CA', 'DA']]
[22:33:55] [yf2_v5] [INFO] 1号位打出['PASS', 'PASS', 'PASS']， 最大动作为0号位打出的['Pair', 'A', ['CA', 'DA']]
[22:33:55] [YFAdapter-P2] [INFO] [YF-P2] Decision context: myPos=2, curPos=1, greaterPos=0, teammate=0, curAction=[, actionList_size=1
[22:33:55] [YFAdapter-P2] [INFO] [YF-P2] Decided: action_index=0, action=['PASS', 'PASS', 'PASS']
[22:33:55] [yf2_v5] [INFO] 3号位打出['PASS', 'PASS', 'PASS']， 最大动作为0号位打出的['Pair', 'A', ['CA', 'DA']]
[22:33:55] [yf2_v5] [INFO] 0号位打出['Pair', 'K', ['HK', 'DK']]， 最大动作为0号位打出的['Pair', 'K', ['HK', 'DK']]
[22:33:55] [yf2_v5] [INFO] 1号位打出['PASS', 'PASS', 'PASS']， 最大动作为0号位打出的['Pair', 'K', ['HK', 'DK']]
[22:33:55] [YFAdapter-P2] [INFO] [YF-P2] Decision context: myPos=2, curPos=1, greaterPos=0, teammate=0, curAction=[, actionList_size=1
[22:33:55] [YFAdapter-P2] [INFO] [YF-P2] Decided: action_index=0, action=['PASS', 'PASS', 'PASS']
[22:33:55] [yf2_v5] [INFO] 3号位打出['PASS', 'PASS', 'PASS']， 最大动作为0号位打出的['Pair', 'K', ['HK', 'DK']]
[22:33:55] [yf2_v5] [INFO] 0号位打出['Single', 'R', ['HR']]， 最大动作为0号位打出的['Single', 'R', ['HR']]
[22:33:55] [yf2_v5] [INFO] 游戏开始, 我是3号位，手牌：['C2', 'C2', 'D2', 'S3', 'H3', 'C3', 'D4', 'C5', 'H6', 'C6', 'D6', 'S7', 'S7', 'D7', 'S8', 'C8', 'H9', 'D9', 'ST', 'HT', 'HQ', 'SA', 'HA', 'SJ', 'HJ', 'CJ', 'SB']
[22:33:55] [YFAdapter-P2] [INFO] [YF-P2] Decision context: myPos=2, curPos=-1, greaterPos=-1, teammate=0, curAction=[, actionList_size=1
[22:33:55] [YFAdapter-P2] [INFO] [YF-P2] Decided: action_index=0, action=['tribute', 'tribute', [['S', 'B']]]
[22:33:55] [yf2_v5] [INFO] 1号位打出['Single', '7', ['C7']]， 最大动作为1号位打出的['Single', '7', ['C7']]
[22:33:55] [yf2_v5] [INFO] 2号位打出['Single', 'J', ['SJ']]， 最大动作为2号位打出的['Single', 'J', ['SJ']]
[22:33:55] [YFAdapter-P2] [INFO] [YF-P2] Decision context: myPos=2, curPos=2, greaterPos=2, teammate=0, curAction=[, actionList_size=6
[22:33:55] [YFAdapter-P2] [INFO] [YF-P2] Decided: action_index=3, action=['Bomb', '6', [['H', '6'], ['C', '6'], ['D', '6'], ['H', 'J']]]
[22:33:55] [yf2_v5] [INFO] 3号位打出['Bomb', '6', ['H6', 'C6', 'D6', 'HJ']]， 最大动作为3号位打出的['Bomb', '6', ['H6', 'C6', 'D6', 'HJ']]
[22:33:55] [yf2_v5] [INFO] 0号位打出['PASS', 'PASS', 'PASS']， 最大动作为3号位打出的['Bomb', '6', ['H6', 'C6', 'D6', 'HJ']]
[22:33:55] [yf2_v5] [INFO] 1号位打出['Bomb', '4', ['S4', 'H4', 'H4', 'C4', 'D4']]， 最大动作为1号位打出的['Bomb', '4', ['S4', 'H4', 'H4', 'C4', 'D4']]
[22:33:55] [yf2_v5] [INFO] 2号位打出['PASS', 'PASS', 'PASS']， 最大动作为1号位打出的['Bomb', '4', ['S4', 'H4', 'H4', 'C4', 'D4']]
[22:33:55] [YFAdapter-P2] [INFO] [YF-P2] Decision context: myPos=2, curPos=2, greaterPos=1, teammate=0, curAction=[, actionList_size=1
[22:33:55] [YFAdapter-P2] [INFO] [YF-P2] Decided: action_index=0, action=['PASS', 'PASS', 'PASS']
[22:33:55] [yf2_v5] [INFO] 3号位打出['PASS', 'PASS', 'PASS']， 最大动作为1号位打出的['Bomb', '4', ['S4', 'H4', 'H4', 'C4', 'D4']]
[22:33:55] [yf2_v5] [INFO] 0号位打出['PASS', 'PASS', 'PASS']， 最大动作为1号位打出的['Bomb', '4', ['S4', 'H4', 'H4', 'C4', 'D4']]
[22:33:55] [yf2_v5] [INFO] 1号位打出['Straight', '5', ['H5', 'S6', 'H7', 'S8', 'S9']]， 最大动作为1号位打出的['Straight', '5', ['H5', 'S6', 'H7', 'S8', 'S9']]
[22:33:55] [yf2_v5] [INFO] 2号位打出['PASS', 'PASS', 'PASS']， 最大动作为1号位打出的['Straight', '5', ['H5', 'S6', 'H7', 'S8', 'S9']]
[22:33:55] [YFAdapter-P2] [INFO] [YF-P2] Decision context: myPos=2, curPos=2, greaterPos=1, teammate=0, curAction=[, actionList_size=49
[22:33:55] [YFAdapter-P2] [INFO] [YF-P2] Decided: action_index=0, action=['PASS', 'PASS', 'PASS']
[22:33:55] [yf2_v5] [INFO] 3号位打出['Straight', '7', ['S7', 'S8', 'H9', 'ST', 'SJ']]， 最大动作为3号位打出的['Straight', '7', ['S7', 'S8', 'H9', 'ST', 'SJ']]
[22:33:55] [yf2_v5] [INFO] 0号位打出['PASS', 'PASS', 'PASS']， 最大动作为3号位打出的['Straight', '7', ['S7', 'S8', 'H9', 'ST', 'SJ']]
[22:33:55] [yf2_v5] [INFO] 1号位打出['Straight', 'T', ['CT', 'CJ', 'SQ', 'SK', 'CA']]， 最大动作为1号位打出的['Straight', 'T', ['CT', 'CJ', 'SQ', 'SK', 'CA']]
[22:33:55] [yf2_v5] [INFO] 2号位打出['Bomb', '5', ['S5', 'S5', 'H5', 'C5']]， 最大动作为2号位打出的['Bomb', '5', ['S5', 'S5', 'H5', 'C5']]
[22:33:55] [YFAdapter-P2] [INFO] [YF-P2] Decision context: myPos=2, curPos=2, greaterPos=2, teammate=0, curAction=[, actionList_size=1
[22:33:55] [YFAdapter-P2] [INFO] [YF-P2] Decided: action_index=0, action=['PASS', 'PASS', 'PASS']
[22:33:55] [yf2_v5] [INFO] 3号位打出['PASS', 'PASS', 'PASS']， 最大动作为2号位打出的['Bomb', '5', ['S5', 'S5', 'H5', 'C5']]
[22:33:55] [yf2_v5] [INFO] 0号位打出['PASS', 'PASS', 'PASS']， 最大动作为2号位打出的['Bomb', '5', ['S5', 'S5', 'H5', 'C5']]
[22:33:55] [yf2_v5] [INFO] 1号位打出['PASS', 'PASS', 'PASS']， 最大动作为2号位打出的['Bomb', '5', ['S5', 'S5', 'H5', 'C5']]
[22:33:55] [yf2_v5] [INFO] 2号位打出['Single', '4', ['C4']]， 最大动作为2号位打出的['Single', '4', ['C4']]
[22:33:55] [YFAdapter-P2] [INFO] [YF-P2] Decision context: myPos=2, curPos=2, greaterPos=2, teammate=0, curAction=[, actionList_size=11
[22:33:55] [YFAdapter-P2] [INFO] [YF-P2] Decided: action_index=7, action=['Single', 'Q', [['H', 'Q']]]
[22:33:55] [yf2_v5] [INFO] 3号位打出['Single', 'Q', ['HQ']]， 最大动作为3号位打出的['Single', 'Q', ['HQ']]
[22:33:55] [yf2_v5] [INFO] 0号位打出['Single', 'J', ['HJ']]， 最大动作为0号位打出的['Single', 'J', ['HJ']]
[22:33:55] [yf2_v5] [INFO] 1号位打出['PASS', 'PASS', 'PASS']， 最大动作为0号位打出的['Single', 'J', ['HJ']]
[22:33:55] [yf2_v5] [INFO] 2号位打出['PASS', 'PASS', 'PASS']， 最大动作为0号位打出的['Single', 'J', ['HJ']]
[22:33:55] [YFAdapter-P2] [INFO] [YF-P2] Decision context: myPos=2, curPos=2, greaterPos=0, teammate=0, curAction=[, actionList_size=1
[22:33:55] [YFAdapter-P2] [INFO] [YF-P2] Decided: action_index=0, action=['PASS', 'PASS', 'PASS']
[22:33:55] [yf2_v5] [INFO] 3号位打出['PASS', 'PASS', 'PASS']， 最大动作为0号位打出的['Single', 'J', ['HJ']]
[22:33:55] [yf2_v5] [INFO] 0号位打出['Single', '5', ['D5']]， 最大动作为0号位打出的['Single', '5', ['D5']]
[22:33:55] [yf2_v5] [INFO] 1号位打出['Single', 'Q', ['DQ']]， 最大动作为1号位打出的['Single', 'Q', ['DQ']]
[22:33:55] [yf2_v5] [INFO] 2号位打出['Single', 'J', ['DJ']]， 最大动作为2号位打出的['Single', 'J', ['DJ']]
[22:33:55] [YFAdapter-P2] [INFO] [YF-P2] Decision context: myPos=2, curPos=2, greaterPos=2, teammate=0, curAction=[, actionList_size=1
[22:33:55] [YFAdapter-P2] [INFO] [YF-P2] Decided: action_index=0, action=['PASS', 'PASS', 'PASS']
[22:33:55] [yf2_v5] [INFO] 3号位打出['PASS', 'PASS', 'PASS']， 最大动作为2号位打出的['Single', 'J', ['DJ']]
[22:33:55] [yf2_v5] [INFO] 0号位打出['PASS', 'PASS', 'PASS']， 最大动作为2号位打出的['Single', 'J', ['DJ']]
[22:33:55] [yf2_v5] [INFO] 1号位打出['PASS', 'PASS', 'PASS']， 最大动作为2号位打出的['Single', 'J', ['DJ']]
[22:33:55] [yf2_v5] [INFO] 2号位打出['ThreeWithTwo', '6', ['S6', 'H6', 'D6', 'C7', 'D7']]， 最大动作为2号位打出的['ThreeWithTwo', '6', ['S6', 'H6', 'D6', 'C7', 'D7']]
[22:33:55] [YFAdapter-P2] [INFO] [YF-P2] Decision context: myPos=2, curPos=2, greaterPos=2, teammate=0, curAction=[, actionList_size=1
[22:33:55] [YFAdapter-P2] [INFO] [YF-P2] Decided: action_index=0, action=['PASS', 'PASS', 'PASS']
[22:33:55] [yf2_v5] [INFO] 3号位打出['PASS', 'PASS', 'PASS']， 最大动作为2号位打出的['ThreeWithTwo', '6', ['S6', 'H6', 'D6', 'C7', 'D7']]
[22:33:55] [yf2_v5] [INFO] 0号位打出['PASS', 'PASS', 'PASS']， 最大动作为2号位打出的['ThreeWithTwo', '6', ['S6', 'H6', 'D6', 'C7', 'D7']]
[22:33:55] [yf2_v5] [INFO] 1号位打出['PASS', 'PASS', 'PASS']， 最大动作为2号位打出的['ThreeWithTwo', '6', ['S6', 'H6', 'D6', 'C7', 'D7']]
[22:33:55] [yf2_v5] [INFO] 2号位打出['Pair', '8', ['H8', 'D8']]， 最大动作为2号位打出的['Pair', '8', ['H8', 'D8']]
[22:33:55] [YFAdapter-P2] [INFO] [YF-P2] Decision context: myPos=2, curPos=2, greaterPos=2, teammate=0, curAction=[, actionList_size=3
[22:33:55] [YFAdapter-P2] [INFO] [YF-P2] Decided: action_index=0, action=['PASS', 'PASS', 'PASS']
[22:33:55] [yf2_v5] [INFO] 3号位打出['Pair', 'A', ['SA', 'HA']]， 最大动作为3号位打出的['Pair', 'A', ['SA', 'HA']]
[22:33:55] [yf2_v5] [INFO] 0号位打出['Bomb', '9', ['S9', 'H9', 'C9', 'C9']]， 最大动作为0号位打出的['Bomb', '9', ['S9', 'H9', 'C9', 'C9']]
[22:33:55] [yf2_v5] [INFO] 1号位打出['PASS', 'PASS', 'PASS']， 最大动作为0号位打出的['Bomb', '9', ['S9', 'H9', 'C9', 'C9']]
[22:33:55] [yf2_v5] [INFO] 2号位打出['PASS', 'PASS', 'PASS']， 最大动作为0号位打出的['Bomb', '9', ['S9', 'H9', 'C9', 'C9']]
[22:33:55] [YFAdapter-P2] [INFO] [YF-P2] Decision context: myPos=2, curPos=2, greaterPos=0, teammate=0, curAction=[, actionList_size=1
[22:33:55] [YFAdapter-P2] [INFO] [YF-P2] Decided: action_index=0, action=['PASS', 'PASS', 'PASS']
[22:33:55] [yf2_v5] [INFO] 3号位打出['PASS', 'PASS', 'PASS']， 最大动作为0号位打出的['Bomb', '9', ['S9', 'H9', 'C9', 'C9']]
[22:33:55] [yf2_v5] [INFO] 0号位打出['Single', '2', ['S2']]， 最大动作为0号位打出的['Single', '2', ['S2']]
[22:33:55] [yf2_v5] [INFO] 1号位打出['Single', 'Q', ['HQ']]， 最大动作为1号位打出的['Single', 'Q', ['HQ']]
[22:33:55] [yf2_v5] [INFO] 2号位打出['Single', 'B', ['SB']]， 最大动作为2号位打出的['Single', 'B', ['SB']]
[22:33:55] [YFAdapter-P2] [INFO] [YF-P2] Decision context: myPos=2, curPos=2, greaterPos=2, teammate=0, curAction=[, actionList_size=1
[22:33:55] [YFAdapter-P2] [INFO] [YF-P2] Decided: action_index=0, action=['PASS', 'PASS', 'PASS']
[22:33:55] [yf2_v5] [INFO] 3号位打出['PASS', 'PASS', 'PASS']， 最大动作为2号位打出的['Single', 'B', ['SB']]
[22:33:55] [yf2_v5] [INFO] 0号位打出['PASS', 'PASS', 'PASS']， 最大动作为2号位打出的['Single', 'B', ['SB']]
[22:33:55] [yf2_v5] [INFO] 1号位打出['PASS', 'PASS', 'PASS']， 最大动作为2号位打出的['Single', 'B', ['SB']]
[22:33:55] [yf2_v5] [INFO] 2号位打出['ThreeWithTwo', 'Q', ['SQ', 'CQ', 'DQ', 'ST', 'DT']]， 最大动作为2号位打出的['ThreeWithTwo', 'Q', ['SQ', 'CQ', 'DQ', 'ST', 'DT']]
[22:33:55] [YFAdapter-P2] [INFO] [YF-P2] Decision context: myPos=2, curPos=2, greaterPos=2, teammate=0, curAction=[, actionList_size=1
[22:33:55] [YFAdapter-P2] [INFO] [YF-P2] Decided: action_index=0, action=['PASS', 'PASS', 'PASS']
[22:33:55] [yf2_v5] [INFO] 3号位打出['PASS', 'PASS', 'PASS']， 最大动作为2号位打出的['ThreeWithTwo', 'Q', ['SQ', 'CQ', 'DQ', 'ST', 'DT']]
[22:33:55] [yf2_v5] [INFO] 0号位打出['PASS', 'PASS', 'PASS']， 最大动作为2号位打出的['ThreeWithTwo', 'Q', ['SQ', 'CQ', 'DQ', 'ST', 'DT']]
[22:33:55] [yf2_v5] [INFO] 1号位打出['PASS', 'PASS', 'PASS']， 最大动作为2号位打出的['ThreeWithTwo', 'Q', ['SQ', 'CQ', 'DQ', 'ST', 'DT']]
[22:33:55] [yf2_v5] [INFO] 2号位打出['Pair', 'A', ['HA', 'CA']]， 最大动作为2号位打出的['Pair', 'A', ['HA', 'CA']]
[22:33:55] [YFAdapter-P2] [INFO] [YF-P2] Decision context: myPos=2, curPos=2, greaterPos=2, teammate=0, curAction=[, actionList_size=1
[22:33:55] [YFAdapter-P2] [INFO] [YF-P2] Decided: action_index=0, action=['PASS', 'PASS', 'PASS']
[22:33:55] [yf2_v5] [INFO] 3号位打出['PASS', 'PASS', 'PASS']， 最大动作为2号位打出的['Pair', 'A', ['HA', 'CA']]
[22:33:55] [yf2_v5] [INFO] 0号位打出['PASS', 'PASS', 'PASS']， 最大动作为2号位打出的['Pair', 'A', ['HA', 'CA']]
[22:33:55] [yf2_v5] [INFO] 1号位打出['PASS', 'PASS', 'PASS']， 最大动作为2号位打出的['Pair', 'A', ['HA', 'CA']]
[22:33:55] [yf2_v5] [INFO] 2号位打出['Single', 'R', ['HR']]， 最大动作为2号位打出的['Single', 'R', ['HR']]
[22:33:55] [YFAdapter-P2] [INFO] [YF-P2] Decision context: myPos=2, curPos=2, greaterPos=2, teammate=0, curAction=[, actionList_size=1
[22:33:55] [YFAdapter-P2] [INFO] [YF-P2] Decided: action_index=0, action=['PASS', 'PASS', 'PASS']
[22:33:55] [yf2_v5] [INFO] 3号位打出['PASS', 'PASS', 'PASS']， 最大动作为2号位打出的['Single', 'R', ['HR']]
[22:33:55] [yf2_v5] [INFO] 0号位打出['PASS', 'PASS', 'PASS']， 最大动作为2号位打出的['Single', 'R', ['HR']]
[22:33:55] [yf2_v5] [INFO] 1号位打出['PASS', 'PASS', 'PASS']， 最大动作为2号位打出的['Single', 'R', ['HR']]
[22:33:55] [yf2_v5] [INFO] 2号位打出['Bomb', 'K', ['SK', 'HK', 'CK', 'DK']]， 最大动作为2号位打出的['Bomb', 'K', ['SK', 'HK', 'CK', 'DK']]
[22:33:55] [YFAdapter-P2] [INFO] [YF-P2] Decision context: myPos=2, curPos=2, greaterPos=2, teammate=0, curAction=[, actionList_size=1
[22:33:55] [YFAdapter-P2] [INFO] [YF-P2] Decided: action_index=0, action=['PASS', 'PASS', 'PASS']
[22:33:55] [yf2_v5] [INFO] 3号位打出['PASS', 'PASS', 'PASS']， 最大动作为2号位打出的['Bomb', 'K', ['SK', 'HK', 'CK', 'DK']]
[22:33:55] [yf2_v5] [INFO] 0号位打出['PASS', 'PASS', 'PASS']， 最大动作为2号位打出的['Bomb', 'K', ['SK', 'HK', 'CK', 'DK']]
[22:33:55] [yf2_v5] [INFO] 0号位打出['Straight', '4', ['S4', 'D5', 'C6', 'H7', 'D8']]， 最大动作为0号位打出的['Straight', '4', ['S4', 'D5', 'C6', 'H7', 'D8']]
[22:33:55] [yf2_v5] [INFO] 1号位打出['PASS', 'PASS', 'PASS']， 最大动作为0号位打出的['Straight', '4', ['S4', 'D5', 'C6', 'H7', 'D8']]
[22:33:55] [YFAdapter-P2] [INFO] [YF-P2] Decision context: myPos=2, curPos=1, greaterPos=0, teammate=0, curAction=[, actionList_size=3
[22:33:55] [YFAdapter-P2] [INFO] [YF-P2] Decided: action_index=0, action=['PASS', 'PASS', 'PASS']
[22:33:55] [yf2_v5] [INFO] 3号位打出['Straight', '7', ['S7', 'C8', 'D9', 'HT', 'CJ']]， 最大动作为3号位打出的['Straight', '7', ['S7', 'C8', 'D9', 'HT', 'CJ']]
[22:33:55] [yf2_v5] [INFO] 0号位打出['PASS', 'PASS', 'PASS']， 最大动作为3号位打出的['Straight', '7', ['S7', 'C8', 'D9', 'HT', 'CJ']]
[22:33:55] [yf2_v5] [INFO] 1号位打出['PASS', 'PASS', 'PASS']， 最大动作为3号位打出的['Straight', '7', ['S7', 'C8', 'D9', 'HT', 'CJ']]
[22:33:55] [YFAdapter-P2] [INFO] [YF-P2] Decision context: myPos=2, curPos=-1, greaterPos=-1, teammate=0, curAction=[, actionList_size=21
[22:33:55] [YFAdapter-P2] [INFO] [YF-P2] Decided: action_index=5, action=['Single', '4', [['D', '4']]]
[22:33:55] [yf2_v5] [INFO] 3号位打出['Single', '4', ['D4']]， 最大动作为3号位打出的['Single', '4', ['D4']]
[22:33:55] [yf2_v5] [INFO] 0号位打出['Single', 'Q', ['CQ']]， 最大动作为0号位打出的['Single', 'Q', ['CQ']]
[22:33:55] [yf2_v5] [INFO] 1号位打出['Single', 'A', ['DA']]， 最大动作为1号位打出的['Single', 'A', ['DA']]
[22:33:55] [YFAdapter-P2] [INFO] [YF-P2] Decision context: myPos=2, curPos=1, greaterPos=1, teammate=0, curAction=[, actionList_size=1
[22:33:55] [YFAdapter-P2] [INFO] [YF-P2] Decided: action_index=0, action=['PASS', 'PASS', 'PASS']
[22:33:55] [yf2_v5] [INFO] 3号位打出['PASS', 'PASS', 'PASS']， 最大动作为1号位打出的['Single', 'A', ['DA']]
[22:33:55] [yf2_v5] [INFO] 0号位打出['Single', 'J', ['DJ']]， 最大动作为0号位打出的['Single', 'J', ['DJ']]
[22:33:55] [yf2_v5] [INFO] 1号位打出['PASS', 'PASS', 'PASS']， 最大动作为0号位打出的['Single', 'J', ['DJ']]
[22:33:55] [YFAdapter-P2] [INFO] [YF-P2] Decision context: myPos=2, curPos=1, greaterPos=0, teammate=0, curAction=[, actionList_size=1
[22:33:55] [YFAdapter-P2] [INFO] [YF-P2] Decided: action_index=0, action=['PASS', 'PASS', 'PASS']
[22:33:55] [yf2_v5] [INFO] 3号位打出['PASS', 'PASS', 'PASS']， 最大动作为0号位打出的['Single', 'J', ['DJ']]
[22:33:55] [yf2_v5] [INFO] 0号位打出['Pair', 'T', ['HT', 'DT']]， 最大动作为0号位打出的['Pair', 'T', ['HT', 'DT']]
[22:33:55] [yf2_v5] [INFO] 1号位打出['PASS', 'PASS', 'PASS']， 最大动作为0号位打出的['Pair', 'T', ['HT', 'DT']]
[22:33:55] [YFAdapter-P2] [INFO] [YF-P2] Decision context: myPos=2, curPos=1, greaterPos=0, teammate=0, curAction=[, actionList_size=1
[22:33:55] [YFAdapter-P2] [INFO] [YF-P2] Decided: action_index=0, action=['PASS', 'PASS', 'PASS']
[22:33:55] [yf2_v5] [INFO] 3号位打出['PASS', 'PASS', 'PASS']， 最大动作为0号位打出的['Pair', 'T', ['HT', 'DT']]
[22:33:55] [yf2_v5] [INFO] 0号位打出['Pair', '2', ['S2', 'H2']]， 最大动作为0号位打出的['Pair', '2', ['S2', 'H2']]
[22:33:55] [yf2_v5] [INFO] 1号位打出['Pair', '8', ['H8', 'C8']]， 最大动作为1号位打出的['Pair', '8', ['H8', 'C8']]
[22:33:55] [YFAdapter-P2] [INFO] [YF-P2] Decision context: myPos=2, curPos=1, greaterPos=1, teammate=0, curAction=[, actionList_size=1
[22:33:55] [YFAdapter-P2] [INFO] [YF-P2] Decided: action_index=0, action=['PASS', 'PASS', 'PASS']
[22:33:56] [yf2_v5] [INFO] 3号位打出['PASS', 'PASS', 'PASS']， 最大动作为1号位打出的['Pair', '8', ['H8', 'C8']]
[22:33:56] [yf2_v5] [INFO] 0号位打出['Pair', 'K', ['HK', 'CK']]， 最大动作为0号位打出的['Pair', 'K', ['HK', 'CK']]
[22:33:56] [yf2_v5] [INFO] 1号位打出['PASS', 'PASS', 'PASS']， 最大动作为0号位打出的['Pair', 'K', ['HK', 'CK']]
[22:33:56] [YFAdapter-P2] [INFO] [YF-P2] Decision context: myPos=2, curPos=1, greaterPos=0, teammate=0, curAction=[, actionList_size=1
[22:33:56] [YFAdapter-P2] [INFO] [YF-P2] Decided: action_index=0, action=['PASS', 'PASS', 'PASS']
[22:33:56] [yf2_v5] [INFO] 3号位打出['PASS', 'PASS', 'PASS']， 最大动作为0号位打出的['Pair', 'K', ['HK', 'CK']]
[22:33:56] [yf2_v5] [INFO] 0号位打出['ThreeWithTwo', '3', ['S3', 'H3', 'D3', 'SA', 'DA']]， 最大动作为0号位打出的['ThreeWithTwo', '3', ['S3', 'H3', 'D3', 'SA', 'DA']]
[22:33:56] [yf2_v5] [INFO] 1号位打出['PASS', 'PASS', 'PASS']， 最大动作为0号位打出的['ThreeWithTwo', '3', ['S3', 'H3', 'D3', 'SA', 'DA']]
[22:33:56] [YFAdapter-P2] [INFO] [YF-P2] Decision context: myPos=2, curPos=1, greaterPos=0, teammate=0, curAction=[, actionList_size=1
[22:33:56] [YFAdapter-P2] [INFO] [YF-P2] Decided: action_index=0, action=['PASS', 'PASS', 'PASS']
[22:33:56] [yf2_v5] [INFO] 3号位打出['PASS', 'PASS', 'PASS']， 最大动作为0号位打出的['ThreeWithTwo', '3', ['S3', 'H3', 'D3', 'SA', 'DA']]
[22:33:56] [yf2_v5] [INFO] 0号位打出['Single', 'B', ['SB']]， 最大动作为0号位打出的['Single', 'B', ['SB']]
[22:33:56] [yf2_v5] [INFO] 1号位打出['PASS', 'PASS', 'PASS']， 最大动作为0号位打出的['Single', 'B', ['SB']]
[22:33:56] [YFAdapter-P2] [INFO] [YF-P2] Decision context: myPos=2, curPos=1, greaterPos=0, teammate=0, curAction=[, actionList_size=1
[22:33:56] [YFAdapter-P2] [INFO] [YF-P2] Decided: action_index=0, action=['PASS', 'PASS', 'PASS']
[22:33:56] [yf2_v5] [INFO] 3号位打出['PASS', 'PASS', 'PASS']， 最大动作为0号位打出的['Single', 'B', ['SB']]
[22:33:56] [yf2_v5] [INFO] 0号位打出['Single', 'R', ['HR']]， 最大动作为0号位打出的['Single', 'R', ['HR']]
[22:33:56] [yf2_v5] [INFO] 游戏开始, 我是3号位，手牌：['H2', 'S3', 'C4', 'H5', 'D5', 'H6', 'H7', 'C7', 'S8', 'C8', 'C8', 'H9', 'C9', 'D9', 'D9', 'ST', 'HJ', 'SQ', 'HQ', 'CQ', 'DQ', 'HK', 'HK', 'CK', 'DK', 'HA', 'CA']
[22:33:56] [yf2_v5] [INFO] 2号位打出['Single', '3', ['H3']]， 最大动作为2号位打出的['Single', '3', ['H3']]
[22:33:56] [YFAdapter-P2] [INFO] [YF-P2] Decision context: myPos=2, curPos=2, greaterPos=2, teammate=0, curAction=[, actionList_size=42
[22:33:56] [YFAdapter-P2] [INFO] [YF-P2] Decided: action_index=8, action=['Single', '8', [['C', '8']]]
[22:33:56] [yf2_v5] [INFO] 3号位打出['Single', '8', ['C8']]， 最大动作为3号位打出的['Single', '8', ['C8']]
[22:33:56] [yf2_v5] [INFO] 0号位打出['Single', 'A', ['HA']]， 最大动作为0号位打出的['Single', 'A', ['HA']]
[22:33:56] [yf2_v5] [INFO] 1号位打出['Single', 'R', ['HR']]， 最大动作为1号位打出的['Single', 'R', ['HR']]
[22:33:56] [yf2_v5] [INFO] 2号位打出['PASS', 'PASS', 'PASS']， 最大动作为1号位打出的['Single', 'R', ['HR']]
[22:33:56] [YFAdapter-P2] [INFO] [YF-P2] Decision context: myPos=2, curPos=2, greaterPos=1, teammate=0, curAction=[, actionList_size=19
[22:33:56] [YFAdapter-P2] [INFO] [YF-P2] Decided: action_index=0, action=['PASS', 'PASS', 'PASS']
[22:33:56] [yf2_v5] [INFO] 3号位打出['Bomb', 'Q', ['SQ', 'HQ', 'CQ', 'HA']]， 最大动作为3号位打出的['Bomb', 'Q', ['SQ', 'HQ', 'CQ', 'HA']]
[22:33:56] [yf2_v5] [INFO] 0号位打出['PASS', 'PASS', 'PASS']， 最大动作为3号位打出的['Bomb', 'Q', ['SQ', 'HQ', 'CQ', 'HA']]
[22:33:56] [yf2_v5] [INFO] 1号位打出['PASS', 'PASS', 'PASS']， 最大动作为3号位打出的['Bomb', 'Q', ['SQ', 'HQ', 'CQ', 'HA']]
[22:33:56] [yf2_v5] [INFO] 2号位打出['PASS', 'PASS', 'PASS']， 最大动作为3号位打出的['Bomb', 'Q', ['SQ', 'HQ', 'CQ', 'HA']]
[22:33:56] [YFAdapter-P2] [INFO] [YF-P2] Decision context: myPos=2, curPos=-1, greaterPos=-1, teammate=0, curAction=[, actionList_size=167
[22:33:56] [YFAdapter-P2] [INFO] [YF-P2] Decided: action_index=4, action=['Single', '5', [['D', '5']]]
[22:33:56] [yf2_v5] [INFO] 3号位打出['Single', '5', ['D5']]， 最大动作为3号位打出的['Single', '5', ['D5']]
[22:33:56] [yf2_v5] [INFO] 0号位打出['Single', 'A', ['CA']]， 最大动作为0号位打出的['Single', 'A', ['CA']]
[22:33:56] [yf2_v5] [INFO] 1号位打出['Bomb', 'J', ['SJ', 'CJ', 'CJ', 'DJ']]， 最大动作为1号位打出的['Bomb', 'J', ['SJ', 'CJ', 'CJ', 'DJ']]
[22:33:56] [yf2_v5] [INFO] 2号位打出['PASS', 'PASS', 'PASS']， 最大动作为1号位打出的['Bomb', 'J', ['SJ', 'CJ', 'CJ', 'DJ']]
[22:33:56] [YFAdapter-P2] [INFO] [YF-P2] Decision context: myPos=2, curPos=2, greaterPos=1, teammate=0, curAction=[, actionList_size=2
[22:33:56] [YFAdapter-P2] [INFO] [YF-P2] Decided: action_index=0, action=['PASS', 'PASS', 'PASS']
[22:33:56] [yf2_v5] [INFO] 3号位打出['Bomb', 'K', ['HK', 'HK', 'CK', 'DK']]， 最大动作为3号位打出的['Bomb', 'K', ['HK', 'HK', 'CK', 'DK']]
[22:33:56] [yf2_v5] [INFO] 0号位打出['PASS', 'PASS', 'PASS']， 最大动作为3号位打出的['Bomb', 'K', ['HK', 'HK', 'CK', 'DK']]
[22:33:56] [yf2_v5] [INFO] 1号位打出['PASS', 'PASS', 'PASS']， 最大动作为3号位打出的['Bomb', 'K', ['HK', 'HK', 'CK', 'DK']]
[22:33:56] [yf2_v5] [INFO] 2号位打出['PASS', 'PASS', 'PASS']， 最大动作为3号位打出的['Bomb', 'K', ['HK', 'HK', 'CK', 'DK']]
[22:33:56] [YFAdapter-P2] [INFO] [YF-P2] Decision context: myPos=2, curPos=-1, greaterPos=-1, teammate=0, curAction=[, actionList_size=86
[22:33:56] [YFAdapter-P2] [INFO] [YF-P2] Decided: action_index=36, action=['Straight', '2', [['H', '2'], ['S', '3'], ['C', '4'], ['H', '5'], ['H', '6']]]
[22:33:56] [yf2_v5] [INFO] 3号位打出['Straight', '2', ['H2', 'S3', 'C4', 'H5', 'H6']]， 最大动作为3号位打出的['Straight', '2', ['H2', 'S3', 'C4', 'H5', 'H6']]
[22:33:56] [yf2_v5] [INFO] 0号位打出['PASS', 'PASS', 'PASS']， 最大动作为3号位打出的['Straight', '2', ['H2', 'S3', 'C4', 'H5', 'H6']]
[22:33:56] [yf2_v5] [INFO] 1号位打出['Straight', '3', ['S3', 'S4', 'S5', 'S6', 'H7']]， 最大动作为1号位打出的['Straight', '3', ['S3', 'S4', 'S5', 'S6', 'H7']]
[22:33:56] [yf2_v5] [INFO] 2号位打出['Bomb', '8', ['H8', 'H8', 'D8', 'D8']]， 最大动作为2号位打出的['Bomb', '8', ['H8', 'H8', 'D8', 'D8']]
[22:33:56] [YFAdapter-P2] [INFO] [YF-P2] Decision context: myPos=2, curPos=2, greaterPos=2, teammate=0, curAction=[, actionList_size=2
[22:33:56] [YFAdapter-P2] [INFO] [YF-P2] Decided: action_index=1, action=['Bomb', '9', [['H', '9'], ['C', '9'], ['D', '9'], ['D', '9']]]
[22:33:56] [yf2_v5] [INFO] 3号位打出['Bomb', '9', ['H9', 'C9', 'D9', 'D9']]， 最大动作为3号位打出的['Bomb', '9', ['H9', 'C9', 'D9', 'D9']]
[22:33:56] [yf2_v5] [INFO] 0号位打出['PASS', 'PASS', 'PASS']， 最大动作为3号位打出的['Bomb', '9', ['H9', 'C9', 'D9', 'D9']]
[22:33:56] [yf2_v5] [INFO] 1号位打出['PASS', 'PASS', 'PASS']， 最大动作为3号位打出的['Bomb', '9', ['H9', 'C9', 'D9', 'D9']]
[22:33:56] [yf2_v5] [INFO] 2号位打出['PASS', 'PASS', 'PASS']， 最大动作为3号位打出的['Bomb', '9', ['H9', 'C9', 'D9', 'D9']]
[22:33:56] [YFAdapter-P2] [INFO] [YF-P2] Decision context: myPos=2, curPos=-1, greaterPos=-1, teammate=0, curAction=[, actionList_size=10
[22:33:56] [YFAdapter-P2] [INFO] [YF-P2] Decided: action_index=8, action=['Pair', '7', [['H', '7'], ['C', '7']]]
[22:33:56] [yf2_v5] [INFO] 3号位打出['Pair', '7', ['H7', 'C7']]， 最大动作为3号位打出的['Pair', '7', ['H7', 'C7']]
[22:33:56] [yf2_v5] [INFO] 0号位打出['Pair', '9', ['S9', 'H9']]， 最大动作为0号位打出的['Pair', '9', ['S9', 'H9']]
[22:33:56] [yf2_v5] [INFO] 1号位打出['Pair', 'A', ['SA', 'DA']]， 最大动作为1号位打出的['Pair', 'A', ['SA', 'DA']]
[22:33:56] [yf2_v5] [INFO] 2号位打出['Pair', 'B', ['SB', 'SB']]， 最大动作为2号位打出的['Pair', 'B', ['SB', 'SB']]
[22:33:56] [YFAdapter-P2] [INFO] [YF-P2] Decision context: myPos=2, curPos=2, greaterPos=2, teammate=0, curAction=[, actionList_size=1
[22:33:56] [YFAdapter-P2] [INFO] [YF-P2] Decided: action_index=0, action=['PASS', 'PASS', 'PASS']
[22:33:56] [yf2_v5] [INFO] 3号位打出['PASS', 'PASS', 'PASS']， 最大动作为2号位打出的['Pair', 'B', ['SB', 'SB']]
[22:33:56] [yf2_v5] [INFO] 0号位打出['PASS', 'PASS', 'PASS']， 最大动作为2号位打出的['Pair', 'B', ['SB', 'SB']]
[22:33:56] [yf2_v5] [INFO] 1号位打出['PASS', 'PASS', 'PASS']， 最大动作为2号位打出的['Pair', 'B', ['SB', 'SB']]
[22:33:56] [yf2_v5] [INFO] 2号位打出['Single', '6', ['D6']]， 最大动作为2号位打出的['Single', '6', ['D6']]
[22:33:56] [YFAdapter-P2] [INFO] [YF-P2] Decision context: myPos=2, curPos=2, greaterPos=2, teammate=0, curAction=[, actionList_size=7
[22:33:56] [YFAdapter-P2] [INFO] [YF-P2] Decided: action_index=4, action=['Single', 'J', [['H', 'J']]]
[22:33:56] [yf2_v5] [INFO] 3号位打出['Single', 'J', ['HJ']]， 最大动作为3号位打出的['Single', 'J', ['HJ']]
[22:33:56] [yf2_v5] [INFO] 0号位打出['PASS', 'PASS', 'PASS']， 最大动作为3号位打出的['Single', 'J', ['HJ']]
[22:33:56] [yf2_v5] [INFO] 1号位打出['Single', 'K', ['SK']]， 最大动作为1号位打出的['Single', 'K', ['SK']]
[22:33:56] [yf2_v5] [INFO] 2号位打出['Single', 'A', ['SA']]， 最大动作为2号位打出的['Single', 'A', ['SA']]
[22:33:56] [YFAdapter-P2] [INFO] [YF-P2] Decision context: myPos=2, curPos=2, greaterPos=2, teammate=0, curAction=[, actionList_size=1
[22:33:56] [YFAdapter-P2] [INFO] [YF-P2] Decided: action_index=0, action=['PASS', 'PASS', 'PASS']
[22:33:56] [yf2_v5] [INFO] 3号位打出['PASS', 'PASS', 'PASS']， 最大动作为2号位打出的['Single', 'A', ['SA']]
[22:33:56] [yf2_v5] [INFO] 0号位打出['PASS', 'PASS', 'PASS']， 最大动作为2号位打出的['Single', 'A', ['SA']]
[22:33:56] [yf2_v5] [INFO] 1号位打出['Single', 'R', ['HR']]， 最大动作为1号位打出的['Single', 'R', ['HR']]
[22:33:56] [yf2_v5] [INFO] 2号位打出['PASS', 'PASS', 'PASS']， 最大动作为1号位打出的['Single', 'R', ['HR']]
[22:33:56] [YFAdapter-P2] [INFO] [YF-P2] Decision context: myPos=2, curPos=2, greaterPos=1, teammate=0, curAction=[, actionList_size=1
[22:33:56] [YFAdapter-P2] [INFO] [YF-P2] Decided: action_index=0, action=['PASS', 'PASS', 'PASS']
[22:33:56] [yf2_v5] [INFO] 3号位打出['PASS', 'PASS', 'PASS']， 最大动作为1号位打出的['Single', 'R', ['HR']]
[22:33:56] [yf2_v5] [INFO] 0号位打出['Bomb', '6', ['S6', 'H6', 'C6', 'D6']]， 最大动作为0号位打出的['Bomb', '6', ['S6', 'H6', 'C6', 'D6']]
[22:33:56] [yf2_v5] [INFO] 1号位打出['PASS', 'PASS', 'PASS']， 最大动作为0号位打出的['Bomb', '6', ['S6', 'H6', 'C6', 'D6']]
[22:33:56] [yf2_v5] [INFO] 2号位打出['PASS', 'PASS', 'PASS']， 最大动作为0号位打出的['Bomb', '6', ['S6', 'H6', 'C6', 'D6']]
[22:33:56] [YFAdapter-P2] [INFO] [YF-P2] Decision context: myPos=2, curPos=2, greaterPos=0, teammate=0, curAction=[, actionList_size=1
[22:33:56] [YFAdapter-P2] [INFO] [YF-P2] Decided: action_index=0, action=['PASS', 'PASS', 'PASS']
[22:33:56] [yf2_v5] [INFO] 3号位打出['PASS', 'PASS', 'PASS']， 最大动作为0号位打出的['Bomb', '6', ['S6', 'H6', 'C6', 'D6']]
[22:33:56] [yf2_v5] [INFO] 0号位打出['Single', '4', ['H4']]， 最大动作为0号位打出的['Single', '4', ['H4']]
[22:33:56] [yf2_v5] [INFO] 1号位打出['Single', '8', ['S8']]， 最大动作为1号位打出的['Single', '8', ['S8']]
[22:33:56] [yf2_v5] [INFO] 2号位打出['Single', 'J', ['DJ']]， 最大动作为2号位打出的['Single', 'J', ['DJ']]
[22:33:56] [YFAdapter-P2] [INFO] [YF-P2] Decision context: myPos=2, curPos=2, greaterPos=2, teammate=0, curAction=[, actionList_size=3
[22:33:56] [YFAdapter-P2] [INFO] [YF-P2] Decided: action_index=1, action=['Single', 'Q', [['D', 'Q']]]
[22:33:56] [yf2_v5] [INFO] 3号位打出['Single', 'Q', ['DQ']]， 最大动作为3号位打出的['Single', 'Q', ['DQ']]
[22:33:56] [yf2_v5] [INFO] 0号位打出['PASS', 'PASS', 'PASS']， 最大动作为3号位打出的['Single', 'Q', ['DQ']]
[22:33:56] [yf2_v5] [INFO] 1号位打出['Single', 'K', ['SK']]， 最大动作为1号位打出的['Single', 'K', ['SK']]
[22:33:56] [yf2_v5] [INFO] 2号位打出['PASS', 'PASS', 'PASS']， 最大动作为1号位打出的['Single', 'K', ['SK']]
[22:33:56] [YFAdapter-P2] [INFO] [YF-P2] Decision context: myPos=2, curPos=2, greaterPos=1, teammate=0, curAction=[, actionList_size=2
[22:33:56] [YFAdapter-P2] [INFO] [YF-P2] Decided: action_index=0, action=['PASS', 'PASS', 'PASS']
[22:33:56] [YFAdapter-P2] [WARNING] [YF-P2] 检测到过于保守: 对手快走完(剩4张), 触发Layer 2/3进行更积极的决策
[22:33:56] [yf2_v5] [INFO] 3号位打出['Single', 'A', ['CA']]， 最大动作为3号位打出的['Single', 'A', ['CA']]
[22:33:56] [yf2_v5] [INFO] 0号位打出['PASS', 'PASS', 'PASS']， 最大动作为3号位打出的['Single', 'A', ['CA']]
[22:33:56] [yf2_v5] [INFO] 1号位打出['PASS', 'PASS', 'PASS']， 最大动作为3号位打出的['Single', 'A', ['CA']]
[22:33:56] [yf2_v5] [INFO] 2号位打出['PASS', 'PASS', 'PASS']， 最大动作为3号位打出的['Single', 'A', ['CA']]
[22:33:56] [YFAdapter-P2] [INFO] [YF-P2] Decision context: myPos=2, curPos=-1, greaterPos=-1, teammate=0, curAction=[, actionList_size=4
[22:33:56] [YFAdapter-P2] [INFO] [YF-P2] Decided: action_index=3, action=['Pair', '8', [['S', '8'], ['C', '8']]]
[22:33:56] [yf2_v5] [INFO] 3号位打出['Pair', '8', ['S8', 'C8']]， 最大动作为3号位打出的['Pair', '8', ['S8', 'C8']]
[22:33:56] [yf2_v5] [INFO] 0号位打出['Pair', 'Q', ['SQ', 'DQ']]， 最大动作为0号位打出的['Pair', 'Q', ['SQ', 'DQ']]
[22:33:56] [yf2_v5] [INFO] 1号位打出['PASS', 'PASS', 'PASS']， 最大动作为0号位打出的['Pair', 'Q', ['SQ', 'DQ']]
[22:33:56] [yf2_v5] [INFO] 2号位打出['PASS', 'PASS', 'PASS']， 最大动作为0号位打出的['Pair', 'Q', ['SQ', 'DQ']]
[22:33:56] [YFAdapter-P2] [INFO] [YF-P2] Decision context: myPos=2, curPos=2, greaterPos=0, teammate=0, curAction=[, actionList_size=1
[22:33:56] [YFAdapter-P2] [INFO] [YF-P2] Decided: action_index=0, action=['PASS', 'PASS', 'PASS']
[22:33:56] [yf2_v5] [INFO] 3号位打出['PASS', 'PASS', 'PASS']， 最大动作为0号位打出的['Pair', 'Q', ['SQ', 'DQ']]
[22:33:56] [yf2_v5] [INFO] 0号位打出['ThreeWithTwo', '7', ['S7', 'S7', 'C7', 'S2', 'H2']]， 最大动作为0号位打出的['ThreeWithTwo', '7', ['S7', 'S7', 'C7', 'S2', 'H2']]
[22:33:56] [yf2_v5] [INFO] 1号位打出['PASS', 'PASS', 'PASS']， 最大动作为0号位打出的['ThreeWithTwo', '7', ['S7', 'S7', 'C7', 'S2', 'H2']]
[22:33:56] [yf2_v5] [INFO] 2号位打出['PASS', 'PASS', 'PASS']， 最大动作为0号位打出的['ThreeWithTwo', '7', ['S7', 'S7', 'C7', 'S2', 'H2']]
[22:33:56] [YFAdapter-P2] [INFO] [YF-P2] Decision context: myPos=2, curPos=2, greaterPos=0, teammate=0, curAction=[, actionList_size=1
[22:33:56] [YFAdapter-P2] [INFO] [YF-P2] Decided: action_index=0, action=['PASS', 'PASS', 'PASS']
[22:33:56] [yf2_v5] [INFO] 3号位打出['PASS', 'PASS', 'PASS']， 最大动作为0号位打出的['ThreeWithTwo', '7', ['S7', 'S7', 'C7', 'S2', 'H2']]
[22:33:56] [yf2_v5] [INFO] 0号位打出['Pair', '5', ['S5', 'D5']]， 最大动作为0号位打出的['Pair', '5', ['S5', 'D5']]
[22:33:56] [yf2_v5] [INFO] 1号位打出['Pair', 'T', ['HT', 'CT']]， 最大动作为1号位打出的['Pair', 'T', ['HT', 'CT']]
[22:33:56] [yf2_v5] [INFO] 2号位打出['Pair', 'Q', ['HQ', 'CQ']]， 最大动作为2号位打出的['Pair', 'Q', ['HQ', 'CQ']]
[22:33:56] [YFAdapter-P2] [INFO] [YF-P2] Decision context: myPos=2, curPos=2, greaterPos=2, teammate=0, curAction=[, actionList_size=1
[22:33:56] [YFAdapter-P2] [INFO] [YF-P2] Decided: action_index=0, action=['PASS', 'PASS', 'PASS']
[22:33:56] [yf2_v5] [INFO] 3号位打出['PASS', 'PASS', 'PASS']， 最大动作为2号位打出的['Pair', 'Q', ['HQ', 'CQ']]
[22:33:56] [yf2_v5] [INFO] 0号位打出['PASS', 'PASS', 'PASS']， 最大动作为2号位打出的['Pair', 'Q', ['HQ', 'CQ']]
[22:33:56] [yf2_v5] [INFO] 1号位打出['PASS', 'PASS', 'PASS']， 最大动作为2号位打出的['Pair', 'Q', ['HQ', 'CQ']]
[22:33:56] [yf2_v5] [INFO] 2号位打出['Single', '2', ['S2']]， 最大动作为2号位打出的['Single', '2', ['S2']]
[22:33:56] [YFAdapter-P2] [INFO] [YF-P2] Decision context: myPos=2, curPos=2, greaterPos=2, teammate=0, curAction=[, actionList_size=2
[22:33:56] [YFAdapter-P2] [INFO] [YF-P2] Decided: action_index=1, action=['Single', 'T', [['S', 'T']]]
[22:33:56] [yf2_v5] [INFO] 3号位打出['Single', 'T', ['ST']]， 最大动作为3号位打出的['Single', 'T', ['ST']]
[22:33:56] [yf2_v5] [INFO] 0号位打出['PASS', 'PASS', 'PASS']， 最大动作为3号位打出的['Single', 'T', ['ST']]
[22:33:56] [yf2_v5] [INFO] 1号位打出['Single', 'A', ['DA']]， 最大动作为1号位打出的['Single', 'A', ['DA']]
[22:33:56] [yf2_v5] [INFO] 2号位打出['PASS', 'PASS', 'PASS']， 最大动作为1号位打出的['Single', 'A', ['DA']]
[22:33:56] [yf2_v5] [INFO] 0号位打出['PASS', 'PASS', 'PASS']， 最大动作为1号位打出的['Single', 'A', ['DA']]
[22:33:56] [yf2_v5] [INFO] 1号位打出['Single', '6', ['C6']]， 最大动作为1号位打出的['Single', '6', ['C6']]
[22:33:56] [yf2_v5] [INFO] 2号位打出['PASS', 'PASS', 'PASS']， 最大动作为1号位打出的['Single', '6', ['C6']]
[22:33:56] [yf2_v5] [INFO] 0号位打出['Single', 'K', ['DK']]， 最大动作为0号位打出的['Single', 'K', ['DK']]
[22:33:56] [yf2_v5] [INFO] 1号位打出['PASS', 'PASS', 'PASS']， 最大动作为0号位打出的['Single', 'K', ['DK']]
[22:33:56] [yf2_v5] [INFO] 2号位打出['PASS', 'PASS', 'PASS']， 最大动作为0号位打出的['Single', 'K', ['DK']]
[22:33:56] [yf2_v5] [INFO] 0号位打出['ThreeWithTwo', 'T', ['CT', 'DT', 'DT', 'C3', 'C3']]， 最大动作为0号位打出的['ThreeWithTwo', 'T', ['CT', 'DT', 'DT', 'C3', 'C3']]
[22:33:56] [yf2_v5] [INFO] 1号位打出['PASS', 'PASS', 'PASS']， 最大动作为0号位打出的['ThreeWithTwo', 'T', ['CT', 'DT', 'DT', 'C3', 'C3']]
[22:33:56] [yf2_v5] [INFO] 2号位打出['PASS', 'PASS', 'PASS']， 最大动作为0号位打出的['ThreeWithTwo', 'T', ['CT', 'DT', 'DT', 'C3', 'C3']]
[22:33:56] [yf2_v5] [INFO] 0号位打出['Pair', 'J', ['SJ', 'HJ']]， 最大动作为0号位打出的['Pair', 'J', ['SJ', 'HJ']]
[22:33:56] [yf2_v5] [INFO] 1号位打出['PASS', 'PASS', 'PASS']， 最大动作为0号位打出的['Pair', 'J', ['SJ', 'HJ']]
[22:33:56] [yf2_v5] [INFO] 2号位打出['PASS', 'PASS', 'PASS']， 最大动作为0号位打出的['Pair', 'J', ['SJ', 'HJ']]
[22:33:56] [yf2_v5] [INFO] 0号位打出['Single', 'K', ['CK']]， 最大动作为0号位打出的['Single', 'K', ['CK']]
[22:33:56] [yf2_v5] [INFO] 1号位打出['PASS', 'PASS', 'PASS']， 最大动作为0号位打出的['Single', 'K', ['CK']]
[22:33:56] [yf2_v5] [INFO] 2号位打出['PASS', 'PASS', 'PASS']， 最大动作为0号位打出的['Single', 'K', ['CK']]
[22:33:56] [yf2_v5] [INFO] 2号位打出['Single', '2', ['C2']]， 最大动作为2号位打出的['Single', '2', ['C2']]
[22:33:56] [yf2_v5] [INFO] 1号位打出['Single', '3', ['H3']]， 最大动作为1号位打出的['Single', '3', ['H3']]
[22:33:56] [yf2_v5] [INFO] 2号位打出['PASS', 'PASS', 'PASS']， 最大动作为1号位打出的['Single', '3', ['H3']]
[22:33:56] [yf2_v5] [INFO] 1号位打出['ThreePair', '2', ['D2', 'D2', 'D3', 'D3', 'H4', 'D4']]， 最大动作为1号位打出的['ThreePair', '2', ['D2', 'D2', 'D3', 'D3', 'H4', 'D4']]
[22:33:56] [yf2_v5] [INFO] 游戏开始, 我是3号位，手牌：['S2', 'H2', 'H3', 'D3', 'H5', 'S6', 'H6', 'C6', 'D6', 'S7', 'S7', 'D7', 'S8', 'H8', 'D8', 'HT', 'HJ', 'CJ', 'SQ', 'HQ', 'DQ', 'SA', 'HA', 'HA', 'DA', 'C4', 'SB']
[22:33:56] [YFAdapter-P2] [INFO] [YF-P2] Decision context: myPos=2, curPos=-1, greaterPos=-1, teammate=0, curAction=[, actionList_size=15
[22:33:56] [YFAdapter-P2] [ERROR] YF rule_parse failed: 'NoneType' object is not iterable
Traceback (most recent call last):
  File "D:\guandanscore\YiFeiAI-GD\src\communication\lalala_adapter_v4.py", line 462, in _make_yf_decision
    act_index = self.yf_action.rule_parse(
        message,
    ...<6 lines>...
        self.yf_state.tribute_result
    )
  File "D:\NYGD\lalala\action.py", line 1391, in rule_parse
    self.act = self.back_action(msg,mypos,tribute_result)
               ~~~~~~~~~~~~~~~~^^^^^^^^^^^^^^^^^^^^^^^^^^
  File "D:\NYGD\lalala\action.py", line 1331, in back_action
    card = choose_in_single(combined_temp["Single"])
  File "D:\NYGD\lalala\action.py", line 1212, in choose_in_single
    for my_pos in tribute_result:
                  ^^^^^^^^^^^^^^
TypeError: 'NoneType' object is not iterable
[22:33:56] [YFAdapter-P2] [ERROR] YF decision failed: YF decision failed: 'NoneType' object is not iterable
Traceback (most recent call last):
  File "D:\guandanscore\YiFeiAI-GD\src\communication\lalala_adapter_v4.py", line 462, in _make_yf_decision
    act_index = self.yf_action.rule_parse(
        message,
    ...<6 lines>...
        self.yf_state.tribute_result
    )
  File "D:\NYGD\lalala\action.py", line 1391, in rule_parse
    self.act = self.back_action(msg,mypos,tribute_result)
               ~~~~~~~~~~~~~~~~^^^^^^^^^^^^^^^^^^^^^^^^^^
  File "D:\NYGD\lalala\action.py", line 1331, in back_action
    card = choose_in_single(combined_temp["Single"])
  File "D:\NYGD\lalala\action.py", line 1212, in choose_in_single
    for my_pos in tribute_result:
                  ^^^^^^^^^^^^^^
TypeError: 'NoneType' object is not iterable

During handling of the above exception, another exception occurred:

Traceback (most recent call last):
  File "D:\guandanscore\YiFeiAI-GD\src\communication\lalala_adapter_v4.py", line 96, in decide
    action_index = self._make_yf_decision(converted_message)
  File "D:\guandanscore\YiFeiAI-GD\src\communication\lalala_adapter_v4.py", line 526, in _make_yf_decision
    raise RuntimeError(f"YF decision failed: {e}")
RuntimeError: YF decision failed: 'NoneType' object is not iterable
[22:33:56] [yf2_v5] [INFO] 2号位打出['Single', '6', ['C6']]， 最大动作为2号位打出的['Single', '6', ['C6']]
[22:33:56] [YFAdapter-P2] [INFO] [YF-P2] Decision context: myPos=2, curPos=2, greaterPos=2, teammate=0, curAction=[, actionList_size=20
[22:33:56] [YFAdapter-P2] [INFO] [YF-P2] Decided: action_index=1, action=['Single', '7', [['S', '7']]]
[22:33:56] [yf2_v5] [INFO] 3号位打出['Single', '7', ['S7']]， 最大动作为3号位打出的['Single', '7', ['S7']]
[22:33:56] [yf2_v5] [INFO] 0号位打出['Single', 'K', ['HK']]， 最大动作为0号位打出的['Single', 'K', ['HK']]
[22:33:56] [yf2_v5] [INFO] 1号位打出['Single', 'A', ['SA']]， 最大动作为1号位打出的['Single', 'A', ['SA']]
[22:33:56] [yf2_v5] [INFO] 2号位打出['Single', '4', ['C4']]， 最大动作为2号位打出的['Single', '4', ['C4']]
[22:33:56] [YFAdapter-P2] [INFO] [YF-P2] Decision context: myPos=2, curPos=2, greaterPos=2, teammate=0, curAction=[, actionList_size=4
[22:33:56] [YFAdapter-P2] [INFO] [YF-P2] Decided: action_index=0, action=['PASS', 'PASS', 'PASS']
[22:33:56] [yf2_v5] [INFO] 3号位打出['PASS', 'PASS', 'PASS']， 最大动作为2号位打出的['Single', '4', ['C4']]
[22:33:56] [yf2_v5] [INFO] 0号位打出['PASS', 'PASS', 'PASS']， 最大动作为2号位打出的['Single', '4', ['C4']]
[22:33:56] [yf2_v5] [INFO] 1号位打出['PASS', 'PASS', 'PASS']， 最大动作为2号位打出的['Single', '4', ['C4']]
[22:33:56] [yf2_v5] [INFO] 2号位打出['ThreeWithTwo', 'J', ['SJ', 'CJ', 'DJ', 'S2', 'H2']]， 最大动作为2号位打出的['ThreeWithTwo', 'J', ['SJ', 'CJ', 'DJ', 'S2', 'H2']]
[22:33:56] [YFAdapter-P2] [INFO] [YF-P2] Decision context: myPos=2, curPos=2, greaterPos=2, teammate=0, curAction=[, actionList_size=68
[22:33:56] [YFAdapter-P2] [INFO] [YF-P2] Decided: action_index=62, action=['ThreeWithTwo', 'A', [['H', 'A'], ['H', 'A'], ['D', 'A'], ['S', 'Q'], ['D', 'Q']]]
[22:33:56] [yf2_v5] [INFO] 3号位打出['ThreeWithTwo', 'A', ['HA', 'HA', 'DA', 'SQ', 'DQ']]， 最大动作为3号位打出的['ThreeWithTwo', 'A', ['HA', 'HA', 'DA', 'SQ', 'DQ']]
[22:33:56] [yf2_v5] [INFO] 0号位打出['PASS', 'PASS', 'PASS']， 最大动作为3号位打出的['ThreeWithTwo', 'A', ['HA', 'HA', 'DA', 'SQ', 'DQ']]
[22:33:56] [yf2_v5] [INFO] 1号位打出['Bomb', 'K', ['HK', 'CK', 'DK', 'H4']]， 最大动作为1号位打出的['Bomb', 'K', ['HK', 'CK', 'DK', 'H4']]
[22:33:56] [yf2_v5] [INFO] 2号位打出['PASS', 'PASS', 'PASS']， 最大动作为1号位打出的['Bomb', 'K', ['HK', 'CK', 'DK', 'H4']]
[22:33:56] [YFAdapter-P2] [INFO] [YF-P2] Decision context: myPos=2, curPos=2, greaterPos=1, teammate=0, curAction=[, actionList_size=1
[22:33:56] [YFAdapter-P2] [INFO] [YF-P2] Decided: action_index=0, action=['PASS', 'PASS', 'PASS']
[22:33:56] [yf2_v5] [INFO] 3号位打出['PASS', 'PASS', 'PASS']， 最大动作为1号位打出的['Bomb', 'K', ['HK', 'CK', 'DK', 'H4']]
[22:33:56] [yf2_v5] [INFO] 0号位打出['PASS', 'PASS', 'PASS']， 最大动作为1号位打出的['Bomb', 'K', ['HK', 'CK', 'DK', 'H4']]
[22:33:56] [yf2_v5] [INFO] 1号位打出['Single', '2', ['C2']]， 最大动作为1号位打出的['Single', '2', ['C2']]
[22:33:56] [yf2_v5] [INFO] 2号位打出['Single', 'Q', ['CQ']]， 最大动作为2号位打出的['Single', 'Q', ['CQ']]
[22:33:56] [YFAdapter-P2] [INFO] [YF-P2] Decision context: myPos=2, curPos=2, greaterPos=2, teammate=0, curAction=[, actionList_size=6
[22:33:56] [YFAdapter-P2] [INFO] [YF-P2] Decided: action_index=3, action=['Single', '4', [['C', '4']]]
[22:33:56] [yf2_v5] [INFO] 3号位打出['Single', '4', ['C4']]， 最大动作为3号位打出的['Single', '4', ['C4']]
[22:33:56] [yf2_v5] [INFO] 0号位打出['Single', 'R', ['HR']]， 最大动作为0号位打出的['Single', 'R', ['HR']]
[22:33:56] [yf2_v5] [INFO] 1号位打出['PASS', 'PASS', 'PASS']， 最大动作为0号位打出的['Single', 'R', ['HR']]
[22:33:56] [yf2_v5] [INFO] 2号位打出['PASS', 'PASS', 'PASS']， 最大动作为0号位打出的['Single', 'R', ['HR']]
[22:33:56] [YFAdapter-P2] [INFO] [YF-P2] Decision context: myPos=2, curPos=2, greaterPos=0, teammate=0, curAction=[, actionList_size=2
[22:33:56] [YFAdapter-P2] [INFO] [YF-P2] Decided: action_index=0, action=['PASS', 'PASS', 'PASS']
[22:33:56] [yf2_v5] [INFO] 3号位打出['PASS', 'PASS', 'PASS']， 最大动作为0号位打出的['Single', 'R', ['HR']]
[22:33:56] [yf2_v5] [INFO] 0号位打出['Single', '6', ['H6']]， 最大动作为0号位打出的['Single', '6', ['H6']]
[22:33:56] [yf2_v5] [INFO] 1号位打出['PASS', 'PASS', 'PASS']， 最大动作为0号位打出的['Single', '6', ['H6']]
[22:33:56] [yf2_v5] [INFO] 2号位打出['Single', 'A', ['CA']]， 最大动作为2号位打出的['Single', 'A', ['CA']]
[22:33:56] [YFAdapter-P2] [INFO] [YF-P2] Decision context: myPos=2, curPos=2, greaterPos=2, teammate=0, curAction=[, actionList_size=4
[22:33:56] [YFAdapter-P2] [INFO] [YF-P2] Decided: action_index=2, action=['Single', 'B', [['S', 'B']]]
[22:33:56] [yf2_v5] [INFO] 3号位打出['Single', 'B', ['SB']]， 最大动作为3号位打出的['Single', 'B', ['SB']]
[22:33:56] [yf2_v5] [INFO] 0号位打出['PASS', 'PASS', 'PASS']， 最大动作为3号位打出的['Single', 'B', ['SB']]
[22:33:56] [yf2_v5] [INFO] 1号位打出['Single', 'R', ['HR']]， 最大动作为1号位打出的['Single', 'R', ['HR']]
[22:33:56] [yf2_v5] [INFO] 2号位打出['Bomb', '7', ['H7', 'C7', 'C7', 'D7']]， 最大动作为2号位打出的['Bomb', '7', ['H7', 'C7', 'C7', 'D7']]
[22:33:56] [YFAdapter-P2] [INFO] [YF-P2] Decision context: myPos=2, curPos=2, greaterPos=2, teammate=0, curAction=[, actionList_size=1
[22:33:56] [YFAdapter-P2] [INFO] [YF-P2] Decided: action_index=0, action=['PASS', 'PASS', 'PASS']
[22:33:56] [yf2_v5] [INFO] 3号位打出['PASS', 'PASS', 'PASS']， 最大动作为2号位打出的['Bomb', '7', ['H7', 'C7', 'C7', 'D7']]
[22:33:56] [yf2_v5] [INFO] 0号位打出['PASS', 'PASS', 'PASS']， 最大动作为2号位打出的['Bomb', '7', ['H7', 'C7', 'C7', 'D7']]
[22:33:56] [yf2_v5] [INFO] 1号位打出['PASS', 'PASS', 'PASS']， 最大动作为2号位打出的['Bomb', '7', ['H7', 'C7', 'C7', 'D7']]
[22:33:56] [yf2_v5] [INFO] 2号位打出['Pair', '3', ['S3', 'D3']]， 最大动作为2号位打出的['Pair', '3', ['S3', 'D3']]
[22:33:56] [YFAdapter-P2] [INFO] [YF-P2] Decision context: myPos=2, curPos=2, greaterPos=2, teammate=0, curAction=[, actionList_size=13
[22:33:56] [YFAdapter-P2] [INFO] [YF-P2] Decided: action_index=1, action=['Pair', '6', [['S', '6'], ['D', '6']]]
[22:33:56] [yf2_v5] [INFO] 3号位打出['Pair', '6', ['S6', 'D6']]， 最大动作为3号位打出的['Pair', '6', ['S6', 'D6']]
[22:33:56] [yf2_v5] [INFO] 0号位打出['Pair', 'J', ['SJ', 'H4']]， 最大动作为0号位打出的['Pair', 'J', ['SJ', 'H4']]
[22:33:56] [yf2_v5] [INFO] 1号位打出['Pair', 'Q', ['HQ', 'DQ']]， 最大动作为1号位打出的['Pair', 'Q', ['HQ', 'DQ']]
[22:33:56] [yf2_v5] [INFO] 2号位打出['PASS', 'PASS', 'PASS']， 最大动作为1号位打出的['Pair', 'Q', ['HQ', 'DQ']]
[22:33:56] [YFAdapter-P2] [INFO] [YF-P2] Decision context: myPos=2, curPos=2, greaterPos=1, teammate=0, curAction=[, actionList_size=1
[22:33:56] [YFAdapter-P2] [INFO] [YF-P2] Decided: action_index=0, action=['PASS', 'PASS', 'PASS']
[22:33:56] [yf2_v5] [INFO] 3号位打出['PASS', 'PASS', 'PASS']， 最大动作为1号位打出的['Pair', 'Q', ['HQ', 'DQ']]
[22:33:56] [yf2_v5] [INFO] 0号位打出['PASS', 'PASS', 'PASS']， 最大动作为1号位打出的['Pair', 'Q', ['HQ', 'DQ']]
[22:33:56] [yf2_v5] [INFO] 1号位打出['Straight', '7', ['H7', 'C8', 'D9', 'CT', 'DJ']]， 最大动作为1号位打出的['Straight', '7', ['H7', 'C8', 'D9', 'CT', 'DJ']]
[22:33:56] [yf2_v5] [INFO] 2号位打出['PASS', 'PASS', 'PASS']， 最大动作为1号位打出的['Straight', '7', ['H7', 'C8', 'D9', 'CT', 'DJ']]
[22:33:56] [YFAdapter-P2] [INFO] [YF-P2] Decision context: myPos=2, curPos=2, greaterPos=1, teammate=0, curAction=[, actionList_size=1
[22:33:56] [YFAdapter-P2] [INFO] [YF-P2] Decided: action_index=0, action=['PASS', 'PASS', 'PASS']
[22:33:56] [yf2_v5] [INFO] 3号位打出['PASS', 'PASS', 'PASS']， 最大动作为1号位打出的['Straight', '7', ['H7', 'C8', 'D9', 'CT', 'DJ']]
[22:33:56] [yf2_v5] [INFO] 0号位打出['Bomb', '2', ['S2', 'C2', 'D2', 'D2']]， 最大动作为0号位打出的['Bomb', '2', ['S2', 'C2', 'D2', 'D2']]
[22:33:56] [yf2_v5] [INFO] 1号位打出['Bomb', '3', ['S3', 'H3', 'C3', 'C3']]， 最大动作为1号位打出的['Bomb', '3', ['S3', 'H3', 'C3', 'C3']]
[22:33:56] [yf2_v5] [INFO] 2号位打出['Bomb', '5', ['S5', 'S5', 'H5', 'C5', 'D5']]， 最大动作为2号位打出的['Bomb', '5', ['S5', 'S5', 'H5', 'C5', 'D5']]
[22:33:57] [YFAdapter-P2] [INFO] [YF-P2] Decision context: myPos=2, curPos=2, greaterPos=2, teammate=0, curAction=[, actionList_size=1
[22:33:57] [YFAdapter-P2] [INFO] [YF-P2] Decided: action_index=0, action=['PASS', 'PASS', 'PASS']
[22:33:57] [yf2_v5] [INFO] 3号位打出['PASS', 'PASS', 'PASS']， 最大动作为2号位打出的['Bomb', '5', ['S5', 'S5', 'H5', 'C5', 'D5']]
[22:33:57] [yf2_v5] [INFO] 0号位打出['PASS', 'PASS', 'PASS']， 最大动作为2号位打出的['Bomb', '5', ['S5', 'S5', 'H5', 'C5', 'D5']]
[22:33:57] [yf2_v5] [INFO] 1号位打出['PASS', 'PASS', 'PASS']， 最大动作为2号位打出的['Bomb', '5', ['S5', 'S5', 'H5', 'C5', 'D5']]
[22:33:57] [yf2_v5] [INFO] 2号位打出['Pair', '9', ['S9', 'H9']]， 最大动作为2号位打出的['Pair', '9', ['S9', 'H9']]
[22:33:57] [YFAdapter-P2] [INFO] [YF-P2] Decision context: myPos=2, curPos=2, greaterPos=2, teammate=0, curAction=[, actionList_size=2
[22:33:57] [YFAdapter-P2] [INFO] [YF-P2] Decided: action_index=0, action=['PASS', 'PASS', 'PASS']
[22:33:57] [yf2_v5] [INFO] 3号位打出['PASS', 'PASS', 'PASS']， 最大动作为2号位打出的['Pair', '9', ['S9', 'H9']]
[22:33:57] [yf2_v5] [INFO] 0号位打出['Pair', 'Q', ['SQ', 'CQ']]， 最大动作为0号位打出的['Pair', 'Q', ['SQ', 'CQ']]
[22:33:57] [yf2_v5] [INFO] 1号位打出['Pair', '4', ['S4', 'D4']]， 最大动作为1号位打出的['Pair', '4', ['S4', 'D4']]
[22:33:57] [yf2_v5] [INFO] 2号位打出['PASS', 'PASS', 'PASS']， 最大动作为1号位打出的['Pair', '4', ['S4', 'D4']]
[22:33:57] [YFAdapter-P2] [INFO] [YF-P2] Decision context: myPos=2, curPos=2, greaterPos=1, teammate=0, curAction=[, actionList_size=1
[22:33:57] [YFAdapter-P2] [INFO] [YF-P2] Decided: action_index=0, action=['PASS', 'PASS', 'PASS']
[22:33:57] [yf2_v5] [INFO] 3号位打出['PASS', 'PASS', 'PASS']， 最大动作为1号位打出的['Pair', '4', ['S4', 'D4']]
[22:33:57] [yf2_v5] [INFO] 0号位打出['Bomb', '8', ['S8', 'H8', 'C8', 'D8']]， 最大动作为0号位打出的['Bomb', '8', ['S8', 'H8', 'C8', 'D8']]
[22:33:57] [yf2_v5] [INFO] 1号位打出['PASS', 'PASS', 'PASS']， 最大动作为0号位打出的['Bomb', '8', ['S8', 'H8', 'C8', 'D8']]
[22:33:57] [yf2_v5] [INFO] 2号位打出['PASS', 'PASS', 'PASS']， 最大动作为0号位打出的['Bomb', '8', ['S8', 'H8', 'C8', 'D8']]
[22:33:57] [YFAdapter-P2] [INFO] [YF-P2] Decision context: myPos=2, curPos=2, greaterPos=0, teammate=0, curAction=[, actionList_size=1
[22:33:57] [YFAdapter-P2] [INFO] [YF-P2] Decided: action_index=0, action=['PASS', 'PASS', 'PASS']
[22:33:57] [yf2_v5] [INFO] 3号位打出['PASS', 'PASS', 'PASS']， 最大动作为0号位打出的['Bomb', '8', ['S8', 'H8', 'C8', 'D8']]
[22:33:57] [yf2_v5] [INFO] 0号位打出['ThreeWithTwo', 'T', ['ST', 'CT', 'DT', 'C5', 'D5']]， 最大动作为0号位打出的['ThreeWithTwo', 'T', ['ST', 'CT', 'DT', 'C5', 'D5']]
[22:33:57] [yf2_v5] [INFO] 1号位打出['PASS', 'PASS', 'PASS']， 最大动作为0号位打出的['ThreeWithTwo', 'T', ['ST', 'CT', 'DT', 'C5', 'D5']]
[22:33:57] [yf2_v5] [INFO] 2号位打出['ThreeWithTwo', 'K', ['SK', 'SK', 'CK', 'ST', 'HT']]， 最大动作为2号位打出的['ThreeWithTwo', 'K', ['SK', 'SK', 'CK', 'ST', 'HT']]
[22:33:57] [YFAdapter-P2] [INFO] [YF-P2] Decision context: myPos=2, curPos=2, greaterPos=2, teammate=0, curAction=[, actionList_size=1
[22:33:57] [YFAdapter-P2] [INFO] [YF-P2] Decided: action_index=0, action=['PASS', 'PASS', 'PASS']
[22:33:57] [yf2_v5] [INFO] 3号位打出['PASS', 'PASS', 'PASS']， 最大动作为2号位打出的['ThreeWithTwo', 'K', ['SK', 'SK', 'CK', 'ST', 'HT']]
[22:33:57] [yf2_v5] [INFO] 0号位打出['PASS', 'PASS', 'PASS']， 最大动作为2号位打出的['ThreeWithTwo', 'K', ['SK', 'SK', 'CK', 'ST', 'HT']]
[22:33:57] [yf2_v5] [INFO] 0号位打出['Single', 'J', ['HJ']]， 最大动作为0号位打出的['Single', 'J', ['HJ']]
[22:33:57] [yf2_v5] [INFO] 1号位打出['Single', 'A', ['CA']]， 最大动作为1号位打出的['Single', 'A', ['CA']]
[22:33:57] [YFAdapter-P2] [INFO] [YF-P2] Decision context: myPos=2, curPos=1, greaterPos=1, teammate=0, curAction=[, actionList_size=2
[22:33:57] [YFAdapter-P2] [INFO] [YF-P2] Decided: action_index=0, action=['PASS', 'PASS', 'PASS']
[22:33:57] [yf2_v5] [INFO] 3号位打出['Single', '4', ['S4']]， 最大动作为3号位打出的['Single', '4', ['S4']]
[22:33:57] [yf2_v5] [INFO] 0号位打出['PASS', 'PASS', 'PASS']， 最大动作为3号位打出的['Single', '4', ['S4']]
[22:33:57] [yf2_v5] [INFO] 1号位打出['Single', 'B', ['SB']]， 最大动作为1号位打出的['Single', 'B', ['SB']]
[22:33:57] [YFAdapter-P2] [INFO] [YF-P2] Decision context: myPos=2, curPos=1, greaterPos=1, teammate=0, curAction=[, actionList_size=1
[22:33:57] [YFAdapter-P2] [INFO] [YF-P2] Decided: action_index=0, action=['PASS', 'PASS', 'PASS']
[22:33:57] [yf2_v5] [INFO] 3号位打出['PASS', 'PASS', 'PASS']， 最大动作为1号位打出的['Single', 'B', ['SB']]
[22:33:57] [yf2_v5] [INFO] 0号位打出['Bomb', '9', ['S9', 'H9', 'C9', 'C9']]， 最大动作为0号位打出的['Bomb', '9', ['S9', 'H9', 'C9', 'C9']]
[22:33:57] [yf2_v5] [INFO] 1号位打出['PASS', 'PASS', 'PASS']， 最大动作为0号位打出的['Bomb', '9', ['S9', 'H9', 'C9', 'C9']]
[22:33:57] [YFAdapter-P2] [INFO] [YF-P2] Decision context: myPos=2, curPos=1, greaterPos=0, teammate=0, curAction=[, actionList_size=1
[22:33:57] [YFAdapter-P2] [INFO] [YF-P2] Decided: action_index=0, action=['PASS', 'PASS', 'PASS']
[22:33:57] [yf2_v5] [INFO] 3号位打出['PASS', 'PASS', 'PASS']， 最大动作为0号位打出的['Bomb', '9', ['S9', 'H9', 'C9', 'C9']]
[22:33:57] [yf2_v5] [INFO] 0号位打出['Single', 'A', ['DA']]， 最大动作为0号位打出的['Single', 'A', ['DA']]
[22:33:57] [yf2_v5] [INFO] 1号位打出['PASS', 'PASS', 'PASS']， 最大动作为0号位打出的['Single', 'A', ['DA']]
[22:33:57] [YFAdapter-P2] [INFO] [YF-P2] Decision context: myPos=2, curPos=1, greaterPos=0, teammate=0, curAction=[, actionList_size=1
[22:33:57] [YFAdapter-P2] [INFO] [YF-P2] Decided: action_index=0, action=['PASS', 'PASS', 'PASS']
[22:33:57] [yf2_v5] [INFO] 3号位打出['PASS', 'PASS', 'PASS']， 最大动作为0号位打出的['Single', 'A', ['DA']]
[22:33:57] [yf2_v5] [INFO] 0号位打出['Single', '4', ['D4']]， 最大动作为0号位打出的['Single', '4', ['D4']]
[22:33:57] [yf2_v5] [INFO] 游戏开始, 我是3号位，手牌：['S4', 'H4', 'C4', 'C5', 'H6', 'D6', 'D7', 'D8', 'S9', 'C9', 'HT', 'HT', 'SJ', 'HJ', 'CJ', 'DJ', 'DJ', 'SQ', 'HQ', 'DQ', 'SK', 'DK', 'HA', 'CA', 'DA', 'DA', 'SB']
[22:33:57] [YFAdapter-P2] [INFO] [YF-P2] Decision context: myPos=2, curPos=0, greaterPos=0, teammate=0, curAction=[, actionList_size=1
[22:33:57] [YFAdapter-P2] [INFO] [YF-P2] Decided: action_index=0, action=['tribute', 'tribute', [['S', 'B']]]
[22:33:57] [yf2_v5] [INFO] 1号位打出['Single', '3', ['H3']]， 最大动作为1号位打出的['Single', '3', ['H3']]
[22:33:57] [yf2_v5] [INFO] 2号位打出['Single', '2', ['S2']]， 最大动作为2号位打出的['Single', '2', ['S2']]
[22:33:57] [YFAdapter-P2] [INFO] [YF-P2] Decision context: myPos=2, curPos=2, greaterPos=2, teammate=0, curAction=[, actionList_size=8
[22:33:57] [YFAdapter-P2] [INFO] [YF-P2] Decided: action_index=5, action=['Bomb', 'J', [['H', 'J'], ['C', 'J'], ['D', 'J'], ['D', 'J']]]
[22:33:57] [yf2_v5] [INFO] 3号位打出['Bomb', 'J', ['HJ', 'CJ', 'DJ', 'DJ']]， 最大动作为3号位打出的['Bomb', 'J', ['HJ', 'CJ', 'DJ', 'DJ']]
[22:33:57] [yf2_v5] [INFO] 0号位打出['PASS', 'PASS', 'PASS']， 最大动作为3号位打出的['Bomb', 'J', ['HJ', 'CJ', 'DJ', 'DJ']]
[22:33:57] [yf2_v5] [INFO] 1号位打出['Bomb', 'Q', ['SQ', 'HQ', 'CQ', 'DQ']]， 最大动作为1号位打出的['Bomb', 'Q', ['SQ', 'HQ', 'CQ', 'DQ']]
[22:33:57] [yf2_v5] [INFO] 2号位打出['PASS', 'PASS', 'PASS']， 最大动作为1号位打出的['Bomb', 'Q', ['SQ', 'HQ', 'CQ', 'DQ']]
[22:33:57] [YFAdapter-P2] [INFO] [YF-P2] Decision context: myPos=2, curPos=2, greaterPos=1, teammate=0, curAction=[, actionList_size=2
[22:33:57] [YFAdapter-P2] [INFO] [YF-P2] Decided: action_index=0, action=['PASS', 'PASS', 'PASS']
[22:33:57] [yf2_v5] [INFO] 3号位打出['Bomb', 'A', ['HA', 'CA', 'DA', 'DA']]， 最大动作为3号位打出的['Bomb', 'A', ['HA', 'CA', 'DA', 'DA']]
[22:33:57] [yf2_v5] [INFO] 0号位打出['PASS', 'PASS', 'PASS']， 最大动作为3号位打出的['Bomb', 'A', ['HA', 'CA', 'DA', 'DA']]
[22:33:57] [yf2_v5] [INFO] 1号位打出['PASS', 'PASS', 'PASS']， 最大动作为3号位打出的['Bomb', 'A', ['HA', 'CA', 'DA', 'DA']]
[22:33:57] [yf2_v5] [INFO] 2号位打出['PASS', 'PASS', 'PASS']， 最大动作为3号位打出的['Bomb', 'A', ['HA', 'CA', 'DA', 'DA']]
[22:33:57] [YFAdapter-P2] [INFO] [YF-P2] Decision context: myPos=2, curPos=-1, greaterPos=-1, teammate=0, curAction=[, actionList_size=111
[22:33:57] [YFAdapter-P2] [INFO] [YF-P2] Decided: action_index=4, action=['Single', '5', [['C', '5']]]
[22:33:57] [yf2_v5] [INFO] 3号位打出['Single', '5', ['C5']]， 最大动作为3号位打出的['Single', '5', ['C5']]
[22:33:57] [yf2_v5] [INFO] 0号位打出['Single', 'Q', ['CQ']]， 最大动作为0号位打出的['Single', 'Q', ['CQ']]
[22:33:57] [yf2_v5] [INFO] 1号位打出['Bomb', '6', ['S6', 'C6', 'C6', 'D6']]， 最大动作为1号位打出的['Bomb', '6', ['S6', 'C6', 'C6', 'D6']]
[22:33:57] [yf2_v5] [INFO] 2号位打出['Bomb', '9', ['S9', 'H9', 'C9', 'H2']]， 最大动作为2号位打出的['Bomb', '9', ['S9', 'H9', 'C9', 'H2']]
[22:33:57] [YFAdapter-P2] [INFO] [YF-P2] Decision context: myPos=2, curPos=2, greaterPos=2, teammate=0, curAction=[, actionList_size=1
[22:33:57] [YFAdapter-P2] [INFO] [YF-P2] Decided: action_index=0, action=['PASS', 'PASS', 'PASS']
[22:33:57] [yf2_v5] [INFO] 3号位打出['PASS', 'PASS', 'PASS']， 最大动作为2号位打出的['Bomb', '9', ['S9', 'H9', 'C9', 'H2']]
[22:33:57] [yf2_v5] [INFO] 0号位打出['PASS', 'PASS', 'PASS']， 最大动作为2号位打出的['Bomb', '9', ['S9', 'H9', 'C9', 'H2']]
[22:33:57] [yf2_v5] [INFO] 1号位打出['PASS', 'PASS', 'PASS']， 最大动作为2号位打出的['Bomb', '9', ['S9', 'H9', 'C9', 'H2']]
[22:33:57] [yf2_v5] [INFO] 2号位打出['ThreeWithTwo', '5', ['H5', 'H5', 'D5', 'S6', 'H6']]， 最大动作为2号位打出的['ThreeWithTwo', '5', ['H5', 'H5', 'D5', 'S6', 'H6']]
[22:33:57] [YFAdapter-P2] [INFO] [YF-P2] Decision context: myPos=2, curPos=2, greaterPos=2, teammate=0, curAction=[, actionList_size=12
[22:33:57] [YFAdapter-P2] [INFO] [YF-P2] Decided: action_index=1, action=['ThreeWithTwo', 'Q', [['S', 'Q'], ['H', 'Q'], ['D', 'Q'], ['S', '4'], ['D', '4']]]
[22:33:57] [yf2_v5] [INFO] 3号位打出['ThreeWithTwo', 'Q', ['SQ', 'HQ', 'DQ', 'S4', 'D4']]， 最大动作为3号位打出的['ThreeWithTwo', 'Q', ['SQ', 'HQ', 'DQ', 'S4', 'D4']]
[22:33:57] [yf2_v5] [INFO] 0号位打出['Bomb', '7', ['S7', 'H7', 'H7', 'C7', 'H2']]， 最大动作为0号位打出的['Bomb', '7', ['S7', 'H7', 'H7', 'C7', 'H2']]
[22:33:57] [yf2_v5] [INFO] 1号位打出['PASS', 'PASS', 'PASS']， 最大动作为0号位打出的['Bomb', '7', ['S7', 'H7', 'H7', 'C7', 'H2']]
[22:33:57] [yf2_v5] [INFO] 2号位打出['PASS', 'PASS', 'PASS']， 最大动作为0号位打出的['Bomb', '7', ['S7', 'H7', 'H7', 'C7', 'H2']]
[22:33:57] [YFAdapter-P2] [INFO] [YF-P2] Decision context: myPos=2, curPos=2, greaterPos=0, teammate=0, curAction=[, actionList_size=1
[22:33:57] [YFAdapter-P2] [INFO] [YF-P2] Decided: action_index=0, action=['PASS', 'PASS', 'PASS']
[22:33:57] [yf2_v5] [INFO] 3号位打出['PASS', 'PASS', 'PASS']， 最大动作为0号位打出的['Bomb', '7', ['S7', 'H7', 'H7', 'C7', 'H2']]
[22:33:57] [yf2_v5] [INFO] 0号位打出['Single', '7', ['D7']]， 最大动作为0号位打出的['Single', '7', ['D7']]
[22:33:57] [yf2_v5] [INFO] 1号位打出['Single', '9', ['H9']]， 最大动作为1号位打出的['Single', '9', ['H9']]
[22:33:57] [yf2_v5] [INFO] 2号位打出['Single', '2', ['D2']]， 最大动作为2号位打出的['Single', '2', ['D2']]
[22:33:57] [YFAdapter-P2] [INFO] [YF-P2] Decision context: myPos=2, curPos=2, greaterPos=2, teammate=0, curAction=[, actionList_size=1
[22:33:57] [YFAdapter-P2] [INFO] [YF-P2] Decided: action_index=0, action=['PASS', 'PASS', 'PASS']
[22:33:57] [yf2_v5] [INFO] 3号位打出['PASS', 'PASS', 'PASS']， 最大动作为2号位打出的['Single', '2', ['D2']]
[22:33:57] [yf2_v5] [INFO] 0号位打出['PASS', 'PASS', 'PASS']， 最大动作为2号位打出的['Single', '2', ['D2']]
[22:33:57] [yf2_v5] [INFO] 1号位打出['PASS', 'PASS', 'PASS']， 最大动作为2号位打出的['Single', '2', ['D2']]
[22:33:57] [yf2_v5] [INFO] 2号位打出['ThreeWithTwo', '8', ['S8', 'H8', 'C8', 'SK', 'HK']]， 最大动作为2号位打出的['ThreeWithTwo', '8', ['S8', 'H8', 'C8', 'SK', 'HK']]
[22:33:57] [YFAdapter-P2] [INFO] [YF-P2] Decision context: myPos=2, curPos=2, greaterPos=2, teammate=0, curAction=[, actionList_size=1
[22:33:57] [YFAdapter-P2] [INFO] [YF-P2] Decided: action_index=0, action=['PASS', 'PASS', 'PASS']
[22:33:57] [yf2_v5] [INFO] 3号位打出['PASS', 'PASS', 'PASS']， 最大动作为2号位打出的['ThreeWithTwo', '8', ['S8', 'H8', 'C8', 'SK', 'HK']]
[22:33:57] [yf2_v5] [INFO] 0号位打出['PASS', 'PASS', 'PASS']， 最大动作为2号位打出的['ThreeWithTwo', '8', ['S8', 'H8', 'C8', 'SK', 'HK']]
[22:33:57] [yf2_v5] [INFO] 1号位打出['ThreeWithTwo', '2', ['C2', 'C2', 'D2', 'S7', 'C7']]， 最大动作为1号位打出的['ThreeWithTwo', '2', ['C2', 'C2', 'D2', 'S7', 'C7']]
[22:33:57] [yf2_v5] [INFO] 2号位打出['Bomb', '3', ['S3', 'H3', 'C3', 'C3']]， 最大动作为2号位打出的['Bomb', '3', ['S3', 'H3', 'C3', 'C3']]
[22:33:57] [YFAdapter-P2] [INFO] [YF-P2] Decision context: myPos=2, curPos=2, greaterPos=2, teammate=0, curAction=[, actionList_size=1
[22:33:57] [YFAdapter-P2] [INFO] [YF-P2] Decided: action_index=0, action=['PASS', 'PASS', 'PASS']
[22:33:57] [yf2_v5] [INFO] 3号位打出['PASS', 'PASS', 'PASS']， 最大动作为2号位打出的['Bomb', '3', ['S3', 'H3', 'C3', 'C3']]
[22:33:57] [yf2_v5] [INFO] 0号位打出['PASS', 'PASS', 'PASS']， 最大动作为2号位打出的['Bomb', '3', ['S3', 'H3', 'C3', 'C3']]
[22:33:57] [yf2_v5] [INFO] 1号位打出['PASS', 'PASS', 'PASS']， 最大动作为2号位打出的['Bomb', '3', ['S3', 'H3', 'C3', 'C3']]
[22:33:57] [yf2_v5] [INFO] 2号位打出['ThreeWithTwo', 'T', ['ST', 'CT', 'CT', 'SB', 'SB']]， 最大动作为2号位打出的['ThreeWithTwo', 'T', ['ST', 'CT', 'CT', 'SB', 'SB']]
[22:33:57] [YFAdapter-P2] [INFO] [YF-P2] Decision context: myPos=2, curPos=2, greaterPos=2, teammate=0, curAction=[, actionList_size=1
[22:33:57] [YFAdapter-P2] [INFO] [YF-P2] Decided: action_index=0, action=['PASS', 'PASS', 'PASS']
[22:33:57] [yf2_v5] [INFO] 3号位打出['PASS', 'PASS', 'PASS']， 最大动作为2号位打出的['ThreeWithTwo', 'T', ['ST', 'CT', 'CT', 'SB', 'SB']]
[22:33:57] [yf2_v5] [INFO] 0号位打出['PASS', 'PASS', 'PASS']， 最大动作为2号位打出的['ThreeWithTwo', 'T', ['ST', 'CT', 'CT', 'SB', 'SB']]
[22:33:57] [yf2_v5] [INFO] 1号位打出['PASS', 'PASS', 'PASS']， 最大动作为2号位打出的['ThreeWithTwo', 'T', ['ST', 'CT', 'CT', 'SB', 'SB']]
[22:33:57] [yf2_v5] [INFO] 2号位打出['Single', '9', ['D9']]， 最大动作为2号位打出的['Single', '9', ['D9']]
[22:33:57] [YFAdapter-P2] [INFO] [YF-P2] Decision context: myPos=2, curPos=2, greaterPos=2, teammate=0, curAction=[, actionList_size=5
[22:33:57] [YFAdapter-P2] [INFO] [YF-P2] Decided: action_index=1, action=['Single', 'T', [['H', 'T']]]
[22:33:57] [yf2_v5] [INFO] 3号位打出['PASS', 'PASS', 'PASS']， 最大动作为2号位打出的['Single', '9', ['D9']]
[22:33:57] [yf2_v5] [INFO] 0号位打出['Single', '2', ['S2']]， 最大动作为0号位打出的['Single', '2', ['S2']]
[22:33:57] [yf2_v5] [INFO] 1号位打出['PASS', 'PASS', 'PASS']， 最大动作为0号位打出的['Single', '2', ['S2']]
[22:33:57] [yf2_v5] [INFO] 2号位打出['Single', 'R', ['HR']]， 最大动作为2号位打出的['Single', 'R', ['HR']]
[22:33:57] [YFAdapter-P2] [INFO] [YF-P2] Decision context: myPos=2, curPos=2, greaterPos=2, teammate=0, curAction=[, actionList_size=1
[22:33:57] [YFAdapter-P2] [INFO] [YF-P2] Decided: action_index=0, action=['PASS', 'PASS', 'PASS']
[22:33:57] [yf2_v5] [INFO] 3号位打出['PASS', 'PASS', 'PASS']， 最大动作为2号位打出的['Single', 'R', ['HR']]
[22:33:57] [yf2_v5] [INFO] 0号位打出['PASS', 'PASS', 'PASS']， 最大动作为2号位打出的['Single', 'R', ['HR']]
[22:33:57] [yf2_v5] [INFO] 0号位打出['Single', '3', ['S3']]， 最大动作为0号位打出的['Single', '3', ['S3']]
[22:33:57] [yf2_v5] [INFO] 1号位打出['Single', 'T', ['ST']]， 最大动作为1号位打出的['Single', 'T', ['ST']]
[22:33:57] [YFAdapter-P2] [INFO] [YF-P2] Decision context: myPos=2, curPos=1, greaterPos=1, teammate=0, curAction=[, actionList_size=4
[22:33:57] [YFAdapter-P2] [INFO] [YF-P2] Decided: action_index=0, action=['PASS', 'PASS', 'PASS']
[22:33:57] [yf2_v5] [INFO] 3号位打出['Single', 'J', ['SJ']]， 最大动作为3号位打出的['Single', 'J', ['SJ']]
[22:33:57] [yf2_v5] [INFO] 0号位打出['Single', 'R', ['HR']]， 最大动作为0号位打出的['Single', 'R', ['HR']]
[22:33:57] [yf2_v5] [INFO] 1号位打出['PASS', 'PASS', 'PASS']， 最大动作为0号位打出的['Single', 'R', ['HR']]
[22:33:57] [YFAdapter-P2] [INFO] [YF-P2] Decision context: myPos=2, curPos=1, greaterPos=0, teammate=0, curAction=[, actionList_size=1
[22:33:57] [YFAdapter-P2] [INFO] [YF-P2] Decided: action_index=0, action=['PASS', 'PASS', 'PASS']
[22:33:57] [yf2_v5] [INFO] 3号位打出['PASS', 'PASS', 'PASS']， 最大动作为0号位打出的['Single', 'R', ['HR']]
[22:33:57] [yf2_v5] [INFO] 0号位打出['Single', '3', ['D3']]， 最大动作为0号位打出的['Single', '3', ['D3']]
[22:33:57] [yf2_v5] [INFO] 1号位打出['Single', '9', ['D9']]， 最大动作为1号位打出的['Single', '9', ['D9']]
[22:33:57] [YFAdapter-P2] [INFO] [YF-P2] Decision context: myPos=2, curPos=1, greaterPos=1, teammate=0, curAction=[, actionList_size=4
[22:33:57] [YFAdapter-P2] [INFO] [YF-P2] Decided: action_index=0, action=['PASS', 'PASS', 'PASS']
[22:33:57] [yf2_v5] [INFO] 3号位打出['Single', 'K', ['SK']]， 最大动作为3号位打出的['Single', 'K', ['SK']]
[22:33:57] [yf2_v5] [INFO] 0号位打出['PASS', 'PASS', 'PASS']， 最大动作为3号位打出的['Single', 'K', ['SK']]
[22:33:57] [yf2_v5] [INFO] 1号位打出['Single', 'A', ['HA']]， 最大动作为1号位打出的['Single', 'A', ['HA']]
[22:33:57] [YFAdapter-P2] [INFO] [YF-P2] Decision context: myPos=2, curPos=1, greaterPos=1, teammate=0, curAction=[, actionList_size=1
[22:33:57] [YFAdapter-P2] [INFO] [YF-P2] Decided: action_index=0, action=['PASS', 'PASS', 'PASS']
[22:33:57] [yf2_v5] [INFO] 3号位打出['PASS', 'PASS', 'PASS']， 最大动作为1号位打出的['Single', 'A', ['HA']]
[22:33:57] [yf2_v5] [INFO] 0号位打出['PASS', 'PASS', 'PASS']， 最大动作为1号位打出的['Single', 'A', ['HA']]
[22:33:57] [yf2_v5] [INFO] 1号位打出['Single', '4', ['S4']]， 最大动作为1号位打出的['Single', '4', ['S4']]
[22:33:57] [YFAdapter-P2] [INFO] [YF-P2] Decision context: myPos=2, curPos=1, greaterPos=1, teammate=0, curAction=[, actionList_size=9
[22:33:57] [YFAdapter-P2] [INFO] [YF-P2] Decided: action_index=0, action=['PASS', 'PASS', 'PASS']
[22:33:57] [yf2_v5] [INFO] 3号位打出['Single', 'K', ['DK']]， 最大动作为3号位打出的['Single', 'K', ['DK']]
[22:33:57] [yf2_v5] [INFO] 0号位打出['PASS', 'PASS', 'PASS']， 最大动作为3号位打出的['Single', 'K', ['DK']]
[22:33:57] [yf2_v5] [INFO] 1号位打出['Single', 'A', ['CA']]， 最大动作为1号位打出的['Single', 'A', ['CA']]
[22:33:57] [YFAdapter-P2] [INFO] [YF-P2] Decision context: myPos=2, curPos=1, greaterPos=1, teammate=0, curAction=[, actionList_size=1
[22:33:57] [YFAdapter-P2] [INFO] [YF-P2] Decided: action_index=0, action=['PASS', 'PASS', 'PASS']
[22:33:57] [yf2_v5] [INFO] 3号位打出['PASS', 'PASS', 'PASS']， 最大动作为1号位打出的['Single', 'A', ['CA']]
[22:33:57] [yf2_v5] [INFO] 0号位打出['PASS', 'PASS', 'PASS']， 最大动作为1号位打出的['Single', 'A', ['CA']]
[22:33:57] [yf2_v5] [INFO] 1号位打出['Single', '5', ['C5']]， 最大动作为1号位打出的['Single', '5', ['C5']]
[22:33:57] [YFAdapter-P2] [INFO] [YF-P2] Decision context: myPos=2, curPos=1, greaterPos=1, teammate=0, curAction=[, actionList_size=8
[22:33:57] [YFAdapter-P2] [INFO] [YF-P2] Decided: action_index=0, action=['PASS', 'PASS', 'PASS']
[22:33:57] [yf2_v5] [INFO] 3号位打出['Single', '7', ['D7']]， 最大动作为3号位打出的['Single', '7', ['D7']]
[22:33:57] [yf2_v5] [INFO] 0号位打出['Single', 'A', ['SA']]， 最大动作为0号位打出的['Single', 'A', ['SA']]
[22:33:57] [yf2_v5] [INFO] 1号位打出['PASS', 'PASS', 'PASS']， 最大动作为0号位打出的['Single', 'A', ['SA']]
[22:33:57] [YFAdapter-P2] [INFO] [YF-P2] Decision context: myPos=2, curPos=1, greaterPos=0, teammate=0, curAction=[, actionList_size=1
[22:33:57] [YFAdapter-P2] [INFO] [YF-P2] Decided: action_index=0, action=['PASS', 'PASS', 'PASS']
[22:33:57] [yf2_v5] [INFO] 3号位打出['PASS', 'PASS', 'PASS']， 最大动作为0号位打出的['Single', 'A', ['SA']]
[22:33:57] [yf2_v5] [INFO] 0号位打出['Single', '3', ['D3']]， 最大动作为0号位打出的['Single', '3', ['D3']]
[22:33:57] [yf2_v5] [INFO] 1号位打出['Single', 'K', ['HK']]， 最大动作为1号位打出的['Single', 'K', ['HK']]
[22:33:57] [YFAdapter-P2] [INFO] [YF-P2] Decision context: myPos=2, curPos=1, greaterPos=1, teammate=0, curAction=[, actionList_size=1
[22:33:57] [YFAdapter-P2] [INFO] [YF-P2] Decided: action_index=0, action=['PASS', 'PASS', 'PASS']
[22:33:57] [yf2_v5] [INFO] 3号位打出['PASS', 'PASS', 'PASS']， 最大动作为1号位打出的['Single', 'K', ['HK']]
[22:33:57] [yf2_v5] [INFO] 0号位打出['Single', 'A', ['SA']]， 最大动作为0号位打出的['Single', 'A', ['SA']]
[22:33:57] [yf2_v5] [INFO] 1号位打出['PASS', 'PASS', 'PASS']， 最大动作为0号位打出的['Single', 'A', ['SA']]
[22:33:57] [YFAdapter-P2] [INFO] [YF-P2] Decision context: myPos=2, curPos=1, greaterPos=0, teammate=0, curAction=[, actionList_size=1
[22:33:57] [YFAdapter-P2] [INFO] [YF-P2] Decided: action_index=0, action=['PASS', 'PASS', 'PASS']
[22:33:57] [yf2_v5] [INFO] 3号位打出['PASS', 'PASS', 'PASS']， 最大动作为0号位打出的['Single', 'A', ['SA']]
[22:33:57] [yf2_v5] [INFO] 0号位打出['Single', '4', ['H4']]， 最大动作为0号位打出的['Single', '4', ['H4']]
[22:33:57] [yf2_v5] [INFO] 1号位打出['Single', '8', ['D8']]， 最大动作为1号位打出的['Single', '8', ['D8']]
[22:33:57] [YFAdapter-P2] [INFO] [YF-P2] Decision context: myPos=2, curPos=1, greaterPos=1, teammate=0, curAction=[, actionList_size=4
[22:33:57] [YFAdapter-P2] [INFO] [YF-P2] Decided: action_index=0, action=['PASS', 'PASS', 'PASS']
[22:33:57] [YFAdapter-P2] [WARNING] [YF-P2] 检测到过于保守: 对手快走完(剩4张), 触发Layer 2/3进行更积极的决策
[22:33:57] [yf2_v5] [INFO] 3号位打出['Single', '9', ['S9']]， 最大动作为3号位打出的['Single', '9', ['S9']]
[22:33:57] [yf2_v5] [INFO] 0号位打出['Single', 'K', ['CK']]， 最大动作为0号位打出的['Single', 'K', ['CK']]
[22:33:57] [yf2_v5] [INFO] 1号位打出['PASS', 'PASS', 'PASS']， 最大动作为0号位打出的['Single', 'K', ['CK']]
[22:33:57] [YFAdapter-P2] [INFO] [YF-P2] Decision context: myPos=2, curPos=1, greaterPos=0, teammate=0, curAction=[, actionList_size=1
[22:33:57] [YFAdapter-P2] [INFO] [YF-P2] Decided: action_index=0, action=['PASS', 'PASS', 'PASS']
[22:33:57] [yf2_v5] [INFO] 3号位打出['PASS', 'PASS', 'PASS']， 最大动作为0号位打出的['Single', 'K', ['CK']]
[22:33:57] [yf2_v5] [INFO] 0号位打出['ThreeWithTwo', '5', ['S5', 'S5', 'D5', 'C4', 'D4']]， 最大动作为0号位打出的['ThreeWithTwo', '5', ['S5', 'S5', 'D5', 'C4', 'D4']]
[22:33:57] [yf2_v5] [INFO] 1号位打出['PASS', 'PASS', 'PASS']， 最大动作为0号位打出的['ThreeWithTwo', '5', ['S5', 'S5', 'D5', 'C4', 'D4']]
[22:33:57] [YFAdapter-P2] [INFO] [YF-P2] Decision context: myPos=2, curPos=1, greaterPos=0, teammate=0, curAction=[, actionList_size=1
[22:33:57] [YFAdapter-P2] [INFO] [YF-P2] Decided: action_index=0, action=['PASS', 'PASS', 'PASS']
[22:33:57] [yf2_v5] [INFO] 3号位打出['PASS', 'PASS', 'PASS']， 最大动作为0号位打出的['ThreeWithTwo', '5', ['S5', 'S5', 'D5', 'C4', 'D4']]
[22:33:57] [yf2_v5] [INFO] 0号位打出['ThreeWithTwo', '8', ['S8', 'H8', 'C8', 'HJ', 'CJ']]， 最大动作为0号位打出的['ThreeWithTwo', '8', ['S8', 'H8', 'C8', 'HJ', 'CJ']]
[22:33:57] [yf2_v5] [INFO] 1号位打出['PASS', 'PASS', 'PASS']， 最大动作为0号位打出的['ThreeWithTwo', '8', ['S8', 'H8', 'C8', 'HJ', 'CJ']]
[22:33:57] [YFAdapter-P2] [INFO] [YF-P2] Decision context: myPos=2, curPos=1, greaterPos=0, teammate=0, curAction=[, actionList_size=1
[22:33:57] [YFAdapter-P2] [INFO] [YF-P2] Decided: action_index=0, action=['PASS', 'PASS', 'PASS']
[22:33:57] [yf2_v5] [INFO] 3号位打出['PASS', 'PASS', 'PASS']， 最大动作为0号位打出的['ThreeWithTwo', '8', ['S8', 'H8', 'C8', 'HJ', 'CJ']]
[22:33:57] [yf2_v5] [INFO] 0号位打出['Single', 'K', ['DK']]， 最大动作为0号位打出的['Single', 'K', ['DK']]
[22:33:57] [yf2_v5] [INFO] 游戏开始, 我是3号位，手牌：['D2', 'H3', 'C3', 'C3', 'C4', 'D4', 'S6', 'H6', 'H6', 'D6', 'S7', 'C7', 'D7', 'S8', 'H8', 'D8', 'C9', 'D9', 'CT', 'DJ', 'CQ', 'SA', 'HA', 'DA', 'DA', 'D5', 'HR']
[22:33:57] [YFAdapter-P2] [INFO] [YF-P2] Decision context: myPos=2, curPos=-1, greaterPos=-1, teammate=0, curAction=[, actionList_size=1
[22:33:57] [YFAdapter-P2] [INFO] [YF-P2] Decided: action_index=0, action=['tribute', 'tribute', [['H', 'R']]]
[22:33:57] [YFAdapter-P2] [INFO] [YF-P2] Decision context: myPos=2, curPos=-1, greaterPos=-1, teammate=0, curAction=[, actionList_size=495
[22:33:57] [YFAdapter-P2] [INFO] [YF-P2] Decided: action_index=485, action=['Straight', '8', [['S', '8'], ['C', '9'], ['C', 'T'], ['D', 'J'], ['C', 'Q']]]
[22:33:57] [yf2_v5] [INFO] 3号位打出['Straight', '8', ['S8', 'C9', 'CT', 'DJ', 'CQ']]， 最大动作为3号位打出的['Straight', '8', ['S8', 'C9', 'CT', 'DJ', 'CQ']]
[22:33:57] [yf2_v5] [INFO] 0号位打出['PASS', 'PASS', 'PASS']， 最大动作为3号位打出的['Straight', '8', ['S8', 'C9', 'CT', 'DJ', 'CQ']]
[22:33:57] [yf2_v5] [INFO] 1号位打出['Bomb', '2', ['S2', 'S2', 'C2', 'C2']]， 最大动作为1号位打出的['Bomb', '2', ['S2', 'S2', 'C2', 'C2']]
[22:33:57] [yf2_v5] [INFO] 2号位打出['PASS', 'PASS', 'PASS']， 最大动作为1号位打出的['Bomb', '2', ['S2', 'S2', 'C2', 'C2']]
[22:33:57] [YFAdapter-P2] [INFO] [YF-P2] Decision context: myPos=2, curPos=2, greaterPos=1, teammate=0, curAction=[, actionList_size=3
[22:33:57] [YFAdapter-P2] [INFO] [YF-P2] Decided: action_index=0, action=['PASS', 'PASS', 'PASS']
[22:33:57] [yf2_v5] [INFO] 3号位打出['Bomb', 'A', ['SA', 'HA', 'DA', 'DA']]， 最大动作为3号位打出的['Bomb', 'A', ['SA', 'HA', 'DA', 'DA']]
[22:33:57] [yf2_v5] [INFO] 0号位打出['Bomb', 'K', ['SK', 'HK', 'HK', 'CK', 'H5']]， 最大动作为0号位打出的['Bomb', 'K', ['SK', 'HK', 'HK', 'CK', 'H5']]
[22:33:57] [yf2_v5] [INFO] 1号位打出['PASS', 'PASS', 'PASS']， 最大动作为0号位打出的['Bomb', 'K', ['SK', 'HK', 'HK', 'CK', 'H5']]
[22:33:57] [yf2_v5] [INFO] 2号位打出['PASS', 'PASS', 'PASS']， 最大动作为0号位打出的['Bomb', 'K', ['SK', 'HK', 'HK', 'CK', 'H5']]
[22:33:57] [YFAdapter-P2] [INFO] [YF-P2] Decision context: myPos=2, curPos=2, greaterPos=0, teammate=0, curAction=[, actionList_size=3
[22:33:57] [YFAdapter-P2] [INFO] [YF-P2] Decided: action_index=0, action=['PASS', 'PASS', 'PASS']
[22:33:57] [yf2_v5] [INFO] 3号位打出['PASS', 'PASS', 'PASS']， 最大动作为0号位打出的['Bomb', 'K', ['SK', 'HK', 'HK', 'CK', 'H5']]
[22:33:57] [yf2_v5] [INFO] 0号位打出['Single', '8', ['C8']]， 最大动作为0号位打出的['Single', '8', ['C8']]
[22:33:57] [yf2_v5] [INFO] 1号位打出['Single', 'K', ['DK']]， 最大动作为1号位打出的['Single', 'K', ['DK']]
[22:33:57] [yf2_v5] [INFO] 2号位打出['Single', '5', ['S5']]， 最大动作为2号位打出的['Single', '5', ['S5']]
[22:33:57] [YFAdapter-P2] [INFO] [YF-P2] Decision context: myPos=2, curPos=2, greaterPos=2, teammate=0, curAction=[, actionList_size=4
[22:33:57] [YFAdapter-P2] [INFO] [YF-P2] Decided: action_index=3, action=['StraightFlush', '5', [['D', '5'], ['D', '6'], ['D', '7'], ['D', '8'], ['D', '9']]]
[22:33:57] [yf2_v5] [INFO] 3号位打出['StraightFlush', '5', ['D5', 'D6', 'D7', 'D8', 'D9']]， 最大动作为3号位打出的['StraightFlush', '5', ['D5', 'D6', 'D7', 'D8', 'D9']]
[22:33:57] [yf2_v5] [INFO] 0号位打出['PASS', 'PASS', 'PASS']， 最大动作为3号位打出的['StraightFlush', '5', ['D5', 'D6', 'D7', 'D8', 'D9']]
[22:33:57] [yf2_v5] [INFO] 1号位打出['PASS', 'PASS', 'PASS']， 最大动作为3号位打出的['StraightFlush', '5', ['D5', 'D6', 'D7', 'D8', 'D9']]
[22:33:57] [yf2_v5] [INFO] 2号位打出['PASS', 'PASS', 'PASS']， 最大动作为3号位打出的['StraightFlush', '5', ['D5', 'D6', 'D7', 'D8', 'D9']]
[22:33:57] [YFAdapter-P2] [INFO] [YF-P2] Decision context: myPos=2, curPos=-1, greaterPos=-1, teammate=0, curAction=[, actionList_size=31
[22:33:57] [YFAdapter-P2] [INFO] [YF-P2] Decided: action_index=9, action=['Single', '8', [['H', '8']]]
[22:33:57] [yf2_v5] [INFO] 3号位打出['Single', '8', ['H8']]， 最大动作为3号位打出的['Single', '8', ['H8']]
[22:33:57] [yf2_v5] [INFO] 0号位打出['Single', 'J', ['DJ']]， 最大动作为0号位打出的['Single', 'J', ['DJ']]
[22:33:57] [yf2_v5] [INFO] 1号位打出['Bomb', 'T', ['HT', 'HT', 'DT', 'DT']]， 最大动作为1号位打出的['Bomb', 'T', ['HT', 'HT', 'DT', 'DT']]
[22:33:57] [yf2_v5] [INFO] 2号位打出['Bomb', 'J', ['SJ', 'HJ', 'HJ', 'H5']]， 最大动作为2号位打出的['Bomb', 'J', ['SJ', 'HJ', 'HJ', 'H5']]
[22:33:57] [YFAdapter-P2] [INFO] [YF-P2] Decision context: myPos=2, curPos=2, greaterPos=2, teammate=0, curAction=[, actionList_size=1
[22:33:57] [YFAdapter-P2] [INFO] [YF-P2] Decided: action_index=0, action=['PASS', 'PASS', 'PASS']
[22:33:57] [yf2_v5] [INFO] 3号位打出['PASS', 'PASS', 'PASS']， 最大动作为2号位打出的['Bomb', 'J', ['SJ', 'HJ', 'HJ', 'H5']]
[22:33:57] [yf2_v5] [INFO] 0号位打出['PASS', 'PASS', 'PASS']， 最大动作为2号位打出的['Bomb', 'J', ['SJ', 'HJ', 'HJ', 'H5']]
[22:33:57] [yf2_v5] [INFO] 1号位打出['PASS', 'PASS', 'PASS']， 最大动作为2号位打出的['Bomb', 'J', ['SJ', 'HJ', 'HJ', 'H5']]
[22:33:57] [yf2_v5] [INFO] 2号位打出['Single', '4', ['S4']]， 最大动作为2号位打出的['Single', '4', ['S4']]
[22:33:57] [YFAdapter-P2] [INFO] [YF-P2] Decision context: myPos=2, curPos=2, greaterPos=2, teammate=0, curAction=[, actionList_size=5
[22:33:57] [YFAdapter-P2] [INFO] [YF-P2] Decided: action_index=1, action=['Single', '6', [['S', '6']]]
[22:33:57] [yf2_v5] [INFO] 3号位打出['Single', '6', ['S6']]， 最大动作为3号位打出的['Single', '6', ['S6']]
[22:33:57] [yf2_v5] [INFO] 0号位打出['Single', '5', ['C5']]， 最大动作为0号位打出的['Single', '5', ['C5']]
[22:33:57] [yf2_v5] [INFO] 1号位打出['Bomb', '7', ['S7', 'H7', 'H7', 'C7']]， 最大动作为1号位打出的['Bomb', '7', ['S7', 'H7', 'H7', 'C7']]
[22:33:57] [yf2_v5] [INFO] 2号位打出['PASS', 'PASS', 'PASS']， 最大动作为1号位打出的['Bomb', '7', ['S7', 'H7', 'H7', 'C7']]
[22:33:57] [YFAdapter-P2] [INFO] [YF-P2] Decision context: myPos=2, curPos=2, greaterPos=1, teammate=0, curAction=[, actionList_size=1
[22:33:57] [YFAdapter-P2] [INFO] [YF-P2] Decided: action_index=0, action=['PASS', 'PASS', 'PASS']
[22:33:58] [yf2_v5] [INFO] 3号位打出['PASS', 'PASS', 'PASS']， 最大动作为1号位打出的['Bomb', '7', ['S7', 'H7', 'H7', 'C7']]
[22:33:58] [yf2_v5] [INFO] 0号位打出['PASS', 'PASS', 'PASS']， 最大动作为1号位打出的['Bomb', '7', ['S7', 'H7', 'H7', 'C7']]
[22:33:58] [yf2_v5] [INFO] 1号位打出['Single', '3', ['D3']]， 最大动作为1号位打出的['Single', '3', ['D3']]
[22:33:58] [yf2_v5] [INFO] 2号位打出['Single', '6', ['C6']]， 最大动作为2号位打出的['Single', '6', ['C6']]
[22:33:58] [YFAdapter-P2] [INFO] [YF-P2] Decision context: myPos=2, curPos=2, greaterPos=2, teammate=0, curAction=[, actionList_size=3
[22:33:58] [YFAdapter-P2] [INFO] [YF-P2] Decided: action_index=2, action=['Single', '7', [['C', '7']]]
[22:33:58] [yf2_v5] [INFO] 3号位打出['Single', '7', ['C7']]， 最大动作为3号位打出的['Single', '7', ['C7']]
[22:33:58] [yf2_v5] [INFO] 0号位打出['Single', '5', ['D5']]， 最大动作为0号位打出的['Single', '5', ['D5']]
[22:33:58] [yf2_v5] [INFO] 1号位打出['PASS', 'PASS', 'PASS']， 最大动作为0号位打出的['Single', '5', ['D5']]
[22:33:58] [yf2_v5] [INFO] 2号位打出['PASS', 'PASS', 'PASS']， 最大动作为0号位打出的['Single', '5', ['D5']]
[22:33:58] [YFAdapter-P2] [INFO] [YF-P2] Decision context: myPos=2, curPos=2, greaterPos=0, teammate=0, curAction=[, actionList_size=1
[22:33:58] [YFAdapter-P2] [INFO] [YF-P2] Decided: action_index=0, action=['PASS', 'PASS', 'PASS']
[22:33:58] [yf2_v5] [INFO] 3号位打出['PASS', 'PASS', 'PASS']， 最大动作为0号位打出的['Single', '5', ['D5']]
[22:33:58] [yf2_v5] [INFO] 0号位打出['Straight', '9', ['S9', 'ST', 'SJ', 'HQ', 'CK']]， 最大动作为0号位打出的['Straight', '9', ['S9', 'ST', 'SJ', 'HQ', 'CK']]
[22:33:58] [yf2_v5] [INFO] 1号位打出['PASS', 'PASS', 'PASS']， 最大动作为0号位打出的['Straight', '9', ['S9', 'ST', 'SJ', 'HQ', 'CK']]
[22:33:58] [yf2_v5] [INFO] 2号位打出['Bomb', '3', ['S3', 'S3', 'H3', 'D3']]， 最大动作为2号位打出的['Bomb', '3', ['S3', 'S3', 'H3', 'D3']]
[22:33:58] [YFAdapter-P2] [INFO] [YF-P2] Decision context: myPos=2, curPos=2, greaterPos=2, teammate=0, curAction=[, actionList_size=1
[22:33:58] [YFAdapter-P2] [INFO] [YF-P2] Decided: action_index=0, action=['PASS', 'PASS', 'PASS']
[22:33:58] [yf2_v5] [INFO] 3号位打出['PASS', 'PASS', 'PASS']， 最大动作为2号位打出的['Bomb', '3', ['S3', 'S3', 'H3', 'D3']]
[22:33:58] [yf2_v5] [INFO] 0号位打出['PASS', 'PASS', 'PASS']， 最大动作为2号位打出的['Bomb', '3', ['S3', 'S3', 'H3', 'D3']]
[22:33:58] [yf2_v5] [INFO] 1号位打出['PASS', 'PASS', 'PASS']， 最大动作为2号位打出的['Bomb', '3', ['S3', 'S3', 'H3', 'D3']]
[22:33:58] [yf2_v5] [INFO] 2号位打出['Single', '7', ['D7']]， 最大动作为2号位打出的['Single', '7', ['D7']]
[22:33:58] [YFAdapter-P2] [INFO] [YF-P2] Decision context: myPos=2, curPos=2, greaterPos=2, teammate=0, curAction=[, actionList_size=1
[22:33:58] [YFAdapter-P2] [INFO] [YF-P2] Decided: action_index=0, action=['PASS', 'PASS', 'PASS']
[22:33:58] [yf2_v5] [INFO] 3号位打出['PASS', 'PASS', 'PASS']， 最大动作为2号位打出的['Single', '7', ['D7']]
[22:33:58] [yf2_v5] [INFO] 0号位打出['Single', 'B', ['SB']]， 最大动作为0号位打出的['Single', 'B', ['SB']]
[22:33:58] [yf2_v5] [INFO] 1号位打出['PASS', 'PASS', 'PASS']， 最大动作为0号位打出的['Single', 'B', ['SB']]
[22:33:58] [yf2_v5] [INFO] 2号位打出['PASS', 'PASS', 'PASS']， 最大动作为0号位打出的['Single', 'B', ['SB']]
[22:33:58] [YFAdapter-P2] [INFO] [YF-P2] Decision context: myPos=2, curPos=2, greaterPos=0, teammate=0, curAction=[, actionList_size=1
[22:33:58] [YFAdapter-P2] [INFO] [YF-P2] Decided: action_index=0, action=['PASS', 'PASS', 'PASS']
[22:33:58] [yf2_v5] [INFO] 3号位打出['PASS', 'PASS', 'PASS']， 最大动作为0号位打出的['Single', 'B', ['SB']]
[22:33:58] [yf2_v5] [INFO] 0号位打出['Pair', '2', ['H2', 'H2']]， 最大动作为0号位打出的['Pair', '2', ['H2', 'H2']]
[22:33:58] [yf2_v5] [INFO] 1号位打出['Pair', 'Q', ['HQ', 'CQ']]， 最大动作为1号位打出的['Pair', 'Q', ['HQ', 'CQ']]
[22:33:58] [yf2_v5] [INFO] 2号位打出['Pair', 'R', ['HR', 'HR']]， 最大动作为2号位打出的['Pair', 'R', ['HR', 'HR']]
[22:33:58] [YFAdapter-P2] [INFO] [YF-P2] Decision context: myPos=2, curPos=2, greaterPos=2, teammate=0, curAction=[, actionList_size=1
[22:33:58] [YFAdapter-P2] [INFO] [YF-P2] Decided: action_index=0, action=['PASS', 'PASS', 'PASS']
[22:33:58] [yf2_v5] [INFO] 3号位打出['PASS', 'PASS', 'PASS']， 最大动作为2号位打出的['Pair', 'R', ['HR', 'HR']]
[22:33:58] [yf2_v5] [INFO] 0号位打出['PASS', 'PASS', 'PASS']， 最大动作为2号位打出的['Pair', 'R', ['HR', 'HR']]
[22:33:58] [yf2_v5] [INFO] 1号位打出['PASS', 'PASS', 'PASS']， 最大动作为2号位打出的['Pair', 'R', ['HR', 'HR']]
[22:33:58] [yf2_v5] [INFO] 2号位打出['Single', '8', ['H8']]， 最大动作为2号位打出的['Single', '8', ['H8']]
[22:33:58] [YFAdapter-P2] [INFO] [YF-P2] Decision context: myPos=2, curPos=2, greaterPos=2, teammate=0, curAction=[, actionList_size=1
[22:33:58] [YFAdapter-P2] [INFO] [YF-P2] Decided: action_index=0, action=['PASS', 'PASS', 'PASS']
[22:33:58] [yf2_v5] [INFO] 3号位打出['PASS', 'PASS', 'PASS']， 最大动作为2号位打出的['Single', '8', ['H8']]
[22:33:58] [yf2_v5] [INFO] 0号位打出['Single', 'B', ['SB']]， 最大动作为0号位打出的['Single', 'B', ['SB']]
[22:33:58] [yf2_v5] [INFO] 1号位打出['PASS', 'PASS', 'PASS']， 最大动作为0号位打出的['Single', 'B', ['SB']]
[22:33:58] [yf2_v5] [INFO] 2号位打出['PASS', 'PASS', 'PASS']， 最大动作为0号位打出的['Single', 'B', ['SB']]
[22:33:58] [YFAdapter-P2] [INFO] [YF-P2] Decision context: myPos=2, curPos=2, greaterPos=0, teammate=0, curAction=[, actionList_size=1
[22:33:58] [YFAdapter-P2] [INFO] [YF-P2] Decided: action_index=0, action=['PASS', 'PASS', 'PASS']
[22:33:58] [yf2_v5] [INFO] 3号位打出['PASS', 'PASS', 'PASS']， 最大动作为0号位打出的['Single', 'B', ['SB']]
[22:33:58] [yf2_v5] [INFO] 0号位打出['Pair', '4', ['S4', 'H4']]， 最大动作为0号位打出的['Pair', '4', ['S4', 'H4']]
[22:33:58] [yf2_v5] [INFO] 1号位打出['Pair', '9', ['H9', 'D9']]， 最大动作为1号位打出的['Pair', '9', ['H9', 'D9']]
[22:33:58] [yf2_v5] [INFO] 2号位打出['Pair', 'T', ['ST', 'CT']]， 最大动作为2号位打出的['Pair', 'T', ['ST', 'CT']]
[22:33:58] [YFAdapter-P2] [INFO] [YF-P2] Decision context: myPos=2, curPos=2, greaterPos=2, teammate=0, curAction=[, actionList_size=1
[22:33:58] [YFAdapter-P2] [INFO] [YF-P2] Decided: action_index=0, action=['PASS', 'PASS', 'PASS']
[22:33:58] [yf2_v5] [INFO] 3号位打出['PASS', 'PASS', 'PASS']， 最大动作为2号位打出的['Pair', 'T', ['ST', 'CT']]
[22:33:58] [yf2_v5] [INFO] 0号位打出['Pair', 'Q', ['DQ', 'DQ']]， 最大动作为0号位打出的['Pair', 'Q', ['DQ', 'DQ']]
[22:33:58] [yf2_v5] [INFO] 1号位打出['PASS', 'PASS', 'PASS']， 最大动作为0号位打出的['Pair', 'Q', ['DQ', 'DQ']]
[22:33:58] [yf2_v5] [INFO] 2号位打出['PASS', 'PASS', 'PASS']， 最大动作为0号位打出的['Pair', 'Q', ['DQ', 'DQ']]
[22:33:58] [YFAdapter-P2] [INFO] [YF-P2] Decision context: myPos=2, curPos=2, greaterPos=0, teammate=0, curAction=[, actionList_size=1
[22:33:58] [YFAdapter-P2] [INFO] [YF-P2] Decided: action_index=0, action=['PASS', 'PASS', 'PASS']
[22:33:58] [yf2_v5] [INFO] 3号位打出['PASS', 'PASS', 'PASS']， 最大动作为0号位打出的['Pair', 'Q', ['DQ', 'DQ']]
[22:33:58] [yf2_v5] [INFO] 0号位打出['ThreeWithTwo', 'A', ['SA', 'HA', 'CA', 'S6', 'C6']]， 最大动作为0号位打出的['ThreeWithTwo', 'A', ['SA', 'HA', 'CA', 'S6', 'C6']]
[22:33:58] [yf2_v5] [INFO] 1号位打出['PASS', 'PASS', 'PASS']， 最大动作为0号位打出的['ThreeWithTwo', 'A', ['SA', 'HA', 'CA', 'S6', 'C6']]
[22:33:58] [yf2_v5] [INFO] 2号位打出['PASS', 'PASS', 'PASS']， 最大动作为0号位打出的['ThreeWithTwo', 'A', ['SA', 'HA', 'CA', 'S6', 'C6']]
[22:33:58] [yf2_v5] [INFO] 2号位打出['ThreeWithTwo', '9', ['S9', 'H9', 'C9', 'C8', 'D8']]， 最大动作为2号位打出的['ThreeWithTwo', '9', ['S9', 'H9', 'C9', 'C8', 'D8']]
[22:33:58] [YFAdapter-P2] [INFO] [YF-P2] Decision context: myPos=2, curPos=2, greaterPos=2, teammate=0, curAction=[, actionList_size=1
[22:33:58] [YFAdapter-P2] [INFO] [YF-P2] Decided: action_index=0, action=['PASS', 'PASS', 'PASS']
[22:33:58] [yf2_v5] [INFO] 3号位打出['PASS', 'PASS', 'PASS']， 最大动作为2号位打出的['ThreeWithTwo', '9', ['S9', 'H9', 'C9', 'C8', 'D8']]
[22:33:58] [yf2_v5] [INFO] 1号位打出['PASS', 'PASS', 'PASS']， 最大动作为2号位打出的['ThreeWithTwo', '9', ['S9', 'H9', 'C9', 'C8', 'D8']]
[22:33:58] [yf2_v5] [INFO] 2号位打出['Pair', 'Q', ['SQ', 'SQ']]， 最大动作为2号位打出的['Pair', 'Q', ['SQ', 'SQ']]
[22:33:58] [YFAdapter-P2] [INFO] [YF-P2] Decision context: myPos=2, curPos=2, greaterPos=2, teammate=0, curAction=[, actionList_size=1
[22:33:58] [YFAdapter-P2] [INFO] [YF-P2] Decided: action_index=0, action=['PASS', 'PASS', 'PASS']
[22:33:58] [yf2_v5] [INFO] 3号位打出['PASS', 'PASS', 'PASS']， 最大动作为2号位打出的['Pair', 'Q', ['SQ', 'SQ']]
[22:33:58] [yf2_v5] [INFO] 1号位打出['PASS', 'PASS', 'PASS']， 最大动作为2号位打出的['Pair', 'Q', ['SQ', 'SQ']]
[22:33:58] [yf2_v5] [INFO] 2号位打出['Single', 'J', ['CJ']]， 最大动作为2号位打出的['Single', 'J', ['CJ']]
[22:33:58] [YFAdapter-P2] [INFO] [YF-P2] Decision context: myPos=2, curPos=2, greaterPos=2, teammate=0, curAction=[, actionList_size=1
[22:33:58] [YFAdapter-P2] [INFO] [YF-P2] Decided: action_index=0, action=['PASS', 'PASS', 'PASS']
[22:33:58] [yf2_v5] [INFO] 3号位打出['PASS', 'PASS', 'PASS']， 最大动作为2号位打出的['Single', 'J', ['CJ']]
[22:33:58] [yf2_v5] [INFO] 1号位打出['PASS', 'PASS', 'PASS']， 最大动作为2号位打出的['Single', 'J', ['CJ']]
[22:33:58] [yf2_v5] [INFO] 2号位打出['Single', 'K', ['SK']]， 最大动作为2号位打出的['Single', 'K', ['SK']]
[22:33:58] [YFAdapter-P2] [INFO] [YF-P2] Decision context: myPos=2, curPos=2, greaterPos=2, teammate=0, curAction=[, actionList_size=1
[22:33:58] [YFAdapter-P2] [INFO] [YF-P2] Decided: action_index=0, action=['PASS', 'PASS', 'PASS']
[22:33:58] [yf2_v5] [INFO] 3号位打出['PASS', 'PASS', 'PASS']， 最大动作为2号位打出的['Single', 'K', ['SK']]
[22:33:58] [yf2_v5] [INFO] 1号位打出['PASS', 'PASS', 'PASS']， 最大动作为2号位打出的['Single', 'K', ['SK']]
[22:33:58] [yf2_v5] [INFO] 2号位打出['Single', '5', ['C5']]， 最大动作为2号位打出的['Single', '5', ['C5']]
[22:33:58] [yf2_v5] [INFO] 游戏开始, 我是3号位，手牌：['H2', 'S3', 'C3', 'D3', 'D3', 'S4', 'C4', 'D4', 'C5', 'D5', 'D6', 'D6', 'S7', 'D7', 'S9', 'H9', 'SJ', 'DJ', 'DQ', 'DQ', 'CK', 'HA', 'S8', 'D8', 'D8', 'HR', 'HR']
[22:33:58] [yf2_v5] [INFO] 0号位打出['Single', '3', ['S3']]， 最大动作为0号位打出的['Single', '3', ['S3']]
[22:33:58] [yf2_v5] [INFO] 1号位打出['Single', 'Q', ['CQ']]， 最大动作为1号位打出的['Single', 'Q', ['CQ']]
[22:33:58] [yf2_v5] [INFO] 2号位打出['Single', '8', ['S8']]， 最大动作为2号位打出的['Single', '8', ['S8']]
[22:33:58] [YFAdapter-P2] [INFO] [YF-P2] Decision context: myPos=2, curPos=2, greaterPos=2, teammate=0, curAction=[, actionList_size=5
[22:33:58] [YFAdapter-P2] [INFO] [YF-P2] Decided: action_index=2, action=['Bomb', '3', [['S', '3'], ['C', '3'], ['D', '3'], ['D', '3']]]
[22:33:58] [yf2_v5] [INFO] 3号位打出['Bomb', '3', ['S3', 'C3', 'D3', 'D3']]， 最大动作为3号位打出的['Bomb', '3', ['S3', 'C3', 'D3', 'D3']]
[22:33:58] [yf2_v5] [INFO] 0号位打出['PASS', 'PASS', 'PASS']， 最大动作为3号位打出的['Bomb', '3', ['S3', 'C3', 'D3', 'D3']]
[22:33:58] [yf2_v5] [INFO] 1号位打出['Bomb', '7', ['S7', 'H7', 'H7', 'C7']]， 最大动作为1号位打出的['Bomb', '7', ['S7', 'H7', 'H7', 'C7']]
[22:33:58] [yf2_v5] [INFO] 2号位打出['PASS', 'PASS', 'PASS']， 最大动作为1号位打出的['Bomb', '7', ['S7', 'H7', 'H7', 'C7']]
[22:33:58] [YFAdapter-P2] [INFO] [YF-P2] Decision context: myPos=2, curPos=2, greaterPos=1, teammate=0, curAction=[, actionList_size=1
[22:33:58] [YFAdapter-P2] [INFO] [YF-P2] Decided: action_index=0, action=['PASS', 'PASS', 'PASS']
[22:33:58] [yf2_v5] [INFO] 3号位打出['PASS', 'PASS', 'PASS']， 最大动作为1号位打出的['Bomb', '7', ['S7', 'H7', 'H7', 'C7']]
[22:33:58] [yf2_v5] [INFO] 0号位打出['PASS', 'PASS', 'PASS']， 最大动作为1号位打出的['Bomb', '7', ['S7', 'H7', 'H7', 'C7']]
[22:33:58] [yf2_v5] [INFO] 1号位打出['Single', '2', ['D2']]， 最大动作为1号位打出的['Single', '2', ['D2']]
[22:33:58] [yf2_v5] [INFO] 2号位打出['Single', 'T', ['CT']]， 最大动作为2号位打出的['Single', 'T', ['CT']]
[22:33:58] [YFAdapter-P2] [INFO] [YF-P2] Decision context: myPos=2, curPos=2, greaterPos=2, teammate=0, curAction=[, actionList_size=10
[22:33:58] [YFAdapter-P2] [INFO] [YF-P2] Decided: action_index=6, action=['Single', '8', [['S', '8']]]
[22:33:58] [yf2_v5] [INFO] 3号位打出['Single', '8', ['S8']]， 最大动作为3号位打出的['Single', '8', ['S8']]
[22:33:58] [yf2_v5] [INFO] 0号位打出['Single', 'B', ['SB']]， 最大动作为0号位打出的['Single', 'B', ['SB']]
[22:33:58] [yf2_v5] [INFO] 1号位打出['PASS', 'PASS', 'PASS']， 最大动作为0号位打出的['Single', 'B', ['SB']]
[22:33:58] [yf2_v5] [INFO] 2号位打出['PASS', 'PASS', 'PASS']， 最大动作为0号位打出的['Single', 'B', ['SB']]
[22:33:58] [YFAdapter-P2] [INFO] [YF-P2] Decision context: myPos=2, curPos=2, greaterPos=0, teammate=0, curAction=[, actionList_size=3
[22:33:58] [YFAdapter-P2] [INFO] [YF-P2] Decided: action_index=0, action=['PASS', 'PASS', 'PASS']
[22:33:58] [yf2_v5] [INFO] 3号位打出['PASS', 'PASS', 'PASS']， 最大动作为0号位打出的['Single', 'B', ['SB']]
[22:33:58] [yf2_v5] [INFO] 0号位打出['Single', '4', ['H4']]， 最大动作为0号位打出的['Single', '4', ['H4']]
[22:33:58] [yf2_v5] [INFO] 1号位打出['Bomb', '6', ['S6', 'H6', 'C6', 'C6']]， 最大动作为1号位打出的['Bomb', '6', ['S6', 'H6', 'C6', 'C6']]
[22:33:58] [yf2_v5] [INFO] 2号位打出['Bomb', '9', ['H9', 'C9', 'C9', 'D9']]， 最大动作为2号位打出的['Bomb', '9', ['H9', 'C9', 'C9', 'D9']]
[22:33:58] [YFAdapter-P2] [INFO] [YF-P2] Decision context: myPos=2, curPos=2, greaterPos=2, teammate=0, curAction=[, actionList_size=1
[22:33:58] [YFAdapter-P2] [INFO] [YF-P2] Decided: action_index=0, action=['PASS', 'PASS', 'PASS']
[22:33:58] [yf2_v5] [INFO] 3号位打出['PASS', 'PASS', 'PASS']， 最大动作为2号位打出的['Bomb', '9', ['H9', 'C9', 'C9', 'D9']]
[22:33:58] [yf2_v5] [INFO] 0号位打出['PASS', 'PASS', 'PASS']， 最大动作为2号位打出的['Bomb', '9', ['H9', 'C9', 'C9', 'D9']]
[22:33:58] [yf2_v5] [INFO] 1号位打出['PASS', 'PASS', 'PASS']， 最大动作为2号位打出的['Bomb', '9', ['H9', 'C9', 'C9', 'D9']]
[22:33:58] [yf2_v5] [INFO] 2号位打出['Single', '2', ['S2']]， 最大动作为2号位打出的['Single', '2', ['S2']]
[22:33:58] [YFAdapter-P2] [INFO] [YF-P2] Decision context: myPos=2, curPos=2, greaterPos=2, teammate=0, curAction=[, actionList_size=19
[22:33:58] [YFAdapter-P2] [INFO] [YF-P2] Decided: action_index=7, action=['Single', '7', [['S', '7']]]
[22:33:58] [yf2_v5] [INFO] 3号位打出['Single', '7', ['S7']]， 最大动作为3号位打出的['Single', '7', ['S7']]
[22:33:58] [yf2_v5] [INFO] 0号位打出['Single', 'Q', ['SQ']]， 最大动作为0号位打出的['Single', 'Q', ['SQ']]
[22:33:58] [yf2_v5] [INFO] 1号位打出['Single', 'B', ['SB']]， 最大动作为1号位打出的['Single', 'B', ['SB']]
[22:33:58] [yf2_v5] [INFO] 2号位打出['PASS', 'PASS', 'PASS']， 最大动作为1号位打出的['Single', 'B', ['SB']]
[22:33:58] [YFAdapter-P2] [INFO] [YF-P2] Decision context: myPos=2, curPos=2, greaterPos=1, teammate=0, curAction=[, actionList_size=3
[22:33:58] [YFAdapter-P2] [INFO] [YF-P2] Decided: action_index=0, action=['PASS', 'PASS', 'PASS']
[22:33:58] [yf2_v5] [INFO] 3号位打出['Single', 'R', ['HR']]， 最大动作为3号位打出的['Single', 'R', ['HR']]
[22:33:58] [yf2_v5] [INFO] 0号位打出['PASS', 'PASS', 'PASS']， 最大动作为3号位打出的['Single', 'R', ['HR']]
[22:33:58] [yf2_v5] [INFO] 1号位打出['Bomb', '4', ['S4', 'H4', 'C4', 'D4']]， 最大动作为1号位打出的['Bomb', '4', ['S4', 'H4', 'C4', 'D4']]
[22:33:58] [yf2_v5] [INFO] 2号位打出['Bomb', 'K', ['SK', 'HK', 'HK', 'DK', 'DK']]， 最大动作为2号位打出的['Bomb', 'K', ['SK', 'HK', 'HK', 'DK', 'DK']]
[22:33:58] [YFAdapter-P2] [INFO] [YF-P2] Decision context: myPos=2, curPos=2, greaterPos=2, teammate=0, curAction=[, actionList_size=2
[22:33:58] [YFAdapter-P2] [INFO] [YF-P2] Decided: action_index=1, action=['StraightFlush', '4', [['D', '4'], ['D', '5'], ['D', '6'], ['D', '7'], ['D', '8']]]
[22:33:58] [yf2_v5] [INFO] 3号位打出['StraightFlush', '4', ['D4', 'D5', 'D6', 'D7', 'D8']]， 最大动作为3号位打出的['StraightFlush', '4', ['D4', 'D5', 'D6', 'D7', 'D8']]
[22:33:58] [yf2_v5] [INFO] 0号位打出['PASS', 'PASS', 'PASS']， 最大动作为3号位打出的['StraightFlush', '4', ['D4', 'D5', 'D6', 'D7', 'D8']]
[22:33:58] [yf2_v5] [INFO] 1号位打出['PASS', 'PASS', 'PASS']， 最大动作为3号位打出的['StraightFlush', '4', ['D4', 'D5', 'D6', 'D7', 'D8']]
[22:33:58] [yf2_v5] [INFO] 2号位打出['PASS', 'PASS', 'PASS']， 最大动作为3号位打出的['StraightFlush', '4', ['D4', 'D5', 'D6', 'D7', 'D8']]
[22:33:58] [YFAdapter-P2] [INFO] [YF-P2] Decision context: myPos=2, curPos=-1, greaterPos=-1, teammate=0, curAction=[, actionList_size=18
[22:33:58] [YFAdapter-P2] [INFO] [YF-P2] Decided: action_index=0, action=['Single', '2', [['H', '2']]]
[22:33:58] [yf2_v5] [INFO] 3号位打出['Single', '2', ['H2']]， 最大动作为3号位打出的['Single', '2', ['H2']]
[22:33:58] [yf2_v5] [INFO] 0号位打出['Single', 'K', ['SK']]， 最大动作为0号位打出的['Single', 'K', ['SK']]
[22:33:58] [yf2_v5] [INFO] 1号位打出['Single', 'A', ['SA']]， 最大动作为1号位打出的['Single', 'A', ['SA']]
[22:33:58] [yf2_v5] [INFO] 2号位打出['PASS', 'PASS', 'PASS']， 最大动作为1号位打出的['Single', 'A', ['SA']]
[22:33:58] [YFAdapter-P2] [INFO] [YF-P2] Decision context: myPos=2, curPos=2, greaterPos=1, teammate=0, curAction=[, actionList_size=3
[22:33:58] [YFAdapter-P2] [INFO] [YF-P2] Decided: action_index=0, action=['PASS', 'PASS', 'PASS']
[22:33:58] [yf2_v5] [INFO] 3号位打出['Single', 'R', ['HR']]， 最大动作为3号位打出的['Single', 'R', ['HR']]
[22:33:58] [yf2_v5] [INFO] 0号位打出['Bomb', 'A', ['SA', 'HA', 'CA', 'H8']]， 最大动作为0号位打出的['Bomb', 'A', ['SA', 'HA', 'CA', 'H8']]
[22:33:58] [yf2_v5] [INFO] 1号位打出['PASS', 'PASS', 'PASS']， 最大动作为0号位打出的['Bomb', 'A', ['SA', 'HA', 'CA', 'H8']]
[22:33:58] [yf2_v5] [INFO] 2号位打出['PASS', 'PASS', 'PASS']， 最大动作为0号位打出的['Bomb', 'A', ['SA', 'HA', 'CA', 'H8']]
[22:33:58] [YFAdapter-P2] [INFO] [YF-P2] Decision context: myPos=2, curPos=2, greaterPos=0, teammate=0, curAction=[, actionList_size=1
[22:33:58] [YFAdapter-P2] [INFO] [YF-P2] Decided: action_index=0, action=['PASS', 'PASS', 'PASS']
[22:33:58] [yf2_v5] [INFO] 3号位打出['PASS', 'PASS', 'PASS']， 最大动作为0号位打出的['Bomb', 'A', ['SA', 'HA', 'CA', 'H8']]
[22:33:58] [yf2_v5] [INFO] 0号位打出['ThreeWithTwo', '2', ['S2', 'H2', 'D2', 'C7', 'D7']]， 最大动作为0号位打出的['ThreeWithTwo', '2', ['S2', 'H2', 'D2', 'C7', 'D7']]
[22:33:58] [yf2_v5] [INFO] 1号位打出['PASS', 'PASS', 'PASS']， 最大动作为0号位打出的['ThreeWithTwo', '2', ['S2', 'H2', 'D2', 'C7', 'D7']]
[22:33:58] [yf2_v5] [INFO] 2号位打出['ThreeWithTwo', '3', ['H3', 'H3', 'C3', 'C2', 'C2']]， 最大动作为2号位打出的['ThreeWithTwo', '3', ['H3', 'H3', 'C3', 'C2', 'C2']]
[22:33:58] [YFAdapter-P2] [INFO] [YF-P2] Decision context: myPos=2, curPos=2, greaterPos=2, teammate=0, curAction=[, actionList_size=1
[22:33:58] [YFAdapter-P2] [INFO] [YF-P2] Decided: action_index=0, action=['PASS', 'PASS', 'PASS']
[22:33:58] [yf2_v5] [INFO] 3号位打出['PASS', 'PASS', 'PASS']， 最大动作为2号位打出的['ThreeWithTwo', '3', ['H3', 'H3', 'C3', 'C2', 'C2']]
[22:33:58] [yf2_v5] [INFO] 0号位打出['PASS', 'PASS', 'PASS']， 最大动作为2号位打出的['ThreeWithTwo', '3', ['H3', 'H3', 'C3', 'C2', 'C2']]
[22:33:58] [yf2_v5] [INFO] 1号位打出['PASS', 'PASS', 'PASS']， 最大动作为2号位打出的['ThreeWithTwo', '3', ['H3', 'H3', 'C3', 'C2', 'C2']]
[22:33:58] [yf2_v5] [INFO] 2号位打出['Pair', '5', ['S5', 'C5']]， 最大动作为2号位打出的['Pair', '5', ['S5', 'C5']]
[22:33:58] [YFAdapter-P2] [INFO] [YF-P2] Decision context: myPos=2, curPos=2, greaterPos=2, teammate=0, curAction=[, actionList_size=4
[22:33:58] [YFAdapter-P2] [INFO] [YF-P2] Decided: action_index=3, action=['Pair', 'Q', [['D', 'Q'], ['D', 'Q']]]
[22:33:58] [yf2_v5] [INFO] 3号位打出['Pair', 'Q', ['DQ', 'DQ']]， 最大动作为3号位打出的['Pair', 'Q', ['DQ', 'DQ']]
[22:33:58] [yf2_v5] [INFO] 0号位打出['PASS', 'PASS', 'PASS']， 最大动作为3号位打出的['Pair', 'Q', ['DQ', 'DQ']]
[22:33:58] [yf2_v5] [INFO] 1号位打出['Pair', '8', ['C8', 'C8']]， 最大动作为1号位打出的['Pair', '8', ['C8', 'C8']]
[22:33:58] [yf2_v5] [INFO] 2号位打出['PASS', 'PASS', 'PASS']， 最大动作为1号位打出的['Pair', '8', ['C8', 'C8']]
[22:33:58] [YFAdapter-P2] [INFO] [YF-P2] Decision context: myPos=2, curPos=2, greaterPos=1, teammate=0, curAction=[, actionList_size=1
[22:33:58] [YFAdapter-P2] [INFO] [YF-P2] Decided: action_index=0, action=['PASS', 'PASS', 'PASS']
[22:33:58] [yf2_v5] [INFO] 3号位打出['PASS', 'PASS', 'PASS']， 最大动作为1号位打出的['Pair', '8', ['C8', 'C8']]
[22:33:58] [yf2_v5] [INFO] 0号位打出['Bomb', 'T', ['ST', 'ST', 'HT', 'HT', 'H8']]， 最大动作为0号位打出的['Bomb', 'T', ['ST', 'ST', 'HT', 'HT', 'H8']]
[22:33:58] [yf2_v5] [INFO] 1号位打出['PASS', 'PASS', 'PASS']， 最大动作为0号位打出的['Bomb', 'T', ['ST', 'ST', 'HT', 'HT', 'H8']]
[22:33:58] [yf2_v5] [INFO] 2号位打出['PASS', 'PASS', 'PASS']， 最大动作为0号位打出的['Bomb', 'T', ['ST', 'ST', 'HT', 'HT', 'H8']]
[22:33:58] [YFAdapter-P2] [INFO] [YF-P2] Decision context: myPos=2, curPos=2, greaterPos=0, teammate=0, curAction=[, actionList_size=1
[22:33:58] [YFAdapter-P2] [INFO] [YF-P2] Decided: action_index=0, action=['PASS', 'PASS', 'PASS']
[22:33:58] [yf2_v5] [INFO] 3号位打出['PASS', 'PASS', 'PASS']， 最大动作为0号位打出的['Bomb', 'T', ['ST', 'ST', 'HT', 'HT', 'H8']]
[22:33:58] [yf2_v5] [INFO] 0号位打出['Trips', '5', ['H5', 'H5', 'D5']]， 最大动作为0号位打出的['Trips', '5', ['H5', 'H5', 'D5']]
[22:33:58] [yf2_v5] [INFO] 1号位打出['PASS', 'PASS', 'PASS']， 最大动作为0号位打出的['Trips', '5', ['H5', 'H5', 'D5']]
[22:33:58] [yf2_v5] [INFO] 2号位打出['Trips', 'Q', ['SQ', 'HQ', 'HQ']]， 最大动作为2号位打出的['Trips', 'Q', ['SQ', 'HQ', 'HQ']]
[22:33:58] [YFAdapter-P2] [INFO] [YF-P2] Decision context: myPos=2, curPos=2, greaterPos=2, teammate=0, curAction=[, actionList_size=1
[22:33:58] [YFAdapter-P2] [INFO] [YF-P2] Decided: action_index=0, action=['PASS', 'PASS', 'PASS']
[22:33:58] [yf2_v5] [INFO] 3号位打出['PASS', 'PASS', 'PASS']， 最大动作为2号位打出的['Trips', 'Q', ['SQ', 'HQ', 'HQ']]
[22:33:58] [yf2_v5] [INFO] 0号位打出['PASS', 'PASS', 'PASS']， 最大动作为2号位打出的['Trips', 'Q', ['SQ', 'HQ', 'HQ']]
[22:33:58] [yf2_v5] [INFO] 1号位打出['PASS', 'PASS', 'PASS']， 最大动作为2号位打出的['Trips', 'Q', ['SQ', 'HQ', 'HQ']]
[22:33:58] [yf2_v5] [INFO] 2号位打出['Pair', '6', ['S6', 'H6']]， 最大动作为2号位打出的['Pair', '6', ['S6', 'H6']]
[22:33:58] [YFAdapter-P2] [INFO] [YF-P2] Decision context: myPos=2, curPos=2, greaterPos=2, teammate=0, curAction=[, actionList_size=3
[22:33:58] [YFAdapter-P2] [INFO] [YF-P2] Decided: action_index=2, action=['Pair', 'J', [['S', 'J'], ['D', 'J']]]
[22:33:58] [yf2_v5] [INFO] 3号位打出['PASS', 'PASS', 'PASS']， 最大动作为2号位打出的['Pair', '6', ['S6', 'H6']]
[22:33:58] [yf2_v5] [INFO] 0号位打出['PASS', 'PASS', 'PASS']， 最大动作为2号位打出的['Pair', '6', ['S6', 'H6']]
[22:33:58] [yf2_v5] [INFO] 1号位打出['PASS', 'PASS', 'PASS']， 最大动作为2号位打出的['Pair', '6', ['S6', 'H6']]
[22:33:58] [yf2_v5] [INFO] 2号位打出['Single', 'J', ['HJ']]， 最大动作为2号位打出的['Single', 'J', ['HJ']]
[22:33:58] [YFAdapter-P2] [INFO] [YF-P2] Decision context: myPos=2, curPos=2, greaterPos=2, teammate=0, curAction=[, actionList_size=4
[22:33:58] [YFAdapter-P2] [INFO] [YF-P2] Decided: action_index=2, action=['Single', 'A', [['H', 'A']]]
[22:33:58] [yf2_v5] [INFO] 3号位打出['PASS', 'PASS', 'PASS']， 最大动作为2号位打出的['Single', 'J', ['HJ']]
[22:33:58] [yf2_v5] [INFO] 0号位打出['PASS', 'PASS', 'PASS']， 最大动作为2号位打出的['Single', 'J', ['HJ']]
[22:33:58] [yf2_v5] [INFO] 1号位打出['PASS', 'PASS', 'PASS']， 最大动作为2号位打出的['Single', 'J', ['HJ']]
[22:33:58] [yf2_v5] [INFO] 2号位打出['Pair', 'A', ['CA', 'DA']]， 最大动作为2号位打出的['Pair', 'A', ['CA', 'DA']]
[22:33:58] [YFAdapter-P2] [INFO] [YF-P2] Decision context: myPos=2, curPos=2, greaterPos=2, teammate=0, curAction=[, actionList_size=1
[22:33:58] [YFAdapter-P2] [INFO] [YF-P2] Decided: action_index=0, action=['PASS', 'PASS', 'PASS']
[22:33:58] [yf2_v5] [INFO] 3号位打出['PASS', 'PASS', 'PASS']， 最大动作为2号位打出的['Pair', 'A', ['CA', 'DA']]
[22:33:58] [yf2_v5] [INFO] 0号位打出['PASS', 'PASS', 'PASS']， 最大动作为2号位打出的['Pair', 'A', ['CA', 'DA']]
[22:33:58] [yf2_v5] [INFO] 0号位打出['Trips', 'J', ['HJ', 'CJ', 'CJ']]， 最大动作为0号位打出的['Trips', 'J', ['HJ', 'CJ', 'CJ']]
[22:33:58] [yf2_v5] [INFO] 1号位打出['PASS', 'PASS', 'PASS']， 最大动作为0号位打出的['Trips', 'J', ['HJ', 'CJ', 'CJ']]
[22:33:58] [YFAdapter-P2] [INFO] [YF-P2] Decision context: myPos=2, curPos=1, greaterPos=0, teammate=0, curAction=[, actionList_size=1
[22:33:58] [YFAdapter-P2] [INFO] [YF-P2] Decided: action_index=0, action=['PASS', 'PASS', 'PASS']
[22:33:58] [yf2_v5] [INFO] 3号位打出['PASS', 'PASS', 'PASS']， 最大动作为0号位打出的['Trips', 'J', ['HJ', 'CJ', 'CJ']]
[22:33:58] [yf2_v5] [INFO] 0号位打出['Single', 'T', ['DT']]， 最大动作为0号位打出的['Single', 'T', ['DT']]
[22:33:58] [yf2_v5] [INFO] 1号位打出['Single', 'K', ['CK']]， 最大动作为1号位打出的['Single', 'K', ['CK']]
[22:33:58] [YFAdapter-P2] [INFO] [YF-P2] Decision context: myPos=2, curPos=1, greaterPos=1, teammate=0, curAction=[, actionList_size=3
[22:33:58] [YFAdapter-P2] [INFO] [YF-P2] Decided: action_index=0, action=['PASS', 'PASS', 'PASS']
[22:33:58] [yf2_v5] [INFO] 3号位打出['Single', 'A', ['HA']]， 最大动作为3号位打出的['Single', 'A', ['HA']]
[22:33:58] [yf2_v5] [INFO] 0号位打出['PASS', 'PASS', 'PASS']， 最大动作为3号位打出的['Single', 'A', ['HA']]
[22:33:58] [yf2_v5] [INFO] 1号位打出['PASS', 'PASS', 'PASS']， 最大动作为3号位打出的['Single', 'A', ['HA']]
[22:33:58] [YFAdapter-P2] [INFO] [YF-P2] Decision context: myPos=2, curPos=-1, greaterPos=-1, teammate=0, curAction=[, actionList_size=13
[22:33:58] [YFAdapter-P2] [INFO] [YF-P2] Decided: action_index=2, action=['Single', '5', [['C', '5']]]
[22:33:58] [yf2_v5] [INFO] 3号位打出['Single', '5', ['C5']]， 最大动作为3号位打出的['Single', '5', ['C5']]
[22:33:58] [yf2_v5] [INFO] 0号位打出['Single', 'A', ['DA']]， 最大动作为0号位打出的['Single', 'A', ['DA']]
[22:33:58] [yf2_v5] [INFO] 游戏开始, 我是3号位，手牌：['H3', 'C3', 'H4', 'H6', 'D6', 'S7', 'C7', 'S8', 'H8', 'S9', 'S9', 'H9', 'ST', 'ST', 'HT', 'CT', 'DT', 'DT', 'SQ', 'SQ', 'HQ', 'DQ', 'SK', 'CK', 'HJ', 'SB', 'HR']
[22:33:58] [yf2_v5] [INFO] 2号位打出['Single', '3', ['D3']]， 最大动作为2号位打出的['Single', '3', ['D3']]
[22:33:58] [YFAdapter-P2] [INFO] [YF-P2] Decision context: myPos=2, curPos=2, greaterPos=2, teammate=0, curAction=[, actionList_size=66
[22:33:58] [YFAdapter-P2] [INFO] [YF-P2] Decided: action_index=57, action=['Bomb', 'Q', [['S', 'Q'], ['S', 'Q'], ['H', 'Q'], ['D', 'Q'], ['H', 'J']]]
[22:33:58] [yf2_v5] [INFO] 3号位打出['Bomb', 'Q', ['SQ', 'SQ', 'HQ', 'DQ', 'HJ']]， 最大动作为3号位打出的['Bomb', 'Q', ['SQ', 'SQ', 'HQ', 'DQ', 'HJ']]
[22:33:58] [yf2_v5] [INFO] 0号位打出['PASS', 'PASS', 'PASS']， 最大动作为3号位打出的['Bomb', 'Q', ['SQ', 'SQ', 'HQ', 'DQ', 'HJ']]
[22:33:58] [yf2_v5] [INFO] 1号位打出['PASS', 'PASS', 'PASS']， 最大动作为3号位打出的['Bomb', 'Q', ['SQ', 'SQ', 'HQ', 'DQ', 'HJ']]
[22:33:58] [yf2_v5] [INFO] 2号位打出['PASS', 'PASS', 'PASS']， 最大动作为3号位打出的['Bomb', 'Q', ['SQ', 'SQ', 'HQ', 'DQ', 'HJ']]
[22:33:58] [YFAdapter-P2] [INFO] [YF-P2] Decision context: myPos=2, curPos=-1, greaterPos=-1, teammate=0, curAction=[, actionList_size=224
[22:33:58] [YFAdapter-P2] [INFO] [YF-P2] Decided: action_index=2, action=['Single', '4', [['H', '4']]]
[22:33:58] [yf2_v5] [INFO] 3号位打出['Single', '4', ['H4']]， 最大动作为3号位打出的['Single', '4', ['H4']]
[22:33:58] [yf2_v5] [INFO] 0号位打出['Single', 'T', ['HT']]， 最大动作为0号位打出的['Single', 'T', ['HT']]
[22:33:58] [yf2_v5] [INFO] 1号位打出['Bomb', '8', ['S8', 'C8', 'D8', 'HJ']]， 最大动作为1号位打出的['Bomb', '8', ['S8', 'C8', 'D8', 'HJ']]
[22:33:58] [yf2_v5] [INFO] 2号位打出['PASS', 'PASS', 'PASS']， 最大动作为1号位打出的['Bomb', '8', ['S8', 'C8', 'D8', 'HJ']]
[22:33:58] [YFAdapter-P2] [INFO] [YF-P2] Decision context: myPos=2, curPos=2, greaterPos=1, teammate=0, curAction=[, actionList_size=14
[22:33:58] [YFAdapter-P2] [INFO] [YF-P2] Decided: action_index=0, action=['PASS', 'PASS', 'PASS']
[22:33:58] [yf2_v5] [INFO] 3号位打出['Bomb', 'T', ['ST', 'ST', 'HT', 'DT']]， 最大动作为3号位打出的['Bomb', 'T', ['ST', 'ST', 'HT', 'DT']]
[22:33:58] [yf2_v5] [INFO] 0号位打出['Bomb', 'J', ['SJ', 'CJ', 'DJ', 'DJ']]， 最大动作为0号位打出的['Bomb', 'J', ['SJ', 'CJ', 'DJ', 'DJ']]
[22:33:58] [yf2_v5] [INFO] 1号位打出['PASS', 'PASS', 'PASS']， 最大动作为0号位打出的['Bomb', 'J', ['SJ', 'CJ', 'DJ', 'DJ']]
[22:33:58] [yf2_v5] [INFO] 2号位打出['PASS', 'PASS', 'PASS']， 最大动作为0号位打出的['Bomb', 'J', ['SJ', 'CJ', 'DJ', 'DJ']]
[22:33:58] [YFAdapter-P2] [INFO] [YF-P2] Decision context: myPos=2, curPos=2, greaterPos=0, teammate=0, curAction=[, actionList_size=1
[22:33:58] [YFAdapter-P2] [INFO] [YF-P2] Decided: action_index=0, action=['PASS', 'PASS', 'PASS']
[22:33:58] [yf2_v5] [INFO] 3号位打出['PASS', 'PASS', 'PASS']， 最大动作为0号位打出的['Bomb', 'J', ['SJ', 'CJ', 'DJ', 'DJ']]
[22:33:58] [yf2_v5] [INFO] 0号位打出['Single', '4', ['D4']]， 最大动作为0号位打出的['Single', '4', ['D4']]
[22:33:58] [yf2_v5] [INFO] 1号位打出['Single', 'A', ['DA']]， 最大动作为1号位打出的['Single', 'A', ['DA']]
[22:33:58] [yf2_v5] [INFO] 2号位打出['Single', 'J', ['SJ']]， 最大动作为2号位打出的['Single', 'J', ['SJ']]
[22:33:58] [YFAdapter-P2] [INFO] [YF-P2] Decision context: myPos=2, curPos=2, greaterPos=2, teammate=0, curAction=[, actionList_size=3
[22:33:58] [YFAdapter-P2] [INFO] [YF-P2] Decided: action_index=2, action=['Single', 'R', [['H', 'R']]]
[22:33:59] [yf2_v5] [INFO] 3号位打出['Single', 'R', ['HR']]， 最大动作为3号位打出的['Single', 'R', ['HR']]
[22:33:59] [yf2_v5] [INFO] 0号位打出['PASS', 'PASS', 'PASS']， 最大动作为3号位打出的['Single', 'R', ['HR']]
[22:33:59] [yf2_v5] [INFO] 1号位打出['Bomb', '9', ['H9', 'C9', 'C9', 'D9']]， 最大动作为1号位打出的['Bomb', '9', ['H9', 'C9', 'C9', 'D9']]
[22:33:59] [yf2_v5] [INFO] 2号位打出['Bomb', '4', ['S4', 'H4', 'C4', 'C4', 'D4']]， 最大动作为2号位打出的['Bomb', '4', ['S4', 'H4', 'C4', 'C4', 'D4']]
[22:33:59] [YFAdapter-P2] [INFO] [YF-P2] Decision context: myPos=2, curPos=2, greaterPos=2, teammate=0, curAction=[, actionList_size=1
[22:33:59] [YFAdapter-P2] [INFO] [YF-P2] Decided: action_index=0, action=['PASS', 'PASS', 'PASS']
[22:33:59] [yf2_v5] [INFO] 3号位打出['PASS', 'PASS', 'PASS']， 最大动作为2号位打出的['Bomb', '4', ['S4', 'H4', 'C4', 'C4', 'D4']]
[22:33:59] [yf2_v5] [INFO] 0号位打出['PASS', 'PASS', 'PASS']， 最大动作为2号位打出的['Bomb', '4', ['S4', 'H4', 'C4', 'C4', 'D4']]
[22:33:59] [yf2_v5] [INFO] 1号位打出['PASS', 'PASS', 'PASS']， 最大动作为2号位打出的['Bomb', '4', ['S4', 'H4', 'C4', 'C4', 'D4']]
[22:33:59] [yf2_v5] [INFO] 2号位打出['Single', '6', ['H6']]， 最大动作为2号位打出的['Single', '6', ['H6']]
[22:33:59] [YFAdapter-P2] [INFO] [YF-P2] Decision context: myPos=2, curPos=2, greaterPos=2, teammate=0, curAction=[, actionList_size=12
[22:33:59] [YFAdapter-P2] [INFO] [YF-P2] Decided: action_index=6, action=['Single', '9', [['H', '9']]]
[22:33:59] [yf2_v5] [INFO] 3号位打出['Single', '9', ['H9']]， 最大动作为3号位打出的['Single', '9', ['H9']]
[22:33:59] [yf2_v5] [INFO] 0号位打出['PASS', 'PASS', 'PASS']， 最大动作为3号位打出的['Single', '9', ['H9']]
[22:33:59] [yf2_v5] [INFO] 1号位打出['Single', 'A', ['CA']]， 最大动作为1号位打出的['Single', 'A', ['CA']]
[22:33:59] [yf2_v5] [INFO] 2号位打出['Single', 'J', ['CJ']]， 最大动作为2号位打出的['Single', 'J', ['CJ']]
[22:33:59] [YFAdapter-P2] [INFO] [YF-P2] Decision context: myPos=2, curPos=2, greaterPos=2, teammate=0, curAction=[, actionList_size=2
[22:33:59] [YFAdapter-P2] [INFO] [YF-P2] Decided: action_index=0, action=['PASS', 'PASS', 'PASS']
[22:33:59] [yf2_v5] [INFO] 3号位打出['PASS', 'PASS', 'PASS']， 最大动作为2号位打出的['Single', 'J', ['CJ']]
[22:33:59] [yf2_v5] [INFO] 0号位打出['PASS', 'PASS', 'PASS']， 最大动作为2号位打出的['Single', 'J', ['CJ']]
[22:33:59] [yf2_v5] [INFO] 1号位打出['Single', 'R', ['HR']]， 最大动作为1号位打出的['Single', 'R', ['HR']]
[22:33:59] [yf2_v5] [INFO] 2号位打出['PASS', 'PASS', 'PASS']， 最大动作为1号位打出的['Single', 'R', ['HR']]
[22:33:59] [YFAdapter-P2] [INFO] [YF-P2] Decision context: myPos=2, curPos=2, greaterPos=1, teammate=0, curAction=[, actionList_size=1
[22:33:59] [YFAdapter-P2] [INFO] [YF-P2] Decided: action_index=0, action=['PASS', 'PASS', 'PASS']
[22:33:59] [yf2_v5] [INFO] 3号位打出['PASS', 'PASS', 'PASS']， 最大动作为1号位打出的['Single', 'R', ['HR']]
[22:33:59] [yf2_v5] [INFO] 0号位打出['PASS', 'PASS', 'PASS']， 最大动作为1号位打出的['Single', 'R', ['HR']]
[22:33:59] [yf2_v5] [INFO] 1号位打出['Single', '4', ['S4']]， 最大动作为1号位打出的['Single', '4', ['S4']]
[22:33:59] [yf2_v5] [INFO] 2号位打出['Single', '9', ['D9']]， 最大动作为2号位打出的['Single', '9', ['D9']]
[22:33:59] [YFAdapter-P2] [INFO] [YF-P2] Decision context: myPos=2, curPos=2, greaterPos=2, teammate=0, curAction=[, actionList_size=6
[22:33:59] [YFAdapter-P2] [INFO] [YF-P2] Decided: action_index=1, action=['Single', 'T', [['C', 'T']]]
[22:33:59] [yf2_v5] [INFO] 3号位打出['Single', 'T', ['CT']]， 最大动作为3号位打出的['Single', 'T', ['CT']]
[22:33:59] [yf2_v5] [INFO] 0号位打出['Single', 'A', ['CA']]， 最大动作为0号位打出的['Single', 'A', ['CA']]
[22:33:59] [yf2_v5] [INFO] 1号位打出['PASS', 'PASS', 'PASS']， 最大动作为0号位打出的['Single', 'A', ['CA']]
[22:33:59] [yf2_v5] [INFO] 2号位打出['PASS', 'PASS', 'PASS']， 最大动作为0号位打出的['Single', 'A', ['CA']]
[22:33:59] [YFAdapter-P2] [INFO] [YF-P2] Decision context: myPos=2, curPos=2, greaterPos=0, teammate=0, curAction=[, actionList_size=2
[22:33:59] [YFAdapter-P2] [INFO] [YF-P2] Decided: action_index=0, action=['PASS', 'PASS', 'PASS']
[22:33:59] [yf2_v5] [INFO] 3号位打出['PASS', 'PASS', 'PASS']， 最大动作为0号位打出的['Single', 'A', ['CA']]
[22:33:59] [yf2_v5] [INFO] 0号位打出['ThreeWithTwo', '2', ['S2', 'C2', 'D2', 'S3', 'H3']]， 最大动作为0号位打出的['ThreeWithTwo', '2', ['S2', 'C2', 'D2', 'S3', 'H3']]
[22:33:59] [yf2_v5] [INFO] 1号位打出['ThreeWithTwo', '3', ['S3', 'C3', 'D3', 'H5', 'H5']]， 最大动作为1号位打出的['ThreeWithTwo', '3', ['S3', 'C3', 'D3', 'H5', 'H5']]
[22:33:59] [yf2_v5] [INFO] 2号位打出['ThreeWithTwo', '7', ['H7', 'C7', 'D7', 'S2', 'H2']]， 最大动作为2号位打出的['ThreeWithTwo', '7', ['H7', 'C7', 'D7', 'S2', 'H2']]
[22:33:59] [YFAdapter-P2] [INFO] [YF-P2] Decision context: myPos=2, curPos=2, greaterPos=2, teammate=0, curAction=[, actionList_size=1
[22:33:59] [YFAdapter-P2] [INFO] [YF-P2] Decided: action_index=0, action=['PASS', 'PASS', 'PASS']
[22:33:59] [yf2_v5] [INFO] 3号位打出['PASS', 'PASS', 'PASS']， 最大动作为2号位打出的['ThreeWithTwo', '7', ['H7', 'C7', 'D7', 'S2', 'H2']]
[22:33:59] [yf2_v5] [INFO] 0号位打出['ThreeWithTwo', '8', ['H8', 'C8', 'D8', 'S7', 'H7']]， 最大动作为0号位打出的['ThreeWithTwo', '8', ['H8', 'C8', 'D8', 'S7', 'H7']]
[22:33:59] [yf2_v5] [INFO] 1号位打出['PASS', 'PASS', 'PASS']， 最大动作为0号位打出的['ThreeWithTwo', '8', ['H8', 'C8', 'D8', 'S7', 'H7']]
[22:33:59] [yf2_v5] [INFO] 2号位打出['PASS', 'PASS', 'PASS']， 最大动作为0号位打出的['ThreeWithTwo', '8', ['H8', 'C8', 'D8', 'S7', 'H7']]
[22:33:59] [YFAdapter-P2] [INFO] [YF-P2] Decision context: myPos=2, curPos=2, greaterPos=0, teammate=0, curAction=[, actionList_size=1
[22:33:59] [YFAdapter-P2] [INFO] [YF-P2] Decided: action_index=0, action=['PASS', 'PASS', 'PASS']
[22:33:59] [yf2_v5] [INFO] 3号位打出['PASS', 'PASS', 'PASS']， 最大动作为0号位打出的['ThreeWithTwo', '8', ['H8', 'C8', 'D8', 'S7', 'H7']]
[22:33:59] [yf2_v5] [INFO] 0号位打出['ThreeWithTwo', '6', ['C6', 'C6', 'D6', 'HQ', 'CQ']]， 最大动作为0号位打出的['ThreeWithTwo', '6', ['C6', 'C6', 'D6', 'HQ', 'CQ']]
[22:33:59] [yf2_v5] [INFO] 1号位打出['PASS', 'PASS', 'PASS']， 最大动作为0号位打出的['ThreeWithTwo', '6', ['C6', 'C6', 'D6', 'HQ', 'CQ']]
[22:33:59] [yf2_v5] [INFO] 2号位打出['PASS', 'PASS', 'PASS']， 最大动作为0号位打出的['ThreeWithTwo', '6', ['C6', 'C6', 'D6', 'HQ', 'CQ']]
[22:33:59] [YFAdapter-P2] [INFO] [YF-P2] Decision context: myPos=2, curPos=2, greaterPos=0, teammate=0, curAction=[, actionList_size=1
[22:33:59] [YFAdapter-P2] [INFO] [YF-P2] Decided: action_index=0, action=['PASS', 'PASS', 'PASS']
[22:33:59] [yf2_v5] [INFO] 3号位打出['PASS', 'PASS', 'PASS']， 最大动作为0号位打出的['ThreeWithTwo', '6', ['C6', 'C6', 'D6', 'HQ', 'CQ']]
[22:33:59] [yf2_v5] [INFO] 0号位打出['ThreeWithTwo', 'K', ['SK', 'HK', 'DK', 'SA', 'HA']]， 最大动作为0号位打出的['ThreeWithTwo', 'K', ['SK', 'HK', 'DK', 'SA', 'HA']]
[22:33:59] [yf2_v5] [INFO] 1号位打出['PASS', 'PASS', 'PASS']， 最大动作为0号位打出的['ThreeWithTwo', 'K', ['SK', 'HK', 'DK', 'SA', 'HA']]
[22:33:59] [yf2_v5] [INFO] 2号位打出['PASS', 'PASS', 'PASS']， 最大动作为0号位打出的['ThreeWithTwo', 'K', ['SK', 'HK', 'DK', 'SA', 'HA']]
[22:33:59] [yf2_v5] [INFO] 2号位打出['Single', 'T', ['CT']]， 最大动作为2号位打出的['Single', 'T', ['CT']]
[22:33:59] [YFAdapter-P2] [INFO] [YF-P2] Decision context: myPos=2, curPos=2, greaterPos=2, teammate=0, curAction=[, actionList_size=4
[22:33:59] [YFAdapter-P2] [INFO] [YF-P2] Decided: action_index=0, action=['PASS', 'PASS', 'PASS']
[22:33:59] [yf2_v5] [INFO] 3号位打出['Single', 'B', ['SB']]， 最大动作为3号位打出的['Single', 'B', ['SB']]
[22:33:59] [yf2_v5] [INFO] 1号位打出['PASS', 'PASS', 'PASS']， 最大动作为3号位打出的['Single', 'B', ['SB']]
[22:33:59] [yf2_v5] [INFO] 2号位打出['Bomb', '5', ['S5', 'S5', 'C5', 'D5', 'D5']]， 最大动作为2号位打出的['Bomb', '5', ['S5', 'S5', 'C5', 'D5', 'D5']]
[22:33:59] [YFAdapter-P2] [INFO] [YF-P2] Decision context: myPos=2, curPos=2, greaterPos=2, teammate=0, curAction=[, actionList_size=1
[22:33:59] [YFAdapter-P2] [INFO] [YF-P2] Decided: action_index=0, action=['PASS', 'PASS', 'PASS']
[22:33:59] [yf2_v5] [INFO] 3号位打出['PASS', 'PASS', 'PASS']， 最大动作为2号位打出的['Bomb', '5', ['S5', 'S5', 'C5', 'D5', 'D5']]
[22:33:59] [yf2_v5] [INFO] 1号位打出['PASS', 'PASS', 'PASS']， 最大动作为2号位打出的['Bomb', '5', ['S5', 'S5', 'C5', 'D5', 'D5']]
[22:33:59] [yf2_v5] [INFO] 2号位打出['Single', 'Q', ['CQ']]， 最大动作为2号位打出的['Single', 'Q', ['CQ']]
[22:33:59] [YFAdapter-P2] [INFO] [YF-P2] Decision context: myPos=2, curPos=2, greaterPos=2, teammate=0, curAction=[, actionList_size=3
[22:33:59] [YFAdapter-P2] [INFO] [YF-P2] Decided: action_index=0, action=['PASS', 'PASS', 'PASS']
[22:33:59] [yf2_v5] [INFO] 3号位打出['PASS', 'PASS', 'PASS']， 最大动作为2号位打出的['Single', 'Q', ['CQ']]
[22:33:59] [yf2_v5] [INFO] 1号位打出['PASS', 'PASS', 'PASS']， 最大动作为2号位打出的['Single', 'Q', ['CQ']]
[22:33:59] [yf2_v5] [INFO] 2号位打出['Pair', 'K', ['HK', 'DK']]， 最大动作为2号位打出的['Pair', 'K', ['HK', 'DK']]
[22:33:59] [YFAdapter-P2] [INFO] [YF-P2] Decision context: myPos=2, curPos=2, greaterPos=2, teammate=0, curAction=[, actionList_size=1
[22:33:59] [YFAdapter-P2] [INFO] [YF-P2] Decided: action_index=0, action=['PASS', 'PASS', 'PASS']
[22:33:59] [yf2_v5] [INFO] 3号位打出['PASS', 'PASS', 'PASS']， 最大动作为2号位打出的['Pair', 'K', ['HK', 'DK']]
[22:33:59] [yf2_v5] [INFO] 1号位打出['PASS', 'PASS', 'PASS']， 最大动作为2号位打出的['Pair', 'K', ['HK', 'DK']]
[22:33:59] [yf2_v5] [INFO] 2号位打出['Pair', 'A', ['SA', 'HA']]， 最大动作为2号位打出的['Pair', 'A', ['SA', 'HA']]
[22:33:59] [YFAdapter-P2] [INFO] [YF-P2] Decision context: myPos=2, curPos=2, greaterPos=2, teammate=0, curAction=[, actionList_size=1
[22:33:59] [YFAdapter-P2] [INFO] [YF-P2] Decided: action_index=0, action=['PASS', 'PASS', 'PASS']
[22:33:59] [yf2_v5] [INFO] 3号位打出['PASS', 'PASS', 'PASS']， 最大动作为2号位打出的['Pair', 'A', ['SA', 'HA']]
[22:33:59] [yf2_v5] [INFO] 1号位打出['PASS', 'PASS', 'PASS']， 最大动作为2号位打出的['Pair', 'A', ['SA', 'HA']]
[22:33:59] [yf2_v5] [INFO] 2号位打出['Single', 'B', ['SB']]， 最大动作为2号位打出的['Single', 'B', ['SB']]
[22:33:59] [yf2_v5] [INFO] 游戏开始, 我是3号位，手牌：['D2', 'S3', 'H3', 'D3', 'S4', 'S4', 'H4', 'S5', 'H5', 'C5', 'D5', 'S6', 'D7', 'C8', 'D8', 'S9', 'H9', 'SJ', 'CJ', 'DJ', 'SK', 'SK', 'HK', 'CK', 'DA', 'SB', 'HR']
[22:33:59] [YFAdapter-P2] [INFO] [YF-P2] Decision context: myPos=2, curPos=-1, greaterPos=-1, teammate=0, curAction=[, actionList_size=1
[22:33:59] [YFAdapter-P2] [INFO] [YF-P2] Decided: action_index=0, action=['tribute', 'tribute', [['H', 'R']]]
[22:33:59] [YFAdapter-P2] [INFO] [YF-P2] Decision context: myPos=2, curPos=-1, greaterPos=-1, teammate=0, curAction=[, actionList_size=411
[22:33:59] [YFAdapter-P2] [INFO] [YF-P2] Decided: action_index=0, action=['Single', '2', [['D', '2']]]
[22:33:59] [yf2_v5] [INFO] 3号位打出['Single', '2', ['D2']]， 最大动作为3号位打出的['Single', '2', ['D2']]
[22:33:59] [yf2_v5] [INFO] 0号位打出['Single', 'A', ['SA']]， 最大动作为0号位打出的['Single', 'A', ['SA']]
[22:33:59] [yf2_v5] [INFO] 1号位打出['StraightFlush', '6', ['H6', 'HA', 'HA', 'H9', 'HT']]， 最大动作为1号位打出的['StraightFlush', '6', ['H6', 'HA', 'HA', 'H9', 'HT']]
[22:33:59] [yf2_v5] [INFO] 2号位打出['PASS', 'PASS', 'PASS']， 最大动作为1号位打出的['StraightFlush', '6', ['H6', 'HA', 'HA', 'H9', 'HT']]
[22:33:59] [YFAdapter-P2] [INFO] [YF-P2] Decision context: myPos=2, curPos=2, greaterPos=1, teammate=0, curAction=[, actionList_size=1
[22:33:59] [YFAdapter-P2] [INFO] [YF-P2] Decided: action_index=0, action=['PASS', 'PASS', 'PASS']
[22:33:59] [yf2_v5] [INFO] 3号位打出['PASS', 'PASS', 'PASS']， 最大动作为1号位打出的['StraightFlush', '6', ['H6', 'HA', 'HA', 'H9', 'HT']]
[22:33:59] [yf2_v5] [INFO] 0号位打出['PASS', 'PASS', 'PASS']， 最大动作为1号位打出的['StraightFlush', '6', ['H6', 'HA', 'HA', 'H9', 'HT']]
[22:33:59] [yf2_v5] [INFO] 1号位打出['Single', '7', ['D7']]， 最大动作为1号位打出的['Single', '7', ['D7']]
[22:33:59] [yf2_v5] [INFO] 2号位打出['Single', '9', ['C9']]， 最大动作为2号位打出的['Single', '9', ['C9']]
[22:33:59] [YFAdapter-P2] [INFO] [YF-P2] Decision context: myPos=2, curPos=2, greaterPos=2, teammate=0, curAction=[, actionList_size=12
[22:33:59] [YFAdapter-P2] [INFO] [YF-P2] Decided: action_index=10, action=['Bomb', '5', [['S', '5'], ['H', '5'], ['C', '5'], ['D', '5']]]
[22:33:59] [yf2_v5] [INFO] 3号位打出['Bomb', '5', ['S5', 'H5', 'C5', 'D5']]， 最大动作为3号位打出的['Bomb', '5', ['S5', 'H5', 'C5', 'D5']]
[22:33:59] [yf2_v5] [INFO] 0号位打出['PASS', 'PASS', 'PASS']， 最大动作为3号位打出的['Bomb', '5', ['S5', 'H5', 'C5', 'D5']]
[22:33:59] [yf2_v5] [INFO] 1号位打出['PASS', 'PASS', 'PASS']， 最大动作为3号位打出的['Bomb', '5', ['S5', 'H5', 'C5', 'D5']]
[22:33:59] [yf2_v5] [INFO] 2号位打出['PASS', 'PASS', 'PASS']， 最大动作为3号位打出的['Bomb', '5', ['S5', 'H5', 'C5', 'D5']]
[22:33:59] [YFAdapter-P2] [INFO] [YF-P2] Decision context: myPos=2, curPos=-1, greaterPos=-1, teammate=0, curAction=[, actionList_size=135
[22:33:59] [YFAdapter-P2] [INFO] [YF-P2] Decided: action_index=5, action=['Single', '6', [['S', '6']]]
[22:33:59] [yf2_v5] [INFO] 3号位打出['Single', '6', ['S6']]， 最大动作为3号位打出的['Single', '6', ['S6']]
[22:33:59] [yf2_v5] [INFO] 0号位打出['Single', 'A', ['CA']]， 最大动作为0号位打出的['Single', 'A', ['CA']]
[22:33:59] [yf2_v5] [INFO] 1号位打出['PASS', 'PASS', 'PASS']， 最大动作为0号位打出的['Single', 'A', ['CA']]
[22:33:59] [yf2_v5] [INFO] 2号位打出['PASS', 'PASS', 'PASS']， 最大动作为0号位打出的['Single', 'A', ['CA']]
[22:33:59] [YFAdapter-P2] [INFO] [YF-P2] Decision context: myPos=2, curPos=2, greaterPos=0, teammate=0, curAction=[, actionList_size=4
[22:33:59] [YFAdapter-P2] [INFO] [YF-P2] Decided: action_index=0, action=['PASS', 'PASS', 'PASS']
[22:33:59] [yf2_v5] [INFO] 3号位打出['PASS', 'PASS', 'PASS']， 最大动作为0号位打出的['Single', 'A', ['CA']]
[22:33:59] [yf2_v5] [INFO] 0号位打出['Single', '2', ['S2']]， 最大动作为0号位打出的['Single', '2', ['S2']]
[22:33:59] [yf2_v5] [INFO] 1号位打出['Single', 'J', ['CJ']]， 最大动作为1号位打出的['Single', 'J', ['CJ']]
[22:33:59] [yf2_v5] [INFO] 2号位打出['Single', 'A', ['SA']]， 最大动作为2号位打出的['Single', 'A', ['SA']]
[22:33:59] [YFAdapter-P2] [INFO] [YF-P2] Decision context: myPos=2, curPos=2, greaterPos=2, teammate=0, curAction=[, actionList_size=4
[22:33:59] [YFAdapter-P2] [INFO] [YF-P2] Decided: action_index=1, action=['Single', 'B', [['S', 'B']]]
[22:33:59] [yf2_v5] [INFO] 3号位打出['Single', 'B', ['SB']]， 最大动作为3号位打出的['Single', 'B', ['SB']]
[22:33:59] [yf2_v5] [INFO] 0号位打出['Single', 'R', ['HR']]， 最大动作为0号位打出的['Single', 'R', ['HR']]
[22:33:59] [yf2_v5] [INFO] 1号位打出['PASS', 'PASS', 'PASS']， 最大动作为0号位打出的['Single', 'R', ['HR']]
[22:33:59] [yf2_v5] [INFO] 2号位打出['PASS', 'PASS', 'PASS']， 最大动作为0号位打出的['Single', 'R', ['HR']]
[22:33:59] [YFAdapter-P2] [INFO] [YF-P2] Decision context: myPos=2, curPos=2, greaterPos=0, teammate=0, curAction=[, actionList_size=3
[22:33:59] [YFAdapter-P2] [INFO] [YF-P2] Decided: action_index=0, action=['PASS', 'PASS', 'PASS']
[22:33:59] [yf2_v5] [INFO] 3号位打出['PASS', 'PASS', 'PASS']， 最大动作为0号位打出的['Single', 'R', ['HR']]
[22:33:59] [yf2_v5] [INFO] 0号位打出['Single', '2', ['C2']]， 最大动作为0号位打出的['Single', '2', ['C2']]
[22:33:59] [yf2_v5] [INFO] 1号位打出['Single', '5', ['H5']]， 最大动作为1号位打出的['Single', '5', ['H5']]
[22:33:59] [yf2_v5] [INFO] 2号位打出['Single', 'A', ['CA']]， 最大动作为2号位打出的['Single', 'A', ['CA']]
[22:33:59] [YFAdapter-P2] [INFO] [YF-P2] Decision context: myPos=2, curPos=2, greaterPos=2, teammate=0, curAction=[, actionList_size=3
[22:33:59] [YFAdapter-P2] [INFO] [YF-P2] Decided: action_index=2, action=['Bomb', 'K', [['S', 'K'], ['S', 'K'], ['H', 'K'], ['C', 'K']]]
[22:33:59] [yf2_v5] [INFO] 3号位打出['Bomb', 'K', ['SK', 'SK', 'HK', 'CK']]， 最大动作为3号位打出的['Bomb', 'K', ['SK', 'SK', 'HK', 'CK']]
[22:33:59] [yf2_v5] [INFO] 0号位打出['PASS', 'PASS', 'PASS']， 最大动作为3号位打出的['Bomb', 'K', ['SK', 'SK', 'HK', 'CK']]
[22:33:59] [yf2_v5] [INFO] 1号位打出['PASS', 'PASS', 'PASS']， 最大动作为3号位打出的['Bomb', 'K', ['SK', 'SK', 'HK', 'CK']]
[22:33:59] [yf2_v5] [INFO] 2号位打出['PASS', 'PASS', 'PASS']， 最大动作为3号位打出的['Bomb', 'K', ['SK', 'SK', 'HK', 'CK']]
[22:33:59] [YFAdapter-P2] [INFO] [YF-P2] Decision context: myPos=2, curPos=-1, greaterPos=-1, teammate=0, curAction=[, actionList_size=69
[22:33:59] [YFAdapter-P2] [INFO] [YF-P2] Decided: action_index=5, action=['Single', '7', [['D', '7']]]
[22:33:59] [yf2_v5] [INFO] 3号位打出['Single', '7', ['D7']]， 最大动作为3号位打出的['Single', '7', ['D7']]
[22:33:59] [yf2_v5] [INFO] 0号位打出['Single', 'B', ['SB']]， 最大动作为0号位打出的['Single', 'B', ['SB']]
[22:33:59] [yf2_v5] [INFO] 1号位打出['PASS', 'PASS', 'PASS']， 最大动作为0号位打出的['Single', 'B', ['SB']]
[22:33:59] [yf2_v5] [INFO] 2号位打出['PASS', 'PASS', 'PASS']， 最大动作为0号位打出的['Single', 'B', ['SB']]
[22:33:59] [YFAdapter-P2] [INFO] [YF-P2] Decision context: myPos=2, curPos=2, greaterPos=0, teammate=0, curAction=[, actionList_size=2
[22:33:59] [YFAdapter-P2] [INFO] [YF-P2] Decided: action_index=0, action=['PASS', 'PASS', 'PASS']
[22:33:59] [yf2_v5] [INFO] 3号位打出['PASS', 'PASS', 'PASS']， 最大动作为0号位打出的['Single', 'B', ['SB']]
[22:33:59] [yf2_v5] [INFO] 0号位打出['Single', '3', ['H3']]， 最大动作为0号位打出的['Single', '3', ['H3']]
[22:33:59] [yf2_v5] [INFO] 1号位打出['Single', 'Q', ['SQ']]， 最大动作为1号位打出的['Single', 'Q', ['SQ']]
[22:33:59] [yf2_v5] [INFO] 2号位打出['Single', 'R', ['HR']]， 最大动作为2号位打出的['Single', 'R', ['HR']]
[22:33:59] [YFAdapter-P2] [INFO] [YF-P2] Decision context: myPos=2, curPos=2, greaterPos=2, teammate=0, curAction=[, actionList_size=2
[22:33:59] [YFAdapter-P2] [INFO] [YF-P2] Decided: action_index=1, action=['Bomb', '3', [['S', '3'], ['S', '3'], ['H', '3'], ['D', '3']]]
[22:33:59] [yf2_v5] [INFO] 3号位打出['Bomb', '3', ['S3', 'S3', 'H3', 'D3']]， 最大动作为3号位打出的['Bomb', '3', ['S3', 'S3', 'H3', 'D3']]
[22:33:59] [yf2_v5] [INFO] 0号位打出['PASS', 'PASS', 'PASS']， 最大动作为3号位打出的['Bomb', '3', ['S3', 'S3', 'H3', 'D3']]
[22:33:59] [yf2_v5] [INFO] 1号位打出['PASS', 'PASS', 'PASS']， 最大动作为3号位打出的['Bomb', '3', ['S3', 'S3', 'H3', 'D3']]
[22:33:59] [yf2_v5] [INFO] 2号位打出['Bomb', '8', ['S8', 'H8', 'H8', 'C8']]， 最大动作为2号位打出的['Bomb', '8', ['S8', 'H8', 'H8', 'C8']]
[22:33:59] [YFAdapter-P2] [INFO] [YF-P2] Decision context: myPos=2, curPos=2, greaterPos=2, teammate=0, curAction=[, actionList_size=1
[22:33:59] [YFAdapter-P2] [INFO] [YF-P2] Decided: action_index=0, action=['PASS', 'PASS', 'PASS']
[22:33:59] [yf2_v5] [INFO] 3号位打出['PASS', 'PASS', 'PASS']， 最大动作为2号位打出的['Bomb', '8', ['S8', 'H8', 'H8', 'C8']]
[22:33:59] [yf2_v5] [INFO] 0号位打出['PASS', 'PASS', 'PASS']， 最大动作为2号位打出的['Bomb', '8', ['S8', 'H8', 'H8', 'C8']]
[22:33:59] [yf2_v5] [INFO] 1号位打出['PASS', 'PASS', 'PASS']， 最大动作为2号位打出的['Bomb', '8', ['S8', 'H8', 'H8', 'C8']]
[22:33:59] [yf2_v5] [INFO] 2号位打出['Single', '5', ['D5']]， 最大动作为2号位打出的['Single', '5', ['D5']]
[22:33:59] [YFAdapter-P2] [INFO] [YF-P2] Decision context: myPos=2, curPos=2, greaterPos=2, teammate=0, curAction=[, actionList_size=9
[22:33:59] [YFAdapter-P2] [INFO] [YF-P2] Decided: action_index=1, action=['Single', '8', [['C', '8']]]
[22:33:59] [yf2_v5] [INFO] 3号位打出['Single', '8', ['C8']]， 最大动作为3号位打出的['Single', '8', ['C8']]
[22:33:59] [yf2_v5] [INFO] 0号位打出['PASS', 'PASS', 'PASS']， 最大动作为3号位打出的['Single', '8', ['C8']]
[22:33:59] [yf2_v5] [INFO] 1号位打出['Single', 'A', ['DA']]， 最大动作为1号位打出的['Single', 'A', ['DA']]
[22:33:59] [yf2_v5] [INFO] 2号位打出['PASS', 'PASS', 'PASS']， 最大动作为1号位打出的['Single', 'A', ['DA']]
[22:33:59] [YFAdapter-P2] [INFO] [YF-P2] Decision context: myPos=2, curPos=2, greaterPos=1, teammate=0, curAction=[, actionList_size=1
[22:33:59] [YFAdapter-P2] [INFO] [YF-P2] Decided: action_index=0, action=['PASS', 'PASS', 'PASS']
[22:33:59] [yf2_v5] [INFO] 3号位打出['PASS', 'PASS', 'PASS']， 最大动作为1号位打出的['Single', 'A', ['DA']]
[22:33:59] [yf2_v5] [INFO] 0号位打出['PASS', 'PASS', 'PASS']， 最大动作为1号位打出的['Single', 'A', ['DA']]
[22:33:59] [yf2_v5] [INFO] 1号位打出['Single', '5', ['C5']]， 最大动作为1号位打出的['Single', '5', ['C5']]
[22:33:59] [yf2_v5] [INFO] 2号位打出['PASS', 'PASS', 'PASS']， 最大动作为1号位打出的['Single', '5', ['C5']]
[22:33:59] [YFAdapter-P2] [INFO] [YF-P2] Decision context: myPos=2, curPos=2, greaterPos=1, teammate=0, curAction=[, actionList_size=8
[22:33:59] [YFAdapter-P2] [INFO] [YF-P2] Decided: action_index=0, action=['PASS', 'PASS', 'PASS']
[22:33:59] [yf2_v5] [INFO] 3号位打出['Single', 'A', ['DA']]， 最大动作为3号位打出的['Single', 'A', ['DA']]
[22:33:59] [yf2_v5] [INFO] 0号位打出['PASS', 'PASS', 'PASS']， 最大动作为3号位打出的['Single', 'A', ['DA']]
[22:33:59] [yf2_v5] [INFO] 1号位打出['PASS', 'PASS', 'PASS']， 最大动作为3号位打出的['Single', 'A', ['DA']]
[22:33:59] [yf2_v5] [INFO] 2号位打出['PASS', 'PASS', 'PASS']， 最大动作为3号位打出的['Single', 'A', ['DA']]
[22:33:59] [YFAdapter-P2] [INFO] [YF-P2] Decision context: myPos=2, curPos=-1, greaterPos=-1, teammate=0, curAction=[, actionList_size=23
[22:33:59] [YFAdapter-P2] [INFO] [YF-P2] Decided: action_index=2, action=['Single', '8', [['D', '8']]]
[22:33:59] [yf2_v5] [INFO] 3号位打出['Single', '8', ['D8']]， 最大动作为3号位打出的['Single', '8', ['D8']]
[22:33:59] [yf2_v5] [INFO] 0号位打出['Single', 'K', ['CK']]， 最大动作为0号位打出的['Single', 'K', ['CK']]
[22:33:59] [yf2_v5] [INFO] 1号位打出['PASS', 'PASS', 'PASS']， 最大动作为0号位打出的['Single', 'K', ['CK']]
[22:33:59] [yf2_v5] [INFO] 2号位打出['PASS', 'PASS', 'PASS']， 最大动作为0号位打出的['Single', 'K', ['CK']]
[22:33:59] [YFAdapter-P2] [INFO] [YF-P2] Decision context: myPos=2, curPos=2, greaterPos=0, teammate=0, curAction=[, actionList_size=1
[22:33:59] [YFAdapter-P2] [INFO] [YF-P2] Decided: action_index=0, action=['PASS', 'PASS', 'PASS']
[22:33:59] [yf2_v5] [INFO] 3号位打出['PASS', 'PASS', 'PASS']， 最大动作为0号位打出的['Single', 'K', ['CK']]
[22:33:59] [yf2_v5] [INFO] 0号位打出['Single', '3', ['C3']]， 最大动作为0号位打出的['Single', '3', ['C3']]
[22:33:59] [yf2_v5] [INFO] 1号位打出['Single', 'Q', ['DQ']]， 最大动作为1号位打出的['Single', 'Q', ['DQ']]
[22:33:59] [yf2_v5] [INFO] 2号位打出['PASS', 'PASS', 'PASS']， 最大动作为1号位打出的['Single', 'Q', ['DQ']]
[22:33:59] [YFAdapter-P2] [INFO] [YF-P2] Decision context: myPos=2, curPos=2, greaterPos=1, teammate=0, curAction=[, actionList_size=1
[22:33:59] [YFAdapter-P2] [INFO] [YF-P2] Decided: action_index=0, action=['PASS', 'PASS', 'PASS']
[22:33:59] [yf2_v5] [INFO] 3号位打出['PASS', 'PASS', 'PASS']， 最大动作为1号位打出的['Single', 'Q', ['DQ']]
[22:33:59] [yf2_v5] [INFO] 0号位打出['Single', 'K', ['HK']]， 最大动作为0号位打出的['Single', 'K', ['HK']]
[22:33:59] [yf2_v5] [INFO] 1号位打出['PASS', 'PASS', 'PASS']， 最大动作为0号位打出的['Single', 'K', ['HK']]
[22:33:59] [yf2_v5] [INFO] 2号位打出['PASS', 'PASS', 'PASS']， 最大动作为0号位打出的['Single', 'K', ['HK']]
[22:33:59] [YFAdapter-P2] [INFO] [YF-P2] Decision context: myPos=2, curPos=2, greaterPos=0, teammate=0, curAction=[, actionList_size=1
[22:33:59] [YFAdapter-P2] [INFO] [YF-P2] Decided: action_index=0, action=['PASS', 'PASS', 'PASS']
[22:33:59] [yf2_v5] [INFO] 3号位打出['PASS', 'PASS', 'PASS']， 最大动作为0号位打出的['Single', 'K', ['HK']]
[22:33:59] [yf2_v5] [INFO] 0号位打出['Single', '3', ['D3']]， 最大动作为0号位打出的['Single', '3', ['D3']]
[22:33:59] [yf2_v5] [INFO] 1号位打出['Single', '9', ['C9']]， 最大动作为1号位打出的['Single', '9', ['C9']]
[22:33:59] [yf2_v5] [INFO] 2号位打出['Single', 'Q', ['DQ']]， 最大动作为2号位打出的['Single', 'Q', ['DQ']]
[22:33:59] [YFAdapter-P2] [INFO] [YF-P2] Decision context: myPos=2, curPos=2, greaterPos=2, teammate=0, curAction=[, actionList_size=1
[22:33:59] [YFAdapter-P2] [INFO] [YF-P2] Decided: action_index=0, action=['PASS', 'PASS', 'PASS']
[22:33:59] [yf2_v5] [INFO] 3号位打出['PASS', 'PASS', 'PASS']， 最大动作为2号位打出的['Single', 'Q', ['DQ']]
[22:33:59] [yf2_v5] [INFO] 0号位打出['PASS', 'PASS', 'PASS']， 最大动作为2号位打出的['Single', 'Q', ['DQ']]
[22:33:59] [yf2_v5] [INFO] 1号位打出['Single', 'K', ['DK']]， 最大动作为1号位打出的['Single', 'K', ['DK']]
[22:33:59] [yf2_v5] [INFO] 2号位打出['PASS', 'PASS', 'PASS']， 最大动作为1号位打出的['Single', 'K', ['DK']]
[22:33:59] [YFAdapter-P2] [INFO] [YF-P2] Decision context: myPos=2, curPos=2, greaterPos=1, teammate=0, curAction=[, actionList_size=1
[22:33:59] [YFAdapter-P2] [INFO] [YF-P2] Decided: action_index=0, action=['PASS', 'PASS', 'PASS']
[22:33:59] [yf2_v5] [INFO] 3号位打出['PASS', 'PASS', 'PASS']， 最大动作为1号位打出的['Single', 'K', ['DK']]
[22:33:59] [yf2_v5] [INFO] 0号位打出['PASS', 'PASS', 'PASS']， 最大动作为1号位打出的['Single', 'K', ['DK']]
[22:33:59] [yf2_v5] [INFO] 1号位打出['Straight', '3', ['C3', 'D4', 'S5', 'C6', 'H7']]， 最大动作为1号位打出的['Straight', '3', ['C3', 'D4', 'S5', 'C6', 'H7']]
[22:33:59] [yf2_v5] [INFO] 2号位打出['PASS', 'PASS', 'PASS']， 最大动作为1号位打出的['Straight', '3', ['C3', 'D4', 'S5', 'C6', 'H7']]
[22:33:59] [YFAdapter-P2] [INFO] [YF-P2] Decision context: myPos=2, curPos=2, greaterPos=1, teammate=0, curAction=[, actionList_size=1
[22:33:59] [YFAdapter-P2] [INFO] [YF-P2] Decided: action_index=0, action=['PASS', 'PASS', 'PASS']
[22:33:59] [yf2_v5] [INFO] 3号位打出['PASS', 'PASS', 'PASS']， 最大动作为1号位打出的['Straight', '3', ['C3', 'D4', 'S5', 'C6', 'H7']]
[22:33:59] [yf2_v5] [INFO] 0号位打出['PASS', 'PASS', 'PASS']， 最大动作为1号位打出的['Straight', '3', ['C3', 'D4', 'S5', 'C6', 'H7']]
[22:33:59] [yf2_v5] [INFO] 1号位打出['Pair', '2', ['S2', 'H2']]， 最大动作为1号位打出的['Pair', '2', ['S2', 'H2']]
[22:33:59] [yf2_v5] [INFO] 2号位打出['Pair', '4', ['C4', 'D4']]， 最大动作为2号位打出的['Pair', '4', ['C4', 'D4']]
[22:33:59] [YFAdapter-P2] [INFO] [YF-P2] Decision context: myPos=2, curPos=2, greaterPos=2, teammate=0, curAction=[, actionList_size=5
[22:33:59] [YFAdapter-P2] [INFO] [YF-P2] Decided: action_index=0, action=['PASS', 'PASS', 'PASS']
[22:33:59] [yf2_v5] [INFO] 3号位打出['Pair', 'J', ['SJ', 'DJ']]， 最大动作为3号位打出的['Pair', 'J', ['SJ', 'DJ']]
[22:33:59] [yf2_v5] [INFO] 0号位打出['Pair', 'Q', ['CQ', 'CQ']]， 最大动作为0号位打出的['Pair', 'Q', ['CQ', 'CQ']]
[22:33:59] [yf2_v5] [INFO] 1号位打出['PASS', 'PASS', 'PASS']， 最大动作为0号位打出的['Pair', 'Q', ['CQ', 'CQ']]
[22:33:59] [yf2_v5] [INFO] 2号位打出['PASS', 'PASS', 'PASS']， 最大动作为0号位打出的['Pair', 'Q', ['CQ', 'CQ']]
[22:33:59] [YFAdapter-P2] [INFO] [YF-P2] Decision context: myPos=2, curPos=2, greaterPos=0, teammate=0, curAction=[, actionList_size=1
[22:33:59] [YFAdapter-P2] [INFO] [YF-P2] Decided: action_index=0, action=['PASS', 'PASS', 'PASS']
[22:33:59] [yf2_v5] [INFO] 3号位打出['PASS', 'PASS', 'PASS']， 最大动作为0号位打出的['Pair', 'Q', ['CQ', 'CQ']]
[22:33:59] [yf2_v5] [INFO] 0号位打出['Single', '4', ['H4']]， 最大动作为0号位打出的['Single', '4', ['H4']]
[22:33:59] [yf2_v5] [INFO] 1号位打出['Single', 'K', ['DK']]， 最大动作为1号位打出的['Single', 'K', ['DK']]
[22:33:59] [yf2_v5] [INFO] 2号位打出['PASS', 'PASS', 'PASS']， 最大动作为1号位打出的['Single', 'K', ['DK']]
[22:33:59] [YFAdapter-P2] [INFO] [YF-P2] Decision context: myPos=2, curPos=2, greaterPos=1, teammate=0, curAction=[, actionList_size=1
[22:33:59] [YFAdapter-P2] [INFO] [YF-P2] Decided: action_index=0, action=['PASS', 'PASS', 'PASS']
[22:33:59] [yf2_v5] [INFO] 3号位打出['PASS', 'PASS', 'PASS']， 最大动作为1号位打出的['Single', 'K', ['DK']]
[22:33:59] [yf2_v5] [INFO] 0号位打出['PASS', 'PASS', 'PASS']， 最大动作为1号位打出的['Single', 'K', ['DK']]
[22:33:59] [yf2_v5] [INFO] 1号位打出['Pair', '8', ['S8', 'D8']]， 最大动作为1号位打出的['Pair', '8', ['S8', 'D8']]
[22:33:59] [yf2_v5] [INFO] 2号位打出['Pair', 'Q', ['HQ', 'HQ']]， 最大动作为2号位打出的['Pair', 'Q', ['HQ', 'HQ']]
[22:33:59] [YFAdapter-P2] [INFO] [YF-P2] Decision context: myPos=2, curPos=2, greaterPos=2, teammate=0, curAction=[, actionList_size=1
[22:33:59] [YFAdapter-P2] [INFO] [YF-P2] Decided: action_index=0, action=['PASS', 'PASS', 'PASS']
[22:33:59] [yf2_v5] [INFO] 3号位打出['PASS', 'PASS', 'PASS']， 最大动作为2号位打出的['Pair', 'Q', ['HQ', 'HQ']]
[22:33:59] [yf2_v5] [INFO] 0号位打出['PASS', 'PASS', 'PASS']， 最大动作为2号位打出的['Pair', 'Q', ['HQ', 'HQ']]
[22:33:59] [yf2_v5] [INFO] 1号位打出['PASS', 'PASS', 'PASS']， 最大动作为2号位打出的['Pair', 'Q', ['HQ', 'HQ']]
[22:33:59] [yf2_v5] [INFO] 2号位打出['ThreeWithTwo', '2', ['H2', 'C2', 'D2', 'S6', 'C6']]， 最大动作为2号位打出的['ThreeWithTwo', '2', ['H2', 'C2', 'D2', 'S6', 'C6']]
[22:33:59] [YFAdapter-P2] [INFO] [YF-P2] Decision context: myPos=2, curPos=2, greaterPos=2, teammate=0, curAction=[, actionList_size=2
[22:33:59] [YFAdapter-P2] [INFO] [YF-P2] Decided: action_index=0, action=['PASS', 'PASS', 'PASS']
[22:33:59] [YFAdapter-P2] [WARNING] [YF-P2] 检测到过于保守: 对手快走完(剩3张), 触发Layer 2/3进行更积极的决策
[22:34:00] [yf2_v5] [INFO] 3号位打出['ThreeWithTwo', '4', ['S4', 'S4', 'H4', 'S9', 'H9']]， 最大动作为3号位打出的['ThreeWithTwo', '4', ['S4', 'S4', 'H4', 'S9', 'H9']]
[22:34:00] [yf2_v5] [INFO] 0号位打出['ThreeWithTwo', 'T', ['ST', 'CT', 'DT', 'S9', 'D9']]， 最大动作为0号位打出的['ThreeWithTwo', 'T', ['ST', 'CT', 'DT', 'S9', 'D9']]
[22:34:00] [yf2_v5] [INFO] 1号位打出['PASS', 'PASS', 'PASS']， 最大动作为0号位打出的['ThreeWithTwo', 'T', ['ST', 'CT', 'DT', 'S9', 'D9']]
[22:34:00] [yf2_v5] [INFO] 2号位打出['ThreeWithTwo', 'J', ['HJ', 'HJ', 'DJ', 'S7', 'C7']]， 最大动作为2号位打出的['ThreeWithTwo', 'J', ['HJ', 'HJ', 'DJ', 'S7', 'C7']]
[22:34:00] [YFAdapter-P2] [INFO] [YF-P2] Decision context: myPos=2, curPos=2, greaterPos=2, teammate=0, curAction=[, actionList_size=1
[22:34:00] [YFAdapter-P2] [INFO] [YF-P2] Decided: action_index=0, action=['PASS', 'PASS', 'PASS']
[22:34:00] [yf2_v5] [INFO] 3号位打出['PASS', 'PASS', 'PASS']， 最大动作为2号位打出的['ThreeWithTwo', 'J', ['HJ', 'HJ', 'DJ', 'S7', 'C7']]
[22:34:00] [yf2_v5] [INFO] 0号位打出['PASS', 'PASS', 'PASS']， 最大动作为2号位打出的['ThreeWithTwo', 'J', ['HJ', 'HJ', 'DJ', 'S7', 'C7']]
[22:34:00] [yf2_v5] [INFO] 1号位打出['PASS', 'PASS', 'PASS']， 最大动作为2号位打出的['ThreeWithTwo', 'J', ['HJ', 'HJ', 'DJ', 'S7', 'C7']]
[22:34:00] [yf2_v5] [INFO] 2号位打出['Trips', 'T', ['ST', 'HT', 'CT']]， 最大动作为2号位打出的['Trips', 'T', ['ST', 'HT', 'CT']]
[22:34:00] [YFAdapter-P2] [INFO] [YF-P2] Decision context: myPos=2, curPos=2, greaterPos=2, teammate=0, curAction=[, actionList_size=1
[22:34:00] [YFAdapter-P2] [INFO] [YF-P2] Decided: action_index=0, action=['PASS', 'PASS', 'PASS']
[22:34:00] [yf2_v5] [INFO] 3号位打出['PASS', 'PASS', 'PASS']， 最大动作为2号位打出的['Trips', 'T', ['ST', 'HT', 'CT']]
[22:34:00] [yf2_v5] [INFO] 0号位打出['PASS', 'PASS', 'PASS']， 最大动作为2号位打出的['Trips', 'T', ['ST', 'HT', 'CT']]
[22:34:00] [yf2_v5] [INFO] 0号位打出['Single', '4', ['C4']]， 最大动作为0号位打出的['Single', '4', ['C4']]
[22:34:00] [yf2_v5] [INFO] 1号位打出['Single', 'J', ['SJ']]， 最大动作为1号位打出的['Single', 'J', ['SJ']]
[22:34:00] [YFAdapter-P2] [INFO] [YF-P2] Decision context: myPos=2, curPos=1, greaterPos=1, teammate=0, curAction=[, actionList_size=1
[22:34:00] [YFAdapter-P2] [INFO] [YF-P2] Decided: action_index=0, action=['PASS', 'PASS', 'PASS']
[22:34:00] [yf2_v5] [INFO] 3号位打出['PASS', 'PASS', 'PASS']， 最大动作为1号位打出的['Single', 'J', ['SJ']]
[22:34:00] [yf2_v5] [INFO] 0号位打出['Single', 'Q', ['SQ']]， 最大动作为0号位打出的['Single', 'Q', ['SQ']]
[22:34:00] [yf2_v5] [INFO] 1号位打出['PASS', 'PASS', 'PASS']， 最大动作为0号位打出的['Single', 'Q', ['SQ']]
[22:34:00] [YFAdapter-P2] [INFO] [YF-P2] Decision context: myPos=2, curPos=1, greaterPos=0, teammate=0, curAction=[, actionList_size=1
[22:34:00] [YFAdapter-P2] [INFO] [YF-P2] Decided: action_index=0, action=['PASS', 'PASS', 'PASS']
[22:34:00] [yf2_v5] [INFO] 3号位打出['PASS', 'PASS', 'PASS']， 最大动作为0号位打出的['Single', 'Q', ['SQ']]
[22:34:00] [yf2_v5] [INFO] 0号位打出['Single', '6', ['H6']]， 最大动作为0号位打出的['Single', '6', ['H6']]
[22:34:00] [yf2_v5] [INFO] 1号位打出['Single', '9', ['D9']]， 最大动作为1号位打出的['Single', '9', ['D9']]
[22:34:00] [YFAdapter-P2] [INFO] [YF-P2] Decision context: myPos=2, curPos=1, greaterPos=1, teammate=0, curAction=[, actionList_size=2
[22:34:00] [YFAdapter-P2] [INFO] [YF-P2] Decided: action_index=0, action=['PASS', 'PASS', 'PASS']
[22:34:00] [YFAdapter-P2] [WARNING] [YF-P2] 检测到过于保守: 对手快走完(剩1张), 触发Layer 2/3进行更积极的决策
[22:34:00] [yf2_v5] [INFO] 3号位打出['Single', 'J', ['CJ']]， 最大动作为3号位打出的['Single', 'J', ['CJ']]
[22:34:00] [yf2_v5] [INFO] 0号位打出['PASS', 'PASS', 'PASS']， 最大动作为3号位打出的['Single', 'J', ['CJ']]
[22:34:00] [yf2_v5] [INFO] 1号位打出['PASS', 'PASS', 'PASS']， 最大动作为3号位打出的['Single', 'J', ['CJ']]
[22:34:00] [yf2_v5] [INFO] 1号位打出['Single', 'T', ['DT']]， 最大动作为1号位打出的['Single', 'T', ['DT']]
[22:34:00] [yf2_v5] [INFO] 游戏开始, 我是3号位，手牌：['S3', 'S3', 'C3', 'D3', 'S4', 'S4', 'H4', 'S5', 'H5', 'H6', 'D6', 'H9', 'C9', 'CT', 'SJ', 'SQ', 'SQ', 'CQ', 'CQ', 'DQ', 'DK', 'SA', 'H2', 'C2', 'D2', 'D2', 'HR']
[22:34:00] [yf2_v5] [INFO] 0号位打出['Single', '4', ['H4']]， 最大动作为0号位打出的['Single', '4', ['H4']]
[22:34:00] [yf2_v5] [INFO] 1号位打出['Bomb', 'K', ['HK', 'CK', 'DK', 'H2']]， 最大动作为1号位打出的['Bomb', 'K', ['HK', 'CK', 'DK', 'H2']]
[22:34:00] [yf2_v5] [INFO] 2号位打出['PASS', 'PASS', 'PASS']， 最大动作为1号位打出的['Bomb', 'K', ['HK', 'CK', 'DK', 'H2']]
[22:34:00] [YFAdapter-P2] [INFO] [YF-P2] Decision context: myPos=2, curPos=2, greaterPos=1, teammate=0, curAction=[, actionList_size=8
[22:34:00] [YFAdapter-P2] [INFO] [YF-P2] Decided: action_index=0, action=['PASS', 'PASS', 'PASS']
[22:34:00] [yf2_v5] [INFO] 3号位打出['Bomb', '2', ['H2', 'C2', 'D2', 'D2']]， 最大动作为3号位打出的['Bomb', '2', ['H2', 'C2', 'D2', 'D2']]
[22:34:00] [yf2_v5] [INFO] 0号位打出['PASS', 'PASS', 'PASS']， 最大动作为3号位打出的['Bomb', '2', ['H2', 'C2', 'D2', 'D2']]
[22:34:00] [yf2_v5] [INFO] 1号位打出['PASS', 'PASS', 'PASS']， 最大动作为3号位打出的['Bomb', '2', ['H2', 'C2', 'D2', 'D2']]
[22:34:00] [yf2_v5] [INFO] 2号位打出['PASS', 'PASS', 'PASS']， 最大动作为3号位打出的['Bomb', '2', ['H2', 'C2', 'D2', 'D2']]
[22:34:00] [YFAdapter-P2] [INFO] [YF-P2] Decision context: myPos=2, curPos=-1, greaterPos=-1, teammate=0, curAction=[, actionList_size=153
[22:34:00] [YFAdapter-P2] [INFO] [YF-P2] Decided: action_index=86, action=['ThreeWithTwo', '4', [['S', '4'], ['S', '4'], ['H', '4'], ['S', '5'], ['H', '5']]]
[22:34:00] [yf2_v5] [INFO] 3号位打出['ThreeWithTwo', '4', ['S4', 'S4', 'H4', 'S5', 'H5']]， 最大动作为3号位打出的['ThreeWithTwo', '4', ['S4', 'S4', 'H4', 'S5', 'H5']]
[22:34:00] [yf2_v5] [INFO] 0号位打出['ThreeWithTwo', '5', ['H5', 'C5', 'C5', 'C4', 'D4']]， 最大动作为0号位打出的['ThreeWithTwo', '5', ['H5', 'C5', 'C5', 'C4', 'D4']]
[22:34:00] [yf2_v5] [INFO] 1号位打出['PASS', 'PASS', 'PASS']， 最大动作为0号位打出的['ThreeWithTwo', '5', ['H5', 'C5', 'C5', 'C4', 'D4']]
[22:34:00] [yf2_v5] [INFO] 2号位打出['ThreeWithTwo', '9', ['H9', 'C9', 'D9', 'S5', 'D5']]， 最大动作为2号位打出的['ThreeWithTwo', '9', ['H9', 'C9', 'D9', 'S5', 'D5']]
[22:34:00] [YFAdapter-P2] [INFO] [YF-P2] Decision context: myPos=2, curPos=2, greaterPos=2, teammate=0, curAction=[, actionList_size=36
[22:34:00] [YFAdapter-P2] [INFO] [YF-P2] Decided: action_index=29, action=['ThreeWithTwo', 'Q', [['C', 'Q'], ['C', 'Q'], ['D', 'Q'], ['H', '6'], ['D', '6']]]
[22:34:00] [yf2_v5] [INFO] 3号位打出['ThreeWithTwo', 'Q', ['CQ', 'CQ', 'DQ', 'H6', 'D6']]， 最大动作为3号位打出的['ThreeWithTwo', 'Q', ['CQ', 'CQ', 'DQ', 'H6', 'D6']]
[22:34:00] [yf2_v5] [INFO] 0号位打出['ThreeWithTwo', 'A', ['SA', 'CA', 'CA', 'H6', 'C6']]， 最大动作为0号位打出的['ThreeWithTwo', 'A', ['SA', 'CA', 'CA', 'H6', 'C6']]
[22:34:00] [yf2_v5] [INFO] 1号位打出['PASS', 'PASS', 'PASS']， 最大动作为0号位打出的['ThreeWithTwo', 'A', ['SA', 'CA', 'CA', 'H6', 'C6']]
[22:34:00] [yf2_v5] [INFO] 2号位打出['PASS', 'PASS', 'PASS']， 最大动作为0号位打出的['ThreeWithTwo', 'A', ['SA', 'CA', 'CA', 'H6', 'C6']]
[22:34:00] [YFAdapter-P2] [INFO] [YF-P2] Decision context: myPos=2, curPos=2, greaterPos=0, teammate=0, curAction=[, actionList_size=2
[22:34:00] [YFAdapter-P2] [INFO] [YF-P2] Decided: action_index=0, action=['PASS', 'PASS', 'PASS']
[22:34:00] [yf2_v5] [INFO] 3号位打出['PASS', 'PASS', 'PASS']， 最大动作为0号位打出的['ThreeWithTwo', 'A', ['SA', 'CA', 'CA', 'H6', 'C6']]
[22:34:00] [yf2_v5] [INFO] 0号位打出['ThreeWithTwo', '7', ['H7', 'C7', 'C7', 'ST', 'CT']]， 最大动作为0号位打出的['ThreeWithTwo', '7', ['H7', 'C7', 'C7', 'ST', 'CT']]
[22:34:00] [yf2_v5] [INFO] 1号位打出['ThreeWithTwo', 'J', ['SJ', 'HJ', 'DJ', 'H3', 'H3']]， 最大动作为1号位打出的['ThreeWithTwo', 'J', ['SJ', 'HJ', 'DJ', 'H3', 'H3']]
[22:34:00] [yf2_v5] [INFO] 2号位打出['ThreeWithTwo', 'A', ['HA', 'DA', 'DA', 'S6', 'S6']]， 最大动作为2号位打出的['ThreeWithTwo', 'A', ['HA', 'DA', 'DA', 'S6', 'S6']]
[22:34:00] [YFAdapter-P2] [INFO] [YF-P2] Decision context: myPos=2, curPos=2, greaterPos=2, teammate=0, curAction=[, actionList_size=2
[22:34:00] [YFAdapter-P2] [INFO] [YF-P2] Decided: action_index=0, action=['PASS', 'PASS', 'PASS']
[22:34:00] [yf2_v5] [INFO] 3号位打出['PASS', 'PASS', 'PASS']， 最大动作为2号位打出的['ThreeWithTwo', 'A', ['HA', 'DA', 'DA', 'S6', 'S6']]
[22:34:00] [yf2_v5] [INFO] 0号位打出['PASS', 'PASS', 'PASS']， 最大动作为2号位打出的['ThreeWithTwo', 'A', ['HA', 'DA', 'DA', 'S6', 'S6']]
[22:34:00] [yf2_v5] [INFO] 1号位打出['PASS', 'PASS', 'PASS']， 最大动作为2号位打出的['ThreeWithTwo', 'A', ['HA', 'DA', 'DA', 'S6', 'S6']]
[22:34:00] [yf2_v5] [INFO] 2号位打出['Single', '3', ['C3']]， 最大动作为2号位打出的['Single', '3', ['C3']]
[22:34:00] [YFAdapter-P2] [INFO] [YF-P2] Decision context: myPos=2, curPos=2, greaterPos=2, teammate=0, curAction=[, actionList_size=10
[22:34:00] [YFAdapter-P2] [INFO] [YF-P2] Decided: action_index=7, action=['Single', 'A', [['S', 'A']]]
[22:34:00] [yf2_v5] [INFO] 3号位打出['Single', 'A', ['SA']]， 最大动作为3号位打出的['Single', 'A', ['SA']]
[22:34:00] [yf2_v5] [INFO] 0号位打出['PASS', 'PASS', 'PASS']， 最大动作为3号位打出的['Single', 'A', ['SA']]
[22:34:00] [yf2_v5] [INFO] 1号位打出['Single', '2', ['S2']]， 最大动作为1号位打出的['Single', '2', ['S2']]
[22:34:00] [yf2_v5] [INFO] 2号位打出['Single', 'B', ['SB']]， 最大动作为2号位打出的['Single', 'B', ['SB']]
[22:34:00] [YFAdapter-P2] [INFO] [YF-P2] Decision context: myPos=2, curPos=2, greaterPos=2, teammate=0, curAction=[, actionList_size=3
[22:34:00] [YFAdapter-P2] [INFO] [YF-P2] Decided: action_index=0, action=['PASS', 'PASS', 'PASS']
[22:34:00] [yf2_v5] [INFO] 3号位打出['PASS', 'PASS', 'PASS']， 最大动作为2号位打出的['Single', 'B', ['SB']]
[22:34:00] [yf2_v5] [INFO] 0号位打出['PASS', 'PASS', 'PASS']， 最大动作为2号位打出的['Single', 'B', ['SB']]
[22:34:00] [yf2_v5] [INFO] 1号位打出['PASS', 'PASS', 'PASS']， 最大动作为2号位打出的['Single', 'B', ['SB']]
[22:34:00] [yf2_v5] [INFO] 2号位打出['Trips', 'J', ['CJ', 'CJ', 'DJ']]， 最大动作为2号位打出的['Trips', 'J', ['CJ', 'CJ', 'DJ']]
[22:34:00] [YFAdapter-P2] [INFO] [YF-P2] Decision context: myPos=2, curPos=2, greaterPos=2, teammate=0, curAction=[, actionList_size=2
[22:34:00] [YFAdapter-P2] [INFO] [YF-P2] Decided: action_index=0, action=['PASS', 'PASS', 'PASS']
[22:34:00] [yf2_v5] [INFO] 3号位打出['PASS', 'PASS', 'PASS']， 最大动作为2号位打出的['Trips', 'J', ['CJ', 'CJ', 'DJ']]
[22:34:00] [yf2_v5] [INFO] 0号位打出['PASS', 'PASS', 'PASS']， 最大动作为2号位打出的['Trips', 'J', ['CJ', 'CJ', 'DJ']]
[22:34:00] [yf2_v5] [INFO] 1号位打出['PASS', 'PASS', 'PASS']， 最大动作为2号位打出的['Trips', 'J', ['CJ', 'CJ', 'DJ']]
[22:34:00] [yf2_v5] [INFO] 2号位打出['Single', 'K', ['SK']]， 最大动作为2号位打出的['Single', 'K', ['SK']]
[22:34:00] [YFAdapter-P2] [INFO] [YF-P2] Decision context: myPos=2, curPos=2, greaterPos=2, teammate=0, curAction=[, actionList_size=3
[22:34:00] [YFAdapter-P2] [INFO] [YF-P2] Decided: action_index=1, action=['Single', 'R', [['H', 'R']]]
[22:34:00] [yf2_v5] [INFO] 3号位打出['Single', 'R', ['HR']]， 最大动作为3号位打出的['Single', 'R', ['HR']]
[22:34:00] [yf2_v5] [INFO] 0号位打出['Bomb', '8', ['S8', 'S8', 'C8', 'D8', 'D8']]， 最大动作为0号位打出的['Bomb', '8', ['S8', 'S8', 'C8', 'D8', 'D8']]
[22:34:00] [yf2_v5] [INFO] 1号位打出['PASS', 'PASS', 'PASS']， 最大动作为0号位打出的['Bomb', '8', ['S8', 'S8', 'C8', 'D8', 'D8']]
[22:34:00] [yf2_v5] [INFO] 2号位打出['PASS', 'PASS', 'PASS']， 最大动作为0号位打出的['Bomb', '8', ['S8', 'S8', 'C8', 'D8', 'D8']]
[22:34:00] [YFAdapter-P2] [INFO] [YF-P2] Decision context: myPos=2, curPos=2, greaterPos=0, teammate=0, curAction=[, actionList_size=1
[22:34:00] [YFAdapter-P2] [INFO] [YF-P2] Decided: action_index=0, action=['PASS', 'PASS', 'PASS']
[22:34:00] [yf2_v5] [INFO] 3号位打出['PASS', 'PASS', 'PASS']， 最大动作为0号位打出的['Bomb', '8', ['S8', 'S8', 'C8', 'D8', 'D8']]
[22:34:00] [yf2_v5] [INFO] 0号位打出['Single', '9', ['D9']]， 最大动作为0号位打出的['Single', '9', ['D9']]
[22:34:00] [yf2_v5] [INFO] 1号位打出['Single', 'K', ['SK']]， 最大动作为1号位打出的['Single', 'K', ['SK']]
[22:34:00] [yf2_v5] [INFO] 2号位打出['Single', '2', ['C2']]， 最大动作为2号位打出的['Single', '2', ['C2']]
[22:34:00] [YFAdapter-P2] [INFO] [YF-P2] Decision context: myPos=2, curPos=2, greaterPos=2, teammate=0, curAction=[, actionList_size=2
[22:34:00] [YFAdapter-P2] [INFO] [YF-P2] Decided: action_index=0, action=['PASS', 'PASS', 'PASS']
[22:34:00] [yf2_v5] [INFO] 3号位打出['PASS', 'PASS', 'PASS']， 最大动作为2号位打出的['Single', '2', ['C2']]
[22:34:00] [yf2_v5] [INFO] 0号位打出['PASS', 'PASS', 'PASS']， 最大动作为2号位打出的['Single', '2', ['C2']]
[22:34:00] [yf2_v5] [INFO] 1号位打出['PASS', 'PASS', 'PASS']， 最大动作为2号位打出的['Single', '2', ['C2']]
[22:34:00] [yf2_v5] [INFO] 2号位打出['Single', 'B', ['SB']]， 最大动作为2号位打出的['Single', 'B', ['SB']]
[22:34:00] [YFAdapter-P2] [INFO] [YF-P2] Decision context: myPos=2, curPos=2, greaterPos=2, teammate=0, curAction=[, actionList_size=2
[22:34:00] [YFAdapter-P2] [INFO] [YF-P2] Decided: action_index=0, action=['PASS', 'PASS', 'PASS']
[22:34:00] [yf2_v5] [INFO] 3号位打出['PASS', 'PASS', 'PASS']， 最大动作为2号位打出的['Single', 'B', ['SB']]
[22:34:00] [yf2_v5] [INFO] 0号位打出['PASS', 'PASS', 'PASS']， 最大动作为2号位打出的['Single', 'B', ['SB']]
[22:34:00] [yf2_v5] [INFO] 1号位打出['PASS', 'PASS', 'PASS']， 最大动作为2号位打出的['Single', 'B', ['SB']]
[22:34:00] [yf2_v5] [INFO] 2号位打出['Single', 'R', ['HR']]， 最大动作为2号位打出的['Single', 'R', ['HR']]
[22:34:00] [YFAdapter-P2] [INFO] [YF-P2] Decision context: myPos=2, curPos=2, greaterPos=2, teammate=0, curAction=[, actionList_size=2
[22:34:00] [YFAdapter-P2] [INFO] [YF-P2] Decided: action_index=1, action=['Bomb', '3', [['S', '3'], ['S', '3'], ['C', '3'], ['D', '3']]]
[22:34:00] [yf2_v5] [INFO] 3号位打出['Bomb', '3', ['S3', 'S3', 'C3', 'D3']]， 最大动作为3号位打出的['Bomb', '3', ['S3', 'S3', 'C3', 'D3']]
[22:34:00] [yf2_v5] [INFO] 0号位打出['PASS', 'PASS', 'PASS']， 最大动作为3号位打出的['Bomb', '3', ['S3', 'S3', 'C3', 'D3']]
[22:34:00] [yf2_v5] [INFO] 1号位打出['PASS', 'PASS', 'PASS']， 最大动作为3号位打出的['Bomb', '3', ['S3', 'S3', 'C3', 'D3']]
[22:34:00] [yf2_v5] [INFO] 2号位打出['Bomb', '7', ['S7', 'H7', 'D7', 'D7']]， 最大动作为2号位打出的['Bomb', '7', ['S7', 'H7', 'D7', 'D7']]
[22:34:00] [YFAdapter-P2] [INFO] [YF-P2] Decision context: myPos=2, curPos=2, greaterPos=2, teammate=0, curAction=[, actionList_size=1
[22:34:00] [YFAdapter-P2] [INFO] [YF-P2] Decided: action_index=0, action=['PASS', 'PASS', 'PASS']
[22:34:00] [yf2_v5] [INFO] 3号位打出['PASS', 'PASS', 'PASS']， 最大动作为2号位打出的['Bomb', '7', ['S7', 'H7', 'D7', 'D7']]
[22:34:00] [yf2_v5] [INFO] 0号位打出['PASS', 'PASS', 'PASS']， 最大动作为2号位打出的['Bomb', '7', ['S7', 'H7', 'D7', 'D7']]
[22:34:00] [yf2_v5] [INFO] 1号位打出['PASS', 'PASS', 'PASS']， 最大动作为2号位打出的['Bomb', '7', ['S7', 'H7', 'D7', 'D7']]
[22:34:00] [yf2_v5] [INFO] 2号位打出['Bomb', 'T', ['ST', 'HT', 'HT', 'DT']]， 最大动作为2号位打出的['Bomb', 'T', ['ST', 'HT', 'HT', 'DT']]
[22:34:00] [YFAdapter-P2] [INFO] [YF-P2] Decision context: myPos=2, curPos=2, greaterPos=2, teammate=0, curAction=[, actionList_size=1
[22:34:00] [YFAdapter-P2] [INFO] [YF-P2] Decided: action_index=0, action=['PASS', 'PASS', 'PASS']
[22:34:00] [yf2_v5] [INFO] 3号位打出['PASS', 'PASS', 'PASS']， 最大动作为2号位打出的['Bomb', 'T', ['ST', 'HT', 'HT', 'DT']]
[22:34:00] [yf2_v5] [INFO] 0号位打出['PASS', 'PASS', 'PASS']， 最大动作为2号位打出的['Bomb', 'T', ['ST', 'HT', 'HT', 'DT']]
[22:34:00] [yf2_v5] [INFO] 0号位打出['Single', 'J', ['HJ']]， 最大动作为0号位打出的['Single', 'J', ['HJ']]
[22:34:00] [yf2_v5] [INFO] 1号位打出['Single', 'Q', ['HQ']]， 最大动作为1号位打出的['Single', 'Q', ['HQ']]
[22:34:00] [YFAdapter-P2] [INFO] [YF-P2] Decision context: myPos=2, curPos=1, greaterPos=1, teammate=0, curAction=[, actionList_size=2
[22:34:00] [YFAdapter-P2] [INFO] [YF-P2] Decided: action_index=0, action=['PASS', 'PASS', 'PASS']
[22:34:00] [yf2_v5] [INFO] 3号位打出['Single', 'K', ['DK']]， 最大动作为3号位打出的['Single', 'K', ['DK']]
[22:34:00] [yf2_v5] [INFO] 0号位打出['PASS', 'PASS', 'PASS']， 最大动作为3号位打出的['Single', 'K', ['DK']]
[22:34:00] [yf2_v5] [INFO] 1号位打出['Single', 'A', ['HA']]， 最大动作为1号位打出的['Single', 'A', ['HA']]
[22:34:00] [YFAdapter-P2] [INFO] [YF-P2] Decision context: myPos=2, curPos=1, greaterPos=1, teammate=0, curAction=[, actionList_size=1
[22:34:00] [YFAdapter-P2] [INFO] [YF-P2] Decided: action_index=0, action=['PASS', 'PASS', 'PASS']
[22:34:00] [yf2_v5] [INFO] 3号位打出['PASS', 'PASS', 'PASS']， 最大动作为1号位打出的['Single', 'A', ['HA']]
[22:34:00] [yf2_v5] [INFO] 0号位打出['PASS', 'PASS', 'PASS']， 最大动作为1号位打出的['Single', 'A', ['HA']]
[22:34:00] [yf2_v5] [INFO] 1号位打出['Single', '4', ['D4']]， 最大动作为1号位打出的['Single', '4', ['D4']]
[22:34:00] [YFAdapter-P2] [INFO] [YF-P2] Decision context: myPos=2, curPos=1, greaterPos=1, teammate=0, curAction=[, actionList_size=6
[22:34:00] [YFAdapter-P2] [INFO] [YF-P2] Decided: action_index=0, action=['PASS', 'PASS', 'PASS']
[22:34:00] [yf2_v5] [INFO] 3号位打出['Single', 'J', ['SJ']]， 最大动作为3号位打出的['Single', 'J', ['SJ']]
[22:34:00] [yf2_v5] [INFO] 0号位打出['PASS', 'PASS', 'PASS']， 最大动作为3号位打出的['Single', 'J', ['SJ']]
[22:34:00] [yf2_v5] [INFO] 1号位打出['Single', '2', ['S2']]， 最大动作为1号位打出的['Single', '2', ['S2']]
[22:34:00] [YFAdapter-P2] [INFO] [YF-P2] Decision context: myPos=2, curPos=1, greaterPos=1, teammate=0, curAction=[, actionList_size=1
[22:34:00] [YFAdapter-P2] [INFO] [YF-P2] Decided: action_index=0, action=['PASS', 'PASS', 'PASS']
[22:34:00] [yf2_v5] [INFO] 3号位打出['PASS', 'PASS', 'PASS']， 最大动作为1号位打出的['Single', '2', ['S2']]
[22:34:00] [yf2_v5] [INFO] 0号位打出['PASS', 'PASS', 'PASS']， 最大动作为1号位打出的['Single', '2', ['S2']]
[22:34:00] [yf2_v5] [INFO] 1号位打出['Pair', '6', ['C6', 'D6']]， 最大动作为1号位打出的['Pair', '6', ['C6', 'D6']]
[22:34:00] [YFAdapter-P2] [INFO] [YF-P2] Decision context: myPos=2, curPos=1, greaterPos=1, teammate=0, curAction=[, actionList_size=3
[22:34:00] [YFAdapter-P2] [INFO] [YF-P2] Decided: action_index=0, action=['PASS', 'PASS', 'PASS']
[22:34:00] [YFAdapter-P2] [WARNING] [YF-P2] 检测到过于保守: 对手快走完(剩5张), 触发Layer 2/3进行更积极的决策
[22:34:00] [yf2_v5] [INFO] 3号位打出['Pair', '9', ['H9', 'C9']]， 最大动作为3号位打出的['Pair', '9', ['H9', 'C9']]
[22:34:00] [yf2_v5] [INFO] 0号位打出['Pair', 'Q', ['HQ', 'DQ']]， 最大动作为0号位打出的['Pair', 'Q', ['HQ', 'DQ']]
[22:34:00] [yf2_v5] [INFO] 1号位打出['PASS', 'PASS', 'PASS']， 最大动作为0号位打出的['Pair', 'Q', ['HQ', 'DQ']]
[22:34:00] [YFAdapter-P2] [INFO] [YF-P2] Decision context: myPos=2, curPos=1, greaterPos=0, teammate=0, curAction=[, actionList_size=1
[22:34:00] [YFAdapter-P2] [INFO] [YF-P2] Decided: action_index=0, action=['PASS', 'PASS', 'PASS']
[22:34:00] [yf2_v5] [INFO] 3号位打出['PASS', 'PASS', 'PASS']， 最大动作为0号位打出的['Pair', 'Q', ['HQ', 'DQ']]
[22:34:00] [yf2_v5] [INFO] 0号位打出['Pair', 'K', ['HK', 'CK']]， 最大动作为0号位打出的['Pair', 'K', ['HK', 'CK']]
[22:34:00] [yf2_v5] [INFO] 游戏开始, 我是3号位，手牌：['H2', 'H2', 'C2', 'S3', 'S3', 'H3', 'D3', 'H4', 'S6', 'H6', 'H6', 'C6', 'C7', 'S8', 'H9', 'HJ', 'DJ', 'SQ', 'HQ', 'CQ', 'SK', 'HK', 'SA', 'CA', 'DA', 'H5', 'HR']
[22:34:00] [YFAdapter-P2] [INFO] [YF-P2] Decision context: myPos=2, curPos=-1, greaterPos=-1, teammate=0, curAction=[, actionList_size=1
[22:34:00] [YFAdapter-P2] [INFO] [YF-P2] Decided: action_index=0, action=['tribute', 'tribute', [['H', 'R']]]
[22:34:00] [YFAdapter-P2] [INFO] [YF-P2] Decision context: myPos=2, curPos=-1, greaterPos=-1, teammate=0, curAction=[, actionList_size=1291
[22:34:00] [YFAdapter-P2] [INFO] [YF-P2] Decided: action_index=6, action=['Single', '4', [['H', '4']]]
[22:34:00] [yf2_v5] [INFO] 3号位打出['Single', '4', ['H4']]， 最大动作为3号位打出的['Single', '4', ['H4']]
[22:34:00] [yf2_v5] [INFO] 0号位打出['Single', 'J', ['SJ']]， 最大动作为0号位打出的['Single', 'J', ['SJ']]
[22:34:00] [yf2_v5] [INFO] 1号位打出['Single', 'Q', ['HQ']]， 最大动作为1号位打出的['Single', 'Q', ['HQ']]
[22:34:00] [yf2_v5] [INFO] 2号位打出['Single', '5', ['H5']]， 最大动作为2号位打出的['Single', '5', ['H5']]
[22:34:00] [YFAdapter-P2] [INFO] [YF-P2] Decision context: myPos=2, curPos=2, greaterPos=2, teammate=0, curAction=[, actionList_size=27
[22:34:00] [YFAdapter-P2] [INFO] [YF-P2] Decided: action_index=5, action=['Bomb', '3', [['S', '3'], ['S', '3'], ['C', '3'], ['H', '5']]]
[22:34:00] [yf2_v5] [INFO] 3号位打出['Bomb', '3', ['S3', 'S3', 'C3', 'H5']]， 最大动作为3号位打出的['Bomb', '3', ['S3', 'S3', 'C3', 'H5']]
[22:34:00] [yf2_v5] [INFO] 0号位打出['PASS', 'PASS', 'PASS']， 最大动作为3号位打出的['Bomb', '3', ['S3', 'S3', 'C3', 'H5']]
[22:34:00] [yf2_v5] [INFO] 1号位打出['Bomb', '9', ['S9', 'H9', 'C9', 'D9']]， 最大动作为1号位打出的['Bomb', '9', ['S9', 'H9', 'C9', 'D9']]
[22:34:00] [yf2_v5] [INFO] 2号位打出['PASS', 'PASS', 'PASS']， 最大动作为1号位打出的['Bomb', '9', ['S9', 'H9', 'C9', 'D9']]
[22:34:00] [YFAdapter-P2] [INFO] [YF-P2] Decision context: myPos=2, curPos=2, greaterPos=1, teammate=0, curAction=[, actionList_size=1
[22:34:00] [YFAdapter-P2] [INFO] [YF-P2] Decided: action_index=0, action=['PASS', 'PASS', 'PASS']
[22:34:00] [yf2_v5] [INFO] 3号位打出['PASS', 'PASS', 'PASS']， 最大动作为1号位打出的['Bomb', '9', ['S9', 'H9', 'C9', 'D9']]
[22:34:00] [yf2_v5] [INFO] 0号位打出['PASS', 'PASS', 'PASS']， 最大动作为1号位打出的['Bomb', '9', ['S9', 'H9', 'C9', 'D9']]
[22:34:00] [yf2_v5] [INFO] 1号位打出['ThreeWithTwo', '2', ['S2', 'C2', 'D2', 'H3', 'D3']]， 最大动作为1号位打出的['ThreeWithTwo', '2', ['S2', 'C2', 'D2', 'H3', 'D3']]
[22:34:00] [yf2_v5] [INFO] 2号位打出['ThreeWithTwo', 'J', ['SJ', 'CJ', 'CJ', 'S2', 'D2']]， 最大动作为2号位打出的['ThreeWithTwo', 'J', ['SJ', 'CJ', 'CJ', 'S2', 'D2']]
[22:34:00] [YFAdapter-P2] [INFO] [YF-P2] Decision context: myPos=2, curPos=2, greaterPos=2, teammate=0, curAction=[, actionList_size=26
[22:34:00] [YFAdapter-P2] [INFO] [YF-P2] Decided: action_index=14, action=['ThreeWithTwo', 'A', [['S', 'A'], ['C', 'A'], ['D', 'A'], ['H', '2'], ['H', '2']]]
[22:34:00] [yf2_v5] [INFO] 3号位打出['ThreeWithTwo', 'A', ['SA', 'CA', 'DA', 'H2', 'H2']]， 最大动作为3号位打出的['ThreeWithTwo', 'A', ['SA', 'CA', 'DA', 'H2', 'H2']]
[22:34:00] [yf2_v5] [INFO] 0号位打出['ThreeWithTwo', '5', ['S5', 'S5', 'C5', 'H4', 'D4']]， 最大动作为0号位打出的['ThreeWithTwo', '5', ['S5', 'S5', 'C5', 'H4', 'D4']]
[22:34:00] [yf2_v5] [INFO] 1号位打出['PASS', 'PASS', 'PASS']， 最大动作为0号位打出的['ThreeWithTwo', '5', ['S5', 'S5', 'C5', 'H4', 'D4']]
[22:34:00] [yf2_v5] [INFO] 2号位打出['PASS', 'PASS', 'PASS']， 最大动作为0号位打出的['ThreeWithTwo', '5', ['S5', 'S5', 'C5', 'H4', 'D4']]
[22:34:00] [YFAdapter-P2] [INFO] [YF-P2] Decision context: myPos=2, curPos=2, greaterPos=0, teammate=0, curAction=[, actionList_size=2
[22:34:00] [YFAdapter-P2] [INFO] [YF-P2] Decided: action_index=0, action=['PASS', 'PASS', 'PASS']
[22:34:00] [yf2_v5] [INFO] 3号位打出['PASS', 'PASS', 'PASS']， 最大动作为0号位打出的['ThreeWithTwo', '5', ['S5', 'S5', 'C5', 'H4', 'D4']]
[22:34:00] [yf2_v5] [INFO] 0号位打出['Single', '3', ['C3']]， 最大动作为0号位打出的['Single', '3', ['C3']]
[22:34:00] [yf2_v5] [INFO] 1号位打出['Single', '6', ['D6']]， 最大动作为1号位打出的['Single', '6', ['D6']]
[22:34:00] [yf2_v5] [INFO] 2号位打出['Single', '7', ['C7']]， 最大动作为2号位打出的['Single', '7', ['C7']]
[22:34:00] [YFAdapter-P2] [INFO] [YF-P2] Decision context: myPos=2, curPos=2, greaterPos=2, teammate=0, curAction=[, actionList_size=11
[22:34:00] [YFAdapter-P2] [INFO] [YF-P2] Decided: action_index=10, action=['Bomb', '6', [['S', '6'], ['H', '6'], ['H', '6'], ['C', '6']]]
[22:34:00] [yf2_v5] [INFO] 3号位打出['Bomb', '6', ['S6', 'H6', 'H6', 'C6']]， 最大动作为3号位打出的['Bomb', '6', ['S6', 'H6', 'H6', 'C6']]
[22:34:00] [yf2_v5] [INFO] 0号位打出['Bomb', '7', ['S7', 'H7', 'D7', 'D7']]， 最大动作为0号位打出的['Bomb', '7', ['S7', 'H7', 'D7', 'D7']]
[22:34:00] [yf2_v5] [INFO] 1号位打出['PASS', 'PASS', 'PASS']， 最大动作为0号位打出的['Bomb', '7', ['S7', 'H7', 'D7', 'D7']]
[22:34:00] [yf2_v5] [INFO] 2号位打出['PASS', 'PASS', 'PASS']， 最大动作为0号位打出的['Bomb', '7', ['S7', 'H7', 'D7', 'D7']]
[22:34:00] [YFAdapter-P2] [INFO] [YF-P2] Decision context: myPos=2, curPos=2, greaterPos=0, teammate=0, curAction=[, actionList_size=1
[22:34:00] [YFAdapter-P2] [INFO] [YF-P2] Decided: action_index=0, action=['PASS', 'PASS', 'PASS']
[22:34:00] [yf2_v5] [INFO] 3号位打出['PASS', 'PASS', 'PASS']， 最大动作为0号位打出的['Bomb', '7', ['S7', 'H7', 'D7', 'D7']]
[22:34:00] [yf2_v5] [INFO] 0号位打出['ThreeWithTwo', 'K', ['CK', 'CK', 'DK', 'S6', 'C6']]， 最大动作为0号位打出的['ThreeWithTwo', 'K', ['CK', 'CK', 'DK', 'S6', 'C6']]
[22:34:00] [yf2_v5] [INFO] 1号位打出['PASS', 'PASS', 'PASS']， 最大动作为0号位打出的['ThreeWithTwo', 'K', ['CK', 'CK', 'DK', 'S6', 'C6']]
[22:34:00] [yf2_v5] [INFO] 2号位打出['PASS', 'PASS', 'PASS']， 最大动作为0号位打出的['ThreeWithTwo', 'K', ['CK', 'CK', 'DK', 'S6', 'C6']]
[22:34:00] [YFAdapter-P2] [INFO] [YF-P2] Decision context: myPos=2, curPos=2, greaterPos=0, teammate=0, curAction=[, actionList_size=1
[22:34:00] [YFAdapter-P2] [INFO] [YF-P2] Decided: action_index=0, action=['PASS', 'PASS', 'PASS']
[22:34:00] [yf2_v5] [INFO] 3号位打出['PASS', 'PASS', 'PASS']， 最大动作为0号位打出的['ThreeWithTwo', 'K', ['CK', 'CK', 'DK', 'S6', 'C6']]
[22:34:00] [yf2_v5] [INFO] 0号位打出['Pair', '8', ['C8', 'D8']]， 最大动作为0号位打出的['Pair', '8', ['C8', 'D8']]
[22:34:00] [yf2_v5] [INFO] 1号位打出['Pair', 'Q', ['CQ', 'DQ']]， 最大动作为1号位打出的['Pair', 'Q', ['CQ', 'DQ']]
[22:34:00] [yf2_v5] [INFO] 2号位打出['Pair', 'A', ['HA', 'CA']]， 最大动作为2号位打出的['Pair', 'A', ['HA', 'CA']]
[22:34:00] [YFAdapter-P2] [INFO] [YF-P2] Decision context: myPos=2, curPos=2, greaterPos=2, teammate=0, curAction=[, actionList_size=1
[22:34:00] [YFAdapter-P2] [INFO] [YF-P2] Decided: action_index=0, action=['PASS', 'PASS', 'PASS']
[22:34:00] [yf2_v5] [INFO] 3号位打出['PASS', 'PASS', 'PASS']， 最大动作为2号位打出的['Pair', 'A', ['HA', 'CA']]
[22:34:00] [yf2_v5] [INFO] 0号位打出['PASS', 'PASS', 'PASS']， 最大动作为2号位打出的['Pair', 'A', ['HA', 'CA']]
[22:34:00] [yf2_v5] [INFO] 1号位打出['PASS', 'PASS', 'PASS']， 最大动作为2号位打出的['Pair', 'A', ['HA', 'CA']]
[22:34:00] [yf2_v5] [INFO] 2号位打出['Pair', '4', ['C4', 'C4']]， 最大动作为2号位打出的['Pair', '4', ['C4', 'C4']]
[22:34:00] [YFAdapter-P2] [INFO] [YF-P2] Decision context: myPos=2, curPos=2, greaterPos=2, teammate=0, curAction=[, actionList_size=6
[22:34:00] [YFAdapter-P2] [INFO] [YF-P2] Decided: action_index=5, action=['Pair', 'K', [['S', 'K'], ['H', 'K']]]
[22:34:00] [yf2_v5] [INFO] 3号位打出['Pair', 'K', ['SK', 'HK']]， 最大动作为3号位打出的['Pair', 'K', ['SK', 'HK']]
[22:34:00] [yf2_v5] [INFO] 0号位打出['PASS', 'PASS', 'PASS']， 最大动作为3号位打出的['Pair', 'K', ['SK', 'HK']]
[22:34:00] [yf2_v5] [INFO] 1号位打出['PASS', 'PASS', 'PASS']， 最大动作为3号位打出的['Pair', 'K', ['SK', 'HK']]
[22:34:00] [yf2_v5] [INFO] 2号位打出['Pair', '5', ['D5', 'D5']]， 最大动作为2号位打出的['Pair', '5', ['D5', 'D5']]
[22:34:00] [YFAdapter-P2] [INFO] [YF-P2] Decision context: myPos=2, curPos=2, greaterPos=2, teammate=0, curAction=[, actionList_size=1
[22:34:00] [YFAdapter-P2] [INFO] [YF-P2] Decided: action_index=0, action=['PASS', 'PASS', 'PASS']
[22:34:00] [yf2_v5] [INFO] 3号位打出['PASS', 'PASS', 'PASS']， 最大动作为2号位打出的['Pair', '5', ['D5', 'D5']]
[22:34:00] [yf2_v5] [INFO] 0号位打出['PASS', 'PASS', 'PASS']， 最大动作为2号位打出的['Pair', '5', ['D5', 'D5']]
[22:34:00] [yf2_v5] [INFO] 1号位打出['PASS', 'PASS', 'PASS']， 最大动作为2号位打出的['Pair', '5', ['D5', 'D5']]
[22:34:00] [yf2_v5] [INFO] 2号位打出['Pair', '8', ['S8', 'H8']]， 最大动作为2号位打出的['Pair', '8', ['S8', 'H8']]
[22:34:00] [YFAdapter-P2] [INFO] [YF-P2] Decision context: myPos=2, curPos=2, greaterPos=2, teammate=0, curAction=[, actionList_size=5
[22:34:00] [YFAdapter-P2] [INFO] [YF-P2] Decided: action_index=1, action=['Pair', 'J', [['H', 'J'], ['D', 'J']]]
[22:34:00] [yf2_v5] [INFO] 3号位打出['Pair', 'J', ['HJ', 'DJ']]， 最大动作为3号位打出的['Pair', 'J', ['HJ', 'DJ']]
[22:34:00] [yf2_v5] [INFO] 0号位打出['Pair', 'Q', ['SQ', 'DQ']]， 最大动作为0号位打出的['Pair', 'Q', ['SQ', 'DQ']]
[22:34:00] [yf2_v5] [INFO] 1号位打出['PASS', 'PASS', 'PASS']， 最大动作为0号位打出的['Pair', 'Q', ['SQ', 'DQ']]
[22:34:00] [yf2_v5] [INFO] 2号位打出['PASS', 'PASS', 'PASS']， 最大动作为0号位打出的['Pair', 'Q', ['SQ', 'DQ']]
[22:34:00] [YFAdapter-P2] [INFO] [YF-P2] Decision context: myPos=2, curPos=2, greaterPos=0, teammate=0, curAction=[, actionList_size=1
[22:34:00] [YFAdapter-P2] [INFO] [YF-P2] Decided: action_index=0, action=['PASS', 'PASS', 'PASS']
[22:34:00] [yf2_v5] [INFO] 3号位打出['PASS', 'PASS', 'PASS']， 最大动作为0号位打出的['Pair', 'Q', ['SQ', 'DQ']]
[22:34:00] [yf2_v5] [INFO] 0号位打出['ThreeWithTwo', 'A', ['SA', 'HA', 'DA', 'ST', 'HT']]， 最大动作为0号位打出的['ThreeWithTwo', 'A', ['SA', 'HA', 'DA', 'ST', 'HT']]
[22:34:01] [yf2_v5] [INFO] 1号位打出['PASS', 'PASS', 'PASS']， 最大动作为0号位打出的['ThreeWithTwo', 'A', ['SA', 'HA', 'DA', 'ST', 'HT']]
[22:34:01] [yf2_v5] [INFO] 2号位打出['PASS', 'PASS', 'PASS']， 最大动作为0号位打出的['ThreeWithTwo', 'A', ['SA', 'HA', 'DA', 'ST', 'HT']]
[22:34:01] [YFAdapter-P2] [INFO] [YF-P2] Decision context: myPos=2, curPos=2, greaterPos=0, teammate=0, curAction=[, actionList_size=1
[22:34:01] [YFAdapter-P2] [INFO] [YF-P2] Decided: action_index=0, action=['PASS', 'PASS', 'PASS']
[22:34:01] [yf2_v5] [INFO] 3号位打出['PASS', 'PASS', 'PASS']， 最大动作为0号位打出的['ThreeWithTwo', 'A', ['SA', 'HA', 'DA', 'ST', 'HT']]
[22:34:01] [yf2_v5] [INFO] 0号位打出['Single', 'B', ['SB']]， 最大动作为0号位打出的['Single', 'B', ['SB']]
[22:34:01] [yf2_v5] [INFO] 1号位打出['PASS', 'PASS', 'PASS']， 最大动作为0号位打出的['Single', 'B', ['SB']]
[22:34:01] [yf2_v5] [INFO] 2号位打出['PASS', 'PASS', 'PASS']， 最大动作为0号位打出的['Single', 'B', ['SB']]
[22:34:01] [YFAdapter-P2] [INFO] [YF-P2] Decision context: myPos=2, curPos=2, greaterPos=0, teammate=0, curAction=[, actionList_size=1
[22:34:01] [YFAdapter-P2] [INFO] [YF-P2] Decided: action_index=0, action=['PASS', 'PASS', 'PASS']
[22:34:01] [yf2_v5] [INFO] 3号位打出['PASS', 'PASS', 'PASS']， 最大动作为0号位打出的['Single', 'B', ['SB']]
[22:34:01] [yf2_v5] [INFO] 0号位打出['Single', 'R', ['HR']]， 最大动作为0号位打出的['Single', 'R', ['HR']]
[22:34:01] [yf2_v5] [INFO] 1号位打出['PASS', 'PASS', 'PASS']， 最大动作为0号位打出的['Single', 'R', ['HR']]
[22:34:01] [yf2_v5] [INFO] 2号位打出['PASS', 'PASS', 'PASS']， 最大动作为0号位打出的['Single', 'R', ['HR']]
[22:34:01] [yf2_v5] [INFO] 2号位打出['ThreeWithTwo', 'K', ['SK', 'HK', 'DK', 'S9', 'C9']]， 最大动作为2号位打出的['ThreeWithTwo', 'K', ['SK', 'HK', 'DK', 'S9', 'C9']]
[22:34:01] [YFAdapter-P2] [INFO] [YF-P2] Decision context: myPos=2, curPos=2, greaterPos=2, teammate=0, curAction=[, actionList_size=1
[22:34:01] [YFAdapter-P2] [INFO] [YF-P2] Decided: action_index=0, action=['PASS', 'PASS', 'PASS']
[22:34:01] [yf2_v5] [INFO] 3号位打出['PASS', 'PASS', 'PASS']， 最大动作为2号位打出的['ThreeWithTwo', 'K', ['SK', 'HK', 'DK', 'S9', 'C9']]
[22:34:01] [yf2_v5] [INFO] 1号位打出['PASS', 'PASS', 'PASS']， 最大动作为2号位打出的['ThreeWithTwo', 'K', ['SK', 'HK', 'DK', 'S9', 'C9']]
[22:34:01] [yf2_v5] [INFO] 2号位打出['Single', 'B', ['SB']]， 最大动作为2号位打出的['Single', 'B', ['SB']]
[22:34:01] [YFAdapter-P2] [INFO] [YF-P2] Decision context: myPos=2, curPos=2, greaterPos=2, teammate=0, curAction=[, actionList_size=1
[22:34:01] [YFAdapter-P2] [INFO] [YF-P2] Decided: action_index=0, action=['PASS', 'PASS', 'PASS']
[22:34:01] [yf2_v5] [INFO] 3号位打出['PASS', 'PASS', 'PASS']， 最大动作为2号位打出的['Single', 'B', ['SB']]
[22:34:01] [yf2_v5] [INFO] 1号位打出['PASS', 'PASS', 'PASS']， 最大动作为2号位打出的['Single', 'B', ['SB']]
[22:34:01] [yf2_v5] [INFO] 2号位打出['Single', 'R', ['HR']]， 最大动作为2号位打出的['Single', 'R', ['HR']]
[22:34:01] [YFAdapter-P2] [INFO] [YF-P2] Decision context: myPos=2, curPos=2, greaterPos=2, teammate=0, curAction=[, actionList_size=1
[22:34:01] [YFAdapter-P2] [INFO] [YF-P2] Decided: action_index=0, action=['PASS', 'PASS', 'PASS']
[22:34:01] [yf2_v5] [INFO] 3号位打出['PASS', 'PASS', 'PASS']， 最大动作为2号位打出的['Single', 'R', ['HR']]
[22:34:01] [yf2_v5] [INFO] 1号位打出['PASS', 'PASS', 'PASS']， 最大动作为2号位打出的['Single', 'R', ['HR']]
[22:34:01] [yf2_v5] [INFO] 2号位打出['Bomb', 'T', ['ST', 'HT', 'CT', 'DT', 'DT']]， 最大动作为2号位打出的['Bomb', 'T', ['ST', 'HT', 'CT', 'DT', 'DT']]
[22:34:01] [yf2_v5] [INFO] 游戏开始, 我是3号位，手牌：['S2', 'C2', 'H3', 'H3', 'C3', 'D3', 'H4', 'D4', 'D4', 'S5', 'C5', 'S6', 'H6', 'S7', 'C7', 'D7', 'S9', 'D9', 'ST', 'HT', 'CJ', 'SQ', 'DQ', 'SA', 'HA', 'CA', 'C8']
[22:34:01] [YFAdapter-P2] [INFO] [YF-P2] Decision context: myPos=2, curPos=-1, greaterPos=-1, teammate=0, curAction=[, actionList_size=1
[22:34:01] [YFAdapter-P2] [INFO] [YF-P2] Decided: action_index=0, action=['tribute', 'tribute', [['C', '8']]]
[22:34:01] [YFAdapter-P2] [INFO] [YF-P2] Decision context: myPos=2, curPos=-1, greaterPos=-1, teammate=0, curAction=[, actionList_size=400
[22:34:01] [YFAdapter-P2] [INFO] [YF-P2] Decided: action_index=0, action=['Single', '2', [['S', '2']]]
[22:34:01] [yf2_v5] [INFO] 3号位打出['Single', '2', ['S2']]， 最大动作为3号位打出的['Single', '2', ['S2']]
[22:34:01] [yf2_v5] [INFO] 0号位打出['Single', '7', ['D7']]， 最大动作为0号位打出的['Single', '7', ['D7']]
[22:34:01] [yf2_v5] [INFO] 1号位打出['Bomb', 'T', ['HT', 'CT', 'DT', 'DT']]， 最大动作为1号位打出的['Bomb', 'T', ['HT', 'CT', 'DT', 'DT']]
[22:34:01] [yf2_v5] [INFO] 2号位打出['PASS', 'PASS', 'PASS']， 最大动作为1号位打出的['Bomb', 'T', ['HT', 'CT', 'DT', 'DT']]
[22:34:01] [YFAdapter-P2] [INFO] [YF-P2] Decision context: myPos=2, curPos=2, greaterPos=1, teammate=0, curAction=[, actionList_size=1
[22:34:01] [YFAdapter-P2] [INFO] [YF-P2] Decided: action_index=0, action=['PASS', 'PASS', 'PASS']
[22:34:01] [yf2_v5] [INFO] 3号位打出['PASS', 'PASS', 'PASS']， 最大动作为1号位打出的['Bomb', 'T', ['HT', 'CT', 'DT', 'DT']]
[22:34:01] [yf2_v5] [INFO] 0号位打出['PASS', 'PASS', 'PASS']， 最大动作为1号位打出的['Bomb', 'T', ['HT', 'CT', 'DT', 'DT']]
[22:34:01] [yf2_v5] [INFO] 1号位打出['Single', '3', ['S3']]， 最大动作为1号位打出的['Single', '3', ['S3']]
[22:34:01] [yf2_v5] [INFO] 2号位打出['Single', '6', ['D6']]， 最大动作为2号位打出的['Single', '6', ['D6']]
[22:34:01] [YFAdapter-P2] [INFO] [YF-P2] Decision context: myPos=2, curPos=2, greaterPos=2, teammate=0, curAction=[, actionList_size=15
[22:34:01] [YFAdapter-P2] [INFO] [YF-P2] Decided: action_index=14, action=['Bomb', '3', [['H', '3'], ['H', '3'], ['C', '3'], ['D', '3']]]
[22:34:01] [yf2_v5] [INFO] 3号位打出['Bomb', '3', ['H3', 'H3', 'C3', 'D3']]， 最大动作为3号位打出的['Bomb', '3', ['H3', 'H3', 'C3', 'D3']]
[22:34:01] [yf2_v5] [INFO] 0号位打出['PASS', 'PASS', 'PASS']， 最大动作为3号位打出的['Bomb', '3', ['H3', 'H3', 'C3', 'D3']]
[22:34:01] [yf2_v5] [INFO] 1号位打出['PASS', 'PASS', 'PASS']， 最大动作为3号位打出的['Bomb', '3', ['H3', 'H3', 'C3', 'D3']]
[22:34:01] [yf2_v5] [INFO] 2号位打出['PASS', 'PASS', 'PASS']， 最大动作为3号位打出的['Bomb', '3', ['H3', 'H3', 'C3', 'D3']]
[22:34:01] [YFAdapter-P2] [INFO] [YF-P2] Decision context: myPos=2, curPos=-1, greaterPos=-1, teammate=0, curAction=[, actionList_size=94
[22:34:01] [YFAdapter-P2] [INFO] [YF-P2] Decided: action_index=0, action=['Single', '2', [['C', '2']]]
[22:34:01] [yf2_v5] [INFO] 3号位打出['Single', '2', ['C2']]， 最大动作为3号位打出的['Single', '2', ['C2']]
[22:34:01] [yf2_v5] [INFO] 0号位打出['Single', 'T', ['CT']]， 最大动作为0号位打出的['Single', 'T', ['CT']]
[22:34:01] [yf2_v5] [INFO] 1号位打出['Single', 'J', ['HJ']]， 最大动作为1号位打出的['Single', 'J', ['HJ']]
[22:34:01] [yf2_v5] [INFO] 2号位打出['Single', '8', ['S8']]， 最大动作为2号位打出的['Single', '8', ['S8']]
[22:34:01] [YFAdapter-P2] [INFO] [YF-P2] Decision context: myPos=2, curPos=2, greaterPos=2, teammate=0, curAction=[, actionList_size=1
[22:34:01] [YFAdapter-P2] [INFO] [YF-P2] Decided: action_index=0, action=['PASS', 'PASS', 'PASS']
[22:34:01] [yf2_v5] [INFO] 3号位打出['PASS', 'PASS', 'PASS']， 最大动作为2号位打出的['Single', '8', ['S8']]
[22:34:01] [yf2_v5] [INFO] 0号位打出['PASS', 'PASS', 'PASS']， 最大动作为2号位打出的['Single', '8', ['S8']]
[22:34:01] [yf2_v5] [INFO] 1号位打出['PASS', 'PASS', 'PASS']， 最大动作为2号位打出的['Single', '8', ['S8']]
[22:34:01] [yf2_v5] [INFO] 2号位打出['ThreeWithTwo', '7', ['S7', 'H7', 'H7', 'H2', 'C2']]， 最大动作为2号位打出的['ThreeWithTwo', '7', ['S7', 'H7', 'H7', 'H2', 'C2']]
[22:34:01] [YFAdapter-P2] [INFO] [YF-P2] Decision context: myPos=2, curPos=2, greaterPos=2, teammate=0, curAction=[, actionList_size=12
[22:34:01] [YFAdapter-P2] [INFO] [YF-P2] Decided: action_index=5, action=['ThreeWithTwo', 'A', [['S', 'A'], ['H', 'A'], ['C', 'A'], ['S', '6'], ['H', '6']]]
[22:34:01] [yf2_v5] [INFO] 3号位打出['ThreeWithTwo', 'A', ['SA', 'HA', 'CA', 'S6', 'H6']]， 最大动作为3号位打出的['ThreeWithTwo', 'A', ['SA', 'HA', 'CA', 'S6', 'H6']]
[22:34:01] [yf2_v5] [INFO] 0号位打出['PASS', 'PASS', 'PASS']， 最大动作为3号位打出的['ThreeWithTwo', 'A', ['SA', 'HA', 'CA', 'S6', 'H6']]
[22:34:01] [yf2_v5] [INFO] 1号位打出['Bomb', '2', ['S2', 'H2', 'D2', 'D2']]， 最大动作为1号位打出的['Bomb', '2', ['S2', 'H2', 'D2', 'D2']]
[22:34:01] [yf2_v5] [INFO] 2号位打出['Bomb', 'K', ['SK', 'CK', 'CK', 'H8']]， 最大动作为2号位打出的['Bomb', 'K', ['SK', 'CK', 'CK', 'H8']]
[22:34:01] [YFAdapter-P2] [INFO] [YF-P2] Decision context: myPos=2, curPos=2, greaterPos=2, teammate=0, curAction=[, actionList_size=1
[22:34:01] [YFAdapter-P2] [INFO] [YF-P2] Decided: action_index=0, action=['PASS', 'PASS', 'PASS']
[22:34:01] [yf2_v5] [INFO] 3号位打出['PASS', 'PASS', 'PASS']， 最大动作为2号位打出的['Bomb', 'K', ['SK', 'CK', 'CK', 'H8']]
[22:34:01] [yf2_v5] [INFO] 0号位打出['PASS', 'PASS', 'PASS']， 最大动作为2号位打出的['Bomb', 'K', ['SK', 'CK', 'CK', 'H8']]
[22:34:01] [yf2_v5] [INFO] 1号位打出['PASS', 'PASS', 'PASS']， 最大动作为2号位打出的['Bomb', 'K', ['SK', 'CK', 'CK', 'H8']]
[22:34:01] [yf2_v5] [INFO] 2号位打出['Trips', '9', ['H9', 'C9', 'D9']]， 最大动作为2号位打出的['Trips', '9', ['H9', 'C9', 'D9']]
[22:34:01] [YFAdapter-P2] [INFO] [YF-P2] Decision context: myPos=2, curPos=2, greaterPos=2, teammate=0, curAction=[, actionList_size=1
[22:34:01] [YFAdapter-P2] [INFO] [YF-P2] Decided: action_index=0, action=['PASS', 'PASS', 'PASS']
[22:34:01] [yf2_v5] [INFO] 3号位打出['PASS', 'PASS', 'PASS']， 最大动作为2号位打出的['Trips', '9', ['H9', 'C9', 'D9']]
[22:34:01] [yf2_v5] [INFO] 0号位打出['PASS', 'PASS', 'PASS']， 最大动作为2号位打出的['Trips', '9', ['H9', 'C9', 'D9']]
[22:34:01] [yf2_v5] [INFO] 1号位打出['PASS', 'PASS', 'PASS']， 最大动作为2号位打出的['Trips', '9', ['H9', 'C9', 'D9']]
[22:34:01] [yf2_v5] [INFO] 2号位打出['ThreeWithTwo', 'J', ['SJ', 'CJ', 'DJ', 'HA', 'CA']]， 最大动作为2号位打出的['ThreeWithTwo', 'J', ['SJ', 'CJ', 'DJ', 'HA', 'CA']]
[22:34:01] [YFAdapter-P2] [INFO] [YF-P2] Decision context: myPos=2, curPos=2, greaterPos=2, teammate=0, curAction=[, actionList_size=1
[22:34:01] [YFAdapter-P2] [INFO] [YF-P2] Decided: action_index=0, action=['PASS', 'PASS', 'PASS']
[22:34:01] [yf2_v5] [INFO] 3号位打出['PASS', 'PASS', 'PASS']， 最大动作为2号位打出的['ThreeWithTwo', 'J', ['SJ', 'CJ', 'DJ', 'HA', 'CA']]
[22:34:01] [yf2_v5] [INFO] 0号位打出['PASS', 'PASS', 'PASS']， 最大动作为2号位打出的['ThreeWithTwo', 'J', ['SJ', 'CJ', 'DJ', 'HA', 'CA']]
[22:34:01] [yf2_v5] [INFO] 1号位打出['PASS', 'PASS', 'PASS']， 最大动作为2号位打出的['ThreeWithTwo', 'J', ['SJ', 'CJ', 'DJ', 'HA', 'CA']]
[22:34:01] [yf2_v5] [INFO] 2号位打出['Single', 'K', ['DK']]， 最大动作为2号位打出的['Single', 'K', ['DK']]
[22:34:01] [YFAdapter-P2] [INFO] [YF-P2] Decision context: myPos=2, curPos=2, greaterPos=2, teammate=0, curAction=[, actionList_size=1
[22:34:01] [YFAdapter-P2] [INFO] [YF-P2] Decided: action_index=0, action=['PASS', 'PASS', 'PASS']
[22:34:01] [yf2_v5] [INFO] 3号位打出['PASS', 'PASS', 'PASS']， 最大动作为2号位打出的['Single', 'K', ['DK']]
[22:34:01] [yf2_v5] [INFO] 0号位打出['Single', '8', ['S8']]， 最大动作为0号位打出的['Single', '8', ['S8']]
[22:34:01] [yf2_v5] [INFO] 1号位打出['PASS', 'PASS', 'PASS']， 最大动作为0号位打出的['Single', '8', ['S8']]
[22:34:01] [yf2_v5] [INFO] 2号位打出['PASS', 'PASS', 'PASS']， 最大动作为0号位打出的['Single', '8', ['S8']]
[22:34:01] [YFAdapter-P2] [INFO] [YF-P2] Decision context: myPos=2, curPos=2, greaterPos=0, teammate=0, curAction=[, actionList_size=1
[22:34:01] [YFAdapter-P2] [INFO] [YF-P2] Decided: action_index=0, action=['PASS', 'PASS', 'PASS']
[22:34:01] [yf2_v5] [INFO] 3号位打出['PASS', 'PASS', 'PASS']， 最大动作为0号位打出的['Single', '8', ['S8']]
[22:34:01] [yf2_v5] [INFO] 0号位打出['Single', '3', ['S3']]， 最大动作为0号位打出的['Single', '3', ['S3']]
[22:34:01] [yf2_v5] [INFO] 1号位打出['Single', 'A', ['DA']]， 最大动作为1号位打出的['Single', 'A', ['DA']]
[22:34:01] [yf2_v5] [INFO] 2号位打出['Single', '8', ['H8']]， 最大动作为2号位打出的['Single', '8', ['H8']]
[22:34:01] [YFAdapter-P2] [INFO] [YF-P2] Decision context: myPos=2, curPos=2, greaterPos=2, teammate=0, curAction=[, actionList_size=1
[22:34:01] [YFAdapter-P2] [INFO] [YF-P2] Decided: action_index=0, action=['PASS', 'PASS', 'PASS']
[22:34:01] [yf2_v5] [INFO] 3号位打出['PASS', 'PASS', 'PASS']， 最大动作为2号位打出的['Single', '8', ['H8']]
[22:34:01] [yf2_v5] [INFO] 0号位打出['PASS', 'PASS', 'PASS']， 最大动作为2号位打出的['Single', '8', ['H8']]
[22:34:01] [yf2_v5] [INFO] 1号位打出['PASS', 'PASS', 'PASS']， 最大动作为2号位打出的['Single', '8', ['H8']]
[22:34:01] [yf2_v5] [INFO] 2号位打出['Single', 'B', ['SB']]， 最大动作为2号位打出的['Single', 'B', ['SB']]
[22:34:01] [YFAdapter-P2] [INFO] [YF-P2] Decision context: myPos=2, curPos=2, greaterPos=2, teammate=0, curAction=[, actionList_size=1
[22:34:01] [YFAdapter-P2] [INFO] [YF-P2] Decided: action_index=0, action=['PASS', 'PASS', 'PASS']
[22:34:01] [yf2_v5] [INFO] 3号位打出['PASS', 'PASS', 'PASS']， 最大动作为2号位打出的['Single', 'B', ['SB']]
[22:34:01] [yf2_v5] [INFO] 0号位打出['PASS', 'PASS', 'PASS']， 最大动作为2号位打出的['Single', 'B', ['SB']]
[22:34:01] [yf2_v5] [INFO] 1号位打出['PASS', 'PASS', 'PASS']， 最大动作为2号位打出的['Single', 'B', ['SB']]
[22:34:01] [yf2_v5] [INFO] 2号位打出['Single', 'R', ['HR']]， 最大动作为2号位打出的['Single', 'R', ['HR']]
[22:34:01] [YFAdapter-P2] [INFO] [YF-P2] Decision context: myPos=2, curPos=2, greaterPos=2, teammate=0, curAction=[, actionList_size=1
[22:34:01] [YFAdapter-P2] [INFO] [YF-P2] Decided: action_index=0, action=['PASS', 'PASS', 'PASS']
[22:34:01] [yf2_v5] [INFO] 3号位打出['PASS', 'PASS', 'PASS']， 最大动作为2号位打出的['Single', 'R', ['HR']]
[22:34:01] [yf2_v5] [INFO] 0号位打出['PASS', 'PASS', 'PASS']， 最大动作为2号位打出的['Single', 'R', ['HR']]
[22:34:01] [yf2_v5] [INFO] 1号位打出['PASS', 'PASS', 'PASS']， 最大动作为2号位打出的['Single', 'R', ['HR']]
[22:34:01] [yf2_v5] [INFO] 2号位打出['Bomb', '8', ['C8', 'C8', 'D8', 'D8']]， 最大动作为2号位打出的['Bomb', '8', ['C8', 'C8', 'D8', 'D8']]
[22:34:01] [YFAdapter-P2] [INFO] [YF-P2] Decision context: myPos=2, curPos=2, greaterPos=2, teammate=0, curAction=[, actionList_size=1
[22:34:01] [YFAdapter-P2] [INFO] [YF-P2] Decided: action_index=0, action=['PASS', 'PASS', 'PASS']
[22:34:01] [yf2_v5] [INFO] 3号位打出['PASS', 'PASS', 'PASS']， 最大动作为2号位打出的['Bomb', '8', ['C8', 'C8', 'D8', 'D8']]
[22:34:01] [yf2_v5] [INFO] 0号位打出['PASS', 'PASS', 'PASS']， 最大动作为2号位打出的['Bomb', '8', ['C8', 'C8', 'D8', 'D8']]
[22:34:01] [yf2_v5] [INFO] 0号位打出['Pair', '5', ['H5', 'D5']]， 最大动作为0号位打出的['Pair', '5', ['H5', 'D5']]
[22:34:01] [yf2_v5] [INFO] 1号位打出['PASS', 'PASS', 'PASS']， 最大动作为0号位打出的['Pair', '5', ['H5', 'D5']]
[22:34:01] [YFAdapter-P2] [INFO] [YF-P2] Decision context: myPos=2, curPos=1, greaterPos=0, teammate=0, curAction=[, actionList_size=7
[22:34:01] [YFAdapter-P2] [INFO] [YF-P2] Decided: action_index=0, action=['PASS', 'PASS', 'PASS']
[22:34:01] [yf2_v5] [INFO] 3号位打出['Pair', 'Q', ['SQ', 'DQ']]， 最大动作为3号位打出的['Pair', 'Q', ['SQ', 'DQ']]
[22:34:01] [yf2_v5] [INFO] 0号位打出['Pair', 'K', ['HK', 'DK']]， 最大动作为0号位打出的['Pair', 'K', ['HK', 'DK']]
[22:34:01] [yf2_v5] [INFO] 1号位打出['PASS', 'PASS', 'PASS']， 最大动作为0号位打出的['Pair', 'K', ['HK', 'DK']]
[22:34:01] [YFAdapter-P2] [INFO] [YF-P2] Decision context: myPos=2, curPos=1, greaterPos=0, teammate=0, curAction=[, actionList_size=1
[22:34:01] [YFAdapter-P2] [INFO] [YF-P2] Decided: action_index=0, action=['PASS', 'PASS', 'PASS']
[22:34:01] [yf2_v5] [INFO] 3号位打出['PASS', 'PASS', 'PASS']， 最大动作为0号位打出的['Pair', 'K', ['HK', 'DK']]
[22:34:01] [yf2_v5] [INFO] 0号位打出['Pair', '6', ['H6', 'C6']]， 最大动作为0号位打出的['Pair', '6', ['H6', 'C6']]
[22:34:01] [yf2_v5] [INFO] 1号位打出['Pair', 'K', ['SK', 'HK']]， 最大动作为1号位打出的['Pair', 'K', ['SK', 'HK']]
[22:34:01] [YFAdapter-P2] [INFO] [YF-P2] Decision context: myPos=2, curPos=1, greaterPos=1, teammate=0, curAction=[, actionList_size=1
[22:34:01] [YFAdapter-P2] [INFO] [YF-P2] Decided: action_index=0, action=['PASS', 'PASS', 'PASS']
[22:34:01] [yf2_v5] [INFO] 3号位打出['PASS', 'PASS', 'PASS']， 最大动作为1号位打出的['Pair', 'K', ['SK', 'HK']]
[22:34:01] [yf2_v5] [INFO] 0号位打出['Pair', 'A', ['SA', 'DA']]， 最大动作为0号位打出的['Pair', 'A', ['SA', 'DA']]
[22:34:01] [yf2_v5] [INFO] 1号位打出['PASS', 'PASS', 'PASS']， 最大动作为0号位打出的['Pair', 'A', ['SA', 'DA']]
[22:34:01] [YFAdapter-P2] [INFO] [YF-P2] Decision context: myPos=2, curPos=1, greaterPos=0, teammate=0, curAction=[, actionList_size=1
[22:34:01] [YFAdapter-P2] [INFO] [YF-P2] Decided: action_index=0, action=['PASS', 'PASS', 'PASS']
[22:34:01] [yf2_v5] [INFO] 3号位打出['PASS', 'PASS', 'PASS']， 最大动作为0号位打出的['Pair', 'A', ['SA', 'DA']]
[22:34:01] [yf2_v5] [INFO] 0号位打出['Pair', '9', ['H9', 'C9']]， 最大动作为0号位打出的['Pair', '9', ['H9', 'C9']]
[22:34:01] [yf2_v5] [INFO] 1号位打出['Pair', 'Q', ['HQ', 'DQ']]， 最大动作为1号位打出的['Pair', 'Q', ['HQ', 'DQ']]
[22:34:01] [YFAdapter-P2] [INFO] [YF-P2] Decision context: myPos=2, curPos=1, greaterPos=1, teammate=0, curAction=[, actionList_size=1
[22:34:01] [YFAdapter-P2] [INFO] [YF-P2] Decided: action_index=0, action=['PASS', 'PASS', 'PASS']
[22:34:01] [yf2_v5] [INFO] 3号位打出['PASS', 'PASS', 'PASS']， 最大动作为1号位打出的['Pair', 'Q', ['HQ', 'DQ']]
[22:34:01] [yf2_v5] [INFO] 0号位打出['Bomb', 'Q', ['SQ', 'HQ', 'CQ', 'CQ']]， 最大动作为0号位打出的['Bomb', 'Q', ['SQ', 'HQ', 'CQ', 'CQ']]
[22:34:01] [yf2_v5] [INFO] 1号位打出['PASS', 'PASS', 'PASS']， 最大动作为0号位打出的['Bomb', 'Q', ['SQ', 'HQ', 'CQ', 'CQ']]
[22:34:01] [YFAdapter-P2] [INFO] [YF-P2] Decision context: myPos=2, curPos=1, greaterPos=0, teammate=0, curAction=[, actionList_size=1
[22:34:01] [YFAdapter-P2] [INFO] [YF-P2] Decided: action_index=0, action=['PASS', 'PASS', 'PASS']
[22:34:01] [yf2_v5] [INFO] 3号位打出['PASS', 'PASS', 'PASS']， 最大动作为0号位打出的['Bomb', 'Q', ['SQ', 'HQ', 'CQ', 'CQ']]
[22:34:01] [yf2_v5] [INFO] 0号位打出['ThreeWithTwo', '4', ['S4', 'H4', 'C4', 'C3', 'D3']]， 最大动作为0号位打出的['ThreeWithTwo', '4', ['S4', 'H4', 'C4', 'C3', 'D3']]
[22:34:01] [yf2_v5] [INFO] 1号位打出['ThreeWithTwo', '6', ['S6', 'C6', 'D6', 'C5', 'D5']]， 最大动作为1号位打出的['ThreeWithTwo', '6', ['S6', 'C6', 'D6', 'C5', 'D5']]
[22:34:01] [YFAdapter-P2] [INFO] [YF-P2] Decision context: myPos=2, curPos=1, greaterPos=1, teammate=0, curAction=[, actionList_size=7
[22:34:01] [YFAdapter-P2] [INFO] [YF-P2] Decided: action_index=0, action=['PASS', 'PASS', 'PASS']
[22:34:01] [yf2_v5] [INFO] 3号位打出['ThreeWithTwo', '7', ['S7', 'C7', 'D7', 'H4', 'D4']]， 最大动作为3号位打出的['ThreeWithTwo', '7', ['S7', 'C7', 'D7', 'H4', 'D4']]
[22:34:01] [yf2_v5] [INFO] 0号位打出['PASS', 'PASS', 'PASS']， 最大动作为3号位打出的['ThreeWithTwo', '7', ['S7', 'C7', 'D7', 'H4', 'D4']]
[22:34:01] [yf2_v5] [INFO] 1号位打出['PASS', 'PASS', 'PASS']， 最大动作为3号位打出的['ThreeWithTwo', '7', ['S7', 'C7', 'D7', 'H4', 'D4']]
[22:34:01] [YFAdapter-P2] [INFO] [YF-P2] Decision context: myPos=2, curPos=-1, greaterPos=-1, teammate=0, curAction=[, actionList_size=15
[22:34:01] [YFAdapter-P2] [INFO] [YF-P2] Decided: action_index=0, action=['Single', '4', [['D', '4']]]
[22:34:01] [yf2_v5] [INFO] 3号位打出['Single', '4', ['D4']]， 最大动作为3号位打出的['Single', '4', ['D4']]
[22:34:01] [yf2_v5] [INFO] 0号位打出['Single', 'B', ['SB']]， 最大动作为0号位打出的['Single', 'B', ['SB']]
[22:34:01] [yf2_v5] [INFO] 1号位打出['PASS', 'PASS', 'PASS']， 最大动作为0号位打出的['Single', 'B', ['SB']]
[22:34:01] [YFAdapter-P2] [INFO] [YF-P2] Decision context: myPos=2, curPos=1, greaterPos=0, teammate=0, curAction=[, actionList_size=1
[22:34:01] [YFAdapter-P2] [INFO] [YF-P2] Decided: action_index=0, action=['PASS', 'PASS', 'PASS']
[22:34:01] [yf2_v5] [INFO] 3号位打出['PASS', 'PASS', 'PASS']， 最大动作为0号位打出的['Single', 'B', ['SB']]
[22:34:01] [yf2_v5] [INFO] 0号位打出['Pair', 'J', ['HJ', 'DJ']]， 最大动作为0号位打出的['Pair', 'J', ['HJ', 'DJ']]
[22:34:01] [yf2_v5] [INFO] 1号位打出['PASS', 'PASS', 'PASS']， 最大动作为0号位打出的['Pair', 'J', ['HJ', 'DJ']]
[22:34:01] [YFAdapter-P2] [INFO] [YF-P2] Decision context: myPos=2, curPos=1, greaterPos=0, teammate=0, curAction=[, actionList_size=1
[22:34:01] [YFAdapter-P2] [INFO] [YF-P2] Decided: action_index=0, action=['PASS', 'PASS', 'PASS']
[22:34:01] [yf2_v5] [INFO] 3号位打出['PASS', 'PASS', 'PASS']， 最大动作为0号位打出的['Pair', 'J', ['HJ', 'DJ']]
[22:34:01] [yf2_v5] [INFO] 0号位打出['Single', 'R', ['HR']]， 最大动作为0号位打出的['Single', 'R', ['HR']]
[22:34:01] [yf2_v5] [INFO] 游戏开始, 我是3号位，手牌：['H2', 'S3', 'D3', 'S4', 'H4', 'C4', 'D4', 'C5', 'S6', 'H6', 'C6', 'D6', 'D6', 'H7', 'S8', 'S9', 'C9', 'ST', 'SK', 'CK', 'CK', 'HA', 'CA', 'SJ', 'CJ', 'DJ', 'HR']
[22:34:01] [YFAdapter-P2] [INFO] [YF-P2] Decision context: myPos=2, curPos=-1, greaterPos=-1, teammate=0, curAction=[, actionList_size=1
[22:34:01] [YFAdapter-P2] [INFO] [YF-P2] Decided: action_index=0, action=['tribute', 'tribute', [['H', 'R']]]
[22:34:01] [YFAdapter-P2] [INFO] [YF-P2] Decision context: myPos=2, curPos=-1, greaterPos=-1, teammate=0, curAction=[, actionList_size=439
[22:34:01] [YFAdapter-P2] [INFO] [YF-P2] Decided: action_index=0, action=['Single', '2', [['H', '2']]]
[22:34:01] [yf2_v5] [INFO] 3号位打出['Single', '2', ['H2']]， 最大动作为3号位打出的['Single', '2', ['H2']]
[22:34:01] [yf2_v5] [INFO] 0号位打出['Single', 'B', ['SB']]， 最大动作为0号位打出的['Single', 'B', ['SB']]
[22:34:01] [yf2_v5] [INFO] 1号位打出['Bomb', '2', ['H2', 'C2', 'D2', 'D2', 'HJ', 'HJ']]， 最大动作为1号位打出的['Bomb', '2', ['H2', 'C2', 'D2', 'D2', 'HJ', 'HJ']]
[22:34:01] [yf2_v5] [INFO] 2号位打出['PASS', 'PASS', 'PASS']， 最大动作为1号位打出的['Bomb', '2', ['H2', 'C2', 'D2', 'D2', 'HJ', 'HJ']]
[22:34:01] [YFAdapter-P2] [INFO] [YF-P2] Decision context: myPos=2, curPos=2, greaterPos=1, teammate=0, curAction=[, actionList_size=1
[22:34:01] [YFAdapter-P2] [INFO] [YF-P2] Decided: action_index=0, action=['PASS', 'PASS', 'PASS']
[22:34:01] [yf2_v5] [INFO] 3号位打出['PASS', 'PASS', 'PASS']， 最大动作为1号位打出的['Bomb', '2', ['H2', 'C2', 'D2', 'D2', 'HJ', 'HJ']]
[22:34:01] [yf2_v5] [INFO] 0号位打出['PASS', 'PASS', 'PASS']， 最大动作为1号位打出的['Bomb', '2', ['H2', 'C2', 'D2', 'D2', 'HJ', 'HJ']]
[22:34:01] [yf2_v5] [INFO] 1号位打出['Single', '2', ['S2']]， 最大动作为1号位打出的['Single', '2', ['S2']]
[22:34:01] [yf2_v5] [INFO] 2号位打出['Single', 'Q', ['CQ']]， 最大动作为2号位打出的['Single', 'Q', ['CQ']]
[22:34:01] [YFAdapter-P2] [INFO] [YF-P2] Decision context: myPos=2, curPos=2, greaterPos=2, teammate=0, curAction=[, actionList_size=18
[22:34:01] [YFAdapter-P2] [INFO] [YF-P2] Decided: action_index=6, action=['Single', 'J', [['C', 'J']]]
[22:34:01] [yf2_v5] [INFO] 3号位打出['Single', 'J', ['CJ']]， 最大动作为3号位打出的['Single', 'J', ['CJ']]
[22:34:01] [yf2_v5] [INFO] 0号位打出['Single', 'R', ['HR']]， 最大动作为0号位打出的['Single', 'R', ['HR']]
[22:34:01] [yf2_v5] [INFO] 1号位打出['Bomb', '9', ['S9', 'H9', 'H9', 'C9', 'D9']]， 最大动作为1号位打出的['Bomb', '9', ['S9', 'H9', 'H9', 'C9', 'D9']]
[22:34:01] [yf2_v5] [INFO] 2号位打出['PASS', 'PASS', 'PASS']， 最大动作为1号位打出的['Bomb', '9', ['S9', 'H9', 'H9', 'C9', 'D9']]
[22:34:01] [YFAdapter-P2] [INFO] [YF-P2] Decision context: myPos=2, curPos=2, greaterPos=1, teammate=0, curAction=[, actionList_size=1
[22:34:01] [YFAdapter-P2] [INFO] [YF-P2] Decided: action_index=0, action=['PASS', 'PASS', 'PASS']
[22:34:01] [yf2_v5] [INFO] 3号位打出['PASS', 'PASS', 'PASS']， 最大动作为1号位打出的['Bomb', '9', ['S9', 'H9', 'H9', 'C9', 'D9']]
[22:34:01] [yf2_v5] [INFO] 0号位打出['PASS', 'PASS', 'PASS']， 最大动作为1号位打出的['Bomb', '9', ['S9', 'H9', 'H9', 'C9', 'D9']]
[22:34:01] [yf2_v5] [INFO] 1号位打出['Single', '4', ['H4']]， 最大动作为1号位打出的['Single', '4', ['H4']]
[22:34:01] [yf2_v5] [INFO] 2号位打出['Single', 'J', ['SJ']]， 最大动作为2号位打出的['Single', 'J', ['SJ']]
[22:34:01] [YFAdapter-P2] [INFO] [YF-P2] Decision context: myPos=2, curPos=2, greaterPos=2, teammate=0, curAction=[, actionList_size=11
[22:34:01] [YFAdapter-P2] [INFO] [YF-P2] Decided: action_index=4, action=['Bomb', '4', [['S', '4'], ['H', '4'], ['C', '4'], ['D', '4']]]
[22:34:01] [yf2_v5] [INFO] 3号位打出['Bomb', '4', ['S4', 'H4', 'C4', 'D4']]， 最大动作为3号位打出的['Bomb', '4', ['S4', 'H4', 'C4', 'D4']]
[22:34:01] [yf2_v5] [INFO] 0号位打出['PASS', 'PASS', 'PASS']， 最大动作为3号位打出的['Bomb', '4', ['S4', 'H4', 'C4', 'D4']]
[22:34:01] [yf2_v5] [INFO] 1号位打出['Bomb', 'Q', ['SQ', 'SQ', 'HQ', 'CQ']]， 最大动作为1号位打出的['Bomb', 'Q', ['SQ', 'SQ', 'HQ', 'CQ']]
[22:34:01] [yf2_v5] [INFO] 2号位打出['PASS', 'PASS', 'PASS']， 最大动作为1号位打出的['Bomb', 'Q', ['SQ', 'SQ', 'HQ', 'CQ']]
[22:34:01] [YFAdapter-P2] [INFO] [YF-P2] Decision context: myPos=2, curPos=2, greaterPos=1, teammate=0, curAction=[, actionList_size=2
[22:34:01] [YFAdapter-P2] [INFO] [YF-P2] Decided: action_index=0, action=['PASS', 'PASS', 'PASS']
[22:34:01] [yf2_v5] [INFO] 3号位打出['Bomb', '6', ['S6', 'H6', 'C6', 'D6', 'D6']]， 最大动作为3号位打出的['Bomb', '6', ['S6', 'H6', 'C6', 'D6', 'D6']]
[22:34:01] [yf2_v5] [INFO] 0号位打出['PASS', 'PASS', 'PASS']， 最大动作为3号位打出的['Bomb', '6', ['S6', 'H6', 'C6', 'D6', 'D6']]
[22:34:01] [yf2_v5] [INFO] 1号位打出['PASS', 'PASS', 'PASS']， 最大动作为3号位打出的['Bomb', '6', ['S6', 'H6', 'C6', 'D6', 'D6']]
[22:34:01] [yf2_v5] [INFO] 2号位打出['PASS', 'PASS', 'PASS']， 最大动作为3号位打出的['Bomb', '6', ['S6', 'H6', 'C6', 'D6', 'D6']]
[22:34:01] [YFAdapter-P2] [INFO] [YF-P2] Decision context: myPos=2, curPos=-1, greaterPos=-1, teammate=0, curAction=[, actionList_size=30
[22:34:01] [YFAdapter-P2] [INFO] [YF-P2] Decided: action_index=2, action=['Single', '4', [['S', '4']]]
[22:34:01] [yf2_v5] [INFO] 3号位打出['Single', '4', ['S4']]， 最大动作为3号位打出的['Single', '4', ['S4']]
[22:34:01] [yf2_v5] [INFO] 0号位打出['Single', 'A', ['DA']]， 最大动作为0号位打出的['Single', 'A', ['DA']]
[22:34:01] [yf2_v5] [INFO] 1号位打出['Bomb', '8', ['H8', 'C8', 'D8', 'D8']]， 最大动作为1号位打出的['Bomb', '8', ['H8', 'C8', 'D8', 'D8']]
[22:34:01] [yf2_v5] [INFO] 2号位打出['PASS', 'PASS', 'PASS']， 最大动作为1号位打出的['Bomb', '8', ['H8', 'C8', 'D8', 'D8']]
[22:34:01] [YFAdapter-P2] [INFO] [YF-P2] Decision context: myPos=2, curPos=2, greaterPos=1, teammate=0, curAction=[, actionList_size=1
[22:34:01] [YFAdapter-P2] [INFO] [YF-P2] Decided: action_index=0, action=['PASS', 'PASS', 'PASS']
[22:34:01] [yf2_v5] [INFO] 3号位打出['PASS', 'PASS', 'PASS']， 最大动作为1号位打出的['Bomb', '8', ['H8', 'C8', 'D8', 'D8']]
[22:34:01] [yf2_v5] [INFO] 0号位打出['Bomb', 'T', ['HT', 'CT', 'CT', 'DT']]， 最大动作为0号位打出的['Bomb', 'T', ['HT', 'CT', 'CT', 'DT']]
[22:34:01] [yf2_v5] [INFO] 1号位打出['PASS', 'PASS', 'PASS']， 最大动作为0号位打出的['Bomb', 'T', ['HT', 'CT', 'CT', 'DT']]
[22:34:01] [yf2_v5] [INFO] 2号位打出['PASS', 'PASS', 'PASS']， 最大动作为0号位打出的['Bomb', 'T', ['HT', 'CT', 'CT', 'DT']]
[22:34:01] [YFAdapter-P2] [INFO] [YF-P2] Decision context: myPos=2, curPos=2, greaterPos=0, teammate=0, curAction=[, actionList_size=1
[22:34:01] [YFAdapter-P2] [INFO] [YF-P2] Decided: action_index=0, action=['PASS', 'PASS', 'PASS']
[22:34:01] [yf2_v5] [INFO] 3号位打出['PASS', 'PASS', 'PASS']， 最大动作为0号位打出的['Bomb', 'T', ['HT', 'CT', 'CT', 'DT']]
[22:34:01] [yf2_v5] [INFO] 0号位打出['ThreePair', '2', ['S2', 'C2', 'H3', 'C3', 'C4', 'D4']]， 最大动作为0号位打出的['ThreePair', '2', ['S2', 'C2', 'H3', 'C3', 'C4', 'D4']]
[22:34:01] [yf2_v5] [INFO] 1号位打出['PASS', 'PASS', 'PASS']， 最大动作为0号位打出的['ThreePair', '2', ['S2', 'C2', 'H3', 'C3', 'C4', 'D4']]
[22:34:01] [yf2_v5] [INFO] 2号位打出['PASS', 'PASS', 'PASS']， 最大动作为0号位打出的['ThreePair', '2', ['S2', 'C2', 'H3', 'C3', 'C4', 'D4']]
[22:34:01] [YFAdapter-P2] [INFO] [YF-P2] Decision context: myPos=2, curPos=2, greaterPos=0, teammate=0, curAction=[, actionList_size=1
[22:34:01] [YFAdapter-P2] [INFO] [YF-P2] Decided: action_index=0, action=['PASS', 'PASS', 'PASS']
[22:34:01] [yf2_v5] [INFO] 3号位打出['PASS', 'PASS', 'PASS']， 最大动作为0号位打出的['ThreePair', '2', ['S2', 'C2', 'H3', 'C3', 'C4', 'D4']]
[22:34:01] [yf2_v5] [INFO] 0号位打出['Straight', '5', ['S5', 'H6', 'C7', 'S8', 'D9']]， 最大动作为0号位打出的['Straight', '5', ['S5', 'H6', 'C7', 'S8', 'D9']]
[22:34:01] [yf2_v5] [INFO] 1号位打出['PASS', 'PASS', 'PASS']， 最大动作为0号位打出的['Straight', '5', ['S5', 'H6', 'C7', 'S8', 'D9']]
[22:34:01] [yf2_v5] [INFO] 2号位打出['Bomb', '5', ['S5', 'H5', 'C5', 'D5']]， 最大动作为2号位打出的['Bomb', '5', ['S5', 'H5', 'C5', 'D5']]
[22:34:01] [YFAdapter-P2] [INFO] [YF-P2] Decision context: myPos=2, curPos=2, greaterPos=2, teammate=0, curAction=[, actionList_size=1
[22:34:01] [YFAdapter-P2] [INFO] [YF-P2] Decided: action_index=0, action=['PASS', 'PASS', 'PASS']
[22:34:02] [yf2_v5] [INFO] 3号位打出['PASS', 'PASS', 'PASS']， 最大动作为2号位打出的['Bomb', '5', ['S5', 'H5', 'C5', 'D5']]
[22:34:02] [yf2_v5] [INFO] 0号位打出['PASS', 'PASS', 'PASS']， 最大动作为2号位打出的['Bomb', '5', ['S5', 'H5', 'C5', 'D5']]
[22:34:02] [yf2_v5] [INFO] 1号位打出['PASS', 'PASS', 'PASS']， 最大动作为2号位打出的['Bomb', '5', ['S5', 'H5', 'C5', 'D5']]
[22:34:02] [yf2_v5] [INFO] 2号位打出['Pair', '6', ['S6', 'C6']]， 最大动作为2号位打出的['Pair', '6', ['S6', 'C6']]
[22:34:02] [YFAdapter-P2] [INFO] [YF-P2] Decision context: myPos=2, curPos=2, greaterPos=2, teammate=0, curAction=[, actionList_size=6
[22:34:02] [YFAdapter-P2] [INFO] [YF-P2] Decided: action_index=1, action=['Pair', '9', [['S', '9'], ['C', '9']]]
[22:34:02] [yf2_v5] [INFO] 3号位打出['Pair', '9', ['S9', 'C9']]， 最大动作为3号位打出的['Pair', '9', ['S9', 'C9']]
[22:34:02] [yf2_v5] [INFO] 0号位打出['PASS', 'PASS', 'PASS']， 最大动作为3号位打出的['Pair', '9', ['S9', 'C9']]
[22:34:02] [yf2_v5] [INFO] 1号位打出['Pair', 'A', ['SA', 'CA']]， 最大动作为1号位打出的['Pair', 'A', ['SA', 'CA']]
[22:34:02] [yf2_v5] [INFO] 2号位打出['Pair', 'J', ['CJ', 'DJ']]， 最大动作为2号位打出的['Pair', 'J', ['CJ', 'DJ']]
[22:34:02] [YFAdapter-P2] [INFO] [YF-P2] Decision context: myPos=2, curPos=2, greaterPos=2, teammate=0, curAction=[, actionList_size=1
[22:34:02] [YFAdapter-P2] [INFO] [YF-P2] Decided: action_index=0, action=['PASS', 'PASS', 'PASS']
[22:34:02] [yf2_v5] [INFO] 3号位打出['PASS', 'PASS', 'PASS']， 最大动作为2号位打出的['Pair', 'J', ['CJ', 'DJ']]
[22:34:02] [yf2_v5] [INFO] 0号位打出['PASS', 'PASS', 'PASS']， 最大动作为2号位打出的['Pair', 'J', ['CJ', 'DJ']]
[22:34:02] [yf2_v5] [INFO] 1号位打出['PASS', 'PASS', 'PASS']， 最大动作为2号位打出的['Pair', 'J', ['CJ', 'DJ']]
[22:34:02] [yf2_v5] [INFO] 2号位打出['Pair', '8', ['H8', 'C8']]， 最大动作为2号位打出的['Pair', '8', ['H8', 'C8']]
[22:34:02] [YFAdapter-P2] [INFO] [YF-P2] Decision context: myPos=2, curPos=2, greaterPos=2, teammate=0, curAction=[, actionList_size=5
[22:34:02] [YFAdapter-P2] [INFO] [YF-P2] Decided: action_index=1, action=['Pair', 'K', [['S', 'K'], ['C', 'K']]]
[22:34:02] [yf2_v5] [INFO] 3号位打出['Pair', 'K', ['SK', 'CK']]， 最大动作为3号位打出的['Pair', 'K', ['SK', 'CK']]
[22:34:02] [yf2_v5] [INFO] 0号位打出['PASS', 'PASS', 'PASS']， 最大动作为3号位打出的['Pair', 'K', ['SK', 'CK']]
[22:34:02] [yf2_v5] [INFO] 1号位打出['PASS', 'PASS', 'PASS']， 最大动作为3号位打出的['Pair', 'K', ['SK', 'CK']]
[22:34:02] [yf2_v5] [INFO] 2号位打出['Bomb', '7', ['S7', 'H7', 'C7', 'D7']]， 最大动作为2号位打出的['Bomb', '7', ['S7', 'H7', 'C7', 'D7']]
[22:34:02] [YFAdapter-P2] [INFO] [YF-P2] Decision context: myPos=2, curPos=2, greaterPos=2, teammate=0, curAction=[, actionList_size=1
[22:34:02] [YFAdapter-P2] [INFO] [YF-P2] Decided: action_index=0, action=['PASS', 'PASS', 'PASS']
[22:34:02] [yf2_v5] [INFO] 3号位打出['PASS', 'PASS', 'PASS']， 最大动作为2号位打出的['Bomb', '7', ['S7', 'H7', 'C7', 'D7']]
[22:34:02] [yf2_v5] [INFO] 0号位打出['PASS', 'PASS', 'PASS']， 最大动作为2号位打出的['Bomb', '7', ['S7', 'H7', 'C7', 'D7']]
[22:34:02] [yf2_v5] [INFO] 1号位打出['PASS', 'PASS', 'PASS']， 最大动作为2号位打出的['Bomb', '7', ['S7', 'H7', 'C7', 'D7']]
[22:34:02] [yf2_v5] [INFO] 2号位打出['Pair', '3', ['C3', 'D3']]， 最大动作为2号位打出的['Pair', '3', ['C3', 'D3']]
[22:34:02] [YFAdapter-P2] [INFO] [YF-P2] Decision context: myPos=2, curPos=2, greaterPos=2, teammate=0, curAction=[, actionList_size=3
[22:34:02] [YFAdapter-P2] [INFO] [YF-P2] Decided: action_index=1, action=['Pair', 'A', [['H', 'A'], ['C', 'A']]]
[22:34:02] [yf2_v5] [INFO] 3号位打出['Pair', 'A', ['HA', 'CA']]， 最大动作为3号位打出的['Pair', 'A', ['HA', 'CA']]
[22:34:02] [yf2_v5] [INFO] 0号位打出['PASS', 'PASS', 'PASS']， 最大动作为3号位打出的['Pair', 'A', ['HA', 'CA']]
[22:34:02] [yf2_v5] [INFO] 1号位打出['PASS', 'PASS', 'PASS']， 最大动作为3号位打出的['Pair', 'A', ['HA', 'CA']]
[22:34:02] [yf2_v5] [INFO] 2号位打出['PASS', 'PASS', 'PASS']， 最大动作为3号位打出的['Pair', 'A', ['HA', 'CA']]
[22:34:02] [YFAdapter-P2] [INFO] [YF-P2] Decision context: myPos=2, curPos=-1, greaterPos=-1, teammate=0, curAction=[, actionList_size=11
[22:34:02] [YFAdapter-P2] [INFO] [YF-P2] Decided: action_index=2, action=['Single', '5', [['C', '5']]]
[22:34:02] [yf2_v5] [INFO] 3号位打出['Single', '5', ['C5']]， 最大动作为3号位打出的['Single', '5', ['C5']]
[22:34:02] [yf2_v5] [INFO] 0号位打出['Single', 'A', ['SA']]， 最大动作为0号位打出的['Single', 'A', ['SA']]
[22:34:02] [yf2_v5] [INFO] 1号位打出['PASS', 'PASS', 'PASS']， 最大动作为0号位打出的['Single', 'A', ['SA']]
[22:34:02] [yf2_v5] [INFO] 2号位打出['PASS', 'PASS', 'PASS']， 最大动作为0号位打出的['Single', 'A', ['SA']]
[22:34:02] [YFAdapter-P2] [INFO] [YF-P2] Decision context: myPos=2, curPos=2, greaterPos=0, teammate=0, curAction=[, actionList_size=3
[22:34:02] [YFAdapter-P2] [INFO] [YF-P2] Decided: action_index=0, action=['PASS', 'PASS', 'PASS']
[22:34:02] [YFAdapter-P2] [WARNING] [YF-P2] 检测到过于保守: 对手快走完(剩4张), 触发Layer 2/3进行更积极的决策
[22:34:02] [yf2_v5] [INFO] 3号位打出['Single', 'J', ['SJ']]， 最大动作为3号位打出的['Single', 'J', ['SJ']]
[22:34:02] [yf2_v5] [INFO] 0号位打出['PASS', 'PASS', 'PASS']， 最大动作为3号位打出的['Single', 'J', ['SJ']]
[22:34:02] [yf2_v5] [INFO] 1号位打出['PASS', 'PASS', 'PASS']， 最大动作为3号位打出的['Single', 'J', ['SJ']]
[22:34:02] [yf2_v5] [INFO] 2号位打出['Single', 'B', ['SB']]， 最大动作为2号位打出的['Single', 'B', ['SB']]
[22:34:02] [YFAdapter-P2] [INFO] [YF-P2] Decision context: myPos=2, curPos=2, greaterPos=2, teammate=0, curAction=[, actionList_size=1
[22:34:02] [YFAdapter-P2] [INFO] [YF-P2] Decided: action_index=0, action=['PASS', 'PASS', 'PASS']
[22:34:02] [yf2_v5] [INFO] 3号位打出['PASS', 'PASS', 'PASS']， 最大动作为2号位打出的['Single', 'B', ['SB']]
[22:34:02] [yf2_v5] [INFO] 0号位打出['PASS', 'PASS', 'PASS']， 最大动作为2号位打出的['Single', 'B', ['SB']]
[22:34:02] [yf2_v5] [INFO] 1号位打出['PASS', 'PASS', 'PASS']， 最大动作为2号位打出的['Single', 'B', ['SB']]
[22:34:02] [yf2_v5] [INFO] 2号位打出['ThreeWithTwo', 'T', ['ST', 'HT', 'DT', 'SK', 'HK']]， 最大动作为2号位打出的['ThreeWithTwo', 'T', ['ST', 'HT', 'DT', 'SK', 'HK']]
[22:34:02] [YFAdapter-P2] [INFO] [YF-P2] Decision context: myPos=2, curPos=2, greaterPos=2, teammate=0, curAction=[, actionList_size=1
[22:34:02] [YFAdapter-P2] [INFO] [YF-P2] Decided: action_index=0, action=['PASS', 'PASS', 'PASS']
[22:34:02] [yf2_v5] [INFO] 3号位打出['PASS', 'PASS', 'PASS']， 最大动作为2号位打出的['ThreeWithTwo', 'T', ['ST', 'HT', 'DT', 'SK', 'HK']]
[22:34:02] [yf2_v5] [INFO] 0号位打出['PASS', 'PASS', 'PASS']， 最大动作为2号位打出的['ThreeWithTwo', 'T', ['ST', 'HT', 'DT', 'SK', 'HK']]
[22:34:02] [yf2_v5] [INFO] 1号位打出['PASS', 'PASS', 'PASS']， 最大动作为2号位打出的['ThreeWithTwo', 'T', ['ST', 'HT', 'DT', 'SK', 'HK']]
[22:34:02] [yf2_v5] [INFO] 2号位打出['Pair', 'A', ['HA', 'DA']]， 最大动作为2号位打出的['Pair', 'A', ['HA', 'DA']]
[22:34:02] [YFAdapter-P2] [INFO] [YF-P2] Decision context: myPos=2, curPos=2, greaterPos=2, teammate=0, curAction=[, actionList_size=1
[22:34:02] [YFAdapter-P2] [INFO] [YF-P2] Decided: action_index=0, action=['PASS', 'PASS', 'PASS']
[22:34:02] [yf2_v5] [INFO] 3号位打出['PASS', 'PASS', 'PASS']， 最大动作为2号位打出的['Pair', 'A', ['HA', 'DA']]
[22:34:02] [yf2_v5] [INFO] 0号位打出['PASS', 'PASS', 'PASS']， 最大动作为2号位打出的['Pair', 'A', ['HA', 'DA']]
[22:34:02] [yf2_v5] [INFO] 1号位打出['PASS', 'PASS', 'PASS']， 最大动作为2号位打出的['Pair', 'A', ['HA', 'DA']]
[22:34:02] [yf2_v5] [INFO] 2号位打出['Single', 'R', ['HR']]， 最大动作为2号位打出的['Single', 'R', ['HR']]
[22:34:02] [YFAdapter-P2] [INFO] [YF-P2] Decision context: myPos=2, curPos=2, greaterPos=2, teammate=0, curAction=[, actionList_size=1
[22:34:02] [YFAdapter-P2] [INFO] [YF-P2] Decided: action_index=0, action=['PASS', 'PASS', 'PASS']
[22:34:02] [yf2_v5] [INFO] 3号位打出['PASS', 'PASS', 'PASS']， 最大动作为2号位打出的['Single', 'R', ['HR']]
[22:34:02] [yf2_v5] [INFO] 0号位打出['PASS', 'PASS', 'PASS']， 最大动作为2号位打出的['Single', 'R', ['HR']]
[22:34:02] [yf2_v5] [INFO] 0号位打出['ThreeWithTwo', 'Q', ['HQ', 'DQ', 'DQ', 'H5', 'D5']]， 最大动作为0号位打出的['ThreeWithTwo', 'Q', ['HQ', 'DQ', 'DQ', 'H5', 'D5']]
[22:34:02] [yf2_v5] [INFO] 1号位打出['PASS', 'PASS', 'PASS']， 最大动作为0号位打出的['ThreeWithTwo', 'Q', ['HQ', 'DQ', 'DQ', 'H5', 'D5']]
[22:34:02] [YFAdapter-P2] [INFO] [YF-P2] Decision context: myPos=2, curPos=1, greaterPos=0, teammate=0, curAction=[, actionList_size=1
[22:34:02] [YFAdapter-P2] [INFO] [YF-P2] Decided: action_index=0, action=['PASS', 'PASS', 'PASS']
[22:34:02] [yf2_v5] [INFO] 3号位打出['PASS', 'PASS', 'PASS']， 最大动作为0号位打出的['ThreeWithTwo', 'Q', ['HQ', 'DQ', 'DQ', 'H5', 'D5']]
[22:34:02] [yf2_v5] [INFO] 0号位打出['Trips', 'K', ['HK', 'DK', 'DK']]， 最大动作为0号位打出的['Trips', 'K', ['HK', 'DK', 'DK']]
[22:34:02] [yf2_v5] [INFO] 游戏开始, 我是3号位，手牌：['S2', 'S2', 'H2', 'H2', 'S3', 'C3', 'C3', 'H4', 'C4', 'D4', 'C5', 'S6', 'H7', 'C7', 'C8', 'C8', 'D8', 'C9', 'D9', 'HT', 'HT', 'CT', 'SJ', 'SK', 'SA', 'CA', 'HR']
[22:34:02] [YFAdapter-P2] [INFO] [YF-P2] Decision context: myPos=2, curPos=-1, greaterPos=-1, teammate=0, curAction=[, actionList_size=1
[22:34:02] [YFAdapter-P2] [INFO] [YF-P2] Decided: action_index=0, action=['tribute', 'tribute', [['H', 'R']]]
[22:34:02] [YFAdapter-P2] [INFO] [YF-P2] Decision context: myPos=2, curPos=-1, greaterPos=-1, teammate=0, curAction=[, actionList_size=287
[22:34:02] [YFAdapter-P2] [INFO] [YF-P2] Decided: action_index=7, action=['Single', '5', [['C', '5']]]
[22:34:02] [yf2_v5] [INFO] 3号位打出['Single', '5', ['C5']]， 最大动作为3号位打出的['Single', '5', ['C5']]
[22:34:02] [yf2_v5] [INFO] 0号位打出['Single', 'A', ['SA']]， 最大动作为0号位打出的['Single', 'A', ['SA']]
[22:34:02] [yf2_v5] [INFO] 1号位打出['PASS', 'PASS', 'PASS']， 最大动作为0号位打出的['Single', 'A', ['SA']]
[22:34:02] [yf2_v5] [INFO] 2号位打出['PASS', 'PASS', 'PASS']， 最大动作为0号位打出的['Single', 'A', ['SA']]
[22:34:02] [YFAdapter-P2] [INFO] [YF-P2] Decision context: myPos=2, curPos=2, greaterPos=0, teammate=0, curAction=[, actionList_size=3
[22:34:02] [YFAdapter-P2] [INFO] [YF-P2] Decided: action_index=0, action=['PASS', 'PASS', 'PASS']
[22:34:02] [yf2_v5] [INFO] 3号位打出['PASS', 'PASS', 'PASS']， 最大动作为0号位打出的['Single', 'A', ['SA']]
[22:34:02] [yf2_v5] [INFO] 0号位打出['Straight', '2', ['D2', 'H3', 'S4', 'S5', 'H6']]， 最大动作为0号位打出的['Straight', '2', ['D2', 'H3', 'S4', 'S5', 'H6']]
[22:34:02] [yf2_v5] [INFO] 1号位打出['Straight', 'T', ['CT', 'SJ', 'CQ', 'SK', 'DA']]， 最大动作为1号位打出的['Straight', 'T', ['CT', 'SJ', 'CQ', 'SK', 'DA']]
[22:34:02] [yf2_v5] [INFO] 2号位打出['Bomb', '9', ['S9', 'H9', 'C9', 'HA']]， 最大动作为2号位打出的['Bomb', '9', ['S9', 'H9', 'C9', 'HA']]
[22:34:02] [YFAdapter-P2] [INFO] [YF-P2] Decision context: myPos=2, curPos=2, greaterPos=2, teammate=0, curAction=[, actionList_size=1
[22:34:02] [YFAdapter-P2] [INFO] [YF-P2] Decided: action_index=0, action=['PASS', 'PASS', 'PASS']
[22:34:02] [yf2_v5] [INFO] 3号位打出['PASS', 'PASS', 'PASS']， 最大动作为2号位打出的['Bomb', '9', ['S9', 'H9', 'C9', 'HA']]
[22:34:02] [yf2_v5] [INFO] 0号位打出['PASS', 'PASS', 'PASS']， 最大动作为2号位打出的['Bomb', '9', ['S9', 'H9', 'C9', 'HA']]
[22:34:02] [yf2_v5] [INFO] 1号位打出['PASS', 'PASS', 'PASS']， 最大动作为2号位打出的['Bomb', '9', ['S9', 'H9', 'C9', 'HA']]
[22:34:02] [yf2_v5] [INFO] 2号位打出['Single', '2', ['C2']]， 最大动作为2号位打出的['Single', '2', ['C2']]
[22:34:02] [YFAdapter-P2] [INFO] [YF-P2] Decision context: myPos=2, curPos=2, greaterPos=2, teammate=0, curAction=[, actionList_size=21
[22:34:02] [YFAdapter-P2] [INFO] [YF-P2] Decided: action_index=13, action=['Single', 'T', [['H', 'T']]]
[22:34:02] [yf2_v5] [INFO] 3号位打出['Single', 'T', ['HT']]， 最大动作为3号位打出的['Single', 'T', ['HT']]
[22:34:02] [yf2_v5] [INFO] 0号位打出['Single', 'A', ['HA']]， 最大动作为0号位打出的['Single', 'A', ['HA']]
[22:34:02] [yf2_v5] [INFO] 1号位打出['PASS', 'PASS', 'PASS']， 最大动作为0号位打出的['Single', 'A', ['HA']]
[22:34:02] [yf2_v5] [INFO] 2号位打出['PASS', 'PASS', 'PASS']， 最大动作为0号位打出的['Single', 'A', ['HA']]
[22:34:02] [YFAdapter-P2] [INFO] [YF-P2] Decision context: myPos=2, curPos=2, greaterPos=0, teammate=0, curAction=[, actionList_size=3
[22:34:02] [YFAdapter-P2] [INFO] [YF-P2] Decided: action_index=0, action=['PASS', 'PASS', 'PASS']
[22:34:02] [yf2_v5] [INFO] 3号位打出['PASS', 'PASS', 'PASS']， 最大动作为0号位打出的['Single', 'A', ['HA']]
[22:34:02] [yf2_v5] [INFO] 0号位打出['ThreeWithTwo', '7', ['S7', 'S7', 'H7', 'S5', 'H5']]， 最大动作为0号位打出的['ThreeWithTwo', '7', ['S7', 'S7', 'H7', 'S5', 'H5']]
[22:34:02] [yf2_v5] [INFO] 1号位打出['PASS', 'PASS', 'PASS']， 最大动作为0号位打出的['ThreeWithTwo', '7', ['S7', 'S7', 'H7', 'S5', 'H5']]
[22:34:02] [yf2_v5] [INFO] 2号位打出['ThreeWithTwo', '8', ['S8', 'H8', 'D8', 'S3', 'D3']]， 最大动作为2号位打出的['ThreeWithTwo', '8', ['S8', 'H8', 'D8', 'S3', 'D3']]
[22:34:02] [YFAdapter-P2] [INFO] [YF-P2] Decision context: myPos=2, curPos=2, greaterPos=2, teammate=0, curAction=[, actionList_size=3
[22:34:02] [YFAdapter-P2] [INFO] [YF-P2] Decided: action_index=0, action=['PASS', 'PASS', 'PASS']
[22:34:02] [yf2_v5] [INFO] 3号位打出['PASS', 'PASS', 'PASS']， 最大动作为2号位打出的['ThreeWithTwo', '8', ['S8', 'H8', 'D8', 'S3', 'D3']]
[22:34:02] [yf2_v5] [INFO] 0号位打出['ThreeWithTwo', 'J', ['HJ', 'HJ', 'CJ', 'ST', 'DT']]， 最大动作为0号位打出的['ThreeWithTwo', 'J', ['HJ', 'HJ', 'CJ', 'ST', 'DT']]
[22:34:02] [yf2_v5] [INFO] 1号位打出['PASS', 'PASS', 'PASS']， 最大动作为0号位打出的['ThreeWithTwo', 'J', ['HJ', 'HJ', 'CJ', 'ST', 'DT']]
[22:34:02] [yf2_v5] [INFO] 2号位打出['PASS', 'PASS', 'PASS']， 最大动作为0号位打出的['ThreeWithTwo', 'J', ['HJ', 'HJ', 'CJ', 'ST', 'DT']]
[22:34:02] [YFAdapter-P2] [INFO] [YF-P2] Decision context: myPos=2, curPos=2, greaterPos=0, teammate=0, curAction=[, actionList_size=3
[22:34:02] [YFAdapter-P2] [INFO] [YF-P2] Decided: action_index=0, action=['PASS', 'PASS', 'PASS']
[22:34:02] [yf2_v5] [INFO] 3号位打出['PASS', 'PASS', 'PASS']， 最大动作为0号位打出的['ThreeWithTwo', 'J', ['HJ', 'HJ', 'CJ', 'ST', 'DT']]
[22:34:02] [yf2_v5] [INFO] 0号位打出['ThreeWithTwo', 'Q', ['SQ', 'CQ', 'DQ', 'CA', 'DA']]， 最大动作为0号位打出的['ThreeWithTwo', 'Q', ['SQ', 'CQ', 'DQ', 'CA', 'DA']]
[22:34:02] [yf2_v5] [INFO] 1号位打出['PASS', 'PASS', 'PASS']， 最大动作为0号位打出的['ThreeWithTwo', 'Q', ['SQ', 'CQ', 'DQ', 'CA', 'DA']]
[22:34:02] [yf2_v5] [INFO] 2号位打出['PASS', 'PASS', 'PASS']， 最大动作为0号位打出的['ThreeWithTwo', 'Q', ['SQ', 'CQ', 'DQ', 'CA', 'DA']]
[22:34:02] [YFAdapter-P2] [INFO] [YF-P2] Decision context: myPos=2, curPos=2, greaterPos=0, teammate=0, curAction=[, actionList_size=3
[22:34:02] [YFAdapter-P2] [INFO] [YF-P2] Decided: action_index=0, action=['PASS', 'PASS', 'PASS']
[22:34:02] [yf2_v5] [INFO] 3号位打出['PASS', 'PASS', 'PASS']， 最大动作为0号位打出的['ThreeWithTwo', 'Q', ['SQ', 'CQ', 'DQ', 'CA', 'DA']]
[22:34:02] [yf2_v5] [INFO] 0号位打出['Single', 'B', ['SB']]， 最大动作为0号位打出的['Single', 'B', ['SB']]
[22:34:02] [yf2_v5] [INFO] 1号位打出['PASS', 'PASS', 'PASS']， 最大动作为0号位打出的['Single', 'B', ['SB']]
[22:34:02] [yf2_v5] [INFO] 2号位打出['PASS', 'PASS', 'PASS']， 最大动作为0号位打出的['Single', 'B', ['SB']]
[22:34:02] [YFAdapter-P2] [INFO] [YF-P2] Decision context: myPos=2, curPos=2, greaterPos=0, teammate=0, curAction=[, actionList_size=3
[22:34:02] [YFAdapter-P2] [INFO] [YF-P2] Decided: action_index=0, action=['PASS', 'PASS', 'PASS']
[22:34:02] [yf2_v5] [INFO] 3号位打出['PASS', 'PASS', 'PASS']， 最大动作为0号位打出的['Single', 'B', ['SB']]
[22:34:02] [yf2_v5] [INFO] 0号位打出['Bomb', 'K', ['HK', 'CK', 'CK', 'DK']]， 最大动作为0号位打出的['Bomb', 'K', ['HK', 'CK', 'CK', 'DK']]
[22:34:02] [yf2_v5] [INFO] 1号位打出['PASS', 'PASS', 'PASS']， 最大动作为0号位打出的['Bomb', 'K', ['HK', 'CK', 'CK', 'DK']]
[22:34:02] [yf2_v5] [INFO] 2号位打出['PASS', 'PASS', 'PASS']， 最大动作为0号位打出的['Bomb', 'K', ['HK', 'CK', 'CK', 'DK']]
[22:34:02] [yf2_v5] [INFO] 2号位打出['Straight', '9', ['D9', 'DT', 'DJ', 'SQ', 'HK']]， 最大动作为2号位打出的['Straight', '9', ['D9', 'DT', 'DJ', 'SQ', 'HK']]
[22:34:02] [YFAdapter-P2] [INFO] [YF-P2] Decision context: myPos=2, curPos=2, greaterPos=2, teammate=0, curAction=[, actionList_size=3
[22:34:02] [YFAdapter-P2] [INFO] [YF-P2] Decided: action_index=0, action=['PASS', 'PASS', 'PASS']
[22:34:02] [yf2_v5] [INFO] 3号位打出['PASS', 'PASS', 'PASS']， 最大动作为2号位打出的['Straight', '9', ['D9', 'DT', 'DJ', 'SQ', 'HK']]
[22:34:02] [yf2_v5] [INFO] 1号位打出['PASS', 'PASS', 'PASS']， 最大动作为2号位打出的['Straight', '9', ['D9', 'DT', 'DJ', 'SQ', 'HK']]
[22:34:02] [yf2_v5] [INFO] 2号位打出['Pair', '7', ['C7', 'D7']]， 最大动作为2号位打出的['Pair', '7', ['C7', 'D7']]
[22:34:02] [YFAdapter-P2] [INFO] [YF-P2] Decision context: myPos=2, curPos=2, greaterPos=2, teammate=0, curAction=[, actionList_size=8
[22:34:02] [YFAdapter-P2] [INFO] [YF-P2] Decided: action_index=6, action=['Bomb', '2', [['S', '2'], ['S', '2'], ['H', '2'], ['H', '2']]]
[22:34:02] [yf2_v5] [INFO] 3号位打出['Bomb', '2', ['S2', 'S2', 'H2', 'H2']]， 最大动作为3号位打出的['Bomb', '2', ['S2', 'S2', 'H2', 'H2']]
[22:34:02] [yf2_v5] [INFO] 1号位打出['PASS', 'PASS', 'PASS']， 最大动作为3号位打出的['Bomb', '2', ['S2', 'S2', 'H2', 'H2']]
[22:34:02] [yf2_v5] [INFO] 2号位打出['PASS', 'PASS', 'PASS']， 最大动作为3号位打出的['Bomb', '2', ['S2', 'S2', 'H2', 'H2']]
[22:34:02] [YFAdapter-P2] [INFO] [YF-P2] Decision context: myPos=2, curPos=-1, greaterPos=-1, teammate=0, curAction=[, actionList_size=116
[22:34:02] [YFAdapter-P2] [INFO] [YF-P2] Decided: action_index=5, action=['Single', '6', [['S', '6']]]
[22:34:02] [yf2_v5] [INFO] 3号位打出['Single', '6', ['S6']]， 最大动作为3号位打出的['Single', '6', ['S6']]
[22:34:02] [yf2_v5] [INFO] 1号位打出['Single', 'J', ['CJ']]， 最大动作为1号位打出的['Single', 'J', ['CJ']]
[22:34:02] [yf2_v5] [INFO] 2号位打出['Single', 'B', ['SB']]， 最大动作为2号位打出的['Single', 'B', ['SB']]
[22:34:02] [YFAdapter-P2] [INFO] [YF-P2] Decision context: myPos=2, curPos=2, greaterPos=2, teammate=0, curAction=[, actionList_size=2
[22:34:02] [YFAdapter-P2] [INFO] [YF-P2] Decided: action_index=0, action=['PASS', 'PASS', 'PASS']
[22:34:02] [yf2_v5] [INFO] 3号位打出['PASS', 'PASS', 'PASS']， 最大动作为2号位打出的['Single', 'B', ['SB']]
[22:34:02] [yf2_v5] [INFO] 1号位打出['PASS', 'PASS', 'PASS']， 最大动作为2号位打出的['Single', 'B', ['SB']]
[22:34:02] [yf2_v5] [INFO] 2号位打出['ThreeWithTwo', '6', ['H6', 'C6', 'D6', 'H5', 'D5']]， 最大动作为2号位打出的['ThreeWithTwo', '6', ['H6', 'C6', 'D6', 'H5', 'D5']]
[22:34:02] [YFAdapter-P2] [INFO] [YF-P2] Decision context: myPos=2, curPos=2, greaterPos=2, teammate=0, curAction=[, actionList_size=12
[22:34:02] [YFAdapter-P2] [INFO] [YF-P2] Decided: action_index=10, action=['ThreeWithTwo', '8', [['C', '8'], ['C', '8'], ['D', '8'], ['S', 'A'], ['C', 'A']]]
[22:34:02] [yf2_v5] [INFO] 3号位打出['PASS', 'PASS', 'PASS']， 最大动作为2号位打出的['ThreeWithTwo', '6', ['H6', 'C6', 'D6', 'H5', 'D5']]
[22:34:02] [yf2_v5] [INFO] 1号位打出['PASS', 'PASS', 'PASS']， 最大动作为2号位打出的['ThreeWithTwo', '6', ['H6', 'C6', 'D6', 'H5', 'D5']]
[22:34:02] [yf2_v5] [INFO] 2号位打出['Pair', 'Q', ['HQ', 'DQ']]， 最大动作为2号位打出的['Pair', 'Q', ['HQ', 'DQ']]
[22:34:02] [YFAdapter-P2] [INFO] [YF-P2] Decision context: myPos=2, curPos=2, greaterPos=2, teammate=0, curAction=[, actionList_size=3
[22:34:02] [YFAdapter-P2] [INFO] [YF-P2] Decided: action_index=1, action=['Pair', 'A', [['S', 'A'], ['C', 'A']]]
[22:34:02] [yf2_v5] [INFO] 3号位打出['PASS', 'PASS', 'PASS']， 最大动作为2号位打出的['Pair', 'Q', ['HQ', 'DQ']]
[22:34:02] [yf2_v5] [INFO] 1号位打出['PASS', 'PASS', 'PASS']， 最大动作为2号位打出的['Pair', 'Q', ['HQ', 'DQ']]
[22:34:02] [yf2_v5] [INFO] 2号位打出['Pair', 'R', ['HR', 'HR']]， 最大动作为2号位打出的['Pair', 'R', ['HR', 'HR']]
[22:34:02] [yf2_v5] [INFO] 游戏开始, 我是3号位，手牌：['S3', 'S3', 'H3', 'H3', 'D3', 'H4', 'C6', 'S7', 'C7', 'D7', 'C8', 'H9', 'H9', 'D9', 'HT', 'DT', 'DT', 'HJ', 'DJ', 'SQ', 'HQ', 'CQ', 'SK', 'DK', 'H2', 'C2', 'C2']
[22:34:02] [YFAdapter-P2] [INFO] [YF-P2] Decision context: myPos=2, curPos=-1, greaterPos=-1, teammate=0, curAction=[, actionList_size=1192
[22:34:02] [YFAdapter-P2] [INFO] [YF-P2] Decided: action_index=3, action=['Single', '4', [['H', '4']]]
[22:34:02] [yf2_v5] [INFO] 3号位打出['Single', '4', ['H4']]， 最大动作为3号位打出的['Single', '4', ['H4']]
[22:34:02] [yf2_v5] [INFO] 0号位打出['Single', 'Q', ['SQ']]， 最大动作为0号位打出的['Single', 'Q', ['SQ']]
[22:34:02] [yf2_v5] [INFO] 1号位打出['Single', 'A', ['CA']]， 最大动作为1号位打出的['Single', 'A', ['CA']]
[22:34:02] [yf2_v5] [INFO] 2号位打出['Single', '2', ['S2']]， 最大动作为2号位打出的['Single', '2', ['S2']]
[22:34:02] [YFAdapter-P2] [INFO] [YF-P2] Decision context: myPos=2, curPos=2, greaterPos=2, teammate=0, curAction=[, actionList_size=20
[22:34:02] [YFAdapter-P2] [INFO] [YF-P2] Decided: action_index=16, action=['Bomb', '3', [['S', '3'], ['H', '3'], ['H', '3'], ['D', '3'], ['H', '2']]]
[22:34:02] [yf2_v5] [INFO] 3号位打出['Bomb', '3', ['S3', 'H3', 'H3', 'D3', 'H2']]， 最大动作为3号位打出的['Bomb', '3', ['S3', 'H3', 'H3', 'D3', 'H2']]
[22:34:02] [yf2_v5] [INFO] 0号位打出['PASS', 'PASS', 'PASS']， 最大动作为3号位打出的['Bomb', '3', ['S3', 'H3', 'H3', 'D3', 'H2']]
[22:34:02] [yf2_v5] [INFO] 1号位打出['PASS', 'PASS', 'PASS']， 最大动作为3号位打出的['Bomb', '3', ['S3', 'H3', 'H3', 'D3', 'H2']]
[22:34:02] [yf2_v5] [INFO] 2号位打出['PASS', 'PASS', 'PASS']， 最大动作为3号位打出的['Bomb', '3', ['S3', 'H3', 'H3', 'D3', 'H2']]
[22:34:02] [YFAdapter-P2] [INFO] [YF-P2] Decision context: myPos=2, curPos=-1, greaterPos=-1, teammate=0, curAction=[, actionList_size=198
[22:34:02] [YFAdapter-P2] [INFO] [YF-P2] Decided: action_index=0, action=['Single', '3', [['S', '3']]]
[22:34:02] [yf2_v5] [INFO] 3号位打出['Single', '3', ['S3']]， 最大动作为3号位打出的['Single', '3', ['S3']]
[22:34:02] [yf2_v5] [INFO] 0号位打出['Single', 'K', ['SK']]， 最大动作为0号位打出的['Single', 'K', ['SK']]
[22:34:02] [yf2_v5] [INFO] 1号位打出['PASS', 'PASS', 'PASS']， 最大动作为0号位打出的['Single', 'K', ['SK']]
[22:34:02] [yf2_v5] [INFO] 2号位打出['Single', 'R', ['HR']]， 最大动作为2号位打出的['Single', 'R', ['HR']]
[22:34:02] [YFAdapter-P2] [INFO] [YF-P2] Decision context: myPos=2, curPos=2, greaterPos=2, teammate=0, curAction=[, actionList_size=1
[22:34:02] [YFAdapter-P2] [INFO] [YF-P2] Decided: action_index=0, action=['PASS', 'PASS', 'PASS']
[22:34:02] [yf2_v5] [INFO] 3号位打出['PASS', 'PASS', 'PASS']， 最大动作为2号位打出的['Single', 'R', ['HR']]
[22:34:02] [yf2_v5] [INFO] 0号位打出['PASS', 'PASS', 'PASS']， 最大动作为2号位打出的['Single', 'R', ['HR']]
[22:34:02] [yf2_v5] [INFO] 1号位打出['PASS', 'PASS', 'PASS']， 最大动作为2号位打出的['Single', 'R', ['HR']]
[22:34:02] [yf2_v5] [INFO] 2号位打出['Single', '7', ['D7']]， 最大动作为2号位打出的['Single', '7', ['D7']]
[22:34:02] [YFAdapter-P2] [INFO] [YF-P2] Decision context: myPos=2, curPos=2, greaterPos=2, teammate=0, curAction=[, actionList_size=14
[22:34:02] [YFAdapter-P2] [INFO] [YF-P2] Decided: action_index=11, action=['Single', 'K', [['S', 'K']]]
[22:34:02] [yf2_v5] [INFO] 3号位打出['Single', 'K', ['SK']]， 最大动作为3号位打出的['Single', 'K', ['SK']]
[22:34:02] [yf2_v5] [INFO] 0号位打出['Single', '2', ['H2']]， 最大动作为0号位打出的['Single', '2', ['H2']]
[22:34:02] [yf2_v5] [INFO] 1号位打出['Single', 'B', ['SB']]， 最大动作为1号位打出的['Single', 'B', ['SB']]
[22:34:02] [yf2_v5] [INFO] 2号位打出['PASS', 'PASS', 'PASS']， 最大动作为1号位打出的['Single', 'B', ['SB']]
[22:34:02] [YFAdapter-P2] [INFO] [YF-P2] Decision context: myPos=2, curPos=2, greaterPos=1, teammate=0, curAction=[, actionList_size=1
[22:34:02] [YFAdapter-P2] [INFO] [YF-P2] Decided: action_index=0, action=['PASS', 'PASS', 'PASS']
[22:34:02] [yf2_v5] [INFO] 3号位打出['PASS', 'PASS', 'PASS']， 最大动作为1号位打出的['Single', 'B', ['SB']]
[22:34:02] [yf2_v5] [INFO] 0号位打出['Single', 'R', ['HR']]， 最大动作为0号位打出的['Single', 'R', ['HR']]
[22:34:02] [yf2_v5] [INFO] 1号位打出['PASS', 'PASS', 'PASS']， 最大动作为0号位打出的['Single', 'R', ['HR']]
[22:34:02] [yf2_v5] [INFO] 2号位打出['PASS', 'PASS', 'PASS']， 最大动作为0号位打出的['Single', 'R', ['HR']]
[22:34:02] [YFAdapter-P2] [INFO] [YF-P2] Decision context: myPos=2, curPos=2, greaterPos=0, teammate=0, curAction=[, actionList_size=1
[22:34:02] [YFAdapter-P2] [INFO] [YF-P2] Decided: action_index=0, action=['PASS', 'PASS', 'PASS']
[22:34:02] [yf2_v5] [INFO] 3号位打出['PASS', 'PASS', 'PASS']， 最大动作为0号位打出的['Single', 'R', ['HR']]
[22:34:02] [yf2_v5] [INFO] 0号位打出['Single', '4', ['S4']]， 最大动作为0号位打出的['Single', '4', ['S4']]
[22:34:02] [yf2_v5] [INFO] 1号位打出['Single', 'K', ['DK']]， 最大动作为1号位打出的['Single', 'K', ['DK']]
[22:34:02] [yf2_v5] [INFO] 2号位打出['PASS', 'PASS', 'PASS']， 最大动作为1号位打出的['Single', 'K', ['DK']]
[22:34:02] [YFAdapter-P2] [INFO] [YF-P2] Decision context: myPos=2, curPos=2, greaterPos=1, teammate=0, curAction=[, actionList_size=2
[22:34:02] [YFAdapter-P2] [INFO] [YF-P2] Decided: action_index=0, action=['PASS', 'PASS', 'PASS']
[22:34:02] [yf2_v5] [INFO] 3号位打出['Single', '2', ['C2']]， 最大动作为3号位打出的['Single', '2', ['C2']]
[22:34:02] [yf2_v5] [INFO] 0号位打出['Single', 'B', ['SB']]， 最大动作为0号位打出的['Single', 'B', ['SB']]
[22:34:02] [yf2_v5] [INFO] 1号位打出['PASS', 'PASS', 'PASS']， 最大动作为0号位打出的['Single', 'B', ['SB']]
[22:34:02] [yf2_v5] [INFO] 2号位打出['PASS', 'PASS', 'PASS']， 最大动作为0号位打出的['Single', 'B', ['SB']]
[22:34:02] [YFAdapter-P2] [INFO] [YF-P2] Decision context: myPos=2, curPos=2, greaterPos=0, teammate=0, curAction=[, actionList_size=1
[22:34:02] [YFAdapter-P2] [INFO] [YF-P2] Decided: action_index=0, action=['PASS', 'PASS', 'PASS']
[22:34:02] [yf2_v5] [INFO] 3号位打出['PASS', 'PASS', 'PASS']， 最大动作为0号位打出的['Single', 'B', ['SB']]
[22:34:02] [yf2_v5] [INFO] 0号位打出['Single', '4', ['H4']]， 最大动作为0号位打出的['Single', '4', ['H4']]
[22:34:02] [yf2_v5] [INFO] 1号位打出['Single', '5', ['S5']]， 最大动作为1号位打出的['Single', '5', ['S5']]
[22:34:02] [yf2_v5] [INFO] 2号位打出['Single', 'A', ['CA']]， 最大动作为2号位打出的['Single', 'A', ['CA']]
[22:34:02] [YFAdapter-P2] [INFO] [YF-P2] Decision context: myPos=2, curPos=2, greaterPos=2, teammate=0, curAction=[, actionList_size=2
[22:34:02] [YFAdapter-P2] [INFO] [YF-P2] Decided: action_index=1, action=['Single', '2', [['C', '2']]]
[22:34:02] [yf2_v5] [INFO] 3号位打出['Single', '2', ['C2']]， 最大动作为3号位打出的['Single', '2', ['C2']]
[22:34:02] [yf2_v5] [INFO] 0号位打出['PASS', 'PASS', 'PASS']， 最大动作为3号位打出的['Single', '2', ['C2']]
[22:34:02] [yf2_v5] [INFO] 1号位打出['PASS', 'PASS', 'PASS']， 最大动作为3号位打出的['Single', '2', ['C2']]
[22:34:02] [yf2_v5] [INFO] 2号位打出['PASS', 'PASS', 'PASS']， 最大动作为3号位打出的['Single', '2', ['C2']]
[22:34:02] [YFAdapter-P2] [INFO] [YF-P2] Decision context: myPos=2, curPos=-1, greaterPos=-1, teammate=0, curAction=[, actionList_size=158
[22:34:02] [YFAdapter-P2] [INFO] [YF-P2] Decided: action_index=0, action=['Single', '6', [['C', '6']]]
[22:34:02] [yf2_v5] [INFO] 3号位打出['Single', '6', ['C6']]， 最大动作为3号位打出的['Single', '6', ['C6']]
[22:34:03] [yf2_v5] [INFO] 0号位打出['Single', '2', ['D2']]， 最大动作为0号位打出的['Single', '2', ['D2']]
[22:34:03] [yf2_v5] [INFO] 1号位打出['PASS', 'PASS', 'PASS']， 最大动作为0号位打出的['Single', '2', ['D2']]
[22:34:03] [yf2_v5] [INFO] 2号位打出['PASS', 'PASS', 'PASS']， 最大动作为0号位打出的['Single', '2', ['D2']]
[22:34:03] [YFAdapter-P2] [INFO] [YF-P2] Decision context: myPos=2, curPos=2, greaterPos=0, teammate=0, curAction=[, actionList_size=1
[22:34:03] [YFAdapter-P2] [INFO] [YF-P2] Decided: action_index=0, action=['PASS', 'PASS', 'PASS']
[22:34:03] [yf2_v5] [INFO] 3号位打出['PASS', 'PASS', 'PASS']， 最大动作为0号位打出的['Single', '2', ['D2']]
[22:34:03] [yf2_v5] [INFO] 0号位打出['Single', '4', ['D4']]， 最大动作为0号位打出的['Single', '4', ['D4']]
[22:34:03] [yf2_v5] [INFO] 1号位打出['Single', 'Q', ['DQ']]， 最大动作为1号位打出的['Single', 'Q', ['DQ']]
[22:34:03] [yf2_v5] [INFO] 2号位打出['PASS', 'PASS', 'PASS']， 最大动作为1号位打出的['Single', 'Q', ['DQ']]
[22:34:03] [YFAdapter-P2] [INFO] [YF-P2] Decision context: myPos=2, curPos=2, greaterPos=1, teammate=0, curAction=[, actionList_size=2
[22:34:03] [YFAdapter-P2] [INFO] [YF-P2] Decided: action_index=0, action=['PASS', 'PASS', 'PASS']
[22:34:03] [yf2_v5] [INFO] 3号位打出['Single', 'K', ['DK']]， 最大动作为3号位打出的['Single', 'K', ['DK']]
[22:34:03] [yf2_v5] [INFO] 0号位打出['PASS', 'PASS', 'PASS']， 最大动作为3号位打出的['Single', 'K', ['DK']]
[22:34:03] [yf2_v5] [INFO] 1号位打出['Single', 'A', ['SA']]， 最大动作为1号位打出的['Single', 'A', ['SA']]
[22:34:03] [yf2_v5] [INFO] 2号位打出['PASS', 'PASS', 'PASS']， 最大动作为1号位打出的['Single', 'A', ['SA']]
[22:34:03] [YFAdapter-P2] [INFO] [YF-P2] Decision context: myPos=2, curPos=2, greaterPos=1, teammate=0, curAction=[, actionList_size=1
[22:34:03] [YFAdapter-P2] [INFO] [YF-P2] Decided: action_index=0, action=['PASS', 'PASS', 'PASS']
[22:34:03] [yf2_v5] [INFO] 3号位打出['PASS', 'PASS', 'PASS']， 最大动作为1号位打出的['Single', 'A', ['SA']]
[22:34:03] [yf2_v5] [INFO] 0号位打出['PASS', 'PASS', 'PASS']， 最大动作为1号位打出的['Single', 'A', ['SA']]
[22:34:03] [yf2_v5] [INFO] 1号位打出['Single', '6', ['D6']]， 最大动作为1号位打出的['Single', '6', ['D6']]
[22:34:03] [yf2_v5] [INFO] 2号位打出['Single', 'A', ['HA']]， 最大动作为2号位打出的['Single', 'A', ['HA']]
[22:34:03] [YFAdapter-P2] [INFO] [YF-P2] Decision context: myPos=2, curPos=2, greaterPos=2, teammate=0, curAction=[, actionList_size=1
[22:34:03] [YFAdapter-P2] [INFO] [YF-P2] Decided: action_index=0, action=['PASS', 'PASS', 'PASS']
[22:34:03] [yf2_v5] [INFO] 3号位打出['PASS', 'PASS', 'PASS']， 最大动作为2号位打出的['Single', 'A', ['HA']]
[22:34:03] [yf2_v5] [INFO] 0号位打出['PASS', 'PASS', 'PASS']， 最大动作为2号位打出的['Single', 'A', ['HA']]
[22:34:03] [yf2_v5] [INFO] 1号位打出['Single', '2', ['S2']]， 最大动作为1号位打出的['Single', '2', ['S2']]
[22:34:03] [yf2_v5] [INFO] 2号位打出['PASS', 'PASS', 'PASS']， 最大动作为1号位打出的['Single', '2', ['S2']]
[22:34:03] [YFAdapter-P2] [INFO] [YF-P2] Decision context: myPos=2, curPos=2, greaterPos=1, teammate=0, curAction=[, actionList_size=1
[22:34:03] [YFAdapter-P2] [INFO] [YF-P2] Decided: action_index=0, action=['PASS', 'PASS', 'PASS']
[22:34:03] [yf2_v5] [INFO] 3号位打出['PASS', 'PASS', 'PASS']， 最大动作为1号位打出的['Single', '2', ['S2']]
[22:34:03] [yf2_v5] [INFO] 0号位打出['PASS', 'PASS', 'PASS']， 最大动作为1号位打出的['Single', '2', ['S2']]
[22:34:03] [yf2_v5] [INFO] 1号位打出['Single', '3', ['C3']]， 最大动作为1号位打出的['Single', '3', ['C3']]
[22:34:03] [yf2_v5] [INFO] 2号位打出['Single', 'A', ['SA']]， 最大动作为2号位打出的['Single', 'A', ['SA']]
[22:34:03] [YFAdapter-P2] [INFO] [YF-P2] Decision context: myPos=2, curPos=2, greaterPos=2, teammate=0, curAction=[, actionList_size=1
[22:34:03] [YFAdapter-P2] [INFO] [YF-P2] Decided: action_index=0, action=['PASS', 'PASS', 'PASS']
[22:34:03] [yf2_v5] [INFO] 3号位打出['PASS', 'PASS', 'PASS']， 最大动作为2号位打出的['Single', 'A', ['SA']]
[22:34:03] [yf2_v5] [INFO] 0号位打出['PASS', 'PASS', 'PASS']， 最大动作为2号位打出的['Single', 'A', ['SA']]
[22:34:03] [yf2_v5] [INFO] 1号位打出['Single', '2', ['D2']]， 最大动作为1号位打出的['Single', '2', ['D2']]
[22:34:03] [yf2_v5] [INFO] 2号位打出['PASS', 'PASS', 'PASS']， 最大动作为1号位打出的['Single', '2', ['D2']]
[22:34:03] [YFAdapter-P2] [INFO] [YF-P2] Decision context: myPos=2, curPos=2, greaterPos=1, teammate=0, curAction=[, actionList_size=1
[22:34:03] [YFAdapter-P2] [INFO] [YF-P2] Decided: action_index=0, action=['PASS', 'PASS', 'PASS']
[22:34:03] [yf2_v5] [INFO] 3号位打出['PASS', 'PASS', 'PASS']， 最大动作为1号位打出的['Single', '2', ['D2']]
[22:34:03] [yf2_v5] [INFO] 0号位打出['PASS', 'PASS', 'PASS']， 最大动作为1号位打出的['Single', '2', ['D2']]
[22:34:03] [yf2_v5] [INFO] 1号位打出['Straight', '4', ['D4', 'C5', 'C6', 'S7', 'S8']]， 最大动作为1号位打出的['Straight', '4', ['D4', 'C5', 'C6', 'S7', 'S8']]
[22:34:03] [yf2_v5] [INFO] 2号位打出['PASS', 'PASS', 'PASS']， 最大动作为1号位打出的['Straight', '4', ['D4', 'C5', 'C6', 'S7', 'S8']]
[22:34:03] [YFAdapter-P2] [INFO] [YF-P2] Decision context: myPos=2, curPos=2, greaterPos=1, teammate=0, curAction=[, actionList_size=49
[22:34:03] [YFAdapter-P2] [INFO] [YF-P2] Decided: action_index=0, action=['PASS', 'PASS', 'PASS']
[22:34:03] [yf2_v5] [INFO] 3号位打出['Straight', '7', ['S7', 'C8', 'H9', 'HT', 'HJ']]， 最大动作为3号位打出的['Straight', '7', ['S7', 'C8', 'H9', 'HT', 'HJ']]
[22:34:03] [yf2_v5] [INFO] 0号位打出['PASS', 'PASS', 'PASS']， 最大动作为3号位打出的['Straight', '7', ['S7', 'C8', 'H9', 'HT', 'HJ']]
[22:34:03] [yf2_v5] [INFO] 1号位打出['Straight', '8', ['H8', 'S9', 'CT', 'SJ', 'HQ']]， 最大动作为1号位打出的['Straight', '8', ['H8', 'S9', 'CT', 'SJ', 'HQ']]
[22:34:03] [yf2_v5] [INFO] 2号位打出['PASS', 'PASS', 'PASS']， 最大动作为1号位打出的['Straight', '8', ['H8', 'S9', 'CT', 'SJ', 'HQ']]
[22:34:03] [YFAdapter-P2] [INFO] [YF-P2] Decision context: myPos=2, curPos=2, greaterPos=1, teammate=0, curAction=[, actionList_size=1
[22:34:03] [YFAdapter-P2] [INFO] [YF-P2] Decided: action_index=0, action=['PASS', 'PASS', 'PASS']
[22:34:03] [yf2_v5] [INFO] 3号位打出['PASS', 'PASS', 'PASS']， 最大动作为1号位打出的['Straight', '8', ['H8', 'S9', 'CT', 'SJ', 'HQ']]
[22:34:03] [yf2_v5] [INFO] 0号位打出['PASS', 'PASS', 'PASS']， 最大动作为1号位打出的['Straight', '8', ['H8', 'S9', 'CT', 'SJ', 'HQ']]
[22:34:03] [yf2_v5] [INFO] 1号位打出['Single', '8', ['D8']]， 最大动作为1号位打出的['Single', '8', ['D8']]
[22:34:03] [yf2_v5] [INFO] 2号位打出['Single', 'K', ['CK']]， 最大动作为2号位打出的['Single', 'K', ['CK']]
[22:34:03] [YFAdapter-P2] [INFO] [YF-P2] Decision context: myPos=2, curPos=2, greaterPos=2, teammate=0, curAction=[, actionList_size=1
[22:34:03] [YFAdapter-P2] [INFO] [YF-P2] Decided: action_index=0, action=['PASS', 'PASS', 'PASS']
[22:34:03] [yf2_v5] [INFO] 3号位打出['PASS', 'PASS', 'PASS']， 最大动作为2号位打出的['Single', 'K', ['CK']]
[22:34:03] [yf2_v5] [INFO] 0号位打出['PASS', 'PASS', 'PASS']， 最大动作为2号位打出的['Single', 'K', ['CK']]
[22:34:03] [yf2_v5] [INFO] 1号位打出['PASS', 'PASS', 'PASS']， 最大动作为2号位打出的['Single', 'K', ['CK']]
[22:34:03] [yf2_v5] [INFO] 2号位打出['Single', '3', ['C3']]， 最大动作为2号位打出的['Single', '3', ['C3']]
[22:34:03] [YFAdapter-P2] [INFO] [YF-P2] Decision context: myPos=2, curPos=2, greaterPos=2, teammate=0, curAction=[, actionList_size=10
[22:34:03] [YFAdapter-P2] [INFO] [YF-P2] Decided: action_index=6, action=['Single', 'J', [['D', 'J']]]
[22:34:03] [yf2_v5] [INFO] 3号位打出['Single', 'J', ['DJ']]， 最大动作为3号位打出的['Single', 'J', ['DJ']]
[22:34:03] [yf2_v5] [INFO] 0号位打出['Single', 'A', ['DA']]， 最大动作为0号位打出的['Single', 'A', ['DA']]
[22:34:03] [yf2_v5] [INFO] 1号位打出['PASS', 'PASS', 'PASS']， 最大动作为0号位打出的['Single', 'A', ['DA']]
[22:34:03] [yf2_v5] [INFO] 2号位打出['PASS', 'PASS', 'PASS']， 最大动作为0号位打出的['Single', 'A', ['DA']]
[22:34:03] [YFAdapter-P2] [INFO] [YF-P2] Decision context: myPos=2, curPos=2, greaterPos=0, teammate=0, curAction=[, actionList_size=1
[22:34:03] [YFAdapter-P2] [INFO] [YF-P2] Decided: action_index=0, action=['PASS', 'PASS', 'PASS']
[22:34:03] [yf2_v5] [INFO] 3号位打出['PASS', 'PASS', 'PASS']， 最大动作为0号位打出的['Single', 'A', ['DA']]
[22:34:03] [yf2_v5] [INFO] 0号位打出['Single', '5', ['H5']]， 最大动作为0号位打出的['Single', '5', ['H5']]
[22:34:03] [yf2_v5] [INFO] 1号位打出['Single', 'K', ['HK']]， 最大动作为1号位打出的['Single', 'K', ['HK']]
[22:34:03] [yf2_v5] [INFO] 2号位打出['PASS', 'PASS', 'PASS']， 最大动作为1号位打出的['Single', 'K', ['HK']]
[22:34:03] [YFAdapter-P2] [INFO] [YF-P2] Decision context: myPos=2, curPos=2, greaterPos=1, teammate=0, curAction=[, actionList_size=1
[22:34:03] [YFAdapter-P2] [INFO] [YF-P2] Decided: action_index=0, action=['PASS', 'PASS', 'PASS']
[22:34:03] [yf2_v5] [INFO] 3号位打出['PASS', 'PASS', 'PASS']， 最大动作为1号位打出的['Single', 'K', ['HK']]
[22:34:03] [yf2_v5] [INFO] 0号位打出['PASS', 'PASS', 'PASS']， 最大动作为1号位打出的['Single', 'K', ['HK']]
[22:34:03] [yf2_v5] [INFO] 1号位打出['Pair', '9', ['C9', 'D9']]， 最大动作为1号位打出的['Pair', '9', ['C9', 'D9']]
[22:34:03] [yf2_v5] [INFO] 2号位打出['Pair', 'Q', ['CQ', 'DQ']]， 最大动作为2号位打出的['Pair', 'Q', ['CQ', 'DQ']]
[22:34:03] [YFAdapter-P2] [INFO] [YF-P2] Decision context: myPos=2, curPos=2, greaterPos=2, teammate=0, curAction=[, actionList_size=1
[22:34:03] [YFAdapter-P2] [INFO] [YF-P2] Decided: action_index=0, action=['PASS', 'PASS', 'PASS']
[22:34:03] [yf2_v5] [INFO] 3号位打出['PASS', 'PASS', 'PASS']， 最大动作为2号位打出的['Pair', 'Q', ['CQ', 'DQ']]
[22:34:03] [yf2_v5] [INFO] 0号位打出['PASS', 'PASS', 'PASS']， 最大动作为2号位打出的['Pair', 'Q', ['CQ', 'DQ']]
[22:34:03] [yf2_v5] [INFO] 1号位打出['PASS', 'PASS', 'PASS']， 最大动作为2号位打出的['Pair', 'Q', ['CQ', 'DQ']]
[22:34:03] [yf2_v5] [INFO] 2号位打出['Single', '3', ['D3']]， 最大动作为2号位打出的['Single', '3', ['D3']]
[22:34:03] [YFAdapter-P2] [INFO] [YF-P2] Decision context: myPos=2, curPos=2, greaterPos=2, teammate=0, curAction=[, actionList_size=9
[22:34:03] [YFAdapter-P2] [INFO] [YF-P2] Decided: action_index=8, action=['Single', 'Q', [['C', 'Q']]]
[22:34:03] [yf2_v5] [INFO] 3号位打出['Single', 'Q', ['CQ']]， 最大动作为3号位打出的['Single', 'Q', ['CQ']]
[22:34:03] [yf2_v5] [INFO] 0号位打出['Single', 'A', ['HA']]， 最大动作为0号位打出的['Single', 'A', ['HA']]
[22:34:03] [yf2_v5] [INFO] 1号位打出['PASS', 'PASS', 'PASS']， 最大动作为0号位打出的['Single', 'A', ['HA']]
[22:34:03] [yf2_v5] [INFO] 2号位打出['PASS', 'PASS', 'PASS']， 最大动作为0号位打出的['Single', 'A', ['HA']]
[22:34:03] [YFAdapter-P2] [INFO] [YF-P2] Decision context: myPos=2, curPos=2, greaterPos=0, teammate=0, curAction=[, actionList_size=1
[22:34:03] [YFAdapter-P2] [INFO] [YF-P2] Decided: action_index=0, action=['PASS', 'PASS', 'PASS']
[22:34:03] [yf2_v5] [INFO] 3号位打出['PASS', 'PASS', 'PASS']， 最大动作为0号位打出的['Single', 'A', ['HA']]
[22:34:03] [yf2_v5] [INFO] 0号位打出['Single', '5', ['C5']]， 最大动作为0号位打出的['Single', '5', ['C5']]
[22:34:03] [yf2_v5] [INFO] 1号位打出['Single', 'T', ['CT']]， 最大动作为1号位打出的['Single', 'T', ['CT']]
[22:34:03] [yf2_v5] [INFO] 2号位打出['Single', 'K', ['HK']]， 最大动作为2号位打出的['Single', 'K', ['HK']]
[22:34:03] [YFAdapter-P2] [INFO] [YF-P2] Decision context: myPos=2, curPos=2, greaterPos=2, teammate=0, curAction=[, actionList_size=1
[22:34:03] [YFAdapter-P2] [INFO] [YF-P2] Decided: action_index=0, action=['PASS', 'PASS', 'PASS']
[22:34:03] [yf2_v5] [INFO] 3号位打出['PASS', 'PASS', 'PASS']， 最大动作为2号位打出的['Single', 'K', ['HK']]
[22:34:03] [yf2_v5] [INFO] 0号位打出['PASS', 'PASS', 'PASS']， 最大动作为2号位打出的['Single', 'K', ['HK']]
[22:34:03] [yf2_v5] [INFO] 1号位打出['PASS', 'PASS', 'PASS']， 最大动作为2号位打出的['Single', 'K', ['HK']]
[22:34:03] [yf2_v5] [INFO] 2号位打出['Single', '4', ['S4']]， 最大动作为2号位打出的['Single', '4', ['S4']]
[22:34:03] [YFAdapter-P2] [INFO] [YF-P2] Decision context: myPos=2, curPos=2, greaterPos=2, teammate=0, curAction=[, actionList_size=8
[22:34:03] [YFAdapter-P2] [INFO] [YF-P2] Decided: action_index=4, action=['Single', '9', [['D', '9']]]
[22:34:03] [yf2_v5] [INFO] 3号位打出['Single', '9', ['D9']]， 最大动作为3号位打出的['Single', '9', ['D9']]
[22:34:03] [yf2_v5] [INFO] 0号位打出['Single', 'A', ['DA']]， 最大动作为0号位打出的['Single', 'A', ['DA']]
[22:34:03] [yf2_v5] [INFO] 1号位打出['PASS', 'PASS', 'PASS']， 最大动作为0号位打出的['Single', 'A', ['DA']]
[22:34:03] [yf2_v5] [INFO] 2号位打出['PASS', 'PASS', 'PASS']， 最大动作为0号位打出的['Single', 'A', ['DA']]
[22:34:03] [YFAdapter-P2] [INFO] [YF-P2] Decision context: myPos=2, curPos=2, greaterPos=0, teammate=0, curAction=[, actionList_size=1
[22:34:03] [YFAdapter-P2] [INFO] [YF-P2] Decided: action_index=0, action=['PASS', 'PASS', 'PASS']
[22:34:03] [yf2_v5] [INFO] 3号位打出['PASS', 'PASS', 'PASS']， 最大动作为0号位打出的['Single', 'A', ['DA']]
[22:34:03] [yf2_v5] [INFO] 0号位打出['Single', '5', ['D5']]， 最大动作为0号位打出的['Single', '5', ['D5']]
[22:34:03] [yf2_v5] [INFO] 1号位打出['Single', 'K', ['CK']]， 最大动作为1号位打出的['Single', 'K', ['CK']]
[22:34:03] [yf2_v5] [INFO] 2号位打出['PASS', 'PASS', 'PASS']， 最大动作为1号位打出的['Single', 'K', ['CK']]
[22:34:03] [YFAdapter-P2] [INFO] [YF-P2] Decision context: myPos=2, curPos=2, greaterPos=1, teammate=0, curAction=[, actionList_size=1
[22:34:03] [YFAdapter-P2] [INFO] [YF-P2] Decided: action_index=0, action=['PASS', 'PASS', 'PASS']
[22:34:03] [yf2_v5] [INFO] 3号位打出['PASS', 'PASS', 'PASS']， 最大动作为1号位打出的['Single', 'K', ['CK']]
[22:34:03] [yf2_v5] [INFO] 0号位打出['PASS', 'PASS', 'PASS']， 最大动作为1号位打出的['Single', 'K', ['CK']]
[22:34:03] [yf2_v5] [INFO] 1号位打出['Single', 'J', ['CJ']]， 最大动作为1号位打出的['Single', 'J', ['CJ']]
[22:34:03] [yf2_v5] [INFO] 2号位打出['PASS', 'PASS', 'PASS']， 最大动作为1号位打出的['Single', 'J', ['CJ']]
[22:34:03] [YFAdapter-P2] [INFO] [YF-P2] Decision context: myPos=2, curPos=2, greaterPos=1, teammate=0, curAction=[, actionList_size=3
[22:34:03] [YFAdapter-P2] [INFO] [YF-P2] Decided: action_index=0, action=['PASS', 'PASS', 'PASS']
[22:34:03] [YFAdapter-P2] [WARNING] [YF-P2] 检测到过于保守: 对手快走完(剩0张), 触发Layer 2/3进行更积极的决策
[22:34:03] [yf2_v5] [INFO] 3号位打出['Single', 'Q', ['SQ']]， 最大动作为3号位打出的['Single', 'Q', ['SQ']]
[22:34:03] [yf2_v5] [INFO] 0号位打出['PASS', 'PASS', 'PASS']， 最大动作为3号位打出的['Single', 'Q', ['SQ']]
[22:34:03] [yf2_v5] [INFO] 2号位打出['PASS', 'PASS', 'PASS']， 最大动作为3号位打出的['Single', 'Q', ['SQ']]
[22:34:03] [YFAdapter-P2] [INFO] [YF-P2] Decision context: myPos=2, curPos=-1, greaterPos=-1, teammate=0, curAction=[, actionList_size=7
[22:34:03] [YFAdapter-P2] [INFO] [YF-P2] Decided: action_index=5, action=['Pair', '7', [['C', '7'], ['D', '7']]]
[22:34:03] [yf2_v5] [INFO] 3号位打出['Pair', '7', ['C7', 'D7']]， 最大动作为3号位打出的['Pair', '7', ['C7', 'D7']]
[22:34:03] [yf2_v5] [INFO] 0号位打出['Pair', 'J', ['HJ', 'CJ']]， 最大动作为0号位打出的['Pair', 'J', ['HJ', 'CJ']]
[22:34:03] [yf2_v5] [INFO] 2号位打出['PASS', 'PASS', 'PASS']， 最大动作为0号位打出的['Pair', 'J', ['HJ', 'CJ']]
[22:34:03] [YFAdapter-P2] [INFO] [YF-P2] Decision context: myPos=2, curPos=2, greaterPos=0, teammate=0, curAction=[, actionList_size=1
[22:34:03] [YFAdapter-P2] [INFO] [YF-P2] Decided: action_index=0, action=['PASS', 'PASS', 'PASS']
[22:34:03] [yf2_v5] [INFO] 3号位打出['PASS', 'PASS', 'PASS']， 最大动作为0号位打出的['Pair', 'J', ['HJ', 'CJ']]
[22:34:03] [yf2_v5] [INFO] 0号位打出['Single', '6', ['S6']]， 最大动作为0号位打出的['Single', '6', ['S6']]
[22:34:03] [yf2_v5] [INFO] 2号位打出['Single', 'T', ['ST']]， 最大动作为2号位打出的['Single', 'T', ['ST']]
[22:34:03] [YFAdapter-P2] [INFO] [YF-P2] Decision context: myPos=2, curPos=2, greaterPos=2, teammate=0, curAction=[, actionList_size=2
[22:34:03] [YFAdapter-P2] [INFO] [YF-P2] Decided: action_index=1, action=['Single', 'Q', [['H', 'Q']]]
[22:34:03] [yf2_v5] [INFO] 3号位打出['Single', 'Q', ['HQ']]， 最大动作为3号位打出的['Single', 'Q', ['HQ']]
[22:34:03] [yf2_v5] [INFO] 0号位打出['PASS', 'PASS', 'PASS']， 最大动作为3号位打出的['Single', 'Q', ['HQ']]
[22:34:03] [yf2_v5] [INFO] 2号位打出['PASS', 'PASS', 'PASS']， 最大动作为3号位打出的['Single', 'Q', ['HQ']]
[22:34:03] [YFAdapter-P2] [INFO] [YF-P2] Decision context: myPos=2, curPos=-1, greaterPos=-1, teammate=0, curAction=[, actionList_size=3
[22:34:03] [YFAdapter-P2] [INFO] [YF-P2] Decided: action_index=0, action=['Single', '9', [['H', '9']]]
[22:34:03] [YFAdapter-P2] [WARNING] [YF-P2] 检测到过于保守: 对手快走完(剩0张), 触发Layer 2/3进行更积极的决策
[22:34:03] [yf2_v5] [INFO] 3号位打出['Pair', 'T', ['DT', 'DT']]， 最大动作为3号位打出的['Pair', 'T', ['DT', 'DT']]
[22:34:03] [yf2_v5] [INFO] 0号位打出['PASS', 'PASS', 'PASS']， 最大动作为3号位打出的['Pair', 'T', ['DT', 'DT']]
[22:34:03] [yf2_v5] [INFO] 2号位打出['Pair', 'J', ['SJ', 'DJ']]， 最大动作为2号位打出的['Pair', 'J', ['SJ', 'DJ']]
[22:34:03] [YFAdapter-P2] [INFO] [YF-P2] Decision context: myPos=2, curPos=2, greaterPos=2, teammate=0, curAction=[, actionList_size=1
[22:34:03] [YFAdapter-P2] [INFO] [YF-P2] Decided: action_index=0, action=['PASS', 'PASS', 'PASS']
[22:34:03] [yf2_v5] [INFO] 3号位打出['PASS', 'PASS', 'PASS']， 最大动作为2号位打出的['Pair', 'J', ['SJ', 'DJ']]
[22:34:03] [yf2_v5] [INFO] 0号位打出['PASS', 'PASS', 'PASS']， 最大动作为2号位打出的['Pair', 'J', ['SJ', 'DJ']]
[22:34:03] [yf2_v5] [INFO] 2号位打出['Pair', '6', ['S6', 'D6']]， 最大动作为2号位打出的['Pair', '6', ['S6', 'D6']]
[22:34:03] [YFAdapter-P2] [INFO] [YF-P2] Decision context: myPos=2, curPos=2, greaterPos=2, teammate=0, curAction=[, actionList_size=1
[22:34:03] [YFAdapter-P2] [INFO] [YF-P2] Decided: action_index=0, action=['PASS', 'PASS', 'PASS']
[22:34:03] [yf2_v5] [INFO] 3号位打出['PASS', 'PASS', 'PASS']， 最大动作为2号位打出的['Pair', '6', ['S6', 'D6']]
[22:34:03] [yf2_v5] [INFO] 0号位打出['Pair', '9', ['S9', 'C9']]， 最大动作为0号位打出的['Pair', '9', ['S9', 'C9']]
[22:34:03] [yf2_v5] [INFO] 2号位打出['PASS', 'PASS', 'PASS']， 最大动作为0号位打出的['Pair', '9', ['S9', 'C9']]
[22:34:03] [YFAdapter-P2] [INFO] [YF-P2] Decision context: myPos=2, curPos=2, greaterPos=0, teammate=0, curAction=[, actionList_size=1
[22:34:03] [YFAdapter-P2] [INFO] [YF-P2] Decided: action_index=0, action=['PASS', 'PASS', 'PASS']
[22:34:03] [yf2_v5] [INFO] 3号位打出['PASS', 'PASS', 'PASS']， 最大动作为0号位打出的['Pair', '9', ['S9', 'C9']]
[22:34:03] [yf2_v5] [INFO] 0号位打出['Pair', '8', ['H8', 'C8']]， 最大动作为0号位打出的['Pair', '8', ['H8', 'C8']]
[22:34:03] [yf2_v5] [INFO] 2号位打出['PASS', 'PASS', 'PASS']， 最大动作为0号位打出的['Pair', '8', ['H8', 'C8']]
[22:34:03] [YFAdapter-P2] [INFO] [YF-P2] Decision context: myPos=2, curPos=2, greaterPos=0, teammate=0, curAction=[, actionList_size=1
[22:34:03] [YFAdapter-P2] [INFO] [YF-P2] Decided: action_index=0, action=['PASS', 'PASS', 'PASS']
[22:34:03] [yf2_v5] [INFO] 3号位打出['PASS', 'PASS', 'PASS']， 最大动作为0号位打出的['Pair', '8', ['H8', 'C8']]
[22:34:03] [yf2_v5] [INFO] 0号位打出['ThreeWithTwo', '7', ['H7', 'H7', 'C7', 'H6', 'H6']]， 最大动作为0号位打出的['ThreeWithTwo', '7', ['H7', 'H7', 'C7', 'H6', 'H6']]
[22:34:03] [yf2_v5] [INFO] 2号位打出['PASS', 'PASS', 'PASS']， 最大动作为0号位打出的['ThreeWithTwo', '7', ['H7', 'H7', 'C7', 'H6', 'H6']]
[22:34:03] [yf2_v5] [INFO] 2号位打出['Pair', '8', ['S8', 'D8']]， 最大动作为2号位打出的['Pair', '8', ['S8', 'D8']]
[22:34:03] [YFAdapter-P2] [INFO] [YF-P2] Decision context: myPos=2, curPos=2, greaterPos=2, teammate=0, curAction=[, actionList_size=1
[22:34:03] [YFAdapter-P2] [INFO] [YF-P2] Decided: action_index=0, action=['PASS', 'PASS', 'PASS']
[22:34:03] [yf2_v5] [INFO] 3号位打出['PASS', 'PASS', 'PASS']， 最大动作为2号位打出的['Pair', '8', ['S8', 'D8']]
[22:34:03] [yf2_v5] [INFO] 2号位打出['Pair', 'T', ['ST', 'HT']]， 最大动作为2号位打出的['Pair', 'T', ['ST', 'HT']]
[22:34:03] [YFAdapter-P2] [INFO] [YF-P2] Decision context: myPos=2, curPos=2, greaterPos=2, teammate=0, curAction=[, actionList_size=1
[22:34:03] [YFAdapter-P2] [INFO] [YF-P2] Decided: action_index=0, action=['PASS', 'PASS', 'PASS']
[22:34:03] [yf2_v5] [INFO] 3号位打出['PASS', 'PASS', 'PASS']， 最大动作为2号位打出的['Pair', 'T', ['ST', 'HT']]
[22:34:03] [yf2_v5] [INFO] 2号位打出['ThreeWithTwo', '5', ['S5', 'H5', 'D5', 'C4', 'C4']]， 最大动作为2号位打出的['ThreeWithTwo', '5', ['S5', 'H5', 'D5', 'C4', 'C4']]
[22:34:03] [yf2_v5] [INFO] 游戏开始, 我是3号位，手牌：['H2', 'C2', 'D2', 'D2', 'S4', 'C5', 'C5', 'S6', 'H6', 'D6', 'H7', 'C7', 'H9', 'C9', 'ST', 'CT', 'SJ', 'CJ', 'SQ', 'HQ', 'CQ', 'DQ', 'SK', 'DK', 'HA', 'DA', 'HR']
[22:34:03] [YFAdapter-P2] [INFO] [YF-P2] Decision context: myPos=2, curPos=-1, greaterPos=-1, teammate=0, curAction=[, actionList_size=1
[22:34:03] [YFAdapter-P2] [INFO] [YF-P2] Decided: action_index=0, action=['tribute', 'tribute', [['H', 'R']]]
[22:34:03] [YFAdapter-P2] [INFO] [YF-P2] Decision context: myPos=2, curPos=-1, greaterPos=-1, teammate=0, curAction=[, actionList_size=416
[22:34:03] [YFAdapter-P2] [INFO] [YF-P2] Decided: action_index=4, action=['Single', '4', [['S', '4']]]
[22:34:03] [yf2_v5] [INFO] 3号位打出['Single', '4', ['S4']]， 最大动作为3号位打出的['Single', '4', ['S4']]
[22:34:03] [yf2_v5] [INFO] 0号位打出['Single', 'J', ['HJ']]， 最大动作为0号位打出的['Single', 'J', ['HJ']]
[22:34:03] [yf2_v5] [INFO] 1号位打出['Bomb', 'J', ['SJ', 'CJ', 'DJ', 'DJ']]， 最大动作为1号位打出的['Bomb', 'J', ['SJ', 'CJ', 'DJ', 'DJ']]
[22:34:03] [yf2_v5] [INFO] 2号位打出['PASS', 'PASS', 'PASS']， 最大动作为1号位打出的['Bomb', 'J', ['SJ', 'CJ', 'DJ', 'DJ']]
[22:34:03] [YFAdapter-P2] [INFO] [YF-P2] Decision context: myPos=2, curPos=2, greaterPos=1, teammate=0, curAction=[, actionList_size=3
[22:34:03] [YFAdapter-P2] [INFO] [YF-P2] Decided: action_index=0, action=['PASS', 'PASS', 'PASS']
[22:34:03] [yf2_v5] [INFO] 3号位打出['Bomb', '2', ['S2', 'H2', 'C2', 'D2', 'D2']]， 最大动作为3号位打出的['Bomb', '2', ['S2', 'H2', 'C2', 'D2', 'D2']]
[22:34:03] [yf2_v5] [INFO] 0号位打出['PASS', 'PASS', 'PASS']， 最大动作为3号位打出的['Bomb', '2', ['S2', 'H2', 'C2', 'D2', 'D2']]
[22:34:03] [yf2_v5] [INFO] 1号位打出['PASS', 'PASS', 'PASS']， 最大动作为3号位打出的['Bomb', '2', ['S2', 'H2', 'C2', 'D2', 'D2']]
[22:34:03] [yf2_v5] [INFO] 2号位打出['PASS', 'PASS', 'PASS']， 最大动作为3号位打出的['Bomb', '2', ['S2', 'H2', 'C2', 'D2', 'D2']]
[22:34:03] [YFAdapter-P2] [INFO] [YF-P2] Decision context: myPos=2, curPos=-1, greaterPos=-1, teammate=0, curAction=[, actionList_size=245
[22:34:03] [YFAdapter-P2] [INFO] [YF-P2] Decided: action_index=44, action=['ThreePair', '9', [['H', '9'], ['C', '9'], ['S', 'T'], ['C', 'T'], ['S', 'J'], ['C', 'J']]]
[22:34:03] [yf2_v5] [INFO] 3号位打出['ThreePair', '9', ['H9', 'C9', 'ST', 'CT', 'SJ', 'CJ']]， 最大动作为3号位打出的['ThreePair', '9', ['H9', 'C9', 'ST', 'CT', 'SJ', 'CJ']]
[22:34:03] [yf2_v5] [INFO] 0号位打出['Bomb', '4', ['H4', 'C4', 'C4', 'H3']]， 最大动作为0号位打出的['Bomb', '4', ['H4', 'C4', 'C4', 'H3']]
[22:34:03] [yf2_v5] [INFO] 1号位打出['PASS', 'PASS', 'PASS']， 最大动作为0号位打出的['Bomb', '4', ['H4', 'C4', 'C4', 'H3']]
[22:34:03] [yf2_v5] [INFO] 2号位打出['PASS', 'PASS', 'PASS']， 最大动作为0号位打出的['Bomb', '4', ['H4', 'C4', 'C4', 'H3']]
[22:34:03] [YFAdapter-P2] [INFO] [YF-P2] Decision context: myPos=2, curPos=2, greaterPos=0, teammate=0, curAction=[, actionList_size=2
[22:34:03] [YFAdapter-P2] [INFO] [YF-P2] Decided: action_index=0, action=['PASS', 'PASS', 'PASS']
[22:34:03] [yf2_v5] [INFO] 3号位打出['PASS', 'PASS', 'PASS']， 最大动作为0号位打出的['Bomb', '4', ['H4', 'C4', 'C4', 'H3']]
[22:34:03] [yf2_v5] [INFO] 0号位打出['Single', '2', ['H2']]， 最大动作为0号位打出的['Single', '2', ['H2']]
[22:34:03] [yf2_v5] [INFO] 1号位打出['Single', '9', ['S9']]， 最大动作为1号位打出的['Single', '9', ['S9']]
[22:34:03] [yf2_v5] [INFO] 2号位打出['Single', 'J', ['HJ']]， 最大动作为2号位打出的['Single', 'J', ['HJ']]
[22:34:03] [YFAdapter-P2] [INFO] [YF-P2] Decision context: myPos=2, curPos=2, greaterPos=2, teammate=0, curAction=[, actionList_size=10
[22:34:03] [YFAdapter-P2] [INFO] [YF-P2] Decided: action_index=0, action=['PASS', 'PASS', 'PASS']
[22:34:03] [yf2_v5] [INFO] 3号位打出['PASS', 'PASS', 'PASS']， 最大动作为2号位打出的['Single', 'J', ['HJ']]
[22:34:03] [yf2_v5] [INFO] 0号位打出['Single', 'Q', ['CQ']]， 最大动作为0号位打出的['Single', 'Q', ['CQ']]
[22:34:03] [yf2_v5] [INFO] 1号位打出['Single', 'K', ['CK']]， 最大动作为1号位打出的['Single', 'K', ['CK']]
[22:34:03] [yf2_v5] [INFO] 2号位打出['Single', 'A', ['SA']]， 最大动作为2号位打出的['Single', 'A', ['SA']]
[22:34:03] [YFAdapter-P2] [INFO] [YF-P2] Decision context: myPos=2, curPos=2, greaterPos=2, teammate=0, curAction=[, actionList_size=2
[22:34:03] [YFAdapter-P2] [INFO] [YF-P2] Decided: action_index=1, action=['Bomb', 'Q', [['S', 'Q'], ['H', 'Q'], ['C', 'Q'], ['D', 'Q']]]
[22:34:03] [yf2_v5] [INFO] 3号位打出['Bomb', 'Q', ['SQ', 'HQ', 'CQ', 'DQ']]， 最大动作为3号位打出的['Bomb', 'Q', ['SQ', 'HQ', 'CQ', 'DQ']]
[22:34:03] [yf2_v5] [INFO] 0号位打出['Bomb', 'A', ['SA', 'CA', 'CA', 'DA']]， 最大动作为0号位打出的['Bomb', 'A', ['SA', 'CA', 'CA', 'DA']]
[22:34:03] [yf2_v5] [INFO] 1号位打出['PASS', 'PASS', 'PASS']， 最大动作为0号位打出的['Bomb', 'A', ['SA', 'CA', 'CA', 'DA']]
[22:34:03] [yf2_v5] [INFO] 2号位打出['PASS', 'PASS', 'PASS']， 最大动作为0号位打出的['Bomb', 'A', ['SA', 'CA', 'CA', 'DA']]
[22:34:03] [YFAdapter-P2] [INFO] [YF-P2] Decision context: myPos=2, curPos=2, greaterPos=0, teammate=0, curAction=[, actionList_size=1
[22:34:03] [YFAdapter-P2] [INFO] [YF-P2] Decided: action_index=0, action=['PASS', 'PASS', 'PASS']
[22:34:03] [yf2_v5] [INFO] 3号位打出['PASS', 'PASS', 'PASS']， 最大动作为0号位打出的['Bomb', 'A', ['SA', 'CA', 'CA', 'DA']]
[22:34:03] [yf2_v5] [INFO] 0号位打出['Single', '4', ['D4']]， 最大动作为0号位打出的['Single', '4', ['D4']]
[22:34:03] [yf2_v5] [INFO] 1号位打出['Single', 'Q', ['HQ']]， 最大动作为1号位打出的['Single', 'Q', ['HQ']]
[22:34:03] [yf2_v5] [INFO] 2号位打出['Single', '3', ['S3']]， 最大动作为2号位打出的['Single', '3', ['S3']]
[22:34:03] [YFAdapter-P2] [INFO] [YF-P2] Decision context: myPos=2, curPos=2, greaterPos=2, teammate=0, curAction=[, actionList_size=1
[22:34:03] [YFAdapter-P2] [INFO] [YF-P2] Decided: action_index=0, action=['PASS', 'PASS', 'PASS']
[22:34:03] [yf2_v5] [INFO] 3号位打出['PASS', 'PASS', 'PASS']， 最大动作为2号位打出的['Single', '3', ['S3']]
[22:34:03] [yf2_v5] [INFO] 0号位打出['PASS', 'PASS', 'PASS']， 最大动作为2号位打出的['Single', '3', ['S3']]
[22:34:03] [yf2_v5] [INFO] 1号位打出['Single', 'R', ['HR']]， 最大动作为1号位打出的['Single', 'R', ['HR']]
[22:34:03] [yf2_v5] [INFO] 2号位打出['PASS', 'PASS', 'PASS']， 最大动作为1号位打出的['Single', 'R', ['HR']]
[22:34:03] [YFAdapter-P2] [INFO] [YF-P2] Decision context: myPos=2, curPos=2, greaterPos=1, teammate=0, curAction=[, actionList_size=1
[22:34:03] [YFAdapter-P2] [INFO] [YF-P2] Decided: action_index=0, action=['PASS', 'PASS', 'PASS']
[22:34:03] [yf2_v5] [INFO] 3号位打出['PASS', 'PASS', 'PASS']， 最大动作为1号位打出的['Single', 'R', ['HR']]
[22:34:03] [yf2_v5] [INFO] 0号位打出['PASS', 'PASS', 'PASS']， 最大动作为1号位打出的['Single', 'R', ['HR']]
[22:34:03] [yf2_v5] [INFO] 1号位打出['Single', '2', ['C2']]， 最大动作为1号位打出的['Single', '2', ['C2']]
[22:34:03] [yf2_v5] [INFO] 2号位打出['Single', '4', ['S4']]， 最大动作为2号位打出的['Single', '4', ['S4']]
[22:34:03] [YFAdapter-P2] [INFO] [YF-P2] Decision context: myPos=2, curPos=2, greaterPos=2, teammate=0, curAction=[, actionList_size=11
[22:34:03] [YFAdapter-P2] [INFO] [YF-P2] Decided: action_index=0, action=['PASS', 'PASS', 'PASS']
[22:34:03] [yf2_v5] [INFO] 3号位打出['PASS', 'PASS', 'PASS']， 最大动作为2号位打出的['Single', '4', ['S4']]
[22:34:03] [yf2_v5] [INFO] 0号位打出['Single', 'K', ['SK']]， 最大动作为0号位打出的['Single', 'K', ['SK']]
[22:34:03] [yf2_v5] [INFO] 1号位打出['Single', 'A', ['HA']]， 最大动作为1号位打出的['Single', 'A', ['HA']]
[22:34:03] [yf2_v5] [INFO] 2号位打出['Single', '3', ['S3']]， 最大动作为2号位打出的['Single', '3', ['S3']]
[22:34:03] [YFAdapter-P2] [INFO] [YF-P2] Decision context: myPos=2, curPos=2, greaterPos=2, teammate=0, curAction=[, actionList_size=1
[22:34:03] [YFAdapter-P2] [INFO] [YF-P2] Decided: action_index=0, action=['PASS', 'PASS', 'PASS']
[22:34:03] [yf2_v5] [INFO] 3号位打出['PASS', 'PASS', 'PASS']， 最大动作为2号位打出的['Single', '3', ['S3']]
[22:34:03] [yf2_v5] [INFO] 0号位打出['PASS', 'PASS', 'PASS']， 最大动作为2号位打出的['Single', '3', ['S3']]
[22:34:03] [yf2_v5] [INFO] 1号位打出['Single', 'R', ['HR']]， 最大动作为1号位打出的['Single', 'R', ['HR']]
[22:34:03] [yf2_v5] [INFO] 2号位打出['Bomb', '7', ['S7', 'S7', 'C7', 'H3']]， 最大动作为2号位打出的['Bomb', '7', ['S7', 'S7', 'C7', 'H3']]
[22:34:03] [YFAdapter-P2] [INFO] [YF-P2] Decision context: myPos=2, curPos=2, greaterPos=2, teammate=0, curAction=[, actionList_size=1
[22:34:03] [YFAdapter-P2] [INFO] [YF-P2] Decided: action_index=0, action=['PASS', 'PASS', 'PASS']
[22:34:03] [yf2_v5] [INFO] 3号位打出['PASS', 'PASS', 'PASS']， 最大动作为2号位打出的['Bomb', '7', ['S7', 'S7', 'C7', 'H3']]
[22:34:03] [yf2_v5] [INFO] 0号位打出['PASS', 'PASS', 'PASS']， 最大动作为2号位打出的['Bomb', '7', ['S7', 'S7', 'C7', 'H3']]
[22:34:03] [yf2_v5] [INFO] 1号位打出['PASS', 'PASS', 'PASS']， 最大动作为2号位打出的['Bomb', '7', ['S7', 'S7', 'C7', 'H3']]
[22:34:03] [yf2_v5] [INFO] 2号位打出['Single', '2', ['S2']]， 最大动作为2号位打出的['Single', '2', ['S2']]
[22:34:03] [YFAdapter-P2] [INFO] [YF-P2] Decision context: myPos=2, curPos=2, greaterPos=2, teammate=0, curAction=[, actionList_size=11
[22:34:03] [YFAdapter-P2] [INFO] [YF-P2] Decided: action_index=5, action=['Single', '7', [['H', '7']]]
[22:34:04] [yf2_v5] [INFO] 3号位打出['Single', '7', ['H7']]， 最大动作为3号位打出的['Single', '7', ['H7']]
[22:34:04] [yf2_v5] [INFO] 0号位打出['Single', '3', ['C3']]， 最大动作为0号位打出的['Single', '3', ['C3']]
[22:34:04] [yf2_v5] [INFO] 1号位打出['PASS', 'PASS', 'PASS']， 最大动作为0号位打出的['Single', '3', ['C3']]
[22:34:04] [yf2_v5] [INFO] 2号位打出['PASS', 'PASS', 'PASS']， 最大动作为0号位打出的['Single', '3', ['C3']]
[22:34:04] [YFAdapter-P2] [INFO] [YF-P2] Decision context: myPos=2, curPos=2, greaterPos=0, teammate=0, curAction=[, actionList_size=1
[22:34:04] [YFAdapter-P2] [INFO] [YF-P2] Decided: action_index=0, action=['PASS', 'PASS', 'PASS']
[22:34:04] [yf2_v5] [INFO] 3号位打出['PASS', 'PASS', 'PASS']， 最大动作为0号位打出的['Single', '3', ['C3']]
[22:34:04] [yf2_v5] [INFO] 0号位打出['Straight', '5', ['H5', 'D6', 'H7', 'S8', 'C9']]， 最大动作为0号位打出的['Straight', '5', ['H5', 'D6', 'H7', 'S8', 'C9']]
[22:34:04] [yf2_v5] [INFO] 1号位打出['PASS', 'PASS', 'PASS']， 最大动作为0号位打出的['Straight', '5', ['H5', 'D6', 'H7', 'S8', 'C9']]
[22:34:04] [yf2_v5] [INFO] 2号位打出['Bomb', '8', ['S8', 'H8', 'C8', 'C8']]， 最大动作为2号位打出的['Bomb', '8', ['S8', 'H8', 'C8', 'C8']]
[22:34:04] [YFAdapter-P2] [INFO] [YF-P2] Decision context: myPos=2, curPos=2, greaterPos=2, teammate=0, curAction=[, actionList_size=1
[22:34:04] [YFAdapter-P2] [INFO] [YF-P2] Decided: action_index=0, action=['PASS', 'PASS', 'PASS']
[22:34:04] [yf2_v5] [INFO] 3号位打出['PASS', 'PASS', 'PASS']， 最大动作为2号位打出的['Bomb', '8', ['S8', 'H8', 'C8', 'C8']]
[22:34:04] [yf2_v5] [INFO] 0号位打出['PASS', 'PASS', 'PASS']， 最大动作为2号位打出的['Bomb', '8', ['S8', 'H8', 'C8', 'C8']]
[22:34:04] [yf2_v5] [INFO] 1号位打出['PASS', 'PASS', 'PASS']， 最大动作为2号位打出的['Bomb', '8', ['S8', 'H8', 'C8', 'C8']]
[22:34:04] [yf2_v5] [INFO] 2号位打出['Single', '6', ['C6']]， 最大动作为2号位打出的['Single', '6', ['C6']]
[22:34:04] [YFAdapter-P2] [INFO] [YF-P2] Decision context: myPos=2, curPos=2, greaterPos=2, teammate=0, curAction=[, actionList_size=6
[22:34:04] [YFAdapter-P2] [INFO] [YF-P2] Decided: action_index=1, action=['Single', '7', [['C', '7']]]
[22:34:04] [yf2_v5] [INFO] 3号位打出['Single', '7', ['C7']]， 最大动作为3号位打出的['Single', '7', ['C7']]
[22:34:04] [yf2_v5] [INFO] 0号位打出['Single', '3', ['C3']]， 最大动作为0号位打出的['Single', '3', ['C3']]
[22:34:04] [yf2_v5] [INFO] 1号位打出['PASS', 'PASS', 'PASS']， 最大动作为0号位打出的['Single', '3', ['C3']]
[22:34:04] [yf2_v5] [INFO] 2号位打出['PASS', 'PASS', 'PASS']， 最大动作为0号位打出的['Single', '3', ['C3']]
[22:34:04] [YFAdapter-P2] [INFO] [YF-P2] Decision context: myPos=2, curPos=2, greaterPos=0, teammate=0, curAction=[, actionList_size=1
[22:34:04] [YFAdapter-P2] [INFO] [YF-P2] Decided: action_index=0, action=['PASS', 'PASS', 'PASS']
[22:34:04] [yf2_v5] [INFO] 3号位打出['PASS', 'PASS', 'PASS']， 最大动作为0号位打出的['Single', '3', ['C3']]
[22:34:04] [yf2_v5] [INFO] 0号位打出['Pair', '8', ['D8', 'D8']]， 最大动作为0号位打出的['Pair', '8', ['D8', 'D8']]
[22:34:04] [yf2_v5] [INFO] 1号位打出['Pair', '9', ['H9', 'D9']]， 最大动作为1号位打出的['Pair', '9', ['H9', 'D9']]
[22:34:04] [yf2_v5] [INFO] 2号位打出['Pair', 'T', ['ST', 'DT']]， 最大动作为2号位打出的['Pair', 'T', ['ST', 'DT']]
[22:34:04] [YFAdapter-P2] [INFO] [YF-P2] Decision context: myPos=2, curPos=2, greaterPos=2, teammate=0, curAction=[, actionList_size=3
[22:34:04] [YFAdapter-P2] [INFO] [YF-P2] Decided: action_index=1, action=['Pair', 'K', [['S', 'K'], ['D', 'K']]]
[22:34:04] [yf2_v5] [INFO] 3号位打出['Pair', 'K', ['SK', 'DK']]， 最大动作为3号位打出的['Pair', 'K', ['SK', 'DK']]
[22:34:04] [yf2_v5] [INFO] 0号位打出['PASS', 'PASS', 'PASS']， 最大动作为3号位打出的['Pair', 'K', ['SK', 'DK']]
[22:34:04] [yf2_v5] [INFO] 1号位打出['PASS', 'PASS', 'PASS']， 最大动作为3号位打出的['Pair', 'K', ['SK', 'DK']]
[22:34:04] [yf2_v5] [INFO] 2号位打出['Pair', 'B', ['SB', 'SB']]， 最大动作为2号位打出的['Pair', 'B', ['SB', 'SB']]
[22:34:04] [YFAdapter-P2] [INFO] [YF-P2] Decision context: myPos=2, curPos=2, greaterPos=2, teammate=0, curAction=[, actionList_size=1
[22:34:04] [YFAdapter-P2] [INFO] [YF-P2] Decided: action_index=0, action=['PASS', 'PASS', 'PASS']
[22:34:04] [yf2_v5] [INFO] 3号位打出['PASS', 'PASS', 'PASS']， 最大动作为2号位打出的['Pair', 'B', ['SB', 'SB']]
[22:34:04] [yf2_v5] [INFO] 0号位打出['PASS', 'PASS', 'PASS']， 最大动作为2号位打出的['Pair', 'B', ['SB', 'SB']]
[22:34:04] [yf2_v5] [INFO] 1号位打出['PASS', 'PASS', 'PASS']， 最大动作为2号位打出的['Pair', 'B', ['SB', 'SB']]
[22:34:04] [yf2_v5] [INFO] 2号位打出['Single', '7', ['D7']]， 最大动作为2号位打出的['Single', '7', ['D7']]
[22:34:04] [YFAdapter-P2] [INFO] [YF-P2] Decision context: myPos=2, curPos=2, greaterPos=2, teammate=0, curAction=[, actionList_size=3
[22:34:04] [YFAdapter-P2] [INFO] [YF-P2] Decided: action_index=0, action=['PASS', 'PASS', 'PASS']
[22:34:04] [yf2_v5] [INFO] 3号位打出['Single', 'A', ['HA']]， 最大动作为3号位打出的['Single', 'A', ['HA']]
[22:34:04] [yf2_v5] [INFO] 0号位打出['Single', '3', ['D3']]， 最大动作为0号位打出的['Single', '3', ['D3']]
[22:34:04] [yf2_v5] [INFO] 1号位打出['PASS', 'PASS', 'PASS']， 最大动作为0号位打出的['Single', '3', ['D3']]
[22:34:04] [yf2_v5] [INFO] 2号位打出['PASS', 'PASS', 'PASS']， 最大动作为0号位打出的['Single', '3', ['D3']]
[22:34:04] [YFAdapter-P2] [INFO] [YF-P2] Decision context: myPos=2, curPos=2, greaterPos=0, teammate=0, curAction=[, actionList_size=1
[22:34:04] [YFAdapter-P2] [INFO] [YF-P2] Decided: action_index=0, action=['PASS', 'PASS', 'PASS']
[22:34:04] [yf2_v5] [INFO] 3号位打出['PASS', 'PASS', 'PASS']， 最大动作为0号位打出的['Single', '3', ['D3']]
[22:34:04] [yf2_v5] [INFO] 0号位打出['Bomb', 'T', ['HT', 'HT', 'CT', 'DT']]， 最大动作为0号位打出的['Bomb', 'T', ['HT', 'HT', 'CT', 'DT']]
[22:34:04] [yf2_v5] [INFO] 1号位打出['PASS', 'PASS', 'PASS']， 最大动作为0号位打出的['Bomb', 'T', ['HT', 'HT', 'CT', 'DT']]
[22:34:04] [yf2_v5] [INFO] 2号位打出['PASS', 'PASS', 'PASS']， 最大动作为0号位打出的['Bomb', 'T', ['HT', 'HT', 'CT', 'DT']]
[22:34:04] [yf2_v5] [INFO] 2号位打出['Pair', '5', ['S5', 'D5']]， 最大动作为2号位打出的['Pair', '5', ['S5', 'D5']]
[22:34:04] [YFAdapter-P2] [INFO] [YF-P2] Decision context: myPos=2, curPos=2, greaterPos=2, teammate=0, curAction=[, actionList_size=4
[22:34:04] [YFAdapter-P2] [INFO] [YF-P2] Decided: action_index=2, action=['Pair', '6', [['S', '6'], ['H', '6']]]
[22:34:04] [yf2_v5] [INFO] 3号位打出['PASS', 'PASS', 'PASS']， 最大动作为2号位打出的['Pair', '5', ['S5', 'D5']]
[22:34:04] [yf2_v5] [INFO] 1号位打出['PASS', 'PASS', 'PASS']， 最大动作为2号位打出的['Pair', '5', ['S5', 'D5']]
[22:34:04] [yf2_v5] [INFO] 2号位打出['ThreeWithTwo', 'K', ['HK', 'HK', 'CK', 'S9', 'D9']]， 最大动作为2号位打出的['ThreeWithTwo', 'K', ['HK', 'HK', 'CK', 'S9', 'D9']]
[22:34:04] [yf2_v5] [INFO] 游戏开始, 我是3号位，手牌：['D2', 'S3', 'S4', 'D4', 'S6', 'S7', 'H7', 'D7', 'S8', 'D8', 'S9', 'C9', 'ST', 'ST', 'CT', 'SJ', 'HJ', 'DJ', 'SQ', 'HQ', 'CQ', 'SK', 'HA', 'DA', 'C5', 'D5', 'HR']
[22:34:04] [yf2_v5] [INFO] 0号位打出['Single', '2', ['C2']]， 最大动作为0号位打出的['Single', '2', ['C2']]
[22:34:04] [yf2_v5] [INFO] 1号位打出['Bomb', '9', ['H9', 'H9', 'H5', 'H5']]， 最大动作为1号位打出的['Bomb', '9', ['H9', 'H9', 'H5', 'H5']]
[22:34:04] [yf2_v5] [INFO] 2号位打出['PASS', 'PASS', 'PASS']， 最大动作为1号位打出的['Bomb', '9', ['H9', 'H9', 'H5', 'H5']]
[22:34:04] [YFAdapter-P2] [INFO] [YF-P2] Decision context: myPos=2, curPos=2, greaterPos=1, teammate=0, curAction=[, actionList_size=1
[22:34:04] [YFAdapter-P2] [INFO] [YF-P2] Decided: action_index=0, action=['PASS', 'PASS', 'PASS']
[22:34:04] [yf2_v5] [INFO] 3号位打出['PASS', 'PASS', 'PASS']， 最大动作为1号位打出的['Bomb', '9', ['H9', 'H9', 'H5', 'H5']]
[22:34:04] [yf2_v5] [INFO] 0号位打出['PASS', 'PASS', 'PASS']， 最大动作为1号位打出的['Bomb', '9', ['H9', 'H9', 'H5', 'H5']]
[22:34:04] [yf2_v5] [INFO] 1号位打出['Single', '4', ['C4']]， 最大动作为1号位打出的['Single', '4', ['C4']]
[22:34:04] [yf2_v5] [INFO] 2号位打出['Single', '7', ['C7']]， 最大动作为2号位打出的['Single', '7', ['C7']]
[22:34:04] [YFAdapter-P2] [INFO] [YF-P2] Decision context: myPos=2, curPos=2, greaterPos=2, teammate=0, curAction=[, actionList_size=23
[22:34:04] [YFAdapter-P2] [INFO] [YF-P2] Decided: action_index=6, action=['Single', 'T', [['C', 'T']]]
[22:34:04] [yf2_v5] [INFO] 3号位打出['Single', 'T', ['CT']]， 最大动作为3号位打出的['Single', 'T', ['CT']]
[22:34:04] [yf2_v5] [INFO] 0号位打出['Single', '5', ['S5']]， 最大动作为0号位打出的['Single', '5', ['S5']]
[22:34:04] [yf2_v5] [INFO] 1号位打出['Single', 'R', ['HR']]， 最大动作为1号位打出的['Single', 'R', ['HR']]
[22:34:04] [yf2_v5] [INFO] 2号位打出['PASS', 'PASS', 'PASS']， 最大动作为1号位打出的['Single', 'R', ['HR']]
[22:34:04] [YFAdapter-P2] [INFO] [YF-P2] Decision context: myPos=2, curPos=2, greaterPos=1, teammate=0, curAction=[, actionList_size=5
[22:34:04] [YFAdapter-P2] [INFO] [YF-P2] Decided: action_index=0, action=['PASS', 'PASS', 'PASS']
[22:34:04] [yf2_v5] [INFO] 3号位打出['StraightFlush', '7', ['S7', 'S8', 'S9', 'ST', 'SJ']]， 最大动作为3号位打出的['StraightFlush', '7', ['S7', 'S8', 'S9', 'ST', 'SJ']]
[22:34:04] [yf2_v5] [INFO] 0号位打出['PASS', 'PASS', 'PASS']， 最大动作为3号位打出的['StraightFlush', '7', ['S7', 'S8', 'S9', 'ST', 'SJ']]
[22:34:04] [yf2_v5] [INFO] 1号位打出['PASS', 'PASS', 'PASS']， 最大动作为3号位打出的['StraightFlush', '7', ['S7', 'S8', 'S9', 'ST', 'SJ']]
[22:34:04] [yf2_v5] [INFO] 2号位打出['PASS', 'PASS', 'PASS']， 最大动作为3号位打出的['StraightFlush', '7', ['S7', 'S8', 'S9', 'ST', 'SJ']]
[22:34:04] [YFAdapter-P2] [INFO] [YF-P2] Decision context: myPos=2, curPos=-1, greaterPos=-1, teammate=0, curAction=[, actionList_size=97
[22:34:04] [YFAdapter-P2] [INFO] [YF-P2] Decided: action_index=0, action=['Single', '2', [['D', '2']]]
[22:34:04] [yf2_v5] [INFO] 3号位打出['Single', '2', ['D2']]， 最大动作为3号位打出的['Single', '2', ['D2']]
[22:34:04] [yf2_v5] [INFO] 0号位打出['Single', '3', ['C3']]， 最大动作为0号位打出的['Single', '3', ['C3']]
[22:34:04] [yf2_v5] [INFO] 1号位打出['Single', '9', ['S9']]， 最大动作为1号位打出的['Single', '9', ['S9']]
[22:34:04] [yf2_v5] [INFO] 2号位打出['Single', 'Q', ['DQ']]， 最大动作为2号位打出的['Single', 'Q', ['DQ']]
[22:34:04] [YFAdapter-P2] [INFO] [YF-P2] Decision context: myPos=2, curPos=2, greaterPos=2, teammate=0, curAction=[, actionList_size=7
[22:34:04] [YFAdapter-P2] [INFO] [YF-P2] Decided: action_index=5, action=['Single', '5', [['D', '5']]]
[22:34:04] [yf2_v5] [INFO] 3号位打出['Single', '5', ['D5']]， 最大动作为3号位打出的['Single', '5', ['D5']]
[22:34:04] [yf2_v5] [INFO] 0号位打出['Single', 'B', ['SB']]， 最大动作为0号位打出的['Single', 'B', ['SB']]
[22:34:04] [yf2_v5] [INFO] 1号位打出['PASS', 'PASS', 'PASS']， 最大动作为0号位打出的['Single', 'B', ['SB']]
[22:34:04] [yf2_v5] [INFO] 2号位打出['PASS', 'PASS', 'PASS']， 最大动作为0号位打出的['Single', 'B', ['SB']]
[22:34:04] [YFAdapter-P2] [INFO] [YF-P2] Decision context: myPos=2, curPos=2, greaterPos=0, teammate=0, curAction=[, actionList_size=2
[22:34:04] [YFAdapter-P2] [INFO] [YF-P2] Decided: action_index=0, action=['PASS', 'PASS', 'PASS']
[22:34:04] [yf2_v5] [INFO] 3号位打出['PASS', 'PASS', 'PASS']， 最大动作为0号位打出的['Single', 'B', ['SB']]
[22:34:04] [yf2_v5] [INFO] 0号位打出['ThreePair', '6', ['H6', 'C6', 'S7', 'D7', 'H8', 'C8']]， 最大动作为0号位打出的['ThreePair', '6', ['H6', 'C6', 'S7', 'D7', 'H8', 'C8']]
[22:34:04] [yf2_v5] [INFO] 1号位打出['PASS', 'PASS', 'PASS']， 最大动作为0号位打出的['ThreePair', '6', ['H6', 'C6', 'S7', 'D7', 'H8', 'C8']]
[22:34:04] [yf2_v5] [INFO] 2号位打出['PASS', 'PASS', 'PASS']， 最大动作为0号位打出的['ThreePair', '6', ['H6', 'C6', 'S7', 'D7', 'H8', 'C8']]
[22:34:04] [YFAdapter-P2] [INFO] [YF-P2] Decision context: myPos=2, curPos=2, greaterPos=0, teammate=0, curAction=[, actionList_size=1
[22:34:04] [YFAdapter-P2] [INFO] [YF-P2] Decided: action_index=0, action=['PASS', 'PASS', 'PASS']
[22:34:04] [yf2_v5] [INFO] 3号位打出['PASS', 'PASS', 'PASS']， 最大动作为0号位打出的['ThreePair', '6', ['H6', 'C6', 'S7', 'D7', 'H8', 'C8']]
[22:34:04] [yf2_v5] [INFO] 0号位打出['Single', '9', ['D9']]， 最大动作为0号位打出的['Single', '9', ['D9']]
[22:34:04] [yf2_v5] [INFO] 1号位打出['Single', '5', ['D5']]， 最大动作为1号位打出的['Single', '5', ['D5']]
[22:34:04] [yf2_v5] [INFO] 2号位打出['PASS', 'PASS', 'PASS']， 最大动作为1号位打出的['Single', '5', ['D5']]
[22:34:04] [YFAdapter-P2] [INFO] [YF-P2] Decision context: myPos=2, curPos=2, greaterPos=1, teammate=0, curAction=[, actionList_size=2
[22:34:04] [YFAdapter-P2] [INFO] [YF-P2] Decided: action_index=0, action=['PASS', 'PASS', 'PASS']
[22:34:04] [yf2_v5] [INFO] 3号位打出['Single', 'R', ['HR']]， 最大动作为3号位打出的['Single', 'R', ['HR']]
[22:34:04] [yf2_v5] [INFO] 0号位打出['PASS', 'PASS', 'PASS']， 最大动作为3号位打出的['Single', 'R', ['HR']]
[22:34:04] [yf2_v5] [INFO] 1号位打出['PASS', 'PASS', 'PASS']， 最大动作为3号位打出的['Single', 'R', ['HR']]
[22:34:04] [yf2_v5] [INFO] 2号位打出['PASS', 'PASS', 'PASS']， 最大动作为3号位打出的['Single', 'R', ['HR']]
[22:34:04] [YFAdapter-P2] [INFO] [YF-P2] Decision context: myPos=2, curPos=-1, greaterPos=-1, teammate=0, curAction=[, actionList_size=70
[22:34:04] [YFAdapter-P2] [INFO] [YF-P2] Decided: action_index=0, action=['Single', '3', [['S', '3']]]
[22:34:04] [yf2_v5] [INFO] 3号位打出['Single', '3', ['S3']]， 最大动作为3号位打出的['Single', '3', ['S3']]
[22:34:04] [yf2_v5] [INFO] 0号位打出['Single', '5', ['S5']]， 最大动作为0号位打出的['Single', '5', ['S5']]
[22:34:04] [yf2_v5] [INFO] 1号位打出['PASS', 'PASS', 'PASS']， 最大动作为0号位打出的['Single', '5', ['S5']]
[22:34:04] [yf2_v5] [INFO] 2号位打出['PASS', 'PASS', 'PASS']， 最大动作为0号位打出的['Single', '5', ['S5']]
[22:34:04] [YFAdapter-P2] [INFO] [YF-P2] Decision context: myPos=2, curPos=2, greaterPos=0, teammate=0, curAction=[, actionList_size=1
[22:34:04] [YFAdapter-P2] [INFO] [YF-P2] Decided: action_index=0, action=['PASS', 'PASS', 'PASS']
[22:34:04] [yf2_v5] [INFO] 3号位打出['PASS', 'PASS', 'PASS']， 最大动作为0号位打出的['Single', '5', ['S5']]
[22:34:04] [yf2_v5] [INFO] 0号位打出['ThreeWithTwo', 'J', ['SJ', 'CJ', 'DJ', 'H4', 'D4']]， 最大动作为0号位打出的['ThreeWithTwo', 'J', ['SJ', 'CJ', 'DJ', 'H4', 'D4']]
[22:34:04] [yf2_v5] [INFO] 1号位打出['PASS', 'PASS', 'PASS']， 最大动作为0号位打出的['ThreeWithTwo', 'J', ['SJ', 'CJ', 'DJ', 'H4', 'D4']]
[22:34:04] [yf2_v5] [INFO] 2号位打出['ThreeWithTwo', 'K', ['SK', 'CK', 'CK', 'S8', 'H8']]， 最大动作为2号位打出的['ThreeWithTwo', 'K', ['SK', 'CK', 'CK', 'S8', 'H8']]
[22:34:04] [YFAdapter-P2] [INFO] [YF-P2] Decision context: myPos=2, curPos=2, greaterPos=2, teammate=0, curAction=[, actionList_size=1
[22:34:04] [YFAdapter-P2] [INFO] [YF-P2] Decided: action_index=0, action=['PASS', 'PASS', 'PASS']
[22:34:04] [yf2_v5] [INFO] 3号位打出['PASS', 'PASS', 'PASS']， 最大动作为2号位打出的['ThreeWithTwo', 'K', ['SK', 'CK', 'CK', 'S8', 'H8']]
[22:34:04] [yf2_v5] [INFO] 0号位打出['PASS', 'PASS', 'PASS']， 最大动作为2号位打出的['ThreeWithTwo', 'K', ['SK', 'CK', 'CK', 'S8', 'H8']]
[22:34:04] [yf2_v5] [INFO] 1号位打出['PASS', 'PASS', 'PASS']， 最大动作为2号位打出的['ThreeWithTwo', 'K', ['SK', 'CK', 'CK', 'S8', 'H8']]
[22:34:04] [yf2_v5] [INFO] 2号位打出['Single', '2', ['S2']]， 最大动作为2号位打出的['Single', '2', ['S2']]
[22:34:04] [YFAdapter-P2] [INFO] [YF-P2] Decision context: myPos=2, curPos=2, greaterPos=2, teammate=0, curAction=[, actionList_size=18
[22:34:04] [YFAdapter-P2] [INFO] [YF-P2] Decided: action_index=16, action=['Single', 'A', [['D', 'A']]]
[22:34:04] [yf2_v5] [INFO] 3号位打出['Single', 'A', ['DA']]， 最大动作为3号位打出的['Single', 'A', ['DA']]
[22:34:04] [yf2_v5] [INFO] 0号位打出['Single', '5', ['C5']]， 最大动作为0号位打出的['Single', '5', ['C5']]
[22:34:04] [yf2_v5] [INFO] 1号位打出['Single', 'B', ['SB']]， 最大动作为1号位打出的['Single', 'B', ['SB']]
[22:34:04] [yf2_v5] [INFO] 2号位打出['PASS', 'PASS', 'PASS']， 最大动作为1号位打出的['Single', 'B', ['SB']]
[22:34:04] [YFAdapter-P2] [INFO] [YF-P2] Decision context: myPos=2, curPos=2, greaterPos=1, teammate=0, curAction=[, actionList_size=1
[22:34:04] [YFAdapter-P2] [INFO] [YF-P2] Decided: action_index=0, action=['PASS', 'PASS', 'PASS']
[22:34:04] [yf2_v5] [INFO] 3号位打出['PASS', 'PASS', 'PASS']， 最大动作为1号位打出的['Single', 'B', ['SB']]
[22:34:04] [yf2_v5] [INFO] 0号位打出['PASS', 'PASS', 'PASS']， 最大动作为1号位打出的['Single', 'B', ['SB']]
[22:34:04] [yf2_v5] [INFO] 1号位打出['ThreePair', '6', ['S6', 'H6', 'H7', 'C7', 'C8', 'D8']]， 最大动作为1号位打出的['ThreePair', '6', ['S6', 'H6', 'H7', 'C7', 'C8', 'D8']]
[22:34:04] [yf2_v5] [INFO] 2号位打出['PASS', 'PASS', 'PASS']， 最大动作为1号位打出的['ThreePair', '6', ['S6', 'H6', 'H7', 'C7', 'C8', 'D8']]
[22:34:04] [YFAdapter-P2] [INFO] [YF-P2] Decision context: myPos=2, curPos=2, greaterPos=1, teammate=0, curAction=[, actionList_size=1
[22:34:04] [YFAdapter-P2] [INFO] [YF-P2] Decided: action_index=0, action=['PASS', 'PASS', 'PASS']
[22:34:04] [yf2_v5] [INFO] 3号位打出['PASS', 'PASS', 'PASS']， 最大动作为1号位打出的['ThreePair', '6', ['S6', 'H6', 'H7', 'C7', 'C8', 'D8']]
[22:34:04] [yf2_v5] [INFO] 0号位打出['PASS', 'PASS', 'PASS']， 最大动作为1号位打出的['ThreePair', '6', ['S6', 'H6', 'H7', 'C7', 'C8', 'D8']]
[22:34:04] [yf2_v5] [INFO] 1号位打出['ThreeWithTwo', '3', ['H3', 'H3', 'D3', 'S2', 'H2']]， 最大动作为1号位打出的['ThreeWithTwo', '3', ['H3', 'H3', 'D3', 'S2', 'H2']]
[22:34:04] [yf2_v5] [INFO] 2号位打出['ThreeWithTwo', '6', ['C6', 'D6', 'D6', 'HT', 'DT']]， 最大动作为2号位打出的['ThreeWithTwo', '6', ['C6', 'D6', 'D6', 'HT', 'DT']]
[22:34:04] [YFAdapter-P2] [INFO] [YF-P2] Decision context: myPos=2, curPos=2, greaterPos=2, teammate=0, curAction=[, actionList_size=4
[22:34:04] [YFAdapter-P2] [INFO] [YF-P2] Decided: action_index=0, action=['PASS', 'PASS', 'PASS']
[22:34:04] [yf2_v5] [INFO] 3号位打出['ThreeWithTwo', 'Q', ['SQ', 'HQ', 'CQ', 'S4', 'D4']]， 最大动作为3号位打出的['ThreeWithTwo', 'Q', ['SQ', 'HQ', 'CQ', 'S4', 'D4']]
[22:34:04] [yf2_v5] [INFO] 0号位打出['ThreeWithTwo', 'A', ['HA', 'CA', 'DA', 'DK', 'DK']]， 最大动作为0号位打出的['ThreeWithTwo', 'A', ['HA', 'CA', 'DA', 'DK', 'DK']]
[22:34:04] [yf2_v5] [INFO] 1号位打出['PASS', 'PASS', 'PASS']， 最大动作为0号位打出的['ThreeWithTwo', 'A', ['HA', 'CA', 'DA', 'DK', 'DK']]
[22:34:04] [yf2_v5] [INFO] 2号位打出['PASS', 'PASS', 'PASS']， 最大动作为0号位打出的['ThreeWithTwo', 'A', ['HA', 'CA', 'DA', 'DK', 'DK']]
[22:34:04] [YFAdapter-P2] [INFO] [YF-P2] Decision context: myPos=2, curPos=2, greaterPos=0, teammate=0, curAction=[, actionList_size=1
[22:34:04] [YFAdapter-P2] [INFO] [YF-P2] Decided: action_index=0, action=['PASS', 'PASS', 'PASS']
[22:34:04] [yf2_v5] [INFO] 3号位打出['PASS', 'PASS', 'PASS']， 最大动作为0号位打出的['ThreeWithTwo', 'A', ['HA', 'CA', 'DA', 'DK', 'DK']]
[22:34:04] [yf2_v5] [INFO] 0号位打出['Bomb', 'Q', ['SQ', 'HQ', 'CQ', 'DQ']]， 最大动作为0号位打出的['Bomb', 'Q', ['SQ', 'HQ', 'CQ', 'DQ']]
[22:34:04] [yf2_v5] [INFO] 1号位打出['PASS', 'PASS', 'PASS']， 最大动作为0号位打出的['Bomb', 'Q', ['SQ', 'HQ', 'CQ', 'DQ']]
[22:34:04] [yf2_v5] [INFO] 2号位打出['PASS', 'PASS', 'PASS']， 最大动作为0号位打出的['Bomb', 'Q', ['SQ', 'HQ', 'CQ', 'DQ']]
[22:34:04] [yf2_v5] [INFO] 2号位打出['Single', '2', ['H2']]， 最大动作为2号位打出的['Single', '2', ['H2']]
[22:34:04] [YFAdapter-P2] [INFO] [YF-P2] Decision context: myPos=2, curPos=2, greaterPos=2, teammate=0, curAction=[, actionList_size=12
[22:34:04] [YFAdapter-P2] [INFO] [YF-P2] Decided: action_index=10, action=['Single', 'A', [['H', 'A']]]
[22:34:04] [yf2_v5] [INFO] 3号位打出['Single', 'A', ['HA']]， 最大动作为3号位打出的['Single', 'A', ['HA']]
[22:34:04] [yf2_v5] [INFO] 1号位打出['PASS', 'PASS', 'PASS']， 最大动作为3号位打出的['Single', 'A', ['HA']]
[22:34:04] [yf2_v5] [INFO] 2号位打出['PASS', 'PASS', 'PASS']， 最大动作为3号位打出的['Single', 'A', ['HA']]
[22:34:04] [YFAdapter-P2] [INFO] [YF-P2] Decision context: myPos=2, curPos=-1, greaterPos=-1, teammate=0, curAction=[, actionList_size=20
[22:34:04] [YFAdapter-P2] [INFO] [YF-P2] Decided: action_index=2, action=['Single', '7', [['D', '7']]]
[22:34:04] [yf2_v5] [INFO] 3号位打出['Single', '7', ['D7']]， 最大动作为3号位打出的['Single', '7', ['D7']]
[22:34:04] [yf2_v5] [INFO] 1号位打出['Single', 'A', ['CA']]， 最大动作为1号位打出的['Single', 'A', ['CA']]
[22:34:04] [yf2_v5] [INFO] 2号位打出['PASS', 'PASS', 'PASS']， 最大动作为1号位打出的['Single', 'A', ['CA']]
[22:34:04] [YFAdapter-P2] [INFO] [YF-P2] Decision context: myPos=2, curPos=2, greaterPos=1, teammate=0, curAction=[, actionList_size=2
[22:34:04] [YFAdapter-P2] [INFO] [YF-P2] Decided: action_index=0, action=['PASS', 'PASS', 'PASS']
[22:34:04] [yf2_v5] [INFO] 3号位打出['Single', '5', ['C5']]， 最大动作为3号位打出的['Single', '5', ['C5']]
[22:34:04] [yf2_v5] [INFO] 1号位打出['PASS', 'PASS', 'PASS']， 最大动作为3号位打出的['Single', '5', ['C5']]
[22:34:04] [yf2_v5] [INFO] 2号位打出['PASS', 'PASS', 'PASS']， 最大动作为3号位打出的['Single', '5', ['C5']]
[22:34:04] [YFAdapter-P2] [INFO] [YF-P2] Decision context: myPos=2, curPos=-1, greaterPos=-1, teammate=0, curAction=[, actionList_size=12
[22:34:04] [YFAdapter-P2] [INFO] [YF-P2] Decided: action_index=9, action=['Straight', '6', [['S', '6'], ['H', '7'], ['D', '8'], ['C', '9'], ['S', 'T']]]
[22:34:04] [yf2_v5] [INFO] 3号位打出['Straight', '6', ['S6', 'H7', 'D8', 'C9', 'ST']]， 最大动作为3号位打出的['Straight', '6', ['S6', 'H7', 'D8', 'C9', 'ST']]
[22:34:04] [yf2_v5] [INFO] 1号位打出['PASS', 'PASS', 'PASS']， 最大动作为3号位打出的['Straight', '6', ['S6', 'H7', 'D8', 'C9', 'ST']]
[22:34:04] [yf2_v5] [INFO] 2号位打出['PASS', 'PASS', 'PASS']， 最大动作为3号位打出的['Straight', '6', ['S6', 'H7', 'D8', 'C9', 'ST']]
[22:34:04] [YFAdapter-P2] [INFO] [YF-P2] Decision context: myPos=2, curPos=-1, greaterPos=-1, teammate=0, curAction=[, actionList_size=4
[22:34:04] [YFAdapter-P2] [INFO] [YF-P2] Decided: action_index=3, action=['Pair', 'J', [['H', 'J'], ['D', 'J']]]
[22:34:04] [yf2_v5] [INFO] 3号位打出['Pair', 'J', ['HJ', 'DJ']]， 最大动作为3号位打出的['Pair', 'J', ['HJ', 'DJ']]
[22:34:04] [yf2_v5] [INFO] 1号位打出['Pair', 'K', ['HK', 'HK']]， 最大动作为1号位打出的['Pair', 'K', ['HK', 'HK']]
[22:34:04] [yf2_v5] [INFO] 2号位打出['Pair', 'A', ['SA', 'SA']]， 最大动作为2号位打出的['Pair', 'A', ['SA', 'SA']]
[22:34:04] [YFAdapter-P2] [INFO] [YF-P2] Decision context: myPos=2, curPos=2, greaterPos=2, teammate=0, curAction=[, actionList_size=1
[22:34:04] [YFAdapter-P2] [INFO] [YF-P2] Decided: action_index=0, action=['PASS', 'PASS', 'PASS']
[22:34:04] [yf2_v5] [INFO] 3号位打出['PASS', 'PASS', 'PASS']， 最大动作为2号位打出的['Pair', 'A', ['SA', 'SA']]
[22:34:04] [yf2_v5] [INFO] 1号位打出['PASS', 'PASS', 'PASS']， 最大动作为2号位打出的['Pair', 'A', ['SA', 'SA']]
[22:34:04] [yf2_v5] [INFO] 2号位打出['Single', '2', ['C2']]， 最大动作为2号位打出的['Single', '2', ['C2']]
[22:34:04] [YFAdapter-P2] [INFO] [YF-P2] Decision context: myPos=2, curPos=2, greaterPos=2, teammate=0, curAction=[, actionList_size=2
[22:34:04] [YFAdapter-P2] [INFO] [YF-P2] Decided: action_index=0, action=['PASS', 'PASS', 'PASS']
[22:34:04] [YFAdapter-P2] [WARNING] [YF-P2] 检测到过于保守: 对手快走完(剩1张), 触发Layer 2/3进行更积极的决策
[22:34:04] [yf2_v5] [INFO] 3号位打出['Single', 'K', ['SK']]， 最大动作为3号位打出的['Single', 'K', ['SK']]
[22:34:04] [yf2_v5] [INFO] 1号位打出['PASS', 'PASS', 'PASS']， 最大动作为3号位打出的['Single', 'K', ['SK']]
[22:34:04] [yf2_v5] [INFO] 1号位打出['Pair', 'T', ['HT', 'DT']]， 最大动作为1号位打出的['Pair', 'T', ['HT', 'DT']]
[22:34:04] [yf2_v5] [INFO] 2号位打出['Pair', 'J', ['HJ', 'CJ']]， 最大动作为2号位打出的['Pair', 'J', ['HJ', 'CJ']]
[22:34:04] [yf2_v5] [INFO] 1号位打出['PASS', 'PASS', 'PASS']， 最大动作为2号位打出的['Pair', 'J', ['HJ', 'CJ']]
[22:34:04] [yf2_v5] [INFO] 2号位打出['Single', '2', ['D2']]， 最大动作为2号位打出的['Single', '2', ['D2']]
[22:34:04] [yf2_v5] [INFO] 1号位打出['Single', '9', ['C9']]， 最大动作为1号位打出的['Single', '9', ['C9']]
[22:34:04] [yf2_v5] [INFO] 2号位打出['PASS', 'PASS', 'PASS']， 最大动作为1号位打出的['Single', '9', ['C9']]
[22:34:04] [yf2_v5] [INFO] 1号位打出['Single', 'T', ['CT']]， 最大动作为1号位打出的['Single', 'T', ['CT']]
[22:34:04] [yf2_v5] [INFO] 游戏开始, 我是3号位，手牌：['S2', 'C2', 'C3', 'C3', 'D3', 'C4', 'S5', 'H5', 'C5', 'C7', 'S8', 'D8', 'D8', 'H9', 'D9', 'HT', 'CT', 'CT', 'HJ', 'CJ', 'DJ', 'SQ', 'CK', 'HA', 'S6', 'SB', 'HR']
[22:34:04] [yf2_v5] [INFO] 2号位打出['Single', '5', ['D5']]， 最大动作为2号位打出的['Single', '5', ['D5']]
[22:34:04] [YFAdapter-P2] [INFO] [YF-P2] Decision context: myPos=2, curPos=2, greaterPos=2, teammate=0, curAction=[, actionList_size=17
[22:34:04] [YFAdapter-P2] [INFO] [YF-P2] Decided: action_index=9, action=['Single', 'J', [['C', 'J']]]
[22:34:04] [yf2_v5] [INFO] 3号位打出['Single', 'J', ['CJ']]， 最大动作为3号位打出的['Single', 'J', ['CJ']]
[22:34:04] [yf2_v5] [INFO] 0号位打出['Single', 'K', ['CK']]， 最大动作为0号位打出的['Single', 'K', ['CK']]
[22:34:04] [yf2_v5] [INFO] 1号位打出['Single', '6', ['D6']]， 最大动作为1号位打出的['Single', '6', ['D6']]
[22:34:04] [yf2_v5] [INFO] 2号位打出['PASS', 'PASS', 'PASS']， 最大动作为1号位打出的['Single', '6', ['D6']]
[22:34:04] [YFAdapter-P2] [INFO] [YF-P2] Decision context: myPos=2, curPos=2, greaterPos=1, teammate=0, curAction=[, actionList_size=3
[22:34:04] [YFAdapter-P2] [INFO] [YF-P2] Decided: action_index=0, action=['PASS', 'PASS', 'PASS']
[22:34:04] [yf2_v5] [INFO] 3号位打出['Single', 'B', ['SB']]， 最大动作为3号位打出的['Single', 'B', ['SB']]
[22:34:04] [yf2_v5] [INFO] 0号位打出['PASS', 'PASS', 'PASS']， 最大动作为3号位打出的['Single', 'B', ['SB']]
[22:34:04] [yf2_v5] [INFO] 1号位打出['Single', 'R', ['HR']]， 最大动作为1号位打出的['Single', 'R', ['HR']]
[22:34:04] [yf2_v5] [INFO] 2号位打出['PASS', 'PASS', 'PASS']， 最大动作为1号位打出的['Single', 'R', ['HR']]
[22:34:04] [YFAdapter-P2] [INFO] [YF-P2] Decision context: myPos=2, curPos=2, greaterPos=1, teammate=0, curAction=[, actionList_size=1
[22:34:04] [YFAdapter-P2] [INFO] [YF-P2] Decided: action_index=0, action=['PASS', 'PASS', 'PASS']
[22:34:04] [yf2_v5] [INFO] 3号位打出['PASS', 'PASS', 'PASS']， 最大动作为1号位打出的['Single', 'R', ['HR']]
[22:34:04] [yf2_v5] [INFO] 0号位打出['PASS', 'PASS', 'PASS']， 最大动作为1号位打出的['Single', 'R', ['HR']]
[22:34:04] [yf2_v5] [INFO] 1号位打出['Single', '2', ['H2']]， 最大动作为1号位打出的['Single', '2', ['H2']]
[22:34:04] [yf2_v5] [INFO] 2号位打出['Single', 'Q', ['DQ']]， 最大动作为2号位打出的['Single', 'Q', ['DQ']]
[22:34:04] [YFAdapter-P2] [INFO] [YF-P2] Decision context: myPos=2, curPos=2, greaterPos=2, teammate=0, curAction=[, actionList_size=5
[22:34:04] [YFAdapter-P2] [INFO] [YF-P2] Decided: action_index=4, action=['Single', 'R', [['H', 'R']]]
[22:34:04] [yf2_v5] [INFO] 3号位打出['Single', 'R', ['HR']]， 最大动作为3号位打出的['Single', 'R', ['HR']]
[22:34:04] [yf2_v5] [INFO] 0号位打出['PASS', 'PASS', 'PASS']， 最大动作为3号位打出的['Single', 'R', ['HR']]
[22:34:04] [yf2_v5] [INFO] 1号位打出['Bomb', 'K', ['SK', 'SK', 'DK', 'H6']]， 最大动作为1号位打出的['Bomb', 'K', ['SK', 'SK', 'DK', 'H6']]
[22:34:04] [yf2_v5] [INFO] 2号位打出['PASS', 'PASS', 'PASS']， 最大动作为1号位打出的['Bomb', 'K', ['SK', 'SK', 'DK', 'H6']]
[22:34:04] [YFAdapter-P2] [INFO] [YF-P2] Decision context: myPos=2, curPos=2, greaterPos=1, teammate=0, curAction=[, actionList_size=1
[22:34:04] [YFAdapter-P2] [INFO] [YF-P2] Decided: action_index=0, action=['PASS', 'PASS', 'PASS']
[22:34:04] [yf2_v5] [INFO] 3号位打出['PASS', 'PASS', 'PASS']， 最大动作为1号位打出的['Bomb', 'K', ['SK', 'SK', 'DK', 'H6']]
[22:34:04] [yf2_v5] [INFO] 0号位打出['PASS', 'PASS', 'PASS']， 最大动作为1号位打出的['Bomb', 'K', ['SK', 'SK', 'DK', 'H6']]
[22:34:04] [yf2_v5] [INFO] 1号位打出['Single', '2', ['D2']]， 最大动作为1号位打出的['Single', '2', ['D2']]
[22:34:04] [yf2_v5] [INFO] 2号位打出['Single', '6', ['S6']]， 最大动作为2号位打出的['Single', '6', ['S6']]
[22:34:04] [YFAdapter-P2] [INFO] [YF-P2] Decision context: myPos=2, curPos=2, greaterPos=2, teammate=0, curAction=[, actionList_size=1
[22:34:05] [YFAdapter-P2] [INFO] [YF-P2] Decided: action_index=0, action=['PASS', 'PASS', 'PASS']
[22:34:05] [yf2_v5] [INFO] 3号位打出['PASS', 'PASS', 'PASS']， 最大动作为2号位打出的['Single', '6', ['S6']]
[22:34:05] [yf2_v5] [INFO] 0号位打出['PASS', 'PASS', 'PASS']， 最大动作为2号位打出的['Single', '6', ['S6']]
[22:34:05] [yf2_v5] [INFO] 1号位打出['PASS', 'PASS', 'PASS']， 最大动作为2号位打出的['Single', '6', ['S6']]
[22:34:05] [yf2_v5] [INFO] 2号位打出['Straight', '8', ['C8', 'S9', 'HT', 'CJ', 'HQ']]， 最大动作为2号位打出的['Straight', '8', ['C8', 'S9', 'HT', 'CJ', 'HQ']]
[22:34:05] [YFAdapter-P2] [INFO] [YF-P2] Decision context: myPos=2, curPos=2, greaterPos=2, teammate=0, curAction=[, actionList_size=13
[22:34:05] [YFAdapter-P2] [INFO] [YF-P2] Decided: action_index=9, action=['Straight', 'T', [['H', 'T'], ['H', 'J'], ['S', 'Q'], ['C', 'K'], ['H', 'A']]]
[22:34:05] [yf2_v5] [INFO] 3号位打出['Straight', 'T', ['HT', 'HJ', 'SQ', 'CK', 'HA']]， 最大动作为3号位打出的['Straight', 'T', ['HT', 'HJ', 'SQ', 'CK', 'HA']]
[22:34:05] [yf2_v5] [INFO] 0号位打出['Bomb', '8', ['S8', 'H8', 'H8', 'C8']]， 最大动作为0号位打出的['Bomb', '8', ['S8', 'H8', 'H8', 'C8']]
[22:34:05] [yf2_v5] [INFO] 1号位打出['PASS', 'PASS', 'PASS']， 最大动作为0号位打出的['Bomb', '8', ['S8', 'H8', 'H8', 'C8']]
[22:34:05] [yf2_v5] [INFO] 2号位打出['PASS', 'PASS', 'PASS']， 最大动作为0号位打出的['Bomb', '8', ['S8', 'H8', 'H8', 'C8']]
[22:34:05] [YFAdapter-P2] [INFO] [YF-P2] Decision context: myPos=2, curPos=2, greaterPos=0, teammate=0, curAction=[, actionList_size=1
[22:34:05] [YFAdapter-P2] [INFO] [YF-P2] Decided: action_index=0, action=['PASS', 'PASS', 'PASS']
[22:34:05] [yf2_v5] [INFO] 3号位打出['PASS', 'PASS', 'PASS']， 最大动作为0号位打出的['Bomb', '8', ['S8', 'H8', 'H8', 'C8']]
[22:34:05] [yf2_v5] [INFO] 0号位打出['Single', '5', ['S5']]， 最大动作为0号位打出的['Single', '5', ['S5']]
[22:34:05] [yf2_v5] [INFO] 1号位打出['Single', '7', ['S7']]， 最大动作为1号位打出的['Single', '7', ['S7']]
[22:34:05] [yf2_v5] [INFO] 2号位打出['Single', '6', ['H6']]， 最大动作为2号位打出的['Single', '6', ['H6']]
[22:34:05] [YFAdapter-P2] [INFO] [YF-P2] Decision context: myPos=2, curPos=2, greaterPos=2, teammate=0, curAction=[, actionList_size=1
[22:34:05] [YFAdapter-P2] [INFO] [YF-P2] Decided: action_index=0, action=['PASS', 'PASS', 'PASS']
[22:34:05] [yf2_v5] [INFO] 3号位打出['PASS', 'PASS', 'PASS']， 最大动作为2号位打出的['Single', '6', ['H6']]
[22:34:05] [yf2_v5] [INFO] 0号位打出['PASS', 'PASS', 'PASS']， 最大动作为2号位打出的['Single', '6', ['H6']]
[22:34:05] [yf2_v5] [INFO] 1号位打出['PASS', 'PASS', 'PASS']， 最大动作为2号位打出的['Single', '6', ['H6']]
[22:34:05] [yf2_v5] [INFO] 2号位打出['ThreeWithTwo', '3', ['S3', 'H3', 'D3', 'S2', 'D2']]， 最大动作为2号位打出的['ThreeWithTwo', '3', ['S3', 'H3', 'D3', 'S2', 'D2']]
[22:34:05] [YFAdapter-P2] [INFO] [YF-P2] Decision context: myPos=2, curPos=2, greaterPos=2, teammate=0, curAction=[, actionList_size=16
[22:34:05] [YFAdapter-P2] [INFO] [YF-P2] Decided: action_index=7, action=['ThreeWithTwo', '5', [['S', '5'], ['H', '5'], ['C', '5'], ['C', 'T'], ['C', 'T']]]
[22:34:05] [yf2_v5] [INFO] 3号位打出['ThreeWithTwo', '5', ['S5', 'H5', 'C5', 'CT', 'CT']]， 最大动作为3号位打出的['ThreeWithTwo', '5', ['S5', 'H5', 'C5', 'CT', 'CT']]
[22:34:05] [yf2_v5] [INFO] 0号位打出['ThreeWithTwo', '7', ['S7', 'D7', 'D7', 'H2', 'C2']]， 最大动作为0号位打出的['ThreeWithTwo', '7', ['S7', 'D7', 'D7', 'H2', 'C2']]
[22:34:05] [yf2_v5] [INFO] 1号位打出['PASS', 'PASS', 'PASS']， 最大动作为0号位打出的['ThreeWithTwo', '7', ['S7', 'D7', 'D7', 'H2', 'C2']]
[22:34:05] [yf2_v5] [INFO] 2号位打出['ThreeWithTwo', 'K', ['HK', 'HK', 'DK', 'S4', 'C4']]， 最大动作为2号位打出的['ThreeWithTwo', 'K', ['HK', 'HK', 'DK', 'S4', 'C4']]
[22:34:05] [YFAdapter-P2] [INFO] [YF-P2] Decision context: myPos=2, curPos=2, greaterPos=2, teammate=0, curAction=[, actionList_size=1
[22:34:05] [YFAdapter-P2] [INFO] [YF-P2] Decided: action_index=0, action=['PASS', 'PASS', 'PASS']
[22:34:05] [yf2_v5] [INFO] 3号位打出['PASS', 'PASS', 'PASS']， 最大动作为2号位打出的['ThreeWithTwo', 'K', ['HK', 'HK', 'DK', 'S4', 'C4']]
[22:34:05] [yf2_v5] [INFO] 0号位打出['PASS', 'PASS', 'PASS']， 最大动作为2号位打出的['ThreeWithTwo', 'K', ['HK', 'HK', 'DK', 'S4', 'C4']]
[22:34:05] [yf2_v5] [INFO] 1号位打出['PASS', 'PASS', 'PASS']， 最大动作为2号位打出的['ThreeWithTwo', 'K', ['HK', 'HK', 'DK', 'S4', 'C4']]
[22:34:05] [yf2_v5] [INFO] 2号位打出['Pair', '7', ['H7', 'C7']]， 最大动作为2号位打出的['Pair', '7', ['H7', 'C7']]
[22:34:05] [YFAdapter-P2] [INFO] [YF-P2] Decision context: myPos=2, curPos=2, greaterPos=2, teammate=0, curAction=[, actionList_size=4
[22:34:05] [YFAdapter-P2] [INFO] [YF-P2] Decided: action_index=2, action=['Pair', '8', [['D', '8'], ['D', '8']]]
[22:34:05] [yf2_v5] [INFO] 3号位打出['Pair', '8', ['D8', 'D8']]， 最大动作为3号位打出的['Pair', '8', ['D8', 'D8']]
[22:34:05] [yf2_v5] [INFO] 0号位打出['Pair', '9', ['S9', 'H9']]， 最大动作为0号位打出的['Pair', '9', ['S9', 'H9']]
[22:34:05] [yf2_v5] [INFO] 1号位打出['Pair', 'A', ['SA', 'CA']]， 最大动作为1号位打出的['Pair', 'A', ['SA', 'CA']]
[22:34:05] [yf2_v5] [INFO] 2号位打出['PASS', 'PASS', 'PASS']， 最大动作为1号位打出的['Pair', 'A', ['SA', 'CA']]
[22:34:05] [YFAdapter-P2] [INFO] [YF-P2] Decision context: myPos=2, curPos=2, greaterPos=1, teammate=0, curAction=[, actionList_size=1
[22:34:05] [YFAdapter-P2] [INFO] [YF-P2] Decided: action_index=0, action=['PASS', 'PASS', 'PASS']
[22:34:05] [yf2_v5] [INFO] 3号位打出['PASS', 'PASS', 'PASS']， 最大动作为1号位打出的['Pair', 'A', ['SA', 'CA']]
[22:34:05] [yf2_v5] [INFO] 0号位打出['Pair', '6', ['C6', 'D6']]， 最大动作为0号位打出的['Pair', '6', ['C6', 'D6']]
[22:34:05] [yf2_v5] [INFO] 1号位打出['PASS', 'PASS', 'PASS']， 最大动作为0号位打出的['Pair', '6', ['C6', 'D6']]
[22:34:05] [yf2_v5] [INFO] 2号位打出['PASS', 'PASS', 'PASS']， 最大动作为0号位打出的['Pair', '6', ['C6', 'D6']]
[22:34:05] [YFAdapter-P2] [INFO] [YF-P2] Decision context: myPos=2, curPos=2, greaterPos=0, teammate=0, curAction=[, actionList_size=1
[22:34:05] [YFAdapter-P2] [INFO] [YF-P2] Decided: action_index=0, action=['PASS', 'PASS', 'PASS']
[22:34:05] [yf2_v5] [INFO] 3号位打出['PASS', 'PASS', 'PASS']， 最大动作为0号位打出的['Pair', '6', ['C6', 'D6']]
[22:34:05] [yf2_v5] [INFO] 0号位打出['Pair', '4', ['S4', 'D4']]， 最大动作为0号位打出的['Pair', '4', ['S4', 'D4']]
[22:34:05] [yf2_v5] [INFO] 1号位打出['Pair', '5', ['H5', 'D5']]， 最大动作为1号位打出的['Pair', '5', ['H5', 'D5']]
[22:34:05] [yf2_v5] [INFO] 2号位打出['Pair', '9', ['C9', 'D9']]， 最大动作为2号位打出的['Pair', '9', ['C9', 'D9']]
[22:34:05] [YFAdapter-P2] [INFO] [YF-P2] Decision context: myPos=2, curPos=2, greaterPos=2, teammate=0, curAction=[, actionList_size=1
[22:34:05] [YFAdapter-P2] [INFO] [YF-P2] Decided: action_index=0, action=['PASS', 'PASS', 'PASS']
[22:34:05] [yf2_v5] [INFO] 3号位打出['PASS', 'PASS', 'PASS']， 最大动作为2号位打出的['Pair', '9', ['C9', 'D9']]
[22:34:05] [yf2_v5] [INFO] 0号位打出['Pair', 'T', ['ST', 'DT']]， 最大动作为0号位打出的['Pair', 'T', ['ST', 'DT']]
[22:34:05] [yf2_v5] [INFO] 1号位打出['Pair', 'J', ['SJ', 'HJ']]， 最大动作为1号位打出的['Pair', 'J', ['SJ', 'HJ']]
[22:34:05] [yf2_v5] [INFO] 2号位打出['PASS', 'PASS', 'PASS']， 最大动作为1号位打出的['Pair', 'J', ['SJ', 'HJ']]
[22:34:05] [YFAdapter-P2] [INFO] [YF-P2] Decision context: myPos=2, curPos=2, greaterPos=1, teammate=0, curAction=[, actionList_size=1
[22:34:05] [YFAdapter-P2] [INFO] [YF-P2] Decided: action_index=0, action=['PASS', 'PASS', 'PASS']
[22:34:05] [yf2_v5] [INFO] 3号位打出['PASS', 'PASS', 'PASS']， 最大动作为1号位打出的['Pair', 'J', ['SJ', 'HJ']]
[22:34:05] [yf2_v5] [INFO] 0号位打出['Pair', 'A', ['HA', 'DA']]， 最大动作为0号位打出的['Pair', 'A', ['HA', 'DA']]
[22:34:05] [yf2_v5] [INFO] 1号位打出['PASS', 'PASS', 'PASS']， 最大动作为0号位打出的['Pair', 'A', ['HA', 'DA']]
[22:34:05] [yf2_v5] [INFO] 2号位打出['PASS', 'PASS', 'PASS']， 最大动作为0号位打出的['Pair', 'A', ['HA', 'DA']]
[22:34:05] [YFAdapter-P2] [INFO] [YF-P2] Decision context: myPos=2, curPos=2, greaterPos=0, teammate=0, curAction=[, actionList_size=1
[22:34:05] [YFAdapter-P2] [INFO] [YF-P2] Decided: action_index=0, action=['PASS', 'PASS', 'PASS']
[22:34:05] [yf2_v5] [INFO] 3号位打出['PASS', 'PASS', 'PASS']， 最大动作为0号位打出的['Pair', 'A', ['HA', 'DA']]
[22:34:05] [yf2_v5] [INFO] 0号位打出['ThreeWithTwo', 'Q', ['HQ', 'CQ', 'DQ', 'SJ', 'DJ']]， 最大动作为0号位打出的['ThreeWithTwo', 'Q', ['HQ', 'CQ', 'DQ', 'SJ', 'DJ']]
[22:34:05] [yf2_v5] [INFO] 1号位打出['PASS', 'PASS', 'PASS']， 最大动作为0号位打出的['ThreeWithTwo', 'Q', ['HQ', 'CQ', 'DQ', 'SJ', 'DJ']]
[22:34:05] [yf2_v5] [INFO] 2号位打出['PASS', 'PASS', 'PASS']， 最大动作为0号位打出的['ThreeWithTwo', 'Q', ['HQ', 'CQ', 'DQ', 'SJ', 'DJ']]
[22:34:05] [YFAdapter-P2] [INFO] [YF-P2] Decision context: myPos=2, curPos=2, greaterPos=0, teammate=0, curAction=[, actionList_size=1
[22:34:05] [YFAdapter-P2] [INFO] [YF-P2] Decided: action_index=0, action=['PASS', 'PASS', 'PASS']
[22:34:05] [yf2_v5] [INFO] 3号位打出['PASS', 'PASS', 'PASS']， 最大动作为0号位打出的['ThreeWithTwo', 'Q', ['HQ', 'CQ', 'DQ', 'SJ', 'DJ']]
[22:34:05] [yf2_v5] [INFO] 0号位打出['Single', 'B', ['SB']]， 最大动作为0号位打出的['Single', 'B', ['SB']]
[22:34:05] [yf2_v5] [INFO] 1号位打出['PASS', 'PASS', 'PASS']， 最大动作为0号位打出的['Single', 'B', ['SB']]
[22:34:05] [yf2_v5] [INFO] 2号位打出['PASS', 'PASS', 'PASS']， 最大动作为0号位打出的['Single', 'B', ['SB']]
[22:34:05] [yf2_v5] [INFO] 2号位打出['Trips', 'A', ['SA', 'CA', 'DA']]， 最大动作为2号位打出的['Trips', 'A', ['SA', 'CA', 'DA']]
[22:34:05] [YFAdapter-P2] [INFO] [YF-P2] Decision context: myPos=2, curPos=2, greaterPos=2, teammate=0, curAction=[, actionList_size=1
[22:34:05] [YFAdapter-P2] [INFO] [YF-P2] Decided: action_index=0, action=['PASS', 'PASS', 'PASS']
[22:34:05] [yf2_v5] [INFO] 3号位打出['PASS', 'PASS', 'PASS']， 最大动作为2号位打出的['Trips', 'A', ['SA', 'CA', 'DA']]
[22:34:05] [yf2_v5] [INFO] 1号位打出['PASS', 'PASS', 'PASS']， 最大动作为2号位打出的['Trips', 'A', ['SA', 'CA', 'DA']]
[22:34:05] [yf2_v5] [INFO] 2号位打出['Single', '6', ['C6']]， 最大动作为2号位打出的['Single', '6', ['C6']]
[22:34:05] [yf2_v5] [INFO] 游戏开始, 我是3号位，手牌：['D2', 'D2', 'H3', 'D3', 'S4', 'C4', 'H5', 'D6', 'D6', 'S7', 'H7', 'C7', 'D7', 'D8', 'ST', 'CT', 'CJ', 'DJ', 'SQ', 'DQ', 'CK', 'DK', 'SA', 'HA', 'CA', 'C9', 'D9']
[22:34:05] [YFAdapter-P2] [INFO] [YF-P2] Decision context: myPos=2, curPos=-1, greaterPos=-1, teammate=0, curAction=[, actionList_size=2
[22:34:05] [YFAdapter-P2] [INFO] [YF-P2] Decided: action_index=0, action=['tribute', 'tribute', [['C', '9']]]
[22:34:05] [yf2_v5] [INFO] 1号位打出['Straight', '3', ['C3', 'H4', 'H5', 'S6', 'H7']]， 最大动作为1号位打出的['Straight', '3', ['C3', 'H4', 'H5', 'S6', 'H7']]
[22:34:05] [yf2_v5] [INFO] 2号位打出['PASS', 'PASS', 'PASS']， 最大动作为1号位打出的['Straight', '3', ['C3', 'H4', 'H5', 'S6', 'H7']]
[22:34:05] [YFAdapter-P2] [INFO] [YF-P2] Decision context: myPos=2, curPos=2, greaterPos=1, teammate=0, curAction=[, actionList_size=114
[22:34:05] [YFAdapter-P2] [INFO] [YF-P2] Decided: action_index=0, action=['PASS', 'PASS', 'PASS']
[22:34:05] [yf2_v5] [INFO] 3号位打出['Straight', '7', ['S7', 'D8', 'D9', 'ST', 'CJ']]， 最大动作为3号位打出的['Straight', '7', ['S7', 'D8', 'D9', 'ST', 'CJ']]
[22:34:05] [yf2_v5] [INFO] 0号位打出['PASS', 'PASS', 'PASS']， 最大动作为3号位打出的['Straight', '7', ['S7', 'D8', 'D9', 'ST', 'CJ']]
[22:34:05] [yf2_v5] [INFO] 1号位打出['Bomb', 'Q', ['HQ', 'CQ', 'CQ', 'H9']]， 最大动作为1号位打出的['Bomb', 'Q', ['HQ', 'CQ', 'CQ', 'H9']]
[22:34:05] [yf2_v5] [INFO] 2号位打出['PASS', 'PASS', 'PASS']， 最大动作为1号位打出的['Bomb', 'Q', ['HQ', 'CQ', 'CQ', 'H9']]
[22:34:05] [YFAdapter-P2] [INFO] [YF-P2] Decision context: myPos=2, curPos=2, greaterPos=1, teammate=0, curAction=[, actionList_size=1
[22:34:05] [YFAdapter-P2] [INFO] [YF-P2] Decided: action_index=0, action=['PASS', 'PASS', 'PASS']
[22:34:05] [yf2_v5] [INFO] 3号位打出['PASS', 'PASS', 'PASS']， 最大动作为1号位打出的['Bomb', 'Q', ['HQ', 'CQ', 'CQ', 'H9']]
[22:34:05] [yf2_v5] [INFO] 0号位打出['PASS', 'PASS', 'PASS']， 最大动作为1号位打出的['Bomb', 'Q', ['HQ', 'CQ', 'CQ', 'H9']]
[22:34:05] [yf2_v5] [INFO] 1号位打出['Pair', '6', ['H6', 'H6']]， 最大动作为1号位打出的['Pair', '6', ['H6', 'H6']]
[22:34:05] [yf2_v5] [INFO] 2号位打出['Pair', '7', ['S7', 'D7']]， 最大动作为2号位打出的['Pair', '7', ['S7', 'D7']]
[22:34:05] [YFAdapter-P2] [INFO] [YF-P2] Decision context: myPos=2, curPos=2, greaterPos=2, teammate=0, curAction=[, actionList_size=6
[22:34:05] [YFAdapter-P2] [INFO] [YF-P2] Decided: action_index=4, action=['Pair', 'A', [['S', 'A'], ['H', 'A']]]
[22:34:05] [yf2_v5] [INFO] 3号位打出['Pair', 'A', ['SA', 'HA']]， 最大动作为3号位打出的['Pair', 'A', ['SA', 'HA']]
[22:34:05] [yf2_v5] [INFO] 0号位打出['Pair', '9', ['S9', 'H9']]， 最大动作为0号位打出的['Pair', '9', ['S9', 'H9']]
[22:34:05] [yf2_v5] [INFO] 1号位打出['Bomb', 'K', ['SK', 'SK', 'HK', 'DK']]， 最大动作为1号位打出的['Bomb', 'K', ['SK', 'SK', 'HK', 'DK']]
[22:34:05] [yf2_v5] [INFO] 2号位打出['PASS', 'PASS', 'PASS']， 最大动作为1号位打出的['Bomb', 'K', ['SK', 'SK', 'HK', 'DK']]
[22:34:05] [YFAdapter-P2] [INFO] [YF-P2] Decision context: myPos=2, curPos=2, greaterPos=1, teammate=0, curAction=[, actionList_size=1
[22:34:05] [YFAdapter-P2] [INFO] [YF-P2] Decided: action_index=0, action=['PASS', 'PASS', 'PASS']
[22:34:05] [yf2_v5] [INFO] 3号位打出['PASS', 'PASS', 'PASS']， 最大动作为1号位打出的['Bomb', 'K', ['SK', 'SK', 'HK', 'DK']]
[22:34:05] [yf2_v5] [INFO] 0号位打出['PASS', 'PASS', 'PASS']， 最大动作为1号位打出的['Bomb', 'K', ['SK', 'SK', 'HK', 'DK']]
[22:34:05] [yf2_v5] [INFO] 1号位打出['Pair', 'T', ['HT', 'CT']]， 最大动作为1号位打出的['Pair', 'T', ['HT', 'CT']]
[22:34:05] [yf2_v5] [INFO] 2号位打出['Pair', 'J', ['SJ', 'SJ']]， 最大动作为2号位打出的['Pair', 'J', ['SJ', 'SJ']]
[22:34:05] [YFAdapter-P2] [INFO] [YF-P2] Decision context: myPos=2, curPos=2, greaterPos=2, teammate=0, curAction=[, actionList_size=3
[22:34:05] [YFAdapter-P2] [INFO] [YF-P2] Decided: action_index=1, action=['Pair', 'Q', [['S', 'Q'], ['D', 'Q']]]
[22:34:05] [yf2_v5] [INFO] 3号位打出['Pair', 'Q', ['SQ', 'DQ']]， 最大动作为3号位打出的['Pair', 'Q', ['SQ', 'DQ']]
[22:34:05] [yf2_v5] [INFO] 0号位打出['Pair', 'B', ['SB', 'SB']]， 最大动作为0号位打出的['Pair', 'B', ['SB', 'SB']]
[22:34:05] [yf2_v5] [INFO] 1号位打出['PASS', 'PASS', 'PASS']， 最大动作为0号位打出的['Pair', 'B', ['SB', 'SB']]
[22:34:05] [yf2_v5] [INFO] 2号位打出['PASS', 'PASS', 'PASS']， 最大动作为0号位打出的['Pair', 'B', ['SB', 'SB']]
[22:34:05] [YFAdapter-P2] [INFO] [YF-P2] Decision context: myPos=2, curPos=2, greaterPos=0, teammate=0, curAction=[, actionList_size=1
[22:34:05] [YFAdapter-P2] [INFO] [YF-P2] Decided: action_index=0, action=['PASS', 'PASS', 'PASS']
[22:34:05] [yf2_v5] [INFO] 3号位打出['PASS', 'PASS', 'PASS']， 最大动作为0号位打出的['Pair', 'B', ['SB', 'SB']]
[22:34:05] [yf2_v5] [INFO] 0号位打出['Single', '6', ['S6']]， 最大动作为0号位打出的['Single', '6', ['S6']]
[22:34:05] [yf2_v5] [INFO] 1号位打出['Single', 'J', ['DJ']]， 最大动作为1号位打出的['Single', 'J', ['DJ']]
[22:34:05] [yf2_v5] [INFO] 2号位打出['Single', 'K', ['CK']]， 最大动作为2号位打出的['Single', 'K', ['CK']]
[22:34:05] [YFAdapter-P2] [INFO] [YF-P2] Decision context: myPos=2, curPos=2, greaterPos=2, teammate=0, curAction=[, actionList_size=2
[22:34:05] [YFAdapter-P2] [INFO] [YF-P2] Decided: action_index=1, action=['Single', 'A', [['C', 'A']]]
[22:34:05] [yf2_v5] [INFO] 3号位打出['Single', 'A', ['CA']]， 最大动作为3号位打出的['Single', 'A', ['CA']]
[22:34:05] [yf2_v5] [INFO] 0号位打出['Single', 'R', ['HR']]， 最大动作为0号位打出的['Single', 'R', ['HR']]
[22:34:05] [yf2_v5] [INFO] 1号位打出['PASS', 'PASS', 'PASS']， 最大动作为0号位打出的['Single', 'R', ['HR']]
[22:34:05] [yf2_v5] [INFO] 2号位打出['PASS', 'PASS', 'PASS']， 最大动作为0号位打出的['Single', 'R', ['HR']]
[22:34:05] [YFAdapter-P2] [INFO] [YF-P2] Decision context: myPos=2, curPos=2, greaterPos=0, teammate=0, curAction=[, actionList_size=1
[22:34:05] [YFAdapter-P2] [INFO] [YF-P2] Decided: action_index=0, action=['PASS', 'PASS', 'PASS']
[22:34:05] [yf2_v5] [INFO] 3号位打出['PASS', 'PASS', 'PASS']， 最大动作为0号位打出的['Single', 'R', ['HR']]
[22:34:05] [yf2_v5] [INFO] 0号位打出['Single', '7', ['C7']]， 最大动作为0号位打出的['Single', '7', ['C7']]
[22:34:05] [yf2_v5] [INFO] 1号位打出['Single', '9', ['C9']]， 最大动作为1号位打出的['Single', '9', ['C9']]
[22:34:05] [yf2_v5] [INFO] 2号位打出['Single', 'R', ['HR']]， 最大动作为2号位打出的['Single', 'R', ['HR']]
[22:34:05] [YFAdapter-P2] [INFO] [YF-P2] Decision context: myPos=2, curPos=2, greaterPos=2, teammate=0, curAction=[, actionList_size=1
[22:34:05] [YFAdapter-P2] [INFO] [YF-P2] Decided: action_index=0, action=['PASS', 'PASS', 'PASS']
[22:34:05] [yf2_v5] [INFO] 3号位打出['PASS', 'PASS', 'PASS']， 最大动作为2号位打出的['Single', 'R', ['HR']]
[22:34:05] [yf2_v5] [INFO] 0号位打出['PASS', 'PASS', 'PASS']， 最大动作为2号位打出的['Single', 'R', ['HR']]
[22:34:05] [yf2_v5] [INFO] 1号位打出['PASS', 'PASS', 'PASS']， 最大动作为2号位打出的['Single', 'R', ['HR']]
[22:34:05] [yf2_v5] [INFO] 2号位打出['Pair', '6', ['C6', 'C6']]， 最大动作为2号位打出的['Pair', '6', ['C6', 'C6']]
[22:34:05] [YFAdapter-P2] [INFO] [YF-P2] Decision context: myPos=2, curPos=2, greaterPos=2, teammate=0, curAction=[, actionList_size=5
[22:34:05] [YFAdapter-P2] [INFO] [YF-P2] Decided: action_index=1, action=['Pair', '7', [['H', '7'], ['D', '7']]]
[22:34:05] [yf2_v5] [INFO] 3号位打出['Pair', '7', ['H7', 'D7']]， 最大动作为3号位打出的['Pair', '7', ['H7', 'D7']]
[22:34:05] [yf2_v5] [INFO] 0号位打出['Pair', '8', ['S8', 'H8']]， 最大动作为0号位打出的['Pair', '8', ['S8', 'H8']]
[22:34:05] [yf2_v5] [INFO] 1号位打出['PASS', 'PASS', 'PASS']， 最大动作为0号位打出的['Pair', '8', ['S8', 'H8']]
[22:34:05] [yf2_v5] [INFO] 2号位打出['Pair', 'A', ['HA', 'DA']]， 最大动作为2号位打出的['Pair', 'A', ['HA', 'DA']]
[22:34:05] [YFAdapter-P2] [INFO] [YF-P2] Decision context: myPos=2, curPos=2, greaterPos=2, teammate=0, curAction=[, actionList_size=1
[22:34:05] [YFAdapter-P2] [INFO] [YF-P2] Decided: action_index=0, action=['PASS', 'PASS', 'PASS']
[22:34:05] [yf2_v5] [INFO] 3号位打出['PASS', 'PASS', 'PASS']， 最大动作为2号位打出的['Pair', 'A', ['HA', 'DA']]
[22:34:05] [yf2_v5] [INFO] 0号位打出['PASS', 'PASS', 'PASS']， 最大动作为2号位打出的['Pair', 'A', ['HA', 'DA']]
[22:34:05] [yf2_v5] [INFO] 1号位打出['PASS', 'PASS', 'PASS']， 最大动作为2号位打出的['Pair', 'A', ['HA', 'DA']]
[22:34:05] [yf2_v5] [INFO] 2号位打出['Pair', '8', ['S8', 'D8']]， 最大动作为2号位打出的['Pair', '8', ['S8', 'D8']]
[22:34:05] [YFAdapter-P2] [INFO] [YF-P2] Decision context: myPos=2, curPos=2, greaterPos=2, teammate=0, curAction=[, actionList_size=2
[22:34:05] [YFAdapter-P2] [INFO] [YF-P2] Decided: action_index=0, action=['PASS', 'PASS', 'PASS']
[22:34:05] [yf2_v5] [INFO] 3号位打出['Pair', 'K', ['CK', 'DK']]， 最大动作为3号位打出的['Pair', 'K', ['CK', 'DK']]
[22:34:05] [yf2_v5] [INFO] 0号位打出['PASS', 'PASS', 'PASS']， 最大动作为3号位打出的['Pair', 'K', ['CK', 'DK']]
[22:34:05] [yf2_v5] [INFO] 1号位打出['PASS', 'PASS', 'PASS']， 最大动作为3号位打出的['Pair', 'K', ['CK', 'DK']]
[22:34:05] [yf2_v5] [INFO] 2号位打出['Pair', '9', ['C9', 'D9']]， 最大动作为2号位打出的['Pair', '9', ['C9', 'D9']]
[22:34:05] [YFAdapter-P2] [INFO] [YF-P2] Decision context: myPos=2, curPos=2, greaterPos=2, teammate=0, curAction=[, actionList_size=1
[22:34:05] [YFAdapter-P2] [INFO] [YF-P2] Decided: action_index=0, action=['PASS', 'PASS', 'PASS']
[22:34:05] [yf2_v5] [INFO] 3号位打出['PASS', 'PASS', 'PASS']， 最大动作为2号位打出的['Pair', '9', ['C9', 'D9']]
[22:34:05] [yf2_v5] [INFO] 0号位打出['PASS', 'PASS', 'PASS']， 最大动作为2号位打出的['Pair', '9', ['C9', 'D9']]
[22:34:05] [yf2_v5] [INFO] 1号位打出['PASS', 'PASS', 'PASS']， 最大动作为2号位打出的['Pair', '9', ['C9', 'D9']]
[22:34:05] [yf2_v5] [INFO] 2号位打出['ThreeWithTwo', '5', ['S5', 'C5', 'D5', 'S3', 'D3']]， 最大动作为2号位打出的['ThreeWithTwo', '5', ['S5', 'C5', 'D5', 'S3', 'D3']]
[22:34:05] [YFAdapter-P2] [INFO] [YF-P2] Decision context: myPos=2, curPos=2, greaterPos=2, teammate=0, curAction=[, actionList_size=1
[22:34:05] [YFAdapter-P2] [INFO] [YF-P2] Decided: action_index=0, action=['PASS', 'PASS', 'PASS']
[22:34:05] [yf2_v5] [INFO] 3号位打出['PASS', 'PASS', 'PASS']， 最大动作为2号位打出的['ThreeWithTwo', '5', ['S5', 'C5', 'D5', 'S3', 'D3']]
[22:34:05] [yf2_v5] [INFO] 0号位打出['ThreeWithTwo', 'A', ['SA', 'CA', 'DA', 'H2', 'C2']]， 最大动作为0号位打出的['ThreeWithTwo', 'A', ['SA', 'CA', 'DA', 'H2', 'C2']]
[22:34:05] [yf2_v5] [INFO] 1号位打出['PASS', 'PASS', 'PASS']， 最大动作为0号位打出的['ThreeWithTwo', 'A', ['SA', 'CA', 'DA', 'H2', 'C2']]
[22:34:05] [yf2_v5] [INFO] 2号位打出['PASS', 'PASS', 'PASS']， 最大动作为0号位打出的['ThreeWithTwo', 'A', ['SA', 'CA', 'DA', 'H2', 'C2']]
[22:34:05] [YFAdapter-P2] [INFO] [YF-P2] Decision context: myPos=2, curPos=2, greaterPos=0, teammate=0, curAction=[, actionList_size=1
[22:34:05] [YFAdapter-P2] [INFO] [YF-P2] Decided: action_index=0, action=['PASS', 'PASS', 'PASS']
[22:34:05] [yf2_v5] [INFO] 3号位打出['PASS', 'PASS', 'PASS']， 最大动作为0号位打出的['ThreeWithTwo', 'A', ['SA', 'CA', 'DA', 'H2', 'C2']]
[22:34:05] [yf2_v5] [INFO] 0号位打出['ThreeWithTwo', '3', ['S3', 'H3', 'C3', 'S4', 'H4']]， 最大动作为0号位打出的['ThreeWithTwo', '3', ['S3', 'H3', 'C3', 'S4', 'H4']]
[22:34:05] [yf2_v5] [INFO] 1号位打出['ThreeWithTwo', '8', ['H8', 'C8', 'C8', 'C4', 'D4']]， 最大动作为1号位打出的['ThreeWithTwo', '8', ['H8', 'C8', 'C8', 'C4', 'D4']]
[22:34:05] [yf2_v5] [INFO] 2号位打出['Bomb', '2', ['S2', 'S2', 'H2', 'C2']]， 最大动作为2号位打出的['Bomb', '2', ['S2', 'S2', 'H2', 'C2']]
[22:34:05] [YFAdapter-P2] [INFO] [YF-P2] Decision context: myPos=2, curPos=2, greaterPos=2, teammate=0, curAction=[, actionList_size=1
[22:34:05] [YFAdapter-P2] [INFO] [YF-P2] Decided: action_index=0, action=['PASS', 'PASS', 'PASS']
[22:34:05] [yf2_v5] [INFO] 3号位打出['PASS', 'PASS', 'PASS']， 最大动作为2号位打出的['Bomb', '2', ['S2', 'S2', 'H2', 'C2']]
[22:34:05] [yf2_v5] [INFO] 0号位打出['PASS', 'PASS', 'PASS']， 最大动作为2号位打出的['Bomb', '2', ['S2', 'S2', 'H2', 'C2']]
[22:34:05] [yf2_v5] [INFO] 1号位打出['PASS', 'PASS', 'PASS']， 最大动作为2号位打出的['Bomb', '2', ['S2', 'S2', 'H2', 'C2']]
[22:34:05] [yf2_v5] [INFO] 2号位打出['Bomb', 'T', ['ST', 'HT', 'DT', 'DT']]， 最大动作为2号位打出的['Bomb', 'T', ['ST', 'HT', 'DT', 'DT']]
[22:34:05] [YFAdapter-P2] [INFO] [YF-P2] Decision context: myPos=2, curPos=2, greaterPos=2, teammate=0, curAction=[, actionList_size=1
[22:34:05] [YFAdapter-P2] [INFO] [YF-P2] Decided: action_index=0, action=['PASS', 'PASS', 'PASS']
[22:34:05] [yf2_v5] [INFO] 3号位打出['PASS', 'PASS', 'PASS']， 最大动作为2号位打出的['Bomb', 'T', ['ST', 'HT', 'DT', 'DT']]
[22:34:05] [yf2_v5] [INFO] 0号位打出['PASS', 'PASS', 'PASS']， 最大动作为2号位打出的['Bomb', 'T', ['ST', 'HT', 'DT', 'DT']]
[22:34:05] [yf2_v5] [INFO] 0号位打出['ThreeWithTwo', '5', ['S5', 'C5', 'D5', 'HJ', 'HJ']]， 最大动作为0号位打出的['ThreeWithTwo', '5', ['S5', 'C5', 'D5', 'HJ', 'HJ']]
[22:34:05] [yf2_v5] [INFO] 1号位打出['PASS', 'PASS', 'PASS']， 最大动作为0号位打出的['ThreeWithTwo', '5', ['S5', 'C5', 'D5', 'HJ', 'HJ']]
[22:34:05] [YFAdapter-P2] [INFO] [YF-P2] Decision context: myPos=2, curPos=1, greaterPos=0, teammate=0, curAction=[, actionList_size=1
[22:34:05] [YFAdapter-P2] [INFO] [YF-P2] Decided: action_index=0, action=['PASS', 'PASS', 'PASS']
[22:34:05] [yf2_v5] [INFO] 3号位打出['PASS', 'PASS', 'PASS']， 最大动作为0号位打出的['ThreeWithTwo', '5', ['S5', 'C5', 'D5', 'HJ', 'HJ']]
[22:34:05] [yf2_v5] [INFO] 0号位打出['Pair', 'Q', ['SQ', 'HQ']]， 最大动作为0号位打出的['Pair', 'Q', ['SQ', 'HQ']]
[22:34:05] [yf2_v5] [INFO] 1号位打出['PASS', 'PASS', 'PASS']， 最大动作为0号位打出的['Pair', 'Q', ['SQ', 'HQ']]
[22:34:05] [YFAdapter-P2] [INFO] [YF-P2] Decision context: myPos=2, curPos=1, greaterPos=0, teammate=0, curAction=[, actionList_size=1
[22:34:05] [YFAdapter-P2] [INFO] [YF-P2] Decided: action_index=0, action=['PASS', 'PASS', 'PASS']
[22:34:05] [yf2_v5] [INFO] 3号位打出['PASS', 'PASS', 'PASS']， 最大动作为0号位打出的['Pair', 'Q', ['SQ', 'HQ']]
[22:34:05] [yf2_v5] [INFO] 0号位打出['Single', 'K', ['HK']]， 最大动作为0号位打出的['Single', 'K', ['HK']]
[22:34:05] [yf2_v5] [INFO] 游戏开始, 我是3号位，手牌：['S2', 'H2', 'C2', 'C2', 'C3', 'D3', 'D3', 'S4', 'H4', 'H4', 'D4', 'S6', 'H6', 'D6', 'S7', 'H7', 'H8', 'H9', 'HT', 'CJ', 'SK', 'HK', 'DK', 'DK', 'SQ', 'SB', 'HR']
[22:34:05] [YFAdapter-P2] [INFO] [YF-P2] Decision context: myPos=2, curPos=-1, greaterPos=-1, teammate=0, curAction=[, actionList_size=1
[22:34:05] [YFAdapter-P2] [INFO] [YF-P2] Decided: action_index=0, action=['tribute', 'tribute', [['H', 'R']]]
[22:34:05] [YFAdapter-P2] [INFO] [YF-P2] Decision context: myPos=2, curPos=-1, greaterPos=-1, teammate=0, curAction=[, actionList_size=346
[22:34:05] [YFAdapter-P2] [INFO] [YF-P2] Decided: action_index=13, action=['Single', '7', [['H', '7']]]
[22:34:05] [yf2_v5] [INFO] 3号位打出['Single', '7', ['H7']]， 最大动作为3号位打出的['Single', '7', ['H7']]
[22:34:05] [yf2_v5] [INFO] 0号位打出['Single', '9', ['H9']]， 最大动作为0号位打出的['Single', '9', ['H9']]
[22:34:05] [yf2_v5] [INFO] 1号位打出['StraightFlush', '2', ['S2', 'S3', 'S4', 'S5', 'S6']]， 最大动作为1号位打出的['StraightFlush', '2', ['S2', 'S3', 'S4', 'S5', 'S6']]
[22:34:05] [yf2_v5] [INFO] 2号位打出['PASS', 'PASS', 'PASS']， 最大动作为1号位打出的['StraightFlush', '2', ['S2', 'S3', 'S4', 'S5', 'S6']]
[22:34:05] [YFAdapter-P2] [INFO] [YF-P2] Decision context: myPos=2, curPos=2, greaterPos=1, teammate=0, curAction=[, actionList_size=1
[22:34:05] [YFAdapter-P2] [INFO] [YF-P2] Decided: action_index=0, action=['PASS', 'PASS', 'PASS']
[22:34:05] [yf2_v5] [INFO] 3号位打出['PASS', 'PASS', 'PASS']， 最大动作为1号位打出的['StraightFlush', '2', ['S2', 'S3', 'S4', 'S5', 'S6']]
[22:34:05] [yf2_v5] [INFO] 0号位打出['PASS', 'PASS', 'PASS']， 最大动作为1号位打出的['StraightFlush', '2', ['S2', 'S3', 'S4', 'S5', 'S6']]
[22:34:05] [yf2_v5] [INFO] 1号位打出['Single', '3', ['H3']]， 最大动作为1号位打出的['Single', '3', ['H3']]
[22:34:05] [yf2_v5] [INFO] 2号位打出['Single', 'K', ['HK']]， 最大动作为2号位打出的['Single', 'K', ['HK']]
[22:34:05] [YFAdapter-P2] [INFO] [YF-P2] Decision context: myPos=2, curPos=2, greaterPos=2, teammate=0, curAction=[, actionList_size=7
[22:34:05] [YFAdapter-P2] [INFO] [YF-P2] Decided: action_index=1, action=['Single', 'Q', [['S', 'Q']]]
[22:34:05] [yf2_v5] [INFO] 3号位打出['Single', 'Q', ['SQ']]， 最大动作为3号位打出的['Single', 'Q', ['SQ']]
[22:34:05] [yf2_v5] [INFO] 0号位打出['PASS', 'PASS', 'PASS']， 最大动作为3号位打出的['Single', 'Q', ['SQ']]
[22:34:06] [yf2_v5] [INFO] 1号位打出['Bomb', 'A', ['SA', 'SA', 'CA', 'HQ']]， 最大动作为1号位打出的['Bomb', 'A', ['SA', 'SA', 'CA', 'HQ']]
[22:34:06] [yf2_v5] [INFO] 2号位打出['PASS', 'PASS', 'PASS']， 最大动作为1号位打出的['Bomb', 'A', ['SA', 'SA', 'CA', 'HQ']]
[22:34:06] [YFAdapter-P2] [INFO] [YF-P2] Decision context: myPos=2, curPos=2, greaterPos=1, teammate=0, curAction=[, actionList_size=1
[22:34:06] [YFAdapter-P2] [INFO] [YF-P2] Decided: action_index=0, action=['PASS', 'PASS', 'PASS']
[22:34:06] [yf2_v5] [INFO] 3号位打出['PASS', 'PASS', 'PASS']， 最大动作为1号位打出的['Bomb', 'A', ['SA', 'SA', 'CA', 'HQ']]
[22:34:06] [yf2_v5] [INFO] 0号位打出['Bomb', 'Q', ['HQ', 'CQ', 'CQ', 'DQ']]， 最大动作为0号位打出的['Bomb', 'Q', ['HQ', 'CQ', 'CQ', 'DQ']]
[22:34:06] [yf2_v5] [INFO] 1号位打出['PASS', 'PASS', 'PASS']， 最大动作为0号位打出的['Bomb', 'Q', ['HQ', 'CQ', 'CQ', 'DQ']]
[22:34:06] [yf2_v5] [INFO] 2号位打出['PASS', 'PASS', 'PASS']， 最大动作为0号位打出的['Bomb', 'Q', ['HQ', 'CQ', 'CQ', 'DQ']]
[22:34:06] [YFAdapter-P2] [INFO] [YF-P2] Decision context: myPos=2, curPos=2, greaterPos=0, teammate=0, curAction=[, actionList_size=1
[22:34:06] [YFAdapter-P2] [INFO] [YF-P2] Decided: action_index=0, action=['PASS', 'PASS', 'PASS']
[22:34:06] [yf2_v5] [INFO] 3号位打出['PASS', 'PASS', 'PASS']， 最大动作为0号位打出的['Bomb', 'Q', ['HQ', 'CQ', 'CQ', 'DQ']]
[22:34:06] [yf2_v5] [INFO] 0号位打出['Single', '2', ['D2']]， 最大动作为0号位打出的['Single', '2', ['D2']]
[22:34:06] [yf2_v5] [INFO] 1号位打出['Single', 'Q', ['DQ']]， 最大动作为1号位打出的['Single', 'Q', ['DQ']]
[22:34:06] [yf2_v5] [INFO] 2号位打出['Single', 'B', ['SB']]， 最大动作为2号位打出的['Single', 'B', ['SB']]
[22:34:06] [YFAdapter-P2] [INFO] [YF-P2] Decision context: myPos=2, curPos=2, greaterPos=2, teammate=0, curAction=[, actionList_size=5
[22:34:06] [YFAdapter-P2] [INFO] [YF-P2] Decided: action_index=0, action=['PASS', 'PASS', 'PASS']
[22:34:06] [yf2_v5] [INFO] 3号位打出['PASS', 'PASS', 'PASS']， 最大动作为2号位打出的['Single', 'B', ['SB']]
[22:34:06] [yf2_v5] [INFO] 0号位打出['PASS', 'PASS', 'PASS']， 最大动作为2号位打出的['Single', 'B', ['SB']]
[22:34:06] [yf2_v5] [INFO] 1号位打出['PASS', 'PASS', 'PASS']， 最大动作为2号位打出的['Single', 'B', ['SB']]
[22:34:06] [yf2_v5] [INFO] 2号位打出['ThreePair', '2', ['H2', 'D2', 'H3', 'C3', 'C4', 'D4']]， 最大动作为2号位打出的['ThreePair', '2', ['H2', 'D2', 'H3', 'C3', 'C4', 'D4']]
[22:34:06] [YFAdapter-P2] [INFO] [YF-P2] Decision context: myPos=2, curPos=2, greaterPos=2, teammate=0, curAction=[, actionList_size=5
[22:34:06] [YFAdapter-P2] [INFO] [YF-P2] Decided: action_index=1, action=['Bomb', '2', [['S', '2'], ['H', '2'], ['C', '2'], ['C', '2']]]
[22:34:06] [yf2_v5] [INFO] 3号位打出['Bomb', '2', ['S2', 'H2', 'C2', 'C2']]， 最大动作为3号位打出的['Bomb', '2', ['S2', 'H2', 'C2', 'C2']]
[22:34:06] [yf2_v5] [INFO] 0号位打出['Bomb', '5', ['H5', 'H5', 'C5', 'D5']]， 最大动作为0号位打出的['Bomb', '5', ['H5', 'H5', 'C5', 'D5']]
[22:34:06] [yf2_v5] [INFO] 1号位打出['PASS', 'PASS', 'PASS']， 最大动作为0号位打出的['Bomb', '5', ['H5', 'H5', 'C5', 'D5']]
[22:34:06] [yf2_v5] [INFO] 2号位打出['PASS', 'PASS', 'PASS']， 最大动作为0号位打出的['Bomb', '5', ['H5', 'H5', 'C5', 'D5']]
[22:34:06] [YFAdapter-P2] [INFO] [YF-P2] Decision context: myPos=2, curPos=2, greaterPos=0, teammate=0, curAction=[, actionList_size=2
[22:34:06] [YFAdapter-P2] [INFO] [YF-P2] Decided: action_index=0, action=['PASS', 'PASS', 'PASS']
[22:34:06] [yf2_v5] [INFO] 3号位打出['PASS', 'PASS', 'PASS']， 最大动作为0号位打出的['Bomb', '5', ['H5', 'H5', 'C5', 'D5']]
[22:34:06] [yf2_v5] [INFO] 0号位打出['Single', '6', ['H6']]， 最大动作为0号位打出的['Single', '6', ['H6']]
[22:34:06] [yf2_v5] [INFO] 1号位打出['Single', '8', ['H8']]， 最大动作为1号位打出的['Single', '8', ['H8']]
[22:34:06] [yf2_v5] [INFO] 2号位打出['Single', 'Q', ['SQ']]， 最大动作为2号位打出的['Single', 'Q', ['SQ']]
[22:34:06] [YFAdapter-P2] [INFO] [YF-P2] Decision context: myPos=2, curPos=2, greaterPos=2, teammate=0, curAction=[, actionList_size=5
[22:34:06] [YFAdapter-P2] [INFO] [YF-P2] Decided: action_index=2, action=['Bomb', '3', [['S', '3'], ['C', '3'], ['D', '3'], ['D', '3']]]
[22:34:06] [yf2_v5] [INFO] 3号位打出['Bomb', '3', ['S3', 'C3', 'D3', 'D3']]， 最大动作为3号位打出的['Bomb', '3', ['S3', 'C3', 'D3', 'D3']]
[22:34:06] [yf2_v5] [INFO] 0号位打出['Bomb', '8', ['S8', 'S8', 'C8', 'C8']]， 最大动作为0号位打出的['Bomb', '8', ['S8', 'S8', 'C8', 'C8']]
[22:34:06] [yf2_v5] [INFO] 1号位打出['PASS', 'PASS', 'PASS']， 最大动作为0号位打出的['Bomb', '8', ['S8', 'S8', 'C8', 'C8']]
[22:34:06] [yf2_v5] [INFO] 2号位打出['PASS', 'PASS', 'PASS']， 最大动作为0号位打出的['Bomb', '8', ['S8', 'S8', 'C8', 'C8']]
[22:34:06] [YFAdapter-P2] [INFO] [YF-P2] Decision context: myPos=2, curPos=2, greaterPos=0, teammate=0, curAction=[, actionList_size=2
[22:34:06] [YFAdapter-P2] [INFO] [YF-P2] Decided: action_index=0, action=['PASS', 'PASS', 'PASS']
[22:34:06] [yf2_v5] [INFO] 3号位打出['PASS', 'PASS', 'PASS']， 最大动作为0号位打出的['Bomb', '8', ['S8', 'S8', 'C8', 'C8']]
[22:34:06] [yf2_v5] [INFO] 0号位打出['ThreeWithTwo', '7', ['C7', 'C7', 'D7', 'C6', 'D6']]， 最大动作为0号位打出的['ThreeWithTwo', '7', ['C7', 'C7', 'D7', 'C6', 'D6']]
[22:34:06] [yf2_v5] [INFO] 1号位打出['ThreeWithTwo', 'T', ['CT', 'DT', 'DT', 'C5', 'D5']]， 最大动作为1号位打出的['ThreeWithTwo', 'T', ['CT', 'DT', 'DT', 'C5', 'D5']]
[22:34:06] [yf2_v5] [INFO] 2号位打出['PASS', 'PASS', 'PASS']， 最大动作为1号位打出的['ThreeWithTwo', 'T', ['CT', 'DT', 'DT', 'C5', 'D5']]
[22:34:06] [YFAdapter-P2] [INFO] [YF-P2] Decision context: myPos=2, curPos=2, greaterPos=1, teammate=0, curAction=[, actionList_size=24
[22:34:06] [YFAdapter-P2] [INFO] [YF-P2] Decided: action_index=0, action=['PASS', 'PASS', 'PASS']
[22:34:06] [yf2_v5] [INFO] 3号位打出['ThreeWithTwo', 'K', ['SK', 'HK', 'DK', 'S4', 'D4']]， 最大动作为3号位打出的['ThreeWithTwo', 'K', ['SK', 'HK', 'DK', 'S4', 'D4']]
[22:34:06] [yf2_v5] [INFO] 0号位打出['Bomb', 'J', ['SJ', 'HJ', 'HJ', 'CJ']]， 最大动作为0号位打出的['Bomb', 'J', ['SJ', 'HJ', 'HJ', 'CJ']]
[22:34:06] [yf2_v5] [INFO] 1号位打出['PASS', 'PASS', 'PASS']， 最大动作为0号位打出的['Bomb', 'J', ['SJ', 'HJ', 'HJ', 'CJ']]
[22:34:06] [yf2_v5] [INFO] 2号位打出['PASS', 'PASS', 'PASS']， 最大动作为0号位打出的['Bomb', 'J', ['SJ', 'HJ', 'HJ', 'CJ']]
[22:34:06] [YFAdapter-P2] [INFO] [YF-P2] Decision context: myPos=2, curPos=2, greaterPos=0, teammate=0, curAction=[, actionList_size=1
[22:34:06] [YFAdapter-P2] [INFO] [YF-P2] Decided: action_index=0, action=['PASS', 'PASS', 'PASS']
[22:34:06] [yf2_v5] [INFO] 3号位打出['PASS', 'PASS', 'PASS']， 最大动作为0号位打出的['Bomb', 'J', ['SJ', 'HJ', 'HJ', 'CJ']]
[22:34:06] [yf2_v5] [INFO] 0号位打出['Single', 'T', ['HT']]， 最大动作为0号位打出的['Single', 'T', ['HT']]
[22:34:06] [yf2_v5] [INFO] 1号位打出['Single', 'J', ['DJ']]， 最大动作为1号位打出的['Single', 'J', ['DJ']]
[22:34:06] [yf2_v5] [INFO] 2号位打出['Single', 'R', ['HR']]， 最大动作为2号位打出的['Single', 'R', ['HR']]
[22:34:06] [YFAdapter-P2] [INFO] [YF-P2] Decision context: myPos=2, curPos=2, greaterPos=2, teammate=0, curAction=[, actionList_size=1
[22:34:06] [YFAdapter-P2] [INFO] [YF-P2] Decided: action_index=0, action=['PASS', 'PASS', 'PASS']
[22:34:06] [yf2_v5] [INFO] 3号位打出['PASS', 'PASS', 'PASS']， 最大动作为2号位打出的['Single', 'R', ['HR']]
[22:34:06] [yf2_v5] [INFO] 0号位打出['PASS', 'PASS', 'PASS']， 最大动作为2号位打出的['Single', 'R', ['HR']]
[22:34:06] [yf2_v5] [INFO] 1号位打出['PASS', 'PASS', 'PASS']， 最大动作为2号位打出的['Single', 'R', ['HR']]
[22:34:06] [yf2_v5] [INFO] 2号位打出['Trips', '7', ['S7', 'H7', 'D7']]， 最大动作为2号位打出的['Trips', '7', ['S7', 'H7', 'D7']]
[22:34:06] [YFAdapter-P2] [INFO] [YF-P2] Decision context: myPos=2, curPos=2, greaterPos=2, teammate=0, curAction=[, actionList_size=1
[22:34:06] [YFAdapter-P2] [INFO] [YF-P2] Decided: action_index=0, action=['PASS', 'PASS', 'PASS']
[22:34:06] [yf2_v5] [INFO] 3号位打出['PASS', 'PASS', 'PASS']， 最大动作为2号位打出的['Trips', '7', ['S7', 'H7', 'D7']]
[22:34:06] [yf2_v5] [INFO] 0号位打出['PASS', 'PASS', 'PASS']， 最大动作为2号位打出的['Trips', '7', ['S7', 'H7', 'D7']]
[22:34:06] [yf2_v5] [INFO] 1号位打出['PASS', 'PASS', 'PASS']， 最大动作为2号位打出的['Trips', '7', ['S7', 'H7', 'D7']]
[22:34:06] [yf2_v5] [INFO] 2号位打出['ThreeWithTwo', 'T', ['ST', 'ST', 'CT', 'SJ', 'DJ']]， 最大动作为2号位打出的['ThreeWithTwo', 'T', ['ST', 'ST', 'CT', 'SJ', 'DJ']]
[22:34:06] [YFAdapter-P2] [INFO] [YF-P2] Decision context: myPos=2, curPos=2, greaterPos=2, teammate=0, curAction=[, actionList_size=1
[22:34:06] [YFAdapter-P2] [INFO] [YF-P2] Decided: action_index=0, action=['PASS', 'PASS', 'PASS']
[22:34:06] [yf2_v5] [INFO] 3号位打出['PASS', 'PASS', 'PASS']， 最大动作为2号位打出的['ThreeWithTwo', 'T', ['ST', 'ST', 'CT', 'SJ', 'DJ']]
[22:34:06] [yf2_v5] [INFO] 0号位打出['PASS', 'PASS', 'PASS']， 最大动作为2号位打出的['ThreeWithTwo', 'T', ['ST', 'ST', 'CT', 'SJ', 'DJ']]
[22:34:06] [yf2_v5] [INFO] 1号位打出['PASS', 'PASS', 'PASS']， 最大动作为2号位打出的['ThreeWithTwo', 'T', ['ST', 'ST', 'CT', 'SJ', 'DJ']]
[22:34:06] [yf2_v5] [INFO] 2号位打出['Single', 'R', ['HR']]， 最大动作为2号位打出的['Single', 'R', ['HR']]
[22:34:06] [YFAdapter-P2] [INFO] [YF-P2] Decision context: myPos=2, curPos=2, greaterPos=2, teammate=0, curAction=[, actionList_size=1
[22:34:06] [YFAdapter-P2] [INFO] [YF-P2] Decided: action_index=0, action=['PASS', 'PASS', 'PASS']
[22:34:06] [yf2_v5] [INFO] 3号位打出['PASS', 'PASS', 'PASS']， 最大动作为2号位打出的['Single', 'R', ['HR']]
[22:34:06] [yf2_v5] [INFO] 0号位打出['PASS', 'PASS', 'PASS']， 最大动作为2号位打出的['Single', 'R', ['HR']]
[22:34:06] [yf2_v5] [INFO] 1号位打出['PASS', 'PASS', 'PASS']， 最大动作为2号位打出的['Single', 'R', ['HR']]
[22:34:06] [yf2_v5] [INFO] 2号位打出['Single', '9', ['S9']]， 最大动作为2号位打出的['Single', '9', ['S9']]
[22:34:06] [YFAdapter-P2] [INFO] [YF-P2] Decision context: myPos=2, curPos=2, greaterPos=2, teammate=0, curAction=[, actionList_size=5
[22:34:06] [YFAdapter-P2] [INFO] [YF-P2] Decided: action_index=0, action=['PASS', 'PASS', 'PASS']
[22:34:06] [yf2_v5] [INFO] 3号位打出['Single', 'B', ['SB']]， 最大动作为3号位打出的['Single', 'B', ['SB']]
[22:34:06] [yf2_v5] [INFO] 0号位打出['PASS', 'PASS', 'PASS']， 最大动作为3号位打出的['Single', 'B', ['SB']]
[22:34:06] [yf2_v5] [INFO] 1号位打出['PASS', 'PASS', 'PASS']， 最大动作为3号位打出的['Single', 'B', ['SB']]
[22:34:06] [yf2_v5] [INFO] 2号位打出['Bomb', 'A', ['HA', 'HA', 'DA', 'DA']]， 最大动作为2号位打出的['Bomb', 'A', ['HA', 'HA', 'DA', 'DA']]
[22:34:06] [YFAdapter-P2] [INFO] [YF-P2] Decision context: myPos=2, curPos=2, greaterPos=2, teammate=0, curAction=[, actionList_size=1
[22:34:06] [YFAdapter-P2] [INFO] [YF-P2] Decided: action_index=0, action=['PASS', 'PASS', 'PASS']
[22:34:06] [yf2_v5] [INFO] 3号位打出['PASS', 'PASS', 'PASS']， 最大动作为2号位打出的['Bomb', 'A', ['HA', 'HA', 'DA', 'DA']]
[22:34:06] [yf2_v5] [INFO] 0号位打出['PASS', 'PASS', 'PASS']， 最大动作为2号位打出的['Bomb', 'A', ['HA', 'HA', 'DA', 'DA']]
[22:34:06] [yf2_v5] [INFO] 1号位打出['PASS', 'PASS', 'PASS']， 最大动作为2号位打出的['Bomb', 'A', ['HA', 'HA', 'DA', 'DA']]
[22:34:06] [yf2_v5] [INFO] 2号位打出['Trips', '9', ['S9', 'C9', 'C9']]， 最大动作为2号位打出的['Trips', '9', ['S9', 'C9', 'C9']]
[22:34:06] [YFAdapter-P2] [INFO] [YF-P2] Decision context: myPos=2, curPos=2, greaterPos=2, teammate=0, curAction=[, actionList_size=1
[22:34:06] [YFAdapter-P2] [INFO] [YF-P2] Decided: action_index=0, action=['PASS', 'PASS', 'PASS']
[22:34:06] [yf2_v5] [INFO] 3号位打出['PASS', 'PASS', 'PASS']， 最大动作为2号位打出的['Trips', '9', ['S9', 'C9', 'C9']]
[22:34:06] [yf2_v5] [INFO] 0号位打出['PASS', 'PASS', 'PASS']， 最大动作为2号位打出的['Trips', '9', ['S9', 'C9', 'C9']]
[22:34:06] [yf2_v5] [INFO] 0号位打出['Single', 'K', ['SK']]， 最大动作为0号位打出的['Single', 'K', ['SK']]
[22:34:06] [yf2_v5] [INFO] 1号位打出['PASS', 'PASS', 'PASS']， 最大动作为0号位打出的['Single', 'K', ['SK']]
[22:34:06] [YFAdapter-P2] [INFO] [YF-P2] Decision context: myPos=2, curPos=1, greaterPos=0, teammate=0, curAction=[, actionList_size=1
[22:34:06] [YFAdapter-P2] [INFO] [YF-P2] Decided: action_index=0, action=['PASS', 'PASS', 'PASS']
[22:34:06] [yf2_v5] [INFO] 3号位打出['PASS', 'PASS', 'PASS']， 最大动作为0号位打出的['Single', 'K', ['SK']]
[22:34:06] [yf2_v5] [INFO] 0号位打出['Single', 'A', ['CA']]， 最大动作为0号位打出的['Single', 'A', ['CA']]
[22:34:06] [yf2_v5] [INFO] 游戏开始, 我是3号位，手牌：['C2', 'H3', 'D3', 'D4', 'C5', 'D5', 'C6', 'D6', 'S7', 'H7', 'D7', 'H8', 'C8', 'D8', 'C9', 'ST', 'DT', 'CJ', 'DJ', 'HQ', 'HQ', 'CQ', 'DQ', 'SA', 'DA', 'DA', 'HR']
[22:34:06] [yf2_v5] [INFO] 2号位打出['Single', '3', ['H3']]， 最大动作为2号位打出的['Single', '3', ['H3']]
[22:34:06] [YFAdapter-P2] [INFO] [YF-P2] Decision context: myPos=2, curPos=2, greaterPos=2, teammate=0, curAction=[, actionList_size=26
[22:34:06] [YFAdapter-P2] [INFO] [YF-P2] Decided: action_index=0, action=['PASS', 'PASS', 'PASS']
[22:34:06] [yf2_v5] [INFO] 3号位打出['PASS', 'PASS', 'PASS']， 最大动作为2号位打出的['Single', '3', ['H3']]
[22:34:06] [yf2_v5] [INFO] 0号位打出['Single', '7', ['C7']]， 最大动作为0号位打出的['Single', '7', ['C7']]
[22:34:06] [yf2_v5] [INFO] 1号位打出['Single', '9', ['D9']]， 最大动作为1号位打出的['Single', '9', ['D9']]
[22:34:06] [yf2_v5] [INFO] 2号位打出['Single', 'A', ['SA']]， 最大动作为2号位打出的['Single', 'A', ['SA']]
[22:34:06] [YFAdapter-P2] [INFO] [YF-P2] Decision context: myPos=2, curPos=2, greaterPos=2, teammate=0, curAction=[, actionList_size=5
[22:34:06] [YFAdapter-P2] [INFO] [YF-P2] Decided: action_index=0, action=['PASS', 'PASS', 'PASS']
[22:34:06] [yf2_v5] [INFO] 3号位打出['PASS', 'PASS', 'PASS']， 最大动作为2号位打出的['Single', 'A', ['SA']]
[22:34:06] [yf2_v5] [INFO] 0号位打出['PASS', 'PASS', 'PASS']， 最大动作为2号位打出的['Single', 'A', ['SA']]
[22:34:06] [yf2_v5] [INFO] 1号位打出['PASS', 'PASS', 'PASS']， 最大动作为2号位打出的['Single', 'A', ['SA']]
[22:34:06] [yf2_v5] [INFO] 2号位打出['Single', '5', ['H5']]， 最大动作为2号位打出的['Single', '5', ['H5']]
[22:34:06] [YFAdapter-P2] [INFO] [YF-P2] Decision context: myPos=2, curPos=2, greaterPos=2, teammate=0, curAction=[, actionList_size=23
[22:34:06] [YFAdapter-P2] [INFO] [YF-P2] Decided: action_index=5, action=['Single', '7', [['D', '7']]]
[22:34:06] [yf2_v5] [INFO] 3号位打出['Single', '7', ['D7']]， 最大动作为3号位打出的['Single', '7', ['D7']]
[22:34:06] [yf2_v5] [INFO] 0号位打出['Single', 'J', ['HJ']]， 最大动作为0号位打出的['Single', 'J', ['HJ']]
[22:34:06] [yf2_v5] [INFO] 1号位打出['Single', 'K', ['CK']]， 最大动作为1号位打出的['Single', 'K', ['CK']]
[22:34:06] [yf2_v5] [INFO] 2号位打出['Single', 'A', ['CA']]， 最大动作为2号位打出的['Single', 'A', ['CA']]
[22:34:06] [YFAdapter-P2] [INFO] [YF-P2] Decision context: myPos=2, curPos=2, greaterPos=2, teammate=0, curAction=[, actionList_size=3
[22:34:06] [YFAdapter-P2] [INFO] [YF-P2] Decided: action_index=0, action=['PASS', 'PASS', 'PASS']
[22:34:06] [yf2_v5] [INFO] 3号位打出['PASS', 'PASS', 'PASS']， 最大动作为2号位打出的['Single', 'A', ['CA']]
[22:34:06] [yf2_v5] [INFO] 0号位打出['PASS', 'PASS', 'PASS']， 最大动作为2号位打出的['Single', 'A', ['CA']]
[22:34:06] [yf2_v5] [INFO] 1号位打出['PASS', 'PASS', 'PASS']， 最大动作为2号位打出的['Single', 'A', ['CA']]
[22:34:06] [yf2_v5] [INFO] 2号位打出['Single', '8', ['S8']]， 最大动作为2号位打出的['Single', '8', ['S8']]
[22:34:06] [YFAdapter-P2] [INFO] [YF-P2] Decision context: myPos=2, curPos=2, greaterPos=2, teammate=0, curAction=[, actionList_size=13
[22:34:06] [YFAdapter-P2] [INFO] [YF-P2] Decided: action_index=1, action=['Single', '9', [['C', '9']]]
[22:34:06] [yf2_v5] [INFO] 3号位打出['Single', '9', ['C9']]， 最大动作为3号位打出的['Single', '9', ['C9']]
[22:34:06] [yf2_v5] [INFO] 0号位打出['Single', 'A', ['HA']]， 最大动作为0号位打出的['Single', 'A', ['HA']]
[22:34:06] [yf2_v5] [INFO] 1号位打出['Single', 'B', ['SB']]， 最大动作为1号位打出的['Single', 'B', ['SB']]
[22:34:06] [yf2_v5] [INFO] 2号位打出['PASS', 'PASS', 'PASS']， 最大动作为1号位打出的['Single', 'B', ['SB']]
[22:34:06] [YFAdapter-P2] [INFO] [YF-P2] Decision context: myPos=2, curPos=2, greaterPos=1, teammate=0, curAction=[, actionList_size=3
[22:34:06] [YFAdapter-P2] [INFO] [YF-P2] Decided: action_index=0, action=['PASS', 'PASS', 'PASS']
[22:34:06] [yf2_v5] [INFO] 3号位打出['Single', 'R', ['HR']]， 最大动作为3号位打出的['Single', 'R', ['HR']]
[22:34:06] [yf2_v5] [INFO] 0号位打出['PASS', 'PASS', 'PASS']， 最大动作为3号位打出的['Single', 'R', ['HR']]
[22:34:06] [yf2_v5] [INFO] 1号位打出['PASS', 'PASS', 'PASS']， 最大动作为3号位打出的['Single', 'R', ['HR']]
[22:34:06] [yf2_v5] [INFO] 2号位打出['PASS', 'PASS', 'PASS']， 最大动作为3号位打出的['Single', 'R', ['HR']]
[22:34:06] [YFAdapter-P2] [INFO] [YF-P2] Decision context: myPos=2, curPos=-1, greaterPos=-1, teammate=0, curAction=[, actionList_size=165
[22:34:06] [YFAdapter-P2] [INFO] [YF-P2] Decided: action_index=0, action=['Single', '2', [['C', '2']]]
[22:34:06] [yf2_v5] [INFO] 3号位打出['Single', '2', ['C2']]， 最大动作为3号位打出的['Single', '2', ['C2']]
[22:34:06] [yf2_v5] [INFO] 0号位打出['Single', 'A', ['HA']]， 最大动作为0号位打出的['Single', 'A', ['HA']]
[22:34:06] [yf2_v5] [INFO] 1号位打出['PASS', 'PASS', 'PASS']， 最大动作为0号位打出的['Single', 'A', ['HA']]
[22:34:06] [yf2_v5] [INFO] 2号位打出['PASS', 'PASS', 'PASS']， 最大动作为0号位打出的['Single', 'A', ['HA']]
[22:34:06] [YFAdapter-P2] [INFO] [YF-P2] Decision context: myPos=2, curPos=2, greaterPos=0, teammate=0, curAction=[, actionList_size=2
[22:34:06] [YFAdapter-P2] [INFO] [YF-P2] Decided: action_index=0, action=['PASS', 'PASS', 'PASS']
[22:34:06] [yf2_v5] [INFO] 3号位打出['PASS', 'PASS', 'PASS']， 最大动作为0号位打出的['Single', 'A', ['HA']]
[22:34:06] [yf2_v5] [INFO] 0号位打出['ThreePair', '8', ['S8', 'H8', 'S9', 'H9', 'CT', 'DT']]， 最大动作为0号位打出的['ThreePair', '8', ['S8', 'H8', 'S9', 'H9', 'CT', 'DT']]
[22:34:06] [yf2_v5] [INFO] 1号位打出['PASS', 'PASS', 'PASS']， 最大动作为0号位打出的['ThreePair', '8', ['S8', 'H8', 'S9', 'H9', 'CT', 'DT']]
[22:34:06] [yf2_v5] [INFO] 2号位打出['PASS', 'PASS', 'PASS']， 最大动作为0号位打出的['ThreePair', '8', ['S8', 'H8', 'S9', 'H9', 'CT', 'DT']]
[22:34:06] [YFAdapter-P2] [INFO] [YF-P2] Decision context: myPos=2, curPos=2, greaterPos=0, teammate=0, curAction=[, actionList_size=6
[22:34:06] [YFAdapter-P2] [INFO] [YF-P2] Decided: action_index=0, action=['PASS', 'PASS', 'PASS']
[22:34:06] [yf2_v5] [INFO] 3号位打出['PASS', 'PASS', 'PASS']， 最大动作为0号位打出的['ThreePair', '8', ['S8', 'H8', 'S9', 'H9', 'CT', 'DT']]
[22:34:06] [yf2_v5] [INFO] 0号位打出['Pair', '3', ['S3', 'S3']]， 最大动作为0号位打出的['Pair', '3', ['S3', 'S3']]
[22:34:06] [yf2_v5] [INFO] 1号位打出['Pair', '6', ['S6', 'C6']]， 最大动作为1号位打出的['Pair', '6', ['S6', 'C6']]
[22:34:06] [yf2_v5] [INFO] 2号位打出['Pair', '7', ['S7', 'H7']]， 最大动作为2号位打出的['Pair', '7', ['S7', 'H7']]
[22:34:06] [YFAdapter-P2] [INFO] [YF-P2] Decision context: myPos=2, curPos=2, greaterPos=2, teammate=0, curAction=[, actionList_size=13
[22:34:06] [YFAdapter-P2] [INFO] [YF-P2] Decided: action_index=11, action=['Pair', 'A', [['D', 'A'], ['D', 'A']]]
[22:34:06] [yf2_v5] [INFO] 3号位打出['Pair', 'A', ['DA', 'DA']]， 最大动作为3号位打出的['Pair', 'A', ['DA', 'DA']]
[22:34:06] [yf2_v5] [INFO] 0号位打出['PASS', 'PASS', 'PASS']， 最大动作为3号位打出的['Pair', 'A', ['DA', 'DA']]
[22:34:06] [yf2_v5] [INFO] 1号位打出['PASS', 'PASS', 'PASS']， 最大动作为3号位打出的['Pair', 'A', ['DA', 'DA']]
[22:34:06] [yf2_v5] [INFO] 2号位打出['PASS', 'PASS', 'PASS']， 最大动作为3号位打出的['Pair', 'A', ['DA', 'DA']]
[22:34:06] [YFAdapter-P2] [INFO] [YF-P2] Decision context: myPos=2, curPos=-1, greaterPos=-1, teammate=0, curAction=[, actionList_size=123
[22:34:06] [YFAdapter-P2] [INFO] [YF-P2] Decided: action_index=2, action=['Single', '4', [['D', '4']]]
[22:34:06] [yf2_v5] [INFO] 3号位打出['Single', '4', ['D4']]， 最大动作为3号位打出的['Single', '4', ['D4']]
[22:34:06] [yf2_v5] [INFO] 0号位打出['PASS', 'PASS', 'PASS']， 最大动作为3号位打出的['Single', '4', ['D4']]
[22:34:06] [yf2_v5] [INFO] 1号位打出['Single', 'A', ['CA']]， 最大动作为1号位打出的['Single', 'A', ['CA']]
[22:34:06] [yf2_v5] [INFO] 2号位打出['Single', 'B', ['SB']]， 最大动作为2号位打出的['Single', 'B', ['SB']]
[22:34:06] [YFAdapter-P2] [INFO] [YF-P2] Decision context: myPos=2, curPos=2, greaterPos=2, teammate=0, curAction=[, actionList_size=2
[22:34:06] [YFAdapter-P2] [INFO] [YF-P2] Decided: action_index=0, action=['PASS', 'PASS', 'PASS']
[22:34:06] [yf2_v5] [INFO] 3号位打出['PASS', 'PASS', 'PASS']， 最大动作为2号位打出的['Single', 'B', ['SB']]
[22:34:06] [yf2_v5] [INFO] 0号位打出['PASS', 'PASS', 'PASS']， 最大动作为2号位打出的['Single', 'B', ['SB']]
[22:34:06] [yf2_v5] [INFO] 1号位打出['PASS', 'PASS', 'PASS']， 最大动作为2号位打出的['Single', 'B', ['SB']]
[22:34:06] [yf2_v5] [INFO] 2号位打出['Single', '2', ['S2']]， 最大动作为2号位打出的['Single', '2', ['S2']]
[22:34:06] [YFAdapter-P2] [INFO] [YF-P2] Decision context: myPos=2, curPos=2, greaterPos=2, teammate=0, curAction=[, actionList_size=21
[22:34:06] [YFAdapter-P2] [INFO] [YF-P2] Decided: action_index=0, action=['PASS', 'PASS', 'PASS']
[22:34:06] [yf2_v5] [INFO] 3号位打出['PASS', 'PASS', 'PASS']， 最大动作为2号位打出的['Single', '2', ['S2']]
[22:34:06] [yf2_v5] [INFO] 0号位打出['PASS', 'PASS', 'PASS']， 最大动作为2号位打出的['Single', '2', ['S2']]
[22:34:06] [yf2_v5] [INFO] 1号位打出['PASS', 'PASS', 'PASS']， 最大动作为2号位打出的['Single', '2', ['S2']]
[22:34:06] [yf2_v5] [INFO] 2号位打出['Single', '2', ['H2']]， 最大动作为2号位打出的['Single', '2', ['H2']]
[22:34:06] [YFAdapter-P2] [INFO] [YF-P2] Decision context: myPos=2, curPos=2, greaterPos=2, teammate=0, curAction=[, actionList_size=21
[22:34:06] [YFAdapter-P2] [INFO] [YF-P2] Decided: action_index=15, action=['Single', 'J', [['D', 'J']]]
[22:34:06] [yf2_v5] [INFO] 3号位打出['Single', 'J', ['DJ']]， 最大动作为3号位打出的['Single', 'J', ['DJ']]
[22:34:06] [yf2_v5] [INFO] 0号位打出['Single', 'K', ['DK']]， 最大动作为0号位打出的['Single', 'K', ['DK']]
[22:34:06] [yf2_v5] [INFO] 1号位打出['PASS', 'PASS', 'PASS']， 最大动作为0号位打出的['Single', 'K', ['DK']]
[22:34:06] [yf2_v5] [INFO] 2号位打出['PASS', 'PASS', 'PASS']， 最大动作为0号位打出的['Single', 'K', ['DK']]
[22:34:06] [YFAdapter-P2] [INFO] [YF-P2] Decision context: myPos=2, curPos=2, greaterPos=0, teammate=0, curAction=[, actionList_size=3
[22:34:06] [YFAdapter-P2] [INFO] [YF-P2] Decided: action_index=0, action=['PASS', 'PASS', 'PASS']
[22:34:06] [yf2_v5] [INFO] 3号位打出['PASS', 'PASS', 'PASS']， 最大动作为0号位打出的['Single', 'K', ['DK']]
[22:34:06] [yf2_v5] [INFO] 0号位打出['Pair', '6', ['H6', 'D6']]， 最大动作为0号位打出的['Pair', '6', ['H6', 'D6']]
[22:34:06] [yf2_v5] [INFO] 1号位打出['Pair', '8', ['C8', 'D8']]， 最大动作为1号位打出的['Pair', '8', ['C8', 'D8']]
[22:34:06] [yf2_v5] [INFO] 2号位打出['Pair', 'K', ['HK', 'CK']]， 最大动作为2号位打出的['Pair', 'K', ['HK', 'CK']]
[22:34:06] [YFAdapter-P2] [INFO] [YF-P2] Decision context: myPos=2, curPos=2, greaterPos=2, teammate=0, curAction=[, actionList_size=2
[22:34:06] [YFAdapter-P2] [INFO] [YF-P2] Decided: action_index=1, action=['Bomb', 'Q', [['H', 'Q'], ['H', 'Q'], ['C', 'Q'], ['D', 'Q']]]
[22:34:06] [yf2_v5] [INFO] 3号位打出['Bomb', 'Q', ['HQ', 'HQ', 'CQ', 'DQ']]， 最大动作为3号位打出的['Bomb', 'Q', ['HQ', 'HQ', 'CQ', 'DQ']]
[22:34:06] [yf2_v5] [INFO] 0号位打出['PASS', 'PASS', 'PASS']， 最大动作为3号位打出的['Bomb', 'Q', ['HQ', 'HQ', 'CQ', 'DQ']]
[22:34:06] [yf2_v5] [INFO] 1号位打出['PASS', 'PASS', 'PASS']， 最大动作为3号位打出的['Bomb', 'Q', ['HQ', 'HQ', 'CQ', 'DQ']]
[22:34:06] [yf2_v5] [INFO] 2号位打出['PASS', 'PASS', 'PASS']， 最大动作为3号位打出的['Bomb', 'Q', ['HQ', 'HQ', 'CQ', 'DQ']]
[22:34:06] [YFAdapter-P2] [INFO] [YF-P2] Decision context: myPos=2, curPos=-1, greaterPos=-1, teammate=0, curAction=[, actionList_size=33
[22:34:06] [YFAdapter-P2] [INFO] [YF-P2] Decided: action_index=24, action=['ThreePair', '5', [['C', '5'], ['D', '5'], ['C', '6'], ['D', '6'], ['S', '7'], ['H', '7']]]
[22:34:06] [yf2_v5] [INFO] 3号位打出['ThreePair', '5', ['C5', 'D5', 'C6', 'D6', 'S7', 'H7']]， 最大动作为3号位打出的['ThreePair', '5', ['C5', 'D5', 'C6', 'D6', 'S7', 'H7']]
[22:34:06] [yf2_v5] [INFO] 0号位打出['PASS', 'PASS', 'PASS']， 最大动作为3号位打出的['ThreePair', '5', ['C5', 'D5', 'C6', 'D6', 'S7', 'H7']]
[22:34:06] [yf2_v5] [INFO] 1号位打出['ThreePair', 'J', ['SJ', 'HJ', 'SQ', 'SQ', 'SK', 'DK']]， 最大动作为1号位打出的['ThreePair', 'J', ['SJ', 'HJ', 'SQ', 'SQ', 'SK', 'DK']]
[22:34:06] [yf2_v5] [INFO] 2号位打出['PASS', 'PASS', 'PASS']， 最大动作为1号位打出的['ThreePair', 'J', ['SJ', 'HJ', 'SQ', 'SQ', 'SK', 'DK']]
[22:34:06] [YFAdapter-P2] [INFO] [YF-P2] Decision context: myPos=2, curPos=2, greaterPos=1, teammate=0, curAction=[, actionList_size=1
[22:34:06] [YFAdapter-P2] [INFO] [YF-P2] Decided: action_index=0, action=['PASS', 'PASS', 'PASS']
[22:34:06] [yf2_v5] [INFO] 3号位打出['PASS', 'PASS', 'PASS']， 最大动作为1号位打出的['ThreePair', 'J', ['SJ', 'HJ', 'SQ', 'SQ', 'SK', 'DK']]
[22:34:06] [yf2_v5] [INFO] 0号位打出['Bomb', '4', ['S4', 'S4', 'C4', 'D4']]， 最大动作为0号位打出的['Bomb', '4', ['S4', 'S4', 'C4', 'D4']]
[22:34:06] [yf2_v5] [INFO] 1号位打出['PASS', 'PASS', 'PASS']， 最大动作为0号位打出的['Bomb', '4', ['S4', 'S4', 'C4', 'D4']]
[22:34:06] [yf2_v5] [INFO] 2号位打出['PASS', 'PASS', 'PASS']， 最大动作为0号位打出的['Bomb', '4', ['S4', 'S4', 'C4', 'D4']]
[22:34:06] [YFAdapter-P2] [INFO] [YF-P2] Decision context: myPos=2, curPos=2, greaterPos=0, teammate=0, curAction=[, actionList_size=1
[22:34:06] [YFAdapter-P2] [INFO] [YF-P2] Decided: action_index=0, action=['PASS', 'PASS', 'PASS']
[22:34:06] [yf2_v5] [INFO] 3号位打出['PASS', 'PASS', 'PASS']， 最大动作为0号位打出的['Bomb', '4', ['S4', 'S4', 'C4', 'D4']]
[22:34:06] [yf2_v5] [INFO] 0号位打出['ThreeWithTwo', '5', ['S5', 'H5', 'D5', 'S2', 'H2']]， 最大动作为0号位打出的['ThreeWithTwo', '5', ['S5', 'H5', 'D5', 'S2', 'H2']]
[22:34:06] [yf2_v5] [INFO] 1号位打出['PASS', 'PASS', 'PASS']， 最大动作为0号位打出的['ThreeWithTwo', '5', ['S5', 'H5', 'D5', 'S2', 'H2']]
[22:34:06] [yf2_v5] [INFO] 2号位打出['ThreeWithTwo', '9', ['H9', 'C9', 'D9', 'S6', 'H6']]， 最大动作为2号位打出的['ThreeWithTwo', '9', ['H9', 'C9', 'D9', 'S6', 'H6']]
[22:34:06] [YFAdapter-P2] [INFO] [YF-P2] Decision context: myPos=2, curPos=2, greaterPos=2, teammate=0, curAction=[, actionList_size=1
[22:34:06] [YFAdapter-P2] [INFO] [YF-P2] Decided: action_index=0, action=['PASS', 'PASS', 'PASS']
[22:34:06] [yf2_v5] [INFO] 3号位打出['PASS', 'PASS', 'PASS']， 最大动作为2号位打出的['ThreeWithTwo', '9', ['H9', 'C9', 'D9', 'S6', 'H6']]
[22:34:06] [yf2_v5] [INFO] 0号位打出['PASS', 'PASS', 'PASS']， 最大动作为2号位打出的['ThreeWithTwo', '9', ['H9', 'C9', 'D9', 'S6', 'H6']]
[22:34:06] [yf2_v5] [INFO] 1号位打出['PASS', 'PASS', 'PASS']， 最大动作为2号位打出的['ThreeWithTwo', '9', ['H9', 'C9', 'D9', 'S6', 'H6']]
[22:34:06] [yf2_v5] [INFO] 2号位打出['Single', '2', ['D2']]， 最大动作为2号位打出的['Single', '2', ['D2']]
[22:34:06] [YFAdapter-P2] [INFO] [YF-P2] Decision context: myPos=2, curPos=2, greaterPos=2, teammate=0, curAction=[, actionList_size=10
[22:34:06] [YFAdapter-P2] [INFO] [YF-P2] Decided: action_index=9, action=['Single', 'A', [['S', 'A']]]
[22:34:06] [yf2_v5] [INFO] 3号位打出['Single', 'A', ['SA']]， 最大动作为3号位打出的['Single', 'A', ['SA']]
[22:34:06] [yf2_v5] [INFO] 0号位打出['PASS', 'PASS', 'PASS']， 最大动作为3号位打出的['Single', 'A', ['SA']]
[22:34:06] [yf2_v5] [INFO] 1号位打出['Single', 'R', ['HR']]， 最大动作为1号位打出的['Single', 'R', ['HR']]
[22:34:06] [yf2_v5] [INFO] 2号位打出['PASS', 'PASS', 'PASS']， 最大动作为1号位打出的['Single', 'R', ['HR']]
[22:34:06] [YFAdapter-P2] [INFO] [YF-P2] Decision context: myPos=2, curPos=2, greaterPos=1, teammate=0, curAction=[, actionList_size=1
[22:34:06] [YFAdapter-P2] [INFO] [YF-P2] Decided: action_index=0, action=['PASS', 'PASS', 'PASS']
[22:34:06] [yf2_v5] [INFO] 3号位打出['PASS', 'PASS', 'PASS']， 最大动作为1号位打出的['Single', 'R', ['HR']]
[22:34:06] [yf2_v5] [INFO] 0号位打出['PASS', 'PASS', 'PASS']， 最大动作为1号位打出的['Single', 'R', ['HR']]
[22:34:06] [yf2_v5] [INFO] 1号位打出['Pair', '5', ['S5', 'C5']]， 最大动作为1号位打出的['Pair', '5', ['S5', 'C5']]
[22:34:06] [yf2_v5] [INFO] 2号位打出['PASS', 'PASS', 'PASS']， 最大动作为1号位打出的['Pair', '5', ['S5', 'C5']]
[22:34:06] [YFAdapter-P2] [INFO] [YF-P2] Decision context: myPos=2, curPos=2, greaterPos=1, teammate=0, curAction=[, actionList_size=5
[22:34:06] [YFAdapter-P2] [INFO] [YF-P2] Decided: action_index=0, action=['PASS', 'PASS', 'PASS']
[22:34:06] [yf2_v5] [INFO] 3号位打出['Pair', '8', ['H8', 'D8']]， 最大动作为3号位打出的['Pair', '8', ['H8', 'D8']]
[22:34:07] [yf2_v5] [INFO] 0号位打出['Pair', 'Q', ['CQ', 'DQ']]， 最大动作为0号位打出的['Pair', 'Q', ['CQ', 'DQ']]
[22:34:07] [yf2_v5] [INFO] 1号位打出['PASS', 'PASS', 'PASS']， 最大动作为0号位打出的['Pair', 'Q', ['CQ', 'DQ']]
[22:34:07] [yf2_v5] [INFO] 2号位打出['PASS', 'PASS', 'PASS']， 最大动作为0号位打出的['Pair', 'Q', ['CQ', 'DQ']]
[22:34:07] [YFAdapter-P2] [INFO] [YF-P2] Decision context: myPos=2, curPos=2, greaterPos=0, teammate=0, curAction=[, actionList_size=1
[22:34:07] [YFAdapter-P2] [INFO] [YF-P2] Decided: action_index=0, action=['PASS', 'PASS', 'PASS']
[22:34:07] [yf2_v5] [INFO] 3号位打出['PASS', 'PASS', 'PASS']， 最大动作为0号位打出的['Pair', 'Q', ['CQ', 'DQ']]
[22:34:07] [yf2_v5] [INFO] 0号位打出['Single', 'K', ['HK']]， 最大动作为0号位打出的['Single', 'K', ['HK']]
[22:34:07] [yf2_v5] [INFO] 1号位打出['PASS', 'PASS', 'PASS']， 最大动作为0号位打出的['Single', 'K', ['HK']]
[22:34:07] [yf2_v5] [INFO] 2号位打出['PASS', 'PASS', 'PASS']， 最大动作为0号位打出的['Single', 'K', ['HK']]
[22:34:07] [yf2_v5] [INFO] 2号位打出['Trips', '4', ['H4', 'H4', 'C4']]， 最大动作为2号位打出的['Trips', '4', ['H4', 'H4', 'C4']]
[22:34:07] [YFAdapter-P2] [INFO] [YF-P2] Decision context: myPos=2, curPos=2, greaterPos=2, teammate=0, curAction=[, actionList_size=1
[22:34:07] [YFAdapter-P2] [INFO] [YF-P2] Decided: action_index=0, action=['PASS', 'PASS', 'PASS']
[22:34:07] [yf2_v5] [INFO] 3号位打出['PASS', 'PASS', 'PASS']， 最大动作为2号位打出的['Trips', '4', ['H4', 'H4', 'C4']]
[22:34:07] [yf2_v5] [INFO] 1号位打出['PASS', 'PASS', 'PASS']， 最大动作为2号位打出的['Trips', '4', ['H4', 'H4', 'C4']]
[22:34:07] [yf2_v5] [INFO] 2号位打出['Trips', 'T', ['ST', 'HT', 'CT']]， 最大动作为2号位打出的['Trips', 'T', ['ST', 'HT', 'CT']]
[22:34:07] [YFAdapter-P2] [INFO] [YF-P2] Decision context: myPos=2, curPos=2, greaterPos=2, teammate=0, curAction=[, actionList_size=1
[22:34:07] [YFAdapter-P2] [INFO] [YF-P2] Decided: action_index=0, action=['PASS', 'PASS', 'PASS']
[22:34:07] [yf2_v5] [INFO] 3号位打出['PASS', 'PASS', 'PASS']， 最大动作为2号位打出的['Trips', 'T', ['ST', 'HT', 'CT']]
[22:34:07] [yf2_v5] [INFO] 1号位打出['PASS', 'PASS', 'PASS']， 最大动作为2号位打出的['Trips', 'T', ['ST', 'HT', 'CT']]
[22:34:07] [yf2_v5] [INFO] 2号位打出['Trips', 'J', ['SJ', 'CJ', 'DJ']]， 最大动作为2号位打出的['Trips', 'J', ['SJ', 'CJ', 'DJ']]
[22:34:07] [yf2_v5] [INFO] 游戏开始, 我是3号位，手牌：['S3', 'C4', 'S5', 'S5', 'C5', 'S6', 'H6', 'C6', 'D6', 'H7', 'S8', 'C8', 'ST', 'HT', 'SJ', 'HJ', 'DJ', 'SQ', 'HQ', 'SK', 'CK', 'DK', 'CA', 'DA', 'DA', 'S2', 'C2']
[22:34:07] [yf2_v5] [INFO] 2号位打出['Single', '5', ['H5']]， 最大动作为2号位打出的['Single', '5', ['H5']]
[22:34:07] [YFAdapter-P2] [INFO] [YF-P2] Decision context: myPos=2, curPos=2, greaterPos=2, teammate=0, curAction=[, actionList_size=23
[22:34:07] [YFAdapter-P2] [INFO] [YF-P2] Decided: action_index=15, action=['Single', 'K', [['S', 'K']]]
[22:34:07] [yf2_v5] [INFO] 3号位打出['Single', 'K', ['SK']]， 最大动作为3号位打出的['Single', 'K', ['SK']]
[22:34:07] [yf2_v5] [INFO] 0号位打出['Single', 'A', ['SA']]， 最大动作为0号位打出的['Single', 'A', ['SA']]
[22:34:07] [yf2_v5] [INFO] 1号位打出['Single', 'B', ['SB']]， 最大动作为1号位打出的['Single', 'B', ['SB']]
[22:34:07] [yf2_v5] [INFO] 2号位打出['Single', 'R', ['HR']]， 最大动作为2号位打出的['Single', 'R', ['HR']]
[22:34:07] [YFAdapter-P2] [INFO] [YF-P2] Decision context: myPos=2, curPos=2, greaterPos=2, teammate=0, curAction=[, actionList_size=2
[22:34:07] [YFAdapter-P2] [INFO] [YF-P2] Decided: action_index=0, action=['PASS', 'PASS', 'PASS']
[22:34:07] [yf2_v5] [INFO] 3号位打出['PASS', 'PASS', 'PASS']， 最大动作为2号位打出的['Single', 'R', ['HR']]
[22:34:07] [yf2_v5] [INFO] 0号位打出['PASS', 'PASS', 'PASS']， 最大动作为2号位打出的['Single', 'R', ['HR']]
[22:34:07] [yf2_v5] [INFO] 1号位打出['PASS', 'PASS', 'PASS']， 最大动作为2号位打出的['Single', 'R', ['HR']]
[22:34:07] [yf2_v5] [INFO] 2号位打出['Single', '3', ['H3']]， 最大动作为2号位打出的['Single', '3', ['H3']]
[22:34:07] [YFAdapter-P2] [INFO] [YF-P2] Decision context: myPos=2, curPos=2, greaterPos=2, teammate=0, curAction=[, actionList_size=25
[22:34:07] [YFAdapter-P2] [INFO] [YF-P2] Decided: action_index=14, action=['Single', 'J', [['H', 'J']]]
[22:34:07] [yf2_v5] [INFO] 3号位打出['Single', 'J', ['HJ']]， 最大动作为3号位打出的['Single', 'J', ['HJ']]
[22:34:07] [yf2_v5] [INFO] 0号位打出['Single', 'K', ['HK']]， 最大动作为0号位打出的['Single', 'K', ['HK']]
[22:34:07] [yf2_v5] [INFO] 1号位打出['PASS', 'PASS', 'PASS']， 最大动作为0号位打出的['Single', 'K', ['HK']]
[22:34:07] [yf2_v5] [INFO] 2号位打出['Single', 'A', ['HA']]， 最大动作为2号位打出的['Single', 'A', ['HA']]
[22:34:07] [YFAdapter-P2] [INFO] [YF-P2] Decision context: myPos=2, curPos=2, greaterPos=2, teammate=0, curAction=[, actionList_size=4
[22:34:07] [YFAdapter-P2] [INFO] [YF-P2] Decided: action_index=1, action=['Single', '2', [['S', '2']]]
[22:34:07] [yf2_v5] [INFO] 3号位打出['Single', '2', ['S2']]， 最大动作为3号位打出的['Single', '2', ['S2']]
[22:34:07] [yf2_v5] [INFO] 0号位打出['Single', 'R', ['HR']]， 最大动作为0号位打出的['Single', 'R', ['HR']]
[22:34:07] [yf2_v5] [INFO] 1号位打出['PASS', 'PASS', 'PASS']， 最大动作为0号位打出的['Single', 'R', ['HR']]
[22:34:07] [yf2_v5] [INFO] 2号位打出['PASS', 'PASS', 'PASS']， 最大动作为0号位打出的['Single', 'R', ['HR']]
[22:34:07] [YFAdapter-P2] [INFO] [YF-P2] Decision context: myPos=2, curPos=2, greaterPos=0, teammate=0, curAction=[, actionList_size=2
[22:34:07] [YFAdapter-P2] [INFO] [YF-P2] Decided: action_index=0, action=['PASS', 'PASS', 'PASS']
[22:34:07] [yf2_v5] [INFO] 3号位打出['PASS', 'PASS', 'PASS']， 最大动作为0号位打出的['Single', 'R', ['HR']]
[22:34:07] [yf2_v5] [INFO] 0号位打出['Single', '7', ['C7']]， 最大动作为0号位打出的['Single', '7', ['C7']]
[22:34:07] [yf2_v5] [INFO] 1号位打出['Single', '8', ['C8']]， 最大动作为1号位打出的['Single', '8', ['C8']]
[22:34:07] [yf2_v5] [INFO] 2号位打出['Single', '2', ['H2']]， 最大动作为2号位打出的['Single', '2', ['H2']]
[22:34:07] [YFAdapter-P2] [INFO] [YF-P2] Decision context: myPos=2, curPos=2, greaterPos=2, teammate=0, curAction=[, actionList_size=2
[22:34:07] [YFAdapter-P2] [INFO] [YF-P2] Decided: action_index=1, action=['Bomb', '6', [['S', '6'], ['H', '6'], ['C', '6'], ['D', '6']]]
[22:34:07] [yf2_v5] [INFO] 3号位打出['Bomb', '6', ['S6', 'H6', 'C6', 'D6']]， 最大动作为3号位打出的['Bomb', '6', ['S6', 'H6', 'C6', 'D6']]
[22:34:07] [yf2_v5] [INFO] 0号位打出['PASS', 'PASS', 'PASS']， 最大动作为3号位打出的['Bomb', '6', ['S6', 'H6', 'C6', 'D6']]
[22:34:07] [yf2_v5] [INFO] 1号位打出['PASS', 'PASS', 'PASS']， 最大动作为3号位打出的['Bomb', '6', ['S6', 'H6', 'C6', 'D6']]
[22:34:07] [yf2_v5] [INFO] 2号位打出['PASS', 'PASS', 'PASS']， 最大动作为3号位打出的['Bomb', '6', ['S6', 'H6', 'C6', 'D6']]
[22:34:07] [YFAdapter-P2] [INFO] [YF-P2] Decision context: myPos=2, curPos=-1, greaterPos=-1, teammate=0, curAction=[, actionList_size=83
[22:34:07] [YFAdapter-P2] [INFO] [YF-P2] Decided: action_index=0, action=['Single', '3', [['S', '3']]]
[22:34:07] [yf2_v5] [INFO] 3号位打出['Single', '3', ['S3']]， 最大动作为3号位打出的['Single', '3', ['S3']]
[22:34:07] [yf2_v5] [INFO] 0号位打出['Single', '2', ['S2']]， 最大动作为0号位打出的['Single', '2', ['S2']]
[22:34:07] [yf2_v5] [INFO] 1号位打出['Single', 'B', ['SB']]， 最大动作为1号位打出的['Single', 'B', ['SB']]
[22:34:07] [yf2_v5] [INFO] 2号位打出['PASS', 'PASS', 'PASS']， 最大动作为1号位打出的['Single', 'B', ['SB']]
[22:34:07] [YFAdapter-P2] [INFO] [YF-P2] Decision context: myPos=2, curPos=2, greaterPos=1, teammate=0, curAction=[, actionList_size=1
[22:34:07] [YFAdapter-P2] [INFO] [YF-P2] Decided: action_index=0, action=['PASS', 'PASS', 'PASS']
[22:34:07] [yf2_v5] [INFO] 3号位打出['PASS', 'PASS', 'PASS']， 最大动作为1号位打出的['Single', 'B', ['SB']]
[22:34:07] [yf2_v5] [INFO] 0号位打出['PASS', 'PASS', 'PASS']， 最大动作为1号位打出的['Single', 'B', ['SB']]
[22:34:07] [yf2_v5] [INFO] 1号位打出['Single', '4', ['S4']]， 最大动作为1号位打出的['Single', '4', ['S4']]
[22:34:07] [yf2_v5] [INFO] 2号位打出['Single', '2', ['C2']]， 最大动作为2号位打出的['Single', '2', ['C2']]
[22:34:07] [YFAdapter-P2] [INFO] [YF-P2] Decision context: myPos=2, curPos=2, greaterPos=2, teammate=0, curAction=[, actionList_size=1
[22:34:07] [YFAdapter-P2] [INFO] [YF-P2] Decided: action_index=0, action=['PASS', 'PASS', 'PASS']
[22:34:07] [yf2_v5] [INFO] 3号位打出['PASS', 'PASS', 'PASS']， 最大动作为2号位打出的['Single', '2', ['C2']]
[22:34:07] [yf2_v5] [INFO] 0号位打出['PASS', 'PASS', 'PASS']， 最大动作为2号位打出的['Single', '2', ['C2']]
[22:34:07] [yf2_v5] [INFO] 1号位打出['PASS', 'PASS', 'PASS']， 最大动作为2号位打出的['Single', '2', ['C2']]
[22:34:07] [yf2_v5] [INFO] 2号位打出['Single', '3', ['D3']]， 最大动作为2号位打出的['Single', '3', ['D3']]
[22:34:07] [YFAdapter-P2] [INFO] [YF-P2] Decision context: myPos=2, curPos=2, greaterPos=2, teammate=0, curAction=[, actionList_size=18
[22:34:07] [YFAdapter-P2] [INFO] [YF-P2] Decided: action_index=14, action=['Single', 'K', [['D', 'K']]]
[22:34:07] [yf2_v5] [INFO] 3号位打出['Single', 'K', ['DK']]， 最大动作为3号位打出的['Single', 'K', ['DK']]
[22:34:07] [yf2_v5] [INFO] 0号位打出['Single', '2', ['H2']]， 最大动作为0号位打出的['Single', '2', ['H2']]
[22:34:07] [yf2_v5] [INFO] 1号位打出['PASS', 'PASS', 'PASS']， 最大动作为0号位打出的['Single', '2', ['H2']]
[22:34:07] [yf2_v5] [INFO] 2号位打出['PASS', 'PASS', 'PASS']， 最大动作为0号位打出的['Single', '2', ['H2']]
[22:34:07] [YFAdapter-P2] [INFO] [YF-P2] Decision context: myPos=2, curPos=2, greaterPos=0, teammate=0, curAction=[, actionList_size=1
[22:34:07] [YFAdapter-P2] [INFO] [YF-P2] Decided: action_index=0, action=['PASS', 'PASS', 'PASS']
[22:34:07] [yf2_v5] [INFO] 3号位打出['PASS', 'PASS', 'PASS']， 最大动作为0号位打出的['Single', '2', ['H2']]
[22:34:07] [yf2_v5] [INFO] 0号位打出['Single', '3', ['H3']]， 最大动作为0号位打出的['Single', '3', ['H3']]
[22:34:07] [yf2_v5] [INFO] 1号位打出['Single', 'A', ['SA']]， 最大动作为1号位打出的['Single', 'A', ['SA']]
[22:34:07] [yf2_v5] [INFO] 2号位打出['PASS', 'PASS', 'PASS']， 最大动作为1号位打出的['Single', 'A', ['SA']]
[22:34:07] [YFAdapter-P2] [INFO] [YF-P2] Decision context: myPos=2, curPos=2, greaterPos=1, teammate=0, curAction=[, actionList_size=2
[22:34:07] [YFAdapter-P2] [INFO] [YF-P2] Decided: action_index=0, action=['PASS', 'PASS', 'PASS']
[22:34:07] [yf2_v5] [INFO] 3号位打出['Single', '2', ['C2']]， 最大动作为3号位打出的['Single', '2', ['C2']]
[22:34:07] [yf2_v5] [INFO] 0号位打出['PASS', 'PASS', 'PASS']， 最大动作为3号位打出的['Single', '2', ['C2']]
[22:34:07] [yf2_v5] [INFO] 1号位打出['PASS', 'PASS', 'PASS']， 最大动作为3号位打出的['Single', '2', ['C2']]
[22:34:07] [yf2_v5] [INFO] 2号位打出['PASS', 'PASS', 'PASS']， 最大动作为3号位打出的['Single', '2', ['C2']]
[22:34:07] [YFAdapter-P2] [INFO] [YF-P2] Decision context: myPos=2, curPos=-1, greaterPos=-1, teammate=0, curAction=[, actionList_size=54
[22:34:07] [YFAdapter-P2] [INFO] [YF-P2] Decided: action_index=0, action=['Single', '4', [['C', '4']]]
[22:34:07] [yf2_v5] [INFO] 3号位打出['Single', '4', ['C4']]， 最大动作为3号位打出的['Single', '4', ['C4']]
[22:34:07] [yf2_v5] [INFO] 0号位打出['PASS', 'PASS', 'PASS']， 最大动作为3号位打出的['Single', '4', ['C4']]
[22:34:07] [yf2_v5] [INFO] 1号位打出['Single', 'A', ['HA']]， 最大动作为1号位打出的['Single', 'A', ['HA']]
[22:34:07] [yf2_v5] [INFO] 2号位打出['PASS', 'PASS', 'PASS']， 最大动作为1号位打出的['Single', 'A', ['HA']]
[22:34:07] [YFAdapter-P2] [INFO] [YF-P2] Decision context: myPos=2, curPos=2, greaterPos=1, teammate=0, curAction=[, actionList_size=1
[22:34:07] [YFAdapter-P2] [INFO] [YF-P2] Decided: action_index=0, action=['PASS', 'PASS', 'PASS']
[22:34:07] [yf2_v5] [INFO] 3号位打出['PASS', 'PASS', 'PASS']， 最大动作为1号位打出的['Single', 'A', ['HA']]
[22:34:07] [yf2_v5] [INFO] 0号位打出['PASS', 'PASS', 'PASS']， 最大动作为1号位打出的['Single', 'A', ['HA']]
[22:34:07] [yf2_v5] [INFO] 1号位打出['Pair', '5', ['C5', 'D5']]， 最大动作为1号位打出的['Pair', '5', ['C5', 'D5']]
[22:34:07] [yf2_v5] [INFO] 2号位打出['Pair', 'Q', ['CQ', 'CQ']]， 最大动作为2号位打出的['Pair', 'Q', ['CQ', 'CQ']]
[22:34:07] [YFAdapter-P2] [INFO] [YF-P2] Decision context: myPos=2, curPos=2, greaterPos=2, teammate=0, curAction=[, actionList_size=3
[22:34:07] [YFAdapter-P2] [INFO] [YF-P2] Decided: action_index=2, action=['Pair', 'A', [['D', 'A'], ['D', 'A']]]
[22:34:07] [yf2_v5] [INFO] 3号位打出['Pair', 'A', ['DA', 'DA']]， 最大动作为3号位打出的['Pair', 'A', ['DA', 'DA']]
[22:34:07] [yf2_v5] [INFO] 0号位打出['PASS', 'PASS', 'PASS']， 最大动作为3号位打出的['Pair', 'A', ['DA', 'DA']]
[22:34:07] [yf2_v5] [INFO] 1号位打出['Pair', '2', ['D2', 'D2']]， 最大动作为1号位打出的['Pair', '2', ['D2', 'D2']]
[22:34:07] [yf2_v5] [INFO] 2号位打出['PASS', 'PASS', 'PASS']， 最大动作为1号位打出的['Pair', '2', ['D2', 'D2']]
[22:34:07] [YFAdapter-P2] [INFO] [YF-P2] Decision context: myPos=2, curPos=2, greaterPos=1, teammate=0, curAction=[, actionList_size=1
[22:34:07] [YFAdapter-P2] [INFO] [YF-P2] Decided: action_index=0, action=['PASS', 'PASS', 'PASS']
[22:34:07] [yf2_v5] [INFO] 3号位打出['PASS', 'PASS', 'PASS']， 最大动作为1号位打出的['Pair', '2', ['D2', 'D2']]
[22:34:07] [yf2_v5] [INFO] 0号位打出['PASS', 'PASS', 'PASS']， 最大动作为1号位打出的['Pair', '2', ['D2', 'D2']]
[22:34:07] [yf2_v5] [INFO] 1号位打出['Pair', '6', ['H6', 'D6']]， 最大动作为1号位打出的['Pair', '6', ['H6', 'D6']]
[22:34:07] [yf2_v5] [INFO] 2号位打出['PASS', 'PASS', 'PASS']， 最大动作为1号位打出的['Pair', '6', ['H6', 'D6']]
[22:34:07] [YFAdapter-P2] [INFO] [YF-P2] Decision context: myPos=2, curPos=2, greaterPos=1, teammate=0, curAction=[, actionList_size=5
[22:34:07] [YFAdapter-P2] [INFO] [YF-P2] Decided: action_index=0, action=['PASS', 'PASS', 'PASS']
[22:34:07] [yf2_v5] [INFO] 3号位打出['Pair', 'J', ['SJ', 'DJ']]， 最大动作为3号位打出的['Pair', 'J', ['SJ', 'DJ']]
[22:34:07] [yf2_v5] [INFO] 0号位打出['Pair', 'Q', ['DQ', 'DQ']]， 最大动作为0号位打出的['Pair', 'Q', ['DQ', 'DQ']]
[22:34:07] [yf2_v5] [INFO] 1号位打出['PASS', 'PASS', 'PASS']， 最大动作为0号位打出的['Pair', 'Q', ['DQ', 'DQ']]
[22:34:07] [yf2_v5] [INFO] 2号位打出['PASS', 'PASS', 'PASS']， 最大动作为0号位打出的['Pair', 'Q', ['DQ', 'DQ']]
[22:34:07] [YFAdapter-P2] [INFO] [YF-P2] Decision context: myPos=2, curPos=2, greaterPos=0, teammate=0, curAction=[, actionList_size=1
[22:34:07] [YFAdapter-P2] [INFO] [YF-P2] Decided: action_index=0, action=['PASS', 'PASS', 'PASS']
[22:34:07] [yf2_v5] [INFO] 3号位打出['PASS', 'PASS', 'PASS']， 最大动作为0号位打出的['Pair', 'Q', ['DQ', 'DQ']]
[22:34:07] [yf2_v5] [INFO] 0号位打出['ThreeWithTwo', '4', ['S4', 'C4', 'D4', 'C3', 'D3']]， 最大动作为0号位打出的['ThreeWithTwo', '4', ['S4', 'C4', 'D4', 'C3', 'D3']]
[22:34:07] [yf2_v5] [INFO] 1号位打出['ThreeWithTwo', 'J', ['SJ', 'HJ', 'DJ', 'S3', 'C3']]， 最大动作为1号位打出的['ThreeWithTwo', 'J', ['SJ', 'HJ', 'DJ', 'S3', 'C3']]
[22:34:07] [yf2_v5] [INFO] 2号位打出['PASS', 'PASS', 'PASS']， 最大动作为1号位打出的['ThreeWithTwo', 'J', ['SJ', 'HJ', 'DJ', 'S3', 'C3']]
[22:34:07] [YFAdapter-P2] [INFO] [YF-P2] Decision context: myPos=2, curPos=2, greaterPos=1, teammate=0, curAction=[, actionList_size=1
[22:34:07] [YFAdapter-P2] [INFO] [YF-P2] Decided: action_index=0, action=['PASS', 'PASS', 'PASS']
[22:34:07] [yf2_v5] [INFO] 3号位打出['PASS', 'PASS', 'PASS']， 最大动作为1号位打出的['ThreeWithTwo', 'J', ['SJ', 'HJ', 'DJ', 'S3', 'C3']]
[22:34:07] [yf2_v5] [INFO] 0号位打出['PASS', 'PASS', 'PASS']， 最大动作为1号位打出的['ThreeWithTwo', 'J', ['SJ', 'HJ', 'DJ', 'S3', 'C3']]
[22:34:07] [yf2_v5] [INFO] 1号位打出['ThreeWithTwo', '7', ['S7', 'H7', 'C7', 'S9', 'C9']]， 最大动作为1号位打出的['ThreeWithTwo', '7', ['S7', 'H7', 'C7', 'S9', 'C9']]
[22:34:07] [yf2_v5] [INFO] 2号位打出['ThreeWithTwo', 'K', ['SK', 'HK', 'DK', 'ST', 'DT']]， 最大动作为2号位打出的['ThreeWithTwo', 'K', ['SK', 'HK', 'DK', 'ST', 'DT']]
[22:34:07] [YFAdapter-P2] [INFO] [YF-P2] Decision context: myPos=2, curPos=2, greaterPos=2, teammate=0, curAction=[, actionList_size=1
[22:34:07] [YFAdapter-P2] [INFO] [YF-P2] Decided: action_index=0, action=['PASS', 'PASS', 'PASS']
[22:34:07] [yf2_v5] [INFO] 3号位打出['PASS', 'PASS', 'PASS']， 最大动作为2号位打出的['ThreeWithTwo', 'K', ['SK', 'HK', 'DK', 'ST', 'DT']]
[22:34:07] [yf2_v5] [INFO] 0号位打出['PASS', 'PASS', 'PASS']， 最大动作为2号位打出的['ThreeWithTwo', 'K', ['SK', 'HK', 'DK', 'ST', 'DT']]
[22:34:07] [yf2_v5] [INFO] 1号位打出['PASS', 'PASS', 'PASS']， 最大动作为2号位打出的['ThreeWithTwo', 'K', ['SK', 'HK', 'DK', 'ST', 'DT']]
[22:34:07] [yf2_v5] [INFO] 2号位打出['Single', '4', ['H4']]， 最大动作为2号位打出的['Single', '4', ['H4']]
[22:34:07] [YFAdapter-P2] [INFO] [YF-P2] Decision context: myPos=2, curPos=2, greaterPos=2, teammate=0, curAction=[, actionList_size=12
[22:34:07] [YFAdapter-P2] [INFO] [YF-P2] Decided: action_index=8, action=['Single', 'Q', [['S', 'Q']]]
[22:34:07] [yf2_v5] [INFO] 3号位打出['Single', 'Q', ['SQ']]， 最大动作为3号位打出的['Single', 'Q', ['SQ']]
[22:34:07] [yf2_v5] [INFO] 0号位打出['PASS', 'PASS', 'PASS']， 最大动作为3号位打出的['Single', 'Q', ['SQ']]
[22:34:07] [yf2_v5] [INFO] 1号位打出['Single', 'K', ['CK']]， 最大动作为1号位打出的['Single', 'K', ['CK']]
[22:34:07] [yf2_v5] [INFO] 2号位打出['PASS', 'PASS', 'PASS']， 最大动作为1号位打出的['Single', 'K', ['CK']]
[22:34:07] [YFAdapter-P2] [INFO] [YF-P2] Decision context: myPos=2, curPos=2, greaterPos=1, teammate=0, curAction=[, actionList_size=2
[22:34:07] [YFAdapter-P2] [INFO] [YF-P2] Decided: action_index=0, action=['PASS', 'PASS', 'PASS']
[22:34:07] [YFAdapter-P2] [WARNING] [YF-P2] 检测到过于保守: 对手快走完(剩4张), 触发Layer 2/3进行更积极的决策
[22:34:07] [yf2_v5] [INFO] 3号位打出['Single', 'A', ['CA']]， 最大动作为3号位打出的['Single', 'A', ['CA']]
[22:34:07] [yf2_v5] [INFO] 0号位打出['PASS', 'PASS', 'PASS']， 最大动作为3号位打出的['Single', 'A', ['CA']]
[22:34:07] [yf2_v5] [INFO] 1号位打出['PASS', 'PASS', 'PASS']， 最大动作为3号位打出的['Single', 'A', ['CA']]
[22:34:07] [yf2_v5] [INFO] 2号位打出['PASS', 'PASS', 'PASS']， 最大动作为3号位打出的['Single', 'A', ['CA']]
[22:34:07] [YFAdapter-P2] [INFO] [YF-P2] Decision context: myPos=2, curPos=-1, greaterPos=-1, teammate=0, curAction=[, actionList_size=16
[22:34:07] [YFAdapter-P2] [INFO] [YF-P2] Decided: action_index=2, action=['Single', '7', [['H', '7']]]
[22:34:07] [yf2_v5] [INFO] 3号位打出['Single', '7', ['H7']]， 最大动作为3号位打出的['Single', '7', ['H7']]
[22:34:07] [yf2_v5] [INFO] 0号位打出['Single', 'J', ['CJ']]， 最大动作为0号位打出的['Single', 'J', ['CJ']]
[22:34:07] [yf2_v5] [INFO] 1号位打出['Single', 'A', ['CA']]， 最大动作为1号位打出的['Single', 'A', ['CA']]
[22:34:07] [yf2_v5] [INFO] 2号位打出['PASS', 'PASS', 'PASS']， 最大动作为1号位打出的['Single', 'A', ['CA']]
[22:34:07] [YFAdapter-P2] [INFO] [YF-P2] Decision context: myPos=2, curPos=2, greaterPos=1, teammate=0, curAction=[, actionList_size=1
[22:34:07] [YFAdapter-P2] [INFO] [YF-P2] Decided: action_index=0, action=['PASS', 'PASS', 'PASS']
[22:34:07] [yf2_v5] [INFO] 3号位打出['PASS', 'PASS', 'PASS']， 最大动作为1号位打出的['Single', 'A', ['CA']]
[22:34:07] [yf2_v5] [INFO] 0号位打出['PASS', 'PASS', 'PASS']， 最大动作为1号位打出的['Single', 'A', ['CA']]
[22:34:07] [yf2_v5] [INFO] 1号位打出['Pair', 'Q', ['SQ', 'HQ']]， 最大动作为1号位打出的['Pair', 'Q', ['SQ', 'HQ']]
[22:34:07] [yf2_v5] [INFO] 2号位打出['PASS', 'PASS', 'PASS']， 最大动作为1号位打出的['Pair', 'Q', ['SQ', 'HQ']]
[22:34:07] [YFAdapter-P2] [INFO] [YF-P2] Decision context: myPos=2, curPos=2, greaterPos=1, teammate=0, curAction=[, actionList_size=1
[22:34:07] [YFAdapter-P2] [INFO] [YF-P2] Decided: action_index=0, action=['PASS', 'PASS', 'PASS']
[22:34:07] [yf2_v5] [INFO] 3号位打出['PASS', 'PASS', 'PASS']， 最大动作为1号位打出的['Pair', 'Q', ['SQ', 'HQ']]
[22:34:07] [yf2_v5] [INFO] 0号位打出['PASS', 'PASS', 'PASS']， 最大动作为1号位打出的['Pair', 'Q', ['SQ', 'HQ']]
[22:34:07] [yf2_v5] [INFO] 1号位打出['Single', 'T', ['CT']]， 最大动作为1号位打出的['Single', 'T', ['CT']]
[22:34:07] [yf2_v5] [INFO] 2号位打出['PASS', 'PASS', 'PASS']， 最大动作为1号位打出的['Single', 'T', ['CT']]
[22:34:07] [YFAdapter-P2] [INFO] [YF-P2] Decision context: myPos=2, curPos=2, greaterPos=1, teammate=0, curAction=[, actionList_size=3
[22:34:07] [YFAdapter-P2] [INFO] [YF-P2] Decided: action_index=0, action=['PASS', 'PASS', 'PASS']
[22:34:07] [YFAdapter-P2] [WARNING] [YF-P2] 检测到过于保守: 对手快走完(剩0张), 触发Layer 2/3进行更积极的决策
[22:34:07] [yf2_v5] [INFO] 3号位打出['Single', 'Q', ['HQ']]， 最大动作为3号位打出的['Single', 'Q', ['HQ']]
[22:34:07] [yf2_v5] [INFO] 0号位打出['PASS', 'PASS', 'PASS']， 最大动作为3号位打出的['Single', 'Q', ['HQ']]
[22:34:07] [yf2_v5] [INFO] 2号位打出['PASS', 'PASS', 'PASS']， 最大动作为3号位打出的['Single', 'Q', ['HQ']]
[22:34:07] [YFAdapter-P2] [INFO] [YF-P2] Decision context: myPos=2, curPos=-1, greaterPos=-1, teammate=0, curAction=[, actionList_size=14
[22:34:07] [YFAdapter-P2] [INFO] [YF-P2] Decided: action_index=12, action=['ThreeWithTwo', '5', [['S', '5'], ['S', '5'], ['C', '5'], ['S', '8'], ['C', '8']]]
[22:34:07] [yf2_v5] [INFO] 3号位打出['ThreeWithTwo', '5', ['S5', 'S5', 'C5', 'S8', 'C8']]， 最大动作为3号位打出的['ThreeWithTwo', '5', ['S5', 'S5', 'C5', 'S8', 'C8']]
[22:34:07] [yf2_v5] [INFO] 0号位打出['ThreeWithTwo', '9', ['S9', 'H9', 'D9', 'H5', 'D5']]， 最大动作为0号位打出的['ThreeWithTwo', '9', ['S9', 'H9', 'D9', 'H5', 'D5']]
[22:34:07] [yf2_v5] [INFO] 2号位打出['PASS', 'PASS', 'PASS']， 最大动作为0号位打出的['ThreeWithTwo', '9', ['S9', 'H9', 'D9', 'H5', 'D5']]
[22:34:07] [YFAdapter-P2] [INFO] [YF-P2] Decision context: myPos=2, curPos=2, greaterPos=0, teammate=0, curAction=[, actionList_size=1
[22:34:07] [YFAdapter-P2] [INFO] [YF-P2] Decided: action_index=0, action=['PASS', 'PASS', 'PASS']
[22:34:07] [yf2_v5] [INFO] 3号位打出['PASS', 'PASS', 'PASS']， 最大动作为0号位打出的['ThreeWithTwo', '9', ['S9', 'H9', 'D9', 'H5', 'D5']]
[22:34:07] [yf2_v5] [INFO] 0号位打出['Pair', '6', ['S6', 'C6']]， 最大动作为0号位打出的['Pair', '6', ['S6', 'C6']]
[22:34:07] [yf2_v5] [INFO] 2号位打出['Pair', '9', ['C9', 'D9']]， 最大动作为2号位打出的['Pair', '9', ['C9', 'D9']]
[22:34:07] [YFAdapter-P2] [INFO] [YF-P2] Decision context: myPos=2, curPos=2, greaterPos=2, teammate=0, curAction=[, actionList_size=2
[22:34:07] [YFAdapter-P2] [INFO] [YF-P2] Decided: action_index=1, action=['Pair', 'T', [['S', 'T'], ['H', 'T']]]
[22:34:07] [yf2_v5] [INFO] 3号位打出['Pair', 'T', ['ST', 'HT']]， 最大动作为3号位打出的['Pair', 'T', ['ST', 'HT']]
[22:34:07] [yf2_v5] [INFO] 0号位打出['PASS', 'PASS', 'PASS']， 最大动作为3号位打出的['Pair', 'T', ['ST', 'HT']]
[22:34:07] [yf2_v5] [INFO] 2号位打出['PASS', 'PASS', 'PASS']， 最大动作为3号位打出的['Pair', 'T', ['ST', 'HT']]
[22:34:07] [YFAdapter-P2] [INFO] [YF-P2] Decision context: myPos=2, curPos=-1, greaterPos=-1, teammate=0, curAction=[, actionList_size=1
[22:34:07] [YFAdapter-P2] [INFO] [YF-P2] Decided: action_index=0, action=['Single', 'K', [['C', 'K']]]
[22:34:07] [yf2_v5] [INFO] 3号位打出['Single', 'K', ['CK']]， 最大动作为3号位打出的['Single', 'K', ['CK']]
[22:34:07] [yf2_v5] [INFO] 游戏开始, 我是3号位，手牌：['S2', 'S2', 'H2', 'C2', 'S3', 'H3', 'H4', 'C4', 'D4', 'S6', 'H6', 'C6', 'H7', 'C7', 'D7', 'H8', 'H8', 'C8', 'H9', 'D9', 'SQ', 'HQ', 'SK', 'CA', 'DA', 'S5', 'SB']
[22:34:07] [YFAdapter-P2] [INFO] [YF-P2] Decision context: myPos=2, curPos=1, greaterPos=-1, teammate=0, curAction=[, actionList_size=18
[22:34:07] [YFAdapter-P2] [INFO] [YF-P2] Decided: action_index=5, action=['back', 'back', [['H', '4']]]
[22:34:07] [yf2_v5] [INFO] 2号位打出['Single', '2', ['C2']]， 最大动作为2号位打出的['Single', '2', ['C2']]
[22:34:07] [YFAdapter-P2] [INFO] [YF-P2] Decision context: myPos=2, curPos=2, greaterPos=2, teammate=0, curAction=[, actionList_size=23
[22:34:07] [YFAdapter-P2] [INFO] [YF-P2] Decided: action_index=16, action=['Single', 'Q', [['H', 'Q']]]
[22:34:07] [yf2_v5] [INFO] 3号位打出['Single', 'Q', ['HQ']]， 最大动作为3号位打出的['Single', 'Q', ['HQ']]
[22:34:07] [yf2_v5] [INFO] 0号位打出['Single', '5', ['H5']]， 最大动作为0号位打出的['Single', '5', ['H5']]
[22:34:07] [yf2_v5] [INFO] 1号位打出['PASS', 'PASS', 'PASS']， 最大动作为0号位打出的['Single', '5', ['H5']]
[22:34:07] [yf2_v5] [INFO] 2号位打出['PASS', 'PASS', 'PASS']， 最大动作为0号位打出的['Single', '5', ['H5']]
[22:34:07] [YFAdapter-P2] [INFO] [YF-P2] Decision context: myPos=2, curPos=2, greaterPos=0, teammate=0, curAction=[, actionList_size=3
[22:34:07] [YFAdapter-P2] [INFO] [YF-P2] Decided: action_index=0, action=['PASS', 'PASS', 'PASS']
[22:34:07] [yf2_v5] [INFO] 3号位打出['PASS', 'PASS', 'PASS']， 最大动作为0号位打出的['Single', '5', ['H5']]
[22:34:07] [yf2_v5] [INFO] 0号位打出['Single', '3', ['C3']]， 最大动作为0号位打出的['Single', '3', ['C3']]
[22:34:07] [yf2_v5] [INFO] 1号位打出['Bomb', '9', ['S9', 'S9', 'H9', 'C9']]， 最大动作为1号位打出的['Bomb', '9', ['S9', 'S9', 'H9', 'C9']]
[22:34:07] [yf2_v5] [INFO] 2号位打出['Bomb', 'Q', ['HQ', 'CQ', 'DQ', 'H5']]， 最大动作为2号位打出的['Bomb', 'Q', ['HQ', 'CQ', 'DQ', 'H5']]
[22:34:07] [YFAdapter-P2] [INFO] [YF-P2] Decision context: myPos=2, curPos=2, greaterPos=2, teammate=0, curAction=[, actionList_size=1
[22:34:07] [YFAdapter-P2] [INFO] [YF-P2] Decided: action_index=0, action=['PASS', 'PASS', 'PASS']
[22:34:07] [yf2_v5] [INFO] 3号位打出['PASS', 'PASS', 'PASS']， 最大动作为2号位打出的['Bomb', 'Q', ['HQ', 'CQ', 'DQ', 'H5']]
[22:34:07] [yf2_v5] [INFO] 0号位打出['PASS', 'PASS', 'PASS']， 最大动作为2号位打出的['Bomb', 'Q', ['HQ', 'CQ', 'DQ', 'H5']]
[22:34:07] [yf2_v5] [INFO] 1号位打出['PASS', 'PASS', 'PASS']， 最大动作为2号位打出的['Bomb', 'Q', ['HQ', 'CQ', 'DQ', 'H5']]
[22:34:07] [yf2_v5] [INFO] 2号位打出['Single', '6', ['D6']]， 最大动作为2号位打出的['Single', '6', ['D6']]
[22:34:07] [YFAdapter-P2] [INFO] [YF-P2] Decision context: myPos=2, curPos=2, greaterPos=2, teammate=0, curAction=[, actionList_size=15
[22:34:07] [YFAdapter-P2] [INFO] [YF-P2] Decided: action_index=2, action=['Single', '7', [['C', '7']]]
[22:34:07] [yf2_v5] [INFO] 3号位打出['Single', '7', ['C7']]， 最大动作为3号位打出的['Single', '7', ['C7']]
[22:34:07] [yf2_v5] [INFO] 0号位打出['Single', 'T', ['HT']]， 最大动作为0号位打出的['Single', 'T', ['HT']]
[22:34:07] [yf2_v5] [INFO] 1号位打出['Single', 'A', ['SA']]， 最大动作为1号位打出的['Single', 'A', ['SA']]
[22:34:07] [yf2_v5] [INFO] 2号位打出['Single', '5', ['S5']]， 最大动作为2号位打出的['Single', '5', ['S5']]
[22:34:07] [YFAdapter-P2] [INFO] [YF-P2] Decision context: myPos=2, curPos=2, greaterPos=2, teammate=0, curAction=[, actionList_size=3
[22:34:07] [YFAdapter-P2] [INFO] [YF-P2] Decided: action_index=2, action=['Bomb', '2', [['S', '2'], ['S', '2'], ['H', '2'], ['C', '2']]]
[22:34:07] [yf2_v5] [INFO] 3号位打出['Bomb', '2', ['S2', 'S2', 'H2', 'C2']]， 最大动作为3号位打出的['Bomb', '2', ['S2', 'S2', 'H2', 'C2']]
[22:34:07] [yf2_v5] [INFO] 0号位打出['PASS', 'PASS', 'PASS']， 最大动作为3号位打出的['Bomb', '2', ['S2', 'S2', 'H2', 'C2']]
[22:34:08] [yf2_v5] [INFO] 1号位打出['Bomb', 'T', ['ST', 'HT', 'CT', 'DT']]， 最大动作为1号位打出的['Bomb', 'T', ['ST', 'HT', 'CT', 'DT']]
[22:34:08] [yf2_v5] [INFO] 2号位打出['Bomb', 'K', ['HK', 'HK', 'DK', 'DK']]， 最大动作为2号位打出的['Bomb', 'K', ['HK', 'HK', 'DK', 'DK']]
[22:34:08] [YFAdapter-P2] [INFO] [YF-P2] Decision context: myPos=2, curPos=2, greaterPos=2, teammate=0, curAction=[, actionList_size=1
[22:34:08] [YFAdapter-P2] [INFO] [YF-P2] Decided: action_index=0, action=['PASS', 'PASS', 'PASS']
[22:34:08] [yf2_v5] [INFO] 3号位打出['PASS', 'PASS', 'PASS']， 最大动作为2号位打出的['Bomb', 'K', ['HK', 'HK', 'DK', 'DK']]
[22:34:08] [yf2_v5] [INFO] 0号位打出['PASS', 'PASS', 'PASS']， 最大动作为2号位打出的['Bomb', 'K', ['HK', 'HK', 'DK', 'DK']]
[22:34:08] [yf2_v5] [INFO] 1号位打出['PASS', 'PASS', 'PASS']， 最大动作为2号位打出的['Bomb', 'K', ['HK', 'HK', 'DK', 'DK']]
[22:34:08] [yf2_v5] [INFO] 2号位打出['Straight', '8', ['C8', 'D9', 'CT', 'SJ', 'DQ']]， 最大动作为2号位打出的['Straight', '8', ['C8', 'D9', 'CT', 'SJ', 'DQ']]
[22:34:08] [YFAdapter-P2] [INFO] [YF-P2] Decision context: myPos=2, curPos=2, greaterPos=2, teammate=0, curAction=[, actionList_size=1
[22:34:08] [YFAdapter-P2] [INFO] [YF-P2] Decided: action_index=0, action=['PASS', 'PASS', 'PASS']
[22:34:08] [yf2_v5] [INFO] 3号位打出['PASS', 'PASS', 'PASS']， 最大动作为2号位打出的['Straight', '8', ['C8', 'D9', 'CT', 'SJ', 'DQ']]
[22:34:08] [yf2_v5] [INFO] 0号位打出['Straight', '9', ['C9', 'ST', 'CJ', 'SQ', 'CK']]， 最大动作为0号位打出的['Straight', '9', ['C9', 'ST', 'CJ', 'SQ', 'CK']]
[22:34:08] [yf2_v5] [INFO] 1号位打出['PASS', 'PASS', 'PASS']， 最大动作为0号位打出的['Straight', '9', ['C9', 'ST', 'CJ', 'SQ', 'CK']]
[22:34:08] [yf2_v5] [INFO] 2号位打出['PASS', 'PASS', 'PASS']， 最大动作为0号位打出的['Straight', '9', ['C9', 'ST', 'CJ', 'SQ', 'CK']]
[22:34:08] [YFAdapter-P2] [INFO] [YF-P2] Decision context: myPos=2, curPos=2, greaterPos=0, teammate=0, curAction=[, actionList_size=1
[22:34:08] [YFAdapter-P2] [INFO] [YF-P2] Decided: action_index=0, action=['PASS', 'PASS', 'PASS']
[22:34:08] [yf2_v5] [INFO] 3号位打出['PASS', 'PASS', 'PASS']， 最大动作为0号位打出的['Straight', '9', ['C9', 'ST', 'CJ', 'SQ', 'CK']]
[22:34:08] [yf2_v5] [INFO] 0号位打出['Trips', '2', ['H2', 'D2', 'D2']]， 最大动作为0号位打出的['Trips', '2', ['H2', 'D2', 'D2']]
[22:34:08] [yf2_v5] [INFO] 1号位打出['PASS', 'PASS', 'PASS']， 最大动作为0号位打出的['Trips', '2', ['H2', 'D2', 'D2']]
[22:34:08] [yf2_v5] [INFO] 2号位打出['Trips', 'A', ['SA', 'HA', 'CA']]， 最大动作为2号位打出的['Trips', 'A', ['SA', 'HA', 'CA']]
[22:34:08] [YFAdapter-P2] [INFO] [YF-P2] Decision context: myPos=2, curPos=2, greaterPos=2, teammate=0, curAction=[, actionList_size=1
[22:34:08] [YFAdapter-P2] [INFO] [YF-P2] Decided: action_index=0, action=['PASS', 'PASS', 'PASS']
[22:34:08] [yf2_v5] [INFO] 3号位打出['PASS', 'PASS', 'PASS']， 最大动作为2号位打出的['Trips', 'A', ['SA', 'HA', 'CA']]
[22:34:08] [yf2_v5] [INFO] 0号位打出['PASS', 'PASS', 'PASS']， 最大动作为2号位打出的['Trips', 'A', ['SA', 'HA', 'CA']]
[22:34:08] [yf2_v5] [INFO] 1号位打出['PASS', 'PASS', 'PASS']， 最大动作为2号位打出的['Trips', 'A', ['SA', 'HA', 'CA']]
[22:34:08] [yf2_v5] [INFO] 2号位打出['Pair', '3', ['D3', 'D3']]， 最大动作为2号位打出的['Pair', '3', ['D3', 'D3']]
[22:34:08] [YFAdapter-P2] [INFO] [YF-P2] Decision context: myPos=2, curPos=2, greaterPos=2, teammate=0, curAction=[, actionList_size=11
[22:34:08] [YFAdapter-P2] [INFO] [YF-P2] Decided: action_index=7, action=['Pair', '8', [['H', '8'], ['H', '8']]]
[22:34:08] [yf2_v5] [INFO] 3号位打出['Pair', '8', ['H8', 'H8']]， 最大动作为3号位打出的['Pair', '8', ['H8', 'H8']]
[22:34:08] [yf2_v5] [INFO] 0号位打出['Pair', 'J', ['DJ', 'DJ']]， 最大动作为0号位打出的['Pair', 'J', ['DJ', 'DJ']]
[22:34:08] [yf2_v5] [INFO] 1号位打出['Pair', 'R', ['HR', 'HR']]， 最大动作为1号位打出的['Pair', 'R', ['HR', 'HR']]
[22:34:08] [yf2_v5] [INFO] 2号位打出['PASS', 'PASS', 'PASS']， 最大动作为1号位打出的['Pair', 'R', ['HR', 'HR']]
[22:34:08] [YFAdapter-P2] [INFO] [YF-P2] Decision context: myPos=2, curPos=2, greaterPos=1, teammate=0, curAction=[, actionList_size=1
[22:34:08] [YFAdapter-P2] [INFO] [YF-P2] Decided: action_index=0, action=['PASS', 'PASS', 'PASS']
[22:34:08] [yf2_v5] [INFO] 3号位打出['PASS', 'PASS', 'PASS']， 最大动作为1号位打出的['Pair', 'R', ['HR', 'HR']]
[22:34:08] [yf2_v5] [INFO] 0号位打出['PASS', 'PASS', 'PASS']， 最大动作为1号位打出的['Pair', 'R', ['HR', 'HR']]
[22:34:08] [yf2_v5] [INFO] 1号位打出['Single', '4', ['S4']]， 最大动作为1号位打出的['Single', '4', ['S4']]
[22:34:08] [yf2_v5] [INFO] 2号位打出['Single', 'T', ['DT']]， 最大动作为2号位打出的['Single', 'T', ['DT']]
[22:34:08] [YFAdapter-P2] [INFO] [YF-P2] Decision context: myPos=2, curPos=2, greaterPos=2, teammate=0, curAction=[, actionList_size=7
[22:34:08] [YFAdapter-P2] [INFO] [YF-P2] Decided: action_index=6, action=['Single', 'B', [['S', 'B']]]
[22:34:08] [yf2_v5] [INFO] 3号位打出['PASS', 'PASS', 'PASS']， 最大动作为2号位打出的['Single', 'T', ['DT']]
[22:34:08] [yf2_v5] [INFO] 0号位打出['PASS', 'PASS', 'PASS']， 最大动作为2号位打出的['Single', 'T', ['DT']]
[22:34:08] [yf2_v5] [INFO] 1号位打出['PASS', 'PASS', 'PASS']， 最大动作为2号位打出的['Single', 'T', ['DT']]
[22:34:08] [yf2_v5] [INFO] 2号位打出['Pair', '4', ['S4', 'C4']]， 最大动作为2号位打出的['Pair', '4', ['S4', 'C4']]
[22:34:08] [YFAdapter-P2] [INFO] [YF-P2] Decision context: myPos=2, curPos=2, greaterPos=2, teammate=0, curAction=[, actionList_size=8
[22:34:08] [YFAdapter-P2] [INFO] [YF-P2] Decided: action_index=0, action=['PASS', 'PASS', 'PASS']
[22:34:08] [yf2_v5] [INFO] 3号位打出['PASS', 'PASS', 'PASS']， 最大动作为2号位打出的['Pair', '4', ['S4', 'C4']]
[22:34:08] [yf2_v5] [INFO] 0号位打出['PASS', 'PASS', 'PASS']， 最大动作为2号位打出的['Pair', '4', ['S4', 'C4']]
[22:34:08] [yf2_v5] [INFO] 1号位打出['PASS', 'PASS', 'PASS']， 最大动作为2号位打出的['Pair', '4', ['S4', 'C4']]
[22:34:08] [yf2_v5] [INFO] 2号位打出['Single', 'J', ['SJ']]， 最大动作为2号位打出的['Single', 'J', ['SJ']]
[22:34:08] [YFAdapter-P2] [INFO] [YF-P2] Decision context: myPos=2, curPos=2, greaterPos=2, teammate=0, curAction=[, actionList_size=7
[22:34:08] [YFAdapter-P2] [INFO] [YF-P2] Decided: action_index=5, action=['Single', '5', [['S', '5']]]
[22:34:08] [yf2_v5] [INFO] 3号位打出['PASS', 'PASS', 'PASS']， 最大动作为2号位打出的['Single', 'J', ['SJ']]
[22:34:08] [yf2_v5] [INFO] 0号位打出['PASS', 'PASS', 'PASS']， 最大动作为2号位打出的['Single', 'J', ['SJ']]
[22:34:08] [yf2_v5] [INFO] 1号位打出['PASS', 'PASS', 'PASS']， 最大动作为2号位打出的['Single', 'J', ['SJ']]
[22:34:08] [yf2_v5] [INFO] 2号位打出['Pair', '5', ['C5', 'D5']]， 最大动作为2号位打出的['Pair', '5', ['C5', 'D5']]
[22:34:08] [YFAdapter-P2] [INFO] [YF-P2] Decision context: myPos=2, curPos=2, greaterPos=2, teammate=0, curAction=[, actionList_size=2
[22:34:08] [YFAdapter-P2] [INFO] [YF-P2] Decided: action_index=1, action=['Pair', 'B', [['S', 'B'], ['S', 'B']]]
[22:34:08] [yf2_v5] [INFO] 3号位打出['PASS', 'PASS', 'PASS']， 最大动作为2号位打出的['Pair', '5', ['C5', 'D5']]
[22:34:08] [yf2_v5] [INFO] 0号位打出['PASS', 'PASS', 'PASS']， 最大动作为2号位打出的['Pair', '5', ['C5', 'D5']]
[22:34:08] [yf2_v5] [INFO] 0号位打出['Trips', '4', ['H4', 'H4', 'D4']]， 最大动作为0号位打出的['Trips', '4', ['H4', 'H4', 'D4']]
[22:34:08] [yf2_v5] [INFO] 1号位打出['Trips', 'J', ['HJ', 'HJ', 'CJ']]， 最大动作为1号位打出的['Trips', 'J', ['HJ', 'HJ', 'CJ']]
[22:34:08] [YFAdapter-P2] [INFO] [YF-P2] Decision context: myPos=2, curPos=1, greaterPos=1, teammate=0, curAction=[, actionList_size=1
[22:34:08] [YFAdapter-P2] [INFO] [YF-P2] Decided: action_index=0, action=['PASS', 'PASS', 'PASS']
[22:34:08] [yf2_v5] [INFO] 3号位打出['PASS', 'PASS', 'PASS']， 最大动作为1号位打出的['Trips', 'J', ['HJ', 'HJ', 'CJ']]
[22:34:08] [yf2_v5] [INFO] 0号位打出['PASS', 'PASS', 'PASS']， 最大动作为1号位打出的['Trips', 'J', ['HJ', 'HJ', 'CJ']]
[22:34:08] [yf2_v5] [INFO] 1号位打出['Single', '6', ['C6']]， 最大动作为1号位打出的['Single', '6', ['C6']]
[22:34:08] [YFAdapter-P2] [INFO] [YF-P2] Decision context: myPos=2, curPos=1, greaterPos=1, teammate=0, curAction=[, actionList_size=12
[22:34:08] [YFAdapter-P2] [INFO] [YF-P2] Decided: action_index=0, action=['PASS', 'PASS', 'PASS']
[22:34:08] [yf2_v5] [INFO] 3号位打出['Single', 'A', ['CA']]， 最大动作为3号位打出的['Single', 'A', ['CA']]
[22:34:08] [yf2_v5] [INFO] 0号位打出['PASS', 'PASS', 'PASS']， 最大动作为3号位打出的['Single', 'A', ['CA']]
[22:34:08] [yf2_v5] [INFO] 1号位打出['Single', '5', ['C5']]， 最大动作为1号位打出的['Single', '5', ['C5']]
[22:34:08] [YFAdapter-P2] [INFO] [YF-P2] Decision context: myPos=2, curPos=1, greaterPos=1, teammate=0, curAction=[, actionList_size=2
[22:34:08] [YFAdapter-P2] [INFO] [YF-P2] Decided: action_index=0, action=['PASS', 'PASS', 'PASS']
[22:34:08] [yf2_v5] [INFO] 3号位打出['Single', 'B', ['SB']]， 最大动作为3号位打出的['Single', 'B', ['SB']]
[22:34:08] [yf2_v5] [INFO] 0号位打出['PASS', 'PASS', 'PASS']， 最大动作为3号位打出的['Single', 'B', ['SB']]
[22:34:08] [yf2_v5] [INFO] 1号位打出['PASS', 'PASS', 'PASS']， 最大动作为3号位打出的['Single', 'B', ['SB']]
[22:34:08] [YFAdapter-P2] [INFO] [YF-P2] Decision context: myPos=2, curPos=-1, greaterPos=-1, teammate=0, curAction=[, actionList_size=77
[22:34:08] [YFAdapter-P2] [INFO] [YF-P2] Decided: action_index=9, action=['Single', '8', [['C', '8']]]
[22:34:08] [yf2_v5] [INFO] 3号位打出['Single', '8', ['C8']]， 最大动作为3号位打出的['Single', '8', ['C8']]
[22:34:08] [yf2_v5] [INFO] 0号位打出['PASS', 'PASS', 'PASS']， 最大动作为3号位打出的['Single', '8', ['C8']]
[22:34:08] [yf2_v5] [INFO] 1号位打出['Single', 'A', ['HA']]， 最大动作为1号位打出的['Single', 'A', ['HA']]
[22:34:08] [YFAdapter-P2] [INFO] [YF-P2] Decision context: myPos=2, curPos=1, greaterPos=1, teammate=0, curAction=[, actionList_size=3
[22:34:08] [YFAdapter-P2] [INFO] [YF-P2] Decided: action_index=0, action=['PASS', 'PASS', 'PASS']
[22:34:08] [yf2_v5] [INFO] 3号位打出['Single', 'B', ['SB']]， 最大动作为3号位打出的['Single', 'B', ['SB']]
[22:34:08] [yf2_v5] [INFO] 0号位打出['Bomb', '7', ['S7', 'H7', 'C7', 'D7']]， 最大动作为0号位打出的['Bomb', '7', ['S7', 'H7', 'C7', 'D7']]
[22:34:08] [yf2_v5] [INFO] 1号位打出['PASS', 'PASS', 'PASS']， 最大动作为0号位打出的['Bomb', '7', ['S7', 'H7', 'C7', 'D7']]
[22:34:08] [YFAdapter-P2] [INFO] [YF-P2] Decision context: myPos=2, curPos=1, greaterPos=0, teammate=0, curAction=[, actionList_size=1
[22:34:08] [YFAdapter-P2] [INFO] [YF-P2] Decided: action_index=0, action=['PASS', 'PASS', 'PASS']
[22:34:08] [yf2_v5] [INFO] 3号位打出['PASS', 'PASS', 'PASS']， 最大动作为0号位打出的['Bomb', '7', ['S7', 'H7', 'C7', 'D7']]
[22:34:08] [yf2_v5] [INFO] 0号位打出['Trips', '6', ['S6', 'H6', 'D6']]， 最大动作为0号位打出的['Trips', '6', ['S6', 'H6', 'D6']]
[22:34:08] [yf2_v5] [INFO] 1号位打出['PASS', 'PASS', 'PASS']， 最大动作为0号位打出的['Trips', '6', ['S6', 'H6', 'D6']]
[22:34:08] [YFAdapter-P2] [INFO] [YF-P2] Decision context: myPos=2, curPos=1, greaterPos=0, teammate=0, curAction=[, actionList_size=1
[22:34:08] [YFAdapter-P2] [INFO] [YF-P2] Decided: action_index=0, action=['PASS', 'PASS', 'PASS']
[22:34:08] [yf2_v5] [INFO] 3号位打出['PASS', 'PASS', 'PASS']， 最大动作为0号位打出的['Trips', '6', ['S6', 'H6', 'D6']]
[22:34:08] [yf2_v5] [INFO] 0号位打出['Bomb', '8', ['S8', 'S8', 'D8', 'D8']]， 最大动作为0号位打出的['Bomb', '8', ['S8', 'S8', 'D8', 'D8']]
[22:34:08] [yf2_v5] [INFO] 游戏开始, 我是3号位，手牌：['H2', 'H3', 'D4', 'S6', 'H6', 'H6', 'D6', 'S7', 'H7', 'D7', 'H8', 'C8', 'D8', 'S9', 'ST', 'HT', 'DT', 'SJ', 'DJ', 'DJ', 'CQ', 'SK', 'HK', 'DK', 'CA', 'S5', 'H5']
[22:34:08] [YFAdapter-P2] [INFO] [YF-P2] Decision context: myPos=2, curPos=-1, greaterPos=-1, teammate=0, curAction=[, actionList_size=1
[22:34:08] [YFAdapter-P2] [INFO] [YF-P2] Decided: action_index=0, action=['tribute', 'tribute', [['S', '5']]]
[22:34:08] [yf2_v5] [INFO] 1号位打出['Single', '7', ['C7']]， 最大动作为1号位打出的['Single', '7', ['C7']]
[22:34:08] [yf2_v5] [INFO] 2号位打出['Single', 'T', ['DT']]， 最大动作为2号位打出的['Single', 'T', ['DT']]
[22:34:08] [YFAdapter-P2] [INFO] [YF-P2] Decision context: myPos=2, curPos=2, greaterPos=2, teammate=0, curAction=[, actionList_size=27
[22:34:08] [YFAdapter-P2] [INFO] [YF-P2] Decided: action_index=15, action=['Bomb', '8', [['S', '8'], ['H', '8'], ['C', '8'], ['D', '8']]]
[22:34:08] [yf2_v5] [INFO] 3号位打出['Bomb', '8', ['S8', 'H8', 'C8', 'D8']]， 最大动作为3号位打出的['Bomb', '8', ['S8', 'H8', 'C8', 'D8']]
[22:34:08] [yf2_v5] [INFO] 0号位打出['PASS', 'PASS', 'PASS']， 最大动作为3号位打出的['Bomb', '8', ['S8', 'H8', 'C8', 'D8']]
[22:34:08] [yf2_v5] [INFO] 1号位打出['Bomb', '5', ['C5', 'C5', 'D5', 'D5']]， 最大动作为1号位打出的['Bomb', '5', ['C5', 'C5', 'D5', 'D5']]
[22:34:08] [yf2_v5] [INFO] 2号位打出['PASS', 'PASS', 'PASS']， 最大动作为1号位打出的['Bomb', '5', ['C5', 'C5', 'D5', 'D5']]
[22:34:08] [YFAdapter-P2] [INFO] [YF-P2] Decision context: myPos=2, curPos=2, greaterPos=1, teammate=0, curAction=[, actionList_size=2
[22:34:08] [YFAdapter-P2] [INFO] [YF-P2] Decided: action_index=0, action=['PASS', 'PASS', 'PASS']
[22:34:08] [yf2_v5] [INFO] 3号位打出['PASS', 'PASS', 'PASS']， 最大动作为1号位打出的['Bomb', '5', ['C5', 'C5', 'D5', 'D5']]
[22:34:08] [yf2_v5] [INFO] 0号位打出['PASS', 'PASS', 'PASS']， 最大动作为1号位打出的['Bomb', '5', ['C5', 'C5', 'D5', 'D5']]
[22:34:08] [yf2_v5] [INFO] 1号位打出['ThreeWithTwo', '2', ['S2', 'H2', 'C2', 'H3', 'C3']]， 最大动作为1号位打出的['ThreeWithTwo', '2', ['S2', 'H2', 'C2', 'H3', 'C3']]
[22:34:08] [yf2_v5] [INFO] 2号位打出['ThreeWithTwo', '3', ['S3', 'C3', 'D3', 'C2', 'D2']]， 最大动作为2号位打出的['ThreeWithTwo', '3', ['S3', 'C3', 'D3', 'C2', 'D2']]
[22:34:08] [YFAdapter-P2] [INFO] [YF-P2] Decision context: myPos=2, curPos=2, greaterPos=2, teammate=0, curAction=[, actionList_size=390
[22:34:08] [YFAdapter-P2] [INFO] [YF-P2] Decided: action_index=233, action=['ThreeWithTwo', 'T', [['S', 'T'], ['H', 'T'], ['D', 'T'], ['D', 'K'], ['H', '5']]]
[22:34:08] [yf2_v5] [INFO] 3号位打出['ThreeWithTwo', 'T', ['ST', 'HT', 'DT', 'DK', 'H5']]， 最大动作为3号位打出的['ThreeWithTwo', 'T', ['ST', 'HT', 'DT', 'DK', 'H5']]
[22:34:08] [yf2_v5] [INFO] 0号位打出['ThreeWithTwo', 'Q', ['SQ', 'DQ', 'H5', 'S2', 'D2']]， 最大动作为0号位打出的['ThreeWithTwo', 'Q', ['SQ', 'DQ', 'H5', 'S2', 'D2']]
[22:34:08] [yf2_v5] [INFO] 1号位打出['PASS', 'PASS', 'PASS']， 最大动作为0号位打出的['ThreeWithTwo', 'Q', ['SQ', 'DQ', 'H5', 'S2', 'D2']]
[22:34:08] [yf2_v5] [INFO] 2号位打出['PASS', 'PASS', 'PASS']， 最大动作为0号位打出的['ThreeWithTwo', 'Q', ['SQ', 'DQ', 'H5', 'S2', 'D2']]
[22:34:08] [YFAdapter-P2] [INFO] [YF-P2] Decision context: myPos=2, curPos=2, greaterPos=0, teammate=0, curAction=[, actionList_size=2
[22:34:08] [YFAdapter-P2] [INFO] [YF-P2] Decided: action_index=0, action=['PASS', 'PASS', 'PASS']
[22:34:08] [yf2_v5] [INFO] 3号位打出['PASS', 'PASS', 'PASS']， 最大动作为0号位打出的['ThreeWithTwo', 'Q', ['SQ', 'DQ', 'H5', 'S2', 'D2']]
[22:34:08] [yf2_v5] [INFO] 0号位打出['ThreeWithTwo', 'T', ['ST', 'CT', 'CT', 'S3', 'D3']]， 最大动作为0号位打出的['ThreeWithTwo', 'T', ['ST', 'CT', 'CT', 'S3', 'D3']]
[22:34:08] [yf2_v5] [INFO] 1号位打出['PASS', 'PASS', 'PASS']， 最大动作为0号位打出的['ThreeWithTwo', 'T', ['ST', 'CT', 'CT', 'S3', 'D3']]
[22:34:08] [yf2_v5] [INFO] 2号位打出['PASS', 'PASS', 'PASS']， 最大动作为0号位打出的['ThreeWithTwo', 'T', ['ST', 'CT', 'CT', 'S3', 'D3']]
[22:34:08] [YFAdapter-P2] [INFO] [YF-P2] Decision context: myPos=2, curPos=2, greaterPos=0, teammate=0, curAction=[, actionList_size=10
[22:34:08] [YFAdapter-P2] [INFO] [YF-P2] Decided: action_index=0, action=['PASS', 'PASS', 'PASS']
[22:34:08] [yf2_v5] [INFO] 3号位打出['PASS', 'PASS', 'PASS']， 最大动作为0号位打出的['ThreeWithTwo', 'T', ['ST', 'CT', 'CT', 'S3', 'D3']]
[22:34:08] [yf2_v5] [INFO] 0号位打出['Pair', '6', ['S6', 'D6']]， 最大动作为0号位打出的['Pair', '6', ['S6', 'D6']]
[22:34:08] [yf2_v5] [INFO] 1号位打出['Pair', '9', ['S9', 'C9']]， 最大动作为1号位打出的['Pair', '9', ['S9', 'C9']]
[22:34:08] [yf2_v5] [INFO] 2号位打出['Pair', 'J', ['HJ', 'CJ']]， 最大动作为2号位打出的['Pair', 'J', ['HJ', 'CJ']]
[22:34:08] [YFAdapter-P2] [INFO] [YF-P2] Decision context: myPos=2, curPos=2, greaterPos=2, teammate=0, curAction=[, actionList_size=3
[22:34:08] [YFAdapter-P2] [INFO] [YF-P2] Decided: action_index=2, action=['Bomb', '6', [['S', '6'], ['H', '6'], ['H', '6'], ['D', '6']]]
[22:34:08] [yf2_v5] [INFO] 3号位打出['Bomb', '6', ['S6', 'H6', 'H6', 'D6']]， 最大动作为3号位打出的['Bomb', '6', ['S6', 'H6', 'H6', 'D6']]
[22:34:08] [yf2_v5] [INFO] 0号位打出['Bomb', '8', ['S8', 'H8', 'C8', 'D8']]， 最大动作为0号位打出的['Bomb', '8', ['S8', 'H8', 'C8', 'D8']]
[22:34:08] [yf2_v5] [INFO] 1号位打出['PASS', 'PASS', 'PASS']， 最大动作为0号位打出的['Bomb', '8', ['S8', 'H8', 'C8', 'D8']]
[22:34:08] [yf2_v5] [INFO] 2号位打出['PASS', 'PASS', 'PASS']， 最大动作为0号位打出的['Bomb', '8', ['S8', 'H8', 'C8', 'D8']]
[22:34:08] [YFAdapter-P2] [INFO] [YF-P2] Decision context: myPos=2, curPos=2, greaterPos=0, teammate=0, curAction=[, actionList_size=1
[22:34:08] [YFAdapter-P2] [INFO] [YF-P2] Decided: action_index=0, action=['PASS', 'PASS', 'PASS']
[22:34:08] [yf2_v5] [INFO] 3号位打出['PASS', 'PASS', 'PASS']， 最大动作为0号位打出的['Bomb', '8', ['S8', 'H8', 'C8', 'D8']]
[22:34:08] [yf2_v5] [INFO] 0号位打出['ThreeWithTwo', 'A', ['SA', 'HA', 'DA', 'S7', 'H7']]， 最大动作为0号位打出的['ThreeWithTwo', 'A', ['SA', 'HA', 'DA', 'S7', 'H7']]
[22:34:08] [yf2_v5] [INFO] 1号位打出['Bomb', '4', ['S4', 'S4', 'H4', 'H4']]， 最大动作为1号位打出的['Bomb', '4', ['S4', 'S4', 'H4', 'H4']]
[22:34:08] [yf2_v5] [INFO] 2号位打出['Bomb', '9', ['H9', 'H9', 'C9', 'D9']]， 最大动作为2号位打出的['Bomb', '9', ['H9', 'H9', 'C9', 'D9']]
[22:34:08] [YFAdapter-P2] [INFO] [YF-P2] Decision context: myPos=2, curPos=2, greaterPos=2, teammate=0, curAction=[, actionList_size=1
[22:34:08] [YFAdapter-P2] [INFO] [YF-P2] Decided: action_index=0, action=['PASS', 'PASS', 'PASS']
[22:34:08] [yf2_v5] [INFO] 3号位打出['PASS', 'PASS', 'PASS']， 最大动作为2号位打出的['Bomb', '9', ['H9', 'H9', 'C9', 'D9']]
[22:34:08] [yf2_v5] [INFO] 0号位打出['PASS', 'PASS', 'PASS']， 最大动作为2号位打出的['Bomb', '9', ['H9', 'H9', 'C9', 'D9']]
[22:34:08] [yf2_v5] [INFO] 1号位打出['PASS', 'PASS', 'PASS']， 最大动作为2号位打出的['Bomb', '9', ['H9', 'H9', 'C9', 'D9']]
[22:34:08] [yf2_v5] [INFO] 2号位打出['ThreeWithTwo', '4', ['C4', 'C4', 'D4', 'C7', 'D7']]， 最大动作为2号位打出的['ThreeWithTwo', '4', ['C4', 'C4', 'D4', 'C7', 'D7']]
[22:34:08] [YFAdapter-P2] [INFO] [YF-P2] Decision context: myPos=2, curPos=2, greaterPos=2, teammate=0, curAction=[, actionList_size=8
[22:34:08] [YFAdapter-P2] [INFO] [YF-P2] Decided: action_index=3, action=['ThreeWithTwo', '7', [['S', '7'], ['H', '7'], ['D', '7'], ['S', 'K'], ['H', 'K']]]
[22:34:08] [yf2_v5] [INFO] 3号位打出['ThreeWithTwo', '7', ['S7', 'H7', 'D7', 'SK', 'HK']]， 最大动作为3号位打出的['ThreeWithTwo', '7', ['S7', 'H7', 'D7', 'SK', 'HK']]
[22:34:08] [yf2_v5] [INFO] 0号位打出['PASS', 'PASS', 'PASS']， 最大动作为3号位打出的['ThreeWithTwo', '7', ['S7', 'H7', 'D7', 'SK', 'HK']]
[22:34:08] [yf2_v5] [INFO] 1号位打出['PASS', 'PASS', 'PASS']， 最大动作为3号位打出的['ThreeWithTwo', '7', ['S7', 'H7', 'D7', 'SK', 'HK']]
[22:34:08] [yf2_v5] [INFO] 2号位打出['PASS', 'PASS', 'PASS']， 最大动作为3号位打出的['ThreeWithTwo', '7', ['S7', 'H7', 'D7', 'SK', 'HK']]
[22:34:08] [YFAdapter-P2] [INFO] [YF-P2] Decision context: myPos=2, curPos=-1, greaterPos=-1, teammate=0, curAction=[, actionList_size=11
[22:34:08] [YFAdapter-P2] [INFO] [YF-P2] Decided: action_index=0, action=['Single', '2', [['H', '2']]]
[22:34:08] [yf2_v5] [INFO] 3号位打出['Single', '2', ['H2']]， 最大动作为3号位打出的['Single', '2', ['H2']]
[22:34:08] [yf2_v5] [INFO] 0号位打出['Single', 'J', ['CJ']]， 最大动作为0号位打出的['Single', 'J', ['CJ']]
[22:34:08] [yf2_v5] [INFO] 1号位打出['Single', 'K', ['SK']]， 最大动作为1号位打出的['Single', 'K', ['SK']]
[22:34:08] [yf2_v5] [INFO] 2号位打出['Single', '5', ['S5']]， 最大动作为2号位打出的['Single', '5', ['S5']]
[22:34:08] [YFAdapter-P2] [INFO] [YF-P2] Decision context: myPos=2, curPos=2, greaterPos=2, teammate=0, curAction=[, actionList_size=1
[22:34:08] [YFAdapter-P2] [INFO] [YF-P2] Decided: action_index=0, action=['PASS', 'PASS', 'PASS']
[22:34:08] [yf2_v5] [INFO] 3号位打出['PASS', 'PASS', 'PASS']， 最大动作为2号位打出的['Single', '5', ['S5']]
[22:34:08] [yf2_v5] [INFO] 0号位打出['PASS', 'PASS', 'PASS']， 最大动作为2号位打出的['Single', '5', ['S5']]
[22:34:08] [yf2_v5] [INFO] 1号位打出['Single', 'B', ['SB']]， 最大动作为1号位打出的['Single', 'B', ['SB']]
[22:34:08] [yf2_v5] [INFO] 2号位打出['Bomb', 'A', ['SA', 'HA', 'CA', 'DA']]， 最大动作为2号位打出的['Bomb', 'A', ['SA', 'HA', 'CA', 'DA']]
[22:34:08] [YFAdapter-P2] [INFO] [YF-P2] Decision context: myPos=2, curPos=2, greaterPos=2, teammate=0, curAction=[, actionList_size=1
[22:34:08] [YFAdapter-P2] [INFO] [YF-P2] Decided: action_index=0, action=['PASS', 'PASS', 'PASS']
[22:34:08] [yf2_v5] [INFO] 3号位打出['PASS', 'PASS', 'PASS']， 最大动作为2号位打出的['Bomb', 'A', ['SA', 'HA', 'CA', 'DA']]
[22:34:08] [yf2_v5] [INFO] 0号位打出['PASS', 'PASS', 'PASS']， 最大动作为2号位打出的['Bomb', 'A', ['SA', 'HA', 'CA', 'DA']]
[22:34:08] [yf2_v5] [INFO] 1号位打出['PASS', 'PASS', 'PASS']， 最大动作为2号位打出的['Bomb', 'A', ['SA', 'HA', 'CA', 'DA']]
[22:34:08] [yf2_v5] [INFO] 2号位打出['Pair', 'Q', ['HQ', 'CQ']]， 最大动作为2号位打出的['Pair', 'Q', ['HQ', 'CQ']]
[22:34:08] [YFAdapter-P2] [INFO] [YF-P2] Decision context: myPos=2, curPos=2, greaterPos=2, teammate=0, curAction=[, actionList_size=1
[22:34:08] [YFAdapter-P2] [INFO] [YF-P2] Decided: action_index=0, action=['PASS', 'PASS', 'PASS']
[22:34:08] [yf2_v5] [INFO] 3号位打出['PASS', 'PASS', 'PASS']， 最大动作为2号位打出的['Pair', 'Q', ['HQ', 'CQ']]
[22:34:08] [yf2_v5] [INFO] 0号位打出['PASS', 'PASS', 'PASS']， 最大动作为2号位打出的['Pair', 'Q', ['HQ', 'CQ']]
[22:34:08] [yf2_v5] [INFO] 1号位打出['PASS', 'PASS', 'PASS']， 最大动作为2号位打出的['Pair', 'Q', ['HQ', 'CQ']]
[22:34:08] [yf2_v5] [INFO] 2号位打出['Single', 'K', ['DK']]， 最大动作为2号位打出的['Single', 'K', ['DK']]
[22:34:08] [YFAdapter-P2] [INFO] [YF-P2] Decision context: myPos=2, curPos=2, greaterPos=2, teammate=0, curAction=[, actionList_size=2
[22:34:08] [YFAdapter-P2] [INFO] [YF-P2] Decided: action_index=0, action=['PASS', 'PASS', 'PASS']
[22:34:08] [yf2_v5] [INFO] 3号位打出['PASS', 'PASS', 'PASS']， 最大动作为2号位打出的['Single', 'K', ['DK']]
[22:34:08] [yf2_v5] [INFO] 0号位打出['PASS', 'PASS', 'PASS']， 最大动作为2号位打出的['Single', 'K', ['DK']]
[22:34:08] [yf2_v5] [INFO] 1号位打出['PASS', 'PASS', 'PASS']， 最大动作为2号位打出的['Single', 'K', ['DK']]
[22:34:08] [yf2_v5] [INFO] 2号位打出['Single', '5', ['S5']]， 最大动作为2号位打出的['Single', '5', ['S5']]
[22:34:08] [YFAdapter-P2] [INFO] [YF-P2] Decision context: myPos=2, curPos=2, greaterPos=2, teammate=0, curAction=[, actionList_size=1
[22:34:08] [YFAdapter-P2] [INFO] [YF-P2] Decided: action_index=0, action=['PASS', 'PASS', 'PASS']
[22:34:08] [yf2_v5] [INFO] 3号位打出['PASS', 'PASS', 'PASS']， 最大动作为2号位打出的['Single', '5', ['S5']]
[22:34:08] [yf2_v5] [INFO] 0号位打出['PASS', 'PASS', 'PASS']， 最大动作为2号位打出的['Single', '5', ['S5']]
[22:34:08] [yf2_v5] [INFO] 1号位打出['PASS', 'PASS', 'PASS']， 最大动作为2号位打出的['Single', '5', ['S5']]
[22:34:08] [yf2_v5] [INFO] 2号位打出['Single', 'B', ['SB']]， 最大动作为2号位打出的['Single', 'B', ['SB']]
[22:34:08] [YFAdapter-P2] [INFO] [YF-P2] Decision context: myPos=2, curPos=2, greaterPos=2, teammate=0, curAction=[, actionList_size=1
[22:34:08] [YFAdapter-P2] [INFO] [YF-P2] Decided: action_index=0, action=['PASS', 'PASS', 'PASS']
[22:34:08] [yf2_v5] [INFO] 3号位打出['PASS', 'PASS', 'PASS']， 最大动作为2号位打出的['Single', 'B', ['SB']]
[22:34:08] [yf2_v5] [INFO] 0号位打出['PASS', 'PASS', 'PASS']， 最大动作为2号位打出的['Single', 'B', ['SB']]
[22:34:08] [yf2_v5] [INFO] 0号位打出['Single', 'Q', ['DQ']]， 最大动作为0号位打出的['Single', 'Q', ['DQ']]
[22:34:08] [yf2_v5] [INFO] 1号位打出['Single', 'K', ['CK']]， 最大动作为1号位打出的['Single', 'K', ['CK']]
[22:34:08] [YFAdapter-P2] [INFO] [YF-P2] Decision context: myPos=2, curPos=1, greaterPos=1, teammate=0, curAction=[, actionList_size=2
[22:34:08] [YFAdapter-P2] [INFO] [YF-P2] Decided: action_index=0, action=['PASS', 'PASS', 'PASS']
[22:34:08] [yf2_v5] [INFO] 3号位打出['Single', 'A', ['CA']]， 最大动作为3号位打出的['Single', 'A', ['CA']]
[22:34:08] [yf2_v5] [INFO] 0号位打出['Single', 'R', ['HR']]， 最大动作为0号位打出的['Single', 'R', ['HR']]
[22:34:08] [yf2_v5] [INFO] 1号位打出['PASS', 'PASS', 'PASS']， 最大动作为0号位打出的['Single', 'R', ['HR']]
[22:34:08] [YFAdapter-P2] [INFO] [YF-P2] Decision context: myPos=2, curPos=1, greaterPos=0, teammate=0, curAction=[, actionList_size=1
[22:34:08] [YFAdapter-P2] [INFO] [YF-P2] Decided: action_index=0, action=['PASS', 'PASS', 'PASS']
[22:34:08] [yf2_v5] [INFO] 3号位打出['PASS', 'PASS', 'PASS']， 最大动作为0号位打出的['Single', 'R', ['HR']]
[22:34:08] [yf2_v5] [INFO] 0号位打出['Pair', 'K', ['HK', 'CK']]， 最大动作为0号位打出的['Pair', 'K', ['HK', 'CK']]
[22:34:08] [yf2_v5] [INFO] 1号位打出['PASS', 'PASS', 'PASS']， 最大动作为0号位打出的['Pair', 'K', ['HK', 'CK']]
[22:34:08] [YFAdapter-P2] [INFO] [YF-P2] Decision context: myPos=2, curPos=1, greaterPos=0, teammate=0, curAction=[, actionList_size=1
[22:34:08] [YFAdapter-P2] [INFO] [YF-P2] Decided: action_index=0, action=['PASS', 'PASS', 'PASS']
[22:34:08] [yf2_v5] [INFO] 3号位打出['PASS', 'PASS', 'PASS']， 最大动作为0号位打出的['Pair', 'K', ['HK', 'CK']]
[22:34:08] [yf2_v5] [INFO] 0号位打出['Single', 'R', ['HR']]， 最大动作为0号位打出的['Single', 'R', ['HR']]
[22:34:08] [yf2_v5] [INFO] 游戏开始, 我是3号位，手牌：['H2', 'D2', 'S4', 'H4', 'C4', 'D4', 'S5', 'H5', 'C5', 'C6', 'S7', 'S9', 'D9', 'ST', 'DT', 'SJ', 'CJ', 'HQ', 'HK', 'HA', 'HA', 'DA', 'S8', 'C8', 'D8', 'SB', 'HR']
[22:34:08] [YFAdapter-P2] [INFO] [YF-P2] Decision context: myPos=2, curPos=-1, greaterPos=-1, teammate=0, curAction=[, actionList_size=1
[22:34:08] [YFAdapter-P2] [INFO] [YF-P2] Decided: action_index=0, action=['tribute', 'tribute', [['H', 'R']]]
[22:34:08] [YFAdapter-P2] [INFO] [YF-P2] Decision context: myPos=2, curPos=-1, greaterPos=-1, teammate=0, curAction=[, actionList_size=327
[22:34:08] [YFAdapter-P2] [INFO] [YF-P2] Decided: action_index=9, action=['Single', '6', [['C', '6']]]
[22:34:08] [yf2_v5] [INFO] 3号位打出['Single', '6', ['C6']]， 最大动作为3号位打出的['Single', '6', ['C6']]
[22:34:08] [yf2_v5] [INFO] 0号位打出['Single', '9', ['C9']]， 最大动作为0号位打出的['Single', '9', ['C9']]
[22:34:08] [yf2_v5] [INFO] 1号位打出['Single', 'T', ['HT']]， 最大动作为1号位打出的['Single', 'T', ['HT']]
[22:34:08] [yf2_v5] [INFO] 2号位打出['Single', 'J', ['DJ']]， 最大动作为2号位打出的['Single', 'J', ['DJ']]
[22:34:08] [YFAdapter-P2] [INFO] [YF-P2] Decision context: myPos=2, curPos=2, greaterPos=2, teammate=0, curAction=[, actionList_size=15
[22:34:08] [YFAdapter-P2] [INFO] [YF-P2] Decided: action_index=5, action=['Single', '8', [['S', '8']]]
[22:34:08] [yf2_v5] [INFO] 3号位打出['Single', '8', ['S8']]， 最大动作为3号位打出的['Single', '8', ['S8']]
[22:34:08] [yf2_v5] [INFO] 0号位打出['PASS', 'PASS', 'PASS']， 最大动作为3号位打出的['Single', '8', ['S8']]
[22:34:08] [yf2_v5] [INFO] 1号位打出['Bomb', '9', ['S9', 'H9', 'C9', 'D9']]， 最大动作为1号位打出的['Bomb', '9', ['S9', 'H9', 'C9', 'D9']]
[22:34:08] [yf2_v5] [INFO] 2号位打出['PASS', 'PASS', 'PASS']， 最大动作为1号位打出的['Bomb', '9', ['S9', 'H9', 'C9', 'D9']]
[22:34:08] [YFAdapter-P2] [INFO] [YF-P2] Decision context: myPos=2, curPos=2, greaterPos=1, teammate=0, curAction=[, actionList_size=2
[22:34:08] [YFAdapter-P2] [INFO] [YF-P2] Decided: action_index=0, action=['PASS', 'PASS', 'PASS']
[22:34:08] [yf2_v5] [INFO] 3号位打出['PASS', 'PASS', 'PASS']， 最大动作为1号位打出的['Bomb', '9', ['S9', 'H9', 'C9', 'D9']]
[22:34:08] [yf2_v5] [INFO] 0号位打出['PASS', 'PASS', 'PASS']， 最大动作为1号位打出的['Bomb', '9', ['S9', 'H9', 'C9', 'D9']]
[22:34:08] [yf2_v5] [INFO] 1号位打出['Single', '2', ['C2']]， 最大动作为1号位打出的['Single', '2', ['C2']]
[22:34:08] [yf2_v5] [INFO] 2号位打出['Single', '9', ['H9']]， 最大动作为2号位打出的['Single', '9', ['H9']]
[22:34:08] [YFAdapter-P2] [INFO] [YF-P2] Decision context: myPos=2, curPos=2, greaterPos=2, teammate=0, curAction=[, actionList_size=17
[22:34:08] [YFAdapter-P2] [INFO] [YF-P2] Decided: action_index=2, action=['Single', 'T', [['D', 'T']]]
[22:34:08] [yf2_v5] [INFO] 3号位打出['Single', 'T', ['DT']]， 最大动作为3号位打出的['Single', 'T', ['DT']]
[22:34:08] [yf2_v5] [INFO] 0号位打出['Single', '8', ['S8']]， 最大动作为0号位打出的['Single', '8', ['S8']]
[22:34:08] [yf2_v5] [INFO] 1号位打出['Bomb', '3', ['S3', 'H3', 'C3', 'D3']]， 最大动作为1号位打出的['Bomb', '3', ['S3', 'H3', 'C3', 'D3']]
[22:34:08] [yf2_v5] [INFO] 2号位打出['Bomb', '6', ['S6', 'S6', 'H6', 'D6']]， 最大动作为2号位打出的['Bomb', '6', ['S6', 'S6', 'H6', 'D6']]
[22:34:08] [YFAdapter-P2] [INFO] [YF-P2] Decision context: myPos=2, curPos=2, greaterPos=2, teammate=0, curAction=[, actionList_size=2
[22:34:08] [YFAdapter-P2] [INFO] [YF-P2] Decided: action_index=1, action=['Bomb', '4', [['S', '4'], ['H', '4'], ['H', '4'], ['C', '4'], ['D', '4']]]
[22:34:08] [yf2_v5] [INFO] 3号位打出['Bomb', '4', ['S4', 'H4', 'H4', 'C4', 'D4']]， 最大动作为3号位打出的['Bomb', '4', ['S4', 'H4', 'H4', 'C4', 'D4']]
[22:34:08] [yf2_v5] [INFO] 0号位打出['PASS', 'PASS', 'PASS']， 最大动作为3号位打出的['Bomb', '4', ['S4', 'H4', 'H4', 'C4', 'D4']]
[22:34:08] [yf2_v5] [INFO] 1号位打出['PASS', 'PASS', 'PASS']， 最大动作为3号位打出的['Bomb', '4', ['S4', 'H4', 'H4', 'C4', 'D4']]
[22:34:08] [yf2_v5] [INFO] 2号位打出['PASS', 'PASS', 'PASS']， 最大动作为3号位打出的['Bomb', '4', ['S4', 'H4', 'H4', 'C4', 'D4']]
[22:34:08] [YFAdapter-P2] [INFO] [YF-P2] Decision context: myPos=2, curPos=-1, greaterPos=-1, teammate=0, curAction=[, actionList_size=66
[22:34:08] [YFAdapter-P2] [INFO] [YF-P2] Decided: action_index=5, action=['Single', '7', [['S', '7']]]
[22:34:09] [yf2_v5] [INFO] 3号位打出['Single', '7', ['S7']]， 最大动作为3号位打出的['Single', '7', ['S7']]
[22:34:09] [yf2_v5] [INFO] 0号位打出['Single', '8', ['H8']]， 最大动作为0号位打出的['Single', '8', ['H8']]
[22:34:09] [yf2_v5] [INFO] 1号位打出['PASS', 'PASS', 'PASS']， 最大动作为0号位打出的['Single', '8', ['H8']]
[22:34:09] [yf2_v5] [INFO] 2号位打出['PASS', 'PASS', 'PASS']， 最大动作为0号位打出的['Single', '8', ['H8']]
[22:34:09] [YFAdapter-P2] [INFO] [YF-P2] Decision context: myPos=2, curPos=2, greaterPos=0, teammate=0, curAction=[, actionList_size=2
[22:34:09] [YFAdapter-P2] [INFO] [YF-P2] Decided: action_index=0, action=['PASS', 'PASS', 'PASS']
[22:34:09] [yf2_v5] [INFO] 3号位打出['PASS', 'PASS', 'PASS']， 最大动作为0号位打出的['Single', '8', ['H8']]
[22:34:09] [yf2_v5] [INFO] 0号位打出['Straight', '3', ['C3', 'D4', 'S5', 'C6', 'C7']]， 最大动作为0号位打出的['Straight', '3', ['C3', 'D4', 'S5', 'C6', 'C7']]
[22:34:09] [yf2_v5] [INFO] 1号位打出['PASS', 'PASS', 'PASS']， 最大动作为0号位打出的['Straight', '3', ['C3', 'D4', 'S5', 'C6', 'C7']]
[22:34:09] [yf2_v5] [INFO] 2号位打出['PASS', 'PASS', 'PASS']， 最大动作为0号位打出的['Straight', '3', ['C3', 'D4', 'S5', 'C6', 'C7']]
[22:34:09] [YFAdapter-P2] [INFO] [YF-P2] Decision context: myPos=2, curPos=2, greaterPos=0, teammate=0, curAction=[, actionList_size=17
[22:34:09] [YFAdapter-P2] [INFO] [YF-P2] Decided: action_index=0, action=['PASS', 'PASS', 'PASS']
[22:34:09] [yf2_v5] [INFO] 3号位打出['PASS', 'PASS', 'PASS']， 最大动作为0号位打出的['Straight', '3', ['C3', 'D4', 'S5', 'C6', 'C7']]
[22:34:09] [yf2_v5] [INFO] 0号位打出['ThreeWithTwo', '2', ['S2', 'C2', 'D2', 'D5', 'D5']]， 最大动作为0号位打出的['ThreeWithTwo', '2', ['S2', 'C2', 'D2', 'D5', 'D5']]
[22:34:09] [yf2_v5] [INFO] 1号位打出['ThreeWithTwo', 'J', ['SJ', 'HJ', 'CJ', 'H7', 'D7']]， 最大动作为1号位打出的['ThreeWithTwo', 'J', ['SJ', 'HJ', 'CJ', 'H7', 'D7']]
[22:34:09] [yf2_v5] [INFO] 2号位打出['Bomb', '7', ['S7', 'H7', 'C7', 'D7']]， 最大动作为2号位打出的['Bomb', '7', ['S7', 'H7', 'C7', 'D7']]
[22:34:09] [YFAdapter-P2] [INFO] [YF-P2] Decision context: myPos=2, curPos=2, greaterPos=2, teammate=0, curAction=[, actionList_size=1
[22:34:09] [YFAdapter-P2] [INFO] [YF-P2] Decided: action_index=0, action=['PASS', 'PASS', 'PASS']
[22:34:09] [yf2_v5] [INFO] 3号位打出['PASS', 'PASS', 'PASS']， 最大动作为2号位打出的['Bomb', '7', ['S7', 'H7', 'C7', 'D7']]
[22:34:09] [yf2_v5] [INFO] 0号位打出['PASS', 'PASS', 'PASS']， 最大动作为2号位打出的['Bomb', '7', ['S7', 'H7', 'C7', 'D7']]
[22:34:09] [yf2_v5] [INFO] 1号位打出['PASS', 'PASS', 'PASS']， 最大动作为2号位打出的['Bomb', '7', ['S7', 'H7', 'C7', 'D7']]
[22:34:09] [yf2_v5] [INFO] 2号位打出['ThreeWithTwo', '3', ['S3', 'H3', 'D3', 'S2', 'H2']]， 最大动作为2号位打出的['ThreeWithTwo', '3', ['S3', 'H3', 'D3', 'S2', 'H2']]
[22:34:09] [YFAdapter-P2] [INFO] [YF-P2] Decision context: myPos=2, curPos=2, greaterPos=2, teammate=0, curAction=[, actionList_size=14
[22:34:09] [YFAdapter-P2] [INFO] [YF-P2] Decided: action_index=6, action=['ThreeWithTwo', '5', [['S', '5'], ['H', '5'], ['C', '5'], ['C', '8'], ['D', '8']]]
[22:34:09] [yf2_v5] [INFO] 3号位打出['ThreeWithTwo', '5', ['S5', 'H5', 'C5', 'C8', 'D8']]， 最大动作为3号位打出的['ThreeWithTwo', '5', ['S5', 'H5', 'C5', 'C8', 'D8']]
[22:34:09] [yf2_v5] [INFO] 0号位打出['ThreeWithTwo', 'Q', ['SQ', 'CQ', 'H8', 'ST', 'CT']]， 最大动作为0号位打出的['ThreeWithTwo', 'Q', ['SQ', 'CQ', 'H8', 'ST', 'CT']]
[22:34:09] [yf2_v5] [INFO] 1号位打出['PASS', 'PASS', 'PASS']， 最大动作为0号位打出的['ThreeWithTwo', 'Q', ['SQ', 'CQ', 'H8', 'ST', 'CT']]
[22:34:09] [yf2_v5] [INFO] 2号位打出['PASS', 'PASS', 'PASS']， 最大动作为0号位打出的['ThreeWithTwo', 'Q', ['SQ', 'CQ', 'H8', 'ST', 'CT']]
[22:34:09] [YFAdapter-P2] [INFO] [YF-P2] Decision context: myPos=2, curPos=2, greaterPos=0, teammate=0, curAction=[, actionList_size=4
[22:34:09] [YFAdapter-P2] [INFO] [YF-P2] Decided: action_index=0, action=['PASS', 'PASS', 'PASS']
[22:34:09] [yf2_v5] [INFO] 3号位打出['PASS', 'PASS', 'PASS']， 最大动作为0号位打出的['ThreeWithTwo', 'Q', ['SQ', 'CQ', 'H8', 'ST', 'CT']]
[22:34:09] [yf2_v5] [INFO] 0号位打出['ThreeWithTwo', 'K', ['SK', 'CK', 'DK', 'HJ', 'DJ']]， 最大动作为0号位打出的['ThreeWithTwo', 'K', ['SK', 'CK', 'DK', 'HJ', 'DJ']]
[22:34:09] [yf2_v5] [INFO] 1号位打出['PASS', 'PASS', 'PASS']， 最大动作为0号位打出的['ThreeWithTwo', 'K', ['SK', 'CK', 'DK', 'HJ', 'DJ']]
[22:34:09] [yf2_v5] [INFO] 2号位打出['PASS', 'PASS', 'PASS']， 最大动作为0号位打出的['ThreeWithTwo', 'K', ['SK', 'CK', 'DK', 'HJ', 'DJ']]
[22:34:09] [YFAdapter-P2] [INFO] [YF-P2] Decision context: myPos=2, curPos=2, greaterPos=0, teammate=0, curAction=[, actionList_size=4
[22:34:09] [YFAdapter-P2] [INFO] [YF-P2] Decided: action_index=0, action=['PASS', 'PASS', 'PASS']
[22:34:09] [yf2_v5] [INFO] 3号位打出['PASS', 'PASS', 'PASS']， 最大动作为0号位打出的['ThreeWithTwo', 'K', ['SK', 'CK', 'DK', 'HJ', 'DJ']]
[22:34:09] [yf2_v5] [INFO] 0号位打出['Single', 'Q', ['DQ']]， 最大动作为0号位打出的['Single', 'Q', ['DQ']]
[22:34:09] [yf2_v5] [INFO] 1号位打出['Single', 'A', ['SA']]， 最大动作为1号位打出的['Single', 'A', ['SA']]
[22:34:09] [yf2_v5] [INFO] 2号位打出['Single', '8', ['D8']]， 最大动作为2号位打出的['Single', '8', ['D8']]
[22:34:09] [YFAdapter-P2] [INFO] [YF-P2] Decision context: myPos=2, curPos=2, greaterPos=2, teammate=0, curAction=[, actionList_size=2
[22:34:09] [YFAdapter-P2] [INFO] [YF-P2] Decided: action_index=0, action=['PASS', 'PASS', 'PASS']
[22:34:09] [yf2_v5] [INFO] 3号位打出['PASS', 'PASS', 'PASS']， 最大动作为2号位打出的['Single', '8', ['D8']]
[22:34:09] [yf2_v5] [INFO] 0号位打出['PASS', 'PASS', 'PASS']， 最大动作为2号位打出的['Single', '8', ['D8']]
[22:34:09] [yf2_v5] [INFO] 1号位打出['PASS', 'PASS', 'PASS']， 最大动作为2号位打出的['Single', '8', ['D8']]
[22:34:09] [yf2_v5] [INFO] 2号位打出['ThreeWithTwo', 'T', ['HT', 'CT', 'DT', 'HQ', 'CQ']]， 最大动作为2号位打出的['ThreeWithTwo', 'T', ['HT', 'CT', 'DT', 'HQ', 'CQ']]
[22:34:09] [YFAdapter-P2] [INFO] [YF-P2] Decision context: myPos=2, curPos=2, greaterPos=2, teammate=0, curAction=[, actionList_size=4
[22:34:09] [YFAdapter-P2] [INFO] [YF-P2] Decided: action_index=2, action=['ThreeWithTwo', 'A', [['H', 'A'], ['H', 'A'], ['D', 'A'], ['S', '9'], ['D', '9']]]
[22:34:09] [yf2_v5] [INFO] 3号位打出['ThreeWithTwo', 'A', ['HA', 'HA', 'DA', 'S9', 'D9']]， 最大动作为3号位打出的['ThreeWithTwo', 'A', ['HA', 'HA', 'DA', 'S9', 'D9']]
[22:34:09] [yf2_v5] [INFO] 0号位打出['PASS', 'PASS', 'PASS']， 最大动作为3号位打出的['ThreeWithTwo', 'A', ['HA', 'HA', 'DA', 'S9', 'D9']]
[22:34:09] [yf2_v5] [INFO] 1号位打出['PASS', 'PASS', 'PASS']， 最大动作为3号位打出的['ThreeWithTwo', 'A', ['HA', 'HA', 'DA', 'S9', 'D9']]
[22:34:09] [yf2_v5] [INFO] 2号位打出['PASS', 'PASS', 'PASS']， 最大动作为3号位打出的['ThreeWithTwo', 'A', ['HA', 'HA', 'DA', 'S9', 'D9']]
[22:34:09] [YFAdapter-P2] [INFO] [YF-P2] Decision context: myPos=2, curPos=-1, greaterPos=-1, teammate=0, curAction=[, actionList_size=10
[22:34:09] [YFAdapter-P2] [INFO] [YF-P2] Decided: action_index=8, action=['Pair', '2', [['H', '2'], ['D', '2']]]
[22:34:09] [yf2_v5] [INFO] 3号位打出['Pair', '2', ['H2', 'D2']]， 最大动作为3号位打出的['Pair', '2', ['H2', 'D2']]
[22:34:09] [yf2_v5] [INFO] 0号位打出['Pair', 'A', ['CA', 'CA']]， 最大动作为0号位打出的['Pair', 'A', ['CA', 'CA']]
[22:34:09] [yf2_v5] [INFO] 1号位打出['PASS', 'PASS', 'PASS']， 最大动作为0号位打出的['Pair', 'A', ['CA', 'CA']]
[22:34:09] [yf2_v5] [INFO] 2号位打出['PASS', 'PASS', 'PASS']， 最大动作为0号位打出的['Pair', 'A', ['CA', 'CA']]
[22:34:09] [YFAdapter-P2] [INFO] [YF-P2] Decision context: myPos=2, curPos=2, greaterPos=0, teammate=0, curAction=[, actionList_size=1
[22:34:09] [YFAdapter-P2] [INFO] [YF-P2] Decided: action_index=0, action=['PASS', 'PASS', 'PASS']
[22:34:09] [yf2_v5] [INFO] 3号位打出['PASS', 'PASS', 'PASS']， 最大动作为0号位打出的['Pair', 'A', ['CA', 'CA']]
[22:34:09] [yf2_v5] [INFO] 0号位打出['Single', '8', ['C8']]， 最大动作为0号位打出的['Single', '8', ['C8']]
[22:34:09] [yf2_v5] [INFO] 1号位打出['PASS', 'PASS', 'PASS']， 最大动作为0号位打出的['Single', '8', ['C8']]
[22:34:09] [yf2_v5] [INFO] 2号位打出['PASS', 'PASS', 'PASS']， 最大动作为0号位打出的['Single', '8', ['C8']]
[22:34:09] [yf2_v5] [INFO] 2号位打出['Pair', 'K', ['SK', 'CK']]， 最大动作为2号位打出的['Pair', 'K', ['SK', 'CK']]
[22:34:09] [YFAdapter-P2] [INFO] [YF-P2] Decision context: myPos=2, curPos=2, greaterPos=2, teammate=0, curAction=[, actionList_size=1
[22:34:09] [YFAdapter-P2] [INFO] [YF-P2] Decided: action_index=0, action=['PASS', 'PASS', 'PASS']
[22:34:09] [yf2_v5] [INFO] 3号位打出['PASS', 'PASS', 'PASS']， 最大动作为2号位打出的['Pair', 'K', ['SK', 'CK']]
[22:34:09] [yf2_v5] [INFO] 1号位打出['PASS', 'PASS', 'PASS']， 最大动作为2号位打出的['Pair', 'K', ['SK', 'CK']]
[22:34:09] [yf2_v5] [INFO] 2号位打出['Single', 'A', ['DA']]， 最大动作为2号位打出的['Single', 'A', ['DA']]
[22:34:09] [YFAdapter-P2] [INFO] [YF-P2] Decision context: myPos=2, curPos=2, greaterPos=2, teammate=0, curAction=[, actionList_size=2
[22:34:09] [YFAdapter-P2] [INFO] [YF-P2] Decided: action_index=0, action=['PASS', 'PASS', 'PASS']
[22:34:09] [yf2_v5] [INFO] 3号位打出['PASS', 'PASS', 'PASS']， 最大动作为2号位打出的['Single', 'A', ['DA']]
[22:34:09] [yf2_v5] [INFO] 1号位打出['PASS', 'PASS', 'PASS']， 最大动作为2号位打出的['Single', 'A', ['DA']]
[22:34:09] [yf2_v5] [INFO] 2号位打出['Single', 'B', ['SB']]， 最大动作为2号位打出的['Single', 'B', ['SB']]
[22:34:09] [YFAdapter-P2] [INFO] [YF-P2] Decision context: myPos=2, curPos=2, greaterPos=2, teammate=0, curAction=[, actionList_size=1
[22:34:09] [YFAdapter-P2] [INFO] [YF-P2] Decided: action_index=0, action=['PASS', 'PASS', 'PASS']
[22:34:09] [yf2_v5] [INFO] 3号位打出['PASS', 'PASS', 'PASS']， 最大动作为2号位打出的['Single', 'B', ['SB']]
[22:34:09] [yf2_v5] [INFO] 1号位打出['PASS', 'PASS', 'PASS']， 最大动作为2号位打出的['Single', 'B', ['SB']]
[22:34:09] [yf2_v5] [INFO] 2号位打出['Pair', 'R', ['HR', 'HR']]， 最大动作为2号位打出的['Pair', 'R', ['HR', 'HR']]
[22:34:09] [yf2_v5] [INFO] 游戏开始, 我是3号位，手牌：['H2', 'S3', 'H4', 'C4', 'D4', 'H5', 'C5', 'H6', 'H6', 'C6', 'D6', 'S7', 'C7', 'D7', 'D7', 'S8', 'S8', 'H8', 'D8', 'D9', 'HT', 'DT', 'CQ', 'HK', 'CA', 'DA', 'HR']
[22:34:09] [yf2_v5] [INFO] 0号位打出['Single', '6', ['S6']]， 最大动作为0号位打出的['Single', '6', ['S6']]
[22:34:09] [yf2_v5] [INFO] 1号位打出['Bomb', '9', ['S9', 'C9', 'D9', 'HJ']]， 最大动作为1号位打出的['Bomb', '9', ['S9', 'C9', 'D9', 'HJ']]
[22:34:09] [yf2_v5] [INFO] 2号位打出['PASS', 'PASS', 'PASS']， 最大动作为1号位打出的['Bomb', '9', ['S9', 'C9', 'D9', 'HJ']]
[22:34:09] [YFAdapter-P2] [INFO] [YF-P2] Decision context: myPos=2, curPos=2, greaterPos=1, teammate=0, curAction=[, actionList_size=1
[22:34:09] [YFAdapter-P2] [INFO] [YF-P2] Decided: action_index=0, action=['PASS', 'PASS', 'PASS']
[22:34:09] [yf2_v5] [INFO] 3号位打出['PASS', 'PASS', 'PASS']， 最大动作为1号位打出的['Bomb', '9', ['S9', 'C9', 'D9', 'HJ']]
[22:34:09] [yf2_v5] [INFO] 0号位打出['PASS', 'PASS', 'PASS']， 最大动作为1号位打出的['Bomb', '9', ['S9', 'C9', 'D9', 'HJ']]
[22:34:09] [yf2_v5] [INFO] 1号位打出['ThreeWithTwo', '4', ['H4', 'C4', 'D4', 'C2', 'C2']]， 最大动作为1号位打出的['ThreeWithTwo', '4', ['H4', 'C4', 'D4', 'C2', 'C2']]
[22:34:09] [yf2_v5] [INFO] 2号位打出['ThreeWithTwo', '5', ['S5', 'H5', 'D5', 'S2', 'H2']]， 最大动作为2号位打出的['ThreeWithTwo', '5', ['S5', 'H5', 'D5', 'S2', 'H2']]
[22:34:09] [YFAdapter-P2] [INFO] [YF-P2] Decision context: myPos=2, curPos=2, greaterPos=2, teammate=0, curAction=[, actionList_size=131
[22:34:09] [YFAdapter-P2] [INFO] [YF-P2] Decided: action_index=107, action=['ThreeWithTwo', '8', [['S', '8'], ['S', '8'], ['H', '8'], ['S', '7'], ['D', '7']]]
[22:34:09] [yf2_v5] [INFO] 3号位打出['ThreeWithTwo', '8', ['S8', 'S8', 'H8', 'S7', 'D7']]， 最大动作为3号位打出的['ThreeWithTwo', '8', ['S8', 'S8', 'H8', 'S7', 'D7']]
[22:34:09] [yf2_v5] [INFO] 0号位打出['ThreeWithTwo', 'T', ['ST', 'CT', 'DT', 'S7', 'H7']]， 最大动作为0号位打出的['ThreeWithTwo', 'T', ['ST', 'CT', 'DT', 'S7', 'H7']]
[22:34:09] [yf2_v5] [INFO] 1号位打出['ThreeWithTwo', 'Q', ['SQ', 'HQ', 'HJ', 'SK', 'DK']]， 最大动作为1号位打出的['ThreeWithTwo', 'Q', ['SQ', 'HQ', 'HJ', 'SK', 'DK']]
[22:34:09] [yf2_v5] [INFO] 2号位打出['ThreeWithTwo', 'A', ['SA', 'HA', 'DA', 'H3', 'C3']]， 最大动作为2号位打出的['ThreeWithTwo', 'A', ['SA', 'HA', 'DA', 'H3', 'C3']]
[22:34:09] [YFAdapter-P2] [INFO] [YF-P2] Decision context: myPos=2, curPos=2, greaterPos=2, teammate=0, curAction=[, actionList_size=3
[22:34:09] [YFAdapter-P2] [INFO] [YF-P2] Decided: action_index=2, action=['StraightFlush', '6', [['D', '6'], ['D', '7'], ['D', '8'], ['D', '9'], ['D', 'T']]]
[22:34:09] [yf2_v5] [INFO] 3号位打出['StraightFlush', '6', ['D6', 'D7', 'D8', 'D9', 'DT']]， 最大动作为3号位打出的['StraightFlush', '6', ['D6', 'D7', 'D8', 'D9', 'DT']]
[22:34:09] [yf2_v5] [INFO] 0号位打出['PASS', 'PASS', 'PASS']， 最大动作为3号位打出的['StraightFlush', '6', ['D6', 'D7', 'D8', 'D9', 'DT']]
[22:34:09] [yf2_v5] [INFO] 1号位打出['PASS', 'PASS', 'PASS']， 最大动作为3号位打出的['StraightFlush', '6', ['D6', 'D7', 'D8', 'D9', 'DT']]
[22:34:09] [yf2_v5] [INFO] 2号位打出['PASS', 'PASS', 'PASS']， 最大动作为3号位打出的['StraightFlush', '6', ['D6', 'D7', 'D8', 'D9', 'DT']]
[22:34:09] [YFAdapter-P2] [INFO] [YF-P2] Decision context: myPos=2, curPos=-1, greaterPos=-1, teammate=0, curAction=[, actionList_size=76
[22:34:09] [YFAdapter-P2] [INFO] [YF-P2] Decided: action_index=0, action=['Single', '2', [['H', '2']]]
[22:34:09] [yf2_v5] [INFO] 3号位打出['Single', '2', ['H2']]， 最大动作为3号位打出的['Single', '2', ['H2']]
[22:34:09] [yf2_v5] [INFO] 0号位打出['Single', '8', ['H8']]， 最大动作为0号位打出的['Single', '8', ['H8']]
[22:34:09] [yf2_v5] [INFO] 1号位打出['Single', 'A', ['HA']]， 最大动作为1号位打出的['Single', 'A', ['HA']]
[22:34:09] [yf2_v5] [INFO] 2号位打出['Single', 'J', ['SJ']]， 最大动作为2号位打出的['Single', 'J', ['SJ']]
[22:34:09] [YFAdapter-P2] [INFO] [YF-P2] Decision context: myPos=2, curPos=2, greaterPos=2, teammate=0, curAction=[, actionList_size=2
[22:34:09] [YFAdapter-P2] [INFO] [YF-P2] Decided: action_index=1, action=['Single', 'R', [['H', 'R']]]
[22:34:09] [yf2_v5] [INFO] 3号位打出['Single', 'R', ['HR']]， 最大动作为3号位打出的['Single', 'R', ['HR']]
[22:34:09] [yf2_v5] [INFO] 0号位打出['PASS', 'PASS', 'PASS']， 最大动作为3号位打出的['Single', 'R', ['HR']]
[22:34:09] [yf2_v5] [INFO] 1号位打出['PASS', 'PASS', 'PASS']， 最大动作为3号位打出的['Single', 'R', ['HR']]
[22:34:09] [yf2_v5] [INFO] 2号位打出['PASS', 'PASS', 'PASS']， 最大动作为3号位打出的['Single', 'R', ['HR']]
[22:34:09] [YFAdapter-P2] [INFO] [YF-P2] Decision context: myPos=2, curPos=-1, greaterPos=-1, teammate=0, curAction=[, actionList_size=50
[22:34:09] [YFAdapter-P2] [INFO] [YF-P2] Decided: action_index=0, action=['Single', '3', [['S', '3']]]
[22:34:09] [yf2_v5] [INFO] 3号位打出['Single', '3', ['S3']]， 最大动作为3号位打出的['Single', '3', ['S3']]
[22:34:09] [yf2_v5] [INFO] 0号位打出['Single', 'A', ['CA']]， 最大动作为0号位打出的['Single', 'A', ['CA']]
[22:34:09] [yf2_v5] [INFO] 1号位打出['Single', 'J', ['DJ']]， 最大动作为1号位打出的['Single', 'J', ['DJ']]
[22:34:09] [yf2_v5] [INFO] 2号位打出['Single', 'B', ['SB']]， 最大动作为2号位打出的['Single', 'B', ['SB']]
[22:34:09] [YFAdapter-P2] [INFO] [YF-P2] Decision context: myPos=2, curPos=2, greaterPos=2, teammate=0, curAction=[, actionList_size=1
[22:34:09] [YFAdapter-P2] [INFO] [YF-P2] Decided: action_index=0, action=['PASS', 'PASS', 'PASS']
[22:34:09] [yf2_v5] [INFO] 3号位打出['PASS', 'PASS', 'PASS']， 最大动作为2号位打出的['Single', 'B', ['SB']]
[22:34:09] [yf2_v5] [INFO] 0号位打出['PASS', 'PASS', 'PASS']， 最大动作为2号位打出的['Single', 'B', ['SB']]
[22:34:09] [yf2_v5] [INFO] 1号位打出['Single', 'R', ['HR']]， 最大动作为1号位打出的['Single', 'R', ['HR']]
[22:34:09] [yf2_v5] [INFO] 2号位打出['PASS', 'PASS', 'PASS']， 最大动作为1号位打出的['Single', 'R', ['HR']]
[22:34:09] [YFAdapter-P2] [INFO] [YF-P2] Decision context: myPos=2, curPos=2, greaterPos=1, teammate=0, curAction=[, actionList_size=1
[22:34:09] [YFAdapter-P2] [INFO] [YF-P2] Decided: action_index=0, action=['PASS', 'PASS', 'PASS']
[22:34:09] [yf2_v5] [INFO] 3号位打出['PASS', 'PASS', 'PASS']， 最大动作为1号位打出的['Single', 'R', ['HR']]
[22:34:09] [yf2_v5] [INFO] 0号位打出['PASS', 'PASS', 'PASS']， 最大动作为1号位打出的['Single', 'R', ['HR']]
[22:34:09] [yf2_v5] [INFO] 1号位打出['Pair', '6', ['C6', 'D6']]， 最大动作为1号位打出的['Pair', '6', ['C6', 'D6']]
[22:34:09] [yf2_v5] [INFO] 2号位打出['Pair', '7', ['H7', 'C7']]， 最大动作为2号位打出的['Pair', '7', ['H7', 'C7']]
[22:34:09] [YFAdapter-P2] [INFO] [YF-P2] Decision context: myPos=2, curPos=2, greaterPos=2, teammate=0, curAction=[, actionList_size=2
[22:34:09] [YFAdapter-P2] [INFO] [YF-P2] Decided: action_index=1, action=['Pair', 'A', [['C', 'A'], ['D', 'A']]]
[22:34:09] [yf2_v5] [INFO] 3号位打出['Pair', 'A', ['CA', 'DA']]， 最大动作为3号位打出的['Pair', 'A', ['CA', 'DA']]
[22:34:09] [yf2_v5] [INFO] 0号位打出['Pair', 'J', ['SJ', 'DJ']]， 最大动作为0号位打出的['Pair', 'J', ['SJ', 'DJ']]
[22:34:09] [yf2_v5] [INFO] 1号位打出['PASS', 'PASS', 'PASS']， 最大动作为0号位打出的['Pair', 'J', ['SJ', 'DJ']]
[22:34:09] [yf2_v5] [INFO] 2号位打出['PASS', 'PASS', 'PASS']， 最大动作为0号位打出的['Pair', 'J', ['SJ', 'DJ']]
[22:34:09] [YFAdapter-P2] [INFO] [YF-P2] Decision context: myPos=2, curPos=2, greaterPos=0, teammate=0, curAction=[, actionList_size=1
[22:34:09] [YFAdapter-P2] [INFO] [YF-P2] Decided: action_index=0, action=['PASS', 'PASS', 'PASS']
[22:34:09] [yf2_v5] [INFO] 3号位打出['PASS', 'PASS', 'PASS']， 最大动作为0号位打出的['Pair', 'J', ['SJ', 'DJ']]
[22:34:09] [yf2_v5] [INFO] 0号位打出['Single', '2', ['S2']]， 最大动作为0号位打出的['Single', '2', ['S2']]
[22:34:09] [yf2_v5] [INFO] 1号位打出['Single', '3', ['H3']]， 最大动作为1号位打出的['Single', '3', ['H3']]
[22:34:09] [yf2_v5] [INFO] 2号位打出['Single', '6', ['S6']]， 最大动作为2号位打出的['Single', '6', ['S6']]
[22:34:09] [YFAdapter-P2] [INFO] [YF-P2] Decision context: myPos=2, curPos=2, greaterPos=2, teammate=0, curAction=[, actionList_size=5
[22:34:09] [YFAdapter-P2] [INFO] [YF-P2] Decided: action_index=4, action=['Single', 'K', [['H', 'K']]]
[22:34:09] [yf2_v5] [INFO] 3号位打出['Single', 'K', ['HK']]， 最大动作为3号位打出的['Single', 'K', ['HK']]
[22:34:09] [yf2_v5] [INFO] 0号位打出['Single', 'J', ['CJ']]， 最大动作为0号位打出的['Single', 'J', ['CJ']]
[22:34:09] [yf2_v5] [INFO] 1号位打出['PASS', 'PASS', 'PASS']， 最大动作为0号位打出的['Single', 'J', ['CJ']]
[22:34:09] [yf2_v5] [INFO] 2号位打出['PASS', 'PASS', 'PASS']， 最大动作为0号位打出的['Single', 'J', ['CJ']]
[22:34:09] [YFAdapter-P2] [INFO] [YF-P2] Decision context: myPos=2, curPos=2, greaterPos=0, teammate=0, curAction=[, actionList_size=1
[22:34:09] [YFAdapter-P2] [INFO] [YF-P2] Decided: action_index=0, action=['PASS', 'PASS', 'PASS']
[22:34:09] [yf2_v5] [INFO] 3号位打出['PASS', 'PASS', 'PASS']， 最大动作为0号位打出的['Single', 'J', ['CJ']]
[22:34:09] [yf2_v5] [INFO] 0号位打出['ThreeWithTwo', '3', ['S3', 'C3', 'D3', 'D2', 'D2']]， 最大动作为0号位打出的['ThreeWithTwo', '3', ['S3', 'C3', 'D3', 'D2', 'D2']]
[22:34:09] [yf2_v5] [INFO] 1号位打出['PASS', 'PASS', 'PASS']， 最大动作为0号位打出的['ThreeWithTwo', '3', ['S3', 'C3', 'D3', 'D2', 'D2']]
[22:34:09] [yf2_v5] [INFO] 2号位打出['ThreeWithTwo', 'Q', ['HQ', 'CQ', 'DQ', 'S4', 'S4']]， 最大动作为2号位打出的['ThreeWithTwo', 'Q', ['HQ', 'CQ', 'DQ', 'S4', 'S4']]
[22:34:09] [YFAdapter-P2] [INFO] [YF-P2] Decision context: myPos=2, curPos=2, greaterPos=2, teammate=0, curAction=[, actionList_size=1
[22:34:09] [YFAdapter-P2] [INFO] [YF-P2] Decided: action_index=0, action=['PASS', 'PASS', 'PASS']
[22:34:09] [yf2_v5] [INFO] 3号位打出['PASS', 'PASS', 'PASS']， 最大动作为2号位打出的['ThreeWithTwo', 'Q', ['HQ', 'CQ', 'DQ', 'S4', 'S4']]
[22:34:09] [yf2_v5] [INFO] 0号位打出['PASS', 'PASS', 'PASS']， 最大动作为2号位打出的['ThreeWithTwo', 'Q', ['HQ', 'CQ', 'DQ', 'S4', 'S4']]
[22:34:09] [yf2_v5] [INFO] 1号位打出['PASS', 'PASS', 'PASS']， 最大动作为2号位打出的['ThreeWithTwo', 'Q', ['HQ', 'CQ', 'DQ', 'S4', 'S4']]
[22:34:09] [yf2_v5] [INFO] 2号位打出['Trips', '8', ['C8', 'C8', 'D8']]， 最大动作为2号位打出的['Trips', '8', ['C8', 'C8', 'D8']]
[22:34:09] [YFAdapter-P2] [INFO] [YF-P2] Decision context: myPos=2, curPos=2, greaterPos=2, teammate=0, curAction=[, actionList_size=1
[22:34:09] [YFAdapter-P2] [INFO] [YF-P2] Decided: action_index=0, action=['PASS', 'PASS', 'PASS']
[22:34:09] [yf2_v5] [INFO] 3号位打出['PASS', 'PASS', 'PASS']， 最大动作为2号位打出的['Trips', '8', ['C8', 'C8', 'D8']]
[22:34:09] [yf2_v5] [INFO] 0号位打出['PASS', 'PASS', 'PASS']， 最大动作为2号位打出的['Trips', '8', ['C8', 'C8', 'D8']]
[22:34:09] [yf2_v5] [INFO] 1号位打出['PASS', 'PASS', 'PASS']， 最大动作为2号位打出的['Trips', '8', ['C8', 'C8', 'D8']]
[22:34:09] [yf2_v5] [INFO] 2号位打出['Single', '9', ['S9']]， 最大动作为2号位打出的['Single', '9', ['S9']]
[22:34:09] [YFAdapter-P2] [INFO] [YF-P2] Decision context: myPos=2, curPos=2, greaterPos=2, teammate=0, curAction=[, actionList_size=3
[22:34:09] [YFAdapter-P2] [INFO] [YF-P2] Decided: action_index=2, action=['Single', 'Q', [['C', 'Q']]]
[22:34:09] [yf2_v5] [INFO] 3号位打出['PASS', 'PASS', 'PASS']， 最大动作为2号位打出的['Single', '9', ['S9']]
[22:34:09] [yf2_v5] [INFO] 0号位打出['PASS', 'PASS', 'PASS']， 最大动作为2号位打出的['Single', '9', ['S9']]
[22:34:09] [yf2_v5] [INFO] 1号位打出['PASS', 'PASS', 'PASS']， 最大动作为2号位打出的['Single', '9', ['S9']]
[22:34:09] [yf2_v5] [INFO] 2号位打出['Single', 'K', ['CK']]， 最大动作为2号位打出的['Single', 'K', ['CK']]
[22:34:09] [YFAdapter-P2] [INFO] [YF-P2] Decision context: myPos=2, curPos=2, greaterPos=2, teammate=0, curAction=[, actionList_size=1
[22:34:09] [YFAdapter-P2] [INFO] [YF-P2] Decided: action_index=0, action=['PASS', 'PASS', 'PASS']
[22:34:09] [yf2_v5] [INFO] 3号位打出['PASS', 'PASS', 'PASS']， 最大动作为2号位打出的['Single', 'K', ['CK']]
[22:34:09] [yf2_v5] [INFO] 0号位打出['PASS', 'PASS', 'PASS']， 最大动作为2号位打出的['Single', 'K', ['CK']]
[22:34:09] [yf2_v5] [INFO] 1号位打出['PASS', 'PASS', 'PASS']， 最大动作为2号位打出的['Single', 'K', ['CK']]
[22:34:09] [yf2_v5] [INFO] 2号位打出['Single', 'J', ['CJ']]， 最大动作为2号位打出的['Single', 'J', ['CJ']]
[22:34:09] [YFAdapter-P2] [INFO] [YF-P2] Decision context: myPos=2, curPos=2, greaterPos=2, teammate=0, curAction=[, actionList_size=1
[22:34:09] [YFAdapter-P2] [INFO] [YF-P2] Decided: action_index=0, action=['PASS', 'PASS', 'PASS']
[22:34:09] [yf2_v5] [INFO] 3号位打出['PASS', 'PASS', 'PASS']， 最大动作为2号位打出的['Single', 'J', ['CJ']]
[22:34:09] [yf2_v5] [INFO] 0号位打出['PASS', 'PASS', 'PASS']， 最大动作为2号位打出的['Single', 'J', ['CJ']]
[22:34:09] [yf2_v5] [INFO] 1号位打出['PASS', 'PASS', 'PASS']， 最大动作为2号位打出的['Single', 'J', ['CJ']]
[22:34:09] [yf2_v5] [INFO] 2号位打出['Single', 'B', ['SB']]， 最大动作为2号位打出的['Single', 'B', ['SB']]
[22:34:09] [YFAdapter-P2] [INFO] [YF-P2] Decision context: myPos=2, curPos=2, greaterPos=2, teammate=0, curAction=[, actionList_size=1
[22:34:09] [YFAdapter-P2] [INFO] [YF-P2] Decided: action_index=0, action=['PASS', 'PASS', 'PASS']
[22:34:09] [yf2_v5] [INFO] 3号位打出['PASS', 'PASS', 'PASS']， 最大动作为2号位打出的['Single', 'B', ['SB']]
[22:34:09] [yf2_v5] [INFO] 0号位打出['PASS', 'PASS', 'PASS']， 最大动作为2号位打出的['Single', 'B', ['SB']]
[22:34:09] [yf2_v5] [INFO] 0号位打出['ThreeWithTwo', '5', ['S5', 'C5', 'D5', 'H9', 'C9']]， 最大动作为0号位打出的['ThreeWithTwo', '5', ['S5', 'C5', 'D5', 'H9', 'C9']]
[22:34:09] [yf2_v5] [INFO] 1号位打出['PASS', 'PASS', 'PASS']， 最大动作为0号位打出的['ThreeWithTwo', '5', ['S5', 'C5', 'D5', 'H9', 'C9']]
[22:34:09] [YFAdapter-P2] [INFO] [YF-P2] Decision context: myPos=2, curPos=1, greaterPos=0, teammate=0, curAction=[, actionList_size=5
[22:34:09] [YFAdapter-P2] [INFO] [YF-P2] Decided: action_index=0, action=['PASS', 'PASS', 'PASS']
[22:34:09] [yf2_v5] [INFO] 3号位打出['ThreeWithTwo', '6', ['H6', 'H6', 'C6', 'H4', 'D4']]， 最大动作为3号位打出的['ThreeWithTwo', '6', ['H6', 'H6', 'C6', 'H4', 'D4']]
[22:34:09] [yf2_v5] [INFO] 0号位打出['ThreeWithTwo', 'K', ['SK', 'HK', 'DK', 'SQ', 'DQ']]， 最大动作为0号位打出的['ThreeWithTwo', 'K', ['SK', 'HK', 'DK', 'SQ', 'DQ']]
[22:34:09] [yf2_v5] [INFO] 游戏开始, 我是3号位，手牌：['H2', 'H2', 'D2', 'S3', 'H3', 'S4', 'H4', 'C4', 'S5', 'S7', 'H7', 'C7', 'D7', 'D7', 'C8', 'C9', 'D9', 'CT', 'SJ', 'HJ', 'DJ', 'CQ', 'CQ', 'CK', 'CK', 'HA', 'CA']
[22:34:09] [YFAdapter-P2] [INFO] [YF-P2] Decision context: myPos=2, curPos=-1, greaterPos=-1, teammate=0, curAction=[, actionList_size=1
[22:34:09] [YFAdapter-P2] [INFO] [YF-P2] Decided: action_index=0, action=['tribute', 'tribute', [['C', 'A']]]
[22:34:09] [yf2_v5] [INFO] 1号位打出['Single', '3', ['S3']]， 最大动作为1号位打出的['Single', '3', ['S3']]
[22:34:09] [yf2_v5] [INFO] 2号位打出['Single', 'A', ['SA']]， 最大动作为2号位打出的['Single', 'A', ['SA']]
[22:34:09] [YFAdapter-P2] [INFO] [YF-P2] Decision context: myPos=2, curPos=2, greaterPos=2, teammate=0, curAction=[, actionList_size=21
[22:34:09] [YFAdapter-P2] [INFO] [YF-P2] Decided: action_index=16, action=['Bomb', '7', [['S', '7'], ['H', '7'], ['C', '7'], ['D', '7'], ['D', '7']]]
[22:34:09] [yf2_v5] [INFO] 3号位打出['Bomb', '7', ['S7', 'H7', 'C7', 'D7', 'D7']]， 最大动作为3号位打出的['Bomb', '7', ['S7', 'H7', 'C7', 'D7', 'D7']]
[22:34:09] [yf2_v5] [INFO] 0号位打出['PASS', 'PASS', 'PASS']， 最大动作为3号位打出的['Bomb', '7', ['S7', 'H7', 'C7', 'D7', 'D7']]
[22:34:09] [yf2_v5] [INFO] 1号位打出['PASS', 'PASS', 'PASS']， 最大动作为3号位打出的['Bomb', '7', ['S7', 'H7', 'C7', 'D7', 'D7']]
[22:34:09] [yf2_v5] [INFO] 2号位打出['PASS', 'PASS', 'PASS']， 最大动作为3号位打出的['Bomb', '7', ['S7', 'H7', 'C7', 'D7', 'D7']]
[22:34:09] [YFAdapter-P2] [INFO] [YF-P2] Decision context: myPos=2, curPos=-1, greaterPos=-1, teammate=0, curAction=[, actionList_size=469
[22:34:09] [YFAdapter-P2] [INFO] [YF-P2] Decided: action_index=9, action=['Single', '8', [['C', '8']]]
[22:34:09] [yf2_v5] [INFO] 3号位打出['Single', '8', ['C8']]， 最大动作为3号位打出的['Single', '8', ['C8']]
[22:34:09] [yf2_v5] [INFO] 0号位打出['Single', '9', ['H9']]， 最大动作为0号位打出的['Single', '9', ['H9']]
[22:34:09] [yf2_v5] [INFO] 1号位打出['Single', 'K', ['HK']]， 最大动作为1号位打出的['Single', 'K', ['HK']]
[22:34:09] [yf2_v5] [INFO] 2号位打出['Single', 'A', ['CA']]， 最大动作为2号位打出的['Single', 'A', ['CA']]
[22:34:09] [YFAdapter-P2] [INFO] [YF-P2] Decision context: myPos=2, curPos=2, greaterPos=2, teammate=0, curAction=[, actionList_size=4
[22:34:09] [YFAdapter-P2] [INFO] [YF-P2] Decided: action_index=3, action=['Bomb', 'J', [['S', 'J'], ['H', 'J'], ['D', 'J'], ['H', 'A']]]
[22:34:09] [yf2_v5] [INFO] 3号位打出['Bomb', 'J', ['SJ', 'HJ', 'DJ', 'HA']]， 最大动作为3号位打出的['Bomb', 'J', ['SJ', 'HJ', 'DJ', 'HA']]
[22:34:09] [yf2_v5] [INFO] 0号位打出['Bomb', 'Q', ['SQ', 'SQ', 'DQ', 'HA']]， 最大动作为0号位打出的['Bomb', 'Q', ['SQ', 'SQ', 'DQ', 'HA']]
[22:34:09] [yf2_v5] [INFO] 1号位打出['PASS', 'PASS', 'PASS']， 最大动作为0号位打出的['Bomb', 'Q', ['SQ', 'SQ', 'DQ', 'HA']]
[22:34:09] [yf2_v5] [INFO] 2号位打出['PASS', 'PASS', 'PASS']， 最大动作为0号位打出的['Bomb', 'Q', ['SQ', 'SQ', 'DQ', 'HA']]
[22:34:09] [YFAdapter-P2] [INFO] [YF-P2] Decision context: myPos=2, curPos=2, greaterPos=0, teammate=0, curAction=[, actionList_size=1
[22:34:09] [YFAdapter-P2] [INFO] [YF-P2] Decided: action_index=0, action=['PASS', 'PASS', 'PASS']
[22:34:09] [yf2_v5] [INFO] 3号位打出['PASS', 'PASS', 'PASS']， 最大动作为0号位打出的['Bomb', 'Q', ['SQ', 'SQ', 'DQ', 'HA']]
[22:34:09] [yf2_v5] [INFO] 0号位打出['Single', '2', ['C2']]， 最大动作为0号位打出的['Single', '2', ['C2']]
[22:34:09] [yf2_v5] [INFO] 1号位打出['Single', '5', ['H5']]， 最大动作为1号位打出的['Single', '5', ['H5']]
[22:34:09] [yf2_v5] [INFO] 2号位打出['Single', 'R', ['HR']]， 最大动作为2号位打出的['Single', 'R', ['HR']]
[22:34:09] [YFAdapter-P2] [INFO] [YF-P2] Decision context: myPos=2, curPos=2, greaterPos=2, teammate=0, curAction=[, actionList_size=1
[22:34:09] [YFAdapter-P2] [INFO] [YF-P2] Decided: action_index=0, action=['PASS', 'PASS', 'PASS']
[22:34:10] [yf2_v5] [INFO] 3号位打出['PASS', 'PASS', 'PASS']， 最大动作为2号位打出的['Single', 'R', ['HR']]
[22:34:10] [yf2_v5] [INFO] 0号位打出['PASS', 'PASS', 'PASS']， 最大动作为2号位打出的['Single', 'R', ['HR']]
[22:34:10] [yf2_v5] [INFO] 1号位打出['PASS', 'PASS', 'PASS']， 最大动作为2号位打出的['Single', 'R', ['HR']]
[22:34:10] [yf2_v5] [INFO] 2号位打出['Single', '3', ['H3']]， 最大动作为2号位打出的['Single', '3', ['H3']]
[22:34:10] [YFAdapter-P2] [INFO] [YF-P2] Decision context: myPos=2, curPos=2, greaterPos=2, teammate=0, curAction=[, actionList_size=11
[22:34:10] [YFAdapter-P2] [INFO] [YF-P2] Decided: action_index=2, action=['Single', '4', [['H', '4']]]
[22:34:10] [yf2_v5] [INFO] 3号位打出['Single', '4', ['H4']]， 最大动作为3号位打出的['Single', '4', ['H4']]
[22:34:10] [yf2_v5] [INFO] 0号位打出['Single', 'Q', ['DQ']]， 最大动作为0号位打出的['Single', 'Q', ['DQ']]
[22:34:10] [yf2_v5] [INFO] 1号位打出['Single', 'A', ['DA']]， 最大动作为1号位打出的['Single', 'A', ['DA']]
[22:34:10] [yf2_v5] [INFO] 2号位打出['PASS', 'PASS', 'PASS']， 最大动作为1号位打出的['Single', 'A', ['DA']]
[22:34:10] [YFAdapter-P2] [INFO] [YF-P2] Decision context: myPos=2, curPos=2, greaterPos=1, teammate=0, curAction=[, actionList_size=1
[22:34:10] [YFAdapter-P2] [INFO] [YF-P2] Decided: action_index=0, action=['PASS', 'PASS', 'PASS']
[22:34:10] [yf2_v5] [INFO] 3号位打出['PASS', 'PASS', 'PASS']， 最大动作为1号位打出的['Single', 'A', ['DA']]
[22:34:10] [yf2_v5] [INFO] 0号位打出['Single', 'R', ['HR']]， 最大动作为0号位打出的['Single', 'R', ['HR']]
[22:34:10] [yf2_v5] [INFO] 1号位打出['PASS', 'PASS', 'PASS']， 最大动作为0号位打出的['Single', 'R', ['HR']]
[22:34:10] [yf2_v5] [INFO] 2号位打出['PASS', 'PASS', 'PASS']， 最大动作为0号位打出的['Single', 'R', ['HR']]
[22:34:10] [YFAdapter-P2] [INFO] [YF-P2] Decision context: myPos=2, curPos=2, greaterPos=0, teammate=0, curAction=[, actionList_size=1
[22:34:10] [YFAdapter-P2] [INFO] [YF-P2] Decided: action_index=0, action=['PASS', 'PASS', 'PASS']
[22:34:10] [yf2_v5] [INFO] 3号位打出['PASS', 'PASS', 'PASS']， 最大动作为0号位打出的['Single', 'R', ['HR']]
[22:34:10] [yf2_v5] [INFO] 0号位打出['ThreeWithTwo', '3', ['C3', 'D3', 'D3', 'H6', 'C6']]， 最大动作为0号位打出的['ThreeWithTwo', '3', ['C3', 'D3', 'D3', 'H6', 'C6']]
[22:34:10] [yf2_v5] [INFO] 1号位打出['Bomb', '2', ['S2', 'S2', 'C2', 'D2']]， 最大动作为1号位打出的['Bomb', '2', ['S2', 'S2', 'C2', 'D2']]
[22:34:10] [yf2_v5] [INFO] 2号位打出['PASS', 'PASS', 'PASS']， 最大动作为1号位打出的['Bomb', '2', ['S2', 'S2', 'C2', 'D2']]
[22:34:10] [YFAdapter-P2] [INFO] [YF-P2] Decision context: myPos=2, curPos=2, greaterPos=1, teammate=0, curAction=[, actionList_size=1
[22:34:10] [YFAdapter-P2] [INFO] [YF-P2] Decided: action_index=0, action=['PASS', 'PASS', 'PASS']
[22:34:10] [yf2_v5] [INFO] 3号位打出['PASS', 'PASS', 'PASS']， 最大动作为1号位打出的['Bomb', '2', ['S2', 'S2', 'C2', 'D2']]
[22:34:10] [yf2_v5] [INFO] 0号位打出['PASS', 'PASS', 'PASS']， 最大动作为1号位打出的['Bomb', '2', ['S2', 'S2', 'C2', 'D2']]
[22:34:10] [yf2_v5] [INFO] 1号位打出['Single', '6', ['C6']]， 最大动作为1号位打出的['Single', '6', ['C6']]
[22:34:10] [yf2_v5] [INFO] 2号位打出['Single', 'K', ['DK']]， 最大动作为2号位打出的['Single', 'K', ['DK']]
[22:34:10] [YFAdapter-P2] [INFO] [YF-P2] Decision context: myPos=2, curPos=2, greaterPos=2, teammate=0, curAction=[, actionList_size=1
[22:34:10] [YFAdapter-P2] [INFO] [YF-P2] Decided: action_index=0, action=['PASS', 'PASS', 'PASS']
[22:34:10] [yf2_v5] [INFO] 3号位打出['PASS', 'PASS', 'PASS']， 最大动作为2号位打出的['Single', 'K', ['DK']]
[22:34:10] [yf2_v5] [INFO] 0号位打出['Single', 'A', ['SA']]， 最大动作为0号位打出的['Single', 'A', ['SA']]
[22:34:10] [yf2_v5] [INFO] 1号位打出['PASS', 'PASS', 'PASS']， 最大动作为0号位打出的['Single', 'A', ['SA']]
[22:34:10] [yf2_v5] [INFO] 2号位打出['PASS', 'PASS', 'PASS']， 最大动作为0号位打出的['Single', 'A', ['SA']]
[22:34:10] [YFAdapter-P2] [INFO] [YF-P2] Decision context: myPos=2, curPos=2, greaterPos=0, teammate=0, curAction=[, actionList_size=1
[22:34:10] [YFAdapter-P2] [INFO] [YF-P2] Decided: action_index=0, action=['PASS', 'PASS', 'PASS']
[22:34:10] [yf2_v5] [INFO] 3号位打出['PASS', 'PASS', 'PASS']， 最大动作为0号位打出的['Single', 'A', ['SA']]
[22:34:10] [yf2_v5] [INFO] 0号位打出['Trips', '8', ['H8', 'D8', 'D8']]， 最大动作为0号位打出的['Trips', '8', ['H8', 'D8', 'D8']]
[22:34:10] [yf2_v5] [INFO] 1号位打出['PASS', 'PASS', 'PASS']， 最大动作为0号位打出的['Trips', '8', ['H8', 'D8', 'D8']]
[22:34:10] [yf2_v5] [INFO] 2号位打出['Trips', '9', ['S9', 'S9', 'H9']]， 最大动作为2号位打出的['Trips', '9', ['S9', 'S9', 'H9']]
[22:34:10] [YFAdapter-P2] [INFO] [YF-P2] Decision context: myPos=2, curPos=2, greaterPos=2, teammate=0, curAction=[, actionList_size=1
[22:34:10] [YFAdapter-P2] [INFO] [YF-P2] Decided: action_index=0, action=['PASS', 'PASS', 'PASS']
[22:34:10] [yf2_v5] [INFO] 3号位打出['PASS', 'PASS', 'PASS']， 最大动作为2号位打出的['Trips', '9', ['S9', 'S9', 'H9']]
[22:34:10] [yf2_v5] [INFO] 0号位打出['Trips', 'T', ['HT', 'CT', 'DT']]， 最大动作为0号位打出的['Trips', 'T', ['HT', 'CT', 'DT']]
[22:34:10] [yf2_v5] [INFO] 1号位打出['PASS', 'PASS', 'PASS']， 最大动作为0号位打出的['Trips', 'T', ['HT', 'CT', 'DT']]
[22:34:10] [yf2_v5] [INFO] 2号位打出['Trips', 'J', ['SJ', 'HJ', 'DJ']]， 最大动作为2号位打出的['Trips', 'J', ['SJ', 'HJ', 'DJ']]
[22:34:10] [YFAdapter-P2] [INFO] [YF-P2] Decision context: myPos=2, curPos=2, greaterPos=2, teammate=0, curAction=[, actionList_size=1
[22:34:10] [YFAdapter-P2] [INFO] [YF-P2] Decided: action_index=0, action=['PASS', 'PASS', 'PASS']
[22:34:10] [yf2_v5] [INFO] 3号位打出['PASS', 'PASS', 'PASS']， 最大动作为2号位打出的['Trips', 'J', ['SJ', 'HJ', 'DJ']]
[22:34:10] [yf2_v5] [INFO] 0号位打出['PASS', 'PASS', 'PASS']， 最大动作为2号位打出的['Trips', 'J', ['SJ', 'HJ', 'DJ']]
[22:34:10] [yf2_v5] [INFO] 1号位打出['PASS', 'PASS', 'PASS']， 最大动作为2号位打出的['Trips', 'J', ['SJ', 'HJ', 'DJ']]
[22:34:10] [yf2_v5] [INFO] 2号位打出['Single', '3', ['C3']]， 最大动作为2号位打出的['Single', '3', ['C3']]
[22:34:10] [YFAdapter-P2] [INFO] [YF-P2] Decision context: myPos=2, curPos=2, greaterPos=2, teammate=0, curAction=[, actionList_size=10
[22:34:10] [YFAdapter-P2] [INFO] [YF-P2] Decided: action_index=1, action=['Single', '4', [['S', '4']]]
[22:34:10] [yf2_v5] [INFO] 3号位打出['Single', '4', ['S4']]， 最大动作为3号位打出的['Single', '4', ['S4']]
[22:34:10] [yf2_v5] [INFO] 0号位打出['Single', 'A', ['CA']]， 最大动作为0号位打出的['Single', 'A', ['CA']]
[22:34:10] [yf2_v5] [INFO] 1号位打出['Single', 'B', ['SB']]， 最大动作为1号位打出的['Single', 'B', ['SB']]
[22:34:10] [yf2_v5] [INFO] 2号位打出['PASS', 'PASS', 'PASS']， 最大动作为1号位打出的['Single', 'B', ['SB']]
[22:34:10] [YFAdapter-P2] [INFO] [YF-P2] Decision context: myPos=2, curPos=2, greaterPos=1, teammate=0, curAction=[, actionList_size=1
[22:34:10] [YFAdapter-P2] [INFO] [YF-P2] Decided: action_index=0, action=['PASS', 'PASS', 'PASS']
[22:34:10] [yf2_v5] [INFO] 3号位打出['PASS', 'PASS', 'PASS']， 最大动作为1号位打出的['Single', 'B', ['SB']]
[22:34:10] [yf2_v5] [INFO] 0号位打出['PASS', 'PASS', 'PASS']， 最大动作为1号位打出的['Single', 'B', ['SB']]
[22:34:10] [yf2_v5] [INFO] 1号位打出['ThreePair', 'T', ['ST', 'HT', 'CJ', 'CJ', 'HQ', 'HQ']]， 最大动作为1号位打出的['ThreePair', 'T', ['ST', 'HT', 'CJ', 'CJ', 'HQ', 'HQ']]
[22:34:10] [yf2_v5] [INFO] 2号位打出['Bomb', '6', ['S6', 'S6', 'D6', 'D6']]， 最大动作为2号位打出的['Bomb', '6', ['S6', 'S6', 'D6', 'D6']]
[22:34:10] [YFAdapter-P2] [INFO] [YF-P2] Decision context: myPos=2, curPos=2, greaterPos=2, teammate=0, curAction=[, actionList_size=1
[22:34:10] [YFAdapter-P2] [INFO] [YF-P2] Decided: action_index=0, action=['PASS', 'PASS', 'PASS']
[22:34:10] [yf2_v5] [INFO] 3号位打出['PASS', 'PASS', 'PASS']， 最大动作为2号位打出的['Bomb', '6', ['S6', 'S6', 'D6', 'D6']]
[22:34:10] [yf2_v5] [INFO] 0号位打出['PASS', 'PASS', 'PASS']， 最大动作为2号位打出的['Bomb', '6', ['S6', 'S6', 'D6', 'D6']]
[22:34:10] [yf2_v5] [INFO] 1号位打出['PASS', 'PASS', 'PASS']， 最大动作为2号位打出的['Bomb', '6', ['S6', 'S6', 'D6', 'D6']]
[22:34:10] [yf2_v5] [INFO] 2号位打出['ThreeWithTwo', '4', ['H4', 'C4', 'D4', 'S7', 'C7']]， 最大动作为2号位打出的['ThreeWithTwo', '4', ['H4', 'C4', 'D4', 'S7', 'C7']]
[22:34:10] [YFAdapter-P2] [INFO] [YF-P2] Decision context: myPos=2, curPos=2, greaterPos=2, teammate=0, curAction=[, actionList_size=1
[22:34:10] [YFAdapter-P2] [INFO] [YF-P2] Decided: action_index=0, action=['PASS', 'PASS', 'PASS']
[22:34:10] [yf2_v5] [INFO] 3号位打出['PASS', 'PASS', 'PASS']， 最大动作为2号位打出的['ThreeWithTwo', '4', ['H4', 'C4', 'D4', 'S7', 'C7']]
[22:34:10] [yf2_v5] [INFO] 0号位打出['PASS', 'PASS', 'PASS']， 最大动作为2号位打出的['ThreeWithTwo', '4', ['H4', 'C4', 'D4', 'S7', 'C7']]
[22:34:10] [yf2_v5] [INFO] 1号位打出['PASS', 'PASS', 'PASS']， 最大动作为2号位打出的['ThreeWithTwo', '4', ['H4', 'C4', 'D4', 'S7', 'C7']]
[22:34:10] [yf2_v5] [INFO] 2号位打出['ThreeWithTwo', '8', ['S8', 'H8', 'C8', 'ST', 'DT']]， 最大动作为2号位打出的['ThreeWithTwo', '8', ['S8', 'H8', 'C8', 'ST', 'DT']]
[22:34:10] [YFAdapter-P2] [INFO] [YF-P2] Decision context: myPos=2, curPos=2, greaterPos=2, teammate=0, curAction=[, actionList_size=1
[22:34:10] [YFAdapter-P2] [INFO] [YF-P2] Decided: action_index=0, action=['PASS', 'PASS', 'PASS']
[22:34:10] [yf2_v5] [INFO] 3号位打出['PASS', 'PASS', 'PASS']， 最大动作为2号位打出的['ThreeWithTwo', '8', ['S8', 'H8', 'C8', 'ST', 'DT']]
[22:34:10] [yf2_v5] [INFO] 0号位打出['PASS', 'PASS', 'PASS']， 最大动作为2号位打出的['ThreeWithTwo', '8', ['S8', 'H8', 'C8', 'ST', 'DT']]
[22:34:10] [yf2_v5] [INFO] 1号位打出['PASS', 'PASS', 'PASS']， 最大动作为2号位打出的['ThreeWithTwo', '8', ['S8', 'H8', 'C8', 'ST', 'DT']]
[22:34:10] [yf2_v5] [INFO] 2号位打出['Single', 'K', ['SK']]， 最大动作为2号位打出的['Single', 'K', ['SK']]
[22:34:10] [YFAdapter-P2] [INFO] [YF-P2] Decision context: myPos=2, curPos=2, greaterPos=2, teammate=0, curAction=[, actionList_size=1
[22:34:10] [YFAdapter-P2] [INFO] [YF-P2] Decided: action_index=0, action=['PASS', 'PASS', 'PASS']
[22:34:10] [yf2_v5] [INFO] 3号位打出['PASS', 'PASS', 'PASS']， 最大动作为2号位打出的['Single', 'K', ['SK']]
[22:34:10] [yf2_v5] [INFO] 0号位打出['PASS', 'PASS', 'PASS']， 最大动作为2号位打出的['Single', 'K', ['SK']]
[22:34:10] [yf2_v5] [INFO] 0号位打出['Pair', 'K', ['HK', 'DK']]， 最大动作为0号位打出的['Pair', 'K', ['HK', 'DK']]
[22:34:10] [yf2_v5] [INFO] 1号位打出['PASS', 'PASS', 'PASS']， 最大动作为0号位打出的['Pair', 'K', ['HK', 'DK']]
[22:34:10] [YFAdapter-P2] [INFO] [YF-P2] Decision context: myPos=2, curPos=1, greaterPos=0, teammate=0, curAction=[, actionList_size=1
[22:34:10] [YFAdapter-P2] [INFO] [YF-P2] Decided: action_index=0, action=['PASS', 'PASS', 'PASS']
[22:34:10] [yf2_v5] [INFO] 3号位打出['PASS', 'PASS', 'PASS']， 最大动作为0号位打出的['Pair', 'K', ['HK', 'DK']]
[22:34:10] [yf2_v5] [INFO] 0号位打出['Bomb', '5', ['H5', 'C5', 'C5', 'D5']]， 最大动作为0号位打出的['Bomb', '5', ['H5', 'C5', 'C5', 'D5']]
[22:34:10] [yf2_v5] [INFO] ============================================================
[22:34:10] [yf2_v5] [INFO] GAME RESULT (V5)
[22:34:10] [yf2_v5] [INFO] ============================================================
[22:34:10] [yf2_v5] [INFO] Victory counts: [3, 0, 3, 0]
[22:34:10] [yf2_v5] [INFO] Total decisions: 665
[22:34:10] [yf2_v5] [INFO]   - RL decisions: 665
[22:34:10] [yf2_v5] [INFO]   - Knowledge decisions: 1962
[22:34:10] [yf2_v5] [INFO] Total games played: 1
[22:34:10] [yf2_v5] [INFO] Layer usage statistics:
[22:34:10] [yf2_v5] [INFO] ============================================================
[22:34:10] [HybridV4-P2] [INFO] Statistics reset
