[22:31:39] [websocket_manager.yf2_v5] [INFO] WebSocket Manager initialized for yf2_v5
[22:31:39] [websocket_manager.yf2_v5] [INFO]   - URI: ws://127.0.0.1:23456/game/yf2_v5
[22:31:39] [websocket_manager.yf2_v5] [INFO]   - Reconnect interval: 5s
[22:31:39] [websocket_manager.yf2_v5] [INFO]   - Heartbeat interval: 30s
[22:31:39] [websocket_manager.yf2_v5] [INFO]   - Timeout: 10s
[22:31:39] [HybridV4-P2] [INFO] HybridDecisionEngineV4 initialized
[22:31:41] [yf2_v5] [INFO] ✓ RL Engine initialized
[22:31:41] [yf2_v5] [INFO] ✓ yf2_v5 initialized (Player 2)
[22:31:41] [yf2_v5] [INFO]   - RL Engine: Available
[22:31:41] [yf2_v5] [INFO]   - Hybrid Decision: True
[22:31:41] [websocket_manager.yf2_v5] [INFO] Connecting to ws://127.0.0.1:23456/game/yf2_v5... (attempt 1)
[22:31:41] [websocket_manager.yf2_v5] [INFO] ✓ Connected to server: ws://127.0.0.1:23456/game/yf2_v5
[22:31:41] [yf2_v5] [INFO] 游戏开始, 我是3号位，手牌：['H3', 'C3', 'D4', 'S5', 'C5', 'S6', 'D6', 'H7', 'C7', 'D7', 'D7', 'C8', 'D8', 'C9', 'ST', 'CT', 'CJ', 'SQ', 'CQ', 'DQ', 'CK', 'SA', 'DA', 'S2', 'H2', 'C2', 'HR']
[22:31:41] [YFAdapter-P2] [INFO] YF state initialized: player_id=2
[22:31:41] [YFAdapter-P2] [INFO] YFAdapter initialized for player 2
[22:31:41] [HybridV4-P2] [INFO] YFAdapter initialized (lazy)
[22:31:41] [YFAdapter-P2] [INFO] [YF-P2] Decision context: myPos=2, curPos=-1, greaterPos=-1, teammate=0, curAction=[, actionList_size=1133
[22:31:41] [YFAdapter-P2] [INFO] [YF-P2] Decided: action_index=2, action=['Single', '4', [['D', '4']]]
[22:31:41] [HybridV4-P2] [INFO] DecisionEngine initialized (lazy)
[22:31:41] [HybridV4-P2] [INFO] KnowledgeEnhancedDecisionEngine initialized (lazy)
[22:31:41] [yf2_v5] [INFO] 3号位打出['Single', '4', ['D4']]， 最大动作为3号位打出的['Single', '4', ['D4']]
[22:31:41] [yf2_v5] [INFO] 0号位打出['Single', '8', ['C8']]， 最大动作为0号位打出的['Single', '8', ['C8']]
[22:31:41] [yf2_v5] [INFO] 1号位打出['Single', 'J', ['HJ']]， 最大动作为1号位打出的['Single', 'J', ['HJ']]
[22:31:41] [yf2_v5] [INFO] 2号位打出['Single', '2', ['S2']]， 最大动作为2号位打出的['Single', '2', ['S2']]
[22:31:41] [YFAdapter-P2] [INFO] [YF-P2] Decision context: myPos=2, curPos=2, greaterPos=2, teammate=0, curAction=[, actionList_size=11
[22:31:41] [YFAdapter-P2] [INFO] [YF-P2] Decided: action_index=10, action=['StraightFlush', '9', [['C', '9'], ['C', 'T'], ['C', 'J'], ['C', 'Q'], ['C', 'K']]]
[22:31:41] [yf2_v5] [INFO] 3号位打出['StraightFlush', '9', ['C9', 'CT', 'CJ', 'CQ', 'CK']]， 最大动作为3号位打出的['StraightFlush', '9', ['C9', 'CT', 'CJ', 'CQ', 'CK']]
[22:31:41] [yf2_v5] [INFO] 0号位打出['PASS', 'PASS', 'PASS']， 最大动作为3号位打出的['StraightFlush', '9', ['C9', 'CT', 'CJ', 'CQ', 'CK']]
[22:31:41] [yf2_v5] [INFO] 1号位打出['PASS', 'PASS', 'PASS']， 最大动作为3号位打出的['StraightFlush', '9', ['C9', 'CT', 'CJ', 'CQ', 'CK']]
[22:31:41] [yf2_v5] [INFO] 2号位打出['PASS', 'PASS', 'PASS']， 最大动作为3号位打出的['StraightFlush', '9', ['C9', 'CT', 'CJ', 'CQ', 'CK']]
[22:31:41] [YFAdapter-P2] [INFO] [YF-P2] Decision context: myPos=2, curPos=-1, greaterPos=-1, teammate=0, curAction=[, actionList_size=405
[22:31:41] [YFAdapter-P2] [INFO] [YF-P2] Decided: action_index=21, action=['Pair', '3', [['H', '3'], ['C', '3']]]
[22:31:41] [yf2_v5] [INFO] 3号位打出['Pair', '3', ['H3', 'C3']]， 最大动作为3号位打出的['Pair', '3', ['H3', 'C3']]
[22:31:41] [yf2_v5] [INFO] 0号位打出['Pair', '6', ['S6', 'H6']]， 最大动作为0号位打出的['Pair', '6', ['S6', 'H6']]
[22:31:41] [yf2_v5] [INFO] 1号位打出['Pair', '9', ['H9', 'D9']]， 最大动作为1号位打出的['Pair', '9', ['H9', 'D9']]
[22:31:41] [yf2_v5] [INFO] 2号位打出['Pair', 'J', ['SJ', 'H2']]， 最大动作为2号位打出的['Pair', 'J', ['SJ', 'H2']]
[22:31:41] [YFAdapter-P2] [INFO] [YF-P2] Decision context: myPos=2, curPos=2, greaterPos=2, teammate=0, curAction=[, actionList_size=16
[22:31:41] [YFAdapter-P2] [INFO] [YF-P2] Decided: action_index=14, action=['Bomb', '7', [['C', '7'], ['D', '7'], ['D', '7'], ['H', '2']]]
[22:31:41] [yf2_v5] [INFO] 3号位打出['Bomb', '7', ['C7', 'D7', 'D7', 'H2']]， 最大动作为3号位打出的['Bomb', '7', ['C7', 'D7', 'D7', 'H2']]
[22:31:41] [yf2_v5] [INFO] 0号位打出['Bomb', '9', ['S9', 'S9', 'C9', 'D9']]， 最大动作为0号位打出的['Bomb', '9', ['S9', 'S9', 'C9', 'D9']]
[22:31:41] [yf2_v5] [INFO] 1号位打出['PASS', 'PASS', 'PASS']， 最大动作为0号位打出的['Bomb', '9', ['S9', 'S9', 'C9', 'D9']]
[22:31:41] [yf2_v5] [INFO] 2号位打出['PASS', 'PASS', 'PASS']， 最大动作为0号位打出的['Bomb', '9', ['S9', 'S9', 'C9', 'D9']]
[22:31:41] [YFAdapter-P2] [INFO] [YF-P2] Decision context: myPos=2, curPos=2, greaterPos=0, teammate=0, curAction=[, actionList_size=1
[22:31:41] [YFAdapter-P2] [INFO] [YF-P2] Decided: action_index=0, action=['PASS', 'PASS', 'PASS']
[22:31:41] [yf2_v5] [INFO] 3号位打出['PASS', 'PASS', 'PASS']， 最大动作为0号位打出的['Bomb', '9', ['S9', 'S9', 'C9', 'D9']]
[22:31:41] [yf2_v5] [INFO] 0号位打出['Single', '3', ['D3']]， 最大动作为0号位打出的['Single', '3', ['D3']]
[22:31:41] [yf2_v5] [INFO] 1号位打出['Single', '2', ['C2']]， 最大动作为1号位打出的['Single', '2', ['C2']]
[22:31:41] [yf2_v5] [INFO] 2号位打出['Single', 'B', ['SB']]， 最大动作为2号位打出的['Single', 'B', ['SB']]
[22:31:41] [YFAdapter-P2] [INFO] [YF-P2] Decision context: myPos=2, curPos=2, greaterPos=2, teammate=0, curAction=[, actionList_size=2
[22:31:41] [YFAdapter-P2] [INFO] [YF-P2] Decided: action_index=1, action=['Single', 'R', [['H', 'R']]]
[22:31:41] [yf2_v5] [INFO] 3号位打出['Single', 'R', ['HR']]， 最大动作为3号位打出的['Single', 'R', ['HR']]
[22:31:41] [yf2_v5] [INFO] 0号位打出['Bomb', '5', ['S5', 'H5', 'C5', 'D5']]， 最大动作为0号位打出的['Bomb', '5', ['S5', 'H5', 'C5', 'D5']]
[22:31:41] [yf2_v5] [INFO] 1号位打出['Bomb', '8', ['S8', 'S8', 'H8', 'H8']]， 最大动作为1号位打出的['Bomb', '8', ['S8', 'S8', 'H8', 'H8']]
[22:31:41] [yf2_v5] [INFO] 2号位打出['PASS', 'PASS', 'PASS']， 最大动作为1号位打出的['Bomb', '8', ['S8', 'S8', 'H8', 'H8']]
[22:31:41] [YFAdapter-P2] [INFO] [YF-P2] Decision context: myPos=2, curPos=2, greaterPos=1, teammate=0, curAction=[, actionList_size=1
[22:31:41] [YFAdapter-P2] [INFO] [YF-P2] Decided: action_index=0, action=['PASS', 'PASS', 'PASS']
[22:31:41] [yf2_v5] [INFO] 3号位打出['PASS', 'PASS', 'PASS']， 最大动作为1号位打出的['Bomb', '8', ['S8', 'S8', 'H8', 'H8']]
[22:31:41] [yf2_v5] [INFO] 0号位打出['PASS', 'PASS', 'PASS']， 最大动作为1号位打出的['Bomb', '8', ['S8', 'S8', 'H8', 'H8']]
[22:31:41] [yf2_v5] [INFO] 1号位打出['Single', '5', ['H5']]， 最大动作为1号位打出的['Single', '5', ['H5']]
[22:31:41] [yf2_v5] [INFO] 2号位打出['Single', 'Q', ['HQ']]， 最大动作为2号位打出的['Single', 'Q', ['HQ']]
[22:31:41] [YFAdapter-P2] [INFO] [YF-P2] Decision context: myPos=2, curPos=2, greaterPos=2, teammate=0, curAction=[, actionList_size=5
[22:31:41] [YFAdapter-P2] [INFO] [YF-P2] Decided: action_index=2, action=['Single', 'A', [['D', 'A']]]
[22:31:41] [yf2_v5] [INFO] 3号位打出['Single', 'A', ['DA']]， 最大动作为3号位打出的['Single', 'A', ['DA']]
[22:31:41] [yf2_v5] [INFO] 0号位打出['Single', 'R', ['HR']]， 最大动作为0号位打出的['Single', 'R', ['HR']]
[22:31:41] [yf2_v5] [INFO] 1号位打出['Bomb', '3', ['S3', 'S3', 'C3', 'D3']]， 最大动作为1号位打出的['Bomb', '3', ['S3', 'S3', 'C3', 'D3']]
[22:31:41] [yf2_v5] [INFO] 2号位打出['Bomb', '6', ['H6', 'C6', 'C6', 'D6']]， 最大动作为2号位打出的['Bomb', '6', ['H6', 'C6', 'C6', 'D6']]
[22:31:41] [YFAdapter-P2] [INFO] [YF-P2] Decision context: myPos=2, curPos=2, greaterPos=2, teammate=0, curAction=[, actionList_size=1
[22:31:41] [YFAdapter-P2] [INFO] [YF-P2] Decided: action_index=0, action=['PASS', 'PASS', 'PASS']
[22:31:41] [yf2_v5] [INFO] 3号位打出['PASS', 'PASS', 'PASS']， 最大动作为2号位打出的['Bomb', '6', ['H6', 'C6', 'C6', 'D6']]
[22:31:41] [yf2_v5] [INFO] 0号位打出['PASS', 'PASS', 'PASS']， 最大动作为2号位打出的['Bomb', '6', ['H6', 'C6', 'C6', 'D6']]
[22:31:41] [yf2_v5] [INFO] 1号位打出['PASS', 'PASS', 'PASS']， 最大动作为2号位打出的['Bomb', '6', ['H6', 'C6', 'C6', 'D6']]
[22:31:41] [yf2_v5] [INFO] 2号位打出['Single', '3', ['H3']]， 最大动作为2号位打出的['Single', '3', ['H3']]
[22:31:41] [YFAdapter-P2] [INFO] [YF-P2] Decision context: myPos=2, curPos=2, greaterPos=2, teammate=0, curAction=[, actionList_size=14
[22:31:41] [YFAdapter-P2] [INFO] [YF-P2] Decided: action_index=5, action=['Single', '7', [['H', '7']]]
[22:31:41] [yf2_v5] [INFO] 3号位打出['Single', '7', ['H7']]， 最大动作为3号位打出的['Single', '7', ['H7']]
[22:31:41] [yf2_v5] [INFO] 0号位打出['Single', 'Q', ['DQ']]， 最大动作为0号位打出的['Single', 'Q', ['DQ']]
[22:31:41] [yf2_v5] [INFO] 1号位打出['Single', 'K', ['SK']]， 最大动作为1号位打出的['Single', 'K', ['SK']]
[22:31:41] [yf2_v5] [INFO] 2号位打出['Single', '2', ['D2']]， 最大动作为2号位打出的['Single', '2', ['D2']]
[22:31:41] [YFAdapter-P2] [INFO] [YF-P2] Decision context: myPos=2, curPos=2, greaterPos=2, teammate=0, curAction=[, actionList_size=1
[22:31:41] [YFAdapter-P2] [INFO] [YF-P2] Decided: action_index=0, action=['PASS', 'PASS', 'PASS']
[22:31:41] [yf2_v5] [INFO] 3号位打出['PASS', 'PASS', 'PASS']， 最大动作为2号位打出的['Single', '2', ['D2']]
[22:31:41] [yf2_v5] [INFO] 0号位打出['PASS', 'PASS', 'PASS']， 最大动作为2号位打出的['Single', '2', ['D2']]
[22:31:41] [yf2_v5] [INFO] 1号位打出['PASS', 'PASS', 'PASS']， 最大动作为2号位打出的['Single', '2', ['D2']]
[22:31:41] [yf2_v5] [INFO] 2号位打出['Single', '5', ['D5']]， 最大动作为2号位打出的['Single', '5', ['D5']]
[22:31:41] [YFAdapter-P2] [INFO] [YF-P2] Decision context: myPos=2, curPos=2, greaterPos=2, teammate=0, curAction=[, actionList_size=11
[22:31:41] [YFAdapter-P2] [INFO] [YF-P2] Decided: action_index=0, action=['PASS', 'PASS', 'PASS']
[22:31:41] [yf2_v5] [INFO] 3号位打出['PASS', 'PASS', 'PASS']， 最大动作为2号位打出的['Single', '5', ['D5']]
[22:31:41] [yf2_v5] [INFO] 0号位打出['Single', 'A', ['SA']]， 最大动作为0号位打出的['Single', 'A', ['SA']]
[22:31:41] [yf2_v5] [INFO] 1号位打出['Single', '2', ['D2']]， 最大动作为1号位打出的['Single', '2', ['D2']]
[22:31:41] [yf2_v5] [INFO] 2号位打出['Single', 'B', ['SB']]， 最大动作为2号位打出的['Single', 'B', ['SB']]
[22:31:41] [YFAdapter-P2] [INFO] [YF-P2] Decision context: myPos=2, curPos=2, greaterPos=2, teammate=0, curAction=[, actionList_size=1
[22:31:41] [YFAdapter-P2] [INFO] [YF-P2] Decided: action_index=0, action=['PASS', 'PASS', 'PASS']
[22:31:41] [yf2_v5] [INFO] 3号位打出['PASS', 'PASS', 'PASS']， 最大动作为2号位打出的['Single', 'B', ['SB']]
[22:31:41] [yf2_v5] [INFO] 0号位打出['PASS', 'PASS', 'PASS']， 最大动作为2号位打出的['Single', 'B', ['SB']]
[22:31:41] [yf2_v5] [INFO] 1号位打出['PASS', 'PASS', 'PASS']， 最大动作为2号位打出的['Single', 'B', ['SB']]
[22:31:41] [yf2_v5] [INFO] 2号位打出['Straight', '8', ['D8', 'H9', 'ST', 'SJ', 'SQ']]， 最大动作为2号位打出的['Straight', '8', ['D8', 'H9', 'ST', 'SJ', 'SQ']]
[22:31:41] [YFAdapter-P2] [INFO] [YF-P2] Decision context: myPos=2, curPos=2, greaterPos=2, teammate=0, curAction=[, actionList_size=1
[22:31:41] [YFAdapter-P2] [INFO] [YF-P2] Decided: action_index=0, action=['PASS', 'PASS', 'PASS']
[22:31:41] [yf2_v5] [INFO] 3号位打出['PASS', 'PASS', 'PASS']， 最大动作为2号位打出的['Straight', '8', ['D8', 'H9', 'ST', 'SJ', 'SQ']]
[22:31:41] [yf2_v5] [INFO] 0号位打出['PASS', 'PASS', 'PASS']， 最大动作为2号位打出的['Straight', '8', ['D8', 'H9', 'ST', 'SJ', 'SQ']]
[22:31:41] [yf2_v5] [INFO] 1号位打出['PASS', 'PASS', 'PASS']， 最大动作为2号位打出的['Straight', '8', ['D8', 'H9', 'ST', 'SJ', 'SQ']]
[22:31:41] [yf2_v5] [INFO] 2号位打出['ThreeWithTwo', '4', ['S4', 'H4', 'C4', 'HT', 'HT']]， 最大动作为2号位打出的['ThreeWithTwo', '4', ['S4', 'H4', 'C4', 'HT', 'HT']]
[22:31:41] [YFAdapter-P2] [INFO] [YF-P2] Decision context: myPos=2, curPos=2, greaterPos=2, teammate=0, curAction=[, actionList_size=1
[22:31:41] [YFAdapter-P2] [INFO] [YF-P2] Decided: action_index=0, action=['PASS', 'PASS', 'PASS']
[22:31:41] [yf2_v5] [INFO] 3号位打出['PASS', 'PASS', 'PASS']， 最大动作为2号位打出的['ThreeWithTwo', '4', ['S4', 'H4', 'C4', 'HT', 'HT']]
[22:31:41] [yf2_v5] [INFO] 0号位打出['ThreeWithTwo', 'T', ['CT', 'DT', 'DT', 'S7', 'C7']]， 最大动作为0号位打出的['ThreeWithTwo', 'T', ['CT', 'DT', 'DT', 'S7', 'C7']]
[22:31:41] [yf2_v5] [INFO] 1号位打出['ThreeWithTwo', 'A', ['HA', 'CA', 'CA', 'S7', 'H7']]， 最大动作为1号位打出的['ThreeWithTwo', 'A', ['HA', 'CA', 'CA', 'S7', 'H7']]
[22:31:41] [yf2_v5] [INFO] 2号位打出['PASS', 'PASS', 'PASS']， 最大动作为1号位打出的['ThreeWithTwo', 'A', ['HA', 'CA', 'CA', 'S7', 'H7']]
[22:31:41] [YFAdapter-P2] [INFO] [YF-P2] Decision context: myPos=2, curPos=2, greaterPos=1, teammate=0, curAction=[, actionList_size=1
[22:31:41] [YFAdapter-P2] [INFO] [YF-P2] Decided: action_index=0, action=['PASS', 'PASS', 'PASS']
[22:31:41] [yf2_v5] [INFO] 3号位打出['PASS', 'PASS', 'PASS']， 最大动作为1号位打出的['ThreeWithTwo', 'A', ['HA', 'CA', 'CA', 'S7', 'H7']]
[22:31:41] [yf2_v5] [INFO] 0号位打出['Bomb', 'J', ['HJ', 'CJ', 'DJ', 'DJ']]， 最大动作为0号位打出的['Bomb', 'J', ['HJ', 'CJ', 'DJ', 'DJ']]
[22:31:41] [yf2_v5] [INFO] 1号位打出['PASS', 'PASS', 'PASS']， 最大动作为0号位打出的['Bomb', 'J', ['HJ', 'CJ', 'DJ', 'DJ']]
[22:31:41] [yf2_v5] [INFO] 2号位打出['PASS', 'PASS', 'PASS']， 最大动作为0号位打出的['Bomb', 'J', ['HJ', 'CJ', 'DJ', 'DJ']]
[22:31:41] [YFAdapter-P2] [INFO] [YF-P2] Decision context: myPos=2, curPos=2, greaterPos=0, teammate=0, curAction=[, actionList_size=1
[22:31:41] [YFAdapter-P2] [INFO] [YF-P2] Decided: action_index=0, action=['PASS', 'PASS', 'PASS']
[22:31:41] [yf2_v5] [INFO] 3号位打出['PASS', 'PASS', 'PASS']， 最大动作为0号位打出的['Bomb', 'J', ['HJ', 'CJ', 'DJ', 'DJ']]
[22:31:41] [yf2_v5] [INFO] 0号位打出['Single', '4', ['H4']]， 最大动作为0号位打出的['Single', '4', ['H4']]
[22:31:41] [yf2_v5] [INFO] 1号位打出['Single', 'K', ['CK']]， 最大动作为1号位打出的['Single', 'K', ['CK']]
[22:31:41] [yf2_v5] [INFO] 2号位打出['PASS', 'PASS', 'PASS']， 最大动作为1号位打出的['Single', 'K', ['CK']]
[22:31:41] [YFAdapter-P2] [INFO] [YF-P2] Decision context: myPos=2, curPos=2, greaterPos=1, teammate=0, curAction=[, actionList_size=4
[22:31:41] [YFAdapter-P2] [INFO] [YF-P2] Decided: action_index=0, action=['PASS', 'PASS', 'PASS']
[22:31:41] [yf2_v5] [INFO] 3号位打出['PASS', 'PASS', 'PASS']， 最大动作为1号位打出的['Single', 'K', ['CK']]
[22:31:41] [yf2_v5] [INFO] 0号位打出['PASS', 'PASS', 'PASS']， 最大动作为1号位打出的['Single', 'K', ['CK']]
[22:31:41] [yf2_v5] [INFO] 1号位打出['ThreeWithTwo', '4', ['S4', 'C4', 'D4', 'HQ', 'CQ']]， 最大动作为1号位打出的['ThreeWithTwo', '4', ['S4', 'C4', 'D4', 'HQ', 'CQ']]
[22:31:41] [yf2_v5] [INFO] 2号位打出['PASS', 'PASS', 'PASS']， 最大动作为1号位打出的['ThreeWithTwo', '4', ['S4', 'C4', 'D4', 'HQ', 'CQ']]
[22:31:41] [YFAdapter-P2] [INFO] [YF-P2] Decision context: myPos=2, curPos=2, greaterPos=1, teammate=0, curAction=[, actionList_size=1
[22:31:41] [YFAdapter-P2] [INFO] [YF-P2] Decided: action_index=0, action=['PASS', 'PASS', 'PASS']
[22:31:41] [yf2_v5] [INFO] 3号位打出['PASS', 'PASS', 'PASS']， 最大动作为1号位打出的['ThreeWithTwo', '4', ['S4', 'C4', 'D4', 'HQ', 'CQ']]
[22:31:42] [yf2_v5] [INFO] 0号位打出['PASS', 'PASS', 'PASS']， 最大动作为1号位打出的['ThreeWithTwo', '4', ['S4', 'C4', 'D4', 'HQ', 'CQ']]
[22:31:42] [yf2_v5] [INFO] 1号位打出['Single', 'K', ['HK']]， 最大动作为1号位打出的['Single', 'K', ['HK']]
[22:31:42] [yf2_v5] [INFO] 2号位打出['Single', 'A', ['DA']]， 最大动作为2号位打出的['Single', 'A', ['DA']]
[22:31:42] [YFAdapter-P2] [INFO] [YF-P2] Decision context: myPos=2, curPos=2, greaterPos=2, teammate=0, curAction=[, actionList_size=3
[22:31:42] [YFAdapter-P2] [INFO] [YF-P2] Decided: action_index=0, action=['PASS', 'PASS', 'PASS']
[22:31:42] [YFAdapter-P2] [WARNING] [YF-P2] 检测到过于保守: 对手快走完(剩0张), 触发Layer 2/3进行更积极的决策
[22:31:42] [yf2_v5] [INFO] 3号位打出['Single', '2', ['S2']]， 最大动作为3号位打出的['Single', '2', ['S2']]
[22:31:42] [yf2_v5] [INFO] 0号位打出['PASS', 'PASS', 'PASS']， 最大动作为3号位打出的['Single', '2', ['S2']]
[22:31:42] [yf2_v5] [INFO] 2号位打出['PASS', 'PASS', 'PASS']， 最大动作为3号位打出的['Single', '2', ['S2']]
[22:31:42] [YFAdapter-P2] [INFO] [YF-P2] Decision context: myPos=2, curPos=-1, greaterPos=-1, teammate=0, curAction=[, actionList_size=15
[22:31:42] [YFAdapter-P2] [INFO] [YF-P2] Decided: action_index=11, action=['Pair', '5', [['S', '5'], ['C', '5']]]
[22:31:42] [yf2_v5] [INFO] 3号位打出['Pair', '5', ['S5', 'C5']]， 最大动作为3号位打出的['Pair', '5', ['S5', 'C5']]
[22:31:42] [yf2_v5] [INFO] 0号位打出['Pair', 'K', ['SK', 'HK']]， 最大动作为0号位打出的['Pair', 'K', ['SK', 'HK']]
[22:31:42] [yf2_v5] [INFO] 2号位打出['PASS', 'PASS', 'PASS']， 最大动作为0号位打出的['Pair', 'K', ['SK', 'HK']]
[22:31:42] [yf2_v5] [INFO] 2号位打出['Pair', 'K', ['DK', 'DK']]， 最大动作为2号位打出的['Pair', 'K', ['DK', 'DK']]
[22:31:42] [YFAdapter-P2] [INFO] [YF-P2] Decision context: myPos=2, curPos=2, greaterPos=2, teammate=0, curAction=[, actionList_size=1
[22:31:42] [YFAdapter-P2] [INFO] [YF-P2] Decided: action_index=0, action=['PASS', 'PASS', 'PASS']
[22:31:42] [yf2_v5] [INFO] 3号位打出['PASS', 'PASS', 'PASS']， 最大动作为2号位打出的['Pair', 'K', ['DK', 'DK']]
[22:31:42] [yf2_v5] [INFO] 2号位打出['Single', 'A', ['HA']]， 最大动作为2号位打出的['Single', 'A', ['HA']]
[22:31:42] [yf2_v5] [INFO] 游戏开始, 我是3号位，手牌：['S2', 'H2', 'C2', 'S4', 'S5', 'C5', 'S6', 'S6', 'H6', 'C6', 'S7', 'C7', 'D7', 'H8', 'S9', 'H9', 'CT', 'HJ', 'CQ', 'CQ', 'DQ', 'SK', 'HK', 'CA', 'H3', 'C3', 'SB']
[22:31:42] [YFAdapter-P2] [INFO] [YF-P2] Decision context: myPos=2, curPos=-1, greaterPos=-1, teammate=0, curAction=[, actionList_size=1
[22:31:42] [YFAdapter-P2] [INFO] [YF-P2] Decided: action_index=0, action=['tribute', 'tribute', [['S', 'B']]]
[22:31:42] [YFAdapter-P2] [INFO] [YF-P2] Decision context: myPos=2, curPos=-1, greaterPos=-1, teammate=0, curAction=[, actionList_size=1213
[22:31:42] [YFAdapter-P2] [INFO] [YF-P2] Decided: action_index=3, action=['Single', '4', [['S', '4']]]
[22:31:42] [yf2_v5] [INFO] 3号位打出['Single', '4', ['S4']]， 最大动作为3号位打出的['Single', '4', ['S4']]
[22:31:42] [yf2_v5] [INFO] 0号位打出['Single', '3', ['S3']]， 最大动作为0号位打出的['Single', '3', ['S3']]
[22:31:42] [yf2_v5] [INFO] 1号位打出['Bomb', '8', ['S8', 'S8', 'C8', 'H3']]， 最大动作为1号位打出的['Bomb', '8', ['S8', 'S8', 'C8', 'H3']]
[22:31:42] [yf2_v5] [INFO] 2号位打出['PASS', 'PASS', 'PASS']， 最大动作为1号位打出的['Bomb', '8', ['S8', 'S8', 'C8', 'H3']]
[22:31:42] [YFAdapter-P2] [INFO] [YF-P2] Decision context: myPos=2, curPos=2, greaterPos=1, teammate=0, curAction=[, actionList_size=4
[22:31:42] [YFAdapter-P2] [INFO] [YF-P2] Decided: action_index=0, action=['PASS', 'PASS', 'PASS']
[22:31:42] [yf2_v5] [INFO] 3号位打出['Bomb', '2', ['S2', 'H2', 'H2', 'C2', 'H3']]， 最大动作为3号位打出的['Bomb', '2', ['S2', 'H2', 'H2', 'C2', 'H3']]
[22:31:42] [yf2_v5] [INFO] 0号位打出['PASS', 'PASS', 'PASS']， 最大动作为3号位打出的['Bomb', '2', ['S2', 'H2', 'H2', 'C2', 'H3']]
[22:31:42] [yf2_v5] [INFO] 1号位打出['PASS', 'PASS', 'PASS']， 最大动作为3号位打出的['Bomb', '2', ['S2', 'H2', 'H2', 'C2', 'H3']]
[22:31:42] [yf2_v5] [INFO] 2号位打出['PASS', 'PASS', 'PASS']， 最大动作为3号位打出的['Bomb', '2', ['S2', 'H2', 'H2', 'C2', 'H3']]
[22:31:42] [YFAdapter-P2] [INFO] [YF-P2] Decision context: myPos=2, curPos=-1, greaterPos=-1, teammate=0, curAction=[, actionList_size=168
[22:31:42] [YFAdapter-P2] [INFO] [YF-P2] Decided: action_index=8, action=['Single', '8', [['H', '8']]]
[22:31:42] [yf2_v5] [INFO] 3号位打出['Single', '8', ['H8']]， 最大动作为3号位打出的['Single', '8', ['H8']]
[22:31:42] [yf2_v5] [INFO] 0号位打出['Single', '3', ['S3']]， 最大动作为0号位打出的['Single', '3', ['S3']]
[22:31:42] [yf2_v5] [INFO] 1号位打出['Bomb', 'T', ['ST', 'HT', 'HT', 'DT']]， 最大动作为1号位打出的['Bomb', 'T', ['ST', 'HT', 'HT', 'DT']]
[22:31:42] [yf2_v5] [INFO] 2号位打出['PASS', 'PASS', 'PASS']， 最大动作为1号位打出的['Bomb', 'T', ['ST', 'HT', 'HT', 'DT']]
[22:31:42] [YFAdapter-P2] [INFO] [YF-P2] Decision context: myPos=2, curPos=2, greaterPos=1, teammate=0, curAction=[, actionList_size=1
[22:31:42] [YFAdapter-P2] [INFO] [YF-P2] Decided: action_index=0, action=['PASS', 'PASS', 'PASS']
[22:31:42] [yf2_v5] [INFO] 3号位打出['PASS', 'PASS', 'PASS']， 最大动作为1号位打出的['Bomb', 'T', ['ST', 'HT', 'HT', 'DT']]
[22:31:42] [yf2_v5] [INFO] 0号位打出['PASS', 'PASS', 'PASS']， 最大动作为1号位打出的['Bomb', 'T', ['ST', 'HT', 'HT', 'DT']]
[22:31:42] [yf2_v5] [INFO] 1号位打出['Single', '2', ['D2']]， 最大动作为1号位打出的['Single', '2', ['D2']]
[22:31:42] [yf2_v5] [INFO] 2号位打出['Single', '6', ['D6']]， 最大动作为2号位打出的['Single', '6', ['D6']]
[22:31:42] [YFAdapter-P2] [INFO] [YF-P2] Decision context: myPos=2, curPos=2, greaterPos=2, teammate=0, curAction=[, actionList_size=15
[22:31:42] [YFAdapter-P2] [INFO] [YF-P2] Decided: action_index=8, action=['Single', 'Q', [['C', 'Q']]]
[22:31:42] [yf2_v5] [INFO] 3号位打出['Single', 'Q', ['CQ']]， 最大动作为3号位打出的['Single', 'Q', ['CQ']]
[22:31:42] [yf2_v5] [INFO] 0号位打出['Single', '3', ['D3']]， 最大动作为0号位打出的['Single', '3', ['D3']]
[22:31:42] [yf2_v5] [INFO] 1号位打出['PASS', 'PASS', 'PASS']， 最大动作为0号位打出的['Single', '3', ['D3']]
[22:31:42] [yf2_v5] [INFO] 2号位打出['PASS', 'PASS', 'PASS']， 最大动作为0号位打出的['Single', '3', ['D3']]
[22:31:42] [YFAdapter-P2] [INFO] [YF-P2] Decision context: myPos=2, curPos=2, greaterPos=0, teammate=0, curAction=[, actionList_size=2
[22:31:42] [YFAdapter-P2] [INFO] [YF-P2] Decided: action_index=0, action=['PASS', 'PASS', 'PASS']
[22:31:42] [yf2_v5] [INFO] 3号位打出['PASS', 'PASS', 'PASS']， 最大动作为0号位打出的['Single', '3', ['D3']]
[22:31:42] [yf2_v5] [INFO] 0号位打出['Straight', '5', ['H5', 'H6', 'D7', 'D8', 'D9']]， 最大动作为0号位打出的['Straight', '5', ['H5', 'H6', 'D7', 'D8', 'D9']]
[22:31:42] [yf2_v5] [INFO] 1号位打出['PASS', 'PASS', 'PASS']， 最大动作为0号位打出的['Straight', '5', ['H5', 'H6', 'D7', 'D8', 'D9']]
[22:31:42] [yf2_v5] [INFO] 2号位打出['PASS', 'PASS', 'PASS']， 最大动作为0号位打出的['Straight', '5', ['H5', 'H6', 'D7', 'D8', 'D9']]
[22:31:42] [YFAdapter-P2] [INFO] [YF-P2] Decision context: myPos=2, curPos=2, greaterPos=0, teammate=0, curAction=[, actionList_size=14
[22:31:42] [YFAdapter-P2] [INFO] [YF-P2] Decided: action_index=0, action=['PASS', 'PASS', 'PASS']
[22:31:42] [yf2_v5] [INFO] 3号位打出['PASS', 'PASS', 'PASS']， 最大动作为0号位打出的['Straight', '5', ['H5', 'H6', 'D7', 'D8', 'D9']]
[22:31:42] [yf2_v5] [INFO] 0号位打出['ThreeWithTwo', '4', ['H4', 'C4', 'D4', 'S2', 'C2']]， 最大动作为0号位打出的['ThreeWithTwo', '4', ['H4', 'C4', 'D4', 'S2', 'C2']]
[22:31:42] [yf2_v5] [INFO] 1号位打出['ThreeWithTwo', 'K', ['SK', 'CK', 'DK', 'SA', 'DA']]， 最大动作为1号位打出的['ThreeWithTwo', 'K', ['SK', 'CK', 'DK', 'SA', 'DA']]
[22:31:42] [yf2_v5] [INFO] 2号位打出['Bomb', '4', ['S4', 'H4', 'C4', 'D4']]， 最大动作为2号位打出的['Bomb', '4', ['S4', 'H4', 'C4', 'D4']]
[22:31:42] [YFAdapter-P2] [INFO] [YF-P2] Decision context: myPos=2, curPos=2, greaterPos=2, teammate=0, curAction=[, actionList_size=2
[22:31:42] [YFAdapter-P2] [INFO] [YF-P2] Decided: action_index=0, action=['PASS', 'PASS', 'PASS']
[22:31:42] [yf2_v5] [INFO] 3号位打出['PASS', 'PASS', 'PASS']， 最大动作为2号位打出的['Bomb', '4', ['S4', 'H4', 'C4', 'D4']]
[22:31:42] [yf2_v5] [INFO] 0号位打出['PASS', 'PASS', 'PASS']， 最大动作为2号位打出的['Bomb', '4', ['S4', 'H4', 'C4', 'D4']]
[22:31:42] [yf2_v5] [INFO] 1号位打出['PASS', 'PASS', 'PASS']， 最大动作为2号位打出的['Bomb', '4', ['S4', 'H4', 'C4', 'D4']]
[22:31:42] [yf2_v5] [INFO] 2号位打出['Single', '2', ['D2']]， 最大动作为2号位打出的['Single', '2', ['D2']]
[22:31:42] [YFAdapter-P2] [INFO] [YF-P2] Decision context: myPos=2, curPos=2, greaterPos=2, teammate=0, curAction=[, actionList_size=20
[22:31:42] [YFAdapter-P2] [INFO] [YF-P2] Decided: action_index=17, action=['Single', 'A', [['C', 'A']]]
[22:31:42] [yf2_v5] [INFO] 3号位打出['Single', 'A', ['CA']]， 最大动作为3号位打出的['Single', 'A', ['CA']]
[22:31:42] [yf2_v5] [INFO] 0号位打出['Single', '3', ['D3']]， 最大动作为0号位打出的['Single', '3', ['D3']]
[22:31:42] [yf2_v5] [INFO] 1号位打出['Single', 'B', ['SB']]， 最大动作为1号位打出的['Single', 'B', ['SB']]
[22:31:42] [yf2_v5] [INFO] 2号位打出['Single', 'R', ['HR']]， 最大动作为2号位打出的['Single', 'R', ['HR']]
[22:31:42] [YFAdapter-P2] [INFO] [YF-P2] Decision context: myPos=2, curPos=2, greaterPos=2, teammate=0, curAction=[, actionList_size=2
[22:31:42] [YFAdapter-P2] [INFO] [YF-P2] Decided: action_index=0, action=['PASS', 'PASS', 'PASS']
[22:31:42] [yf2_v5] [INFO] 3号位打出['PASS', 'PASS', 'PASS']， 最大动作为2号位打出的['Single', 'R', ['HR']]
[22:31:42] [yf2_v5] [INFO] 0号位打出['PASS', 'PASS', 'PASS']， 最大动作为2号位打出的['Single', 'R', ['HR']]
[22:31:42] [yf2_v5] [INFO] 1号位打出['PASS', 'PASS', 'PASS']， 最大动作为2号位打出的['Single', 'R', ['HR']]
[22:31:42] [yf2_v5] [INFO] 2号位打出['Single', '7', ['C7']]， 最大动作为2号位打出的['Single', '7', ['C7']]
[22:31:42] [YFAdapter-P2] [INFO] [YF-P2] Decision context: myPos=2, curPos=2, greaterPos=2, teammate=0, curAction=[, actionList_size=11
[22:31:42] [YFAdapter-P2] [INFO] [YF-P2] Decided: action_index=9, action=['Single', '3', [['C', '3']]]
[22:31:42] [yf2_v5] [INFO] 3号位打出['Single', '3', ['C3']]， 最大动作为3号位打出的['Single', '3', ['C3']]
[22:31:42] [yf2_v5] [INFO] 0号位打出['Single', 'R', ['HR']]， 最大动作为0号位打出的['Single', 'R', ['HR']]
[22:31:42] [yf2_v5] [INFO] 1号位打出['PASS', 'PASS', 'PASS']， 最大动作为0号位打出的['Single', 'R', ['HR']]
[22:31:42] [yf2_v5] [INFO] 2号位打出['PASS', 'PASS', 'PASS']， 最大动作为0号位打出的['Single', 'R', ['HR']]
[22:31:42] [YFAdapter-P2] [INFO] [YF-P2] Decision context: myPos=2, curPos=2, greaterPos=0, teammate=0, curAction=[, actionList_size=2
[22:31:42] [YFAdapter-P2] [INFO] [YF-P2] Decided: action_index=0, action=['PASS', 'PASS', 'PASS']
[22:31:42] [yf2_v5] [INFO] 3号位打出['PASS', 'PASS', 'PASS']， 最大动作为0号位打出的['Single', 'R', ['HR']]
[22:31:42] [yf2_v5] [INFO] 0号位打出['ThreeWithTwo', 'J', ['CJ', 'DJ', 'DJ', 'H5', 'D5']]， 最大动作为0号位打出的['ThreeWithTwo', 'J', ['CJ', 'DJ', 'DJ', 'H5', 'D5']]
[22:31:42] [yf2_v5] [INFO] 1号位打出['PASS', 'PASS', 'PASS']， 最大动作为0号位打出的['ThreeWithTwo', 'J', ['CJ', 'DJ', 'DJ', 'H5', 'D5']]
[22:31:42] [yf2_v5] [INFO] 2号位打出['PASS', 'PASS', 'PASS']， 最大动作为0号位打出的['ThreeWithTwo', 'J', ['CJ', 'DJ', 'DJ', 'H5', 'D5']]
[22:31:42] [YFAdapter-P2] [INFO] [YF-P2] Decision context: myPos=2, curPos=2, greaterPos=0, teammate=0, curAction=[, actionList_size=2
[22:31:42] [YFAdapter-P2] [INFO] [YF-P2] Decided: action_index=0, action=['PASS', 'PASS', 'PASS']
[22:31:42] [yf2_v5] [INFO] 3号位打出['PASS', 'PASS', 'PASS']， 最大动作为0号位打出的['ThreeWithTwo', 'J', ['CJ', 'DJ', 'DJ', 'H5', 'D5']]
[22:31:42] [yf2_v5] [INFO] 0号位打出['ThreeWithTwo', 'A', ['HA', 'CA', 'DA', 'HQ', 'DQ']]， 最大动作为0号位打出的['ThreeWithTwo', 'A', ['HA', 'CA', 'DA', 'HQ', 'DQ']]
[22:31:42] [yf2_v5] [INFO] 1号位打出['PASS', 'PASS', 'PASS']， 最大动作为0号位打出的['ThreeWithTwo', 'A', ['HA', 'CA', 'DA', 'HQ', 'DQ']]
[22:31:42] [yf2_v5] [INFO] 2号位打出['PASS', 'PASS', 'PASS']， 最大动作为0号位打出的['ThreeWithTwo', 'A', ['HA', 'CA', 'DA', 'HQ', 'DQ']]
[22:31:42] [YFAdapter-P2] [INFO] [YF-P2] Decision context: myPos=2, curPos=2, greaterPos=0, teammate=0, curAction=[, actionList_size=2
[22:31:42] [YFAdapter-P2] [INFO] [YF-P2] Decided: action_index=0, action=['PASS', 'PASS', 'PASS']
[22:31:42] [yf2_v5] [INFO] 3号位打出['PASS', 'PASS', 'PASS']， 最大动作为0号位打出的['ThreeWithTwo', 'A', ['HA', 'CA', 'DA', 'HQ', 'DQ']]
[22:31:42] [yf2_v5] [INFO] 0号位打出['Pair', 'K', ['HK', 'DK']]， 最大动作为0号位打出的['Pair', 'K', ['HK', 'DK']]
[22:31:42] [yf2_v5] [INFO] 1号位打出['PASS', 'PASS', 'PASS']， 最大动作为0号位打出的['Pair', 'K', ['HK', 'DK']]
[22:31:42] [yf2_v5] [INFO] 2号位打出['PASS', 'PASS', 'PASS']， 最大动作为0号位打出的['Pair', 'K', ['HK', 'DK']]
[22:31:42] [yf2_v5] [INFO] 2号位打出['Single', '5', ['S5']]， 最大动作为2号位打出的['Single', '5', ['S5']]
[22:31:42] [YFAdapter-P2] [INFO] [YF-P2] Decision context: myPos=2, curPos=2, greaterPos=2, teammate=0, curAction=[, actionList_size=16
[22:31:42] [YFAdapter-P2] [INFO] [YF-P2] Decided: action_index=12, action=['Single', 'Q', [['D', 'Q']]]
[22:31:42] [yf2_v5] [INFO] 3号位打出['Single', 'Q', ['DQ']]， 最大动作为3号位打出的['Single', 'Q', ['DQ']]
[22:31:42] [yf2_v5] [INFO] 1号位打出['Single', 'A', ['HA']]， 最大动作为1号位打出的['Single', 'A', ['HA']]
[22:31:42] [yf2_v5] [INFO] 2号位打出['Single', '3', ['C3']]， 最大动作为2号位打出的['Single', '3', ['C3']]
[22:31:42] [YFAdapter-P2] [INFO] [YF-P2] Decision context: myPos=2, curPos=2, greaterPos=2, teammate=0, curAction=[, actionList_size=2
[22:31:42] [YFAdapter-P2] [INFO] [YF-P2] Decided: action_index=1, action=['Bomb', '6', [['S', '6'], ['S', '6'], ['H', '6'], ['C', '6']]]
[22:31:42] [yf2_v5] [INFO] 3号位打出['Bomb', '6', ['S6', 'S6', 'H6', 'C6']]， 最大动作为3号位打出的['Bomb', '6', ['S6', 'S6', 'H6', 'C6']]
[22:31:42] [yf2_v5] [INFO] 1号位打出['PASS', 'PASS', 'PASS']， 最大动作为3号位打出的['Bomb', '6', ['S6', 'S6', 'H6', 'C6']]
[22:31:42] [yf2_v5] [INFO] 2号位打出['PASS', 'PASS', 'PASS']， 最大动作为3号位打出的['Bomb', '6', ['S6', 'S6', 'H6', 'C6']]
[22:31:42] [YFAdapter-P2] [INFO] [YF-P2] Decision context: myPos=2, curPos=-1, greaterPos=-1, teammate=0, curAction=[, actionList_size=26
[22:31:42] [YFAdapter-P2] [INFO] [YF-P2] Decided: action_index=22, action=['Straight', '9', [['S', '9'], ['C', 'T'], ['H', 'J'], ['C', 'Q'], ['S', 'K']]]
[22:31:42] [yf2_v5] [INFO] 3号位打出['Straight', '9', ['S9', 'CT', 'HJ', 'CQ', 'SK']]， 最大动作为3号位打出的['Straight', '9', ['S9', 'CT', 'HJ', 'CQ', 'SK']]
[22:31:42] [yf2_v5] [INFO] 1号位打出['PASS', 'PASS', 'PASS']， 最大动作为3号位打出的['Straight', '9', ['S9', 'CT', 'HJ', 'CQ', 'SK']]
[22:31:42] [yf2_v5] [INFO] 2号位打出['PASS', 'PASS', 'PASS']， 最大动作为3号位打出的['Straight', '9', ['S9', 'CT', 'HJ', 'CQ', 'SK']]
[22:31:42] [YFAdapter-P2] [INFO] [YF-P2] Decision context: myPos=2, curPos=-1, greaterPos=-1, teammate=0, curAction=[, actionList_size=13
[22:31:42] [YFAdapter-P2] [INFO] [YF-P2] Decided: action_index=12, action=['ThreeWithTwo', '7', [['S', '7'], ['C', '7'], ['D', '7'], ['S', '5'], ['C', '5']]]
[22:31:42] [yf2_v5] [INFO] 3号位打出['ThreeWithTwo', '7', ['S7', 'C7', 'D7', 'S5', 'C5']]， 最大动作为3号位打出的['ThreeWithTwo', '7', ['S7', 'C7', 'D7', 'S5', 'C5']]
[22:31:42] [yf2_v5] [INFO] 1号位打出['PASS', 'PASS', 'PASS']， 最大动作为3号位打出的['ThreeWithTwo', '7', ['S7', 'C7', 'D7', 'S5', 'C5']]
[22:31:42] [yf2_v5] [INFO] 2号位打出['ThreeWithTwo', 'J', ['SJ', 'SJ', 'CJ', 'H8', 'C8']]， 最大动作为2号位打出的['ThreeWithTwo', 'J', ['SJ', 'SJ', 'CJ', 'H8', 'C8']]
[22:31:42] [YFAdapter-P2] [INFO] [YF-P2] Decision context: myPos=2, curPos=2, greaterPos=2, teammate=0, curAction=[, actionList_size=1
[22:31:42] [YFAdapter-P2] [INFO] [YF-P2] Decided: action_index=0, action=['PASS', 'PASS', 'PASS']
[22:31:42] [yf2_v5] [INFO] 3号位打出['PASS', 'PASS', 'PASS']， 最大动作为2号位打出的['ThreeWithTwo', 'J', ['SJ', 'SJ', 'CJ', 'H8', 'C8']]
[22:31:42] [yf2_v5] [INFO] 1号位打出['PASS', 'PASS', 'PASS']， 最大动作为2号位打出的['ThreeWithTwo', 'J', ['SJ', 'SJ', 'CJ', 'H8', 'C8']]
[22:31:42] [yf2_v5] [INFO] 2号位打出['Single', '5', ['D5']]， 最大动作为2号位打出的['Single', '5', ['D5']]
[22:31:42] [YFAdapter-P2] [INFO] [YF-P2] Decision context: myPos=2, curPos=2, greaterPos=2, teammate=0, curAction=[, actionList_size=3
[22:31:42] [YFAdapter-P2] [INFO] [YF-P2] Decided: action_index=1, action=['Single', '9', [['H', '9']]]
[22:31:42] [yf2_v5] [INFO] 3号位打出['Single', '9', ['H9']]， 最大动作为3号位打出的['Single', '9', ['H9']]
[22:31:42] [yf2_v5] [INFO] 1号位打出['Single', 'J', ['HJ']]， 最大动作为1号位打出的['Single', 'J', ['HJ']]
[22:31:42] [yf2_v5] [INFO] 2号位打出['Single', 'K', ['CK']]， 最大动作为2号位打出的['Single', 'K', ['CK']]
[22:31:42] [YFAdapter-P2] [INFO] [YF-P2] Decision context: myPos=2, curPos=2, greaterPos=2, teammate=0, curAction=[, actionList_size=1
[22:31:42] [YFAdapter-P2] [INFO] [YF-P2] Decided: action_index=0, action=['PASS', 'PASS', 'PASS']
[22:31:42] [yf2_v5] [INFO] 3号位打出['PASS', 'PASS', 'PASS']， 最大动作为2号位打出的['Single', 'K', ['CK']]
[22:31:42] [yf2_v5] [INFO] 1号位打出['PASS', 'PASS', 'PASS']， 最大动作为2号位打出的['Single', 'K', ['CK']]
[22:31:42] [yf2_v5] [INFO] 2号位打出['Single', '9', ['S9']]， 最大动作为2号位打出的['Single', '9', ['S9']]
[22:31:42] [YFAdapter-P2] [INFO] [YF-P2] Decision context: myPos=2, curPos=2, greaterPos=2, teammate=0, curAction=[, actionList_size=2
[22:31:42] [YFAdapter-P2] [INFO] [YF-P2] Decided: action_index=1, action=['Single', 'K', [['H', 'K']]]
[22:31:42] [yf2_v5] [INFO] 3号位打出['Single', 'K', ['HK']]， 最大动作为3号位打出的['Single', 'K', ['HK']]
[22:31:42] [yf2_v5] [INFO] 1号位打出['PASS', 'PASS', 'PASS']， 最大动作为3号位打出的['Single', 'K', ['HK']]
[22:31:42] [yf2_v5] [INFO] 1号位打出['Pair', '6', ['C6', 'D6']]， 最大动作为1号位打出的['Pair', '6', ['C6', 'D6']]
[22:31:42] [yf2_v5] [INFO] 2号位打出['Pair', '9', ['H9', 'C9']]， 最大动作为2号位打出的['Pair', '9', ['H9', 'C9']]
[22:31:42] [yf2_v5] [INFO] 1号位打出['PASS', 'PASS', 'PASS']， 最大动作为2号位打出的['Pair', '9', ['H9', 'C9']]
[22:31:42] [yf2_v5] [INFO] 2号位打出['ThreeWithTwo', 'T', ['ST', 'CT', 'DT', 'SQ', 'HQ']]， 最大动作为2号位打出的['ThreeWithTwo', 'T', ['ST', 'CT', 'DT', 'SQ', 'HQ']]
[22:31:42] [yf2_v5] [INFO] 1号位打出['PASS', 'PASS', 'PASS']， 最大动作为2号位打出的['ThreeWithTwo', 'T', ['ST', 'CT', 'DT', 'SQ', 'HQ']]
[22:31:42] [yf2_v5] [INFO] 2号位打出['Single', 'A', ['SA']]， 最大动作为2号位打出的['Single', 'A', ['SA']]
[22:31:42] [yf2_v5] [INFO] 1号位打出['PASS', 'PASS', 'PASS']， 最大动作为2号位打出的['Single', 'A', ['SA']]
[22:31:42] [yf2_v5] [INFO] 2号位打出['Single', 'B', ['SB']]， 最大动作为2号位打出的['Single', 'B', ['SB']]
[22:31:42] [yf2_v5] [INFO] 游戏开始, 我是3号位，手牌：['S2', 'S3', 'H3', 'C3', 'S5', 'C5', 'D5', 'D5', 'S6', 'H6', 'D6', 'D7', 'C8', 'D8', 'S9', 'D9', 'HT', 'CT', 'SJ', 'HJ', 'SQ', 'HQ', 'SK', 'CK', 'S4', 'H4', 'SB']
[22:31:42] [yf2_v5] [INFO] 1号位打出['Single', '3', ['S3']]， 最大动作为1号位打出的['Single', '3', ['S3']]
[22:31:42] [yf2_v5] [INFO] 2号位打出['Single', '5', ['C5']]， 最大动作为2号位打出的['Single', '5', ['C5']]
[22:31:42] [YFAdapter-P2] [INFO] [YF-P2] Decision context: myPos=2, curPos=2, greaterPos=2, teammate=0, curAction=[, actionList_size=29
[22:31:42] [YFAdapter-P2] [INFO] [YF-P2] Decided: action_index=7, action=['Single', '9', [['S', '9']]]
[22:31:42] [yf2_v5] [INFO] 3号位打出['Single', '9', ['S9']]， 最大动作为3号位打出的['Single', '9', ['S9']]
[22:31:42] [yf2_v5] [INFO] 0号位打出['Single', 'J', ['CJ']]， 最大动作为0号位打出的['Single', 'J', ['CJ']]
[22:31:42] [yf2_v5] [INFO] 1号位打出['Bomb', '6', ['S6', 'C6', 'C6', 'D6']]， 最大动作为1号位打出的['Bomb', '6', ['S6', 'C6', 'C6', 'D6']]
[22:31:42] [yf2_v5] [INFO] 2号位打出['PASS', 'PASS', 'PASS']， 最大动作为1号位打出的['Bomb', '6', ['S6', 'C6', 'C6', 'D6']]
[22:31:42] [YFAdapter-P2] [INFO] [YF-P2] Decision context: myPos=2, curPos=2, greaterPos=1, teammate=0, curAction=[, actionList_size=2
[22:31:42] [YFAdapter-P2] [INFO] [YF-P2] Decided: action_index=0, action=['PASS', 'PASS', 'PASS']
[22:31:42] [yf2_v5] [INFO] 3号位打出['PASS', 'PASS', 'PASS']， 最大动作为1号位打出的['Bomb', '6', ['S6', 'C6', 'C6', 'D6']]
[22:31:42] [yf2_v5] [INFO] 0号位打出['PASS', 'PASS', 'PASS']， 最大动作为1号位打出的['Bomb', '6', ['S6', 'C6', 'C6', 'D6']]
[22:31:42] [yf2_v5] [INFO] 1号位打出['Single', '5', ['H5']]， 最大动作为1号位打出的['Single', '5', ['H5']]
[22:31:42] [yf2_v5] [INFO] 2号位打出['Single', 'T', ['CT']]， 最大动作为2号位打出的['Single', 'T', ['CT']]
[22:31:42] [YFAdapter-P2] [INFO] [YF-P2] Decision context: myPos=2, curPos=2, greaterPos=2, teammate=0, curAction=[, actionList_size=19
[22:31:42] [YFAdapter-P2] [INFO] [YF-P2] Decided: action_index=2, action=['Single', 'J', [['H', 'J']]]
[22:31:42] [yf2_v5] [INFO] 3号位打出['Single', 'J', ['HJ']]， 最大动作为3号位打出的['Single', 'J', ['HJ']]
[22:31:42] [yf2_v5] [INFO] 0号位打出['Single', '4', ['S4']]， 最大动作为0号位打出的['Single', '4', ['S4']]
[22:31:42] [yf2_v5] [INFO] 1号位打出['StraightFlush', 'T', ['DT', 'DJ', 'DQ', 'DK', 'DA']]， 最大动作为1号位打出的['StraightFlush', 'T', ['DT', 'DJ', 'DQ', 'DK', 'DA']]
[22:31:42] [yf2_v5] [INFO] 2号位打出['PASS', 'PASS', 'PASS']， 最大动作为1号位打出的['StraightFlush', 'T', ['DT', 'DJ', 'DQ', 'DK', 'DA']]
[22:31:42] [YFAdapter-P2] [INFO] [YF-P2] Decision context: myPos=2, curPos=2, greaterPos=1, teammate=0, curAction=[, actionList_size=1
[22:31:42] [YFAdapter-P2] [INFO] [YF-P2] Decided: action_index=0, action=['PASS', 'PASS', 'PASS']
[22:31:42] [yf2_v5] [INFO] 3号位打出['PASS', 'PASS', 'PASS']， 最大动作为1号位打出的['StraightFlush', 'T', ['DT', 'DJ', 'DQ', 'DK', 'DA']]
[22:31:42] [yf2_v5] [INFO] 0号位打出['PASS', 'PASS', 'PASS']， 最大动作为1号位打出的['StraightFlush', 'T', ['DT', 'DJ', 'DQ', 'DK', 'DA']]
[22:31:42] [yf2_v5] [INFO] 1号位打出['Single', '6', ['H6']]， 最大动作为1号位打出的['Single', '6', ['H6']]
[22:31:42] [yf2_v5] [INFO] 2号位打出['Single', 'K', ['DK']]， 最大动作为2号位打出的['Single', 'K', ['DK']]
[22:31:42] [YFAdapter-P2] [INFO] [YF-P2] Decision context: myPos=2, curPos=2, greaterPos=2, teammate=0, curAction=[, actionList_size=13
[22:31:42] [YFAdapter-P2] [INFO] [YF-P2] Decided: action_index=7, action=['Bomb', '5', [['S', '5'], ['D', '5'], ['D', '5'], ['H', '4']]]
[22:31:42] [yf2_v5] [INFO] 3号位打出['Bomb', '5', ['S5', 'D5', 'D5', 'H4']]， 最大动作为3号位打出的['Bomb', '5', ['S5', 'D5', 'D5', 'H4']]
[22:31:42] [yf2_v5] [INFO] 0号位打出['PASS', 'PASS', 'PASS']， 最大动作为3号位打出的['Bomb', '5', ['S5', 'D5', 'D5', 'H4']]
[22:31:42] [yf2_v5] [INFO] 1号位打出['PASS', 'PASS', 'PASS']， 最大动作为3号位打出的['Bomb', '5', ['S5', 'D5', 'D5', 'H4']]
[22:31:42] [yf2_v5] [INFO] 2号位打出['PASS', 'PASS', 'PASS']， 最大动作为3号位打出的['Bomb', '5', ['S5', 'D5', 'D5', 'H4']]
[22:31:42] [YFAdapter-P2] [INFO] [YF-P2] Decision context: myPos=2, curPos=-1, greaterPos=-1, teammate=0, curAction=[, actionList_size=109
[22:31:42] [YFAdapter-P2] [INFO] [YF-P2] Decided: action_index=0, action=['Single', '2', [['S', '2']]]
[22:31:42] [yf2_v5] [INFO] 3号位打出['Single', '2', ['S2']]， 最大动作为3号位打出的['Single', '2', ['S2']]
[22:31:42] [yf2_v5] [INFO] 0号位打出['Single', '4', ['C4']]， 最大动作为0号位打出的['Single', '4', ['C4']]
[22:31:42] [yf2_v5] [INFO] 1号位打出['PASS', 'PASS', 'PASS']， 最大动作为0号位打出的['Single', '4', ['C4']]
[22:31:42] [yf2_v5] [INFO] 2号位打出['PASS', 'PASS', 'PASS']， 最大动作为0号位打出的['Single', '4', ['C4']]
[22:31:42] [YFAdapter-P2] [INFO] [YF-P2] Decision context: myPos=2, curPos=2, greaterPos=0, teammate=0, curAction=[, actionList_size=2
[22:31:42] [YFAdapter-P2] [INFO] [YF-P2] Decided: action_index=0, action=['PASS', 'PASS', 'PASS']
[22:31:42] [yf2_v5] [INFO] 3号位打出['PASS', 'PASS', 'PASS']， 最大动作为0号位打出的['Single', '4', ['C4']]
[22:31:42] [yf2_v5] [INFO] 0号位打出['Single', '2', ['C2']]， 最大动作为0号位打出的['Single', '2', ['C2']]
[22:31:42] [yf2_v5] [INFO] 1号位打出['Single', '8', ['C8']]， 最大动作为1号位打出的['Single', '8', ['C8']]
[22:31:42] [yf2_v5] [INFO] 2号位打出['Single', '4', ['H4']]， 最大动作为2号位打出的['Single', '4', ['H4']]
[22:31:42] [YFAdapter-P2] [INFO] [YF-P2] Decision context: myPos=2, curPos=2, greaterPos=2, teammate=0, curAction=[, actionList_size=2
[22:31:42] [YFAdapter-P2] [INFO] [YF-P2] Decided: action_index=0, action=['PASS', 'PASS', 'PASS']
[22:31:42] [yf2_v5] [INFO] 3号位打出['PASS', 'PASS', 'PASS']， 最大动作为2号位打出的['Single', '4', ['H4']]
[22:31:42] [yf2_v5] [INFO] 0号位打出['PASS', 'PASS', 'PASS']， 最大动作为2号位打出的['Single', '4', ['H4']]
[22:31:42] [yf2_v5] [INFO] 1号位打出['PASS', 'PASS', 'PASS']， 最大动作为2号位打出的['Single', '4', ['H4']]
[22:31:42] [yf2_v5] [INFO] 2号位打出['ThreeWithTwo', '2', ['S2', 'H2', 'C2', 'D3', 'D3']]， 最大动作为2号位打出的['ThreeWithTwo', '2', ['S2', 'H2', 'C2', 'D3', 'D3']]
[22:31:42] [YFAdapter-P2] [INFO] [YF-P2] Decision context: myPos=2, curPos=2, greaterPos=2, teammate=0, curAction=[, actionList_size=15
[22:31:42] [YFAdapter-P2] [INFO] [YF-P2] Decided: action_index=7, action=['ThreeWithTwo', '3', [['S', '3'], ['H', '3'], ['C', '3'], ['S', 'K'], ['C', 'K']]]
[22:31:42] [yf2_v5] [INFO] 3号位打出['ThreeWithTwo', '3', ['S3', 'H3', 'C3', 'SK', 'CK']]， 最大动作为3号位打出的['ThreeWithTwo', '3', ['S3', 'H3', 'C3', 'SK', 'CK']]
[22:31:42] [yf2_v5] [INFO] 0号位打出['ThreeWithTwo', '8', ['S8', 'H8', 'D8', 'H3', 'C3']]， 最大动作为0号位打出的['ThreeWithTwo', '8', ['S8', 'H8', 'D8', 'H3', 'C3']]
[22:31:42] [yf2_v5] [INFO] 1号位打出['PASS', 'PASS', 'PASS']， 最大动作为0号位打出的['ThreeWithTwo', '8', ['S8', 'H8', 'D8', 'H3', 'C3']]
[22:31:42] [yf2_v5] [INFO] 2号位打出['ThreeWithTwo', 'J', ['HJ', 'CJ', 'DJ', 'S9', 'H9']]， 最大动作为2号位打出的['ThreeWithTwo', 'J', ['HJ', 'CJ', 'DJ', 'S9', 'H9']]
[22:31:42] [YFAdapter-P2] [INFO] [YF-P2] Decision context: myPos=2, curPos=2, greaterPos=2, teammate=0, curAction=[, actionList_size=1
[22:31:42] [YFAdapter-P2] [INFO] [YF-P2] Decided: action_index=0, action=['PASS', 'PASS', 'PASS']
[22:31:42] [yf2_v5] [INFO] 3号位打出['PASS', 'PASS', 'PASS']， 最大动作为2号位打出的['ThreeWithTwo', 'J', ['HJ', 'CJ', 'DJ', 'S9', 'H9']]
[22:31:42] [yf2_v5] [INFO] 0号位打出['ThreeWithTwo', 'K', ['HK', 'HK', 'CK', 'S5', 'H5']]， 最大动作为0号位打出的['ThreeWithTwo', 'K', ['HK', 'HK', 'CK', 'S5', 'H5']]
[22:31:42] [yf2_v5] [INFO] 1号位打出['PASS', 'PASS', 'PASS']， 最大动作为0号位打出的['ThreeWithTwo', 'K', ['HK', 'HK', 'CK', 'S5', 'H5']]
[22:31:42] [yf2_v5] [INFO] 2号位打出['PASS', 'PASS', 'PASS']， 最大动作为0号位打出的['ThreeWithTwo', 'K', ['HK', 'HK', 'CK', 'S5', 'H5']]
[22:31:42] [YFAdapter-P2] [INFO] [YF-P2] Decision context: myPos=2, curPos=2, greaterPos=0, teammate=0, curAction=[, actionList_size=1
[22:31:42] [YFAdapter-P2] [INFO] [YF-P2] Decided: action_index=0, action=['PASS', 'PASS', 'PASS']
[22:31:42] [yf2_v5] [INFO] 3号位打出['PASS', 'PASS', 'PASS']， 最大动作为0号位打出的['ThreeWithTwo', 'K', ['HK', 'HK', 'CK', 'S5', 'H5']]
[22:31:42] [yf2_v5] [INFO] 0号位打出['Pair', 'Q', ['SQ', 'CQ']]， 最大动作为0号位打出的['Pair', 'Q', ['SQ', 'CQ']]
[22:31:42] [yf2_v5] [INFO] 1号位打出['Pair', 'A', ['SA', 'SA']]， 最大动作为1号位打出的['Pair', 'A', ['SA', 'SA']]
[22:31:42] [yf2_v5] [INFO] 2号位打出['Bomb', '7', ['S7', 'H7', 'C7', 'D7']]， 最大动作为2号位打出的['Bomb', '7', ['S7', 'H7', 'C7', 'D7']]
[22:31:42] [YFAdapter-P2] [INFO] [YF-P2] Decision context: myPos=2, curPos=2, greaterPos=2, teammate=0, curAction=[, actionList_size=1
[22:31:42] [YFAdapter-P2] [INFO] [YF-P2] Decided: action_index=0, action=['PASS', 'PASS', 'PASS']
[22:31:42] [yf2_v5] [INFO] 3号位打出['PASS', 'PASS', 'PASS']， 最大动作为2号位打出的['Bomb', '7', ['S7', 'H7', 'C7', 'D7']]
[22:31:42] [yf2_v5] [INFO] 0号位打出['PASS', 'PASS', 'PASS']， 最大动作为2号位打出的['Bomb', '7', ['S7', 'H7', 'C7', 'D7']]
[22:31:42] [yf2_v5] [INFO] 1号位打出['PASS', 'PASS', 'PASS']， 最大动作为2号位打出的['Bomb', '7', ['S7', 'H7', 'C7', 'D7']]
[22:31:42] [yf2_v5] [INFO] 2号位打出['Trips', 'Q', ['HQ', 'CQ', 'DQ']]， 最大动作为2号位打出的['Trips', 'Q', ['HQ', 'CQ', 'DQ']]
[22:31:42] [YFAdapter-P2] [INFO] [YF-P2] Decision context: myPos=2, curPos=2, greaterPos=2, teammate=0, curAction=[, actionList_size=1
[22:31:42] [YFAdapter-P2] [INFO] [YF-P2] Decided: action_index=0, action=['PASS', 'PASS', 'PASS']
[22:31:42] [yf2_v5] [INFO] 3号位打出['PASS', 'PASS', 'PASS']， 最大动作为2号位打出的['Trips', 'Q', ['HQ', 'CQ', 'DQ']]
[22:31:42] [yf2_v5] [INFO] 0号位打出['PASS', 'PASS', 'PASS']， 最大动作为2号位打出的['Trips', 'Q', ['HQ', 'CQ', 'DQ']]
[22:31:43] [yf2_v5] [INFO] 1号位打出['PASS', 'PASS', 'PASS']， 最大动作为2号位打出的['Trips', 'Q', ['HQ', 'CQ', 'DQ']]
[22:31:43] [yf2_v5] [INFO] 2号位打出['Trips', 'A', ['HA', 'CA', 'CA']]， 最大动作为2号位打出的['Trips', 'A', ['HA', 'CA', 'CA']]
[22:31:43] [YFAdapter-P2] [INFO] [YF-P2] Decision context: myPos=2, curPos=2, greaterPos=2, teammate=0, curAction=[, actionList_size=1
[22:31:43] [YFAdapter-P2] [INFO] [YF-P2] Decided: action_index=0, action=['PASS', 'PASS', 'PASS']
[22:31:43] [yf2_v5] [INFO] 3号位打出['PASS', 'PASS', 'PASS']， 最大动作为2号位打出的['Trips', 'A', ['HA', 'CA', 'CA']]
[22:31:43] [yf2_v5] [INFO] 0号位打出['PASS', 'PASS', 'PASS']， 最大动作为2号位打出的['Trips', 'A', ['HA', 'CA', 'CA']]
[22:31:43] [yf2_v5] [INFO] 1号位打出['PASS', 'PASS', 'PASS']， 最大动作为2号位打出的['Trips', 'A', ['HA', 'CA', 'CA']]
[22:31:43] [yf2_v5] [INFO] 2号位打出['Single', '4', ['C4']]， 最大动作为2号位打出的['Single', '4', ['C4']]
[22:31:43] [YFAdapter-P2] [INFO] [YF-P2] Decision context: myPos=2, curPos=2, greaterPos=2, teammate=0, curAction=[, actionList_size=2
[22:31:43] [YFAdapter-P2] [INFO] [YF-P2] Decided: action_index=1, action=['Single', 'B', [['S', 'B']]]
[22:31:43] [yf2_v5] [INFO] 3号位打出['PASS', 'PASS', 'PASS']， 最大动作为2号位打出的['Single', '4', ['C4']]
[22:31:43] [yf2_v5] [INFO] 0号位打出['PASS', 'PASS', 'PASS']， 最大动作为2号位打出的['Single', '4', ['C4']]
[22:31:43] [yf2_v5] [INFO] 1号位打出['PASS', 'PASS', 'PASS']， 最大动作为2号位打出的['Single', '4', ['C4']]
[22:31:43] [yf2_v5] [INFO] 2号位打出['Single', 'B', ['SB']]， 最大动作为2号位打出的['Single', 'B', ['SB']]
[22:31:43] [YFAdapter-P2] [INFO] [YF-P2] Decision context: myPos=2, curPos=2, greaterPos=2, teammate=0, curAction=[, actionList_size=1
[22:31:43] [YFAdapter-P2] [INFO] [YF-P2] Decided: action_index=0, action=['PASS', 'PASS', 'PASS']
[22:31:43] [yf2_v5] [INFO] 3号位打出['PASS', 'PASS', 'PASS']， 最大动作为2号位打出的['Single', 'B', ['SB']]
[22:31:43] [yf2_v5] [INFO] 0号位打出['PASS', 'PASS', 'PASS']， 最大动作为2号位打出的['Single', 'B', ['SB']]
[22:31:43] [yf2_v5] [INFO] 1号位打出['PASS', 'PASS', 'PASS']， 最大动作为2号位打出的['Single', 'B', ['SB']]
[22:31:43] [yf2_v5] [INFO] 2号位打出['Single', 'R', ['HR']]， 最大动作为2号位打出的['Single', 'R', ['HR']]
[22:31:43] [YFAdapter-P2] [INFO] [YF-P2] Decision context: myPos=2, curPos=2, greaterPos=2, teammate=0, curAction=[, actionList_size=1
[22:31:43] [YFAdapter-P2] [INFO] [YF-P2] Decided: action_index=0, action=['PASS', 'PASS', 'PASS']
[22:31:43] [yf2_v5] [INFO] 3号位打出['PASS', 'PASS', 'PASS']， 最大动作为2号位打出的['Single', 'R', ['HR']]
[22:31:43] [yf2_v5] [INFO] 0号位打出['PASS', 'PASS', 'PASS']， 最大动作为2号位打出的['Single', 'R', ['HR']]
[22:31:43] [yf2_v5] [INFO] 0号位打出['Pair', 'A', ['HA', 'DA']]， 最大动作为0号位打出的['Pair', 'A', ['HA', 'DA']]
[22:31:43] [yf2_v5] [INFO] 1号位打出['Pair', '4', ['D4', 'D4']]， 最大动作为1号位打出的['Pair', '4', ['D4', 'D4']]
[22:31:43] [YFAdapter-P2] [INFO] [YF-P2] Decision context: myPos=2, curPos=1, greaterPos=1, teammate=0, curAction=[, actionList_size=1
[22:31:43] [YFAdapter-P2] [INFO] [YF-P2] Decided: action_index=0, action=['PASS', 'PASS', 'PASS']
[22:31:43] [yf2_v5] [INFO] 3号位打出['PASS', 'PASS', 'PASS']， 最大动作为1号位打出的['Pair', '4', ['D4', 'D4']]
[22:31:43] [yf2_v5] [INFO] 0号位打出['Bomb', '9', ['H9', 'C9', 'C9', 'D9']]， 最大动作为0号位打出的['Bomb', '9', ['H9', 'C9', 'C9', 'D9']]
[22:31:43] [yf2_v5] [INFO] 1号位打出['PASS', 'PASS', 'PASS']， 最大动作为0号位打出的['Bomb', '9', ['H9', 'C9', 'C9', 'D9']]
[22:31:43] [YFAdapter-P2] [INFO] [YF-P2] Decision context: myPos=2, curPos=1, greaterPos=0, teammate=0, curAction=[, actionList_size=1
[22:31:43] [YFAdapter-P2] [INFO] [YF-P2] Decided: action_index=0, action=['PASS', 'PASS', 'PASS']
[22:31:43] [yf2_v5] [INFO] 3号位打出['PASS', 'PASS', 'PASS']， 最大动作为0号位打出的['Bomb', '9', ['H9', 'C9', 'C9', 'D9']]
[22:31:43] [yf2_v5] [INFO] 0号位打出['Single', 'R', ['HR']]， 最大动作为0号位打出的['Single', 'R', ['HR']]
[22:31:43] [yf2_v5] [INFO] 1号位打出['PASS', 'PASS', 'PASS']， 最大动作为0号位打出的['Single', 'R', ['HR']]
[22:31:43] [YFAdapter-P2] [INFO] [YF-P2] Decision context: myPos=2, curPos=1, greaterPos=0, teammate=0, curAction=[, actionList_size=1
[22:31:43] [YFAdapter-P2] [INFO] [YF-P2] Decided: action_index=0, action=['PASS', 'PASS', 'PASS']
[22:31:43] [yf2_v5] [INFO] 3号位打出['PASS', 'PASS', 'PASS']， 最大动作为0号位打出的['Single', 'R', ['HR']]
[22:31:43] [yf2_v5] [INFO] 0号位打出['Bomb', 'T', ['ST', 'ST', 'HT', 'DT']]， 最大动作为0号位打出的['Bomb', 'T', ['ST', 'ST', 'HT', 'DT']]
[22:31:43] [yf2_v5] [INFO] 游戏开始, 我是3号位，手牌：['S2', 'H2', 'S3', 'D4', 'C5', 'D5', 'D6', 'S8', 'D8', 'S9', 'H9', 'ST', 'DT', 'DT', 'DJ', 'SQ', 'HQ', 'CQ', 'CQ', 'SK', 'DK', 'DK', 'HA', 'CA', 'C7', 'HR', 'HR']
[22:31:43] [yf2_v5] [INFO] 2号位打出['Single', '4', ['S4']]， 最大动作为2号位打出的['Single', '4', ['S4']]
[22:31:43] [YFAdapter-P2] [INFO] [YF-P2] Decision context: myPos=2, curPos=2, greaterPos=2, teammate=0, curAction=[, actionList_size=21
[22:31:43] [YFAdapter-P2] [INFO] [YF-P2] Decided: action_index=0, action=['PASS', 'PASS', 'PASS']
[22:31:43] [yf2_v5] [INFO] 3号位打出['PASS', 'PASS', 'PASS']， 最大动作为2号位打出的['Single', '4', ['S4']]
[22:31:43] [yf2_v5] [INFO] 0号位打出['Single', 'J', ['CJ']]， 最大动作为0号位打出的['Single', 'J', ['CJ']]
[22:31:43] [yf2_v5] [INFO] 1号位打出['Bomb', '4', ['H4', 'H4', 'C4', 'D4']]， 最大动作为1号位打出的['Bomb', '4', ['H4', 'H4', 'C4', 'D4']]
[22:31:43] [yf2_v5] [INFO] 2号位打出['PASS', 'PASS', 'PASS']， 最大动作为1号位打出的['Bomb', '4', ['H4', 'H4', 'C4', 'D4']]
[22:31:43] [YFAdapter-P2] [INFO] [YF-P2] Decision context: myPos=2, curPos=2, greaterPos=1, teammate=0, curAction=[, actionList_size=2
[22:31:43] [YFAdapter-P2] [INFO] [YF-P2] Decided: action_index=0, action=['PASS', 'PASS', 'PASS']
[22:31:43] [yf2_v5] [INFO] 3号位打出['Bomb', 'Q', ['SQ', 'HQ', 'CQ', 'CQ']]， 最大动作为3号位打出的['Bomb', 'Q', ['SQ', 'HQ', 'CQ', 'CQ']]
[22:31:43] [yf2_v5] [INFO] 0号位打出['PASS', 'PASS', 'PASS']， 最大动作为3号位打出的['Bomb', 'Q', ['SQ', 'HQ', 'CQ', 'CQ']]
[22:31:43] [yf2_v5] [INFO] 1号位打出['Bomb', 'A', ['SA', 'SA', 'HA', 'CA']]， 最大动作为1号位打出的['Bomb', 'A', ['SA', 'SA', 'HA', 'CA']]
[22:31:43] [yf2_v5] [INFO] 2号位打出['PASS', 'PASS', 'PASS']， 最大动作为1号位打出的['Bomb', 'A', ['SA', 'SA', 'HA', 'CA']]
[22:31:43] [YFAdapter-P2] [INFO] [YF-P2] Decision context: myPos=2, curPos=2, greaterPos=1, teammate=0, curAction=[, actionList_size=1
[22:31:43] [YFAdapter-P2] [INFO] [YF-P2] Decided: action_index=0, action=['PASS', 'PASS', 'PASS']
[22:31:43] [yf2_v5] [INFO] 3号位打出['PASS', 'PASS', 'PASS']， 最大动作为1号位打出的['Bomb', 'A', ['SA', 'SA', 'HA', 'CA']]
[22:31:43] [yf2_v5] [INFO] 0号位打出['PASS', 'PASS', 'PASS']， 最大动作为1号位打出的['Bomb', 'A', ['SA', 'SA', 'HA', 'CA']]
[22:31:43] [yf2_v5] [INFO] 1号位打出['Single', '2', ['H2']]， 最大动作为1号位打出的['Single', '2', ['H2']]
[22:31:43] [yf2_v5] [INFO] 2号位打出['Single', '6', ['S6']]， 最大动作为2号位打出的['Single', '6', ['S6']]
[22:31:43] [YFAdapter-P2] [INFO] [YF-P2] Decision context: myPos=2, curPos=2, greaterPos=2, teammate=0, curAction=[, actionList_size=14
[22:31:43] [YFAdapter-P2] [INFO] [YF-P2] Decided: action_index=12, action=['Single', '7', [['C', '7']]]
[22:31:43] [yf2_v5] [INFO] 3号位打出['Single', '7', ['C7']]， 最大动作为3号位打出的['Single', '7', ['C7']]
[22:31:43] [yf2_v5] [INFO] 0号位打出['PASS', 'PASS', 'PASS']， 最大动作为3号位打出的['Single', '7', ['C7']]
[22:31:43] [yf2_v5] [INFO] 1号位打出['Single', 'B', ['SB']]， 最大动作为1号位打出的['Single', 'B', ['SB']]
[22:31:43] [yf2_v5] [INFO] 2号位打出['PASS', 'PASS', 'PASS']， 最大动作为1号位打出的['Single', 'B', ['SB']]
[22:31:43] [YFAdapter-P2] [INFO] [YF-P2] Decision context: myPos=2, curPos=2, greaterPos=1, teammate=0, curAction=[, actionList_size=2
[22:31:43] [YFAdapter-P2] [INFO] [YF-P2] Decided: action_index=0, action=['PASS', 'PASS', 'PASS']
[22:31:43] [yf2_v5] [INFO] 3号位打出['Single', 'R', ['HR']]， 最大动作为3号位打出的['Single', 'R', ['HR']]
[22:31:43] [yf2_v5] [INFO] 0号位打出['PASS', 'PASS', 'PASS']， 最大动作为3号位打出的['Single', 'R', ['HR']]
[22:31:43] [yf2_v5] [INFO] 1号位打出['PASS', 'PASS', 'PASS']， 最大动作为3号位打出的['Single', 'R', ['HR']]
[22:31:43] [yf2_v5] [INFO] 2号位打出['Bomb', '5', ['S5', 'S5', 'C5', 'D5']]， 最大动作为2号位打出的['Bomb', '5', ['S5', 'S5', 'C5', 'D5']]
[22:31:43] [YFAdapter-P2] [INFO] [YF-P2] Decision context: myPos=2, curPos=2, greaterPos=2, teammate=0, curAction=[, actionList_size=1
[22:31:43] [YFAdapter-P2] [INFO] [YF-P2] Decided: action_index=0, action=['PASS', 'PASS', 'PASS']
[22:31:43] [yf2_v5] [INFO] 3号位打出['PASS', 'PASS', 'PASS']， 最大动作为2号位打出的['Bomb', '5', ['S5', 'S5', 'C5', 'D5']]
[22:31:43] [yf2_v5] [INFO] 0号位打出['PASS', 'PASS', 'PASS']， 最大动作为2号位打出的['Bomb', '5', ['S5', 'S5', 'C5', 'D5']]
[22:31:43] [yf2_v5] [INFO] 1号位打出['PASS', 'PASS', 'PASS']， 最大动作为2号位打出的['Bomb', '5', ['S5', 'S5', 'C5', 'D5']]
[22:31:43] [yf2_v5] [INFO] 2号位打出['Pair', '2', ['S2', 'C2']]， 最大动作为2号位打出的['Pair', '2', ['S2', 'C2']]
[22:31:43] [YFAdapter-P2] [INFO] [YF-P2] Decision context: myPos=2, curPos=2, greaterPos=2, teammate=0, curAction=[, actionList_size=9
[22:31:43] [YFAdapter-P2] [INFO] [YF-P2] Decided: action_index=7, action=['Pair', 'K', [['D', 'K'], ['D', 'K']]]
[22:31:43] [yf2_v5] [INFO] 3号位打出['Pair', 'K', ['DK', 'DK']]， 最大动作为3号位打出的['Pair', 'K', ['DK', 'DK']]
[22:31:43] [yf2_v5] [INFO] 0号位打出['Pair', '7', ['S7', 'H7']]， 最大动作为0号位打出的['Pair', '7', ['S7', 'H7']]
[22:31:43] [yf2_v5] [INFO] 1号位打出['PASS', 'PASS', 'PASS']， 最大动作为0号位打出的['Pair', '7', ['S7', 'H7']]
[22:31:43] [yf2_v5] [INFO] 2号位打出['PASS', 'PASS', 'PASS']， 最大动作为0号位打出的['Pair', '7', ['S7', 'H7']]
[22:31:43] [YFAdapter-P2] [INFO] [YF-P2] Decision context: myPos=2, curPos=2, greaterPos=0, teammate=0, curAction=[, actionList_size=1
[22:31:43] [YFAdapter-P2] [INFO] [YF-P2] Decided: action_index=0, action=['PASS', 'PASS', 'PASS']
[22:31:43] [yf2_v5] [INFO] 3号位打出['PASS', 'PASS', 'PASS']， 最大动作为0号位打出的['Pair', '7', ['S7', 'H7']]
[22:31:43] [yf2_v5] [INFO] 0号位打出['Single', '4', ['C4']]， 最大动作为0号位打出的['Single', '4', ['C4']]
[22:31:43] [yf2_v5] [INFO] 1号位打出['PASS', 'PASS', 'PASS']， 最大动作为0号位打出的['Single', '4', ['C4']]
[22:31:43] [yf2_v5] [INFO] 2号位打出['Single', 'Q', ['DQ']]， 最大动作为2号位打出的['Single', 'Q', ['DQ']]
[22:31:43] [YFAdapter-P2] [INFO] [YF-P2] Decision context: myPos=2, curPos=2, greaterPos=2, teammate=0, curAction=[, actionList_size=5
[22:31:43] [YFAdapter-P2] [INFO] [YF-P2] Decided: action_index=1, action=['Single', 'K', [['S', 'K']]]
[22:31:43] [yf2_v5] [INFO] 3号位打出['Single', 'K', ['SK']]， 最大动作为3号位打出的['Single', 'K', ['SK']]
[22:31:43] [yf2_v5] [INFO] 0号位打出['Single', '7', ['H7']]， 最大动作为0号位打出的['Single', '7', ['H7']]
[22:31:43] [yf2_v5] [INFO] 1号位打出['PASS', 'PASS', 'PASS']， 最大动作为0号位打出的['Single', '7', ['H7']]
[22:31:43] [yf2_v5] [INFO] 2号位打出['PASS', 'PASS', 'PASS']， 最大动作为0号位打出的['Single', '7', ['H7']]
[22:31:43] [YFAdapter-P2] [INFO] [YF-P2] Decision context: myPos=2, curPos=2, greaterPos=0, teammate=0, curAction=[, actionList_size=2
[22:31:43] [YFAdapter-P2] [INFO] [YF-P2] Decided: action_index=0, action=['PASS', 'PASS', 'PASS']
[22:31:43] [yf2_v5] [INFO] 3号位打出['PASS', 'PASS', 'PASS']， 最大动作为0号位打出的['Single', '7', ['H7']]
[22:31:43] [yf2_v5] [INFO] 0号位打出['Single', '2', ['C2']]， 最大动作为0号位打出的['Single', '2', ['C2']]
[22:31:43] [yf2_v5] [INFO] 1号位打出['Single', '3', ['C3']]， 最大动作为1号位打出的['Single', '3', ['C3']]
[22:31:43] [yf2_v5] [INFO] 2号位打出['Single', '7', ['S7']]， 最大动作为2号位打出的['Single', '7', ['S7']]
[22:31:43] [YFAdapter-P2] [INFO] [YF-P2] Decision context: myPos=2, curPos=2, greaterPos=2, teammate=0, curAction=[, actionList_size=2
[22:31:43] [YFAdapter-P2] [INFO] [YF-P2] Decided: action_index=1, action=['Single', 'R', [['H', 'R']]]
[22:31:43] [yf2_v5] [INFO] 3号位打出['Single', 'R', ['HR']]， 最大动作为3号位打出的['Single', 'R', ['HR']]
[22:31:43] [yf2_v5] [INFO] 0号位打出['PASS', 'PASS', 'PASS']， 最大动作为3号位打出的['Single', 'R', ['HR']]
[22:31:43] [yf2_v5] [INFO] 1号位打出['PASS', 'PASS', 'PASS']， 最大动作为3号位打出的['Single', 'R', ['HR']]
[22:31:43] [yf2_v5] [INFO] 2号位打出['PASS', 'PASS', 'PASS']， 最大动作为3号位打出的['Single', 'R', ['HR']]
[22:31:43] [YFAdapter-P2] [INFO] [YF-P2] Decision context: myPos=2, curPos=-1, greaterPos=-1, teammate=0, curAction=[, actionList_size=43
[22:31:43] [YFAdapter-P2] [INFO] [YF-P2] Decided: action_index=1, action=['Single', '2', [['H', '2']]]
[22:31:43] [yf2_v5] [INFO] 3号位打出['Single', '2', ['H2']]， 最大动作为3号位打出的['Single', '2', ['H2']]
[22:31:43] [yf2_v5] [INFO] 0号位打出['PASS', 'PASS', 'PASS']， 最大动作为3号位打出的['Single', '2', ['H2']]
[22:31:43] [yf2_v5] [INFO] 1号位打出['Single', 'J', ['DJ']]， 最大动作为1号位打出的['Single', 'J', ['DJ']]
[22:31:43] [yf2_v5] [INFO] 2号位打出['Single', '7', ['D7']]， 最大动作为2号位打出的['Single', '7', ['D7']]
[22:31:43] [YFAdapter-P2] [INFO] [YF-P2] Decision context: myPos=2, curPos=2, greaterPos=2, teammate=0, curAction=[, actionList_size=1
[22:31:43] [YFAdapter-P2] [INFO] [YF-P2] Decided: action_index=0, action=['PASS', 'PASS', 'PASS']
[22:31:43] [yf2_v5] [INFO] 3号位打出['PASS', 'PASS', 'PASS']， 最大动作为2号位打出的['Single', '7', ['D7']]
[22:31:43] [yf2_v5] [INFO] 0号位打出['PASS', 'PASS', 'PASS']， 最大动作为2号位打出的['Single', '7', ['D7']]
[22:31:43] [yf2_v5] [INFO] 1号位打出['PASS', 'PASS', 'PASS']， 最大动作为2号位打出的['Single', '7', ['D7']]
[22:31:43] [yf2_v5] [INFO] 2号位打出['Pair', '3', ['H3', 'C3']]， 最大动作为2号位打出的['Pair', '3', ['H3', 'C3']]
[22:31:43] [YFAdapter-P2] [INFO] [YF-P2] Decision context: myPos=2, curPos=2, greaterPos=2, teammate=0, curAction=[, actionList_size=7
[22:31:43] [YFAdapter-P2] [INFO] [YF-P2] Decided: action_index=4, action=['Pair', 'T', [['S', 'T'], ['D', 'T']]]
[22:31:43] [yf2_v5] [INFO] 3号位打出['Pair', 'T', ['ST', 'DT']]， 最大动作为3号位打出的['Pair', 'T', ['ST', 'DT']]
[22:31:43] [yf2_v5] [INFO] 0号位打出['Pair', 'Q', ['HQ', 'DQ']]， 最大动作为0号位打出的['Pair', 'Q', ['HQ', 'DQ']]
[22:31:43] [yf2_v5] [INFO] 1号位打出['Pair', '7', ['C7', 'D7']]， 最大动作为1号位打出的['Pair', '7', ['C7', 'D7']]
[22:31:43] [yf2_v5] [INFO] 2号位打出['Bomb', 'J', ['SJ', 'SJ', 'HJ', 'HJ', 'CJ']]， 最大动作为2号位打出的['Bomb', 'J', ['SJ', 'SJ', 'HJ', 'HJ', 'CJ']]
[22:31:43] [YFAdapter-P2] [INFO] [YF-P2] Decision context: myPos=2, curPos=2, greaterPos=2, teammate=0, curAction=[, actionList_size=1
[22:31:43] [YFAdapter-P2] [INFO] [YF-P2] Decided: action_index=0, action=['PASS', 'PASS', 'PASS']
[22:31:43] [yf2_v5] [INFO] 3号位打出['PASS', 'PASS', 'PASS']， 最大动作为2号位打出的['Bomb', 'J', ['SJ', 'SJ', 'HJ', 'HJ', 'CJ']]
[22:31:43] [yf2_v5] [INFO] 0号位打出['PASS', 'PASS', 'PASS']， 最大动作为2号位打出的['Bomb', 'J', ['SJ', 'SJ', 'HJ', 'HJ', 'CJ']]
[22:31:43] [yf2_v5] [INFO] 1号位打出['PASS', 'PASS', 'PASS']， 最大动作为2号位打出的['Bomb', 'J', ['SJ', 'SJ', 'HJ', 'HJ', 'CJ']]
[22:31:43] [yf2_v5] [INFO] 2号位打出['Pair', '8', ['S8', 'C8']]， 最大动作为2号位打出的['Pair', '8', ['S8', 'C8']]
[22:31:43] [YFAdapter-P2] [INFO] [YF-P2] Decision context: myPos=2, curPos=2, greaterPos=2, teammate=0, curAction=[, actionList_size=3
[22:31:43] [YFAdapter-P2] [INFO] [YF-P2] Decided: action_index=2, action=['Pair', 'A', [['H', 'A'], ['C', 'A']]]
[22:31:43] [yf2_v5] [INFO] 3号位打出['Pair', 'A', ['HA', 'CA']]， 最大动作为3号位打出的['Pair', 'A', ['HA', 'CA']]
[22:31:43] [yf2_v5] [INFO] 0号位打出['Bomb', '9', ['S9', 'C9', 'C9', 'D9']]， 最大动作为0号位打出的['Bomb', '9', ['S9', 'C9', 'C9', 'D9']]
[22:31:43] [yf2_v5] [INFO] 1号位打出['PASS', 'PASS', 'PASS']， 最大动作为0号位打出的['Bomb', '9', ['S9', 'C9', 'C9', 'D9']]
[22:31:43] [yf2_v5] [INFO] 2号位打出['PASS', 'PASS', 'PASS']， 最大动作为0号位打出的['Bomb', '9', ['S9', 'C9', 'C9', 'D9']]
[22:31:43] [YFAdapter-P2] [INFO] [YF-P2] Decision context: myPos=2, curPos=2, greaterPos=0, teammate=0, curAction=[, actionList_size=1
[22:31:43] [YFAdapter-P2] [INFO] [YF-P2] Decided: action_index=0, action=['PASS', 'PASS', 'PASS']
[22:31:43] [yf2_v5] [INFO] 3号位打出['PASS', 'PASS', 'PASS']， 最大动作为0号位打出的['Bomb', '9', ['S9', 'C9', 'C9', 'D9']]
[22:31:43] [yf2_v5] [INFO] 0号位打出['ThreeWithTwo', '3', ['S3', 'D3', 'D3', 'D2', 'D2']]， 最大动作为0号位打出的['ThreeWithTwo', '3', ['S3', 'D3', 'D3', 'D2', 'D2']]
[22:31:43] [yf2_v5] [INFO] 1号位打出['ThreeWithTwo', '6', ['S6', 'C6', 'D6', 'C8', 'D8']]， 最大动作为1号位打出的['ThreeWithTwo', '6', ['S6', 'C6', 'D6', 'C8', 'D8']]
[22:31:43] [yf2_v5] [INFO] 2号位打出['PASS', 'PASS', 'PASS']， 最大动作为1号位打出的['ThreeWithTwo', '6', ['S6', 'C6', 'D6', 'C8', 'D8']]
[22:31:43] [YFAdapter-P2] [INFO] [YF-P2] Decision context: myPos=2, curPos=2, greaterPos=1, teammate=0, curAction=[, actionList_size=1
[22:31:43] [YFAdapter-P2] [INFO] [YF-P2] Decided: action_index=0, action=['PASS', 'PASS', 'PASS']
[22:31:43] [yf2_v5] [INFO] 3号位打出['PASS', 'PASS', 'PASS']， 最大动作为1号位打出的['ThreeWithTwo', '6', ['S6', 'C6', 'D6', 'C8', 'D8']]
[22:31:43] [yf2_v5] [INFO] 0号位打出['ThreeWithTwo', 'T', ['HT', 'HT', 'CT', 'H8', 'H8']]， 最大动作为0号位打出的['ThreeWithTwo', 'T', ['HT', 'HT', 'CT', 'H8', 'H8']]
[22:31:43] [yf2_v5] [INFO] 1号位打出['PASS', 'PASS', 'PASS']， 最大动作为0号位打出的['ThreeWithTwo', 'T', ['HT', 'HT', 'CT', 'H8', 'H8']]
[22:31:43] [yf2_v5] [INFO] 2号位打出['PASS', 'PASS', 'PASS']， 最大动作为0号位打出的['ThreeWithTwo', 'T', ['HT', 'HT', 'CT', 'H8', 'H8']]
[22:31:43] [YFAdapter-P2] [INFO] [YF-P2] Decision context: myPos=2, curPos=2, greaterPos=0, teammate=0, curAction=[, actionList_size=1
[22:31:43] [YFAdapter-P2] [INFO] [YF-P2] Decided: action_index=0, action=['PASS', 'PASS', 'PASS']
[22:31:43] [yf2_v5] [INFO] 3号位打出['PASS', 'PASS', 'PASS']， 最大动作为0号位打出的['ThreeWithTwo', 'T', ['HT', 'HT', 'CT', 'H8', 'H8']]
[22:31:43] [yf2_v5] [INFO] 0号位打出['ThreeWithTwo', '6', ['H6', 'H6', 'C6', 'HK', 'CK']]， 最大动作为0号位打出的['ThreeWithTwo', '6', ['H6', 'H6', 'C6', 'HK', 'CK']]
[22:31:43] [yf2_v5] [INFO] 1号位打出['PASS', 'PASS', 'PASS']， 最大动作为0号位打出的['ThreeWithTwo', '6', ['H6', 'H6', 'C6', 'HK', 'CK']]
[22:31:43] [yf2_v5] [INFO] 2号位打出['PASS', 'PASS', 'PASS']， 最大动作为0号位打出的['ThreeWithTwo', '6', ['H6', 'H6', 'C6', 'HK', 'CK']]
[22:31:43] [yf2_v5] [INFO] 2号位打出['Pair', '9', ['H9', 'D9']]， 最大动作为2号位打出的['Pair', '9', ['H9', 'D9']]
[22:31:43] [YFAdapter-P2] [INFO] [YF-P2] Decision context: myPos=2, curPos=2, greaterPos=2, teammate=0, curAction=[, actionList_size=1
[22:31:43] [YFAdapter-P2] [INFO] [YF-P2] Decided: action_index=0, action=['PASS', 'PASS', 'PASS']
[22:31:43] [yf2_v5] [INFO] 3号位打出['PASS', 'PASS', 'PASS']， 最大动作为2号位打出的['Pair', '9', ['H9', 'D9']]
[22:31:43] [yf2_v5] [INFO] 1号位打出['PASS', 'PASS', 'PASS']， 最大动作为2号位打出的['Pair', '9', ['H9', 'D9']]
[22:31:43] [yf2_v5] [INFO] 2号位打出['Pair', 'K', ['SK', 'HK']]， 最大动作为2号位打出的['Pair', 'K', ['SK', 'HK']]
[22:31:43] [YFAdapter-P2] [INFO] [YF-P2] Decision context: myPos=2, curPos=2, greaterPos=2, teammate=0, curAction=[, actionList_size=1
[22:31:43] [YFAdapter-P2] [INFO] [YF-P2] Decided: action_index=0, action=['PASS', 'PASS', 'PASS']
[22:31:43] [yf2_v5] [INFO] 3号位打出['PASS', 'PASS', 'PASS']， 最大动作为2号位打出的['Pair', 'K', ['SK', 'HK']]
[22:31:43] [yf2_v5] [INFO] 1号位打出['PASS', 'PASS', 'PASS']， 最大动作为2号位打出的['Pair', 'K', ['SK', 'HK']]
[22:31:43] [yf2_v5] [INFO] 2号位打出['Pair', 'A', ['DA', 'DA']]， 最大动作为2号位打出的['Pair', 'A', ['DA', 'DA']]
[22:31:43] [YFAdapter-P2] [INFO] [YF-P2] Decision context: myPos=2, curPos=2, greaterPos=2, teammate=0, curAction=[, actionList_size=1
[22:31:43] [YFAdapter-P2] [INFO] [YF-P2] Decided: action_index=0, action=['PASS', 'PASS', 'PASS']
[22:31:43] [yf2_v5] [INFO] 3号位打出['PASS', 'PASS', 'PASS']， 最大动作为2号位打出的['Pair', 'A', ['DA', 'DA']]
[22:31:43] [yf2_v5] [INFO] 1号位打出['PASS', 'PASS', 'PASS']， 最大动作为2号位打出的['Pair', 'A', ['DA', 'DA']]
[22:31:43] [yf2_v5] [INFO] 2号位打出['Single', 'B', ['SB']]， 最大动作为2号位打出的['Single', 'B', ['SB']]
[22:31:43] [yf2_v5] [INFO] 游戏开始, 我是3号位，手牌：['C2', 'C2', 'D2', 'D3', 'D3', 'D4', 'S5', 'C7', 'D7', 'C8', 'C8', 'H9', 'HJ', 'DJ', 'CQ', 'CQ', 'SK', 'HK', 'CK', 'DK', 'ST', 'HT', 'CT', 'DT', 'DT', 'SB', 'SB']
[22:31:43] [YFAdapter-P2] [INFO] [YF-P2] Decision context: myPos=2, curPos=-1, greaterPos=-1, teammate=0, curAction=[, actionList_size=1
[22:31:43] [YFAdapter-P2] [INFO] [YF-P2] Decided: action_index=0, action=['tribute', 'tribute', [['S', 'B']]]
[22:31:43] [YFAdapter-P2] [INFO] [YF-P2] Decision context: myPos=2, curPos=-1, greaterPos=-1, teammate=0, curAction=[, actionList_size=998
[22:31:43] [YFAdapter-P2] [INFO] [YF-P2] Decided: action_index=3, action=['Single', '4', [['D', '4']]]
[22:31:43] [yf2_v5] [INFO] 3号位打出['Single', '4', ['D4']]， 最大动作为3号位打出的['Single', '4', ['D4']]
[22:31:43] [yf2_v5] [INFO] 0号位打出['Single', 'J', ['CJ']]， 最大动作为0号位打出的['Single', 'J', ['CJ']]
[22:31:43] [yf2_v5] [INFO] 1号位打出['StraightFlush', '4', ['S4', 'S5', 'S6', 'S7', 'S8']]， 最大动作为1号位打出的['StraightFlush', '4', ['S4', 'S5', 'S6', 'S7', 'S8']]
[22:31:43] [yf2_v5] [INFO] 2号位打出['PASS', 'PASS', 'PASS']， 最大动作为1号位打出的['StraightFlush', '4', ['S4', 'S5', 'S6', 'S7', 'S8']]
[22:31:43] [YFAdapter-P2] [INFO] [YF-P2] Decision context: myPos=2, curPos=2, greaterPos=1, teammate=0, curAction=[, actionList_size=1
[22:31:43] [YFAdapter-P2] [INFO] [YF-P2] Decided: action_index=0, action=['PASS', 'PASS', 'PASS']
[22:31:43] [yf2_v5] [INFO] 3号位打出['PASS', 'PASS', 'PASS']， 最大动作为1号位打出的['StraightFlush', '4', ['S4', 'S5', 'S6', 'S7', 'S8']]
[22:31:43] [yf2_v5] [INFO] 0号位打出['PASS', 'PASS', 'PASS']， 最大动作为1号位打出的['StraightFlush', '4', ['S4', 'S5', 'S6', 'S7', 'S8']]
[22:31:43] [yf2_v5] [INFO] 1号位打出['Single', '3', ['S3']]， 最大动作为1号位打出的['Single', '3', ['S3']]
[22:31:43] [yf2_v5] [INFO] 2号位打出['Single', 'K', ['DK']]， 最大动作为2号位打出的['Single', 'K', ['DK']]
[22:31:43] [YFAdapter-P2] [INFO] [YF-P2] Decision context: myPos=2, curPos=2, greaterPos=2, teammate=0, curAction=[, actionList_size=19
[22:31:43] [YFAdapter-P2] [INFO] [YF-P2] Decided: action_index=17, action=['Bomb', 'K', [['S', 'K'], ['H', 'K'], ['C', 'K'], ['D', 'K'], ['H', 'T']]]
[22:31:43] [yf2_v5] [INFO] 3号位打出['Bomb', 'K', ['SK', 'HK', 'CK', 'DK', 'HT']]， 最大动作为3号位打出的['Bomb', 'K', ['SK', 'HK', 'CK', 'DK', 'HT']]
[22:31:43] [yf2_v5] [INFO] 0号位打出['PASS', 'PASS', 'PASS']， 最大动作为3号位打出的['Bomb', 'K', ['SK', 'HK', 'CK', 'DK', 'HT']]
[22:31:43] [yf2_v5] [INFO] 1号位打出['PASS', 'PASS', 'PASS']， 最大动作为3号位打出的['Bomb', 'K', ['SK', 'HK', 'CK', 'DK', 'HT']]
[22:31:43] [yf2_v5] [INFO] 2号位打出['PASS', 'PASS', 'PASS']， 最大动作为3号位打出的['Bomb', 'K', ['SK', 'HK', 'CK', 'DK', 'HT']]
[22:31:43] [YFAdapter-P2] [INFO] [YF-P2] Decision context: myPos=2, curPos=-1, greaterPos=-1, teammate=0, curAction=[, actionList_size=118
[22:31:43] [YFAdapter-P2] [INFO] [YF-P2] Decided: action_index=3, action=['Single', '5', [['S', '5']]]
[22:31:43] [yf2_v5] [INFO] 3号位打出['Single', '5', ['S5']]， 最大动作为3号位打出的['Single', '5', ['S5']]
[22:31:43] [yf2_v5] [INFO] 0号位打出['Single', 'T', ['ST']]， 最大动作为0号位打出的['Single', 'T', ['ST']]
[22:31:43] [yf2_v5] [INFO] 1号位打出['Bomb', 'Q', ['SQ', 'SQ', 'DQ', 'HT']]， 最大动作为1号位打出的['Bomb', 'Q', ['SQ', 'SQ', 'DQ', 'HT']]
[22:31:43] [yf2_v5] [INFO] 2号位打出['PASS', 'PASS', 'PASS']， 最大动作为1号位打出的['Bomb', 'Q', ['SQ', 'SQ', 'DQ', 'HT']]
[22:31:43] [YFAdapter-P2] [INFO] [YF-P2] Decision context: myPos=2, curPos=2, greaterPos=1, teammate=0, curAction=[, actionList_size=2
[22:31:43] [YFAdapter-P2] [INFO] [YF-P2] Decided: action_index=0, action=['PASS', 'PASS', 'PASS']
[22:31:43] [yf2_v5] [INFO] 3号位打出['Bomb', 'T', ['ST', 'CT', 'DT', 'DT']]， 最大动作为3号位打出的['Bomb', 'T', ['ST', 'CT', 'DT', 'DT']]
[22:31:43] [yf2_v5] [INFO] 0号位打出['PASS', 'PASS', 'PASS']， 最大动作为3号位打出的['Bomb', 'T', ['ST', 'CT', 'DT', 'DT']]
[22:31:43] [yf2_v5] [INFO] 1号位打出['PASS', 'PASS', 'PASS']， 最大动作为3号位打出的['Bomb', 'T', ['ST', 'CT', 'DT', 'DT']]
[22:31:43] [yf2_v5] [INFO] 2号位打出['PASS', 'PASS', 'PASS']， 最大动作为3号位打出的['Bomb', 'T', ['ST', 'CT', 'DT', 'DT']]
[22:31:43] [YFAdapter-P2] [INFO] [YF-P2] Decision context: myPos=2, curPos=-1, greaterPos=-1, teammate=0, curAction=[, actionList_size=34
[22:31:43] [YFAdapter-P2] [INFO] [YF-P2] Decided: action_index=22, action=['ThreeWithTwo', '2', [['C', '2'], ['C', '2'], ['D', '2'], ['D', '3'], ['D', '3']]]
[22:31:43] [yf2_v5] [INFO] 3号位打出['ThreeWithTwo', '2', ['C2', 'C2', 'D2', 'D3', 'D3']]， 最大动作为3号位打出的['ThreeWithTwo', '2', ['C2', 'C2', 'D2', 'D3', 'D3']]
[22:31:43] [yf2_v5] [INFO] 0号位打出['ThreeWithTwo', '8', ['S8', 'H8', 'D8', 'C3', 'C3']]， 最大动作为0号位打出的['ThreeWithTwo', '8', ['S8', 'H8', 'D8', 'C3', 'C3']]
[22:31:43] [yf2_v5] [INFO] 1号位打出['ThreeWithTwo', '9', ['C9', 'C9', 'D9', 'C4', 'D4']]， 最大动作为1号位打出的['ThreeWithTwo', '9', ['C9', 'C9', 'D9', 'C4', 'D4']]
[22:31:43] [yf2_v5] [INFO] 2号位打出['ThreeWithTwo', 'J', ['SJ', 'HJ', 'CJ', 'C7', 'D7']]， 最大动作为2号位打出的['ThreeWithTwo', 'J', ['SJ', 'HJ', 'CJ', 'C7', 'D7']]
[22:31:43] [YFAdapter-P2] [INFO] [YF-P2] Decision context: myPos=2, curPos=2, greaterPos=2, teammate=0, curAction=[, actionList_size=1
[22:31:43] [YFAdapter-P2] [INFO] [YF-P2] Decided: action_index=0, action=['PASS', 'PASS', 'PASS']
[22:31:43] [yf2_v5] [INFO] 3号位打出['PASS', 'PASS', 'PASS']， 最大动作为2号位打出的['ThreeWithTwo', 'J', ['SJ', 'HJ', 'CJ', 'C7', 'D7']]
[22:31:43] [yf2_v5] [INFO] 0号位打出['ThreeWithTwo', 'K', ['SK', 'HK', 'CK', 'H5', 'D5']]， 最大动作为0号位打出的['ThreeWithTwo', 'K', ['SK', 'HK', 'CK', 'H5', 'D5']]
[22:31:43] [yf2_v5] [INFO] 1号位打出['PASS', 'PASS', 'PASS']， 最大动作为0号位打出的['ThreeWithTwo', 'K', ['SK', 'HK', 'CK', 'H5', 'D5']]
[22:31:43] [yf2_v5] [INFO] 2号位打出['PASS', 'PASS', 'PASS']， 最大动作为0号位打出的['ThreeWithTwo', 'K', ['SK', 'HK', 'CK', 'H5', 'D5']]
[22:31:43] [YFAdapter-P2] [INFO] [YF-P2] Decision context: myPos=2, curPos=2, greaterPos=0, teammate=0, curAction=[, actionList_size=1
[22:31:43] [YFAdapter-P2] [INFO] [YF-P2] Decided: action_index=0, action=['PASS', 'PASS', 'PASS']
[22:31:43] [yf2_v5] [INFO] 3号位打出['PASS', 'PASS', 'PASS']， 最大动作为0号位打出的['ThreeWithTwo', 'K', ['SK', 'HK', 'CK', 'H5', 'D5']]
[22:31:43] [yf2_v5] [INFO] 0号位打出['ThreeWithTwo', '2', ['S2', 'H2', 'D2', 'C6', 'D6']]， 最大动作为0号位打出的['ThreeWithTwo', '2', ['S2', 'H2', 'D2', 'C6', 'D6']]
[22:31:43] [yf2_v5] [INFO] 1号位打出['PASS', 'PASS', 'PASS']， 最大动作为0号位打出的['ThreeWithTwo', '2', ['S2', 'H2', 'D2', 'C6', 'D6']]
[22:31:43] [yf2_v5] [INFO] 2号位打出['ThreeWithTwo', '3', ['S3', 'H3', 'H3', 'S9', 'S9']]， 最大动作为2号位打出的['ThreeWithTwo', '3', ['S3', 'H3', 'H3', 'S9', 'S9']]
[22:31:43] [YFAdapter-P2] [INFO] [YF-P2] Decision context: myPos=2, curPos=2, greaterPos=2, teammate=0, curAction=[, actionList_size=4
[22:31:43] [YFAdapter-P2] [INFO] [YF-P2] Decided: action_index=0, action=['PASS', 'PASS', 'PASS']
[22:31:43] [yf2_v5] [INFO] 3号位打出['PASS', 'PASS', 'PASS']， 最大动作为2号位打出的['ThreeWithTwo', '3', ['S3', 'H3', 'H3', 'S9', 'S9']]
[22:31:43] [yf2_v5] [INFO] 0号位打出['ThreeWithTwo', 'A', ['SA', 'CA', 'DA', 'S7', 'H7']]， 最大动作为0号位打出的['ThreeWithTwo', 'A', ['SA', 'CA', 'DA', 'S7', 'H7']]
[22:31:43] [yf2_v5] [INFO] 1号位打出['PASS', 'PASS', 'PASS']， 最大动作为0号位打出的['ThreeWithTwo', 'A', ['SA', 'CA', 'DA', 'S7', 'H7']]
[22:31:43] [yf2_v5] [INFO] 2号位打出['PASS', 'PASS', 'PASS']， 最大动作为0号位打出的['ThreeWithTwo', 'A', ['SA', 'CA', 'DA', 'S7', 'H7']]
[22:31:43] [YFAdapter-P2] [INFO] [YF-P2] Decision context: myPos=2, curPos=2, greaterPos=0, teammate=0, curAction=[, actionList_size=1
[22:31:43] [YFAdapter-P2] [INFO] [YF-P2] Decided: action_index=0, action=['PASS', 'PASS', 'PASS']
[22:31:44] [yf2_v5] [INFO] 3号位打出['PASS', 'PASS', 'PASS']， 最大动作为0号位打出的['ThreeWithTwo', 'A', ['SA', 'CA', 'DA', 'S7', 'H7']]
[22:31:44] [yf2_v5] [INFO] 0号位打出['Pair', '9', ['H9', 'D9']]， 最大动作为0号位打出的['Pair', '9', ['H9', 'D9']]
[22:31:44] [yf2_v5] [INFO] 1号位打出['Pair', 'A', ['HA', 'CA']]， 最大动作为1号位打出的['Pair', 'A', ['HA', 'CA']]
[22:31:44] [yf2_v5] [INFO] 2号位打出['Bomb', '5', ['H5', 'C5', 'C5', 'D5']]， 最大动作为2号位打出的['Bomb', '5', ['H5', 'C5', 'C5', 'D5']]
[22:31:44] [YFAdapter-P2] [INFO] [YF-P2] Decision context: myPos=2, curPos=2, greaterPos=2, teammate=0, curAction=[, actionList_size=1
[22:31:44] [YFAdapter-P2] [INFO] [YF-P2] Decided: action_index=0, action=['PASS', 'PASS', 'PASS']
[22:31:44] [yf2_v5] [INFO] 3号位打出['PASS', 'PASS', 'PASS']， 最大动作为2号位打出的['Bomb', '5', ['H5', 'C5', 'C5', 'D5']]
[22:31:44] [yf2_v5] [INFO] 0号位打出['PASS', 'PASS', 'PASS']， 最大动作为2号位打出的['Bomb', '5', ['H5', 'C5', 'C5', 'D5']]
[22:31:44] [yf2_v5] [INFO] 1号位打出['PASS', 'PASS', 'PASS']， 最大动作为2号位打出的['Bomb', '5', ['H5', 'C5', 'C5', 'D5']]
[22:31:44] [yf2_v5] [INFO] 2号位打出['Trips', '4', ['S4', 'H4', 'C4']]， 最大动作为2号位打出的['Trips', '4', ['S4', 'H4', 'C4']]
[22:31:44] [YFAdapter-P2] [INFO] [YF-P2] Decision context: myPos=2, curPos=2, greaterPos=2, teammate=0, curAction=[, actionList_size=2
[22:31:44] [YFAdapter-P2] [INFO] [YF-P2] Decided: action_index=1, action=['Trips', '8', [['H', '8'], ['C', '8'], ['C', '8']]]
[22:31:44] [yf2_v5] [INFO] 3号位打出['Trips', '8', ['H8', 'C8', 'C8']]， 最大动作为3号位打出的['Trips', '8', ['H8', 'C8', 'C8']]
[22:31:44] [yf2_v5] [INFO] 0号位打出['PASS', 'PASS', 'PASS']， 最大动作为3号位打出的['Trips', '8', ['H8', 'C8', 'C8']]
[22:31:44] [yf2_v5] [INFO] 1号位打出['PASS', 'PASS', 'PASS']， 最大动作为3号位打出的['Trips', '8', ['H8', 'C8', 'C8']]
[22:31:44] [yf2_v5] [INFO] 2号位打出['Trips', 'A', ['SA', 'HA', 'DA']]， 最大动作为2号位打出的['Trips', 'A', ['SA', 'HA', 'DA']]
[22:31:44] [YFAdapter-P2] [INFO] [YF-P2] Decision context: myPos=2, curPos=2, greaterPos=2, teammate=0, curAction=[, actionList_size=1
[22:31:44] [YFAdapter-P2] [INFO] [YF-P2] Decided: action_index=0, action=['PASS', 'PASS', 'PASS']
[22:31:44] [yf2_v5] [INFO] 3号位打出['PASS', 'PASS', 'PASS']， 最大动作为2号位打出的['Trips', 'A', ['SA', 'HA', 'DA']]
[22:31:44] [yf2_v5] [INFO] 0号位打出['PASS', 'PASS', 'PASS']， 最大动作为2号位打出的['Trips', 'A', ['SA', 'HA', 'DA']]
[22:31:44] [yf2_v5] [INFO] 1号位打出['PASS', 'PASS', 'PASS']， 最大动作为2号位打出的['Trips', 'A', ['SA', 'HA', 'DA']]
[22:31:44] [yf2_v5] [INFO] 2号位打出['Single', 'B', ['SB']]， 最大动作为2号位打出的['Single', 'B', ['SB']]
[22:31:44] [YFAdapter-P2] [INFO] [YF-P2] Decision context: myPos=2, curPos=2, greaterPos=2, teammate=0, curAction=[, actionList_size=1
[22:31:44] [YFAdapter-P2] [INFO] [YF-P2] Decided: action_index=0, action=['PASS', 'PASS', 'PASS']
[22:31:44] [yf2_v5] [INFO] 3号位打出['PASS', 'PASS', 'PASS']， 最大动作为2号位打出的['Single', 'B', ['SB']]
[22:31:44] [yf2_v5] [INFO] 0号位打出['PASS', 'PASS', 'PASS']， 最大动作为2号位打出的['Single', 'B', ['SB']]
[22:31:44] [yf2_v5] [INFO] 1号位打出['PASS', 'PASS', 'PASS']， 最大动作为2号位打出的['Single', 'B', ['SB']]
[22:31:44] [yf2_v5] [INFO] 2号位打出['Single', 'R', ['HR']]， 最大动作为2号位打出的['Single', 'R', ['HR']]
[22:31:44] [YFAdapter-P2] [INFO] [YF-P2] Decision context: myPos=2, curPos=2, greaterPos=2, teammate=0, curAction=[, actionList_size=1
[22:31:44] [YFAdapter-P2] [INFO] [YF-P2] Decided: action_index=0, action=['PASS', 'PASS', 'PASS']
[22:31:44] [yf2_v5] [INFO] 3号位打出['PASS', 'PASS', 'PASS']， 最大动作为2号位打出的['Single', 'R', ['HR']]
[22:31:44] [yf2_v5] [INFO] 0号位打出['PASS', 'PASS', 'PASS']， 最大动作为2号位打出的['Single', 'R', ['HR']]
[22:31:44] [yf2_v5] [INFO] 1号位打出['PASS', 'PASS', 'PASS']， 最大动作为2号位打出的['Single', 'R', ['HR']]
[22:31:44] [yf2_v5] [INFO] 2号位打出['Bomb', '6', ['S6', 'H6', 'H6', 'C6']]， 最大动作为2号位打出的['Bomb', '6', ['S6', 'H6', 'H6', 'C6']]
[22:31:44] [YFAdapter-P2] [INFO] [YF-P2] Decision context: myPos=2, curPos=2, greaterPos=2, teammate=0, curAction=[, actionList_size=1
[22:31:44] [YFAdapter-P2] [INFO] [YF-P2] Decided: action_index=0, action=['PASS', 'PASS', 'PASS']
[22:31:44] [yf2_v5] [INFO] 3号位打出['PASS', 'PASS', 'PASS']， 最大动作为2号位打出的['Bomb', '6', ['S6', 'H6', 'H6', 'C6']]
[22:31:44] [yf2_v5] [INFO] 0号位打出['PASS', 'PASS', 'PASS']， 最大动作为2号位打出的['Bomb', '6', ['S6', 'H6', 'H6', 'C6']]
[22:31:44] [yf2_v5] [INFO] 0号位打出['Pair', 'Q', ['HQ', 'DQ']]， 最大动作为0号位打出的['Pair', 'Q', ['HQ', 'DQ']]
[22:31:44] [yf2_v5] [INFO] 1号位打出['PASS', 'PASS', 'PASS']， 最大动作为0号位打出的['Pair', 'Q', ['HQ', 'DQ']]
[22:31:44] [YFAdapter-P2] [INFO] [YF-P2] Decision context: myPos=2, curPos=1, greaterPos=0, teammate=0, curAction=[, actionList_size=1
[22:31:44] [YFAdapter-P2] [INFO] [YF-P2] Decided: action_index=0, action=['PASS', 'PASS', 'PASS']
[22:31:44] [yf2_v5] [INFO] 3号位打出['PASS', 'PASS', 'PASS']， 最大动作为0号位打出的['Pair', 'Q', ['HQ', 'DQ']]
[22:31:44] [yf2_v5] [INFO] 0号位打出['Single', 'R', ['HR']]， 最大动作为0号位打出的['Single', 'R', ['HR']]
[22:31:44] [yf2_v5] [INFO] 游戏开始, 我是3号位，手牌：['H2', 'C2', 'S3', 'H3', 'H3', 'H5', 'H6', 'S7', 'H7', 'D7', 'H8', 'C8', 'D8', 'S9', 'D9', 'D9', 'ST', 'ST', 'CT', 'SQ', 'HQ', 'CQ', 'HA', 'DA', 'DK', 'SB', 'HR']
[22:31:44] [YFAdapter-P2] [INFO] [YF-P2] Decision context: myPos=2, curPos=-1, greaterPos=-1, teammate=0, curAction=[, actionList_size=1
[22:31:44] [YFAdapter-P2] [INFO] [YF-P2] Decided: action_index=0, action=['tribute', 'tribute', [['H', 'R']]]
[22:31:44] [YFAdapter-P2] [INFO] [YF-P2] Decision context: myPos=2, curPos=-1, greaterPos=-1, teammate=0, curAction=[, actionList_size=332
[22:31:44] [YFAdapter-P2] [INFO] [YF-P2] Decided: action_index=4, action=['Single', '5', [['H', '5']]]
[22:31:44] [yf2_v5] [INFO] 3号位打出['Single', '5', ['H5']]， 最大动作为3号位打出的['Single', '5', ['H5']]
[22:31:44] [yf2_v5] [INFO] 0号位打出['Single', '7', ['S7']]， 最大动作为0号位打出的['Single', '7', ['S7']]
[22:31:44] [yf2_v5] [INFO] 1号位打出['Single', 'J', ['DJ']]， 最大动作为1号位打出的['Single', 'J', ['DJ']]
[22:31:44] [yf2_v5] [INFO] 2号位打出['Single', 'K', ['HK']]， 最大动作为2号位打出的['Single', 'K', ['HK']]
[22:31:44] [YFAdapter-P2] [INFO] [YF-P2] Decision context: myPos=2, curPos=2, greaterPos=2, teammate=0, curAction=[, actionList_size=3
[22:31:44] [YFAdapter-P2] [INFO] [YF-P2] Decided: action_index=1, action=['Single', 'B', [['S', 'B']]]
[22:31:44] [yf2_v5] [INFO] 3号位打出['Single', 'B', ['SB']]， 最大动作为3号位打出的['Single', 'B', ['SB']]
[22:31:44] [yf2_v5] [INFO] 0号位打出['Single', 'R', ['HR']]， 最大动作为0号位打出的['Single', 'R', ['HR']]
[22:31:44] [yf2_v5] [INFO] 1号位打出['PASS', 'PASS', 'PASS']， 最大动作为0号位打出的['Single', 'R', ['HR']]
[22:31:44] [yf2_v5] [INFO] 2号位打出['PASS', 'PASS', 'PASS']， 最大动作为0号位打出的['Single', 'R', ['HR']]
[22:31:44] [YFAdapter-P2] [INFO] [YF-P2] Decision context: myPos=2, curPos=2, greaterPos=0, teammate=0, curAction=[, actionList_size=2
[22:31:44] [YFAdapter-P2] [INFO] [YF-P2] Decided: action_index=0, action=['PASS', 'PASS', 'PASS']
[22:31:44] [yf2_v5] [INFO] 3号位打出['PASS', 'PASS', 'PASS']， 最大动作为0号位打出的['Single', 'R', ['HR']]
[22:31:44] [yf2_v5] [INFO] 0号位打出['Single', '2', ['D2']]， 最大动作为0号位打出的['Single', '2', ['D2']]
[22:31:44] [yf2_v5] [INFO] 1号位打出['Single', '7', ['H7']]， 最大动作为1号位打出的['Single', '7', ['H7']]
[22:31:44] [yf2_v5] [INFO] 2号位打出['Single', '9', ['C9']]， 最大动作为2号位打出的['Single', '9', ['C9']]
[22:31:44] [YFAdapter-P2] [INFO] [YF-P2] Decision context: myPos=2, curPos=2, greaterPos=2, teammate=0, curAction=[, actionList_size=10
[22:31:44] [YFAdapter-P2] [INFO] [YF-P2] Decided: action_index=9, action=['Bomb', '8', [['S', '8'], ['H', '8'], ['C', '8'], ['D', '8']]]
[22:31:44] [yf2_v5] [INFO] 3号位打出['Bomb', '8', ['S8', 'H8', 'C8', 'D8']]， 最大动作为3号位打出的['Bomb', '8', ['S8', 'H8', 'C8', 'D8']]
[22:31:44] [yf2_v5] [INFO] 0号位打出['Bomb', 'A', ['SA', 'HA', 'CA', 'CA']]， 最大动作为0号位打出的['Bomb', 'A', ['SA', 'HA', 'CA', 'CA']]
[22:31:44] [yf2_v5] [INFO] 1号位打出['PASS', 'PASS', 'PASS']， 最大动作为0号位打出的['Bomb', 'A', ['SA', 'HA', 'CA', 'CA']]
[22:31:44] [yf2_v5] [INFO] 2号位打出['PASS', 'PASS', 'PASS']， 最大动作为0号位打出的['Bomb', 'A', ['SA', 'HA', 'CA', 'CA']]
[22:31:44] [YFAdapter-P2] [INFO] [YF-P2] Decision context: myPos=2, curPos=2, greaterPos=0, teammate=0, curAction=[, actionList_size=1
[22:31:44] [YFAdapter-P2] [INFO] [YF-P2] Decided: action_index=0, action=['PASS', 'PASS', 'PASS']
[22:31:44] [yf2_v5] [INFO] 3号位打出['PASS', 'PASS', 'PASS']， 最大动作为0号位打出的['Bomb', 'A', ['SA', 'HA', 'CA', 'CA']]
[22:31:44] [yf2_v5] [INFO] 0号位打出['Single', '3', ['C3']]， 最大动作为0号位打出的['Single', '3', ['C3']]
[22:31:44] [yf2_v5] [INFO] 1号位打出['PASS', 'PASS', 'PASS']， 最大动作为0号位打出的['Single', '3', ['C3']]
[22:31:44] [yf2_v5] [INFO] 2号位打出['Single', '4', ['D4']]， 最大动作为2号位打出的['Single', '4', ['D4']]
[22:31:44] [YFAdapter-P2] [INFO] [YF-P2] Decision context: myPos=2, curPos=2, greaterPos=2, teammate=0, curAction=[, actionList_size=15
[22:31:44] [YFAdapter-P2] [INFO] [YF-P2] Decided: action_index=8, action=['Single', 'T', [['C', 'T']]]
[22:31:44] [yf2_v5] [INFO] 3号位打出['Single', 'T', ['CT']]， 最大动作为3号位打出的['Single', 'T', ['CT']]
[22:31:44] [yf2_v5] [INFO] 0号位打出['Single', 'Q', ['DQ']]， 最大动作为0号位打出的['Single', 'Q', ['DQ']]
[22:31:44] [yf2_v5] [INFO] 1号位打出['Single', 'A', ['SA']]， 最大动作为1号位打出的['Single', 'A', ['SA']]
[22:31:44] [yf2_v5] [INFO] 2号位打出['Single', 'K', ['HK']]， 最大动作为2号位打出的['Single', 'K', ['HK']]
[22:31:44] [YFAdapter-P2] [INFO] [YF-P2] Decision context: myPos=2, curPos=2, greaterPos=2, teammate=0, curAction=[, actionList_size=1
[22:31:44] [YFAdapter-P2] [INFO] [YF-P2] Decided: action_index=0, action=['PASS', 'PASS', 'PASS']
[22:31:44] [yf2_v5] [INFO] 3号位打出['PASS', 'PASS', 'PASS']， 最大动作为2号位打出的['Single', 'K', ['HK']]
[22:31:44] [yf2_v5] [INFO] 0号位打出['PASS', 'PASS', 'PASS']， 最大动作为2号位打出的['Single', 'K', ['HK']]
[22:31:44] [yf2_v5] [INFO] 1号位打出['PASS', 'PASS', 'PASS']， 最大动作为2号位打出的['Single', 'K', ['HK']]
[22:31:44] [yf2_v5] [INFO] 2号位打出['ThreeWithTwo', '7', ['C7', 'C7', 'D7', 'C2', 'D2']]， 最大动作为2号位打出的['ThreeWithTwo', '7', ['C7', 'C7', 'D7', 'C2', 'D2']]
[22:31:44] [YFAdapter-P2] [INFO] [YF-P2] Decision context: myPos=2, curPos=2, greaterPos=2, teammate=0, curAction=[, actionList_size=22
[22:31:44] [YFAdapter-P2] [INFO] [YF-P2] Decided: action_index=15, action=['ThreeWithTwo', 'Q', [['S', 'Q'], ['H', 'Q'], ['C', 'Q'], ['S', '7'], ['D', '7']]]
[22:31:44] [yf2_v5] [INFO] 3号位打出['ThreeWithTwo', 'Q', ['SQ', 'HQ', 'CQ', 'S7', 'D7']]， 最大动作为3号位打出的['ThreeWithTwo', 'Q', ['SQ', 'HQ', 'CQ', 'S7', 'D7']]
[22:31:44] [yf2_v5] [INFO] 0号位打出['ThreeWithTwo', 'K', ['SK', 'SK', 'CK', 'S9', 'H9']]， 最大动作为0号位打出的['ThreeWithTwo', 'K', ['SK', 'SK', 'CK', 'S9', 'H9']]
[22:31:44] [yf2_v5] [INFO] 1号位打出['PASS', 'PASS', 'PASS']， 最大动作为0号位打出的['ThreeWithTwo', 'K', ['SK', 'SK', 'CK', 'S9', 'H9']]
[22:31:44] [yf2_v5] [INFO] 2号位打出['PASS', 'PASS', 'PASS']， 最大动作为0号位打出的['ThreeWithTwo', 'K', ['SK', 'SK', 'CK', 'S9', 'H9']]
[22:31:44] [YFAdapter-P2] [INFO] [YF-P2] Decision context: myPos=2, curPos=2, greaterPos=0, teammate=0, curAction=[, actionList_size=1
[22:31:44] [YFAdapter-P2] [INFO] [YF-P2] Decided: action_index=0, action=['PASS', 'PASS', 'PASS']
[22:31:44] [yf2_v5] [INFO] 3号位打出['PASS', 'PASS', 'PASS']， 最大动作为0号位打出的['ThreeWithTwo', 'K', ['SK', 'SK', 'CK', 'S9', 'H9']]
[22:31:44] [yf2_v5] [INFO] 0号位打出['Single', '8', ['C8']]， 最大动作为0号位打出的['Single', '8', ['C8']]
[22:31:44] [yf2_v5] [INFO] 1号位打出['Single', 'K', ['DK']]， 最大动作为1号位打出的['Single', 'K', ['DK']]
[22:31:44] [yf2_v5] [INFO] 2号位打出['Single', 'B', ['SB']]， 最大动作为2号位打出的['Single', 'B', ['SB']]
[22:31:44] [YFAdapter-P2] [INFO] [YF-P2] Decision context: myPos=2, curPos=2, greaterPos=2, teammate=0, curAction=[, actionList_size=1
[22:31:44] [YFAdapter-P2] [INFO] [YF-P2] Decided: action_index=0, action=['PASS', 'PASS', 'PASS']
[22:31:44] [yf2_v5] [INFO] 3号位打出['PASS', 'PASS', 'PASS']， 最大动作为2号位打出的['Single', 'B', ['SB']]
[22:31:44] [yf2_v5] [INFO] 0号位打出['PASS', 'PASS', 'PASS']， 最大动作为2号位打出的['Single', 'B', ['SB']]
[22:31:44] [yf2_v5] [INFO] 1号位打出['PASS', 'PASS', 'PASS']， 最大动作为2号位打出的['Single', 'B', ['SB']]
[22:31:44] [yf2_v5] [INFO] 2号位打出['Pair', '5', ['S5', 'C5']]， 最大动作为2号位打出的['Pair', '5', ['S5', 'C5']]
[22:31:44] [YFAdapter-P2] [INFO] [YF-P2] Decision context: myPos=2, curPos=2, greaterPos=2, teammate=0, curAction=[, actionList_size=5
[22:31:44] [YFAdapter-P2] [INFO] [YF-P2] Decided: action_index=2, action=['Pair', '9', [['D', '9'], ['D', '9']]]
[22:31:44] [yf2_v5] [INFO] 3号位打出['Pair', '9', ['D9', 'D9']]， 最大动作为3号位打出的['Pair', '9', ['D9', 'D9']]
[22:31:44] [yf2_v5] [INFO] 0号位打出['Pair', 'J', ['SJ', 'CJ']]， 最大动作为0号位打出的['Pair', 'J', ['SJ', 'CJ']]
[22:31:44] [yf2_v5] [INFO] 1号位打出['Pair', 'Q', ['SQ', 'DQ']]， 最大动作为1号位打出的['Pair', 'Q', ['SQ', 'DQ']]
[22:31:44] [yf2_v5] [INFO] 2号位打出['PASS', 'PASS', 'PASS']， 最大动作为1号位打出的['Pair', 'Q', ['SQ', 'DQ']]
[22:31:44] [YFAdapter-P2] [INFO] [YF-P2] Decision context: myPos=2, curPos=2, greaterPos=1, teammate=0, curAction=[, actionList_size=2
[22:31:44] [YFAdapter-P2] [INFO] [YF-P2] Decided: action_index=0, action=['PASS', 'PASS', 'PASS']
[22:31:44] [yf2_v5] [INFO] 3号位打出['Pair', 'A', ['HA', 'DA']]， 最大动作为3号位打出的['Pair', 'A', ['HA', 'DA']]
[22:31:44] [yf2_v5] [INFO] 0号位打出['Bomb', '5', ['S5', 'H5', 'C5', 'D5']]， 最大动作为0号位打出的['Bomb', '5', ['S5', 'H5', 'C5', 'D5']]
[22:31:44] [yf2_v5] [INFO] 1号位打出['PASS', 'PASS', 'PASS']， 最大动作为0号位打出的['Bomb', '5', ['S5', 'H5', 'C5', 'D5']]
[22:31:44] [yf2_v5] [INFO] 2号位打出['PASS', 'PASS', 'PASS']， 最大动作为0号位打出的['Bomb', '5', ['S5', 'H5', 'C5', 'D5']]
[22:31:44] [YFAdapter-P2] [INFO] [YF-P2] Decision context: myPos=2, curPos=2, greaterPos=0, teammate=0, curAction=[, actionList_size=1
[22:31:44] [YFAdapter-P2] [INFO] [YF-P2] Decided: action_index=0, action=['PASS', 'PASS', 'PASS']
[22:31:44] [yf2_v5] [INFO] 3号位打出['PASS', 'PASS', 'PASS']， 最大动作为0号位打出的['Bomb', '5', ['S5', 'H5', 'C5', 'D5']]
[22:31:44] [yf2_v5] [INFO] 0号位打出['Bomb', '4', ['S4', 'S4', 'H4', 'C4', 'C4', 'D4']]， 最大动作为0号位打出的['Bomb', '4', ['S4', 'S4', 'H4', 'C4', 'C4', 'D4']]
[22:31:44] [yf2_v5] [INFO] 1号位打出['PASS', 'PASS', 'PASS']， 最大动作为0号位打出的['Bomb', '4', ['S4', 'S4', 'H4', 'C4', 'C4', 'D4']]
[22:31:44] [yf2_v5] [INFO] 2号位打出['PASS', 'PASS', 'PASS']， 最大动作为0号位打出的['Bomb', '4', ['S4', 'S4', 'H4', 'C4', 'C4', 'D4']]
[22:31:44] [yf2_v5] [INFO] 2号位打出['ThreeWithTwo', 'T', ['HT', 'HT', 'DT', 'C3', 'D3']]， 最大动作为2号位打出的['ThreeWithTwo', 'T', ['HT', 'HT', 'DT', 'C3', 'D3']]
[22:31:44] [YFAdapter-P2] [INFO] [YF-P2] Decision context: myPos=2, curPos=2, greaterPos=2, teammate=0, curAction=[, actionList_size=1
[22:31:44] [YFAdapter-P2] [INFO] [YF-P2] Decided: action_index=0, action=['PASS', 'PASS', 'PASS']
[22:31:44] [yf2_v5] [INFO] 3号位打出['PASS', 'PASS', 'PASS']， 最大动作为2号位打出的['ThreeWithTwo', 'T', ['HT', 'HT', 'DT', 'C3', 'D3']]
[22:31:44] [yf2_v5] [INFO] 1号位打出['ThreeWithTwo', 'J', ['SJ', 'HJ', 'HJ', 'S2', 'H2']]， 最大动作为1号位打出的['ThreeWithTwo', 'J', ['SJ', 'HJ', 'HJ', 'S2', 'H2']]
[22:31:44] [yf2_v5] [INFO] 2号位打出['PASS', 'PASS', 'PASS']， 最大动作为1号位打出的['ThreeWithTwo', 'J', ['SJ', 'HJ', 'HJ', 'S2', 'H2']]
[22:31:44] [YFAdapter-P2] [INFO] [YF-P2] Decision context: myPos=2, curPos=2, greaterPos=1, teammate=0, curAction=[, actionList_size=1
[22:31:44] [YFAdapter-P2] [INFO] [YF-P2] Decided: action_index=0, action=['PASS', 'PASS', 'PASS']
[22:31:44] [yf2_v5] [INFO] 3号位打出['PASS', 'PASS', 'PASS']， 最大动作为1号位打出的['ThreeWithTwo', 'J', ['SJ', 'HJ', 'HJ', 'S2', 'H2']]
[22:31:44] [yf2_v5] [INFO] 1号位打出['Single', '3', ['D3']]， 最大动作为1号位打出的['Single', '3', ['D3']]
[22:31:44] [yf2_v5] [INFO] 2号位打出['Single', 'K', ['CK']]， 最大动作为2号位打出的['Single', 'K', ['CK']]
[22:31:44] [YFAdapter-P2] [INFO] [YF-P2] Decision context: myPos=2, curPos=2, greaterPos=2, teammate=0, curAction=[, actionList_size=1
[22:31:44] [YFAdapter-P2] [INFO] [YF-P2] Decided: action_index=0, action=['PASS', 'PASS', 'PASS']
[22:31:44] [yf2_v5] [INFO] 3号位打出['PASS', 'PASS', 'PASS']， 最大动作为2号位打出的['Single', 'K', ['CK']]
[22:31:44] [yf2_v5] [INFO] 1号位打出['PASS', 'PASS', 'PASS']， 最大动作为2号位打出的['Single', 'K', ['CK']]
[22:31:44] [yf2_v5] [INFO] 2号位打出['Pair', 'J', ['CJ', 'DJ']]， 最大动作为2号位打出的['Pair', 'J', ['CJ', 'DJ']]
[22:31:44] [YFAdapter-P2] [INFO] [YF-P2] Decision context: myPos=2, curPos=2, greaterPos=2, teammate=0, curAction=[, actionList_size=1
[22:31:44] [YFAdapter-P2] [INFO] [YF-P2] Decided: action_index=0, action=['PASS', 'PASS', 'PASS']
[22:31:44] [yf2_v5] [INFO] 3号位打出['PASS', 'PASS', 'PASS']， 最大动作为2号位打出的['Pair', 'J', ['CJ', 'DJ']]
[22:31:44] [yf2_v5] [INFO] 1号位打出['PASS', 'PASS', 'PASS']， 最大动作为2号位打出的['Pair', 'J', ['CJ', 'DJ']]
[22:31:44] [yf2_v5] [INFO] 2号位打出['Pair', 'Q', ['HQ', 'CQ']]， 最大动作为2号位打出的['Pair', 'Q', ['HQ', 'CQ']]
[22:31:44] [YFAdapter-P2] [INFO] [YF-P2] Decision context: myPos=2, curPos=2, greaterPos=2, teammate=0, curAction=[, actionList_size=1
[22:31:44] [YFAdapter-P2] [INFO] [YF-P2] Decided: action_index=0, action=['PASS', 'PASS', 'PASS']
[22:31:44] [yf2_v5] [INFO] 3号位打出['PASS', 'PASS', 'PASS']， 最大动作为2号位打出的['Pair', 'Q', ['HQ', 'CQ']]
[22:31:44] [yf2_v5] [INFO] 1号位打出['PASS', 'PASS', 'PASS']， 最大动作为2号位打出的['Pair', 'Q', ['HQ', 'CQ']]
[22:31:44] [yf2_v5] [INFO] 2号位打出['Single', 'R', ['HR']]， 最大动作为2号位打出的['Single', 'R', ['HR']]
[22:31:44] [YFAdapter-P2] [INFO] [YF-P2] Decision context: myPos=2, curPos=2, greaterPos=2, teammate=0, curAction=[, actionList_size=1
[22:31:44] [YFAdapter-P2] [INFO] [YF-P2] Decided: action_index=0, action=['PASS', 'PASS', 'PASS']
[22:31:44] [yf2_v5] [INFO] 3号位打出['PASS', 'PASS', 'PASS']， 最大动作为2号位打出的['Single', 'R', ['HR']]
[22:31:44] [yf2_v5] [INFO] 1号位打出['PASS', 'PASS', 'PASS']， 最大动作为2号位打出的['Single', 'R', ['HR']]
[22:31:44] [yf2_v5] [INFO] 2号位打出['Bomb', '6', ['S6', 'H6', 'C6', 'D6']]， 最大动作为2号位打出的['Bomb', '6', ['S6', 'H6', 'C6', 'D6']]
[22:31:44] [yf2_v5] [INFO] 游戏开始, 我是3号位，手牌：['S2', 'H2', 'H2', 'D2', 'S3', 'S3', 'S4', 'C4', 'D4', 'C5', 'H7', 'H7', 'D7', 'H8', 'D8', 'C9', 'CT', 'CT', 'CJ', 'HQ', 'CQ', 'CQ', 'HK', 'DK', 'HA', 'CA', 'SB']
[22:31:44] [YFAdapter-P2] [INFO] [YF-P2] Decision context: myPos=2, curPos=-1, greaterPos=-1, teammate=0, curAction=[, actionList_size=1
[22:31:44] [YFAdapter-P2] [INFO] [YF-P2] Decided: action_index=0, action=['tribute', 'tribute', [['S', 'B']]]
[22:31:44] [YFAdapter-P2] [INFO] [YF-P2] Decision context: myPos=2, curPos=-1, greaterPos=-1, teammate=0, curAction=[, actionList_size=784
[22:31:44] [YFAdapter-P2] [INFO] [YF-P2] Decided: action_index=7, action=['Single', '5', [['C', '5']]]
[22:31:44] [yf2_v5] [INFO] 3号位打出['Single', '5', ['C5']]， 最大动作为3号位打出的['Single', '5', ['C5']]
[22:31:44] [yf2_v5] [INFO] 0号位打出['Single', '8', ['S8']]， 最大动作为0号位打出的['Single', '8', ['S8']]
[22:31:44] [yf2_v5] [INFO] 1号位打出['PASS', 'PASS', 'PASS']， 最大动作为0号位打出的['Single', '8', ['S8']]
[22:31:44] [yf2_v5] [INFO] 2号位打出['Single', 'A', ['SA']]， 最大动作为2号位打出的['Single', 'A', ['SA']]
[22:31:44] [YFAdapter-P2] [INFO] [YF-P2] Decision context: myPos=2, curPos=2, greaterPos=2, teammate=0, curAction=[, actionList_size=9
[22:31:44] [YFAdapter-P2] [INFO] [YF-P2] Decided: action_index=6, action=['Bomb', '7', [['H', '7'], ['H', '7'], ['D', '7'], ['H', 'A']]]
[22:31:44] [yf2_v5] [INFO] 3号位打出['Bomb', '7', ['H7', 'H7', 'D7', 'HA']]， 最大动作为3号位打出的['Bomb', '7', ['H7', 'H7', 'D7', 'HA']]
[22:31:44] [yf2_v5] [INFO] 0号位打出['PASS', 'PASS', 'PASS']， 最大动作为3号位打出的['Bomb', '7', ['H7', 'H7', 'D7', 'HA']]
[22:31:44] [yf2_v5] [INFO] 1号位打出['Bomb', '9', ['S9', 'H9', 'D9', 'HA']]， 最大动作为1号位打出的['Bomb', '9', ['S9', 'H9', 'D9', 'HA']]
[22:31:44] [yf2_v5] [INFO] 2号位打出['Bomb', 'T', ['ST', 'ST', 'HT', 'DT']]， 最大动作为2号位打出的['Bomb', 'T', ['ST', 'ST', 'HT', 'DT']]
[22:31:44] [YFAdapter-P2] [INFO] [YF-P2] Decision context: myPos=2, curPos=2, greaterPos=2, teammate=0, curAction=[, actionList_size=1
[22:31:44] [YFAdapter-P2] [INFO] [YF-P2] Decided: action_index=0, action=['PASS', 'PASS', 'PASS']
[22:31:44] [yf2_v5] [INFO] 3号位打出['PASS', 'PASS', 'PASS']， 最大动作为2号位打出的['Bomb', 'T', ['ST', 'ST', 'HT', 'DT']]
[22:31:44] [yf2_v5] [INFO] 0号位打出['PASS', 'PASS', 'PASS']， 最大动作为2号位打出的['Bomb', 'T', ['ST', 'ST', 'HT', 'DT']]
[22:31:44] [yf2_v5] [INFO] 1号位打出['PASS', 'PASS', 'PASS']， 最大动作为2号位打出的['Bomb', 'T', ['ST', 'ST', 'HT', 'DT']]
[22:31:44] [yf2_v5] [INFO] 2号位打出['Single', '2', ['S2']]， 最大动作为2号位打出的['Single', '2', ['S2']]
[22:31:44] [YFAdapter-P2] [INFO] [YF-P2] Decision context: myPos=2, curPos=2, greaterPos=2, teammate=0, curAction=[, actionList_size=17
[22:31:44] [YFAdapter-P2] [INFO] [YF-P2] Decided: action_index=0, action=['PASS', 'PASS', 'PASS']
[22:31:44] [yf2_v5] [INFO] 3号位打出['PASS', 'PASS', 'PASS']， 最大动作为2号位打出的['Single', '2', ['S2']]
[22:31:44] [yf2_v5] [INFO] 0号位打出['Single', 'A', ['SA']]， 最大动作为0号位打出的['Single', 'A', ['SA']]
[22:31:44] [yf2_v5] [INFO] 1号位打出['Bomb', '5', ['S5', 'H5', 'H5', 'C5', 'D5']]， 最大动作为1号位打出的['Bomb', '5', ['S5', 'H5', 'H5', 'C5', 'D5']]
[22:31:44] [yf2_v5] [INFO] 2号位打出['PASS', 'PASS', 'PASS']， 最大动作为1号位打出的['Bomb', '5', ['S5', 'H5', 'H5', 'C5', 'D5']]
[22:31:44] [YFAdapter-P2] [INFO] [YF-P2] Decision context: myPos=2, curPos=2, greaterPos=1, teammate=0, curAction=[, actionList_size=1
[22:31:44] [YFAdapter-P2] [INFO] [YF-P2] Decided: action_index=0, action=['PASS', 'PASS', 'PASS']
[22:31:44] [yf2_v5] [INFO] 3号位打出['PASS', 'PASS', 'PASS']， 最大动作为1号位打出的['Bomb', '5', ['S5', 'H5', 'H5', 'C5', 'D5']]
[22:31:44] [yf2_v5] [INFO] 0号位打出['PASS', 'PASS', 'PASS']， 最大动作为1号位打出的['Bomb', '5', ['S5', 'H5', 'H5', 'C5', 'D5']]
[22:31:44] [yf2_v5] [INFO] 1号位打出['Single', '6', ['C6']]， 最大动作为1号位打出的['Single', '6', ['C6']]
[22:31:44] [yf2_v5] [INFO] 2号位打出['Single', 'A', ['DA']]， 最大动作为2号位打出的['Single', 'A', ['DA']]
[22:31:44] [YFAdapter-P2] [INFO] [YF-P2] Decision context: myPos=2, curPos=2, greaterPos=2, teammate=0, curAction=[, actionList_size=2
[22:31:44] [YFAdapter-P2] [INFO] [YF-P2] Decided: action_index=1, action=['Bomb', '2', [['S', '2'], ['H', '2'], ['H', '2'], ['D', '2']]]
[22:31:44] [yf2_v5] [INFO] 3号位打出['Bomb', '2', ['S2', 'H2', 'H2', 'D2']]， 最大动作为3号位打出的['Bomb', '2', ['S2', 'H2', 'H2', 'D2']]
[22:31:44] [yf2_v5] [INFO] 0号位打出['Bomb', 'Q', ['SQ', 'HQ', 'DQ', 'DQ']]， 最大动作为0号位打出的['Bomb', 'Q', ['SQ', 'HQ', 'DQ', 'DQ']]
[22:31:44] [yf2_v5] [INFO] 1号位打出['PASS', 'PASS', 'PASS']， 最大动作为0号位打出的['Bomb', 'Q', ['SQ', 'HQ', 'DQ', 'DQ']]
[22:31:44] [yf2_v5] [INFO] 2号位打出['PASS', 'PASS', 'PASS']， 最大动作为0号位打出的['Bomb', 'Q', ['SQ', 'HQ', 'DQ', 'DQ']]
[22:31:44] [YFAdapter-P2] [INFO] [YF-P2] Decision context: myPos=2, curPos=2, greaterPos=0, teammate=0, curAction=[, actionList_size=1
[22:31:44] [YFAdapter-P2] [INFO] [YF-P2] Decided: action_index=0, action=['PASS', 'PASS', 'PASS']
[22:31:44] [yf2_v5] [INFO] 3号位打出['PASS', 'PASS', 'PASS']， 最大动作为0号位打出的['Bomb', 'Q', ['SQ', 'HQ', 'DQ', 'DQ']]
[22:31:44] [yf2_v5] [INFO] 0号位打出['Straight', '7', ['C7', 'S8', 'H9', 'HT', 'CJ']]， 最大动作为0号位打出的['Straight', '7', ['C7', 'S8', 'H9', 'HT', 'CJ']]
[22:31:44] [yf2_v5] [INFO] 1号位打出['Straight', 'T', ['DT', 'DJ', 'SQ', 'SK', 'CA']]， 最大动作为1号位打出的['Straight', 'T', ['DT', 'DJ', 'SQ', 'SK', 'CA']]
[22:31:44] [yf2_v5] [INFO] 2号位打出['Bomb', '6', ['S6', 'S6', 'D6', 'D6']]， 最大动作为2号位打出的['Bomb', '6', ['S6', 'S6', 'D6', 'D6']]
[22:31:44] [YFAdapter-P2] [INFO] [YF-P2] Decision context: myPos=2, curPos=2, greaterPos=2, teammate=0, curAction=[, actionList_size=1
[22:31:44] [YFAdapter-P2] [INFO] [YF-P2] Decided: action_index=0, action=['PASS', 'PASS', 'PASS']
[22:31:44] [yf2_v5] [INFO] 3号位打出['PASS', 'PASS', 'PASS']， 最大动作为2号位打出的['Bomb', '6', ['S6', 'S6', 'D6', 'D6']]
[22:31:44] [yf2_v5] [INFO] 0号位打出['PASS', 'PASS', 'PASS']， 最大动作为2号位打出的['Bomb', '6', ['S6', 'S6', 'D6', 'D6']]
[22:31:44] [yf2_v5] [INFO] 1号位打出['PASS', 'PASS', 'PASS']， 最大动作为2号位打出的['Bomb', '6', ['S6', 'S6', 'D6', 'D6']]
[22:31:44] [yf2_v5] [INFO] 2号位打出['Single', '2', ['D2']]， 最大动作为2号位打出的['Single', '2', ['D2']]
[22:31:44] [YFAdapter-P2] [INFO] [YF-P2] Decision context: myPos=2, curPos=2, greaterPos=2, teammate=0, curAction=[, actionList_size=16
[22:31:44] [YFAdapter-P2] [INFO] [YF-P2] Decided: action_index=3, action=['Single', '4', [['C', '4']]]
[22:31:44] [yf2_v5] [INFO] 3号位打出['Single', '4', ['C4']]， 最大动作为3号位打出的['Single', '4', ['C4']]
[22:31:44] [yf2_v5] [INFO] 0号位打出['Single', 'A', ['DA']]， 最大动作为0号位打出的['Single', 'A', ['DA']]
[22:31:44] [yf2_v5] [INFO] 1号位打出['Bomb', '3', ['H3', 'H3', 'C3', 'D3']]， 最大动作为1号位打出的['Bomb', '3', ['H3', 'H3', 'C3', 'D3']]
[22:31:44] [yf2_v5] [INFO] 2号位打出['Bomb', 'J', ['SJ', 'SJ', 'HJ', 'DJ']]， 最大动作为2号位打出的['Bomb', 'J', ['SJ', 'SJ', 'HJ', 'DJ']]
[22:31:44] [YFAdapter-P2] [INFO] [YF-P2] Decision context: myPos=2, curPos=2, greaterPos=2, teammate=0, curAction=[, actionList_size=1
[22:31:44] [YFAdapter-P2] [INFO] [YF-P2] Decided: action_index=0, action=['PASS', 'PASS', 'PASS']
[22:31:44] [yf2_v5] [INFO] 3号位打出['PASS', 'PASS', 'PASS']， 最大动作为2号位打出的['Bomb', 'J', ['SJ', 'SJ', 'HJ', 'DJ']]
[22:31:44] [yf2_v5] [INFO] 0号位打出['PASS', 'PASS', 'PASS']， 最大动作为2号位打出的['Bomb', 'J', ['SJ', 'SJ', 'HJ', 'DJ']]
[22:31:44] [yf2_v5] [INFO] 1号位打出['PASS', 'PASS', 'PASS']， 最大动作为2号位打出的['Bomb', 'J', ['SJ', 'SJ', 'HJ', 'DJ']]
[22:31:44] [yf2_v5] [INFO] 2号位打出['Single', '5', ['S5']]， 最大动作为2号位打出的['Single', '5', ['S5']]
[22:31:44] [YFAdapter-P2] [INFO] [YF-P2] Decision context: myPos=2, curPos=2, greaterPos=2, teammate=0, curAction=[, actionList_size=12
[22:31:44] [YFAdapter-P2] [INFO] [YF-P2] Decided: action_index=6, action=['Single', 'J', [['C', 'J']]]
[22:31:44] [yf2_v5] [INFO] 3号位打出['Single', 'J', ['CJ']]， 最大动作为3号位打出的['Single', 'J', ['CJ']]
[22:31:44] [yf2_v5] [INFO] 0号位打出['Single', 'B', ['SB']]， 最大动作为0号位打出的['Single', 'B', ['SB']]
[22:31:44] [yf2_v5] [INFO] 1号位打出['PASS', 'PASS', 'PASS']， 最大动作为0号位打出的['Single', 'B', ['SB']]
[22:31:44] [yf2_v5] [INFO] 2号位打出['PASS', 'PASS', 'PASS']， 最大动作为0号位打出的['Single', 'B', ['SB']]
[22:31:44] [YFAdapter-P2] [INFO] [YF-P2] Decision context: myPos=2, curPos=2, greaterPos=0, teammate=0, curAction=[, actionList_size=1
[22:31:44] [YFAdapter-P2] [INFO] [YF-P2] Decided: action_index=0, action=['PASS', 'PASS', 'PASS']
[22:31:44] [yf2_v5] [INFO] 3号位打出['PASS', 'PASS', 'PASS']， 最大动作为0号位打出的['Single', 'B', ['SB']]
[22:31:44] [yf2_v5] [INFO] 0号位打出['ThreeWithTwo', '6', ['H6', 'H6', 'C6', 'C3', 'D3']]， 最大动作为0号位打出的['ThreeWithTwo', '6', ['H6', 'H6', 'C6', 'C3', 'D3']]
[22:31:44] [yf2_v5] [INFO] 1号位打出['PASS', 'PASS', 'PASS']， 最大动作为0号位打出的['ThreeWithTwo', '6', ['H6', 'H6', 'C6', 'C3', 'D3']]
[22:31:44] [yf2_v5] [INFO] 2号位打出['ThreeWithTwo', '7', ['S7', 'C7', 'D7', 'HK', 'CK']]， 最大动作为2号位打出的['ThreeWithTwo', '7', ['S7', 'C7', 'D7', 'HK', 'CK']]
[22:31:44] [YFAdapter-P2] [INFO] [YF-P2] Decision context: myPos=2, curPos=2, greaterPos=2, teammate=0, curAction=[, actionList_size=7
[22:31:44] [YFAdapter-P2] [INFO] [YF-P2] Decided: action_index=5, action=['ThreeWithTwo', 'Q', [['H', 'Q'], ['C', 'Q'], ['C', 'Q'], ['C', 'T'], ['C', 'T']]]
[22:31:44] [yf2_v5] [INFO] 3号位打出['PASS', 'PASS', 'PASS']， 最大动作为2号位打出的['ThreeWithTwo', '7', ['S7', 'C7', 'D7', 'HK', 'CK']]
[22:31:44] [yf2_v5] [INFO] 0号位打出['ThreeWithTwo', 'K', ['SK', 'CK', 'DK', 'H4', 'C4']]， 最大动作为0号位打出的['ThreeWithTwo', 'K', ['SK', 'CK', 'DK', 'H4', 'C4']]
[22:31:44] [yf2_v5] [INFO] 1号位打出['PASS', 'PASS', 'PASS']， 最大动作为0号位打出的['ThreeWithTwo', 'K', ['SK', 'CK', 'DK', 'H4', 'C4']]
[22:31:45] [yf2_v5] [INFO] 2号位打出['PASS', 'PASS', 'PASS']， 最大动作为0号位打出的['ThreeWithTwo', 'K', ['SK', 'CK', 'DK', 'H4', 'C4']]
[22:31:45] [YFAdapter-P2] [INFO] [YF-P2] Decision context: myPos=2, curPos=2, greaterPos=0, teammate=0, curAction=[, actionList_size=1
[22:31:45] [YFAdapter-P2] [INFO] [YF-P2] Decided: action_index=0, action=['PASS', 'PASS', 'PASS']
[22:31:45] [yf2_v5] [INFO] 3号位打出['PASS', 'PASS', 'PASS']， 最大动作为0号位打出的['ThreeWithTwo', 'K', ['SK', 'CK', 'DK', 'H4', 'C4']]
[22:31:45] [yf2_v5] [INFO] 0号位打出['Pair', '9', ['C9', 'D9']]， 最大动作为0号位打出的['Pair', '9', ['C9', 'D9']]
[22:31:45] [yf2_v5] [INFO] 1号位打出['PASS', 'PASS', 'PASS']， 最大动作为0号位打出的['Pair', '9', ['C9', 'D9']]
[22:31:45] [yf2_v5] [INFO] 2号位打出['PASS', 'PASS', 'PASS']， 最大动作为0号位打出的['Pair', '9', ['C9', 'D9']]
[22:31:45] [YFAdapter-P2] [INFO] [YF-P2] Decision context: myPos=2, curPos=2, greaterPos=0, teammate=0, curAction=[, actionList_size=5
[22:31:45] [YFAdapter-P2] [INFO] [YF-P2] Decided: action_index=0, action=['PASS', 'PASS', 'PASS']
[22:31:45] [yf2_v5] [INFO] 3号位打出['PASS', 'PASS', 'PASS']， 最大动作为0号位打出的['Pair', '9', ['C9', 'D9']]
[22:31:45] [yf2_v5] [INFO] 0号位打出['Pair', 'R', ['HR', 'HR']]， 最大动作为0号位打出的['Pair', 'R', ['HR', 'HR']]
[22:31:45] [yf2_v5] [INFO] 1号位打出['PASS', 'PASS', 'PASS']， 最大动作为0号位打出的['Pair', 'R', ['HR', 'HR']]
[22:31:45] [yf2_v5] [INFO] 2号位打出['PASS', 'PASS', 'PASS']， 最大动作为0号位打出的['Pair', 'R', ['HR', 'HR']]
[22:31:45] [yf2_v5] [INFO] 2号位打出['Single', '5', ['D5']]， 最大动作为2号位打出的['Single', '5', ['D5']]
[22:31:45] [YFAdapter-P2] [INFO] [YF-P2] Decision context: myPos=2, curPos=2, greaterPos=2, teammate=0, curAction=[, actionList_size=11
[22:31:45] [YFAdapter-P2] [INFO] [YF-P2] Decided: action_index=1, action=['Single', '8', [['H', '8']]]
[22:31:45] [yf2_v5] [INFO] 3号位打出['PASS', 'PASS', 'PASS']， 最大动作为2号位打出的['Single', '5', ['D5']]
[22:31:45] [yf2_v5] [INFO] 1号位打出['PASS', 'PASS', 'PASS']， 最大动作为2号位打出的['Single', '5', ['D5']]
[22:31:45] [yf2_v5] [INFO] 2号位打出['Trips', '8', ['H8', 'C8', 'C8']]， 最大动作为2号位打出的['Trips', '8', ['H8', 'C8', 'C8']]
[22:31:45] [YFAdapter-P2] [INFO] [YF-P2] Decision context: myPos=2, curPos=2, greaterPos=2, teammate=0, curAction=[, actionList_size=2
[22:31:45] [YFAdapter-P2] [INFO] [YF-P2] Decided: action_index=1, action=['Trips', 'Q', [['H', 'Q'], ['C', 'Q'], ['C', 'Q']]]
[22:31:45] [yf2_v5] [INFO] 3号位打出['PASS', 'PASS', 'PASS']， 最大动作为2号位打出的['Trips', '8', ['H8', 'C8', 'C8']]
[22:31:45] [yf2_v5] [INFO] 1号位打出['PASS', 'PASS', 'PASS']， 最大动作为2号位打出的['Trips', '8', ['H8', 'C8', 'C8']]
[22:31:45] [yf2_v5] [INFO] 2号位打出['Single', 'B', ['SB']]， 最大动作为2号位打出的['Single', 'B', ['SB']]
[22:31:45] [yf2_v5] [INFO] 游戏开始, 我是3号位，手牌：['H3', 'H4', 'H5', 'D5', 'H6', 'D7', 'D7', 'H8', 'H8', 'D8', 'S9', 'ST', 'DT', 'SJ', 'DJ', 'DJ', 'SQ', 'CQ', 'DQ', 'SK', 'HA', 'HA', 'DA', 'H2', 'D2', 'SB', 'HR']
[22:31:45] [yf2_v5] [INFO] 0号位打出['Straight', '6', ['S6', 'H7', 'S8', 'S9', 'HT']]， 最大动作为0号位打出的['Straight', '6', ['S6', 'H7', 'S8', 'S9', 'HT']]
[22:31:45] [yf2_v5] [INFO] 1号位打出['StraightFlush', 'A', ['SA', 'S2', 'S3', 'S4', 'S5']]， 最大动作为1号位打出的['StraightFlush', 'A', ['SA', 'S2', 'S3', 'S4', 'S5']]
[22:31:45] [yf2_v5] [INFO] 2号位打出['PASS', 'PASS', 'PASS']， 最大动作为1号位打出的['StraightFlush', 'A', ['SA', 'S2', 'S3', 'S4', 'S5']]
[22:31:45] [YFAdapter-P2] [INFO] [YF-P2] Decision context: myPos=2, curPos=2, greaterPos=1, teammate=0, curAction=[, actionList_size=5
[22:31:45] [YFAdapter-P2] [INFO] [YF-P2] Decided: action_index=0, action=['PASS', 'PASS', 'PASS']
[22:31:45] [yf2_v5] [INFO] 3号位打出['StraightFlush', '2', ['H2', 'H3', 'H4', 'H5', 'H6']]， 最大动作为3号位打出的['StraightFlush', '2', ['H2', 'H3', 'H4', 'H5', 'H6']]
[22:31:45] [yf2_v5] [INFO] 0号位打出['PASS', 'PASS', 'PASS']， 最大动作为3号位打出的['StraightFlush', '2', ['H2', 'H3', 'H4', 'H5', 'H6']]
[22:31:45] [yf2_v5] [INFO] 1号位打出['PASS', 'PASS', 'PASS']， 最大动作为3号位打出的['StraightFlush', '2', ['H2', 'H3', 'H4', 'H5', 'H6']]
[22:31:45] [yf2_v5] [INFO] 2号位打出['PASS', 'PASS', 'PASS']， 最大动作为3号位打出的['StraightFlush', '2', ['H2', 'H3', 'H4', 'H5', 'H6']]
[22:31:45] [YFAdapter-P2] [INFO] [YF-P2] Decision context: myPos=2, curPos=-1, greaterPos=-1, teammate=0, curAction=[, actionList_size=143
[22:31:45] [YFAdapter-P2] [INFO] [YF-P2] Decided: action_index=0, action=['Single', '5', [['D', '5']]]
[22:31:45] [yf2_v5] [INFO] 3号位打出['Single', '5', ['D5']]， 最大动作为3号位打出的['Single', '5', ['D5']]
[22:31:45] [yf2_v5] [INFO] 0号位打出['Single', 'K', ['DK']]， 最大动作为0号位打出的['Single', 'K', ['DK']]
[22:31:45] [yf2_v5] [INFO] 1号位打出['Single', '2', ['C2']]， 最大动作为1号位打出的['Single', '2', ['C2']]
[22:31:45] [yf2_v5] [INFO] 2号位打出['PASS', 'PASS', 'PASS']， 最大动作为1号位打出的['Single', '2', ['C2']]
[22:31:45] [YFAdapter-P2] [INFO] [YF-P2] Decision context: myPos=2, curPos=2, greaterPos=1, teammate=0, curAction=[, actionList_size=4
[22:31:45] [YFAdapter-P2] [INFO] [YF-P2] Decided: action_index=0, action=['PASS', 'PASS', 'PASS']
[22:31:45] [yf2_v5] [INFO] 3号位打出['Single', 'B', ['SB']]， 最大动作为3号位打出的['Single', 'B', ['SB']]
[22:31:45] [yf2_v5] [INFO] 0号位打出['Single', 'R', ['HR']]， 最大动作为0号位打出的['Single', 'R', ['HR']]
[22:31:45] [yf2_v5] [INFO] 1号位打出['Bomb', 'J', ['SJ', 'HJ', 'CJ', 'CJ']]， 最大动作为1号位打出的['Bomb', 'J', ['SJ', 'HJ', 'CJ', 'CJ']]
[22:31:45] [yf2_v5] [INFO] 2号位打出['Bomb', 'K', ['SK', 'HK', 'CK', 'CK']]， 最大动作为2号位打出的['Bomb', 'K', ['SK', 'HK', 'CK', 'CK']]
[22:31:45] [YFAdapter-P2] [INFO] [YF-P2] Decision context: myPos=2, curPos=2, greaterPos=2, teammate=0, curAction=[, actionList_size=1
[22:31:45] [YFAdapter-P2] [INFO] [YF-P2] Decided: action_index=0, action=['PASS', 'PASS', 'PASS']
[22:31:45] [yf2_v5] [INFO] 3号位打出['PASS', 'PASS', 'PASS']， 最大动作为2号位打出的['Bomb', 'K', ['SK', 'HK', 'CK', 'CK']]
[22:31:45] [yf2_v5] [INFO] 0号位打出['PASS', 'PASS', 'PASS']， 最大动作为2号位打出的['Bomb', 'K', ['SK', 'HK', 'CK', 'CK']]
[22:31:45] [yf2_v5] [INFO] 1号位打出['PASS', 'PASS', 'PASS']， 最大动作为2号位打出的['Bomb', 'K', ['SK', 'HK', 'CK', 'CK']]
[22:31:45] [yf2_v5] [INFO] 2号位打出['Single', '8', ['D8']]， 最大动作为2号位打出的['Single', '8', ['D8']]
[22:31:45] [YFAdapter-P2] [INFO] [YF-P2] Decision context: myPos=2, curPos=2, greaterPos=2, teammate=0, curAction=[, actionList_size=15
[22:31:45] [YFAdapter-P2] [INFO] [YF-P2] Decided: action_index=3, action=['Single', 'T', [['D', 'T']]]
[22:31:45] [yf2_v5] [INFO] 3号位打出['Single', 'T', ['DT']]， 最大动作为3号位打出的['Single', 'T', ['DT']]
[22:31:45] [yf2_v5] [INFO] 0号位打出['Single', '2', ['H2']]， 最大动作为0号位打出的['Single', '2', ['H2']]
[22:31:45] [yf2_v5] [INFO] 1号位打出['PASS', 'PASS', 'PASS']， 最大动作为0号位打出的['Single', '2', ['H2']]
[22:31:45] [yf2_v5] [INFO] 2号位打出['PASS', 'PASS', 'PASS']， 最大动作为0号位打出的['Single', '2', ['H2']]
[22:31:45] [YFAdapter-P2] [INFO] [YF-P2] Decision context: myPos=2, curPos=2, greaterPos=0, teammate=0, curAction=[, actionList_size=3
[22:31:45] [YFAdapter-P2] [INFO] [YF-P2] Decided: action_index=0, action=['PASS', 'PASS', 'PASS']
[22:31:45] [yf2_v5] [INFO] 3号位打出['PASS', 'PASS', 'PASS']， 最大动作为0号位打出的['Single', '2', ['H2']]
[22:31:45] [yf2_v5] [INFO] 0号位打出['ThreeWithTwo', '3', ['S3', 'C3', 'D3', 'H4', 'D4']]， 最大动作为0号位打出的['ThreeWithTwo', '3', ['S3', 'C3', 'D3', 'H4', 'D4']]
[22:31:45] [yf2_v5] [INFO] 1号位打出['ThreeWithTwo', 'T', ['CT', 'CT', 'DT', 'S7', 'H7']]， 最大动作为1号位打出的['ThreeWithTwo', 'T', ['CT', 'CT', 'DT', 'S7', 'H7']]
[22:31:45] [yf2_v5] [INFO] 2号位打出['PASS', 'PASS', 'PASS']， 最大动作为1号位打出的['ThreeWithTwo', 'T', ['CT', 'CT', 'DT', 'S7', 'H7']]
[22:31:45] [YFAdapter-P2] [INFO] [YF-P2] Decision context: myPos=2, curPos=2, greaterPos=1, teammate=0, curAction=[, actionList_size=25
[22:31:45] [YFAdapter-P2] [INFO] [YF-P2] Decided: action_index=0, action=['PASS', 'PASS', 'PASS']
[22:31:45] [yf2_v5] [INFO] 3号位打出['ThreeWithTwo', 'A', ['HA', 'HA', 'DA', 'D7', 'D7']]， 最大动作为3号位打出的['ThreeWithTwo', 'A', ['HA', 'HA', 'DA', 'D7', 'D7']]
[22:31:45] [yf2_v5] [INFO] 0号位打出['PASS', 'PASS', 'PASS']， 最大动作为3号位打出的['ThreeWithTwo', 'A', ['HA', 'HA', 'DA', 'D7', 'D7']]
[22:31:45] [yf2_v5] [INFO] 1号位打出['PASS', 'PASS', 'PASS']， 最大动作为3号位打出的['ThreeWithTwo', 'A', ['HA', 'HA', 'DA', 'D7', 'D7']]
[22:31:45] [yf2_v5] [INFO] 2号位打出['Bomb', '9', ['H9', 'H9', 'C9', 'C9', 'D9']]， 最大动作为2号位打出的['Bomb', '9', ['H9', 'H9', 'C9', 'C9', 'D9']]
[22:31:45] [YFAdapter-P2] [INFO] [YF-P2] Decision context: myPos=2, curPos=2, greaterPos=2, teammate=0, curAction=[, actionList_size=2
[22:31:45] [YFAdapter-P2] [INFO] [YF-P2] Decided: action_index=1, action=['StraightFlush', '9', [['S', '9'], ['S', 'T'], ['S', 'J'], ['S', 'Q'], ['S', 'K']]]
[22:31:45] [yf2_v5] [INFO] 3号位打出['StraightFlush', '9', ['S9', 'ST', 'SJ', 'SQ', 'SK']]， 最大动作为3号位打出的['StraightFlush', '9', ['S9', 'ST', 'SJ', 'SQ', 'SK']]
[22:31:45] [yf2_v5] [INFO] 0号位打出['PASS', 'PASS', 'PASS']， 最大动作为3号位打出的['StraightFlush', '9', ['S9', 'ST', 'SJ', 'SQ', 'SK']]
[22:31:45] [yf2_v5] [INFO] 1号位打出['PASS', 'PASS', 'PASS']， 最大动作为3号位打出的['StraightFlush', '9', ['S9', 'ST', 'SJ', 'SQ', 'SK']]
[22:31:45] [yf2_v5] [INFO] 2号位打出['PASS', 'PASS', 'PASS']， 最大动作为3号位打出的['StraightFlush', '9', ['S9', 'ST', 'SJ', 'SQ', 'SK']]
[22:31:45] [YFAdapter-P2] [INFO] [YF-P2] Decision context: myPos=2, curPos=-1, greaterPos=-1, teammate=0, curAction=[, actionList_size=14
[22:31:45] [YFAdapter-P2] [INFO] [YF-P2] Decided: action_index=12, action=['ThreeWithTwo', '8', [['H', '8'], ['H', '8'], ['D', '8'], ['D', 'J'], ['D', 'J']]]
[22:31:45] [yf2_v5] [INFO] 3号位打出['ThreeWithTwo', '8', ['H8', 'H8', 'D8', 'DJ', 'DJ']]， 最大动作为3号位打出的['ThreeWithTwo', '8', ['H8', 'H8', 'D8', 'DJ', 'DJ']]
[22:31:45] [yf2_v5] [INFO] 0号位打出['ThreeWithTwo', 'Q', ['SQ', 'HQ', 'DQ', 'C6', 'D6']]， 最大动作为0号位打出的['ThreeWithTwo', 'Q', ['SQ', 'HQ', 'DQ', 'C6', 'D6']]
[22:31:45] [yf2_v5] [INFO] 1号位打出['PASS', 'PASS', 'PASS']， 最大动作为0号位打出的['ThreeWithTwo', 'Q', ['SQ', 'HQ', 'DQ', 'C6', 'D6']]
[22:31:45] [yf2_v5] [INFO] 2号位打出['PASS', 'PASS', 'PASS']， 最大动作为0号位打出的['ThreeWithTwo', 'Q', ['SQ', 'HQ', 'DQ', 'C6', 'D6']]
[22:31:45] [YFAdapter-P2] [INFO] [YF-P2] Decision context: myPos=2, curPos=2, greaterPos=0, teammate=0, curAction=[, actionList_size=1
[22:31:45] [YFAdapter-P2] [INFO] [YF-P2] Decided: action_index=0, action=['PASS', 'PASS', 'PASS']
[22:31:45] [yf2_v5] [INFO] 3号位打出['PASS', 'PASS', 'PASS']， 最大动作为0号位打出的['ThreeWithTwo', 'Q', ['SQ', 'HQ', 'DQ', 'C6', 'D6']]
[22:31:45] [yf2_v5] [INFO] 0号位打出['Pair', '8', ['C8', 'C8']]， 最大动作为0号位打出的['Pair', '8', ['C8', 'C8']]
[22:31:45] [yf2_v5] [INFO] 1号位打出['Pair', 'K', ['HK', 'DK']]， 最大动作为1号位打出的['Pair', 'K', ['HK', 'DK']]
[22:31:45] [yf2_v5] [INFO] 2号位打出['PASS', 'PASS', 'PASS']， 最大动作为1号位打出的['Pair', 'K', ['HK', 'DK']]
[22:31:45] [YFAdapter-P2] [INFO] [YF-P2] Decision context: myPos=2, curPos=2, greaterPos=1, teammate=0, curAction=[, actionList_size=1
[22:31:45] [YFAdapter-P2] [INFO] [YF-P2] Decided: action_index=0, action=['PASS', 'PASS', 'PASS']
[22:31:45] [yf2_v5] [INFO] 3号位打出['PASS', 'PASS', 'PASS']， 最大动作为1号位打出的['Pair', 'K', ['HK', 'DK']]
[22:31:45] [yf2_v5] [INFO] 0号位打出['Pair', 'A', ['SA', 'CA']]， 最大动作为0号位打出的['Pair', 'A', ['SA', 'CA']]
[22:31:45] [yf2_v5] [INFO] 1号位打出['PASS', 'PASS', 'PASS']， 最大动作为0号位打出的['Pair', 'A', ['SA', 'CA']]
[22:31:45] [yf2_v5] [INFO] 2号位打出['PASS', 'PASS', 'PASS']， 最大动作为0号位打出的['Pair', 'A', ['SA', 'CA']]
[22:31:45] [YFAdapter-P2] [INFO] [YF-P2] Decision context: myPos=2, curPos=2, greaterPos=0, teammate=0, curAction=[, actionList_size=1
[22:31:45] [YFAdapter-P2] [INFO] [YF-P2] Decided: action_index=0, action=['PASS', 'PASS', 'PASS']
[22:31:45] [yf2_v5] [INFO] 3号位打出['PASS', 'PASS', 'PASS']， 最大动作为0号位打出的['Pair', 'A', ['SA', 'CA']]
[22:31:45] [yf2_v5] [INFO] 0号位打出['Trips', '5', ['H5', 'C5', 'C5']]， 最大动作为0号位打出的['Trips', '5', ['H5', 'C5', 'C5']]
[22:31:45] [yf2_v5] [INFO] 1号位打出['PASS', 'PASS', 'PASS']， 最大动作为0号位打出的['Trips', '5', ['H5', 'C5', 'C5']]
[22:31:45] [yf2_v5] [INFO] 2号位打出['PASS', 'PASS', 'PASS']， 最大动作为0号位打出的['Trips', '5', ['H5', 'C5', 'C5']]
[22:31:45] [YFAdapter-P2] [INFO] [YF-P2] Decision context: myPos=2, curPos=2, greaterPos=0, teammate=0, curAction=[, actionList_size=1
[22:31:45] [YFAdapter-P2] [INFO] [YF-P2] Decided: action_index=0, action=['PASS', 'PASS', 'PASS']
[22:31:45] [yf2_v5] [INFO] 3号位打出['PASS', 'PASS', 'PASS']， 最大动作为0号位打出的['Trips', '5', ['H5', 'C5', 'C5']]
[22:31:45] [yf2_v5] [INFO] 0号位打出['Single', '2', ['C2']]， 最大动作为0号位打出的['Single', '2', ['C2']]
[22:31:45] [yf2_v5] [INFO] 1号位打出['PASS', 'PASS', 'PASS']， 最大动作为0号位打出的['Single', '2', ['C2']]
[22:31:45] [yf2_v5] [INFO] 2号位打出['PASS', 'PASS', 'PASS']， 最大动作为0号位打出的['Single', '2', ['C2']]
[22:31:45] [YFAdapter-P2] [INFO] [YF-P2] Decision context: myPos=2, curPos=2, greaterPos=0, teammate=0, curAction=[, actionList_size=2
[22:31:45] [YFAdapter-P2] [INFO] [YF-P2] Decided: action_index=0, action=['PASS', 'PASS', 'PASS']
[22:31:45] [YFAdapter-P2] [WARNING] [YF-P2] 检测到过于保守: 对手快走完(剩4张), 触发Layer 2/3进行更积极的决策
[22:31:45] [yf2_v5] [INFO] 3号位打出['Single', 'R', ['HR']]， 最大动作为3号位打出的['Single', 'R', ['HR']]
[22:31:45] [yf2_v5] [INFO] 0号位打出['PASS', 'PASS', 'PASS']， 最大动作为3号位打出的['Single', 'R', ['HR']]
[22:31:45] [yf2_v5] [INFO] 1号位打出['PASS', 'PASS', 'PASS']， 最大动作为3号位打出的['Single', 'R', ['HR']]
[22:31:45] [yf2_v5] [INFO] 2号位打出['PASS', 'PASS', 'PASS']， 最大动作为3号位打出的['Single', 'R', ['HR']]
[22:31:45] [YFAdapter-P2] [INFO] [YF-P2] Decision context: myPos=2, curPos=-1, greaterPos=-1, teammate=0, curAction=[, actionList_size=4
[22:31:45] [YFAdapter-P2] [INFO] [YF-P2] Decided: action_index=3, action=['Pair', 'Q', [['C', 'Q'], ['D', 'Q']]]
[22:31:45] [yf2_v5] [INFO] 3号位打出['Pair', 'Q', ['CQ', 'DQ']]， 最大动作为3号位打出的['Pair', 'Q', ['CQ', 'DQ']]
[22:31:45] [yf2_v5] [INFO] 0号位打出['PASS', 'PASS', 'PASS']， 最大动作为3号位打出的['Pair', 'Q', ['CQ', 'DQ']]
[22:31:45] [yf2_v5] [INFO] 1号位打出['PASS', 'PASS', 'PASS']， 最大动作为3号位打出的['Pair', 'Q', ['CQ', 'DQ']]
[22:31:45] [yf2_v5] [INFO] 2号位打出['PASS', 'PASS', 'PASS']， 最大动作为3号位打出的['Pair', 'Q', ['CQ', 'DQ']]
[22:31:45] [YFAdapter-P2] [INFO] [YF-P2] Decision context: myPos=2, curPos=-1, greaterPos=-1, teammate=0, curAction=[, actionList_size=1
[22:31:45] [YFAdapter-P2] [INFO] [YF-P2] Decided: action_index=0, action=['Single', '2', [['D', '2']]]
[22:31:45] [yf2_v5] [INFO] 3号位打出['Single', '2', ['D2']]， 最大动作为3号位打出的['Single', '2', ['D2']]
[22:31:45] [yf2_v5] [INFO] 0号位打出['Single', 'B', ['SB']]， 最大动作为0号位打出的['Single', 'B', ['SB']]
[22:31:45] [yf2_v5] [INFO] 1号位打出['PASS', 'PASS', 'PASS']， 最大动作为0号位打出的['Single', 'B', ['SB']]
[22:31:45] [yf2_v5] [INFO] 2号位打出['PASS', 'PASS', 'PASS']， 最大动作为0号位打出的['Single', 'B', ['SB']]
[22:31:45] [yf2_v5] [INFO] 2号位打出['ThreePair', '3', ['C3', 'D3', 'S4', 'C4', 'S5', 'D5']]， 最大动作为2号位打出的['ThreePair', '3', ['C3', 'D3', 'S4', 'C4', 'S5', 'D5']]
[22:31:45] [yf2_v5] [INFO] 1号位打出['PASS', 'PASS', 'PASS']， 最大动作为2号位打出的['ThreePair', '3', ['C3', 'D3', 'S4', 'C4', 'S5', 'D5']]
[22:31:45] [yf2_v5] [INFO] 2号位打出['Pair', '6', ['H6', 'D6']]， 最大动作为2号位打出的['Pair', '6', ['H6', 'D6']]
[22:31:45] [yf2_v5] [INFO] 1号位打出['PASS', 'PASS', 'PASS']， 最大动作为2号位打出的['Pair', '6', ['H6', 'D6']]
[22:31:45] [yf2_v5] [INFO] 2号位打出['Pair', '7', ['S7', 'C7']]， 最大动作为2号位打出的['Pair', '7', ['S7', 'C7']]
[22:31:45] [yf2_v5] [INFO] 1号位打出['PASS', 'PASS', 'PASS']， 最大动作为2号位打出的['Pair', '7', ['S7', 'C7']]
[22:31:45] [yf2_v5] [INFO] 2号位打出['Pair', 'T', ['ST', 'HT']]， 最大动作为2号位打出的['Pair', 'T', ['ST', 'HT']]
[22:31:45] [yf2_v5] [INFO] 1号位打出['PASS', 'PASS', 'PASS']， 最大动作为2号位打出的['Pair', 'T', ['ST', 'HT']]
[22:31:45] [yf2_v5] [INFO] 2号位打出['Pair', 'Q', ['HQ', 'CQ']]， 最大动作为2号位打出的['Pair', 'Q', ['HQ', 'CQ']]
[22:31:45] [yf2_v5] [INFO] 1号位打出['PASS', 'PASS', 'PASS']， 最大动作为2号位打出的['Pair', 'Q', ['HQ', 'CQ']]
[22:31:45] [yf2_v5] [INFO] 2号位打出['Single', 'J', ['HJ']]， 最大动作为2号位打出的['Single', 'J', ['HJ']]
[22:31:45] [yf2_v5] [INFO] 1号位打出['Single', 'A', ['CA']]， 最大动作为1号位打出的['Single', 'A', ['CA']]
[22:31:45] [yf2_v5] [INFO] 2号位打出['Single', '2', ['S2']]， 最大动作为2号位打出的['Single', '2', ['S2']]
[22:31:45] [yf2_v5] [INFO] 1号位打出['PASS', 'PASS', 'PASS']， 最大动作为2号位打出的['Single', '2', ['S2']]
[22:31:45] [yf2_v5] [INFO] 2号位打出['Single', 'A', ['DA']]， 最大动作为2号位打出的['Single', 'A', ['DA']]
[22:31:45] [yf2_v5] [INFO] 游戏开始, 我是3号位，手牌：['S2', 'S2', 'D4', 'D4', 'D5', 'D6', 'S7', 'H7', 'C7', 'H8', 'C8', 'C8', 'H9', 'H9', 'D9', 'ST', 'HT', 'CT', 'SQ', 'SQ', 'HQ', 'DQ', 'SK', 'DK', 'HA', 'SB', 'HR']
[22:31:45] [YFAdapter-P2] [INFO] [YF-P2] Decision context: myPos=2, curPos=-1, greaterPos=-1, teammate=0, curAction=[, actionList_size=14
[22:31:45] [YFAdapter-P2] [ERROR] YF rule_parse failed: 'NoneType' object is not iterable
Traceback (most recent call last):
  File "D:\guandanscore\YiFeiAI-GD\src\communication\lalala_adapter_v4.py", line 462, in _make_yf_decision
    act_index = self.yf_action.rule_parse(
        message,
    ...<6 lines>...
        self.yf_state.tribute_result
    )
  File "D:\NYGD\lalala\action.py", line 1391, in rule_parse
    self.act = self.back_action(msg,mypos,tribute_result)
               ~~~~~~~~~~~~~~~~^^^^^^^^^^^^^^^^^^^^^^^^^^
  File "D:\NYGD\lalala\action.py", line 1331, in back_action
    card = choose_in_single(combined_temp["Single"])
  File "D:\NYGD\lalala\action.py", line 1212, in choose_in_single
    for my_pos in tribute_result:
                  ^^^^^^^^^^^^^^
TypeError: 'NoneType' object is not iterable
[22:31:45] [YFAdapter-P2] [ERROR] YF decision failed: YF decision failed: 'NoneType' object is not iterable
Traceback (most recent call last):
  File "D:\guandanscore\YiFeiAI-GD\src\communication\lalala_adapter_v4.py", line 462, in _make_yf_decision
    act_index = self.yf_action.rule_parse(
        message,
    ...<6 lines>...
        self.yf_state.tribute_result
    )
  File "D:\NYGD\lalala\action.py", line 1391, in rule_parse
    self.act = self.back_action(msg,mypos,tribute_result)
               ~~~~~~~~~~~~~~~~^^^^^^^^^^^^^^^^^^^^^^^^^^
  File "D:\NYGD\lalala\action.py", line 1331, in back_action
    card = choose_in_single(combined_temp["Single"])
  File "D:\NYGD\lalala\action.py", line 1212, in choose_in_single
    for my_pos in tribute_result:
                  ^^^^^^^^^^^^^^
TypeError: 'NoneType' object is not iterable

During handling of the above exception, another exception occurred:

Traceback (most recent call last):
  File "D:\guandanscore\YiFeiAI-GD\src\communication\lalala_adapter_v4.py", line 96, in decide
    action_index = self._make_yf_decision(converted_message)
  File "D:\guandanscore\YiFeiAI-GD\src\communication\lalala_adapter_v4.py", line 526, in _make_yf_decision
    raise RuntimeError(f"YF decision failed: {e}")
RuntimeError: YF decision failed: 'NoneType' object is not iterable
[22:31:45] [yf2_v5] [INFO] 1号位打出['Single', '2', ['S2']]， 最大动作为1号位打出的['Single', '2', ['S2']]
[22:31:45] [yf2_v5] [INFO] 2号位打出['Single', '7', ['D7']]， 最大动作为2号位打出的['Single', '7', ['D7']]
[22:31:45] [YFAdapter-P2] [INFO] [YF-P2] Decision context: myPos=2, curPos=2, greaterPos=2, teammate=0, curAction=[, actionList_size=17
[22:31:45] [YFAdapter-P2] [INFO] [YF-P2] Decided: action_index=0, action=['PASS', 'PASS', 'PASS']
[22:31:45] [yf2_v5] [INFO] 3号位打出['PASS', 'PASS', 'PASS']， 最大动作为2号位打出的['Single', '7', ['D7']]
[22:31:45] [yf2_v5] [INFO] 0号位打出['Single', 'T', ['DT']]， 最大动作为0号位打出的['Single', 'T', ['DT']]
[22:31:45] [yf2_v5] [INFO] 1号位打出['Single', 'A', ['CA']]， 最大动作为1号位打出的['Single', 'A', ['CA']]
[22:31:45] [yf2_v5] [INFO] 2号位打出['Single', '3', ['C3']]， 最大动作为2号位打出的['Single', '3', ['C3']]
[22:31:45] [YFAdapter-P2] [INFO] [YF-P2] Decision context: myPos=2, curPos=2, greaterPos=2, teammate=0, curAction=[, actionList_size=4
[22:31:45] [YFAdapter-P2] [INFO] [YF-P2] Decided: action_index=3, action=['Bomb', 'Q', [['S', 'Q'], ['S', 'Q'], ['H', 'Q'], ['D', 'Q']]]
[22:31:45] [yf2_v5] [INFO] 3号位打出['Bomb', 'Q', ['SQ', 'SQ', 'HQ', 'DQ']]， 最大动作为3号位打出的['Bomb', 'Q', ['SQ', 'SQ', 'HQ', 'DQ']]
[22:31:45] [yf2_v5] [INFO] 0号位打出['PASS', 'PASS', 'PASS']， 最大动作为3号位打出的['Bomb', 'Q', ['SQ', 'SQ', 'HQ', 'DQ']]
[22:31:45] [yf2_v5] [INFO] 1号位打出['Bomb', 'K', ['SK', 'CK', 'H3', 'H3']]， 最大动作为1号位打出的['Bomb', 'K', ['SK', 'CK', 'H3', 'H3']]
[22:31:45] [yf2_v5] [INFO] 2号位打出['PASS', 'PASS', 'PASS']， 最大动作为1号位打出的['Bomb', 'K', ['SK', 'CK', 'H3', 'H3']]
[22:31:45] [YFAdapter-P2] [INFO] [YF-P2] Decision context: myPos=2, curPos=2, greaterPos=1, teammate=0, curAction=[, actionList_size=1
[22:31:45] [YFAdapter-P2] [INFO] [YF-P2] Decided: action_index=0, action=['PASS', 'PASS', 'PASS']
[22:31:45] [yf2_v5] [INFO] 3号位打出['PASS', 'PASS', 'PASS']， 最大动作为1号位打出的['Bomb', 'K', ['SK', 'CK', 'H3', 'H3']]
[22:31:45] [yf2_v5] [INFO] 0号位打出['PASS', 'PASS', 'PASS']， 最大动作为1号位打出的['Bomb', 'K', ['SK', 'CK', 'H3', 'H3']]
[22:31:45] [yf2_v5] [INFO] 1号位打出['Single', '7', ['S7']]， 最大动作为1号位打出的['Single', '7', ['S7']]
[22:31:45] [yf2_v5] [INFO] 2号位打出['Single', '9', ['S9']]， 最大动作为2号位打出的['Single', '9', ['S9']]
[22:31:45] [YFAdapter-P2] [INFO] [YF-P2] Decision context: myPos=2, curPos=2, greaterPos=2, teammate=0, curAction=[, actionList_size=9
[22:31:45] [YFAdapter-P2] [INFO] [YF-P2] Decided: action_index=7, action=['Single', 'B', [['S', 'B']]]
[22:31:45] [yf2_v5] [INFO] 3号位打出['Single', 'B', ['SB']]， 最大动作为3号位打出的['Single', 'B', ['SB']]
[22:31:45] [yf2_v5] [INFO] 0号位打出['PASS', 'PASS', 'PASS']， 最大动作为3号位打出的['Single', 'B', ['SB']]
[22:31:45] [yf2_v5] [INFO] 1号位打出['Bomb', '3', ['S3', 'S3', 'C3', 'D3']]， 最大动作为1号位打出的['Bomb', '3', ['S3', 'S3', 'C3', 'D3']]
[22:31:45] [yf2_v5] [INFO] 2号位打出['PASS', 'PASS', 'PASS']， 最大动作为1号位打出的['Bomb', '3', ['S3', 'S3', 'C3', 'D3']]
[22:31:45] [YFAdapter-P2] [INFO] [YF-P2] Decision context: myPos=2, curPos=2, greaterPos=1, teammate=0, curAction=[, actionList_size=1
[22:31:45] [YFAdapter-P2] [INFO] [YF-P2] Decided: action_index=0, action=['PASS', 'PASS', 'PASS']
[22:31:45] [yf2_v5] [INFO] 3号位打出['PASS', 'PASS', 'PASS']， 最大动作为1号位打出的['Bomb', '3', ['S3', 'S3', 'C3', 'D3']]
[22:31:45] [yf2_v5] [INFO] 0号位打出['PASS', 'PASS', 'PASS']， 最大动作为1号位打出的['Bomb', '3', ['S3', 'S3', 'C3', 'D3']]
[22:31:45] [yf2_v5] [INFO] 1号位打出['Single', '8', ['S8']]， 最大动作为1号位打出的['Single', '8', ['S8']]
[22:31:45] [yf2_v5] [INFO] 2号位打出['Single', 'K', ['HK']]， 最大动作为2号位打出的['Single', 'K', ['HK']]
[22:31:45] [YFAdapter-P2] [INFO] [YF-P2] Decision context: myPos=2, curPos=2, greaterPos=2, teammate=0, curAction=[, actionList_size=3
[22:31:45] [YFAdapter-P2] [INFO] [YF-P2] Decided: action_index=2, action=['Single', 'R', [['H', 'R']]]
[22:31:45] [yf2_v5] [INFO] 3号位打出['Single', 'R', ['HR']]， 最大动作为3号位打出的['Single', 'R', ['HR']]
[22:31:45] [yf2_v5] [INFO] 0号位打出['PASS', 'PASS', 'PASS']， 最大动作为3号位打出的['Single', 'R', ['HR']]
[22:31:45] [yf2_v5] [INFO] 1号位打出['PASS', 'PASS', 'PASS']， 最大动作为3号位打出的['Single', 'R', ['HR']]
[22:31:45] [yf2_v5] [INFO] 2号位打出['Bomb', '2', ['C2', 'C2', 'D2', 'D2']]， 最大动作为2号位打出的['Bomb', '2', ['C2', 'C2', 'D2', 'D2']]
[22:31:45] [YFAdapter-P2] [INFO] [YF-P2] Decision context: myPos=2, curPos=2, greaterPos=2, teammate=0, curAction=[, actionList_size=1
[22:31:45] [YFAdapter-P2] [INFO] [YF-P2] Decided: action_index=0, action=['PASS', 'PASS', 'PASS']
[22:31:45] [yf2_v5] [INFO] 3号位打出['PASS', 'PASS', 'PASS']， 最大动作为2号位打出的['Bomb', '2', ['C2', 'C2', 'D2', 'D2']]
[22:31:45] [yf2_v5] [INFO] 0号位打出['PASS', 'PASS', 'PASS']， 最大动作为2号位打出的['Bomb', '2', ['C2', 'C2', 'D2', 'D2']]
[22:31:45] [yf2_v5] [INFO] 1号位打出['PASS', 'PASS', 'PASS']， 最大动作为2号位打出的['Bomb', '2', ['C2', 'C2', 'D2', 'D2']]
[22:31:45] [yf2_v5] [INFO] 2号位打出['ThreeWithTwo', 'J', ['SJ', 'HJ', 'CJ', 'H4', 'C4']]， 最大动作为2号位打出的['ThreeWithTwo', 'J', ['SJ', 'HJ', 'CJ', 'H4', 'C4']]
[22:31:45] [YFAdapter-P2] [INFO] [YF-P2] Decision context: myPos=2, curPos=2, greaterPos=2, teammate=0, curAction=[, actionList_size=1
[22:31:45] [YFAdapter-P2] [INFO] [YF-P2] Decided: action_index=0, action=['PASS', 'PASS', 'PASS']
[22:31:45] [yf2_v5] [INFO] 3号位打出['PASS', 'PASS', 'PASS']， 最大动作为2号位打出的['ThreeWithTwo', 'J', ['SJ', 'HJ', 'CJ', 'H4', 'C4']]
[22:31:45] [yf2_v5] [INFO] 0号位打出['ThreeWithTwo', 'K', ['HK', 'CK', 'DK', 'H2', 'H2']]， 最大动作为0号位打出的['ThreeWithTwo', 'K', ['HK', 'CK', 'DK', 'H2', 'H2']]
[22:31:45] [yf2_v5] [INFO] 1号位打出['PASS', 'PASS', 'PASS']， 最大动作为0号位打出的['ThreeWithTwo', 'K', ['HK', 'CK', 'DK', 'H2', 'H2']]
[22:31:45] [yf2_v5] [INFO] 2号位打出['PASS', 'PASS', 'PASS']， 最大动作为0号位打出的['ThreeWithTwo', 'K', ['HK', 'CK', 'DK', 'H2', 'H2']]
[22:31:45] [YFAdapter-P2] [INFO] [YF-P2] Decision context: myPos=2, curPos=2, greaterPos=0, teammate=0, curAction=[, actionList_size=1
[22:31:45] [YFAdapter-P2] [INFO] [YF-P2] Decided: action_index=0, action=['PASS', 'PASS', 'PASS']
[22:31:45] [yf2_v5] [INFO] 3号位打出['PASS', 'PASS', 'PASS']， 最大动作为0号位打出的['ThreeWithTwo', 'K', ['HK', 'CK', 'DK', 'H2', 'H2']]
[22:31:45] [yf2_v5] [INFO] 0号位打出['Single', '6', ['C6']]， 最大动作为0号位打出的['Single', '6', ['C6']]
[22:31:45] [yf2_v5] [INFO] 1号位打出['Single', 'A', ['SA']]， 最大动作为1号位打出的['Single', 'A', ['SA']]
[22:31:45] [yf2_v5] [INFO] 2号位打出['PASS', 'PASS', 'PASS']， 最大动作为1号位打出的['Single', 'A', ['SA']]
[22:31:45] [YFAdapter-P2] [INFO] [YF-P2] Decision context: myPos=2, curPos=2, greaterPos=1, teammate=0, curAction=[, actionList_size=2
[22:31:45] [YFAdapter-P2] [INFO] [YF-P2] Decided: action_index=0, action=['PASS', 'PASS', 'PASS']
[22:31:45] [yf2_v5] [INFO] 3号位打出['Single', 'R', ['HR']]， 最大动作为3号位打出的['Single', 'R', ['HR']]
[22:31:45] [yf2_v5] [INFO] 0号位打出['PASS', 'PASS', 'PASS']， 最大动作为3号位打出的['Single', 'R', ['HR']]
[22:31:45] [yf2_v5] [INFO] 1号位打出['PASS', 'PASS', 'PASS']， 最大动作为3号位打出的['Single', 'R', ['HR']]
[22:31:45] [yf2_v5] [INFO] 2号位打出['PASS', 'PASS', 'PASS']， 最大动作为3号位打出的['Single', 'R', ['HR']]
[22:31:45] [YFAdapter-P2] [INFO] [YF-P2] Decision context: myPos=2, curPos=-1, greaterPos=-1, teammate=0, curAction=[, actionList_size=149
[22:31:45] [YFAdapter-P2] [INFO] [YF-P2] Decided: action_index=0, action=['Single', '2', [['S', '2']]]
[22:31:45] [yf2_v5] [INFO] 3号位打出['Single', '2', ['S2']]， 最大动作为3号位打出的['Single', '2', ['S2']]
[22:31:45] [yf2_v5] [INFO] 0号位打出['Single', 'Q', ['HQ']]， 最大动作为0号位打出的['Single', 'Q', ['HQ']]
[22:31:45] [yf2_v5] [INFO] 1号位打出['PASS', 'PASS', 'PASS']， 最大动作为0号位打出的['Single', 'Q', ['HQ']]
[22:31:45] [yf2_v5] [INFO] 2号位打出['Single', 'A', ['CA']]， 最大动作为2号位打出的['Single', 'A', ['CA']]
[22:31:45] [YFAdapter-P2] [INFO] [YF-P2] Decision context: myPos=2, curPos=2, greaterPos=2, teammate=0, curAction=[, actionList_size=1
[22:31:45] [YFAdapter-P2] [INFO] [YF-P2] Decided: action_index=0, action=['PASS', 'PASS', 'PASS']
[22:31:45] [yf2_v5] [INFO] 3号位打出['PASS', 'PASS', 'PASS']， 最大动作为2号位打出的['Single', 'A', ['CA']]
[22:31:45] [yf2_v5] [INFO] 0号位打出['PASS', 'PASS', 'PASS']， 最大动作为2号位打出的['Single', 'A', ['CA']]
[22:31:45] [yf2_v5] [INFO] 1号位打出['PASS', 'PASS', 'PASS']， 最大动作为2号位打出的['Single', 'A', ['CA']]
[22:31:46] [yf2_v5] [INFO] 2号位打出['Pair', '5', ['S5', 'D5']]， 最大动作为2号位打出的['Pair', '5', ['S5', 'D5']]
[22:31:46] [YFAdapter-P2] [INFO] [YF-P2] Decision context: myPos=2, curPos=2, greaterPos=2, teammate=0, curAction=[, actionList_size=12
[22:31:46] [YFAdapter-P2] [INFO] [YF-P2] Decided: action_index=3, action=['Pair', '7', [['H', '7'], ['C', '7']]]
[22:31:46] [yf2_v5] [INFO] 3号位打出['Pair', '7', ['H7', 'C7']]， 最大动作为3号位打出的['Pair', '7', ['H7', 'C7']]
[22:31:46] [yf2_v5] [INFO] 0号位打出['Pair', '8', ['S8', 'H8']]， 最大动作为0号位打出的['Pair', '8', ['S8', 'H8']]
[22:31:46] [yf2_v5] [INFO] 1号位打出['Pair', 'J', ['SJ', 'DJ']]， 最大动作为1号位打出的['Pair', 'J', ['SJ', 'DJ']]
[22:31:46] [yf2_v5] [INFO] 2号位打出['PASS', 'PASS', 'PASS']， 最大动作为1号位打出的['Pair', 'J', ['SJ', 'DJ']]
[22:31:46] [YFAdapter-P2] [INFO] [YF-P2] Decision context: myPos=2, curPos=2, greaterPos=1, teammate=0, curAction=[, actionList_size=2
[22:31:46] [YFAdapter-P2] [INFO] [YF-P2] Decided: action_index=0, action=['PASS', 'PASS', 'PASS']
[22:31:46] [yf2_v5] [INFO] 3号位打出['Pair', 'K', ['SK', 'DK']]， 最大动作为3号位打出的['Pair', 'K', ['SK', 'DK']]
[22:31:46] [yf2_v5] [INFO] 0号位打出['Bomb', 'A', ['SA', 'HA', 'DA', 'DA']]， 最大动作为0号位打出的['Bomb', 'A', ['SA', 'HA', 'DA', 'DA']]
[22:31:46] [yf2_v5] [INFO] 1号位打出['PASS', 'PASS', 'PASS']， 最大动作为0号位打出的['Bomb', 'A', ['SA', 'HA', 'DA', 'DA']]
[22:31:46] [yf2_v5] [INFO] 2号位打出['PASS', 'PASS', 'PASS']， 最大动作为0号位打出的['Bomb', 'A', ['SA', 'HA', 'DA', 'DA']]
[22:31:46] [YFAdapter-P2] [INFO] [YF-P2] Decision context: myPos=2, curPos=2, greaterPos=0, teammate=0, curAction=[, actionList_size=1
[22:31:46] [YFAdapter-P2] [INFO] [YF-P2] Decided: action_index=0, action=['PASS', 'PASS', 'PASS']
[22:31:46] [yf2_v5] [INFO] 3号位打出['PASS', 'PASS', 'PASS']， 最大动作为0号位打出的['Bomb', 'A', ['SA', 'HA', 'DA', 'DA']]
[22:31:46] [yf2_v5] [INFO] 0号位打出['Pair', '5', ['H5', 'C5']]， 最大动作为0号位打出的['Pair', '5', ['H5', 'C5']]
[22:31:46] [yf2_v5] [INFO] 1号位打出['Pair', '9', ['C9', 'D9']]， 最大动作为1号位打出的['Pair', '9', ['C9', 'D9']]
[22:31:46] [yf2_v5] [INFO] 2号位打出['Pair', 'T', ['HT', 'CT']]， 最大动作为2号位打出的['Pair', 'T', ['HT', 'CT']]
[22:31:46] [YFAdapter-P2] [INFO] [YF-P2] Decision context: myPos=2, curPos=2, greaterPos=2, teammate=0, curAction=[, actionList_size=1
[22:31:46] [YFAdapter-P2] [INFO] [YF-P2] Decided: action_index=0, action=['PASS', 'PASS', 'PASS']
[22:31:46] [yf2_v5] [INFO] 3号位打出['PASS', 'PASS', 'PASS']， 最大动作为2号位打出的['Pair', 'T', ['HT', 'CT']]
[22:31:46] [yf2_v5] [INFO] 0号位打出['PASS', 'PASS', 'PASS']， 最大动作为2号位打出的['Pair', 'T', ['HT', 'CT']]
[22:31:46] [yf2_v5] [INFO] 1号位打出['PASS', 'PASS', 'PASS']， 最大动作为2号位打出的['Pair', 'T', ['HT', 'CT']]
[22:31:46] [yf2_v5] [INFO] 2号位打出['ThreeWithTwo', 'Q', ['CQ', 'CQ', 'DQ', 'D8', 'D8']]， 最大动作为2号位打出的['ThreeWithTwo', 'Q', ['CQ', 'CQ', 'DQ', 'D8', 'D8']]
[22:31:46] [YFAdapter-P2] [INFO] [YF-P2] Decision context: myPos=2, curPos=2, greaterPos=2, teammate=0, curAction=[, actionList_size=1
[22:31:46] [YFAdapter-P2] [INFO] [YF-P2] Decided: action_index=0, action=['PASS', 'PASS', 'PASS']
[22:31:46] [yf2_v5] [INFO] 3号位打出['PASS', 'PASS', 'PASS']， 最大动作为2号位打出的['ThreeWithTwo', 'Q', ['CQ', 'CQ', 'DQ', 'D8', 'D8']]
[22:31:46] [yf2_v5] [INFO] 0号位打出['PASS', 'PASS', 'PASS']， 最大动作为2号位打出的['ThreeWithTwo', 'Q', ['CQ', 'CQ', 'DQ', 'D8', 'D8']]
[22:31:46] [yf2_v5] [INFO] 1号位打出['PASS', 'PASS', 'PASS']， 最大动作为2号位打出的['ThreeWithTwo', 'Q', ['CQ', 'CQ', 'DQ', 'D8', 'D8']]
[22:31:46] [yf2_v5] [INFO] 2号位打出['Bomb', '6', ['S6', 'H6', 'H6', 'D6']]， 最大动作为2号位打出的['Bomb', '6', ['S6', 'H6', 'H6', 'D6']]
[22:31:46] [YFAdapter-P2] [INFO] [YF-P2] Decision context: myPos=2, curPos=2, greaterPos=2, teammate=0, curAction=[, actionList_size=1
[22:31:46] [YFAdapter-P2] [INFO] [YF-P2] Decided: action_index=0, action=['PASS', 'PASS', 'PASS']
[22:31:46] [yf2_v5] [INFO] 3号位打出['PASS', 'PASS', 'PASS']， 最大动作为2号位打出的['Bomb', '6', ['S6', 'H6', 'H6', 'D6']]
[22:31:46] [yf2_v5] [INFO] 0号位打出['PASS', 'PASS', 'PASS']， 最大动作为2号位打出的['Bomb', '6', ['S6', 'H6', 'H6', 'D6']]
[22:31:46] [yf2_v5] [INFO] 0号位打出['Pair', '9', ['S9', 'C9']]， 最大动作为0号位打出的['Pair', '9', ['S9', 'C9']]
[22:31:46] [yf2_v5] [INFO] 1号位打出['Pair', 'T', ['ST', 'DT']]， 最大动作为1号位打出的['Pair', 'T', ['ST', 'DT']]
[22:31:46] [YFAdapter-P2] [INFO] [YF-P2] Decision context: myPos=2, curPos=1, greaterPos=1, teammate=0, curAction=[, actionList_size=1
[22:31:46] [YFAdapter-P2] [INFO] [YF-P2] Decided: action_index=0, action=['PASS', 'PASS', 'PASS']
[22:31:46] [yf2_v5] [INFO] 3号位打出['PASS', 'PASS', 'PASS']， 最大动作为1号位打出的['Pair', 'T', ['ST', 'DT']]
[22:31:46] [yf2_v5] [INFO] 0号位打出['Pair', 'J', ['CJ', 'DJ']]， 最大动作为0号位打出的['Pair', 'J', ['CJ', 'DJ']]
[22:31:46] [yf2_v5] [INFO] 1号位打出['PASS', 'PASS', 'PASS']， 最大动作为0号位打出的['Pair', 'J', ['CJ', 'DJ']]
[22:31:46] [YFAdapter-P2] [INFO] [YF-P2] Decision context: myPos=2, curPos=1, greaterPos=0, teammate=0, curAction=[, actionList_size=1
[22:31:46] [YFAdapter-P2] [INFO] [YF-P2] Decided: action_index=0, action=['PASS', 'PASS', 'PASS']
[22:31:46] [yf2_v5] [INFO] 3号位打出['PASS', 'PASS', 'PASS']， 最大动作为0号位打出的['Pair', 'J', ['CJ', 'DJ']]
[22:31:46] [yf2_v5] [INFO] 0号位打出['ThreeWithTwo', '7', ['H7', 'C7', 'D7', 'S4', 'H4']]， 最大动作为0号位打出的['ThreeWithTwo', '7', ['H7', 'C7', 'D7', 'S4', 'H4']]
[22:31:46] [yf2_v5] [INFO] 1号位打出['PASS', 'PASS', 'PASS']， 最大动作为0号位打出的['ThreeWithTwo', '7', ['H7', 'C7', 'D7', 'S4', 'H4']]
[22:31:46] [YFAdapter-P2] [INFO] [YF-P2] Decision context: myPos=2, curPos=1, greaterPos=0, teammate=0, curAction=[, actionList_size=18
[22:31:46] [YFAdapter-P2] [INFO] [YF-P2] Decided: action_index=0, action=['PASS', 'PASS', 'PASS']
[22:31:46] [yf2_v5] [INFO] 3号位打出['ThreeWithTwo', '8', ['H8', 'C8', 'C8', 'D4', 'D4']]， 最大动作为3号位打出的['ThreeWithTwo', '8', ['H8', 'C8', 'C8', 'D4', 'D4']]
[22:31:46] [yf2_v5] [INFO] 0号位打出['PASS', 'PASS', 'PASS']， 最大动作为3号位打出的['ThreeWithTwo', '8', ['H8', 'C8', 'C8', 'D4', 'D4']]
[22:31:46] [yf2_v5] [INFO] 1号位打出['PASS', 'PASS', 'PASS']， 最大动作为3号位打出的['ThreeWithTwo', '8', ['H8', 'C8', 'C8', 'D4', 'D4']]
[22:31:46] [YFAdapter-P2] [INFO] [YF-P2] Decision context: myPos=2, curPos=-1, greaterPos=-1, teammate=0, curAction=[, actionList_size=21
[22:31:46] [YFAdapter-P2] [INFO] [YF-P2] Decided: action_index=0, action=['Single', '5', [['D', '5']]]
[22:31:46] [yf2_v5] [INFO] 3号位打出['Single', '5', ['D5']]， 最大动作为3号位打出的['Single', '5', ['D5']]
[22:31:46] [yf2_v5] [INFO] 0号位打出['Single', '3', ['D3']]， 最大动作为0号位打出的['Single', '3', ['D3']]
[22:31:46] [yf2_v5] [INFO] 1号位打出['PASS', 'PASS', 'PASS']， 最大动作为0号位打出的['Single', '3', ['D3']]
[22:31:46] [YFAdapter-P2] [INFO] [YF-P2] Decision context: myPos=2, curPos=1, greaterPos=0, teammate=0, curAction=[, actionList_size=1
[22:31:46] [YFAdapter-P2] [INFO] [YF-P2] Decided: action_index=0, action=['PASS', 'PASS', 'PASS']
[22:31:46] [yf2_v5] [INFO] 3号位打出['PASS', 'PASS', 'PASS']， 最大动作为0号位打出的['Single', '3', ['D3']]
[22:31:46] [yf2_v5] [INFO] 0号位打出['Single', 'B', ['SB']]， 最大动作为0号位打出的['Single', 'B', ['SB']]
[22:31:46] [yf2_v5] [INFO] 游戏开始, 我是3号位，手牌：['S2', 'H2', 'H2', 'C2', 'H3', 'H3', 'C3', 'C4', 'C4', 'S6', 'H6', 'C6', 'S7', 'C7', 'S8', 'S9', 'D9', 'HT', 'SJ', 'HJ', 'CQ', 'SK', 'DK', 'SA', 'S5', 'C5', 'SB']
[22:31:46] [YFAdapter-P2] [INFO] [YF-P2] Decision context: myPos=2, curPos=-1, greaterPos=-1, teammate=0, curAction=[, actionList_size=1
[22:31:46] [YFAdapter-P2] [INFO] [YF-P2] Decided: action_index=0, action=['tribute', 'tribute', [['S', 'B']]]
[22:31:46] [YFAdapter-P2] [INFO] [YF-P2] Decision context: myPos=2, curPos=-1, greaterPos=-1, teammate=0, curAction=[, actionList_size=321
[22:31:46] [YFAdapter-P2] [INFO] [YF-P2] Decided: action_index=295, action=['Straight', '8', [['S', '8'], ['S', '9'], ['H', 'T'], ['S', 'J'], ['C', 'Q']]]
[22:31:46] [yf2_v5] [INFO] 3号位打出['Straight', '8', ['S8', 'S9', 'HT', 'SJ', 'CQ']]， 最大动作为3号位打出的['Straight', '8', ['S8', 'S9', 'HT', 'SJ', 'CQ']]
[22:31:46] [yf2_v5] [INFO] 0号位打出['PASS', 'PASS', 'PASS']， 最大动作为3号位打出的['Straight', '8', ['S8', 'S9', 'HT', 'SJ', 'CQ']]
[22:31:46] [yf2_v5] [INFO] 1号位打出['Bomb', 'J', ['HJ', 'CJ', 'DJ', 'H5']]， 最大动作为1号位打出的['Bomb', 'J', ['HJ', 'CJ', 'DJ', 'H5']]
[22:31:46] [yf2_v5] [INFO] 2号位打出['PASS', 'PASS', 'PASS']， 最大动作为1号位打出的['Bomb', 'J', ['HJ', 'CJ', 'DJ', 'H5']]
[22:31:46] [YFAdapter-P2] [INFO] [YF-P2] Decision context: myPos=2, curPos=2, greaterPos=1, teammate=0, curAction=[, actionList_size=1
[22:31:46] [YFAdapter-P2] [INFO] [YF-P2] Decided: action_index=0, action=['PASS', 'PASS', 'PASS']
[22:31:46] [yf2_v5] [INFO] 3号位打出['PASS', 'PASS', 'PASS']， 最大动作为1号位打出的['Bomb', 'J', ['HJ', 'CJ', 'DJ', 'H5']]
[22:31:46] [yf2_v5] [INFO] 0号位打出['PASS', 'PASS', 'PASS']， 最大动作为1号位打出的['Bomb', 'J', ['HJ', 'CJ', 'DJ', 'H5']]
[22:31:46] [yf2_v5] [INFO] 1号位打出['Single', '3', ['D3']]， 最大动作为1号位打出的['Single', '3', ['D3']]
[22:31:46] [yf2_v5] [INFO] 2号位打出['Single', '4', ['H4']]， 最大动作为2号位打出的['Single', '4', ['H4']]
[22:31:46] [YFAdapter-P2] [INFO] [YF-P2] Decision context: myPos=2, curPos=2, greaterPos=2, teammate=0, curAction=[, actionList_size=17
[22:31:46] [YFAdapter-P2] [INFO] [YF-P2] Decided: action_index=7, action=['Single', '9', [['D', '9']]]
[22:31:46] [yf2_v5] [INFO] 3号位打出['Single', '9', ['D9']]， 最大动作为3号位打出的['Single', '9', ['D9']]
[22:31:46] [yf2_v5] [INFO] 0号位打出['Single', 'J', ['DJ']]， 最大动作为0号位打出的['Single', 'J', ['DJ']]
[22:31:46] [yf2_v5] [INFO] 1号位打出['Single', 'A', ['HA']]， 最大动作为1号位打出的['Single', 'A', ['HA']]
[22:31:46] [yf2_v5] [INFO] 2号位打出['Single', '5', ['H5']]， 最大动作为2号位打出的['Single', '5', ['H5']]
[22:31:46] [YFAdapter-P2] [INFO] [YF-P2] Decision context: myPos=2, curPos=2, greaterPos=2, teammate=0, curAction=[, actionList_size=4
[22:31:46] [YFAdapter-P2] [INFO] [YF-P2] Decided: action_index=1, action=['Bomb', '2', [['S', '2'], ['H', '2'], ['H', '2'], ['C', '2']]]
[22:31:46] [yf2_v5] [INFO] 3号位打出['Bomb', '2', ['S2', 'H2', 'H2', 'C2']]， 最大动作为3号位打出的['Bomb', '2', ['S2', 'H2', 'H2', 'C2']]
[22:31:46] [yf2_v5] [INFO] 0号位打出['Bomb', '6', ['S6', 'H6', 'D6', 'D6']]， 最大动作为0号位打出的['Bomb', '6', ['S6', 'H6', 'D6', 'D6']]
[22:31:46] [yf2_v5] [INFO] 1号位打出['PASS', 'PASS', 'PASS']， 最大动作为0号位打出的['Bomb', '6', ['S6', 'H6', 'D6', 'D6']]
[22:31:46] [yf2_v5] [INFO] 2号位打出['PASS', 'PASS', 'PASS']， 最大动作为0号位打出的['Bomb', '6', ['S6', 'H6', 'D6', 'D6']]
[22:31:46] [YFAdapter-P2] [INFO] [YF-P2] Decision context: myPos=2, curPos=2, greaterPos=0, teammate=0, curAction=[, actionList_size=1
[22:31:46] [YFAdapter-P2] [INFO] [YF-P2] Decided: action_index=0, action=['PASS', 'PASS', 'PASS']
[22:31:46] [yf2_v5] [INFO] 3号位打出['PASS', 'PASS', 'PASS']， 最大动作为0号位打出的['Bomb', '6', ['S6', 'H6', 'D6', 'D6']]
[22:31:46] [yf2_v5] [INFO] 0号位打出['ThreePair', '2', ['D2', 'D2', 'S3', 'C3', 'D4', 'D4']]， 最大动作为0号位打出的['ThreePair', '2', ['D2', 'D2', 'S3', 'C3', 'D4', 'D4']]
[22:31:46] [yf2_v5] [INFO] 1号位打出['ThreePair', '7', ['S7', 'C7', 'C8', 'D8', 'H9', 'H9']]， 最大动作为1号位打出的['ThreePair', '7', ['S7', 'C7', 'C8', 'D8', 'H9', 'H9']]
[22:31:46] [yf2_v5] [INFO] 2号位打出['PASS', 'PASS', 'PASS']， 最大动作为1号位打出的['ThreePair', '7', ['S7', 'C7', 'C8', 'D8', 'H9', 'H9']]
[22:31:46] [YFAdapter-P2] [INFO] [YF-P2] Decision context: myPos=2, curPos=2, greaterPos=1, teammate=0, curAction=[, actionList_size=2
[22:31:46] [YFAdapter-P2] [INFO] [YF-P2] Decided: action_index=0, action=['PASS', 'PASS', 'PASS']
[22:31:46] [yf2_v5] [INFO] 3号位打出['StraightFlush', '3', ['C3', 'C4', 'C5', 'C6', 'C7']]， 最大动作为3号位打出的['StraightFlush', '3', ['C3', 'C4', 'C5', 'C6', 'C7']]
[22:31:46] [yf2_v5] [INFO] 0号位打出['PASS', 'PASS', 'PASS']， 最大动作为3号位打出的['StraightFlush', '3', ['C3', 'C4', 'C5', 'C6', 'C7']]
[22:31:46] [yf2_v5] [INFO] 1号位打出['PASS', 'PASS', 'PASS']， 最大动作为3号位打出的['StraightFlush', '3', ['C3', 'C4', 'C5', 'C6', 'C7']]
[22:31:46] [yf2_v5] [INFO] 2号位打出['PASS', 'PASS', 'PASS']， 最大动作为3号位打出的['StraightFlush', '3', ['C3', 'C4', 'C5', 'C6', 'C7']]
[22:31:46] [YFAdapter-P2] [INFO] [YF-P2] Decision context: myPos=2, curPos=-1, greaterPos=-1, teammate=0, curAction=[, actionList_size=16
[22:31:46] [YFAdapter-P2] [INFO] [YF-P2] Decided: action_index=1, action=['Single', '4', [['C', '4']]]
[22:31:46] [yf2_v5] [INFO] 3号位打出['Single', '4', ['C4']]， 最大动作为3号位打出的['Single', '4', ['C4']]
[22:31:46] [yf2_v5] [INFO] 0号位打出['Single', '5', ['S5']]， 最大动作为0号位打出的['Single', '5', ['S5']]
[22:31:46] [yf2_v5] [INFO] 1号位打出['PASS', 'PASS', 'PASS']， 最大动作为0号位打出的['Single', '5', ['S5']]
[22:31:46] [yf2_v5] [INFO] 2号位打出['PASS', 'PASS', 'PASS']， 最大动作为0号位打出的['Single', '5', ['S5']]
[22:31:46] [YFAdapter-P2] [INFO] [YF-P2] Decision context: myPos=2, curPos=2, greaterPos=0, teammate=0, curAction=[, actionList_size=1
[22:31:46] [YFAdapter-P2] [INFO] [YF-P2] Decided: action_index=0, action=['PASS', 'PASS', 'PASS']
[22:31:46] [yf2_v5] [INFO] 3号位打出['PASS', 'PASS', 'PASS']， 最大动作为0号位打出的['Single', '5', ['S5']]
[22:31:46] [yf2_v5] [INFO] 0号位打出['Single', '8', ['H8']]， 最大动作为0号位打出的['Single', '8', ['H8']]
[22:31:46] [yf2_v5] [INFO] 1号位打出['Single', 'A', ['CA']]， 最大动作为1号位打出的['Single', 'A', ['CA']]
[22:31:46] [yf2_v5] [INFO] 2号位打出['Single', 'B', ['SB']]， 最大动作为2号位打出的['Single', 'B', ['SB']]
[22:31:46] [YFAdapter-P2] [INFO] [YF-P2] Decision context: myPos=2, curPos=2, greaterPos=2, teammate=0, curAction=[, actionList_size=1
[22:31:46] [YFAdapter-P2] [INFO] [YF-P2] Decided: action_index=0, action=['PASS', 'PASS', 'PASS']
[22:31:46] [yf2_v5] [INFO] 3号位打出['PASS', 'PASS', 'PASS']， 最大动作为2号位打出的['Single', 'B', ['SB']]
[22:31:46] [yf2_v5] [INFO] 0号位打出['PASS', 'PASS', 'PASS']， 最大动作为2号位打出的['Single', 'B', ['SB']]
[22:31:46] [yf2_v5] [INFO] 1号位打出['PASS', 'PASS', 'PASS']， 最大动作为2号位打出的['Single', 'B', ['SB']]
[22:31:46] [yf2_v5] [INFO] 2号位打出['Pair', '8', ['S8', 'H8']]， 最大动作为2号位打出的['Pair', '8', ['S8', 'H8']]
[22:31:46] [YFAdapter-P2] [INFO] [YF-P2] Decision context: myPos=2, curPos=2, greaterPos=2, teammate=0, curAction=[, actionList_size=2
[22:31:46] [YFAdapter-P2] [INFO] [YF-P2] Decided: action_index=0, action=['PASS', 'PASS', 'PASS']
[22:31:46] [yf2_v5] [INFO] 3号位打出['PASS', 'PASS', 'PASS']， 最大动作为2号位打出的['Pair', '8', ['S8', 'H8']]
[22:31:46] [yf2_v5] [INFO] 0号位打出['Pair', 'T', ['CT', 'DT']]， 最大动作为0号位打出的['Pair', 'T', ['CT', 'DT']]
[22:31:46] [yf2_v5] [INFO] 1号位打出['Pair', 'Q', ['HQ', 'DQ']]， 最大动作为1号位打出的['Pair', 'Q', ['HQ', 'DQ']]
[22:31:46] [yf2_v5] [INFO] 2号位打出['Pair', 'R', ['HR', 'HR']]， 最大动作为2号位打出的['Pair', 'R', ['HR', 'HR']]
[22:31:46] [YFAdapter-P2] [INFO] [YF-P2] Decision context: myPos=2, curPos=2, greaterPos=2, teammate=0, curAction=[, actionList_size=1
[22:31:46] [YFAdapter-P2] [INFO] [YF-P2] Decided: action_index=0, action=['PASS', 'PASS', 'PASS']
[22:31:46] [yf2_v5] [INFO] 3号位打出['PASS', 'PASS', 'PASS']， 最大动作为2号位打出的['Pair', 'R', ['HR', 'HR']]
[22:31:46] [yf2_v5] [INFO] 0号位打出['PASS', 'PASS', 'PASS']， 最大动作为2号位打出的['Pair', 'R', ['HR', 'HR']]
[22:31:46] [yf2_v5] [INFO] 1号位打出['PASS', 'PASS', 'PASS']， 最大动作为2号位打出的['Pair', 'R', ['HR', 'HR']]
[22:31:46] [yf2_v5] [INFO] 2号位打出['ThreeWithTwo', '7', ['H7', 'H7', 'D7', 'S3', 'D3']]， 最大动作为2号位打出的['ThreeWithTwo', '7', ['H7', 'H7', 'D7', 'S3', 'D3']]
[22:31:46] [YFAdapter-P2] [INFO] [YF-P2] Decision context: myPos=2, curPos=2, greaterPos=2, teammate=0, curAction=[, actionList_size=1
[22:31:46] [YFAdapter-P2] [INFO] [YF-P2] Decided: action_index=0, action=['PASS', 'PASS', 'PASS']
[22:31:46] [yf2_v5] [INFO] 3号位打出['PASS', 'PASS', 'PASS']， 最大动作为2号位打出的['ThreeWithTwo', '7', ['H7', 'H7', 'D7', 'S3', 'D3']]
[22:31:46] [yf2_v5] [INFO] 0号位打出['ThreeWithTwo', '9', ['S9', 'C9', 'D9', 'C8', 'D8']]， 最大动作为0号位打出的['ThreeWithTwo', '9', ['S9', 'C9', 'D9', 'C8', 'D8']]
[22:31:46] [yf2_v5] [INFO] 1号位打出['ThreeWithTwo', '5', ['C5', 'D5', 'D5', 'S2', 'C2']]， 最大动作为1号位打出的['ThreeWithTwo', '5', ['C5', 'D5', 'D5', 'S2', 'C2']]
[22:31:46] [yf2_v5] [INFO] 2号位打出['Bomb', 'T', ['ST', 'ST', 'HT', 'CT', 'DT']]， 最大动作为2号位打出的['Bomb', 'T', ['ST', 'ST', 'HT', 'CT', 'DT']]
[22:31:46] [YFAdapter-P2] [INFO] [YF-P2] Decision context: myPos=2, curPos=2, greaterPos=2, teammate=0, curAction=[, actionList_size=1
[22:31:46] [YFAdapter-P2] [INFO] [YF-P2] Decided: action_index=0, action=['PASS', 'PASS', 'PASS']
[22:31:46] [yf2_v5] [INFO] 3号位打出['PASS', 'PASS', 'PASS']， 最大动作为2号位打出的['Bomb', 'T', ['ST', 'ST', 'HT', 'CT', 'DT']]
[22:31:46] [yf2_v5] [INFO] 0号位打出['PASS', 'PASS', 'PASS']， 最大动作为2号位打出的['Bomb', 'T', ['ST', 'ST', 'HT', 'CT', 'DT']]
[22:31:46] [yf2_v5] [INFO] 1号位打出['PASS', 'PASS', 'PASS']， 最大动作为2号位打出的['Bomb', 'T', ['ST', 'ST', 'HT', 'CT', 'DT']]
[22:31:46] [yf2_v5] [INFO] 2号位打出['Pair', 'J', ['SJ', 'CJ']]， 最大动作为2号位打出的['Pair', 'J', ['SJ', 'CJ']]
[22:31:46] [YFAdapter-P2] [INFO] [YF-P2] Decision context: myPos=2, curPos=2, greaterPos=2, teammate=0, curAction=[, actionList_size=2
[22:31:46] [YFAdapter-P2] [INFO] [YF-P2] Decided: action_index=1, action=['Pair', 'K', [['S', 'K'], ['D', 'K']]]
[22:31:46] [yf2_v5] [INFO] 3号位打出['Pair', 'K', ['SK', 'DK']]， 最大动作为3号位打出的['Pair', 'K', ['SK', 'DK']]
[22:31:46] [yf2_v5] [INFO] 0号位打出['PASS', 'PASS', 'PASS']， 最大动作为3号位打出的['Pair', 'K', ['SK', 'DK']]
[22:31:46] [yf2_v5] [INFO] 1号位打出['PASS', 'PASS', 'PASS']， 最大动作为3号位打出的['Pair', 'K', ['SK', 'DK']]
[22:31:46] [yf2_v5] [INFO] 2号位打出['Bomb', 'A', ['SA', 'HA', 'CA', 'DA', 'DA']]， 最大动作为2号位打出的['Bomb', 'A', ['SA', 'HA', 'CA', 'DA', 'DA']]
[22:31:46] [YFAdapter-P2] [INFO] [YF-P2] Decision context: myPos=2, curPos=2, greaterPos=2, teammate=0, curAction=[, actionList_size=1
[22:31:46] [YFAdapter-P2] [INFO] [YF-P2] Decided: action_index=0, action=['PASS', 'PASS', 'PASS']
[22:31:46] [yf2_v5] [INFO] 3号位打出['PASS', 'PASS', 'PASS']， 最大动作为2号位打出的['Bomb', 'A', ['SA', 'HA', 'CA', 'DA', 'DA']]
[22:31:46] [yf2_v5] [INFO] 0号位打出['PASS', 'PASS', 'PASS']， 最大动作为2号位打出的['Bomb', 'A', ['SA', 'HA', 'CA', 'DA', 'DA']]
[22:31:46] [yf2_v5] [INFO] 1号位打出['PASS', 'PASS', 'PASS']， 最大动作为2号位打出的['Bomb', 'A', ['SA', 'HA', 'CA', 'DA', 'DA']]
[22:31:46] [yf2_v5] [INFO] 2号位打出['Pair', 'Q', ['HQ', 'CQ']]， 最大动作为2号位打出的['Pair', 'Q', ['HQ', 'CQ']]
[22:31:46] [YFAdapter-P2] [INFO] [YF-P2] Decision context: myPos=2, curPos=2, greaterPos=2, teammate=0, curAction=[, actionList_size=1
[22:31:46] [YFAdapter-P2] [INFO] [YF-P2] Decided: action_index=0, action=['PASS', 'PASS', 'PASS']
[22:31:46] [yf2_v5] [INFO] 3号位打出['PASS', 'PASS', 'PASS']， 最大动作为2号位打出的['Pair', 'Q', ['HQ', 'CQ']]
[22:31:46] [yf2_v5] [INFO] 0号位打出['PASS', 'PASS', 'PASS']， 最大动作为2号位打出的['Pair', 'Q', ['HQ', 'CQ']]
[22:31:46] [yf2_v5] [INFO] 1号位打出['PASS', 'PASS', 'PASS']， 最大动作为2号位打出的['Pair', 'Q', ['HQ', 'CQ']]
[22:31:46] [yf2_v5] [INFO] 2号位打出['Single', 'K', ['CK']]， 最大动作为2号位打出的['Single', 'K', ['CK']]
[22:31:46] [YFAdapter-P2] [INFO] [YF-P2] Decision context: myPos=2, curPos=2, greaterPos=2, teammate=0, curAction=[, actionList_size=3
[22:31:46] [YFAdapter-P2] [INFO] [YF-P2] Decided: action_index=0, action=['PASS', 'PASS', 'PASS']
[22:31:46] [yf2_v5] [INFO] 3号位打出['PASS', 'PASS', 'PASS']， 最大动作为2号位打出的['Single', 'K', ['CK']]
[22:31:46] [yf2_v5] [INFO] 0号位打出['PASS', 'PASS', 'PASS']， 最大动作为2号位打出的['Single', 'K', ['CK']]
[22:31:46] [yf2_v5] [INFO] 0号位打出['Trips', 'Q', ['SQ', 'SQ', 'DQ']]， 最大动作为0号位打出的['Trips', 'Q', ['SQ', 'SQ', 'DQ']]
[22:31:46] [yf2_v5] [INFO] 1号位打出['PASS', 'PASS', 'PASS']， 最大动作为0号位打出的['Trips', 'Q', ['SQ', 'SQ', 'DQ']]
[22:31:46] [YFAdapter-P2] [INFO] [YF-P2] Decision context: myPos=2, curPos=1, greaterPos=0, teammate=0, curAction=[, actionList_size=1
[22:31:46] [YFAdapter-P2] [INFO] [YF-P2] Decided: action_index=0, action=['PASS', 'PASS', 'PASS']
[22:31:46] [yf2_v5] [INFO] 3号位打出['PASS', 'PASS', 'PASS']， 最大动作为0号位打出的['Trips', 'Q', ['SQ', 'SQ', 'DQ']]
[22:31:46] [yf2_v5] [INFO] 0号位打出['Trips', 'K', ['HK', 'CK', 'DK']]， 最大动作为0号位打出的['Trips', 'K', ['HK', 'CK', 'DK']]
[22:31:46] [yf2_v5] [INFO] 1号位打出['PASS', 'PASS', 'PASS']， 最大动作为0号位打出的['Trips', 'K', ['HK', 'CK', 'DK']]
[22:31:46] [YFAdapter-P2] [INFO] [YF-P2] Decision context: myPos=2, curPos=1, greaterPos=0, teammate=0, curAction=[, actionList_size=1
[22:31:46] [YFAdapter-P2] [INFO] [YF-P2] Decided: action_index=0, action=['PASS', 'PASS', 'PASS']
[22:31:46] [yf2_v5] [INFO] 3号位打出['PASS', 'PASS', 'PASS']， 最大动作为0号位打出的['Trips', 'K', ['HK', 'CK', 'DK']]
[22:31:46] [yf2_v5] [INFO] 0号位打出['Single', 'B', ['SB']]， 最大动作为0号位打出的['Single', 'B', ['SB']]
[22:31:46] [yf2_v5] [INFO] 游戏开始, 我是3号位，手牌：['D2', 'D2', 'C4', 'D4', 'S5', 'H7', 'C7', 'C7', 'S9', 'D9', 'CT', 'SJ', 'HJ', 'CJ', 'CJ', 'DJ', 'CQ', 'SK', 'HK', 'CK', 'DK', 'SA', 'HA', 'CA', 'DA', 'D8', 'SB']
[22:31:46] [YFAdapter-P2] [INFO] [YF-P2] Decision context: myPos=2, curPos=-1, greaterPos=-1, teammate=0, curAction=[, actionList_size=1
[22:31:46] [YFAdapter-P2] [INFO] [YF-P2] Decided: action_index=0, action=['tribute', 'tribute', [['S', 'B']]]
[22:31:46] [YFAdapter-P2] [INFO] [YF-P2] Decision context: myPos=2, curPos=-1, greaterPos=-1, teammate=0, curAction=[, actionList_size=494
[22:31:46] [YFAdapter-P2] [INFO] [YF-P2] Decided: action_index=25, action=['Pair', '4', [['C', '4'], ['D', '4']]]
[22:31:46] [yf2_v5] [INFO] 3号位打出['Pair', '4', ['C4', 'D4']]， 最大动作为3号位打出的['Pair', '4', ['C4', 'D4']]
[22:31:46] [yf2_v5] [INFO] 0号位打出['Pair', 'K', ['HK', 'DK']]， 最大动作为0号位打出的['Pair', 'K', ['HK', 'DK']]
[22:31:46] [yf2_v5] [INFO] 1号位打出['Bomb', 'T', ['ST', 'HT', 'HT', 'H8']]， 最大动作为1号位打出的['Bomb', 'T', ['ST', 'HT', 'HT', 'H8']]
[22:31:46] [yf2_v5] [INFO] 2号位打出['PASS', 'PASS', 'PASS']， 最大动作为1号位打出的['Bomb', 'T', ['ST', 'HT', 'HT', 'H8']]
[22:31:46] [YFAdapter-P2] [INFO] [YF-P2] Decision context: myPos=2, curPos=2, greaterPos=1, teammate=0, curAction=[, actionList_size=8
[22:31:46] [YFAdapter-P2] [INFO] [YF-P2] Decided: action_index=0, action=['PASS', 'PASS', 'PASS']
[22:31:46] [yf2_v5] [INFO] 3号位打出['Bomb', 'A', ['SA', 'HA', 'CA', 'DA']]， 最大动作为3号位打出的['Bomb', 'A', ['SA', 'HA', 'CA', 'DA']]
[22:31:46] [yf2_v5] [INFO] 0号位打出['PASS', 'PASS', 'PASS']， 最大动作为3号位打出的['Bomb', 'A', ['SA', 'HA', 'CA', 'DA']]
[22:31:46] [yf2_v5] [INFO] 1号位打出['Bomb', '2', ['S2', 'S2', 'H2', 'C2', 'H8']]， 最大动作为1号位打出的['Bomb', '2', ['S2', 'S2', 'H2', 'C2', 'H8']]
[22:31:46] [yf2_v5] [INFO] 2号位打出['PASS', 'PASS', 'PASS']， 最大动作为1号位打出的['Bomb', '2', ['S2', 'S2', 'H2', 'C2', 'H8']]
[22:31:46] [YFAdapter-P2] [INFO] [YF-P2] Decision context: myPos=2, curPos=2, greaterPos=1, teammate=0, curAction=[, actionList_size=2
[22:31:46] [YFAdapter-P2] [INFO] [YF-P2] Decided: action_index=0, action=['PASS', 'PASS', 'PASS']
[22:31:46] [yf2_v5] [INFO] 3号位打出['Bomb', 'J', ['SJ', 'HJ', 'CJ', 'CJ', 'DJ']]， 最大动作为3号位打出的['Bomb', 'J', ['SJ', 'HJ', 'CJ', 'CJ', 'DJ']]
[22:31:46] [yf2_v5] [INFO] 0号位打出['PASS', 'PASS', 'PASS']， 最大动作为3号位打出的['Bomb', 'J', ['SJ', 'HJ', 'CJ', 'CJ', 'DJ']]
[22:31:46] [yf2_v5] [INFO] 1号位打出['PASS', 'PASS', 'PASS']， 最大动作为3号位打出的['Bomb', 'J', ['SJ', 'HJ', 'CJ', 'CJ', 'DJ']]
[22:31:46] [yf2_v5] [INFO] 2号位打出['PASS', 'PASS', 'PASS']， 最大动作为3号位打出的['Bomb', 'J', ['SJ', 'HJ', 'CJ', 'CJ', 'DJ']]
[22:31:46] [YFAdapter-P2] [INFO] [YF-P2] Decision context: myPos=2, curPos=-1, greaterPos=-1, teammate=0, curAction=[, actionList_size=60
[22:31:46] [YFAdapter-P2] [INFO] [YF-P2] Decided: action_index=15, action=['Pair', '5', [['S', '5'], ['D', '5']]]
[22:31:46] [yf2_v5] [INFO] 3号位打出['Pair', '5', ['S5', 'D5']]， 最大动作为3号位打出的['Pair', '5', ['S5', 'D5']]
[22:31:46] [yf2_v5] [INFO] 0号位打出['Pair', '8', ['S8', 'D8']]， 最大动作为0号位打出的['Pair', '8', ['S8', 'D8']]
[22:31:46] [yf2_v5] [INFO] 1号位打出['Bomb', 'Q', ['SQ', 'HQ', 'HQ', 'CQ']]， 最大动作为1号位打出的['Bomb', 'Q', ['SQ', 'HQ', 'HQ', 'CQ']]
[22:31:46] [yf2_v5] [INFO] 2号位打出['PASS', 'PASS', 'PASS']， 最大动作为1号位打出的['Bomb', 'Q', ['SQ', 'HQ', 'HQ', 'CQ']]
[22:31:46] [YFAdapter-P2] [INFO] [YF-P2] Decision context: myPos=2, curPos=2, greaterPos=1, teammate=0, curAction=[, actionList_size=2
[22:31:46] [YFAdapter-P2] [INFO] [YF-P2] Decided: action_index=0, action=['PASS', 'PASS', 'PASS']
[22:31:46] [yf2_v5] [INFO] 3号位打出['Bomb', 'K', ['SK', 'HK', 'CK', 'DK']]， 最大动作为3号位打出的['Bomb', 'K', ['SK', 'HK', 'CK', 'DK']]
[22:31:46] [yf2_v5] [INFO] 0号位打出['PASS', 'PASS', 'PASS']， 最大动作为3号位打出的['Bomb', 'K', ['SK', 'HK', 'CK', 'DK']]
[22:31:46] [yf2_v5] [INFO] 1号位打出['PASS', 'PASS', 'PASS']， 最大动作为3号位打出的['Bomb', 'K', ['SK', 'HK', 'CK', 'DK']]
[22:31:46] [yf2_v5] [INFO] 2号位打出['PASS', 'PASS', 'PASS']， 最大动作为3号位打出的['Bomb', 'K', ['SK', 'HK', 'CK', 'DK']]
[22:31:46] [YFAdapter-P2] [INFO] [YF-P2] Decision context: myPos=2, curPos=-1, greaterPos=-1, teammate=0, curAction=[, actionList_size=15
[22:31:46] [YFAdapter-P2] [INFO] [YF-P2] Decided: action_index=11, action=['Pair', '9', [['S', '9'], ['D', '9']]]
[22:31:46] [yf2_v5] [INFO] 3号位打出['Pair', '9', ['S9', 'D9']]， 最大动作为3号位打出的['Pair', '9', ['S9', 'D9']]
[22:31:46] [yf2_v5] [INFO] 0号位打出['Pair', '8', ['C8', 'C8']]， 最大动作为0号位打出的['Pair', '8', ['C8', 'C8']]
[22:31:46] [yf2_v5] [INFO] 1号位打出['PASS', 'PASS', 'PASS']， 最大动作为0号位打出的['Pair', '8', ['C8', 'C8']]
[22:31:46] [yf2_v5] [INFO] 2号位打出['PASS', 'PASS', 'PASS']， 最大动作为0号位打出的['Pair', '8', ['C8', 'C8']]
[22:31:46] [YFAdapter-P2] [INFO] [YF-P2] Decision context: myPos=2, curPos=2, greaterPos=0, teammate=0, curAction=[, actionList_size=1
[22:31:46] [YFAdapter-P2] [INFO] [YF-P2] Decided: action_index=0, action=['PASS', 'PASS', 'PASS']
[22:31:46] [yf2_v5] [INFO] 3号位打出['PASS', 'PASS', 'PASS']， 最大动作为0号位打出的['Pair', '8', ['C8', 'C8']]
[22:31:46] [yf2_v5] [INFO] 0号位打出['Single', '3', ['S3']]， 最大动作为0号位打出的['Single', '3', ['S3']]
[22:31:46] [yf2_v5] [INFO] 1号位打出['Single', 'K', ['CK']]， 最大动作为1号位打出的['Single', 'K', ['CK']]
[22:31:46] [yf2_v5] [INFO] 2号位打出['Single', '8', ['S8']]， 最大动作为2号位打出的['Single', '8', ['S8']]
[22:31:46] [YFAdapter-P2] [INFO] [YF-P2] Decision context: myPos=2, curPos=2, greaterPos=2, teammate=0, curAction=[, actionList_size=1
[22:31:46] [YFAdapter-P2] [INFO] [YF-P2] Decided: action_index=0, action=['PASS', 'PASS', 'PASS']
[22:31:46] [yf2_v5] [INFO] 3号位打出['PASS', 'PASS', 'PASS']， 最大动作为2号位打出的['Single', '8', ['S8']]
[22:31:46] [yf2_v5] [INFO] 0号位打出['PASS', 'PASS', 'PASS']， 最大动作为2号位打出的['Single', '8', ['S8']]
[22:31:46] [yf2_v5] [INFO] 1号位打出['PASS', 'PASS', 'PASS']， 最大动作为2号位打出的['Single', '8', ['S8']]
[22:31:46] [yf2_v5] [INFO] 2号位打出['Single', '2', ['C2']]， 最大动作为2号位打出的['Single', '2', ['C2']]
[22:31:46] [YFAdapter-P2] [INFO] [YF-P2] Decision context: myPos=2, curPos=2, greaterPos=2, teammate=0, curAction=[, actionList_size=6
[22:31:46] [YFAdapter-P2] [INFO] [YF-P2] Decided: action_index=0, action=['PASS', 'PASS', 'PASS']
[22:31:46] [yf2_v5] [INFO] 3号位打出['Single', 'Q', ['CQ']]， 最大动作为3号位打出的['Single', 'Q', ['CQ']]
[22:31:46] [yf2_v5] [INFO] 0号位打出['PASS', 'PASS', 'PASS']， 最大动作为3号位打出的['Single', 'Q', ['CQ']]
[22:31:46] [yf2_v5] [INFO] 1号位打出['PASS', 'PASS', 'PASS']， 最大动作为3号位打出的['Single', 'Q', ['CQ']]
[22:31:46] [yf2_v5] [INFO] 2号位打出['Single', 'K', ['SK']]， 最大动作为2号位打出的['Single', 'K', ['SK']]
[22:31:46] [YFAdapter-P2] [INFO] [YF-P2] Decision context: myPos=2, curPos=2, greaterPos=2, teammate=0, curAction=[, actionList_size=2
[22:31:46] [YFAdapter-P2] [INFO] [YF-P2] Decided: action_index=0, action=['PASS', 'PASS', 'PASS']
[22:31:46] [yf2_v5] [INFO] 3号位打出['Single', '8', ['D8']]， 最大动作为3号位打出的['Single', '8', ['D8']]
[22:31:46] [yf2_v5] [INFO] 0号位打出['PASS', 'PASS', 'PASS']， 最大动作为3号位打出的['Single', '8', ['D8']]
[22:31:46] [yf2_v5] [INFO] 1号位打出['PASS', 'PASS', 'PASS']， 最大动作为3号位打出的['Single', '8', ['D8']]
[22:31:46] [yf2_v5] [INFO] 2号位打出['Single', 'B', ['SB']]， 最大动作为2号位打出的['Single', 'B', ['SB']]
[22:31:46] [YFAdapter-P2] [INFO] [YF-P2] Decision context: myPos=2, curPos=2, greaterPos=2, teammate=0, curAction=[, actionList_size=1
[22:31:46] [YFAdapter-P2] [INFO] [YF-P2] Decided: action_index=0, action=['PASS', 'PASS', 'PASS']
[22:31:46] [yf2_v5] [INFO] 3号位打出['PASS', 'PASS', 'PASS']， 最大动作为2号位打出的['Single', 'B', ['SB']]
[22:31:46] [yf2_v5] [INFO] 0号位打出['PASS', 'PASS', 'PASS']， 最大动作为2号位打出的['Single', 'B', ['SB']]
[22:31:46] [yf2_v5] [INFO] 1号位打出['PASS', 'PASS', 'PASS']， 最大动作为2号位打出的['Single', 'B', ['SB']]
[22:31:46] [yf2_v5] [INFO] 2号位打出['Straight', 'A', ['SA', 'H2', 'C3', 'S4', 'H5']]， 最大动作为2号位打出的['Straight', 'A', ['SA', 'H2', 'C3', 'S4', 'H5']]
[22:31:46] [YFAdapter-P2] [INFO] [YF-P2] Decision context: myPos=2, curPos=2, greaterPos=2, teammate=0, curAction=[, actionList_size=1
[22:31:46] [YFAdapter-P2] [INFO] [YF-P2] Decided: action_index=0, action=['PASS', 'PASS', 'PASS']
[22:31:46] [yf2_v5] [INFO] 3号位打出['PASS', 'PASS', 'PASS']， 最大动作为2号位打出的['Straight', 'A', ['SA', 'H2', 'C3', 'S4', 'H5']]
[22:31:47] [yf2_v5] [INFO] 0号位打出['PASS', 'PASS', 'PASS']， 最大动作为2号位打出的['Straight', 'A', ['SA', 'H2', 'C3', 'S4', 'H5']]
[22:31:47] [yf2_v5] [INFO] 1号位打出['Straight', '3', ['H3', 'H4', 'C5', 'H6', 'S7']]， 最大动作为1号位打出的['Straight', '3', ['H3', 'H4', 'C5', 'H6', 'S7']]
[22:31:47] [yf2_v5] [INFO] 2号位打出['Bomb', 'T', ['ST', 'CT', 'DT', 'DT']]， 最大动作为2号位打出的['Bomb', 'T', ['ST', 'CT', 'DT', 'DT']]
[22:31:47] [YFAdapter-P2] [INFO] [YF-P2] Decision context: myPos=2, curPos=2, greaterPos=2, teammate=0, curAction=[, actionList_size=1
[22:31:47] [YFAdapter-P2] [INFO] [YF-P2] Decided: action_index=0, action=['PASS', 'PASS', 'PASS']
[22:31:47] [yf2_v5] [INFO] 3号位打出['PASS', 'PASS', 'PASS']， 最大动作为2号位打出的['Bomb', 'T', ['ST', 'CT', 'DT', 'DT']]
[22:31:47] [yf2_v5] [INFO] 0号位打出['PASS', 'PASS', 'PASS']， 最大动作为2号位打出的['Bomb', 'T', ['ST', 'CT', 'DT', 'DT']]
[22:31:47] [yf2_v5] [INFO] 1号位打出['PASS', 'PASS', 'PASS']， 最大动作为2号位打出的['Bomb', 'T', ['ST', 'CT', 'DT', 'DT']]
[22:31:47] [yf2_v5] [INFO] 2号位打出['Pair', '9', ['H9', 'C9']]， 最大动作为2号位打出的['Pair', '9', ['H9', 'C9']]
[22:31:47] [YFAdapter-P2] [INFO] [YF-P2] Decision context: myPos=2, curPos=2, greaterPos=2, teammate=0, curAction=[, actionList_size=1
[22:31:47] [YFAdapter-P2] [INFO] [YF-P2] Decided: action_index=0, action=['PASS', 'PASS', 'PASS']
[22:31:47] [yf2_v5] [INFO] 3号位打出['PASS', 'PASS', 'PASS']， 最大动作为2号位打出的['Pair', '9', ['H9', 'C9']]
[22:31:47] [yf2_v5] [INFO] 0号位打出['PASS', 'PASS', 'PASS']， 最大动作为2号位打出的['Pair', '9', ['H9', 'C9']]
[22:31:47] [yf2_v5] [INFO] 1号位打出['PASS', 'PASS', 'PASS']， 最大动作为2号位打出的['Pair', '9', ['H9', 'C9']]
[22:31:47] [yf2_v5] [INFO] 2号位打出['ThreeWithTwo', '7', ['S7', 'H7', 'D7', 'S6', 'D6']]， 最大动作为2号位打出的['ThreeWithTwo', '7', ['S7', 'H7', 'D7', 'S6', 'D6']]
[22:31:47] [YFAdapter-P2] [INFO] [YF-P2] Decision context: myPos=2, curPos=2, greaterPos=2, teammate=0, curAction=[, actionList_size=1
[22:31:47] [YFAdapter-P2] [INFO] [YF-P2] Decided: action_index=0, action=['PASS', 'PASS', 'PASS']
[22:31:47] [yf2_v5] [INFO] 3号位打出['PASS', 'PASS', 'PASS']， 最大动作为2号位打出的['ThreeWithTwo', '7', ['S7', 'H7', 'D7', 'S6', 'D6']]
[22:31:47] [yf2_v5] [INFO] 0号位打出['PASS', 'PASS', 'PASS']， 最大动作为2号位打出的['ThreeWithTwo', '7', ['S7', 'H7', 'D7', 'S6', 'D6']]
[22:31:47] [yf2_v5] [INFO] 1号位打出['PASS', 'PASS', 'PASS']， 最大动作为2号位打出的['ThreeWithTwo', '7', ['S7', 'H7', 'D7', 'S6', 'D6']]
[22:31:47] [yf2_v5] [INFO] 2号位打出['Pair', 'J', ['SJ', 'HJ']]， 最大动作为2号位打出的['Pair', 'J', ['SJ', 'HJ']]
[22:31:47] [YFAdapter-P2] [INFO] [YF-P2] Decision context: myPos=2, curPos=2, greaterPos=2, teammate=0, curAction=[, actionList_size=1
[22:31:47] [YFAdapter-P2] [INFO] [YF-P2] Decided: action_index=0, action=['PASS', 'PASS', 'PASS']
[22:31:47] [yf2_v5] [INFO] 3号位打出['PASS', 'PASS', 'PASS']， 最大动作为2号位打出的['Pair', 'J', ['SJ', 'HJ']]
[22:31:47] [yf2_v5] [INFO] 0号位打出['PASS', 'PASS', 'PASS']， 最大动作为2号位打出的['Pair', 'J', ['SJ', 'HJ']]
[22:31:47] [yf2_v5] [INFO] 1号位打出['PASS', 'PASS', 'PASS']， 最大动作为2号位打出的['Pair', 'J', ['SJ', 'HJ']]
[22:31:47] [yf2_v5] [INFO] 2号位打出['Pair', 'Q', ['SQ', 'DQ']]， 最大动作为2号位打出的['Pair', 'Q', ['SQ', 'DQ']]
[22:31:47] [YFAdapter-P2] [INFO] [YF-P2] Decision context: myPos=2, curPos=2, greaterPos=2, teammate=0, curAction=[, actionList_size=1
[22:31:47] [YFAdapter-P2] [INFO] [YF-P2] Decided: action_index=0, action=['PASS', 'PASS', 'PASS']
[22:31:47] [yf2_v5] [INFO] 3号位打出['PASS', 'PASS', 'PASS']， 最大动作为2号位打出的['Pair', 'Q', ['SQ', 'DQ']]
[22:31:47] [yf2_v5] [INFO] 0号位打出['PASS', 'PASS', 'PASS']， 最大动作为2号位打出的['Pair', 'Q', ['SQ', 'DQ']]
[22:31:47] [yf2_v5] [INFO] 1号位打出['PASS', 'PASS', 'PASS']， 最大动作为2号位打出的['Pair', 'Q', ['SQ', 'DQ']]
[22:31:47] [yf2_v5] [INFO] 2号位打出['Single', 'B', ['SB']]， 最大动作为2号位打出的['Single', 'B', ['SB']]
[22:31:47] [YFAdapter-P2] [INFO] [YF-P2] Decision context: myPos=2, curPos=2, greaterPos=2, teammate=0, curAction=[, actionList_size=1
[22:31:47] [YFAdapter-P2] [INFO] [YF-P2] Decided: action_index=0, action=['PASS', 'PASS', 'PASS']
[22:31:47] [yf2_v5] [INFO] 3号位打出['PASS', 'PASS', 'PASS']， 最大动作为2号位打出的['Single', 'B', ['SB']]
[22:31:47] [yf2_v5] [INFO] 0号位打出['PASS', 'PASS', 'PASS']， 最大动作为2号位打出的['Single', 'B', ['SB']]
[22:31:47] [yf2_v5] [INFO] 1号位打出['PASS', 'PASS', 'PASS']， 最大动作为2号位打出的['Single', 'B', ['SB']]
[22:31:47] [yf2_v5] [INFO] 2号位打出['Pair', 'R', ['HR', 'HR']]， 最大动作为2号位打出的['Pair', 'R', ['HR', 'HR']]
[22:31:47] [YFAdapter-P2] [INFO] [YF-P2] Decision context: myPos=2, curPos=2, greaterPos=2, teammate=0, curAction=[, actionList_size=1
[22:31:47] [YFAdapter-P2] [INFO] [YF-P2] Decided: action_index=0, action=['PASS', 'PASS', 'PASS']
[22:31:47] [yf2_v5] [INFO] 3号位打出['PASS', 'PASS', 'PASS']， 最大动作为2号位打出的['Pair', 'R', ['HR', 'HR']]
[22:31:47] [yf2_v5] [INFO] 0号位打出['PASS', 'PASS', 'PASS']， 最大动作为2号位打出的['Pair', 'R', ['HR', 'HR']]
[22:31:47] [yf2_v5] [INFO] 0号位打出['Single', '3', ['S3']]， 最大动作为0号位打出的['Single', '3', ['S3']]
[22:31:47] [yf2_v5] [INFO] 1号位打出['Single', '9', ['C9']]， 最大动作为1号位打出的['Single', '9', ['C9']]
[22:31:47] [YFAdapter-P2] [INFO] [YF-P2] Decision context: myPos=2, curPos=1, greaterPos=1, teammate=0, curAction=[, actionList_size=2
[22:31:47] [YFAdapter-P2] [INFO] [YF-P2] Decided: action_index=0, action=['PASS', 'PASS', 'PASS']
[22:31:47] [yf2_v5] [INFO] 3号位打出['Single', 'T', ['CT']]， 最大动作为3号位打出的['Single', 'T', ['CT']]
[22:31:47] [yf2_v5] [INFO] 0号位打出['Single', 'J', ['DJ']]， 最大动作为0号位打出的['Single', 'J', ['DJ']]
[22:31:47] [yf2_v5] [INFO] 1号位打出['PASS', 'PASS', 'PASS']， 最大动作为0号位打出的['Single', 'J', ['DJ']]
[22:31:47] [YFAdapter-P2] [INFO] [YF-P2] Decision context: myPos=2, curPos=1, greaterPos=0, teammate=0, curAction=[, actionList_size=1
[22:31:47] [YFAdapter-P2] [INFO] [YF-P2] Decided: action_index=0, action=['PASS', 'PASS', 'PASS']
[22:31:47] [yf2_v5] [INFO] 3号位打出['PASS', 'PASS', 'PASS']， 最大动作为0号位打出的['Single', 'J', ['DJ']]
[22:31:47] [yf2_v5] [INFO] 0号位打出['Single', '3', ['H3']]， 最大动作为0号位打出的['Single', '3', ['H3']]
[22:31:47] [yf2_v5] [INFO] 1号位打出['Single', '4', ['D4']]， 最大动作为1号位打出的['Single', '4', ['D4']]
[22:31:47] [YFAdapter-P2] [INFO] [YF-P2] Decision context: myPos=2, curPos=1, greaterPos=1, teammate=0, curAction=[, actionList_size=3
[22:31:47] [YFAdapter-P2] [INFO] [YF-P2] Decided: action_index=0, action=['PASS', 'PASS', 'PASS']
[22:31:47] [YFAdapter-P2] [WARNING] [YF-P2] 检测到过于保守: 对手快走完(剩5张), 触发Layer 2/3进行更积极的决策
[22:31:47] [yf2_v5] [INFO] 3号位打出['Single', '7', ['H7']]， 最大动作为3号位打出的['Single', '7', ['H7']]
[22:31:47] [yf2_v5] [INFO] 0号位打出['Single', 'Q', ['DQ']]， 最大动作为0号位打出的['Single', 'Q', ['DQ']]
[22:31:47] [yf2_v5] [INFO] 1号位打出['PASS', 'PASS', 'PASS']， 最大动作为0号位打出的['Single', 'Q', ['DQ']]
[22:31:47] [YFAdapter-P2] [INFO] [YF-P2] Decision context: myPos=2, curPos=1, greaterPos=0, teammate=0, curAction=[, actionList_size=1
[22:31:47] [YFAdapter-P2] [INFO] [YF-P2] Decided: action_index=0, action=['PASS', 'PASS', 'PASS']
[22:31:47] [yf2_v5] [INFO] 3号位打出['PASS', 'PASS', 'PASS']， 最大动作为0号位打出的['Single', 'Q', ['DQ']]
[22:31:47] [yf2_v5] [INFO] 0号位打出['Single', '3', ['C3']]， 最大动作为0号位打出的['Single', '3', ['C3']]
[22:31:47] [yf2_v5] [INFO] 1号位打出['Single', '5', ['D5']]， 最大动作为1号位打出的['Single', '5', ['D5']]
[22:31:47] [YFAdapter-P2] [INFO] [YF-P2] Decision context: myPos=2, curPos=1, greaterPos=1, teammate=0, curAction=[, actionList_size=2
[22:31:47] [YFAdapter-P2] [INFO] [YF-P2] Decided: action_index=0, action=['PASS', 'PASS', 'PASS']
[22:31:47] [YFAdapter-P2] [WARNING] [YF-P2] 检测到过于保守: 对手快走完(剩4张), 触发Layer 2/3进行更积极的决策
[22:31:47] [yf2_v5] [INFO] 3号位打出['Single', '7', ['C7']]， 最大动作为3号位打出的['Single', '7', ['C7']]
[22:31:47] [yf2_v5] [INFO] 0号位打出['Single', '9', ['S9']]， 最大动作为0号位打出的['Single', '9', ['S9']]
[22:31:47] [yf2_v5] [INFO] 1号位打出['PASS', 'PASS', 'PASS']， 最大动作为0号位打出的['Single', '9', ['S9']]
[22:31:47] [YFAdapter-P2] [INFO] [YF-P2] Decision context: myPos=2, curPos=1, greaterPos=0, teammate=0, curAction=[, actionList_size=1
[22:31:47] [YFAdapter-P2] [INFO] [YF-P2] Decided: action_index=0, action=['PASS', 'PASS', 'PASS']
[22:31:47] [yf2_v5] [INFO] 3号位打出['PASS', 'PASS', 'PASS']， 最大动作为0号位打出的['Single', '9', ['S9']]
[22:31:47] [yf2_v5] [INFO] 0号位打出['Single', '4', ['S4']]， 最大动作为0号位打出的['Single', '4', ['S4']]
[22:31:47] [yf2_v5] [INFO] 1号位打出['Single', '6', ['C6']]， 最大动作为1号位打出的['Single', '6', ['C6']]
[22:31:47] [YFAdapter-P2] [INFO] [YF-P2] Decision context: myPos=2, curPos=1, greaterPos=1, teammate=0, curAction=[, actionList_size=2
[22:31:47] [YFAdapter-P2] [INFO] [YF-P2] Decided: action_index=0, action=['PASS', 'PASS', 'PASS']
[22:31:47] [YFAdapter-P2] [WARNING] [YF-P2] 检测到过于保守: 对手快走完(剩3张), 触发Layer 2/3进行更积极的决策
[22:31:47] [yf2_v5] [INFO] 3号位打出['Single', '7', ['C7']]， 最大动作为3号位打出的['Single', '7', ['C7']]
[22:31:47] [yf2_v5] [INFO] 0号位打出['Single', '9', ['H9']]， 最大动作为0号位打出的['Single', '9', ['H9']]
[22:31:47] [yf2_v5] [INFO] 1号位打出['PASS', 'PASS', 'PASS']， 最大动作为0号位打出的['Single', '9', ['H9']]
[22:31:47] [YFAdapter-P2] [INFO] [YF-P2] Decision context: myPos=2, curPos=1, greaterPos=0, teammate=0, curAction=[, actionList_size=1
[22:31:47] [YFAdapter-P2] [INFO] [YF-P2] Decided: action_index=0, action=['PASS', 'PASS', 'PASS']
[22:31:47] [yf2_v5] [INFO] 3号位打出['PASS', 'PASS', 'PASS']， 最大动作为0号位打出的['Single', '9', ['H9']]
[22:31:47] [yf2_v5] [INFO] 0号位打出['Single', '4', ['H4']]， 最大动作为0号位打出的['Single', '4', ['H4']]
[22:31:47] [yf2_v5] [INFO] 1号位打出['Single', '6', ['C6']]， 最大动作为1号位打出的['Single', '6', ['C6']]
[22:31:47] [YFAdapter-P2] [INFO] [YF-P2] Decision context: myPos=2, curPos=1, greaterPos=1, teammate=0, curAction=[, actionList_size=1
[22:31:47] [YFAdapter-P2] [INFO] [YF-P2] Decided: action_index=0, action=['PASS', 'PASS', 'PASS']
[22:31:47] [yf2_v5] [INFO] 3号位打出['PASS', 'PASS', 'PASS']， 最大动作为1号位打出的['Single', '6', ['C6']]
[22:31:47] [yf2_v5] [INFO] 0号位打出['Single', '9', ['D9']]， 最大动作为0号位打出的['Single', '9', ['D9']]
[22:31:47] [yf2_v5] [INFO] 1号位打出['PASS', 'PASS', 'PASS']， 最大动作为0号位打出的['Single', '9', ['D9']]
[22:31:47] [YFAdapter-P2] [INFO] [YF-P2] Decision context: myPos=2, curPos=1, greaterPos=0, teammate=0, curAction=[, actionList_size=1
[22:31:47] [YFAdapter-P2] [INFO] [YF-P2] Decided: action_index=0, action=['PASS', 'PASS', 'PASS']
[22:31:47] [yf2_v5] [INFO] 3号位打出['PASS', 'PASS', 'PASS']， 最大动作为0号位打出的['Single', '9', ['D9']]
[22:31:47] [yf2_v5] [INFO] 0号位打出['Single', '4', ['C4']]， 最大动作为0号位打出的['Single', '4', ['C4']]
[22:31:47] [yf2_v5] [INFO] 1号位打出['Single', '7', ['D7']]， 最大动作为1号位打出的['Single', '7', ['D7']]
[22:31:47] [YFAdapter-P2] [INFO] [YF-P2] Decision context: myPos=2, curPos=1, greaterPos=1, teammate=0, curAction=[, actionList_size=1
[22:31:47] [YFAdapter-P2] [INFO] [YF-P2] Decided: action_index=0, action=['PASS', 'PASS', 'PASS']
[22:31:47] [yf2_v5] [INFO] 3号位打出['PASS', 'PASS', 'PASS']， 最大动作为1号位打出的['Single', '7', ['D7']]
[22:31:47] [yf2_v5] [INFO] 0号位打出['Single', 'A', ['HA']]， 最大动作为0号位打出的['Single', 'A', ['HA']]
[22:31:47] [yf2_v5] [INFO] 1号位打出['PASS', 'PASS', 'PASS']， 最大动作为0号位打出的['Single', 'A', ['HA']]
[22:31:47] [YFAdapter-P2] [INFO] [YF-P2] Decision context: myPos=2, curPos=1, greaterPos=0, teammate=0, curAction=[, actionList_size=1
[22:31:47] [YFAdapter-P2] [INFO] [YF-P2] Decided: action_index=0, action=['PASS', 'PASS', 'PASS']
[22:31:47] [yf2_v5] [INFO] 3号位打出['PASS', 'PASS', 'PASS']， 最大动作为0号位打出的['Single', 'A', ['HA']]
[22:31:47] [yf2_v5] [INFO] 0号位打出['Single', '5', ['S5']]， 最大动作为0号位打出的['Single', '5', ['S5']]
[22:31:47] [yf2_v5] [INFO] 1号位打出['PASS', 'PASS', 'PASS']， 最大动作为0号位打出的['Single', '5', ['S5']]
[22:31:47] [YFAdapter-P2] [INFO] [YF-P2] Decision context: myPos=2, curPos=1, greaterPos=0, teammate=0, curAction=[, actionList_size=1
[22:31:47] [YFAdapter-P2] [INFO] [YF-P2] Decided: action_index=0, action=['PASS', 'PASS', 'PASS']
[22:31:47] [yf2_v5] [INFO] 3号位打出['PASS', 'PASS', 'PASS']， 最大动作为0号位打出的['Single', '5', ['S5']]
[22:31:47] [yf2_v5] [INFO] 0号位打出['ThreeWithTwo', '6', ['S6', 'H6', 'D6', 'H5', 'C5']]， 最大动作为0号位打出的['ThreeWithTwo', '6', ['S6', 'H6', 'D6', 'H5', 'C5']]
[22:31:47] [yf2_v5] [INFO] 1号位打出['PASS', 'PASS', 'PASS']， 最大动作为0号位打出的['ThreeWithTwo', '6', ['S6', 'H6', 'D6', 'H5', 'C5']]
[22:31:47] [YFAdapter-P2] [INFO] [YF-P2] Decision context: myPos=2, curPos=1, greaterPos=0, teammate=0, curAction=[, actionList_size=1
[22:31:47] [YFAdapter-P2] [INFO] [YF-P2] Decided: action_index=0, action=['PASS', 'PASS', 'PASS']
[22:31:47] [yf2_v5] [INFO] 3号位打出['PASS', 'PASS', 'PASS']， 最大动作为0号位打出的['ThreeWithTwo', '6', ['S6', 'H6', 'D6', 'H5', 'C5']]
[22:31:47] [yf2_v5] [INFO] 0号位打出['Pair', 'A', ['CA', 'DA']]， 最大动作为0号位打出的['Pair', 'A', ['CA', 'DA']]
[22:31:47] [yf2_v5] [INFO] 游戏开始, 我是3号位，手牌：['H2', 'C2', 'S4', 'D4', 'S5', 'C5', 'H6', 'C7', 'H8', 'D8', 'D8', 'S9', 'H9', 'ST', 'ST', 'CT', 'CT', 'DT', 'DQ', 'HK', 'HK', 'CK', 'CA', 'SJ', 'HJ', 'DJ', 'DJ']
[22:31:47] [YFAdapter-P2] [INFO] [YF-P2] Decision context: myPos=2, curPos=-1, greaterPos=-1, teammate=0, curAction=[, actionList_size=2
[22:31:47] [YFAdapter-P2] [INFO] [YF-P2] Decided: action_index=0, action=['tribute', 'tribute', [['S', 'J']]]
[22:31:47] [yf2_v5] [INFO] 1号位打出['Single', '6', ['H6']]， 最大动作为1号位打出的['Single', '6', ['H6']]
[22:31:47] [yf2_v5] [INFO] 2号位打出['Single', 'J', ['SJ']]， 最大动作为2号位打出的['Single', 'J', ['SJ']]
[22:31:47] [YFAdapter-P2] [INFO] [YF-P2] Decision context: myPos=2, curPos=2, greaterPos=2, teammate=0, curAction=[, actionList_size=17
[22:31:47] [YFAdapter-P2] [INFO] [YF-P2] Decided: action_index=7, action=['Bomb', 'T', [['S', 'T'], ['C', 'T'], ['C', 'T'], ['H', 'J']]]
[22:31:47] [yf2_v5] [INFO] 3号位打出['Bomb', 'T', ['ST', 'CT', 'CT', 'HJ']]， 最大动作为3号位打出的['Bomb', 'T', ['ST', 'CT', 'CT', 'HJ']]
[22:31:47] [yf2_v5] [INFO] 0号位打出['PASS', 'PASS', 'PASS']， 最大动作为3号位打出的['Bomb', 'T', ['ST', 'CT', 'CT', 'HJ']]
[22:31:47] [yf2_v5] [INFO] 1号位打出['Bomb', 'A', ['SA', 'SA', 'HA', 'HJ']]， 最大动作为1号位打出的['Bomb', 'A', ['SA', 'SA', 'HA', 'HJ']]
[22:31:47] [yf2_v5] [INFO] 2号位打出['PASS', 'PASS', 'PASS']， 最大动作为1号位打出的['Bomb', 'A', ['SA', 'SA', 'HA', 'HJ']]
[22:31:47] [YFAdapter-P2] [INFO] [YF-P2] Decision context: myPos=2, curPos=2, greaterPos=1, teammate=0, curAction=[, actionList_size=1
[22:31:47] [YFAdapter-P2] [INFO] [YF-P2] Decided: action_index=0, action=['PASS', 'PASS', 'PASS']
[22:31:47] [yf2_v5] [INFO] 3号位打出['PASS', 'PASS', 'PASS']， 最大动作为1号位打出的['Bomb', 'A', ['SA', 'SA', 'HA', 'HJ']]
[22:31:47] [yf2_v5] [INFO] 0号位打出['PASS', 'PASS', 'PASS']， 最大动作为1号位打出的['Bomb', 'A', ['SA', 'SA', 'HA', 'HJ']]
[22:31:47] [yf2_v5] [INFO] 1号位打出['ThreeWithTwo', '3', ['C3', 'D3', 'D3', 'S2', 'C2']]， 最大动作为1号位打出的['ThreeWithTwo', '3', ['C3', 'D3', 'D3', 'S2', 'C2']]
[22:31:47] [yf2_v5] [INFO] 2号位打出['ThreeWithTwo', 'A', ['HA', 'CA', 'DA', 'S2', 'H2']]， 最大动作为2号位打出的['ThreeWithTwo', 'A', ['HA', 'CA', 'DA', 'S2', 'H2']]
[22:31:47] [YFAdapter-P2] [INFO] [YF-P2] Decision context: myPos=2, curPos=2, greaterPos=2, teammate=0, curAction=[, actionList_size=1
[22:31:47] [YFAdapter-P2] [INFO] [YF-P2] Decided: action_index=0, action=['PASS', 'PASS', 'PASS']
[22:31:47] [yf2_v5] [INFO] 3号位打出['PASS', 'PASS', 'PASS']， 最大动作为2号位打出的['ThreeWithTwo', 'A', ['HA', 'CA', 'DA', 'S2', 'H2']]
[22:31:47] [yf2_v5] [INFO] 0号位打出['PASS', 'PASS', 'PASS']， 最大动作为2号位打出的['ThreeWithTwo', 'A', ['HA', 'CA', 'DA', 'S2', 'H2']]
[22:31:47] [yf2_v5] [INFO] 1号位打出['PASS', 'PASS', 'PASS']， 最大动作为2号位打出的['ThreeWithTwo', 'A', ['HA', 'CA', 'DA', 'S2', 'H2']]
[22:31:47] [yf2_v5] [INFO] 2号位打出['ThreePair', '3', ['S3', 'H3', 'H4', 'H4', 'C5', 'D5']]， 最大动作为2号位打出的['ThreePair', '3', ['S3', 'H3', 'H4', 'H4', 'C5', 'D5']]
[22:31:47] [YFAdapter-P2] [INFO] [YF-P2] Decision context: myPos=2, curPos=2, greaterPos=2, teammate=0, curAction=[, actionList_size=7
[22:31:47] [YFAdapter-P2] [INFO] [YF-P2] Decided: action_index=2, action=['ThreePair', '8', [['H', '8'], ['D', '8'], ['S', '9'], ['S', '9'], ['S', 'T'], ['D', 'T']]]
[22:31:47] [yf2_v5] [INFO] 3号位打出['ThreePair', '8', ['H8', 'D8', 'S9', 'S9', 'ST', 'DT']]， 最大动作为3号位打出的['ThreePair', '8', ['H8', 'D8', 'S9', 'S9', 'ST', 'DT']]
[22:31:47] [yf2_v5] [INFO] 0号位打出['Bomb', '6', ['S6', 'C6', 'D6', 'D6']]， 最大动作为0号位打出的['Bomb', '6', ['S6', 'C6', 'D6', 'D6']]
[22:31:47] [yf2_v5] [INFO] 1号位打出['PASS', 'PASS', 'PASS']， 最大动作为0号位打出的['Bomb', '6', ['S6', 'C6', 'D6', 'D6']]
[22:31:47] [yf2_v5] [INFO] 2号位打出['PASS', 'PASS', 'PASS']， 最大动作为0号位打出的['Bomb', '6', ['S6', 'C6', 'D6', 'D6']]
[22:31:47] [YFAdapter-P2] [INFO] [YF-P2] Decision context: myPos=2, curPos=2, greaterPos=0, teammate=0, curAction=[, actionList_size=1
[22:31:47] [YFAdapter-P2] [INFO] [YF-P2] Decided: action_index=0, action=['PASS', 'PASS', 'PASS']
[22:31:47] [yf2_v5] [INFO] 3号位打出['PASS', 'PASS', 'PASS']， 最大动作为0号位打出的['Bomb', '6', ['S6', 'C6', 'D6', 'D6']]
[22:31:47] [yf2_v5] [INFO] 0号位打出['Single', '8', ['S8']]， 最大动作为0号位打出的['Single', '8', ['S8']]
[22:31:47] [yf2_v5] [INFO] 1号位打出['PASS', 'PASS', 'PASS']， 最大动作为0号位打出的['Single', '8', ['S8']]
[22:31:47] [yf2_v5] [INFO] 2号位打出['Single', 'J', ['SJ']]， 最大动作为2号位打出的['Single', 'J', ['SJ']]
[22:31:47] [YFAdapter-P2] [INFO] [YF-P2] Decision context: myPos=2, curPos=2, greaterPos=2, teammate=0, curAction=[, actionList_size=1
[22:31:47] [YFAdapter-P2] [INFO] [YF-P2] Decided: action_index=0, action=['PASS', 'PASS', 'PASS']
[22:31:47] [yf2_v5] [INFO] 3号位打出['PASS', 'PASS', 'PASS']， 最大动作为2号位打出的['Single', 'J', ['SJ']]
[22:31:47] [yf2_v5] [INFO] 0号位打出['PASS', 'PASS', 'PASS']， 最大动作为2号位打出的['Single', 'J', ['SJ']]
[22:31:47] [yf2_v5] [INFO] 1号位打出['PASS', 'PASS', 'PASS']， 最大动作为2号位打出的['Single', 'J', ['SJ']]
[22:31:47] [yf2_v5] [INFO] 2号位打出['ThreePair', '8', ['H8', 'C8', 'H9', 'D9', 'HT', 'DT']]， 最大动作为2号位打出的['ThreePair', '8', ['H8', 'C8', 'H9', 'D9', 'HT', 'DT']]
[22:31:47] [YFAdapter-P2] [INFO] [YF-P2] Decision context: myPos=2, curPos=2, greaterPos=2, teammate=0, curAction=[, actionList_size=1
[22:31:47] [YFAdapter-P2] [INFO] [YF-P2] Decided: action_index=0, action=['PASS', 'PASS', 'PASS']
[22:31:47] [yf2_v5] [INFO] 3号位打出['PASS', 'PASS', 'PASS']， 最大动作为2号位打出的['ThreePair', '8', ['H8', 'C8', 'H9', 'D9', 'HT', 'DT']]
[22:31:47] [yf2_v5] [INFO] 0号位打出['PASS', 'PASS', 'PASS']， 最大动作为2号位打出的['ThreePair', '8', ['H8', 'C8', 'H9', 'D9', 'HT', 'DT']]
[22:31:47] [yf2_v5] [INFO] 1号位打出['PASS', 'PASS', 'PASS']， 最大动作为2号位打出的['ThreePair', '8', ['H8', 'C8', 'H9', 'D9', 'HT', 'DT']]
[22:31:47] [yf2_v5] [INFO] 2号位打出['Pair', '6', ['S6', 'C6']]， 最大动作为2号位打出的['Pair', '6', ['S6', 'C6']]
[22:31:47] [YFAdapter-P2] [INFO] [YF-P2] Decision context: myPos=2, curPos=2, greaterPos=2, teammate=0, curAction=[, actionList_size=4
[22:31:47] [YFAdapter-P2] [INFO] [YF-P2] Decided: action_index=3, action=['Pair', 'J', [['D', 'J'], ['D', 'J']]]
[22:31:47] [yf2_v5] [INFO] 3号位打出['Pair', 'J', ['DJ', 'DJ']]， 最大动作为3号位打出的['Pair', 'J', ['DJ', 'DJ']]
[22:31:47] [yf2_v5] [INFO] 0号位打出['Pair', 'B', ['SB', 'SB']]， 最大动作为0号位打出的['Pair', 'B', ['SB', 'SB']]
[22:31:47] [yf2_v5] [INFO] 1号位打出['Bomb', '5', ['S5', 'H5', 'H5', 'D5']]， 最大动作为1号位打出的['Bomb', '5', ['S5', 'H5', 'H5', 'D5']]
[22:31:47] [yf2_v5] [INFO] 2号位打出['Bomb', '7', ['S7', 'H7', 'C7', 'D7']]， 最大动作为2号位打出的['Bomb', '7', ['S7', 'H7', 'C7', 'D7']]
[22:31:47] [YFAdapter-P2] [INFO] [YF-P2] Decision context: myPos=2, curPos=2, greaterPos=2, teammate=0, curAction=[, actionList_size=1
[22:31:47] [YFAdapter-P2] [INFO] [YF-P2] Decided: action_index=0, action=['PASS', 'PASS', 'PASS']
[22:31:47] [yf2_v5] [INFO] 3号位打出['PASS', 'PASS', 'PASS']， 最大动作为2号位打出的['Bomb', '7', ['S7', 'H7', 'C7', 'D7']]
[22:31:47] [yf2_v5] [INFO] 0号位打出['PASS', 'PASS', 'PASS']， 最大动作为2号位打出的['Bomb', '7', ['S7', 'H7', 'C7', 'D7']]
[22:31:47] [yf2_v5] [INFO] 1号位打出['PASS', 'PASS', 'PASS']， 最大动作为2号位打出的['Bomb', '7', ['S7', 'H7', 'C7', 'D7']]
[22:31:47] [yf2_v5] [INFO] 2号位打出['Pair', 'K', ['CK', 'DK']]， 最大动作为2号位打出的['Pair', 'K', ['CK', 'DK']]
[22:31:47] [YFAdapter-P2] [INFO] [YF-P2] Decision context: myPos=2, curPos=2, greaterPos=2, teammate=0, curAction=[, actionList_size=1
[22:31:47] [YFAdapter-P2] [INFO] [YF-P2] Decided: action_index=0, action=['PASS', 'PASS', 'PASS']
[22:31:47] [yf2_v5] [INFO] 3号位打出['PASS', 'PASS', 'PASS']， 最大动作为2号位打出的['Pair', 'K', ['CK', 'DK']]
[22:31:47] [yf2_v5] [INFO] 0号位打出['PASS', 'PASS', 'PASS']， 最大动作为2号位打出的['Pair', 'K', ['CK', 'DK']]
[22:31:47] [yf2_v5] [INFO] 0号位打出['ThreeWithTwo', '3', ['S3', 'H3', 'C3', 'D2', 'D2']]， 最大动作为0号位打出的['ThreeWithTwo', '3', ['S3', 'H3', 'C3', 'D2', 'D2']]
[22:31:47] [yf2_v5] [INFO] 1号位打出['ThreeWithTwo', '7', ['S7', 'H7', 'D7', 'C4', 'D4']]， 最大动作为1号位打出的['ThreeWithTwo', '7', ['S7', 'H7', 'D7', 'C4', 'D4']]
[22:31:47] [YFAdapter-P2] [INFO] [YF-P2] Decision context: myPos=2, curPos=1, greaterPos=1, teammate=0, curAction=[, actionList_size=4
[22:31:47] [YFAdapter-P2] [INFO] [YF-P2] Decided: action_index=0, action=['PASS', 'PASS', 'PASS']
[22:31:47] [yf2_v5] [INFO] 3号位打出['ThreeWithTwo', 'K', ['HK', 'HK', 'CK', 'H2', 'C2']]， 最大动作为3号位打出的['ThreeWithTwo', 'K', ['HK', 'HK', 'CK', 'H2', 'C2']]
[22:31:47] [yf2_v5] [INFO] 0号位打出['Bomb', 'Q', ['SQ', 'HQ', 'CQ', 'CQ', 'DQ']]， 最大动作为0号位打出的['Bomb', 'Q', ['SQ', 'HQ', 'CQ', 'CQ', 'DQ']]
[22:31:47] [yf2_v5] [INFO] 1号位打出['PASS', 'PASS', 'PASS']， 最大动作为0号位打出的['Bomb', 'Q', ['SQ', 'HQ', 'CQ', 'CQ', 'DQ']]
[22:31:47] [YFAdapter-P2] [INFO] [YF-P2] Decision context: myPos=2, curPos=1, greaterPos=0, teammate=0, curAction=[, actionList_size=1
[22:31:47] [YFAdapter-P2] [INFO] [YF-P2] Decided: action_index=0, action=['PASS', 'PASS', 'PASS']
[22:31:47] [yf2_v5] [INFO] 3号位打出['PASS', 'PASS', 'PASS']， 最大动作为0号位打出的['Bomb', 'Q', ['SQ', 'HQ', 'CQ', 'CQ', 'DQ']]
[22:31:47] [yf2_v5] [INFO] 0号位打出['Pair', '4', ['S4', 'C4']]， 最大动作为0号位打出的['Pair', '4', ['S4', 'C4']]
[22:31:47] [yf2_v5] [INFO] 1号位打出['Pair', '8', ['S8', 'C8']]， 最大动作为1号位打出的['Pair', '8', ['S8', 'C8']]
[22:31:47] [YFAdapter-P2] [INFO] [YF-P2] Decision context: myPos=2, curPos=1, greaterPos=1, teammate=0, curAction=[, actionList_size=1
[22:31:47] [YFAdapter-P2] [INFO] [YF-P2] Decided: action_index=0, action=['PASS', 'PASS', 'PASS']
[22:31:47] [yf2_v5] [INFO] 3号位打出['PASS', 'PASS', 'PASS']， 最大动作为1号位打出的['Pair', '8', ['S8', 'C8']]
[22:31:47] [yf2_v5] [INFO] 0号位打出['Pair', 'J', ['CJ', 'CJ']]， 最大动作为0号位打出的['Pair', 'J', ['CJ', 'CJ']]
[22:31:47] [yf2_v5] [INFO] 1号位打出['PASS', 'PASS', 'PASS']， 最大动作为0号位打出的['Pair', 'J', ['CJ', 'CJ']]
[22:31:47] [YFAdapter-P2] [INFO] [YF-P2] Decision context: myPos=2, curPos=1, greaterPos=0, teammate=0, curAction=[, actionList_size=1
[22:31:47] [YFAdapter-P2] [INFO] [YF-P2] Decided: action_index=0, action=['PASS', 'PASS', 'PASS']
[22:31:47] [yf2_v5] [INFO] 3号位打出['PASS', 'PASS', 'PASS']， 最大动作为0号位打出的['Pair', 'J', ['CJ', 'CJ']]
[22:31:47] [yf2_v5] [INFO] 0号位打出['ThreeWithTwo', '9', ['C9', 'C9', 'D9', 'HR', 'HR']]， 最大动作为0号位打出的['ThreeWithTwo', '9', ['C9', 'C9', 'D9', 'HR', 'HR']]
[22:31:47] [yf2_v5] [INFO] 1号位打出['PASS', 'PASS', 'PASS']， 最大动作为0号位打出的['ThreeWithTwo', '9', ['C9', 'C9', 'D9', 'HR', 'HR']]
[22:31:47] [YFAdapter-P2] [INFO] [YF-P2] Decision context: myPos=2, curPos=1, greaterPos=0, teammate=0, curAction=[, actionList_size=1
[22:31:47] [YFAdapter-P2] [INFO] [YF-P2] Decided: action_index=0, action=['PASS', 'PASS', 'PASS']
[22:31:47] [yf2_v5] [INFO] 3号位打出['PASS', 'PASS', 'PASS']， 最大动作为0号位打出的['ThreeWithTwo', '9', ['C9', 'C9', 'D9', 'HR', 'HR']]
[22:31:47] [yf2_v5] [INFO] 0号位打出['Single', 'K', ['SK']]， 最大动作为0号位打出的['Single', 'K', ['SK']]
[22:31:47] [yf2_v5] [INFO] 游戏开始, 我是3号位，手牌：['S2', 'H2', 'C2', 'C2', 'D2', 'H3', 'D3', 'S4', 'H5', 'H6', 'C6', 'D6', 'S7', 'H8', 'C8', 'C8', 'D8', 'D9', 'D9', 'ST', 'SJ', 'HJ', 'DJ', 'SQ', 'DK', 'CA', 'CA']
[22:31:47] [YFAdapter-P2] [INFO] [YF-P2] Decision context: myPos=2, curPos=-1, greaterPos=-1, teammate=0, curAction=[, actionList_size=1
[22:31:47] [YFAdapter-P2] [INFO] [YF-P2] Decided: action_index=0, action=['tribute', 'tribute', [['C', 'A']]]
[22:31:47] [yf2_v5] [INFO] 1号位打出['Single', '8', ['H8']]， 最大动作为1号位打出的['Single', '8', ['H8']]
[22:31:47] [yf2_v5] [INFO] 2号位打出['Single', 'T', ['HT']]， 最大动作为2号位打出的['Single', 'T', ['HT']]
[22:31:47] [YFAdapter-P2] [INFO] [YF-P2] Decision context: myPos=2, curPos=2, greaterPos=2, teammate=0, curAction=[, actionList_size=16
[22:31:47] [YFAdapter-P2] [INFO] [YF-P2] Decided: action_index=11, action=['Bomb', '8', [['H', '8'], ['C', '8'], ['C', '8'], ['D', '8']]]
[22:31:47] [yf2_v5] [INFO] 3号位打出['Bomb', '8', ['H8', 'C8', 'C8', 'D8']]， 最大动作为3号位打出的['Bomb', '8', ['H8', 'C8', 'C8', 'D8']]
[22:31:47] [yf2_v5] [INFO] 0号位打出['PASS', 'PASS', 'PASS']， 最大动作为3号位打出的['Bomb', '8', ['H8', 'C8', 'C8', 'D8']]
[22:31:47] [yf2_v5] [INFO] 1号位打出['PASS', 'PASS', 'PASS']， 最大动作为3号位打出的['Bomb', '8', ['H8', 'C8', 'C8', 'D8']]
[22:31:47] [yf2_v5] [INFO] 2号位打出['PASS', 'PASS', 'PASS']， 最大动作为3号位打出的['Bomb', '8', ['H8', 'C8', 'C8', 'D8']]
[22:31:47] [YFAdapter-P2] [INFO] [YF-P2] Decision context: myPos=2, curPos=-1, greaterPos=-1, teammate=0, curAction=[, actionList_size=189
[22:31:47] [YFAdapter-P2] [INFO] [YF-P2] Decided: action_index=163, action=['Straight', '4', [['S', '4'], ['H', '5'], ['H', '6'], ['S', '7'], ['D', '8']]]
[22:31:47] [yf2_v5] [INFO] 3号位打出['Straight', '4', ['S4', 'H5', 'H6', 'S7', 'D8']]， 最大动作为3号位打出的['Straight', '4', ['S4', 'H5', 'H6', 'S7', 'D8']]
[22:31:47] [yf2_v5] [INFO] 0号位打出['PASS', 'PASS', 'PASS']， 最大动作为3号位打出的['Straight', '4', ['S4', 'H5', 'H6', 'S7', 'D8']]
[22:31:47] [yf2_v5] [INFO] 1号位打出['Straight', '9', ['H9', 'HT', 'CJ', 'SQ', 'HK']]， 最大动作为1号位打出的['Straight', '9', ['H9', 'HT', 'CJ', 'SQ', 'HK']]
[22:31:47] [yf2_v5] [INFO] 2号位打出['Bomb', 'Q', ['HQ', 'CQ', 'DQ', 'HA']]， 最大动作为2号位打出的['Bomb', 'Q', ['HQ', 'CQ', 'DQ', 'HA']]
[22:31:47] [YFAdapter-P2] [INFO] [YF-P2] Decision context: myPos=2, curPos=2, greaterPos=2, teammate=0, curAction=[, actionList_size=2
[22:31:47] [YFAdapter-P2] [INFO] [YF-P2] Decided: action_index=1, action=['Bomb', '2', [['S', '2'], ['H', '2'], ['C', '2'], ['C', '2'], ['D', '2']]]
[22:31:47] [yf2_v5] [INFO] 3号位打出['Bomb', '2', ['S2', 'H2', 'C2', 'C2', 'D2']]， 最大动作为3号位打出的['Bomb', '2', ['S2', 'H2', 'C2', 'C2', 'D2']]
[22:31:47] [yf2_v5] [INFO] 0号位打出['PASS', 'PASS', 'PASS']， 最大动作为3号位打出的['Bomb', '2', ['S2', 'H2', 'C2', 'C2', 'D2']]
[22:31:47] [yf2_v5] [INFO] 1号位打出['StraightFlush', '3', ['D3', 'D4', 'D5', 'D6', 'D7']]， 最大动作为1号位打出的['StraightFlush', '3', ['D3', 'D4', 'D5', 'D6', 'D7']]
[22:31:47] [yf2_v5] [INFO] 2号位打出['PASS', 'PASS', 'PASS']， 最大动作为1号位打出的['StraightFlush', '3', ['D3', 'D4', 'D5', 'D6', 'D7']]
[22:31:47] [YFAdapter-P2] [INFO] [YF-P2] Decision context: myPos=2, curPos=2, greaterPos=1, teammate=0, curAction=[, actionList_size=1
[22:31:47] [YFAdapter-P2] [INFO] [YF-P2] Decided: action_index=0, action=['PASS', 'PASS', 'PASS']
[22:31:48] [yf2_v5] [INFO] 3号位打出['PASS', 'PASS', 'PASS']， 最大动作为1号位打出的['StraightFlush', '3', ['D3', 'D4', 'D5', 'D6', 'D7']]
[22:31:48] [yf2_v5] [INFO] 0号位打出['PASS', 'PASS', 'PASS']， 最大动作为1号位打出的['StraightFlush', '3', ['D3', 'D4', 'D5', 'D6', 'D7']]
[22:31:48] [yf2_v5] [INFO] 1号位打出['Single', '4', ['D4']]， 最大动作为1号位打出的['Single', '4', ['D4']]
[22:31:48] [yf2_v5] [INFO] 2号位打出['Single', 'Q', ['DQ']]， 最大动作为2号位打出的['Single', 'Q', ['DQ']]
[22:31:48] [YFAdapter-P2] [INFO] [YF-P2] Decision context: myPos=2, curPos=2, greaterPos=2, teammate=0, curAction=[, actionList_size=3
[22:31:48] [YFAdapter-P2] [INFO] [YF-P2] Decided: action_index=0, action=['PASS', 'PASS', 'PASS']
[22:31:48] [yf2_v5] [INFO] 3号位打出['PASS', 'PASS', 'PASS']， 最大动作为2号位打出的['Single', 'Q', ['DQ']]
[22:31:48] [yf2_v5] [INFO] 0号位打出['Single', 'K', ['CK']]， 最大动作为0号位打出的['Single', 'K', ['CK']]
[22:31:48] [yf2_v5] [INFO] 1号位打出['Single', 'A', ['SA']]， 最大动作为1号位打出的['Single', 'A', ['SA']]
[22:31:48] [yf2_v5] [INFO] 2号位打出['Single', 'R', ['HR']]， 最大动作为2号位打出的['Single', 'R', ['HR']]
[22:31:48] [YFAdapter-P2] [INFO] [YF-P2] Decision context: myPos=2, curPos=2, greaterPos=2, teammate=0, curAction=[, actionList_size=1
[22:31:48] [YFAdapter-P2] [INFO] [YF-P2] Decided: action_index=0, action=['PASS', 'PASS', 'PASS']
[22:31:48] [yf2_v5] [INFO] 3号位打出['PASS', 'PASS', 'PASS']， 最大动作为2号位打出的['Single', 'R', ['HR']]
[22:31:48] [yf2_v5] [INFO] 0号位打出['PASS', 'PASS', 'PASS']， 最大动作为2号位打出的['Single', 'R', ['HR']]
[22:31:48] [yf2_v5] [INFO] 1号位打出['PASS', 'PASS', 'PASS']， 最大动作为2号位打出的['Single', 'R', ['HR']]
[22:31:48] [yf2_v5] [INFO] 2号位打出['Single', '2', ['S2']]， 最大动作为2号位打出的['Single', '2', ['S2']]
[22:31:48] [YFAdapter-P2] [INFO] [YF-P2] Decision context: myPos=2, curPos=2, greaterPos=2, teammate=0, curAction=[, actionList_size=13
[22:31:48] [YFAdapter-P2] [INFO] [YF-P2] Decided: action_index=4, action=['Single', '6', [['D', '6']]]
[22:31:48] [yf2_v5] [INFO] 3号位打出['Single', '6', ['D6']]， 最大动作为3号位打出的['Single', '6', ['D6']]
[22:31:48] [yf2_v5] [INFO] 0号位打出['Single', 'A', ['HA']]， 最大动作为0号位打出的['Single', 'A', ['HA']]
[22:31:48] [yf2_v5] [INFO] 1号位打出['PASS', 'PASS', 'PASS']， 最大动作为0号位打出的['Single', 'A', ['HA']]
[22:31:48] [yf2_v5] [INFO] 2号位打出['PASS', 'PASS', 'PASS']， 最大动作为0号位打出的['Single', 'A', ['HA']]
[22:31:48] [YFAdapter-P2] [INFO] [YF-P2] Decision context: myPos=2, curPos=2, greaterPos=0, teammate=0, curAction=[, actionList_size=1
[22:31:48] [YFAdapter-P2] [INFO] [YF-P2] Decided: action_index=0, action=['PASS', 'PASS', 'PASS']
[22:31:48] [yf2_v5] [INFO] 3号位打出['PASS', 'PASS', 'PASS']， 最大动作为0号位打出的['Single', 'A', ['HA']]
[22:31:48] [yf2_v5] [INFO] 0号位打出['ThreeWithTwo', '4', ['H4', 'C4', 'C4', 'H2', 'D2']]， 最大动作为0号位打出的['ThreeWithTwo', '4', ['H4', 'C4', 'C4', 'H2', 'D2']]
[22:31:48] [yf2_v5] [INFO] 1号位打出['PASS', 'PASS', 'PASS']， 最大动作为0号位打出的['ThreeWithTwo', '4', ['H4', 'C4', 'C4', 'H2', 'D2']]
[22:31:48] [yf2_v5] [INFO] 2号位打出['ThreeWithTwo', 'K', ['SK', 'SK', 'HK', 'S4', 'H4']]， 最大动作为2号位打出的['ThreeWithTwo', 'K', ['SK', 'SK', 'HK', 'S4', 'H4']]
[22:31:48] [YFAdapter-P2] [INFO] [YF-P2] Decision context: myPos=2, curPos=2, greaterPos=2, teammate=0, curAction=[, actionList_size=1
[22:31:48] [YFAdapter-P2] [INFO] [YF-P2] Decided: action_index=0, action=['PASS', 'PASS', 'PASS']
[22:31:48] [yf2_v5] [INFO] 3号位打出['PASS', 'PASS', 'PASS']， 最大动作为2号位打出的['ThreeWithTwo', 'K', ['SK', 'SK', 'HK', 'S4', 'H4']]
[22:31:48] [yf2_v5] [INFO] 0号位打出['PASS', 'PASS', 'PASS']， 最大动作为2号位打出的['ThreeWithTwo', 'K', ['SK', 'SK', 'HK', 'S4', 'H4']]
[22:31:48] [yf2_v5] [INFO] 1号位打出['PASS', 'PASS', 'PASS']， 最大动作为2号位打出的['ThreeWithTwo', 'K', ['SK', 'SK', 'HK', 'S4', 'H4']]
[22:31:48] [yf2_v5] [INFO] 2号位打出['ThreeWithTwo', '3', ['S3', 'H3', 'C3', 'S5', 'C5']]， 最大动作为2号位打出的['ThreeWithTwo', '3', ['S3', 'H3', 'C3', 'S5', 'C5']]
[22:31:48] [YFAdapter-P2] [INFO] [YF-P2] Decision context: myPos=2, curPos=2, greaterPos=2, teammate=0, curAction=[, actionList_size=3
[22:31:48] [YFAdapter-P2] [INFO] [YF-P2] Decided: action_index=0, action=['PASS', 'PASS', 'PASS']
[22:31:48] [yf2_v5] [INFO] 3号位打出['PASS', 'PASS', 'PASS']， 最大动作为2号位打出的['ThreeWithTwo', '3', ['S3', 'H3', 'C3', 'S5', 'C5']]
[22:31:48] [yf2_v5] [INFO] 0号位打出['ThreeWithTwo', '7', ['S7', 'H7', 'C7', 'C5', 'D5']]， 最大动作为0号位打出的['ThreeWithTwo', '7', ['S7', 'H7', 'C7', 'C5', 'D5']]
[22:31:48] [yf2_v5] [INFO] 1号位打出['PASS', 'PASS', 'PASS']， 最大动作为0号位打出的['ThreeWithTwo', '7', ['S7', 'H7', 'C7', 'C5', 'D5']]
[22:31:48] [yf2_v5] [INFO] 2号位打出['ThreeWithTwo', 'A', ['SA', 'CA', 'DA', 'H7', 'D7']]， 最大动作为2号位打出的['ThreeWithTwo', 'A', ['SA', 'CA', 'DA', 'H7', 'D7']]
[22:31:48] [YFAdapter-P2] [INFO] [YF-P2] Decision context: myPos=2, curPos=2, greaterPos=2, teammate=0, curAction=[, actionList_size=1
[22:31:48] [YFAdapter-P2] [INFO] [YF-P2] Decided: action_index=0, action=['PASS', 'PASS', 'PASS']
[22:31:48] [yf2_v5] [INFO] 3号位打出['PASS', 'PASS', 'PASS']， 最大动作为2号位打出的['ThreeWithTwo', 'A', ['SA', 'CA', 'DA', 'H7', 'D7']]
[22:31:48] [yf2_v5] [INFO] 0号位打出['PASS', 'PASS', 'PASS']， 最大动作为2号位打出的['ThreeWithTwo', 'A', ['SA', 'CA', 'DA', 'H7', 'D7']]
[22:31:48] [yf2_v5] [INFO] 1号位打出['PASS', 'PASS', 'PASS']， 最大动作为2号位打出的['ThreeWithTwo', 'A', ['SA', 'CA', 'DA', 'H7', 'D7']]
[22:31:48] [yf2_v5] [INFO] 2号位打出['Pair', '9', ['S9', 'S9']]， 最大动作为2号位打出的['Pair', '9', ['S9', 'S9']]
[22:31:48] [YFAdapter-P2] [INFO] [YF-P2] Decision context: myPos=2, curPos=2, greaterPos=2, teammate=0, curAction=[, actionList_size=4
[22:31:48] [YFAdapter-P2] [INFO] [YF-P2] Decided: action_index=2, action=['Pair', 'J', [['S', 'J'], ['H', 'J']]]
[22:31:48] [yf2_v5] [INFO] 3号位打出['PASS', 'PASS', 'PASS']， 最大动作为2号位打出的['Pair', '9', ['S9', 'S9']]
[22:31:48] [yf2_v5] [INFO] 0号位打出['Pair', 'J', ['CJ', 'DJ']]， 最大动作为0号位打出的['Pair', 'J', ['CJ', 'DJ']]
[22:31:48] [yf2_v5] [INFO] 1号位打出['Pair', 'Q', ['HQ', 'CQ']]， 最大动作为1号位打出的['Pair', 'Q', ['HQ', 'CQ']]
[22:31:48] [yf2_v5] [INFO] 2号位打出['PASS', 'PASS', 'PASS']， 最大动作为1号位打出的['Pair', 'Q', ['HQ', 'CQ']]
[22:31:48] [YFAdapter-P2] [INFO] [YF-P2] Decision context: myPos=2, curPos=2, greaterPos=1, teammate=0, curAction=[, actionList_size=1
[22:31:48] [YFAdapter-P2] [INFO] [YF-P2] Decided: action_index=0, action=['PASS', 'PASS', 'PASS']
[22:31:48] [yf2_v5] [INFO] 3号位打出['PASS', 'PASS', 'PASS']， 最大动作为1号位打出的['Pair', 'Q', ['HQ', 'CQ']]
[22:31:48] [yf2_v5] [INFO] 0号位打出['Pair', 'B', ['SB', 'SB']]， 最大动作为0号位打出的['Pair', 'B', ['SB', 'SB']]
[22:31:48] [yf2_v5] [INFO] 1号位打出['PASS', 'PASS', 'PASS']， 最大动作为0号位打出的['Pair', 'B', ['SB', 'SB']]
[22:31:48] [yf2_v5] [INFO] 2号位打出['PASS', 'PASS', 'PASS']， 最大动作为0号位打出的['Pair', 'B', ['SB', 'SB']]
[22:31:48] [YFAdapter-P2] [INFO] [YF-P2] Decision context: myPos=2, curPos=2, greaterPos=0, teammate=0, curAction=[, actionList_size=1
[22:31:48] [YFAdapter-P2] [INFO] [YF-P2] Decided: action_index=0, action=['PASS', 'PASS', 'PASS']
[22:31:48] [yf2_v5] [INFO] 3号位打出['PASS', 'PASS', 'PASS']， 最大动作为0号位打出的['Pair', 'B', ['SB', 'SB']]
[22:31:48] [yf2_v5] [INFO] 0号位打出['Pair', '8', ['S8', 'S8']]， 最大动作为0号位打出的['Pair', '8', ['S8', 'S8']]
[22:31:48] [yf2_v5] [INFO] 1号位打出['Pair', 'T', ['CT', 'DT']]， 最大动作为1号位打出的['Pair', 'T', ['CT', 'DT']]
[22:31:48] [yf2_v5] [INFO] 2号位打出['Pair', 'J', ['SJ', 'HJ']]， 最大动作为2号位打出的['Pair', 'J', ['SJ', 'HJ']]
[22:31:48] [YFAdapter-P2] [INFO] [YF-P2] Decision context: myPos=2, curPos=2, greaterPos=2, teammate=0, curAction=[, actionList_size=1
[22:31:48] [YFAdapter-P2] [INFO] [YF-P2] Decided: action_index=0, action=['PASS', 'PASS', 'PASS']
[22:31:48] [yf2_v5] [INFO] 3号位打出['PASS', 'PASS', 'PASS']， 最大动作为2号位打出的['Pair', 'J', ['SJ', 'HJ']]
[22:31:48] [yf2_v5] [INFO] 0号位打出['PASS', 'PASS', 'PASS']， 最大动作为2号位打出的['Pair', 'J', ['SJ', 'HJ']]
[22:31:48] [yf2_v5] [INFO] 0号位打出['Pair', '9', ['H9', 'C9']]， 最大动作为0号位打出的['Pair', '9', ['H9', 'C9']]
[22:31:48] [yf2_v5] [INFO] 1号位打出['Pair', 'K', ['CK', 'DK']]， 最大动作为1号位打出的['Pair', 'K', ['CK', 'DK']]
[22:31:48] [YFAdapter-P2] [INFO] [YF-P2] Decision context: myPos=2, curPos=1, greaterPos=1, teammate=0, curAction=[, actionList_size=1
[22:31:48] [YFAdapter-P2] [INFO] [YF-P2] Decided: action_index=0, action=['PASS', 'PASS', 'PASS']
[22:31:48] [yf2_v5] [INFO] 3号位打出['PASS', 'PASS', 'PASS']， 最大动作为1号位打出的['Pair', 'K', ['CK', 'DK']]
[22:31:48] [yf2_v5] [INFO] 0号位打出['PASS', 'PASS', 'PASS']， 最大动作为1号位打出的['Pair', 'K', ['CK', 'DK']]
[22:31:48] [yf2_v5] [INFO] 1号位打出['Single', '7', ['C7']]， 最大动作为1号位打出的['Single', '7', ['C7']]
[22:31:48] [YFAdapter-P2] [INFO] [YF-P2] Decision context: myPos=2, curPos=1, greaterPos=1, teammate=0, curAction=[, actionList_size=9
[22:31:48] [YFAdapter-P2] [INFO] [YF-P2] Decided: action_index=0, action=['PASS', 'PASS', 'PASS']
[22:31:48] [yf2_v5] [INFO] 3号位打出['Single', 'A', ['CA']]， 最大动作为3号位打出的['Single', 'A', ['CA']]
[22:31:48] [yf2_v5] [INFO] 0号位打出['Single', 'R', ['HR']]， 最大动作为0号位打出的['Single', 'R', ['HR']]
[22:31:48] [yf2_v5] [INFO] 1号位打出['PASS', 'PASS', 'PASS']， 最大动作为0号位打出的['Single', 'R', ['HR']]
[22:31:48] [YFAdapter-P2] [INFO] [YF-P2] Decision context: myPos=2, curPos=1, greaterPos=0, teammate=0, curAction=[, actionList_size=1
[22:31:48] [YFAdapter-P2] [INFO] [YF-P2] Decided: action_index=0, action=['PASS', 'PASS', 'PASS']
[22:31:48] [yf2_v5] [INFO] 3号位打出['PASS', 'PASS', 'PASS']， 最大动作为0号位打出的['Single', 'R', ['HR']]
[22:31:48] [yf2_v5] [INFO] 0号位打出['ThreeWithTwo', 'T', ['ST', 'CT', 'DT', 'H6', 'C6']]， 最大动作为0号位打出的['ThreeWithTwo', 'T', ['ST', 'CT', 'DT', 'H6', 'C6']]
[22:31:48] [yf2_v5] [INFO] 1号位打出['PASS', 'PASS', 'PASS']， 最大动作为0号位打出的['ThreeWithTwo', 'T', ['ST', 'CT', 'DT', 'H6', 'C6']]
[22:31:48] [YFAdapter-P2] [INFO] [YF-P2] Decision context: myPos=2, curPos=1, greaterPos=0, teammate=0, curAction=[, actionList_size=3
[22:31:48] [YFAdapter-P2] [INFO] [YF-P2] Decided: action_index=0, action=['PASS', 'PASS', 'PASS']
[22:31:48] [yf2_v5] [INFO] 3号位打出['ThreeWithTwo', 'J', ['SJ', 'HJ', 'DJ', 'H3', 'D3']]， 最大动作为3号位打出的['ThreeWithTwo', 'J', ['SJ', 'HJ', 'DJ', 'H3', 'D3']]
[22:31:48] [yf2_v5] [INFO] 0号位打出['PASS', 'PASS', 'PASS']， 最大动作为3号位打出的['ThreeWithTwo', 'J', ['SJ', 'HJ', 'DJ', 'H3', 'D3']]
[22:31:48] [yf2_v5] [INFO] 1号位打出['PASS', 'PASS', 'PASS']， 最大动作为3号位打出的['ThreeWithTwo', 'J', ['SJ', 'HJ', 'DJ', 'H3', 'D3']]
[22:31:48] [YFAdapter-P2] [INFO] [YF-P2] Decision context: myPos=2, curPos=-1, greaterPos=-1, teammate=0, curAction=[, actionList_size=6
[22:31:48] [YFAdapter-P2] [INFO] [YF-P2] Decided: action_index=0, action=['Single', '6', [['C', '6']]]
[22:31:48] [yf2_v5] [INFO] 3号位打出['Single', '6', ['C6']]， 最大动作为3号位打出的['Single', '6', ['C6']]
[22:31:48] [yf2_v5] [INFO] 0号位打出['Single', 'A', ['DA']]， 最大动作为0号位打出的['Single', 'A', ['DA']]
[22:31:48] [yf2_v5] [INFO] 游戏开始, 我是3号位，手牌：['S3', 'C4', 'H6', 'H6', 'C6', 'C6', 'D6', 'H7', 'C7', 'C7', 'D7', 'S8', 'D8', 'D9', 'ST', 'HT', 'CT', 'DT', 'HJ', 'CQ', 'SK', 'CK', 'SA', 'HA', 'H2', 'SB', 'HR']
[22:31:48] [yf2_v5] [INFO] 0号位打出['ThreeWithTwo', '4', ['C4', 'D4', 'D4', 'H3', 'H3']]， 最大动作为0号位打出的['ThreeWithTwo', '4', ['C4', 'D4', 'D4', 'H3', 'H3']]
[22:31:48] [yf2_v5] [INFO] 1号位打出['ThreeWithTwo', '8', ['S8', 'H8', 'H8', 'HK', 'DK']]， 最大动作为1号位打出的['ThreeWithTwo', '8', ['S8', 'H8', 'H8', 'HK', 'DK']]
[22:31:48] [yf2_v5] [INFO] 2号位打出['PASS', 'PASS', 'PASS']， 最大动作为1号位打出的['ThreeWithTwo', '8', ['S8', 'H8', 'H8', 'HK', 'DK']]
[22:31:48] [YFAdapter-P2] [INFO] [YF-P2] Decision context: myPos=2, curPos=2, greaterPos=1, teammate=0, curAction=[, actionList_size=256
[22:31:48] [YFAdapter-P2] [INFO] [YF-P2] Decided: action_index=0, action=['PASS', 'PASS', 'PASS']
[22:31:48] [yf2_v5] [INFO] 3号位打出['ThreeWithTwo', 'A', ['SA', 'HA', 'H2', 'H6', 'D6']]， 最大动作为3号位打出的['ThreeWithTwo', 'A', ['SA', 'HA', 'H2', 'H6', 'D6']]
[22:31:48] [yf2_v5] [INFO] 0号位打出['PASS', 'PASS', 'PASS']， 最大动作为3号位打出的['ThreeWithTwo', 'A', ['SA', 'HA', 'H2', 'H6', 'D6']]
[22:31:48] [yf2_v5] [INFO] 1号位打出['Bomb', '7', ['S7', 'S7', 'H7', 'D7']]， 最大动作为1号位打出的['Bomb', '7', ['S7', 'S7', 'H7', 'D7']]
[22:31:48] [yf2_v5] [INFO] 2号位打出['Bomb', '2', ['S2', 'H2', 'C2', 'D2']]， 最大动作为2号位打出的['Bomb', '2', ['S2', 'H2', 'C2', 'D2']]
[22:31:48] [YFAdapter-P2] [INFO] [YF-P2] Decision context: myPos=2, curPos=2, greaterPos=2, teammate=0, curAction=[, actionList_size=1
[22:31:48] [YFAdapter-P2] [INFO] [YF-P2] Decided: action_index=0, action=['PASS', 'PASS', 'PASS']
[22:31:48] [yf2_v5] [INFO] 3号位打出['PASS', 'PASS', 'PASS']， 最大动作为2号位打出的['Bomb', '2', ['S2', 'H2', 'C2', 'D2']]
[22:31:48] [yf2_v5] [INFO] 0号位打出['PASS', 'PASS', 'PASS']， 最大动作为2号位打出的['Bomb', '2', ['S2', 'H2', 'C2', 'D2']]
[22:31:48] [yf2_v5] [INFO] 1号位打出['PASS', 'PASS', 'PASS']， 最大动作为2号位打出的['Bomb', '2', ['S2', 'H2', 'C2', 'D2']]
[22:31:48] [yf2_v5] [INFO] 2号位打出['Single', '4', ['H4']]， 最大动作为2号位打出的['Single', '4', ['H4']]
[22:31:48] [YFAdapter-P2] [INFO] [YF-P2] Decision context: myPos=2, curPos=2, greaterPos=2, teammate=0, curAction=[, actionList_size=21
[22:31:48] [YFAdapter-P2] [INFO] [YF-P2] Decided: action_index=12, action=['Single', 'T', [['D', 'T']]]
[22:31:48] [yf2_v5] [INFO] 3号位打出['Single', 'T', ['DT']]， 最大动作为3号位打出的['Single', 'T', ['DT']]
[22:31:48] [yf2_v5] [INFO] 0号位打出['Single', '2', ['C2']]， 最大动作为0号位打出的['Single', '2', ['C2']]
[22:31:48] [yf2_v5] [INFO] 1号位打出['PASS', 'PASS', 'PASS']， 最大动作为0号位打出的['Single', '2', ['C2']]
[22:31:48] [yf2_v5] [INFO] 2号位打出['PASS', 'PASS', 'PASS']， 最大动作为0号位打出的['Single', '2', ['C2']]
[22:31:48] [YFAdapter-P2] [INFO] [YF-P2] Decision context: myPos=2, curPos=2, greaterPos=0, teammate=0, curAction=[, actionList_size=4
[22:31:48] [YFAdapter-P2] [INFO] [YF-P2] Decided: action_index=0, action=['PASS', 'PASS', 'PASS']
[22:31:48] [yf2_v5] [INFO] 3号位打出['PASS', 'PASS', 'PASS']， 最大动作为0号位打出的['Single', '2', ['C2']]
[22:31:48] [yf2_v5] [INFO] 0号位打出['Pair', '5', ['S5', 'S5']]， 最大动作为0号位打出的['Pair', '5', ['S5', 'S5']]
[22:31:48] [yf2_v5] [INFO] 1号位打出['Pair', 'T', ['CT', 'DT']]， 最大动作为1号位打出的['Pair', 'T', ['CT', 'DT']]
[22:31:48] [yf2_v5] [INFO] 2号位打出['Pair', 'A', ['HA', 'CA']]， 最大动作为2号位打出的['Pair', 'A', ['HA', 'CA']]
[22:31:48] [YFAdapter-P2] [INFO] [YF-P2] Decision context: myPos=2, curPos=2, greaterPos=2, teammate=0, curAction=[, actionList_size=2
[22:31:48] [YFAdapter-P2] [INFO] [YF-P2] Decided: action_index=0, action=['PASS', 'PASS', 'PASS']
[22:31:48] [yf2_v5] [INFO] 3号位打出['PASS', 'PASS', 'PASS']， 最大动作为2号位打出的['Pair', 'A', ['HA', 'CA']]
[22:31:48] [yf2_v5] [INFO] 0号位打出['PASS', 'PASS', 'PASS']， 最大动作为2号位打出的['Pair', 'A', ['HA', 'CA']]
[22:31:48] [yf2_v5] [INFO] 1号位打出['PASS', 'PASS', 'PASS']， 最大动作为2号位打出的['Pair', 'A', ['HA', 'CA']]
[22:31:48] [yf2_v5] [INFO] 2号位打出['Straight', '9', ['H9', 'HT', 'SJ', 'SQ', 'HK']]， 最大动作为2号位打出的['Straight', '9', ['H9', 'HT', 'SJ', 'SQ', 'HK']]
[22:31:48] [YFAdapter-P2] [INFO] [YF-P2] Decision context: myPos=2, curPos=2, greaterPos=2, teammate=0, curAction=[, actionList_size=2
[22:31:48] [YFAdapter-P2] [INFO] [YF-P2] Decided: action_index=1, action=['Bomb', '7', [['H', '7'], ['C', '7'], ['C', '7'], ['D', '7']]]
[22:31:48] [yf2_v5] [INFO] 3号位打出['Bomb', '7', ['H7', 'C7', 'C7', 'D7']]， 最大动作为3号位打出的['Bomb', '7', ['H7', 'C7', 'C7', 'D7']]
[22:31:48] [yf2_v5] [INFO] 0号位打出['Bomb', '9', ['S9', 'H9', 'C9', 'D9']]， 最大动作为0号位打出的['Bomb', '9', ['S9', 'H9', 'C9', 'D9']]
[22:31:48] [yf2_v5] [INFO] 1号位打出['PASS', 'PASS', 'PASS']， 最大动作为0号位打出的['Bomb', '9', ['S9', 'H9', 'C9', 'D9']]
[22:31:48] [yf2_v5] [INFO] 2号位打出['PASS', 'PASS', 'PASS']， 最大动作为0号位打出的['Bomb', '9', ['S9', 'H9', 'C9', 'D9']]
[22:31:48] [YFAdapter-P2] [INFO] [YF-P2] Decision context: myPos=2, curPos=2, greaterPos=0, teammate=0, curAction=[, actionList_size=1
[22:31:48] [YFAdapter-P2] [INFO] [YF-P2] Decided: action_index=0, action=['PASS', 'PASS', 'PASS']
[22:31:48] [yf2_v5] [INFO] 3号位打出['PASS', 'PASS', 'PASS']， 最大动作为0号位打出的['Bomb', '9', ['S9', 'H9', 'C9', 'D9']]
[22:31:48] [yf2_v5] [INFO] 0号位打出['ThreeWithTwo', 'J', ['SJ', 'HJ', 'CJ', 'S6', 'D6']]， 最大动作为0号位打出的['ThreeWithTwo', 'J', ['SJ', 'HJ', 'CJ', 'S6', 'D6']]
[22:31:48] [yf2_v5] [INFO] 1号位打出['PASS', 'PASS', 'PASS']， 最大动作为0号位打出的['ThreeWithTwo', 'J', ['SJ', 'HJ', 'CJ', 'S6', 'D6']]
[22:31:48] [yf2_v5] [INFO] 2号位打出['PASS', 'PASS', 'PASS']， 最大动作为0号位打出的['ThreeWithTwo', 'J', ['SJ', 'HJ', 'CJ', 'S6', 'D6']]
[22:31:48] [YFAdapter-P2] [INFO] [YF-P2] Decision context: myPos=2, curPos=2, greaterPos=0, teammate=0, curAction=[, actionList_size=1
[22:31:48] [YFAdapter-P2] [INFO] [YF-P2] Decided: action_index=0, action=['PASS', 'PASS', 'PASS']
[22:31:48] [yf2_v5] [INFO] 3号位打出['PASS', 'PASS', 'PASS']， 最大动作为0号位打出的['ThreeWithTwo', 'J', ['SJ', 'HJ', 'CJ', 'S6', 'D6']]
[22:31:48] [yf2_v5] [INFO] 0号位打出['Single', 'T', ['ST']]， 最大动作为0号位打出的['Single', 'T', ['ST']]
[22:31:48] [yf2_v5] [INFO] 1号位打出['Single', '2', ['S2']]， 最大动作为1号位打出的['Single', '2', ['S2']]
[22:31:48] [yf2_v5] [INFO] 2号位打出['Single', 'B', ['SB']]， 最大动作为2号位打出的['Single', 'B', ['SB']]
[22:31:48] [YFAdapter-P2] [INFO] [YF-P2] Decision context: myPos=2, curPos=2, greaterPos=2, teammate=0, curAction=[, actionList_size=2
[22:31:48] [YFAdapter-P2] [INFO] [YF-P2] Decided: action_index=1, action=['Single', 'R', [['H', 'R']]]
[22:31:48] [yf2_v5] [INFO] 3号位打出['Single', 'R', ['HR']]， 最大动作为3号位打出的['Single', 'R', ['HR']]
[22:31:48] [yf2_v5] [INFO] 0号位打出['PASS', 'PASS', 'PASS']， 最大动作为3号位打出的['Single', 'R', ['HR']]
[22:31:48] [yf2_v5] [INFO] 1号位打出['PASS', 'PASS', 'PASS']， 最大动作为3号位打出的['Single', 'R', ['HR']]
[22:31:48] [yf2_v5] [INFO] 2号位打出['PASS', 'PASS', 'PASS']， 最大动作为3号位打出的['Single', 'R', ['HR']]
[22:31:48] [YFAdapter-P2] [INFO] [YF-P2] Decision context: myPos=2, curPos=-1, greaterPos=-1, teammate=0, curAction=[, actionList_size=45
[22:31:48] [YFAdapter-P2] [INFO] [YF-P2] Decided: action_index=0, action=['Single', '3', [['S', '3']]]
[22:31:48] [yf2_v5] [INFO] 3号位打出['Single', '3', ['S3']]， 最大动作为3号位打出的['Single', '3', ['S3']]
[22:31:48] [yf2_v5] [INFO] 0号位打出['Single', '2', ['D2']]， 最大动作为0号位打出的['Single', '2', ['D2']]
[22:31:48] [yf2_v5] [INFO] 1号位打出['PASS', 'PASS', 'PASS']， 最大动作为0号位打出的['Single', '2', ['D2']]
[22:31:48] [yf2_v5] [INFO] 2号位打出['PASS', 'PASS', 'PASS']， 最大动作为0号位打出的['Single', '2', ['D2']]
[22:31:48] [YFAdapter-P2] [INFO] [YF-P2] Decision context: myPos=2, curPos=2, greaterPos=0, teammate=0, curAction=[, actionList_size=2
[22:31:48] [YFAdapter-P2] [INFO] [YF-P2] Decided: action_index=0, action=['PASS', 'PASS', 'PASS']
[22:31:48] [yf2_v5] [INFO] 3号位打出['PASS', 'PASS', 'PASS']， 最大动作为0号位打出的['Single', '2', ['D2']]
[22:31:48] [yf2_v5] [INFO] 0号位打出['Pair', 'K', ['SK', 'DK']]， 最大动作为0号位打出的['Pair', 'K', ['SK', 'DK']]
[22:31:48] [yf2_v5] [INFO] 1号位打出['Pair', 'A', ['DA', 'DA']]， 最大动作为1号位打出的['Pair', 'A', ['DA', 'DA']]
[22:31:48] [yf2_v5] [INFO] 2号位打出['Bomb', '5', ['H5', 'C5', 'C5', 'D5']]， 最大动作为2号位打出的['Bomb', '5', ['H5', 'C5', 'C5', 'D5']]
[22:31:48] [YFAdapter-P2] [INFO] [YF-P2] Decision context: myPos=2, curPos=2, greaterPos=2, teammate=0, curAction=[, actionList_size=1
[22:31:48] [YFAdapter-P2] [INFO] [YF-P2] Decided: action_index=0, action=['PASS', 'PASS', 'PASS']
[22:31:48] [yf2_v5] [INFO] 3号位打出['PASS', 'PASS', 'PASS']， 最大动作为2号位打出的['Bomb', '5', ['H5', 'C5', 'C5', 'D5']]
[22:31:48] [yf2_v5] [INFO] 0号位打出['PASS', 'PASS', 'PASS']， 最大动作为2号位打出的['Bomb', '5', ['H5', 'C5', 'C5', 'D5']]
[22:31:48] [yf2_v5] [INFO] 1号位打出['PASS', 'PASS', 'PASS']， 最大动作为2号位打出的['Bomb', '5', ['H5', 'C5', 'C5', 'D5']]
[22:31:48] [yf2_v5] [INFO] 2号位打出['Pair', '8', ['C8', 'D8']]， 最大动作为2号位打出的['Pair', '8', ['C8', 'D8']]
[22:31:48] [YFAdapter-P2] [INFO] [YF-P2] Decision context: myPos=2, curPos=2, greaterPos=2, teammate=0, curAction=[, actionList_size=5
[22:31:48] [YFAdapter-P2] [INFO] [YF-P2] Decided: action_index=1, action=['Pair', 'T', [['S', 'T'], ['C', 'T']]]
[22:31:48] [yf2_v5] [INFO] 3号位打出['Pair', 'T', ['ST', 'CT']]， 最大动作为3号位打出的['Pair', 'T', ['ST', 'CT']]
[22:31:48] [yf2_v5] [INFO] 0号位打出['Pair', 'A', ['SA', 'CA']]， 最大动作为0号位打出的['Pair', 'A', ['SA', 'CA']]
[22:31:48] [yf2_v5] [INFO] 1号位打出['PASS', 'PASS', 'PASS']， 最大动作为0号位打出的['Pair', 'A', ['SA', 'CA']]
[22:31:48] [yf2_v5] [INFO] 2号位打出['PASS', 'PASS', 'PASS']， 最大动作为0号位打出的['Pair', 'A', ['SA', 'CA']]
[22:31:48] [YFAdapter-P2] [INFO] [YF-P2] Decision context: myPos=2, curPos=2, greaterPos=0, teammate=0, curAction=[, actionList_size=1
[22:31:48] [YFAdapter-P2] [INFO] [YF-P2] Decided: action_index=0, action=['PASS', 'PASS', 'PASS']
[22:31:48] [yf2_v5] [INFO] 3号位打出['PASS', 'PASS', 'PASS']， 最大动作为0号位打出的['Pair', 'A', ['SA', 'CA']]
[22:31:48] [yf2_v5] [INFO] 0号位打出['Bomb', 'Q', ['HQ', 'HQ', 'DQ', 'DQ']]， 最大动作为0号位打出的['Bomb', 'Q', ['HQ', 'HQ', 'DQ', 'DQ']]
[22:31:48] [yf2_v5] [INFO] 1号位打出['PASS', 'PASS', 'PASS']， 最大动作为0号位打出的['Bomb', 'Q', ['HQ', 'HQ', 'DQ', 'DQ']]
[22:31:48] [yf2_v5] [INFO] 2号位打出['PASS', 'PASS', 'PASS']， 最大动作为0号位打出的['Bomb', 'Q', ['HQ', 'HQ', 'DQ', 'DQ']]
[22:31:48] [yf2_v5] [INFO] 2号位打出['Single', 'J', ['CJ']]， 最大动作为2号位打出的['Single', 'J', ['CJ']]
[22:31:48] [YFAdapter-P2] [INFO] [YF-P2] Decision context: myPos=2, curPos=2, greaterPos=2, teammate=0, curAction=[, actionList_size=5
[22:31:48] [YFAdapter-P2] [INFO] [YF-P2] Decided: action_index=0, action=['PASS', 'PASS', 'PASS']
[22:31:48] [yf2_v5] [INFO] 3号位打出['PASS', 'PASS', 'PASS']， 最大动作为2号位打出的['Single', 'J', ['CJ']]
[22:31:48] [yf2_v5] [INFO] 1号位打出['Single', 'Q', ['SQ']]， 最大动作为1号位打出的['Single', 'Q', ['SQ']]
[22:31:48] [yf2_v5] [INFO] 2号位打出['Single', 'K', ['CK']]， 最大动作为2号位打出的['Single', 'K', ['CK']]
[22:31:48] [YFAdapter-P2] [INFO] [YF-P2] Decision context: myPos=2, curPos=2, greaterPos=2, teammate=0, curAction=[, actionList_size=2
[22:31:48] [YFAdapter-P2] [INFO] [YF-P2] Decided: action_index=1, action=['Single', 'B', [['S', 'B']]]
[22:31:48] [yf2_v5] [INFO] 3号位打出['Single', 'B', ['SB']]， 最大动作为3号位打出的['Single', 'B', ['SB']]
[22:31:48] [yf2_v5] [INFO] 1号位打出['PASS', 'PASS', 'PASS']， 最大动作为3号位打出的['Single', 'B', ['SB']]
[22:31:48] [yf2_v5] [INFO] 2号位打出['Single', 'R', ['HR']]， 最大动作为2号位打出的['Single', 'R', ['HR']]
[22:31:48] [YFAdapter-P2] [INFO] [YF-P2] Decision context: myPos=2, curPos=2, greaterPos=2, teammate=0, curAction=[, actionList_size=1
[22:31:48] [YFAdapter-P2] [INFO] [YF-P2] Decided: action_index=0, action=['PASS', 'PASS', 'PASS']
[22:31:48] [yf2_v5] [INFO] 3号位打出['PASS', 'PASS', 'PASS']， 最大动作为2号位打出的['Single', 'R', ['HR']]
[22:31:48] [yf2_v5] [INFO] 1号位打出['PASS', 'PASS', 'PASS']， 最大动作为2号位打出的['Single', 'R', ['HR']]
[22:31:48] [yf2_v5] [INFO] 2号位打出['Bomb', '3', ['S3', 'C3', 'C3', 'D3', 'D3']]， 最大动作为2号位打出的['Bomb', '3', ['S3', 'C3', 'C3', 'D3', 'D3']]
[22:31:48] [yf2_v5] [INFO] 游戏开始, 我是3号位，手牌：['S2', 'C2', 'S3', 'D3', 'S4', 'C6', 'D6', 'D6', 'S8', 'H8', 'C8', 'D8', 'H9', 'ST', 'CT', 'CT', 'HJ', 'CJ', 'CJ', 'DJ', 'SQ', 'SQ', 'SK', 'SK', 'HK', 'CK', 'DA']
[22:31:48] [YFAdapter-P2] [INFO] [YF-P2] Decision context: myPos=2, curPos=-1, greaterPos=-1, teammate=0, curAction=[, actionList_size=1
[22:31:48] [YFAdapter-P2] [INFO] [YF-P2] Decided: action_index=0, action=['tribute', 'tribute', [['D', 'A']]]
[22:31:48] [yf2_v5] [INFO] 1号位打出['Single', '3', ['H3']]， 最大动作为1号位打出的['Single', '3', ['H3']]
[22:31:48] [yf2_v5] [INFO] 2号位打出['Single', '4', ['C4']]， 最大动作为2号位打出的['Single', '4', ['C4']]
[22:31:48] [YFAdapter-P2] [INFO] [YF-P2] Decision context: myPos=2, curPos=2, greaterPos=2, teammate=0, curAction=[, actionList_size=20
[22:31:48] [YFAdapter-P2] [INFO] [YF-P2] Decided: action_index=17, action=['Bomb', '8', [['S', '8'], ['H', '8'], ['C', '8'], ['D', '8']]]
[22:31:48] [yf2_v5] [INFO] 3号位打出['Bomb', '8', ['S8', 'H8', 'C8', 'D8']]， 最大动作为3号位打出的['Bomb', '8', ['S8', 'H8', 'C8', 'D8']]
[22:31:48] [yf2_v5] [INFO] 0号位打出['PASS', 'PASS', 'PASS']， 最大动作为3号位打出的['Bomb', '8', ['S8', 'H8', 'C8', 'D8']]
[22:31:48] [yf2_v5] [INFO] 1号位打出['Bomb', '9', ['H9', 'C9', 'C9', 'D9']]， 最大动作为1号位打出的['Bomb', '9', ['H9', 'C9', 'C9', 'D9']]
[22:31:48] [yf2_v5] [INFO] 2号位打出['PASS', 'PASS', 'PASS']， 最大动作为1号位打出的['Bomb', '9', ['H9', 'C9', 'C9', 'D9']]
[22:31:48] [YFAdapter-P2] [INFO] [YF-P2] Decision context: myPos=2, curPos=2, greaterPos=1, teammate=0, curAction=[, actionList_size=3
[22:31:48] [YFAdapter-P2] [INFO] [YF-P2] Decided: action_index=0, action=['PASS', 'PASS', 'PASS']
[22:31:48] [yf2_v5] [INFO] 3号位打出['Bomb', 'J', ['HJ', 'CJ', 'CJ', 'DJ']]， 最大动作为3号位打出的['Bomb', 'J', ['HJ', 'CJ', 'CJ', 'DJ']]
[22:31:48] [yf2_v5] [INFO] 0号位打出['PASS', 'PASS', 'PASS']， 最大动作为3号位打出的['Bomb', 'J', ['HJ', 'CJ', 'CJ', 'DJ']]
[22:31:48] [yf2_v5] [INFO] 1号位打出['Bomb', '4', ['S4', 'H4', 'C4', 'D4', 'D4']]， 最大动作为1号位打出的['Bomb', '4', ['S4', 'H4', 'C4', 'D4', 'D4']]
[22:31:48] [yf2_v5] [INFO] 2号位打出['PASS', 'PASS', 'PASS']， 最大动作为1号位打出的['Bomb', '4', ['S4', 'H4', 'C4', 'D4', 'D4']]
[22:31:48] [YFAdapter-P2] [INFO] [YF-P2] Decision context: myPos=2, curPos=2, greaterPos=1, teammate=0, curAction=[, actionList_size=1
[22:31:48] [YFAdapter-P2] [INFO] [YF-P2] Decided: action_index=0, action=['PASS', 'PASS', 'PASS']
[22:31:48] [yf2_v5] [INFO] 3号位打出['PASS', 'PASS', 'PASS']， 最大动作为1号位打出的['Bomb', '4', ['S4', 'H4', 'C4', 'D4', 'D4']]
[22:31:48] [yf2_v5] [INFO] 0号位打出['PASS', 'PASS', 'PASS']， 最大动作为1号位打出的['Bomb', '4', ['S4', 'H4', 'C4', 'D4', 'D4']]
[22:31:48] [yf2_v5] [INFO] 1号位打出['Single', '6', ['S6']]， 最大动作为1号位打出的['Single', '6', ['S6']]
[22:31:48] [yf2_v5] [INFO] 2号位打出['Single', '8', ['C8']]， 最大动作为2号位打出的['Single', '8', ['C8']]
[22:31:48] [YFAdapter-P2] [INFO] [YF-P2] Decision context: myPos=2, curPos=2, greaterPos=2, teammate=0, curAction=[, actionList_size=9
[22:31:48] [YFAdapter-P2] [INFO] [YF-P2] Decided: action_index=6, action=['Single', 'K', [['H', 'K']]]
[22:31:48] [yf2_v5] [INFO] 3号位打出['Single', 'K', ['HK']]， 最大动作为3号位打出的['Single', 'K', ['HK']]
[22:31:48] [yf2_v5] [INFO] 0号位打出['Single', '5', ['S5']]， 最大动作为0号位打出的['Single', '5', ['S5']]
[22:31:48] [yf2_v5] [INFO] 1号位打出['PASS', 'PASS', 'PASS']， 最大动作为0号位打出的['Single', '5', ['S5']]
[22:31:48] [yf2_v5] [INFO] 2号位打出['PASS', 'PASS', 'PASS']， 最大动作为0号位打出的['Single', '5', ['S5']]
[22:31:48] [YFAdapter-P2] [INFO] [YF-P2] Decision context: myPos=2, curPos=2, greaterPos=0, teammate=0, curAction=[, actionList_size=1
[22:31:48] [YFAdapter-P2] [INFO] [YF-P2] Decided: action_index=0, action=['PASS', 'PASS', 'PASS']
[22:31:48] [yf2_v5] [INFO] 3号位打出['PASS', 'PASS', 'PASS']， 最大动作为0号位打出的['Single', '5', ['S5']]
[22:31:48] [yf2_v5] [INFO] 0号位打出['Single', '4', ['H4']]， 最大动作为0号位打出的['Single', '4', ['H4']]
[22:31:48] [yf2_v5] [INFO] 1号位打出['Single', 'Q', ['DQ']]， 最大动作为1号位打出的['Single', 'Q', ['DQ']]
[22:31:48] [yf2_v5] [INFO] 2号位打出['Single', '5', ['H5']]， 最大动作为2号位打出的['Single', '5', ['H5']]
[22:31:48] [YFAdapter-P2] [INFO] [YF-P2] Decision context: myPos=2, curPos=2, greaterPos=2, teammate=0, curAction=[, actionList_size=1
[22:31:48] [YFAdapter-P2] [INFO] [YF-P2] Decided: action_index=0, action=['PASS', 'PASS', 'PASS']
[22:31:48] [yf2_v5] [INFO] 3号位打出['PASS', 'PASS', 'PASS']， 最大动作为2号位打出的['Single', '5', ['H5']]
[22:31:48] [yf2_v5] [INFO] 0号位打出['PASS', 'PASS', 'PASS']， 最大动作为2号位打出的['Single', '5', ['H5']]
[22:31:49] [yf2_v5] [INFO] 1号位打出['PASS', 'PASS', 'PASS']， 最大动作为2号位打出的['Single', '5', ['H5']]
[22:31:49] [yf2_v5] [INFO] 2号位打出['ThreeWithTwo', '7', ['S7', 'H7', 'D7', 'C3', 'D3']]， 最大动作为2号位打出的['ThreeWithTwo', '7', ['S7', 'H7', 'D7', 'C3', 'D3']]
[22:31:49] [YFAdapter-P2] [INFO] [YF-P2] Decision context: myPos=2, curPos=2, greaterPos=2, teammate=0, curAction=[, actionList_size=19
[22:31:49] [YFAdapter-P2] [INFO] [YF-P2] Decided: action_index=4, action=['ThreeWithTwo', 'T', [['S', 'T'], ['C', 'T'], ['C', 'T'], ['S', '3'], ['D', '3']]]
[22:31:49] [yf2_v5] [INFO] 3号位打出['ThreeWithTwo', 'T', ['ST', 'CT', 'CT', 'S3', 'D3']]， 最大动作为3号位打出的['ThreeWithTwo', 'T', ['ST', 'CT', 'CT', 'S3', 'D3']]
[22:31:49] [yf2_v5] [INFO] 0号位打出['PASS', 'PASS', 'PASS']， 最大动作为3号位打出的['ThreeWithTwo', 'T', ['ST', 'CT', 'CT', 'S3', 'D3']]
[22:31:49] [yf2_v5] [INFO] 1号位打出['ThreeWithTwo', 'J', ['SJ', 'SJ', 'HJ', 'H7', 'C7']]， 最大动作为1号位打出的['ThreeWithTwo', 'J', ['SJ', 'SJ', 'HJ', 'H7', 'C7']]
[22:31:49] [yf2_v5] [INFO] 2号位打出['ThreeWithTwo', 'K', ['HK', 'CK', 'DK', 'H6', 'C6']]， 最大动作为2号位打出的['ThreeWithTwo', 'K', ['HK', 'CK', 'DK', 'H6', 'C6']]
[22:31:49] [YFAdapter-P2] [INFO] [YF-P2] Decision context: myPos=2, curPos=2, greaterPos=2, teammate=0, curAction=[, actionList_size=1
[22:31:49] [YFAdapter-P2] [INFO] [YF-P2] Decided: action_index=0, action=['PASS', 'PASS', 'PASS']
[22:31:49] [yf2_v5] [INFO] 3号位打出['PASS', 'PASS', 'PASS']， 最大动作为2号位打出的['ThreeWithTwo', 'K', ['HK', 'CK', 'DK', 'H6', 'C6']]
[22:31:49] [yf2_v5] [INFO] 0号位打出['PASS', 'PASS', 'PASS']， 最大动作为2号位打出的['ThreeWithTwo', 'K', ['HK', 'CK', 'DK', 'H6', 'C6']]
[22:31:49] [yf2_v5] [INFO] 1号位打出['ThreeWithTwo', '5', ['S5', 'C5', 'D5', 'S8', 'D8']]， 最大动作为1号位打出的['ThreeWithTwo', '5', ['S5', 'C5', 'D5', 'S8', 'D8']]
[22:31:49] [yf2_v5] [INFO] 2号位打出['Bomb', 'A', ['SA', 'HA', 'CA', 'DA']]， 最大动作为2号位打出的['Bomb', 'A', ['SA', 'HA', 'CA', 'DA']]
[22:31:49] [YFAdapter-P2] [INFO] [YF-P2] Decision context: myPos=2, curPos=2, greaterPos=2, teammate=0, curAction=[, actionList_size=1
[22:31:49] [YFAdapter-P2] [INFO] [YF-P2] Decided: action_index=0, action=['PASS', 'PASS', 'PASS']
[22:31:49] [yf2_v5] [INFO] 3号位打出['PASS', 'PASS', 'PASS']， 最大动作为2号位打出的['Bomb', 'A', ['SA', 'HA', 'CA', 'DA']]
[22:31:49] [yf2_v5] [INFO] 0号位打出['PASS', 'PASS', 'PASS']， 最大动作为2号位打出的['Bomb', 'A', ['SA', 'HA', 'CA', 'DA']]
[22:31:49] [yf2_v5] [INFO] 1号位打出['PASS', 'PASS', 'PASS']， 最大动作为2号位打出的['Bomb', 'A', ['SA', 'HA', 'CA', 'DA']]
[22:31:49] [yf2_v5] [INFO] 2号位打出['ThreeWithTwo', 'T', ['ST', 'HT', 'DT', 'S9', 'D9']]， 最大动作为2号位打出的['ThreeWithTwo', 'T', ['ST', 'HT', 'DT', 'S9', 'D9']]
[22:31:49] [YFAdapter-P2] [INFO] [YF-P2] Decision context: myPos=2, curPos=2, greaterPos=2, teammate=0, curAction=[, actionList_size=7
[22:31:49] [YFAdapter-P2] [INFO] [YF-P2] Decided: action_index=4, action=['ThreeWithTwo', 'K', [['S', 'K'], ['S', 'K'], ['C', 'K'], ['C', '6'], ['D', '6']]]
[22:31:49] [yf2_v5] [INFO] 3号位打出['ThreeWithTwo', 'K', ['SK', 'SK', 'CK', 'C6', 'D6']]， 最大动作为3号位打出的['ThreeWithTwo', 'K', ['SK', 'SK', 'CK', 'C6', 'D6']]
[22:31:49] [yf2_v5] [INFO] 0号位打出['Bomb', '2', ['S2', 'H2', 'C2', 'D2', 'H5']]， 最大动作为0号位打出的['Bomb', '2', ['S2', 'H2', 'C2', 'D2', 'H5']]
[22:31:49] [yf2_v5] [INFO] 1号位打出['PASS', 'PASS', 'PASS']， 最大动作为0号位打出的['Bomb', '2', ['S2', 'H2', 'C2', 'D2', 'H5']]
[22:31:49] [yf2_v5] [INFO] 2号位打出['PASS', 'PASS', 'PASS']， 最大动作为0号位打出的['Bomb', '2', ['S2', 'H2', 'C2', 'D2', 'H5']]
[22:31:49] [YFAdapter-P2] [INFO] [YF-P2] Decision context: myPos=2, curPos=2, greaterPos=0, teammate=0, curAction=[, actionList_size=1
[22:31:49] [YFAdapter-P2] [INFO] [YF-P2] Decided: action_index=0, action=['PASS', 'PASS', 'PASS']
[22:31:49] [yf2_v5] [INFO] 3号位打出['PASS', 'PASS', 'PASS']， 最大动作为0号位打出的['Bomb', '2', ['S2', 'H2', 'C2', 'D2', 'H5']]
[22:31:49] [yf2_v5] [INFO] 0号位打出['Single', '2', ['D2']]， 最大动作为0号位打出的['Single', '2', ['D2']]
[22:31:49] [yf2_v5] [INFO] 1号位打出['Single', 'A', ['DA']]， 最大动作为1号位打出的['Single', 'A', ['DA']]
[22:31:49] [yf2_v5] [INFO] 2号位打出['Single', '5', ['C5']]， 最大动作为2号位打出的['Single', '5', ['C5']]
[22:31:49] [YFAdapter-P2] [INFO] [YF-P2] Decision context: myPos=2, curPos=2, greaterPos=2, teammate=0, curAction=[, actionList_size=1
[22:31:49] [YFAdapter-P2] [INFO] [YF-P2] Decided: action_index=0, action=['PASS', 'PASS', 'PASS']
[22:31:49] [yf2_v5] [INFO] 3号位打出['PASS', 'PASS', 'PASS']， 最大动作为2号位打出的['Single', '5', ['C5']]
[22:31:49] [yf2_v5] [INFO] 0号位打出['PASS', 'PASS', 'PASS']， 最大动作为2号位打出的['Single', '5', ['C5']]
[22:31:49] [yf2_v5] [INFO] 1号位打出['PASS', 'PASS', 'PASS']， 最大动作为2号位打出的['Single', '5', ['C5']]
[22:31:49] [yf2_v5] [INFO] 2号位打出['Pair', 'Q', ['HQ', 'CQ']]， 最大动作为2号位打出的['Pair', 'Q', ['HQ', 'CQ']]
[22:31:49] [YFAdapter-P2] [INFO] [YF-P2] Decision context: myPos=2, curPos=2, greaterPos=2, teammate=0, curAction=[, actionList_size=1
[22:31:49] [YFAdapter-P2] [INFO] [YF-P2] Decided: action_index=0, action=['PASS', 'PASS', 'PASS']
[22:31:49] [yf2_v5] [INFO] 3号位打出['PASS', 'PASS', 'PASS']， 最大动作为2号位打出的['Pair', 'Q', ['HQ', 'CQ']]
[22:31:49] [yf2_v5] [INFO] 0号位打出['PASS', 'PASS', 'PASS']， 最大动作为2号位打出的['Pair', 'Q', ['HQ', 'CQ']]
[22:31:49] [yf2_v5] [INFO] 1号位打出['PASS', 'PASS', 'PASS']， 最大动作为2号位打出的['Pair', 'Q', ['HQ', 'CQ']]
[22:31:49] [yf2_v5] [INFO] 2号位打出['Single', 'B', ['SB']]， 最大动作为2号位打出的['Single', 'B', ['SB']]
[22:31:49] [YFAdapter-P2] [INFO] [YF-P2] Decision context: myPos=2, curPos=2, greaterPos=2, teammate=0, curAction=[, actionList_size=1
[22:31:49] [YFAdapter-P2] [INFO] [YF-P2] Decided: action_index=0, action=['PASS', 'PASS', 'PASS']
[22:31:49] [yf2_v5] [INFO] 3号位打出['PASS', 'PASS', 'PASS']， 最大动作为2号位打出的['Single', 'B', ['SB']]
[22:31:49] [yf2_v5] [INFO] 0号位打出['PASS', 'PASS', 'PASS']， 最大动作为2号位打出的['Single', 'B', ['SB']]
[22:31:49] [yf2_v5] [INFO] 1号位打出['PASS', 'PASS', 'PASS']， 最大动作为2号位打出的['Single', 'B', ['SB']]
[22:31:49] [yf2_v5] [INFO] 2号位打出['Single', 'R', ['HR']]， 最大动作为2号位打出的['Single', 'R', ['HR']]
[22:31:49] [YFAdapter-P2] [INFO] [YF-P2] Decision context: myPos=2, curPos=2, greaterPos=2, teammate=0, curAction=[, actionList_size=1
[22:31:49] [YFAdapter-P2] [INFO] [YF-P2] Decided: action_index=0, action=['PASS', 'PASS', 'PASS']
[22:31:49] [yf2_v5] [INFO] 3号位打出['PASS', 'PASS', 'PASS']， 最大动作为2号位打出的['Single', 'R', ['HR']]
[22:31:49] [yf2_v5] [INFO] 0号位打出['PASS', 'PASS', 'PASS']， 最大动作为2号位打出的['Single', 'R', ['HR']]
[22:31:49] [yf2_v5] [INFO] 0号位打出['Straight', '9', ['S9', 'HT', 'DJ', 'HQ', 'DK']]， 最大动作为0号位打出的['Straight', '9', ['S9', 'HT', 'DJ', 'HQ', 'DK']]
[22:31:49] [yf2_v5] [INFO] 1号位打出['PASS', 'PASS', 'PASS']， 最大动作为0号位打出的['Straight', '9', ['S9', 'HT', 'DJ', 'HQ', 'DK']]
[22:31:49] [YFAdapter-P2] [INFO] [YF-P2] Decision context: myPos=2, curPos=1, greaterPos=0, teammate=0, curAction=[, actionList_size=1
[22:31:49] [YFAdapter-P2] [INFO] [YF-P2] Decided: action_index=0, action=['PASS', 'PASS', 'PASS']
[22:31:49] [yf2_v5] [INFO] 3号位打出['PASS', 'PASS', 'PASS']， 最大动作为0号位打出的['Straight', '9', ['S9', 'HT', 'DJ', 'HQ', 'DK']]
[22:31:49] [yf2_v5] [INFO] 0号位打出['ThreeWithTwo', '3', ['S3', 'H3', 'C3', 'S6', 'H6']]， 最大动作为0号位打出的['ThreeWithTwo', '3', ['S3', 'H3', 'C3', 'S6', 'H6']]
[22:31:49] [yf2_v5] [INFO] 1号位打出['PASS', 'PASS', 'PASS']， 最大动作为0号位打出的['ThreeWithTwo', '3', ['S3', 'H3', 'C3', 'S6', 'H6']]
[22:31:49] [YFAdapter-P2] [INFO] [YF-P2] Decision context: myPos=2, curPos=1, greaterPos=0, teammate=0, curAction=[, actionList_size=1
[22:31:49] [YFAdapter-P2] [INFO] [YF-P2] Decided: action_index=0, action=['PASS', 'PASS', 'PASS']
[22:31:49] [yf2_v5] [INFO] 3号位打出['PASS', 'PASS', 'PASS']， 最大动作为0号位打出的['ThreeWithTwo', '3', ['S3', 'H3', 'C3', 'S6', 'H6']]
[22:31:49] [yf2_v5] [INFO] 0号位打出['Pair', '7', ['S7', 'D7']]， 最大动作为0号位打出的['Pair', '7', ['S7', 'D7']]
[22:31:49] [yf2_v5] [INFO] 1号位打出['PASS', 'PASS', 'PASS']， 最大动作为0号位打出的['Pair', '7', ['S7', 'D7']]
[22:31:49] [YFAdapter-P2] [INFO] [YF-P2] Decision context: myPos=2, curPos=1, greaterPos=0, teammate=0, curAction=[, actionList_size=2
[22:31:49] [YFAdapter-P2] [INFO] [YF-P2] Decided: action_index=0, action=['PASS', 'PASS', 'PASS']
[22:31:49] [YFAdapter-P2] [WARNING] [YF-P2] 检测到过于保守: 对手快走完(剩4张), 触发Layer 2/3进行更积极的决策
[22:31:49] [yf2_v5] [INFO] 3号位打出['Pair', 'Q', ['SQ', 'SQ']]， 最大动作为3号位打出的['Pair', 'Q', ['SQ', 'SQ']]
[22:31:49] [yf2_v5] [INFO] 0号位打出['Pair', 'A', ['SA', 'HA']]， 最大动作为0号位打出的['Pair', 'A', ['SA', 'HA']]
[22:31:49] [yf2_v5] [INFO] 1号位打出['PASS', 'PASS', 'PASS']， 最大动作为0号位打出的['Pair', 'A', ['SA', 'HA']]
[22:31:49] [YFAdapter-P2] [INFO] [YF-P2] Decision context: myPos=2, curPos=1, greaterPos=0, teammate=0, curAction=[, actionList_size=1
[22:31:49] [YFAdapter-P2] [INFO] [YF-P2] Decided: action_index=0, action=['PASS', 'PASS', 'PASS']
[22:31:49] [yf2_v5] [INFO] 3号位打出['PASS', 'PASS', 'PASS']， 最大动作为0号位打出的['Pair', 'A', ['SA', 'HA']]
[22:31:49] [yf2_v5] [INFO] 0号位打出['Pair', 'Q', ['CQ', 'DQ']]， 最大动作为0号位打出的['Pair', 'Q', ['CQ', 'DQ']]
[22:31:49] [yf2_v5] [INFO] 1号位打出['PASS', 'PASS', 'PASS']， 最大动作为0号位打出的['Pair', 'Q', ['CQ', 'DQ']]
[22:31:49] [YFAdapter-P2] [INFO] [YF-P2] Decision context: myPos=2, curPos=1, greaterPos=0, teammate=0, curAction=[, actionList_size=1
[22:31:49] [YFAdapter-P2] [INFO] [YF-P2] Decided: action_index=0, action=['PASS', 'PASS', 'PASS']
[22:31:49] [yf2_v5] [INFO] 3号位打出['PASS', 'PASS', 'PASS']， 最大动作为0号位打出的['Pair', 'Q', ['CQ', 'DQ']]
[22:31:49] [yf2_v5] [INFO] 0号位打出['Single', '5', ['D5']]， 最大动作为0号位打出的['Single', '5', ['D5']]
[22:31:49] [yf2_v5] [INFO] 1号位打出['PASS', 'PASS', 'PASS']， 最大动作为0号位打出的['Single', '5', ['D5']]
[22:31:49] [YFAdapter-P2] [INFO] [YF-P2] Decision context: myPos=2, curPos=1, greaterPos=0, teammate=0, curAction=[, actionList_size=1
[22:31:49] [YFAdapter-P2] [INFO] [YF-P2] Decided: action_index=0, action=['PASS', 'PASS', 'PASS']
[22:31:49] [yf2_v5] [INFO] 3号位打出['PASS', 'PASS', 'PASS']， 最大动作为0号位打出的['Single', '5', ['D5']]
[22:31:49] [yf2_v5] [INFO] 0号位打出['Single', 'B', ['SB']]， 最大动作为0号位打出的['Single', 'B', ['SB']]
[22:31:49] [yf2_v5] [INFO] 1号位打出['PASS', 'PASS', 'PASS']， 最大动作为0号位打出的['Single', 'B', ['SB']]
[22:31:49] [YFAdapter-P2] [INFO] [YF-P2] Decision context: myPos=2, curPos=1, greaterPos=0, teammate=0, curAction=[, actionList_size=1
[22:31:49] [YFAdapter-P2] [INFO] [YF-P2] Decided: action_index=0, action=['PASS', 'PASS', 'PASS']
[22:31:49] [yf2_v5] [INFO] 3号位打出['PASS', 'PASS', 'PASS']， 最大动作为0号位打出的['Single', 'B', ['SB']]
[22:31:49] [yf2_v5] [INFO] 0号位打出['Single', 'R', ['HR']]， 最大动作为0号位打出的['Single', 'R', ['HR']]
[22:31:49] [yf2_v5] [INFO] 游戏开始, 我是3号位，手牌：['H2', 'D3', 'D3', 'D4', 'D4', 'S5', 'H5', 'C6', 'D6', 'D7', 'S9', 'HJ', 'CJ', 'HQ', 'DQ', 'HK', 'CK', 'CK', 'DK', 'DK', 'SA', 'CA', 'DA', 'DA', 'S8', 'H8', 'D8']
[22:31:49] [YFAdapter-P2] [INFO] [YF-P2] Decision context: myPos=2, curPos=-1, greaterPos=-1, teammate=0, curAction=[, actionList_size=2
[22:31:49] [YFAdapter-P2] [INFO] [YF-P2] Decided: action_index=0, action=['tribute', 'tribute', [['S', '8']]]
[22:31:49] [yf2_v5] [INFO] 1号位打出['Single', '6', ['D6']]， 最大动作为1号位打出的['Single', '6', ['D6']]
[22:31:49] [yf2_v5] [INFO] 2号位打出['Single', 'Q', ['SQ']]， 最大动作为2号位打出的['Single', 'Q', ['SQ']]
[22:31:49] [YFAdapter-P2] [INFO] [YF-P2] Decision context: myPos=2, curPos=2, greaterPos=2, teammate=0, curAction=[, actionList_size=27
[22:31:49] [YFAdapter-P2] [INFO] [YF-P2] Decided: action_index=11, action=['Bomb', 'K', [['H', 'K'], ['C', 'K'], ['D', 'K'], ['H', '8']]]
[22:31:49] [yf2_v5] [INFO] 3号位打出['Bomb', 'K', ['HK', 'CK', 'DK', 'H8']]， 最大动作为3号位打出的['Bomb', 'K', ['HK', 'CK', 'DK', 'H8']]
[22:31:49] [yf2_v5] [INFO] 0号位打出['PASS', 'PASS', 'PASS']， 最大动作为3号位打出的['Bomb', 'K', ['HK', 'CK', 'DK', 'H8']]
[22:31:49] [yf2_v5] [INFO] 1号位打出['Bomb', 'J', ['SJ', 'HJ', 'CJ', 'DJ', 'H8']]， 最大动作为1号位打出的['Bomb', 'J', ['SJ', 'HJ', 'CJ', 'DJ', 'H8']]
[22:31:49] [yf2_v5] [INFO] 2号位打出['PASS', 'PASS', 'PASS']， 最大动作为1号位打出的['Bomb', 'J', ['SJ', 'HJ', 'CJ', 'DJ', 'H8']]
[22:31:49] [YFAdapter-P2] [INFO] [YF-P2] Decision context: myPos=2, curPos=2, greaterPos=1, teammate=0, curAction=[, actionList_size=1
[22:31:49] [YFAdapter-P2] [INFO] [YF-P2] Decided: action_index=0, action=['PASS', 'PASS', 'PASS']
[22:31:49] [yf2_v5] [INFO] 3号位打出['PASS', 'PASS', 'PASS']， 最大动作为1号位打出的['Bomb', 'J', ['SJ', 'HJ', 'CJ', 'DJ', 'H8']]
[22:31:49] [yf2_v5] [INFO] 0号位打出['PASS', 'PASS', 'PASS']， 最大动作为1号位打出的['Bomb', 'J', ['SJ', 'HJ', 'CJ', 'DJ', 'H8']]
[22:31:49] [yf2_v5] [INFO] 1号位打出['Single', '7', ['S7']]， 最大动作为1号位打出的['Single', '7', ['S7']]
[22:31:49] [yf2_v5] [INFO] 2号位打出['Single', '8', ['S8']]， 最大动作为2号位打出的['Single', '8', ['S8']]
[22:31:49] [YFAdapter-P2] [INFO] [YF-P2] Decision context: myPos=2, curPos=2, greaterPos=2, teammate=0, curAction=[, actionList_size=2
[22:31:49] [YFAdapter-P2] [INFO] [YF-P2] Decided: action_index=1, action=['Bomb', 'A', [['S', 'A'], ['C', 'A'], ['D', 'A'], ['D', 'A']]]
[22:31:49] [yf2_v5] [INFO] 3号位打出['Bomb', 'A', ['SA', 'CA', 'DA', 'DA']]， 最大动作为3号位打出的['Bomb', 'A', ['SA', 'CA', 'DA', 'DA']]
[22:31:49] [yf2_v5] [INFO] 0号位打出['PASS', 'PASS', 'PASS']， 最大动作为3号位打出的['Bomb', 'A', ['SA', 'CA', 'DA', 'DA']]
[22:31:49] [yf2_v5] [INFO] 1号位打出['PASS', 'PASS', 'PASS']， 最大动作为3号位打出的['Bomb', 'A', ['SA', 'CA', 'DA', 'DA']]
[22:31:49] [yf2_v5] [INFO] 2号位打出['PASS', 'PASS', 'PASS']， 最大动作为3号位打出的['Bomb', 'A', ['SA', 'CA', 'DA', 'DA']]
[22:31:49] [YFAdapter-P2] [INFO] [YF-P2] Decision context: myPos=2, curPos=-1, greaterPos=-1, teammate=0, curAction=[, actionList_size=59
[22:31:49] [YFAdapter-P2] [INFO] [YF-P2] Decided: action_index=0, action=['Single', '2', [['H', '2']]]
[22:31:49] [yf2_v5] [INFO] 3号位打出['Single', '2', ['H2']]， 最大动作为3号位打出的['Single', '2', ['H2']]
[22:31:49] [yf2_v5] [INFO] 0号位打出['Single', 'A', ['HA']]， 最大动作为0号位打出的['Single', 'A', ['HA']]
[22:31:49] [yf2_v5] [INFO] 1号位打出['Single', '8', ['D8']]， 最大动作为1号位打出的['Single', '8', ['D8']]
[22:31:49] [yf2_v5] [INFO] 2号位打出['Single', 'R', ['HR']]， 最大动作为2号位打出的['Single', 'R', ['HR']]
[22:31:49] [YFAdapter-P2] [INFO] [YF-P2] Decision context: myPos=2, curPos=2, greaterPos=2, teammate=0, curAction=[, actionList_size=1
[22:31:49] [YFAdapter-P2] [INFO] [YF-P2] Decided: action_index=0, action=['PASS', 'PASS', 'PASS']
[22:31:49] [yf2_v5] [INFO] 3号位打出['PASS', 'PASS', 'PASS']， 最大动作为2号位打出的['Single', 'R', ['HR']]
[22:31:49] [yf2_v5] [INFO] 0号位打出['PASS', 'PASS', 'PASS']， 最大动作为2号位打出的['Single', 'R', ['HR']]
[22:31:49] [yf2_v5] [INFO] 1号位打出['PASS', 'PASS', 'PASS']， 最大动作为2号位打出的['Single', 'R', ['HR']]
[22:31:49] [yf2_v5] [INFO] 2号位打出['ThreePair', '2', ['C2', 'D2', 'S3', 'C3', 'S4', 'H4']]， 最大动作为2号位打出的['ThreePair', '2', ['C2', 'D2', 'S3', 'C3', 'S4', 'H4']]
[22:31:49] [YFAdapter-P2] [INFO] [YF-P2] Decision context: myPos=2, curPos=2, greaterPos=2, teammate=0, curAction=[, actionList_size=4
[22:31:49] [YFAdapter-P2] [INFO] [YF-P2] Decided: action_index=1, action=['ThreePair', '3', [['D', '3'], ['D', '3'], ['D', '4'], ['D', '4'], ['S', '5'], ['H', '5']]]
[22:31:49] [yf2_v5] [INFO] 3号位打出['ThreePair', '3', ['D3', 'D3', 'D4', 'D4', 'S5', 'H5']]， 最大动作为3号位打出的['ThreePair', '3', ['D3', 'D3', 'D4', 'D4', 'S5', 'H5']]
[22:31:49] [yf2_v5] [INFO] 0号位打出['PASS', 'PASS', 'PASS']， 最大动作为3号位打出的['ThreePair', '3', ['D3', 'D3', 'D4', 'D4', 'S5', 'H5']]
[22:31:49] [yf2_v5] [INFO] 1号位打出['PASS', 'PASS', 'PASS']， 最大动作为3号位打出的['ThreePair', '3', ['D3', 'D3', 'D4', 'D4', 'S5', 'H5']]
[22:31:49] [yf2_v5] [INFO] 2号位打出['PASS', 'PASS', 'PASS']， 最大动作为3号位打出的['ThreePair', '3', ['D3', 'D3', 'D4', 'D4', 'S5', 'H5']]
[22:31:49] [YFAdapter-P2] [INFO] [YF-P2] Decision context: myPos=2, curPos=-1, greaterPos=-1, teammate=0, curAction=[, actionList_size=33
[22:31:49] [YFAdapter-P2] [INFO] [YF-P2] Decided: action_index=2, action=['Single', '7', [['D', '7']]]
[22:31:49] [yf2_v5] [INFO] 3号位打出['Single', '7', ['D7']]， 最大动作为3号位打出的['Single', '7', ['D7']]
[22:31:49] [yf2_v5] [INFO] 0号位打出['Single', '8', ['C8']]， 最大动作为0号位打出的['Single', '8', ['C8']]
[22:31:49] [yf2_v5] [INFO] 1号位打出['Single', 'B', ['SB']]， 最大动作为1号位打出的['Single', 'B', ['SB']]
[22:31:49] [yf2_v5] [INFO] 2号位打出['PASS', 'PASS', 'PASS']， 最大动作为1号位打出的['Single', 'B', ['SB']]
[22:31:49] [YFAdapter-P2] [INFO] [YF-P2] Decision context: myPos=2, curPos=2, greaterPos=1, teammate=0, curAction=[, actionList_size=1
[22:31:49] [YFAdapter-P2] [INFO] [YF-P2] Decided: action_index=0, action=['PASS', 'PASS', 'PASS']
[22:31:49] [yf2_v5] [INFO] 3号位打出['PASS', 'PASS', 'PASS']， 最大动作为1号位打出的['Single', 'B', ['SB']]
[22:31:49] [yf2_v5] [INFO] 0号位打出['Single', 'R', ['HR']]， 最大动作为0号位打出的['Single', 'R', ['HR']]
[22:31:49] [yf2_v5] [INFO] 1号位打出['PASS', 'PASS', 'PASS']， 最大动作为0号位打出的['Single', 'R', ['HR']]
[22:31:49] [yf2_v5] [INFO] 2号位打出['PASS', 'PASS', 'PASS']， 最大动作为0号位打出的['Single', 'R', ['HR']]
[22:31:49] [YFAdapter-P2] [INFO] [YF-P2] Decision context: myPos=2, curPos=2, greaterPos=0, teammate=0, curAction=[, actionList_size=1
[22:31:49] [YFAdapter-P2] [INFO] [YF-P2] Decided: action_index=0, action=['PASS', 'PASS', 'PASS']
[22:31:49] [yf2_v5] [INFO] 3号位打出['PASS', 'PASS', 'PASS']， 最大动作为0号位打出的['Single', 'R', ['HR']]
[22:31:49] [yf2_v5] [INFO] 0号位打出['ThreePair', '2', ['C2', 'D2', 'H3', 'C3', 'C4', 'C4']]， 最大动作为0号位打出的['ThreePair', '2', ['C2', 'D2', 'H3', 'C3', 'C4', 'C4']]
[22:31:49] [yf2_v5] [INFO] 1号位打出['ThreePair', '3', ['S3', 'H3', 'S4', 'H4', 'H5', 'C5']]， 最大动作为1号位打出的['ThreePair', '3', ['S3', 'H3', 'S4', 'H4', 'H5', 'C5']]
[22:31:49] [yf2_v5] [INFO] 2号位打出['Bomb', '7', ['S7', 'H7', 'H7', 'C7']]， 最大动作为2号位打出的['Bomb', '7', ['S7', 'H7', 'H7', 'C7']]
[22:31:49] [YFAdapter-P2] [INFO] [YF-P2] Decision context: myPos=2, curPos=2, greaterPos=2, teammate=0, curAction=[, actionList_size=1
[22:31:49] [YFAdapter-P2] [INFO] [YF-P2] Decided: action_index=0, action=['PASS', 'PASS', 'PASS']
[22:31:49] [yf2_v5] [INFO] 3号位打出['PASS', 'PASS', 'PASS']， 最大动作为2号位打出的['Bomb', '7', ['S7', 'H7', 'H7', 'C7']]
[22:31:49] [yf2_v5] [INFO] 0号位打出['PASS', 'PASS', 'PASS']， 最大动作为2号位打出的['Bomb', '7', ['S7', 'H7', 'H7', 'C7']]
[22:31:49] [yf2_v5] [INFO] 1号位打出['PASS', 'PASS', 'PASS']， 最大动作为2号位打出的['Bomb', '7', ['S7', 'H7', 'H7', 'C7']]
[22:31:49] [yf2_v5] [INFO] 2号位打出['Single', '5', ['S5']]， 最大动作为2号位打出的['Single', '5', ['S5']]
[22:31:49] [YFAdapter-P2] [INFO] [YF-P2] Decision context: myPos=2, curPos=2, greaterPos=2, teammate=0, curAction=[, actionList_size=12
[22:31:49] [YFAdapter-P2] [INFO] [YF-P2] Decided: action_index=4, action=['Single', 'T', [['S', 'T']]]
[22:31:49] [yf2_v5] [INFO] 3号位打出['Single', 'T', ['ST']]， 最大动作为3号位打出的['Single', 'T', ['ST']]
[22:31:49] [yf2_v5] [INFO] 0号位打出['PASS', 'PASS', 'PASS']， 最大动作为3号位打出的['Single', 'T', ['ST']]
[22:31:49] [yf2_v5] [INFO] 1号位打出['Single', 'A', ['SA']]， 最大动作为1号位打出的['Single', 'A', ['SA']]
[22:31:49] [yf2_v5] [INFO] 2号位打出['PASS', 'PASS', 'PASS']， 最大动作为1号位打出的['Single', 'A', ['SA']]
[22:31:49] [YFAdapter-P2] [INFO] [YF-P2] Decision context: myPos=2, curPos=2, greaterPos=1, teammate=0, curAction=[, actionList_size=2
[22:31:49] [YFAdapter-P2] [INFO] [YF-P2] Decided: action_index=0, action=['PASS', 'PASS', 'PASS']
[22:31:49] [yf2_v5] [INFO] 3号位打出['Single', '8', ['D8']]， 最大动作为3号位打出的['Single', '8', ['D8']]
[22:31:49] [yf2_v5] [INFO] 0号位打出['Bomb', '9', ['S9', 'H9', 'C9', 'C9', 'D9']]， 最大动作为0号位打出的['Bomb', '9', ['S9', 'H9', 'C9', 'C9', 'D9']]
[22:31:49] [yf2_v5] [INFO] 1号位打出['PASS', 'PASS', 'PASS']， 最大动作为0号位打出的['Bomb', '9', ['S9', 'H9', 'C9', 'C9', 'D9']]
[22:31:49] [yf2_v5] [INFO] 2号位打出['PASS', 'PASS', 'PASS']， 最大动作为0号位打出的['Bomb', '9', ['S9', 'H9', 'C9', 'C9', 'D9']]
[22:31:49] [YFAdapter-P2] [INFO] [YF-P2] Decision context: myPos=2, curPos=2, greaterPos=0, teammate=0, curAction=[, actionList_size=1
[22:31:49] [YFAdapter-P2] [INFO] [YF-P2] Decided: action_index=0, action=['PASS', 'PASS', 'PASS']
[22:31:49] [yf2_v5] [INFO] 3号位打出['PASS', 'PASS', 'PASS']， 最大动作为0号位打出的['Bomb', '9', ['S9', 'H9', 'C9', 'C9', 'D9']]
[22:31:49] [yf2_v5] [INFO] 0号位打出['Pair', '6', ['S6', 'H6']]， 最大动作为0号位打出的['Pair', '6', ['S6', 'H6']]
[22:31:49] [yf2_v5] [INFO] 1号位打出['Pair', 'T', ['ST', 'DT']]， 最大动作为1号位打出的['Pair', 'T', ['ST', 'DT']]
[22:31:49] [yf2_v5] [INFO] 2号位打出['Pair', 'K', ['SK', 'HK']]， 最大动作为2号位打出的['Pair', 'K', ['SK', 'HK']]
[22:31:49] [YFAdapter-P2] [INFO] [YF-P2] Decision context: myPos=2, curPos=2, greaterPos=2, teammate=0, curAction=[, actionList_size=1
[22:31:49] [YFAdapter-P2] [INFO] [YF-P2] Decided: action_index=0, action=['PASS', 'PASS', 'PASS']
[22:31:49] [yf2_v5] [INFO] 3号位打出['PASS', 'PASS', 'PASS']， 最大动作为2号位打出的['Pair', 'K', ['SK', 'HK']]
[22:31:49] [yf2_v5] [INFO] 0号位打出['PASS', 'PASS', 'PASS']， 最大动作为2号位打出的['Pair', 'K', ['SK', 'HK']]
[22:31:49] [yf2_v5] [INFO] 1号位打出['Pair', '8', ['S8', 'C8']]， 最大动作为1号位打出的['Pair', '8', ['S8', 'C8']]
[22:31:49] [yf2_v5] [INFO] 2号位打出['PASS', 'PASS', 'PASS']， 最大动作为1号位打出的['Pair', '8', ['S8', 'C8']]
[22:31:49] [YFAdapter-P2] [INFO] [YF-P2] Decision context: myPos=2, curPos=2, greaterPos=1, teammate=0, curAction=[, actionList_size=1
[22:31:49] [YFAdapter-P2] [INFO] [YF-P2] Decided: action_index=0, action=['PASS', 'PASS', 'PASS']
[22:31:49] [yf2_v5] [INFO] 3号位打出['PASS', 'PASS', 'PASS']， 最大动作为1号位打出的['Pair', '8', ['S8', 'C8']]
[22:31:49] [yf2_v5] [INFO] 0号位打出['Bomb', 'Q', ['SQ', 'HQ', 'CQ', 'CQ', 'DQ']]， 最大动作为0号位打出的['Bomb', 'Q', ['SQ', 'HQ', 'CQ', 'CQ', 'DQ']]
[22:31:49] [yf2_v5] [INFO] 1号位打出['PASS', 'PASS', 'PASS']， 最大动作为0号位打出的['Bomb', 'Q', ['SQ', 'HQ', 'CQ', 'CQ', 'DQ']]
[22:31:49] [yf2_v5] [INFO] 2号位打出['PASS', 'PASS', 'PASS']， 最大动作为0号位打出的['Bomb', 'Q', ['SQ', 'HQ', 'CQ', 'CQ', 'DQ']]
[22:31:49] [YFAdapter-P2] [INFO] [YF-P2] Decision context: myPos=2, curPos=2, greaterPos=0, teammate=0, curAction=[, actionList_size=1
[22:31:49] [YFAdapter-P2] [INFO] [YF-P2] Decided: action_index=0, action=['PASS', 'PASS', 'PASS']
[22:31:49] [yf2_v5] [INFO] 3号位打出['PASS', 'PASS', 'PASS']， 最大动作为0号位打出的['Bomb', 'Q', ['SQ', 'HQ', 'CQ', 'CQ', 'DQ']]
[22:31:49] [yf2_v5] [INFO] 0号位打出['Pair', '7', ['C7', 'D7']]， 最大动作为0号位打出的['Pair', '7', ['C7', 'D7']]
[22:31:49] [yf2_v5] [INFO] 1号位打出['PASS', 'PASS', 'PASS']， 最大动作为0号位打出的['Pair', '7', ['C7', 'D7']]
[22:31:49] [yf2_v5] [INFO] 2号位打出['Pair', '9', ['H9', 'D9']]， 最大动作为2号位打出的['Pair', '9', ['H9', 'D9']]
[22:31:49] [YFAdapter-P2] [INFO] [YF-P2] Decision context: myPos=2, curPos=2, greaterPos=2, teammate=0, curAction=[, actionList_size=4
[22:31:49] [YFAdapter-P2] [INFO] [YF-P2] Decided: action_index=1, action=['Pair', 'J', [['H', 'J'], ['C', 'J']]]
[22:31:49] [yf2_v5] [INFO] 3号位打出['Pair', 'J', ['HJ', 'CJ']]， 最大动作为3号位打出的['Pair', 'J', ['HJ', 'CJ']]
[22:31:49] [yf2_v5] [INFO] 0号位打出['PASS', 'PASS', 'PASS']， 最大动作为3号位打出的['Pair', 'J', ['HJ', 'CJ']]
[22:31:49] [yf2_v5] [INFO] 1号位打出['PASS', 'PASS', 'PASS']， 最大动作为3号位打出的['Pair', 'J', ['HJ', 'CJ']]
[22:31:49] [yf2_v5] [INFO] 2号位打出['Pair', 'A', ['HA', 'CA']]， 最大动作为2号位打出的['Pair', 'A', ['HA', 'CA']]
[22:31:49] [YFAdapter-P2] [INFO] [YF-P2] Decision context: myPos=2, curPos=2, greaterPos=2, teammate=0, curAction=[, actionList_size=1
[22:31:49] [YFAdapter-P2] [INFO] [YF-P2] Decided: action_index=0, action=['PASS', 'PASS', 'PASS']
[22:31:49] [yf2_v5] [INFO] 3号位打出['PASS', 'PASS', 'PASS']， 最大动作为2号位打出的['Pair', 'A', ['HA', 'CA']]
[22:31:49] [yf2_v5] [INFO] 0号位打出['PASS', 'PASS', 'PASS']， 最大动作为2号位打出的['Pair', 'A', ['HA', 'CA']]
[22:31:49] [yf2_v5] [INFO] 1号位打出['PASS', 'PASS', 'PASS']， 最大动作为2号位打出的['Pair', 'A', ['HA', 'CA']]
[22:31:49] [yf2_v5] [INFO] 2号位打出['Pair', 'T', ['HT', 'CT']]， 最大动作为2号位打出的['Pair', 'T', ['HT', 'CT']]
[22:31:49] [YFAdapter-P2] [INFO] [YF-P2] Decision context: myPos=2, curPos=2, greaterPos=2, teammate=0, curAction=[, actionList_size=3
[22:31:49] [YFAdapter-P2] [INFO] [YF-P2] Decided: action_index=1, action=['Pair', 'Q', [['H', 'Q'], ['D', 'Q']]]
[22:31:49] [yf2_v5] [INFO] 3号位打出['PASS', 'PASS', 'PASS']， 最大动作为2号位打出的['Pair', 'T', ['HT', 'CT']]
[22:31:49] [yf2_v5] [INFO] 0号位打出['Pair', 'J', ['SJ', 'DJ']]， 最大动作为0号位打出的['Pair', 'J', ['SJ', 'DJ']]
[22:31:49] [yf2_v5] [INFO] 1号位打出['PASS', 'PASS', 'PASS']， 最大动作为0号位打出的['Pair', 'J', ['SJ', 'DJ']]
[22:31:49] [yf2_v5] [INFO] 2号位打出['PASS', 'PASS', 'PASS']， 最大动作为0号位打出的['Pair', 'J', ['SJ', 'DJ']]
[22:31:49] [YFAdapter-P2] [INFO] [YF-P2] Decision context: myPos=2, curPos=2, greaterPos=0, teammate=0, curAction=[, actionList_size=3
[22:31:49] [YFAdapter-P2] [INFO] [YF-P2] Decided: action_index=0, action=['PASS', 'PASS', 'PASS']
[22:31:49] [yf2_v5] [INFO] 3号位打出['PASS', 'PASS', 'PASS']， 最大动作为0号位打出的['Pair', 'J', ['SJ', 'DJ']]
[22:31:49] [yf2_v5] [INFO] 0号位打出['Pair', 'T', ['CT', 'DT']]， 最大动作为0号位打出的['Pair', 'T', ['CT', 'DT']]
[22:31:49] [yf2_v5] [INFO] 1号位打出['PASS', 'PASS', 'PASS']， 最大动作为0号位打出的['Pair', 'T', ['CT', 'DT']]
[22:31:49] [yf2_v5] [INFO] 2号位打出['PASS', 'PASS', 'PASS']， 最大动作为0号位打出的['Pair', 'T', ['CT', 'DT']]
[22:31:49] [yf2_v5] [INFO] 2号位打出['ThreeWithTwo', '6', ['S6', 'H6', 'C6', 'C5', 'D5']]， 最大动作为2号位打出的['ThreeWithTwo', '6', ['S6', 'H6', 'C6', 'C5', 'D5']]
[22:31:49] [yf2_v5] [INFO] 游戏开始, 我是3号位，手牌：['H2', 'C3', 'D3', 'D3', 'S4', 'C4', 'D4', 'S6', 'C6', 'D7', 'H9', 'H9', 'C9', 'C9', 'D9', 'ST', 'HT', 'DT', 'SQ', 'CQ', 'SK', 'CK', 'DK', 'DK', 'DA', 'SJ', 'HJ']
[22:31:49] [YFAdapter-P2] [INFO] [YF-P2] Decision context: myPos=2, curPos=-1, greaterPos=-1, teammate=0, curAction=[, actionList_size=1
[22:31:49] [YFAdapter-P2] [INFO] [YF-P2] Decided: action_index=0, action=['tribute', 'tribute', [['S', 'J']]]
[22:31:49] [yf2_v5] [INFO] 1号位打出['Single', '4', ['C4']]， 最大动作为1号位打出的['Single', '4', ['C4']]
[22:31:49] [yf2_v5] [INFO] 2号位打出['Single', '7', ['D7']]， 最大动作为2号位打出的['Single', '7', ['D7']]
[22:31:49] [YFAdapter-P2] [INFO] [YF-P2] Decision context: myPos=2, curPos=2, greaterPos=2, teammate=0, curAction=[, actionList_size=35
[22:31:49] [YFAdapter-P2] [INFO] [YF-P2] Decided: action_index=14, action=['Bomb', '3', [['C', '3'], ['D', '3'], ['D', '3'], ['H', 'J']]]
[22:31:49] [yf2_v5] [INFO] 3号位打出['Bomb', '3', ['C3', 'D3', 'D3', 'HJ']]， 最大动作为3号位打出的['Bomb', '3', ['C3', 'D3', 'D3', 'HJ']]
[22:31:49] [yf2_v5] [INFO] 0号位打出['PASS', 'PASS', 'PASS']， 最大动作为3号位打出的['Bomb', '3', ['C3', 'D3', 'D3', 'HJ']]
[22:31:49] [yf2_v5] [INFO] 1号位打出['Bomb', '8', ['S8', 'H8', 'H8', 'D8']]， 最大动作为1号位打出的['Bomb', '8', ['S8', 'H8', 'H8', 'D8']]
[22:31:49] [yf2_v5] [INFO] 2号位打出['PASS', 'PASS', 'PASS']， 最大动作为1号位打出的['Bomb', '8', ['S8', 'H8', 'H8', 'D8']]
[22:31:49] [YFAdapter-P2] [INFO] [YF-P2] Decision context: myPos=2, curPos=2, greaterPos=1, teammate=0, curAction=[, actionList_size=6
[22:31:49] [YFAdapter-P2] [INFO] [YF-P2] Decided: action_index=0, action=['PASS', 'PASS', 'PASS']
[22:31:50] [yf2_v5] [INFO] 3号位打出['Bomb', 'K', ['SK', 'CK', 'DK', 'DK']]， 最大动作为3号位打出的['Bomb', 'K', ['SK', 'CK', 'DK', 'DK']]
[22:31:50] [yf2_v5] [INFO] 0号位打出['PASS', 'PASS', 'PASS']， 最大动作为3号位打出的['Bomb', 'K', ['SK', 'CK', 'DK', 'DK']]
[22:31:50] [yf2_v5] [INFO] 1号位打出['PASS', 'PASS', 'PASS']， 最大动作为3号位打出的['Bomb', 'K', ['SK', 'CK', 'DK', 'DK']]
[22:31:50] [yf2_v5] [INFO] 2号位打出['PASS', 'PASS', 'PASS']， 最大动作为3号位打出的['Bomb', 'K', ['SK', 'CK', 'DK', 'DK']]
[22:31:50] [YFAdapter-P2] [INFO] [YF-P2] Decision context: myPos=2, curPos=-1, greaterPos=-1, teammate=0, curAction=[, actionList_size=109
[22:31:50] [YFAdapter-P2] [INFO] [YF-P2] Decided: action_index=7, action=['Single', '7', [['D', '7']]]
[22:31:50] [yf2_v5] [INFO] 3号位打出['Single', '7', ['D7']]， 最大动作为3号位打出的['Single', '7', ['D7']]
[22:31:50] [yf2_v5] [INFO] 0号位打出['Single', 'T', ['HT']]， 最大动作为0号位打出的['Single', 'T', ['HT']]
[22:31:50] [yf2_v5] [INFO] 1号位打出['Bomb', '3', ['S3', 'S3', 'H3', 'H3']]， 最大动作为1号位打出的['Bomb', '3', ['S3', 'S3', 'H3', 'H3']]
[22:31:50] [yf2_v5] [INFO] 2号位打出['Bomb', '5', ['S5', 'H5', 'H5', 'C5', 'D5']]， 最大动作为2号位打出的['Bomb', '5', ['S5', 'H5', 'H5', 'C5', 'D5']]
[22:31:50] [YFAdapter-P2] [INFO] [YF-P2] Decision context: myPos=2, curPos=2, greaterPos=2, teammate=0, curAction=[, actionList_size=2
[22:31:50] [YFAdapter-P2] [INFO] [YF-P2] Decided: action_index=1, action=['Bomb', '9', [['H', '9'], ['H', '9'], ['C', '9'], ['C', '9'], ['D', '9']]]
[22:31:50] [yf2_v5] [INFO] 3号位打出['Bomb', '9', ['H9', 'H9', 'C9', 'C9', 'D9']]， 最大动作为3号位打出的['Bomb', '9', ['H9', 'H9', 'C9', 'C9', 'D9']]
[22:31:50] [yf2_v5] [INFO] 0号位打出['PASS', 'PASS', 'PASS']， 最大动作为3号位打出的['Bomb', '9', ['H9', 'H9', 'C9', 'C9', 'D9']]
[22:31:50] [yf2_v5] [INFO] 1号位打出['PASS', 'PASS', 'PASS']， 最大动作为3号位打出的['Bomb', '9', ['H9', 'H9', 'C9', 'C9', 'D9']]
[22:31:50] [yf2_v5] [INFO] 2号位打出['PASS', 'PASS', 'PASS']， 最大动作为3号位打出的['Bomb', '9', ['H9', 'H9', 'C9', 'C9', 'D9']]
[22:31:50] [YFAdapter-P2] [INFO] [YF-P2] Decision context: myPos=2, curPos=-1, greaterPos=-1, teammate=0, curAction=[, actionList_size=36
[22:31:50] [YFAdapter-P2] [INFO] [YF-P2] Decided: action_index=24, action=['ThreeWithTwo', '4', [['S', '4'], ['C', '4'], ['D', '4'], ['H', '2'], ['D', '2']]]
[22:31:50] [yf2_v5] [INFO] 3号位打出['ThreeWithTwo', '4', ['S4', 'C4', 'D4', 'H2', 'D2']]， 最大动作为3号位打出的['ThreeWithTwo', '4', ['S4', 'C4', 'D4', 'H2', 'D2']]
[22:31:50] [yf2_v5] [INFO] 0号位打出['ThreeWithTwo', '6', ['S6', 'C6', 'HJ', 'C2', 'D2']]， 最大动作为0号位打出的['ThreeWithTwo', '6', ['S6', 'C6', 'HJ', 'C2', 'D2']]
[22:31:50] [yf2_v5] [INFO] 1号位打出['ThreeWithTwo', '7', ['H7', 'H7', 'C7', 'HA', 'DA']]， 最大动作为1号位打出的['ThreeWithTwo', '7', ['H7', 'H7', 'C7', 'HA', 'DA']]
[22:31:50] [yf2_v5] [INFO] 2号位打出['ThreeWithTwo', '8', ['S8', 'C8', 'D8', 'S4', 'D4']]， 最大动作为2号位打出的['ThreeWithTwo', '8', ['S8', 'C8', 'D8', 'S4', 'D4']]
[22:31:50] [YFAdapter-P2] [INFO] [YF-P2] Decision context: myPos=2, curPos=2, greaterPos=2, teammate=0, curAction=[, actionList_size=3
[22:31:50] [YFAdapter-P2] [INFO] [YF-P2] Decided: action_index=2, action=['ThreeWithTwo', 'T', [['S', 'T'], ['H', 'T'], ['D', 'T'], ['S', 'Q'], ['C', 'Q']]]
[22:31:50] [yf2_v5] [INFO] 3号位打出['ThreeWithTwo', 'T', ['ST', 'HT', 'DT', 'SQ', 'CQ']]， 最大动作为3号位打出的['ThreeWithTwo', 'T', ['ST', 'HT', 'DT', 'SQ', 'CQ']]
[22:31:50] [yf2_v5] [INFO] 0号位打出['ThreeWithTwo', 'J', ['CJ', 'CJ', 'DJ', 'H4', 'H4']]， 最大动作为0号位打出的['ThreeWithTwo', 'J', ['CJ', 'CJ', 'DJ', 'H4', 'H4']]
[22:31:50] [yf2_v5] [INFO] 1号位打出['Bomb', '2', ['S2', 'S2', 'H2', 'C2']]， 最大动作为1号位打出的['Bomb', '2', ['S2', 'S2', 'H2', 'C2']]
[22:31:50] [yf2_v5] [INFO] 2号位打出['PASS', 'PASS', 'PASS']， 最大动作为1号位打出的['Bomb', '2', ['S2', 'S2', 'H2', 'C2']]
[22:31:50] [YFAdapter-P2] [INFO] [YF-P2] Decision context: myPos=2, curPos=2, greaterPos=1, teammate=0, curAction=[, actionList_size=1
[22:31:50] [YFAdapter-P2] [INFO] [YF-P2] Decided: action_index=0, action=['PASS', 'PASS', 'PASS']
[22:31:50] [yf2_v5] [INFO] 3号位打出['PASS', 'PASS', 'PASS']， 最大动作为1号位打出的['Bomb', '2', ['S2', 'S2', 'H2', 'C2']]
[22:31:50] [yf2_v5] [INFO] 0号位打出['Bomb', 'A', ['SA', 'SA', 'HA', 'CA']]， 最大动作为0号位打出的['Bomb', 'A', ['SA', 'SA', 'HA', 'CA']]
[22:31:50] [yf2_v5] [INFO] 1号位打出['PASS', 'PASS', 'PASS']， 最大动作为0号位打出的['Bomb', 'A', ['SA', 'SA', 'HA', 'CA']]
[22:31:50] [yf2_v5] [INFO] 2号位打出['PASS', 'PASS', 'PASS']， 最大动作为0号位打出的['Bomb', 'A', ['SA', 'SA', 'HA', 'CA']]
[22:31:50] [YFAdapter-P2] [INFO] [YF-P2] Decision context: myPos=2, curPos=2, greaterPos=0, teammate=0, curAction=[, actionList_size=1
[22:31:50] [YFAdapter-P2] [INFO] [YF-P2] Decided: action_index=0, action=['PASS', 'PASS', 'PASS']
[22:31:50] [yf2_v5] [INFO] 3号位打出['PASS', 'PASS', 'PASS']， 最大动作为0号位打出的['Bomb', 'A', ['SA', 'SA', 'HA', 'CA']]
[22:31:50] [yf2_v5] [INFO] 0号位打出['Single', '5', ['C5']]， 最大动作为0号位打出的['Single', '5', ['C5']]
[22:31:50] [yf2_v5] [INFO] 1号位打出['Single', '8', ['C8']]， 最大动作为1号位打出的['Single', '8', ['C8']]
[22:31:50] [yf2_v5] [INFO] 2号位打出['Single', 'J', ['SJ']]， 最大动作为2号位打出的['Single', 'J', ['SJ']]
[22:31:50] [YFAdapter-P2] [INFO] [YF-P2] Decision context: myPos=2, curPos=2, greaterPos=2, teammate=0, curAction=[, actionList_size=1
[22:31:50] [YFAdapter-P2] [INFO] [YF-P2] Decided: action_index=0, action=['PASS', 'PASS', 'PASS']
[22:31:50] [yf2_v5] [INFO] 3号位打出['PASS', 'PASS', 'PASS']， 最大动作为2号位打出的['Single', 'J', ['SJ']]
[22:31:50] [yf2_v5] [INFO] 0号位打出['PASS', 'PASS', 'PASS']， 最大动作为2号位打出的['Single', 'J', ['SJ']]
[22:31:50] [yf2_v5] [INFO] 1号位打出['Single', 'B', ['SB']]， 最大动作为1号位打出的['Single', 'B', ['SB']]
[22:31:50] [yf2_v5] [INFO] 2号位打出['PASS', 'PASS', 'PASS']， 最大动作为1号位打出的['Single', 'B', ['SB']]
[22:31:50] [YFAdapter-P2] [INFO] [YF-P2] Decision context: myPos=2, curPos=2, greaterPos=1, teammate=0, curAction=[, actionList_size=1
[22:31:50] [YFAdapter-P2] [INFO] [YF-P2] Decided: action_index=0, action=['PASS', 'PASS', 'PASS']
[22:31:50] [yf2_v5] [INFO] 3号位打出['PASS', 'PASS', 'PASS']， 最大动作为1号位打出的['Single', 'B', ['SB']]
[22:31:50] [yf2_v5] [INFO] 0号位打出['Single', 'R', ['HR']]， 最大动作为0号位打出的['Single', 'R', ['HR']]
[22:31:50] [yf2_v5] [INFO] 1号位打出['PASS', 'PASS', 'PASS']， 最大动作为0号位打出的['Single', 'R', ['HR']]
[22:31:50] [yf2_v5] [INFO] 2号位打出['PASS', 'PASS', 'PASS']， 最大动作为0号位打出的['Single', 'R', ['HR']]
[22:31:50] [YFAdapter-P2] [INFO] [YF-P2] Decision context: myPos=2, curPos=2, greaterPos=0, teammate=0, curAction=[, actionList_size=1
[22:31:50] [YFAdapter-P2] [INFO] [YF-P2] Decided: action_index=0, action=['PASS', 'PASS', 'PASS']
[22:31:50] [yf2_v5] [INFO] 3号位打出['PASS', 'PASS', 'PASS']， 最大动作为0号位打出的['Single', 'R', ['HR']]
[22:31:50] [yf2_v5] [INFO] 0号位打出['Single', '6', ['D6']]， 最大动作为0号位打出的['Single', '6', ['D6']]
[22:31:50] [yf2_v5] [INFO] 1号位打出['Single', 'Q', ['HQ']]， 最大动作为1号位打出的['Single', 'Q', ['HQ']]
[22:31:50] [yf2_v5] [INFO] 2号位打出['Single', 'J', ['SJ']]， 最大动作为2号位打出的['Single', 'J', ['SJ']]
[22:31:50] [YFAdapter-P2] [INFO] [YF-P2] Decision context: myPos=2, curPos=2, greaterPos=2, teammate=0, curAction=[, actionList_size=1
[22:31:50] [YFAdapter-P2] [INFO] [YF-P2] Decided: action_index=0, action=['PASS', 'PASS', 'PASS']
[22:31:50] [yf2_v5] [INFO] 3号位打出['PASS', 'PASS', 'PASS']， 最大动作为2号位打出的['Single', 'J', ['SJ']]
[22:31:50] [yf2_v5] [INFO] 0号位打出['PASS', 'PASS', 'PASS']， 最大动作为2号位打出的['Single', 'J', ['SJ']]
[22:31:50] [yf2_v5] [INFO] 1号位打出['Single', 'B', ['SB']]， 最大动作为1号位打出的['Single', 'B', ['SB']]
[22:31:50] [yf2_v5] [INFO] 2号位打出['PASS', 'PASS', 'PASS']， 最大动作为1号位打出的['Single', 'B', ['SB']]
[22:31:50] [YFAdapter-P2] [INFO] [YF-P2] Decision context: myPos=2, curPos=2, greaterPos=1, teammate=0, curAction=[, actionList_size=1
[22:31:50] [YFAdapter-P2] [INFO] [YF-P2] Decided: action_index=0, action=['PASS', 'PASS', 'PASS']
[22:31:50] [yf2_v5] [INFO] 3号位打出['PASS', 'PASS', 'PASS']， 最大动作为1号位打出的['Single', 'B', ['SB']]
[22:31:50] [yf2_v5] [INFO] 0号位打出['Single', 'R', ['HR']]， 最大动作为0号位打出的['Single', 'R', ['HR']]
[22:31:50] [yf2_v5] [INFO] 1号位打出['PASS', 'PASS', 'PASS']， 最大动作为0号位打出的['Single', 'R', ['HR']]
[22:31:50] [yf2_v5] [INFO] 2号位打出['PASS', 'PASS', 'PASS']， 最大动作为0号位打出的['Single', 'R', ['HR']]
[22:31:50] [YFAdapter-P2] [INFO] [YF-P2] Decision context: myPos=2, curPos=2, greaterPos=0, teammate=0, curAction=[, actionList_size=1
[22:31:50] [YFAdapter-P2] [INFO] [YF-P2] Decided: action_index=0, action=['PASS', 'PASS', 'PASS']
[22:31:50] [yf2_v5] [INFO] 3号位打出['PASS', 'PASS', 'PASS']， 最大动作为0号位打出的['Single', 'R', ['HR']]
[22:31:50] [yf2_v5] [INFO] 0号位打出['Trips', '7', ['S7', 'S7', 'C7']]， 最大动作为0号位打出的['Trips', '7', ['S7', 'S7', 'C7']]
[22:31:50] [yf2_v5] [INFO] 1号位打出['PASS', 'PASS', 'PASS']， 最大动作为0号位打出的['Trips', '7', ['S7', 'S7', 'C7']]
[22:31:50] [yf2_v5] [INFO] 2号位打出['PASS', 'PASS', 'PASS']， 最大动作为0号位打出的['Trips', '7', ['S7', 'S7', 'C7']]
[22:31:50] [YFAdapter-P2] [INFO] [YF-P2] Decision context: myPos=2, curPos=2, greaterPos=0, teammate=0, curAction=[, actionList_size=1
[22:31:50] [YFAdapter-P2] [INFO] [YF-P2] Decided: action_index=0, action=['PASS', 'PASS', 'PASS']
[22:31:50] [yf2_v5] [INFO] 3号位打出['PASS', 'PASS', 'PASS']， 最大动作为0号位打出的['Trips', '7', ['S7', 'S7', 'C7']]
[22:31:50] [yf2_v5] [INFO] 0号位打出['ThreeWithTwo', 'Q', ['SQ', 'CQ', 'DQ', 'SK', 'HK']]， 最大动作为0号位打出的['ThreeWithTwo', 'Q', ['SQ', 'CQ', 'DQ', 'SK', 'HK']]
[22:31:50] [yf2_v5] [INFO] 1号位打出['PASS', 'PASS', 'PASS']， 最大动作为0号位打出的['ThreeWithTwo', 'Q', ['SQ', 'CQ', 'DQ', 'SK', 'HK']]
[22:31:50] [yf2_v5] [INFO] 2号位打出['PASS', 'PASS', 'PASS']， 最大动作为0号位打出的['ThreeWithTwo', 'Q', ['SQ', 'CQ', 'DQ', 'SK', 'HK']]
[22:31:50] [yf2_v5] [INFO] 2号位打出['Single', '3', ['C3']]， 最大动作为2号位打出的['Single', '3', ['C3']]
[22:31:50] [YFAdapter-P2] [INFO] [YF-P2] Decision context: myPos=2, curPos=2, greaterPos=2, teammate=0, curAction=[, actionList_size=4
[22:31:50] [YFAdapter-P2] [INFO] [YF-P2] Decided: action_index=3, action=['Single', 'A', [['D', 'A']]]
[22:31:50] [yf2_v5] [INFO] 3号位打出['Single', 'A', ['DA']]， 最大动作为3号位打出的['Single', 'A', ['DA']]
[22:31:50] [yf2_v5] [INFO] 1号位打出['PASS', 'PASS', 'PASS']， 最大动作为3号位打出的['Single', 'A', ['DA']]
[22:31:50] [yf2_v5] [INFO] 2号位打出['Single', 'J', ['DJ']]， 最大动作为2号位打出的['Single', 'J', ['DJ']]
[22:31:50] [YFAdapter-P2] [INFO] [YF-P2] Decision context: myPos=2, curPos=2, greaterPos=2, teammate=0, curAction=[, actionList_size=1
[22:31:50] [YFAdapter-P2] [INFO] [YF-P2] Decided: action_index=0, action=['PASS', 'PASS', 'PASS']
[22:31:50] [yf2_v5] [INFO] 3号位打出['PASS', 'PASS', 'PASS']， 最大动作为2号位打出的['Single', 'J', ['DJ']]
[22:31:50] [yf2_v5] [INFO] 1号位打出['PASS', 'PASS', 'PASS']， 最大动作为2号位打出的['Single', 'J', ['DJ']]
[22:31:50] [yf2_v5] [INFO] 2号位打出['ThreeWithTwo', '6', ['H6', 'H6', 'D6', 'S9', 'D9']]， 最大动作为2号位打出的['ThreeWithTwo', '6', ['H6', 'H6', 'D6', 'S9', 'D9']]
[22:31:50] [YFAdapter-P2] [INFO] [YF-P2] Decision context: myPos=2, curPos=2, greaterPos=2, teammate=0, curAction=[, actionList_size=1
[22:31:50] [YFAdapter-P2] [INFO] [YF-P2] Decided: action_index=0, action=['PASS', 'PASS', 'PASS']
[22:31:50] [yf2_v5] [INFO] 3号位打出['PASS', 'PASS', 'PASS']， 最大动作为2号位打出的['ThreeWithTwo', '6', ['H6', 'H6', 'D6', 'S9', 'D9']]
[22:31:50] [yf2_v5] [INFO] 1号位打出['PASS', 'PASS', 'PASS']， 最大动作为2号位打出的['ThreeWithTwo', '6', ['H6', 'H6', 'D6', 'S9', 'D9']]
[22:31:50] [yf2_v5] [INFO] 2号位打出['Single', 'A', ['CA']]， 最大动作为2号位打出的['Single', 'A', ['CA']]
[22:31:50] [YFAdapter-P2] [INFO] [YF-P2] Decision context: myPos=2, curPos=2, greaterPos=2, teammate=0, curAction=[, actionList_size=1
[22:31:50] [YFAdapter-P2] [INFO] [YF-P2] Decided: action_index=0, action=['PASS', 'PASS', 'PASS']
[22:31:50] [yf2_v5] [INFO] 3号位打出['PASS', 'PASS', 'PASS']， 最大动作为2号位打出的['Single', 'A', ['CA']]
[22:31:50] [yf2_v5] [INFO] 1号位打出['PASS', 'PASS', 'PASS']， 最大动作为2号位打出的['Single', 'A', ['CA']]
[22:31:50] [yf2_v5] [INFO] 2号位打出['Pair', 'T', ['ST', 'CT']]， 最大动作为2号位打出的['Pair', 'T', ['ST', 'CT']]
[22:31:50] [YFAdapter-P2] [INFO] [YF-P2] Decision context: myPos=2, curPos=2, greaterPos=2, teammate=0, curAction=[, actionList_size=1
[22:31:50] [YFAdapter-P2] [INFO] [YF-P2] Decided: action_index=0, action=['PASS', 'PASS', 'PASS']
[22:31:50] [yf2_v5] [INFO] 3号位打出['PASS', 'PASS', 'PASS']， 最大动作为2号位打出的['Pair', 'T', ['ST', 'CT']]
[22:31:50] [yf2_v5] [INFO] 1号位打出['PASS', 'PASS', 'PASS']， 最大动作为2号位打出的['Pair', 'T', ['ST', 'CT']]
[22:31:50] [yf2_v5] [INFO] 2号位打出['Pair', 'Q', ['HQ', 'DQ']]， 最大动作为2号位打出的['Pair', 'Q', ['HQ', 'DQ']]
[22:31:50] [YFAdapter-P2] [INFO] [YF-P2] Decision context: myPos=2, curPos=2, greaterPos=2, teammate=0, curAction=[, actionList_size=1
[22:31:50] [YFAdapter-P2] [INFO] [YF-P2] Decided: action_index=0, action=['PASS', 'PASS', 'PASS']
[22:31:50] [yf2_v5] [INFO] 3号位打出['PASS', 'PASS', 'PASS']， 最大动作为2号位打出的['Pair', 'Q', ['HQ', 'DQ']]
[22:31:50] [yf2_v5] [INFO] 1号位打出['PASS', 'PASS', 'PASS']， 最大动作为2号位打出的['Pair', 'Q', ['HQ', 'DQ']]
[22:31:50] [yf2_v5] [INFO] 2号位打出['Pair', 'K', ['HK', 'CK']]， 最大动作为2号位打出的['Pair', 'K', ['HK', 'CK']]
[22:31:50] [yf2_v5] [INFO] 游戏开始, 我是3号位，手牌：['S2', 'D2', 'H3', 'D4', 'D4', 'S5', 'C5', 'D5', 'H7', 'H7', 'D7', 'C8', 'D8', 'S9', 'D9', 'HT', 'CJ', 'SQ', 'DQ', 'SK', 'HK', 'CK', 'SA', 'HA', 'CA', 'DA', 'HR']
[22:31:50] [yf2_v5] [INFO] 0号位打出['Single', '4', ['S4']]， 最大动作为0号位打出的['Single', '4', ['S4']]
[22:31:50] [yf2_v5] [INFO] 1号位打出['Single', '8', ['C8']]， 最大动作为1号位打出的['Single', '8', ['C8']]
[22:31:50] [yf2_v5] [INFO] 2号位打出['Single', 'Q', ['CQ']]， 最大动作为2号位打出的['Single', 'Q', ['CQ']]
[22:31:50] [YFAdapter-P2] [INFO] [YF-P2] Decision context: myPos=2, curPos=2, greaterPos=2, teammate=0, curAction=[, actionList_size=13
[22:31:50] [YFAdapter-P2] [INFO] [YF-P2] Decided: action_index=11, action=['Bomb', 'K', [['S', 'K'], ['H', 'K'], ['C', 'K'], ['H', 'A']]]
[22:31:50] [yf2_v5] [INFO] 3号位打出['Bomb', 'K', ['SK', 'HK', 'CK', 'HA']]， 最大动作为3号位打出的['Bomb', 'K', ['SK', 'HK', 'CK', 'HA']]
[22:31:50] [yf2_v5] [INFO] 0号位打出['PASS', 'PASS', 'PASS']， 最大动作为3号位打出的['Bomb', 'K', ['SK', 'HK', 'CK', 'HA']]
[22:31:50] [yf2_v5] [INFO] 1号位打出['Bomb', 'J', ['SJ', 'SJ', 'HJ', 'HJ', 'DJ']]， 最大动作为1号位打出的['Bomb', 'J', ['SJ', 'SJ', 'HJ', 'HJ', 'DJ']]
[22:31:50] [yf2_v5] [INFO] 2号位打出['PASS', 'PASS', 'PASS']， 最大动作为1号位打出的['Bomb', 'J', ['SJ', 'SJ', 'HJ', 'HJ', 'DJ']]
[22:31:50] [YFAdapter-P2] [INFO] [YF-P2] Decision context: myPos=2, curPos=2, greaterPos=1, teammate=0, curAction=[, actionList_size=1
[22:31:50] [YFAdapter-P2] [INFO] [YF-P2] Decided: action_index=0, action=['PASS', 'PASS', 'PASS']
[22:31:50] [yf2_v5] [INFO] 3号位打出['PASS', 'PASS', 'PASS']， 最大动作为1号位打出的['Bomb', 'J', ['SJ', 'SJ', 'HJ', 'HJ', 'DJ']]
[22:31:50] [yf2_v5] [INFO] 0号位打出['PASS', 'PASS', 'PASS']， 最大动作为1号位打出的['Bomb', 'J', ['SJ', 'SJ', 'HJ', 'HJ', 'DJ']]
[22:31:50] [yf2_v5] [INFO] 1号位打出['Single', '2', ['C2']]， 最大动作为1号位打出的['Single', '2', ['C2']]
[22:31:50] [yf2_v5] [INFO] 2号位打出['PASS', 'PASS', 'PASS']， 最大动作为1号位打出的['Single', '2', ['C2']]
[22:31:50] [YFAdapter-P2] [INFO] [YF-P2] Decision context: myPos=2, curPos=2, greaterPos=1, teammate=0, curAction=[, actionList_size=20
[22:31:50] [YFAdapter-P2] [INFO] [YF-P2] Decided: action_index=0, action=['PASS', 'PASS', 'PASS']
[22:31:50] [yf2_v5] [INFO] 3号位打出['Single', 'A', ['SA']]， 最大动作为3号位打出的['Single', 'A', ['SA']]
[22:31:50] [yf2_v5] [INFO] 0号位打出['PASS', 'PASS', 'PASS']， 最大动作为3号位打出的['Single', 'A', ['SA']]
[22:31:50] [yf2_v5] [INFO] 1号位打出['Single', 'B', ['SB']]， 最大动作为1号位打出的['Single', 'B', ['SB']]
[22:31:50] [yf2_v5] [INFO] 2号位打出['PASS', 'PASS', 'PASS']， 最大动作为1号位打出的['Single', 'B', ['SB']]
[22:31:50] [YFAdapter-P2] [INFO] [YF-P2] Decision context: myPos=2, curPos=2, greaterPos=1, teammate=0, curAction=[, actionList_size=2
[22:31:50] [YFAdapter-P2] [INFO] [YF-P2] Decided: action_index=0, action=['PASS', 'PASS', 'PASS']
[22:31:50] [yf2_v5] [INFO] 3号位打出['Single', 'R', ['HR']]， 最大动作为3号位打出的['Single', 'R', ['HR']]
[22:31:50] [yf2_v5] [INFO] 0号位打出['Bomb', '3', ['H3', 'C3', 'D3', 'HA']]， 最大动作为0号位打出的['Bomb', '3', ['H3', 'C3', 'D3', 'HA']]
[22:31:50] [yf2_v5] [INFO] 1号位打出['PASS', 'PASS', 'PASS']， 最大动作为0号位打出的['Bomb', '3', ['H3', 'C3', 'D3', 'HA']]
[22:31:50] [yf2_v5] [INFO] 2号位打出['PASS', 'PASS', 'PASS']， 最大动作为0号位打出的['Bomb', '3', ['H3', 'C3', 'D3', 'HA']]
[22:31:50] [YFAdapter-P2] [INFO] [YF-P2] Decision context: myPos=2, curPos=2, greaterPos=0, teammate=0, curAction=[, actionList_size=1
[22:31:50] [YFAdapter-P2] [INFO] [YF-P2] Decided: action_index=0, action=['PASS', 'PASS', 'PASS']
[22:31:50] [yf2_v5] [INFO] 3号位打出['PASS', 'PASS', 'PASS']， 最大动作为0号位打出的['Bomb', '3', ['H3', 'C3', 'D3', 'HA']]
[22:31:50] [yf2_v5] [INFO] 0号位打出['Single', '3', ['D3']]， 最大动作为0号位打出的['Single', '3', ['D3']]
[22:31:50] [yf2_v5] [INFO] 1号位打出['Single', '4', ['C4']]， 最大动作为1号位打出的['Single', '4', ['C4']]
[22:31:50] [yf2_v5] [INFO] 2号位打出['Single', 'T', ['DT']]， 最大动作为2号位打出的['Single', 'T', ['DT']]
[22:31:50] [YFAdapter-P2] [INFO] [YF-P2] Decision context: myPos=2, curPos=2, greaterPos=2, teammate=0, curAction=[, actionList_size=6
[22:31:50] [YFAdapter-P2] [INFO] [YF-P2] Decided: action_index=1, action=['Single', 'J', [['C', 'J']]]
[22:31:50] [yf2_v5] [INFO] 3号位打出['Single', 'J', ['CJ']]， 最大动作为3号位打出的['Single', 'J', ['CJ']]
[22:31:50] [yf2_v5] [INFO] 0号位打出['Single', 'A', ['CA']]， 最大动作为0号位打出的['Single', 'A', ['CA']]
[22:31:50] [yf2_v5] [INFO] 1号位打出['Single', 'B', ['SB']]， 最大动作为1号位打出的['Single', 'B', ['SB']]
[22:31:50] [yf2_v5] [INFO] 2号位打出['PASS', 'PASS', 'PASS']， 最大动作为1号位打出的['Single', 'B', ['SB']]
[22:31:50] [YFAdapter-P2] [INFO] [YF-P2] Decision context: myPos=2, curPos=2, greaterPos=1, teammate=0, curAction=[, actionList_size=1
[22:31:50] [YFAdapter-P2] [INFO] [YF-P2] Decided: action_index=0, action=['PASS', 'PASS', 'PASS']
[22:31:50] [yf2_v5] [INFO] 3号位打出['PASS', 'PASS', 'PASS']， 最大动作为1号位打出的['Single', 'B', ['SB']]
[22:31:50] [yf2_v5] [INFO] 0号位打出['PASS', 'PASS', 'PASS']， 最大动作为1号位打出的['Single', 'B', ['SB']]
[22:31:50] [yf2_v5] [INFO] 1号位打出['Single', '7', ['S7']]， 最大动作为1号位打出的['Single', '7', ['S7']]
[22:31:50] [yf2_v5] [INFO] 2号位打出['Single', 'T', ['CT']]， 最大动作为2号位打出的['Single', 'T', ['CT']]
[22:31:50] [YFAdapter-P2] [INFO] [YF-P2] Decision context: myPos=2, curPos=2, greaterPos=2, teammate=0, curAction=[, actionList_size=5
[22:31:50] [YFAdapter-P2] [INFO] [YF-P2] Decided: action_index=0, action=['PASS', 'PASS', 'PASS']
[22:31:50] [yf2_v5] [INFO] 3号位打出['PASS', 'PASS', 'PASS']， 最大动作为2号位打出的['Single', 'T', ['CT']]
[22:31:50] [yf2_v5] [INFO] 0号位打出['Single', 'J', ['DJ']]， 最大动作为0号位打出的['Single', 'J', ['DJ']]
[22:31:50] [yf2_v5] [INFO] 1号位打出['PASS', 'PASS', 'PASS']， 最大动作为0号位打出的['Single', 'J', ['DJ']]
[22:31:50] [yf2_v5] [INFO] 2号位打出['PASS', 'PASS', 'PASS']， 最大动作为0号位打出的['Single', 'J', ['DJ']]
[22:31:50] [YFAdapter-P2] [INFO] [YF-P2] Decision context: myPos=2, curPos=2, greaterPos=0, teammate=0, curAction=[, actionList_size=5
[22:31:50] [YFAdapter-P2] [INFO] [YF-P2] Decided: action_index=0, action=['PASS', 'PASS', 'PASS']
[22:31:50] [yf2_v5] [INFO] 3号位打出['PASS', 'PASS', 'PASS']， 最大动作为0号位打出的['Single', 'J', ['DJ']]
[22:31:50] [yf2_v5] [INFO] 0号位打出['Single', '5', ['C5']]， 最大动作为0号位打出的['Single', '5', ['C5']]
[22:31:50] [yf2_v5] [INFO] 1号位打出['Single', 'K', ['DK']]， 最大动作为1号位打出的['Single', 'K', ['DK']]
[22:31:50] [yf2_v5] [INFO] 2号位打出['PASS', 'PASS', 'PASS']， 最大动作为1号位打出的['Single', 'K', ['DK']]
[22:31:50] [YFAdapter-P2] [INFO] [YF-P2] Decision context: myPos=2, curPos=2, greaterPos=1, teammate=0, curAction=[, actionList_size=3
[22:31:50] [YFAdapter-P2] [INFO] [YF-P2] Decided: action_index=0, action=['PASS', 'PASS', 'PASS']
[22:31:50] [yf2_v5] [INFO] 3号位打出['Single', 'A', ['CA']]， 最大动作为3号位打出的['Single', 'A', ['CA']]
[22:31:50] [yf2_v5] [INFO] 0号位打出['PASS', 'PASS', 'PASS']， 最大动作为3号位打出的['Single', 'A', ['CA']]
[22:31:50] [yf2_v5] [INFO] 1号位打出['Single', 'R', ['HR']]， 最大动作为1号位打出的['Single', 'R', ['HR']]
[22:31:50] [yf2_v5] [INFO] 2号位打出['Bomb', '4', ['S4', 'H4', 'H4', 'C4']]， 最大动作为2号位打出的['Bomb', '4', ['S4', 'H4', 'H4', 'C4']]
[22:31:50] [YFAdapter-P2] [INFO] [YF-P2] Decision context: myPos=2, curPos=2, greaterPos=2, teammate=0, curAction=[, actionList_size=1
[22:31:50] [YFAdapter-P2] [INFO] [YF-P2] Decided: action_index=0, action=['PASS', 'PASS', 'PASS']
[22:31:50] [yf2_v5] [INFO] 3号位打出['PASS', 'PASS', 'PASS']， 最大动作为2号位打出的['Bomb', '4', ['S4', 'H4', 'H4', 'C4']]
[22:31:50] [yf2_v5] [INFO] 0号位打出['PASS', 'PASS', 'PASS']， 最大动作为2号位打出的['Bomb', '4', ['S4', 'H4', 'H4', 'C4']]
[22:31:50] [yf2_v5] [INFO] 1号位打出['PASS', 'PASS', 'PASS']， 最大动作为2号位打出的['Bomb', '4', ['S4', 'H4', 'H4', 'C4']]
[22:31:50] [yf2_v5] [INFO] 2号位打出['Pair', '5', ['H5', 'H5']]， 最大动作为2号位打出的['Pair', '5', ['H5', 'H5']]
[22:31:50] [YFAdapter-P2] [INFO] [YF-P2] Decision context: myPos=2, curPos=2, greaterPos=2, teammate=0, curAction=[, actionList_size=6
[22:31:50] [YFAdapter-P2] [INFO] [YF-P2] Decided: action_index=4, action=['Pair', '9', [['S', '9'], ['D', '9']]]
[22:31:50] [yf2_v5] [INFO] 3号位打出['Pair', '9', ['S9', 'D9']]， 最大动作为3号位打出的['Pair', '9', ['S9', 'D9']]
[22:31:50] [yf2_v5] [INFO] 0号位打出['Pair', 'Q', ['SQ', 'HQ']]， 最大动作为0号位打出的['Pair', 'Q', ['SQ', 'HQ']]
[22:31:50] [yf2_v5] [INFO] 1号位打出['PASS', 'PASS', 'PASS']， 最大动作为0号位打出的['Pair', 'Q', ['SQ', 'HQ']]
[22:31:50] [yf2_v5] [INFO] 2号位打出['PASS', 'PASS', 'PASS']， 最大动作为0号位打出的['Pair', 'Q', ['SQ', 'HQ']]
[22:31:50] [YFAdapter-P2] [INFO] [YF-P2] Decision context: myPos=2, curPos=2, greaterPos=0, teammate=0, curAction=[, actionList_size=1
[22:31:50] [YFAdapter-P2] [INFO] [YF-P2] Decided: action_index=0, action=['PASS', 'PASS', 'PASS']
[22:31:50] [yf2_v5] [INFO] 3号位打出['PASS', 'PASS', 'PASS']， 最大动作为0号位打出的['Pair', 'Q', ['SQ', 'HQ']]
[22:31:50] [yf2_v5] [INFO] 0号位打出['Single', '6', ['C6']]， 最大动作为0号位打出的['Single', '6', ['C6']]
[22:31:50] [yf2_v5] [INFO] 1号位打出['Single', 'J', ['CJ']]， 最大动作为1号位打出的['Single', 'J', ['CJ']]
[22:31:50] [yf2_v5] [INFO] 2号位打出['PASS', 'PASS', 'PASS']， 最大动作为1号位打出的['Single', 'J', ['CJ']]
[22:31:50] [YFAdapter-P2] [INFO] [YF-P2] Decision context: myPos=2, curPos=2, greaterPos=1, teammate=0, curAction=[, actionList_size=4
[22:31:50] [YFAdapter-P2] [INFO] [YF-P2] Decided: action_index=0, action=['PASS', 'PASS', 'PASS']
[22:31:50] [yf2_v5] [INFO] 3号位打出['Single', 'A', ['DA']]， 最大动作为3号位打出的['Single', 'A', ['DA']]
[22:31:50] [yf2_v5] [INFO] 0号位打出['PASS', 'PASS', 'PASS']， 最大动作为3号位打出的['Single', 'A', ['DA']]
[22:31:50] [yf2_v5] [INFO] 1号位打出['PASS', 'PASS', 'PASS']， 最大动作为3号位打出的['Single', 'A', ['DA']]
[22:31:50] [yf2_v5] [INFO] 2号位打出['Bomb', '6', ['H6', 'H6', 'D6', 'D6']]， 最大动作为2号位打出的['Bomb', '6', ['H6', 'H6', 'D6', 'D6']]
[22:31:50] [YFAdapter-P2] [INFO] [YF-P2] Decision context: myPos=2, curPos=2, greaterPos=2, teammate=0, curAction=[, actionList_size=1
[22:31:50] [YFAdapter-P2] [INFO] [YF-P2] Decided: action_index=0, action=['PASS', 'PASS', 'PASS']
[22:31:50] [yf2_v5] [INFO] 3号位打出['PASS', 'PASS', 'PASS']， 最大动作为2号位打出的['Bomb', '6', ['H6', 'H6', 'D6', 'D6']]
[22:31:50] [yf2_v5] [INFO] 0号位打出['PASS', 'PASS', 'PASS']， 最大动作为2号位打出的['Bomb', '6', ['H6', 'H6', 'D6', 'D6']]
[22:31:50] [yf2_v5] [INFO] 1号位打出['PASS', 'PASS', 'PASS']， 最大动作为2号位打出的['Bomb', '6', ['H6', 'H6', 'D6', 'D6']]
[22:31:50] [yf2_v5] [INFO] 2号位打出['Pair', '7', ['S7', 'C7']]， 最大动作为2号位打出的['Pair', '7', ['S7', 'C7']]
[22:31:50] [YFAdapter-P2] [INFO] [YF-P2] Decision context: myPos=2, curPos=2, greaterPos=2, teammate=0, curAction=[, actionList_size=3
[22:31:50] [YFAdapter-P2] [INFO] [YF-P2] Decided: action_index=2, action=['Pair', 'Q', [['S', 'Q'], ['D', 'Q']]]
[22:31:50] [yf2_v5] [INFO] 3号位打出['Pair', 'Q', ['SQ', 'DQ']]， 最大动作为3号位打出的['Pair', 'Q', ['SQ', 'DQ']]
[22:31:50] [yf2_v5] [INFO] 0号位打出['Bomb', 'K', ['SK', 'HK', 'CK', 'DK']]， 最大动作为0号位打出的['Bomb', 'K', ['SK', 'HK', 'CK', 'DK']]
[22:31:50] [yf2_v5] [INFO] 1号位打出['PASS', 'PASS', 'PASS']， 最大动作为0号位打出的['Bomb', 'K', ['SK', 'HK', 'CK', 'DK']]
[22:31:50] [yf2_v5] [INFO] 2号位打出['PASS', 'PASS', 'PASS']， 最大动作为0号位打出的['Bomb', 'K', ['SK', 'HK', 'CK', 'DK']]
[22:31:50] [YFAdapter-P2] [INFO] [YF-P2] Decision context: myPos=2, curPos=2, greaterPos=0, teammate=0, curAction=[, actionList_size=1
[22:31:50] [YFAdapter-P2] [INFO] [YF-P2] Decided: action_index=0, action=['PASS', 'PASS', 'PASS']
[22:31:50] [yf2_v5] [INFO] 3号位打出['PASS', 'PASS', 'PASS']， 最大动作为0号位打出的['Bomb', 'K', ['SK', 'HK', 'CK', 'DK']]
[22:31:50] [yf2_v5] [INFO] 0号位打出['ThreeWithTwo', '2', ['S2', 'H2', 'H2', 'C7', 'D7']]， 最大动作为0号位打出的['ThreeWithTwo', '2', ['S2', 'H2', 'H2', 'C7', 'D7']]
[22:31:50] [yf2_v5] [INFO] 1号位打出['ThreeWithTwo', '6', ['S6', 'S6', 'C6', 'H9', 'D9']]， 最大动作为1号位打出的['ThreeWithTwo', '6', ['S6', 'S6', 'C6', 'H9', 'D9']]
[22:31:50] [yf2_v5] [INFO] 2号位打出['PASS', 'PASS', 'PASS']， 最大动作为1号位打出的['ThreeWithTwo', '6', ['S6', 'S6', 'C6', 'H9', 'D9']]
[22:31:50] [YFAdapter-P2] [INFO] [YF-P2] Decision context: myPos=2, curPos=2, greaterPos=1, teammate=0, curAction=[, actionList_size=7
[22:31:50] [YFAdapter-P2] [INFO] [YF-P2] Decided: action_index=0, action=['PASS', 'PASS', 'PASS']
[22:31:50] [yf2_v5] [INFO] 3号位打出['ThreeWithTwo', '7', ['H7', 'H7', 'D7', 'S2', 'D2']]， 最大动作为3号位打出的['ThreeWithTwo', '7', ['H7', 'H7', 'D7', 'S2', 'D2']]
[22:31:50] [yf2_v5] [INFO] 0号位打出['ThreeWithTwo', 'T', ['ST', 'HT', 'DT', 'S9', 'C9']]， 最大动作为0号位打出的['ThreeWithTwo', 'T', ['ST', 'HT', 'DT', 'S9', 'C9']]
[22:31:50] [yf2_v5] [INFO] 1号位打出['ThreeWithTwo', 'Q', ['HQ', 'CQ', 'DQ', 'S5', 'D5']]， 最大动作为1号位打出的['ThreeWithTwo', 'Q', ['HQ', 'CQ', 'DQ', 'S5', 'D5']]
[22:31:50] [yf2_v5] [INFO] 2号位打出['Bomb', '8', ['S8', 'S8', 'H8', 'H8', 'D8']]， 最大动作为2号位打出的['Bomb', '8', ['S8', 'S8', 'H8', 'H8', 'D8']]
[22:31:50] [YFAdapter-P2] [INFO] [YF-P2] Decision context: myPos=2, curPos=2, greaterPos=2, teammate=0, curAction=[, actionList_size=1
[22:31:50] [YFAdapter-P2] [INFO] [YF-P2] Decided: action_index=0, action=['PASS', 'PASS', 'PASS']
[22:31:50] [yf2_v5] [INFO] 3号位打出['PASS', 'PASS', 'PASS']， 最大动作为2号位打出的['Bomb', '8', ['S8', 'S8', 'H8', 'H8', 'D8']]
[22:31:50] [yf2_v5] [INFO] 0号位打出['PASS', 'PASS', 'PASS']， 最大动作为2号位打出的['Bomb', '8', ['S8', 'S8', 'H8', 'H8', 'D8']]
[22:31:50] [yf2_v5] [INFO] 1号位打出['PASS', 'PASS', 'PASS']， 最大动作为2号位打出的['Bomb', '8', ['S8', 'S8', 'H8', 'H8', 'D8']]
[22:31:50] [yf2_v5] [INFO] 2号位打出['Pair', '9', ['H9', 'C9']]， 最大动作为2号位打出的['Pair', '9', ['H9', 'C9']]
[22:31:50] [YFAdapter-P2] [INFO] [YF-P2] Decision context: myPos=2, curPos=2, greaterPos=2, teammate=0, curAction=[, actionList_size=1
[22:31:50] [YFAdapter-P2] [INFO] [YF-P2] Decided: action_index=0, action=['PASS', 'PASS', 'PASS']
[22:31:50] [yf2_v5] [INFO] 3号位打出['PASS', 'PASS', 'PASS']， 最大动作为2号位打出的['Pair', '9', ['H9', 'C9']]
[22:31:50] [yf2_v5] [INFO] 0号位打出['PASS', 'PASS', 'PASS']， 最大动作为2号位打出的['Pair', '9', ['H9', 'C9']]
[22:31:50] [yf2_v5] [INFO] 1号位打出['Pair', 'T', ['ST', 'CT']]， 最大动作为1号位打出的['Pair', 'T', ['ST', 'CT']]
[22:31:50] [yf2_v5] [INFO] 2号位打出['PASS', 'PASS', 'PASS']， 最大动作为1号位打出的['Pair', 'T', ['ST', 'CT']]
[22:31:50] [YFAdapter-P2] [INFO] [YF-P2] Decision context: myPos=2, curPos=2, greaterPos=1, teammate=0, curAction=[, actionList_size=1
[22:31:50] [YFAdapter-P2] [INFO] [YF-P2] Decided: action_index=0, action=['PASS', 'PASS', 'PASS']
[22:31:50] [yf2_v5] [INFO] 3号位打出['PASS', 'PASS', 'PASS']， 最大动作为1号位打出的['Pair', 'T', ['ST', 'CT']]
[22:31:50] [yf2_v5] [INFO] 0号位打出['PASS', 'PASS', 'PASS']， 最大动作为1号位打出的['Pair', 'T', ['ST', 'CT']]
[22:31:50] [yf2_v5] [INFO] 1号位打出['Single', 'A', ['SA']]， 最大动作为1号位打出的['Single', 'A', ['SA']]
[22:31:50] [yf2_v5] [INFO] 2号位打出['PASS', 'PASS', 'PASS']， 最大动作为1号位打出的['Single', 'A', ['SA']]
[22:31:50] [YFAdapter-P2] [INFO] [YF-P2] Decision context: myPos=2, curPos=2, greaterPos=1, teammate=0, curAction=[, actionList_size=1
[22:31:50] [YFAdapter-P2] [INFO] [YF-P2] Decided: action_index=0, action=['PASS', 'PASS', 'PASS']
[22:31:50] [yf2_v5] [INFO] 3号位打出['PASS', 'PASS', 'PASS']， 最大动作为1号位打出的['Single', 'A', ['SA']]
[22:31:50] [YFAdapter-P2] [INFO] [YF-P2] Decision context: myPos=2, curPos=-1, greaterPos=-1, teammate=0, curAction=[, actionList_size=16
[22:31:50] [YFAdapter-P2] [INFO] [YF-P2] Decided: action_index=0, action=['Single', '3', [['H', '3']]]
[22:31:50] [YFAdapter-P2] [WARNING] [YF-P2] 检测到过于保守: 对手快走完(剩0张), 触发Layer 2/3进行更积极的决策
[22:31:50] [yf2_v5] [INFO] 3号位打出['Pair', '4', ['D4', 'D4']]， 最大动作为3号位打出的['Pair', '4', ['D4', 'D4']]
[22:31:50] [yf2_v5] [INFO] 0号位打出['PASS', 'PASS', 'PASS']， 最大动作为3号位打出的['Pair', '4', ['D4', 'D4']]
[22:31:50] [yf2_v5] [INFO] 2号位打出['PASS', 'PASS', 'PASS']， 最大动作为3号位打出的['Pair', '4', ['D4', 'D4']]
[22:31:50] [YFAdapter-P2] [INFO] [YF-P2] Decision context: myPos=2, curPos=-1, greaterPos=-1, teammate=0, curAction=[, actionList_size=13
[22:31:50] [YFAdapter-P2] [INFO] [YF-P2] Decided: action_index=0, action=['Single', '3', [['H', '3']]]
[22:31:50] [YFAdapter-P2] [WARNING] [YF-P2] 检测到过于保守: 对手快走完(剩0张), 触发Layer 2/3进行更积极的决策
[22:31:51] [yf2_v5] [INFO] 3号位打出['Pair', '5', ['S5', 'D5']]， 最大动作为3号位打出的['Pair', '5', ['S5', 'D5']]
[22:31:51] [yf2_v5] [INFO] 0号位打出['PASS', 'PASS', 'PASS']， 最大动作为3号位打出的['Pair', '5', ['S5', 'D5']]
[22:31:51] [yf2_v5] [INFO] 2号位打出['PASS', 'PASS', 'PASS']， 最大动作为3号位打出的['Pair', '5', ['S5', 'D5']]
[22:31:51] [YFAdapter-P2] [INFO] [YF-P2] Decision context: myPos=2, curPos=-1, greaterPos=-1, teammate=0, curAction=[, actionList_size=6
[22:31:51] [YFAdapter-P2] [INFO] [YF-P2] Decided: action_index=0, action=['Single', '3', [['H', '3']]]
[22:31:51] [YFAdapter-P2] [WARNING] [YF-P2] 检测到过于保守: 对手快走完(剩0张), 触发Layer 2/3进行更积极的决策
[22:31:51] [yf2_v5] [INFO] 3号位打出['Pair', '8', ['C8', 'D8']]， 最大动作为3号位打出的['Pair', '8', ['C8', 'D8']]
[22:31:51] [yf2_v5] [INFO] 0号位打出['PASS', 'PASS', 'PASS']， 最大动作为3号位打出的['Pair', '8', ['C8', 'D8']]
[22:31:51] [yf2_v5] [INFO] 2号位打出['PASS', 'PASS', 'PASS']， 最大动作为3号位打出的['Pair', '8', ['C8', 'D8']]
[22:31:51] [YFAdapter-P2] [INFO] [YF-P2] Decision context: myPos=2, curPos=-1, greaterPos=-1, teammate=0, curAction=[, actionList_size=3
[22:31:51] [YFAdapter-P2] [INFO] [YF-P2] Decided: action_index=0, action=['Single', '3', [['H', '3']]]
[22:31:51] [YFAdapter-P2] [WARNING] [YF-P2] 检测到过于保守: 对手快走完(剩0张), 触发Layer 2/3进行更积极的决策
[22:31:51] [yf2_v5] [INFO] 3号位打出['Single', '3', ['H3']]， 最大动作为3号位打出的['Single', '3', ['H3']]
[22:31:51] [yf2_v5] [INFO] 0号位打出['Single', 'A', ['DA']]， 最大动作为0号位打出的['Single', 'A', ['DA']]
[22:31:51] [yf2_v5] [INFO] 2号位打出['PASS', 'PASS', 'PASS']， 最大动作为0号位打出的['Single', 'A', ['DA']]
[22:31:51] [yf2_v5] [INFO] 2号位打出['ThreeWithTwo', '3', ['S3', 'S3', 'C3', 'C2', 'D2']]， 最大动作为2号位打出的['ThreeWithTwo', '3', ['S3', 'S3', 'C3', 'C2', 'D2']]
[22:31:51] [yf2_v5] [INFO] 游戏开始, 我是3号位，手牌：['H2', 'D2', 'S4', 'H4', 'C4', 'S5', 'H5', 'H5', 'C5', 'D5', 'D5', 'S6', 'C6', 'C6', 'C7', 'D8', 'D9', 'CT', 'CT', 'CJ', 'HQ', 'HA', 'HA', 'CA', 'CA', 'S3', 'D3']
[22:31:51] [YFAdapter-P2] [INFO] [YF-P2] Decision context: myPos=2, curPos=-1, greaterPos=-1, teammate=0, curAction=[, actionList_size=2
[22:31:51] [YFAdapter-P2] [INFO] [YF-P2] Decided: action_index=0, action=['tribute', 'tribute', [['S', '3']]]
[22:31:51] [YFAdapter-P2] [INFO] [YF-P2] Decision context: myPos=2, curPos=-1, greaterPos=-1, teammate=0, curAction=[, actionList_size=464
[22:31:51] [YFAdapter-P2] [INFO] [YF-P2] Decided: action_index=11, action=['Single', '7', [['C', '7']]]
[22:31:51] [yf2_v5] [INFO] 3号位打出['Single', '7', ['C7']]， 最大动作为3号位打出的['Single', '7', ['C7']]
[22:31:51] [yf2_v5] [INFO] 0号位打出['Single', '8', ['C8']]， 最大动作为0号位打出的['Single', '8', ['C8']]
[22:31:51] [yf2_v5] [INFO] 1号位打出['Bomb', 'Q', ['SQ', 'SQ', 'CQ', 'CQ', 'DQ']]， 最大动作为1号位打出的['Bomb', 'Q', ['SQ', 'SQ', 'CQ', 'CQ', 'DQ']]
[22:31:51] [yf2_v5] [INFO] 2号位打出['PASS', 'PASS', 'PASS']， 最大动作为1号位打出的['Bomb', 'Q', ['SQ', 'SQ', 'CQ', 'CQ', 'DQ']]
[22:31:51] [YFAdapter-P2] [INFO] [YF-P2] Decision context: myPos=2, curPos=2, greaterPos=1, teammate=0, curAction=[, actionList_size=2
[22:31:51] [YFAdapter-P2] [INFO] [YF-P2] Decided: action_index=0, action=['PASS', 'PASS', 'PASS']
[22:31:51] [yf2_v5] [INFO] 3号位打出['PASS', 'PASS', 'PASS']， 最大动作为1号位打出的['Bomb', 'Q', ['SQ', 'SQ', 'CQ', 'CQ', 'DQ']]
[22:31:51] [yf2_v5] [INFO] 0号位打出['PASS', 'PASS', 'PASS']， 最大动作为1号位打出的['Bomb', 'Q', ['SQ', 'SQ', 'CQ', 'CQ', 'DQ']]
[22:31:51] [yf2_v5] [INFO] 1号位打出['ThreePair', '9', ['H9', 'D9', 'ST', 'HT', 'HJ', 'CJ']]， 最大动作为1号位打出的['ThreePair', '9', ['H9', 'D9', 'ST', 'HT', 'HJ', 'CJ']]
[22:31:51] [yf2_v5] [INFO] 2号位打出['PASS', 'PASS', 'PASS']， 最大动作为1号位打出的['ThreePair', '9', ['H9', 'D9', 'ST', 'HT', 'HJ', 'CJ']]
[22:31:51] [YFAdapter-P2] [INFO] [YF-P2] Decision context: myPos=2, curPos=2, greaterPos=1, teammate=0, curAction=[, actionList_size=15
[22:31:51] [YFAdapter-P2] [INFO] [YF-P2] Decided: action_index=0, action=['PASS', 'PASS', 'PASS']
[22:31:51] [yf2_v5] [INFO] 3号位打出['Bomb', 'A', ['HA', 'HA', 'CA', 'CA']]， 最大动作为3号位打出的['Bomb', 'A', ['HA', 'HA', 'CA', 'CA']]
[22:31:51] [yf2_v5] [INFO] 0号位打出['PASS', 'PASS', 'PASS']， 最大动作为3号位打出的['Bomb', 'A', ['HA', 'HA', 'CA', 'CA']]
[22:31:51] [yf2_v5] [INFO] 1号位打出['Bomb', '7', ['H7', 'H7', 'C7', 'D7', 'H3']]， 最大动作为1号位打出的['Bomb', '7', ['H7', 'H7', 'C7', 'D7', 'H3']]
[22:31:51] [yf2_v5] [INFO] 2号位打出['Bomb', 'K', ['SK', 'HK', 'CK', 'DK', 'DK']]， 最大动作为2号位打出的['Bomb', 'K', ['SK', 'HK', 'CK', 'DK', 'DK']]
[22:31:51] [YFAdapter-P2] [INFO] [YF-P2] Decision context: myPos=2, curPos=2, greaterPos=2, teammate=0, curAction=[, actionList_size=2
[22:31:51] [YFAdapter-P2] [INFO] [YF-P2] Decided: action_index=1, action=['Bomb', '5', [['S', '5'], ['H', '5'], ['H', '5'], ['C', '5'], ['D', '5'], ['D', '5']]]
[22:31:51] [yf2_v5] [INFO] 3号位打出['Bomb', '5', ['S5', 'H5', 'H5', 'C5', 'D5', 'D5']]， 最大动作为3号位打出的['Bomb', '5', ['S5', 'H5', 'H5', 'C5', 'D5', 'D5']]
[22:31:51] [yf2_v5] [INFO] 0号位打出['PASS', 'PASS', 'PASS']， 最大动作为3号位打出的['Bomb', '5', ['S5', 'H5', 'H5', 'C5', 'D5', 'D5']]
[22:31:51] [yf2_v5] [INFO] 1号位打出['PASS', 'PASS', 'PASS']， 最大动作为3号位打出的['Bomb', '5', ['S5', 'H5', 'H5', 'C5', 'D5', 'D5']]
[22:31:51] [yf2_v5] [INFO] 2号位打出['PASS', 'PASS', 'PASS']， 最大动作为3号位打出的['Bomb', '5', ['S5', 'H5', 'H5', 'C5', 'D5', 'D5']]
[22:31:51] [YFAdapter-P2] [INFO] [YF-P2] Decision context: myPos=2, curPos=-1, greaterPos=-1, teammate=0, curAction=[, actionList_size=42
[22:31:51] [YFAdapter-P2] [INFO] [YF-P2] Decided: action_index=41, action=['Straight', '8', [['D', '8'], ['D', '9'], ['C', 'T'], ['C', 'J'], ['H', 'Q']]]
[22:31:51] [yf2_v5] [INFO] 3号位打出['Straight', '8', ['D8', 'D9', 'CT', 'CJ', 'HQ']]， 最大动作为3号位打出的['Straight', '8', ['D8', 'D9', 'CT', 'CJ', 'HQ']]
[22:31:51] [yf2_v5] [INFO] 0号位打出['Bomb', '2', ['S2', 'C2', 'C2', 'H3']]， 最大动作为0号位打出的['Bomb', '2', ['S2', 'C2', 'C2', 'H3']]
[22:31:51] [yf2_v5] [INFO] 1号位打出['Bomb', '8', ['S8', 'S8', 'H8', 'H8']]， 最大动作为1号位打出的['Bomb', '8', ['S8', 'S8', 'H8', 'H8']]
[22:31:51] [yf2_v5] [INFO] 2号位打出['PASS', 'PASS', 'PASS']， 最大动作为1号位打出的['Bomb', '8', ['S8', 'S8', 'H8', 'H8']]
[22:31:51] [YFAdapter-P2] [INFO] [YF-P2] Decision context: myPos=2, curPos=2, greaterPos=1, teammate=0, curAction=[, actionList_size=1
[22:31:51] [YFAdapter-P2] [INFO] [YF-P2] Decided: action_index=0, action=['PASS', 'PASS', 'PASS']
[22:31:51] [yf2_v5] [INFO] 3号位打出['PASS', 'PASS', 'PASS']， 最大动作为1号位打出的['Bomb', '8', ['S8', 'S8', 'H8', 'H8']]
[22:31:51] [yf2_v5] [INFO] 0号位打出['Bomb', 'J', ['SJ', 'SJ', 'HJ', 'DJ']]， 最大动作为0号位打出的['Bomb', 'J', ['SJ', 'SJ', 'HJ', 'DJ']]
[22:31:51] [yf2_v5] [INFO] 1号位打出['PASS', 'PASS', 'PASS']， 最大动作为0号位打出的['Bomb', 'J', ['SJ', 'SJ', 'HJ', 'DJ']]
[22:31:51] [yf2_v5] [INFO] 2号位打出['PASS', 'PASS', 'PASS']， 最大动作为0号位打出的['Bomb', 'J', ['SJ', 'SJ', 'HJ', 'DJ']]
[22:31:51] [YFAdapter-P2] [INFO] [YF-P2] Decision context: myPos=2, curPos=2, greaterPos=0, teammate=0, curAction=[, actionList_size=1
[22:31:51] [YFAdapter-P2] [INFO] [YF-P2] Decided: action_index=0, action=['PASS', 'PASS', 'PASS']
[22:31:51] [yf2_v5] [INFO] 3号位打出['PASS', 'PASS', 'PASS']， 最大动作为0号位打出的['Bomb', 'J', ['SJ', 'SJ', 'HJ', 'DJ']]
[22:31:51] [yf2_v5] [INFO] 0号位打出['Single', '2', ['D2']]， 最大动作为0号位打出的['Single', '2', ['D2']]
[22:31:51] [yf2_v5] [INFO] 1号位打出['Single', '7', ['D7']]， 最大动作为1号位打出的['Single', '7', ['D7']]
[22:31:51] [yf2_v5] [INFO] 2号位打出['Single', 'J', ['DJ']]， 最大动作为2号位打出的['Single', 'J', ['DJ']]
[22:31:51] [YFAdapter-P2] [INFO] [YF-P2] Decision context: myPos=2, curPos=2, greaterPos=2, teammate=0, curAction=[, actionList_size=2
[22:31:51] [YFAdapter-P2] [INFO] [YF-P2] Decided: action_index=0, action=['PASS', 'PASS', 'PASS']
[22:31:51] [yf2_v5] [INFO] 3号位打出['Single', '3', ['D3']]， 最大动作为3号位打出的['Single', '3', ['D3']]
[22:31:51] [yf2_v5] [INFO] 0号位打出['Single', 'R', ['HR']]， 最大动作为0号位打出的['Single', 'R', ['HR']]
[22:31:51] [yf2_v5] [INFO] 1号位打出['PASS', 'PASS', 'PASS']， 最大动作为0号位打出的['Single', 'R', ['HR']]
[22:31:51] [yf2_v5] [INFO] 2号位打出['PASS', 'PASS', 'PASS']， 最大动作为0号位打出的['Single', 'R', ['HR']]
[22:31:51] [YFAdapter-P2] [INFO] [YF-P2] Decision context: myPos=2, curPos=2, greaterPos=0, teammate=0, curAction=[, actionList_size=1
[22:31:51] [YFAdapter-P2] [INFO] [YF-P2] Decided: action_index=0, action=['PASS', 'PASS', 'PASS']
[22:31:51] [yf2_v5] [INFO] 3号位打出['PASS', 'PASS', 'PASS']， 最大动作为0号位打出的['Single', 'R', ['HR']]
[22:31:51] [yf2_v5] [INFO] 0号位打出['Single', '5', ['C5']]， 最大动作为0号位打出的['Single', '5', ['C5']]
[22:31:51] [yf2_v5] [INFO] 1号位打出['Single', '3', ['S3']]， 最大动作为1号位打出的['Single', '3', ['S3']]
[22:31:51] [yf2_v5] [INFO] 2号位打出['Single', 'B', ['SB']]， 最大动作为2号位打出的['Single', 'B', ['SB']]
[22:31:51] [YFAdapter-P2] [INFO] [YF-P2] Decision context: myPos=2, curPos=2, greaterPos=2, teammate=0, curAction=[, actionList_size=1
[22:31:51] [YFAdapter-P2] [INFO] [YF-P2] Decided: action_index=0, action=['PASS', 'PASS', 'PASS']
[22:31:51] [yf2_v5] [INFO] 3号位打出['PASS', 'PASS', 'PASS']， 最大动作为2号位打出的['Single', 'B', ['SB']]
[22:31:51] [yf2_v5] [INFO] 0号位打出['PASS', 'PASS', 'PASS']， 最大动作为2号位打出的['Single', 'B', ['SB']]
[22:31:51] [yf2_v5] [INFO] 1号位打出['PASS', 'PASS', 'PASS']， 最大动作为2号位打出的['Single', 'B', ['SB']]
[22:31:51] [yf2_v5] [INFO] 2号位打出['Single', '2', ['S2']]， 最大动作为2号位打出的['Single', '2', ['S2']]
[22:31:51] [YFAdapter-P2] [INFO] [YF-P2] Decision context: myPos=2, curPos=2, greaterPos=2, teammate=0, curAction=[, actionList_size=7
[22:31:51] [YFAdapter-P2] [INFO] [YF-P2] Decided: action_index=3, action=['Single', '4', [['C', '4']]]
[22:31:51] [yf2_v5] [INFO] 3号位打出['Single', '4', ['C4']]， 最大动作为3号位打出的['Single', '4', ['C4']]
[22:31:51] [yf2_v5] [INFO] 0号位打出['Single', 'Q', ['HQ']]， 最大动作为0号位打出的['Single', 'Q', ['HQ']]
[22:31:51] [yf2_v5] [INFO] 1号位打出['Single', 'K', ['CK']]， 最大动作为1号位打出的['Single', 'K', ['CK']]
[22:31:51] [yf2_v5] [INFO] 2号位打出['Single', '3', ['C3']]， 最大动作为2号位打出的['Single', '3', ['C3']]
[22:31:51] [YFAdapter-P2] [INFO] [YF-P2] Decision context: myPos=2, curPos=2, greaterPos=2, teammate=0, curAction=[, actionList_size=1
[22:31:51] [YFAdapter-P2] [INFO] [YF-P2] Decided: action_index=0, action=['PASS', 'PASS', 'PASS']
[22:31:51] [yf2_v5] [INFO] 3号位打出['PASS', 'PASS', 'PASS']， 最大动作为2号位打出的['Single', '3', ['C3']]
[22:31:51] [yf2_v5] [INFO] 0号位打出['PASS', 'PASS', 'PASS']， 最大动作为2号位打出的['Single', '3', ['C3']]
[22:31:51] [yf2_v5] [INFO] 1号位打出['PASS', 'PASS', 'PASS']， 最大动作为2号位打出的['Single', '3', ['C3']]
[22:31:51] [yf2_v5] [INFO] 2号位打出['Single', '5', ['S5']]， 最大动作为2号位打出的['Single', '5', ['S5']]
[22:31:51] [YFAdapter-P2] [INFO] [YF-P2] Decision context: myPos=2, curPos=2, greaterPos=2, teammate=0, curAction=[, actionList_size=4
[22:31:51] [YFAdapter-P2] [INFO] [YF-P2] Decided: action_index=2, action=['Single', '6', [['C', '6']]]
[22:31:51] [yf2_v5] [INFO] 3号位打出['Single', '6', ['C6']]， 最大动作为3号位打出的['Single', '6', ['C6']]
[22:31:51] [yf2_v5] [INFO] 0号位打出['Single', '3', ['S3']]， 最大动作为0号位打出的['Single', '3', ['S3']]
[22:31:51] [yf2_v5] [INFO] 1号位打出['PASS', 'PASS', 'PASS']， 最大动作为0号位打出的['Single', '3', ['S3']]
[22:31:51] [yf2_v5] [INFO] 2号位打出['PASS', 'PASS', 'PASS']， 最大动作为0号位打出的['Single', '3', ['S3']]
[22:31:51] [YFAdapter-P2] [INFO] [YF-P2] Decision context: myPos=2, curPos=2, greaterPos=0, teammate=0, curAction=[, actionList_size=1
[22:31:51] [YFAdapter-P2] [INFO] [YF-P2] Decided: action_index=0, action=['PASS', 'PASS', 'PASS']
[22:31:51] [yf2_v5] [INFO] 3号位打出['PASS', 'PASS', 'PASS']， 最大动作为0号位打出的['Single', '3', ['S3']]
[22:31:51] [yf2_v5] [INFO] 0号位打出['Pair', '7', ['S7', 'S7']]， 最大动作为0号位打出的['Pair', '7', ['S7', 'S7']]
[22:31:51] [yf2_v5] [INFO] 1号位打出['PASS', 'PASS', 'PASS']， 最大动作为0号位打出的['Pair', '7', ['S7', 'S7']]
[22:31:51] [yf2_v5] [INFO] 2号位打出['Pair', 'A', ['DA', 'DA']]， 最大动作为2号位打出的['Pair', 'A', ['DA', 'DA']]
[22:31:51] [YFAdapter-P2] [INFO] [YF-P2] Decision context: myPos=2, curPos=2, greaterPos=2, teammate=0, curAction=[, actionList_size=1
[22:31:51] [YFAdapter-P2] [INFO] [YF-P2] Decided: action_index=0, action=['PASS', 'PASS', 'PASS']
[22:31:51] [yf2_v5] [INFO] 3号位打出['PASS', 'PASS', 'PASS']， 最大动作为2号位打出的['Pair', 'A', ['DA', 'DA']]
[22:31:51] [yf2_v5] [INFO] 0号位打出['PASS', 'PASS', 'PASS']， 最大动作为2号位打出的['Pair', 'A', ['DA', 'DA']]
[22:31:51] [yf2_v5] [INFO] 1号位打出['PASS', 'PASS', 'PASS']， 最大动作为2号位打出的['Pair', 'A', ['DA', 'DA']]
[22:31:51] [yf2_v5] [INFO] 2号位打出['ThreeWithTwo', '4', ['H4', 'C4', 'D4', 'C8', 'D8']]， 最大动作为2号位打出的['ThreeWithTwo', '4', ['H4', 'C4', 'D4', 'C8', 'D8']]
[22:31:51] [YFAdapter-P2] [INFO] [YF-P2] Decision context: myPos=2, curPos=2, greaterPos=2, teammate=0, curAction=[, actionList_size=1
[22:31:51] [YFAdapter-P2] [INFO] [YF-P2] Decided: action_index=0, action=['PASS', 'PASS', 'PASS']
[22:31:51] [yf2_v5] [INFO] 3号位打出['PASS', 'PASS', 'PASS']， 最大动作为2号位打出的['ThreeWithTwo', '4', ['H4', 'C4', 'D4', 'C8', 'D8']]
[22:31:51] [yf2_v5] [INFO] 0号位打出['ThreeWithTwo', '6', ['S6', 'D6', 'D6', 'S4', 'D4']]， 最大动作为0号位打出的['ThreeWithTwo', '6', ['S6', 'D6', 'D6', 'S4', 'D4']]
[22:31:51] [yf2_v5] [INFO] 1号位打出['PASS', 'PASS', 'PASS']， 最大动作为0号位打出的['ThreeWithTwo', '6', ['S6', 'D6', 'D6', 'S4', 'D4']]
[22:31:51] [yf2_v5] [INFO] 2号位打出['ThreeWithTwo', '9', ['S9', 'C9', 'C9', 'ST', 'DT']]， 最大动作为2号位打出的['ThreeWithTwo', '9', ['S9', 'C9', 'C9', 'ST', 'DT']]
[22:31:51] [YFAdapter-P2] [INFO] [YF-P2] Decision context: myPos=2, curPos=2, greaterPos=2, teammate=0, curAction=[, actionList_size=1
[22:31:51] [YFAdapter-P2] [INFO] [YF-P2] Decided: action_index=0, action=['PASS', 'PASS', 'PASS']
[22:31:51] [yf2_v5] [INFO] 3号位打出['PASS', 'PASS', 'PASS']， 最大动作为2号位打出的['ThreeWithTwo', '9', ['S9', 'C9', 'C9', 'ST', 'DT']]
[22:31:51] [yf2_v5] [INFO] 0号位打出['PASS', 'PASS', 'PASS']， 最大动作为2号位打出的['ThreeWithTwo', '9', ['S9', 'C9', 'C9', 'ST', 'DT']]
[22:31:51] [yf2_v5] [INFO] 1号位打出['PASS', 'PASS', 'PASS']， 最大动作为2号位打出的['ThreeWithTwo', '9', ['S9', 'C9', 'C9', 'ST', 'DT']]
[22:31:51] [yf2_v5] [INFO] 2号位打出['Single', 'Q', ['DQ']]， 最大动作为2号位打出的['Single', 'Q', ['DQ']]
[22:31:51] [YFAdapter-P2] [INFO] [YF-P2] Decision context: myPos=2, curPos=2, greaterPos=2, teammate=0, curAction=[, actionList_size=1
[22:31:51] [YFAdapter-P2] [INFO] [YF-P2] Decided: action_index=0, action=['PASS', 'PASS', 'PASS']
[22:31:51] [yf2_v5] [INFO] 3号位打出['PASS', 'PASS', 'PASS']， 最大动作为2号位打出的['Single', 'Q', ['DQ']]
[22:31:51] [yf2_v5] [INFO] 0号位打出['Single', 'K', ['SK']]， 最大动作为0号位打出的['Single', 'K', ['SK']]
[22:31:51] [yf2_v5] [INFO] 1号位打出['Single', 'A', ['SA']]， 最大动作为1号位打出的['Single', 'A', ['SA']]
[22:31:51] [yf2_v5] [INFO] 2号位打出['Single', 'B', ['SB']]， 最大动作为2号位打出的['Single', 'B', ['SB']]
[22:31:51] [YFAdapter-P2] [INFO] [YF-P2] Decision context: myPos=2, curPos=2, greaterPos=2, teammate=0, curAction=[, actionList_size=1
[22:31:51] [YFAdapter-P2] [INFO] [YF-P2] Decided: action_index=0, action=['PASS', 'PASS', 'PASS']
[22:31:51] [yf2_v5] [INFO] 3号位打出['PASS', 'PASS', 'PASS']， 最大动作为2号位打出的['Single', 'B', ['SB']]
[22:31:51] [yf2_v5] [INFO] 0号位打出['PASS', 'PASS', 'PASS']， 最大动作为2号位打出的['Single', 'B', ['SB']]
[22:31:51] [yf2_v5] [INFO] 1号位打出['PASS', 'PASS', 'PASS']， 最大动作为2号位打出的['Single', 'B', ['SB']]
[22:31:51] [yf2_v5] [INFO] 2号位打出['Pair', '3', ['C3', 'D3']]， 最大动作为2号位打出的['Pair', '3', ['C3', 'D3']]
[22:31:51] [YFAdapter-P2] [INFO] [YF-P2] Decision context: myPos=2, curPos=2, greaterPos=2, teammate=0, curAction=[, actionList_size=1
[22:31:51] [YFAdapter-P2] [INFO] [YF-P2] Decided: action_index=0, action=['PASS', 'PASS', 'PASS']
[22:31:51] [yf2_v5] [INFO] 3号位打出['PASS', 'PASS', 'PASS']， 最大动作为2号位打出的['Pair', '3', ['C3', 'D3']]
[22:31:51] [yf2_v5] [INFO] 0号位打出['PASS', 'PASS', 'PASS']， 最大动作为2号位打出的['Pair', '3', ['C3', 'D3']]
[22:31:51] [yf2_v5] [INFO] 1号位打出['PASS', 'PASS', 'PASS']， 最大动作为2号位打出的['Pair', '3', ['C3', 'D3']]
[22:31:51] [yf2_v5] [INFO] 2号位打出['Single', 'R', ['HR']]， 最大动作为2号位打出的['Single', 'R', ['HR']]
[22:31:51] [YFAdapter-P2] [INFO] [YF-P2] Decision context: myPos=2, curPos=2, greaterPos=2, teammate=0, curAction=[, actionList_size=1
[22:31:51] [YFAdapter-P2] [INFO] [YF-P2] Decided: action_index=0, action=['PASS', 'PASS', 'PASS']
[22:31:51] [yf2_v5] [INFO] 3号位打出['PASS', 'PASS', 'PASS']， 最大动作为2号位打出的['Single', 'R', ['HR']]
[22:31:51] [yf2_v5] [INFO] 0号位打出['PASS', 'PASS', 'PASS']， 最大动作为2号位打出的['Single', 'R', ['HR']]
[22:31:51] [yf2_v5] [INFO] 0号位打出['Pair', '9', ['S9', 'H9']]， 最大动作为0号位打出的['Pair', '9', ['S9', 'H9']]
[22:31:51] [yf2_v5] [INFO] 1号位打出['PASS', 'PASS', 'PASS']， 最大动作为0号位打出的['Pair', '9', ['S9', 'H9']]
[22:31:51] [YFAdapter-P2] [INFO] [YF-P2] Decision context: myPos=2, curPos=1, greaterPos=0, teammate=0, curAction=[, actionList_size=1
[22:31:51] [YFAdapter-P2] [INFO] [YF-P2] Decided: action_index=0, action=['PASS', 'PASS', 'PASS']
[22:31:51] [yf2_v5] [INFO] 3号位打出['PASS', 'PASS', 'PASS']， 最大动作为0号位打出的['Pair', '9', ['S9', 'H9']]
[22:31:51] [yf2_v5] [INFO] 0号位打出['Pair', 'T', ['HT', 'DT']]， 最大动作为0号位打出的['Pair', 'T', ['HT', 'DT']]
[22:31:51] [yf2_v5] [INFO] 1号位打出['PASS', 'PASS', 'PASS']， 最大动作为0号位打出的['Pair', 'T', ['HT', 'DT']]
[22:31:51] [YFAdapter-P2] [INFO] [YF-P2] Decision context: myPos=2, curPos=1, greaterPos=0, teammate=0, curAction=[, actionList_size=1
[22:31:51] [YFAdapter-P2] [INFO] [YF-P2] Decided: action_index=0, action=['PASS', 'PASS', 'PASS']
[22:31:51] [yf2_v5] [INFO] 3号位打出['PASS', 'PASS', 'PASS']， 最大动作为0号位打出的['Pair', 'T', ['HT', 'DT']]
[22:31:51] [yf2_v5] [INFO] 0号位打出['Single', 'A', ['SA']]， 最大动作为0号位打出的['Single', 'A', ['SA']]
[22:31:51] [yf2_v5] [INFO] 游戏开始, 我是3号位，手牌：['H3', 'C3', 'C4', 'D4', 'S5', 'C5', 'D5', 'H6', 'H7', 'C7', 'D7', 'S8', 'D8', 'H9', 'D9', 'HT', 'SJ', 'HJ', 'DJ', 'SQ', 'CQ', 'SK', 'HK', 'HK', 'SA', 'HA', 'S2']
[22:31:51] [YFAdapter-P2] [INFO] [YF-P2] Decision context: myPos=2, curPos=0, greaterPos=0, teammate=0, curAction=[, actionList_size=1
[22:31:51] [YFAdapter-P2] [INFO] [YF-P2] Decided: action_index=0, action=['tribute', 'tribute', [['S', '2']]]
[22:31:51] [yf2_v5] [INFO] 1号位打出['Single', '4', ['D4']]， 最大动作为1号位打出的['Single', '4', ['D4']]
[22:31:51] [yf2_v5] [INFO] 2号位打出['Single', '2', ['S2']]， 最大动作为2号位打出的['Single', '2', ['S2']]
[22:31:51] [YFAdapter-P2] [INFO] [YF-P2] Decision context: myPos=2, curPos=2, greaterPos=2, teammate=0, curAction=[, actionList_size=1
[22:31:51] [YFAdapter-P2] [INFO] [YF-P2] Decided: action_index=0, action=['PASS', 'PASS', 'PASS']
[22:31:51] [yf2_v5] [INFO] 3号位打出['PASS', 'PASS', 'PASS']， 最大动作为2号位打出的['Single', '2', ['S2']]
[22:31:51] [yf2_v5] [INFO] 0号位打出['PASS', 'PASS', 'PASS']， 最大动作为2号位打出的['Single', '2', ['S2']]
[22:31:51] [yf2_v5] [INFO] 1号位打出['PASS', 'PASS', 'PASS']， 最大动作为2号位打出的['Single', '2', ['S2']]
[22:31:51] [yf2_v5] [INFO] 2号位打出['Single', '3', ['S3']]， 最大动作为2号位打出的['Single', '3', ['S3']]
[22:31:51] [YFAdapter-P2] [INFO] [YF-P2] Decision context: myPos=2, curPos=2, greaterPos=2, teammate=0, curAction=[, actionList_size=24
[22:31:51] [YFAdapter-P2] [INFO] [YF-P2] Decided: action_index=1, action=['Single', '4', [['C', '4']]]
[22:31:51] [yf2_v5] [INFO] 3号位打出['Single', '4', ['C4']]， 最大动作为3号位打出的['Single', '4', ['C4']]
[22:31:51] [yf2_v5] [INFO] 0号位打出['Single', 'T', ['DT']]， 最大动作为0号位打出的['Single', 'T', ['DT']]
[22:31:51] [yf2_v5] [INFO] 1号位打出['Bomb', 'T', ['HT', 'CT', 'CT', 'DT']]， 最大动作为1号位打出的['Bomb', 'T', ['HT', 'CT', 'CT', 'DT']]
[22:31:51] [yf2_v5] [INFO] 2号位打出['PASS', 'PASS', 'PASS']， 最大动作为1号位打出的['Bomb', 'T', ['HT', 'CT', 'CT', 'DT']]
[22:31:51] [YFAdapter-P2] [INFO] [YF-P2] Decision context: myPos=2, curPos=2, greaterPos=1, teammate=0, curAction=[, actionList_size=1
[22:31:51] [YFAdapter-P2] [INFO] [YF-P2] Decided: action_index=0, action=['PASS', 'PASS', 'PASS']
[22:31:51] [yf2_v5] [INFO] 3号位打出['PASS', 'PASS', 'PASS']， 最大动作为1号位打出的['Bomb', 'T', ['HT', 'CT', 'CT', 'DT']]
[22:31:51] [yf2_v5] [INFO] 0号位打出['PASS', 'PASS', 'PASS']， 最大动作为1号位打出的['Bomb', 'T', ['HT', 'CT', 'CT', 'DT']]
[22:31:51] [yf2_v5] [INFO] 1号位打出['Single', '5', ['C5']]， 最大动作为1号位打出的['Single', '5', ['C5']]
[22:31:51] [yf2_v5] [INFO] 2号位打出['Single', '2', ['H2']]， 最大动作为2号位打出的['Single', '2', ['H2']]
[22:31:51] [YFAdapter-P2] [INFO] [YF-P2] Decision context: myPos=2, curPos=2, greaterPos=2, teammate=0, curAction=[, actionList_size=1
[22:31:51] [YFAdapter-P2] [INFO] [YF-P2] Decided: action_index=0, action=['PASS', 'PASS', 'PASS']
[22:31:51] [yf2_v5] [INFO] 3号位打出['PASS', 'PASS', 'PASS']， 最大动作为2号位打出的['Single', '2', ['H2']]
[22:31:51] [yf2_v5] [INFO] 0号位打出['PASS', 'PASS', 'PASS']， 最大动作为2号位打出的['Single', '2', ['H2']]
[22:31:51] [yf2_v5] [INFO] 1号位打出['PASS', 'PASS', 'PASS']， 最大动作为2号位打出的['Single', '2', ['H2']]
[22:31:51] [yf2_v5] [INFO] 2号位打出['Straight', '7', ['H7', 'S8', 'S9', 'ST', 'HJ']]， 最大动作为2号位打出的['Straight', '7', ['H7', 'S8', 'S9', 'ST', 'HJ']]
[22:31:51] [YFAdapter-P2] [INFO] [YF-P2] Decision context: myPos=2, curPos=2, greaterPos=2, teammate=0, curAction=[, actionList_size=73
[22:31:51] [YFAdapter-P2] [INFO] [YF-P2] Decided: action_index=10, action=['Straight', '8', [['S', '8'], ['D', '9'], ['H', 'T'], ['H', 'J'], ['C', 'Q']]]
[22:31:51] [yf2_v5] [INFO] 3号位打出['Straight', '8', ['S8', 'D9', 'HT', 'HJ', 'CQ']]， 最大动作为3号位打出的['Straight', '8', ['S8', 'D9', 'HT', 'HJ', 'CQ']]
[22:31:51] [yf2_v5] [INFO] 0号位打出['PASS', 'PASS', 'PASS']， 最大动作为3号位打出的['Straight', '8', ['S8', 'D9', 'HT', 'HJ', 'CQ']]
[22:31:51] [yf2_v5] [INFO] 1号位打出['Bomb', 'J', ['SJ', 'CJ', 'CJ', 'H2']]， 最大动作为1号位打出的['Bomb', 'J', ['SJ', 'CJ', 'CJ', 'H2']]
[22:31:51] [yf2_v5] [INFO] 2号位打出['Bomb', '6', ['S6', 'H6', 'C6', 'C6', 'D6']]， 最大动作为2号位打出的['Bomb', '6', ['S6', 'H6', 'C6', 'C6', 'D6']]
[22:31:51] [YFAdapter-P2] [INFO] [YF-P2] Decision context: myPos=2, curPos=2, greaterPos=2, teammate=0, curAction=[, actionList_size=1
[22:31:51] [YFAdapter-P2] [INFO] [YF-P2] Decided: action_index=0, action=['PASS', 'PASS', 'PASS']
[22:31:51] [yf2_v5] [INFO] 3号位打出['PASS', 'PASS', 'PASS']， 最大动作为2号位打出的['Bomb', '6', ['S6', 'H6', 'C6', 'C6', 'D6']]
[22:31:51] [yf2_v5] [INFO] 0号位打出['PASS', 'PASS', 'PASS']， 最大动作为2号位打出的['Bomb', '6', ['S6', 'H6', 'C6', 'C6', 'D6']]
[22:31:51] [yf2_v5] [INFO] 1号位打出['PASS', 'PASS', 'PASS']， 最大动作为2号位打出的['Bomb', '6', ['S6', 'H6', 'C6', 'C6', 'D6']]
[22:31:51] [yf2_v5] [INFO] 2号位打出['ThreeWithTwo', '4', ['S4', 'H4', 'C4', 'S3', 'D3']]， 最大动作为2号位打出的['ThreeWithTwo', '4', ['S4', 'H4', 'C4', 'S3', 'D3']]
[22:31:51] [YFAdapter-P2] [INFO] [YF-P2] Decision context: myPos=2, curPos=2, greaterPos=2, teammate=0, curAction=[, actionList_size=29
[22:31:51] [YFAdapter-P2] [INFO] [YF-P2] Decided: action_index=27, action=['ThreeWithTwo', 'K', [['S', 'K'], ['H', 'K'], ['H', 'K'], ['S', 'J'], ['D', 'J']]]
[22:31:51] [yf2_v5] [INFO] 3号位打出['ThreeWithTwo', 'K', ['SK', 'HK', 'HK', 'SJ', 'DJ']]， 最大动作为3号位打出的['ThreeWithTwo', 'K', ['SK', 'HK', 'HK', 'SJ', 'DJ']]
[22:31:51] [yf2_v5] [INFO] 0号位打出['ThreeWithTwo', 'A', ['SA', 'DA', 'DA', 'S4', 'H4']]， 最大动作为0号位打出的['ThreeWithTwo', 'A', ['SA', 'DA', 'DA', 'S4', 'H4']]
[22:31:51] [yf2_v5] [INFO] 1号位打出['PASS', 'PASS', 'PASS']， 最大动作为0号位打出的['ThreeWithTwo', 'A', ['SA', 'DA', 'DA', 'S4', 'H4']]
[22:31:51] [yf2_v5] [INFO] 2号位打出['PASS', 'PASS', 'PASS']， 最大动作为0号位打出的['ThreeWithTwo', 'A', ['SA', 'DA', 'DA', 'S4', 'H4']]
[22:31:51] [YFAdapter-P2] [INFO] [YF-P2] Decision context: myPos=2, curPos=2, greaterPos=0, teammate=0, curAction=[, actionList_size=1
[22:31:51] [YFAdapter-P2] [INFO] [YF-P2] Decided: action_index=0, action=['PASS', 'PASS', 'PASS']
[22:31:51] [yf2_v5] [INFO] 3号位打出['PASS', 'PASS', 'PASS']， 最大动作为0号位打出的['ThreeWithTwo', 'A', ['SA', 'DA', 'DA', 'S4', 'H4']]
[22:31:51] [yf2_v5] [INFO] 0号位打出['ThreePair', '5', ['H5', 'D5', 'S6', 'D6', 'C7', 'D7']]， 最大动作为0号位打出的['ThreePair', '5', ['H5', 'D5', 'S6', 'D6', 'C7', 'D7']]
[22:31:51] [yf2_v5] [INFO] 1号位打出['PASS', 'PASS', 'PASS']， 最大动作为0号位打出的['ThreePair', '5', ['H5', 'D5', 'S6', 'D6', 'C7', 'D7']]
[22:31:51] [yf2_v5] [INFO] 2号位打出['PASS', 'PASS', 'PASS']， 最大动作为0号位打出的['ThreePair', '5', ['H5', 'D5', 'S6', 'D6', 'C7', 'D7']]
[22:31:51] [YFAdapter-P2] [INFO] [YF-P2] Decision context: myPos=2, curPos=2, greaterPos=0, teammate=0, curAction=[, actionList_size=1
[22:31:51] [YFAdapter-P2] [INFO] [YF-P2] Decided: action_index=0, action=['PASS', 'PASS', 'PASS']
[22:31:51] [yf2_v5] [INFO] 3号位打出['PASS', 'PASS', 'PASS']， 最大动作为0号位打出的['ThreePair', '5', ['H5', 'D5', 'S6', 'D6', 'C7', 'D7']]
[22:31:51] [yf2_v5] [INFO] 0号位打出['ThreeWithTwo', '8', ['H8', 'C8', 'D8', 'S9', 'C9']]， 最大动作为0号位打出的['ThreeWithTwo', '8', ['H8', 'C8', 'D8', 'S9', 'C9']]
[22:31:51] [yf2_v5] [INFO] 1号位打出['PASS', 'PASS', 'PASS']， 最大动作为0号位打出的['ThreeWithTwo', '8', ['H8', 'C8', 'D8', 'S9', 'C9']]
[22:31:51] [yf2_v5] [INFO] 2号位打出['ThreeWithTwo', 'A', ['HA', 'CA', 'CA', 'S5', 'H5']]， 最大动作为2号位打出的['ThreeWithTwo', 'A', ['HA', 'CA', 'CA', 'S5', 'H5']]
[22:31:51] [YFAdapter-P2] [INFO] [YF-P2] Decision context: myPos=2, curPos=2, greaterPos=2, teammate=0, curAction=[, actionList_size=1
[22:31:51] [YFAdapter-P2] [INFO] [YF-P2] Decided: action_index=0, action=['PASS', 'PASS', 'PASS']
[22:31:52] [yf2_v5] [INFO] 3号位打出['PASS', 'PASS', 'PASS']， 最大动作为2号位打出的['ThreeWithTwo', 'A', ['HA', 'CA', 'CA', 'S5', 'H5']]
[22:31:52] [yf2_v5] [INFO] 0号位打出['PASS', 'PASS', 'PASS']， 最大动作为2号位打出的['ThreeWithTwo', 'A', ['HA', 'CA', 'CA', 'S5', 'H5']]
[22:31:52] [yf2_v5] [INFO] 1号位打出['PASS', 'PASS', 'PASS']， 最大动作为2号位打出的['ThreeWithTwo', 'A', ['HA', 'CA', 'CA', 'S5', 'H5']]
[22:31:52] [yf2_v5] [INFO] 2号位打出['Pair', 'Q', ['HQ', 'CQ']]， 最大动作为2号位打出的['Pair', 'Q', ['HQ', 'CQ']]
[22:31:52] [YFAdapter-P2] [INFO] [YF-P2] Decision context: myPos=2, curPos=2, greaterPos=2, teammate=0, curAction=[, actionList_size=2
[22:31:52] [YFAdapter-P2] [INFO] [YF-P2] Decided: action_index=0, action=['PASS', 'PASS', 'PASS']
[22:31:52] [yf2_v5] [INFO] 3号位打出['PASS', 'PASS', 'PASS']， 最大动作为2号位打出的['Pair', 'Q', ['HQ', 'CQ']]
[22:31:52] [yf2_v5] [INFO] 0号位打出['PASS', 'PASS', 'PASS']， 最大动作为2号位打出的['Pair', 'Q', ['HQ', 'CQ']]
[22:31:52] [yf2_v5] [INFO] 1号位打出['PASS', 'PASS', 'PASS']， 最大动作为2号位打出的['Pair', 'Q', ['HQ', 'CQ']]
[22:31:52] [yf2_v5] [INFO] 2号位打出['Pair', '2', ['C2', 'C2']]， 最大动作为2号位打出的['Pair', '2', ['C2', 'C2']]
[22:31:52] [YFAdapter-P2] [INFO] [YF-P2] Decision context: myPos=2, curPos=2, greaterPos=2, teammate=0, curAction=[, actionList_size=1
[22:31:52] [YFAdapter-P2] [INFO] [YF-P2] Decided: action_index=0, action=['PASS', 'PASS', 'PASS']
[22:31:52] [yf2_v5] [INFO] 3号位打出['PASS', 'PASS', 'PASS']， 最大动作为2号位打出的['Pair', '2', ['C2', 'C2']]
[22:31:52] [yf2_v5] [INFO] 0号位打出['PASS', 'PASS', 'PASS']， 最大动作为2号位打出的['Pair', '2', ['C2', 'C2']]
[22:31:52] [yf2_v5] [INFO] 0号位打出['Pair', 'Q', ['SQ', 'DQ']]， 最大动作为0号位打出的['Pair', 'Q', ['SQ', 'DQ']]
[22:31:52] [yf2_v5] [INFO] 1号位打出['Pair', '2', ['D2', 'D2']]， 最大动作为1号位打出的['Pair', '2', ['D2', 'D2']]
[22:31:52] [YFAdapter-P2] [INFO] [YF-P2] Decision context: myPos=2, curPos=1, greaterPos=1, teammate=0, curAction=[, actionList_size=1
[22:31:52] [YFAdapter-P2] [INFO] [YF-P2] Decided: action_index=0, action=['PASS', 'PASS', 'PASS']
[22:31:52] [yf2_v5] [INFO] 3号位打出['PASS', 'PASS', 'PASS']， 最大动作为1号位打出的['Pair', '2', ['D2', 'D2']]
[22:31:52] [yf2_v5] [INFO] 0号位打出['Pair', 'R', ['HR', 'HR']]， 最大动作为0号位打出的['Pair', 'R', ['HR', 'HR']]
[22:31:52] [yf2_v5] [INFO] 1号位打出['PASS', 'PASS', 'PASS']， 最大动作为0号位打出的['Pair', 'R', ['HR', 'HR']]
[22:31:52] [YFAdapter-P2] [INFO] [YF-P2] Decision context: myPos=2, curPos=1, greaterPos=0, teammate=0, curAction=[, actionList_size=1
[22:31:52] [YFAdapter-P2] [INFO] [YF-P2] Decided: action_index=0, action=['PASS', 'PASS', 'PASS']
[22:31:52] [yf2_v5] [INFO] 3号位打出['PASS', 'PASS', 'PASS']， 最大动作为0号位打出的['Pair', 'R', ['HR', 'HR']]
[22:31:52] [yf2_v5] [INFO] 0号位打出['Single', '2', ['S2']]， 最大动作为0号位打出的['Single', '2', ['S2']]
[22:31:52] [yf2_v5] [INFO] 1号位打出['Single', 'B', ['SB']]， 最大动作为1号位打出的['Single', 'B', ['SB']]
[22:31:52] [YFAdapter-P2] [INFO] [YF-P2] Decision context: myPos=2, curPos=1, greaterPos=1, teammate=0, curAction=[, actionList_size=1
[22:31:52] [YFAdapter-P2] [INFO] [YF-P2] Decided: action_index=0, action=['PASS', 'PASS', 'PASS']
[22:31:52] [yf2_v5] [INFO] 3号位打出['PASS', 'PASS', 'PASS']， 最大动作为1号位打出的['Single', 'B', ['SB']]
[22:31:52] [yf2_v5] [INFO] 0号位打出['Bomb', 'K', ['SK', 'CK', 'CK', 'DK']]， 最大动作为0号位打出的['Bomb', 'K', ['SK', 'CK', 'CK', 'DK']]
[22:31:52] [yf2_v5] [INFO] 1号位打出['PASS', 'PASS', 'PASS']， 最大动作为0号位打出的['Bomb', 'K', ['SK', 'CK', 'CK', 'DK']]
[22:31:52] [YFAdapter-P2] [INFO] [YF-P2] Decision context: myPos=2, curPos=1, greaterPos=0, teammate=0, curAction=[, actionList_size=1
[22:31:52] [YFAdapter-P2] [INFO] [YF-P2] Decided: action_index=0, action=['PASS', 'PASS', 'PASS']
[22:31:52] [yf2_v5] [INFO] 3号位打出['PASS', 'PASS', 'PASS']， 最大动作为0号位打出的['Bomb', 'K', ['SK', 'CK', 'CK', 'DK']]
[22:31:52] [yf2_v5] [INFO] 0号位打出['Single', 'B', ['SB']]， 最大动作为0号位打出的['Single', 'B', ['SB']]
[22:31:52] [yf2_v5] [INFO] 游戏开始, 我是3号位，手牌：['H2', 'C2', 'C2', 'D2', 'S3', 'H3', 'C3', 'D3', 'S4', 'C4', 'D4', 'D4', 'S6', 'H6', 'H6', 'D7', 'S8', 'DT', 'DJ', 'DJ', 'SK', 'HK', 'HA', 'CA', 'DA', 'DA', 'S5']
[22:31:52] [yf2_v5] [INFO] 2号位打出['Single', '2', ['H2']]， 最大动作为2号位打出的['Single', '2', ['H2']]
[22:31:52] [YFAdapter-P2] [INFO] [YF-P2] Decision context: myPos=2, curPos=2, greaterPos=2, teammate=0, curAction=[, actionList_size=24
[22:31:52] [YFAdapter-P2] [INFO] [YF-P2] Decided: action_index=10, action=['Single', '7', [['D', '7']]]
[22:31:52] [yf2_v5] [INFO] 3号位打出['Single', '7', ['D7']]， 最大动作为3号位打出的['Single', '7', ['D7']]
[22:31:52] [yf2_v5] [INFO] 0号位打出['Single', 'T', ['HT']]， 最大动作为0号位打出的['Single', 'T', ['HT']]
[22:31:52] [yf2_v5] [INFO] 1号位打出['Single', 'K', ['SK']]， 最大动作为1号位打出的['Single', 'K', ['SK']]
[22:31:52] [yf2_v5] [INFO] 2号位打出['Single', '5', ['S5']]， 最大动作为2号位打出的['Single', '5', ['S5']]
[22:31:52] [YFAdapter-P2] [INFO] [YF-P2] Decision context: myPos=2, curPos=2, greaterPos=2, teammate=0, curAction=[, actionList_size=5
[22:31:52] [YFAdapter-P2] [INFO] [YF-P2] Decided: action_index=1, action=['Bomb', '2', [['H', '2'], ['C', '2'], ['C', '2'], ['D', '2']]]
[22:31:52] [yf2_v5] [INFO] 3号位打出['Bomb', '2', ['H2', 'C2', 'C2', 'D2']]， 最大动作为3号位打出的['Bomb', '2', ['H2', 'C2', 'C2', 'D2']]
[22:31:52] [yf2_v5] [INFO] 0号位打出['Bomb', '7', ['S7', 'H7', 'C7', 'H5']]， 最大动作为0号位打出的['Bomb', '7', ['S7', 'H7', 'C7', 'H5']]
[22:31:52] [yf2_v5] [INFO] 1号位打出['Bomb', 'J', ['SJ', 'SJ', 'HJ', 'CJ']]， 最大动作为1号位打出的['Bomb', 'J', ['SJ', 'SJ', 'HJ', 'CJ']]
[22:31:52] [yf2_v5] [INFO] 2号位打出['PASS', 'PASS', 'PASS']， 最大动作为1号位打出的['Bomb', 'J', ['SJ', 'SJ', 'HJ', 'CJ']]
[22:31:52] [YFAdapter-P2] [INFO] [YF-P2] Decision context: myPos=2, curPos=2, greaterPos=1, teammate=0, curAction=[, actionList_size=2
[22:31:52] [YFAdapter-P2] [INFO] [YF-P2] Decided: action_index=0, action=['PASS', 'PASS', 'PASS']
[22:31:52] [yf2_v5] [INFO] 3号位打出['Bomb', 'A', ['HA', 'CA', 'DA', 'DA']]， 最大动作为3号位打出的['Bomb', 'A', ['HA', 'CA', 'DA', 'DA']]
[22:31:52] [yf2_v5] [INFO] 0号位打出['PASS', 'PASS', 'PASS']， 最大动作为3号位打出的['Bomb', 'A', ['HA', 'CA', 'DA', 'DA']]
[22:31:52] [yf2_v5] [INFO] 1号位打出['PASS', 'PASS', 'PASS']， 最大动作为3号位打出的['Bomb', 'A', ['HA', 'CA', 'DA', 'DA']]
[22:31:52] [yf2_v5] [INFO] 2号位打出['Bomb', '9', ['H9', 'H9', 'C9', 'C9', 'D9']]， 最大动作为2号位打出的['Bomb', '9', ['H9', 'H9', 'C9', 'C9', 'D9']]
[22:31:52] [YFAdapter-P2] [INFO] [YF-P2] Decision context: myPos=2, curPos=2, greaterPos=2, teammate=0, curAction=[, actionList_size=1
[22:31:52] [YFAdapter-P2] [INFO] [YF-P2] Decided: action_index=0, action=['PASS', 'PASS', 'PASS']
[22:31:52] [yf2_v5] [INFO] 3号位打出['PASS', 'PASS', 'PASS']， 最大动作为2号位打出的['Bomb', '9', ['H9', 'H9', 'C9', 'C9', 'D9']]
[22:31:52] [yf2_v5] [INFO] 0号位打出['PASS', 'PASS', 'PASS']， 最大动作为2号位打出的['Bomb', '9', ['H9', 'H9', 'C9', 'C9', 'D9']]
[22:31:52] [yf2_v5] [INFO] 1号位打出['PASS', 'PASS', 'PASS']， 最大动作为2号位打出的['Bomb', '9', ['H9', 'H9', 'C9', 'C9', 'D9']]
[22:31:52] [yf2_v5] [INFO] 2号位打出['Single', '7', ['S7']]， 最大动作为2号位打出的['Single', '7', ['S7']]
[22:31:52] [YFAdapter-P2] [INFO] [YF-P2] Decision context: myPos=2, curPos=2, greaterPos=2, teammate=0, curAction=[, actionList_size=9
[22:31:52] [YFAdapter-P2] [INFO] [YF-P2] Decided: action_index=8, action=['Bomb', '4', [['S', '4'], ['C', '4'], ['D', '4'], ['D', '4']]]
[22:31:52] [yf2_v5] [INFO] 3号位打出['Bomb', '4', ['S4', 'C4', 'D4', 'D4']]， 最大动作为3号位打出的['Bomb', '4', ['S4', 'C4', 'D4', 'D4']]
[22:31:52] [yf2_v5] [INFO] 0号位打出['Bomb', '8', ['S8', 'H8', 'C8', 'H5']]， 最大动作为0号位打出的['Bomb', '8', ['S8', 'H8', 'C8', 'H5']]
[22:31:52] [yf2_v5] [INFO] 1号位打出['PASS', 'PASS', 'PASS']， 最大动作为0号位打出的['Bomb', '8', ['S8', 'H8', 'C8', 'H5']]
[22:31:52] [yf2_v5] [INFO] 2号位打出['PASS', 'PASS', 'PASS']， 最大动作为0号位打出的['Bomb', '8', ['S8', 'H8', 'C8', 'H5']]
[22:31:52] [YFAdapter-P2] [INFO] [YF-P2] Decision context: myPos=2, curPos=2, greaterPos=0, teammate=0, curAction=[, actionList_size=1
[22:31:52] [YFAdapter-P2] [INFO] [YF-P2] Decided: action_index=0, action=['PASS', 'PASS', 'PASS']
[22:31:52] [yf2_v5] [INFO] 3号位打出['PASS', 'PASS', 'PASS']， 最大动作为0号位打出的['Bomb', '8', ['S8', 'H8', 'C8', 'H5']]
[22:31:52] [yf2_v5] [INFO] 0号位打出['Single', '2', ['S2']]， 最大动作为0号位打出的['Single', '2', ['S2']]
[22:31:52] [yf2_v5] [INFO] 1号位打出['Single', 'Q', ['DQ']]， 最大动作为1号位打出的['Single', 'Q', ['DQ']]
[22:31:52] [yf2_v5] [INFO] 2号位打出['Single', '5', ['D5']]， 最大动作为2号位打出的['Single', '5', ['D5']]
[22:31:52] [YFAdapter-P2] [INFO] [YF-P2] Decision context: myPos=2, curPos=2, greaterPos=2, teammate=0, curAction=[, actionList_size=2
[22:31:52] [YFAdapter-P2] [INFO] [YF-P2] Decided: action_index=0, action=['PASS', 'PASS', 'PASS']
[22:31:52] [yf2_v5] [INFO] 3号位打出['PASS', 'PASS', 'PASS']， 最大动作为2号位打出的['Single', '5', ['D5']]
[22:31:52] [yf2_v5] [INFO] 0号位打出['PASS', 'PASS', 'PASS']， 最大动作为2号位打出的['Single', '5', ['D5']]
[22:31:52] [yf2_v5] [INFO] 1号位打出['Single', 'R', ['HR']]， 最大动作为1号位打出的['Single', 'R', ['HR']]
[22:31:52] [yf2_v5] [INFO] 2号位打出['PASS', 'PASS', 'PASS']， 最大动作为1号位打出的['Single', 'R', ['HR']]
[22:31:52] [YFAdapter-P2] [INFO] [YF-P2] Decision context: myPos=2, curPos=2, greaterPos=1, teammate=0, curAction=[, actionList_size=2
[22:31:52] [YFAdapter-P2] [INFO] [YF-P2] Decided: action_index=0, action=['PASS', 'PASS', 'PASS']
[22:31:52] [yf2_v5] [INFO] 3号位打出['Bomb', '3', ['S3', 'H3', 'C3', 'D3']]， 最大动作为3号位打出的['Bomb', '3', ['S3', 'H3', 'C3', 'D3']]
[22:31:52] [yf2_v5] [INFO] 0号位打出['PASS', 'PASS', 'PASS']， 最大动作为3号位打出的['Bomb', '3', ['S3', 'H3', 'C3', 'D3']]
[22:31:52] [yf2_v5] [INFO] 1号位打出['PASS', 'PASS', 'PASS']， 最大动作为3号位打出的['Bomb', '3', ['S3', 'H3', 'C3', 'D3']]
[22:31:52] [yf2_v5] [INFO] 2号位打出['PASS', 'PASS', 'PASS']， 最大动作为3号位打出的['Bomb', '3', ['S3', 'H3', 'C3', 'D3']]
[22:31:52] [YFAdapter-P2] [INFO] [YF-P2] Decision context: myPos=2, curPos=-1, greaterPos=-1, teammate=0, curAction=[, actionList_size=15
[22:31:52] [YFAdapter-P2] [INFO] [YF-P2] Decided: action_index=2, action=['Single', '8', [['S', '8']]]
[22:31:52] [yf2_v5] [INFO] 3号位打出['Single', '8', ['S8']]， 最大动作为3号位打出的['Single', '8', ['S8']]
[22:31:52] [yf2_v5] [INFO] 0号位打出['Single', 'A', ['SA']]， 最大动作为0号位打出的['Single', 'A', ['SA']]
[22:31:52] [yf2_v5] [INFO] 1号位打出['Single', 'R', ['HR']]， 最大动作为1号位打出的['Single', 'R', ['HR']]
[22:31:52] [yf2_v5] [INFO] 2号位打出['PASS', 'PASS', 'PASS']， 最大动作为1号位打出的['Single', 'R', ['HR']]
[22:31:52] [YFAdapter-P2] [INFO] [YF-P2] Decision context: myPos=2, curPos=2, greaterPos=1, teammate=0, curAction=[, actionList_size=1
[22:31:52] [YFAdapter-P2] [INFO] [YF-P2] Decided: action_index=0, action=['PASS', 'PASS', 'PASS']
[22:31:52] [yf2_v5] [INFO] 3号位打出['PASS', 'PASS', 'PASS']， 最大动作为1号位打出的['Single', 'R', ['HR']]
[22:31:52] [yf2_v5] [INFO] 0号位打出['PASS', 'PASS', 'PASS']， 最大动作为1号位打出的['Single', 'R', ['HR']]
[22:31:52] [yf2_v5] [INFO] 1号位打出['Single', '3', ['D3']]， 最大动作为1号位打出的['Single', '3', ['D3']]
[22:31:52] [yf2_v5] [INFO] 2号位打出['Single', 'B', ['SB']]， 最大动作为2号位打出的['Single', 'B', ['SB']]
[22:31:52] [YFAdapter-P2] [INFO] [YF-P2] Decision context: myPos=2, curPos=2, greaterPos=2, teammate=0, curAction=[, actionList_size=1
[22:31:52] [YFAdapter-P2] [INFO] [YF-P2] Decided: action_index=0, action=['PASS', 'PASS', 'PASS']
[22:31:52] [yf2_v5] [INFO] 3号位打出['PASS', 'PASS', 'PASS']， 最大动作为2号位打出的['Single', 'B', ['SB']]
[22:31:52] [yf2_v5] [INFO] 0号位打出['PASS', 'PASS', 'PASS']， 最大动作为2号位打出的['Single', 'B', ['SB']]
[22:31:52] [yf2_v5] [INFO] 1号位打出['PASS', 'PASS', 'PASS']， 最大动作为2号位打出的['Single', 'B', ['SB']]
[22:31:52] [yf2_v5] [INFO] 2号位打出['ThreeWithTwo', '6', ['C6', 'C6', 'D6', 'S3', 'C3']]， 最大动作为2号位打出的['ThreeWithTwo', '6', ['C6', 'C6', 'D6', 'S3', 'C3']]
[22:31:52] [YFAdapter-P2] [INFO] [YF-P2] Decision context: myPos=2, curPos=2, greaterPos=2, teammate=0, curAction=[, actionList_size=1
[22:31:52] [YFAdapter-P2] [INFO] [YF-P2] Decided: action_index=0, action=['PASS', 'PASS', 'PASS']
[22:31:52] [yf2_v5] [INFO] 3号位打出['PASS', 'PASS', 'PASS']， 最大动作为2号位打出的['ThreeWithTwo', '6', ['C6', 'C6', 'D6', 'S3', 'C3']]
[22:31:52] [yf2_v5] [INFO] 0号位打出['ThreeWithTwo', 'Q', ['SQ', 'HQ', 'CQ', 'S9', 'S9']]， 最大动作为0号位打出的['ThreeWithTwo', 'Q', ['SQ', 'HQ', 'CQ', 'S9', 'S9']]
[22:31:52] [yf2_v5] [INFO] 1号位打出['ThreeWithTwo', 'K', ['CK', 'CK', 'DK', 'SQ', 'HQ']]， 最大动作为1号位打出的['ThreeWithTwo', 'K', ['CK', 'CK', 'DK', 'SQ', 'HQ']]
[22:31:52] [yf2_v5] [INFO] 2号位打出['PASS', 'PASS', 'PASS']， 最大动作为1号位打出的['ThreeWithTwo', 'K', ['CK', 'CK', 'DK', 'SQ', 'HQ']]
[22:31:52] [YFAdapter-P2] [INFO] [YF-P2] Decision context: myPos=2, curPos=2, greaterPos=1, teammate=0, curAction=[, actionList_size=1
[22:31:52] [YFAdapter-P2] [INFO] [YF-P2] Decided: action_index=0, action=['PASS', 'PASS', 'PASS']
[22:31:52] [yf2_v5] [INFO] 3号位打出['PASS', 'PASS', 'PASS']， 最大动作为1号位打出的['ThreeWithTwo', 'K', ['CK', 'CK', 'DK', 'SQ', 'HQ']]
[22:31:52] [yf2_v5] [INFO] 0号位打出['PASS', 'PASS', 'PASS']， 最大动作为1号位打出的['ThreeWithTwo', 'K', ['CK', 'CK', 'DK', 'SQ', 'HQ']]
[22:31:52] [yf2_v5] [INFO] 1号位打出['Single', '4', ['H4']]， 最大动作为1号位打出的['Single', '4', ['H4']]
[22:31:52] [yf2_v5] [INFO] 2号位打出['Single', 'B', ['SB']]， 最大动作为2号位打出的['Single', 'B', ['SB']]
[22:31:52] [YFAdapter-P2] [INFO] [YF-P2] Decision context: myPos=2, curPos=2, greaterPos=2, teammate=0, curAction=[, actionList_size=1
[22:31:52] [YFAdapter-P2] [INFO] [YF-P2] Decided: action_index=0, action=['PASS', 'PASS', 'PASS']
[22:31:52] [yf2_v5] [INFO] 3号位打出['PASS', 'PASS', 'PASS']， 最大动作为2号位打出的['Single', 'B', ['SB']]
[22:31:52] [yf2_v5] [INFO] 0号位打出['PASS', 'PASS', 'PASS']， 最大动作为2号位打出的['Single', 'B', ['SB']]
[22:31:52] [yf2_v5] [INFO] 1号位打出['PASS', 'PASS', 'PASS']， 最大动作为2号位打出的['Single', 'B', ['SB']]
[22:31:52] [yf2_v5] [INFO] 2号位打出['ThreeWithTwo', 'T', ['CT', 'CT', 'DT', 'H8', 'D8']]， 最大动作为2号位打出的['ThreeWithTwo', 'T', ['CT', 'CT', 'DT', 'H8', 'D8']]
[22:31:52] [YFAdapter-P2] [INFO] [YF-P2] Decision context: myPos=2, curPos=2, greaterPos=2, teammate=0, curAction=[, actionList_size=1
[22:31:52] [YFAdapter-P2] [INFO] [YF-P2] Decided: action_index=0, action=['PASS', 'PASS', 'PASS']
[22:31:52] [yf2_v5] [INFO] 3号位打出['PASS', 'PASS', 'PASS']， 最大动作为2号位打出的['ThreeWithTwo', 'T', ['CT', 'CT', 'DT', 'H8', 'D8']]
[22:31:52] [yf2_v5] [INFO] 0号位打出['PASS', 'PASS', 'PASS']， 最大动作为2号位打出的['ThreeWithTwo', 'T', ['CT', 'CT', 'DT', 'H8', 'D8']]
[22:31:52] [yf2_v5] [INFO] 1号位打出['PASS', 'PASS', 'PASS']， 最大动作为2号位打出的['ThreeWithTwo', 'T', ['CT', 'CT', 'DT', 'H8', 'D8']]
[22:31:52] [yf2_v5] [INFO] 2号位打出['Pair', 'J', ['HJ', 'CJ']]， 最大动作为2号位打出的['Pair', 'J', ['HJ', 'CJ']]
[22:31:52] [YFAdapter-P2] [INFO] [YF-P2] Decision context: myPos=2, curPos=2, greaterPos=2, teammate=0, curAction=[, actionList_size=2
[22:31:52] [YFAdapter-P2] [INFO] [YF-P2] Decided: action_index=1, action=['Pair', 'K', [['S', 'K'], ['H', 'K']]]
[22:31:52] [yf2_v5] [INFO] 3号位打出['PASS', 'PASS', 'PASS']， 最大动作为2号位打出的['Pair', 'J', ['HJ', 'CJ']]
[22:31:52] [yf2_v5] [INFO] 0号位打出['PASS', 'PASS', 'PASS']， 最大动作为2号位打出的['Pair', 'J', ['HJ', 'CJ']]
[22:31:52] [yf2_v5] [INFO] 1号位打出['PASS', 'PASS', 'PASS']， 最大动作为2号位打出的['Pair', 'J', ['HJ', 'CJ']]
[22:31:52] [yf2_v5] [INFO] 2号位打出['Pair', 'Q', ['CQ', 'DQ']]， 最大动作为2号位打出的['Pair', 'Q', ['CQ', 'DQ']]
[22:31:52] [YFAdapter-P2] [INFO] [YF-P2] Decision context: myPos=2, curPos=2, greaterPos=2, teammate=0, curAction=[, actionList_size=2
[22:31:52] [YFAdapter-P2] [INFO] [YF-P2] Decided: action_index=1, action=['Pair', 'K', [['S', 'K'], ['H', 'K']]]
[22:31:52] [yf2_v5] [INFO] 3号位打出['PASS', 'PASS', 'PASS']， 最大动作为2号位打出的['Pair', 'Q', ['CQ', 'DQ']]
[22:31:52] [yf2_v5] [INFO] 0号位打出['Pair', 'K', ['HK', 'DK']]， 最大动作为0号位打出的['Pair', 'K', ['HK', 'DK']]
[22:31:52] [yf2_v5] [INFO] 1号位打出['PASS', 'PASS', 'PASS']， 最大动作为0号位打出的['Pair', 'K', ['HK', 'DK']]
[22:31:52] [yf2_v5] [INFO] 2号位打出['Pair', 'A', ['SA', 'HA']]， 最大动作为2号位打出的['Pair', 'A', ['SA', 'HA']]
[22:31:52] [YFAdapter-P2] [INFO] [YF-P2] Decision context: myPos=2, curPos=2, greaterPos=2, teammate=0, curAction=[, actionList_size=1
[22:31:52] [YFAdapter-P2] [INFO] [YF-P2] Decided: action_index=0, action=['PASS', 'PASS', 'PASS']
[22:31:52] [yf2_v5] [INFO] 3号位打出['PASS', 'PASS', 'PASS']， 最大动作为2号位打出的['Pair', 'A', ['SA', 'HA']]
[22:31:52] [yf2_v5] [INFO] 0号位打出['PASS', 'PASS', 'PASS']， 最大动作为2号位打出的['Pair', 'A', ['SA', 'HA']]
[22:31:52] [yf2_v5] [INFO] 0号位打出['Single', '3', ['H3']]， 最大动作为0号位打出的['Single', '3', ['H3']]
[22:31:52] [yf2_v5] [INFO] 1号位打出['Single', 'T', ['ST']]， 最大动作为1号位打出的['Single', 'T', ['ST']]
[22:31:52] [YFAdapter-P2] [INFO] [YF-P2] Decision context: myPos=2, curPos=1, greaterPos=1, teammate=0, curAction=[, actionList_size=5
[22:31:52] [YFAdapter-P2] [INFO] [YF-P2] Decided: action_index=0, action=['PASS', 'PASS', 'PASS']
[22:31:52] [yf2_v5] [INFO] 3号位打出['Single', 'J', ['DJ']]， 最大动作为3号位打出的['Single', 'J', ['DJ']]
[22:31:52] [yf2_v5] [INFO] 0号位打出['Single', '5', ['C5']]， 最大动作为0号位打出的['Single', '5', ['C5']]
[22:31:52] [yf2_v5] [INFO] 1号位打出['PASS', 'PASS', 'PASS']， 最大动作为0号位打出的['Single', '5', ['C5']]
[22:31:52] [YFAdapter-P2] [INFO] [YF-P2] Decision context: myPos=2, curPos=1, greaterPos=0, teammate=0, curAction=[, actionList_size=1
[22:31:52] [YFAdapter-P2] [INFO] [YF-P2] Decided: action_index=0, action=['PASS', 'PASS', 'PASS']
[22:31:52] [yf2_v5] [INFO] 3号位打出['PASS', 'PASS', 'PASS']， 最大动作为0号位打出的['Single', '5', ['C5']]
[22:31:52] [yf2_v5] [INFO] 0号位打出['Single', '6', ['S6']]， 最大动作为0号位打出的['Single', '6', ['S6']]
[22:31:52] [yf2_v5] [INFO] 1号位打出['Single', 'T', ['HT']]， 最大动作为1号位打出的['Single', 'T', ['HT']]
[22:31:52] [YFAdapter-P2] [INFO] [YF-P2] Decision context: myPos=2, curPos=1, greaterPos=1, teammate=0, curAction=[, actionList_size=5
[22:31:52] [YFAdapter-P2] [INFO] [YF-P2] Decided: action_index=0, action=['PASS', 'PASS', 'PASS']
[22:31:52] [yf2_v5] [INFO] 3号位打出['Single', 'J', ['DJ']]， 最大动作为3号位打出的['Single', 'J', ['DJ']]
[22:31:52] [yf2_v5] [INFO] 0号位打出['Single', '5', ['C5']]， 最大动作为0号位打出的['Single', '5', ['C5']]
[22:31:52] [yf2_v5] [INFO] 1号位打出['PASS', 'PASS', 'PASS']， 最大动作为0号位打出的['Single', '5', ['C5']]
[22:31:52] [YFAdapter-P2] [INFO] [YF-P2] Decision context: myPos=2, curPos=1, greaterPos=0, teammate=0, curAction=[, actionList_size=1
[22:31:52] [YFAdapter-P2] [INFO] [YF-P2] Decided: action_index=0, action=['PASS', 'PASS', 'PASS']
[22:31:52] [yf2_v5] [INFO] 3号位打出['PASS', 'PASS', 'PASS']， 最大动作为0号位打出的['Single', '5', ['C5']]
[22:31:52] [yf2_v5] [INFO] 0号位打出['Single', '7', ['D7']]， 最大动作为0号位打出的['Single', '7', ['D7']]
[22:31:52] [yf2_v5] [INFO] 1号位打出['Single', '5', ['D5']]， 最大动作为1号位打出的['Single', '5', ['D5']]
[22:31:52] [YFAdapter-P2] [INFO] [YF-P2] Decision context: myPos=2, curPos=1, greaterPos=1, teammate=0, curAction=[, actionList_size=1
[22:31:52] [YFAdapter-P2] [INFO] [YF-P2] Decided: action_index=0, action=['PASS', 'PASS', 'PASS']
[22:31:52] [yf2_v5] [INFO] 3号位打出['PASS', 'PASS', 'PASS']， 最大动作为1号位打出的['Single', '5', ['D5']]
[22:31:52] [yf2_v5] [INFO] 0号位打出['PASS', 'PASS', 'PASS']， 最大动作为1号位打出的['Single', '5', ['D5']]
[22:31:52] [yf2_v5] [INFO] 1号位打出['Single', '7', ['C7']]， 最大动作为1号位打出的['Single', '7', ['C7']]
[22:31:52] [YFAdapter-P2] [INFO] [YF-P2] Decision context: myPos=2, curPos=1, greaterPos=1, teammate=0, curAction=[, actionList_size=5
[22:31:52] [YFAdapter-P2] [INFO] [YF-P2] Decided: action_index=0, action=['PASS', 'PASS', 'PASS']
[22:31:52] [yf2_v5] [INFO] 3号位打出['Single', 'K', ['SK']]， 最大动作为3号位打出的['Single', 'K', ['SK']]
[22:31:52] [yf2_v5] [INFO] 0号位打出['PASS', 'PASS', 'PASS']， 最大动作为3号位打出的['Single', 'K', ['SK']]
[22:31:52] [yf2_v5] [INFO] 1号位打出['Single', 'A', ['CA']]， 最大动作为1号位打出的['Single', 'A', ['CA']]
[22:31:52] [YFAdapter-P2] [INFO] [YF-P2] Decision context: myPos=2, curPos=1, greaterPos=1, teammate=0, curAction=[, actionList_size=2
[22:31:52] [YFAdapter-P2] [INFO] [YF-P2] Decided: action_index=0, action=['PASS', 'PASS', 'PASS']
[22:31:52] [yf2_v5] [INFO] 3号位打出['Single', '5', ['S5']]， 最大动作为3号位打出的['Single', '5', ['S5']]
[22:31:52] [yf2_v5] [INFO] 0号位打出['PASS', 'PASS', 'PASS']， 最大动作为3号位打出的['Single', '5', ['S5']]
[22:31:52] [yf2_v5] [INFO] 1号位打出['PASS', 'PASS', 'PASS']， 最大动作为3号位打出的['Single', '5', ['S5']]
[22:31:52] [YFAdapter-P2] [INFO] [YF-P2] Decision context: myPos=2, curPos=-1, greaterPos=-1, teammate=0, curAction=[, actionList_size=7
[22:31:52] [YFAdapter-P2] [INFO] [YF-P2] Decided: action_index=6, action=['Trips', '6', [['S', '6'], ['H', '6'], ['H', '6']]]
[22:31:52] [yf2_v5] [INFO] 3号位打出['Pair', '6', ['S6', 'H6']]， 最大动作为3号位打出的['Pair', '6', ['S6', 'H6']]
[22:31:52] [yf2_v5] [INFO] 0号位打出['PASS', 'PASS', 'PASS']， 最大动作为3号位打出的['Pair', '6', ['S6', 'H6']]
[22:31:52] [yf2_v5] [INFO] 1号位打出['PASS', 'PASS', 'PASS']， 最大动作为3号位打出的['Pair', '6', ['S6', 'H6']]
[22:31:52] [YFAdapter-P2] [INFO] [YF-P2] Decision context: myPos=2, curPos=-1, greaterPos=-1, teammate=0, curAction=[, actionList_size=3
[22:31:52] [YFAdapter-P2] [INFO] [YF-P2] Decided: action_index=0, action=['Single', '6', [['H', '6']]]
[22:31:52] [YFAdapter-P2] [WARNING] [YF-P2] 检测到过于保守: 对手快走完(剩3张), 触发Layer 2/3进行更积极的决策
[22:31:52] [yf2_v5] [INFO] 3号位打出['Single', '6', ['H6']]， 最大动作为3号位打出的['Single', '6', ['H6']]
[22:31:52] [yf2_v5] [INFO] 0号位打出['Single', '8', ['D8']]， 最大动作为0号位打出的['Single', '8', ['D8']]
[22:31:52] [yf2_v5] [INFO] 1号位打出['Single', 'T', ['ST']]， 最大动作为1号位打出的['Single', 'T', ['ST']]
[22:31:52] [YFAdapter-P2] [INFO] [YF-P2] Decision context: myPos=2, curPos=1, greaterPos=1, teammate=0, curAction=[, actionList_size=2
[22:31:52] [YFAdapter-P2] [INFO] [YF-P2] Decided: action_index=0, action=['PASS', 'PASS', 'PASS']
[22:31:52] [YFAdapter-P2] [WARNING] [YF-P2] 检测到过于保守: 对手快走完(剩2张), 触发Layer 2/3进行更积极的决策
[22:31:52] [yf2_v5] [INFO] 3号位打出['Single', 'K', ['HK']]， 最大动作为3号位打出的['Single', 'K', ['HK']]
[22:31:52] [yf2_v5] [INFO] 0号位打出['PASS', 'PASS', 'PASS']， 最大动作为3号位打出的['Single', 'K', ['HK']]
[22:31:52] [yf2_v5] [INFO] 1号位打出['PASS', 'PASS', 'PASS']， 最大动作为3号位打出的['Single', 'K', ['HK']]
[22:31:52] [YFAdapter-P2] [INFO] [YF-P2] Decision context: myPos=2, curPos=-1, greaterPos=-1, teammate=0, curAction=[, actionList_size=1
[22:31:52] [YFAdapter-P2] [INFO] [YF-P2] Decided: action_index=0, action=['Single', 'T', [['D', 'T']]]
[22:31:52] [yf2_v5] [INFO] 3号位打出['Single', 'T', ['DT']]， 最大动作为3号位打出的['Single', 'T', ['DT']]
[22:31:52] [yf2_v5] [INFO] 0号位打出['PASS', 'PASS', 'PASS']， 最大动作为3号位打出的['Single', 'T', ['DT']]
[22:31:52] [yf2_v5] [INFO] 1号位打出['PASS', 'PASS', 'PASS']， 最大动作为3号位打出的['Single', 'T', ['DT']]
[22:31:52] [yf2_v5] [INFO] 1号位打出['Single', '6', ['D6']]， 最大动作为1号位打出的['Single', '6', ['D6']]
[22:31:52] [yf2_v5] [INFO] 0号位打出['PASS', 'PASS', 'PASS']， 最大动作为1号位打出的['Single', '6', ['D6']]
[22:31:52] [yf2_v5] [INFO] 1号位打出['Single', '7', ['H7']]， 最大动作为1号位打出的['Single', '7', ['H7']]
[22:31:52] [yf2_v5] [INFO] 0号位打出['PASS', 'PASS', 'PASS']， 最大动作为1号位打出的['Single', '7', ['H7']]
[22:31:52] [yf2_v5] [INFO] 1号位打出['Single', '8', ['C8']]， 最大动作为1号位打出的['Single', '8', ['C8']]
[22:31:52] [yf2_v5] [INFO] 0号位打出['PASS', 'PASS', 'PASS']， 最大动作为1号位打出的['Single', '8', ['C8']]
[22:31:52] [yf2_v5] [INFO] 1号位打出['Pair', '2', ['S2', 'D2']]， 最大动作为1号位打出的['Pair', '2', ['S2', 'D2']]
[22:31:52] [yf2_v5] [INFO] 0号位打出['Pair', '4', ['S4', 'C4']]， 最大动作为0号位打出的['Pair', '4', ['S4', 'C4']]
[22:31:52] [yf2_v5] [INFO] 1号位打出['PASS', 'PASS', 'PASS']， 最大动作为0号位打出的['Pair', '4', ['S4', 'C4']]
[22:31:52] [yf2_v5] [INFO] 0号位打出['Single', '4', ['H4']]， 最大动作为0号位打出的['Single', '4', ['H4']]
[22:31:52] [yf2_v5] [INFO] 游戏开始, 我是3号位，手牌：['C2', 'D2', 'S3', 'H3', 'D3', 'H4', 'H5', 'S6', 'H6', 'C6', 'S8', 'S9', 'S9', 'H9', 'D9', 'DT', 'SQ', 'CQ', 'DQ', 'SK', 'HK', 'CK', 'SA', 'HA', 'C7', 'D7', 'SB']
[22:31:52] [yf2_v5] [INFO] 1号位打出['Single', '2', ['D2']]， 最大动作为1号位打出的['Single', '2', ['D2']]
[22:31:52] [yf2_v5] [INFO] 2号位打出['Single', 'K', ['DK']]， 最大动作为2号位打出的['Single', 'K', ['DK']]
[22:31:52] [YFAdapter-P2] [INFO] [YF-P2] Decision context: myPos=2, curPos=2, greaterPos=2, teammate=0, curAction=[, actionList_size=7
[22:31:52] [YFAdapter-P2] [INFO] [YF-P2] Decided: action_index=5, action=['Single', 'B', [['S', 'B']]]
[22:31:52] [yf2_v5] [INFO] 3号位打出['Single', 'B', ['SB']]， 最大动作为3号位打出的['Single', 'B', ['SB']]
[22:31:52] [yf2_v5] [INFO] 0号位打出['PASS', 'PASS', 'PASS']， 最大动作为3号位打出的['Single', 'B', ['SB']]
[22:31:52] [yf2_v5] [INFO] 1号位打出['Bomb', 'A', ['SA', 'CA', 'CA', 'H7']]， 最大动作为1号位打出的['Bomb', 'A', ['SA', 'CA', 'CA', 'H7']]
[22:31:52] [yf2_v5] [INFO] 2号位打出['PASS', 'PASS', 'PASS']， 最大动作为1号位打出的['Bomb', 'A', ['SA', 'CA', 'CA', 'H7']]
[22:31:52] [YFAdapter-P2] [INFO] [YF-P2] Decision context: myPos=2, curPos=2, greaterPos=1, teammate=0, curAction=[, actionList_size=1
[22:31:52] [YFAdapter-P2] [INFO] [YF-P2] Decided: action_index=0, action=['PASS', 'PASS', 'PASS']
[22:31:52] [yf2_v5] [INFO] 3号位打出['PASS', 'PASS', 'PASS']， 最大动作为1号位打出的['Bomb', 'A', ['SA', 'CA', 'CA', 'H7']]
[22:31:52] [yf2_v5] [INFO] 0号位打出['PASS', 'PASS', 'PASS']， 最大动作为1号位打出的['Bomb', 'A', ['SA', 'CA', 'CA', 'H7']]
[22:31:52] [yf2_v5] [INFO] 1号位打出['Single', '3', ['C3']]， 最大动作为1号位打出的['Single', '3', ['C3']]
[22:31:52] [yf2_v5] [INFO] 2号位打出['Single', '7', ['C7']]， 最大动作为2号位打出的['Single', '7', ['C7']]
[22:31:52] [YFAdapter-P2] [INFO] [YF-P2] Decision context: myPos=2, curPos=2, greaterPos=2, teammate=0, curAction=[, actionList_size=2
[22:31:52] [YFAdapter-P2] [INFO] [YF-P2] Decided: action_index=0, action=['PASS', 'PASS', 'PASS']
[22:31:52] [yf2_v5] [INFO] 3号位打出['PASS', 'PASS', 'PASS']， 最大动作为2号位打出的['Single', '7', ['C7']]
[22:31:52] [yf2_v5] [INFO] 0号位打出['PASS', 'PASS', 'PASS']， 最大动作为2号位打出的['Single', '7', ['C7']]
[22:31:52] [yf2_v5] [INFO] 1号位打出['PASS', 'PASS', 'PASS']， 最大动作为2号位打出的['Single', '7', ['C7']]
[22:31:52] [yf2_v5] [INFO] 2号位打出['Straight', '2', ['S2', 'H3', 'S4', 'C5', 'D6']]， 最大动作为2号位打出的['Straight', '2', ['S2', 'H3', 'S4', 'C5', 'D6']]
[22:31:52] [YFAdapter-P2] [INFO] [YF-P2] Decision context: myPos=2, curPos=2, greaterPos=2, teammate=0, curAction=[, actionList_size=62
[22:31:52] [YFAdapter-P2] [INFO] [YF-P2] Decided: action_index=34, action=['Straight', '5', [['H', '5'], ['H', '6'], ['D', '7'], ['S', '8'], ['S', '9']]]
[22:31:53] [yf2_v5] [INFO] 3号位打出['Straight', '5', ['H5', 'H6', 'D7', 'S8', 'S9']]， 最大动作为3号位打出的['Straight', '5', ['H5', 'H6', 'D7', 'S8', 'S9']]
[22:31:53] [yf2_v5] [INFO] 0号位打出['Bomb', '8', ['H8', 'C8', 'D8', 'H7']]， 最大动作为0号位打出的['Bomb', '8', ['H8', 'C8', 'D8', 'H7']]
[22:31:53] [yf2_v5] [INFO] 1号位打出['PASS', 'PASS', 'PASS']， 最大动作为0号位打出的['Bomb', '8', ['H8', 'C8', 'D8', 'H7']]
[22:31:53] [yf2_v5] [INFO] 2号位打出['PASS', 'PASS', 'PASS']， 最大动作为0号位打出的['Bomb', '8', ['H8', 'C8', 'D8', 'H7']]
[22:31:53] [YFAdapter-P2] [INFO] [YF-P2] Decision context: myPos=2, curPos=2, greaterPos=0, teammate=0, curAction=[, actionList_size=1
[22:31:53] [YFAdapter-P2] [INFO] [YF-P2] Decided: action_index=0, action=['PASS', 'PASS', 'PASS']
[22:31:53] [yf2_v5] [INFO] 3号位打出['PASS', 'PASS', 'PASS']， 最大动作为0号位打出的['Bomb', '8', ['H8', 'C8', 'D8', 'H7']]
[22:31:53] [yf2_v5] [INFO] 0号位打出['Single', '8', ['D8']]， 最大动作为0号位打出的['Single', '8', ['D8']]
[22:31:53] [yf2_v5] [INFO] 1号位打出['Single', 'T', ['ST']]， 最大动作为1号位打出的['Single', 'T', ['ST']]
[22:31:53] [yf2_v5] [INFO] 2号位打出['Single', '7', ['D7']]， 最大动作为2号位打出的['Single', '7', ['D7']]
[22:31:53] [YFAdapter-P2] [INFO] [YF-P2] Decision context: myPos=2, curPos=2, greaterPos=2, teammate=0, curAction=[, actionList_size=1
[22:31:53] [YFAdapter-P2] [INFO] [YF-P2] Decided: action_index=0, action=['PASS', 'PASS', 'PASS']
[22:31:53] [yf2_v5] [INFO] 3号位打出['PASS', 'PASS', 'PASS']， 最大动作为2号位打出的['Single', '7', ['D7']]
[22:31:53] [yf2_v5] [INFO] 0号位打出['PASS', 'PASS', 'PASS']， 最大动作为2号位打出的['Single', '7', ['D7']]
[22:31:53] [yf2_v5] [INFO] 1号位打出['PASS', 'PASS', 'PASS']， 最大动作为2号位打出的['Single', '7', ['D7']]
[22:31:53] [yf2_v5] [INFO] 2号位打出['ThreeWithTwo', '8', ['S8', 'H8', 'C8', 'H2', 'H2']]， 最大动作为2号位打出的['ThreeWithTwo', '8', ['S8', 'H8', 'C8', 'H2', 'H2']]
[22:31:53] [YFAdapter-P2] [INFO] [YF-P2] Decision context: myPos=2, curPos=2, greaterPos=2, teammate=0, curAction=[, actionList_size=37
[22:31:53] [YFAdapter-P2] [INFO] [YF-P2] Decided: action_index=31, action=['ThreeWithTwo', 'K', [['S', 'K'], ['H', 'K'], ['C', 'K'], ['S', '9'], ['H', '9']]]
[22:31:53] [yf2_v5] [INFO] 3号位打出['ThreeWithTwo', 'K', ['SK', 'HK', 'CK', 'S9', 'H9']]， 最大动作为3号位打出的['ThreeWithTwo', 'K', ['SK', 'HK', 'CK', 'S9', 'H9']]
[22:31:53] [yf2_v5] [INFO] 0号位打出['PASS', 'PASS', 'PASS']， 最大动作为3号位打出的['ThreeWithTwo', 'K', ['SK', 'HK', 'CK', 'S9', 'H9']]
[22:31:53] [yf2_v5] [INFO] 1号位打出['Bomb', '4', ['S4', 'C4', 'C4', 'D4']]， 最大动作为1号位打出的['Bomb', '4', ['S4', 'C4', 'C4', 'D4']]
[22:31:53] [yf2_v5] [INFO] 2号位打出['PASS', 'PASS', 'PASS']， 最大动作为1号位打出的['Bomb', '4', ['S4', 'C4', 'C4', 'D4']]
[22:31:53] [YFAdapter-P2] [INFO] [YF-P2] Decision context: myPos=2, curPos=2, greaterPos=1, teammate=0, curAction=[, actionList_size=1
[22:31:53] [YFAdapter-P2] [INFO] [YF-P2] Decided: action_index=0, action=['PASS', 'PASS', 'PASS']
[22:31:53] [yf2_v5] [INFO] 3号位打出['PASS', 'PASS', 'PASS']， 最大动作为1号位打出的['Bomb', '4', ['S4', 'C4', 'C4', 'D4']]
[22:31:53] [yf2_v5] [INFO] 0号位打出['PASS', 'PASS', 'PASS']， 最大动作为1号位打出的['Bomb', '4', ['S4', 'C4', 'C4', 'D4']]
[22:31:53] [yf2_v5] [INFO] 1号位打出['Pair', '6', ['H6', 'D6']]， 最大动作为1号位打出的['Pair', '6', ['H6', 'D6']]
[22:31:53] [yf2_v5] [INFO] 2号位打出['Pair', '9', ['C9', 'D9']]， 最大动作为2号位打出的['Pair', '9', ['C9', 'D9']]
[22:31:53] [YFAdapter-P2] [INFO] [YF-P2] Decision context: myPos=2, curPos=2, greaterPos=2, teammate=0, curAction=[, actionList_size=5
[22:31:53] [YFAdapter-P2] [INFO] [YF-P2] Decided: action_index=4, action=['Pair', 'A', [['S', 'A'], ['H', 'A']]]
[22:31:53] [yf2_v5] [INFO] 3号位打出['Pair', 'A', ['SA', 'HA']]， 最大动作为3号位打出的['Pair', 'A', ['SA', 'HA']]
[22:31:53] [yf2_v5] [INFO] 0号位打出['PASS', 'PASS', 'PASS']， 最大动作为3号位打出的['Pair', 'A', ['SA', 'HA']]
[22:31:53] [yf2_v5] [INFO] 1号位打出['Bomb', '5', ['S5', 'C5', 'D5', 'D5']]， 最大动作为1号位打出的['Bomb', '5', ['S5', 'C5', 'D5', 'D5']]
[22:31:53] [yf2_v5] [INFO] 2号位打出['PASS', 'PASS', 'PASS']， 最大动作为1号位打出的['Bomb', '5', ['S5', 'C5', 'D5', 'D5']]
[22:31:53] [YFAdapter-P2] [INFO] [YF-P2] Decision context: myPos=2, curPos=2, greaterPos=1, teammate=0, curAction=[, actionList_size=1
[22:31:53] [YFAdapter-P2] [INFO] [YF-P2] Decided: action_index=0, action=['PASS', 'PASS', 'PASS']
[22:31:53] [yf2_v5] [INFO] 3号位打出['PASS', 'PASS', 'PASS']， 最大动作为1号位打出的['Bomb', '5', ['S5', 'C5', 'D5', 'D5']]
[22:31:53] [yf2_v5] [INFO] 0号位打出['PASS', 'PASS', 'PASS']， 最大动作为1号位打出的['Bomb', '5', ['S5', 'C5', 'D5', 'D5']]
[22:31:53] [yf2_v5] [INFO] 1号位打出['Single', 'T', ['HT']]， 最大动作为1号位打出的['Single', 'T', ['HT']]
[22:31:53] [yf2_v5] [INFO] 2号位打出['Single', 'B', ['SB']]， 最大动作为2号位打出的['Single', 'B', ['SB']]
[22:31:53] [YFAdapter-P2] [INFO] [YF-P2] Decision context: myPos=2, curPos=2, greaterPos=2, teammate=0, curAction=[, actionList_size=1
[22:31:53] [YFAdapter-P2] [INFO] [YF-P2] Decided: action_index=0, action=['PASS', 'PASS', 'PASS']
[22:31:53] [yf2_v5] [INFO] 3号位打出['PASS', 'PASS', 'PASS']， 最大动作为2号位打出的['Single', 'B', ['SB']]
[22:31:53] [yf2_v5] [INFO] 0号位打出['PASS', 'PASS', 'PASS']， 最大动作为2号位打出的['Single', 'B', ['SB']]
[22:31:53] [yf2_v5] [INFO] 1号位打出['PASS', 'PASS', 'PASS']， 最大动作为2号位打出的['Single', 'B', ['SB']]
[22:31:53] [yf2_v5] [INFO] 2号位打出['Trips', 'T', ['ST', 'HT', 'CT']]， 最大动作为2号位打出的['Trips', 'T', ['ST', 'HT', 'CT']]
[22:31:53] [YFAdapter-P2] [INFO] [YF-P2] Decision context: myPos=2, curPos=2, greaterPos=2, teammate=0, curAction=[, actionList_size=2
[22:31:53] [YFAdapter-P2] [INFO] [YF-P2] Decided: action_index=1, action=['Trips', 'Q', [['S', 'Q'], ['C', 'Q'], ['D', 'Q']]]
[22:31:53] [yf2_v5] [INFO] 3号位打出['Trips', 'Q', ['SQ', 'CQ', 'DQ']]， 最大动作为3号位打出的['Trips', 'Q', ['SQ', 'CQ', 'DQ']]
[22:31:53] [yf2_v5] [INFO] 0号位打出['PASS', 'PASS', 'PASS']， 最大动作为3号位打出的['Trips', 'Q', ['SQ', 'CQ', 'DQ']]
[22:31:53] [yf2_v5] [INFO] 1号位打出['PASS', 'PASS', 'PASS']， 最大动作为3号位打出的['Trips', 'Q', ['SQ', 'CQ', 'DQ']]
[22:31:53] [yf2_v5] [INFO] 2号位打出['PASS', 'PASS', 'PASS']， 最大动作为3号位打出的['Trips', 'Q', ['SQ', 'CQ', 'DQ']]
[22:31:53] [YFAdapter-P2] [INFO] [YF-P2] Decision context: myPos=2, curPos=-1, greaterPos=-1, teammate=0, curAction=[, actionList_size=19
[22:31:53] [YFAdapter-P2] [INFO] [YF-P2] Decided: action_index=5, action=['Single', '4', [['H', '4']]]
[22:31:53] [yf2_v5] [INFO] 3号位打出['Single', '4', ['H4']]， 最大动作为3号位打出的['Single', '4', ['H4']]
[22:31:53] [yf2_v5] [INFO] 0号位打出['Single', 'A', ['HA']]， 最大动作为0号位打出的['Single', 'A', ['HA']]
[22:31:53] [yf2_v5] [INFO] 1号位打出['Single', '7', ['S7']]， 最大动作为1号位打出的['Single', '7', ['S7']]
[22:31:53] [yf2_v5] [INFO] 2号位打出['Single', 'R', ['HR']]， 最大动作为2号位打出的['Single', 'R', ['HR']]
[22:31:53] [YFAdapter-P2] [INFO] [YF-P2] Decision context: myPos=2, curPos=2, greaterPos=2, teammate=0, curAction=[, actionList_size=1
[22:31:53] [YFAdapter-P2] [INFO] [YF-P2] Decided: action_index=0, action=['PASS', 'PASS', 'PASS']
[22:31:53] [yf2_v5] [INFO] 3号位打出['PASS', 'PASS', 'PASS']， 最大动作为2号位打出的['Single', 'R', ['HR']]
[22:31:53] [yf2_v5] [INFO] 0号位打出['PASS', 'PASS', 'PASS']， 最大动作为2号位打出的['Single', 'R', ['HR']]
[22:31:53] [yf2_v5] [INFO] 1号位打出['PASS', 'PASS', 'PASS']， 最大动作为2号位打出的['Single', 'R', ['HR']]
[22:31:53] [yf2_v5] [INFO] 2号位打出['Trips', 'J', ['HJ', 'CJ', 'DJ']]， 最大动作为2号位打出的['Trips', 'J', ['HJ', 'CJ', 'DJ']]
[22:31:53] [YFAdapter-P2] [INFO] [YF-P2] Decision context: myPos=2, curPos=2, greaterPos=2, teammate=0, curAction=[, actionList_size=1
[22:31:53] [YFAdapter-P2] [INFO] [YF-P2] Decided: action_index=0, action=['PASS', 'PASS', 'PASS']
[22:31:53] [yf2_v5] [INFO] 3号位打出['PASS', 'PASS', 'PASS']， 最大动作为2号位打出的['Trips', 'J', ['HJ', 'CJ', 'DJ']]
[22:31:53] [yf2_v5] [INFO] 0号位打出['PASS', 'PASS', 'PASS']， 最大动作为2号位打出的['Trips', 'J', ['HJ', 'CJ', 'DJ']]
[22:31:53] [yf2_v5] [INFO] 1号位打出['PASS', 'PASS', 'PASS']， 最大动作为2号位打出的['Trips', 'J', ['HJ', 'CJ', 'DJ']]
[22:31:53] [yf2_v5] [INFO] 2号位打出['Trips', 'Q', ['HQ', 'CQ', 'DQ']]， 最大动作为2号位打出的['Trips', 'Q', ['HQ', 'CQ', 'DQ']]
[22:31:53] [YFAdapter-P2] [INFO] [YF-P2] Decision context: myPos=2, curPos=2, greaterPos=2, teammate=0, curAction=[, actionList_size=1
[22:31:53] [YFAdapter-P2] [INFO] [YF-P2] Decided: action_index=0, action=['PASS', 'PASS', 'PASS']
[22:31:53] [yf2_v5] [INFO] 3号位打出['PASS', 'PASS', 'PASS']， 最大动作为2号位打出的['Trips', 'Q', ['HQ', 'CQ', 'DQ']]
[22:31:53] [yf2_v5] [INFO] 0号位打出['PASS', 'PASS', 'PASS']， 最大动作为2号位打出的['Trips', 'Q', ['HQ', 'CQ', 'DQ']]
[22:31:53] [yf2_v5] [INFO] 1号位打出['PASS', 'PASS', 'PASS']， 最大动作为2号位打出的['Trips', 'Q', ['HQ', 'CQ', 'DQ']]
[22:31:53] [yf2_v5] [INFO] 2号位打出['Single', 'R', ['HR']]， 最大动作为2号位打出的['Single', 'R', ['HR']]
[22:31:53] [YFAdapter-P2] [INFO] [YF-P2] Decision context: myPos=2, curPos=2, greaterPos=2, teammate=0, curAction=[, actionList_size=1
[22:31:53] [YFAdapter-P2] [INFO] [YF-P2] Decided: action_index=0, action=['PASS', 'PASS', 'PASS']
[22:31:53] [yf2_v5] [INFO] 3号位打出['PASS', 'PASS', 'PASS']， 最大动作为2号位打出的['Single', 'R', ['HR']]
[22:31:53] [yf2_v5] [INFO] 0号位打出['PASS', 'PASS', 'PASS']， 最大动作为2号位打出的['Single', 'R', ['HR']]
[22:31:53] [yf2_v5] [INFO] 0号位打出['ThreePair', '4', ['H4', 'D4', 'S5', 'H5', 'S6', 'C6']]， 最大动作为0号位打出的['ThreePair', '4', ['H4', 'D4', 'S5', 'H5', 'S6', 'C6']]
[22:31:53] [yf2_v5] [INFO] 1号位打出['ThreePair', 'J', ['CJ', 'DJ', 'SQ', 'HQ', 'HK', 'DK']]， 最大动作为1号位打出的['ThreePair', 'J', ['CJ', 'DJ', 'SQ', 'HQ', 'HK', 'DK']]
[22:31:53] [YFAdapter-P2] [INFO] [YF-P2] Decision context: myPos=2, curPos=1, greaterPos=1, teammate=0, curAction=[, actionList_size=1
[22:31:53] [YFAdapter-P2] [INFO] [YF-P2] Decided: action_index=0, action=['PASS', 'PASS', 'PASS']
[22:31:53] [yf2_v5] [INFO] 3号位打出['PASS', 'PASS', 'PASS']， 最大动作为1号位打出的['ThreePair', 'J', ['CJ', 'DJ', 'SQ', 'HQ', 'HK', 'DK']]
[22:31:53] [yf2_v5] [INFO] 0号位打出['PASS', 'PASS', 'PASS']， 最大动作为1号位打出的['ThreePair', 'J', ['CJ', 'DJ', 'SQ', 'HQ', 'HK', 'DK']]
[22:31:53] [yf2_v5] [INFO] 1号位打出['Pair', 'A', ['DA', 'DA']]， 最大动作为1号位打出的['Pair', 'A', ['DA', 'DA']]
[22:31:53] [YFAdapter-P2] [INFO] [YF-P2] Decision context: myPos=2, curPos=1, greaterPos=1, teammate=0, curAction=[, actionList_size=1
[22:31:53] [YFAdapter-P2] [INFO] [YF-P2] Decided: action_index=0, action=['PASS', 'PASS', 'PASS']
[22:31:53] [yf2_v5] [INFO] 3号位打出['PASS', 'PASS', 'PASS']， 最大动作为1号位打出的['Pair', 'A', ['DA', 'DA']]
[22:31:53] [YFAdapter-P2] [INFO] [YF-P2] Decision context: myPos=2, curPos=-1, greaterPos=-1, teammate=0, curAction=[, actionList_size=18
[22:31:53] [YFAdapter-P2] [INFO] [YF-P2] Decided: action_index=14, action=['Pair', '6', [['S', '6'], ['C', '6']]]
[22:31:53] [yf2_v5] [INFO] 3号位打出['Pair', '6', ['S6', 'C6']]， 最大动作为3号位打出的['Pair', '6', ['S6', 'C6']]
[22:31:53] [yf2_v5] [INFO] 0号位打出['Pair', '9', ['H9', 'C9']]， 最大动作为0号位打出的['Pair', '9', ['H9', 'C9']]
[22:31:53] [YFAdapter-P2] [INFO] [YF-P2] Decision context: myPos=2, curPos=0, greaterPos=0, teammate=0, curAction=[, actionList_size=1
[22:31:53] [YFAdapter-P2] [INFO] [YF-P2] Decided: action_index=0, action=['PASS', 'PASS', 'PASS']
[22:31:53] [yf2_v5] [INFO] 3号位打出['PASS', 'PASS', 'PASS']， 最大动作为0号位打出的['Pair', '9', ['H9', 'C9']]
[22:31:53] [yf2_v5] [INFO] 0号位打出['ThreeWithTwo', '3', ['S3', 'C3', 'D3', 'S2', 'C2']]， 最大动作为0号位打出的['ThreeWithTwo', '3', ['S3', 'C3', 'D3', 'S2', 'C2']]
[22:31:53] [YFAdapter-P2] [INFO] [YF-P2] Decision context: myPos=2, curPos=0, greaterPos=0, teammate=0, curAction=[, actionList_size=1
[22:31:53] [YFAdapter-P2] [INFO] [YF-P2] Decided: action_index=0, action=['PASS', 'PASS', 'PASS']
[22:31:53] [yf2_v5] [INFO] 3号位打出['PASS', 'PASS', 'PASS']， 最大动作为0号位打出的['ThreeWithTwo', '3', ['S3', 'C3', 'D3', 'S2', 'C2']]
[22:31:53] [yf2_v5] [INFO] 0号位打出['ThreeWithTwo', 'J', ['SJ', 'SJ', 'HJ', 'CT', 'DT']]， 最大动作为0号位打出的['ThreeWithTwo', 'J', ['SJ', 'SJ', 'HJ', 'CT', 'DT']]
[22:31:53] [YFAdapter-P2] [INFO] [YF-P2] Decision context: myPos=2, curPos=0, greaterPos=0, teammate=0, curAction=[, actionList_size=1
[22:31:53] [YFAdapter-P2] [INFO] [YF-P2] Decided: action_index=0, action=['PASS', 'PASS', 'PASS']
[22:31:53] [yf2_v5] [INFO] 3号位打出['PASS', 'PASS', 'PASS']， 最大动作为0号位打出的['ThreeWithTwo', 'J', ['SJ', 'SJ', 'HJ', 'CT', 'DT']]
[22:31:53] [yf2_v5] [INFO] 0号位打出['Pair', 'K', ['SK', 'CK']]， 最大动作为0号位打出的['Pair', 'K', ['SK', 'CK']]
[22:31:53] [YFAdapter-P2] [INFO] [YF-P2] Decision context: myPos=2, curPos=0, greaterPos=0, teammate=0, curAction=[, actionList_size=1
[22:31:53] [YFAdapter-P2] [INFO] [YF-P2] Decided: action_index=0, action=['PASS', 'PASS', 'PASS']
[22:31:53] [yf2_v5] [INFO] 3号位打出['PASS', 'PASS', 'PASS']， 最大动作为0号位打出的['Pair', 'K', ['SK', 'CK']]
[22:31:53] [yf2_v5] [INFO] 0号位打出['Single', '7', ['S7']]， 最大动作为0号位打出的['Single', '7', ['S7']]
[22:31:53] [yf2_v5] [INFO] 游戏开始, 我是3号位，手牌：['S2', 'C2', 'D2', 'H3', 'C3', 'C3', 'H4', 'H6', 'D6', 'D7', 'S8', 'C8', 'D8', 'ST', 'CJ', 'CJ', 'DJ', 'SQ', 'DQ', 'SK', 'DK', 'DK', 'SA', 'HA', 'DA', 'DA', 'SB']
[22:31:53] [YFAdapter-P2] [INFO] [YF-P2] Decision context: myPos=2, curPos=-1, greaterPos=-1, teammate=0, curAction=[, actionList_size=1
[22:31:53] [YFAdapter-P2] [INFO] [YF-P2] Decided: action_index=0, action=['tribute', 'tribute', [['S', 'B']]]
[22:31:53] [YFAdapter-P2] [INFO] [YF-P2] Decision context: myPos=2, curPos=-1, greaterPos=-1, teammate=0, curAction=[, actionList_size=305
[22:31:53] [YFAdapter-P2] [INFO] [YF-P2] Decided: action_index=6, action=['Single', '4', [['H', '4']]]
[22:31:53] [yf2_v5] [INFO] 3号位打出['Single', '4', ['H4']]， 最大动作为3号位打出的['Single', '4', ['H4']]
[22:31:53] [yf2_v5] [INFO] 0号位打出['Single', '5', ['S5']]， 最大动作为0号位打出的['Single', '5', ['S5']]
[22:31:53] [yf2_v5] [INFO] 1号位打出['Single', 'Q', ['HQ']]， 最大动作为1号位打出的['Single', 'Q', ['HQ']]
[22:31:53] [yf2_v5] [INFO] 2号位打出['Single', 'K', ['HK']]， 最大动作为2号位打出的['Single', 'K', ['HK']]
[22:31:53] [YFAdapter-P2] [INFO] [YF-P2] Decision context: myPos=2, curPos=2, greaterPos=2, teammate=0, curAction=[, actionList_size=6
[22:31:53] [YFAdapter-P2] [INFO] [YF-P2] Decided: action_index=5, action=['Bomb', 'A', [['S', 'A'], ['H', 'A'], ['D', 'A'], ['D', 'A']]]
[22:31:53] [yf2_v5] [INFO] 3号位打出['Bomb', 'A', ['SA', 'HA', 'DA', 'DA']]， 最大动作为3号位打出的['Bomb', 'A', ['SA', 'HA', 'DA', 'DA']]
[22:31:53] [yf2_v5] [INFO] 0号位打出['PASS', 'PASS', 'PASS']， 最大动作为3号位打出的['Bomb', 'A', ['SA', 'HA', 'DA', 'DA']]
[22:31:53] [yf2_v5] [INFO] 1号位打出['Bomb', '2', ['S2', 'H2', 'C2', 'H9', 'H9']]， 最大动作为1号位打出的['Bomb', '2', ['S2', 'H2', 'C2', 'H9', 'H9']]
[22:31:53] [yf2_v5] [INFO] 2号位打出['PASS', 'PASS', 'PASS']， 最大动作为1号位打出的['Bomb', '2', ['S2', 'H2', 'C2', 'H9', 'H9']]
[22:31:53] [YFAdapter-P2] [INFO] [YF-P2] Decision context: myPos=2, curPos=2, greaterPos=1, teammate=0, curAction=[, actionList_size=1
[22:31:53] [YFAdapter-P2] [INFO] [YF-P2] Decided: action_index=0, action=['PASS', 'PASS', 'PASS']
[22:31:53] [yf2_v5] [INFO] 3号位打出['PASS', 'PASS', 'PASS']， 最大动作为1号位打出的['Bomb', '2', ['S2', 'H2', 'C2', 'H9', 'H9']]
[22:31:53] [yf2_v5] [INFO] 0号位打出['PASS', 'PASS', 'PASS']， 最大动作为1号位打出的['Bomb', '2', ['S2', 'H2', 'C2', 'H9', 'H9']]
[22:31:53] [yf2_v5] [INFO] 1号位打出['Single', '7', ['C7']]， 最大动作为1号位打出的['Single', '7', ['C7']]
[22:31:53] [yf2_v5] [INFO] 2号位打出['Single', 'J', ['SJ']]， 最大动作为2号位打出的['Single', 'J', ['SJ']]
[22:31:53] [YFAdapter-P2] [INFO] [YF-P2] Decision context: myPos=2, curPos=2, greaterPos=2, teammate=0, curAction=[, actionList_size=6
[22:31:53] [YFAdapter-P2] [INFO] [YF-P2] Decided: action_index=5, action=['Bomb', '3', [['S', '3'], ['H', '3'], ['C', '3'], ['C', '3']]]
[22:31:53] [yf2_v5] [INFO] 3号位打出['Bomb', '3', ['S3', 'H3', 'C3', 'C3']]， 最大动作为3号位打出的['Bomb', '3', ['S3', 'H3', 'C3', 'C3']]
[22:31:53] [yf2_v5] [INFO] 0号位打出['PASS', 'PASS', 'PASS']， 最大动作为3号位打出的['Bomb', '3', ['S3', 'H3', 'C3', 'C3']]
[22:31:53] [yf2_v5] [INFO] 1号位打出['Bomb', '5', ['S5', 'H5', 'C5', 'D5']]， 最大动作为1号位打出的['Bomb', '5', ['S5', 'H5', 'C5', 'D5']]
[22:31:53] [yf2_v5] [INFO] 2号位打出['Bomb', '7', ['S7', 'S7', 'H7', 'C7']]， 最大动作为2号位打出的['Bomb', '7', ['S7', 'S7', 'H7', 'C7']]
[22:31:53] [YFAdapter-P2] [INFO] [YF-P2] Decision context: myPos=2, curPos=2, greaterPos=2, teammate=0, curAction=[, actionList_size=1
[22:31:53] [YFAdapter-P2] [INFO] [YF-P2] Decided: action_index=0, action=['PASS', 'PASS', 'PASS']
[22:31:53] [yf2_v5] [INFO] 3号位打出['PASS', 'PASS', 'PASS']， 最大动作为2号位打出的['Bomb', '7', ['S7', 'S7', 'H7', 'C7']]
[22:31:53] [yf2_v5] [INFO] 0号位打出['PASS', 'PASS', 'PASS']， 最大动作为2号位打出的['Bomb', '7', ['S7', 'S7', 'H7', 'C7']]
[22:31:53] [yf2_v5] [INFO] 1号位打出['PASS', 'PASS', 'PASS']， 最大动作为2号位打出的['Bomb', '7', ['S7', 'S7', 'H7', 'C7']]
[22:31:53] [yf2_v5] [INFO] 2号位打出['ThreeWithTwo', 'T', ['ST', 'CT', 'DT', 'H2', 'D2']]， 最大动作为2号位打出的['ThreeWithTwo', 'T', ['ST', 'CT', 'DT', 'H2', 'D2']]
[22:31:53] [YFAdapter-P2] [INFO] [YF-P2] Decision context: myPos=2, curPos=2, greaterPos=2, teammate=0, curAction=[, actionList_size=21
[22:31:53] [YFAdapter-P2] [INFO] [YF-P2] Decided: action_index=0, action=['PASS', 'PASS', 'PASS']
[22:31:53] [yf2_v5] [INFO] 3号位打出['PASS', 'PASS', 'PASS']， 最大动作为2号位打出的['ThreeWithTwo', 'T', ['ST', 'CT', 'DT', 'H2', 'D2']]
[22:31:53] [yf2_v5] [INFO] 0号位打出['ThreeWithTwo', 'J', ['SJ', 'HJ', 'HJ', 'C4', 'D4']]， 最大动作为0号位打出的['ThreeWithTwo', 'J', ['SJ', 'HJ', 'HJ', 'C4', 'D4']]
[22:31:53] [yf2_v5] [INFO] 1号位打出['Bomb', '6', ['S6', 'H6', 'C6', 'D6']]， 最大动作为1号位打出的['Bomb', '6', ['S6', 'H6', 'C6', 'D6']]
[22:31:53] [yf2_v5] [INFO] 2号位打出['Bomb', 'Q', ['SQ', 'HQ', 'CQ', 'CQ', 'DQ']]， 最大动作为2号位打出的['Bomb', 'Q', ['SQ', 'HQ', 'CQ', 'CQ', 'DQ']]
[22:31:53] [YFAdapter-P2] [INFO] [YF-P2] Decision context: myPos=2, curPos=2, greaterPos=2, teammate=0, curAction=[, actionList_size=1
[22:31:53] [YFAdapter-P2] [INFO] [YF-P2] Decided: action_index=0, action=['PASS', 'PASS', 'PASS']
[22:31:53] [yf2_v5] [INFO] 3号位打出['PASS', 'PASS', 'PASS']， 最大动作为2号位打出的['Bomb', 'Q', ['SQ', 'HQ', 'CQ', 'CQ', 'DQ']]
[22:31:53] [yf2_v5] [INFO] 0号位打出['PASS', 'PASS', 'PASS']， 最大动作为2号位打出的['Bomb', 'Q', ['SQ', 'HQ', 'CQ', 'CQ', 'DQ']]
[22:31:53] [yf2_v5] [INFO] 1号位打出['PASS', 'PASS', 'PASS']， 最大动作为2号位打出的['Bomb', 'Q', ['SQ', 'HQ', 'CQ', 'CQ', 'DQ']]
[22:31:53] [yf2_v5] [INFO] 2号位打出['Pair', '4', ['S4', 'D4']]， 最大动作为2号位打出的['Pair', '4', ['S4', 'D4']]
[22:31:53] [YFAdapter-P2] [INFO] [YF-P2] Decision context: myPos=2, curPos=2, greaterPos=2, teammate=0, curAction=[, actionList_size=10
[22:31:53] [YFAdapter-P2] [INFO] [YF-P2] Decided: action_index=3, action=['Pair', '8', [['S', '8'], ['C', '8']]]
[22:31:53] [yf2_v5] [INFO] 3号位打出['Pair', '8', ['S8', 'C8']]， 最大动作为3号位打出的['Pair', '8', ['S8', 'C8']]
[22:31:53] [yf2_v5] [INFO] 0号位打出['Pair', 'T', ['HT', 'DT']]， 最大动作为0号位打出的['Pair', 'T', ['HT', 'DT']]
[22:31:53] [yf2_v5] [INFO] 1号位打出['Pair', 'A', ['HA', 'CA']]， 最大动作为1号位打出的['Pair', 'A', ['HA', 'CA']]
[22:31:53] [yf2_v5] [INFO] 2号位打出['Pair', '9', ['S9', 'C9']]， 最大动作为2号位打出的['Pair', '9', ['S9', 'C9']]
[22:31:53] [YFAdapter-P2] [INFO] [YF-P2] Decision context: myPos=2, curPos=2, greaterPos=2, teammate=0, curAction=[, actionList_size=1
[22:31:53] [YFAdapter-P2] [INFO] [YF-P2] Decided: action_index=0, action=['PASS', 'PASS', 'PASS']
[22:31:53] [yf2_v5] [INFO] 3号位打出['PASS', 'PASS', 'PASS']， 最大动作为2号位打出的['Pair', '9', ['S9', 'C9']]
[22:31:53] [yf2_v5] [INFO] 0号位打出['PASS', 'PASS', 'PASS']， 最大动作为2号位打出的['Pair', '9', ['S9', 'C9']]
[22:31:53] [yf2_v5] [INFO] 1号位打出['PASS', 'PASS', 'PASS']， 最大动作为2号位打出的['Pair', '9', ['S9', 'C9']]
[22:31:53] [yf2_v5] [INFO] 2号位打出['Pair', '5', ['H5', 'D5']]， 最大动作为2号位打出的['Pair', '5', ['H5', 'D5']]
[22:31:53] [YFAdapter-P2] [INFO] [YF-P2] Decision context: myPos=2, curPos=2, greaterPos=2, teammate=0, curAction=[, actionList_size=7
[22:31:53] [YFAdapter-P2] [INFO] [YF-P2] Decided: action_index=5, action=['Pair', 'K', [['S', 'K'], ['D', 'K']]]
[22:31:53] [yf2_v5] [INFO] 3号位打出['PASS', 'PASS', 'PASS']， 最大动作为2号位打出的['Pair', '5', ['H5', 'D5']]
[22:31:53] [yf2_v5] [INFO] 0号位打出['Pair', '6', ['S6', 'C6']]， 最大动作为0号位打出的['Pair', '6', ['S6', 'C6']]
[22:31:53] [yf2_v5] [INFO] 1号位打出['Pair', 'T', ['HT', 'CT']]， 最大动作为1号位打出的['Pair', 'T', ['HT', 'CT']]
[22:31:53] [yf2_v5] [INFO] 2号位打出['PASS', 'PASS', 'PASS']， 最大动作为1号位打出的['Pair', 'T', ['HT', 'CT']]
[22:31:53] [YFAdapter-P2] [INFO] [YF-P2] Decision context: myPos=2, curPos=2, greaterPos=1, teammate=0, curAction=[, actionList_size=6
[22:31:53] [YFAdapter-P2] [INFO] [YF-P2] Decided: action_index=0, action=['PASS', 'PASS', 'PASS']
[22:31:53] [yf2_v5] [INFO] 3号位打出['PASS', 'PASS', 'PASS']， 最大动作为1号位打出的['Pair', 'T', ['HT', 'CT']]
[22:31:53] [yf2_v5] [INFO] 0号位打出['Pair', '9', ['S9', 'D9']]， 最大动作为0号位打出的['Pair', '9', ['S9', 'D9']]
[22:31:53] [yf2_v5] [INFO] 1号位打出['PASS', 'PASS', 'PASS']， 最大动作为0号位打出的['Pair', '9', ['S9', 'D9']]
[22:31:53] [yf2_v5] [INFO] 2号位打出['PASS', 'PASS', 'PASS']， 最大动作为0号位打出的['Pair', '9', ['S9', 'D9']]
[22:31:53] [YFAdapter-P2] [INFO] [YF-P2] Decision context: myPos=2, curPos=2, greaterPos=0, teammate=0, curAction=[, actionList_size=1
[22:31:53] [YFAdapter-P2] [INFO] [YF-P2] Decided: action_index=0, action=['PASS', 'PASS', 'PASS']
[22:31:53] [yf2_v5] [INFO] 3号位打出['PASS', 'PASS', 'PASS']， 最大动作为0号位打出的['Pair', '9', ['S9', 'D9']]
[22:31:53] [yf2_v5] [INFO] 0号位打出['Single', '8', ['D8']]， 最大动作为0号位打出的['Single', '8', ['D8']]
[22:31:53] [yf2_v5] [INFO] 1号位打出['Single', 'J', ['DJ']]， 最大动作为1号位打出的['Single', 'J', ['DJ']]
[22:31:53] [yf2_v5] [INFO] 2号位打出['Single', 'A', ['CA']]， 最大动作为2号位打出的['Single', 'A', ['CA']]
[22:31:53] [YFAdapter-P2] [INFO] [YF-P2] Decision context: myPos=2, curPos=2, greaterPos=2, teammate=0, curAction=[, actionList_size=1
[22:31:53] [YFAdapter-P2] [INFO] [YF-P2] Decided: action_index=0, action=['PASS', 'PASS', 'PASS']
[22:31:53] [yf2_v5] [INFO] 3号位打出['PASS', 'PASS', 'PASS']， 最大动作为2号位打出的['Single', 'A', ['CA']]
[22:31:53] [yf2_v5] [INFO] 0号位打出['PASS', 'PASS', 'PASS']， 最大动作为2号位打出的['Single', 'A', ['CA']]
[22:31:53] [yf2_v5] [INFO] 1号位打出['PASS', 'PASS', 'PASS']， 最大动作为2号位打出的['Single', 'A', ['CA']]
[22:31:53] [yf2_v5] [INFO] 2号位打出['Pair', '8', ['S8', 'H8']]， 最大动作为2号位打出的['Pair', '8', ['S8', 'H8']]
[22:31:53] [YFAdapter-P2] [INFO] [YF-P2] Decision context: myPos=2, curPos=2, greaterPos=2, teammate=0, curAction=[, actionList_size=6
[22:31:53] [YFAdapter-P2] [INFO] [YF-P2] Decided: action_index=1, action=['Pair', 'J', [['C', 'J'], ['D', 'J']]]
[22:31:53] [yf2_v5] [INFO] 3号位打出['PASS', 'PASS', 'PASS']， 最大动作为2号位打出的['Pair', '8', ['S8', 'H8']]
[22:31:53] [yf2_v5] [INFO] 0号位打出['Pair', 'R', ['HR', 'HR']]， 最大动作为0号位打出的['Pair', 'R', ['HR', 'HR']]
[22:31:53] [yf2_v5] [INFO] 1号位打出['PASS', 'PASS', 'PASS']， 最大动作为0号位打出的['Pair', 'R', ['HR', 'HR']]
[22:31:53] [yf2_v5] [INFO] 2号位打出['PASS', 'PASS', 'PASS']， 最大动作为0号位打出的['Pair', 'R', ['HR', 'HR']]
[22:31:53] [YFAdapter-P2] [INFO] [YF-P2] Decision context: myPos=2, curPos=2, greaterPos=0, teammate=0, curAction=[, actionList_size=1
[22:31:53] [YFAdapter-P2] [INFO] [YF-P2] Decided: action_index=0, action=['PASS', 'PASS', 'PASS']
[22:31:53] [yf2_v5] [INFO] 3号位打出['PASS', 'PASS', 'PASS']， 最大动作为0号位打出的['Pair', 'R', ['HR', 'HR']]
[22:31:53] [yf2_v5] [INFO] 0号位打出['ThreeWithTwo', 'K', ['SK', 'CK', 'CK', 'H7', 'D7']]， 最大动作为0号位打出的['ThreeWithTwo', 'K', ['SK', 'CK', 'CK', 'H7', 'D7']]
[22:31:53] [yf2_v5] [INFO] 1号位打出['PASS', 'PASS', 'PASS']， 最大动作为0号位打出的['ThreeWithTwo', 'K', ['SK', 'CK', 'CK', 'H7', 'D7']]
[22:31:53] [yf2_v5] [INFO] 2号位打出['PASS', 'PASS', 'PASS']， 最大动作为0号位打出的['ThreeWithTwo', 'K', ['SK', 'CK', 'CK', 'H7', 'D7']]
[22:31:53] [YFAdapter-P2] [INFO] [YF-P2] Decision context: myPos=2, curPos=2, greaterPos=0, teammate=0, curAction=[, actionList_size=1
[22:31:53] [YFAdapter-P2] [INFO] [YF-P2] Decided: action_index=0, action=['PASS', 'PASS', 'PASS']
[22:31:53] [yf2_v5] [INFO] 3号位打出['PASS', 'PASS', 'PASS']， 最大动作为0号位打出的['ThreeWithTwo', 'K', ['SK', 'CK', 'CK', 'H7', 'D7']]
[22:31:53] [yf2_v5] [INFO] 0号位打出['Single', 'A', ['SA']]， 最大动作为0号位打出的['Single', 'A', ['SA']]
[22:31:53] [yf2_v5] [INFO] 1号位打出['PASS', 'PASS', 'PASS']， 最大动作为0号位打出的['Single', 'A', ['SA']]
[22:31:53] [yf2_v5] [INFO] 2号位打出['PASS', 'PASS', 'PASS']， 最大动作为0号位打出的['Single', 'A', ['SA']]
[22:31:53] [YFAdapter-P2] [INFO] [YF-P2] Decision context: myPos=2, curPos=2, greaterPos=0, teammate=0, curAction=[, actionList_size=1
[22:31:53] [YFAdapter-P2] [INFO] [YF-P2] Decided: action_index=0, action=['PASS', 'PASS', 'PASS']
[22:31:53] [yf2_v5] [INFO] 3号位打出['PASS', 'PASS', 'PASS']， 最大动作为0号位打出的['Single', 'A', ['SA']]
[22:31:53] [yf2_v5] [INFO] 0号位打出['Single', '9', ['D9']]， 最大动作为0号位打出的['Single', '9', ['D9']]
[22:31:53] [yf2_v5] [INFO] 1号位打出['PASS', 'PASS', 'PASS']， 最大动作为0号位打出的['Single', '9', ['D9']]
[22:31:53] [yf2_v5] [INFO] 2号位打出['PASS', 'PASS', 'PASS']， 最大动作为0号位打出的['Single', '9', ['D9']]
[22:31:53] [YFAdapter-P2] [INFO] [YF-P2] Decision context: myPos=2, curPos=2, greaterPos=0, teammate=0, curAction=[, actionList_size=1
[22:31:53] [YFAdapter-P2] [INFO] [YF-P2] Decided: action_index=0, action=['PASS', 'PASS', 'PASS']
[22:31:53] [yf2_v5] [INFO] 3号位打出['PASS', 'PASS', 'PASS']， 最大动作为0号位打出的['Single', '9', ['D9']]
[22:31:53] [yf2_v5] [INFO] 0号位打出['Single', 'B', ['SB']]， 最大动作为0号位打出的['Single', 'B', ['SB']]
[22:31:53] [yf2_v5] [INFO] 1号位打出['PASS', 'PASS', 'PASS']， 最大动作为0号位打出的['Single', 'B', ['SB']]
[22:31:53] [yf2_v5] [INFO] 2号位打出['PASS', 'PASS', 'PASS']， 最大动作为0号位打出的['Single', 'B', ['SB']]
[22:31:53] [YFAdapter-P2] [INFO] [YF-P2] Decision context: myPos=2, curPos=2, greaterPos=0, teammate=0, curAction=[, actionList_size=1
[22:31:53] [YFAdapter-P2] [INFO] [YF-P2] Decided: action_index=0, action=['PASS', 'PASS', 'PASS']
[22:31:53] [yf2_v5] [INFO] 3号位打出['PASS', 'PASS', 'PASS']， 最大动作为0号位打出的['Single', 'B', ['SB']]
[22:31:53] [yf2_v5] [INFO] 0号位打出['Bomb', '3', ['S3', 'H3', 'D3', 'D3']]， 最大动作为0号位打出的['Bomb', '3', ['S3', 'H3', 'D3', 'D3']]
[22:31:53] [yf2_v5] [INFO] 1号位打出['PASS', 'PASS', 'PASS']， 最大动作为0号位打出的['Bomb', '3', ['S3', 'H3', 'D3', 'D3']]
[22:31:53] [yf2_v5] [INFO] 2号位打出['PASS', 'PASS', 'PASS']， 最大动作为0号位打出的['Bomb', '3', ['S3', 'H3', 'D3', 'D3']]
[22:31:53] [yf2_v5] [INFO] 2号位打出['Single', '9', ['C9']]， 最大动作为2号位打出的['Single', '9', ['C9']]
[22:31:53] [YFAdapter-P2] [INFO] [YF-P2] Decision context: myPos=2, curPos=2, greaterPos=2, teammate=0, curAction=[, actionList_size=1
[22:31:53] [YFAdapter-P2] [INFO] [YF-P2] Decided: action_index=0, action=['PASS', 'PASS', 'PASS']
[22:31:53] [yf2_v5] [INFO] 3号位打出['PASS', 'PASS', 'PASS']， 最大动作为2号位打出的['Single', '9', ['C9']]
[22:31:53] [yf2_v5] [INFO] 1号位打出['PASS', 'PASS', 'PASS']， 最大动作为2号位打出的['Single', '9', ['C9']]
[22:31:53] [yf2_v5] [INFO] 2号位打出['Single', 'B', ['SB']]， 最大动作为2号位打出的['Single', 'B', ['SB']]
[22:31:53] [yf2_v5] [INFO] 游戏开始, 我是3号位，手牌：['H2', 'C2', 'S3', 'C3', 'S4', 'H4', 'S5', 'C5', 'C6', 'S7', 'C7', 'S8', 'D9', 'D9', 'ST', 'HT', 'DT', 'HJ', 'CJ', 'SK', 'HA', 'DA', 'CQ', 'CQ', 'DQ', 'DQ', 'SB']
[22:31:53] [YFAdapter-P2] [INFO] [YF-P2] Decision context: myPos=2, curPos=-1, greaterPos=-1, teammate=0, curAction=[, actionList_size=1
[22:31:53] [YFAdapter-P2] [INFO] [YF-P2] Decided: action_index=0, action=['tribute', 'tribute', [['S', 'B']]]
[22:31:53] [YFAdapter-P2] [INFO] [YF-P2] Decision context: myPos=2, curPos=-1, greaterPos=-1, teammate=0, curAction=[, actionList_size=294
[22:31:53] [YFAdapter-P2] [INFO] [YF-P2] Decided: action_index=9, action=['Single', '6', [['C', '6']]]
[22:31:54] [yf2_v5] [INFO] 3号位打出['Single', '6', ['C6']]， 最大动作为3号位打出的['Single', '6', ['C6']]
[22:31:54] [yf2_v5] [INFO] 0号位打出['Single', '7', ['D7']]， 最大动作为0号位打出的['Single', '7', ['D7']]
[22:31:54] [yf2_v5] [INFO] 1号位打出['Bomb', '5', ['S5', 'C5', 'D5', 'HQ']]， 最大动作为1号位打出的['Bomb', '5', ['S5', 'C5', 'D5', 'HQ']]
[22:31:54] [yf2_v5] [INFO] 2号位打出['PASS', 'PASS', 'PASS']， 最大动作为1号位打出的['Bomb', '5', ['S5', 'C5', 'D5', 'HQ']]
[22:31:54] [YFAdapter-P2] [INFO] [YF-P2] Decision context: myPos=2, curPos=2, greaterPos=1, teammate=0, curAction=[, actionList_size=2
[22:31:54] [YFAdapter-P2] [INFO] [YF-P2] Decided: action_index=0, action=['PASS', 'PASS', 'PASS']
[22:31:54] [yf2_v5] [INFO] 3号位打出['Bomb', 'Q', ['CQ', 'CQ', 'DQ', 'DQ']]， 最大动作为3号位打出的['Bomb', 'Q', ['CQ', 'CQ', 'DQ', 'DQ']]
[22:31:54] [yf2_v5] [INFO] 0号位打出['PASS', 'PASS', 'PASS']， 最大动作为3号位打出的['Bomb', 'Q', ['CQ', 'CQ', 'DQ', 'DQ']]
[22:31:54] [yf2_v5] [INFO] 1号位打出['PASS', 'PASS', 'PASS']， 最大动作为3号位打出的['Bomb', 'Q', ['CQ', 'CQ', 'DQ', 'DQ']]
[22:31:54] [yf2_v5] [INFO] 2号位打出['PASS', 'PASS', 'PASS']， 最大动作为3号位打出的['Bomb', 'Q', ['CQ', 'CQ', 'DQ', 'DQ']]
[22:31:54] [YFAdapter-P2] [INFO] [YF-P2] Decision context: myPos=2, curPos=-1, greaterPos=-1, teammate=0, curAction=[, actionList_size=126
[22:31:54] [YFAdapter-P2] [INFO] [YF-P2] Decided: action_index=11, action=['Single', '8', [['S', '8']]]
[22:31:54] [yf2_v5] [INFO] 3号位打出['Single', '8', ['S8']]， 最大动作为3号位打出的['Single', '8', ['S8']]
[22:31:54] [yf2_v5] [INFO] 0号位打出['Single', 'T', ['CT']]， 最大动作为0号位打出的['Single', 'T', ['CT']]
[22:31:54] [yf2_v5] [INFO] 1号位打出['Bomb', '7', ['S7', 'H7', 'C7', 'D7']]， 最大动作为1号位打出的['Bomb', '7', ['S7', 'H7', 'C7', 'D7']]
[22:31:54] [yf2_v5] [INFO] 2号位打出['PASS', 'PASS', 'PASS']， 最大动作为1号位打出的['Bomb', '7', ['S7', 'H7', 'C7', 'D7']]
[22:31:54] [YFAdapter-P2] [INFO] [YF-P2] Decision context: myPos=2, curPos=2, greaterPos=1, teammate=0, curAction=[, actionList_size=1
[22:31:54] [YFAdapter-P2] [INFO] [YF-P2] Decided: action_index=0, action=['PASS', 'PASS', 'PASS']
[22:31:54] [yf2_v5] [INFO] 3号位打出['PASS', 'PASS', 'PASS']， 最大动作为1号位打出的['Bomb', '7', ['S7', 'H7', 'C7', 'D7']]
[22:31:54] [yf2_v5] [INFO] 0号位打出['PASS', 'PASS', 'PASS']， 最大动作为1号位打出的['Bomb', '7', ['S7', 'H7', 'C7', 'D7']]
[22:31:54] [yf2_v5] [INFO] 1号位打出['Straight', 'A', ['CA', 'S2', 'D3', 'C4', 'H5']]， 最大动作为1号位打出的['Straight', 'A', ['CA', 'S2', 'D3', 'C4', 'H5']]
[22:31:54] [yf2_v5] [INFO] 2号位打出['Straight', '3', ['H3', 'S4', 'H5', 'S6', 'H7']]， 最大动作为2号位打出的['Straight', '3', ['H3', 'S4', 'H5', 'S6', 'H7']]
[22:31:54] [YFAdapter-P2] [INFO] [YF-P2] Decision context: myPos=2, curPos=2, greaterPos=2, teammate=0, curAction=[, actionList_size=1
[22:31:54] [YFAdapter-P2] [INFO] [YF-P2] Decided: action_index=0, action=['PASS', 'PASS', 'PASS']
[22:31:54] [yf2_v5] [INFO] 3号位打出['PASS', 'PASS', 'PASS']， 最大动作为2号位打出的['Straight', '3', ['H3', 'S4', 'H5', 'S6', 'H7']]
[22:31:54] [yf2_v5] [INFO] 0号位打出['PASS', 'PASS', 'PASS']， 最大动作为2号位打出的['Straight', '3', ['H3', 'S4', 'H5', 'S6', 'H7']]
[22:31:54] [yf2_v5] [INFO] 1号位打出['Bomb', 'K', ['SK', 'HK', 'CK', 'DK']]， 最大动作为1号位打出的['Bomb', 'K', ['SK', 'HK', 'CK', 'DK']]
[22:31:54] [yf2_v5] [INFO] 2号位打出['PASS', 'PASS', 'PASS']， 最大动作为1号位打出的['Bomb', 'K', ['SK', 'HK', 'CK', 'DK']]
[22:31:54] [YFAdapter-P2] [INFO] [YF-P2] Decision context: myPos=2, curPos=2, greaterPos=1, teammate=0, curAction=[, actionList_size=1
[22:31:54] [YFAdapter-P2] [INFO] [YF-P2] Decided: action_index=0, action=['PASS', 'PASS', 'PASS']
[22:31:54] [yf2_v5] [INFO] 3号位打出['PASS', 'PASS', 'PASS']， 最大动作为1号位打出的['Bomb', 'K', ['SK', 'HK', 'CK', 'DK']]
[22:31:54] [yf2_v5] [INFO] 0号位打出['PASS', 'PASS', 'PASS']， 最大动作为1号位打出的['Bomb', 'K', ['SK', 'HK', 'CK', 'DK']]
[22:31:54] [yf2_v5] [INFO] 1号位打出['Pair', '2', ['S2', 'D2']]， 最大动作为1号位打出的['Pair', '2', ['S2', 'D2']]
[22:31:54] [yf2_v5] [INFO] 2号位打出['Pair', '6', ['H6', 'HQ']]， 最大动作为2号位打出的['Pair', '6', ['H6', 'HQ']]
[22:31:54] [YFAdapter-P2] [INFO] [YF-P2] Decision context: myPos=2, curPos=2, greaterPos=2, teammate=0, curAction=[, actionList_size=8
[22:31:54] [YFAdapter-P2] [INFO] [YF-P2] Decided: action_index=6, action=['Pair', 'J', [['H', 'J'], ['C', 'J']]]
[22:31:54] [yf2_v5] [INFO] 3号位打出['Pair', 'J', ['HJ', 'CJ']]， 最大动作为3号位打出的['Pair', 'J', ['HJ', 'CJ']]
[22:31:54] [yf2_v5] [INFO] 0号位打出['Pair', 'K', ['HK', 'CK']]， 最大动作为0号位打出的['Pair', 'K', ['HK', 'CK']]
[22:31:54] [yf2_v5] [INFO] 1号位打出['PASS', 'PASS', 'PASS']， 最大动作为0号位打出的['Pair', 'K', ['HK', 'CK']]
[22:31:54] [yf2_v5] [INFO] 2号位打出['PASS', 'PASS', 'PASS']， 最大动作为0号位打出的['Pair', 'K', ['HK', 'CK']]
[22:31:54] [YFAdapter-P2] [INFO] [YF-P2] Decision context: myPos=2, curPos=2, greaterPos=0, teammate=0, curAction=[, actionList_size=2
[22:31:54] [YFAdapter-P2] [INFO] [YF-P2] Decided: action_index=0, action=['PASS', 'PASS', 'PASS']
[22:31:54] [yf2_v5] [INFO] 3号位打出['Pair', 'A', ['HA', 'DA']]， 最大动作为3号位打出的['Pair', 'A', ['HA', 'DA']]
[22:31:54] [yf2_v5] [INFO] 0号位打出['Pair', 'R', ['HR', 'HR']]， 最大动作为0号位打出的['Pair', 'R', ['HR', 'HR']]
[22:31:54] [yf2_v5] [INFO] 1号位打出['PASS', 'PASS', 'PASS']， 最大动作为0号位打出的['Pair', 'R', ['HR', 'HR']]
[22:31:54] [yf2_v5] [INFO] 2号位打出['PASS', 'PASS', 'PASS']， 最大动作为0号位打出的['Pair', 'R', ['HR', 'HR']]
[22:31:54] [YFAdapter-P2] [INFO] [YF-P2] Decision context: myPos=2, curPos=2, greaterPos=0, teammate=0, curAction=[, actionList_size=1
[22:31:54] [YFAdapter-P2] [INFO] [YF-P2] Decided: action_index=0, action=['PASS', 'PASS', 'PASS']
[22:31:54] [yf2_v5] [INFO] 3号位打出['PASS', 'PASS', 'PASS']， 最大动作为0号位打出的['Pair', 'R', ['HR', 'HR']]
[22:31:54] [yf2_v5] [INFO] 0号位打出['Single', '5', ['D5']]， 最大动作为0号位打出的['Single', '5', ['D5']]
[22:31:54] [yf2_v5] [INFO] 1号位打出['Single', 'T', ['DT']]， 最大动作为1号位打出的['Single', 'T', ['DT']]
[22:31:54] [yf2_v5] [INFO] 2号位打出['Single', 'K', ['DK']]， 最大动作为2号位打出的['Single', 'K', ['DK']]
[22:31:54] [YFAdapter-P2] [INFO] [YF-P2] Decision context: myPos=2, curPos=2, greaterPos=2, teammate=0, curAction=[, actionList_size=1
[22:31:54] [YFAdapter-P2] [INFO] [YF-P2] Decided: action_index=0, action=['PASS', 'PASS', 'PASS']
[22:31:54] [yf2_v5] [INFO] 3号位打出['PASS', 'PASS', 'PASS']， 最大动作为2号位打出的['Single', 'K', ['DK']]
[22:31:54] [yf2_v5] [INFO] 0号位打出['Single', 'Q', ['SQ']]， 最大动作为0号位打出的['Single', 'Q', ['SQ']]
[22:31:54] [yf2_v5] [INFO] 1号位打出['PASS', 'PASS', 'PASS']， 最大动作为0号位打出的['Single', 'Q', ['SQ']]
[22:31:54] [yf2_v5] [INFO] 2号位打出['PASS', 'PASS', 'PASS']， 最大动作为0号位打出的['Single', 'Q', ['SQ']]
[22:31:54] [YFAdapter-P2] [INFO] [YF-P2] Decision context: myPos=2, curPos=2, greaterPos=0, teammate=0, curAction=[, actionList_size=1
[22:31:54] [YFAdapter-P2] [INFO] [YF-P2] Decided: action_index=0, action=['PASS', 'PASS', 'PASS']
[22:31:54] [yf2_v5] [INFO] 3号位打出['PASS', 'PASS', 'PASS']， 最大动作为0号位打出的['Single', 'Q', ['SQ']]
[22:31:54] [yf2_v5] [INFO] 0号位打出['ThreeWithTwo', '4', ['H4', 'C4', 'D4', 'H9', 'C9']]， 最大动作为0号位打出的['ThreeWithTwo', '4', ['H4', 'C4', 'D4', 'H9', 'C9']]
[22:31:54] [yf2_v5] [INFO] 1号位打出['PASS', 'PASS', 'PASS']， 最大动作为0号位打出的['ThreeWithTwo', '4', ['H4', 'C4', 'D4', 'H9', 'C9']]
[22:31:54] [yf2_v5] [INFO] 2号位打出['ThreeWithTwo', 'A', ['SA', 'SA', 'DA', 'C8', 'D8']]， 最大动作为2号位打出的['ThreeWithTwo', 'A', ['SA', 'SA', 'DA', 'C8', 'D8']]
[22:31:54] [YFAdapter-P2] [INFO] [YF-P2] Decision context: myPos=2, curPos=2, greaterPos=2, teammate=0, curAction=[, actionList_size=1
[22:31:54] [YFAdapter-P2] [INFO] [YF-P2] Decided: action_index=0, action=['PASS', 'PASS', 'PASS']
[22:31:54] [yf2_v5] [INFO] 3号位打出['PASS', 'PASS', 'PASS']， 最大动作为2号位打出的['ThreeWithTwo', 'A', ['SA', 'SA', 'DA', 'C8', 'D8']]
[22:31:54] [yf2_v5] [INFO] 0号位打出['PASS', 'PASS', 'PASS']， 最大动作为2号位打出的['ThreeWithTwo', 'A', ['SA', 'SA', 'DA', 'C8', 'D8']]
[22:31:54] [yf2_v5] [INFO] 1号位打出['PASS', 'PASS', 'PASS']， 最大动作为2号位打出的['ThreeWithTwo', 'A', ['SA', 'SA', 'DA', 'C8', 'D8']]
[22:31:54] [yf2_v5] [INFO] 2号位打出['Single', '6', ['C6']]， 最大动作为2号位打出的['Single', '6', ['C6']]
[22:31:54] [YFAdapter-P2] [INFO] [YF-P2] Decision context: myPos=2, curPos=2, greaterPos=2, teammate=0, curAction=[, actionList_size=8
[22:31:54] [YFAdapter-P2] [INFO] [YF-P2] Decided: action_index=6, action=['Single', 'T', [['D', 'T']]]
[22:31:54] [yf2_v5] [INFO] 3号位打出['Single', 'T', ['DT']]， 最大动作为3号位打出的['Single', 'T', ['DT']]
[22:31:54] [yf2_v5] [INFO] 0号位打出['Single', 'B', ['SB']]， 最大动作为0号位打出的['Single', 'B', ['SB']]
[22:31:54] [yf2_v5] [INFO] 1号位打出['PASS', 'PASS', 'PASS']， 最大动作为0号位打出的['Single', 'B', ['SB']]
[22:31:54] [yf2_v5] [INFO] 2号位打出['PASS', 'PASS', 'PASS']， 最大动作为0号位打出的['Single', 'B', ['SB']]
[22:31:54] [YFAdapter-P2] [INFO] [YF-P2] Decision context: myPos=2, curPos=2, greaterPos=0, teammate=0, curAction=[, actionList_size=1
[22:31:54] [YFAdapter-P2] [INFO] [YF-P2] Decided: action_index=0, action=['PASS', 'PASS', 'PASS']
[22:31:54] [yf2_v5] [INFO] 3号位打出['PASS', 'PASS', 'PASS']， 最大动作为0号位打出的['Single', 'B', ['SB']]
[22:31:54] [yf2_v5] [INFO] 0号位打出['ThreeWithTwo', '8', ['S8', 'H8', 'D8', 'HA', 'CA']]， 最大动作为0号位打出的['ThreeWithTwo', '8', ['S8', 'H8', 'D8', 'HA', 'CA']]
[22:31:54] [yf2_v5] [INFO] 1号位打出['PASS', 'PASS', 'PASS']， 最大动作为0号位打出的['ThreeWithTwo', '8', ['S8', 'H8', 'D8', 'HA', 'CA']]
[22:31:54] [yf2_v5] [INFO] 2号位打出['ThreeWithTwo', '9', ['S9', 'S9', 'H9', 'ST', 'HT']]， 最大动作为2号位打出的['ThreeWithTwo', '9', ['S9', 'S9', 'H9', 'ST', 'HT']]
[22:31:54] [YFAdapter-P2] [INFO] [YF-P2] Decision context: myPos=2, curPos=2, greaterPos=2, teammate=0, curAction=[, actionList_size=1
[22:31:54] [YFAdapter-P2] [INFO] [YF-P2] Decided: action_index=0, action=['PASS', 'PASS', 'PASS']
[22:31:54] [yf2_v5] [INFO] 3号位打出['PASS', 'PASS', 'PASS']， 最大动作为2号位打出的['ThreeWithTwo', '9', ['S9', 'S9', 'H9', 'ST', 'HT']]
[22:31:54] [yf2_v5] [INFO] 0号位打出['Bomb', '3', ['S3', 'H3', 'C3', 'D3']]， 最大动作为0号位打出的['Bomb', '3', ['S3', 'H3', 'C3', 'D3']]
[22:31:54] [yf2_v5] [INFO] 1号位打出['PASS', 'PASS', 'PASS']， 最大动作为0号位打出的['Bomb', '3', ['S3', 'H3', 'C3', 'D3']]
[22:31:54] [yf2_v5] [INFO] 2号位打出['PASS', 'PASS', 'PASS']， 最大动作为0号位打出的['Bomb', '3', ['S3', 'H3', 'C3', 'D3']]
[22:31:54] [YFAdapter-P2] [INFO] [YF-P2] Decision context: myPos=2, curPos=2, greaterPos=0, teammate=0, curAction=[, actionList_size=1
[22:31:54] [YFAdapter-P2] [INFO] [YF-P2] Decided: action_index=0, action=['PASS', 'PASS', 'PASS']
[22:31:54] [yf2_v5] [INFO] 3号位打出['PASS', 'PASS', 'PASS']， 最大动作为0号位打出的['Bomb', '3', ['S3', 'H3', 'C3', 'D3']]
[22:31:54] [yf2_v5] [INFO] 0号位打出['Bomb', '6', ['S6', 'H6', 'D6', 'D6']]， 最大动作为0号位打出的['Bomb', '6', ['S6', 'H6', 'D6', 'D6']]
[22:31:54] [yf2_v5] [INFO] 1号位打出['PASS', 'PASS', 'PASS']， 最大动作为0号位打出的['Bomb', '6', ['S6', 'H6', 'D6', 'D6']]
[22:31:54] [yf2_v5] [INFO] 2号位打出['PASS', 'PASS', 'PASS']， 最大动作为0号位打出的['Bomb', '6', ['S6', 'H6', 'D6', 'D6']]
[22:31:54] [yf2_v5] [INFO] 2号位打出['Trips', '2', ['H2', 'C2', 'D2']]， 最大动作为2号位打出的['Trips', '2', ['H2', 'C2', 'D2']]
[22:31:54] [YFAdapter-P2] [INFO] [YF-P2] Decision context: myPos=2, curPos=2, greaterPos=2, teammate=0, curAction=[, actionList_size=2
[22:31:54] [YFAdapter-P2] [INFO] [YF-P2] Decided: action_index=0, action=['PASS', 'PASS', 'PASS']
[22:31:54] [yf2_v5] [INFO] 3号位打出['PASS', 'PASS', 'PASS']， 最大动作为2号位打出的['Trips', '2', ['H2', 'C2', 'D2']]
[22:31:54] [yf2_v5] [INFO] 1号位打出['PASS', 'PASS', 'PASS']， 最大动作为2号位打出的['Trips', '2', ['H2', 'C2', 'D2']]
[22:31:54] [yf2_v5] [INFO] 2号位打出['Single', 'B', ['SB']]， 最大动作为2号位打出的['Single', 'B', ['SB']]
[22:31:54] [YFAdapter-P2] [INFO] [YF-P2] Decision context: myPos=2, curPos=2, greaterPos=2, teammate=0, curAction=[, actionList_size=1
[22:31:54] [YFAdapter-P2] [INFO] [YF-P2] Decided: action_index=0, action=['PASS', 'PASS', 'PASS']
[22:31:54] [yf2_v5] [INFO] 3号位打出['PASS', 'PASS', 'PASS']， 最大动作为2号位打出的['Single', 'B', ['SB']]
[22:31:54] [yf2_v5] [INFO] 1号位打出['PASS', 'PASS', 'PASS']， 最大动作为2号位打出的['Single', 'B', ['SB']]
[22:31:54] [yf2_v5] [INFO] 2号位打出['Bomb', 'J', ['HJ', 'CJ', 'DJ', 'DJ']]， 最大动作为2号位打出的['Bomb', 'J', ['HJ', 'CJ', 'DJ', 'DJ']]
[22:31:54] [yf2_v5] [INFO] 游戏开始, 我是3号位，手牌：['H2', 'C2', 'H3', 'D3', 'C4', 'D4', 'H5', 'D5', 'H7', 'C7', 'D7', 'S8', 'H8', 'D8', 'S9', 'H9', 'C9', 'D9', 'ST', 'SJ', 'DQ', 'HK', 'CK', 'DK', 'SA', 'SA', 'SB']
[22:31:54] [YFAdapter-P2] [INFO] [YF-P2] Decision context: myPos=2, curPos=-1, greaterPos=-1, teammate=0, curAction=[, actionList_size=1
[22:31:54] [YFAdapter-P2] [INFO] [YF-P2] Decided: action_index=0, action=['tribute', 'tribute', [['S', 'B']]]
[22:31:54] [yf2_v5] [INFO] 1号位打出['Single', '2', ['S2']]， 最大动作为1号位打出的['Single', '2', ['S2']]
[22:31:54] [yf2_v5] [INFO] 2号位打出['Single', '9', ['D9']]， 最大动作为2号位打出的['Single', '9', ['D9']]
[22:31:54] [YFAdapter-P2] [INFO] [YF-P2] Decision context: myPos=2, curPos=2, greaterPos=2, teammate=0, curAction=[, actionList_size=9
[22:31:54] [YFAdapter-P2] [INFO] [YF-P2] Decided: action_index=3, action=['Single', 'Q', [['D', 'Q']]]
[22:31:54] [yf2_v5] [INFO] 3号位打出['Single', 'Q', ['DQ']]， 最大动作为3号位打出的['Single', 'Q', ['DQ']]
[22:31:54] [yf2_v5] [INFO] 0号位打出['Single', 'A', ['HA']]， 最大动作为0号位打出的['Single', 'A', ['HA']]
[22:31:54] [yf2_v5] [INFO] 1号位打出['Bomb', '4', ['S4', 'H4', 'C4', 'D4']]， 最大动作为1号位打出的['Bomb', '4', ['S4', 'H4', 'C4', 'D4']]
[22:31:54] [yf2_v5] [INFO] 2号位打出['PASS', 'PASS', 'PASS']， 最大动作为1号位打出的['Bomb', '4', ['S4', 'H4', 'C4', 'D4']]
[22:31:54] [YFAdapter-P2] [INFO] [YF-P2] Decision context: myPos=2, curPos=2, greaterPos=1, teammate=0, curAction=[, actionList_size=2
[22:31:54] [YFAdapter-P2] [INFO] [YF-P2] Decided: action_index=0, action=['PASS', 'PASS', 'PASS']
[22:31:54] [yf2_v5] [INFO] 3号位打出['Bomb', '9', ['S9', 'H9', 'C9', 'D9']]， 最大动作为3号位打出的['Bomb', '9', ['S9', 'H9', 'C9', 'D9']]
[22:31:54] [yf2_v5] [INFO] 0号位打出['PASS', 'PASS', 'PASS']， 最大动作为3号位打出的['Bomb', '9', ['S9', 'H9', 'C9', 'D9']]
[22:31:54] [yf2_v5] [INFO] 1号位打出['PASS', 'PASS', 'PASS']， 最大动作为3号位打出的['Bomb', '9', ['S9', 'H9', 'C9', 'D9']]
[22:31:54] [yf2_v5] [INFO] 2号位打出['PASS', 'PASS', 'PASS']， 最大动作为3号位打出的['Bomb', '9', ['S9', 'H9', 'C9', 'D9']]
[22:31:54] [YFAdapter-P2] [INFO] [YF-P2] Decision context: myPos=2, curPos=-1, greaterPos=-1, teammate=0, curAction=[, actionList_size=110
[22:31:54] [YFAdapter-P2] [INFO] [YF-P2] Decided: action_index=0, action=['Single', '2', [['H', '2']]]
[22:31:54] [yf2_v5] [INFO] 3号位打出['Single', '2', ['H2']]， 最大动作为3号位打出的['Single', '2', ['H2']]
[22:31:54] [yf2_v5] [INFO] 0号位打出['Single', '4', ['H4']]， 最大动作为0号位打出的['Single', '4', ['H4']]
[22:31:54] [yf2_v5] [INFO] 1号位打出['Single', 'T', ['HT']]， 最大动作为1号位打出的['Single', 'T', ['HT']]
[22:31:54] [yf2_v5] [INFO] 2号位打出['Single', 'K', ['CK']]， 最大动作为2号位打出的['Single', 'K', ['CK']]
[22:31:54] [YFAdapter-P2] [INFO] [YF-P2] Decision context: myPos=2, curPos=2, greaterPos=2, teammate=0, curAction=[, actionList_size=2
[22:31:54] [YFAdapter-P2] [INFO] [YF-P2] Decided: action_index=1, action=['Single', 'A', [['S', 'A']]]
[22:31:54] [yf2_v5] [INFO] 3号位打出['Single', 'A', ['SA']]， 最大动作为3号位打出的['Single', 'A', ['SA']]
[22:31:54] [yf2_v5] [INFO] 0号位打出['Single', 'B', ['SB']]， 最大动作为0号位打出的['Single', 'B', ['SB']]
[22:31:54] [yf2_v5] [INFO] 1号位打出['PASS', 'PASS', 'PASS']， 最大动作为0号位打出的['Single', 'B', ['SB']]
[22:31:54] [yf2_v5] [INFO] 2号位打出['PASS', 'PASS', 'PASS']， 最大动作为0号位打出的['Single', 'B', ['SB']]
[22:31:54] [YFAdapter-P2] [INFO] [YF-P2] Decision context: myPos=2, curPos=2, greaterPos=0, teammate=0, curAction=[, actionList_size=1
[22:31:54] [YFAdapter-P2] [INFO] [YF-P2] Decided: action_index=0, action=['PASS', 'PASS', 'PASS']
[22:31:54] [yf2_v5] [INFO] 3号位打出['PASS', 'PASS', 'PASS']， 最大动作为0号位打出的['Single', 'B', ['SB']]
[22:31:54] [yf2_v5] [INFO] 0号位打出['Single', '7', ['S7']]， 最大动作为0号位打出的['Single', '7', ['S7']]
[22:31:54] [yf2_v5] [INFO] 1号位打出['Single', 'Q', ['CQ']]， 最大动作为1号位打出的['Single', 'Q', ['CQ']]
[22:31:54] [yf2_v5] [INFO] 2号位打出['Single', 'A', ['HA']]， 最大动作为2号位打出的['Single', 'A', ['HA']]
[22:31:54] [YFAdapter-P2] [INFO] [YF-P2] Decision context: myPos=2, curPos=2, greaterPos=2, teammate=0, curAction=[, actionList_size=1
[22:31:54] [YFAdapter-P2] [INFO] [YF-P2] Decided: action_index=0, action=['PASS', 'PASS', 'PASS']
[22:31:54] [yf2_v5] [INFO] 3号位打出['PASS', 'PASS', 'PASS']， 最大动作为2号位打出的['Single', 'A', ['HA']]
[22:31:54] [yf2_v5] [INFO] 0号位打出['PASS', 'PASS', 'PASS']， 最大动作为2号位打出的['Single', 'A', ['HA']]
[22:31:54] [yf2_v5] [INFO] 1号位打出['PASS', 'PASS', 'PASS']， 最大动作为2号位打出的['Single', 'A', ['HA']]
[22:31:54] [yf2_v5] [INFO] 2号位打出['Straight', '3', ['C3', 'S4', 'S5', 'H6', 'S7']]， 最大动作为2号位打出的['Straight', '3', ['C3', 'S4', 'S5', 'H6', 'S7']]
[22:31:54] [YFAdapter-P2] [INFO] [YF-P2] Decision context: myPos=2, curPos=2, greaterPos=2, teammate=0, curAction=[, actionList_size=1
[22:31:54] [YFAdapter-P2] [INFO] [YF-P2] Decided: action_index=0, action=['PASS', 'PASS', 'PASS']
[22:31:54] [yf2_v5] [INFO] 3号位打出['PASS', 'PASS', 'PASS']， 最大动作为2号位打出的['Straight', '3', ['C3', 'S4', 'S5', 'H6', 'S7']]
[22:31:54] [yf2_v5] [INFO] 0号位打出['PASS', 'PASS', 'PASS']， 最大动作为2号位打出的['Straight', '3', ['C3', 'S4', 'S5', 'H6', 'S7']]
[22:31:54] [yf2_v5] [INFO] 1号位打出['PASS', 'PASS', 'PASS']， 最大动作为2号位打出的['Straight', '3', ['C3', 'S4', 'S5', 'H6', 'S7']]
[22:31:54] [yf2_v5] [INFO] 2号位打出['ThreeWithTwo', '2', ['S2', 'C2', 'D2', 'S5', 'D5']]， 最大动作为2号位打出的['ThreeWithTwo', '2', ['S2', 'C2', 'D2', 'S5', 'D5']]
[22:31:54] [YFAdapter-P2] [INFO] [YF-P2] Decision context: myPos=2, curPos=2, greaterPos=2, teammate=0, curAction=[, actionList_size=42
[22:31:54] [YFAdapter-P2] [INFO] [YF-P2] Decided: action_index=15, action=['ThreeWithTwo', '7', [['H', '7'], ['C', '7'], ['D', '7'], ['H', '5'], ['D', '5']]]
[22:31:54] [yf2_v5] [INFO] 3号位打出['ThreeWithTwo', '7', ['H7', 'C7', 'D7', 'H5', 'D5']]， 最大动作为3号位打出的['ThreeWithTwo', '7', ['H7', 'C7', 'D7', 'H5', 'D5']]
[22:31:54] [yf2_v5] [INFO] 0号位打出['PASS', 'PASS', 'PASS']， 最大动作为3号位打出的['ThreeWithTwo', '7', ['H7', 'C7', 'D7', 'H5', 'D5']]
[22:31:54] [yf2_v5] [INFO] 1号位打出['ThreeWithTwo', '9', ['S9', 'H9', 'C9', 'S6', 'D6']]， 最大动作为1号位打出的['ThreeWithTwo', '9', ['S9', 'H9', 'C9', 'S6', 'D6']]
[22:31:54] [yf2_v5] [INFO] 2号位打出['ThreeWithTwo', 'Q', ['SQ', 'HQ', 'DQ', 'HT', 'CT']]， 最大动作为2号位打出的['ThreeWithTwo', 'Q', ['SQ', 'HQ', 'DQ', 'HT', 'CT']]
[22:31:54] [YFAdapter-P2] [INFO] [YF-P2] Decision context: myPos=2, curPos=2, greaterPos=2, teammate=0, curAction=[, actionList_size=7
[22:31:54] [YFAdapter-P2] [INFO] [YF-P2] Decided: action_index=3, action=['ThreeWithTwo', 'K', [['H', 'K'], ['C', 'K'], ['D', 'K'], ['C', '4'], ['D', '4']]]
[22:31:54] [yf2_v5] [INFO] 3号位打出['ThreeWithTwo', 'K', ['HK', 'CK', 'DK', 'C4', 'D4']]， 最大动作为3号位打出的['ThreeWithTwo', 'K', ['HK', 'CK', 'DK', 'C4', 'D4']]
[22:31:54] [yf2_v5] [INFO] 0号位打出['Bomb', '8', ['S8', 'H8', 'C8', 'D8']]， 最大动作为0号位打出的['Bomb', '8', ['S8', 'H8', 'C8', 'D8']]
[22:31:54] [yf2_v5] [INFO] 1号位打出['PASS', 'PASS', 'PASS']， 最大动作为0号位打出的['Bomb', '8', ['S8', 'H8', 'C8', 'D8']]
[22:31:54] [yf2_v5] [INFO] 2号位打出['PASS', 'PASS', 'PASS']， 最大动作为0号位打出的['Bomb', '8', ['S8', 'H8', 'C8', 'D8']]
[22:31:54] [YFAdapter-P2] [INFO] [YF-P2] Decision context: myPos=2, curPos=2, greaterPos=0, teammate=0, curAction=[, actionList_size=1
[22:31:54] [YFAdapter-P2] [INFO] [YF-P2] Decided: action_index=0, action=['PASS', 'PASS', 'PASS']
[22:31:54] [yf2_v5] [INFO] 3号位打出['PASS', 'PASS', 'PASS']， 最大动作为0号位打出的['Bomb', '8', ['S8', 'H8', 'C8', 'D8']]
[22:31:54] [yf2_v5] [INFO] 0号位打出['ThreeWithTwo', '3', ['S3', 'H3', 'C3', 'H2', 'D2']]， 最大动作为0号位打出的['ThreeWithTwo', '3', ['S3', 'H3', 'C3', 'H2', 'D2']]
[22:31:54] [yf2_v5] [INFO] 1号位打出['ThreeWithTwo', '7', ['H7', 'C7', 'D7', 'CA', 'DA']]， 最大动作为1号位打出的['ThreeWithTwo', '7', ['H7', 'C7', 'D7', 'CA', 'DA']]
[22:31:54] [yf2_v5] [INFO] 2号位打出['PASS', 'PASS', 'PASS']， 最大动作为1号位打出的['ThreeWithTwo', '7', ['H7', 'C7', 'D7', 'CA', 'DA']]
[22:31:54] [YFAdapter-P2] [INFO] [YF-P2] Decision context: myPos=2, curPos=2, greaterPos=1, teammate=0, curAction=[, actionList_size=3
[22:31:54] [YFAdapter-P2] [INFO] [YF-P2] Decided: action_index=0, action=['PASS', 'PASS', 'PASS']
[22:31:54] [yf2_v5] [INFO] 3号位打出['ThreeWithTwo', '8', ['S8', 'H8', 'D8', 'H3', 'D3']]， 最大动作为3号位打出的['ThreeWithTwo', '8', ['S8', 'H8', 'D8', 'H3', 'D3']]
[22:31:54] [yf2_v5] [INFO] 0号位打出['Bomb', '6', ['S6', 'H6', 'C6', 'C6', 'D6']]， 最大动作为0号位打出的['Bomb', '6', ['S6', 'H6', 'C6', 'C6', 'D6']]
[22:31:54] [yf2_v5] [INFO] 1号位打出['PASS', 'PASS', 'PASS']， 最大动作为0号位打出的['Bomb', '6', ['S6', 'H6', 'C6', 'C6', 'D6']]
[22:31:54] [yf2_v5] [INFO] 2号位打出['PASS', 'PASS', 'PASS']， 最大动作为0号位打出的['Bomb', '6', ['S6', 'H6', 'C6', 'C6', 'D6']]
[22:31:54] [YFAdapter-P2] [INFO] [YF-P2] Decision context: myPos=2, curPos=2, greaterPos=0, teammate=0, curAction=[, actionList_size=1
[22:31:54] [YFAdapter-P2] [INFO] [YF-P2] Decided: action_index=0, action=['PASS', 'PASS', 'PASS']
[22:31:54] [yf2_v5] [INFO] 3号位打出['PASS', 'PASS', 'PASS']， 最大动作为0号位打出的['Bomb', '6', ['S6', 'H6', 'C6', 'C6', 'D6']]
[22:31:54] [yf2_v5] [INFO] 0号位打出['ThreeWithTwo', '5', ['H5', 'C5', 'C5', 'DT', 'DT']]， 最大动作为0号位打出的['ThreeWithTwo', '5', ['H5', 'C5', 'C5', 'DT', 'DT']]
[22:31:54] [yf2_v5] [INFO] 1号位打出['PASS', 'PASS', 'PASS']， 最大动作为0号位打出的['ThreeWithTwo', '5', ['H5', 'C5', 'C5', 'DT', 'DT']]
[22:31:54] [yf2_v5] [INFO] 2号位打出['Bomb', 'J', ['SJ', 'HJ', 'HJ', 'CJ', 'DJ']]， 最大动作为2号位打出的['Bomb', 'J', ['SJ', 'HJ', 'HJ', 'CJ', 'DJ']]
[22:31:54] [YFAdapter-P2] [INFO] [YF-P2] Decision context: myPos=2, curPos=2, greaterPos=2, teammate=0, curAction=[, actionList_size=1
[22:31:54] [YFAdapter-P2] [INFO] [YF-P2] Decided: action_index=0, action=['PASS', 'PASS', 'PASS']
[22:31:54] [yf2_v5] [INFO] 3号位打出['PASS', 'PASS', 'PASS']， 最大动作为2号位打出的['Bomb', 'J', ['SJ', 'HJ', 'HJ', 'CJ', 'DJ']]
[22:31:54] [yf2_v5] [INFO] 0号位打出['PASS', 'PASS', 'PASS']， 最大动作为2号位打出的['Bomb', 'J', ['SJ', 'HJ', 'HJ', 'CJ', 'DJ']]
[22:31:54] [yf2_v5] [INFO] 1号位打出['PASS', 'PASS', 'PASS']， 最大动作为2号位打出的['Bomb', 'J', ['SJ', 'HJ', 'HJ', 'CJ', 'DJ']]
[22:31:54] [yf2_v5] [INFO] 2号位打出['Pair', 'A', ['CA', 'DA']]， 最大动作为2号位打出的['Pair', 'A', ['CA', 'DA']]
[22:31:54] [YFAdapter-P2] [INFO] [YF-P2] Decision context: myPos=2, curPos=2, greaterPos=2, teammate=0, curAction=[, actionList_size=1
[22:31:54] [YFAdapter-P2] [INFO] [YF-P2] Decided: action_index=0, action=['PASS', 'PASS', 'PASS']
[22:31:54] [yf2_v5] [INFO] 3号位打出['PASS', 'PASS', 'PASS']， 最大动作为2号位打出的['Pair', 'A', ['CA', 'DA']]
[22:31:54] [yf2_v5] [INFO] 0号位打出['PASS', 'PASS', 'PASS']， 最大动作为2号位打出的['Pair', 'A', ['CA', 'DA']]
[22:31:54] [yf2_v5] [INFO] 1号位打出['PASS', 'PASS', 'PASS']， 最大动作为2号位打出的['Pair', 'A', ['CA', 'DA']]
[22:31:54] [yf2_v5] [INFO] 2号位打出['Single', 'B', ['SB']]， 最大动作为2号位打出的['Single', 'B', ['SB']]
[22:31:54] [YFAdapter-P2] [INFO] [YF-P2] Decision context: myPos=2, curPos=2, greaterPos=2, teammate=0, curAction=[, actionList_size=1
[22:31:54] [YFAdapter-P2] [INFO] [YF-P2] Decided: action_index=0, action=['PASS', 'PASS', 'PASS']
[22:31:54] [yf2_v5] [INFO] 3号位打出['PASS', 'PASS', 'PASS']， 最大动作为2号位打出的['Single', 'B', ['SB']]
[22:31:54] [yf2_v5] [INFO] 0号位打出['PASS', 'PASS', 'PASS']， 最大动作为2号位打出的['Single', 'B', ['SB']]
[22:31:54] [yf2_v5] [INFO] 1号位打出['PASS', 'PASS', 'PASS']， 最大动作为2号位打出的['Single', 'B', ['SB']]
[22:31:54] [yf2_v5] [INFO] 2号位打出['Single', 'R', ['HR']]， 最大动作为2号位打出的['Single', 'R', ['HR']]
[22:31:54] [YFAdapter-P2] [INFO] [YF-P2] Decision context: myPos=2, curPos=2, greaterPos=2, teammate=0, curAction=[, actionList_size=1
[22:31:54] [YFAdapter-P2] [INFO] [YF-P2] Decided: action_index=0, action=['PASS', 'PASS', 'PASS']
[22:31:54] [yf2_v5] [INFO] 3号位打出['PASS', 'PASS', 'PASS']， 最大动作为2号位打出的['Single', 'R', ['HR']]
[22:31:54] [yf2_v5] [INFO] 0号位打出['PASS', 'PASS', 'PASS']， 最大动作为2号位打出的['Single', 'R', ['HR']]
[22:31:54] [yf2_v5] [INFO] 0号位打出['Pair', 'K', ['SK', 'HK']]， 最大动作为0号位打出的['Pair', 'K', ['SK', 'HK']]
[22:31:54] [yf2_v5] [INFO] 1号位打出['PASS', 'PASS', 'PASS']， 最大动作为0号位打出的['Pair', 'K', ['SK', 'HK']]
[22:31:54] [YFAdapter-P2] [INFO] [YF-P2] Decision context: myPos=2, curPos=1, greaterPos=0, teammate=0, curAction=[, actionList_size=1
[22:31:54] [YFAdapter-P2] [INFO] [YF-P2] Decided: action_index=0, action=['PASS', 'PASS', 'PASS']
[22:31:54] [yf2_v5] [INFO] 3号位打出['PASS', 'PASS', 'PASS']， 最大动作为0号位打出的['Pair', 'K', ['SK', 'HK']]
[22:31:54] [yf2_v5] [INFO] 0号位打出['Single', 'Q', ['SQ']]， 最大动作为0号位打出的['Single', 'Q', ['SQ']]
[22:31:54] [yf2_v5] [INFO] 1号位打出['Single', 'K', ['SK']]， 最大动作为1号位打出的['Single', 'K', ['SK']]
[22:31:54] [YFAdapter-P2] [INFO] [YF-P2] Decision context: myPos=2, curPos=1, greaterPos=1, teammate=0, curAction=[, actionList_size=2
[22:31:54] [YFAdapter-P2] [INFO] [YF-P2] Decided: action_index=0, action=['PASS', 'PASS', 'PASS']
[22:31:54] [YFAdapter-P2] [WARNING] [YF-P2] 检测到过于保守: 对手快走完(剩5张), 触发Layer 2/3进行更积极的决策
[22:31:54] [yf2_v5] [INFO] 3号位打出['Single', 'A', ['SA']]， 最大动作为3号位打出的['Single', 'A', ['SA']]
[22:31:54] [yf2_v5] [INFO] 0号位打出['Single', 'R', ['HR']]， 最大动作为0号位打出的['Single', 'R', ['HR']]
[22:31:54] [yf2_v5] [INFO] ============================================================
[22:31:54] [yf2_v5] [INFO] GAME RESULT (V5)
[22:31:54] [yf2_v5] [INFO] ============================================================
[22:31:54] [yf2_v5] [INFO] Victory counts: [3, 0, 3, 0]
[22:31:54] [yf2_v5] [INFO] Total decisions: 536
[22:31:54] [yf2_v5] [INFO]   - RL decisions: 536
[22:31:54] [yf2_v5] [INFO]   - Knowledge decisions: 1483
[22:31:54] [yf2_v5] [INFO] Total games played: 1
[22:31:54] [yf2_v5] [INFO] Layer usage statistics:
[22:31:54] [yf2_v5] [INFO] ============================================================
[22:31:54] [HybridV4-P2] [INFO] Statistics reset
[22:33:18] [websocket_manager.yf2_v5] [INFO] Connection closed: no close frame received or sent
[22:33:18] [websocket_manager.yf2_v5] [INFO] Message handling loop ended
